tree,lang,level,index,de,lv,value,check,detail
data,nb,A2,509,folgend,šāds • nākamais,Järnev • Neste,FAMILY_COPY_STRICT,is+nb+nn
data,nn,A2,509,folgend,šāds • nākamais,Järnev • Neste,FAMILY_COPY_STRICT,is+nb+nn
data,lb,A2,509,folgend,šāds • nākamais,Šāds • Nākamais,FAMILY_COPY_STRICT,lb+nl
data,nl,A2,509,folgend,šāds • nākamais,Šāds • Nākamais,FAMILY_COPY_STRICT,lb+nl
data,pl,A2,509,folgend,šāds • nākamais,Następujące • Następne,FAMILY_COPY_STRICT,pl+sk
data,sk,A2,509,folgend,šāds • nākamais,Następujące • Następne,FAMILY_COPY_STRICT,pl+sk
data,hr,A2,510,Form,forma • veids,Форма • Тип,SCRIPT_MISMATCH,
data,hr,A2,510,Form,forma • veids,Форма • Тип,MARKER_LEAK,foreign_script
data,lb,A2,510,Form,forma • veids,Forma • Veids,SAME_AS_LV_CASEFOLD,casefold_only
data,nl,A2,510,Form,forma • veids,Forma • Veids,SAME_AS_LV_CASEFOLD,casefold_only
data,sl,A2,510,Form,forma • veids,forma • veids,SAME_AS_LV_CASEFOLD,exact
data,bg,A2,510,Form,forma • veids,Форма • Тип,FAMILY_COPY_STRICT,bg+hr+mk+ru+sr
data,hr,A2,510,Form,forma • veids,Форма • Тип,FAMILY_COPY_STRICT,bg+hr+mk+ru+sr
data,mk,A2,510,Form,forma • veids,Форма • Тип,FAMILY_COPY_STRICT,bg+hr+mk+ru+sr
data,ru,A2,510,Form,forma • veids,Форма • Тип,FAMILY_COPY_STRICT,bg+hr+mk+ru+sr
data,sr,A2,510,Form,forma • veids,Форма • Тип,FAMILY_COPY_STRICT,bg+hr+mk+ru+sr
data,da,A2,510,Form,forma • veids,Form • Type,FAMILY_COPY_STRICT,da+en
data,en,A2,510,Form,forma • veids,Form • Type,FAMILY_COPY_STRICT,da+en
data,fi,A2,510,Form,forma • veids,Vorm • Viis,FAMILY_COPY_STRICT,fi+sv
data,sv,A2,510,Form,forma • veids,Vorm • Viis,FAMILY_COPY_STRICT,fi+sv
data,is,A2,510,Form,forma • veids,Orm • Viis,FAMILY_COPY_STRICT,is+nb+nn
data,nb,A2,510,Form,forma • veids,Orm • Viis,FAMILY_COPY_STRICT,is+nb+nn
data,nn,A2,510,Form,forma • veids,Orm • Viis,FAMILY_COPY_STRICT,is+nb+nn
data,lb,A2,510,Form,forma • veids,Forma • Veids,FAMILY_COPY_STRICT,lb+nl
data,nl,A2,510,Form,forma • veids,Forma • Veids,FAMILY_COPY_STRICT,lb+nl
data,pl,A2,510,Form,forma • veids,Formularz • Typ,FAMILY_COPY_STRICT,pl+sk+sq+tr
data,sk,A2,510,Form,forma • veids,Formularz • Typ,FAMILY_COPY_STRICT,pl+sk+sq+tr
data,sq,A2,510,Form,forma • veids,Formularz • Typ,FAMILY_COPY_STRICT,pl+sk+sq+tr
data,tr,A2,510,Form,forma • veids,Formularz • Typ,FAMILY_COPY_STRICT,pl+sk+sq+tr
data,hr,A2,511,formen,veidot,Създавайте,SCRIPT_MISMATCH,
data,hr,A2,511,formen,veidot,Създавайте,MARKER_LEAK,foreign_script
data,lb,A2,511,formen,veidot,Veidot,SAME_AS_LV_CASEFOLD,casefold_only
data,nl,A2,511,formen,veidot,Veidot,SAME_AS_LV_CASEFOLD,casefold_only
data,pt,A2,511,formen,veidot,Veidot,SAME_AS_LV_CASEFOLD,casefold_only
data,sl,A2,511,formen,veidot,veidot,SAME_AS_LV_CASEFOLD,exact
data,bg,A2,511,formen,veidot,Създавайте,FAMILY_COPY_STRICT,bg+hr+mk+sr
data,hr,A2,511,formen,veidot,Създавайте,FAMILY_COPY_STRICT,bg+hr+mk+sr
data,mk,A2,511,formen,veidot,Създавайте,FAMILY_COPY_STRICT,bg+hr+mk+sr
data,sr,A2,511,formen,veidot,Създавайте,FAMILY_COPY_STRICT,bg+hr+mk+sr
data,fi,A2,511,formen,veidot,Vormima,FAMILY_COPY_STRICT,fi+sv
data,sv,A2,511,formen,veidot,Vormima,FAMILY_COPY_STRICT,fi+sv
data,is,A2,511,formen,veidot,Vormime,FAMILY_COPY_STRICT,is+nb+nn
data,nb,A2,511,formen,veidot,Vormime,FAMILY_COPY_STRICT,is+nb+nn
data,nn,A2,511,formen,veidot,Vormime,FAMILY_COPY_STRICT,is+nb+nn
data,lb,A2,511,formen,veidot,Veidot,FAMILY_COPY_STRICT,lb+nl+pt
data,nl,A2,511,formen,veidot,Veidot,FAMILY_COPY_STRICT,lb+nl+pt
data,pt,A2,511,formen,veidot,Veidot,FAMILY_COPY_STRICT,lb+nl+pt
data,sq,A2,511,formen,veidot,Oluştur,FAMILY_COPY_STRICT,sq+tr
data,tr,A2,511,formen,veidot,Oluştur,FAMILY_COPY_STRICT,sq+tr
data,hr,A2,512,Formular,veidlapa,Форма,SCRIPT_MISMATCH,
data,hr,A2,512,Formular,veidlapa,Форма,MARKER_LEAK,foreign_script
data,it,A2,512,Formular,veidlapa,Veidlapa,SAME_AS_LV_CASEFOLD,casefold_only
data,lb,A2,512,Formular,veidlapa,Veidlapa,SAME_AS_LV_CASEFOLD,casefold_only
data,nl,A2,512,Formular,veidlapa,Veidlapa,SAME_AS_LV_CASEFOLD,casefold_only
data,pt,A2,512,Formular,veidlapa,Veidlapa,SAME_AS_LV_CASEFOLD,casefold_only
data,sl,A2,512,Formular,veidlapa,veidlapa,SAME_AS_LV_CASEFOLD,exact
data,bg,A2,512,Formular,veidlapa,Форма,FAMILY_COPY_STRICT,bg+hr+mk+ru+sr
data,hr,A2,512,Formular,veidlapa,Форма,FAMILY_COPY_STRICT,bg+hr+mk+ru+sr
data,mk,A2,512,Formular,veidlapa,Форма,FAMILY_COPY_STRICT,bg+hr+mk+ru+sr
data,ru,A2,512,Formular,veidlapa,Форма,FAMILY_COPY_STRICT,bg+hr+mk+ru+sr
data,sr,A2,512,Formular,veidlapa,Форма,FAMILY_COPY_STRICT,bg+hr+mk+ru+sr
data,da,A2,512,Formular,veidlapa,Form,FAMILY_COPY_STRICT,da+en
data,en,A2,512,Formular,veidlapa,Form,FAMILY_COPY_STRICT,da+en
data,fi,A2,512,Formular,veidlapa,Vorm,FAMILY_COPY_STRICT,fi+sv
data,sv,A2,512,Formular,veidlapa,Vorm,FAMILY_COPY_STRICT,fi+sv
data,is,A2,512,Formular,veidlapa,Mark,FAMILY_COPY_STRICT,is+nb+nn
data,nb,A2,512,Formular,veidlapa,Mark,FAMILY_COPY_STRICT,is+nb+nn
data,nn,A2,512,Formular,veidlapa,Mark,FAMILY_COPY_STRICT,is+nb+nn
data,it,A2,512,Formular,veidlapa,Veidlapa,FAMILY_COPY_STRICT,it+lb+nl+pt
data,lb,A2,512,Formular,veidlapa,Veidlapa,FAMILY_COPY_STRICT,it+lb+nl+pt
data,nl,A2,512,Formular,veidlapa,Veidlapa,FAMILY_COPY_STRICT,it+lb+nl+pt
data,pt,A2,512,Formular,veidlapa,Veidlapa,FAMILY_COPY_STRICT,it+lb+nl+pt
data,sq,A2,512,Formular,veidlapa,% 1: Form,FAMILY_COPY_STRICT,sq+tr
data,tr,A2,512,Formular,veidlapa,% 1: Form,FAMILY_COPY_STRICT,sq+tr
data,hr,A2,513,fort,projām • prom,Далеку • Далеку,SCRIPT_MISMATCH,
data,hr,A2,513,fort,projām • prom,Далеку • Далеку,MARKER_LEAK,foreign_script
data,it,A2,513,fort,projām • prom,Projām • Bal de promo,LV_DIACRITIC,
data,it,A2,513,fort,projām • prom,Projām • Bal de promo,MARKER_LEAK,lv_macron_consonant
data,lb,A2,513,fort,projām • prom,Projām • Prom,SAME_AS_LV_CASEFOLD,casefold_only
data,lb,A2,513,fort,projām • prom,Projām • Prom,LV_DIACRITIC,
data,lb,A2,513,fort,projām • prom,Projām • Prom,MARKER_LEAK,lv_macron_consonant
data,nl,A2,513,fort,projām • prom,Projām • Prom,SAME_AS_LV_CASEFOLD,casefold_only
data,nl,A2,513,fort,projām • prom,Projām • Prom,LV_DIACRITIC,
data,nl,A2,513,fort,projām • prom,Projām • Prom,MARKER_LEAK,lv_macron_consonant
data,sl,A2,513,fort,projām • prom,projām • prom,SAME_AS_LV_CASEFOLD,exact
data,sl,A2,513,fort,projām • prom,projām • prom,LV_DIACRITIC,
data,sl,A2,513,fort,projām • prom,projām • prom,MARKER_LEAK,lv_macron_consonant
data,fi,A2,513,fort,projām • prom,Ära • Eemal,FAMILY_COPY_STRICT,fi+sv
data,sv,A2,513,fort,projām • prom,Ära • Eemal,FAMILY_COPY_STRICT,fi+sv
data,hr,A2,513,fort,projām • prom,Далеку • Далеку,FAMILY_COPY_STRICT,hr+mk+sr
data,mk,A2,513,fort,projām • prom,Далеку • Далеку,FAMILY_COPY_STRICT,hr+mk+sr
data,sr,A2,513,fort,projām • prom,Далеку • Далеку,FAMILY_COPY_STRICT,hr+mk+sr
data,is,A2,513,fort,projām • prom,Ære • Eemal,FAMILY_COPY_STRICT,is+nb+nn
data,nb,A2,513,fort,projām • prom,Ære • Eemal,FAMILY_COPY_STRICT,is+nb+nn
data,nn,A2,513,fort,projām • prom,Ære • Eemal,FAMILY_COPY_STRICT,is+nb+nn
data,lb,A2,513,fort,projām • prom,Projām • Prom,FAMILY_COPY_STRICT,lb+nl
data,nl,A2,513,fort,projām • prom,Projām • Prom,FAMILY_COPY_STRICT,lb+nl
data,pl,A2,513,fort,projām • prom,Daleko • Daleko,FAMILY_COPY_STRICT,pl+sq+tr
data,sq,A2,513,fort,projām • prom,Daleko • Daleko,FAMILY_COPY_STRICT,pl+sq+tr
data,tr,A2,513,fort,projām • prom,Daleko • Daleko,FAMILY_COPY_STRICT,pl+sq+tr
data,hr,A2,514,fortgehen,iet projām • aiziet projām,Махай се • Махай се,SCRIPT_MISMATCH,
data,hr,A2,514,fortgehen,iet projām • aiziet projām,Махай се • Махай се,MARKER_LEAK,foreign_script
data,it,A2,514,fortgehen,iet projām • aiziet projām,Iet projām • Aizit projām,LV_DIACRITIC,
data,it,A2,514,fortgehen,iet projām • aiziet projām,Iet projām • Aizit projām,MARKER_LEAK,lv_macron_consonant
data,lb,A2,514,fortgehen,iet projām • aiziet projām,Iet projām • Aiziet projām,SAME_AS_LV_CASEFOLD,casefold_only
data,lb,A2,514,fortgehen,iet projām • aiziet projām,Iet projām • Aiziet projām,LV_DIACRITIC,
data,lb,A2,514,fortgehen,iet projām • aiziet projām,Iet projām • Aiziet projām,MARKER_LEAK,lv_macron_consonant
data,nl,A2,514,fortgehen,iet projām • aiziet projām,Iet projām • Aiziet projām,SAME_AS_LV_CASEFOLD,casefold_only
data,nl,A2,514,fortgehen,iet projām • aiziet projām,Iet projām • Aiziet projām,LV_DIACRITIC,
data,nl,A2,514,fortgehen,iet projām • aiziet projām,Iet projām • Aiziet projām,MARKER_LEAK,lv_macron_consonant
data,sl,A2,514,fortgehen,iet projām • aiziet projām,iet projām • aiziet projām,SAME_AS_LV_CASEFOLD,exact
data,sl,A2,514,fortgehen,iet projām • aiziet projām,iet projām • aiziet projām,LV_DIACRITIC,
data,sl,A2,514,fortgehen,iet projām • aiziet projām,iet projām • aiziet projām,MARKER_LEAK,lv_macron_consonant
data,sq,A2,514,fortgehen,iet projām • aiziet projām,Uzaklaşın • Uzaklaşın,MARKER_LEAK,tr_soft
data,bg,A2,514,fortgehen,iet projām • aiziet projām,Махай се • Махай се,FAMILY_COPY_STRICT,bg+hr+mk+sr
data,hr,A2,514,fortgehen,iet projām • aiziet projām,Махай се • Махай се,FAMILY_COPY_STRICT,bg+hr+mk+sr
data,mk,A2,514,fortgehen,iet projām • aiziet projām,Махай се • Махай се,FAMILY_COPY_STRICT,bg+hr+mk+sr
data,sr,A2,514,fortgehen,iet projām • aiziet projām,Махай се • Махай се,FAMILY_COPY_STRICT,bg+hr+mk+sr
data,fi,A2,514,fortgehen,iet projām • aiziet projām,Ära minema • Lahkuma,FAMILY_COPY_STRICT,fi+sv
data,sv,A2,514,fortgehen,iet projām • aiziet projām,Ära minema • Lahkuma,FAMILY_COPY_STRICT,fi+sv
data,is,A2,514,fortgehen,iet projām • aiziet projām,Honor menema • Lahkuma,FAMILY_COPY_STRICT,is+nb+nn
data,nb,A2,514,fortgehen,iet projām • aiziet projām,Honor menema • Lahkuma,FAMILY_COPY_STRICT,is+nb+nn
data,nn,A2,514,fortgehen,iet projām • aiziet projām,Honor menema • Lahkuma,FAMILY_COPY_STRICT,is+nb+nn
data,lb,A2,514,fortgehen,iet projām • aiziet projām,Iet projām • Aiziet projām,FAMILY_COPY_STRICT,lb+nl
data,nl,A2,514,fortgehen,iet projām • aiziet projām,Iet projām • Aiziet projām,FAMILY_COPY_STRICT,lb+nl
data,sq,A2,514,fortgehen,iet projām • aiziet projām,Uzaklaşın • Uzaklaşın,FAMILY_COPY_STRICT,sq+tr
data,tr,A2,514,fortgehen,iet projām • aiziet projām,Uzaklaşın • Uzaklaşın,FAMILY_COPY_STRICT,sq+tr
data,hr,A2,515,Fotograf,fotogrāfs,Фотограф,SCRIPT_MISMATCH,
data,hr,A2,515,Fotograf,fotogrāfs,Фотограф,MARKER_LEAK,foreign_script
data,lb,A2,515,Fotograf,fotogrāfs,Fotogrāfs,SAME_AS_LV_CASEFOLD,casefold_only
data,lb,A2,515,Fotograf,fotogrāfs,Fotogrāfs,LV_DIACRITIC,
data,lb,A2,515,Fotograf,fotogrāfs,Fotogrāfs,MARKER_LEAK,lv_macron_consonant
data,nl,A2,515,Fotograf,fotogrāfs,Fotogrāfs,SAME_AS_LV_CASEFOLD,casefold_only
data,nl,A2,515,Fotograf,fotogrāfs,Fotogrāfs,LV_DIACRITIC,
data,nl,A2,515,Fotograf,fotogrāfs,Fotogrāfs,MARKER_LEAK,lv_macron_consonant
data,sl,A2,515,Fotograf,fotogrāfs,fotogrāfs,SAME_AS_LV_CASEFOLD,exact
data,sl,A2,515,Fotograf,fotogrāfs,fotogrāfs,LV_DIACRITIC,
data,sl,A2,515,Fotograf,fotogrāfs,fotogrāfs,MARKER_LEAK,lv_macron_consonant
data,sq,A2,515,Fotograf,fotogrāfs,Fotoğrafçı,MARKER_LEAK,tr_soft
data,bg,A2,515,Fotograf,fotogrāfs,Фотограф,FAMILY_COPY_STRICT,bg+hr+mk+ru+sr
data,hr,A2,515,Fotograf,fotogrāfs,Фотограф,FAMILY_COPY_STRICT,bg+hr+mk+ru+sr
data,mk,A2,515,Fotograf,fotogrāfs,Фотограф,FAMILY_COPY_STRICT,bg+hr+mk+ru+sr
data,ru,A2,515,Fotograf,fotogrāfs,Фотограф,FAMILY_COPY_STRICT,bg+hr+mk+ru+sr
data,sr,A2,515,Fotograf,fotogrāfs,Фотограф,FAMILY_COPY_STRICT,bg+hr+mk+ru+sr
data,fi,A2,515,Fotograf,fotogrāfs,Fotograaf,FAMILY_COPY_STRICT,fi+sv
data,sv,A2,515,Fotograf,fotogrāfs,Fotograaf,FAMILY_COPY_STRICT,fi+sv
data,lb,A2,515,Fotograf,fotogrāfs,Fotogrāfs,FAMILY_COPY_STRICT,lb+nl
data,nl,A2,515,Fotograf,fotogrāfs,Fotogrāfs,FAMILY_COPY_STRICT,lb+nl
data,sq,A2,515,Fotograf,fotogrāfs,Fotoğrafçı,FAMILY_COPY_STRICT,sq+tr
data,tr,A2,515,Fotograf,fotogrāfs,Fotoğrafçı,FAMILY_COPY_STRICT,sq+tr
data,hr,A2,516,Fotografie,fotogrāfija,Снимка,SCRIPT_MISMATCH,
data,hr,A2,516,Fotografie,fotogrāfija,Снимка,MARKER_LEAK,foreign_script
data,sl,A2,516,Fotografie,fotogrāfija,fotogrāfija,SAME_AS_LV_CASEFOLD,exact
data,sl,A2,516,Fotografie,fotogrāfija,fotogrāfija,LV_DIACRITIC,
data,sl,A2,516,Fotografie,fotogrāfija,fotogrāfija,MARKER_LEAK,lv_macron_consonant
data,bg,A2,516,Fotografie,fotogrāfija,Снимка,FAMILY_COPY_STRICT,bg+hr+mk+sr
data,hr,A2,516,Fotografie,fotogrāfija,Снимка,FAMILY_COPY_STRICT,bg+hr+mk+sr
data,mk,A2,516,Fotografie,fotogrāfija,Снимка,FAMILY_COPY_STRICT,bg+hr+mk+sr
data,sr,A2,516,Fotografie,fotogrāfija,Снимка,FAMILY_COPY_STRICT,bg+hr+mk+sr
data,bs,A2,516,Fotografie,fotogrāfija,fotografija,FAMILY_COPY_STRICT,bs+lt
data,lt,A2,516,Fotografie,fotogrāfija,fotografija,FAMILY_COPY_STRICT,bs+lt
data,pl,A2,516,Fotografie,fotogrāfija,Fotografia,FAMILY_COPY_STRICT,pl+sq
data,sq,A2,516,Fotografie,fotogrāfija,Fotografia,FAMILY_COPY_STRICT,pl+sq
data,hr,A2,517,Fragebogen,anketa,Въпросник,SCRIPT_MISMATCH,
data,hr,A2,517,Fragebogen,anketa,Въпросник,MARKER_LEAK,foreign_script
data,it,A2,517,Fragebogen,anketa,Anketa,SAME_AS_LV_CASEFOLD,casefold_only
data,lb,A2,517,Fragebogen,anketa,Anketa,SAME_AS_LV_CASEFOLD,casefold_only
data,lt,A2,517,Fragebogen,anketa,anketa,SAME_AS_LV_CASEFOLD,exact
data,nl,A2,517,Fragebogen,anketa,Anketa,SAME_AS_LV_CASEFOLD,casefold_only
data,pt,A2,517,Fragebogen,anketa,Anketa,SAME_AS_LV_CASEFOLD,casefold_only
data,sl,A2,517,Fragebogen,anketa,anketa,SAME_AS_LV_CASEFOLD,exact
data,bg,A2,517,Fragebogen,anketa,Въпросник,FAMILY_COPY_STRICT,bg+hr+mk+sr
data,hr,A2,517,Fragebogen,anketa,Въпросник,FAMILY_COPY_STRICT,bg+hr+mk+sr
data,mk,A2,517,Fragebogen,anketa,Въпросник,FAMILY_COPY_STRICT,bg+hr+mk+sr
data,sr,A2,517,Fragebogen,anketa,Въпросник,FAMILY_COPY_STRICT,bg+hr+mk+sr
data,en,A2,517,Fragebogen,anketa,Questionnaire,FAMILY_COPY_STRICT,en+fr
data,fr,A2,517,Fragebogen,anketa,Questionnaire,FAMILY_COPY_STRICT,en+fr
data,fi,A2,517,Fragebogen,anketa,Küsimustik,FAMILY_COPY_STRICT,fi+sv
data,sv,A2,517,Fragebogen,anketa,Küsimustik,FAMILY_COPY_STRICT,fi+sv
data,is,A2,517,Fragebogen,anketa,Spørsmål,FAMILY_COPY_STRICT,is+nb+nn
data,nb,A2,517,Fragebogen,anketa,Spørsmål,FAMILY_COPY_STRICT,is+nb+nn
data,nn,A2,517,Fragebogen,anketa,Spørsmål,FAMILY_COPY_STRICT,is+nb+nn
data,it,A2,517,Fragebogen,anketa,Anketa,FAMILY_COPY_STRICT,it+lb+nl+pt
data,lb,A2,517,Fragebogen,anketa,Anketa,FAMILY_COPY_STRICT,it+lb+nl+pt
data,nl,A2,517,Fragebogen,anketa,Anketa,FAMILY_COPY_STRICT,it+lb+nl+pt
data,pt,A2,517,Fragebogen,anketa,Anketa,FAMILY_COPY_STRICT,it+lb+nl+pt
data,pl,A2,517,Fragebogen,anketa,Kwestionariusz,FAMILY_COPY_STRICT,pl+sk
data,sk,A2,517,Fragebogen,anketa,Kwestionariusz,FAMILY_COPY_STRICT,pl+sk
data,sq,A2,517,Fragebogen,anketa,Anket,FAMILY_COPY_STRICT,sq+tr
data,tr,A2,517,Fragebogen,anketa,Anket,FAMILY_COPY_STRICT,sq+tr
data,hr,A2,518,Freibad,āra peldbaseins,Външен басейн,SCRIPT_MISMATCH,
data,hr,A2,518,Freibad,āra peldbaseins,Външен басейн,MARKER_LEAK,foreign_script
data,it,A2,518,Freibad,āra peldbaseins,Peldbaseins d'Āra,LV_DIACRITIC,
data,it,A2,518,Freibad,āra peldbaseins,Peldbaseins d'Āra,MARKER_LEAK,lv_macron_consonant
data,lb,A2,518,Freibad,āra peldbaseins,Āra peldbaseins,SAME_AS_LV_CASEFOLD,casefold_only
data,lb,A2,518,Freibad,āra peldbaseins,Āra peldbaseins,LV_DIACRITIC,
data,lb,A2,518,Freibad,āra peldbaseins,Āra peldbaseins,MARKER_LEAK,lv_macron_consonant
data,nl,A2,518,Freibad,āra peldbaseins,Āra peldbaseins,SAME_AS_LV_CASEFOLD,casefold_only
data,nl,A2,518,Freibad,āra peldbaseins,Āra peldbaseins,LV_DIACRITIC,
data,nl,A2,518,Freibad,āra peldbaseins,Āra peldbaseins,MARKER_LEAK,lv_macron_consonant
data,pt,A2,518,Freibad,āra peldbaseins,Peldbaseins d'Āra,LV_DIACRITIC,
data,pt,A2,518,Freibad,āra peldbaseins,Peldbaseins d'Āra,MARKER_LEAK,lv_macron_consonant
data,sl,A2,518,Freibad,āra peldbaseins,āra peldbaseins,SAME_AS_LV_CASEFOLD,exact
data,sl,A2,518,Freibad,āra peldbaseins,āra peldbaseins,LV_DIACRITIC,
data,sl,A2,518,Freibad,āra peldbaseins,āra peldbaseins,MARKER_LEAK,lv_macron_consonant
data,bg,A2,518,Freibad,āra peldbaseins,Външен басейн,FAMILY_COPY_STRICT,bg+hr+mk+sr
data,hr,A2,518,Freibad,āra peldbaseins,Външен басейн,FAMILY_COPY_STRICT,bg+hr+mk+sr
data,mk,A2,518,Freibad,āra peldbaseins,Външен басейн,FAMILY_COPY_STRICT,bg+hr+mk+sr
data,sr,A2,518,Freibad,āra peldbaseins,Външен басейн,FAMILY_COPY_STRICT,bg+hr+mk+sr
data,fi,A2,518,Freibad,āra peldbaseins,Välibassein,FAMILY_COPY_STRICT,fi+sv
data,sv,A2,518,Freibad,āra peldbaseins,Välibassein,FAMILY_COPY_STRICT,fi+sv
data,is,A2,518,Freibad,āra peldbaseins,Svømmebasseng,FAMILY_COPY_STRICT,is+nb+nn
data,nb,A2,518,Freibad,āra peldbaseins,Svømmebasseng,FAMILY_COPY_STRICT,is+nb+nn
data,nn,A2,518,Freibad,āra peldbaseins,Svømmebasseng,FAMILY_COPY_STRICT,is+nb+nn
data,it,A2,518,Freibad,āra peldbaseins,Peldbaseins d'Āra,FAMILY_COPY_STRICT,it+pt
data,pt,A2,518,Freibad,āra peldbaseins,Peldbaseins d'Āra,FAMILY_COPY_STRICT,it+pt
data,lb,A2,518,Freibad,āra peldbaseins,Āra peldbaseins,FAMILY_COPY_STRICT,lb+nl
data,nl,A2,518,Freibad,āra peldbaseins,Āra peldbaseins,FAMILY_COPY_STRICT,lb+nl
data,pl,A2,518,Freibad,āra peldbaseins,Odkryty basen,FAMILY_COPY_STRICT,pl+sk+sq+tr
data,sk,A2,518,Freibad,āra peldbaseins,Odkryty basen,FAMILY_COPY_STRICT,pl+sk+sq+tr
data,sq,A2,518,Freibad,āra peldbaseins,Odkryty basen,FAMILY_COPY_STRICT,pl+sk+sq+tr
data,tr,A2,518,Freibad,āra peldbaseins,Odkryty basen,FAMILY_COPY_STRICT,pl+sk+sq+tr
data,hr,A2,519,Freiheit,brīvība,Слобода,SCRIPT_MISMATCH,
data,hr,A2,519,Freiheit,brīvība,Слобода,MARKER_LEAK,foreign_script
data,lb,A2,519,Freiheit,brīvība,Brīvība,SAME_AS_LV_CASEFOLD,casefold_only
data,lb,A2,519,Freiheit,brīvība,Brīvība,LV_DIACRITIC,
data,lb,A2,519,Freiheit,brīvība,Brīvība,MARKER_LEAK,lv_macron_consonant
data,nl,A2,519,Freiheit,brīvība,Brīvība,SAME_AS_LV_CASEFOLD,casefold_only
data,nl,A2,519,Freiheit,brīvība,Brīvība,LV_DIACRITIC,
data,nl,A2,519,Freiheit,brīvība,Brīvība,MARKER_LEAK,lv_macron_consonant
data,sk,A2,519,Freiheit,brīvība,Wolność,MARKER_LEAK,pl_l_s_z
data,sl,A2,519,Freiheit,brīvība,brīvība,SAME_AS_LV_CASEFOLD,exact
data,sl,A2,519,Freiheit,brīvība,brīvība,LV_DIACRITIC,
data,sl,A2,519,Freiheit,brīvība,brīvība,MARKER_LEAK,lv_macron_consonant
data,fi,A2,519,Freiheit,brīvība,Vabadus,FAMILY_COPY_STRICT,fi+is+nb+nn+sv
data,is,A2,519,Freiheit,brīvība,Vabadus,FAMILY_COPY_STRICT,fi+is+nb+nn+sv
data,nb,A2,519,Freiheit,brīvība,Vabadus,FAMILY_COPY_STRICT,fi+is+nb+nn+sv
data,nn,A2,519,Freiheit,brīvība,Vabadus,FAMILY_COPY_STRICT,fi+is+nb+nn+sv
data,sv,A2,519,Freiheit,brīvība,Vabadus,FAMILY_COPY_STRICT,fi+is+nb+nn+sv
data,hr,A2,519,Freiheit,brīvība,Слобода,FAMILY_COPY_STRICT,hr+mk+sr
data,mk,A2,519,Freiheit,brīvība,Слобода,FAMILY_COPY_STRICT,hr+mk+sr
data,sr,A2,519,Freiheit,brīvība,Слобода,FAMILY_COPY_STRICT,hr+mk+sr
data,lb,A2,519,Freiheit,brīvība,Brīvība,FAMILY_COPY_STRICT,lb+nl
data,nl,A2,519,Freiheit,brīvība,Brīvība,FAMILY_COPY_STRICT,lb+nl
data,pl,A2,519,Freiheit,brīvība,Wolność,FAMILY_COPY_STRICT,pl+sk
data,sk,A2,519,Freiheit,brīvība,Wolność,FAMILY_COPY_STRICT,pl+sk
data,sq,A2,519,Freiheit,brīvība,Özgürlük.,FAMILY_COPY_STRICT,sq+tr
data,tr,A2,519,Freiheit,brīvība,Özgürlük.,FAMILY_COPY_STRICT,sq+tr
data,fi,A2,520,fremd,svešs • nepazīstams,Võõras • Tundmatu,MARKER_LEAK,et_otilde
data,hr,A2,520,fremd,svešs • nepazīstams,Непознат • Непознат,SCRIPT_MISMATCH,
data,hr,A2,520,fremd,svešs • nepazīstams,Непознат • Непознат,MARKER_LEAK,foreign_script
data,is,A2,520,fremd,svešs • nepazīstams,Võõras • Tundmatu,MARKER_LEAK,et_otilde
data,it,A2,520,fremd,svešs • nepazīstams,Svešs • Tribus népazies,LV_DIACRITIC,
data,lb,A2,520,fremd,svešs • nepazīstams,Svešs • Nepazīstams,SAME_AS_LV_CASEFOLD,casefold_only
data,lb,A2,520,fremd,svešs • nepazīstams,Svešs • Nepazīstams,LV_DIACRITIC,
data,lb,A2,520,fremd,svešs • nepazīstams,Svešs • Nepazīstams,MARKER_LEAK,lv_macron_consonant
data,nb,A2,520,fremd,svešs • nepazīstams,Võõras • Tundmatu,MARKER_LEAK,et_otilde
data,nl,A2,520,fremd,svešs • nepazīstams,Svešs • Nepazīstams,SAME_AS_LV_CASEFOLD,casefold_only
data,nl,A2,520,fremd,svešs • nepazīstams,Svešs • Nepazīstams,LV_DIACRITIC,
data,nl,A2,520,fremd,svešs • nepazīstams,Svešs • Nepazīstams,MARKER_LEAK,lv_macron_consonant
data,nn,A2,520,fremd,svešs • nepazīstams,Võõras • Tundmatu,MARKER_LEAK,et_otilde
data,pt,A2,520,fremd,svešs • nepazīstams,Svešs • Tribos Nepazi,LV_DIACRITIC,
data,sl,A2,520,fremd,svešs • nepazīstams,svešs • nepazīstams,SAME_AS_LV_CASEFOLD,exact
data,sl,A2,520,fremd,svešs • nepazīstams,svešs • nepazīstams,LV_DIACRITIC,
data,sl,A2,520,fremd,svešs • nepazīstams,svešs • nepazīstams,MARKER_LEAK,lv_macron_consonant
data,sv,A2,520,fremd,svešs • nepazīstams,Võõras • Tundmatu,MARKER_LEAK,et_otilde
data,bg,A2,520,fremd,svešs • nepazīstams,Непознат • Непознат,FAMILY_COPY_STRICT,bg+hr+mk+sr
data,hr,A2,520,fremd,svešs • nepazīstams,Непознат • Непознат,FAMILY_COPY_STRICT,bg+hr+mk+sr
data,mk,A2,520,fremd,svešs • nepazīstams,Непознат • Непознат,FAMILY_COPY_STRICT,bg+hr+mk+sr
data,sr,A2,520,fremd,svešs • nepazīstams,Непознат • Непознат,FAMILY_COPY_STRICT,bg+hr+mk+sr
data,fi,A2,520,fremd,svešs • nepazīstams,Võõras • Tundmatu,FAMILY_COPY_STRICT,fi+is+nb+nn+sv
data,is,A2,520,fremd,svešs • nepazīstams,Võõras • Tundmatu,FAMILY_COPY_STRICT,fi+is+nb+nn+sv
data,nb,A2,520,fremd,svešs • nepazīstams,Võõras • Tundmatu,FAMILY_COPY_STRICT,fi+is+nb+nn+sv
data,nn,A2,520,fremd,svešs • nepazīstams,Võõras • Tundmatu,FAMILY_COPY_STRICT,fi+is+nb+nn+sv
data,sv,A2,520,fremd,svešs • nepazīstams,Võõras • Tundmatu,FAMILY_COPY_STRICT,fi+is+nb+nn+sv
data,lb,A2,520,fremd,svešs • nepazīstams,Svešs • Nepazīstams,FAMILY_COPY_STRICT,lb+nl
data,nl,A2,520,fremd,svešs • nepazīstams,Svešs • Nepazīstams,FAMILY_COPY_STRICT,lb+nl
data,pl,A2,520,fremd,svešs • nepazīstams,Obcy • Nieznany,FAMILY_COPY_STRICT,pl+sq+tr
data,sq,A2,520,fremd,svešs • nepazīstams,Obcy • Nieznany,FAMILY_COPY_STRICT,pl+sq+tr
data,tr,A2,520,fremd,svešs • nepazīstams,Obcy • Nieznany,FAMILY_COPY_STRICT,pl+sq+tr
data,fi,A2,521,Fremdsprache,svešvaloda,Võõrkeel,MARKER_LEAK,et_otilde
data,hr,A2,521,Fremdsprache,svešvaloda,Чужд език,SCRIPT_MISMATCH,
data,hr,A2,521,Fremdsprache,svešvaloda,Чужд език,MARKER_LEAK,foreign_script
data,is,A2,521,Fremdsprache,svešvaloda,Võõrkeel,MARKER_LEAK,et_otilde
data,it,A2,521,Fremdsprache,svešvaloda,Svešvaloda,SAME_AS_LV_CASEFOLD,casefold_only
data,it,A2,521,Fremdsprache,svešvaloda,Svešvaloda,LV_DIACRITIC,
data,lb,A2,521,Fremdsprache,svešvaloda,Svešvaloda,SAME_AS_LV_CASEFOLD,casefold_only
data,lb,A2,521,Fremdsprache,svešvaloda,Svešvaloda,LV_DIACRITIC,
data,nb,A2,521,Fremdsprache,svešvaloda,Võõrkeel,MARKER_LEAK,et_otilde
data,nl,A2,521,Fremdsprache,svešvaloda,Svešvaloda,SAME_AS_LV_CASEFOLD,casefold_only
data,nl,A2,521,Fremdsprache,svešvaloda,Svešvaloda,LV_DIACRITIC,
data,nn,A2,521,Fremdsprache,svešvaloda,Võõrkeel,MARKER_LEAK,et_otilde
data,pt,A2,521,Fremdsprache,svešvaloda,Svešvaloda,SAME_AS_LV_CASEFOLD,casefold_only
data,pt,A2,521,Fremdsprache,svešvaloda,Svešvaloda,LV_DIACRITIC,
data,sk,A2,521,Fremdsprache,svešvaloda,Język obcy,MARKER_LEAK,pl_lt_nasal
data,sl,A2,521,Fremdsprache,svešvaloda,svešvaloda,SAME_AS_LV_CASEFOLD,exact
data,sq,A2,521,Fremdsprache,svešvaloda,Yabancı dil,MARKER_LEAK,tr_soft
data,sv,A2,521,Fremdsprache,svešvaloda,Võõrkeel,MARKER_LEAK,et_otilde
data,bg,A2,521,Fremdsprache,svešvaloda,Чужд език,FAMILY_COPY_STRICT,bg+hr+mk+sr
data,hr,A2,521,Fremdsprache,svešvaloda,Чужд език,FAMILY_COPY_STRICT,bg+hr+mk+sr
data,mk,A2,521,Fremdsprache,svešvaloda,Чужд език,FAMILY_COPY_STRICT,bg+hr+mk+sr
data,sr,A2,521,Fremdsprache,svešvaloda,Чужд език,FAMILY_COPY_STRICT,bg+hr+mk+sr
data,fi,A2,521,Fremdsprache,svešvaloda,Võõrkeel,FAMILY_COPY_STRICT,fi+is+nb+nn+sv
data,is,A2,521,Fremdsprache,svešvaloda,Võõrkeel,FAMILY_COPY_STRICT,fi+is+nb+nn+sv
data,nb,A2,521,Fremdsprache,svešvaloda,Võõrkeel,FAMILY_COPY_STRICT,fi+is+nb+nn+sv
data,nn,A2,521,Fremdsprache,svešvaloda,Võõrkeel,FAMILY_COPY_STRICT,fi+is+nb+nn+sv
data,sv,A2,521,Fremdsprache,svešvaloda,Võõrkeel,FAMILY_COPY_STRICT,fi+is+nb+nn+sv
data,it,A2,521,Fremdsprache,svešvaloda,Svešvaloda,FAMILY_COPY_STRICT,it+lb+nl+pt
data,lb,A2,521,Fremdsprache,svešvaloda,Svešvaloda,FAMILY_COPY_STRICT,it+lb+nl+pt
data,nl,A2,521,Fremdsprache,svešvaloda,Svešvaloda,FAMILY_COPY_STRICT,it+lb+nl+pt
data,pt,A2,521,Fremdsprache,svešvaloda,Svešvaloda,FAMILY_COPY_STRICT,it+lb+nl+pt
data,pl,A2,521,Fremdsprache,svešvaloda,Język obcy,FAMILY_COPY_STRICT,pl+sk
data,sk,A2,521,Fremdsprache,svešvaloda,Język obcy,FAMILY_COPY_STRICT,pl+sk
data,sq,A2,521,Fremdsprache,svešvaloda,Yabancı dil,FAMILY_COPY_STRICT,sq+tr
data,tr,A2,521,Fremdsprache,svešvaloda,Yabancı dil,FAMILY_COPY_STRICT,sq+tr
data,fi,A2,522,Freude,prieks,Rõõm,MARKER_LEAK,et_otilde
data,hr,A2,522,Freude,prieks,Удоволствие,SCRIPT_MISMATCH,
data,hr,A2,522,Freude,prieks,Удоволствие,MARKER_LEAK,foreign_script
data,it,A2,522,Freude,prieks,Prieks,SAME_AS_LV_CASEFOLD,casefold_only
data,lb,A2,522,Freude,prieks,Prieks,SAME_AS_LV_CASEFOLD,casefold_only
data,nl,A2,522,Freude,prieks,Prieks,SAME_AS_LV_CASEFOLD,casefold_only
data,pt,A2,522,Freude,prieks,Prieks,SAME_AS_LV_CASEFOLD,casefold_only
data,sk,A2,522,Freude,prieks,Przyjemność,MARKER_LEAK,pl_l_s_z
data,sl,A2,522,Freude,prieks,prieks,SAME_AS_LV_CASEFOLD,exact
data,sv,A2,522,Freude,prieks,Rõõm,MARKER_LEAK,et_otilde
data,bg,A2,522,Freude,prieks,Удоволствие,FAMILY_COPY_STRICT,bg+hr+mk+sr
data,hr,A2,522,Freude,prieks,Удоволствие,FAMILY_COPY_STRICT,bg+hr+mk+sr
data,mk,A2,522,Freude,prieks,Удоволствие,FAMILY_COPY_STRICT,bg+hr+mk+sr
data,sr,A2,522,Freude,prieks,Удоволствие,FAMILY_COPY_STRICT,bg+hr+mk+sr
data,fi,A2,522,Freude,prieks,Rõõm,FAMILY_COPY_STRICT,fi+sv
data,sv,A2,522,Freude,prieks,Rõõm,FAMILY_COPY_STRICT,fi+sv
data,is,A2,522,Freude,prieks,Rom,FAMILY_COPY_STRICT,is+nb+nn
data,nb,A2,522,Freude,prieks,Rom,FAMILY_COPY_STRICT,is+nb+nn
data,nn,A2,522,Freude,prieks,Rom,FAMILY_COPY_STRICT,is+nb+nn
data,it,A2,522,Freude,prieks,Prieks,FAMILY_COPY_STRICT,it+lb+nl+pt
data,lb,A2,522,Freude,prieks,Prieks,FAMILY_COPY_STRICT,it+lb+nl+pt
data,nl,A2,522,Freude,prieks,Prieks,FAMILY_COPY_STRICT,it+lb+nl+pt
data,pt,A2,522,Freude,prieks,Prieks,FAMILY_COPY_STRICT,it+lb+nl+pt
data,pl,A2,522,Freude,prieks,Przyjemność,FAMILY_COPY_STRICT,pl+sk
data,sk,A2,522,Freude,prieks,Przyjemność,FAMILY_COPY_STRICT,pl+sk
data,sq,A2,522,Freude,prieks,Zevk,FAMILY_COPY_STRICT,sq+tr
data,tr,A2,522,Freude,prieks,Zevk,FAMILY_COPY_STRICT,sq+tr
data,fi,A2,523,freuen,iepriecināt,Rõõmustama,MARKER_LEAK,et_otilde
data,hr,A2,523,freuen,iepriecināt,Дајте задоволство,SCRIPT_MISMATCH,
data,hr,A2,523,freuen,iepriecināt,Дајте задоволство,MARKER_LEAK,foreign_script
data,is,A2,523,freuen,iepriecināt,Rõõmustama,MARKER_LEAK,et_otilde
data,it,A2,523,freuen,iepriecināt,Iepriecināt,SAME_AS_LV_CASEFOLD,casefold_only
data,it,A2,523,freuen,iepriecināt,Iepriecināt,LV_DIACRITIC,
data,it,A2,523,freuen,iepriecināt,Iepriecināt,MARKER_LEAK,lv_macron_consonant
data,lb,A2,523,freuen,iepriecināt,Iepriecināt,SAME_AS_LV_CASEFOLD,casefold_only
data,lb,A2,523,freuen,iepriecināt,Iepriecināt,LV_DIACRITIC,
data,lb,A2,523,freuen,iepriecināt,Iepriecināt,MARKER_LEAK,lv_macron_consonant
data,nb,A2,523,freuen,iepriecināt,Rõõmustama,MARKER_LEAK,et_otilde
data,nl,A2,523,freuen,iepriecināt,Iepriecināt,SAME_AS_LV_CASEFOLD,casefold_only
data,nl,A2,523,freuen,iepriecināt,Iepriecināt,LV_DIACRITIC,
data,nl,A2,523,freuen,iepriecināt,Iepriecināt,MARKER_LEAK,lv_macron_consonant
data,nn,A2,523,freuen,iepriecināt,Rõõmustama,MARKER_LEAK,et_otilde
data,sl,A2,523,freuen,iepriecināt,iepriecināt,SAME_AS_LV_CASEFOLD,exact
data,sl,A2,523,freuen,iepriecināt,iepriecināt,LV_DIACRITIC,
data,sl,A2,523,freuen,iepriecināt,iepriecināt,MARKER_LEAK,lv_macron_consonant
data,sv,A2,523,freuen,iepriecināt,Rõõmustama,MARKER_LEAK,et_otilde
data,fi,A2,523,freuen,iepriecināt,Rõõmustama,FAMILY_COPY_STRICT,fi+is+nb+nn+sv
data,is,A2,523,freuen,iepriecināt,Rõõmustama,FAMILY_COPY_STRICT,fi+is+nb+nn+sv
data,nb,A2,523,freuen,iepriecināt,Rõõmustama,FAMILY_COPY_STRICT,fi+is+nb+nn+sv
data,nn,A2,523,freuen,iepriecināt,Rõõmustama,FAMILY_COPY_STRICT,fi+is+nb+nn+sv
data,sv,A2,523,freuen,iepriecināt,Rõõmustama,FAMILY_COPY_STRICT,fi+is+nb+nn+sv
data,hr,A2,523,freuen,iepriecināt,Дајте задоволство,FAMILY_COPY_STRICT,hr+mk+sr
data,mk,A2,523,freuen,iepriecināt,Дајте задоволство,FAMILY_COPY_STRICT,hr+mk+sr
data,sr,A2,523,freuen,iepriecināt,Дајте задоволство,FAMILY_COPY_STRICT,hr+mk+sr
data,it,A2,523,freuen,iepriecināt,Iepriecināt,FAMILY_COPY_STRICT,it+lb+nl
data,lb,A2,523,freuen,iepriecināt,Iepriecināt,FAMILY_COPY_STRICT,it+lb+nl
data,nl,A2,523,freuen,iepriecināt,Iepriecināt,FAMILY_COPY_STRICT,it+lb+nl
data,pl,A2,523,freuen,iepriecināt,Zadowolić,FAMILY_COPY_STRICT,pl+sk
data,sk,A2,523,freuen,iepriecināt,Zadowolić,FAMILY_COPY_STRICT,pl+sk
data,sq,A2,523,freuen,iepriecināt,Tatmin et,FAMILY_COPY_STRICT,sq+tr
data,tr,A2,523,freuen,iepriecināt,Tatmin et,FAMILY_COPY_STRICT,sq+tr
data,fi,A2,524,Freundschaft,draudzība,Sõprus,MARKER_LEAK,et_otilde
data,hr,A2,524,Freundschaft,draudzība,Пријателство,SCRIPT_MISMATCH,
data,hr,A2,524,Freundschaft,draudzība,Пријателство,MARKER_LEAK,foreign_script
data,is,A2,524,Freundschaft,draudzība,Sõprus,MARKER_LEAK,et_otilde
data,lb,A2,524,Freundschaft,draudzība,Draudzība,SAME_AS_LV_CASEFOLD,casefold_only
data,lb,A2,524,Freundschaft,draudzība,Draudzība,LV_DIACRITIC,
data,lb,A2,524,Freundschaft,draudzība,Draudzība,MARKER_LEAK,lv_macron_consonant
data,nb,A2,524,Freundschaft,draudzība,Sõprus,MARKER_LEAK,et_otilde
data,nl,A2,524,Freundschaft,draudzība,Draudzība,SAME_AS_LV_CASEFOLD,casefold_only
data,nl,A2,524,Freundschaft,draudzība,Draudzība,LV_DIACRITIC,
data,nl,A2,524,Freundschaft,draudzība,Draudzība,MARKER_LEAK,lv_macron_consonant
data,nn,A2,524,Freundschaft,draudzība,Sõprus,MARKER_LEAK,et_otilde
data,sk,A2,524,Freundschaft,draudzība,Przyjaźń,MARKER_LEAK,pl_l_s_z
data,sl,A2,524,Freundschaft,draudzība,draudzība,SAME_AS_LV_CASEFOLD,exact
data,sl,A2,524,Freundschaft,draudzība,draudzība,LV_DIACRITIC,
data,sl,A2,524,Freundschaft,draudzība,draudzība,MARKER_LEAK,lv_macron_consonant
data,sq,A2,524,Freundschaft,draudzība,Przyjaźń,MARKER_LEAK,pl_l_s_z
data,sv,A2,524,Freundschaft,draudzība,Sõprus,MARKER_LEAK,et_otilde
data,tr,A2,524,Freundschaft,draudzība,Przyjaźń,MARKER_LEAK,pl_l_s_z
data,fi,A2,524,Freundschaft,draudzība,Sõprus,FAMILY_COPY_STRICT,fi+is+nb+nn+sv
data,is,A2,524,Freundschaft,draudzība,Sõprus,FAMILY_COPY_STRICT,fi+is+nb+nn+sv
data,nb,A2,524,Freundschaft,draudzība,Sõprus,FAMILY_COPY_STRICT,fi+is+nb+nn+sv
data,nn,A2,524,Freundschaft,draudzība,Sõprus,FAMILY_COPY_STRICT,fi+is+nb+nn+sv
data,sv,A2,524,Freundschaft,draudzība,Sõprus,FAMILY_COPY_STRICT,fi+is+nb+nn+sv
data,hr,A2,524,Freundschaft,draudzība,Пријателство,FAMILY_COPY_STRICT,hr+mk+sr
data,mk,A2,524,Freundschaft,draudzība,Пријателство,FAMILY_COPY_STRICT,hr+mk+sr
data,sr,A2,524,Freundschaft,draudzība,Пријателство,FAMILY_COPY_STRICT,hr+mk+sr
data,it,A2,524,Freundschaft,draudzība,Draudziba,FAMILY_COPY_STRICT,it+pt
data,pt,A2,524,Freundschaft,draudzība,Draudziba,FAMILY_COPY_STRICT,it+pt
data,lb,A2,524,Freundschaft,draudzība,Draudzība,FAMILY_COPY_STRICT,lb+nl
data,nl,A2,524,Freundschaft,draudzība,Draudzība,FAMILY_COPY_STRICT,lb+nl
data,pl,A2,524,Freundschaft,draudzība,Przyjaźń,FAMILY_COPY_STRICT,pl+sk+sq+tr
data,sk,A2,524,Freundschaft,draudzība,Przyjaźń,FAMILY_COPY_STRICT,pl+sk+sq+tr
data,sq,A2,524,Freundschaft,draudzība,Przyjaźń,FAMILY_COPY_STRICT,pl+sk+sq+tr
data,tr,A2,524,Freundschaft,draudzība,Przyjaźń,FAMILY_COPY_STRICT,pl+sk+sq+tr
data,hr,A2,525,Frieden,miers,Свети,SCRIPT_MISMATCH,
data,hr,A2,525,Frieden,miers,Свети,MARKER_LEAK,foreign_script
data,sl,A2,525,Frieden,miers,miers,SAME_AS_LV_CASEFOLD,exact
data,fi,A2,525,Frieden,miers,Rahu,FAMILY_COPY_STRICT,fi+is+nb+nn+sv
data,is,A2,525,Frieden,miers,Rahu,FAMILY_COPY_STRICT,fi+is+nb+nn+sv
data,nb,A2,525,Frieden,miers,Rahu,FAMILY_COPY_STRICT,fi+is+nb+nn+sv
data,nn,A2,525,Frieden,miers,Rahu,FAMILY_COPY_STRICT,fi+is+nb+nn+sv
data,sv,A2,525,Frieden,miers,Rahu,FAMILY_COPY_STRICT,fi+is+nb+nn+sv
data,fr,A2,525,Frieden,miers,Paix,FAMILY_COPY_STRICT,fr+it
data,it,A2,525,Frieden,miers,Paix,FAMILY_COPY_STRICT,fr+it
data,hr,A2,525,Frieden,miers,Свети,FAMILY_COPY_STRICT,hr+mk+sr
data,mk,A2,525,Frieden,miers,Свети,FAMILY_COPY_STRICT,hr+mk+sr
data,sr,A2,525,Frieden,miers,Свети,FAMILY_COPY_STRICT,hr+mk+sr
data,lb,A2,525,Frieden,miers,Vrede,FAMILY_COPY_STRICT,lb+nl
data,nl,A2,525,Frieden,miers,Vrede,FAMILY_COPY_STRICT,lb+nl
data,hr,A2,526,Friedhof,kapsēta,Гробище,SCRIPT_MISMATCH,
data,hr,A2,526,Friedhof,kapsēta,Гробище,MARKER_LEAK,foreign_script
data,lb,A2,526,Friedhof,kapsēta,Kapsēta,SAME_AS_LV_CASEFOLD,casefold_only
data,lb,A2,526,Friedhof,kapsēta,Kapsēta,LV_DIACRITIC,
data,lb,A2,526,Friedhof,kapsēta,Kapsēta,MARKER_LEAK,lv_macron_consonant
data,nl,A2,526,Friedhof,kapsēta,Kapsēta,SAME_AS_LV_CASEFOLD,casefold_only
data,nl,A2,526,Friedhof,kapsēta,Kapsēta,LV_DIACRITIC,
data,nl,A2,526,Friedhof,kapsēta,Kapsēta,MARKER_LEAK,lv_macron_consonant
data,sl,A2,526,Friedhof,kapsēta,kapsēta,SAME_AS_LV_CASEFOLD,exact
data,sl,A2,526,Friedhof,kapsēta,kapsēta,LV_DIACRITIC,
data,sl,A2,526,Friedhof,kapsēta,kapsēta,MARKER_LEAK,lv_macron_consonant
data,bg,A2,526,Friedhof,kapsēta,Гробище,FAMILY_COPY_STRICT,bg+hr+mk+sr
data,hr,A2,526,Friedhof,kapsēta,Гробище,FAMILY_COPY_STRICT,bg+hr+mk+sr
data,mk,A2,526,Friedhof,kapsēta,Гробище,FAMILY_COPY_STRICT,bg+hr+mk+sr
data,sr,A2,526,Friedhof,kapsēta,Гробище,FAMILY_COPY_STRICT,bg+hr+mk+sr
data,fi,A2,526,Friedhof,kapsēta,Kalmistu,FAMILY_COPY_STRICT,fi+is+nb+nn+sv
data,is,A2,526,Friedhof,kapsēta,Kalmistu,FAMILY_COPY_STRICT,fi+is+nb+nn+sv
data,nb,A2,526,Friedhof,kapsēta,Kalmistu,FAMILY_COPY_STRICT,fi+is+nb+nn+sv
data,nn,A2,526,Friedhof,kapsēta,Kalmistu,FAMILY_COPY_STRICT,fi+is+nb+nn+sv
data,sv,A2,526,Friedhof,kapsēta,Kalmistu,FAMILY_COPY_STRICT,fi+is+nb+nn+sv
data,it,A2,526,Friedhof,kapsēta,Kapseta,FAMILY_COPY_STRICT,it+pt
data,pt,A2,526,Friedhof,kapsēta,Kapseta,FAMILY_COPY_STRICT,it+pt
data,lb,A2,526,Friedhof,kapsēta,Kapsēta,FAMILY_COPY_STRICT,lb+nl
data,nl,A2,526,Friedhof,kapsēta,Kapsēta,FAMILY_COPY_STRICT,lb+nl
data,pl,A2,526,Friedhof,kapsēta,Cmentarz,FAMILY_COPY_STRICT,pl+sk+sq+tr
data,sk,A2,526,Friedhof,kapsēta,Cmentarz,FAMILY_COPY_STRICT,pl+sk+sq+tr
data,sq,A2,526,Friedhof,kapsēta,Cmentarz,FAMILY_COPY_STRICT,pl+sk+sq+tr
data,tr,A2,526,Friedhof,kapsēta,Cmentarz,FAMILY_COPY_STRICT,pl+sk+sq+tr
data,lb,A2,527,frieren,salt,Salt,SAME_AS_LV_CASEFOLD,casefold_only
data,nl,A2,527,frieren,salt,Salt,SAME_AS_LV_CASEFOLD,casefold_only
data,sl,A2,527,frieren,salt,salt,SAME_AS_LV_CASEFOLD,exact
data,sr,A2,527,frieren,salt,Hladno.,SCRIPT_MISMATCH,sr_as_cyrillic
data,sr,A2,527,frieren,salt,Hladno.,MARKER_LEAK,latin_in_cyrillic
data,fi,A2,527,frieren,salt,Külmetama,FAMILY_COPY_STRICT,fi+is+nb+nn+sv
data,is,A2,527,frieren,salt,Külmetama,FAMILY_COPY_STRICT,fi+is+nb+nn+sv
data,nb,A2,527,frieren,salt,Külmetama,FAMILY_COPY_STRICT,fi+is+nb+nn+sv
data,nn,A2,527,frieren,salt,Külmetama,FAMILY_COPY_STRICT,fi+is+nb+nn+sv
data,sv,A2,527,frieren,salt,Külmetama,FAMILY_COPY_STRICT,fi+is+nb+nn+sv
data,hr,A2,527,frieren,salt,Hladno.,FAMILY_COPY_STRICT,hr+sr
data,sr,A2,527,frieren,salt,Hladno.,FAMILY_COPY_STRICT,hr+sr
data,lb,A2,527,frieren,salt,Salt,FAMILY_COPY_STRICT,lb+nl
data,nl,A2,527,frieren,salt,Salt,FAMILY_COPY_STRICT,lb+nl
data,hr,A2,528,Friseur,frizieris,Фризьор,SCRIPT_MISMATCH,
data,hr,A2,528,Friseur,frizieris,Фризьор,MARKER_LEAK,foreign_script
data,it,A2,528,Friseur,frizieris,Frizieris,SAME_AS_LV_CASEFOLD,casefold_only
data,nl,A2,528,Friseur,frizieris,Frizieris,SAME_AS_LV_CASEFOLD,casefold_only
data,pt,A2,528,Friseur,frizieris,Frizieris,SAME_AS_LV_CASEFOLD,casefold_only
data,sl,A2,528,Friseur,frizieris,frizieris,SAME_AS_LV_CASEFOLD,exact
data,bg,A2,528,Friseur,frizieris,Фризьор,FAMILY_COPY_STRICT,bg+hr+mk+sr
data,hr,A2,528,Friseur,frizieris,Фризьор,FAMILY_COPY_STRICT,bg+hr+mk+sr
data,mk,A2,528,Friseur,frizieris,Фризьор,FAMILY_COPY_STRICT,bg+hr+mk+sr
data,sr,A2,528,Friseur,frizieris,Фризьор,FAMILY_COPY_STRICT,bg+hr+mk+sr
data,fi,A2,528,Friseur,frizieris,Juuksur,FAMILY_COPY_STRICT,fi+sv
data,sv,A2,528,Friseur,frizieris,Juuksur,FAMILY_COPY_STRICT,fi+sv
data,is,A2,528,Friseur,frizieris,Juuk klokke,FAMILY_COPY_STRICT,is+nb+nn
data,nb,A2,528,Friseur,frizieris,Juuk klokke,FAMILY_COPY_STRICT,is+nb+nn
data,nn,A2,528,Friseur,frizieris,Juuk klokke,FAMILY_COPY_STRICT,is+nb+nn
data,it,A2,528,Friseur,frizieris,Frizieris,FAMILY_COPY_STRICT,it+nl+pt
data,nl,A2,528,Friseur,frizieris,Frizieris,FAMILY_COPY_STRICT,it+nl+pt
data,pt,A2,528,Friseur,frizieris,Frizieris,FAMILY_COPY_STRICT,it+nl+pt
data,pl,A2,528,Friseur,frizieris,Fryzjer,FAMILY_COPY_STRICT,pl+sk+sq+tr
data,sk,A2,528,Friseur,frizieris,Fryzjer,FAMILY_COPY_STRICT,pl+sk+sq+tr
data,sq,A2,528,Friseur,frizieris,Fryzjer,FAMILY_COPY_STRICT,pl+sk+sq+tr
data,tr,A2,528,Friseur,frizieris,Fryzjer,FAMILY_COPY_STRICT,pl+sk+sq+tr
data,hr,A2,529,frisieren,frizēt,Правење фризура,SCRIPT_MISMATCH,
data,hr,A2,529,frisieren,frizēt,Правење фризура,MARKER_LEAK,foreign_script
data,lb,A2,529,frisieren,frizēt,Frizēt,SAME_AS_LV_CASEFOLD,casefold_only
data,lb,A2,529,frisieren,frizēt,Frizēt,LV_DIACRITIC,
data,lb,A2,529,frisieren,frizēt,Frizēt,MARKER_LEAK,lv_macron_consonant
data,nl,A2,529,frisieren,frizēt,Frizēt,SAME_AS_LV_CASEFOLD,casefold_only
data,nl,A2,529,frisieren,frizēt,Frizēt,LV_DIACRITIC,
data,nl,A2,529,frisieren,frizēt,Frizēt,MARKER_LEAK,lv_macron_consonant
data,sk,A2,529,frisieren,frizēt,Zrobić włosy,MARKER_LEAK,pl_l_s_z
data,sl,A2,529,frisieren,frizēt,frizēt,SAME_AS_LV_CASEFOLD,exact
data,sl,A2,529,frisieren,frizēt,frizēt,LV_DIACRITIC,
data,sl,A2,529,frisieren,frizēt,frizēt,MARKER_LEAK,lv_macron_consonant
data,sq,A2,529,frisieren,frizēt,Saçını yaptır,MARKER_LEAK,tr_soft
data,fi,A2,529,frisieren,frizēt,Soengut tegema,FAMILY_COPY_STRICT,fi+sv
data,sv,A2,529,frisieren,frizēt,Soengut tegema,FAMILY_COPY_STRICT,fi+sv
data,hr,A2,529,frisieren,frizēt,Правење фризура,FAMILY_COPY_STRICT,hr+mk+sr
data,mk,A2,529,frisieren,frizēt,Правење фризура,FAMILY_COPY_STRICT,hr+mk+sr
data,sr,A2,529,frisieren,frizēt,Правење фризура,FAMILY_COPY_STRICT,hr+mk+sr
data,is,A2,529,frisieren,frizēt,Soengut tema,FAMILY_COPY_STRICT,is+nb+nn
data,nb,A2,529,frisieren,frizēt,Soengut tema,FAMILY_COPY_STRICT,is+nb+nn
data,nn,A2,529,frisieren,frizēt,Soengut tema,FAMILY_COPY_STRICT,is+nb+nn
data,lb,A2,529,frisieren,frizēt,Frizēt,FAMILY_COPY_STRICT,lb+nl
data,nl,A2,529,frisieren,frizēt,Frizēt,FAMILY_COPY_STRICT,lb+nl
data,pl,A2,529,frisieren,frizēt,Zrobić włosy,FAMILY_COPY_STRICT,pl+sk
data,sk,A2,529,frisieren,frizēt,Zrobić włosy,FAMILY_COPY_STRICT,pl+sk
data,sq,A2,529,frisieren,frizēt,Saçını yaptır,FAMILY_COPY_STRICT,sq+tr
data,tr,A2,529,frisieren,frizēt,Saçını yaptır,FAMILY_COPY_STRICT,sq+tr
data,hr,A2,530,Frisur,frizūra,Прическа,SCRIPT_MISMATCH,
data,hr,A2,530,Frisur,frizūra,Прическа,MARKER_LEAK,foreign_script
data,lb,A2,530,Frisur,frizūra,Frizūra,SAME_AS_LV_CASEFOLD,casefold_only
data,lb,A2,530,Frisur,frizūra,Frizūra,LV_DIACRITIC,
data,lb,A2,530,Frisur,frizūra,Frizūra,MARKER_LEAK,lv_u_macron
data,nl,A2,530,Frisur,frizūra,Frizūra,SAME_AS_LV_CASEFOLD,casefold_only
data,nl,A2,530,Frisur,frizūra,Frizūra,LV_DIACRITIC,
data,nl,A2,530,Frisur,frizūra,Frizūra,MARKER_LEAK,lv_u_macron
data,sl,A2,530,Frisur,frizūra,frizūra,SAME_AS_LV_CASEFOLD,exact
data,sl,A2,530,Frisur,frizūra,frizūra,LV_DIACRITIC,
data,sl,A2,530,Frisur,frizūra,frizūra,MARKER_LEAK,lv_u_macron
data,bg,A2,530,Frisur,frizūra,Прическа,FAMILY_COPY_STRICT,bg+hr+mk+ru+sr
data,hr,A2,530,Frisur,frizūra,Прическа,FAMILY_COPY_STRICT,bg+hr+mk+ru+sr
data,mk,A2,530,Frisur,frizūra,Прическа,FAMILY_COPY_STRICT,bg+hr+mk+ru+sr
data,ru,A2,530,Frisur,frizūra,Прическа,FAMILY_COPY_STRICT,bg+hr+mk+ru+sr
data,sr,A2,530,Frisur,frizūra,Прическа,FAMILY_COPY_STRICT,bg+hr+mk+ru+sr
data,fi,A2,530,Frisur,frizūra,Soeng,FAMILY_COPY_STRICT,fi+sv
data,sv,A2,530,Frisur,frizūra,Soeng,FAMILY_COPY_STRICT,fi+sv
data,hu,A2,530,Frisur,frizūra,Frizura,FAMILY_COPY_STRICT,hu+it+pt
data,it,A2,530,Frisur,frizūra,Frizura,FAMILY_COPY_STRICT,hu+it+pt
data,pt,A2,530,Frisur,frizūra,Frizura,FAMILY_COPY_STRICT,hu+it+pt
data,is,A2,530,Frisur,frizūra,Sang,FAMILY_COPY_STRICT,is+nb+nn
data,nb,A2,530,Frisur,frizūra,Sang,FAMILY_COPY_STRICT,is+nb+nn
data,nn,A2,530,Frisur,frizūra,Sang,FAMILY_COPY_STRICT,is+nb+nn
data,lb,A2,530,Frisur,frizūra,Frizūra,FAMILY_COPY_STRICT,lb+nl
data,nl,A2,530,Frisur,frizūra,Frizūra,FAMILY_COPY_STRICT,lb+nl
data,pl,A2,530,Frisur,frizūra,Fryzura,FAMILY_COPY_STRICT,pl+sk
data,sk,A2,530,Frisur,frizūra,Fryzura,FAMILY_COPY_STRICT,pl+sk
data,sq,A2,530,Frisur,frizūra,Saç modeli,FAMILY_COPY_STRICT,sq+tr
data,tr,A2,530,Frisur,frizūra,Saç modeli,FAMILY_COPY_STRICT,sq+tr
data,fi,A2,531,froh,priecīgs,Rõõmus,MARKER_LEAK,et_otilde
data,hr,A2,531,froh,priecīgs,Щастлив,SCRIPT_MISMATCH,
data,hr,A2,531,froh,priecīgs,Щастлив,MARKER_LEAK,foreign_script
data,is,A2,531,froh,priecīgs,Rõõmus,MARKER_LEAK,et_otilde
data,nb,A2,531,froh,priecīgs,Rõõmus,MARKER_LEAK,et_otilde
data,nl,A2,531,froh,priecīgs,Priecīgs,SAME_AS_LV_CASEFOLD,casefold_only
data,nl,A2,531,froh,priecīgs,Priecīgs,LV_DIACRITIC,
data,nl,A2,531,froh,priecīgs,Priecīgs,MARKER_LEAK,lv_macron_consonant
data,nn,A2,531,froh,priecīgs,Rõõmus,MARKER_LEAK,et_otilde
data,sl,A2,531,froh,priecīgs,priecīgs,SAME_AS_LV_CASEFOLD,exact
data,sl,A2,531,froh,priecīgs,priecīgs,LV_DIACRITIC,
data,sl,A2,531,froh,priecīgs,priecīgs,MARKER_LEAK,lv_macron_consonant
data,sv,A2,531,froh,priecīgs,Rõõmus,MARKER_LEAK,et_otilde
data,bg,A2,531,froh,priecīgs,Щастлив,FAMILY_COPY_STRICT,bg+hr+mk+sr
data,hr,A2,531,froh,priecīgs,Щастлив,FAMILY_COPY_STRICT,bg+hr+mk+sr
data,mk,A2,531,froh,priecīgs,Щастлив,FAMILY_COPY_STRICT,bg+hr+mk+sr
data,sr,A2,531,froh,priecīgs,Щастлив,FAMILY_COPY_STRICT,bg+hr+mk+sr
data,cs,A2,531,froh,priecīgs,Šťastný,FAMILY_COPY_STRICT,cs+sk
data,sk,A2,531,froh,priecīgs,Šťastný,FAMILY_COPY_STRICT,cs+sk
data,fi,A2,531,froh,priecīgs,Rõõmus,FAMILY_COPY_STRICT,fi+is+nb+nn+sv
data,is,A2,531,froh,priecīgs,Rõõmus,FAMILY_COPY_STRICT,fi+is+nb+nn+sv
data,nb,A2,531,froh,priecīgs,Rõõmus,FAMILY_COPY_STRICT,fi+is+nb+nn+sv
data,nn,A2,531,froh,priecīgs,Rõõmus,FAMILY_COPY_STRICT,fi+is+nb+nn+sv
data,sv,A2,531,froh,priecīgs,Rõõmus,FAMILY_COPY_STRICT,fi+is+nb+nn+sv
data,fi,A2,532,fröhlich,priecīgs • jautrs,Rõõmus • Lõbus,MARKER_LEAK,et_otilde
data,hr,A2,532,fröhlich,priecīgs • jautrs,Щастлив • Весел,SCRIPT_MISMATCH,
data,hr,A2,532,fröhlich,priecīgs • jautrs,Щастлив • Весел,MARKER_LEAK,foreign_script
data,is,A2,532,fröhlich,priecīgs • jautrs,Rõõmus • Lõbus,MARKER_LEAK,et_otilde
data,nb,A2,532,fröhlich,priecīgs • jautrs,Rõõmus • Lõbus,MARKER_LEAK,et_otilde
data,nn,A2,532,fröhlich,priecīgs • jautrs,Rõõmus • Lõbus,MARKER_LEAK,et_otilde
data,sk,A2,532,fröhlich,priecīgs • jautrs,Szczęśliwy • Wesoły,MARKER_LEAK,pl_l_s_z+pl_lt_nasal
data,sl,A2,532,fröhlich,priecīgs • jautrs,priecīgs • jautrs,SAME_AS_LV_CASEFOLD,exact
data,sl,A2,532,fröhlich,priecīgs • jautrs,priecīgs • jautrs,LV_DIACRITIC,
data,sl,A2,532,fröhlich,priecīgs • jautrs,priecīgs • jautrs,MARKER_LEAK,lv_macron_consonant
data,sv,A2,532,fröhlich,priecīgs • jautrs,Rõõmus • Lõbus,MARKER_LEAK,et_otilde
data,bg,A2,532,fröhlich,priecīgs • jautrs,Щастлив • Весел,FAMILY_COPY_STRICT,bg+hr+mk+sr
data,hr,A2,532,fröhlich,priecīgs • jautrs,Щастлив • Весел,FAMILY_COPY_STRICT,bg+hr+mk+sr
data,mk,A2,532,fröhlich,priecīgs • jautrs,Щастлив • Весел,FAMILY_COPY_STRICT,bg+hr+mk+sr
data,sr,A2,532,fröhlich,priecīgs • jautrs,Щастлив • Весел,FAMILY_COPY_STRICT,bg+hr+mk+sr
data,fi,A2,532,fröhlich,priecīgs • jautrs,Rõõmus • Lõbus,FAMILY_COPY_STRICT,fi+is+nb+nn+sv
data,is,A2,532,fröhlich,priecīgs • jautrs,Rõõmus • Lõbus,FAMILY_COPY_STRICT,fi+is+nb+nn+sv
data,nb,A2,532,fröhlich,priecīgs • jautrs,Rõõmus • Lõbus,FAMILY_COPY_STRICT,fi+is+nb+nn+sv
data,nn,A2,532,fröhlich,priecīgs • jautrs,Rõõmus • Lõbus,FAMILY_COPY_STRICT,fi+is+nb+nn+sv
data,sv,A2,532,fröhlich,priecīgs • jautrs,Rõõmus • Lõbus,FAMILY_COPY_STRICT,fi+is+nb+nn+sv
data,fr,A2,532,fröhlich,priecīgs • jautrs,Heureux • Joyeux,FAMILY_COPY_STRICT,fr+it+pt
data,it,A2,532,fröhlich,priecīgs • jautrs,Heureux • Joyeux,FAMILY_COPY_STRICT,fr+it+pt
data,pt,A2,532,fröhlich,priecīgs • jautrs,Heureux • Joyeux,FAMILY_COPY_STRICT,fr+it+pt
data,lb,A2,532,fröhlich,priecīgs • jautrs,Blij • Vrolijk,FAMILY_COPY_STRICT,lb+nl
data,nl,A2,532,fröhlich,priecīgs • jautrs,Blij • Vrolijk,FAMILY_COPY_STRICT,lb+nl
data,pl,A2,532,fröhlich,priecīgs • jautrs,Szczęśliwy • Wesoły,FAMILY_COPY_STRICT,pl+sk
data,sk,A2,532,fröhlich,priecīgs • jautrs,Szczęśliwy • Wesoły,FAMILY_COPY_STRICT,pl+sk
data,sq,A2,532,fröhlich,priecīgs • jautrs,Mutlu • Neşeli,FAMILY_COPY_STRICT,sq+tr
data,tr,A2,532,fröhlich,priecīgs • jautrs,Mutlu • Neşeli,FAMILY_COPY_STRICT,sq+tr
data,hr,A2,533,Frosch,varde,Жаба,SCRIPT_MISMATCH,
data,hr,A2,533,Frosch,varde,Жаба,MARKER_LEAK,foreign_script
data,it,A2,533,Frosch,varde,Varde,SAME_AS_LV_CASEFOLD,casefold_only
data,lb,A2,533,Frosch,varde,Varde,SAME_AS_LV_CASEFOLD,casefold_only
data,nl,A2,533,Frosch,varde,Varde,SAME_AS_LV_CASEFOLD,casefold_only
data,pt,A2,533,Frosch,varde,Varde,SAME_AS_LV_CASEFOLD,casefold_only
data,sk,A2,533,Frosch,varde,Żaba,MARKER_LEAK,pl_l_s_z
data,sl,A2,533,Frosch,varde,varde,SAME_AS_LV_CASEFOLD,exact
data,sq,A2,533,Frosch,varde,Kurbağa,MARKER_LEAK,tr_soft
data,bg,A2,533,Frosch,varde,Жаба,FAMILY_COPY_STRICT,bg+hr+mk+sr
data,hr,A2,533,Frosch,varde,Жаба,FAMILY_COPY_STRICT,bg+hr+mk+sr
data,mk,A2,533,Frosch,varde,Жаба,FAMILY_COPY_STRICT,bg+hr+mk+sr
data,sr,A2,533,Frosch,varde,Жаба,FAMILY_COPY_STRICT,bg+hr+mk+sr
data,fi,A2,533,Frosch,varde,Konn,FAMILY_COPY_STRICT,fi+sv
data,sv,A2,533,Frosch,varde,Konn,FAMILY_COPY_STRICT,fi+sv
data,is,A2,533,Frosch,varde,Conn,FAMILY_COPY_STRICT,is+nb+nn
data,nb,A2,533,Frosch,varde,Conn,FAMILY_COPY_STRICT,is+nb+nn
data,nn,A2,533,Frosch,varde,Conn,FAMILY_COPY_STRICT,is+nb+nn
data,it,A2,533,Frosch,varde,Varde,FAMILY_COPY_STRICT,it+lb+nl+pt
data,lb,A2,533,Frosch,varde,Varde,FAMILY_COPY_STRICT,it+lb+nl+pt
data,nl,A2,533,Frosch,varde,Varde,FAMILY_COPY_STRICT,it+lb+nl+pt
data,pt,A2,533,Frosch,varde,Varde,FAMILY_COPY_STRICT,it+lb+nl+pt
data,pl,A2,533,Frosch,varde,Żaba,FAMILY_COPY_STRICT,pl+sk
data,sk,A2,533,Frosch,varde,Żaba,FAMILY_COPY_STRICT,pl+sk
data,sq,A2,533,Frosch,varde,Kurbağa,FAMILY_COPY_STRICT,sq+tr
data,tr,A2,533,Frosch,varde,Kurbağa,FAMILY_COPY_STRICT,sq+tr
data,hr,A2,534,Frucht,auglis,Плодове,SCRIPT_MISMATCH,
data,hr,A2,534,Frucht,auglis,Плодове,MARKER_LEAK,foreign_script
data,it,A2,534,Frucht,auglis,Auglis,SAME_AS_LV_CASEFOLD,casefold_only
data,lb,A2,534,Frucht,auglis,Auglis,SAME_AS_LV_CASEFOLD,casefold_only
data,nl,A2,534,Frucht,auglis,Auglis,SAME_AS_LV_CASEFOLD,casefold_only
data,pt,A2,534,Frucht,auglis,Auglis,SAME_AS_LV_CASEFOLD,casefold_only
data,sl,A2,534,Frucht,auglis,auglis,SAME_AS_LV_CASEFOLD,exact
data,bg,A2,534,Frucht,auglis,Плодове,FAMILY_COPY_STRICT,bg+hr+mk+sr
data,hr,A2,534,Frucht,auglis,Плодове,FAMILY_COPY_STRICT,bg+hr+mk+sr
data,mk,A2,534,Frucht,auglis,Плодове,FAMILY_COPY_STRICT,bg+hr+mk+sr
data,sr,A2,534,Frucht,auglis,Плодове,FAMILY_COPY_STRICT,bg+hr+mk+sr
data,fi,A2,534,Frucht,auglis,Vili,FAMILY_COPY_STRICT,fi+is+nb+nn+sv
data,is,A2,534,Frucht,auglis,Vili,FAMILY_COPY_STRICT,fi+is+nb+nn+sv
data,nb,A2,534,Frucht,auglis,Vili,FAMILY_COPY_STRICT,fi+is+nb+nn+sv
data,nn,A2,534,Frucht,auglis,Vili,FAMILY_COPY_STRICT,fi+is+nb+nn+sv
data,sv,A2,534,Frucht,auglis,Vili,FAMILY_COPY_STRICT,fi+is+nb+nn+sv
data,it,A2,534,Frucht,auglis,Auglis,FAMILY_COPY_STRICT,it+lb+nl+pt
data,lb,A2,534,Frucht,auglis,Auglis,FAMILY_COPY_STRICT,it+lb+nl+pt
data,nl,A2,534,Frucht,auglis,Auglis,FAMILY_COPY_STRICT,it+lb+nl+pt
data,pt,A2,534,Frucht,auglis,Auglis,FAMILY_COPY_STRICT,it+lb+nl+pt
data,pl,A2,534,Frucht,auglis,Owoc,FAMILY_COPY_STRICT,pl+sq+tr
data,sq,A2,534,Frucht,auglis,Owoc,FAMILY_COPY_STRICT,pl+sq+tr
data,tr,A2,534,Frucht,auglis,Owoc,FAMILY_COPY_STRICT,pl+sq+tr
data,hr,A2,535,Fruchtsaft,augļu sula,Овошен сок,SCRIPT_MISMATCH,
data,hr,A2,535,Fruchtsaft,augļu sula,Овошен сок,MARKER_LEAK,foreign_script
data,nl,A2,535,Fruchtsaft,augļu sula,Augļu sula,SAME_AS_LV_CASEFOLD,casefold_only
data,nl,A2,535,Fruchtsaft,augļu sula,Augļu sula,LV_DIACRITIC,
data,nl,A2,535,Fruchtsaft,augļu sula,Augļu sula,MARKER_LEAK,lv_macron_consonant
data,sl,A2,535,Fruchtsaft,augļu sula,augļu sula,SAME_AS_LV_CASEFOLD,exact
data,sl,A2,535,Fruchtsaft,augļu sula,augļu sula,LV_DIACRITIC,
data,sl,A2,535,Fruchtsaft,augļu sula,augļu sula,MARKER_LEAK,lv_macron_consonant
data,fi,A2,535,Fruchtsaft,augļu sula,Puuviljamahl,FAMILY_COPY_STRICT,fi+sv
data,sv,A2,535,Fruchtsaft,augļu sula,Puuviljamahl,FAMILY_COPY_STRICT,fi+sv
data,hr,A2,535,Fruchtsaft,augļu sula,Овошен сок,FAMILY_COPY_STRICT,hr+mk+sr
data,mk,A2,535,Fruchtsaft,augļu sula,Овошен сок,FAMILY_COPY_STRICT,hr+mk+sr
data,sr,A2,535,Fruchtsaft,augļu sula,Овошен сок,FAMILY_COPY_STRICT,hr+mk+sr
data,is,A2,535,Fruchtsaft,augļu sula,Puu williamhl,FAMILY_COPY_STRICT,is+nb+nn
data,nb,A2,535,Fruchtsaft,augļu sula,Puu williamhl,FAMILY_COPY_STRICT,is+nb+nn
data,nn,A2,535,Fruchtsaft,augļu sula,Puu williamhl,FAMILY_COPY_STRICT,is+nb+nn
data,hr,A2,536,früher,agrāk • bijušais,Бивш • Бивш,SCRIPT_MISMATCH,
data,hr,A2,536,früher,agrāk • bijušais,Бивш • Бивш,MARKER_LEAK,foreign_script
data,it,A2,536,früher,agrāk • bijušais,Agrāk • Bijušais,SAME_AS_LV_CASEFOLD,casefold_only
data,it,A2,536,früher,agrāk • bijušais,Agrāk • Bijušais,LV_DIACRITIC,
data,it,A2,536,früher,agrāk • bijušais,Agrāk • Bijušais,MARKER_LEAK,lv_macron_consonant
data,lb,A2,536,früher,agrāk • bijušais,Agrāk • Bijušais,SAME_AS_LV_CASEFOLD,casefold_only
data,lb,A2,536,früher,agrāk • bijušais,Agrāk • Bijušais,LV_DIACRITIC,
data,lb,A2,536,früher,agrāk • bijušais,Agrāk • Bijušais,MARKER_LEAK,lv_macron_consonant
data,nl,A2,536,früher,agrāk • bijušais,Agrāk • Bijušais,SAME_AS_LV_CASEFOLD,casefold_only
data,nl,A2,536,früher,agrāk • bijušais,Agrāk • Bijušais,LV_DIACRITIC,
data,nl,A2,536,früher,agrāk • bijušais,Agrāk • Bijušais,MARKER_LEAK,lv_macron_consonant
data,pt,A2,536,früher,agrāk • bijušais,Agrak • Bijušais,LV_DIACRITIC,
data,sl,A2,536,früher,agrāk • bijušais,agrāk • bijušais,SAME_AS_LV_CASEFOLD,exact
data,sl,A2,536,früher,agrāk • bijušais,agrāk • bijušais,LV_DIACRITIC,
data,sl,A2,536,früher,agrāk • bijušais,agrāk • bijušais,MARKER_LEAK,lv_macron_consonant
data,bg,A2,536,früher,agrāk • bijušais,Бивш • Бивш,FAMILY_COPY_STRICT,bg+hr+mk+sr
data,hr,A2,536,früher,agrāk • bijušais,Бивш • Бивш,FAMILY_COPY_STRICT,bg+hr+mk+sr
data,mk,A2,536,früher,agrāk • bijušais,Бивш • Бивш,FAMILY_COPY_STRICT,bg+hr+mk+sr
data,sr,A2,536,früher,agrāk • bijušais,Бивш • Бивш,FAMILY_COPY_STRICT,bg+hr+mk+sr
data,fi,A2,536,früher,agrāk • bijušais,Varem • Endine,FAMILY_COPY_STRICT,fi+sv
data,sv,A2,536,früher,agrāk • bijušais,Varem • Endine,FAMILY_COPY_STRICT,fi+sv
data,is,A2,536,früher,agrāk • bijušais,Hvor • Endine,FAMILY_COPY_STRICT,is+nb+nn
data,nb,A2,536,früher,agrāk • bijušais,Hvor • Endine,FAMILY_COPY_STRICT,is+nb+nn
data,nn,A2,536,früher,agrāk • bijušais,Hvor • Endine,FAMILY_COPY_STRICT,is+nb+nn
data,it,A2,536,früher,agrāk • bijušais,Agrāk • Bijušais,FAMILY_COPY_STRICT,it+lb+nl
data,lb,A2,536,früher,agrāk • bijušais,Agrāk • Bijušais,FAMILY_COPY_STRICT,it+lb+nl
data,nl,A2,536,früher,agrāk • bijušais,Agrāk • Bijušais,FAMILY_COPY_STRICT,it+lb+nl
data,sq,A2,536,früher,agrāk • bijušais,Eskiden • Eskiden,FAMILY_COPY_STRICT,sq+tr
data,tr,A2,536,früher,agrāk • bijušais,Eskiden • Eskiden,FAMILY_COPY_STRICT,sq+tr
data,hr,A2,537,Fuchs,lapsa,Лисица,SCRIPT_MISMATCH,
data,hr,A2,537,Fuchs,lapsa,Лисица,MARKER_LEAK,foreign_script
data,it,A2,537,Fuchs,lapsa,Lapsa,SAME_AS_LV_CASEFOLD,casefold_only
data,lb,A2,537,Fuchs,lapsa,Lapsa,SAME_AS_LV_CASEFOLD,casefold_only
data,nl,A2,537,Fuchs,lapsa,Lapsa,SAME_AS_LV_CASEFOLD,casefold_only
data,sl,A2,537,Fuchs,lapsa,lapsa,SAME_AS_LV_CASEFOLD,exact
data,bg,A2,537,Fuchs,lapsa,Лисица,FAMILY_COPY_STRICT,bg+hr+mk+sr
data,hr,A2,537,Fuchs,lapsa,Лисица,FAMILY_COPY_STRICT,bg+hr+mk+sr
data,mk,A2,537,Fuchs,lapsa,Лисица,FAMILY_COPY_STRICT,bg+hr+mk+sr
data,sr,A2,537,Fuchs,lapsa,Лисица,FAMILY_COPY_STRICT,bg+hr+mk+sr
data,fi,A2,537,Fuchs,lapsa,Rebane,FAMILY_COPY_STRICT,fi+is+nb+nn+sv
data,is,A2,537,Fuchs,lapsa,Rebane,FAMILY_COPY_STRICT,fi+is+nb+nn+sv
data,nb,A2,537,Fuchs,lapsa,Rebane,FAMILY_COPY_STRICT,fi+is+nb+nn+sv
data,nn,A2,537,Fuchs,lapsa,Rebane,FAMILY_COPY_STRICT,fi+is+nb+nn+sv
data,sv,A2,537,Fuchs,lapsa,Rebane,FAMILY_COPY_STRICT,fi+is+nb+nn+sv
data,it,A2,537,Fuchs,lapsa,Lapsa,FAMILY_COPY_STRICT,it+lb+nl
data,lb,A2,537,Fuchs,lapsa,Lapsa,FAMILY_COPY_STRICT,it+lb+nl
data,nl,A2,537,Fuchs,lapsa,Lapsa,FAMILY_COPY_STRICT,it+lb+nl
data,pl,A2,537,Fuchs,lapsa,Lis,FAMILY_COPY_STRICT,pl+sk
data,sk,A2,537,Fuchs,lapsa,Lis,FAMILY_COPY_STRICT,pl+sk
data,sq,A2,537,Fuchs,lapsa,Tilki,FAMILY_COPY_STRICT,sq+tr
data,tr,A2,537,Fuchs,lapsa,Tilki,FAMILY_COPY_STRICT,sq+tr
data,hr,A2,538,fühlen,just • sajust,Чувствам · чувствам,SCRIPT_MISMATCH,
data,hr,A2,538,fühlen,just • sajust,Чувствам · чувствам,MARKER_LEAK,foreign_script
data,lb,A2,538,fühlen,just • sajust,Just • Sajust,SAME_AS_LV_CASEFOLD,casefold_only
data,nl,A2,538,fühlen,just • sajust,Just • Sajust,SAME_AS_LV_CASEFOLD,casefold_only
data,sl,A2,538,fühlen,just • sajust,just • sajust,SAME_AS_LV_CASEFOLD,exact
data,bg,A2,538,fühlen,just • sajust,Чувствам · чувствам,FAMILY_COPY_STRICT,bg+hr+mk+sr
data,hr,A2,538,fühlen,just • sajust,Чувствам · чувствам,FAMILY_COPY_STRICT,bg+hr+mk+sr
data,mk,A2,538,fühlen,just • sajust,Чувствам · чувствам,FAMILY_COPY_STRICT,bg+hr+mk+sr
data,sr,A2,538,fühlen,just • sajust,Чувствам · чувствам,FAMILY_COPY_STRICT,bg+hr+mk+sr
data,fi,A2,538,fühlen,just • sajust,Tundma • Tunnetama,FAMILY_COPY_STRICT,fi+is+nb+nn+sv
data,is,A2,538,fühlen,just • sajust,Tundma • Tunnetama,FAMILY_COPY_STRICT,fi+is+nb+nn+sv
data,nb,A2,538,fühlen,just • sajust,Tundma • Tunnetama,FAMILY_COPY_STRICT,fi+is+nb+nn+sv
data,nn,A2,538,fühlen,just • sajust,Tundma • Tunnetama,FAMILY_COPY_STRICT,fi+is+nb+nn+sv
data,sv,A2,538,fühlen,just • sajust,Tundma • Tunnetama,FAMILY_COPY_STRICT,fi+is+nb+nn+sv
data,it,A2,538,fühlen,just • sajust,Juste • Sajust,FAMILY_COPY_STRICT,it+pt
data,pt,A2,538,fühlen,just • sajust,Juste • Sajust,FAMILY_COPY_STRICT,it+pt
data,lb,A2,538,fühlen,just • sajust,Just • Sajust,FAMILY_COPY_STRICT,lb+nl
data,nl,A2,538,fühlen,just • sajust,Just • Sajust,FAMILY_COPY_STRICT,lb+nl
data,pl,A2,538,fühlen,just • sajust,Czuć • Czuć,FAMILY_COPY_STRICT,pl+sk
data,sk,A2,538,fühlen,just • sajust,Czuć • Czuć,FAMILY_COPY_STRICT,pl+sk
data,sq,A2,538,fühlen,just • sajust,Hisset • Hisset,FAMILY_COPY_STRICT,sq+tr
data,tr,A2,538,fühlen,just • sajust,Hisset • Hisset,FAMILY_COPY_STRICT,sq+tr
data,hr,A2,539,führen,vadīt,Вести,SCRIPT_MISMATCH,
data,hr,A2,539,führen,vadīt,Вести,MARKER_LEAK,foreign_script
data,lb,A2,539,führen,vadīt,Vadīt,SAME_AS_LV_CASEFOLD,casefold_only
data,lb,A2,539,führen,vadīt,Vadīt,LV_DIACRITIC,
data,lb,A2,539,führen,vadīt,Vadīt,MARKER_LEAK,lv_macron_consonant
data,nl,A2,539,führen,vadīt,Vadīt,SAME_AS_LV_CASEFOLD,casefold_only
data,nl,A2,539,führen,vadīt,Vadīt,LV_DIACRITIC,
data,nl,A2,539,führen,vadīt,Vadīt,MARKER_LEAK,lv_macron_consonant
data,sl,A2,539,führen,vadīt,vadīt,SAME_AS_LV_CASEFOLD,exact
data,sl,A2,539,führen,vadīt,vadīt,LV_DIACRITIC,
data,sl,A2,539,führen,vadīt,vadīt,MARKER_LEAK,lv_macron_consonant
data,fi,A2,539,führen,vadīt,Juhtima,FAMILY_COPY_STRICT,fi+is+nb+nn+sv
data,is,A2,539,führen,vadīt,Juhtima,FAMILY_COPY_STRICT,fi+is+nb+nn+sv
data,nb,A2,539,führen,vadīt,Juhtima,FAMILY_COPY_STRICT,fi+is+nb+nn+sv
data,nn,A2,539,führen,vadīt,Juhtima,FAMILY_COPY_STRICT,fi+is+nb+nn+sv
data,sv,A2,539,führen,vadīt,Juhtima,FAMILY_COPY_STRICT,fi+is+nb+nn+sv
data,hr,A2,539,führen,vadīt,Вести,FAMILY_COPY_STRICT,hr+mk+ru+sr
data,mk,A2,539,führen,vadīt,Вести,FAMILY_COPY_STRICT,hr+mk+ru+sr
data,ru,A2,539,führen,vadīt,Вести,FAMILY_COPY_STRICT,hr+mk+ru+sr
data,sr,A2,539,führen,vadīt,Вести,FAMILY_COPY_STRICT,hr+mk+ru+sr
data,lb,A2,539,führen,vadīt,Vadīt,FAMILY_COPY_STRICT,lb+nl
data,nl,A2,539,führen,vadīt,Vadīt,FAMILY_COPY_STRICT,lb+nl
data,sq,A2,539,führen,vadīt,Liderlik etmek,FAMILY_COPY_STRICT,sq+tr
data,tr,A2,539,führen,vadīt,Liderlik etmek,FAMILY_COPY_STRICT,sq+tr
data,hr,A2,540,füllen,pildīt • piepildīt,Напълнете • Напълнете,SCRIPT_MISMATCH,
data,hr,A2,540,füllen,pildīt • piepildīt,Напълнете • Напълнете,MARKER_LEAK,foreign_script
data,lb,A2,540,füllen,pildīt • piepildīt,Pildīt • Piepildīt,SAME_AS_LV_CASEFOLD,casefold_only
data,lb,A2,540,füllen,pildīt • piepildīt,Pildīt • Piepildīt,LV_DIACRITIC,
data,lb,A2,540,füllen,pildīt • piepildīt,Pildīt • Piepildīt,MARKER_LEAK,lv_macron_consonant
data,nl,A2,540,füllen,pildīt • piepildīt,Pildīt • Piepildīt,SAME_AS_LV_CASEFOLD,casefold_only
data,nl,A2,540,füllen,pildīt • piepildīt,Pildīt • Piepildīt,LV_DIACRITIC,
data,nl,A2,540,füllen,pildīt • piepildīt,Pildīt • Piepildīt,MARKER_LEAK,lv_macron_consonant
data,sk,A2,540,füllen,pildīt • piepildīt,Wypełnić • Wypełnić,MARKER_LEAK,pl_l_s_z
data,sl,A2,540,füllen,pildīt • piepildīt,pildīt • piepildīt,SAME_AS_LV_CASEFOLD,exact
data,sl,A2,540,füllen,pildīt • piepildīt,pildīt • piepildīt,LV_DIACRITIC,
data,sl,A2,540,füllen,pildīt • piepildīt,pildīt • piepildīt,MARKER_LEAK,lv_macron_consonant
data,sq,A2,540,füllen,pildīt • piepildīt,Doldurun • Tamamlayın,MARKER_LEAK,tr_soft
data,bg,A2,540,füllen,pildīt • piepildīt,Напълнете • Напълнете,FAMILY_COPY_STRICT,bg+hr+mk+sr
data,hr,A2,540,füllen,pildīt • piepildīt,Напълнете • Напълнете,FAMILY_COPY_STRICT,bg+hr+mk+sr
data,mk,A2,540,füllen,pildīt • piepildīt,Напълнете • Напълнете,FAMILY_COPY_STRICT,bg+hr+mk+sr
data,sr,A2,540,füllen,pildīt • piepildīt,Напълнете • Напълнете,FAMILY_COPY_STRICT,bg+hr+mk+sr
data,fi,A2,540,füllen,pildīt • piepildīt,Täitma • Täis valama,FAMILY_COPY_STRICT,fi+is+nb+nn+sv
data,is,A2,540,füllen,pildīt • piepildīt,Täitma • Täis valama,FAMILY_COPY_STRICT,fi+is+nb+nn+sv
data,nb,A2,540,füllen,pildīt • piepildīt,Täitma • Täis valama,FAMILY_COPY_STRICT,fi+is+nb+nn+sv
data,nn,A2,540,füllen,pildīt • piepildīt,Täitma • Täis valama,FAMILY_COPY_STRICT,fi+is+nb+nn+sv
data,sv,A2,540,füllen,pildīt • piepildīt,Täitma • Täis valama,FAMILY_COPY_STRICT,fi+is+nb+nn+sv
data,it,A2,540,füllen,pildīt • piepildīt,Pildit • Piepildit,FAMILY_COPY_STRICT,it+pt
data,pt,A2,540,füllen,pildīt • piepildīt,Pildit • Piepildit,FAMILY_COPY_STRICT,it+pt
data,lb,A2,540,füllen,pildīt • piepildīt,Pildīt • Piepildīt,FAMILY_COPY_STRICT,lb+nl
data,nl,A2,540,füllen,pildīt • piepildīt,Pildīt • Piepildīt,FAMILY_COPY_STRICT,lb+nl
data,pl,A2,540,füllen,pildīt • piepildīt,Wypełnić • Wypełnić,FAMILY_COPY_STRICT,pl+sk
data,sk,A2,540,füllen,pildīt • piepildīt,Wypełnić • Wypełnić,FAMILY_COPY_STRICT,pl+sk
data,sq,A2,540,füllen,pildīt • piepildīt,Doldurun • Tamamlayın,FAMILY_COPY_STRICT,sq+tr
data,tr,A2,540,füllen,pildīt • piepildīt,Doldurun • Tamamlayın,FAMILY_COPY_STRICT,sq+tr
data,hr,A2,541,Füllfederhalter,pildspalva,Пенкало,SCRIPT_MISMATCH,
data,hr,A2,541,Füllfederhalter,pildspalva,Пенкало,MARKER_LEAK,foreign_script
data,it,A2,541,Füllfederhalter,pildspalva,Pildspalva,SAME_AS_LV_CASEFOLD,casefold_only
data,nl,A2,541,Füllfederhalter,pildspalva,Pildspalva,SAME_AS_LV_CASEFOLD,casefold_only
data,pt,A2,541,Füllfederhalter,pildspalva,Pildspalva,SAME_AS_LV_CASEFOLD,casefold_only
data,sl,A2,541,Füllfederhalter,pildspalva,pildspalva,SAME_AS_LV_CASEFOLD,exact
data,da,A2,541,Füllfederhalter,pildspalva,Pen,FAMILY_COPY_STRICT,da+en
data,en,A2,541,Füllfederhalter,pildspalva,Pen,FAMILY_COPY_STRICT,da+en
data,fi,A2,541,Füllfederhalter,pildspalva,Sulepea,FAMILY_COPY_STRICT,fi+is+nb+nn+sv
data,is,A2,541,Füllfederhalter,pildspalva,Sulepea,FAMILY_COPY_STRICT,fi+is+nb+nn+sv
data,nb,A2,541,Füllfederhalter,pildspalva,Sulepea,FAMILY_COPY_STRICT,fi+is+nb+nn+sv
data,nn,A2,541,Füllfederhalter,pildspalva,Sulepea,FAMILY_COPY_STRICT,fi+is+nb+nn+sv
data,sv,A2,541,Füllfederhalter,pildspalva,Sulepea,FAMILY_COPY_STRICT,fi+is+nb+nn+sv
data,hr,A2,541,Füllfederhalter,pildspalva,Пенкало,FAMILY_COPY_STRICT,hr+mk+sr
data,mk,A2,541,Füllfederhalter,pildspalva,Пенкало,FAMILY_COPY_STRICT,hr+mk+sr
data,sr,A2,541,Füllfederhalter,pildspalva,Пенкало,FAMILY_COPY_STRICT,hr+mk+sr
data,it,A2,541,Füllfederhalter,pildspalva,Pildspalva,FAMILY_COPY_STRICT,it+nl+pt
data,nl,A2,541,Füllfederhalter,pildspalva,Pildspalva,FAMILY_COPY_STRICT,it+nl+pt
data,pt,A2,541,Füllfederhalter,pildspalva,Pildspalva,FAMILY_COPY_STRICT,it+nl+pt
data,sq,A2,541,Füllfederhalter,pildspalva,Dolma kalem,FAMILY_COPY_STRICT,sq+tr
data,tr,A2,541,Füllfederhalter,pildspalva,Dolma kalem,FAMILY_COPY_STRICT,sq+tr
data,hr,A2,542,funktionieren,darboties • strādāt,Работа • Работа,SCRIPT_MISMATCH,
data,hr,A2,542,funktionieren,darboties • strādāt,Работа • Работа,MARKER_LEAK,foreign_script
data,lb,A2,542,funktionieren,darboties • strādāt,Darboties • Strādāt,SAME_AS_LV_CASEFOLD,casefold_only
data,lb,A2,542,funktionieren,darboties • strādāt,Darboties • Strādāt,LV_DIACRITIC,
data,lb,A2,542,funktionieren,darboties • strādāt,Darboties • Strādāt,MARKER_LEAK,lv_macron_consonant
data,nl,A2,542,funktionieren,darboties • strādāt,Darboties • Strādāt,SAME_AS_LV_CASEFOLD,casefold_only
data,nl,A2,542,funktionieren,darboties • strādāt,Darboties • Strādāt,LV_DIACRITIC,
data,nl,A2,542,funktionieren,darboties • strādāt,Darboties • Strādāt,MARKER_LEAK,lv_macron_consonant
data,sk,A2,542,funktionieren,darboties • strādāt,Działać • Pracować,MARKER_LEAK,pl_l_s_z
data,sl,A2,542,funktionieren,darboties • strādāt,darboties • strādāt,SAME_AS_LV_CASEFOLD,exact
data,sl,A2,542,funktionieren,darboties • strādāt,darboties • strādāt,LV_DIACRITIC,
data,sl,A2,542,funktionieren,darboties • strādāt,darboties • strādāt,MARKER_LEAK,lv_macron_consonant
data,bg,A2,542,funktionieren,darboties • strādāt,Работа • Работа,FAMILY_COPY_STRICT,bg+hr+mk+sr
data,hr,A2,542,funktionieren,darboties • strādāt,Работа • Работа,FAMILY_COPY_STRICT,bg+hr+mk+sr
data,mk,A2,542,funktionieren,darboties • strādāt,Работа • Работа,FAMILY_COPY_STRICT,bg+hr+mk+sr
data,sr,A2,542,funktionieren,darboties • strādāt,Работа • Работа,FAMILY_COPY_STRICT,bg+hr+mk+sr
data,fi,A2,542,funktionieren,darboties • strādāt,Toimima • Töötama,FAMILY_COPY_STRICT,fi+is+nb+nn+sv
data,is,A2,542,funktionieren,darboties • strādāt,Toimima • Töötama,FAMILY_COPY_STRICT,fi+is+nb+nn+sv
data,nb,A2,542,funktionieren,darboties • strādāt,Toimima • Töötama,FAMILY_COPY_STRICT,fi+is+nb+nn+sv
data,nn,A2,542,funktionieren,darboties • strādāt,Toimima • Töötama,FAMILY_COPY_STRICT,fi+is+nb+nn+sv
data,sv,A2,542,funktionieren,darboties • strādāt,Toimima • Töötama,FAMILY_COPY_STRICT,fi+is+nb+nn+sv
data,it,A2,542,funktionieren,darboties • strādāt,Darboties • Stradat,FAMILY_COPY_STRICT,it+pt
data,pt,A2,542,funktionieren,darboties • strādāt,Darboties • Stradat,FAMILY_COPY_STRICT,it+pt
data,lb,A2,542,funktionieren,darboties • strādāt,Darboties • Strādāt,FAMILY_COPY_STRICT,lb+nl
data,nl,A2,542,funktionieren,darboties • strādāt,Darboties • Strādāt,FAMILY_COPY_STRICT,lb+nl
data,pl,A2,542,funktionieren,darboties • strādāt,Działać • Pracować,FAMILY_COPY_STRICT,pl+sk
data,sk,A2,542,funktionieren,darboties • strādāt,Działać • Pracować,FAMILY_COPY_STRICT,pl+sk
data,hr,A2,543,furchtbar,briesmīgs • drausmīgs,Ужасно • Ужасно,SCRIPT_MISMATCH,
data,hr,A2,543,furchtbar,briesmīgs • drausmīgs,Ужасно • Ужасно,MARKER_LEAK,foreign_script
data,lb,A2,543,furchtbar,briesmīgs • drausmīgs,Briesmīgs • Drausmīgs,SAME_AS_LV_CASEFOLD,casefold_only
data,lb,A2,543,furchtbar,briesmīgs • drausmīgs,Briesmīgs • Drausmīgs,LV_DIACRITIC,
data,lb,A2,543,furchtbar,briesmīgs • drausmīgs,Briesmīgs • Drausmīgs,MARKER_LEAK,lv_macron_consonant
data,nl,A2,543,furchtbar,briesmīgs • drausmīgs,Briesmīgs • Drausmīgs,SAME_AS_LV_CASEFOLD,casefold_only
data,nl,A2,543,furchtbar,briesmīgs • drausmīgs,Briesmīgs • Drausmīgs,LV_DIACRITIC,
data,nl,A2,543,furchtbar,briesmīgs • drausmīgs,Briesmīgs • Drausmīgs,MARKER_LEAK,lv_macron_consonant
data,sl,A2,543,furchtbar,briesmīgs • drausmīgs,briesmīgs • drausmīgs,SAME_AS_LV_CASEFOLD,exact
data,sl,A2,543,furchtbar,briesmīgs • drausmīgs,briesmīgs • drausmīgs,LV_DIACRITIC,
data,sl,A2,543,furchtbar,briesmīgs • drausmīgs,briesmīgs • drausmīgs,MARKER_LEAK,lv_macron_consonant
data,bg,A2,543,furchtbar,briesmīgs • drausmīgs,Ужасно • Ужасно,FAMILY_COPY_STRICT,bg+hr+mk+ru+sr
data,hr,A2,543,furchtbar,briesmīgs • drausmīgs,Ужасно • Ужасно,FAMILY_COPY_STRICT,bg+hr+mk+ru+sr
data,mk,A2,543,furchtbar,briesmīgs • drausmīgs,Ужасно • Ужасно,FAMILY_COPY_STRICT,bg+hr+mk+ru+sr
data,ru,A2,543,furchtbar,briesmīgs • drausmīgs,Ужасно • Ужасно,FAMILY_COPY_STRICT,bg+hr+mk+ru+sr
data,sr,A2,543,furchtbar,briesmīgs • drausmīgs,Ужасно • Ужасно,FAMILY_COPY_STRICT,bg+hr+mk+ru+sr
data,fi,A2,543,furchtbar,briesmīgs • drausmīgs,Kohutav • Hirmus,FAMILY_COPY_STRICT,fi+is+nb+nn+sv
data,is,A2,543,furchtbar,briesmīgs • drausmīgs,Kohutav • Hirmus,FAMILY_COPY_STRICT,fi+is+nb+nn+sv
data,nb,A2,543,furchtbar,briesmīgs • drausmīgs,Kohutav • Hirmus,FAMILY_COPY_STRICT,fi+is+nb+nn+sv
data,nn,A2,543,furchtbar,briesmīgs • drausmīgs,Kohutav • Hirmus,FAMILY_COPY_STRICT,fi+is+nb+nn+sv
data,sv,A2,543,furchtbar,briesmīgs • drausmīgs,Kohutav • Hirmus,FAMILY_COPY_STRICT,fi+is+nb+nn+sv
data,it,A2,543,furchtbar,briesmīgs • drausmīgs,Briesmigs • Drausmigs,FAMILY_COPY_STRICT,it+pt
data,pt,A2,543,furchtbar,briesmīgs • drausmīgs,Briesmigs • Drausmigs,FAMILY_COPY_STRICT,it+pt
data,lb,A2,543,furchtbar,briesmīgs • drausmīgs,Briesmīgs • Drausmīgs,FAMILY_COPY_STRICT,lb+nl
data,nl,A2,543,furchtbar,briesmīgs • drausmīgs,Briesmīgs • Drausmīgs,FAMILY_COPY_STRICT,lb+nl
data,pl,A2,543,furchtbar,briesmīgs • drausmīgs,Okropne • Okropne,FAMILY_COPY_STRICT,pl+sk
data,sk,A2,543,furchtbar,briesmīgs • drausmīgs,Okropne • Okropne,FAMILY_COPY_STRICT,pl+sk
data,sq,A2,543,furchtbar,briesmīgs • drausmīgs,Berbat • Berbat,FAMILY_COPY_STRICT,sq+tr
data,tr,A2,543,furchtbar,briesmīgs • drausmīgs,Berbat • Berbat,FAMILY_COPY_STRICT,sq+tr
data,hr,A2,544,Fußballfeld,futbola laukums,Футболно игрище,SCRIPT_MISMATCH,
data,hr,A2,544,Fußballfeld,futbola laukums,Футболно игрище,MARKER_LEAK,foreign_script
data,nl,A2,544,Fußballfeld,futbola laukums,Futbola laukums,SAME_AS_LV_CASEFOLD,casefold_only
data,sk,A2,544,Fußballfeld,futbola laukums,Boisko do piłki nożnej,MARKER_LEAK,pl_l_s_z
data,sl,A2,544,Fußballfeld,futbola laukums,futbola laukums,SAME_AS_LV_CASEFOLD,exact
data,sq,A2,544,Fußballfeld,futbola laukums,Boisko do piłki nożnej,MARKER_LEAK,pl_l_s_z
data,tr,A2,544,Fußballfeld,futbola laukums,Boisko do piłki nożnej,MARKER_LEAK,pl_l_s_z
data,bg,A2,544,Fußballfeld,futbola laukums,Футболно игрище,FAMILY_COPY_STRICT,bg+hr+mk+sr
data,hr,A2,544,Fußballfeld,futbola laukums,Футболно игрище,FAMILY_COPY_STRICT,bg+hr+mk+sr
data,mk,A2,544,Fußballfeld,futbola laukums,Футболно игрище,FAMILY_COPY_STRICT,bg+hr+mk+sr
data,sr,A2,544,Fußballfeld,futbola laukums,Футболно игрище,FAMILY_COPY_STRICT,bg+hr+mk+sr
data,fi,A2,544,Fußballfeld,futbola laukums,Jalgpalliväljak,FAMILY_COPY_STRICT,fi+sv
data,sv,A2,544,Fußballfeld,futbola laukums,Jalgpalliväljak,FAMILY_COPY_STRICT,fi+sv
data,is,A2,544,Fußballfeld,futbola laukums,Jalgpalli velkäk,FAMILY_COPY_STRICT,is+nb+nn
data,nb,A2,544,Fußballfeld,futbola laukums,Jalgpalli velkäk,FAMILY_COPY_STRICT,is+nb+nn
data,nn,A2,544,Fußballfeld,futbola laukums,Jalgpalli velkäk,FAMILY_COPY_STRICT,is+nb+nn
data,pl,A2,544,Fußballfeld,futbola laukums,Boisko do piłki nożnej,FAMILY_COPY_STRICT,pl+sk+sq+tr
data,sk,A2,544,Fußballfeld,futbola laukums,Boisko do piłki nożnej,FAMILY_COPY_STRICT,pl+sk+sq+tr
data,sq,A2,544,Fußballfeld,futbola laukums,Boisko do piłki nożnej,FAMILY_COPY_STRICT,pl+sk+sq+tr
data,tr,A2,544,Fußballfeld,futbola laukums,Boisko do piłki nożnej,FAMILY_COPY_STRICT,pl+sk+sq+tr
data,hr,A2,545,Fußballspieler,futbolists • futbola spēlētājs,Фудбалер • Фудбалер,SCRIPT_MISMATCH,
data,hr,A2,545,Fußballspieler,futbolists • futbola spēlētājs,Фудбалер • Фудбалер,MARKER_LEAK,foreign_script
data,it,A2,545,Fußballspieler,futbolists • futbola spēlētājs,Futbolistes • Futbola spēlētājs,LV_DIACRITIC,
data,it,A2,545,Fußballspieler,futbolists • futbola spēlētājs,Futbolistes • Futbola spēlētājs,MARKER_LEAK,lv_macron_consonant
data,lb,A2,545,Fußballspieler,futbolists • futbola spēlētājs,Futbolists • Futbola spēlētājs,SAME_AS_LV_CASEFOLD,casefold_only
data,lb,A2,545,Fußballspieler,futbolists • futbola spēlētājs,Futbolists • Futbola spēlētājs,LV_DIACRITIC,
data,lb,A2,545,Fußballspieler,futbolists • futbola spēlētājs,Futbolists • Futbola spēlētājs,MARKER_LEAK,lv_macron_consonant
data,nl,A2,545,Fußballspieler,futbolists • futbola spēlētājs,Futbolists • Futbola spēlētājs,SAME_AS_LV_CASEFOLD,casefold_only
data,nl,A2,545,Fußballspieler,futbolists • futbola spēlētājs,Futbolists • Futbola spēlētājs,LV_DIACRITIC,
data,nl,A2,545,Fußballspieler,futbolists • futbola spēlētājs,Futbolists • Futbola spēlētājs,MARKER_LEAK,lv_macron_consonant
data,sl,A2,545,Fußballspieler,futbolists • futbola spēlētājs,futbolists • futbola spēlētājs,SAME_AS_LV_CASEFOLD,exact
data,sl,A2,545,Fußballspieler,futbolists • futbola spēlētājs,futbolists • futbola spēlētājs,LV_DIACRITIC,
data,sl,A2,545,Fußballspieler,futbolists • futbola spēlētājs,futbolists • futbola spēlētājs,MARKER_LEAK,lv_macron_consonant
data,bg,A2,545,Fußballspieler,futbolists • futbola spēlētājs,Футболист • Футболист,FAMILY_COPY_STRICT,bg+ru
data,ru,A2,545,Fußballspieler,futbolists • futbola spēlētājs,Футболист • Футболист,FAMILY_COPY_STRICT,bg+ru
data,fi,A2,545,Fußballspieler,futbolists • futbola spēlētājs,Jalgpallur • Jalgpallimängija,FAMILY_COPY_STRICT,fi+sv
data,sv,A2,545,Fußballspieler,futbolists • futbola spēlētājs,Jalgpallur • Jalgpallimängija,FAMILY_COPY_STRICT,fi+sv
data,hr,A2,545,Fußballspieler,futbolists • futbola spēlētājs,Фудбалер • Фудбалер,FAMILY_COPY_STRICT,hr+mk+sr
data,mk,A2,545,Fußballspieler,futbolists • futbola spēlētājs,Фудбалер • Фудбалер,FAMILY_COPY_STRICT,hr+mk+sr
data,sr,A2,545,Fußballspieler,futbolists • futbola spēlētājs,Фудбалер • Фудбалер,FAMILY_COPY_STRICT,hr+mk+sr
data,is,A2,545,Fußballspieler,futbolists • futbola spēlētājs,Jalgpallur • Jalgpallimøys,FAMILY_COPY_STRICT,is+nb+nn
data,nb,A2,545,Fußballspieler,futbolists • futbola spēlētājs,Jalgpallur • Jalgpallimøys,FAMILY_COPY_STRICT,is+nb+nn
data,nn,A2,545,Fußballspieler,futbolists • futbola spēlētājs,Jalgpallur • Jalgpallimøys,FAMILY_COPY_STRICT,is+nb+nn
data,lb,A2,545,Fußballspieler,futbolists • futbola spēlētājs,Futbolists • Futbola spēlētājs,FAMILY_COPY_STRICT,lb+nl
data,nl,A2,545,Fußballspieler,futbolists • futbola spēlētājs,Futbolists • Futbola spēlētājs,FAMILY_COPY_STRICT,lb+nl
data,sq,A2,545,Fußballspieler,futbolists • futbola spēlētājs,Futbolcu • Futbolcu,FAMILY_COPY_STRICT,sq+tr
data,tr,A2,545,Fußballspieler,futbolists • futbola spēlētājs,Futbolcu • Futbolcu,FAMILY_COPY_STRICT,sq+tr
data,fi,A2,546,Fußboden,grīda,Põrand,MARKER_LEAK,et_otilde
data,hr,A2,546,Fußboden,grīda,Кат,SCRIPT_MISMATCH,
data,hr,A2,546,Fußboden,grīda,Кат,MARKER_LEAK,foreign_script
data,is,A2,546,Fußboden,grīda,Põrand,MARKER_LEAK,et_otilde
data,nb,A2,546,Fußboden,grīda,Põrand,MARKER_LEAK,et_otilde
data,nl,A2,546,Fußboden,grīda,Grīda,SAME_AS_LV_CASEFOLD,casefold_only
data,nl,A2,546,Fußboden,grīda,Grīda,LV_DIACRITIC,
data,nl,A2,546,Fußboden,grīda,Grīda,MARKER_LEAK,lv_macron_consonant
data,nn,A2,546,Fußboden,grīda,Põrand,MARKER_LEAK,et_otilde
data,sl,A2,546,Fußboden,grīda,grīda,SAME_AS_LV_CASEFOLD,exact
data,sl,A2,546,Fußboden,grīda,grīda,LV_DIACRITIC,
data,sl,A2,546,Fußboden,grīda,grīda,MARKER_LEAK,lv_macron_consonant
data,sv,A2,546,Fußboden,grīda,Põrand,MARKER_LEAK,et_otilde
data,fi,A2,546,Fußboden,grīda,Põrand,FAMILY_COPY_STRICT,fi+is+nb+nn+sv
data,is,A2,546,Fußboden,grīda,Põrand,FAMILY_COPY_STRICT,fi+is+nb+nn+sv
data,nb,A2,546,Fußboden,grīda,Põrand,FAMILY_COPY_STRICT,fi+is+nb+nn+sv
data,nn,A2,546,Fußboden,grīda,Põrand,FAMILY_COPY_STRICT,fi+is+nb+nn+sv
data,sv,A2,546,Fußboden,grīda,Põrand,FAMILY_COPY_STRICT,fi+is+nb+nn+sv
data,hr,A2,546,Fußboden,grīda,Кат,FAMILY_COPY_STRICT,hr+mk+sr
data,mk,A2,546,Fußboden,grīda,Кат,FAMILY_COPY_STRICT,hr+mk+sr
data,sr,A2,546,Fußboden,grīda,Кат,FAMILY_COPY_STRICT,hr+mk+sr
data,hr,A2,547,Fußgänger,gājējs,Пешеходец,SCRIPT_MISMATCH,
data,hr,A2,547,Fußgänger,gājējs,Пешеходец,MARKER_LEAK,foreign_script
data,it,A2,547,Fußgänger,gājējs,Gājējs,SAME_AS_LV_CASEFOLD,casefold_only
data,it,A2,547,Fußgänger,gājējs,Gājējs,LV_DIACRITIC,
data,it,A2,547,Fußgänger,gājējs,Gājējs,MARKER_LEAK,lv_macron_consonant
data,lb,A2,547,Fußgänger,gājējs,Gājējs,SAME_AS_LV_CASEFOLD,casefold_only
data,lb,A2,547,Fußgänger,gājējs,Gājējs,LV_DIACRITIC,
data,lb,A2,547,Fußgänger,gājējs,Gājējs,MARKER_LEAK,lv_macron_consonant
data,nl,A2,547,Fußgänger,gājējs,Gājējs,SAME_AS_LV_CASEFOLD,casefold_only
data,nl,A2,547,Fußgänger,gājējs,Gājējs,LV_DIACRITIC,
data,nl,A2,547,Fußgänger,gājējs,Gājējs,MARKER_LEAK,lv_macron_consonant
data,pt,A2,547,Fußgänger,gājējs,Gājējs,SAME_AS_LV_CASEFOLD,casefold_only
data,pt,A2,547,Fußgänger,gājējs,Gājējs,LV_DIACRITIC,
data,pt,A2,547,Fußgänger,gājējs,Gājējs,MARKER_LEAK,lv_macron_consonant
data,sl,A2,547,Fußgänger,gājējs,gājējs,SAME_AS_LV_CASEFOLD,exact
data,sl,A2,547,Fußgänger,gājējs,gājējs,LV_DIACRITIC,
data,sl,A2,547,Fußgänger,gājējs,gājējs,MARKER_LEAK,lv_macron_consonant
data,bg,A2,547,Fußgänger,gājējs,Пешеходец,FAMILY_COPY_STRICT,bg+hr+mk+sr
data,hr,A2,547,Fußgänger,gājējs,Пешеходец,FAMILY_COPY_STRICT,bg+hr+mk+sr
data,mk,A2,547,Fußgänger,gājējs,Пешеходец,FAMILY_COPY_STRICT,bg+hr+mk+sr
data,sr,A2,547,Fußgänger,gājējs,Пешеходец,FAMILY_COPY_STRICT,bg+hr+mk+sr
data,fi,A2,547,Fußgänger,gājējs,Jalakäija,FAMILY_COPY_STRICT,fi+is+nb+nn+sv
data,is,A2,547,Fußgänger,gājējs,Jalakäija,FAMILY_COPY_STRICT,fi+is+nb+nn+sv
data,nb,A2,547,Fußgänger,gājējs,Jalakäija,FAMILY_COPY_STRICT,fi+is+nb+nn+sv
data,nn,A2,547,Fußgänger,gājējs,Jalakäija,FAMILY_COPY_STRICT,fi+is+nb+nn+sv
data,sv,A2,547,Fußgänger,gājējs,Jalakäija,FAMILY_COPY_STRICT,fi+is+nb+nn+sv
data,it,A2,547,Fußgänger,gājējs,Gājējs,FAMILY_COPY_STRICT,it+lb+nl+pt
data,lb,A2,547,Fußgänger,gājējs,Gājējs,FAMILY_COPY_STRICT,it+lb+nl+pt
data,nl,A2,547,Fußgänger,gājējs,Gājējs,FAMILY_COPY_STRICT,it+lb+nl+pt
data,pt,A2,547,Fußgänger,gājējs,Gājējs,FAMILY_COPY_STRICT,it+lb+nl+pt
data,pl,A2,547,Fußgänger,gājējs,Pieszy,FAMILY_COPY_STRICT,pl+sk+sq+tr
data,sk,A2,547,Fußgänger,gājējs,Pieszy,FAMILY_COPY_STRICT,pl+sk+sq+tr
data,sq,A2,547,Fußgänger,gājējs,Pieszy,FAMILY_COPY_STRICT,pl+sk+sq+tr
data,tr,A2,547,Fußgänger,gājējs,Pieszy,FAMILY_COPY_STRICT,pl+sk+sq+tr
data,fi,A2,548,Fußweg,ietve • gājēju ceļš,Kõnnitee • Jalgtee,MARKER_LEAK,et_otilde
data,hr,A2,548,Fußweg,ietve • gājēju ceļš,Тротоар • Патека,SCRIPT_MISMATCH,
data,hr,A2,548,Fußweg,ietve • gājēju ceļš,Тротоар • Патека,MARKER_LEAK,foreign_script
data,is,A2,548,Fußweg,ietve • gājēju ceļš,Kõnnitee • Jalgtee,MARKER_LEAK,et_otilde
data,it,A2,548,Fußweg,ietve • gājēju ceļš,Ietve • Gājēju ceųš,LV_DIACRITIC,
data,it,A2,548,Fußweg,ietve • gājēju ceļš,Ietve • Gājēju ceųš,MARKER_LEAK,lv_macron_consonant
data,lb,A2,548,Fußweg,ietve • gājēju ceļš,Ietve • Gājēju ceļš,SAME_AS_LV_CASEFOLD,casefold_only
data,lb,A2,548,Fußweg,ietve • gājēju ceļš,Ietve • Gājēju ceļš,LV_DIACRITIC,
data,lb,A2,548,Fußweg,ietve • gājēju ceļš,Ietve • Gājēju ceļš,MARKER_LEAK,lv_macron_consonant
data,nb,A2,548,Fußweg,ietve • gājēju ceļš,Kõnnitee • Jalgtee,MARKER_LEAK,et_otilde
data,nl,A2,548,Fußweg,ietve • gājēju ceļš,Ietve • Gājēju ceļš,SAME_AS_LV_CASEFOLD,casefold_only
data,nl,A2,548,Fußweg,ietve • gājēju ceļš,Ietve • Gājēju ceļš,LV_DIACRITIC,
data,nl,A2,548,Fußweg,ietve • gājēju ceļš,Ietve • Gājēju ceļš,MARKER_LEAK,lv_macron_consonant
data,nn,A2,548,Fußweg,ietve • gājēju ceļš,Kõnnitee • Jalgtee,MARKER_LEAK,et_otilde
data,pt,A2,548,Fußweg,ietve • gājēju ceļš,Ietve • Gājēju ceųš,LV_DIACRITIC,
data,pt,A2,548,Fußweg,ietve • gājēju ceļš,Ietve • Gājēju ceųš,MARKER_LEAK,lv_macron_consonant
data,sl,A2,548,Fußweg,ietve • gājēju ceļš,ietve • gājēju ceļš,SAME_AS_LV_CASEFOLD,exact
data,sl,A2,548,Fußweg,ietve • gājēju ceļš,ietve • gājēju ceļš,LV_DIACRITIC,
data,sl,A2,548,Fußweg,ietve • gājēju ceļš,ietve • gājēju ceļš,MARKER_LEAK,lv_macron_consonant
data,sq,A2,548,Fußweg,ietve • gājēju ceļš,Kaldırım • Kaldırım,MARKER_LEAK,tr_soft
data,sv,A2,548,Fußweg,ietve • gājēju ceļš,Kõnnitee • Jalgtee,MARKER_LEAK,et_otilde
data,fi,A2,548,Fußweg,ietve • gājēju ceļš,Kõnnitee • Jalgtee,FAMILY_COPY_STRICT,fi+is+nb+nn+sv
data,is,A2,548,Fußweg,ietve • gājēju ceļš,Kõnnitee • Jalgtee,FAMILY_COPY_STRICT,fi+is+nb+nn+sv
data,nb,A2,548,Fußweg,ietve • gājēju ceļš,Kõnnitee • Jalgtee,FAMILY_COPY_STRICT,fi+is+nb+nn+sv
data,nn,A2,548,Fußweg,ietve • gājēju ceļš,Kõnnitee • Jalgtee,FAMILY_COPY_STRICT,fi+is+nb+nn+sv
data,sv,A2,548,Fußweg,ietve • gājēju ceļš,Kõnnitee • Jalgtee,FAMILY_COPY_STRICT,fi+is+nb+nn+sv
data,hr,A2,548,Fußweg,ietve • gājēju ceļš,Тротоар • Патека,FAMILY_COPY_STRICT,hr+mk+sr
data,mk,A2,548,Fußweg,ietve • gājēju ceļš,Тротоар • Патека,FAMILY_COPY_STRICT,hr+mk+sr
data,sr,A2,548,Fußweg,ietve • gājēju ceļš,Тротоар • Патека,FAMILY_COPY_STRICT,hr+mk+sr
data,it,A2,548,Fußweg,ietve • gājēju ceļš,Ietve • Gājēju ceųš,FAMILY_COPY_STRICT,it+pt
data,pt,A2,548,Fußweg,ietve • gājēju ceļš,Ietve • Gājēju ceųš,FAMILY_COPY_STRICT,it+pt
data,lb,A2,548,Fußweg,ietve • gājēju ceļš,Ietve • Gājēju ceļš,FAMILY_COPY_STRICT,lb+nl
data,nl,A2,548,Fußweg,ietve • gājēju ceļš,Ietve • Gājēju ceļš,FAMILY_COPY_STRICT,lb+nl
data,sq,A2,548,Fußweg,ietve • gājēju ceļš,Kaldırım • Kaldırım,FAMILY_COPY_STRICT,sq+tr
data,tr,A2,548,Fußweg,ietve • gājēju ceļš,Kaldırım • Kaldırım,FAMILY_COPY_STRICT,sq+tr
data,lb,A2,549,füttern,barot,Barot,SAME_AS_LV_CASEFOLD,casefold_only
data,nl,A2,549,füttern,barot,Barot,SAME_AS_LV_CASEFOLD,casefold_only
data,sl,A2,549,füttern,barot,barot,SAME_AS_LV_CASEFOLD,exact
data,sr,A2,549,füttern,barot,Hrana,SCRIPT_MISMATCH,sr_as_cyrillic
data,sr,A2,549,füttern,barot,Hrana,MARKER_LEAK,latin_in_cyrillic
data,bg,A2,549,füttern,barot,Храна,FAMILY_COPY_STRICT,bg+mk
data,mk,A2,549,füttern,barot,Храна,FAMILY_COPY_STRICT,bg+mk
data,fi,A2,549,füttern,barot,Toitma,FAMILY_COPY_STRICT,fi+is+nb+nn+sv
data,is,A2,549,füttern,barot,Toitma,FAMILY_COPY_STRICT,fi+is+nb+nn+sv
data,nb,A2,549,füttern,barot,Toitma,FAMILY_COPY_STRICT,fi+is+nb+nn+sv
data,nn,A2,549,füttern,barot,Toitma,FAMILY_COPY_STRICT,fi+is+nb+nn+sv
data,sv,A2,549,füttern,barot,Toitma,FAMILY_COPY_STRICT,fi+is+nb+nn+sv
data,hr,A2,549,füttern,barot,Hrana,FAMILY_COPY_STRICT,hr+sr
data,sr,A2,549,füttern,barot,Hrana,FAMILY_COPY_STRICT,hr+sr
data,lb,A2,549,füttern,barot,Barot,FAMILY_COPY_STRICT,lb+nl
data,nl,A2,549,füttern,barot,Barot,FAMILY_COPY_STRICT,lb+nl
data,bs,A2,550,Galerie,galerija,galerija,SAME_AS_LV_CASEFOLD,exact
data,hr,A2,550,Galerie,galerija,Галерия,SCRIPT_MISMATCH,
data,hr,A2,550,Galerie,galerija,Галерия,MARKER_LEAK,foreign_script
data,lb,A2,550,Galerie,galerija,Galerija,SAME_AS_LV_CASEFOLD,casefold_only
data,lt,A2,550,Galerie,galerija,galerija,SAME_AS_LV_CASEFOLD,exact
data,nl,A2,550,Galerie,galerija,Galerija,SAME_AS_LV_CASEFOLD,casefold_only
data,sl,A2,550,Galerie,galerija,galerija,SAME_AS_LV_CASEFOLD,exact
data,bg,A2,550,Galerie,galerija,Галерия,FAMILY_COPY_STRICT,bg+hr+mk+sr
data,hr,A2,550,Galerie,galerija,Галерия,FAMILY_COPY_STRICT,bg+hr+mk+sr
data,mk,A2,550,Galerie,galerija,Галерия,FAMILY_COPY_STRICT,bg+hr+mk+sr
data,sr,A2,550,Galerie,galerija,Галерия,FAMILY_COPY_STRICT,bg+hr+mk+sr
data,da,A2,550,Galerie,galerija,Galleri,FAMILY_COPY_STRICT,da+is+nb+nn
data,is,A2,550,Galerie,galerija,Galleri,FAMILY_COPY_STRICT,da+is+nb+nn
data,nb,A2,550,Galerie,galerija,Galleri,FAMILY_COPY_STRICT,da+is+nb+nn
data,nn,A2,550,Galerie,galerija,Galleri,FAMILY_COPY_STRICT,da+is+nb+nn
data,en,A2,550,Galerie,galerija,Gallery,FAMILY_COPY_STRICT,en+it
data,it,A2,550,Galerie,galerija,Gallery,FAMILY_COPY_STRICT,en+it
data,fi,A2,550,Galerie,galerija,Galerii,FAMILY_COPY_STRICT,fi+sv
data,sv,A2,550,Galerie,galerija,Galerii,FAMILY_COPY_STRICT,fi+sv
data,lb,A2,550,Galerie,galerija,Galerija,FAMILY_COPY_STRICT,lb+nl
data,nl,A2,550,Galerie,galerija,Galerija,FAMILY_COPY_STRICT,lb+nl
data,pl,A2,550,Galerie,galerija,Galeria,FAMILY_COPY_STRICT,pl+pt+sk+sq+tr
data,pt,A2,550,Galerie,galerija,Galeria,FAMILY_COPY_STRICT,pl+pt+sk+sq+tr
data,sk,A2,550,Galerie,galerija,Galeria,FAMILY_COPY_STRICT,pl+pt+sk+sq+tr
data,sq,A2,550,Galerie,galerija,Galeria,FAMILY_COPY_STRICT,pl+pt+sk+sq+tr
data,tr,A2,550,Galerie,galerija,Galeria,FAMILY_COPY_STRICT,pl+pt+sk+sq+tr
data,fi,A2,551,Gang,gaitenis • gaita • ēdiena kārta,Koridor • Kõnnak • Roog,MARKER_LEAK,et_otilde
data,hr,A2,551,Gang,gaitenis • gaita • ēdiena kārta,Коридор • Курс • Хранителен кръг,SCRIPT_MISMATCH,
data,hr,A2,551,Gang,gaitenis • gaita • ēdiena kārta,Коридор • Курс • Хранителен кръг,MARKER_LEAK,foreign_script
data,is,A2,551,Gang,gaitenis • gaita • ēdiena kārta,Korridor • Kõnnak • Roog,MARKER_LEAK,et_otilde
data,it,A2,551,Gang,gaitenis • gaita • ēdiena kārta,Gaitenis • Gaita • Ēdiena karta,LV_DIACRITIC,
data,it,A2,551,Gang,gaitenis • gaita • ēdiena kārta,Gaitenis • Gaita • Ēdiena karta,MARKER_LEAK,lv_macron_consonant
data,lb,A2,551,Gang,gaitenis • gaita • ēdiena kārta,Gaitenis • Gaita • Ēdiena kārta,SAME_AS_LV_CASEFOLD,casefold_only
data,lb,A2,551,Gang,gaitenis • gaita • ēdiena kārta,Gaitenis • Gaita • Ēdiena kārta,LV_DIACRITIC,
data,lb,A2,551,Gang,gaitenis • gaita • ēdiena kārta,Gaitenis • Gaita • Ēdiena kārta,MARKER_LEAK,lv_macron_consonant
data,nb,A2,551,Gang,gaitenis • gaita • ēdiena kārta,Korridor • Kõnnak • Roog,MARKER_LEAK,et_otilde
data,nl,A2,551,Gang,gaitenis • gaita • ēdiena kārta,Gaitenis • Gaita • Ēdiena kārta,SAME_AS_LV_CASEFOLD,casefold_only
data,nl,A2,551,Gang,gaitenis • gaita • ēdiena kārta,Gaitenis • Gaita • Ēdiena kārta,LV_DIACRITIC,
data,nl,A2,551,Gang,gaitenis • gaita • ēdiena kārta,Gaitenis • Gaita • Ēdiena kārta,MARKER_LEAK,lv_macron_consonant
data,nn,A2,551,Gang,gaitenis • gaita • ēdiena kārta,Korridor • Kõnnak • Roog,MARKER_LEAK,et_otilde
data,pt,A2,551,Gang,gaitenis • gaita • ēdiena kārta,Gaitenis • Gaita • Ēdiena karta,LV_DIACRITIC,
data,pt,A2,551,Gang,gaitenis • gaita • ēdiena kārta,Gaitenis • Gaita • Ēdiena karta,MARKER_LEAK,lv_macron_consonant
data,sl,A2,551,Gang,gaitenis • gaita • ēdiena kārta,gaitenis • gaita • ēdiena kārta,SAME_AS_LV_CASEFOLD,exact
data,sl,A2,551,Gang,gaitenis • gaita • ēdiena kārta,gaitenis • gaita • ēdiena kārta,LV_DIACRITIC,
data,sl,A2,551,Gang,gaitenis • gaita • ēdiena kārta,gaitenis • gaita • ēdiena kārta,MARKER_LEAK,lv_macron_consonant
data,sv,A2,551,Gang,gaitenis • gaita • ēdiena kārta,Koridor • Kõnnak • Roog,MARKER_LEAK,et_otilde
data,bg,A2,551,Gang,gaitenis • gaita • ēdiena kārta,Коридор • Курс • Хранителен кръг,FAMILY_COPY_STRICT,bg+hr+mk+sr
data,hr,A2,551,Gang,gaitenis • gaita • ēdiena kārta,Коридор • Курс • Хранителен кръг,FAMILY_COPY_STRICT,bg+hr+mk+sr
data,mk,A2,551,Gang,gaitenis • gaita • ēdiena kārta,Коридор • Курс • Хранителен кръг,FAMILY_COPY_STRICT,bg+hr+mk+sr
data,sr,A2,551,Gang,gaitenis • gaita • ēdiena kārta,Коридор • Курс • Хранителен кръг,FAMILY_COPY_STRICT,bg+hr+mk+sr
data,fi,A2,551,Gang,gaitenis • gaita • ēdiena kārta,Koridor • Kõnnak • Roog,FAMILY_COPY_STRICT,fi+sv
data,sv,A2,551,Gang,gaitenis • gaita • ēdiena kārta,Koridor • Kõnnak • Roog,FAMILY_COPY_STRICT,fi+sv
data,is,A2,551,Gang,gaitenis • gaita • ēdiena kārta,Korridor • Kõnnak • Roog,FAMILY_COPY_STRICT,is+nb+nn
data,nb,A2,551,Gang,gaitenis • gaita • ēdiena kārta,Korridor • Kõnnak • Roog,FAMILY_COPY_STRICT,is+nb+nn
data,nn,A2,551,Gang,gaitenis • gaita • ēdiena kārta,Korridor • Kõnnak • Roog,FAMILY_COPY_STRICT,is+nb+nn
data,it,A2,551,Gang,gaitenis • gaita • ēdiena kārta,Gaitenis • Gaita • Ēdiena karta,FAMILY_COPY_STRICT,it+pt
data,pt,A2,551,Gang,gaitenis • gaita • ēdiena kārta,Gaitenis • Gaita • Ēdiena karta,FAMILY_COPY_STRICT,it+pt
data,lb,A2,551,Gang,gaitenis • gaita • ēdiena kārta,Gaitenis • Gaita • Ēdiena kārta,FAMILY_COPY_STRICT,lb+nl
data,nl,A2,551,Gang,gaitenis • gaita • ēdiena kārta,Gaitenis • Gaita • Ēdiena kārta,FAMILY_COPY_STRICT,lb+nl
data,pl,A2,551,Gang,gaitenis • gaita • ēdiena kārta,Korytarz • Kurs • Runda jedzenia,FAMILY_COPY_STRICT,pl+sk
data,sk,A2,551,Gang,gaitenis • gaita • ēdiena kārta,Korytarz • Kurs • Runda jedzenia,FAMILY_COPY_STRICT,pl+sk
data,sq,A2,551,Gang,gaitenis • gaita • ēdiena kārta,Koridor • Kurs • Yemek Turu,FAMILY_COPY_STRICT,sq+tr
data,tr,A2,551,Gang,gaitenis • gaita • ēdiena kārta,Koridor • Kurs • Yemek Turu,FAMILY_COPY_STRICT,sq+tr
data,hr,A2,552,Gans,zoss,Гъска,SCRIPT_MISMATCH,
data,hr,A2,552,Gans,zoss,Гъска,MARKER_LEAK,foreign_script
data,it,A2,552,Gans,zoss,Zoss,SAME_AS_LV_CASEFOLD,casefold_only
data,nl,A2,552,Gans,zoss,Zoss,SAME_AS_LV_CASEFOLD,casefold_only
data,pt,A2,552,Gans,zoss,Zoss,SAME_AS_LV_CASEFOLD,casefold_only
data,sk,A2,552,Gans,zoss,Gęś,MARKER_LEAK,pl_l_s_z+pl_lt_nasal
data,sl,A2,552,Gans,zoss,zoss,SAME_AS_LV_CASEFOLD,exact
data,bg,A2,552,Gans,zoss,Гъска,FAMILY_COPY_STRICT,bg+hr+mk+sr
data,hr,A2,552,Gans,zoss,Гъска,FAMILY_COPY_STRICT,bg+hr+mk+sr
data,mk,A2,552,Gans,zoss,Гъска,FAMILY_COPY_STRICT,bg+hr+mk+sr
data,sr,A2,552,Gans,zoss,Гъска,FAMILY_COPY_STRICT,bg+hr+mk+sr
data,fi,A2,552,Gans,zoss,Hani,FAMILY_COPY_STRICT,fi+sv
data,sv,A2,552,Gans,zoss,Hani,FAMILY_COPY_STRICT,fi+sv
data,is,A2,552,Gans,zoss,Honning,FAMILY_COPY_STRICT,is+nb+nn
data,nb,A2,552,Gans,zoss,Honning,FAMILY_COPY_STRICT,is+nb+nn
data,nn,A2,552,Gans,zoss,Honning,FAMILY_COPY_STRICT,is+nb+nn
data,it,A2,552,Gans,zoss,Zoss,FAMILY_COPY_STRICT,it+nl+pt
data,nl,A2,552,Gans,zoss,Zoss,FAMILY_COPY_STRICT,it+nl+pt
data,pt,A2,552,Gans,zoss,Zoss,FAMILY_COPY_STRICT,it+nl+pt
data,pl,A2,552,Gans,zoss,Gęś,FAMILY_COPY_STRICT,pl+sk
data,sk,A2,552,Gans,zoss,Gęś,FAMILY_COPY_STRICT,pl+sk
data,sq,A2,552,Gans,zoss,Kaz,FAMILY_COPY_STRICT,sq+tr
data,tr,A2,552,Gans,zoss,Kaz,FAMILY_COPY_STRICT,sq+tr
data,hr,A2,553,gar,pavisam • visai (nolieguma teikumos),Като цяло • Изобщо (в отрицателни изречения),SCRIPT_MISMATCH,
data,hr,A2,553,gar,pavisam • visai (nolieguma teikumos),Като цяло • Изобщо (в отрицателни изречения),MARKER_LEAK,foreign_script
data,it,A2,553,gar,pavisam • visai (nolieguma teikumos),Pavisam • Visai (nolieguma teikumos),SAME_AS_LV_CASEFOLD,casefold_only
data,lb,A2,553,gar,pavisam • visai (nolieguma teikumos),Pavisam • Visai (nolieguma teikumos),SAME_AS_LV_CASEFOLD,casefold_only
data,nl,A2,553,gar,pavisam • visai (nolieguma teikumos),Pavisam • Visai (nolieguma teikumos),SAME_AS_LV_CASEFOLD,casefold_only
data,pt,A2,553,gar,pavisam • visai (nolieguma teikumos),Pavisam • Visai (nolieguma teikumos),SAME_AS_LV_CASEFOLD,casefold_only
data,sk,A2,553,gar,pavisam • visai (nolieguma teikumos),Całkowicie • Całkowicie (w zdaniach przeczących),MARKER_LEAK,pl_l_s_z+pl_lt_nasal
data,sl,A2,553,gar,pavisam • visai (nolieguma teikumos),pavisam • visai (nolieguma teikumos),SAME_AS_LV_CASEFOLD,exact
data,uk,A2,553,gar,pavisam • visai (nolieguma teikumos),alltogether • зовсім (у заперечних реченнях),SCRIPT_MISMATCH,
data,uk,A2,553,gar,pavisam • visai (nolieguma teikumos),alltogether • зовсім (у заперечних реченнях),MARKER_LEAK,latin_in_cyrillic
data,bg,A2,553,gar,pavisam • visai (nolieguma teikumos),Като цяло • Изобщо (в отрицателни изречения),FAMILY_COPY_STRICT,bg+hr+mk+sr
data,hr,A2,553,gar,pavisam • visai (nolieguma teikumos),Като цяло • Изобщо (в отрицателни изречения),FAMILY_COPY_STRICT,bg+hr+mk+sr
data,mk,A2,553,gar,pavisam • visai (nolieguma teikumos),Като цяло • Изобщо (в отрицателни изречения),FAMILY_COPY_STRICT,bg+hr+mk+sr
data,sr,A2,553,gar,pavisam • visai (nolieguma teikumos),Като цяло • Изобщо (в отрицателни изречения),FAMILY_COPY_STRICT,bg+hr+mk+sr
data,fi,A2,553,gar,pavisam • visai (nolieguma teikumos),Üldse • Sugugi (eitavates lausetes),FAMILY_COPY_STRICT,fi+is+nb+nn+sv
data,is,A2,553,gar,pavisam • visai (nolieguma teikumos),Üldse • Sugugi (eitavates lausetes),FAMILY_COPY_STRICT,fi+is+nb+nn+sv
data,nb,A2,553,gar,pavisam • visai (nolieguma teikumos),Üldse • Sugugi (eitavates lausetes),FAMILY_COPY_STRICT,fi+is+nb+nn+sv
data,nn,A2,553,gar,pavisam • visai (nolieguma teikumos),Üldse • Sugugi (eitavates lausetes),FAMILY_COPY_STRICT,fi+is+nb+nn+sv
data,sv,A2,553,gar,pavisam • visai (nolieguma teikumos),Üldse • Sugugi (eitavates lausetes),FAMILY_COPY_STRICT,fi+is+nb+nn+sv
data,it,A2,553,gar,pavisam • visai (nolieguma teikumos),Pavisam • Visai (nolieguma teikumos),FAMILY_COPY_STRICT,it+lb+nl+pt
data,lb,A2,553,gar,pavisam • visai (nolieguma teikumos),Pavisam • Visai (nolieguma teikumos),FAMILY_COPY_STRICT,it+lb+nl+pt
data,nl,A2,553,gar,pavisam • visai (nolieguma teikumos),Pavisam • Visai (nolieguma teikumos),FAMILY_COPY_STRICT,it+lb+nl+pt
data,pt,A2,553,gar,pavisam • visai (nolieguma teikumos),Pavisam • Visai (nolieguma teikumos),FAMILY_COPY_STRICT,it+lb+nl+pt
data,pl,A2,553,gar,pavisam • visai (nolieguma teikumos),Całkowicie • Całkowicie (w zdaniach przeczących),FAMILY_COPY_STRICT,pl+sk
data,sk,A2,553,gar,pavisam • visai (nolieguma teikumos),Całkowicie • Całkowicie (w zdaniach przeczących),FAMILY_COPY_STRICT,pl+sk
data,hr,A2,554,Garderobe,garderobe • ģērbtuve,Гардероба • Соблекувална,SCRIPT_MISMATCH,
data,hr,A2,554,Garderobe,garderobe • ģērbtuve,Гардероба • Соблекувална,MARKER_LEAK,foreign_script
data,it,A2,554,Garderobe,garderobe • ģērbtuve,Armoire • Ģērbtuve,LV_DIACRITIC,
data,it,A2,554,Garderobe,garderobe • ģērbtuve,Armoire • Ģērbtuve,MARKER_LEAK,lv_macron_consonant
data,lb,A2,554,Garderobe,garderobe • ģērbtuve,Garderobe • Ģērbtuve,SAME_AS_LV_CASEFOLD,casefold_only
data,lb,A2,554,Garderobe,garderobe • ģērbtuve,Garderobe • Ģērbtuve,LV_DIACRITIC,
data,lb,A2,554,Garderobe,garderobe • ģērbtuve,Garderobe • Ģērbtuve,MARKER_LEAK,lv_macron_consonant
data,nl,A2,554,Garderobe,garderobe • ģērbtuve,Garderobe • Ģērbtuve,SAME_AS_LV_CASEFOLD,casefold_only
data,nl,A2,554,Garderobe,garderobe • ģērbtuve,Garderobe • Ģērbtuve,LV_DIACRITIC,
data,nl,A2,554,Garderobe,garderobe • ģērbtuve,Garderobe • Ģērbtuve,MARKER_LEAK,lv_macron_consonant
data,pt,A2,554,Garderobe,garderobe • ģērbtuve,Guarda-roupa • Ģērbtuve,LV_DIACRITIC,
data,pt,A2,554,Garderobe,garderobe • ģērbtuve,Guarda-roupa • Ģērbtuve,MARKER_LEAK,lv_macron_consonant
data,sl,A2,554,Garderobe,garderobe • ģērbtuve,garderobe • ģērbtuve,SAME_AS_LV_CASEFOLD,exact
data,sl,A2,554,Garderobe,garderobe • ģērbtuve,garderobe • ģērbtuve,LV_DIACRITIC,
data,sl,A2,554,Garderobe,garderobe • ģērbtuve,garderobe • ģērbtuve,MARKER_LEAK,lv_macron_consonant
data,sq,A2,554,Garderobe,garderobe • ģērbtuve,Gardırop • Gardırop,MARKER_LEAK,tr_soft
data,uk,A2,554,Garderobe,garderobe • ģērbtuve,garderobe • гардеробна,SCRIPT_MISMATCH,
data,uk,A2,554,Garderobe,garderobe • ģērbtuve,garderobe • гардеробна,MARKER_LEAK,latin_in_cyrillic
data,fi,A2,554,Garderobe,garderobe • ģērbtuve,Garderoob • Riietusruum,FAMILY_COPY_STRICT,fi+sv
data,sv,A2,554,Garderobe,garderobe • ģērbtuve,Garderoob • Riietusruum,FAMILY_COPY_STRICT,fi+sv
data,hr,A2,554,Garderobe,garderobe • ģērbtuve,Гардероба • Соблекувална,FAMILY_COPY_STRICT,hr+mk+sr
data,mk,A2,554,Garderobe,garderobe • ģērbtuve,Гардероба • Соблекувална,FAMILY_COPY_STRICT,hr+mk+sr
data,sr,A2,554,Garderobe,garderobe • ģērbtuve,Гардероба • Соблекувална,FAMILY_COPY_STRICT,hr+mk+sr
data,is,A2,554,Garderobe,garderobe • ģērbtuve,Garderobe • Riietusruum,FAMILY_COPY_STRICT,is+nb+nn
data,nb,A2,554,Garderobe,garderobe • ģērbtuve,Garderobe • Riietusruum,FAMILY_COPY_STRICT,is+nb+nn
data,nn,A2,554,Garderobe,garderobe • ģērbtuve,Garderobe • Riietusruum,FAMILY_COPY_STRICT,is+nb+nn
data,lb,A2,554,Garderobe,garderobe • ģērbtuve,Garderobe • Ģērbtuve,FAMILY_COPY_STRICT,lb+nl
data,nl,A2,554,Garderobe,garderobe • ģērbtuve,Garderobe • Ģērbtuve,FAMILY_COPY_STRICT,lb+nl
data,sq,A2,554,Garderobe,garderobe • ģērbtuve,Gardırop • Gardırop,FAMILY_COPY_STRICT,sq+tr
data,tr,A2,554,Garderobe,garderobe • ģērbtuve,Gardırop • Gardırop,FAMILY_COPY_STRICT,sq+tr
data,hr,A2,555,Gardine,logu aizkars,Прозоречна завеса,SCRIPT_MISMATCH,
data,hr,A2,555,Gardine,logu aizkars,Прозоречна завеса,MARKER_LEAK,foreign_script
data,it,A2,555,Gardine,logu aizkars,Logu aizkars,SAME_AS_LV_CASEFOLD,casefold_only
data,lb,A2,555,Gardine,logu aizkars,Logu aizkars,SAME_AS_LV_CASEFOLD,casefold_only
data,nl,A2,555,Gardine,logu aizkars,Logu aizkars,SAME_AS_LV_CASEFOLD,casefold_only
data,pt,A2,555,Gardine,logu aizkars,Logu Aizkars,SAME_AS_LV_CASEFOLD,casefold_only
data,sl,A2,555,Gardine,logu aizkars,logu aizkars,SAME_AS_LV_CASEFOLD,exact
data,sq,A2,555,Gardine,logu aizkars,Zasłona okienna,MARKER_LEAK,pl_l_s_z
data,tr,A2,555,Gardine,logu aizkars,Zasłona okienna,MARKER_LEAK,pl_l_s_z
data,bg,A2,555,Gardine,logu aizkars,Прозоречна завеса,FAMILY_COPY_STRICT,bg+hr+mk+sr
data,hr,A2,555,Gardine,logu aizkars,Прозоречна завеса,FAMILY_COPY_STRICT,bg+hr+mk+sr
data,mk,A2,555,Gardine,logu aizkars,Прозоречна завеса,FAMILY_COPY_STRICT,bg+hr+mk+sr
data,sr,A2,555,Gardine,logu aizkars,Прозоречна завеса,FAMILY_COPY_STRICT,bg+hr+mk+sr
data,fi,A2,555,Gardine,logu aizkars,Aknakardin,FAMILY_COPY_STRICT,fi+sv
data,sv,A2,555,Gardine,logu aizkars,Aknakardin,FAMILY_COPY_STRICT,fi+sv
data,is,A2,555,Gardine,logu aizkars,Akna gardin,FAMILY_COPY_STRICT,is+nb+nn
data,nb,A2,555,Gardine,logu aizkars,Akna gardin,FAMILY_COPY_STRICT,is+nb+nn
data,nn,A2,555,Gardine,logu aizkars,Akna gardin,FAMILY_COPY_STRICT,is+nb+nn
data,it,A2,555,Gardine,logu aizkars,Logu aizkars,FAMILY_COPY_STRICT,it+lb+nl
data,lb,A2,555,Gardine,logu aizkars,Logu aizkars,FAMILY_COPY_STRICT,it+lb+nl
data,nl,A2,555,Gardine,logu aizkars,Logu aizkars,FAMILY_COPY_STRICT,it+lb+nl
data,pl,A2,555,Gardine,logu aizkars,Zasłona okienna,FAMILY_COPY_STRICT,pl+sq+tr
data,sq,A2,555,Gardine,logu aizkars,Zasłona okienna,FAMILY_COPY_STRICT,pl+sq+tr
data,tr,A2,555,Gardine,logu aizkars,Zasłona okienna,FAMILY_COPY_STRICT,pl+sq+tr
data,hr,A2,556,Gärtner,dārznieks,Градинар,SCRIPT_MISMATCH,
data,hr,A2,556,Gärtner,dārznieks,Градинар,MARKER_LEAK,foreign_script
data,lb,A2,556,Gärtner,dārznieks,Dārznieks,SAME_AS_LV_CASEFOLD,casefold_only
data,lb,A2,556,Gärtner,dārznieks,Dārznieks,LV_DIACRITIC,
data,lb,A2,556,Gärtner,dārznieks,Dārznieks,MARKER_LEAK,lv_macron_consonant
data,nl,A2,556,Gärtner,dārznieks,Dārznieks,SAME_AS_LV_CASEFOLD,casefold_only
data,nl,A2,556,Gärtner,dārznieks,Dārznieks,LV_DIACRITIC,
data,nl,A2,556,Gärtner,dārznieks,Dārznieks,MARKER_LEAK,lv_macron_consonant
data,sl,A2,556,Gärtner,dārznieks,dārznieks,SAME_AS_LV_CASEFOLD,exact
data,sl,A2,556,Gärtner,dārznieks,dārznieks,LV_DIACRITIC,
data,sl,A2,556,Gärtner,dārznieks,dārznieks,MARKER_LEAK,lv_macron_consonant
data,bg,A2,556,Gärtner,dārznieks,Градинар,FAMILY_COPY_STRICT,bg+hr+mk+sr
data,hr,A2,556,Gärtner,dārznieks,Градинар,FAMILY_COPY_STRICT,bg+hr+mk+sr
data,mk,A2,556,Gärtner,dārznieks,Градинар,FAMILY_COPY_STRICT,bg+hr+mk+sr
data,sr,A2,556,Gärtner,dārznieks,Градинар,FAMILY_COPY_STRICT,bg+hr+mk+sr
data,fi,A2,556,Gärtner,dārznieks,Aednik,FAMILY_COPY_STRICT,fi+is+nb+nn+sv
data,is,A2,556,Gärtner,dārznieks,Aednik,FAMILY_COPY_STRICT,fi+is+nb+nn+sv
data,nb,A2,556,Gärtner,dārznieks,Aednik,FAMILY_COPY_STRICT,fi+is+nb+nn+sv
data,nn,A2,556,Gärtner,dārznieks,Aednik,FAMILY_COPY_STRICT,fi+is+nb+nn+sv
data,sv,A2,556,Gärtner,dārznieks,Aednik,FAMILY_COPY_STRICT,fi+is+nb+nn+sv
data,lb,A2,556,Gärtner,dārznieks,Dārznieks,FAMILY_COPY_STRICT,lb+nl
data,nl,A2,556,Gärtner,dārznieks,Dārznieks,FAMILY_COPY_STRICT,lb+nl
data,pl,A2,556,Gärtner,dārznieks,Ogrodnik,FAMILY_COPY_STRICT,pl+sk+sq+tr
data,sk,A2,556,Gärtner,dārznieks,Ogrodnik,FAMILY_COPY_STRICT,pl+sk+sq+tr
data,sq,A2,556,Gärtner,dārznieks,Ogrodnik,FAMILY_COPY_STRICT,pl+sk+sq+tr
data,tr,A2,556,Gärtner,dārznieks,Ogrodnik,FAMILY_COPY_STRICT,pl+sk+sq+tr
data,hr,A2,557,Gas,gāze,Газ,SCRIPT_MISMATCH,
data,hr,A2,557,Gas,gāze,Газ,MARKER_LEAK,foreign_script
data,lb,A2,557,Gas,gāze,Gāze,SAME_AS_LV_CASEFOLD,casefold_only
data,lb,A2,557,Gas,gāze,Gāze,LV_DIACRITIC,
data,lb,A2,557,Gas,gāze,Gāze,MARKER_LEAK,lv_macron_consonant
data,nl,A2,557,Gas,gāze,Gāze,SAME_AS_LV_CASEFOLD,casefold_only
data,nl,A2,557,Gas,gāze,Gāze,LV_DIACRITIC,
data,nl,A2,557,Gas,gāze,Gāze,MARKER_LEAK,lv_macron_consonant
data,sl,A2,557,Gas,gāze,gāze,SAME_AS_LV_CASEFOLD,exact
data,sl,A2,557,Gas,gāze,gāze,LV_DIACRITIC,
data,sl,A2,557,Gas,gāze,gāze,MARKER_LEAK,lv_macron_consonant
data,bg,A2,557,Gas,gāze,Газ,FAMILY_COPY_STRICT,bg+hr+mk+ru+sr
data,hr,A2,557,Gas,gāze,Газ,FAMILY_COPY_STRICT,bg+hr+mk+ru+sr
data,mk,A2,557,Gas,gāze,Газ,FAMILY_COPY_STRICT,bg+hr+mk+ru+sr
data,ru,A2,557,Gas,gāze,Газ,FAMILY_COPY_STRICT,bg+hr+mk+ru+sr
data,sr,A2,557,Gas,gāze,Газ,FAMILY_COPY_STRICT,bg+hr+mk+ru+sr
data,fi,A2,557,Gas,gāze,Gaas,FAMILY_COPY_STRICT,fi+is+nb+nn+sv
data,is,A2,557,Gas,gāze,Gaas,FAMILY_COPY_STRICT,fi+is+nb+nn+sv
data,nb,A2,557,Gas,gāze,Gaas,FAMILY_COPY_STRICT,fi+is+nb+nn+sv
data,nn,A2,557,Gas,gāze,Gaas,FAMILY_COPY_STRICT,fi+is+nb+nn+sv
data,sv,A2,557,Gas,gāze,Gaas,FAMILY_COPY_STRICT,fi+is+nb+nn+sv
data,lb,A2,557,Gas,gāze,Gāze,FAMILY_COPY_STRICT,lb+nl
data,nl,A2,557,Gas,gāze,Gāze,FAMILY_COPY_STRICT,lb+nl
data,hr,A2,558,Gasse,ieliņa,Улица,SCRIPT_MISMATCH,
data,hr,A2,558,Gasse,ieliņa,Улица,MARKER_LEAK,foreign_script
data,it,A2,558,Gasse,ieliņa,Ieliņa,SAME_AS_LV_CASEFOLD,casefold_only
data,it,A2,558,Gasse,ieliņa,Ieliņa,LV_DIACRITIC,
data,it,A2,558,Gasse,ieliņa,Ieliņa,MARKER_LEAK,lv_macron_consonant
data,lb,A2,558,Gasse,ieliņa,Ieliņa,SAME_AS_LV_CASEFOLD,casefold_only
data,lb,A2,558,Gasse,ieliņa,Ieliņa,LV_DIACRITIC,
data,lb,A2,558,Gasse,ieliņa,Ieliņa,MARKER_LEAK,lv_macron_consonant
data,nl,A2,558,Gasse,ieliņa,Ieliņa,SAME_AS_LV_CASEFOLD,casefold_only
data,nl,A2,558,Gasse,ieliņa,Ieliņa,LV_DIACRITIC,
data,nl,A2,558,Gasse,ieliņa,Ieliņa,MARKER_LEAK,lv_macron_consonant
data,sl,A2,558,Gasse,ieliņa,ieliņa,SAME_AS_LV_CASEFOLD,exact
data,sl,A2,558,Gasse,ieliņa,ieliņa,LV_DIACRITIC,
data,sl,A2,558,Gasse,ieliņa,ieliņa,MARKER_LEAK,lv_macron_consonant
data,bg,A2,558,Gasse,ieliņa,Улица,FAMILY_COPY_STRICT,bg+hr+mk+ru+sr
data,hr,A2,558,Gasse,ieliņa,Улица,FAMILY_COPY_STRICT,bg+hr+mk+ru+sr
data,mk,A2,558,Gasse,ieliņa,Улица,FAMILY_COPY_STRICT,bg+hr+mk+ru+sr
data,ru,A2,558,Gasse,ieliņa,Улица,FAMILY_COPY_STRICT,bg+hr+mk+ru+sr
data,sr,A2,558,Gasse,ieliņa,Улица,FAMILY_COPY_STRICT,bg+hr+mk+ru+sr
data,fi,A2,558,Gasse,ieliņa,Kitsas tänav,FAMILY_COPY_STRICT,fi+sv
data,sv,A2,558,Gasse,ieliņa,Kitsas tänav,FAMILY_COPY_STRICT,fi+sv
data,is,A2,558,Gasse,ieliņa,Kitsas gate,FAMILY_COPY_STRICT,is+nb+nn
data,nb,A2,558,Gasse,ieliņa,Kitsas gate,FAMILY_COPY_STRICT,is+nb+nn
data,nn,A2,558,Gasse,ieliņa,Kitsas gate,FAMILY_COPY_STRICT,is+nb+nn
data,it,A2,558,Gasse,ieliņa,Ieliņa,FAMILY_COPY_STRICT,it+lb+nl
data,lb,A2,558,Gasse,ieliņa,Ieliņa,FAMILY_COPY_STRICT,it+lb+nl
data,nl,A2,558,Gasse,ieliņa,Ieliņa,FAMILY_COPY_STRICT,it+lb+nl
data,pl,A2,558,Gasse,ieliņa,Ulica,FAMILY_COPY_STRICT,pl+sk
data,sk,A2,558,Gasse,ieliņa,Ulica,FAMILY_COPY_STRICT,pl+sk
data,hr,A2,559,Gebäck,cepumi • konditorejas izstrādājumi,Бисквитки • Печени изделия,SCRIPT_MISMATCH,
data,hr,A2,559,Gebäck,cepumi • konditorejas izstrādājumi,Бисквитки • Печени изделия,MARKER_LEAK,foreign_script
data,it,A2,559,Gebäck,cepumi • konditorejas izstrādājumi,Cepumi • Konditorejas izstrādājumi,SAME_AS_LV_CASEFOLD,casefold_only
data,it,A2,559,Gebäck,cepumi • konditorejas izstrādājumi,Cepumi • Konditorejas izstrādājumi,LV_DIACRITIC,
data,it,A2,559,Gebäck,cepumi • konditorejas izstrādājumi,Cepumi • Konditorejas izstrādājumi,MARKER_LEAK,lv_macron_consonant
data,lb,A2,559,Gebäck,cepumi • konditorejas izstrādājumi,Cepumi • Konditorejas izstrādājumi,SAME_AS_LV_CASEFOLD,casefold_only
data,lb,A2,559,Gebäck,cepumi • konditorejas izstrādājumi,Cepumi • Konditorejas izstrādājumi,LV_DIACRITIC,
data,lb,A2,559,Gebäck,cepumi • konditorejas izstrādājumi,Cepumi • Konditorejas izstrādājumi,MARKER_LEAK,lv_macron_consonant
data,nl,A2,559,Gebäck,cepumi • konditorejas izstrādājumi,Cepumi • Konditorejas izstrādājumi,SAME_AS_LV_CASEFOLD,casefold_only
data,nl,A2,559,Gebäck,cepumi • konditorejas izstrādājumi,Cepumi • Konditorejas izstrādājumi,LV_DIACRITIC,
data,nl,A2,559,Gebäck,cepumi • konditorejas izstrādājumi,Cepumi • Konditorejas izstrādājumi,MARKER_LEAK,lv_macron_consonant
data,pt,A2,559,Gebäck,cepumi • konditorejas izstrādājumi,Cepumi • Konditorejas izstrādājumi,SAME_AS_LV_CASEFOLD,casefold_only
data,pt,A2,559,Gebäck,cepumi • konditorejas izstrādājumi,Cepumi • Konditorejas izstrādājumi,LV_DIACRITIC,
data,pt,A2,559,Gebäck,cepumi • konditorejas izstrādājumi,Cepumi • Konditorejas izstrādājumi,MARKER_LEAK,lv_macron_consonant
data,sl,A2,559,Gebäck,cepumi • konditorejas izstrādājumi,cepumi • konditorejas izstrādājumi,SAME_AS_LV_CASEFOLD,exact
data,sl,A2,559,Gebäck,cepumi • konditorejas izstrādājumi,cepumi • konditorejas izstrādājumi,LV_DIACRITIC,
data,sl,A2,559,Gebäck,cepumi • konditorejas izstrādājumi,cepumi • konditorejas izstrādājumi,MARKER_LEAK,lv_macron_consonant
data,bg,A2,559,Gebäck,cepumi • konditorejas izstrādājumi,Бисквитки • Печени изделия,FAMILY_COPY_STRICT,bg+hr+mk+sr
data,hr,A2,559,Gebäck,cepumi • konditorejas izstrādājumi,Бисквитки • Печени изделия,FAMILY_COPY_STRICT,bg+hr+mk+sr
data,mk,A2,559,Gebäck,cepumi • konditorejas izstrādājumi,Бисквитки • Печени изделия,FAMILY_COPY_STRICT,bg+hr+mk+sr
data,sr,A2,559,Gebäck,cepumi • konditorejas izstrādājumi,Бисквитки • Печени изделия,FAMILY_COPY_STRICT,bg+hr+mk+sr
data,fi,A2,559,Gebäck,cepumi • konditorejas izstrādājumi,Küpsised • Kondiitritooted,FAMILY_COPY_STRICT,fi+sv
data,sv,A2,559,Gebäck,cepumi • konditorejas izstrādājumi,Küpsised • Kondiitritooted,FAMILY_COPY_STRICT,fi+sv
data,is,A2,559,Gebäck,cepumi • konditorejas izstrādājumi,Küpsised • Konditorrite,FAMILY_COPY_STRICT,is+nb+nn
data,nb,A2,559,Gebäck,cepumi • konditorejas izstrādājumi,Küpsised • Konditorrite,FAMILY_COPY_STRICT,is+nb+nn
data,nn,A2,559,Gebäck,cepumi • konditorejas izstrādājumi,Küpsised • Konditorrite,FAMILY_COPY_STRICT,is+nb+nn
data,it,A2,559,Gebäck,cepumi • konditorejas izstrādājumi,Cepumi • Konditorejas izstrādājumi,FAMILY_COPY_STRICT,it+lb+nl+pt
data,lb,A2,559,Gebäck,cepumi • konditorejas izstrādājumi,Cepumi • Konditorejas izstrādājumi,FAMILY_COPY_STRICT,it+lb+nl+pt
data,nl,A2,559,Gebäck,cepumi • konditorejas izstrādājumi,Cepumi • Konditorejas izstrādājumi,FAMILY_COPY_STRICT,it+lb+nl+pt
data,pt,A2,559,Gebäck,cepumi • konditorejas izstrādājumi,Cepumi • Konditorejas izstrādājumi,FAMILY_COPY_STRICT,it+lb+nl+pt
data,pl,A2,559,Gebäck,cepumi • konditorejas izstrādājumi,Ciasteczka • Ciastka,FAMILY_COPY_STRICT,pl+sk+sq+tr
data,sk,A2,559,Gebäck,cepumi • konditorejas izstrādājumi,Ciasteczka • Ciastka,FAMILY_COPY_STRICT,pl+sk+sq+tr
data,sq,A2,559,Gebäck,cepumi • konditorejas izstrādājumi,Ciasteczka • Ciastka,FAMILY_COPY_STRICT,pl+sk+sq+tr
data,tr,A2,559,Gebäck,cepumi • konditorejas izstrādājumi,Ciasteczka • Ciastka,FAMILY_COPY_STRICT,pl+sk+sq+tr
data,hr,A2,560,Gebäude,ēka,Сграда,SCRIPT_MISMATCH,
data,hr,A2,560,Gebäude,ēka,Сграда,MARKER_LEAK,foreign_script
data,nl,A2,560,Gebäude,ēka,Ēka,SAME_AS_LV_CASEFOLD,casefold_only
data,nl,A2,560,Gebäude,ēka,Ēka,LV_DIACRITIC,
data,nl,A2,560,Gebäude,ēka,Ēka,MARKER_LEAK,lv_macron_consonant
data,sl,A2,560,Gebäude,ēka,ēka,SAME_AS_LV_CASEFOLD,exact
data,sl,A2,560,Gebäude,ēka,ēka,LV_DIACRITIC,
data,sl,A2,560,Gebäude,ēka,ēka,MARKER_LEAK,lv_macron_consonant
data,bg,A2,560,Gebäude,ēka,Сграда,FAMILY_COPY_STRICT,bg+hr+mk+sr
data,hr,A2,560,Gebäude,ēka,Сграда,FAMILY_COPY_STRICT,bg+hr+mk+sr
data,mk,A2,560,Gebäude,ēka,Сграда,FAMILY_COPY_STRICT,bg+hr+mk+sr
data,sr,A2,560,Gebäude,ēka,Сграда,FAMILY_COPY_STRICT,bg+hr+mk+sr
data,fi,A2,560,Gebäude,ēka,Hoone,FAMILY_COPY_STRICT,fi+sv
data,sv,A2,560,Gebäude,ēka,Hoone,FAMILY_COPY_STRICT,fi+sv
data,is,A2,560,Gebäude,ēka,Hoon,FAMILY_COPY_STRICT,is+nb+nn
data,nb,A2,560,Gebäude,ēka,Hoon,FAMILY_COPY_STRICT,is+nb+nn
data,nn,A2,560,Gebäude,ēka,Hoon,FAMILY_COPY_STRICT,is+nb+nn
data,pl,A2,560,Gebäude,ēka,Budynek,FAMILY_COPY_STRICT,pl+sk
data,sk,A2,560,Gebäude,ēka,Budynek,FAMILY_COPY_STRICT,pl+sk
data,sq,A2,560,Gebäude,ēka,Bina,FAMILY_COPY_STRICT,sq+tr
data,tr,A2,560,Gebäude,ēka,Bina,FAMILY_COPY_STRICT,sq+tr
data,hr,A2,561,Geburtstag,dzimšanas diena,Рожден ден,SCRIPT_MISMATCH,
data,hr,A2,561,Geburtstag,dzimšanas diena,Рожден ден,MARKER_LEAK,foreign_script
data,it,A2,561,Geburtstag,dzimšanas diena,Dzimšanas diena,SAME_AS_LV_CASEFOLD,casefold_only
data,it,A2,561,Geburtstag,dzimšanas diena,Dzimšanas diena,LV_DIACRITIC,
data,lb,A2,561,Geburtstag,dzimšanas diena,Dzimšanas diena,SAME_AS_LV_CASEFOLD,casefold_only
data,lb,A2,561,Geburtstag,dzimšanas diena,Dzimšanas diena,LV_DIACRITIC,
data,nl,A2,561,Geburtstag,dzimšanas diena,Dzimšanas diena,SAME_AS_LV_CASEFOLD,casefold_only
data,nl,A2,561,Geburtstag,dzimšanas diena,Dzimšanas diena,LV_DIACRITIC,
data,pt,A2,561,Geburtstag,dzimšanas diena,Dzimšanas diena,SAME_AS_LV_CASEFOLD,casefold_only
data,pt,A2,561,Geburtstag,dzimšanas diena,Dzimšanas diena,LV_DIACRITIC,
data,sl,A2,561,Geburtstag,dzimšanas diena,dzimšanas diena,SAME_AS_LV_CASEFOLD,exact
data,sq,A2,561,Geburtstag,dzimšanas diena,Doğum Günleri,MARKER_LEAK,tr_soft
data,bg,A2,561,Geburtstag,dzimšanas diena,Рожден ден,FAMILY_COPY_STRICT,bg+hr+mk+sr
data,hr,A2,561,Geburtstag,dzimšanas diena,Рожден ден,FAMILY_COPY_STRICT,bg+hr+mk+sr
data,mk,A2,561,Geburtstag,dzimšanas diena,Рожден ден,FAMILY_COPY_STRICT,bg+hr+mk+sr
data,sr,A2,561,Geburtstag,dzimšanas diena,Рожден ден,FAMILY_COPY_STRICT,bg+hr+mk+sr
data,fi,A2,561,Geburtstag,dzimšanas diena,Sünnipäev,FAMILY_COPY_STRICT,fi+is+nb+nn+sv
data,is,A2,561,Geburtstag,dzimšanas diena,Sünnipäev,FAMILY_COPY_STRICT,fi+is+nb+nn+sv
data,nb,A2,561,Geburtstag,dzimšanas diena,Sünnipäev,FAMILY_COPY_STRICT,fi+is+nb+nn+sv
data,nn,A2,561,Geburtstag,dzimšanas diena,Sünnipäev,FAMILY_COPY_STRICT,fi+is+nb+nn+sv
data,sv,A2,561,Geburtstag,dzimšanas diena,Sünnipäev,FAMILY_COPY_STRICT,fi+is+nb+nn+sv
data,it,A2,561,Geburtstag,dzimšanas diena,Dzimšanas diena,FAMILY_COPY_STRICT,it+lb+nl+pt
data,lb,A2,561,Geburtstag,dzimšanas diena,Dzimšanas diena,FAMILY_COPY_STRICT,it+lb+nl+pt
data,nl,A2,561,Geburtstag,dzimšanas diena,Dzimšanas diena,FAMILY_COPY_STRICT,it+lb+nl+pt
data,pt,A2,561,Geburtstag,dzimšanas diena,Dzimšanas diena,FAMILY_COPY_STRICT,it+lb+nl+pt
data,pl,A2,561,Geburtstag,dzimšanas diena,Urodziny,FAMILY_COPY_STRICT,pl+sk
data,sk,A2,561,Geburtstag,dzimšanas diena,Urodziny,FAMILY_COPY_STRICT,pl+sk
data,sq,A2,561,Geburtstag,dzimšanas diena,Doğum Günleri,FAMILY_COPY_STRICT,sq+tr
data,tr,A2,561,Geburtstag,dzimšanas diena,Doğum Günleri,FAMILY_COPY_STRICT,sq+tr
data,fi,A2,562,Gedanke,doma • ideja,Mõte • Idee,MARKER_LEAK,et_otilde
data,hr,A2,562,Gedanke,doma • ideja,Мисъл • Идея,SCRIPT_MISMATCH,
data,hr,A2,562,Gedanke,doma • ideja,Мисъл • Идея,MARKER_LEAK,foreign_script
data,lb,A2,562,Gedanke,doma • ideja,Doma • Ideja,SAME_AS_LV_CASEFOLD,casefold_only
data,nl,A2,562,Gedanke,doma • ideja,Doma • Ideja,SAME_AS_LV_CASEFOLD,casefold_only
data,sl,A2,562,Gedanke,doma • ideja,doma • ideja,SAME_AS_LV_CASEFOLD,exact
data,sv,A2,562,Gedanke,doma • ideja,Mõte • Idee,MARKER_LEAK,et_otilde
data,bg,A2,562,Gedanke,doma • ideja,Мисъл • Идея,FAMILY_COPY_STRICT,bg+hr+mk+sr
data,hr,A2,562,Gedanke,doma • ideja,Мисъл • Идея,FAMILY_COPY_STRICT,bg+hr+mk+sr
data,mk,A2,562,Gedanke,doma • ideja,Мисъл • Идея,FAMILY_COPY_STRICT,bg+hr+mk+sr
data,sr,A2,562,Gedanke,doma • ideja,Мисъл • Идея,FAMILY_COPY_STRICT,bg+hr+mk+sr
data,fi,A2,562,Gedanke,doma • ideja,Mõte • Idee,FAMILY_COPY_STRICT,fi+sv
data,sv,A2,562,Gedanke,doma • ideja,Mõte • Idee,FAMILY_COPY_STRICT,fi+sv
data,is,A2,562,Gedanke,doma • ideja,Møte • Idé,FAMILY_COPY_STRICT,is+nb+nn
data,nb,A2,562,Gedanke,doma • ideja,Møte • Idé,FAMILY_COPY_STRICT,is+nb+nn
data,nn,A2,562,Gedanke,doma • ideja,Møte • Idé,FAMILY_COPY_STRICT,is+nb+nn
data,lb,A2,562,Gedanke,doma • ideja,Doma • Ideja,FAMILY_COPY_STRICT,lb+nl
data,nl,A2,562,Gedanke,doma • ideja,Doma • Ideja,FAMILY_COPY_STRICT,lb+nl
data,hr,A2,563,Gedicht,dzejolis,Стихотворение,SCRIPT_MISMATCH,
data,hr,A2,563,Gedicht,dzejolis,Стихотворение,MARKER_LEAK,foreign_script
data,lb,A2,563,Gedicht,dzejolis,Dzejolis,SAME_AS_LV_CASEFOLD,casefold_only
data,nl,A2,563,Gedicht,dzejolis,Dzejolis,SAME_AS_LV_CASEFOLD,casefold_only
data,sl,A2,563,Gedicht,dzejolis,dzejolis,SAME_AS_LV_CASEFOLD,exact
data,bg,A2,563,Gedicht,dzejolis,Стихотворение,FAMILY_COPY_STRICT,bg+hr+mk+ru+sr
data,hr,A2,563,Gedicht,dzejolis,Стихотворение,FAMILY_COPY_STRICT,bg+hr+mk+ru+sr
data,mk,A2,563,Gedicht,dzejolis,Стихотворение,FAMILY_COPY_STRICT,bg+hr+mk+ru+sr
data,ru,A2,563,Gedicht,dzejolis,Стихотворение,FAMILY_COPY_STRICT,bg+hr+mk+ru+sr
data,sr,A2,563,Gedicht,dzejolis,Стихотворение,FAMILY_COPY_STRICT,bg+hr+mk+ru+sr
data,en,A2,563,Gedicht,dzejolis,Poem,FAMILY_COPY_STRICT,en+ro
data,ro,A2,563,Gedicht,dzejolis,Poem,FAMILY_COPY_STRICT,en+ro
data,fi,A2,563,Gedicht,dzejolis,Luuletus,FAMILY_COPY_STRICT,fi+is+nb+nn+sv
data,is,A2,563,Gedicht,dzejolis,Luuletus,FAMILY_COPY_STRICT,fi+is+nb+nn+sv
data,nb,A2,563,Gedicht,dzejolis,Luuletus,FAMILY_COPY_STRICT,fi+is+nb+nn+sv
data,nn,A2,563,Gedicht,dzejolis,Luuletus,FAMILY_COPY_STRICT,fi+is+nb+nn+sv
data,sv,A2,563,Gedicht,dzejolis,Luuletus,FAMILY_COPY_STRICT,fi+is+nb+nn+sv
data,lb,A2,563,Gedicht,dzejolis,Dzejolis,FAMILY_COPY_STRICT,lb+nl
data,nl,A2,563,Gedicht,dzejolis,Dzejolis,FAMILY_COPY_STRICT,lb+nl
data,pl,A2,563,Gedicht,dzejolis,Wiersz,FAMILY_COPY_STRICT,pl+sk
data,sk,A2,563,Gedicht,dzejolis,Wiersz,FAMILY_COPY_STRICT,pl+sk
data,hr,A2,564,Gefahr,briesmas,Опасност,SCRIPT_MISMATCH,
data,hr,A2,564,Gefahr,briesmas,Опасност,MARKER_LEAK,foreign_script
data,lb,A2,564,Gefahr,briesmas,Briesmas,SAME_AS_LV_CASEFOLD,casefold_only
data,nl,A2,564,Gefahr,briesmas,Briesmas,SAME_AS_LV_CASEFOLD,casefold_only
data,sl,A2,564,Gefahr,briesmas,briesmas,SAME_AS_LV_CASEFOLD,exact
data,bg,A2,564,Gefahr,briesmas,Опасност,FAMILY_COPY_STRICT,bg+hr+mk+sr
data,hr,A2,564,Gefahr,briesmas,Опасност,FAMILY_COPY_STRICT,bg+hr+mk+sr
data,mk,A2,564,Gefahr,briesmas,Опасност,FAMILY_COPY_STRICT,bg+hr+mk+sr
data,sr,A2,564,Gefahr,briesmas,Опасност,FAMILY_COPY_STRICT,bg+hr+mk+sr
data,en,A2,564,Gefahr,briesmas,Danger,FAMILY_COPY_STRICT,en+fr
data,fr,A2,564,Gefahr,briesmas,Danger,FAMILY_COPY_STRICT,en+fr
data,fi,A2,564,Gefahr,briesmas,Oht,FAMILY_COPY_STRICT,fi+sv
data,sv,A2,564,Gefahr,briesmas,Oht,FAMILY_COPY_STRICT,fi+sv
data,is,A2,564,Gefahr,briesmas,Oj,FAMILY_COPY_STRICT,is+nb+nn
data,nb,A2,564,Gefahr,briesmas,Oj,FAMILY_COPY_STRICT,is+nb+nn
data,nn,A2,564,Gefahr,briesmas,Oj,FAMILY_COPY_STRICT,is+nb+nn
data,lb,A2,564,Gefahr,briesmas,Briesmas,FAMILY_COPY_STRICT,lb+nl
data,nl,A2,564,Gefahr,briesmas,Briesmas,FAMILY_COPY_STRICT,lb+nl
data,pl,A2,564,Gefahr,briesmas,Niebezpieczeństwo,FAMILY_COPY_STRICT,pl+sk
data,sk,A2,564,Gefahr,briesmas,Niebezpieczeństwo,FAMILY_COPY_STRICT,pl+sk
data,sq,A2,564,Gefahr,briesmas,Tehlike,FAMILY_COPY_STRICT,sq+tr
data,tr,A2,564,Gefahr,briesmas,Tehlike,FAMILY_COPY_STRICT,sq+tr
data,hr,A2,565,gefährlich,bīstams • riskants,Опасно • Рисковано,SCRIPT_MISMATCH,
data,hr,A2,565,gefährlich,bīstams • riskants,Опасно • Рисковано,MARKER_LEAK,foreign_script
data,it,A2,565,gefährlich,bīstams • riskants,Bīstams • Risqué,LV_DIACRITIC,
data,it,A2,565,gefährlich,bīstams • riskants,Bīstams • Risqué,MARKER_LEAK,lv_macron_consonant
data,lb,A2,565,gefährlich,bīstams • riskants,Bīstams • Riskants,SAME_AS_LV_CASEFOLD,casefold_only
data,lb,A2,565,gefährlich,bīstams • riskants,Bīstams • Riskants,LV_DIACRITIC,
data,lb,A2,565,gefährlich,bīstams • riskants,Bīstams • Riskants,MARKER_LEAK,lv_macron_consonant
data,nl,A2,565,gefährlich,bīstams • riskants,Bīstams • Riskants,SAME_AS_LV_CASEFOLD,casefold_only
data,nl,A2,565,gefährlich,bīstams • riskants,Bīstams • Riskants,LV_DIACRITIC,
data,nl,A2,565,gefährlich,bīstams • riskants,Bīstams • Riskants,MARKER_LEAK,lv_macron_consonant
data,pt,A2,565,gefährlich,bīstams • riskants,Bīstams • Ousado,LV_DIACRITIC,
data,pt,A2,565,gefährlich,bīstams • riskants,Bīstams • Ousado,MARKER_LEAK,lv_macron_consonant
data,sl,A2,565,gefährlich,bīstams • riskants,bīstams • riskants,SAME_AS_LV_CASEFOLD,exact
data,sl,A2,565,gefährlich,bīstams • riskants,bīstams • riskants,LV_DIACRITIC,
data,sl,A2,565,gefährlich,bīstams • riskants,bīstams • riskants,MARKER_LEAK,lv_macron_consonant
data,bg,A2,565,gefährlich,bīstams • riskants,Опасно • Рисковано,FAMILY_COPY_STRICT,bg+hr+mk+sr
data,hr,A2,565,gefährlich,bīstams • riskants,Опасно • Рисковано,FAMILY_COPY_STRICT,bg+hr+mk+sr
data,mk,A2,565,gefährlich,bīstams • riskants,Опасно • Рисковано,FAMILY_COPY_STRICT,bg+hr+mk+sr
data,sr,A2,565,gefährlich,bīstams • riskants,Опасно • Рисковано,FAMILY_COPY_STRICT,bg+hr+mk+sr
data,fi,A2,565,gefährlich,bīstams • riskants,Ohtlik • Riskantne,FAMILY_COPY_STRICT,fi+sv
data,sv,A2,565,gefährlich,bīstams • riskants,Ohtlik • Riskantne,FAMILY_COPY_STRICT,fi+sv
data,is,A2,565,gefährlich,bīstams • riskants,Ohtlik • Risikabelt,FAMILY_COPY_STRICT,is+nb+nn
data,nb,A2,565,gefährlich,bīstams • riskants,Ohtlik • Risikabelt,FAMILY_COPY_STRICT,is+nb+nn
data,nn,A2,565,gefährlich,bīstams • riskants,Ohtlik • Risikabelt,FAMILY_COPY_STRICT,is+nb+nn
data,lb,A2,565,gefährlich,bīstams • riskants,Bīstams • Riskants,FAMILY_COPY_STRICT,lb+nl
data,nl,A2,565,gefährlich,bīstams • riskants,Bīstams • Riskants,FAMILY_COPY_STRICT,lb+nl
data,pl,A2,565,gefährlich,bīstams • riskants,Niebezpieczne • Ryzykowne,FAMILY_COPY_STRICT,pl+sk
data,sk,A2,565,gefährlich,bīstams • riskants,Niebezpieczne • Ryzykowne,FAMILY_COPY_STRICT,pl+sk
data,sq,A2,565,gefährlich,bīstams • riskants,Tehlikeli • Riskli,FAMILY_COPY_STRICT,sq+tr
data,tr,A2,565,gefährlich,bīstams • riskants,Tehlikeli • Riskli,FAMILY_COPY_STRICT,sq+tr
data,hr,A2,566,Gefängnis,cietums,Затвор,SCRIPT_MISMATCH,
data,hr,A2,566,Gefängnis,cietums,Затвор,MARKER_LEAK,foreign_script
data,it,A2,566,Gefängnis,cietums,Cietums,SAME_AS_LV_CASEFOLD,casefold_only
data,nl,A2,566,Gefängnis,cietums,Cietums,SAME_AS_LV_CASEFOLD,casefold_only
data,pt,A2,566,Gefängnis,cietums,Cietums,SAME_AS_LV_CASEFOLD,casefold_only
data,sk,A2,566,Gefängnis,cietums,Więzienie,MARKER_LEAK,pl_lt_nasal
data,sl,A2,566,Gefängnis,cietums,cietums,SAME_AS_LV_CASEFOLD,exact
data,bg,A2,566,Gefängnis,cietums,Затвор,FAMILY_COPY_STRICT,bg+hr+mk+sr
data,hr,A2,566,Gefängnis,cietums,Затвор,FAMILY_COPY_STRICT,bg+hr+mk+sr
data,mk,A2,566,Gefängnis,cietums,Затвор,FAMILY_COPY_STRICT,bg+hr+mk+sr
data,sr,A2,566,Gefängnis,cietums,Затвор,FAMILY_COPY_STRICT,bg+hr+mk+sr
data,en,A2,566,Gefängnis,cietums,Prison,FAMILY_COPY_STRICT,en+fr
data,fr,A2,566,Gefängnis,cietums,Prison,FAMILY_COPY_STRICT,en+fr
data,fi,A2,566,Gefängnis,cietums,Vangla,FAMILY_COPY_STRICT,fi+sv
data,sv,A2,566,Gefängnis,cietums,Vangla,FAMILY_COPY_STRICT,fi+sv
data,is,A2,566,Gefängnis,cietums,Wobble,FAMILY_COPY_STRICT,is+nb+nn
data,nb,A2,566,Gefängnis,cietums,Wobble,FAMILY_COPY_STRICT,is+nb+nn
data,nn,A2,566,Gefängnis,cietums,Wobble,FAMILY_COPY_STRICT,is+nb+nn
data,it,A2,566,Gefängnis,cietums,Cietums,FAMILY_COPY_STRICT,it+nl+pt
data,nl,A2,566,Gefängnis,cietums,Cietums,FAMILY_COPY_STRICT,it+nl+pt
data,pt,A2,566,Gefängnis,cietums,Cietums,FAMILY_COPY_STRICT,it+nl+pt
data,pl,A2,566,Gefängnis,cietums,Więzienie,FAMILY_COPY_STRICT,pl+sk
data,sk,A2,566,Gefängnis,cietums,Więzienie,FAMILY_COPY_STRICT,pl+sk
data,hr,A2,567,Gefühl,sajūta • jūtas,Чувство • Чувства,SCRIPT_MISMATCH,
data,hr,A2,567,Gefühl,sajūta • jūtas,Чувство • Чувства,MARKER_LEAK,foreign_script
data,lb,A2,567,Gefühl,sajūta • jūtas,Sajūta • Jūtas,SAME_AS_LV_CASEFOLD,casefold_only
data,lb,A2,567,Gefühl,sajūta • jūtas,Sajūta • Jūtas,LV_DIACRITIC,
data,lb,A2,567,Gefühl,sajūta • jūtas,Sajūta • Jūtas,MARKER_LEAK,lv_u_macron
data,nl,A2,567,Gefühl,sajūta • jūtas,Sajūta • Jūtas,SAME_AS_LV_CASEFOLD,casefold_only
data,nl,A2,567,Gefühl,sajūta • jūtas,Sajūta • Jūtas,LV_DIACRITIC,
data,nl,A2,567,Gefühl,sajūta • jūtas,Sajūta • Jūtas,MARKER_LEAK,lv_u_macron
data,sl,A2,567,Gefühl,sajūta • jūtas,sajūta • jūtas,SAME_AS_LV_CASEFOLD,exact
data,sl,A2,567,Gefühl,sajūta • jūtas,sajūta • jūtas,LV_DIACRITIC,
data,sl,A2,567,Gefühl,sajūta • jūtas,sajūta • jūtas,MARKER_LEAK,lv_u_macron
data,bg,A2,567,Gefühl,sajūta • jūtas,Чувство • Чувства,FAMILY_COPY_STRICT,bg+hr+mk+ru+sr
data,hr,A2,567,Gefühl,sajūta • jūtas,Чувство • Чувства,FAMILY_COPY_STRICT,bg+hr+mk+ru+sr
data,mk,A2,567,Gefühl,sajūta • jūtas,Чувство • Чувства,FAMILY_COPY_STRICT,bg+hr+mk+ru+sr
data,ru,A2,567,Gefühl,sajūta • jūtas,Чувство • Чувства,FAMILY_COPY_STRICT,bg+hr+mk+ru+sr
data,sr,A2,567,Gefühl,sajūta • jūtas,Чувство • Чувства,FAMILY_COPY_STRICT,bg+hr+mk+ru+sr
data,fi,A2,567,Gefühl,sajūta • jūtas,Tunne • Tunded,FAMILY_COPY_STRICT,fi+sv
data,sv,A2,567,Gefühl,sajūta • jūtas,Tunne • Tunded,FAMILY_COPY_STRICT,fi+sv
data,is,A2,567,Gefühl,sajūta • jūtas,Tynn • Tunded,FAMILY_COPY_STRICT,is+nb+nn
data,nb,A2,567,Gefühl,sajūta • jūtas,Tynn • Tunded,FAMILY_COPY_STRICT,is+nb+nn
data,nn,A2,567,Gefühl,sajūta • jūtas,Tynn • Tunded,FAMILY_COPY_STRICT,is+nb+nn
data,it,A2,567,Gefühl,sajūta • jūtas,Sajuta • Jutas,FAMILY_COPY_STRICT,it+pt
data,pt,A2,567,Gefühl,sajūta • jūtas,Sajuta • Jutas,FAMILY_COPY_STRICT,it+pt
data,lb,A2,567,Gefühl,sajūta • jūtas,Sajūta • Jūtas,FAMILY_COPY_STRICT,lb+nl
data,nl,A2,567,Gefühl,sajūta • jūtas,Sajūta • Jūtas,FAMILY_COPY_STRICT,lb+nl
data,sq,A2,567,Gefühl,sajūta • jūtas,Duygu • Duygular,FAMILY_COPY_STRICT,sq+tr
data,tr,A2,567,Gefühl,sajūta • jūtas,Duygu • Duygular,FAMILY_COPY_STRICT,sq+tr
data,hr,A2,568,Gegend,apvidus • apkārtne • apkaime,Населено място • Област • Област,SCRIPT_MISMATCH,
data,hr,A2,568,Gegend,apvidus • apkārtne • apkaime,Населено място • Област • Област,MARKER_LEAK,foreign_script
data,it,A2,568,Gegend,apvidus • apkārtne • apkaime,Apvidus • Apkārtne • Apkaime,SAME_AS_LV_CASEFOLD,casefold_only
data,it,A2,568,Gegend,apvidus • apkārtne • apkaime,Apvidus • Apkārtne • Apkaime,LV_DIACRITIC,
data,it,A2,568,Gegend,apvidus • apkārtne • apkaime,Apvidus • Apkārtne • Apkaime,MARKER_LEAK,lv_macron_consonant
data,lb,A2,568,Gegend,apvidus • apkārtne • apkaime,Apvidus • Apkārtne • Apkaime,SAME_AS_LV_CASEFOLD,casefold_only
data,lb,A2,568,Gegend,apvidus • apkārtne • apkaime,Apvidus • Apkārtne • Apkaime,LV_DIACRITIC,
data,lb,A2,568,Gegend,apvidus • apkārtne • apkaime,Apvidus • Apkārtne • Apkaime,MARKER_LEAK,lv_macron_consonant
data,nl,A2,568,Gegend,apvidus • apkārtne • apkaime,Apvidus • Apkārtne • Apkaime,SAME_AS_LV_CASEFOLD,casefold_only
data,nl,A2,568,Gegend,apvidus • apkārtne • apkaime,Apvidus • Apkārtne • Apkaime,LV_DIACRITIC,
data,nl,A2,568,Gegend,apvidus • apkārtne • apkaime,Apvidus • Apkārtne • Apkaime,MARKER_LEAK,lv_macron_consonant
data,pt,A2,568,Gegend,apvidus • apkārtne • apkaime,Apvidus • Apkārtne • Apkaime,SAME_AS_LV_CASEFOLD,casefold_only
data,pt,A2,568,Gegend,apvidus • apkārtne • apkaime,Apvidus • Apkārtne • Apkaime,LV_DIACRITIC,
data,pt,A2,568,Gegend,apvidus • apkārtne • apkaime,Apvidus • Apkārtne • Apkaime,MARKER_LEAK,lv_macron_consonant
data,sk,A2,568,Gegend,apvidus • apkārtne • apkaime,Miejscowość • Sąsiedztwo • Sąsiedztwo,MARKER_LEAK,pl_l_s_z+pl_lt_nasal
data,sl,A2,568,Gegend,apvidus • apkārtne • apkaime,apvidus • apkārtne • apkaime,SAME_AS_LV_CASEFOLD,exact
data,sl,A2,568,Gegend,apvidus • apkārtne • apkaime,apvidus • apkārtne • apkaime,LV_DIACRITIC,
data,sl,A2,568,Gegend,apvidus • apkārtne • apkaime,apvidus • apkārtne • apkaime,MARKER_LEAK,lv_macron_consonant
data,sq,A2,568,Gegend,apvidus • apkārtne • apkaime,İlçe • Mahalle • Mahalle,MARKER_LEAK,tr_soft
data,bg,A2,568,Gegend,apvidus • apkārtne • apkaime,Населено място • Област • Област,FAMILY_COPY_STRICT,bg+hr+mk+sr
data,hr,A2,568,Gegend,apvidus • apkārtne • apkaime,Населено място • Област • Област,FAMILY_COPY_STRICT,bg+hr+mk+sr
data,mk,A2,568,Gegend,apvidus • apkārtne • apkaime,Населено място • Област • Област,FAMILY_COPY_STRICT,bg+hr+mk+sr
data,sr,A2,568,Gegend,apvidus • apkārtne • apkaime,Населено място • Област • Област,FAMILY_COPY_STRICT,bg+hr+mk+sr
data,fi,A2,568,Gegend,apvidus • apkārtne • apkaime,Piirkond • Ümbrus • Naabruskond,FAMILY_COPY_STRICT,fi+is+nb+nn+sv
data,is,A2,568,Gegend,apvidus • apkārtne • apkaime,Piirkond • Ümbrus • Naabruskond,FAMILY_COPY_STRICT,fi+is+nb+nn+sv
data,nb,A2,568,Gegend,apvidus • apkārtne • apkaime,Piirkond • Ümbrus • Naabruskond,FAMILY_COPY_STRICT,fi+is+nb+nn+sv
data,nn,A2,568,Gegend,apvidus • apkārtne • apkaime,Piirkond • Ümbrus • Naabruskond,FAMILY_COPY_STRICT,fi+is+nb+nn+sv
data,sv,A2,568,Gegend,apvidus • apkārtne • apkaime,Piirkond • Ümbrus • Naabruskond,FAMILY_COPY_STRICT,fi+is+nb+nn+sv
data,it,A2,568,Gegend,apvidus • apkārtne • apkaime,Apvidus • Apkārtne • Apkaime,FAMILY_COPY_STRICT,it+lb+nl+pt
data,lb,A2,568,Gegend,apvidus • apkārtne • apkaime,Apvidus • Apkārtne • Apkaime,FAMILY_COPY_STRICT,it+lb+nl+pt
data,nl,A2,568,Gegend,apvidus • apkārtne • apkaime,Apvidus • Apkārtne • Apkaime,FAMILY_COPY_STRICT,it+lb+nl+pt
data,pt,A2,568,Gegend,apvidus • apkārtne • apkaime,Apvidus • Apkārtne • Apkaime,FAMILY_COPY_STRICT,it+lb+nl+pt
data,pl,A2,568,Gegend,apvidus • apkārtne • apkaime,Miejscowość • Sąsiedztwo • Sąsiedztwo,FAMILY_COPY_STRICT,pl+sk
data,sk,A2,568,Gegend,apvidus • apkārtne • apkaime,Miejscowość • Sąsiedztwo • Sąsiedztwo,FAMILY_COPY_STRICT,pl+sk
data,sq,A2,568,Gegend,apvidus • apkārtne • apkaime,İlçe • Mahalle • Mahalle,FAMILY_COPY_STRICT,sq+tr
data,tr,A2,568,Gegend,apvidus • apkārtne • apkaime,İlçe • Mahalle • Mahalle,FAMILY_COPY_STRICT,sq+tr
data,hr,A2,569,Gegenstand,priekšmets • lieta • tēma,Предмет • Нешто • Тема,SCRIPT_MISMATCH,
data,hr,A2,569,Gegenstand,priekšmets • lieta • tēma,Предмет • Нешто • Тема,MARKER_LEAK,foreign_script
data,it,A2,569,Gegenstand,priekšmets • lieta • tēma,Priekšmets • Lieta • Tēma,SAME_AS_LV_CASEFOLD,casefold_only
data,it,A2,569,Gegenstand,priekšmets • lieta • tēma,Priekšmets • Lieta • Tēma,LV_DIACRITIC,
data,it,A2,569,Gegenstand,priekšmets • lieta • tēma,Priekšmets • Lieta • Tēma,MARKER_LEAK,lv_macron_consonant
data,lb,A2,569,Gegenstand,priekšmets • lieta • tēma,Priekšmets • Lieta • Tēma,SAME_AS_LV_CASEFOLD,casefold_only
data,lb,A2,569,Gegenstand,priekšmets • lieta • tēma,Priekšmets • Lieta • Tēma,LV_DIACRITIC,
data,lb,A2,569,Gegenstand,priekšmets • lieta • tēma,Priekšmets • Lieta • Tēma,MARKER_LEAK,lv_macron_consonant
data,nl,A2,569,Gegenstand,priekšmets • lieta • tēma,Priekšmets • Lieta • Tēma,SAME_AS_LV_CASEFOLD,casefold_only
data,nl,A2,569,Gegenstand,priekšmets • lieta • tēma,Priekšmets • Lieta • Tēma,LV_DIACRITIC,
data,nl,A2,569,Gegenstand,priekšmets • lieta • tēma,Priekšmets • Lieta • Tēma,MARKER_LEAK,lv_macron_consonant
data,pt,A2,569,Gegenstand,priekšmets • lieta • tēma,Priekšmets • Feliz • Tēma,LV_DIACRITIC,
data,pt,A2,569,Gegenstand,priekšmets • lieta • tēma,Priekšmets • Feliz • Tēma,MARKER_LEAK,lv_macron_consonant
data,sl,A2,569,Gegenstand,priekšmets • lieta • tēma,priekšmets • lieta • tēma,SAME_AS_LV_CASEFOLD,exact
data,sl,A2,569,Gegenstand,priekšmets • lieta • tēma,priekšmets • lieta • tēma,LV_DIACRITIC,
data,sl,A2,569,Gegenstand,priekšmets • lieta • tēma,priekšmets • lieta • tēma,MARKER_LEAK,lv_macron_consonant
data,fi,A2,569,Gegenstand,priekšmets • lieta • tēma,Ese • Asi • Teema,FAMILY_COPY_STRICT,fi+is+nb+nn+sv
data,is,A2,569,Gegenstand,priekšmets • lieta • tēma,Ese • Asi • Teema,FAMILY_COPY_STRICT,fi+is+nb+nn+sv
data,nb,A2,569,Gegenstand,priekšmets • lieta • tēma,Ese • Asi • Teema,FAMILY_COPY_STRICT,fi+is+nb+nn+sv
data,nn,A2,569,Gegenstand,priekšmets • lieta • tēma,Ese • Asi • Teema,FAMILY_COPY_STRICT,fi+is+nb+nn+sv
data,sv,A2,569,Gegenstand,priekšmets • lieta • tēma,Ese • Asi • Teema,FAMILY_COPY_STRICT,fi+is+nb+nn+sv
data,hr,A2,569,Gegenstand,priekšmets • lieta • tēma,Предмет • Нешто • Тема,FAMILY_COPY_STRICT,hr+mk+sr
data,mk,A2,569,Gegenstand,priekšmets • lieta • tēma,Предмет • Нешто • Тема,FAMILY_COPY_STRICT,hr+mk+sr
data,sr,A2,569,Gegenstand,priekšmets • lieta • tēma,Предмет • Нешто • Тема,FAMILY_COPY_STRICT,hr+mk+sr
data,it,A2,569,Gegenstand,priekšmets • lieta • tēma,Priekšmets • Lieta • Tēma,FAMILY_COPY_STRICT,it+lb+nl
data,lb,A2,569,Gegenstand,priekšmets • lieta • tēma,Priekšmets • Lieta • Tēma,FAMILY_COPY_STRICT,it+lb+nl
data,nl,A2,569,Gegenstand,priekšmets • lieta • tēma,Priekšmets • Lieta • Tēma,FAMILY_COPY_STRICT,it+lb+nl
data,pl,A2,569,Gegenstand,priekšmets • lieta • tēma,Temat • Rzecz • Temat,FAMILY_COPY_STRICT,pl+sk+sq+tr
data,sk,A2,569,Gegenstand,priekšmets • lieta • tēma,Temat • Rzecz • Temat,FAMILY_COPY_STRICT,pl+sk+sq+tr
data,sq,A2,569,Gegenstand,priekšmets • lieta • tēma,Temat • Rzecz • Temat,FAMILY_COPY_STRICT,pl+sk+sq+tr
data,tr,A2,569,Gegenstand,priekšmets • lieta • tēma,Temat • Rzecz • Temat,FAMILY_COPY_STRICT,pl+sk+sq+tr
data,fi,A2,570,gegenüber,pretī • pret • salīdzinot ar,Vastas • Vastu • Võrreldes,MARKER_LEAK,et_otilde
data,hr,A2,570,gegenüber,pretī • pret • salīdzinot ar,Минуси • Минус • В сравнение с,SCRIPT_MISMATCH,
data,hr,A2,570,gegenüber,pretī • pret • salīdzinot ar,Минуси • Минус • В сравнение с,MARKER_LEAK,foreign_script
data,sl,A2,570,gegenüber,pretī • pret • salīdzinot ar,pretī • pret • salīdzinot ar,SAME_AS_LV_CASEFOLD,exact
data,sl,A2,570,gegenüber,pretī • pret • salīdzinot ar,pretī • pret • salīdzinot ar,LV_DIACRITIC,
data,sl,A2,570,gegenüber,pretī • pret • salīdzinot ar,pretī • pret • salīdzinot ar,MARKER_LEAK,lv_macron_consonant
data,sq,A2,570,gegenüber,pretī • pret • salīdzinot ar,Karşısında • Karşısında • Karşılaştırıldığında,MARKER_LEAK,tr_soft
data,sv,A2,570,gegenüber,pretī • pret • salīdzinot ar,Vastas • Vastu • Võrreldes,MARKER_LEAK,et_otilde
data,bg,A2,570,gegenüber,pretī • pret • salīdzinot ar,Минуси • Минус • В сравнение с,FAMILY_COPY_STRICT,bg+hr+mk+sr
data,hr,A2,570,gegenüber,pretī • pret • salīdzinot ar,Минуси • Минус • В сравнение с,FAMILY_COPY_STRICT,bg+hr+mk+sr
data,mk,A2,570,gegenüber,pretī • pret • salīdzinot ar,Минуси • Минус • В сравнение с,FAMILY_COPY_STRICT,bg+hr+mk+sr
data,sr,A2,570,gegenüber,pretī • pret • salīdzinot ar,Минуси • Минус • В сравнение с,FAMILY_COPY_STRICT,bg+hr+mk+sr
data,fi,A2,570,gegenüber,pretī • pret • salīdzinot ar,Vastas • Vastu • Võrreldes,FAMILY_COPY_STRICT,fi+sv
data,sv,A2,570,gegenüber,pretī • pret • salīdzinot ar,Vastas • Vastu • Võrreldes,FAMILY_COPY_STRICT,fi+sv
data,fr,A2,570,gegenüber,pretī • pret • salīdzinot ar,Contre • Contre • Par rapport à,FAMILY_COPY_STRICT,fr+it
data,it,A2,570,gegenüber,pretī • pret • salīdzinot ar,Contre • Contre • Par rapport à,FAMILY_COPY_STRICT,fr+it
data,is,A2,570,gegenüber,pretī • pret • salīdzinot ar,Vastas • Vastu • Komparativt,FAMILY_COPY_STRICT,is+nb+nn
data,nb,A2,570,gegenüber,pretī • pret • salīdzinot ar,Vastas • Vastu • Komparativt,FAMILY_COPY_STRICT,is+nb+nn
data,nn,A2,570,gegenüber,pretī • pret • salīdzinot ar,Vastas • Vastu • Komparativt,FAMILY_COPY_STRICT,is+nb+nn
data,lb,A2,570,gegenüber,pretī • pret • salīdzinot ar,Tegen • Versus • Vergeleken met,FAMILY_COPY_STRICT,lb+nl
data,nl,A2,570,gegenüber,pretī • pret • salīdzinot ar,Tegen • Versus • Vergeleken met,FAMILY_COPY_STRICT,lb+nl
data,pl,A2,570,gegenüber,pretī • pret • salīdzinot ar,Przeciwko • Kontra • W porównaniu do,FAMILY_COPY_STRICT,pl+sk
data,sk,A2,570,gegenüber,pretī • pret • salīdzinot ar,Przeciwko • Kontra • W porównaniu do,FAMILY_COPY_STRICT,pl+sk
data,sq,A2,570,gegenüber,pretī • pret • salīdzinot ar,Karşısında • Karşısında • Karşılaştırıldığında,FAMILY_COPY_STRICT,sq+tr
data,tr,A2,570,gegenüber,pretī • pret • salīdzinot ar,Karşısında • Karşısında • Karşılaştırıldığında,FAMILY_COPY_STRICT,sq+tr
data,hr,A2,571,Geheimnis,noslēpums,Тайна,SCRIPT_MISMATCH,
data,hr,A2,571,Geheimnis,noslēpums,Тайна,MARKER_LEAK,foreign_script
data,it,A2,571,Geheimnis,noslēpums,Noslēpums,SAME_AS_LV_CASEFOLD,casefold_only
data,it,A2,571,Geheimnis,noslēpums,Noslēpums,LV_DIACRITIC,
data,it,A2,571,Geheimnis,noslēpums,Noslēpums,MARKER_LEAK,lv_macron_consonant
data,lb,A2,571,Geheimnis,noslēpums,Noslēpums,SAME_AS_LV_CASEFOLD,casefold_only
data,lb,A2,571,Geheimnis,noslēpums,Noslēpums,LV_DIACRITIC,
data,lb,A2,571,Geheimnis,noslēpums,Noslēpums,MARKER_LEAK,lv_macron_consonant
data,nl,A2,571,Geheimnis,noslēpums,Noslēpums,SAME_AS_LV_CASEFOLD,casefold_only
data,nl,A2,571,Geheimnis,noslēpums,Noslēpums,LV_DIACRITIC,
data,nl,A2,571,Geheimnis,noslēpums,Noslēpums,MARKER_LEAK,lv_macron_consonant
data,sl,A2,571,Geheimnis,noslēpums,noslēpums,SAME_AS_LV_CASEFOLD,exact
data,sl,A2,571,Geheimnis,noslēpums,noslēpums,LV_DIACRITIC,
data,sl,A2,571,Geheimnis,noslēpums,noslēpums,MARKER_LEAK,lv_macron_consonant
data,bg,A2,571,Geheimnis,noslēpums,Тайна,FAMILY_COPY_STRICT,bg+hr+mk+sr
data,hr,A2,571,Geheimnis,noslēpums,Тайна,FAMILY_COPY_STRICT,bg+hr+mk+sr
data,mk,A2,571,Geheimnis,noslēpums,Тайна,FAMILY_COPY_STRICT,bg+hr+mk+sr
data,sr,A2,571,Geheimnis,noslēpums,Тайна,FAMILY_COPY_STRICT,bg+hr+mk+sr
data,en,A2,571,Geheimnis,noslēpums,Secret,FAMILY_COPY_STRICT,en+ro
data,ro,A2,571,Geheimnis,noslēpums,Secret,FAMILY_COPY_STRICT,en+ro
data,fi,A2,571,Geheimnis,noslēpums,Saladus,FAMILY_COPY_STRICT,fi+is+nb+nn+sv
data,is,A2,571,Geheimnis,noslēpums,Saladus,FAMILY_COPY_STRICT,fi+is+nb+nn+sv
data,nb,A2,571,Geheimnis,noslēpums,Saladus,FAMILY_COPY_STRICT,fi+is+nb+nn+sv
data,nn,A2,571,Geheimnis,noslēpums,Saladus,FAMILY_COPY_STRICT,fi+is+nb+nn+sv
data,sv,A2,571,Geheimnis,noslēpums,Saladus,FAMILY_COPY_STRICT,fi+is+nb+nn+sv
data,it,A2,571,Geheimnis,noslēpums,Noslēpums,FAMILY_COPY_STRICT,it+lb+nl
data,lb,A2,571,Geheimnis,noslēpums,Noslēpums,FAMILY_COPY_STRICT,it+lb+nl
data,nl,A2,571,Geheimnis,noslēpums,Noslēpums,FAMILY_COPY_STRICT,it+lb+nl
data,pl,A2,571,Geheimnis,noslēpums,Sekret,FAMILY_COPY_STRICT,pl+sk
data,sk,A2,571,Geheimnis,noslēpums,Sekret,FAMILY_COPY_STRICT,pl+sk
data,sq,A2,571,Geheimnis,noslēpums,Gizli,FAMILY_COPY_STRICT,sq+tr
data,tr,A2,571,Geheimnis,noslēpums,Gizli,FAMILY_COPY_STRICT,sq+tr
data,hr,A2,572,gehören,piederēt,Принадлежи,SCRIPT_MISMATCH,
data,hr,A2,572,gehören,piederēt,Принадлежи,MARKER_LEAK,foreign_script
data,sl,A2,572,gehören,piederēt,piederēt,SAME_AS_LV_CASEFOLD,exact
data,sl,A2,572,gehören,piederēt,piederēt,LV_DIACRITIC,
data,sl,A2,572,gehören,piederēt,piederēt,MARKER_LEAK,lv_macron_consonant
data,bg,A2,572,gehören,piederēt,Принадлежи,FAMILY_COPY_STRICT,bg+hr+mk+sr
data,hr,A2,572,gehören,piederēt,Принадлежи,FAMILY_COPY_STRICT,bg+hr+mk+sr
data,mk,A2,572,gehören,piederēt,Принадлежи,FAMILY_COPY_STRICT,bg+hr+mk+sr
data,sr,A2,572,gehören,piederēt,Принадлежи,FAMILY_COPY_STRICT,bg+hr+mk+sr
data,fi,A2,572,gehören,piederēt,Kuuluma,FAMILY_COPY_STRICT,fi+is+nb+nn+sv
data,is,A2,572,gehören,piederēt,Kuuluma,FAMILY_COPY_STRICT,fi+is+nb+nn+sv
data,nb,A2,572,gehören,piederēt,Kuuluma,FAMILY_COPY_STRICT,fi+is+nb+nn+sv
data,nn,A2,572,gehören,piederēt,Kuuluma,FAMILY_COPY_STRICT,fi+is+nb+nn+sv
data,sv,A2,572,gehören,piederēt,Kuuluma,FAMILY_COPY_STRICT,fi+is+nb+nn+sv
data,lb,A2,572,gehören,piederēt,Erbij horen,FAMILY_COPY_STRICT,lb+nl
data,nl,A2,572,gehören,piederēt,Erbij horen,FAMILY_COPY_STRICT,lb+nl
data,sq,A2,572,gehören,piederēt,Ait olmak,FAMILY_COPY_STRICT,sq+tr
data,tr,A2,572,gehören,piederēt,Ait olmak,FAMILY_COPY_STRICT,sq+tr
data,hr,A2,573,Geige,vijole,Цигулка,SCRIPT_MISMATCH,
data,hr,A2,573,Geige,vijole,Цигулка,MARKER_LEAK,foreign_script
data,it,A2,573,Geige,vijole,Vijole,SAME_AS_LV_CASEFOLD,casefold_only
data,lb,A2,573,Geige,vijole,Vijole,SAME_AS_LV_CASEFOLD,casefold_only
data,nl,A2,573,Geige,vijole,Vijole,SAME_AS_LV_CASEFOLD,casefold_only
data,pt,A2,573,Geige,vijole,Vijole,SAME_AS_LV_CASEFOLD,casefold_only
data,sl,A2,573,Geige,vijole,vijole,SAME_AS_LV_CASEFOLD,exact
data,bg,A2,573,Geige,vijole,Цигулка,FAMILY_COPY_STRICT,bg+hr+mk+sr
data,hr,A2,573,Geige,vijole,Цигулка,FAMILY_COPY_STRICT,bg+hr+mk+sr
data,mk,A2,573,Geige,vijole,Цигулка,FAMILY_COPY_STRICT,bg+hr+mk+sr
data,sr,A2,573,Geige,vijole,Цигулка,FAMILY_COPY_STRICT,bg+hr+mk+sr
data,fi,A2,573,Geige,vijole,Viiul,FAMILY_COPY_STRICT,fi+sv
data,sv,A2,573,Geige,vijole,Viiul,FAMILY_COPY_STRICT,fi+sv
data,is,A2,573,Geige,vijole,Fiolin,FAMILY_COPY_STRICT,is+nb+nn
data,nb,A2,573,Geige,vijole,Fiolin,FAMILY_COPY_STRICT,is+nb+nn
data,nn,A2,573,Geige,vijole,Fiolin,FAMILY_COPY_STRICT,is+nb+nn
data,it,A2,573,Geige,vijole,Vijole,FAMILY_COPY_STRICT,it+lb+nl+pt
data,lb,A2,573,Geige,vijole,Vijole,FAMILY_COPY_STRICT,it+lb+nl+pt
data,nl,A2,573,Geige,vijole,Vijole,FAMILY_COPY_STRICT,it+lb+nl+pt
data,pt,A2,573,Geige,vijole,Vijole,FAMILY_COPY_STRICT,it+lb+nl+pt
data,pl,A2,573,Geige,vijole,Skrzypce,FAMILY_COPY_STRICT,pl+sk+sq+tr
data,sk,A2,573,Geige,vijole,Skrzypce,FAMILY_COPY_STRICT,pl+sk+sq+tr
data,sq,A2,573,Geige,vijole,Skrzypce,FAMILY_COPY_STRICT,pl+sk+sq+tr
data,tr,A2,573,Geige,vijole,Skrzypce,FAMILY_COPY_STRICT,pl+sk+sq+tr
data,hr,A2,574,gemeinsam,kopējs • kopīgs,Общи • Общи,SCRIPT_MISMATCH,
data,hr,A2,574,gemeinsam,kopējs • kopīgs,Общи • Общи,MARKER_LEAK,foreign_script
data,it,A2,574,gemeinsam,kopējs • kopīgs,Kopējs • Kopīgs,SAME_AS_LV_CASEFOLD,casefold_only
data,it,A2,574,gemeinsam,kopējs • kopīgs,Kopējs • Kopīgs,LV_DIACRITIC,
data,it,A2,574,gemeinsam,kopējs • kopīgs,Kopējs • Kopīgs,MARKER_LEAK,lv_macron_consonant
data,lb,A2,574,gemeinsam,kopējs • kopīgs,Kopējs • Kopīgs,SAME_AS_LV_CASEFOLD,casefold_only
data,lb,A2,574,gemeinsam,kopējs • kopīgs,Kopējs • Kopīgs,LV_DIACRITIC,
data,lb,A2,574,gemeinsam,kopējs • kopīgs,Kopējs • Kopīgs,MARKER_LEAK,lv_macron_consonant
data,nl,A2,574,gemeinsam,kopējs • kopīgs,Kopējs • Kopīgs,SAME_AS_LV_CASEFOLD,casefold_only
data,nl,A2,574,gemeinsam,kopējs • kopīgs,Kopējs • Kopīgs,LV_DIACRITIC,
data,nl,A2,574,gemeinsam,kopējs • kopīgs,Kopējs • Kopīgs,MARKER_LEAK,lv_macron_consonant
data,pt,A2,574,gemeinsam,kopējs • kopīgs,Kopējs • Kopīgs,SAME_AS_LV_CASEFOLD,casefold_only
data,pt,A2,574,gemeinsam,kopējs • kopīgs,Kopējs • Kopīgs,LV_DIACRITIC,
data,pt,A2,574,gemeinsam,kopējs • kopīgs,Kopējs • Kopīgs,MARKER_LEAK,lv_macron_consonant
data,sl,A2,574,gemeinsam,kopējs • kopīgs,kopējs • kopīgs,SAME_AS_LV_CASEFOLD,exact
data,sl,A2,574,gemeinsam,kopējs • kopīgs,kopējs • kopīgs,LV_DIACRITIC,
data,sl,A2,574,gemeinsam,kopējs • kopīgs,kopējs • kopīgs,MARKER_LEAK,lv_macron_consonant
data,bg,A2,574,gemeinsam,kopējs • kopīgs,Общи • Общи,FAMILY_COPY_STRICT,bg+hr+mk+sr
data,hr,A2,574,gemeinsam,kopējs • kopīgs,Общи • Общи,FAMILY_COPY_STRICT,bg+hr+mk+sr
data,mk,A2,574,gemeinsam,kopējs • kopīgs,Общи • Общи,FAMILY_COPY_STRICT,bg+hr+mk+sr
data,sr,A2,574,gemeinsam,kopējs • kopīgs,Общи • Общи,FAMILY_COPY_STRICT,bg+hr+mk+sr
data,fi,A2,574,gemeinsam,kopējs • kopīgs,Ühine • Kollektiivne,FAMILY_COPY_STRICT,fi+sv
data,sv,A2,574,gemeinsam,kopējs • kopīgs,Ühine • Kollektiivne,FAMILY_COPY_STRICT,fi+sv
data,is,A2,574,gemeinsam,kopējs • kopīgs,Ühine • Kollektiv,FAMILY_COPY_STRICT,is+nb+nn
data,nb,A2,574,gemeinsam,kopējs • kopīgs,Ühine • Kollektiv,FAMILY_COPY_STRICT,is+nb+nn
data,nn,A2,574,gemeinsam,kopējs • kopīgs,Ühine • Kollektiv,FAMILY_COPY_STRICT,is+nb+nn
data,it,A2,574,gemeinsam,kopējs • kopīgs,Kopējs • Kopīgs,FAMILY_COPY_STRICT,it+lb+nl+pt
data,lb,A2,574,gemeinsam,kopējs • kopīgs,Kopējs • Kopīgs,FAMILY_COPY_STRICT,it+lb+nl+pt
data,nl,A2,574,gemeinsam,kopējs • kopīgs,Kopējs • Kopīgs,FAMILY_COPY_STRICT,it+lb+nl+pt
data,pt,A2,574,gemeinsam,kopējs • kopīgs,Kopējs • Kopīgs,FAMILY_COPY_STRICT,it+lb+nl+pt
data,pl,A2,574,gemeinsam,kopējs • kopīgs,Powszechny • Powszechny,FAMILY_COPY_STRICT,pl+sk+sq+tr
data,sk,A2,574,gemeinsam,kopējs • kopīgs,Powszechny • Powszechny,FAMILY_COPY_STRICT,pl+sk+sq+tr
data,sq,A2,574,gemeinsam,kopējs • kopīgs,Powszechny • Powszechny,FAMILY_COPY_STRICT,pl+sk+sq+tr
data,tr,A2,574,gemeinsam,kopējs • kopīgs,Powszechny • Powszechny,FAMILY_COPY_STRICT,pl+sk+sq+tr
data,hr,A2,575,gemütlich,omulīgs • patīkams • ērts,Уютно • Приятно • Удобно,SCRIPT_MISMATCH,
data,hr,A2,575,gemütlich,omulīgs • patīkams • ērts,Уютно • Приятно • Удобно,MARKER_LEAK,foreign_script
data,it,A2,575,gemütlich,omulīgs • patīkams • ērts,Omulīgs • Patīkams • Ųrts,LV_DIACRITIC,
data,it,A2,575,gemütlich,omulīgs • patīkams • ērts,Omulīgs • Patīkams • Ųrts,MARKER_LEAK,lv_macron_consonant
data,lb,A2,575,gemütlich,omulīgs • patīkams • ērts,Omulīgs • Patīkams • ‎ rts,LV_DIACRITIC,
data,lb,A2,575,gemütlich,omulīgs • patīkams • ērts,Omulīgs • Patīkams • ‎ rts,MARKER_LEAK,lv_macron_consonant
data,nl,A2,575,gemütlich,omulīgs • patīkams • ērts,Omulīgs • Patīkams • Ērts,SAME_AS_LV_CASEFOLD,casefold_only
data,nl,A2,575,gemütlich,omulīgs • patīkams • ērts,Omulīgs • Patīkams • Ērts,LV_DIACRITIC,
data,nl,A2,575,gemütlich,omulīgs • patīkams • ērts,Omulīgs • Patīkams • Ērts,MARKER_LEAK,lv_macron_consonant
data,pt,A2,575,gemütlich,omulīgs • patīkams • ērts,Omulīgs • Patīkams • Ųrts,LV_DIACRITIC,
data,pt,A2,575,gemütlich,omulīgs • patīkams • ērts,Omulīgs • Patīkams • Ųrts,MARKER_LEAK,lv_macron_consonant
data,sl,A2,575,gemütlich,omulīgs • patīkams • ērts,omulīgs • patīkams • ērts,SAME_AS_LV_CASEFOLD,exact
data,sl,A2,575,gemütlich,omulīgs • patīkams • ērts,omulīgs • patīkams • ērts,LV_DIACRITIC,
data,sl,A2,575,gemütlich,omulīgs • patīkams • ērts,omulīgs • patīkams • ērts,MARKER_LEAK,lv_macron_consonant
data,bg,A2,575,gemütlich,omulīgs • patīkams • ērts,Уютно • Приятно • Удобно,FAMILY_COPY_STRICT,bg+hr+mk+sr
data,hr,A2,575,gemütlich,omulīgs • patīkams • ērts,Уютно • Приятно • Удобно,FAMILY_COPY_STRICT,bg+hr+mk+sr
data,mk,A2,575,gemütlich,omulīgs • patīkams • ērts,Уютно • Приятно • Удобно,FAMILY_COPY_STRICT,bg+hr+mk+sr
data,sr,A2,575,gemütlich,omulīgs • patīkams • ērts,Уютно • Приятно • Удобно,FAMILY_COPY_STRICT,bg+hr+mk+sr
data,fi,A2,575,gemütlich,omulīgs • patīkams • ērts,Hubane • Meeldiv • Mugav,FAMILY_COPY_STRICT,fi+is+nb+nn+sv
data,is,A2,575,gemütlich,omulīgs • patīkams • ērts,Hubane • Meeldiv • Mugav,FAMILY_COPY_STRICT,fi+is+nb+nn+sv
data,nb,A2,575,gemütlich,omulīgs • patīkams • ērts,Hubane • Meeldiv • Mugav,FAMILY_COPY_STRICT,fi+is+nb+nn+sv
data,nn,A2,575,gemütlich,omulīgs • patīkams • ērts,Hubane • Meeldiv • Mugav,FAMILY_COPY_STRICT,fi+is+nb+nn+sv
data,sv,A2,575,gemütlich,omulīgs • patīkams • ērts,Hubane • Meeldiv • Mugav,FAMILY_COPY_STRICT,fi+is+nb+nn+sv
data,it,A2,575,gemütlich,omulīgs • patīkams • ērts,Omulīgs • Patīkams • Ųrts,FAMILY_COPY_STRICT,it+pt
data,pt,A2,575,gemütlich,omulīgs • patīkams • ērts,Omulīgs • Patīkams • Ųrts,FAMILY_COPY_STRICT,it+pt
data,pl,A2,575,gemütlich,omulīgs • patīkams • ērts,Przytulny • Przyjemny • Wygodny,FAMILY_COPY_STRICT,pl+sk
data,sk,A2,575,gemütlich,omulīgs • patīkams • ērts,Przytulny • Przyjemny • Wygodny,FAMILY_COPY_STRICT,pl+sk
data,sq,A2,575,gemütlich,omulīgs • patīkams • ērts,Rahat • Keyifli • Rahat,FAMILY_COPY_STRICT,sq+tr
data,tr,A2,575,gemütlich,omulīgs • patīkams • ērts,Rahat • Keyifli • Rahat,FAMILY_COPY_STRICT,sq+tr
data,hr,A2,576,genau,precīzs • tieši • precīzi,Точно • Точно • Точно,SCRIPT_MISMATCH,
data,hr,A2,576,genau,precīzs • tieši • precīzi,Точно • Точно • Точно,MARKER_LEAK,foreign_script
data,it,A2,576,genau,precīzs • tieši • precīzi,Precīzs • Tieši • Precīzi,SAME_AS_LV_CASEFOLD,casefold_only
data,it,A2,576,genau,precīzs • tieši • precīzi,Precīzs • Tieši • Precīzi,LV_DIACRITIC,
data,it,A2,576,genau,precīzs • tieši • precīzi,Precīzs • Tieši • Precīzi,MARKER_LEAK,lv_macron_consonant
data,lb,A2,576,genau,precīzs • tieši • precīzi,Precīzs • Tieši • Precīzi,SAME_AS_LV_CASEFOLD,casefold_only
data,lb,A2,576,genau,precīzs • tieši • precīzi,Precīzs • Tieši • Precīzi,LV_DIACRITIC,
data,lb,A2,576,genau,precīzs • tieši • precīzi,Precīzs • Tieši • Precīzi,MARKER_LEAK,lv_macron_consonant
data,nl,A2,576,genau,precīzs • tieši • precīzi,Precīzs • Tieši • Precīzi,SAME_AS_LV_CASEFOLD,casefold_only
data,nl,A2,576,genau,precīzs • tieši • precīzi,Precīzs • Tieši • Precīzi,LV_DIACRITIC,
data,nl,A2,576,genau,precīzs • tieši • precīzi,Precīzs • Tieši • Precīzi,MARKER_LEAK,lv_macron_consonant
data,pt,A2,576,genau,precīzs • tieši • precīzi,Precīzs • Tieši • Precīzi,SAME_AS_LV_CASEFOLD,casefold_only
data,pt,A2,576,genau,precīzs • tieši • precīzi,Precīzs • Tieši • Precīzi,LV_DIACRITIC,
data,pt,A2,576,genau,precīzs • tieši • precīzi,Precīzs • Tieši • Precīzi,MARKER_LEAK,lv_macron_consonant
data,sk,A2,576,genau,precīzs • tieši • precīzi,Dokładnie • Dokładnie • Dokładnie,MARKER_LEAK,pl_l_s_z
data,sl,A2,576,genau,precīzs • tieši • precīzi,precīzs • tieši • precīzi,SAME_AS_LV_CASEFOLD,exact
data,sl,A2,576,genau,precīzs • tieši • precīzi,precīzs • tieši • precīzi,LV_DIACRITIC,
data,sl,A2,576,genau,precīzs • tieši • precīzi,precīzs • tieši • precīzi,MARKER_LEAK,lv_macron_consonant
data,bg,A2,576,genau,precīzs • tieši • precīzi,Точно • Точно • Точно,FAMILY_COPY_STRICT,bg+hr+mk+ru+sr
data,hr,A2,576,genau,precīzs • tieši • precīzi,Точно • Точно • Точно,FAMILY_COPY_STRICT,bg+hr+mk+ru+sr
data,mk,A2,576,genau,precīzs • tieši • precīzi,Точно • Точно • Точно,FAMILY_COPY_STRICT,bg+hr+mk+ru+sr
data,ru,A2,576,genau,precīzs • tieši • precīzi,Точно • Точно • Точно,FAMILY_COPY_STRICT,bg+hr+mk+ru+sr
data,sr,A2,576,genau,precīzs • tieši • precīzi,Точно • Точно • Точно,FAMILY_COPY_STRICT,bg+hr+mk+ru+sr
data,fi,A2,576,genau,precīzs • tieši • precīzi,Täpne • Just • Täpselt,FAMILY_COPY_STRICT,fi+sv
data,sv,A2,576,genau,precīzs • tieši • precīzi,Täpne • Just • Täpselt,FAMILY_COPY_STRICT,fi+sv
data,is,A2,576,genau,precīzs • tieši • precīzi,Täpne • Bare • Tett,FAMILY_COPY_STRICT,is+nb+nn
data,nb,A2,576,genau,precīzs • tieši • precīzi,Täpne • Bare • Tett,FAMILY_COPY_STRICT,is+nb+nn
data,nn,A2,576,genau,precīzs • tieši • precīzi,Täpne • Bare • Tett,FAMILY_COPY_STRICT,is+nb+nn
data,it,A2,576,genau,precīzs • tieši • precīzi,Precīzs • Tieši • Precīzi,FAMILY_COPY_STRICT,it+lb+nl+pt
data,lb,A2,576,genau,precīzs • tieši • precīzi,Precīzs • Tieši • Precīzi,FAMILY_COPY_STRICT,it+lb+nl+pt
data,nl,A2,576,genau,precīzs • tieši • precīzi,Precīzs • Tieši • Precīzi,FAMILY_COPY_STRICT,it+lb+nl+pt
data,pt,A2,576,genau,precīzs • tieši • precīzi,Precīzs • Tieši • Precīzi,FAMILY_COPY_STRICT,it+lb+nl+pt
data,pl,A2,576,genau,precīzs • tieši • precīzi,Dokładnie • Dokładnie • Dokładnie,FAMILY_COPY_STRICT,pl+sk
data,sk,A2,576,genau,precīzs • tieši • precīzi,Dokładnie • Dokładnie • Dokładnie,FAMILY_COPY_STRICT,pl+sk
data,sq,A2,576,genau,precīzs • tieši • precīzi,Kesinlikle • Tam olarak • Tam olarak,FAMILY_COPY_STRICT,sq+tr
data,tr,A2,576,genau,precīzs • tieši • precīzi,Kesinlikle • Tam olarak • Tam olarak,FAMILY_COPY_STRICT,sq+tr
data,hr,A2,577,Geografie,ģeogrāfija,География,SCRIPT_MISMATCH,
data,hr,A2,577,Geografie,ģeogrāfija,География,MARKER_LEAK,foreign_script
data,lb,A2,577,Geografie,ģeogrāfija,Ģeogrāfija,SAME_AS_LV_CASEFOLD,casefold_only
data,lb,A2,577,Geografie,ģeogrāfija,Ģeogrāfija,LV_DIACRITIC,
data,lb,A2,577,Geografie,ģeogrāfija,Ģeogrāfija,MARKER_LEAK,lv_macron_consonant
data,nl,A2,577,Geografie,ģeogrāfija,Ģeogrāfija,SAME_AS_LV_CASEFOLD,casefold_only
data,nl,A2,577,Geografie,ģeogrāfija,Ģeogrāfija,LV_DIACRITIC,
data,nl,A2,577,Geografie,ģeogrāfija,Ģeogrāfija,MARKER_LEAK,lv_macron_consonant
data,sl,A2,577,Geografie,ģeogrāfija,ģeogrāfija,SAME_AS_LV_CASEFOLD,exact
data,sl,A2,577,Geografie,ģeogrāfija,ģeogrāfija,LV_DIACRITIC,
data,sl,A2,577,Geografie,ģeogrāfija,ģeogrāfija,MARKER_LEAK,lv_macron_consonant
data,sq,A2,577,Geografie,ģeogrāfija,Coğrafya,MARKER_LEAK,tr_soft
data,bg,A2,577,Geografie,ģeogrāfija,География,FAMILY_COPY_STRICT,bg+hr+mk+ru+sr
data,hr,A2,577,Geografie,ģeogrāfija,География,FAMILY_COPY_STRICT,bg+hr+mk+ru+sr
data,mk,A2,577,Geografie,ģeogrāfija,География,FAMILY_COPY_STRICT,bg+hr+mk+ru+sr
data,ru,A2,577,Geografie,ģeogrāfija,География,FAMILY_COPY_STRICT,bg+hr+mk+ru+sr
data,sr,A2,577,Geografie,ģeogrāfija,География,FAMILY_COPY_STRICT,bg+hr+mk+ru+sr
data,bs,A2,577,Geografie,ģeogrāfija,geografija,FAMILY_COPY_STRICT,bs+lt
data,lt,A2,577,Geografie,ģeogrāfija,geografija,FAMILY_COPY_STRICT,bs+lt
data,da,A2,577,Geografie,ģeogrāfija,Geografi,FAMILY_COPY_STRICT,da+is+nb+nn
data,is,A2,577,Geografie,ģeogrāfija,Geografi,FAMILY_COPY_STRICT,da+is+nb+nn
data,nb,A2,577,Geografie,ģeogrāfija,Geografi,FAMILY_COPY_STRICT,da+is+nb+nn
data,nn,A2,577,Geografie,ģeogrāfija,Geografi,FAMILY_COPY_STRICT,da+is+nb+nn
data,fi,A2,577,Geografie,ģeogrāfija,Geograafia,FAMILY_COPY_STRICT,fi+sv
data,sv,A2,577,Geografie,ģeogrāfija,Geograafia,FAMILY_COPY_STRICT,fi+sv
data,it,A2,577,Geografie,ģeogrāfija,Teografia,FAMILY_COPY_STRICT,it+pt
data,pt,A2,577,Geografie,ģeogrāfija,Teografia,FAMILY_COPY_STRICT,it+pt
data,lb,A2,577,Geografie,ģeogrāfija,Ģeogrāfija,FAMILY_COPY_STRICT,lb+nl
data,nl,A2,577,Geografie,ģeogrāfija,Ģeogrāfija,FAMILY_COPY_STRICT,lb+nl
data,sq,A2,577,Geografie,ģeogrāfija,Coğrafya,FAMILY_COPY_STRICT,sq+tr
data,tr,A2,577,Geografie,ģeogrāfija,Coğrafya,FAMILY_COPY_STRICT,sq+tr
data,hr,A2,578,Geographie,ģeogrāfija,География,SCRIPT_MISMATCH,
data,hr,A2,578,Geographie,ģeogrāfija,География,MARKER_LEAK,foreign_script
data,lb,A2,578,Geographie,ģeogrāfija,Ģeogrāfija,SAME_AS_LV_CASEFOLD,casefold_only
data,lb,A2,578,Geographie,ģeogrāfija,Ģeogrāfija,LV_DIACRITIC,
data,lb,A2,578,Geographie,ģeogrāfija,Ģeogrāfija,MARKER_LEAK,lv_macron_consonant
data,nl,A2,578,Geographie,ģeogrāfija,Ģeogrāfija,SAME_AS_LV_CASEFOLD,casefold_only
data,nl,A2,578,Geographie,ģeogrāfija,Ģeogrāfija,LV_DIACRITIC,
data,nl,A2,578,Geographie,ģeogrāfija,Ģeogrāfija,MARKER_LEAK,lv_macron_consonant
data,sl,A2,578,Geographie,ģeogrāfija,ģeogrāfija,SAME_AS_LV_CASEFOLD,exact
data,sl,A2,578,Geographie,ģeogrāfija,ģeogrāfija,LV_DIACRITIC,
data,sl,A2,578,Geographie,ģeogrāfija,ģeogrāfija,MARKER_LEAK,lv_macron_consonant
data,sq,A2,578,Geographie,ģeogrāfija,Coğrafya,MARKER_LEAK,tr_soft
data,bg,A2,578,Geographie,ģeogrāfija,География,FAMILY_COPY_STRICT,bg+hr+mk+ru+sr
data,hr,A2,578,Geographie,ģeogrāfija,География,FAMILY_COPY_STRICT,bg+hr+mk+ru+sr
data,mk,A2,578,Geographie,ģeogrāfija,География,FAMILY_COPY_STRICT,bg+hr+mk+ru+sr
data,ru,A2,578,Geographie,ģeogrāfija,География,FAMILY_COPY_STRICT,bg+hr+mk+ru+sr
data,sr,A2,578,Geographie,ģeogrāfija,География,FAMILY_COPY_STRICT,bg+hr+mk+ru+sr
data,bs,A2,578,Geographie,ģeogrāfija,geografija,FAMILY_COPY_STRICT,bs+lt
data,lt,A2,578,Geographie,ģeogrāfija,geografija,FAMILY_COPY_STRICT,bs+lt
data,da,A2,578,Geographie,ģeogrāfija,Geografi,FAMILY_COPY_STRICT,da+is+nb+nn
data,is,A2,578,Geographie,ģeogrāfija,Geografi,FAMILY_COPY_STRICT,da+is+nb+nn
data,nb,A2,578,Geographie,ģeogrāfija,Geografi,FAMILY_COPY_STRICT,da+is+nb+nn
data,nn,A2,578,Geographie,ģeogrāfija,Geografi,FAMILY_COPY_STRICT,da+is+nb+nn
data,fi,A2,578,Geographie,ģeogrāfija,Geograafia,FAMILY_COPY_STRICT,fi+sv
data,sv,A2,578,Geographie,ģeogrāfija,Geograafia,FAMILY_COPY_STRICT,fi+sv
data,it,A2,578,Geographie,ģeogrāfija,Teografia,FAMILY_COPY_STRICT,it+pt
data,pt,A2,578,Geographie,ģeogrāfija,Teografia,FAMILY_COPY_STRICT,it+pt
data,lb,A2,578,Geographie,ģeogrāfija,Ģeogrāfija,FAMILY_COPY_STRICT,lb+nl
data,nl,A2,578,Geographie,ģeogrāfija,Ģeogrāfija,FAMILY_COPY_STRICT,lb+nl
data,sq,A2,578,Geographie,ģeogrāfija,Coğrafya,FAMILY_COPY_STRICT,sq+tr
data,tr,A2,578,Geographie,ģeogrāfija,Coğrafya,FAMILY_COPY_STRICT,sq+tr
data,hr,A2,579,Gepäck,bagāža,Багаж,SCRIPT_MISMATCH,
data,hr,A2,579,Gepäck,bagāža,Багаж,MARKER_LEAK,foreign_script
data,it,A2,579,Gepäck,bagāža,Bagāža,SAME_AS_LV_CASEFOLD,casefold_only
data,it,A2,579,Gepäck,bagāža,Bagāža,LV_DIACRITIC,
data,it,A2,579,Gepäck,bagāža,Bagāža,MARKER_LEAK,lv_macron_consonant
data,nl,A2,579,Gepäck,bagāža,Bagāža,SAME_AS_LV_CASEFOLD,casefold_only
data,nl,A2,579,Gepäck,bagāža,Bagāža,LV_DIACRITIC,
data,nl,A2,579,Gepäck,bagāža,Bagāža,MARKER_LEAK,lv_macron_consonant
data,sl,A2,579,Gepäck,bagāža,bagāža,SAME_AS_LV_CASEFOLD,exact
data,sl,A2,579,Gepäck,bagāža,bagāža,LV_DIACRITIC,
data,sl,A2,579,Gepäck,bagāža,bagāža,MARKER_LEAK,lv_macron_consonant
data,bg,A2,579,Gepäck,bagāža,Багаж,FAMILY_COPY_STRICT,bg+hr+mk+ru+sr
data,hr,A2,579,Gepäck,bagāža,Багаж,FAMILY_COPY_STRICT,bg+hr+mk+ru+sr
data,mk,A2,579,Gepäck,bagāža,Багаж,FAMILY_COPY_STRICT,bg+hr+mk+ru+sr
data,ru,A2,579,Gepäck,bagāža,Багаж,FAMILY_COPY_STRICT,bg+hr+mk+ru+sr
data,sr,A2,579,Gepäck,bagāža,Багаж,FAMILY_COPY_STRICT,bg+hr+mk+ru+sr
data,fi,A2,579,Gepäck,bagāža,Pagas,FAMILY_COPY_STRICT,fi+is+nb+nn+sv
data,is,A2,579,Gepäck,bagāža,Pagas,FAMILY_COPY_STRICT,fi+is+nb+nn+sv
data,nb,A2,579,Gepäck,bagāža,Pagas,FAMILY_COPY_STRICT,fi+is+nb+nn+sv
data,nn,A2,579,Gepäck,bagāža,Pagas,FAMILY_COPY_STRICT,fi+is+nb+nn+sv
data,sv,A2,579,Gepäck,bagāža,Pagas,FAMILY_COPY_STRICT,fi+is+nb+nn+sv
data,it,A2,579,Gepäck,bagāža,Bagāža,FAMILY_COPY_STRICT,it+nl
data,nl,A2,579,Gepäck,bagāža,Bagāža,FAMILY_COPY_STRICT,it+nl
data,ro,A2,579,Gepäck,bagāža,Bagaj,FAMILY_COPY_STRICT,ro+sq+tr
data,sq,A2,579,Gepäck,bagāža,Bagaj,FAMILY_COPY_STRICT,ro+sq+tr
data,tr,A2,579,Gepäck,bagāža,Bagaj,FAMILY_COPY_STRICT,ro+sq+tr
data,it,A2,580,gerade,taisns,Taisns,SAME_AS_LV_CASEFOLD,casefold_only
data,lb,A2,580,gerade,taisns,Taisns,SAME_AS_LV_CASEFOLD,casefold_only
data,nl,A2,580,gerade,taisns,Taisns,SAME_AS_LV_CASEFOLD,casefold_only
data,pt,A2,580,gerade,taisns,Taisns,SAME_AS_LV_CASEFOLD,casefold_only
data,sl,A2,580,gerade,taisns,taisns,SAME_AS_LV_CASEFOLD,exact
data,sr,A2,580,gerade,taisns,Usmeri,SCRIPT_MISMATCH,sr_as_cyrillic
data,sr,A2,580,gerade,taisns,Usmeri,MARKER_LEAK,latin_in_cyrillic
data,fi,A2,580,gerade,taisns,Sirge,FAMILY_COPY_STRICT,fi+is+nb+nn+sv
data,is,A2,580,gerade,taisns,Sirge,FAMILY_COPY_STRICT,fi+is+nb+nn+sv
data,nb,A2,580,gerade,taisns,Sirge,FAMILY_COPY_STRICT,fi+is+nb+nn+sv
data,nn,A2,580,gerade,taisns,Sirge,FAMILY_COPY_STRICT,fi+is+nb+nn+sv
data,sv,A2,580,gerade,taisns,Sirge,FAMILY_COPY_STRICT,fi+is+nb+nn+sv
data,hr,A2,580,gerade,taisns,Usmeri,FAMILY_COPY_STRICT,hr+sr
data,sr,A2,580,gerade,taisns,Usmeri,FAMILY_COPY_STRICT,hr+sr
data,it,A2,580,gerade,taisns,Taisns,FAMILY_COPY_STRICT,it+lb+nl+pt
data,lb,A2,580,gerade,taisns,Taisns,FAMILY_COPY_STRICT,it+lb+nl+pt
data,nl,A2,580,gerade,taisns,Taisns,FAMILY_COPY_STRICT,it+lb+nl+pt
data,pt,A2,580,gerade,taisns,Taisns,FAMILY_COPY_STRICT,it+lb+nl+pt
data,et,A2,581,Gericht,ēdiens • maltīte,Wir schließen einen Vertrag. = valodas Me sõlmime lepingu.,MARKER_LEAK,de_eszett
data,hr,A2,581,Gericht,ēdiens • maltīte,Храна • Храна,SCRIPT_MISMATCH,
data,hr,A2,581,Gericht,ēdiens • maltīte,Храна • Храна,MARKER_LEAK,foreign_script
data,it,A2,581,Gericht,ēdiens • maltīte,ˈhis • Maltīte,LV_DIACRITIC,
data,it,A2,581,Gericht,ēdiens • maltīte,ˈhis • Maltīte,MARKER_LEAK,lv_macron_consonant
data,lb,A2,581,Gericht,ēdiens • maltīte,Ēdiens • Maltīte,SAME_AS_LV_CASEFOLD,casefold_only
data,lb,A2,581,Gericht,ēdiens • maltīte,Ēdiens • Maltīte,LV_DIACRITIC,
data,lb,A2,581,Gericht,ēdiens • maltīte,Ēdiens • Maltīte,MARKER_LEAK,lv_macron_consonant
data,nl,A2,581,Gericht,ēdiens • maltīte,Ēdiens • Maltīte,SAME_AS_LV_CASEFOLD,casefold_only
data,nl,A2,581,Gericht,ēdiens • maltīte,Ēdiens • Maltīte,LV_DIACRITIC,
data,nl,A2,581,Gericht,ēdiens • maltīte,Ēdiens • Maltīte,MARKER_LEAK,lv_macron_consonant
data,pt,A2,581,Gericht,ēdiens • maltīte,ˈhis • Maltīte,LV_DIACRITIC,
data,pt,A2,581,Gericht,ēdiens • maltīte,ˈhis • Maltīte,MARKER_LEAK,lv_macron_consonant
data,sl,A2,581,Gericht,ēdiens • maltīte,ēdiens • maltīte,SAME_AS_LV_CASEFOLD,exact
data,sl,A2,581,Gericht,ēdiens • maltīte,ēdiens • maltīte,LV_DIACRITIC,
data,sl,A2,581,Gericht,ēdiens • maltīte,ēdiens • maltīte,MARKER_LEAK,lv_macron_consonant
data,bg,A2,581,Gericht,ēdiens • maltīte,Храна • Храна,FAMILY_COPY_STRICT,bg+hr+mk+sr
data,hr,A2,581,Gericht,ēdiens • maltīte,Храна • Храна,FAMILY_COPY_STRICT,bg+hr+mk+sr
data,mk,A2,581,Gericht,ēdiens • maltīte,Храна • Храна,FAMILY_COPY_STRICT,bg+hr+mk+sr
data,sr,A2,581,Gericht,ēdiens • maltīte,Храна • Храна,FAMILY_COPY_STRICT,bg+hr+mk+sr
data,fi,A2,581,Gericht,ēdiens • maltīte,Toit • Eine,FAMILY_COPY_STRICT,fi+is+nb+nn+sv
data,is,A2,581,Gericht,ēdiens • maltīte,Toit • Eine,FAMILY_COPY_STRICT,fi+is+nb+nn+sv
data,nb,A2,581,Gericht,ēdiens • maltīte,Toit • Eine,FAMILY_COPY_STRICT,fi+is+nb+nn+sv
data,nn,A2,581,Gericht,ēdiens • maltīte,Toit • Eine,FAMILY_COPY_STRICT,fi+is+nb+nn+sv
data,sv,A2,581,Gericht,ēdiens • maltīte,Toit • Eine,FAMILY_COPY_STRICT,fi+is+nb+nn+sv
data,it,A2,581,Gericht,ēdiens • maltīte,ˈhis • Maltīte,FAMILY_COPY_STRICT,it+pt
data,pt,A2,581,Gericht,ēdiens • maltīte,ˈhis • Maltīte,FAMILY_COPY_STRICT,it+pt
data,lb,A2,581,Gericht,ēdiens • maltīte,Ēdiens • Maltīte,FAMILY_COPY_STRICT,lb+nl
data,nl,A2,581,Gericht,ēdiens • maltīte,Ēdiens • Maltīte,FAMILY_COPY_STRICT,lb+nl
data,sq,A2,581,Gericht,ēdiens • maltīte,Yiyecek • Yemek,FAMILY_COPY_STRICT,sq+tr
data,tr,A2,581,Gericht,ēdiens • maltīte,Yiyecek • Yemek,FAMILY_COPY_STRICT,sq+tr
data,nl,A2,582,Geschäft,veikals,Veikals,SAME_AS_LV_CASEFOLD,casefold_only
data,sl,A2,582,Geschäft,veikals,veikals,SAME_AS_LV_CASEFOLD,exact
data,sr,A2,582,Geschäft,veikals,Shop,SCRIPT_MISMATCH,sr_as_cyrillic
data,sr,A2,582,Geschäft,veikals,Shop,MARKER_LEAK,latin_in_cyrillic
data,bg,A2,582,Geschäft,veikals,Магазин,FAMILY_COPY_STRICT,bg+mk+ru
data,mk,A2,582,Geschäft,veikals,Магазин,FAMILY_COPY_STRICT,bg+mk+ru
data,ru,A2,582,Geschäft,veikals,Магазин,FAMILY_COPY_STRICT,bg+mk+ru
data,cs,A2,582,Geschäft,veikals,Obchod,FAMILY_COPY_STRICT,cs+sk
data,sk,A2,582,Geschäft,veikals,Obchod,FAMILY_COPY_STRICT,cs+sk
data,en,A2,582,Geschäft,veikals,Shop,FAMILY_COPY_STRICT,en+hr+sr
data,hr,A2,582,Geschäft,veikals,Shop,FAMILY_COPY_STRICT,en+hr+sr
data,sr,A2,582,Geschäft,veikals,Shop,FAMILY_COPY_STRICT,en+hr+sr
data,fi,A2,582,Geschäft,veikals,Pood,FAMILY_COPY_STRICT,fi+is+nb+nn+sv
data,is,A2,582,Geschäft,veikals,Pood,FAMILY_COPY_STRICT,fi+is+nb+nn+sv
data,nb,A2,582,Geschäft,veikals,Pood,FAMILY_COPY_STRICT,fi+is+nb+nn+sv
data,nn,A2,582,Geschäft,veikals,Pood,FAMILY_COPY_STRICT,fi+is+nb+nn+sv
data,sv,A2,582,Geschäft,veikals,Pood,FAMILY_COPY_STRICT,fi+is+nb+nn+sv
data,it,A2,582,Geschäft,veikals,Vekals,FAMILY_COPY_STRICT,it+pt
data,pt,A2,582,Geschäft,veikals,Vekals,FAMILY_COPY_STRICT,it+pt
data,lb,A2,583,Geschenk,dāvana,Dāvana,SAME_AS_LV_CASEFOLD,casefold_only
data,lb,A2,583,Geschenk,dāvana,Dāvana,LV_DIACRITIC,
data,lb,A2,583,Geschenk,dāvana,Dāvana,MARKER_LEAK,lv_macron_consonant
data,nl,A2,583,Geschenk,dāvana,Dāvana,SAME_AS_LV_CASEFOLD,casefold_only
data,nl,A2,583,Geschenk,dāvana,Dāvana,LV_DIACRITIC,
data,nl,A2,583,Geschenk,dāvana,Dāvana,MARKER_LEAK,lv_macron_consonant
data,sl,A2,583,Geschenk,dāvana,dāvana,SAME_AS_LV_CASEFOLD,exact
data,sl,A2,583,Geschenk,dāvana,dāvana,LV_DIACRITIC,
data,sl,A2,583,Geschenk,dāvana,dāvana,MARKER_LEAK,lv_macron_consonant
data,sr,A2,583,Geschenk,dāvana,Iti morava.,SCRIPT_MISMATCH,sr_as_cyrillic
data,sr,A2,583,Geschenk,dāvana,Iti morava.,MARKER_LEAK,latin_in_cyrillic
data,fi,A2,583,Geschenk,dāvana,Kingitus,FAMILY_COPY_STRICT,fi+is+nb+nn+sv
data,is,A2,583,Geschenk,dāvana,Kingitus,FAMILY_COPY_STRICT,fi+is+nb+nn+sv
data,nb,A2,583,Geschenk,dāvana,Kingitus,FAMILY_COPY_STRICT,fi+is+nb+nn+sv
data,nn,A2,583,Geschenk,dāvana,Kingitus,FAMILY_COPY_STRICT,fi+is+nb+nn+sv
data,sv,A2,583,Geschenk,dāvana,Kingitus,FAMILY_COPY_STRICT,fi+is+nb+nn+sv
data,hr,A2,583,Geschenk,dāvana,Iti morava.,FAMILY_COPY_STRICT,hr+sr
data,sr,A2,583,Geschenk,dāvana,Iti morava.,FAMILY_COPY_STRICT,hr+sr
data,it,A2,583,Geschenk,dāvana,Davana,FAMILY_COPY_STRICT,it+pt
data,pt,A2,583,Geschenk,dāvana,Davana,FAMILY_COPY_STRICT,it+pt
data,lb,A2,583,Geschenk,dāvana,Dāvana,FAMILY_COPY_STRICT,lb+nl
data,nl,A2,583,Geschenk,dāvana,Dāvana,FAMILY_COPY_STRICT,lb+nl
data,pl,A2,583,Geschenk,dāvana,Prezent,FAMILY_COPY_STRICT,pl+sk
data,sk,A2,583,Geschenk,dāvana,Prezent,FAMILY_COPY_STRICT,pl+sk
data,sq,A2,583,Geschenk,dāvana,Hediye,FAMILY_COPY_STRICT,sq+tr
data,tr,A2,583,Geschenk,dāvana,Hediye,FAMILY_COPY_STRICT,sq+tr
data,fi,A2,584,Geschirr,trauki,Nõud,MARKER_LEAK,et_otilde
data,hr,A2,584,Geschirr,trauki,Плочи,SCRIPT_MISMATCH,
data,hr,A2,584,Geschirr,trauki,Плочи,MARKER_LEAK,foreign_script
data,it,A2,584,Geschirr,trauki,Trauki,SAME_AS_LV_CASEFOLD,casefold_only
data,nl,A2,584,Geschirr,trauki,Trauki,SAME_AS_LV_CASEFOLD,casefold_only
data,pt,A2,584,Geschirr,trauki,Trauki,SAME_AS_LV_CASEFOLD,casefold_only
data,sl,A2,584,Geschirr,trauki,trauki,SAME_AS_LV_CASEFOLD,exact
data,sv,A2,584,Geschirr,trauki,Nõud,MARKER_LEAK,et_otilde
data,bg,A2,584,Geschirr,trauki,Плочи,FAMILY_COPY_STRICT,bg+hr+mk+sr
data,hr,A2,584,Geschirr,trauki,Плочи,FAMILY_COPY_STRICT,bg+hr+mk+sr
data,mk,A2,584,Geschirr,trauki,Плочи,FAMILY_COPY_STRICT,bg+hr+mk+sr
data,sr,A2,584,Geschirr,trauki,Плочи,FAMILY_COPY_STRICT,bg+hr+mk+sr
data,fi,A2,584,Geschirr,trauki,Nõud,FAMILY_COPY_STRICT,fi+sv
data,sv,A2,584,Geschirr,trauki,Nõud,FAMILY_COPY_STRICT,fi+sv
data,is,A2,584,Geschirr,trauki,Obligatorisk,FAMILY_COPY_STRICT,is+nb+nn
data,nb,A2,584,Geschirr,trauki,Obligatorisk,FAMILY_COPY_STRICT,is+nb+nn
data,nn,A2,584,Geschirr,trauki,Obligatorisk,FAMILY_COPY_STRICT,is+nb+nn
data,it,A2,584,Geschirr,trauki,Trauki,FAMILY_COPY_STRICT,it+nl+pt
data,nl,A2,584,Geschirr,trauki,Trauki,FAMILY_COPY_STRICT,it+nl+pt
data,pt,A2,584,Geschirr,trauki,Trauki,FAMILY_COPY_STRICT,it+nl+pt
data,pl,A2,584,Geschirr,trauki,Dania,FAMILY_COPY_STRICT,pl+sk
data,sk,A2,584,Geschirr,trauki,Dania,FAMILY_COPY_STRICT,pl+sk
data,sq,A2,584,Geschirr,trauki,Danimarka,FAMILY_COPY_STRICT,sq+tr
data,tr,A2,584,Geschirr,trauki,Danimarka,FAMILY_COPY_STRICT,sq+tr
data,hr,A2,585,Geschmack,garša • gaume,Вкус • Вкус,SCRIPT_MISMATCH,
data,hr,A2,585,Geschmack,garša • gaume,Вкус • Вкус,MARKER_LEAK,foreign_script
data,lb,A2,585,Geschmack,garša • gaume,Garša • Gaume,SAME_AS_LV_CASEFOLD,casefold_only
data,lb,A2,585,Geschmack,garša • gaume,Garša • Gaume,LV_DIACRITIC,
data,nl,A2,585,Geschmack,garša • gaume,Garša • Gaume,SAME_AS_LV_CASEFOLD,casefold_only
data,nl,A2,585,Geschmack,garša • gaume,Garša • Gaume,LV_DIACRITIC,
data,sl,A2,585,Geschmack,garša • gaume,garša • gaume,SAME_AS_LV_CASEFOLD,exact
data,bg,A2,585,Geschmack,garša • gaume,Вкус • Вкус,FAMILY_COPY_STRICT,bg+hr+mk+ru+sr
data,hr,A2,585,Geschmack,garša • gaume,Вкус • Вкус,FAMILY_COPY_STRICT,bg+hr+mk+ru+sr
data,mk,A2,585,Geschmack,garša • gaume,Вкус • Вкус,FAMILY_COPY_STRICT,bg+hr+mk+ru+sr
data,ru,A2,585,Geschmack,garša • gaume,Вкус • Вкус,FAMILY_COPY_STRICT,bg+hr+mk+ru+sr
data,sr,A2,585,Geschmack,garša • gaume,Вкус • Вкус,FAMILY_COPY_STRICT,bg+hr+mk+ru+sr
data,fi,A2,585,Geschmack,garša • gaume,Maitse • Maitsemeel,FAMILY_COPY_STRICT,fi+is+nb+nn+sv
data,is,A2,585,Geschmack,garša • gaume,Maitse • Maitsemeel,FAMILY_COPY_STRICT,fi+is+nb+nn+sv
data,nb,A2,585,Geschmack,garša • gaume,Maitse • Maitsemeel,FAMILY_COPY_STRICT,fi+is+nb+nn+sv
data,nn,A2,585,Geschmack,garša • gaume,Maitse • Maitsemeel,FAMILY_COPY_STRICT,fi+is+nb+nn+sv
data,sv,A2,585,Geschmack,garša • gaume,Maitse • Maitsemeel,FAMILY_COPY_STRICT,fi+is+nb+nn+sv
data,it,A2,585,Geschmack,garša • gaume,Garcha • Gaume,FAMILY_COPY_STRICT,it+pt
data,pt,A2,585,Geschmack,garša • gaume,Garcha • Gaume,FAMILY_COPY_STRICT,it+pt
data,lb,A2,585,Geschmack,garša • gaume,Garša • Gaume,FAMILY_COPY_STRICT,lb+nl
data,nl,A2,585,Geschmack,garša • gaume,Garša • Gaume,FAMILY_COPY_STRICT,lb+nl
data,pl,A2,585,Geschmack,garša • gaume,Smak • Smak,FAMILY_COPY_STRICT,pl+sk
data,sk,A2,585,Geschmack,garša • gaume,Smak • Smak,FAMILY_COPY_STRICT,pl+sk
data,sq,A2,585,Geschmack,garša • gaume,Tat • Tat,FAMILY_COPY_STRICT,sq+tr
data,tr,A2,585,Geschmack,garša • gaume,Tat • Tat,FAMILY_COPY_STRICT,sq+tr
data,fi,A2,586,Geschwister,brāļi un māsas,Õed-vennad,MARKER_LEAK,et_otilde
data,is,A2,586,Geschwister,brāļi un māsas,Õed venn,MARKER_LEAK,et_otilde
data,it,A2,586,Geschwister,brāļi un māsas,Brāųi un māsas,LV_DIACRITIC,
data,it,A2,586,Geschwister,brāļi un māsas,Brāųi un māsas,MARKER_LEAK,lv_macron_consonant
data,nb,A2,586,Geschwister,brāļi un māsas,Õed venn,MARKER_LEAK,et_otilde
data,nl,A2,586,Geschwister,brāļi un māsas,Brāļi un māsas,SAME_AS_LV_CASEFOLD,casefold_only
data,nl,A2,586,Geschwister,brāļi un māsas,Brāļi un māsas,LV_DIACRITIC,
data,nl,A2,586,Geschwister,brāļi un māsas,Brāļi un māsas,MARKER_LEAK,lv_macron_consonant
data,nn,A2,586,Geschwister,brāļi un māsas,Õed venn,MARKER_LEAK,et_otilde
data,pt,A2,586,Geschwister,brāļi un māsas,Brāųi a māsas,LV_DIACRITIC,
data,pt,A2,586,Geschwister,brāļi un māsas,Brāųi a māsas,MARKER_LEAK,lv_macron_consonant
data,sl,A2,586,Geschwister,brāļi un māsas,brāļi un māsas,SAME_AS_LV_CASEFOLD,exact
data,sl,A2,586,Geschwister,brāļi un māsas,brāļi un māsas,LV_DIACRITIC,
data,sl,A2,586,Geschwister,brāļi un māsas,brāļi un māsas,MARKER_LEAK,lv_macron_consonant
data,sr,A2,586,Geschwister,brāļi un māsas,Braćo i sestre,SCRIPT_MISMATCH,sr_as_cyrillic
data,sr,A2,586,Geschwister,brāļi un māsas,Braćo i sestre,MARKER_LEAK,latin_in_cyrillic
data,sv,A2,586,Geschwister,brāļi un māsas,Õed-vennad,MARKER_LEAK,et_otilde
data,bg,A2,586,Geschwister,brāļi un māsas,Братя и сестри,FAMILY_COPY_STRICT,bg+mk
data,mk,A2,586,Geschwister,brāļi un māsas,Братя и сестри,FAMILY_COPY_STRICT,bg+mk
data,fi,A2,586,Geschwister,brāļi un māsas,Õed-vennad,FAMILY_COPY_STRICT,fi+sv
data,sv,A2,586,Geschwister,brāļi un māsas,Õed-vennad,FAMILY_COPY_STRICT,fi+sv
data,hr,A2,586,Geschwister,brāļi un māsas,Braćo i sestre,FAMILY_COPY_STRICT,hr+sr
data,sr,A2,586,Geschwister,brāļi un māsas,Braćo i sestre,FAMILY_COPY_STRICT,hr+sr
data,is,A2,586,Geschwister,brāļi un māsas,Õed venn,FAMILY_COPY_STRICT,is+nb+nn
data,nb,A2,586,Geschwister,brāļi un māsas,Õed venn,FAMILY_COPY_STRICT,is+nb+nn
data,nn,A2,586,Geschwister,brāļi un māsas,Õed venn,FAMILY_COPY_STRICT,is+nb+nn
data,hr,A2,587,Gesetz,likums,Закон,SCRIPT_MISMATCH,
data,hr,A2,587,Gesetz,likums,Закон,MARKER_LEAK,foreign_script
data,lb,A2,587,Gesetz,likums,Likums,SAME_AS_LV_CASEFOLD,casefold_only
data,nl,A2,587,Gesetz,likums,Likums,SAME_AS_LV_CASEFOLD,casefold_only
data,sl,A2,587,Gesetz,likums,likums,SAME_AS_LV_CASEFOLD,exact
data,bg,A2,587,Gesetz,likums,Закон,FAMILY_COPY_STRICT,bg+hr+mk+ru+sr
data,hr,A2,587,Gesetz,likums,Закон,FAMILY_COPY_STRICT,bg+hr+mk+ru+sr
data,mk,A2,587,Gesetz,likums,Закон,FAMILY_COPY_STRICT,bg+hr+mk+ru+sr
data,ru,A2,587,Gesetz,likums,Закон,FAMILY_COPY_STRICT,bg+hr+mk+ru+sr
data,sr,A2,587,Gesetz,likums,Закон,FAMILY_COPY_STRICT,bg+hr+mk+ru+sr
data,fi,A2,587,Gesetz,likums,Seadus,FAMILY_COPY_STRICT,fi+is+nb+nn+sv
data,is,A2,587,Gesetz,likums,Seadus,FAMILY_COPY_STRICT,fi+is+nb+nn+sv
data,nb,A2,587,Gesetz,likums,Seadus,FAMILY_COPY_STRICT,fi+is+nb+nn+sv
data,nn,A2,587,Gesetz,likums,Seadus,FAMILY_COPY_STRICT,fi+is+nb+nn+sv
data,sv,A2,587,Gesetz,likums,Seadus,FAMILY_COPY_STRICT,fi+is+nb+nn+sv
data,it,A2,587,Gesetz,likums,Likoums,FAMILY_COPY_STRICT,it+pt
data,pt,A2,587,Gesetz,likums,Likoums,FAMILY_COPY_STRICT,it+pt
data,lb,A2,587,Gesetz,likums,Likums,FAMILY_COPY_STRICT,lb+nl
data,nl,A2,587,Gesetz,likums,Likums,FAMILY_COPY_STRICT,lb+nl
data,pl,A2,587,Gesetz,likums,Prawo,FAMILY_COPY_STRICT,pl+sk
data,sk,A2,587,Gesetz,likums,Prawo,FAMILY_COPY_STRICT,pl+sk
data,sq,A2,587,Gesetz,likums,Kanun,FAMILY_COPY_STRICT,sq+tr
data,tr,A2,587,Gesetz,likums,Kanun,FAMILY_COPY_STRICT,sq+tr
data,hr,A2,588,Gespräch,saruna,Разговор,SCRIPT_MISMATCH,
data,hr,A2,588,Gespräch,saruna,Разговор,MARKER_LEAK,foreign_script
data,it,A2,588,Gespräch,saruna,Saruna,SAME_AS_LV_CASEFOLD,casefold_only
data,lb,A2,588,Gespräch,saruna,Saruna,SAME_AS_LV_CASEFOLD,casefold_only
data,nl,A2,588,Gespräch,saruna,Saruna,SAME_AS_LV_CASEFOLD,casefold_only
data,pt,A2,588,Gespräch,saruna,Saruna,SAME_AS_LV_CASEFOLD,casefold_only
data,sl,A2,588,Gespräch,saruna,saruna,SAME_AS_LV_CASEFOLD,exact
data,bg,A2,588,Gespräch,saruna,Разговор,FAMILY_COPY_STRICT,bg+hr+mk+sr
data,hr,A2,588,Gespräch,saruna,Разговор,FAMILY_COPY_STRICT,bg+hr+mk+sr
data,mk,A2,588,Gespräch,saruna,Разговор,FAMILY_COPY_STRICT,bg+hr+mk+sr
data,sr,A2,588,Gespräch,saruna,Разговор,FAMILY_COPY_STRICT,bg+hr+mk+sr
data,fi,A2,588,Gespräch,saruna,Vestlus,FAMILY_COPY_STRICT,fi+sv
data,sv,A2,588,Gespräch,saruna,Vestlus,FAMILY_COPY_STRICT,fi+sv
data,is,A2,588,Gespräch,saruna,Westlus,FAMILY_COPY_STRICT,is+nb+nn
data,nb,A2,588,Gespräch,saruna,Westlus,FAMILY_COPY_STRICT,is+nb+nn
data,nn,A2,588,Gespräch,saruna,Westlus,FAMILY_COPY_STRICT,is+nb+nn
data,it,A2,588,Gespräch,saruna,Saruna,FAMILY_COPY_STRICT,it+lb+nl+pt
data,lb,A2,588,Gespräch,saruna,Saruna,FAMILY_COPY_STRICT,it+lb+nl+pt
data,nl,A2,588,Gespräch,saruna,Saruna,FAMILY_COPY_STRICT,it+lb+nl+pt
data,pt,A2,588,Gespräch,saruna,Saruna,FAMILY_COPY_STRICT,it+lb+nl+pt
data,pl,A2,588,Gespräch,saruna,Rozmowa,FAMILY_COPY_STRICT,pl+sk
data,sk,A2,588,Gespräch,saruna,Rozmowa,FAMILY_COPY_STRICT,pl+sk
data,sq,A2,588,Gespräch,saruna,KonuÅma,FAMILY_COPY_STRICT,sq+tr
data,tr,A2,588,Gespräch,saruna,KonuÅma,FAMILY_COPY_STRICT,sq+tr
data,hr,A2,589,gestreift,svītrains,Пругасти,SCRIPT_MISMATCH,
data,hr,A2,589,gestreift,svītrains,Пругасти,MARKER_LEAK,foreign_script
data,lb,A2,589,gestreift,svītrains,Svītrains,SAME_AS_LV_CASEFOLD,casefold_only
data,lb,A2,589,gestreift,svītrains,Svītrains,LV_DIACRITIC,
data,lb,A2,589,gestreift,svītrains,Svītrains,MARKER_LEAK,lv_macron_consonant
data,nl,A2,589,gestreift,svītrains,Svītrains,SAME_AS_LV_CASEFOLD,casefold_only
data,nl,A2,589,gestreift,svītrains,Svītrains,LV_DIACRITIC,
data,nl,A2,589,gestreift,svītrains,Svītrains,MARKER_LEAK,lv_macron_consonant
data,sl,A2,589,gestreift,svītrains,svītrains,SAME_AS_LV_CASEFOLD,exact
data,sl,A2,589,gestreift,svītrains,svītrains,LV_DIACRITIC,
data,sl,A2,589,gestreift,svītrains,svītrains,MARKER_LEAK,lv_macron_consonant
data,fi,A2,589,gestreift,svītrains,Triibuline,FAMILY_COPY_STRICT,fi+sv
data,sv,A2,589,gestreift,svītrains,Triibuline,FAMILY_COPY_STRICT,fi+sv
data,hr,A2,589,gestreift,svītrains,Пругасти,FAMILY_COPY_STRICT,hr+mk+sr
data,mk,A2,589,gestreift,svītrains,Пругасти,FAMILY_COPY_STRICT,hr+mk+sr
data,sr,A2,589,gestreift,svītrains,Пругасти,FAMILY_COPY_STRICT,hr+mk+sr
data,is,A2,589,gestreift,svītrains,Triibulin,FAMILY_COPY_STRICT,is+nb+nn
data,nb,A2,589,gestreift,svītrains,Triibulin,FAMILY_COPY_STRICT,is+nb+nn
data,nn,A2,589,gestreift,svītrains,Triibulin,FAMILY_COPY_STRICT,is+nb+nn
data,it,A2,589,gestreift,svītrains,Svitrains,FAMILY_COPY_STRICT,it+pt
data,pt,A2,589,gestreift,svītrains,Svitrains,FAMILY_COPY_STRICT,it+pt
data,lb,A2,589,gestreift,svītrains,Svītrains,FAMILY_COPY_STRICT,lb+nl
data,nl,A2,589,gestreift,svītrains,Svītrains,FAMILY_COPY_STRICT,lb+nl
data,pl,A2,589,gestreift,svītrains,Pasiasty,FAMILY_COPY_STRICT,pl+sk+sq+tr
data,sk,A2,589,gestreift,svītrains,Pasiasty,FAMILY_COPY_STRICT,pl+sk+sq+tr
data,sq,A2,589,gestreift,svītrains,Pasiasty,FAMILY_COPY_STRICT,pl+sk+sq+tr
data,tr,A2,589,gestreift,svītrains,Pasiasty,FAMILY_COPY_STRICT,pl+sk+sq+tr
data,hr,A2,590,getrennt,šķirti • atsevišķi,Отделно • Отделно,SCRIPT_MISMATCH,
data,hr,A2,590,getrennt,šķirti • atsevišķi,Отделно • Отделно,MARKER_LEAK,foreign_script
data,it,A2,590,getrennt,šķirti • atsevišķi,Shirti • Atseviši,LV_DIACRITIC,
data,lb,A2,590,getrennt,šķirti • atsevišķi,Šķirti • Atsevišķi,SAME_AS_LV_CASEFOLD,casefold_only
data,lb,A2,590,getrennt,šķirti • atsevišķi,Šķirti • Atsevišķi,LV_DIACRITIC,
data,lb,A2,590,getrennt,šķirti • atsevišķi,Šķirti • Atsevišķi,MARKER_LEAK,lv_macron_consonant
data,nl,A2,590,getrennt,šķirti • atsevišķi,Šķirti • Atsevišķi,SAME_AS_LV_CASEFOLD,casefold_only
data,nl,A2,590,getrennt,šķirti • atsevišķi,Šķirti • Atsevišķi,LV_DIACRITIC,
data,nl,A2,590,getrennt,šķirti • atsevišķi,Šķirti • Atsevišķi,MARKER_LEAK,lv_macron_consonant
data,pt,A2,590,getrennt,šķirti • atsevišķi,Shirti • Atseviši,LV_DIACRITIC,
data,sl,A2,590,getrennt,šķirti • atsevišķi,šķirti • atsevišķi,SAME_AS_LV_CASEFOLD,exact
data,sl,A2,590,getrennt,šķirti • atsevišķi,šķirti • atsevišķi,LV_DIACRITIC,
data,sl,A2,590,getrennt,šķirti • atsevišķi,šķirti • atsevišķi,MARKER_LEAK,lv_macron_consonant
data,bg,A2,590,getrennt,šķirti • atsevišķi,Отделно • Отделно,FAMILY_COPY_STRICT,bg+hr+mk+sr
data,hr,A2,590,getrennt,šķirti • atsevišķi,Отделно • Отделно,FAMILY_COPY_STRICT,bg+hr+mk+sr
data,mk,A2,590,getrennt,šķirti • atsevišķi,Отделно • Отделно,FAMILY_COPY_STRICT,bg+hr+mk+sr
data,sr,A2,590,getrennt,šķirti • atsevišķi,Отделно • Отделно,FAMILY_COPY_STRICT,bg+hr+mk+sr
data,da,A2,590,getrennt,šķirti • atsevišķi,Separat • Separat,FAMILY_COPY_STRICT,da+ro
data,ro,A2,590,getrennt,šķirti • atsevišķi,Separat • Separat,FAMILY_COPY_STRICT,da+ro
data,fi,A2,590,getrennt,šķirti • atsevišķi,Lahus • Eraldi,FAMILY_COPY_STRICT,fi+is+nb+nn+sv
data,is,A2,590,getrennt,šķirti • atsevišķi,Lahus • Eraldi,FAMILY_COPY_STRICT,fi+is+nb+nn+sv
data,nb,A2,590,getrennt,šķirti • atsevišķi,Lahus • Eraldi,FAMILY_COPY_STRICT,fi+is+nb+nn+sv
data,nn,A2,590,getrennt,šķirti • atsevišķi,Lahus • Eraldi,FAMILY_COPY_STRICT,fi+is+nb+nn+sv
data,sv,A2,590,getrennt,šķirti • atsevišķi,Lahus • Eraldi,FAMILY_COPY_STRICT,fi+is+nb+nn+sv
data,it,A2,590,getrennt,šķirti • atsevišķi,Shirti • Atseviši,FAMILY_COPY_STRICT,it+pt
data,pt,A2,590,getrennt,šķirti • atsevišķi,Shirti • Atseviši,FAMILY_COPY_STRICT,it+pt
data,lb,A2,590,getrennt,šķirti • atsevišķi,Šķirti • Atsevišķi,FAMILY_COPY_STRICT,lb+nl
data,nl,A2,590,getrennt,šķirti • atsevišķi,Šķirti • Atsevišķi,FAMILY_COPY_STRICT,lb+nl
data,pl,A2,590,getrennt,šķirti • atsevišķi,Oddzielne • Osobno,FAMILY_COPY_STRICT,pl+sk+sq+tr
data,sk,A2,590,getrennt,šķirti • atsevišķi,Oddzielne • Osobno,FAMILY_COPY_STRICT,pl+sk+sq+tr
data,sq,A2,590,getrennt,šķirti • atsevišķi,Oddzielne • Osobno,FAMILY_COPY_STRICT,pl+sk+sq+tr
data,tr,A2,590,getrennt,šķirti • atsevišķi,Oddzielne • Osobno,FAMILY_COPY_STRICT,pl+sk+sq+tr
data,hr,A2,591,Gewicht,svars,Тежина,SCRIPT_MISMATCH,
data,hr,A2,591,Gewicht,svars,Тежина,MARKER_LEAK,foreign_script
data,it,A2,591,Gewicht,svars,Svars,SAME_AS_LV_CASEFOLD,casefold_only
data,lb,A2,591,Gewicht,svars,Svars,SAME_AS_LV_CASEFOLD,casefold_only
data,nl,A2,591,Gewicht,svars,Svars,SAME_AS_LV_CASEFOLD,casefold_only
data,pt,A2,591,Gewicht,svars,Svars,SAME_AS_LV_CASEFOLD,casefold_only
data,sl,A2,591,Gewicht,svars,svars,SAME_AS_LV_CASEFOLD,exact
data,fi,A2,591,Gewicht,svars,Kaal,FAMILY_COPY_STRICT,fi+sv
data,sv,A2,591,Gewicht,svars,Kaal,FAMILY_COPY_STRICT,fi+sv
data,hr,A2,591,Gewicht,svars,Тежина,FAMILY_COPY_STRICT,hr+mk+sr
data,mk,A2,591,Gewicht,svars,Тежина,FAMILY_COPY_STRICT,hr+mk+sr
data,sr,A2,591,Gewicht,svars,Тежина,FAMILY_COPY_STRICT,hr+mk+sr
data,is,A2,591,Gewicht,svars,Skallet,FAMILY_COPY_STRICT,is+nb+nn
data,nb,A2,591,Gewicht,svars,Skallet,FAMILY_COPY_STRICT,is+nb+nn
data,nn,A2,591,Gewicht,svars,Skallet,FAMILY_COPY_STRICT,is+nb+nn
data,it,A2,591,Gewicht,svars,Svars,FAMILY_COPY_STRICT,it+lb+nl+pt
data,lb,A2,591,Gewicht,svars,Svars,FAMILY_COPY_STRICT,it+lb+nl+pt
data,nl,A2,591,Gewicht,svars,Svars,FAMILY_COPY_STRICT,it+lb+nl+pt
data,pt,A2,591,Gewicht,svars,Svars,FAMILY_COPY_STRICT,it+lb+nl+pt
data,pl,A2,591,Gewicht,svars,Waga,FAMILY_COPY_STRICT,pl+sk+sq+tr
data,sk,A2,591,Gewicht,svars,Waga,FAMILY_COPY_STRICT,pl+sk+sq+tr
data,sq,A2,591,Gewicht,svars,Waga,FAMILY_COPY_STRICT,pl+sk+sq+tr
data,tr,A2,591,Gewicht,svars,Waga,FAMILY_COPY_STRICT,pl+sk+sq+tr
data,fi,A2,592,gewinnen,uzvarēt,Võitma,MARKER_LEAK,et_otilde
data,hr,A2,592,gewinnen,uzvarēt,Победи,SCRIPT_MISMATCH,
data,hr,A2,592,gewinnen,uzvarēt,Победи,MARKER_LEAK,foreign_script
data,lb,A2,592,gewinnen,uzvarēt,Uzvarēt,SAME_AS_LV_CASEFOLD,casefold_only
data,lb,A2,592,gewinnen,uzvarēt,Uzvarēt,LV_DIACRITIC,
data,lb,A2,592,gewinnen,uzvarēt,Uzvarēt,MARKER_LEAK,lv_macron_consonant
data,nl,A2,592,gewinnen,uzvarēt,Uzvarēt,SAME_AS_LV_CASEFOLD,casefold_only
data,nl,A2,592,gewinnen,uzvarēt,Uzvarēt,LV_DIACRITIC,
data,nl,A2,592,gewinnen,uzvarēt,Uzvarēt,MARKER_LEAK,lv_macron_consonant
data,sl,A2,592,gewinnen,uzvarēt,uzvarēt,SAME_AS_LV_CASEFOLD,exact
data,sl,A2,592,gewinnen,uzvarēt,uzvarēt,LV_DIACRITIC,
data,sl,A2,592,gewinnen,uzvarēt,uzvarēt,MARKER_LEAK,lv_macron_consonant
data,sv,A2,592,gewinnen,uzvarēt,Võitma,MARKER_LEAK,et_otilde
data,fi,A2,592,gewinnen,uzvarēt,Võitma,FAMILY_COPY_STRICT,fi+sv
data,sv,A2,592,gewinnen,uzvarēt,Võitma,FAMILY_COPY_STRICT,fi+sv
data,hr,A2,592,gewinnen,uzvarēt,Победи,FAMILY_COPY_STRICT,hr+mk+sr
data,mk,A2,592,gewinnen,uzvarēt,Победи,FAMILY_COPY_STRICT,hr+mk+sr
data,sr,A2,592,gewinnen,uzvarēt,Победи,FAMILY_COPY_STRICT,hr+mk+sr
data,is,A2,592,gewinnen,uzvarēt,Seier,FAMILY_COPY_STRICT,is+nb+nn
data,nb,A2,592,gewinnen,uzvarēt,Seier,FAMILY_COPY_STRICT,is+nb+nn
data,nn,A2,592,gewinnen,uzvarēt,Seier,FAMILY_COPY_STRICT,is+nb+nn
data,lb,A2,592,gewinnen,uzvarēt,Uzvarēt,FAMILY_COPY_STRICT,lb+nl
data,nl,A2,592,gewinnen,uzvarēt,Uzvarēt,FAMILY_COPY_STRICT,lb+nl
data,pl,A2,592,gewinnen,uzvarēt,Wygrać,FAMILY_COPY_STRICT,pl+sk
data,sk,A2,592,gewinnen,uzvarēt,Wygrać,FAMILY_COPY_STRICT,pl+sk
data,sq,A2,592,gewinnen,uzvarēt,Kazanç,FAMILY_COPY_STRICT,sq+tr
data,tr,A2,592,gewinnen,uzvarēt,Kazanç,FAMILY_COPY_STRICT,sq+tr
data,hr,A2,593,gewöhnlich,parasts,Обичен,SCRIPT_MISMATCH,
data,hr,A2,593,gewöhnlich,parasts,Обичен,MARKER_LEAK,foreign_script
data,lb,A2,593,gewöhnlich,parasts,Parasts,SAME_AS_LV_CASEFOLD,casefold_only
data,nl,A2,593,gewöhnlich,parasts,Parasts,SAME_AS_LV_CASEFOLD,casefold_only
data,sk,A2,593,gewöhnlich,parasts,Zwykły,MARKER_LEAK,pl_l_s_z
data,sl,A2,593,gewöhnlich,parasts,parasts,SAME_AS_LV_CASEFOLD,exact
data,sq,A2,593,gewöhnlich,parasts,Sıradan,MARKER_LEAK,tr_soft
data,fi,A2,593,gewöhnlich,parasts,Tavaline,FAMILY_COPY_STRICT,fi+is+nb+nn+sv
data,is,A2,593,gewöhnlich,parasts,Tavaline,FAMILY_COPY_STRICT,fi+is+nb+nn+sv
data,nb,A2,593,gewöhnlich,parasts,Tavaline,FAMILY_COPY_STRICT,fi+is+nb+nn+sv
data,nn,A2,593,gewöhnlich,parasts,Tavaline,FAMILY_COPY_STRICT,fi+is+nb+nn+sv
data,sv,A2,593,gewöhnlich,parasts,Tavaline,FAMILY_COPY_STRICT,fi+is+nb+nn+sv
data,hr,A2,593,gewöhnlich,parasts,Обичен,FAMILY_COPY_STRICT,hr+mk+sr
data,mk,A2,593,gewöhnlich,parasts,Обичен,FAMILY_COPY_STRICT,hr+mk+sr
data,sr,A2,593,gewöhnlich,parasts,Обичен,FAMILY_COPY_STRICT,hr+mk+sr
data,lb,A2,593,gewöhnlich,parasts,Parasts,FAMILY_COPY_STRICT,lb+nl
data,nl,A2,593,gewöhnlich,parasts,Parasts,FAMILY_COPY_STRICT,lb+nl
data,pl,A2,593,gewöhnlich,parasts,Zwykły,FAMILY_COPY_STRICT,pl+sk
data,sk,A2,593,gewöhnlich,parasts,Zwykły,FAMILY_COPY_STRICT,pl+sk
data,sq,A2,593,gewöhnlich,parasts,Sıradan,FAMILY_COPY_STRICT,sq+tr
data,tr,A2,593,gewöhnlich,parasts,Sıradan,FAMILY_COPY_STRICT,sq+tr
data,hr,A2,594,Gewürz,garšviela,Подправка,SCRIPT_MISMATCH,
data,hr,A2,594,Gewürz,garšviela,Подправка,MARKER_LEAK,foreign_script
data,it,A2,594,Gewürz,garšviela,Garšviela,SAME_AS_LV_CASEFOLD,casefold_only
data,it,A2,594,Gewürz,garšviela,Garšviela,LV_DIACRITIC,
data,lb,A2,594,Gewürz,garšviela,Garšviela,SAME_AS_LV_CASEFOLD,casefold_only
data,lb,A2,594,Gewürz,garšviela,Garšviela,LV_DIACRITIC,
data,nl,A2,594,Gewürz,garšviela,Garšviela,SAME_AS_LV_CASEFOLD,casefold_only
data,nl,A2,594,Gewürz,garšviela,Garšviela,LV_DIACRITIC,
data,pt,A2,594,Gewürz,garšviela,Garšviela,SAME_AS_LV_CASEFOLD,casefold_only
data,pt,A2,594,Gewürz,garšviela,Garšviela,LV_DIACRITIC,
data,sl,A2,594,Gewürz,garšviela,garšviela,SAME_AS_LV_CASEFOLD,exact
data,bg,A2,594,Gewürz,garšviela,Подправка,FAMILY_COPY_STRICT,bg+hr+mk+sr
data,hr,A2,594,Gewürz,garšviela,Подправка,FAMILY_COPY_STRICT,bg+hr+mk+sr
data,mk,A2,594,Gewürz,garšviela,Подправка,FAMILY_COPY_STRICT,bg+hr+mk+sr
data,sr,A2,594,Gewürz,garšviela,Подправка,FAMILY_COPY_STRICT,bg+hr+mk+sr
data,fi,A2,594,Gewürz,garšviela,Vürts,FAMILY_COPY_STRICT,fi+sv
data,sv,A2,594,Gewürz,garšviela,Vürts,FAMILY_COPY_STRICT,fi+sv
data,is,A2,594,Gewürz,garšviela,Urter,FAMILY_COPY_STRICT,is+nb+nn
data,nb,A2,594,Gewürz,garšviela,Urter,FAMILY_COPY_STRICT,is+nb+nn
data,nn,A2,594,Gewürz,garšviela,Urter,FAMILY_COPY_STRICT,is+nb+nn
data,it,A2,594,Gewürz,garšviela,Garšviela,FAMILY_COPY_STRICT,it+lb+nl+pt
data,lb,A2,594,Gewürz,garšviela,Garšviela,FAMILY_COPY_STRICT,it+lb+nl+pt
data,nl,A2,594,Gewürz,garšviela,Garšviela,FAMILY_COPY_STRICT,it+lb+nl+pt
data,pt,A2,594,Gewürz,garšviela,Garšviela,FAMILY_COPY_STRICT,it+lb+nl+pt
data,sq,A2,594,Gewürz,garšviela,Baharat,FAMILY_COPY_STRICT,sq+tr
data,tr,A2,594,Gewürz,garšviela,Baharat,FAMILY_COPY_STRICT,sq+tr
data,hr,A2,595,gießen,laistīt • liet,Вода • Вкл,SCRIPT_MISMATCH,
data,hr,A2,595,gießen,laistīt • liet,Вода • Вкл,MARKER_LEAK,foreign_script
data,lb,A2,595,gießen,laistīt • liet,Laistīt • Liet,SAME_AS_LV_CASEFOLD,casefold_only
data,lb,A2,595,gießen,laistīt • liet,Laistīt • Liet,LV_DIACRITIC,
data,lb,A2,595,gießen,laistīt • liet,Laistīt • Liet,MARKER_LEAK,lv_macron_consonant
data,nl,A2,595,gießen,laistīt • liet,Laistīt • Liet,SAME_AS_LV_CASEFOLD,casefold_only
data,nl,A2,595,gießen,laistīt • liet,Laistīt • Liet,LV_DIACRITIC,
data,nl,A2,595,gießen,laistīt • liet,Laistīt • Liet,MARKER_LEAK,lv_macron_consonant
data,sk,A2,595,gießen,laistīt • liet,Do wody • Świeci,MARKER_LEAK,pl_l_s_z
data,sl,A2,595,gießen,laistīt • liet,laistīt • liet,SAME_AS_LV_CASEFOLD,exact
data,sl,A2,595,gießen,laistīt • liet,laistīt • liet,LV_DIACRITIC,
data,sl,A2,595,gießen,laistīt • liet,laistīt • liet,MARKER_LEAK,lv_macron_consonant
data,sq,A2,595,gießen,laistīt • liet,Su için • Yanıyor,MARKER_LEAK,tr_soft
data,bg,A2,595,gießen,laistīt • liet,Вода • Вкл,FAMILY_COPY_STRICT,bg+hr+mk+sr
data,hr,A2,595,gießen,laistīt • liet,Вода • Вкл,FAMILY_COPY_STRICT,bg+hr+mk+sr
data,mk,A2,595,gießen,laistīt • liet,Вода • Вкл,FAMILY_COPY_STRICT,bg+hr+mk+sr
data,sr,A2,595,gießen,laistīt • liet,Вода • Вкл,FAMILY_COPY_STRICT,bg+hr+mk+sr
data,fi,A2,595,gießen,laistīt • liet,Kastma • Valama,FAMILY_COPY_STRICT,fi+sv
data,sv,A2,595,gießen,laistīt • liet,Kastma • Valama,FAMILY_COPY_STRICT,fi+sv
data,is,A2,595,gießen,laistīt • liet,Kaste • Valama,FAMILY_COPY_STRICT,is+nb+nn
data,nb,A2,595,gießen,laistīt • liet,Kaste • Valama,FAMILY_COPY_STRICT,is+nb+nn
data,nn,A2,595,gießen,laistīt • liet,Kaste • Valama,FAMILY_COPY_STRICT,is+nb+nn
data,it,A2,595,gießen,laistīt • liet,Laistit • Liet,FAMILY_COPY_STRICT,it+pt
data,pt,A2,595,gießen,laistīt • liet,Laistit • Liet,FAMILY_COPY_STRICT,it+pt
data,lb,A2,595,gießen,laistīt • liet,Laistīt • Liet,FAMILY_COPY_STRICT,lb+nl
data,nl,A2,595,gießen,laistīt • liet,Laistīt • Liet,FAMILY_COPY_STRICT,lb+nl
data,pl,A2,595,gießen,laistīt • liet,Do wody • Świeci,FAMILY_COPY_STRICT,pl+sk
data,sk,A2,595,gießen,laistīt • liet,Do wody • Świeci,FAMILY_COPY_STRICT,pl+sk
data,sq,A2,595,gießen,laistīt • liet,Su için • Yanıyor,FAMILY_COPY_STRICT,sq+tr
data,tr,A2,595,gießen,laistīt • liet,Su için • Yanıyor,FAMILY_COPY_STRICT,sq+tr
data,hr,A2,596,glatt,gluds • slidens,Гладка • Хлъзгава,SCRIPT_MISMATCH,
data,hr,A2,596,glatt,gluds • slidens,Гладка • Хлъзгава,MARKER_LEAK,foreign_script
data,it,A2,596,glatt,gluds • slidens,Gluds • Slidens,SAME_AS_LV_CASEFOLD,casefold_only
data,lb,A2,596,glatt,gluds • slidens,Gluds • Slidens,SAME_AS_LV_CASEFOLD,casefold_only
data,nl,A2,596,glatt,gluds • slidens,Gluds • Slidens,SAME_AS_LV_CASEFOLD,casefold_only
data,sk,A2,596,glatt,gluds • slidens,Gładka • Śliska,MARKER_LEAK,pl_l_s_z
data,sl,A2,596,glatt,gluds • slidens,gluds • slidens,SAME_AS_LV_CASEFOLD,exact
data,bg,A2,596,glatt,gluds • slidens,Гладка • Хлъзгава,FAMILY_COPY_STRICT,bg+hr+mk+sr
data,hr,A2,596,glatt,gluds • slidens,Гладка • Хлъзгава,FAMILY_COPY_STRICT,bg+hr+mk+sr
data,mk,A2,596,glatt,gluds • slidens,Гладка • Хлъзгава,FAMILY_COPY_STRICT,bg+hr+mk+sr
data,sr,A2,596,glatt,gluds • slidens,Гладка • Хлъзгава,FAMILY_COPY_STRICT,bg+hr+mk+sr
data,fi,A2,596,glatt,gluds • slidens,Sile • Libe,FAMILY_COPY_STRICT,fi+sv
data,sv,A2,596,glatt,gluds • slidens,Sile • Libe,FAMILY_COPY_STRICT,fi+sv
data,is,A2,596,glatt,gluds • slidens,Sil • Libe,FAMILY_COPY_STRICT,is+nb+nn
data,nb,A2,596,glatt,gluds • slidens,Sil • Libe,FAMILY_COPY_STRICT,is+nb+nn
data,nn,A2,596,glatt,gluds • slidens,Sil • Libe,FAMILY_COPY_STRICT,is+nb+nn
data,it,A2,596,glatt,gluds • slidens,Gluds • Slidens,FAMILY_COPY_STRICT,it+lb+nl
data,lb,A2,596,glatt,gluds • slidens,Gluds • Slidens,FAMILY_COPY_STRICT,it+lb+nl
data,nl,A2,596,glatt,gluds • slidens,Gluds • Slidens,FAMILY_COPY_STRICT,it+lb+nl
data,pl,A2,596,glatt,gluds • slidens,Gładka • Śliska,FAMILY_COPY_STRICT,pl+sk
data,sk,A2,596,glatt,gluds • slidens,Gładka • Śliska,FAMILY_COPY_STRICT,pl+sk
data,sq,A2,596,glatt,gluds • slidens,Pürüzsüz • Kaygan,FAMILY_COPY_STRICT,sq+tr
data,tr,A2,596,glatt,gluds • slidens,Pürüzsüz • Kaygan,FAMILY_COPY_STRICT,sq+tr
data,fi,A2,597,Glückwunsch,apsveikums,Õnnitlus,MARKER_LEAK,et_otilde
data,hr,A2,597,Glückwunsch,apsveikums,Честито,SCRIPT_MISMATCH,
data,hr,A2,597,Glückwunsch,apsveikums,Честито,MARKER_LEAK,foreign_script
data,is,A2,597,Glückwunsch,apsveikums,Õnnitlus,MARKER_LEAK,et_otilde
data,it,A2,597,Glückwunsch,apsveikums,Apsveikums,SAME_AS_LV_CASEFOLD,casefold_only
data,lb,A2,597,Glückwunsch,apsveikums,Apsveikums,SAME_AS_LV_CASEFOLD,casefold_only
data,nb,A2,597,Glückwunsch,apsveikums,Õnnitlus,MARKER_LEAK,et_otilde
data,nl,A2,597,Glückwunsch,apsveikums,Apsveikums,SAME_AS_LV_CASEFOLD,casefold_only
data,nn,A2,597,Glückwunsch,apsveikums,Õnnitlus,MARKER_LEAK,et_otilde
data,pt,A2,597,Glückwunsch,apsveikums,Apsveikums,SAME_AS_LV_CASEFOLD,casefold_only
data,sl,A2,597,Glückwunsch,apsveikums,apsveikums,SAME_AS_LV_CASEFOLD,exact
data,sv,A2,597,Glückwunsch,apsveikums,Õnnitlus,MARKER_LEAK,et_otilde
data,bg,A2,597,Glückwunsch,apsveikums,Честито,FAMILY_COPY_STRICT,bg+hr+mk+sr
data,hr,A2,597,Glückwunsch,apsveikums,Честито,FAMILY_COPY_STRICT,bg+hr+mk+sr
data,mk,A2,597,Glückwunsch,apsveikums,Честито,FAMILY_COPY_STRICT,bg+hr+mk+sr
data,sr,A2,597,Glückwunsch,apsveikums,Честито,FAMILY_COPY_STRICT,bg+hr+mk+sr
data,fi,A2,597,Glückwunsch,apsveikums,Õnnitlus,FAMILY_COPY_STRICT,fi+is+nb+nn+sv
data,is,A2,597,Glückwunsch,apsveikums,Õnnitlus,FAMILY_COPY_STRICT,fi+is+nb+nn+sv
data,nb,A2,597,Glückwunsch,apsveikums,Õnnitlus,FAMILY_COPY_STRICT,fi+is+nb+nn+sv
data,nn,A2,597,Glückwunsch,apsveikums,Õnnitlus,FAMILY_COPY_STRICT,fi+is+nb+nn+sv
data,sv,A2,597,Glückwunsch,apsveikums,Õnnitlus,FAMILY_COPY_STRICT,fi+is+nb+nn+sv
data,it,A2,597,Glückwunsch,apsveikums,Apsveikums,FAMILY_COPY_STRICT,it+lb+nl+pt
data,lb,A2,597,Glückwunsch,apsveikums,Apsveikums,FAMILY_COPY_STRICT,it+lb+nl+pt
data,nl,A2,597,Glückwunsch,apsveikums,Apsveikums,FAMILY_COPY_STRICT,it+lb+nl+pt
data,pt,A2,597,Glückwunsch,apsveikums,Apsveikums,FAMILY_COPY_STRICT,it+lb+nl+pt
data,pl,A2,597,Glückwunsch,apsveikums,Gratulacje,FAMILY_COPY_STRICT,pl+sk+sq+tr
data,sk,A2,597,Glückwunsch,apsveikums,Gratulacje,FAMILY_COPY_STRICT,pl+sk+sq+tr
data,sq,A2,597,Glückwunsch,apsveikums,Gratulacje,FAMILY_COPY_STRICT,pl+sk+sq+tr
data,tr,A2,597,Glückwunsch,apsveikums,Gratulacje,FAMILY_COPY_STRICT,pl+sk+sq+tr
data,fi,A2,598,Glühwein,karstvīns,Hõõgvein,MARKER_LEAK,et_otilde
data,hr,A2,598,Glühwein,karstvīns,Греяно вино,SCRIPT_MISMATCH,
data,hr,A2,598,Glühwein,karstvīns,Греяно вино,MARKER_LEAK,foreign_script
data,is,A2,598,Glühwein,karstvīns,Hõõgvein,MARKER_LEAK,et_otilde
data,lb,A2,598,Glühwein,karstvīns,Karstvīns,SAME_AS_LV_CASEFOLD,casefold_only
data,lb,A2,598,Glühwein,karstvīns,Karstvīns,LV_DIACRITIC,
data,lb,A2,598,Glühwein,karstvīns,Karstvīns,MARKER_LEAK,lv_macron_consonant
data,nb,A2,598,Glühwein,karstvīns,Hõõgvein,MARKER_LEAK,et_otilde
data,nl,A2,598,Glühwein,karstvīns,Karstvīns,SAME_AS_LV_CASEFOLD,casefold_only
data,nl,A2,598,Glühwein,karstvīns,Karstvīns,LV_DIACRITIC,
data,nl,A2,598,Glühwein,karstvīns,Karstvīns,MARKER_LEAK,lv_macron_consonant
data,nn,A2,598,Glühwein,karstvīns,Hõõgvein,MARKER_LEAK,et_otilde
data,sl,A2,598,Glühwein,karstvīns,karstvīns,SAME_AS_LV_CASEFOLD,exact
data,sl,A2,598,Glühwein,karstvīns,karstvīns,LV_DIACRITIC,
data,sl,A2,598,Glühwein,karstvīns,karstvīns,MARKER_LEAK,lv_macron_consonant
data,sq,A2,598,Glühwein,karstvīns,Sıcak şarap,MARKER_LEAK,tr_soft
data,sv,A2,598,Glühwein,karstvīns,Hõõgvein,MARKER_LEAK,et_otilde
data,bg,A2,598,Glühwein,karstvīns,Греяно вино,FAMILY_COPY_STRICT,bg+hr+mk+sr
data,hr,A2,598,Glühwein,karstvīns,Греяно вино,FAMILY_COPY_STRICT,bg+hr+mk+sr
data,mk,A2,598,Glühwein,karstvīns,Греяно вино,FAMILY_COPY_STRICT,bg+hr+mk+sr
data,sr,A2,598,Glühwein,karstvīns,Греяно вино,FAMILY_COPY_STRICT,bg+hr+mk+sr
data,fi,A2,598,Glühwein,karstvīns,Hõõgvein,FAMILY_COPY_STRICT,fi+is+nb+nn+sv
data,is,A2,598,Glühwein,karstvīns,Hõõgvein,FAMILY_COPY_STRICT,fi+is+nb+nn+sv
data,nb,A2,598,Glühwein,karstvīns,Hõõgvein,FAMILY_COPY_STRICT,fi+is+nb+nn+sv
data,nn,A2,598,Glühwein,karstvīns,Hõõgvein,FAMILY_COPY_STRICT,fi+is+nb+nn+sv
data,sv,A2,598,Glühwein,karstvīns,Hõõgvein,FAMILY_COPY_STRICT,fi+is+nb+nn+sv
data,it,A2,598,Glühwein,karstvīns,Karstvins,FAMILY_COPY_STRICT,it+pt
data,pt,A2,598,Glühwein,karstvīns,Karstvins,FAMILY_COPY_STRICT,it+pt
data,lb,A2,598,Glühwein,karstvīns,Karstvīns,FAMILY_COPY_STRICT,lb+nl
data,nl,A2,598,Glühwein,karstvīns,Karstvīns,FAMILY_COPY_STRICT,lb+nl
data,pl,A2,598,Glühwein,karstvīns,Grzane wino,FAMILY_COPY_STRICT,pl+sk
data,sk,A2,598,Glühwein,karstvīns,Grzane wino,FAMILY_COPY_STRICT,pl+sk
data,sq,A2,598,Glühwein,karstvīns,Sıcak şarap,FAMILY_COPY_STRICT,sq+tr
data,tr,A2,598,Glühwein,karstvīns,Sıcak şarap,FAMILY_COPY_STRICT,sq+tr
data,hr,A2,599,Gold,zelts,Злато,SCRIPT_MISMATCH,
data,hr,A2,599,Gold,zelts,Злато,MARKER_LEAK,foreign_script
data,nl,A2,599,Gold,zelts,Zelts,SAME_AS_LV_CASEFOLD,casefold_only
data,sk,A2,599,Gold,zelts,Złoto,MARKER_LEAK,pl_l_s_z
data,sl,A2,599,Gold,zelts,zelts,SAME_AS_LV_CASEFOLD,exact
data,bg,A2,599,Gold,zelts,Злато,FAMILY_COPY_STRICT,bg+hr+mk+sr
data,hr,A2,599,Gold,zelts,Злато,FAMILY_COPY_STRICT,bg+hr+mk+sr
data,mk,A2,599,Gold,zelts,Злато,FAMILY_COPY_STRICT,bg+hr+mk+sr
data,sr,A2,599,Gold,zelts,Злато,FAMILY_COPY_STRICT,bg+hr+mk+sr
data,fi,A2,599,Gold,zelts,Kuld,FAMILY_COPY_STRICT,fi+sv
data,sv,A2,599,Gold,zelts,Kuld,FAMILY_COPY_STRICT,fi+sv
data,is,A2,599,Gold,zelts,Kald,FAMILY_COPY_STRICT,is+nb+nn
data,nb,A2,599,Gold,zelts,Kald,FAMILY_COPY_STRICT,is+nb+nn
data,nn,A2,599,Gold,zelts,Kald,FAMILY_COPY_STRICT,is+nb+nn
data,pl,A2,599,Gold,zelts,Złoto,FAMILY_COPY_STRICT,pl+sk
data,sk,A2,599,Gold,zelts,Złoto,FAMILY_COPY_STRICT,pl+sk
data,hr,A2,600,Gott,dievs,Бог,SCRIPT_MISMATCH,
data,hr,A2,600,Gott,dievs,Бог,MARKER_LEAK,foreign_script
data,lb,A2,600,Gott,dievs,Dievs,SAME_AS_LV_CASEFOLD,casefold_only
data,nl,A2,600,Gott,dievs,Dievs,SAME_AS_LV_CASEFOLD,casefold_only
data,sl,A2,600,Gott,dievs,dievs,SAME_AS_LV_CASEFOLD,exact
data,sq,A2,600,Gott,dievs,Tanrı,MARKER_LEAK,tr_soft
data,bg,A2,600,Gott,dievs,Бог,FAMILY_COPY_STRICT,bg+hr+mk+ru+sr
data,hr,A2,600,Gott,dievs,Бог,FAMILY_COPY_STRICT,bg+hr+mk+ru+sr
data,mk,A2,600,Gott,dievs,Бог,FAMILY_COPY_STRICT,bg+hr+mk+ru+sr
data,ru,A2,600,Gott,dievs,Бог,FAMILY_COPY_STRICT,bg+hr+mk+ru+sr
data,sr,A2,600,Gott,dievs,Бог,FAMILY_COPY_STRICT,bg+hr+mk+ru+sr
data,fi,A2,600,Gott,dievs,Jumal,FAMILY_COPY_STRICT,fi+is+nb+nn+sv
data,is,A2,600,Gott,dievs,Jumal,FAMILY_COPY_STRICT,fi+is+nb+nn+sv
data,nb,A2,600,Gott,dievs,Jumal,FAMILY_COPY_STRICT,fi+is+nb+nn+sv
data,nn,A2,600,Gott,dievs,Jumal,FAMILY_COPY_STRICT,fi+is+nb+nn+sv
data,sv,A2,600,Gott,dievs,Jumal,FAMILY_COPY_STRICT,fi+is+nb+nn+sv
data,it,A2,600,Gott,dievs,Voleurs,FAMILY_COPY_STRICT,it+pt
data,pt,A2,600,Gott,dievs,Voleurs,FAMILY_COPY_STRICT,it+pt
data,lb,A2,600,Gott,dievs,Dievs,FAMILY_COPY_STRICT,lb+nl
data,nl,A2,600,Gott,dievs,Dievs,FAMILY_COPY_STRICT,lb+nl
data,pl,A2,600,Gott,dievs,Bóg,FAMILY_COPY_STRICT,pl+sk
data,sk,A2,600,Gott,dievs,Bóg,FAMILY_COPY_STRICT,pl+sk
data,sq,A2,600,Gott,dievs,Tanrı,FAMILY_COPY_STRICT,sq+tr
data,tr,A2,600,Gott,dievs,Tanrı,FAMILY_COPY_STRICT,sq+tr
data,hr,A2,601,graben,rakt,Копајте,SCRIPT_MISMATCH,
data,hr,A2,601,graben,rakt,Копајте,MARKER_LEAK,foreign_script
data,it,A2,601,graben,rakt,Rakt,SAME_AS_LV_CASEFOLD,casefold_only
data,lb,A2,601,graben,rakt,Rakt,SAME_AS_LV_CASEFOLD,casefold_only
data,nl,A2,601,graben,rakt,Rakt,SAME_AS_LV_CASEFOLD,casefold_only
data,pt,A2,601,graben,rakt,Rakt,SAME_AS_LV_CASEFOLD,casefold_only
data,sl,A2,601,graben,rakt,rakt,SAME_AS_LV_CASEFOLD,exact
data,fi,A2,601,graben,rakt,Kaevama,FAMILY_COPY_STRICT,fi+is+nb+nn+sv
data,is,A2,601,graben,rakt,Kaevama,FAMILY_COPY_STRICT,fi+is+nb+nn+sv
data,nb,A2,601,graben,rakt,Kaevama,FAMILY_COPY_STRICT,fi+is+nb+nn+sv
data,nn,A2,601,graben,rakt,Kaevama,FAMILY_COPY_STRICT,fi+is+nb+nn+sv
data,sv,A2,601,graben,rakt,Kaevama,FAMILY_COPY_STRICT,fi+is+nb+nn+sv
data,hr,A2,601,graben,rakt,Копајте,FAMILY_COPY_STRICT,hr+mk+sr
data,mk,A2,601,graben,rakt,Копајте,FAMILY_COPY_STRICT,hr+mk+sr
data,sr,A2,601,graben,rakt,Копајте,FAMILY_COPY_STRICT,hr+mk+sr
data,it,A2,601,graben,rakt,Rakt,FAMILY_COPY_STRICT,it+lb+nl+pt
data,lb,A2,601,graben,rakt,Rakt,FAMILY_COPY_STRICT,it+lb+nl+pt
data,nl,A2,601,graben,rakt,Rakt,FAMILY_COPY_STRICT,it+lb+nl+pt
data,pt,A2,601,graben,rakt,Rakt,FAMILY_COPY_STRICT,it+lb+nl+pt
data,sq,A2,601,graben,rakt,Kazmak,FAMILY_COPY_STRICT,sq+tr
data,tr,A2,601,graben,rakt,Kazmak,FAMILY_COPY_STRICT,sq+tr
data,hr,A2,602,gratis,bez maksas • par velti,Бесплатно • За ништо,SCRIPT_MISMATCH,
data,hr,A2,602,gratis,bez maksas • par velti,Бесплатно • За ништо,MARKER_LEAK,foreign_script
data,it,A2,602,gratis,bez maksas • par velti,Bez maksas • Par velti,SAME_AS_LV_CASEFOLD,casefold_only
data,lb,A2,602,gratis,bez maksas • par velti,Bez maksas • Par velti,SAME_AS_LV_CASEFOLD,casefold_only
data,nl,A2,602,gratis,bez maksas • par velti,Bez maksas • Par velti,SAME_AS_LV_CASEFOLD,casefold_only
data,pt,A2,602,gratis,bez maksas • par velti,Bez maksas • Par velti,SAME_AS_LV_CASEFOLD,casefold_only
data,sl,A2,602,gratis,bez maksas • par velti,bez maksas • par velti,SAME_AS_LV_CASEFOLD,exact
data,fi,A2,602,gratis,bez maksas • par velti,Tasuta • Ilma rahata,FAMILY_COPY_STRICT,fi+sv
data,sv,A2,602,gratis,bez maksas • par velti,Tasuta • Ilma rahata,FAMILY_COPY_STRICT,fi+sv
data,hr,A2,602,gratis,bez maksas • par velti,Бесплатно • За ништо,FAMILY_COPY_STRICT,hr+mk+sr
data,mk,A2,602,gratis,bez maksas • par velti,Бесплатно • За ништо,FAMILY_COPY_STRICT,hr+mk+sr
data,sr,A2,602,gratis,bez maksas • par velti,Бесплатно • За ништо,FAMILY_COPY_STRICT,hr+mk+sr
data,is,A2,602,gratis,bez maksas • par velti,Gratis • Ilma rahata,FAMILY_COPY_STRICT,is+nb+nn
data,nb,A2,602,gratis,bez maksas • par velti,Gratis • Ilma rahata,FAMILY_COPY_STRICT,is+nb+nn
data,nn,A2,602,gratis,bez maksas • par velti,Gratis • Ilma rahata,FAMILY_COPY_STRICT,is+nb+nn
data,it,A2,602,gratis,bez maksas • par velti,Bez maksas • Par velti,FAMILY_COPY_STRICT,it+lb+nl+pt
data,lb,A2,602,gratis,bez maksas • par velti,Bez maksas • Par velti,FAMILY_COPY_STRICT,it+lb+nl+pt
data,nl,A2,602,gratis,bez maksas • par velti,Bez maksas • Par velti,FAMILY_COPY_STRICT,it+lb+nl+pt
data,pt,A2,602,gratis,bez maksas • par velti,Bez maksas • Par velti,FAMILY_COPY_STRICT,it+lb+nl+pt
data,sq,A2,602,gratis,bez maksas • par velti,Ücretsiz • Ücretsiz,FAMILY_COPY_STRICT,sq+tr
data,tr,A2,602,gratis,bez maksas • par velti,Ücretsiz • Ücretsiz,FAMILY_COPY_STRICT,sq+tr
data,fi,A2,603,gratulieren,apsveikt,Õnnitlema,MARKER_LEAK,et_otilde
data,hr,A2,603,gratulieren,apsveikt,Поздравления,SCRIPT_MISMATCH,
data,hr,A2,603,gratulieren,apsveikt,Поздравления,MARKER_LEAK,foreign_script
data,is,A2,603,gratulieren,apsveikt,Õnnitlema,MARKER_LEAK,et_otilde
data,nb,A2,603,gratulieren,apsveikt,Õnnitlema,MARKER_LEAK,et_otilde
data,nn,A2,603,gratulieren,apsveikt,Õnnitlema,MARKER_LEAK,et_otilde
data,sl,A2,603,gratulieren,apsveikt,apsveikt,SAME_AS_LV_CASEFOLD,exact
data,sv,A2,603,gratulieren,apsveikt,Õnnitlema,MARKER_LEAK,et_otilde
data,bg,A2,603,gratulieren,apsveikt,Поздравления,FAMILY_COPY_STRICT,bg+hr+mk+sr
data,hr,A2,603,gratulieren,apsveikt,Поздравления,FAMILY_COPY_STRICT,bg+hr+mk+sr
data,mk,A2,603,gratulieren,apsveikt,Поздравления,FAMILY_COPY_STRICT,bg+hr+mk+sr
data,sr,A2,603,gratulieren,apsveikt,Поздравления,FAMILY_COPY_STRICT,bg+hr+mk+sr
data,fi,A2,603,gratulieren,apsveikt,Õnnitlema,FAMILY_COPY_STRICT,fi+is+nb+nn+sv
data,is,A2,603,gratulieren,apsveikt,Õnnitlema,FAMILY_COPY_STRICT,fi+is+nb+nn+sv
data,nb,A2,603,gratulieren,apsveikt,Õnnitlema,FAMILY_COPY_STRICT,fi+is+nb+nn+sv
data,nn,A2,603,gratulieren,apsveikt,Õnnitlema,FAMILY_COPY_STRICT,fi+is+nb+nn+sv
data,sv,A2,603,gratulieren,apsveikt,Õnnitlema,FAMILY_COPY_STRICT,fi+is+nb+nn+sv
data,pl,A2,603,gratulieren,apsveikt,Pogratulować,FAMILY_COPY_STRICT,pl+sk
data,sk,A2,603,gratulieren,apsveikt,Pogratulować,FAMILY_COPY_STRICT,pl+sk
data,hr,A2,604,Grenze,robeža,Граница,SCRIPT_MISMATCH,
data,hr,A2,604,Grenze,robeža,Граница,MARKER_LEAK,foreign_script
data,it,A2,604,Grenze,robeža,Robeža,SAME_AS_LV_CASEFOLD,casefold_only
data,it,A2,604,Grenze,robeža,Robeža,LV_DIACRITIC,
data,lb,A2,604,Grenze,robeža,Robeža,SAME_AS_LV_CASEFOLD,casefold_only
data,lb,A2,604,Grenze,robeža,Robeža,LV_DIACRITIC,
data,nl,A2,604,Grenze,robeža,Robeža,SAME_AS_LV_CASEFOLD,casefold_only
data,nl,A2,604,Grenze,robeža,Robeža,LV_DIACRITIC,
data,sl,A2,604,Grenze,robeža,robeža,SAME_AS_LV_CASEFOLD,exact
data,sq,A2,604,Grenze,robeža,Sınır,MARKER_LEAK,tr_soft
data,bg,A2,604,Grenze,robeža,Граница,FAMILY_COPY_STRICT,bg+hr+mk+ru+sr
data,hr,A2,604,Grenze,robeža,Граница,FAMILY_COPY_STRICT,bg+hr+mk+ru+sr
data,mk,A2,604,Grenze,robeža,Граница,FAMILY_COPY_STRICT,bg+hr+mk+ru+sr
data,ru,A2,604,Grenze,robeža,Граница,FAMILY_COPY_STRICT,bg+hr+mk+ru+sr
data,sr,A2,604,Grenze,robeža,Граница,FAMILY_COPY_STRICT,bg+hr+mk+ru+sr
data,fi,A2,604,Grenze,robeža,Piir,FAMILY_COPY_STRICT,fi+is+nb+nn+sv
data,is,A2,604,Grenze,robeža,Piir,FAMILY_COPY_STRICT,fi+is+nb+nn+sv
data,nb,A2,604,Grenze,robeža,Piir,FAMILY_COPY_STRICT,fi+is+nb+nn+sv
data,nn,A2,604,Grenze,robeža,Piir,FAMILY_COPY_STRICT,fi+is+nb+nn+sv
data,sv,A2,604,Grenze,robeža,Piir,FAMILY_COPY_STRICT,fi+is+nb+nn+sv
data,it,A2,604,Grenze,robeža,Robeža,FAMILY_COPY_STRICT,it+lb+nl
data,lb,A2,604,Grenze,robeža,Robeža,FAMILY_COPY_STRICT,it+lb+nl
data,nl,A2,604,Grenze,robeža,Robeža,FAMILY_COPY_STRICT,it+lb+nl
data,pl,A2,604,Grenze,robeža,Granica,FAMILY_COPY_STRICT,pl+sk
data,sk,A2,604,Grenze,robeža,Granica,FAMILY_COPY_STRICT,pl+sk
data,sq,A2,604,Grenze,robeža,Sınır,FAMILY_COPY_STRICT,sq+tr
data,tr,A2,604,Grenze,robeža,Sınır,FAMILY_COPY_STRICT,sq+tr
data,hr,A2,605,Grießbrei,mannas biezputra,Каша од гриз,SCRIPT_MISMATCH,
data,hr,A2,605,Grießbrei,mannas biezputra,Каша од гриз,MARKER_LEAK,foreign_script
data,it,A2,605,Grießbrei,mannas biezputra,Mannas biezputra,SAME_AS_LV_CASEFOLD,casefold_only
data,lb,A2,605,Grießbrei,mannas biezputra,Mannas biezputra,SAME_AS_LV_CASEFOLD,casefold_only
data,nl,A2,605,Grießbrei,mannas biezputra,Mannas biezputra,SAME_AS_LV_CASEFOLD,casefold_only
data,pt,A2,605,Grießbrei,mannas biezputra,Mannas biezputra,SAME_AS_LV_CASEFOLD,casefold_only
data,sl,A2,605,Grießbrei,mannas biezputra,mannas biezputra,SAME_AS_LV_CASEFOLD,exact
data,sq,A2,605,Grießbrei,mannas biezputra,İrmik lapası,MARKER_LEAK,tr_soft
data,fi,A2,605,Grießbrei,mannas biezputra,Mannapuder,FAMILY_COPY_STRICT,fi+sv
data,sv,A2,605,Grießbrei,mannas biezputra,Mannapuder,FAMILY_COPY_STRICT,fi+sv
data,hr,A2,605,Grießbrei,mannas biezputra,Каша од гриз,FAMILY_COPY_STRICT,hr+mk+sr
data,mk,A2,605,Grießbrei,mannas biezputra,Каша од гриз,FAMILY_COPY_STRICT,hr+mk+sr
data,sr,A2,605,Grießbrei,mannas biezputra,Каша од гриз,FAMILY_COPY_STRICT,hr+mk+sr
data,is,A2,605,Grießbrei,mannas biezputra,Manna pulver,FAMILY_COPY_STRICT,is+nb+nn
data,nb,A2,605,Grießbrei,mannas biezputra,Manna pulver,FAMILY_COPY_STRICT,is+nb+nn
data,nn,A2,605,Grießbrei,mannas biezputra,Manna pulver,FAMILY_COPY_STRICT,is+nb+nn
data,it,A2,605,Grießbrei,mannas biezputra,Mannas biezputra,FAMILY_COPY_STRICT,it+lb+nl+pt
data,lb,A2,605,Grießbrei,mannas biezputra,Mannas biezputra,FAMILY_COPY_STRICT,it+lb+nl+pt
data,nl,A2,605,Grießbrei,mannas biezputra,Mannas biezputra,FAMILY_COPY_STRICT,it+lb+nl+pt
data,pt,A2,605,Grießbrei,mannas biezputra,Mannas biezputra,FAMILY_COPY_STRICT,it+lb+nl+pt
data,pl,A2,605,Grießbrei,mannas biezputra,Owsianka z semoliny,FAMILY_COPY_STRICT,pl+sk
data,sk,A2,605,Grießbrei,mannas biezputra,Owsianka z semoliny,FAMILY_COPY_STRICT,pl+sk
data,sq,A2,605,Grießbrei,mannas biezputra,İrmik lapası,FAMILY_COPY_STRICT,sq+tr
data,tr,A2,605,Grießbrei,mannas biezputra,İrmik lapası,FAMILY_COPY_STRICT,sq+tr
data,hr,A2,606,Grill,grils,Скара,SCRIPT_MISMATCH,
data,hr,A2,606,Grill,grils,Скара,MARKER_LEAK,foreign_script
data,nl,A2,606,Grill,grils,Grils,SAME_AS_LV_CASEFOLD,casefold_only
data,sl,A2,606,Grill,grils,grils,SAME_AS_LV_CASEFOLD,exact
data,bg,A2,606,Grill,grils,Скара,FAMILY_COPY_STRICT,bg+hr+mk+sr
data,hr,A2,606,Grill,grils,Скара,FAMILY_COPY_STRICT,bg+hr+mk+sr
data,mk,A2,606,Grill,grils,Скара,FAMILY_COPY_STRICT,bg+hr+mk+sr
data,sr,A2,606,Grill,grils,Скара,FAMILY_COPY_STRICT,bg+hr+mk+sr
data,cs,A2,606,Grill,grils,Gril,FAMILY_COPY_STRICT,cs+fr
data,fr,A2,606,Grill,grils,Gril,FAMILY_COPY_STRICT,cs+fr
data,is,A2,606,Grill,grils,Grille,FAMILY_COPY_STRICT,is+nb+nn
data,nb,A2,606,Grill,grils,Grille,FAMILY_COPY_STRICT,is+nb+nn
data,nn,A2,606,Grill,grils,Grille,FAMILY_COPY_STRICT,is+nb+nn
data,sq,A2,606,Grill,grils,Barbekü,FAMILY_COPY_STRICT,sq+tr
data,tr,A2,606,Grill,grils,Barbekü,FAMILY_COPY_STRICT,sq+tr
data,fi,A2,607,Grund,iemesls,Põhjus,MARKER_LEAK,et_otilde
data,hr,A2,607,Grund,iemesls,Причина,SCRIPT_MISMATCH,
data,hr,A2,607,Grund,iemesls,Причина,MARKER_LEAK,foreign_script
data,it,A2,607,Grund,iemesls,Iemesls,SAME_AS_LV_CASEFOLD,casefold_only
data,nl,A2,607,Grund,iemesls,Iemesls,SAME_AS_LV_CASEFOLD,casefold_only
data,pt,A2,607,Grund,iemesls,Iemesls,SAME_AS_LV_CASEFOLD,casefold_only
data,sl,A2,607,Grund,iemesls,iemesls,SAME_AS_LV_CASEFOLD,exact
data,sv,A2,607,Grund,iemesls,Põhjus,MARKER_LEAK,et_otilde
data,bg,A2,607,Grund,iemesls,Причина,FAMILY_COPY_STRICT,bg+hr+mk+ru+sr
data,hr,A2,607,Grund,iemesls,Причина,FAMILY_COPY_STRICT,bg+hr+mk+ru+sr
data,mk,A2,607,Grund,iemesls,Причина,FAMILY_COPY_STRICT,bg+hr+mk+ru+sr
data,ru,A2,607,Grund,iemesls,Причина,FAMILY_COPY_STRICT,bg+hr+mk+ru+sr
data,sr,A2,607,Grund,iemesls,Причина,FAMILY_COPY_STRICT,bg+hr+mk+ru+sr
data,fi,A2,607,Grund,iemesls,Põhjus,FAMILY_COPY_STRICT,fi+sv
data,sv,A2,607,Grund,iemesls,Põhjus,FAMILY_COPY_STRICT,fi+sv
data,is,A2,607,Grund,iemesls,Forårsake,FAMILY_COPY_STRICT,is+nb+nn
data,nb,A2,607,Grund,iemesls,Forårsake,FAMILY_COPY_STRICT,is+nb+nn
data,nn,A2,607,Grund,iemesls,Forårsake,FAMILY_COPY_STRICT,is+nb+nn
data,it,A2,607,Grund,iemesls,Iemesls,FAMILY_COPY_STRICT,it+nl+pt
data,nl,A2,607,Grund,iemesls,Iemesls,FAMILY_COPY_STRICT,it+nl+pt
data,pt,A2,607,Grund,iemesls,Iemesls,FAMILY_COPY_STRICT,it+nl+pt
data,fi,A2,608,Grundschule,pamatskola,Põhikool,MARKER_LEAK,et_otilde
data,hr,A2,608,Grundschule,pamatskola,Начално училище,SCRIPT_MISMATCH,
data,hr,A2,608,Grundschule,pamatskola,Начално училище,MARKER_LEAK,foreign_script
data,is,A2,608,Grundschule,pamatskola,Põhikool,MARKER_LEAK,et_otilde
data,it,A2,608,Grundschule,pamatskola,Pamatskola,SAME_AS_LV_CASEFOLD,casefold_only
data,lb,A2,608,Grundschule,pamatskola,Pamatskola,SAME_AS_LV_CASEFOLD,casefold_only
data,nb,A2,608,Grundschule,pamatskola,Põhikool,MARKER_LEAK,et_otilde
data,nl,A2,608,Grundschule,pamatskola,Pamatskola,SAME_AS_LV_CASEFOLD,casefold_only
data,nn,A2,608,Grundschule,pamatskola,Põhikool,MARKER_LEAK,et_otilde
data,pt,A2,608,Grundschule,pamatskola,Pamatskola,SAME_AS_LV_CASEFOLD,casefold_only
data,sk,A2,608,Grundschule,pamatskola,Szkoła podstawowa,MARKER_LEAK,pl_l_s_z
data,sl,A2,608,Grundschule,pamatskola,pamatskola,SAME_AS_LV_CASEFOLD,exact
data,sq,A2,608,Grundschule,pamatskola,İlkokul,MARKER_LEAK,tr_soft
data,sv,A2,608,Grundschule,pamatskola,Põhikool,MARKER_LEAK,et_otilde
data,bg,A2,608,Grundschule,pamatskola,Начално училище,FAMILY_COPY_STRICT,bg+hr+mk+sr
data,hr,A2,608,Grundschule,pamatskola,Начално училище,FAMILY_COPY_STRICT,bg+hr+mk+sr
data,mk,A2,608,Grundschule,pamatskola,Начално училище,FAMILY_COPY_STRICT,bg+hr+mk+sr
data,sr,A2,608,Grundschule,pamatskola,Начално училище,FAMILY_COPY_STRICT,bg+hr+mk+sr
data,fi,A2,608,Grundschule,pamatskola,Põhikool,FAMILY_COPY_STRICT,fi+is+nb+nn+sv
data,is,A2,608,Grundschule,pamatskola,Põhikool,FAMILY_COPY_STRICT,fi+is+nb+nn+sv
data,nb,A2,608,Grundschule,pamatskola,Põhikool,FAMILY_COPY_STRICT,fi+is+nb+nn+sv
data,nn,A2,608,Grundschule,pamatskola,Põhikool,FAMILY_COPY_STRICT,fi+is+nb+nn+sv
data,sv,A2,608,Grundschule,pamatskola,Põhikool,FAMILY_COPY_STRICT,fi+is+nb+nn+sv
data,it,A2,608,Grundschule,pamatskola,Pamatskola,FAMILY_COPY_STRICT,it+lb+nl+pt
data,lb,A2,608,Grundschule,pamatskola,Pamatskola,FAMILY_COPY_STRICT,it+lb+nl+pt
data,nl,A2,608,Grundschule,pamatskola,Pamatskola,FAMILY_COPY_STRICT,it+lb+nl+pt
data,pt,A2,608,Grundschule,pamatskola,Pamatskola,FAMILY_COPY_STRICT,it+lb+nl+pt
data,pl,A2,608,Grundschule,pamatskola,Szkoła podstawowa,FAMILY_COPY_STRICT,pl+sk
data,sk,A2,608,Grundschule,pamatskola,Szkoła podstawowa,FAMILY_COPY_STRICT,pl+sk
data,sq,A2,608,Grundschule,pamatskola,İlkokul,FAMILY_COPY_STRICT,sq+tr
data,tr,A2,608,Grundschule,pamatskola,İlkokul,FAMILY_COPY_STRICT,sq+tr
data,et,A2,609,Gulasch,gulašs,guljašš,LV_DIACRITIC,
data,fi,A2,609,Gulasch,gulašs,Guljašš,LV_DIACRITIC,
data,hr,A2,609,Gulasch,gulašs,Гулаш,SCRIPT_MISMATCH,
data,hr,A2,609,Gulasch,gulašs,Гулаш,MARKER_LEAK,foreign_script
data,is,A2,609,Gulasch,gulašs,Guljašš,LV_DIACRITIC,
data,lb,A2,609,Gulasch,gulašs,Gulašs,SAME_AS_LV_CASEFOLD,casefold_only
data,lb,A2,609,Gulasch,gulašs,Gulašs,LV_DIACRITIC,
data,nb,A2,609,Gulasch,gulašs,Guljašš,LV_DIACRITIC,
data,nl,A2,609,Gulasch,gulašs,Gulašs,SAME_AS_LV_CASEFOLD,casefold_only
data,nl,A2,609,Gulasch,gulašs,Gulašs,LV_DIACRITIC,
data,nn,A2,609,Gulasch,gulašs,Guljašš,LV_DIACRITIC,
data,sl,A2,609,Gulasch,gulašs,gulašs,SAME_AS_LV_CASEFOLD,exact
data,sv,A2,609,Gulasch,gulašs,Guljašš,LV_DIACRITIC,
data,bg,A2,609,Gulasch,gulašs,Гулаш,FAMILY_COPY_STRICT,bg+hr+mk+sr
data,hr,A2,609,Gulasch,gulašs,Гулаш,FAMILY_COPY_STRICT,bg+hr+mk+sr
data,mk,A2,609,Gulasch,gulašs,Гулаш,FAMILY_COPY_STRICT,bg+hr+mk+sr
data,sr,A2,609,Gulasch,gulašs,Гулаш,FAMILY_COPY_STRICT,bg+hr+mk+sr
data,en,A2,609,Gulasch,gulašs,Goulash,FAMILY_COPY_STRICT,en+pt
data,pt,A2,609,Gulasch,gulašs,Goulash,FAMILY_COPY_STRICT,en+pt
data,fi,A2,609,Gulasch,gulašs,Guljašš,FAMILY_COPY_STRICT,fi+is+nb+nn+sv
data,is,A2,609,Gulasch,gulašs,Guljašš,FAMILY_COPY_STRICT,fi+is+nb+nn+sv
data,nb,A2,609,Gulasch,gulašs,Guljašš,FAMILY_COPY_STRICT,fi+is+nb+nn+sv
data,nn,A2,609,Gulasch,gulašs,Guljašš,FAMILY_COPY_STRICT,fi+is+nb+nn+sv
data,sv,A2,609,Gulasch,gulašs,Guljašš,FAMILY_COPY_STRICT,fi+is+nb+nn+sv
data,lb,A2,609,Gulasch,gulašs,Gulašs,FAMILY_COPY_STRICT,lb+nl
data,nl,A2,609,Gulasch,gulašs,Gulašs,FAMILY_COPY_STRICT,lb+nl
data,pl,A2,609,Gulasch,gulašs,Gulasz,FAMILY_COPY_STRICT,pl+sk+sq+tr
data,sk,A2,609,Gulasch,gulašs,Gulasz,FAMILY_COPY_STRICT,pl+sk+sq+tr
data,sq,A2,609,Gulasch,gulašs,Gulasz,FAMILY_COPY_STRICT,pl+sk+sq+tr
data,tr,A2,609,Gulasch,gulašs,Gulasz,FAMILY_COPY_STRICT,pl+sk+sq+tr
data,hr,A2,610,Gummi,gumija,Каучук,SCRIPT_MISMATCH,
data,hr,A2,610,Gummi,gumija,Каучук,MARKER_LEAK,foreign_script
data,it,A2,610,Gummi,gumija,Gumija,SAME_AS_LV_CASEFOLD,casefold_only
data,lb,A2,610,Gummi,gumija,Gumija,SAME_AS_LV_CASEFOLD,casefold_only
data,nl,A2,610,Gummi,gumija,Gumija,SAME_AS_LV_CASEFOLD,casefold_only
data,sl,A2,610,Gummi,gumija,gumija,SAME_AS_LV_CASEFOLD,exact
data,bg,A2,610,Gummi,gumija,Каучук,FAMILY_COPY_STRICT,bg+hr+mk+sr
data,hr,A2,610,Gummi,gumija,Каучук,FAMILY_COPY_STRICT,bg+hr+mk+sr
data,mk,A2,610,Gummi,gumija,Каучук,FAMILY_COPY_STRICT,bg+hr+mk+sr
data,sr,A2,610,Gummi,gumija,Каучук,FAMILY_COPY_STRICT,bg+hr+mk+sr
data,bs,A2,610,Gummi,gumija,guma,FAMILY_COPY_STRICT,bs+lt
data,lt,A2,610,Gummi,gumija,guma,FAMILY_COPY_STRICT,bs+lt
data,fi,A2,610,Gummi,gumija,Kumm,FAMILY_COPY_STRICT,fi+sv
data,sv,A2,610,Gummi,gumija,Kumm,FAMILY_COPY_STRICT,fi+sv
data,is,A2,610,Gummi,gumija,Kum,FAMILY_COPY_STRICT,is+nb+nn
data,nb,A2,610,Gummi,gumija,Kum,FAMILY_COPY_STRICT,is+nb+nn
data,nn,A2,610,Gummi,gumija,Kum,FAMILY_COPY_STRICT,is+nb+nn
data,it,A2,610,Gummi,gumija,Gumija,FAMILY_COPY_STRICT,it+lb+nl
data,lb,A2,610,Gummi,gumija,Gumija,FAMILY_COPY_STRICT,it+lb+nl
data,nl,A2,610,Gummi,gumija,Gumija,FAMILY_COPY_STRICT,it+lb+nl
data,sq,A2,610,Gummi,gumija,Lastik,FAMILY_COPY_STRICT,sq+tr
data,tr,A2,610,Gummi,gumija,Lastik,FAMILY_COPY_STRICT,sq+tr
data,hr,A2,611,Gürtel,josta,Колан,SCRIPT_MISMATCH,
data,hr,A2,611,Gürtel,josta,Колан,MARKER_LEAK,foreign_script
data,it,A2,611,Gürtel,josta,Josta,SAME_AS_LV_CASEFOLD,casefold_only
data,nl,A2,611,Gürtel,josta,Josta,SAME_AS_LV_CASEFOLD,casefold_only
data,pt,A2,611,Gürtel,josta,Josta,SAME_AS_LV_CASEFOLD,casefold_only
data,sl,A2,611,Gürtel,josta,josta,SAME_AS_LV_CASEFOLD,exact
data,bg,A2,611,Gürtel,josta,Колан,FAMILY_COPY_STRICT,bg+hr+mk+sr
data,hr,A2,611,Gürtel,josta,Колан,FAMILY_COPY_STRICT,bg+hr+mk+sr
data,mk,A2,611,Gürtel,josta,Колан,FAMILY_COPY_STRICT,bg+hr+mk+sr
data,sr,A2,611,Gürtel,josta,Колан,FAMILY_COPY_STRICT,bg+hr+mk+sr
data,fi,A2,611,Gürtel,josta,Vöö,FAMILY_COPY_STRICT,fi+sv
data,sv,A2,611,Gürtel,josta,Vöö,FAMILY_COPY_STRICT,fi+sv
data,is,A2,611,Gürtel,josta,Whoah,FAMILY_COPY_STRICT,is+nb+nn
data,nb,A2,611,Gürtel,josta,Whoah,FAMILY_COPY_STRICT,is+nb+nn
data,nn,A2,611,Gürtel,josta,Whoah,FAMILY_COPY_STRICT,is+nb+nn
data,it,A2,611,Gürtel,josta,Josta,FAMILY_COPY_STRICT,it+nl+pt
data,nl,A2,611,Gürtel,josta,Josta,FAMILY_COPY_STRICT,it+nl+pt
data,pt,A2,611,Gürtel,josta,Josta,FAMILY_COPY_STRICT,it+nl+pt
data,pl,A2,611,Gürtel,josta,Pasek,FAMILY_COPY_STRICT,pl+sk
data,sk,A2,611,Gürtel,josta,Pasek,FAMILY_COPY_STRICT,pl+sk
data,sq,A2,611,Gürtel,josta,Çubuk!,FAMILY_COPY_STRICT,sq+tr
data,tr,A2,611,Gürtel,josta,Çubuk!,FAMILY_COPY_STRICT,sq+tr
data,hr,A2,612,Gutschein,kupons,Купон,SCRIPT_MISMATCH,
data,hr,A2,612,Gutschein,kupons,Купон,MARKER_LEAK,foreign_script
data,lb,A2,612,Gutschein,kupons,Kupons,SAME_AS_LV_CASEFOLD,casefold_only
data,nl,A2,612,Gutschein,kupons,Kupons,SAME_AS_LV_CASEFOLD,casefold_only
data,sl,A2,612,Gutschein,kupons,kupons,SAME_AS_LV_CASEFOLD,exact
data,bg,A2,612,Gutschein,kupons,Купон,FAMILY_COPY_STRICT,bg+hr+mk+ru+sr
data,hr,A2,612,Gutschein,kupons,Купон,FAMILY_COPY_STRICT,bg+hr+mk+ru+sr
data,mk,A2,612,Gutschein,kupons,Купон,FAMILY_COPY_STRICT,bg+hr+mk+ru+sr
data,ru,A2,612,Gutschein,kupons,Купон,FAMILY_COPY_STRICT,bg+hr+mk+ru+sr
data,sr,A2,612,Gutschein,kupons,Купон,FAMILY_COPY_STRICT,bg+hr+mk+ru+sr
data,en,A2,612,Gutschein,kupons,Coupon,FAMILY_COPY_STRICT,en+fr
data,fr,A2,612,Gutschein,kupons,Coupon,FAMILY_COPY_STRICT,en+fr
data,fi,A2,612,Gutschein,kupons,Kupong,FAMILY_COPY_STRICT,fi+is+nb+nn+sv
data,is,A2,612,Gutschein,kupons,Kupong,FAMILY_COPY_STRICT,fi+is+nb+nn+sv
data,nb,A2,612,Gutschein,kupons,Kupong,FAMILY_COPY_STRICT,fi+is+nb+nn+sv
data,nn,A2,612,Gutschein,kupons,Kupong,FAMILY_COPY_STRICT,fi+is+nb+nn+sv
data,sv,A2,612,Gutschein,kupons,Kupong,FAMILY_COPY_STRICT,fi+is+nb+nn+sv
data,lb,A2,612,Gutschein,kupons,Kupons,FAMILY_COPY_STRICT,lb+nl
data,nl,A2,612,Gutschein,kupons,Kupons,FAMILY_COPY_STRICT,lb+nl
data,fi,A2,613,Gymnastik,vingrošana,Võimlemine,MARKER_LEAK,et_otilde
data,hr,A2,613,Gymnastik,vingrošana,Упражнение,SCRIPT_MISMATCH,
data,hr,A2,613,Gymnastik,vingrošana,Упражнение,MARKER_LEAK,foreign_script
data,it,A2,613,Gymnastik,vingrošana,Vingrošana,SAME_AS_LV_CASEFOLD,casefold_only
data,it,A2,613,Gymnastik,vingrošana,Vingrošana,LV_DIACRITIC,
data,nl,A2,613,Gymnastik,vingrošana,Vingrošana,SAME_AS_LV_CASEFOLD,casefold_only
data,nl,A2,613,Gymnastik,vingrošana,Vingrošana,LV_DIACRITIC,
data,sl,A2,613,Gymnastik,vingrošana,vingrošana,SAME_AS_LV_CASEFOLD,exact
data,sv,A2,613,Gymnastik,vingrošana,Võimlemine,MARKER_LEAK,et_otilde
data,bg,A2,613,Gymnastik,vingrošana,Упражнение,FAMILY_COPY_STRICT,bg+hr+mk+ru+sr
data,hr,A2,613,Gymnastik,vingrošana,Упражнение,FAMILY_COPY_STRICT,bg+hr+mk+ru+sr
data,mk,A2,613,Gymnastik,vingrošana,Упражнение,FAMILY_COPY_STRICT,bg+hr+mk+ru+sr
data,ru,A2,613,Gymnastik,vingrošana,Упражнение,FAMILY_COPY_STRICT,bg+hr+mk+ru+sr
data,sr,A2,613,Gymnastik,vingrošana,Упражнение,FAMILY_COPY_STRICT,bg+hr+mk+ru+sr
data,bs,A2,613,Gymnastik,vingrošana,gimnastika,FAMILY_COPY_STRICT,bs+lt
data,lt,A2,613,Gymnastik,vingrošana,gimnastika,FAMILY_COPY_STRICT,bs+lt
data,fi,A2,613,Gymnastik,vingrošana,Võimlemine,FAMILY_COPY_STRICT,fi+sv
data,sv,A2,613,Gymnastik,vingrošana,Võimlemine,FAMILY_COPY_STRICT,fi+sv
data,is,A2,613,Gymnastik,vingrošana,Power mine,FAMILY_COPY_STRICT,is+nb+nn
data,nb,A2,613,Gymnastik,vingrošana,Power mine,FAMILY_COPY_STRICT,is+nb+nn
data,nn,A2,613,Gymnastik,vingrošana,Power mine,FAMILY_COPY_STRICT,is+nb+nn
data,it,A2,613,Gymnastik,vingrošana,Vingrošana,FAMILY_COPY_STRICT,it+nl
data,nl,A2,613,Gymnastik,vingrošana,Vingrošana,FAMILY_COPY_STRICT,it+nl
data,pl,A2,613,Gymnastik,vingrošana,Ćwiczenia,FAMILY_COPY_STRICT,pl+sk+sq+tr
data,sk,A2,613,Gymnastik,vingrošana,Ćwiczenia,FAMILY_COPY_STRICT,pl+sk+sq+tr
data,sq,A2,613,Gymnastik,vingrošana,Ćwiczenia,FAMILY_COPY_STRICT,pl+sk+sq+tr
data,tr,A2,613,Gymnastik,vingrošana,Ćwiczenia,FAMILY_COPY_STRICT,pl+sk+sq+tr
data,it,A2,614,Haarbürste,matu suka,Matu Suka,SAME_AS_LV_CASEFOLD,casefold_only
data,lb,A2,614,Haarbürste,matu suka,Matu suka,SAME_AS_LV_CASEFOLD,casefold_only
data,nl,A2,614,Haarbürste,matu suka,Matu suka,SAME_AS_LV_CASEFOLD,casefold_only
data,pt,A2,614,Haarbürste,matu suka,Matu suka,SAME_AS_LV_CASEFOLD,casefold_only
data,sl,A2,614,Haarbürste,matu suka,matu suka,SAME_AS_LV_CASEFOLD,exact
data,sq,A2,614,Haarbürste,matu suka,Saç fırçası,MARKER_LEAK,tr_soft
data,sr,A2,614,Haarbürste,matu suka,Krtača za lase,LV_DIACRITIC,
data,sr,A2,614,Haarbürste,matu suka,Krtača za lase,SCRIPT_MISMATCH,sr_as_cyrillic
data,sr,A2,614,Haarbürste,matu suka,Krtača za lase,MARKER_LEAK,latin_in_cyrillic
data,bg,A2,614,Haarbürste,matu suka,Четка за коса,FAMILY_COPY_STRICT,bg+mk
data,mk,A2,614,Haarbürste,matu suka,Четка за коса,FAMILY_COPY_STRICT,bg+mk
data,fi,A2,614,Haarbürste,matu suka,Juuksehari,FAMILY_COPY_STRICT,fi+is+nb+nn+sv
data,is,A2,614,Haarbürste,matu suka,Juuksehari,FAMILY_COPY_STRICT,fi+is+nb+nn+sv
data,nb,A2,614,Haarbürste,matu suka,Juuksehari,FAMILY_COPY_STRICT,fi+is+nb+nn+sv
data,nn,A2,614,Haarbürste,matu suka,Juuksehari,FAMILY_COPY_STRICT,fi+is+nb+nn+sv
data,sv,A2,614,Haarbürste,matu suka,Juuksehari,FAMILY_COPY_STRICT,fi+is+nb+nn+sv
data,hr,A2,614,Haarbürste,matu suka,Krtača za lase,FAMILY_COPY_STRICT,hr+sr
data,sr,A2,614,Haarbürste,matu suka,Krtača za lase,FAMILY_COPY_STRICT,hr+sr
data,lb,A2,614,Haarbürste,matu suka,Matu suka,FAMILY_COPY_STRICT,lb+nl+pt
data,nl,A2,614,Haarbürste,matu suka,Matu suka,FAMILY_COPY_STRICT,lb+nl+pt
data,pt,A2,614,Haarbürste,matu suka,Matu suka,FAMILY_COPY_STRICT,lb+nl+pt
data,sq,A2,614,Haarbürste,matu suka,Saç fırçası,FAMILY_COPY_STRICT,sq+tr
data,tr,A2,614,Haarbürste,matu suka,Saç fırçası,FAMILY_COPY_STRICT,sq+tr
data,fi,A2,615,Haarschnitt,matu griezums • frizūra,Juukselõikus • Soeng,MARKER_LEAK,et_otilde
data,hr,A2,615,Haarschnitt,matu griezums • frizūra,Подстригване • Прическа,SCRIPT_MISMATCH,
data,hr,A2,615,Haarschnitt,matu griezums • frizūra,Подстригване • Прическа,MARKER_LEAK,foreign_script
data,is,A2,615,Haarschnitt,matu griezums • frizūra,Juukselõikus • Soeng,MARKER_LEAK,et_otilde
data,it,A2,615,Haarschnitt,matu griezums • frizūra,Griezums Matu • Frizūra,LV_DIACRITIC,
data,it,A2,615,Haarschnitt,matu griezums • frizūra,Griezums Matu • Frizūra,MARKER_LEAK,lv_u_macron
data,lb,A2,615,Haarschnitt,matu griezums • frizūra,Matu griezums • Frizūra,SAME_AS_LV_CASEFOLD,casefold_only
data,lb,A2,615,Haarschnitt,matu griezums • frizūra,Matu griezums • Frizūra,LV_DIACRITIC,
data,lb,A2,615,Haarschnitt,matu griezums • frizūra,Matu griezums • Frizūra,MARKER_LEAK,lv_u_macron
data,nb,A2,615,Haarschnitt,matu griezums • frizūra,Juukselõikus • Soeng,MARKER_LEAK,et_otilde
data,nl,A2,615,Haarschnitt,matu griezums • frizūra,Matu griezums • Frizūra,SAME_AS_LV_CASEFOLD,casefold_only
data,nl,A2,615,Haarschnitt,matu griezums • frizūra,Matu griezums • Frizūra,LV_DIACRITIC,
data,nl,A2,615,Haarschnitt,matu griezums • frizūra,Matu griezums • Frizūra,MARKER_LEAK,lv_u_macron
data,nn,A2,615,Haarschnitt,matu griezums • frizūra,Juukselõikus • Soeng,MARKER_LEAK,et_otilde
data,sl,A2,615,Haarschnitt,matu griezums • frizūra,matu griezums • frizūra,SAME_AS_LV_CASEFOLD,exact
data,sl,A2,615,Haarschnitt,matu griezums • frizūra,matu griezums • frizūra,LV_DIACRITIC,
data,sl,A2,615,Haarschnitt,matu griezums • frizūra,matu griezums • frizūra,MARKER_LEAK,lv_u_macron
data,sv,A2,615,Haarschnitt,matu griezums • frizūra,Juukselõikus • Soeng,MARKER_LEAK,et_otilde
data,bg,A2,615,Haarschnitt,matu griezums • frizūra,Подстригване • Прическа,FAMILY_COPY_STRICT,bg+hr+mk+sr
data,hr,A2,615,Haarschnitt,matu griezums • frizūra,Подстригване • Прическа,FAMILY_COPY_STRICT,bg+hr+mk+sr
data,mk,A2,615,Haarschnitt,matu griezums • frizūra,Подстригване • Прическа,FAMILY_COPY_STRICT,bg+hr+mk+sr
data,sr,A2,615,Haarschnitt,matu griezums • frizūra,Подстригване • Прическа,FAMILY_COPY_STRICT,bg+hr+mk+sr
data,fi,A2,615,Haarschnitt,matu griezums • frizūra,Juukselõikus • Soeng,FAMILY_COPY_STRICT,fi+is+nb+nn+sv
data,is,A2,615,Haarschnitt,matu griezums • frizūra,Juukselõikus • Soeng,FAMILY_COPY_STRICT,fi+is+nb+nn+sv
data,nb,A2,615,Haarschnitt,matu griezums • frizūra,Juukselõikus • Soeng,FAMILY_COPY_STRICT,fi+is+nb+nn+sv
data,nn,A2,615,Haarschnitt,matu griezums • frizūra,Juukselõikus • Soeng,FAMILY_COPY_STRICT,fi+is+nb+nn+sv
data,sv,A2,615,Haarschnitt,matu griezums • frizūra,Juukselõikus • Soeng,FAMILY_COPY_STRICT,fi+is+nb+nn+sv
data,lb,A2,615,Haarschnitt,matu griezums • frizūra,Matu griezums • Frizūra,FAMILY_COPY_STRICT,lb+nl
data,nl,A2,615,Haarschnitt,matu griezums • frizūra,Matu griezums • Frizūra,FAMILY_COPY_STRICT,lb+nl
data,sq,A2,615,Haarschnitt,matu griezums • frizūra,Saç modeli • Saç modeli,FAMILY_COPY_STRICT,sq+tr
data,tr,A2,615,Haarschnitt,matu griezums • frizūra,Saç modeli • Saç modeli,FAMILY_COPY_STRICT,sq+tr
data,hr,A2,616,Haarspange,matu sprādze,Шнола за коса,SCRIPT_MISMATCH,
data,hr,A2,616,Haarspange,matu sprādze,Шнола за коса,MARKER_LEAK,foreign_script
data,it,A2,616,Haarspange,matu sprādze,Matu sprādze,SAME_AS_LV_CASEFOLD,casefold_only
data,it,A2,616,Haarspange,matu sprādze,Matu sprādze,LV_DIACRITIC,
data,it,A2,616,Haarspange,matu sprādze,Matu sprādze,MARKER_LEAK,lv_macron_consonant
data,lb,A2,616,Haarspange,matu sprādze,Matu sprādze,SAME_AS_LV_CASEFOLD,casefold_only
data,lb,A2,616,Haarspange,matu sprādze,Matu sprādze,LV_DIACRITIC,
data,lb,A2,616,Haarspange,matu sprādze,Matu sprādze,MARKER_LEAK,lv_macron_consonant
data,nl,A2,616,Haarspange,matu sprādze,Matu sprādze,SAME_AS_LV_CASEFOLD,casefold_only
data,nl,A2,616,Haarspange,matu sprādze,Matu sprādze,LV_DIACRITIC,
data,nl,A2,616,Haarspange,matu sprādze,Matu sprādze,MARKER_LEAK,lv_macron_consonant
data,sk,A2,616,Haarspange,matu sprādze,Spinka do włosów,MARKER_LEAK,pl_l_s_z
data,sl,A2,616,Haarspange,matu sprādze,matu sprādze,SAME_AS_LV_CASEFOLD,exact
data,sl,A2,616,Haarspange,matu sprādze,matu sprādze,LV_DIACRITIC,
data,sl,A2,616,Haarspange,matu sprādze,matu sprādze,MARKER_LEAK,lv_macron_consonant
data,bg,A2,616,Haarspange,matu sprādze,Шнола за коса,FAMILY_COPY_STRICT,bg+hr+mk+sr
data,hr,A2,616,Haarspange,matu sprādze,Шнола за коса,FAMILY_COPY_STRICT,bg+hr+mk+sr
data,mk,A2,616,Haarspange,matu sprādze,Шнола за коса,FAMILY_COPY_STRICT,bg+hr+mk+sr
data,sr,A2,616,Haarspange,matu sprādze,Шнола за коса,FAMILY_COPY_STRICT,bg+hr+mk+sr
data,fi,A2,616,Haarspange,matu sprādze,Juuksklamber,FAMILY_COPY_STRICT,fi+is+nb+nn+sv
data,is,A2,616,Haarspange,matu sprādze,Juuksklamber,FAMILY_COPY_STRICT,fi+is+nb+nn+sv
data,nb,A2,616,Haarspange,matu sprādze,Juuksklamber,FAMILY_COPY_STRICT,fi+is+nb+nn+sv
data,nn,A2,616,Haarspange,matu sprādze,Juuksklamber,FAMILY_COPY_STRICT,fi+is+nb+nn+sv
data,sv,A2,616,Haarspange,matu sprādze,Juuksklamber,FAMILY_COPY_STRICT,fi+is+nb+nn+sv
data,it,A2,616,Haarspange,matu sprādze,Matu sprādze,FAMILY_COPY_STRICT,it+lb+nl
data,lb,A2,616,Haarspange,matu sprādze,Matu sprādze,FAMILY_COPY_STRICT,it+lb+nl
data,nl,A2,616,Haarspange,matu sprādze,Matu sprādze,FAMILY_COPY_STRICT,it+lb+nl
data,pl,A2,616,Haarspange,matu sprādze,Spinka do włosów,FAMILY_COPY_STRICT,pl+sk
data,sk,A2,616,Haarspange,matu sprādze,Spinka do włosów,FAMILY_COPY_STRICT,pl+sk
data,sq,A2,616,Haarspange,matu sprādze,Firkete,FAMILY_COPY_STRICT,sq+tr
data,tr,A2,616,Haarspange,matu sprādze,Firkete,FAMILY_COPY_STRICT,sq+tr
data,hr,A2,617,Hackfleisch,malta gaļa,Смляно месо,SCRIPT_MISMATCH,
data,hr,A2,617,Hackfleisch,malta gaļa,Смляно месо,MARKER_LEAK,foreign_script
data,nl,A2,617,Hackfleisch,malta gaļa,Malta gaļa,SAME_AS_LV_CASEFOLD,casefold_only
data,nl,A2,617,Hackfleisch,malta gaļa,Malta gaļa,LV_DIACRITIC,
data,nl,A2,617,Hackfleisch,malta gaļa,Malta gaļa,MARKER_LEAK,lv_macron_consonant
data,sk,A2,617,Hackfleisch,malta gaļa,Mięso mielone,MARKER_LEAK,pl_lt_nasal
data,sl,A2,617,Hackfleisch,malta gaļa,malta gaļa,SAME_AS_LV_CASEFOLD,exact
data,sl,A2,617,Hackfleisch,malta gaļa,malta gaļa,LV_DIACRITIC,
data,sl,A2,617,Hackfleisch,malta gaļa,malta gaļa,MARKER_LEAK,lv_macron_consonant
data,bg,A2,617,Hackfleisch,malta gaļa,Смляно месо,FAMILY_COPY_STRICT,bg+hr+mk+sr
data,hr,A2,617,Hackfleisch,malta gaļa,Смляно месо,FAMILY_COPY_STRICT,bg+hr+mk+sr
data,mk,A2,617,Hackfleisch,malta gaļa,Смляно месо,FAMILY_COPY_STRICT,bg+hr+mk+sr
data,sr,A2,617,Hackfleisch,malta gaļa,Смляно месо,FAMILY_COPY_STRICT,bg+hr+mk+sr
data,fi,A2,617,Hackfleisch,malta gaļa,Hakkliha,FAMILY_COPY_STRICT,fi+is+nb+nn+sv
data,is,A2,617,Hackfleisch,malta gaļa,Hakkliha,FAMILY_COPY_STRICT,fi+is+nb+nn+sv
data,nb,A2,617,Hackfleisch,malta gaļa,Hakkliha,FAMILY_COPY_STRICT,fi+is+nb+nn+sv
data,nn,A2,617,Hackfleisch,malta gaļa,Hakkliha,FAMILY_COPY_STRICT,fi+is+nb+nn+sv
data,sv,A2,617,Hackfleisch,malta gaļa,Hakkliha,FAMILY_COPY_STRICT,fi+is+nb+nn+sv
data,pl,A2,617,Hackfleisch,malta gaļa,Mięso mielone,FAMILY_COPY_STRICT,pl+sk
data,sk,A2,617,Hackfleisch,malta gaļa,Mięso mielone,FAMILY_COPY_STRICT,pl+sk
data,hr,A2,618,Hafen,osta,Порт,SCRIPT_MISMATCH,
data,hr,A2,618,Hafen,osta,Порт,MARKER_LEAK,foreign_script
data,it,A2,618,Hafen,osta,Osta,SAME_AS_LV_CASEFOLD,casefold_only
data,lb,A2,618,Hafen,osta,Osta,SAME_AS_LV_CASEFOLD,casefold_only
data,nl,A2,618,Hafen,osta,Osta,SAME_AS_LV_CASEFOLD,casefold_only
data,sl,A2,618,Hafen,osta,osta,SAME_AS_LV_CASEFOLD,exact
data,bg,A2,618,Hafen,osta,Порт,FAMILY_COPY_STRICT,bg+hr+mk+ru+sr
data,hr,A2,618,Hafen,osta,Порт,FAMILY_COPY_STRICT,bg+hr+mk+ru+sr
data,mk,A2,618,Hafen,osta,Порт,FAMILY_COPY_STRICT,bg+hr+mk+ru+sr
data,ru,A2,618,Hafen,osta,Порт,FAMILY_COPY_STRICT,bg+hr+mk+ru+sr
data,sr,A2,618,Hafen,osta,Порт,FAMILY_COPY_STRICT,bg+hr+mk+ru+sr
data,fi,A2,618,Hafen,osta,Sadam,FAMILY_COPY_STRICT,fi+sv
data,sv,A2,618,Hafen,osta,Sadam,FAMILY_COPY_STRICT,fi+sv
data,is,A2,618,Hafen,osta,Saddam,FAMILY_COPY_STRICT,is+nb+nn
data,nb,A2,618,Hafen,osta,Saddam,FAMILY_COPY_STRICT,is+nb+nn
data,nn,A2,618,Hafen,osta,Saddam,FAMILY_COPY_STRICT,is+nb+nn
data,it,A2,618,Hafen,osta,Osta,FAMILY_COPY_STRICT,it+lb+nl
data,lb,A2,618,Hafen,osta,Osta,FAMILY_COPY_STRICT,it+lb+nl
data,nl,A2,618,Hafen,osta,Osta,FAMILY_COPY_STRICT,it+lb+nl
data,hr,A2,619,Haferflocken,auzu pārslas,Овесени ядки,SCRIPT_MISMATCH,
data,hr,A2,619,Haferflocken,auzu pārslas,Овесени ядки,MARKER_LEAK,foreign_script
data,lb,A2,619,Haferflocken,auzu pārslas,Auzu pārslas,SAME_AS_LV_CASEFOLD,casefold_only
data,lb,A2,619,Haferflocken,auzu pārslas,Auzu pārslas,LV_DIACRITIC,
data,lb,A2,619,Haferflocken,auzu pārslas,Auzu pārslas,MARKER_LEAK,lv_macron_consonant
data,nl,A2,619,Haferflocken,auzu pārslas,Auzu pārslas,SAME_AS_LV_CASEFOLD,casefold_only
data,nl,A2,619,Haferflocken,auzu pārslas,Auzu pārslas,LV_DIACRITIC,
data,nl,A2,619,Haferflocken,auzu pārslas,Auzu pārslas,MARKER_LEAK,lv_macron_consonant
data,sl,A2,619,Haferflocken,auzu pārslas,auzu pārslas,SAME_AS_LV_CASEFOLD,exact
data,sl,A2,619,Haferflocken,auzu pārslas,auzu pārslas,LV_DIACRITIC,
data,sl,A2,619,Haferflocken,auzu pārslas,auzu pārslas,MARKER_LEAK,lv_macron_consonant
data,bg,A2,619,Haferflocken,auzu pārslas,Овесени ядки,FAMILY_COPY_STRICT,bg+hr+mk+sr
data,hr,A2,619,Haferflocken,auzu pārslas,Овесени ядки,FAMILY_COPY_STRICT,bg+hr+mk+sr
data,mk,A2,619,Haferflocken,auzu pārslas,Овесени ядки,FAMILY_COPY_STRICT,bg+hr+mk+sr
data,sr,A2,619,Haferflocken,auzu pārslas,Овесени ядки,FAMILY_COPY_STRICT,bg+hr+mk+sr
data,fi,A2,619,Haferflocken,auzu pārslas,Kaerahelbed,FAMILY_COPY_STRICT,fi+is+nb+nn+sv
data,is,A2,619,Haferflocken,auzu pārslas,Kaerahelbed,FAMILY_COPY_STRICT,fi+is+nb+nn+sv
data,nb,A2,619,Haferflocken,auzu pārslas,Kaerahelbed,FAMILY_COPY_STRICT,fi+is+nb+nn+sv
data,nn,A2,619,Haferflocken,auzu pārslas,Kaerahelbed,FAMILY_COPY_STRICT,fi+is+nb+nn+sv
data,sv,A2,619,Haferflocken,auzu pārslas,Kaerahelbed,FAMILY_COPY_STRICT,fi+is+nb+nn+sv
data,lb,A2,619,Haferflocken,auzu pārslas,Auzu pārslas,FAMILY_COPY_STRICT,lb+nl
data,nl,A2,619,Haferflocken,auzu pārslas,Auzu pārslas,FAMILY_COPY_STRICT,lb+nl
data,pl,A2,619,Haferflocken,auzu pārslas,Owsianka,FAMILY_COPY_STRICT,pl+sk
data,sk,A2,619,Haferflocken,auzu pārslas,Owsianka,FAMILY_COPY_STRICT,pl+sk
data,sq,A2,619,Haferflocken,auzu pārslas,Yulaf ezmesi,FAMILY_COPY_STRICT,sq+tr
data,tr,A2,619,Haferflocken,auzu pārslas,Yulaf ezmesi,FAMILY_COPY_STRICT,sq+tr
data,hr,A2,620,Hahn,gailis,Петел,SCRIPT_MISMATCH,
data,hr,A2,620,Hahn,gailis,Петел,MARKER_LEAK,foreign_script
data,lb,A2,620,Hahn,gailis,Gailis,SAME_AS_LV_CASEFOLD,casefold_only
data,nl,A2,620,Hahn,gailis,Gailis,SAME_AS_LV_CASEFOLD,casefold_only
data,pt,A2,620,Hahn,gailis,Gailis,SAME_AS_LV_CASEFOLD,casefold_only
data,sl,A2,620,Hahn,gailis,gailis,SAME_AS_LV_CASEFOLD,exact
data,bg,A2,620,Hahn,gailis,Петел,FAMILY_COPY_STRICT,bg+hr+mk+sr
data,hr,A2,620,Hahn,gailis,Петел,FAMILY_COPY_STRICT,bg+hr+mk+sr
data,mk,A2,620,Hahn,gailis,Петел,FAMILY_COPY_STRICT,bg+hr+mk+sr
data,sr,A2,620,Hahn,gailis,Петел,FAMILY_COPY_STRICT,bg+hr+mk+sr
data,da,A2,620,Hahn,gailis,Hane,FAMILY_COPY_STRICT,da+is+nb+nn
data,is,A2,620,Hahn,gailis,Hane,FAMILY_COPY_STRICT,da+is+nb+nn
data,nb,A2,620,Hahn,gailis,Hane,FAMILY_COPY_STRICT,da+is+nb+nn
data,nn,A2,620,Hahn,gailis,Hane,FAMILY_COPY_STRICT,da+is+nb+nn
data,fi,A2,620,Hahn,gailis,Kukk,FAMILY_COPY_STRICT,fi+sv
data,sv,A2,620,Hahn,gailis,Kukk,FAMILY_COPY_STRICT,fi+sv
data,lb,A2,620,Hahn,gailis,Gailis,FAMILY_COPY_STRICT,lb+nl+pt
data,nl,A2,620,Hahn,gailis,Gailis,FAMILY_COPY_STRICT,lb+nl+pt
data,pt,A2,620,Hahn,gailis,Gailis,FAMILY_COPY_STRICT,lb+nl+pt
data,pl,A2,620,Hahn,gailis,Kogut,FAMILY_COPY_STRICT,pl+sk+sq+tr
data,sk,A2,620,Hahn,gailis,Kogut,FAMILY_COPY_STRICT,pl+sk+sq+tr
data,sq,A2,620,Hahn,gailis,Kogut,FAMILY_COPY_STRICT,pl+sk+sq+tr
data,tr,A2,620,Hahn,gailis,Kogut,FAMILY_COPY_STRICT,pl+sk+sq+tr
data,gr,A2,621,Hähnchen,cālis • vistas gaļa,Baby κοτόπουλο • Κρέας κοτόπουλου,SCRIPT_MISMATCH,
data,gr,A2,621,Hähnchen,cālis • vistas gaļa,Baby κοτόπουλο • Κρέας κοτόπουλου,MARKER_LEAK,latin_in_greek
data,hr,A2,621,Hähnchen,cālis • vistas gaļa,Пиле • Пиле,SCRIPT_MISMATCH,
data,hr,A2,621,Hähnchen,cālis • vistas gaļa,Пиле • Пиле,MARKER_LEAK,foreign_script
data,lb,A2,621,Hähnchen,cālis • vistas gaļa,Cālis • Vistas gaļa,SAME_AS_LV_CASEFOLD,casefold_only
data,lb,A2,621,Hähnchen,cālis • vistas gaļa,Cālis • Vistas gaļa,LV_DIACRITIC,
data,lb,A2,621,Hähnchen,cālis • vistas gaļa,Cālis • Vistas gaļa,MARKER_LEAK,lv_macron_consonant
data,nl,A2,621,Hähnchen,cālis • vistas gaļa,Cālis • Vistas gaļa,SAME_AS_LV_CASEFOLD,casefold_only
data,nl,A2,621,Hähnchen,cālis • vistas gaļa,Cālis • Vistas gaļa,LV_DIACRITIC,
data,nl,A2,621,Hähnchen,cālis • vistas gaļa,Cālis • Vistas gaļa,MARKER_LEAK,lv_macron_consonant
data,sl,A2,621,Hähnchen,cālis • vistas gaļa,cālis • vistas gaļa,SAME_AS_LV_CASEFOLD,exact
data,sl,A2,621,Hähnchen,cālis • vistas gaļa,cālis • vistas gaļa,LV_DIACRITIC,
data,sl,A2,621,Hähnchen,cālis • vistas gaļa,cālis • vistas gaļa,MARKER_LEAK,lv_macron_consonant
data,bg,A2,621,Hähnchen,cālis • vistas gaļa,Пиле • Пиле,FAMILY_COPY_STRICT,bg+hr+mk+sr
data,hr,A2,621,Hähnchen,cālis • vistas gaļa,Пиле • Пиле,FAMILY_COPY_STRICT,bg+hr+mk+sr
data,mk,A2,621,Hähnchen,cālis • vistas gaļa,Пиле • Пиле,FAMILY_COPY_STRICT,bg+hr+mk+sr
data,sr,A2,621,Hähnchen,cālis • vistas gaļa,Пиле • Пиле,FAMILY_COPY_STRICT,bg+hr+mk+sr
data,fi,A2,621,Hähnchen,cālis • vistas gaļa,Kanapoeg • Kanaliha,FAMILY_COPY_STRICT,fi+is+nb+nn+sv
data,is,A2,621,Hähnchen,cālis • vistas gaļa,Kanapoeg • Kanaliha,FAMILY_COPY_STRICT,fi+is+nb+nn+sv
data,nb,A2,621,Hähnchen,cālis • vistas gaļa,Kanapoeg • Kanaliha,FAMILY_COPY_STRICT,fi+is+nb+nn+sv
data,nn,A2,621,Hähnchen,cālis • vistas gaļa,Kanapoeg • Kanaliha,FAMILY_COPY_STRICT,fi+is+nb+nn+sv
data,sv,A2,621,Hähnchen,cālis • vistas gaļa,Kanapoeg • Kanaliha,FAMILY_COPY_STRICT,fi+is+nb+nn+sv
data,lb,A2,621,Hähnchen,cālis • vistas gaļa,Cālis • Vistas gaļa,FAMILY_COPY_STRICT,lb+nl
data,nl,A2,621,Hähnchen,cālis • vistas gaļa,Cālis • Vistas gaļa,FAMILY_COPY_STRICT,lb+nl
data,pl,A2,621,Hähnchen,cālis • vistas gaļa,Kurczak • Kurczak,FAMILY_COPY_STRICT,pl+sk+sq+tr
data,sk,A2,621,Hähnchen,cālis • vistas gaļa,Kurczak • Kurczak,FAMILY_COPY_STRICT,pl+sk+sq+tr
data,sq,A2,621,Hähnchen,cālis • vistas gaļa,Kurczak • Kurczak,FAMILY_COPY_STRICT,pl+sk+sq+tr
data,tr,A2,621,Hähnchen,cālis • vistas gaļa,Kurczak • Kurczak,FAMILY_COPY_STRICT,pl+sk+sq+tr
data,hr,A2,622,Halbfinale,pusfināls,Полуфинале,SCRIPT_MISMATCH,
data,hr,A2,622,Halbfinale,pusfināls,Полуфинале,MARKER_LEAK,foreign_script
data,lb,A2,622,Halbfinale,pusfināls,Pusfināls,SAME_AS_LV_CASEFOLD,casefold_only
data,lb,A2,622,Halbfinale,pusfināls,Pusfināls,LV_DIACRITIC,
data,lb,A2,622,Halbfinale,pusfināls,Pusfināls,MARKER_LEAK,lv_macron_consonant
data,nl,A2,622,Halbfinale,pusfināls,Pusfināls,SAME_AS_LV_CASEFOLD,casefold_only
data,nl,A2,622,Halbfinale,pusfināls,Pusfināls,LV_DIACRITIC,
data,nl,A2,622,Halbfinale,pusfināls,Pusfināls,MARKER_LEAK,lv_macron_consonant
data,sk,A2,622,Halbfinale,pusfināls,Półfinał,MARKER_LEAK,pl_l_s_z
data,sl,A2,622,Halbfinale,pusfināls,pusfināls,SAME_AS_LV_CASEFOLD,exact
data,sl,A2,622,Halbfinale,pusfināls,pusfināls,LV_DIACRITIC,
data,sl,A2,622,Halbfinale,pusfināls,pusfināls,MARKER_LEAK,lv_macron_consonant
data,bg,A2,622,Halbfinale,pusfināls,Полуфинал,FAMILY_COPY_STRICT,bg+ru
data,ru,A2,622,Halbfinale,pusfināls,Полуфинал,FAMILY_COPY_STRICT,bg+ru
data,fi,A2,622,Halbfinale,pusfināls,Poolfinaal,FAMILY_COPY_STRICT,fi+sv
data,sv,A2,622,Halbfinale,pusfināls,Poolfinaal,FAMILY_COPY_STRICT,fi+sv
data,hr,A2,622,Halbfinale,pusfināls,Полуфинале,FAMILY_COPY_STRICT,hr+mk+sr
data,mk,A2,622,Halbfinale,pusfināls,Полуфинале,FAMILY_COPY_STRICT,hr+mk+sr
data,sr,A2,622,Halbfinale,pusfināls,Полуфинале,FAMILY_COPY_STRICT,hr+mk+sr
data,is,A2,622,Halbfinale,pusfināls,Puljefinale,FAMILY_COPY_STRICT,is+nb+nn
data,nb,A2,622,Halbfinale,pusfināls,Puljefinale,FAMILY_COPY_STRICT,is+nb+nn
data,nn,A2,622,Halbfinale,pusfināls,Puljefinale,FAMILY_COPY_STRICT,is+nb+nn
data,lb,A2,622,Halbfinale,pusfināls,Pusfināls,FAMILY_COPY_STRICT,lb+nl
data,nl,A2,622,Halbfinale,pusfināls,Pusfināls,FAMILY_COPY_STRICT,lb+nl
data,pl,A2,622,Halbfinale,pusfināls,Półfinał,FAMILY_COPY_STRICT,pl+sk
data,sk,A2,622,Halbfinale,pusfināls,Półfinał,FAMILY_COPY_STRICT,pl+sk
data,hr,A2,623,Halbzeit,puslaiks,Половината време,SCRIPT_MISMATCH,
data,hr,A2,623,Halbzeit,puslaiks,Половината време,MARKER_LEAK,foreign_script
data,it,A2,623,Halbzeit,puslaiks,Puslaiks,SAME_AS_LV_CASEFOLD,casefold_only
data,lb,A2,623,Halbzeit,puslaiks,Puslaiks,SAME_AS_LV_CASEFOLD,casefold_only
data,nl,A2,623,Halbzeit,puslaiks,Puslaiks,SAME_AS_LV_CASEFOLD,casefold_only
data,pt,A2,623,Halbzeit,puslaiks,Puslaiks,SAME_AS_LV_CASEFOLD,casefold_only
data,sk,A2,623,Halbzeit,puslaiks,Pół etatu,MARKER_LEAK,pl_l_s_z
data,sl,A2,623,Halbzeit,puslaiks,puslaiks,SAME_AS_LV_CASEFOLD,exact
data,sq,A2,623,Halbzeit,puslaiks,Yarı zamanlı,MARKER_LEAK,tr_soft
data,bg,A2,623,Halbzeit,puslaiks,Половината време,FAMILY_COPY_STRICT,bg+hr+mk+sr
data,hr,A2,623,Halbzeit,puslaiks,Половината време,FAMILY_COPY_STRICT,bg+hr+mk+sr
data,mk,A2,623,Halbzeit,puslaiks,Половината време,FAMILY_COPY_STRICT,bg+hr+mk+sr
data,sr,A2,623,Halbzeit,puslaiks,Половината време,FAMILY_COPY_STRICT,bg+hr+mk+sr
data,fi,A2,623,Halbzeit,puslaiks,Poolaeg,FAMILY_COPY_STRICT,fi+sv
data,sv,A2,623,Halbzeit,puslaiks,Poolaeg,FAMILY_COPY_STRICT,fi+sv
data,is,A2,623,Halbzeit,puslaiks,Pool alder,FAMILY_COPY_STRICT,is+nb+nn
data,nb,A2,623,Halbzeit,puslaiks,Pool alder,FAMILY_COPY_STRICT,is+nb+nn
data,nn,A2,623,Halbzeit,puslaiks,Pool alder,FAMILY_COPY_STRICT,is+nb+nn
data,it,A2,623,Halbzeit,puslaiks,Puslaiks,FAMILY_COPY_STRICT,it+lb+nl+pt
data,lb,A2,623,Halbzeit,puslaiks,Puslaiks,FAMILY_COPY_STRICT,it+lb+nl+pt
data,nl,A2,623,Halbzeit,puslaiks,Puslaiks,FAMILY_COPY_STRICT,it+lb+nl+pt
data,pt,A2,623,Halbzeit,puslaiks,Puslaiks,FAMILY_COPY_STRICT,it+lb+nl+pt
data,pl,A2,623,Halbzeit,puslaiks,Pół etatu,FAMILY_COPY_STRICT,pl+sk
data,sk,A2,623,Halbzeit,puslaiks,Pół etatu,FAMILY_COPY_STRICT,pl+sk
data,sq,A2,623,Halbzeit,puslaiks,Yarı zamanlı,FAMILY_COPY_STRICT,sq+tr
data,tr,A2,623,Halbzeit,puslaiks,Yarı zamanlı,FAMILY_COPY_STRICT,sq+tr
data,hr,A2,624,Halle,halle,Сала,SCRIPT_MISMATCH,
data,hr,A2,624,Halle,halle,Сала,MARKER_LEAK,foreign_script
data,it,A2,624,Halle,halle,Halle,SAME_AS_LV_CASEFOLD,casefold_only
data,lb,A2,624,Halle,halle,Halle,SAME_AS_LV_CASEFOLD,casefold_only
data,nl,A2,624,Halle,halle,Halle,SAME_AS_LV_CASEFOLD,casefold_only
data,pt,A2,624,Halle,halle,Halle,SAME_AS_LV_CASEFOLD,casefold_only
data,sl,A2,624,Halle,halle,halle,SAME_AS_LV_CASEFOLD,exact
data,uk,A2,624,Halle,halle,halle,SAME_AS_LV_CASEFOLD,exact
data,uk,A2,624,Halle,halle,halle,SCRIPT_MISMATCH,
data,uk,A2,624,Halle,halle,halle,MARKER_LEAK,latin_in_cyrillic
data,hr,A2,624,Halle,halle,Сала,FAMILY_COPY_STRICT,hr+mk+sr
data,mk,A2,624,Halle,halle,Сала,FAMILY_COPY_STRICT,hr+mk+sr
data,sr,A2,624,Halle,halle,Сала,FAMILY_COPY_STRICT,hr+mk+sr
data,pl,A2,624,Halle,halle,Hala,FAMILY_COPY_STRICT,pl+sk
data,sk,A2,624,Halle,halle,Hala,FAMILY_COPY_STRICT,pl+sk
data,sq,A2,624,Halle,halle,Salon,FAMILY_COPY_STRICT,sq+tr
data,tr,A2,624,Halle,halle,Salon,FAMILY_COPY_STRICT,sq+tr
data,hr,A2,625,Hallenbad,iekštelpu peldbaseins,Вътрешен басейн,SCRIPT_MISMATCH,
data,hr,A2,625,Hallenbad,iekštelpu peldbaseins,Вътрешен басейн,MARKER_LEAK,foreign_script
data,sl,A2,625,Hallenbad,iekštelpu peldbaseins,iekštelpu peldbaseins,SAME_AS_LV_CASEFOLD,exact
data,sq,A2,625,Hallenbad,iekštelpu peldbaseins,Kapalı yüzme havuzu,MARKER_LEAK,tr_soft
data,bg,A2,625,Hallenbad,iekštelpu peldbaseins,Вътрешен басейн,FAMILY_COPY_STRICT,bg+hr+mk+sr
data,hr,A2,625,Hallenbad,iekštelpu peldbaseins,Вътрешен басейн,FAMILY_COPY_STRICT,bg+hr+mk+sr
data,mk,A2,625,Hallenbad,iekštelpu peldbaseins,Вътрешен басейн,FAMILY_COPY_STRICT,bg+hr+mk+sr
data,sr,A2,625,Hallenbad,iekštelpu peldbaseins,Вътрешен басейн,FAMILY_COPY_STRICT,bg+hr+mk+sr
data,fi,A2,625,Hallenbad,iekštelpu peldbaseins,Siseujula,FAMILY_COPY_STRICT,fi+is+nb+nn+sv
data,is,A2,625,Hallenbad,iekštelpu peldbaseins,Siseujula,FAMILY_COPY_STRICT,fi+is+nb+nn+sv
data,nb,A2,625,Hallenbad,iekštelpu peldbaseins,Siseujula,FAMILY_COPY_STRICT,fi+is+nb+nn+sv
data,nn,A2,625,Hallenbad,iekštelpu peldbaseins,Siseujula,FAMILY_COPY_STRICT,fi+is+nb+nn+sv
data,sv,A2,625,Hallenbad,iekštelpu peldbaseins,Siseujula,FAMILY_COPY_STRICT,fi+is+nb+nn+sv
data,fr,A2,625,Hallenbad,iekštelpu peldbaseins,Piscine couverte,FAMILY_COPY_STRICT,fr+it
data,it,A2,625,Hallenbad,iekštelpu peldbaseins,Piscine couverte,FAMILY_COPY_STRICT,fr+it
data,lb,A2,625,Hallenbad,iekštelpu peldbaseins,Overdekt zwembad,FAMILY_COPY_STRICT,lb+nl
data,nl,A2,625,Hallenbad,iekštelpu peldbaseins,Overdekt zwembad,FAMILY_COPY_STRICT,lb+nl
data,pl,A2,625,Hallenbad,iekštelpu peldbaseins,Kryty basen,FAMILY_COPY_STRICT,pl+sk
data,sk,A2,625,Hallenbad,iekštelpu peldbaseins,Kryty basen,FAMILY_COPY_STRICT,pl+sk
data,sq,A2,625,Hallenbad,iekštelpu peldbaseins,Kapalı yüzme havuzu,FAMILY_COPY_STRICT,sq+tr
data,tr,A2,625,Hallenbad,iekštelpu peldbaseins,Kapalı yüzme havuzu,FAMILY_COPY_STRICT,sq+tr
data,hr,A2,626,halt!,stāt!,Стой!,SCRIPT_MISMATCH,
data,hr,A2,626,halt!,stāt!,Стой!,MARKER_LEAK,foreign_script
data,lb,A2,626,halt!,stāt!,Stāt!,SAME_AS_LV_CASEFOLD,casefold_only
data,lb,A2,626,halt!,stāt!,Stāt!,LV_DIACRITIC,
data,lb,A2,626,halt!,stāt!,Stāt!,MARKER_LEAK,lv_macron_consonant
data,nl,A2,626,halt!,stāt!,Stāt!,SAME_AS_LV_CASEFOLD,casefold_only
data,nl,A2,626,halt!,stāt!,Stāt!,LV_DIACRITIC,
data,nl,A2,626,halt!,stāt!,Stāt!,MARKER_LEAK,lv_macron_consonant
data,sl,A2,626,halt!,stāt!,stāt!,SAME_AS_LV_CASEFOLD,exact
data,sl,A2,626,halt!,stāt!,stāt!,LV_DIACRITIC,
data,sl,A2,626,halt!,stāt!,stāt!,MARKER_LEAK,lv_macron_consonant
data,bg,A2,626,halt!,stāt!,Стой!,FAMILY_COPY_STRICT,bg+hr+mk+sr
data,hr,A2,626,halt!,stāt!,Стой!,FAMILY_COPY_STRICT,bg+hr+mk+sr
data,mk,A2,626,halt!,stāt!,Стой!,FAMILY_COPY_STRICT,bg+hr+mk+sr
data,sr,A2,626,halt!,stāt!,Стой!,FAMILY_COPY_STRICT,bg+hr+mk+sr
data,en,A2,626,halt!,stāt!,Stand!,FAMILY_COPY_STRICT,en+ro
data,ro,A2,626,halt!,stāt!,Stand!,FAMILY_COPY_STRICT,en+ro
data,fi,A2,626,halt!,stāt!,Seis!,FAMILY_COPY_STRICT,fi+is+nb+nn+sv
data,is,A2,626,halt!,stāt!,Seis!,FAMILY_COPY_STRICT,fi+is+nb+nn+sv
data,nb,A2,626,halt!,stāt!,Seis!,FAMILY_COPY_STRICT,fi+is+nb+nn+sv
data,nn,A2,626,halt!,stāt!,Seis!,FAMILY_COPY_STRICT,fi+is+nb+nn+sv
data,sv,A2,626,halt!,stāt!,Seis!,FAMILY_COPY_STRICT,fi+is+nb+nn+sv
data,lb,A2,626,halt!,stāt!,Stāt!,FAMILY_COPY_STRICT,lb+nl
data,nl,A2,626,halt!,stāt!,Stāt!,FAMILY_COPY_STRICT,lb+nl
data,pl,A2,626,halt!,stāt!,Podstawka!,FAMILY_COPY_STRICT,pl+sq+tr
data,sq,A2,626,halt!,stāt!,Podstawka!,FAMILY_COPY_STRICT,pl+sq+tr
data,tr,A2,626,halt!,stāt!,Podstawka!,FAMILY_COPY_STRICT,pl+sq+tr
data,hr,A2,627,Hammer,āmurs,Чук,SCRIPT_MISMATCH,
data,hr,A2,627,Hammer,āmurs,Чук,MARKER_LEAK,foreign_script
data,lb,A2,627,Hammer,āmurs,Āmurs,SAME_AS_LV_CASEFOLD,casefold_only
data,lb,A2,627,Hammer,āmurs,Āmurs,LV_DIACRITIC,
data,lb,A2,627,Hammer,āmurs,Āmurs,MARKER_LEAK,lv_macron_consonant
data,nl,A2,627,Hammer,āmurs,Āmurs,SAME_AS_LV_CASEFOLD,casefold_only
data,nl,A2,627,Hammer,āmurs,Āmurs,LV_DIACRITIC,
data,nl,A2,627,Hammer,āmurs,Āmurs,MARKER_LEAK,lv_macron_consonant
data,sl,A2,627,Hammer,āmurs,āmurs,SAME_AS_LV_CASEFOLD,exact
data,sl,A2,627,Hammer,āmurs,āmurs,LV_DIACRITIC,
data,sl,A2,627,Hammer,āmurs,āmurs,MARKER_LEAK,lv_macron_consonant
data,bg,A2,627,Hammer,āmurs,Чук,FAMILY_COPY_STRICT,bg+hr+mk+sr
data,hr,A2,627,Hammer,āmurs,Чук,FAMILY_COPY_STRICT,bg+hr+mk+sr
data,mk,A2,627,Hammer,āmurs,Чук,FAMILY_COPY_STRICT,bg+hr+mk+sr
data,sr,A2,627,Hammer,āmurs,Чук,FAMILY_COPY_STRICT,bg+hr+mk+sr
data,cs,A2,627,Hammer,āmurs,Kladivo,FAMILY_COPY_STRICT,cs+sk
data,sk,A2,627,Hammer,āmurs,Kladivo,FAMILY_COPY_STRICT,cs+sk
data,fi,A2,627,Hammer,āmurs,Haamer,FAMILY_COPY_STRICT,fi+sv
data,sv,A2,627,Hammer,āmurs,Haamer,FAMILY_COPY_STRICT,fi+sv
data,lb,A2,627,Hammer,āmurs,Āmurs,FAMILY_COPY_STRICT,lb+nl
data,nl,A2,627,Hammer,āmurs,Āmurs,FAMILY_COPY_STRICT,lb+nl
data,sq,A2,627,Hammer,āmurs,Çekiç,FAMILY_COPY_STRICT,sq+tr
data,tr,A2,627,Hammer,āmurs,Çekiç,FAMILY_COPY_STRICT,sq+tr
data,hr,A2,628,Hamster,kāmis,Хамстер,SCRIPT_MISMATCH,
data,hr,A2,628,Hamster,kāmis,Хамстер,MARKER_LEAK,foreign_script
data,lb,A2,628,Hamster,kāmis,Kāmis,SAME_AS_LV_CASEFOLD,casefold_only
data,lb,A2,628,Hamster,kāmis,Kāmis,LV_DIACRITIC,
data,lb,A2,628,Hamster,kāmis,Kāmis,MARKER_LEAK,lv_macron_consonant
data,nl,A2,628,Hamster,kāmis,Kāmis,SAME_AS_LV_CASEFOLD,casefold_only
data,nl,A2,628,Hamster,kāmis,Kāmis,LV_DIACRITIC,
data,nl,A2,628,Hamster,kāmis,Kāmis,MARKER_LEAK,lv_macron_consonant
data,sl,A2,628,Hamster,kāmis,kāmis,SAME_AS_LV_CASEFOLD,exact
data,sl,A2,628,Hamster,kāmis,kāmis,LV_DIACRITIC,
data,sl,A2,628,Hamster,kāmis,kāmis,MARKER_LEAK,lv_macron_consonant
data,bg,A2,628,Hamster,kāmis,Хамстер,FAMILY_COPY_STRICT,bg+hr+mk+sr
data,hr,A2,628,Hamster,kāmis,Хамстер,FAMILY_COPY_STRICT,bg+hr+mk+sr
data,mk,A2,628,Hamster,kāmis,Хамстер,FAMILY_COPY_STRICT,bg+hr+mk+sr
data,sr,A2,628,Hamster,kāmis,Хамстер,FAMILY_COPY_STRICT,bg+hr+mk+sr
data,fr,A2,628,Hamster,kāmis,Un hamster,FAMILY_COPY_STRICT,fr+ro
data,ro,A2,628,Hamster,kāmis,Un hamster,FAMILY_COPY_STRICT,fr+ro
data,lb,A2,628,Hamster,kāmis,Kāmis,FAMILY_COPY_STRICT,lb+nl
data,nl,A2,628,Hamster,kāmis,Kāmis,FAMILY_COPY_STRICT,lb+nl
data,pl,A2,628,Hamster,kāmis,Chomik,FAMILY_COPY_STRICT,pl+sk+sq+tr
data,sk,A2,628,Hamster,kāmis,Chomik,FAMILY_COPY_STRICT,pl+sk+sq+tr
data,sq,A2,628,Hamster,kāmis,Chomik,FAMILY_COPY_STRICT,pl+sk+sq+tr
data,tr,A2,628,Hamster,kāmis,Chomik,FAMILY_COPY_STRICT,pl+sk+sq+tr
data,hr,A2,629,Handball,rokasbumba,Хандбал,SCRIPT_MISMATCH,
data,hr,A2,629,Handball,rokasbumba,Хандбал,MARKER_LEAK,foreign_script
data,it,A2,629,Handball,rokasbumba,Rokasbumba,SAME_AS_LV_CASEFOLD,casefold_only
data,lb,A2,629,Handball,rokasbumba,Rokasbumba,SAME_AS_LV_CASEFOLD,casefold_only
data,nl,A2,629,Handball,rokasbumba,Rokasbumba,SAME_AS_LV_CASEFOLD,casefold_only
data,pt,A2,629,Handball,rokasbumba,Rokasbumba,SAME_AS_LV_CASEFOLD,casefold_only
data,sk,A2,629,Handball,rokasbumba,Gra w piłkę ręczną,MARKER_LEAK,pl_l_s_z+pl_lt_nasal
data,sl,A2,629,Handball,rokasbumba,rokasbumba,SAME_AS_LV_CASEFOLD,exact
data,bg,A2,629,Handball,rokasbumba,Хандбал,FAMILY_COPY_STRICT,bg+hr+mk+sr
data,hr,A2,629,Handball,rokasbumba,Хандбал,FAMILY_COPY_STRICT,bg+hr+mk+sr
data,mk,A2,629,Handball,rokasbumba,Хандбал,FAMILY_COPY_STRICT,bg+hr+mk+sr
data,sr,A2,629,Handball,rokasbumba,Хандбал,FAMILY_COPY_STRICT,bg+hr+mk+sr
data,fi,A2,629,Handball,rokasbumba,Käsipall,FAMILY_COPY_STRICT,fi+sv
data,sv,A2,629,Handball,rokasbumba,Käsipall,FAMILY_COPY_STRICT,fi+sv
data,is,A2,629,Handball,rokasbumba,Håndpall,FAMILY_COPY_STRICT,is+nb+nn
data,nb,A2,629,Handball,rokasbumba,Håndpall,FAMILY_COPY_STRICT,is+nb+nn
data,nn,A2,629,Handball,rokasbumba,Håndpall,FAMILY_COPY_STRICT,is+nb+nn
data,it,A2,629,Handball,rokasbumba,Rokasbumba,FAMILY_COPY_STRICT,it+lb+nl+pt
data,lb,A2,629,Handball,rokasbumba,Rokasbumba,FAMILY_COPY_STRICT,it+lb+nl+pt
data,nl,A2,629,Handball,rokasbumba,Rokasbumba,FAMILY_COPY_STRICT,it+lb+nl+pt
data,pt,A2,629,Handball,rokasbumba,Rokasbumba,FAMILY_COPY_STRICT,it+lb+nl+pt
data,pl,A2,629,Handball,rokasbumba,Gra w piłkę ręczną,FAMILY_COPY_STRICT,pl+sk
data,sk,A2,629,Handball,rokasbumba,Gra w piłkę ręczną,FAMILY_COPY_STRICT,pl+sk
data,sq,A2,629,Handball,rokasbumba,Hentbol,FAMILY_COPY_STRICT,sq+tr
data,tr,A2,629,Handball,rokasbumba,Hentbol,FAMILY_COPY_STRICT,sq+tr
data,hr,A2,630,Handgepäck,rokas bagāža,Ръчен багаж,SCRIPT_MISMATCH,
data,hr,A2,630,Handgepäck,rokas bagāža,Ръчен багаж,MARKER_LEAK,foreign_script
data,it,A2,630,Handgepäck,rokas bagāža,Rokas bagāža,SAME_AS_LV_CASEFOLD,casefold_only
data,it,A2,630,Handgepäck,rokas bagāža,Rokas bagāža,LV_DIACRITIC,
data,it,A2,630,Handgepäck,rokas bagāža,Rokas bagāža,MARKER_LEAK,lv_macron_consonant
data,lb,A2,630,Handgepäck,rokas bagāža,Rokas bagāža,SAME_AS_LV_CASEFOLD,casefold_only
data,lb,A2,630,Handgepäck,rokas bagāža,Rokas bagāža,LV_DIACRITIC,
data,lb,A2,630,Handgepäck,rokas bagāža,Rokas bagāža,MARKER_LEAK,lv_macron_consonant
data,nl,A2,630,Handgepäck,rokas bagāža,Rokas bagāža,SAME_AS_LV_CASEFOLD,casefold_only
data,nl,A2,630,Handgepäck,rokas bagāža,Rokas bagāža,LV_DIACRITIC,
data,nl,A2,630,Handgepäck,rokas bagāža,Rokas bagāža,MARKER_LEAK,lv_macron_consonant
data,pt,A2,630,Handgepäck,rokas bagāža,Rokas bagāža,SAME_AS_LV_CASEFOLD,casefold_only
data,pt,A2,630,Handgepäck,rokas bagāža,Rokas bagāža,LV_DIACRITIC,
data,pt,A2,630,Handgepäck,rokas bagāža,Rokas bagāža,MARKER_LEAK,lv_macron_consonant
data,sk,A2,630,Handgepäck,rokas bagāža,Bagaż podręczny,MARKER_LEAK,pl_l_s_z+pl_lt_nasal
data,sl,A2,630,Handgepäck,rokas bagāža,rokas bagāža,SAME_AS_LV_CASEFOLD,exact
data,sl,A2,630,Handgepäck,rokas bagāža,rokas bagāža,LV_DIACRITIC,
data,sl,A2,630,Handgepäck,rokas bagāža,rokas bagāža,MARKER_LEAK,lv_macron_consonant
data,bg,A2,630,Handgepäck,rokas bagāža,Ръчен багаж,FAMILY_COPY_STRICT,bg+hr+mk+sr
data,hr,A2,630,Handgepäck,rokas bagāža,Ръчен багаж,FAMILY_COPY_STRICT,bg+hr+mk+sr
data,mk,A2,630,Handgepäck,rokas bagāža,Ръчен багаж,FAMILY_COPY_STRICT,bg+hr+mk+sr
data,sr,A2,630,Handgepäck,rokas bagāža,Ръчен багаж,FAMILY_COPY_STRICT,bg+hr+mk+sr
data,fi,A2,630,Handgepäck,rokas bagāža,Käsipagas,FAMILY_COPY_STRICT,fi+is+nb+nn+sv
data,is,A2,630,Handgepäck,rokas bagāža,Käsipagas,FAMILY_COPY_STRICT,fi+is+nb+nn+sv
data,nb,A2,630,Handgepäck,rokas bagāža,Käsipagas,FAMILY_COPY_STRICT,fi+is+nb+nn+sv
data,nn,A2,630,Handgepäck,rokas bagāža,Käsipagas,FAMILY_COPY_STRICT,fi+is+nb+nn+sv
data,sv,A2,630,Handgepäck,rokas bagāža,Käsipagas,FAMILY_COPY_STRICT,fi+is+nb+nn+sv
data,it,A2,630,Handgepäck,rokas bagāža,Rokas bagāža,FAMILY_COPY_STRICT,it+lb+nl+pt
data,lb,A2,630,Handgepäck,rokas bagāža,Rokas bagāža,FAMILY_COPY_STRICT,it+lb+nl+pt
data,nl,A2,630,Handgepäck,rokas bagāža,Rokas bagāža,FAMILY_COPY_STRICT,it+lb+nl+pt
data,pt,A2,630,Handgepäck,rokas bagāža,Rokas bagāža,FAMILY_COPY_STRICT,it+lb+nl+pt
data,pl,A2,630,Handgepäck,rokas bagāža,Bagaż podręczny,FAMILY_COPY_STRICT,pl+sk
data,sk,A2,630,Handgepäck,rokas bagāža,Bagaż podręczny,FAMILY_COPY_STRICT,pl+sk
data,hr,A2,631,Händler,tirgotājs,Дилер,SCRIPT_MISMATCH,
data,hr,A2,631,Händler,tirgotājs,Дилер,MARKER_LEAK,foreign_script
data,lb,A2,631,Händler,tirgotājs,Tirgotājs,SAME_AS_LV_CASEFOLD,casefold_only
data,lb,A2,631,Händler,tirgotājs,Tirgotājs,LV_DIACRITIC,
data,lb,A2,631,Händler,tirgotājs,Tirgotājs,MARKER_LEAK,lv_macron_consonant
data,nl,A2,631,Händler,tirgotājs,Tirgotājs,SAME_AS_LV_CASEFOLD,casefold_only
data,nl,A2,631,Händler,tirgotājs,Tirgotājs,LV_DIACRITIC,
data,nl,A2,631,Händler,tirgotājs,Tirgotājs,MARKER_LEAK,lv_macron_consonant
data,sl,A2,631,Händler,tirgotājs,tirgotājs,SAME_AS_LV_CASEFOLD,exact
data,sl,A2,631,Händler,tirgotājs,tirgotājs,LV_DIACRITIC,
data,sl,A2,631,Händler,tirgotājs,tirgotājs,MARKER_LEAK,lv_macron_consonant
data,fi,A2,631,Händler,tirgotājs,Kaupmees,FAMILY_COPY_STRICT,fi+is+nb+nn+sv
data,is,A2,631,Händler,tirgotājs,Kaupmees,FAMILY_COPY_STRICT,fi+is+nb+nn+sv
data,nb,A2,631,Händler,tirgotājs,Kaupmees,FAMILY_COPY_STRICT,fi+is+nb+nn+sv
data,nn,A2,631,Händler,tirgotājs,Kaupmees,FAMILY_COPY_STRICT,fi+is+nb+nn+sv
data,sv,A2,631,Händler,tirgotājs,Kaupmees,FAMILY_COPY_STRICT,fi+is+nb+nn+sv
data,hr,A2,631,Händler,tirgotājs,Дилер,FAMILY_COPY_STRICT,hr+mk+sr
data,mk,A2,631,Händler,tirgotājs,Дилер,FAMILY_COPY_STRICT,hr+mk+sr
data,sr,A2,631,Händler,tirgotājs,Дилер,FAMILY_COPY_STRICT,hr+mk+sr
data,it,A2,631,Händler,tirgotājs,Tirgotajs,FAMILY_COPY_STRICT,it+pt
data,pt,A2,631,Händler,tirgotājs,Tirgotajs,FAMILY_COPY_STRICT,it+pt
data,lb,A2,631,Händler,tirgotājs,Tirgotājs,FAMILY_COPY_STRICT,lb+nl
data,nl,A2,631,Händler,tirgotājs,Tirgotājs,FAMILY_COPY_STRICT,lb+nl
data,pl,A2,631,Händler,tirgotājs,Kupiec,FAMILY_COPY_STRICT,pl+sk
data,sk,A2,631,Händler,tirgotājs,Kupiec,FAMILY_COPY_STRICT,pl+sk
data,sq,A2,631,Händler,tirgotājs,Tüccar,FAMILY_COPY_STRICT,sq+tr
data,tr,A2,631,Händler,tirgotājs,Tüccar,FAMILY_COPY_STRICT,sq+tr
data,hr,A2,632,hängen,karāties • kārt,Закачете • Поръчайте,SCRIPT_MISMATCH,
data,hr,A2,632,hängen,karāties • kārt,Закачете • Поръчайте,MARKER_LEAK,foreign_script
data,it,A2,632,hängen,karāties • kārt,Karāties • Kart,LV_DIACRITIC,
data,it,A2,632,hängen,karāties • kārt,Karāties • Kart,MARKER_LEAK,lv_macron_consonant
data,lb,A2,632,hängen,karāties • kārt,Karāties • Kārt,SAME_AS_LV_CASEFOLD,casefold_only
data,lb,A2,632,hängen,karāties • kārt,Karāties • Kārt,LV_DIACRITIC,
data,lb,A2,632,hängen,karāties • kārt,Karāties • Kārt,MARKER_LEAK,lv_macron_consonant
data,nl,A2,632,hängen,karāties • kārt,Karāties • Kārt,SAME_AS_LV_CASEFOLD,casefold_only
data,nl,A2,632,hängen,karāties • kārt,Karāties • Kārt,LV_DIACRITIC,
data,nl,A2,632,hängen,karāties • kārt,Karāties • Kārt,MARKER_LEAK,lv_macron_consonant
data,pt,A2,632,hängen,karāties • kārt,Karāties • Kart,LV_DIACRITIC,
data,pt,A2,632,hängen,karāties • kārt,Karāties • Kart,MARKER_LEAK,lv_macron_consonant
data,sk,A2,632,hängen,karāties • kārt,Powiesić • Porządek,MARKER_LEAK,pl_lt_nasal
data,sl,A2,632,hängen,karāties • kārt,karāties • kārt,SAME_AS_LV_CASEFOLD,exact
data,sl,A2,632,hängen,karāties • kārt,karāties • kārt,LV_DIACRITIC,
data,sl,A2,632,hängen,karāties • kārt,karāties • kārt,MARKER_LEAK,lv_macron_consonant
data,sq,A2,632,hängen,karāties • kārt,Asın • Sipariş,MARKER_LEAK,tr_soft
data,bg,A2,632,hängen,karāties • kārt,Закачете • Поръчайте,FAMILY_COPY_STRICT,bg+hr+mk+sr
data,hr,A2,632,hängen,karāties • kārt,Закачете • Поръчайте,FAMILY_COPY_STRICT,bg+hr+mk+sr
data,mk,A2,632,hängen,karāties • kārt,Закачете • Поръчайте,FAMILY_COPY_STRICT,bg+hr+mk+sr
data,sr,A2,632,hängen,karāties • kārt,Закачете • Поръчайте,FAMILY_COPY_STRICT,bg+hr+mk+sr
data,fi,A2,632,hängen,karāties • kārt,Rippuma • Riputama,FAMILY_COPY_STRICT,fi+is+nb+nn+sv
data,is,A2,632,hängen,karāties • kārt,Rippuma • Riputama,FAMILY_COPY_STRICT,fi+is+nb+nn+sv
data,nb,A2,632,hängen,karāties • kārt,Rippuma • Riputama,FAMILY_COPY_STRICT,fi+is+nb+nn+sv
data,nn,A2,632,hängen,karāties • kārt,Rippuma • Riputama,FAMILY_COPY_STRICT,fi+is+nb+nn+sv
data,sv,A2,632,hängen,karāties • kārt,Rippuma • Riputama,FAMILY_COPY_STRICT,fi+is+nb+nn+sv
data,it,A2,632,hängen,karāties • kārt,Karāties • Kart,FAMILY_COPY_STRICT,it+pt
data,pt,A2,632,hängen,karāties • kārt,Karāties • Kart,FAMILY_COPY_STRICT,it+pt
data,lb,A2,632,hängen,karāties • kārt,Karāties • Kārt,FAMILY_COPY_STRICT,lb+nl
data,nl,A2,632,hängen,karāties • kārt,Karāties • Kārt,FAMILY_COPY_STRICT,lb+nl
data,pl,A2,632,hängen,karāties • kārt,Powiesić • Porządek,FAMILY_COPY_STRICT,pl+sk
data,sk,A2,632,hängen,karāties • kārt,Powiesić • Porządek,FAMILY_COPY_STRICT,pl+sk
data,sq,A2,632,hängen,karāties • kārt,Asın • Sipariş,FAMILY_COPY_STRICT,sq+tr
data,tr,A2,632,hängen,karāties • kārt,Asın • Sipariş,FAMILY_COPY_STRICT,sq+tr
data,hr,A2,633,Hantel,hantele,Гира,SCRIPT_MISMATCH,
data,hr,A2,633,Hantel,hantele,Гира,MARKER_LEAK,foreign_script
data,it,A2,633,Hantel,hantele,Hantele,SAME_AS_LV_CASEFOLD,casefold_only
data,lb,A2,633,Hantel,hantele,Hantele,SAME_AS_LV_CASEFOLD,casefold_only
data,nl,A2,633,Hantel,hantele,Hantele,SAME_AS_LV_CASEFOLD,casefold_only
data,sl,A2,633,Hantel,hantele,hantele,SAME_AS_LV_CASEFOLD,exact
data,sq,A2,633,Hantel,hantele,Dambıllar,MARKER_LEAK,tr_soft
data,hr,A2,633,Hantel,hantele,Гира,FAMILY_COPY_STRICT,hr+mk+sr
data,mk,A2,633,Hantel,hantele,Гира,FAMILY_COPY_STRICT,hr+mk+sr
data,sr,A2,633,Hantel,hantele,Гира,FAMILY_COPY_STRICT,hr+mk+sr
data,it,A2,633,Hantel,hantele,Hantele,FAMILY_COPY_STRICT,it+lb+nl
data,lb,A2,633,Hantel,hantele,Hantele,FAMILY_COPY_STRICT,it+lb+nl
data,nl,A2,633,Hantel,hantele,Hantele,FAMILY_COPY_STRICT,it+lb+nl
data,pl,A2,633,Hantel,hantele,Hantle,FAMILY_COPY_STRICT,pl+sk
data,sk,A2,633,Hantel,hantele,Hantle,FAMILY_COPY_STRICT,pl+sk
data,sq,A2,633,Hantel,hantele,Dambıllar,FAMILY_COPY_STRICT,sq+tr
data,tr,A2,633,Hantel,hantele,Dambıllar,FAMILY_COPY_STRICT,sq+tr
data,fi,A2,634,hart,ciets • grūts,Kõva • Raske,MARKER_LEAK,et_otilde
data,hr,A2,634,hart,ciets • grūts,Трудно • Трудно,SCRIPT_MISMATCH,
data,hr,A2,634,hart,ciets • grūts,Трудно • Трудно,MARKER_LEAK,foreign_script
data,is,A2,634,hart,ciets • grūts,Kõva • Rask,MARKER_LEAK,et_otilde
data,lb,A2,634,hart,ciets • grūts,Ciets • Grūts,SAME_AS_LV_CASEFOLD,casefold_only
data,lb,A2,634,hart,ciets • grūts,Ciets • Grūts,LV_DIACRITIC,
data,lb,A2,634,hart,ciets • grūts,Ciets • Grūts,MARKER_LEAK,lv_u_macron
data,nb,A2,634,hart,ciets • grūts,Kõva • Rask,MARKER_LEAK,et_otilde
data,nl,A2,634,hart,ciets • grūts,Ciets • Grūts,SAME_AS_LV_CASEFOLD,casefold_only
data,nl,A2,634,hart,ciets • grūts,Ciets • Grūts,LV_DIACRITIC,
data,nl,A2,634,hart,ciets • grūts,Ciets • Grūts,MARKER_LEAK,lv_u_macron
data,nn,A2,634,hart,ciets • grūts,Kõva • Rask,MARKER_LEAK,et_otilde
data,sl,A2,634,hart,ciets • grūts,ciets • grūts,SAME_AS_LV_CASEFOLD,exact
data,sl,A2,634,hart,ciets • grūts,ciets • grūts,LV_DIACRITIC,
data,sl,A2,634,hart,ciets • grūts,ciets • grūts,MARKER_LEAK,lv_u_macron
data,sv,A2,634,hart,ciets • grūts,Kõva • Raske,MARKER_LEAK,et_otilde
data,bg,A2,634,hart,ciets • grūts,Трудно • Трудно,FAMILY_COPY_STRICT,bg+hr+mk+sr
data,hr,A2,634,hart,ciets • grūts,Трудно • Трудно,FAMILY_COPY_STRICT,bg+hr+mk+sr
data,mk,A2,634,hart,ciets • grūts,Трудно • Трудно,FAMILY_COPY_STRICT,bg+hr+mk+sr
data,sr,A2,634,hart,ciets • grūts,Трудно • Трудно,FAMILY_COPY_STRICT,bg+hr+mk+sr
data,fi,A2,634,hart,ciets • grūts,Kõva • Raske,FAMILY_COPY_STRICT,fi+sv
data,sv,A2,634,hart,ciets • grūts,Kõva • Raske,FAMILY_COPY_STRICT,fi+sv
data,is,A2,634,hart,ciets • grūts,Kõva • Rask,FAMILY_COPY_STRICT,is+nb+nn
data,nb,A2,634,hart,ciets • grūts,Kõva • Rask,FAMILY_COPY_STRICT,is+nb+nn
data,nn,A2,634,hart,ciets • grūts,Kõva • Rask,FAMILY_COPY_STRICT,is+nb+nn
data,it,A2,634,hart,ciets • grūts,Ciets • Grûts,FAMILY_COPY_STRICT,it+pt
data,pt,A2,634,hart,ciets • grūts,Ciets • Grûts,FAMILY_COPY_STRICT,it+pt
data,lb,A2,634,hart,ciets • grūts,Ciets • Grūts,FAMILY_COPY_STRICT,lb+nl
data,nl,A2,634,hart,ciets • grūts,Ciets • Grūts,FAMILY_COPY_STRICT,lb+nl
data,pl,A2,634,hart,ciets • grūts,Trudne • Trudne,FAMILY_COPY_STRICT,pl+sq+tr
data,sq,A2,634,hart,ciets • grūts,Trudne • Trudne,FAMILY_COPY_STRICT,pl+sq+tr
data,tr,A2,634,hart,ciets • grūts,Trudne • Trudne,FAMILY_COPY_STRICT,pl+sq+tr
data,hr,A2,635,Hase,zaķis,Заек,SCRIPT_MISMATCH,
data,hr,A2,635,Hase,zaķis,Заек,MARKER_LEAK,foreign_script
data,lb,A2,635,Hase,zaķis,Zaķis,SAME_AS_LV_CASEFOLD,casefold_only
data,lb,A2,635,Hase,zaķis,Zaķis,LV_DIACRITIC,
data,lb,A2,635,Hase,zaķis,Zaķis,MARKER_LEAK,lv_macron_consonant
data,nl,A2,635,Hase,zaķis,Zaķis,SAME_AS_LV_CASEFOLD,casefold_only
data,nl,A2,635,Hase,zaķis,Zaķis,LV_DIACRITIC,
data,nl,A2,635,Hase,zaķis,Zaķis,MARKER_LEAK,lv_macron_consonant
data,sl,A2,635,Hase,zaķis,zaķis,SAME_AS_LV_CASEFOLD,exact
data,sl,A2,635,Hase,zaķis,zaķis,LV_DIACRITIC,
data,sl,A2,635,Hase,zaķis,zaķis,MARKER_LEAK,lv_macron_consonant
data,bg,A2,635,Hase,zaķis,Заек,FAMILY_COPY_STRICT,bg+hr+mk+sr
data,hr,A2,635,Hase,zaķis,Заек,FAMILY_COPY_STRICT,bg+hr+mk+sr
data,mk,A2,635,Hase,zaķis,Заек,FAMILY_COPY_STRICT,bg+hr+mk+sr
data,sr,A2,635,Hase,zaķis,Заек,FAMILY_COPY_STRICT,bg+hr+mk+sr
data,fi,A2,635,Hase,zaķis,Jänes,FAMILY_COPY_STRICT,fi+is+nb+nn+sv
data,is,A2,635,Hase,zaķis,Jänes,FAMILY_COPY_STRICT,fi+is+nb+nn+sv
data,nb,A2,635,Hase,zaķis,Jänes,FAMILY_COPY_STRICT,fi+is+nb+nn+sv
data,nn,A2,635,Hase,zaķis,Jänes,FAMILY_COPY_STRICT,fi+is+nb+nn+sv
data,sv,A2,635,Hase,zaķis,Jänes,FAMILY_COPY_STRICT,fi+is+nb+nn+sv
data,it,A2,635,Hase,zaķis,Zaųis,FAMILY_COPY_STRICT,it+pt
data,pt,A2,635,Hase,zaķis,Zaųis,FAMILY_COPY_STRICT,it+pt
data,lb,A2,635,Hase,zaķis,Zaķis,FAMILY_COPY_STRICT,lb+nl
data,nl,A2,635,Hase,zaķis,Zaķis,FAMILY_COPY_STRICT,lb+nl
data,pl,A2,635,Hase,zaķis,Królik,FAMILY_COPY_STRICT,pl+sk
data,sk,A2,635,Hase,zaķis,Królik,FAMILY_COPY_STRICT,pl+sk
data,sq,A2,635,Hase,zaķis,Tavşan,FAMILY_COPY_STRICT,sq+tr
data,tr,A2,635,Hase,zaķis,Tavşan,FAMILY_COPY_STRICT,sq+tr
data,hr,A2,636,hässlich,neglīts,Грдо,SCRIPT_MISMATCH,
data,hr,A2,636,hässlich,neglīts,Грдо,MARKER_LEAK,foreign_script
data,lb,A2,636,hässlich,neglīts,Neglīts,SAME_AS_LV_CASEFOLD,casefold_only
data,lb,A2,636,hässlich,neglīts,Neglīts,LV_DIACRITIC,
data,lb,A2,636,hässlich,neglīts,Neglīts,MARKER_LEAK,lv_macron_consonant
data,nl,A2,636,hässlich,neglīts,Neglīts,SAME_AS_LV_CASEFOLD,casefold_only
data,nl,A2,636,hässlich,neglīts,Neglīts,LV_DIACRITIC,
data,nl,A2,636,hässlich,neglīts,Neglīts,MARKER_LEAK,lv_macron_consonant
data,sl,A2,636,hässlich,neglīts,neglīts,SAME_AS_LV_CASEFOLD,exact
data,sl,A2,636,hässlich,neglīts,neglīts,LV_DIACRITIC,
data,sl,A2,636,hässlich,neglīts,neglīts,MARKER_LEAK,lv_macron_consonant
data,fi,A2,636,hässlich,neglīts,Kole,FAMILY_COPY_STRICT,fi+sv
data,sv,A2,636,hässlich,neglīts,Kole,FAMILY_COPY_STRICT,fi+sv
data,hr,A2,636,hässlich,neglīts,Грдо,FAMILY_COPY_STRICT,hr+mk+sr
data,mk,A2,636,hässlich,neglīts,Грдо,FAMILY_COPY_STRICT,hr+mk+sr
data,sr,A2,636,hässlich,neglīts,Грдо,FAMILY_COPY_STRICT,hr+mk+sr
data,is,A2,636,hässlich,neglīts,Kull,FAMILY_COPY_STRICT,is+nb+nn
data,nb,A2,636,hässlich,neglīts,Kull,FAMILY_COPY_STRICT,is+nb+nn
data,nn,A2,636,hässlich,neglīts,Kull,FAMILY_COPY_STRICT,is+nb+nn
data,lb,A2,636,hässlich,neglīts,Neglīts,FAMILY_COPY_STRICT,lb+nl
data,nl,A2,636,hässlich,neglīts,Neglīts,FAMILY_COPY_STRICT,lb+nl
data,pl,A2,636,hässlich,neglīts,Brzydki,FAMILY_COPY_STRICT,pl+sk+sq+tr
data,sk,A2,636,hässlich,neglīts,Brzydki,FAMILY_COPY_STRICT,pl+sk+sq+tr
data,sq,A2,636,hässlich,neglīts,Brzydki,FAMILY_COPY_STRICT,pl+sk+sq+tr
data,tr,A2,636,hässlich,neglīts,Brzydki,FAMILY_COPY_STRICT,pl+sk+sq+tr
data,hr,A2,637,häufig,bieži,Често,SCRIPT_MISMATCH,
data,hr,A2,637,häufig,bieži,Често,MARKER_LEAK,foreign_script
data,nl,A2,637,häufig,bieži,Bieži,SAME_AS_LV_CASEFOLD,casefold_only
data,nl,A2,637,häufig,bieži,Bieži,LV_DIACRITIC,
data,sl,A2,637,häufig,bieži,bieži,SAME_AS_LV_CASEFOLD,exact
data,bg,A2,637,häufig,bieži,Често,FAMILY_COPY_STRICT,bg+hr+mk+sr
data,hr,A2,637,häufig,bieži,Често,FAMILY_COPY_STRICT,bg+hr+mk+sr
data,mk,A2,637,häufig,bieži,Често,FAMILY_COPY_STRICT,bg+hr+mk+sr
data,sr,A2,637,häufig,bieži,Често,FAMILY_COPY_STRICT,bg+hr+mk+sr
data,cs,A2,637,häufig,bieži,Často,FAMILY_COPY_STRICT,cs+sk
data,sk,A2,637,häufig,bieži,Často,FAMILY_COPY_STRICT,cs+sk
data,da,A2,637,häufig,bieži,Ofte,FAMILY_COPY_STRICT,da+is+nb+nn
data,is,A2,637,häufig,bieži,Ofte,FAMILY_COPY_STRICT,da+is+nb+nn
data,nb,A2,637,häufig,bieži,Ofte,FAMILY_COPY_STRICT,da+is+nb+nn
data,nn,A2,637,häufig,bieži,Ofte,FAMILY_COPY_STRICT,da+is+nb+nn
data,fi,A2,637,häufig,bieži,Sageli,FAMILY_COPY_STRICT,fi+sv
data,sv,A2,637,häufig,bieži,Sageli,FAMILY_COPY_STRICT,fi+sv
data,it,A2,637,häufig,bieži,Biezi,FAMILY_COPY_STRICT,it+pt
data,pt,A2,637,häufig,bieži,Biezi,FAMILY_COPY_STRICT,it+pt
data,hr,A2,638,Hauptbahnhof,galvenā stacija,Главна гара,SCRIPT_MISMATCH,
data,hr,A2,638,Hauptbahnhof,galvenā stacija,Главна гара,MARKER_LEAK,foreign_script
data,it,A2,638,Hauptbahnhof,galvenā stacija,Galvenā stacija,SAME_AS_LV_CASEFOLD,casefold_only
data,it,A2,638,Hauptbahnhof,galvenā stacija,Galvenā stacija,LV_DIACRITIC,
data,it,A2,638,Hauptbahnhof,galvenā stacija,Galvenā stacija,MARKER_LEAK,lv_macron_consonant
data,lb,A2,638,Hauptbahnhof,galvenā stacija,Galvenā stacija,SAME_AS_LV_CASEFOLD,casefold_only
data,lb,A2,638,Hauptbahnhof,galvenā stacija,Galvenā stacija,LV_DIACRITIC,
data,lb,A2,638,Hauptbahnhof,galvenā stacija,Galvenā stacija,MARKER_LEAK,lv_macron_consonant
data,nl,A2,638,Hauptbahnhof,galvenā stacija,Galvenā stacija,SAME_AS_LV_CASEFOLD,casefold_only
data,nl,A2,638,Hauptbahnhof,galvenā stacija,Galvenā stacija,LV_DIACRITIC,
data,nl,A2,638,Hauptbahnhof,galvenā stacija,Galvenā stacija,MARKER_LEAK,lv_macron_consonant
data,sk,A2,638,Hauptbahnhof,galvenā stacija,Stacja główna,MARKER_LEAK,pl_l_s_z
data,sl,A2,638,Hauptbahnhof,galvenā stacija,galvenā stacija,SAME_AS_LV_CASEFOLD,exact
data,sl,A2,638,Hauptbahnhof,galvenā stacija,galvenā stacija,LV_DIACRITIC,
data,sl,A2,638,Hauptbahnhof,galvenā stacija,galvenā stacija,MARKER_LEAK,lv_macron_consonant
data,sq,A2,638,Hauptbahnhof,galvenā stacija,Stacja główna,MARKER_LEAK,pl_l_s_z
data,tr,A2,638,Hauptbahnhof,galvenā stacija,Stacja główna,MARKER_LEAK,pl_l_s_z
data,bg,A2,638,Hauptbahnhof,galvenā stacija,Главна гара,FAMILY_COPY_STRICT,bg+hr+mk+sr
data,hr,A2,638,Hauptbahnhof,galvenā stacija,Главна гара,FAMILY_COPY_STRICT,bg+hr+mk+sr
data,mk,A2,638,Hauptbahnhof,galvenā stacija,Главна гара,FAMILY_COPY_STRICT,bg+hr+mk+sr
data,sr,A2,638,Hauptbahnhof,galvenā stacija,Главна гара,FAMILY_COPY_STRICT,bg+hr+mk+sr
data,fi,A2,638,Hauptbahnhof,galvenā stacija,Peajaam,FAMILY_COPY_STRICT,fi+sv
data,sv,A2,638,Hauptbahnhof,galvenā stacija,Peajaam,FAMILY_COPY_STRICT,fi+sv
data,is,A2,638,Hauptbahnhof,galvenā stacija,Peayam,FAMILY_COPY_STRICT,is+nb+nn
data,nb,A2,638,Hauptbahnhof,galvenā stacija,Peayam,FAMILY_COPY_STRICT,is+nb+nn
data,nn,A2,638,Hauptbahnhof,galvenā stacija,Peayam,FAMILY_COPY_STRICT,is+nb+nn
data,it,A2,638,Hauptbahnhof,galvenā stacija,Galvenā stacija,FAMILY_COPY_STRICT,it+lb+nl
data,lb,A2,638,Hauptbahnhof,galvenā stacija,Galvenā stacija,FAMILY_COPY_STRICT,it+lb+nl
data,nl,A2,638,Hauptbahnhof,galvenā stacija,Galvenā stacija,FAMILY_COPY_STRICT,it+lb+nl
data,pl,A2,638,Hauptbahnhof,galvenā stacija,Stacja główna,FAMILY_COPY_STRICT,pl+sk+sq+tr
data,sk,A2,638,Hauptbahnhof,galvenā stacija,Stacja główna,FAMILY_COPY_STRICT,pl+sk+sq+tr
data,sq,A2,638,Hauptbahnhof,galvenā stacija,Stacja główna,FAMILY_COPY_STRICT,pl+sk+sq+tr
data,tr,A2,638,Hauptbahnhof,galvenā stacija,Stacja główna,FAMILY_COPY_STRICT,pl+sk+sq+tr
data,hr,A2,639,Hauptsache,galvenais,Основен,SCRIPT_MISMATCH,
data,hr,A2,639,Hauptsache,galvenais,Основен,MARKER_LEAK,foreign_script
data,it,A2,639,Hauptsache,galvenais,Galvenais,SAME_AS_LV_CASEFOLD,casefold_only
data,lb,A2,639,Hauptsache,galvenais,Galvenais,SAME_AS_LV_CASEFOLD,casefold_only
data,nl,A2,639,Hauptsache,galvenais,Galvenais,SAME_AS_LV_CASEFOLD,casefold_only
data,pt,A2,639,Hauptsache,galvenais,Galvenais,SAME_AS_LV_CASEFOLD,casefold_only
data,sk,A2,639,Hauptsache,galvenais,Najważniejsze,MARKER_LEAK,pl_l_s_z
data,sl,A2,639,Hauptsache,galvenais,galvenais,SAME_AS_LV_CASEFOLD,exact
data,bg,A2,639,Hauptsache,galvenais,Основен,FAMILY_COPY_STRICT,bg+hr+mk+sr
data,hr,A2,639,Hauptsache,galvenais,Основен,FAMILY_COPY_STRICT,bg+hr+mk+sr
data,mk,A2,639,Hauptsache,galvenais,Основен,FAMILY_COPY_STRICT,bg+hr+mk+sr
data,sr,A2,639,Hauptsache,galvenais,Основен,FAMILY_COPY_STRICT,bg+hr+mk+sr
data,fi,A2,639,Hauptsache,galvenais,Peaasi,FAMILY_COPY_STRICT,fi+sv
data,sv,A2,639,Hauptsache,galvenais,Peaasi,FAMILY_COPY_STRICT,fi+sv
data,is,A2,639,Hauptsache,galvenais,Peasie,FAMILY_COPY_STRICT,is+nb+nn
data,nb,A2,639,Hauptsache,galvenais,Peasie,FAMILY_COPY_STRICT,is+nb+nn
data,nn,A2,639,Hauptsache,galvenais,Peasie,FAMILY_COPY_STRICT,is+nb+nn
data,it,A2,639,Hauptsache,galvenais,Galvenais,FAMILY_COPY_STRICT,it+lb+nl+pt
data,lb,A2,639,Hauptsache,galvenais,Galvenais,FAMILY_COPY_STRICT,it+lb+nl+pt
data,nl,A2,639,Hauptsache,galvenais,Galvenais,FAMILY_COPY_STRICT,it+lb+nl+pt
data,pt,A2,639,Hauptsache,galvenais,Galvenais,FAMILY_COPY_STRICT,it+lb+nl+pt
data,pl,A2,639,Hauptsache,galvenais,Najważniejsze,FAMILY_COPY_STRICT,pl+sk
data,sk,A2,639,Hauptsache,galvenais,Najważniejsze,FAMILY_COPY_STRICT,pl+sk
data,sq,A2,639,Hauptsache,galvenais,En önemli şey,FAMILY_COPY_STRICT,sq+tr
data,tr,A2,639,Hauptsache,galvenais,En önemli şey,FAMILY_COPY_STRICT,sq+tr
data,hr,A2,640,hauptsächlich,galvenokārt,Главно,SCRIPT_MISMATCH,
data,hr,A2,640,hauptsächlich,galvenokārt,Главно,MARKER_LEAK,foreign_script
data,lb,A2,640,hauptsächlich,galvenokārt,Galvenokārt,SAME_AS_LV_CASEFOLD,casefold_only
data,lb,A2,640,hauptsächlich,galvenokārt,Galvenokārt,LV_DIACRITIC,
data,lb,A2,640,hauptsächlich,galvenokārt,Galvenokārt,MARKER_LEAK,lv_macron_consonant
data,nl,A2,640,hauptsächlich,galvenokārt,Galvenokārt,SAME_AS_LV_CASEFOLD,casefold_only
data,nl,A2,640,hauptsächlich,galvenokārt,Galvenokārt,LV_DIACRITIC,
data,nl,A2,640,hauptsächlich,galvenokārt,Galvenokārt,MARKER_LEAK,lv_macron_consonant
data,sk,A2,640,hauptsächlich,galvenokārt,Głównie,MARKER_LEAK,pl_l_s_z
data,sl,A2,640,hauptsächlich,galvenokārt,galvenokārt,SAME_AS_LV_CASEFOLD,exact
data,sl,A2,640,hauptsächlich,galvenokārt,galvenokārt,LV_DIACRITIC,
data,sl,A2,640,hauptsächlich,galvenokārt,galvenokārt,MARKER_LEAK,lv_macron_consonant
data,sq,A2,640,hauptsächlich,galvenokārt,Ağırlıklı olarak,MARKER_LEAK,tr_soft
data,bg,A2,640,hauptsächlich,galvenokārt,Главно,FAMILY_COPY_STRICT,bg+hr+mk+sr
data,hr,A2,640,hauptsächlich,galvenokārt,Главно,FAMILY_COPY_STRICT,bg+hr+mk+sr
data,mk,A2,640,hauptsächlich,galvenokārt,Главно,FAMILY_COPY_STRICT,bg+hr+mk+sr
data,sr,A2,640,hauptsächlich,galvenokārt,Главно,FAMILY_COPY_STRICT,bg+hr+mk+sr
data,fi,A2,640,hauptsächlich,galvenokārt,Peamiselt,FAMILY_COPY_STRICT,fi+sv
data,sv,A2,640,hauptsächlich,galvenokārt,Peamiselt,FAMILY_COPY_STRICT,fi+sv
data,is,A2,640,hauptsächlich,galvenokārt,Peamisk,FAMILY_COPY_STRICT,is+nb+nn
data,nb,A2,640,hauptsächlich,galvenokārt,Peamisk,FAMILY_COPY_STRICT,is+nb+nn
data,nn,A2,640,hauptsächlich,galvenokārt,Peamisk,FAMILY_COPY_STRICT,is+nb+nn
data,lb,A2,640,hauptsächlich,galvenokārt,Galvenokārt,FAMILY_COPY_STRICT,lb+nl
data,nl,A2,640,hauptsächlich,galvenokārt,Galvenokārt,FAMILY_COPY_STRICT,lb+nl
data,pl,A2,640,hauptsächlich,galvenokārt,Głównie,FAMILY_COPY_STRICT,pl+sk
data,sk,A2,640,hauptsächlich,galvenokārt,Głównie,FAMILY_COPY_STRICT,pl+sk
data,sq,A2,640,hauptsächlich,galvenokārt,Ağırlıklı olarak,FAMILY_COPY_STRICT,sq+tr
data,tr,A2,640,hauptsächlich,galvenokārt,Ağırlıklı olarak,FAMILY_COPY_STRICT,sq+tr
data,hr,A2,641,Hausarzt,ģimenes ārsts,Семеен лекар,SCRIPT_MISMATCH,
data,hr,A2,641,Hausarzt,ģimenes ārsts,Семеен лекар,MARKER_LEAK,foreign_script
data,it,A2,641,Hausarzt,ģimenes ārsts,Imenimenes ārsts,LV_DIACRITIC,
data,it,A2,641,Hausarzt,ģimenes ārsts,Imenimenes ārsts,MARKER_LEAK,lv_macron_consonant
data,lb,A2,641,Hausarzt,ģimenes ārsts,Ģimenes ārsts,SAME_AS_LV_CASEFOLD,casefold_only
data,lb,A2,641,Hausarzt,ģimenes ārsts,Ģimenes ārsts,LV_DIACRITIC,
data,lb,A2,641,Hausarzt,ģimenes ārsts,Ģimenes ārsts,MARKER_LEAK,lv_macron_consonant
data,nl,A2,641,Hausarzt,ģimenes ārsts,Ģimenes ārsts,SAME_AS_LV_CASEFOLD,casefold_only
data,nl,A2,641,Hausarzt,ģimenes ārsts,Ģimenes ārsts,LV_DIACRITIC,
data,nl,A2,641,Hausarzt,ģimenes ārsts,Ģimenes ārsts,MARKER_LEAK,lv_macron_consonant
data,sl,A2,641,Hausarzt,ģimenes ārsts,ģimenes ārsts,SAME_AS_LV_CASEFOLD,exact
data,sl,A2,641,Hausarzt,ģimenes ārsts,ģimenes ārsts,LV_DIACRITIC,
data,sl,A2,641,Hausarzt,ģimenes ārsts,ģimenes ārsts,MARKER_LEAK,lv_macron_consonant
data,bg,A2,641,Hausarzt,ģimenes ārsts,Семеен лекар,FAMILY_COPY_STRICT,bg+hr+mk+sr
data,hr,A2,641,Hausarzt,ģimenes ārsts,Семеен лекар,FAMILY_COPY_STRICT,bg+hr+mk+sr
data,mk,A2,641,Hausarzt,ģimenes ārsts,Семеен лекар,FAMILY_COPY_STRICT,bg+hr+mk+sr
data,sr,A2,641,Hausarzt,ģimenes ārsts,Семеен лекар,FAMILY_COPY_STRICT,bg+hr+mk+sr
data,fi,A2,641,Hausarzt,ģimenes ārsts,Perearst,FAMILY_COPY_STRICT,fi+is+nb+nn+sv
data,is,A2,641,Hausarzt,ģimenes ārsts,Perearst,FAMILY_COPY_STRICT,fi+is+nb+nn+sv
data,nb,A2,641,Hausarzt,ģimenes ārsts,Perearst,FAMILY_COPY_STRICT,fi+is+nb+nn+sv
data,nn,A2,641,Hausarzt,ģimenes ārsts,Perearst,FAMILY_COPY_STRICT,fi+is+nb+nn+sv
data,sv,A2,641,Hausarzt,ģimenes ārsts,Perearst,FAMILY_COPY_STRICT,fi+is+nb+nn+sv
data,lb,A2,641,Hausarzt,ģimenes ārsts,Ģimenes ārsts,FAMILY_COPY_STRICT,lb+nl
data,nl,A2,641,Hausarzt,ģimenes ārsts,Ģimenes ārsts,FAMILY_COPY_STRICT,lb+nl
data,pl,A2,641,Hausarzt,ģimenes ārsts,Lekarz rodzinny,FAMILY_COPY_STRICT,pl+sk
data,sk,A2,641,Hausarzt,ģimenes ārsts,Lekarz rodzinny,FAMILY_COPY_STRICT,pl+sk
data,sq,A2,641,Hausarzt,ģimenes ārsts,Aile doktoru,FAMILY_COPY_STRICT,sq+tr
data,tr,A2,641,Hausarzt,ģimenes ārsts,Aile doktoru,FAMILY_COPY_STRICT,sq+tr
data,hr,A2,642,Hausfrau,mājsaimniece,Домаќинка,SCRIPT_MISMATCH,
data,hr,A2,642,Hausfrau,mājsaimniece,Домаќинка,MARKER_LEAK,foreign_script
data,it,A2,642,Hausfrau,mājsaimniece,Mājsaimniece,SAME_AS_LV_CASEFOLD,casefold_only
data,it,A2,642,Hausfrau,mājsaimniece,Mājsaimniece,LV_DIACRITIC,
data,it,A2,642,Hausfrau,mājsaimniece,Mājsaimniece,MARKER_LEAK,lv_macron_consonant
data,lb,A2,642,Hausfrau,mājsaimniece,Mājsaimniece,SAME_AS_LV_CASEFOLD,casefold_only
data,lb,A2,642,Hausfrau,mājsaimniece,Mājsaimniece,LV_DIACRITIC,
data,lb,A2,642,Hausfrau,mājsaimniece,Mājsaimniece,MARKER_LEAK,lv_macron_consonant
data,nl,A2,642,Hausfrau,mājsaimniece,Mājsaimniece,SAME_AS_LV_CASEFOLD,casefold_only
data,nl,A2,642,Hausfrau,mājsaimniece,Mājsaimniece,LV_DIACRITIC,
data,nl,A2,642,Hausfrau,mājsaimniece,Mājsaimniece,MARKER_LEAK,lv_macron_consonant
data,sl,A2,642,Hausfrau,mājsaimniece,mājsaimniece,SAME_AS_LV_CASEFOLD,exact
data,sl,A2,642,Hausfrau,mājsaimniece,mājsaimniece,LV_DIACRITIC,
data,sl,A2,642,Hausfrau,mājsaimniece,mājsaimniece,MARKER_LEAK,lv_macron_consonant
data,cs,A2,642,Hausfrau,mājsaimniece,Žena v domácnosti,FAMILY_COPY_STRICT,cs+sk
data,sk,A2,642,Hausfrau,mājsaimniece,Žena v domácnosti,FAMILY_COPY_STRICT,cs+sk
data,fi,A2,642,Hausfrau,mājsaimniece,Koduperenaine,FAMILY_COPY_STRICT,fi+is+nb+nn+sv
data,is,A2,642,Hausfrau,mājsaimniece,Koduperenaine,FAMILY_COPY_STRICT,fi+is+nb+nn+sv
data,nb,A2,642,Hausfrau,mājsaimniece,Koduperenaine,FAMILY_COPY_STRICT,fi+is+nb+nn+sv
data,nn,A2,642,Hausfrau,mājsaimniece,Koduperenaine,FAMILY_COPY_STRICT,fi+is+nb+nn+sv
data,sv,A2,642,Hausfrau,mājsaimniece,Koduperenaine,FAMILY_COPY_STRICT,fi+is+nb+nn+sv
data,hr,A2,642,Hausfrau,mājsaimniece,Домаќинка,FAMILY_COPY_STRICT,hr+mk+sr
data,mk,A2,642,Hausfrau,mājsaimniece,Домаќинка,FAMILY_COPY_STRICT,hr+mk+sr
data,sr,A2,642,Hausfrau,mājsaimniece,Домаќинка,FAMILY_COPY_STRICT,hr+mk+sr
data,it,A2,642,Hausfrau,mājsaimniece,Mājsaimniece,FAMILY_COPY_STRICT,it+lb+nl
data,lb,A2,642,Hausfrau,mājsaimniece,Mājsaimniece,FAMILY_COPY_STRICT,it+lb+nl
data,nl,A2,642,Hausfrau,mājsaimniece,Mājsaimniece,FAMILY_COPY_STRICT,it+lb+nl
data,pl,A2,642,Hausfrau,mājsaimniece,Gospodyni domowa,FAMILY_COPY_STRICT,pl+sq+tr
data,sq,A2,642,Hausfrau,mājsaimniece,Gospodyni domowa,FAMILY_COPY_STRICT,pl+sq+tr
data,tr,A2,642,Hausfrau,mājsaimniece,Gospodyni domowa,FAMILY_COPY_STRICT,pl+sq+tr
data,hr,A2,643,Haut,āda,Кожа,SCRIPT_MISMATCH,
data,hr,A2,643,Haut,āda,Кожа,MARKER_LEAK,foreign_script
data,it,A2,643,Haut,āda,Āda,SAME_AS_LV_CASEFOLD,casefold_only
data,it,A2,643,Haut,āda,Āda,LV_DIACRITIC,
data,it,A2,643,Haut,āda,Āda,MARKER_LEAK,lv_macron_consonant
data,lb,A2,643,Haut,āda,Āda,SAME_AS_LV_CASEFOLD,casefold_only
data,lb,A2,643,Haut,āda,Āda,LV_DIACRITIC,
data,lb,A2,643,Haut,āda,Āda,MARKER_LEAK,lv_macron_consonant
data,nl,A2,643,Haut,āda,Āda,SAME_AS_LV_CASEFOLD,casefold_only
data,nl,A2,643,Haut,āda,Āda,LV_DIACRITIC,
data,nl,A2,643,Haut,āda,Āda,MARKER_LEAK,lv_macron_consonant
data,sl,A2,643,Haut,āda,āda,SAME_AS_LV_CASEFOLD,exact
data,sl,A2,643,Haut,āda,āda,LV_DIACRITIC,
data,sl,A2,643,Haut,āda,āda,MARKER_LEAK,lv_macron_consonant
data,bg,A2,643,Haut,āda,Кожа,FAMILY_COPY_STRICT,bg+hr+mk+ru+sr
data,hr,A2,643,Haut,āda,Кожа,FAMILY_COPY_STRICT,bg+hr+mk+ru+sr
data,mk,A2,643,Haut,āda,Кожа,FAMILY_COPY_STRICT,bg+hr+mk+ru+sr
data,ru,A2,643,Haut,āda,Кожа,FAMILY_COPY_STRICT,bg+hr+mk+ru+sr
data,sr,A2,643,Haut,āda,Кожа,FAMILY_COPY_STRICT,bg+hr+mk+ru+sr
data,fi,A2,643,Haut,āda,Nahk,FAMILY_COPY_STRICT,fi+sv
data,sv,A2,643,Haut,āda,Nahk,FAMILY_COPY_STRICT,fi+sv
data,is,A2,643,Haut,āda,Nei,FAMILY_COPY_STRICT,is+nb+nn
data,nb,A2,643,Haut,āda,Nei,FAMILY_COPY_STRICT,is+nb+nn
data,nn,A2,643,Haut,āda,Nei,FAMILY_COPY_STRICT,is+nb+nn
data,it,A2,643,Haut,āda,Āda,FAMILY_COPY_STRICT,it+lb+nl
data,lb,A2,643,Haut,āda,Āda,FAMILY_COPY_STRICT,it+lb+nl
data,nl,A2,643,Haut,āda,Āda,FAMILY_COPY_STRICT,it+lb+nl
data,pl,A2,643,Haut,āda,Skóra,FAMILY_COPY_STRICT,pl+sk
data,sk,A2,643,Haut,āda,Skóra,FAMILY_COPY_STRICT,pl+sk
data,sq,A2,643,Haut,āda,Deri,FAMILY_COPY_STRICT,sq+tr
data,tr,A2,643,Haut,āda,Deri,FAMILY_COPY_STRICT,sq+tr
data,fi,A2,644,heben,pacelt,Üles tõstma,MARKER_LEAK,et_otilde
data,it,A2,644,heben,pacelt,Pacelt,SAME_AS_LV_CASEFOLD,casefold_only
data,nl,A2,644,heben,pacelt,Pacelt,SAME_AS_LV_CASEFOLD,casefold_only
data,sl,A2,644,heben,pacelt,pacelt,SAME_AS_LV_CASEFOLD,exact
data,sr,A2,644,heben,pacelt,Javi se,SCRIPT_MISMATCH,sr_as_cyrillic
data,sr,A2,644,heben,pacelt,Javi se,MARKER_LEAK,latin_in_cyrillic
data,sv,A2,644,heben,pacelt,Üles tõstma,MARKER_LEAK,et_otilde
data,bg,A2,644,heben,pacelt,Повишете,FAMILY_COPY_STRICT,bg+mk
data,mk,A2,644,heben,pacelt,Повишете,FAMILY_COPY_STRICT,bg+mk
data,fi,A2,644,heben,pacelt,Üles tõstma,FAMILY_COPY_STRICT,fi+sv
data,sv,A2,644,heben,pacelt,Üles tõstma,FAMILY_COPY_STRICT,fi+sv
data,hr,A2,644,heben,pacelt,Javi se,FAMILY_COPY_STRICT,hr+sr
data,sr,A2,644,heben,pacelt,Javi se,FAMILY_COPY_STRICT,hr+sr
data,is,A2,644,heben,pacelt,Üles hästma,FAMILY_COPY_STRICT,is+nb+nn
data,nb,A2,644,heben,pacelt,Üles hästma,FAMILY_COPY_STRICT,is+nb+nn
data,nn,A2,644,heben,pacelt,Üles hästma,FAMILY_COPY_STRICT,is+nb+nn
data,it,A2,644,heben,pacelt,Pacelt,FAMILY_COPY_STRICT,it+nl
data,nl,A2,644,heben,pacelt,Pacelt,FAMILY_COPY_STRICT,it+nl
data,sq,A2,644,heben,pacelt,Titreme,FAMILY_COPY_STRICT,sq+tr
data,tr,A2,644,heben,pacelt,Titreme,FAMILY_COPY_STRICT,sq+tr
data,hr,A2,645,Hefe,raugs,Мая,SCRIPT_MISMATCH,
data,hr,A2,645,Hefe,raugs,Мая,MARKER_LEAK,foreign_script
data,it,A2,645,Hefe,raugs,Raugs,SAME_AS_LV_CASEFOLD,casefold_only
data,lb,A2,645,Hefe,raugs,Raugs,SAME_AS_LV_CASEFOLD,casefold_only
data,nl,A2,645,Hefe,raugs,Raugs,SAME_AS_LV_CASEFOLD,casefold_only
data,pt,A2,645,Hefe,raugs,Raugs,SAME_AS_LV_CASEFOLD,casefold_only
data,sk,A2,645,Hefe,raugs,Drożdże,MARKER_LEAK,pl_l_s_z
data,sl,A2,645,Hefe,raugs,raugs,SAME_AS_LV_CASEFOLD,exact
data,bg,A2,645,Hefe,raugs,Мая,FAMILY_COPY_STRICT,bg+hr+mk+sr
data,hr,A2,645,Hefe,raugs,Мая,FAMILY_COPY_STRICT,bg+hr+mk+sr
data,mk,A2,645,Hefe,raugs,Мая,FAMILY_COPY_STRICT,bg+hr+mk+sr
data,sr,A2,645,Hefe,raugs,Мая,FAMILY_COPY_STRICT,bg+hr+mk+sr
data,fi,A2,645,Hefe,raugs,Pärm,FAMILY_COPY_STRICT,fi+sv
data,sv,A2,645,Hefe,raugs,Pärm,FAMILY_COPY_STRICT,fi+sv
data,is,A2,645,Hefe,raugs,Dekke,FAMILY_COPY_STRICT,is+nb+nn
data,nb,A2,645,Hefe,raugs,Dekke,FAMILY_COPY_STRICT,is+nb+nn
data,nn,A2,645,Hefe,raugs,Dekke,FAMILY_COPY_STRICT,is+nb+nn
data,it,A2,645,Hefe,raugs,Raugs,FAMILY_COPY_STRICT,it+lb+nl+pt
data,lb,A2,645,Hefe,raugs,Raugs,FAMILY_COPY_STRICT,it+lb+nl+pt
data,nl,A2,645,Hefe,raugs,Raugs,FAMILY_COPY_STRICT,it+lb+nl+pt
data,pt,A2,645,Hefe,raugs,Raugs,FAMILY_COPY_STRICT,it+lb+nl+pt
data,pl,A2,645,Hefe,raugs,Drożdże,FAMILY_COPY_STRICT,pl+sk
data,sk,A2,645,Hefe,raugs,Drożdże,FAMILY_COPY_STRICT,pl+sk
data,sq,A2,645,Hefe,raugs,Maya,FAMILY_COPY_STRICT,sq+tr
data,tr,A2,645,Hefe,raugs,Maya,FAMILY_COPY_STRICT,sq+tr
data,hr,A2,646,Heidelbeere,mellene,Боровинка,SCRIPT_MISMATCH,
data,hr,A2,646,Heidelbeere,mellene,Боровинка,MARKER_LEAK,foreign_script
data,it,A2,646,Heidelbeere,mellene,Mellene,SAME_AS_LV_CASEFOLD,casefold_only
data,lb,A2,646,Heidelbeere,mellene,Mellene,SAME_AS_LV_CASEFOLD,casefold_only
data,nl,A2,646,Heidelbeere,mellene,Mellene,SAME_AS_LV_CASEFOLD,casefold_only
data,pt,A2,646,Heidelbeere,mellene,Mellene,SAME_AS_LV_CASEFOLD,casefold_only
data,sl,A2,646,Heidelbeere,mellene,mellene,SAME_AS_LV_CASEFOLD,exact
data,bg,A2,646,Heidelbeere,mellene,Боровинка,FAMILY_COPY_STRICT,bg+hr+mk+sr
data,hr,A2,646,Heidelbeere,mellene,Боровинка,FAMILY_COPY_STRICT,bg+hr+mk+sr
data,mk,A2,646,Heidelbeere,mellene,Боровинка,FAMILY_COPY_STRICT,bg+hr+mk+sr
data,sr,A2,646,Heidelbeere,mellene,Боровинка,FAMILY_COPY_STRICT,bg+hr+mk+sr
data,fi,A2,646,Heidelbeere,mellene,Mustikas,FAMILY_COPY_STRICT,fi+sv
data,sv,A2,646,Heidelbeere,mellene,Mustikas,FAMILY_COPY_STRICT,fi+sv
data,is,A2,646,Heidelbeere,mellene,Mustika sin,FAMILY_COPY_STRICT,is+nb+nn
data,nb,A2,646,Heidelbeere,mellene,Mustika sin,FAMILY_COPY_STRICT,is+nb+nn
data,nn,A2,646,Heidelbeere,mellene,Mustika sin,FAMILY_COPY_STRICT,is+nb+nn
data,it,A2,646,Heidelbeere,mellene,Mellene,FAMILY_COPY_STRICT,it+lb+nl+pt
data,lb,A2,646,Heidelbeere,mellene,Mellene,FAMILY_COPY_STRICT,it+lb+nl+pt
data,nl,A2,646,Heidelbeere,mellene,Mellene,FAMILY_COPY_STRICT,it+lb+nl+pt
data,pt,A2,646,Heidelbeere,mellene,Mellene,FAMILY_COPY_STRICT,it+lb+nl+pt
data,pl,A2,646,Heidelbeere,mellene,Jagoda,FAMILY_COPY_STRICT,pl+sq+tr
data,sq,A2,646,Heidelbeere,mellene,Jagoda,FAMILY_COPY_STRICT,pl+sq+tr
data,tr,A2,646,Heidelbeere,mellene,Jagoda,FAMILY_COPY_STRICT,pl+sq+tr
data,hr,A2,647,heilen,ārstēt,Лечение,SCRIPT_MISMATCH,
data,hr,A2,647,heilen,ārstēt,Лечение,MARKER_LEAK,foreign_script
data,lb,A2,647,heilen,ārstēt,Ārstēt,SAME_AS_LV_CASEFOLD,casefold_only
data,lb,A2,647,heilen,ārstēt,Ārstēt,LV_DIACRITIC,
data,lb,A2,647,heilen,ārstēt,Ārstēt,MARKER_LEAK,lv_macron_consonant
data,nl,A2,647,heilen,ārstēt,Ārstēt,SAME_AS_LV_CASEFOLD,casefold_only
data,nl,A2,647,heilen,ārstēt,Ārstēt,LV_DIACRITIC,
data,nl,A2,647,heilen,ārstēt,Ārstēt,MARKER_LEAK,lv_macron_consonant
data,sl,A2,647,heilen,ārstēt,ārstēt,SAME_AS_LV_CASEFOLD,exact
data,sl,A2,647,heilen,ārstēt,ārstēt,LV_DIACRITIC,
data,sl,A2,647,heilen,ārstēt,ārstēt,MARKER_LEAK,lv_macron_consonant
data,bg,A2,647,heilen,ārstēt,Лечение,FAMILY_COPY_STRICT,bg+hr+mk+sr
data,hr,A2,647,heilen,ārstēt,Лечение,FAMILY_COPY_STRICT,bg+hr+mk+sr
data,mk,A2,647,heilen,ārstēt,Лечение,FAMILY_COPY_STRICT,bg+hr+mk+sr
data,sr,A2,647,heilen,ārstēt,Лечение,FAMILY_COPY_STRICT,bg+hr+mk+sr
data,fi,A2,647,heilen,ārstēt,Ravima,FAMILY_COPY_STRICT,fi+is+nb+nn+sv
data,is,A2,647,heilen,ārstēt,Ravima,FAMILY_COPY_STRICT,fi+is+nb+nn+sv
data,nb,A2,647,heilen,ārstēt,Ravima,FAMILY_COPY_STRICT,fi+is+nb+nn+sv
data,nn,A2,647,heilen,ārstēt,Ravima,FAMILY_COPY_STRICT,fi+is+nb+nn+sv
data,sv,A2,647,heilen,ārstēt,Ravima,FAMILY_COPY_STRICT,fi+is+nb+nn+sv
data,it,A2,647,heilen,ārstēt,Arstêt,FAMILY_COPY_STRICT,it+pt
data,pt,A2,647,heilen,ārstēt,Arstêt,FAMILY_COPY_STRICT,it+pt
data,lb,A2,647,heilen,ārstēt,Ārstēt,FAMILY_COPY_STRICT,lb+nl
data,nl,A2,647,heilen,ārstēt,Ārstēt,FAMILY_COPY_STRICT,lb+nl
data,pl,A2,647,heilen,ārstēt,Leczyć,FAMILY_COPY_STRICT,pl+sk
data,sk,A2,647,heilen,ārstēt,Leczyć,FAMILY_COPY_STRICT,pl+sk
data,sq,A2,647,heilen,ārstēt,Tedavi etmek,FAMILY_COPY_STRICT,sq+tr
data,tr,A2,647,heilen,ārstēt,Tedavi etmek,FAMILY_COPY_STRICT,sq+tr
data,hr,A2,648,Heim,mājoklis,Жилища,SCRIPT_MISMATCH,
data,hr,A2,648,Heim,mājoklis,Жилища,MARKER_LEAK,foreign_script
data,lb,A2,648,Heim,mājoklis,Mājoklis,SAME_AS_LV_CASEFOLD,casefold_only
data,lb,A2,648,Heim,mājoklis,Mājoklis,LV_DIACRITIC,
data,lb,A2,648,Heim,mājoklis,Mājoklis,MARKER_LEAK,lv_macron_consonant
data,nl,A2,648,Heim,mājoklis,Mājoklis,SAME_AS_LV_CASEFOLD,casefold_only
data,nl,A2,648,Heim,mājoklis,Mājoklis,LV_DIACRITIC,
data,nl,A2,648,Heim,mājoklis,Mājoklis,MARKER_LEAK,lv_macron_consonant
data,sl,A2,648,Heim,mājoklis,mājoklis,SAME_AS_LV_CASEFOLD,exact
data,sl,A2,648,Heim,mājoklis,mājoklis,LV_DIACRITIC,
data,sl,A2,648,Heim,mājoklis,mājoklis,MARKER_LEAK,lv_macron_consonant
data,bg,A2,648,Heim,mājoklis,Жилища,FAMILY_COPY_STRICT,bg+hr+mk+sr
data,hr,A2,648,Heim,mājoklis,Жилища,FAMILY_COPY_STRICT,bg+hr+mk+sr
data,mk,A2,648,Heim,mājoklis,Жилища,FAMILY_COPY_STRICT,bg+hr+mk+sr
data,sr,A2,648,Heim,mājoklis,Жилища,FAMILY_COPY_STRICT,bg+hr+mk+sr
data,fi,A2,648,Heim,mājoklis,Kodu,FAMILY_COPY_STRICT,fi+sv
data,sv,A2,648,Heim,mājoklis,Kodu,FAMILY_COPY_STRICT,fi+sv
data,is,A2,648,Heim,mājoklis,Kode,FAMILY_COPY_STRICT,is+nb+nn
data,nb,A2,648,Heim,mājoklis,Kode,FAMILY_COPY_STRICT,is+nb+nn
data,nn,A2,648,Heim,mājoklis,Kode,FAMILY_COPY_STRICT,is+nb+nn
data,it,A2,648,Heim,mājoklis,Majoklis,FAMILY_COPY_STRICT,it+pt
data,pt,A2,648,Heim,mājoklis,Majoklis,FAMILY_COPY_STRICT,it+pt
data,lb,A2,648,Heim,mājoklis,Mājoklis,FAMILY_COPY_STRICT,lb+nl
data,nl,A2,648,Heim,mājoklis,Mājoklis,FAMILY_COPY_STRICT,lb+nl
data,pl,A2,648,Heim,mājoklis,Mieszkania,FAMILY_COPY_STRICT,pl+sk
data,sk,A2,648,Heim,mājoklis,Mieszkania,FAMILY_COPY_STRICT,pl+sk
data,sq,A2,648,Heim,mājoklis,Daireler,FAMILY_COPY_STRICT,sq+tr
data,tr,A2,648,Heim,mājoklis,Daireler,FAMILY_COPY_STRICT,sq+tr
data,hr,A2,649,heizen,apkurināt,Топлина,SCRIPT_MISMATCH,
data,hr,A2,649,heizen,apkurināt,Топлина,MARKER_LEAK,foreign_script
data,it,A2,649,heizen,apkurināt,Apkurināt,SAME_AS_LV_CASEFOLD,casefold_only
data,it,A2,649,heizen,apkurināt,Apkurināt,LV_DIACRITIC,
data,it,A2,649,heizen,apkurināt,Apkurināt,MARKER_LEAK,lv_macron_consonant
data,lb,A2,649,heizen,apkurināt,Apkurināt,SAME_AS_LV_CASEFOLD,casefold_only
data,lb,A2,649,heizen,apkurināt,Apkurināt,LV_DIACRITIC,
data,lb,A2,649,heizen,apkurināt,Apkurināt,MARKER_LEAK,lv_macron_consonant
data,nl,A2,649,heizen,apkurināt,Apkurināt,SAME_AS_LV_CASEFOLD,casefold_only
data,nl,A2,649,heizen,apkurināt,Apkurināt,LV_DIACRITIC,
data,nl,A2,649,heizen,apkurināt,Apkurināt,MARKER_LEAK,lv_macron_consonant
data,pt,A2,649,heizen,apkurināt,Apkurināt,SAME_AS_LV_CASEFOLD,casefold_only
data,pt,A2,649,heizen,apkurināt,Apkurināt,LV_DIACRITIC,
data,pt,A2,649,heizen,apkurināt,Apkurināt,MARKER_LEAK,lv_macron_consonant
data,sl,A2,649,heizen,apkurināt,apkurināt,SAME_AS_LV_CASEFOLD,exact
data,sl,A2,649,heizen,apkurināt,apkurināt,LV_DIACRITIC,
data,sl,A2,649,heizen,apkurināt,apkurināt,MARKER_LEAK,lv_macron_consonant
data,sq,A2,649,heizen,apkurināt,Isınma,MARKER_LEAK,tr_soft
data,bg,A2,649,heizen,apkurināt,Топлина,FAMILY_COPY_STRICT,bg+hr+mk+sr
data,hr,A2,649,heizen,apkurināt,Топлина,FAMILY_COPY_STRICT,bg+hr+mk+sr
data,mk,A2,649,heizen,apkurināt,Топлина,FAMILY_COPY_STRICT,bg+hr+mk+sr
data,sr,A2,649,heizen,apkurināt,Топлина,FAMILY_COPY_STRICT,bg+hr+mk+sr
data,fi,A2,649,heizen,apkurināt,Kütma,FAMILY_COPY_STRICT,fi+is+nb+nn+sv
data,is,A2,649,heizen,apkurināt,Kütma,FAMILY_COPY_STRICT,fi+is+nb+nn+sv
data,nb,A2,649,heizen,apkurināt,Kütma,FAMILY_COPY_STRICT,fi+is+nb+nn+sv
data,nn,A2,649,heizen,apkurināt,Kütma,FAMILY_COPY_STRICT,fi+is+nb+nn+sv
data,sv,A2,649,heizen,apkurināt,Kütma,FAMILY_COPY_STRICT,fi+is+nb+nn+sv
data,it,A2,649,heizen,apkurināt,Apkurināt,FAMILY_COPY_STRICT,it+lb+nl+pt
data,lb,A2,649,heizen,apkurināt,Apkurināt,FAMILY_COPY_STRICT,it+lb+nl+pt
data,nl,A2,649,heizen,apkurināt,Apkurināt,FAMILY_COPY_STRICT,it+lb+nl+pt
data,pt,A2,649,heizen,apkurināt,Apkurināt,FAMILY_COPY_STRICT,it+lb+nl+pt
data,sq,A2,649,heizen,apkurināt,Isınma,FAMILY_COPY_STRICT,sq+tr
data,tr,A2,649,heizen,apkurināt,Isınma,FAMILY_COPY_STRICT,sq+tr
data,hr,A2,650,Heizung,apkure,Отопление,SCRIPT_MISMATCH,
data,hr,A2,650,Heizung,apkure,Отопление,MARKER_LEAK,foreign_script
data,it,A2,650,Heizung,apkure,Apkure,SAME_AS_LV_CASEFOLD,casefold_only
data,nl,A2,650,Heizung,apkure,Apkure,SAME_AS_LV_CASEFOLD,casefold_only
data,pt,A2,650,Heizung,apkure,Apkure,SAME_AS_LV_CASEFOLD,casefold_only
data,sl,A2,650,Heizung,apkure,apkure,SAME_AS_LV_CASEFOLD,exact
data,bg,A2,650,Heizung,apkure,Отопление,FAMILY_COPY_STRICT,bg+hr+mk+sr
data,hr,A2,650,Heizung,apkure,Отопление,FAMILY_COPY_STRICT,bg+hr+mk+sr
data,mk,A2,650,Heizung,apkure,Отопление,FAMILY_COPY_STRICT,bg+hr+mk+sr
data,sr,A2,650,Heizung,apkure,Отопление,FAMILY_COPY_STRICT,bg+hr+mk+sr
data,fi,A2,650,Heizung,apkure,Küte,FAMILY_COPY_STRICT,fi+sv
data,sv,A2,650,Heizung,apkure,Küte,FAMILY_COPY_STRICT,fi+sv
data,is,A2,650,Heizung,apkure,Cue,FAMILY_COPY_STRICT,is+nb+nn
data,nb,A2,650,Heizung,apkure,Cue,FAMILY_COPY_STRICT,is+nb+nn
data,nn,A2,650,Heizung,apkure,Cue,FAMILY_COPY_STRICT,is+nb+nn
data,it,A2,650,Heizung,apkure,Apkure,FAMILY_COPY_STRICT,it+nl+pt
data,nl,A2,650,Heizung,apkure,Apkure,FAMILY_COPY_STRICT,it+nl+pt
data,pt,A2,650,Heizung,apkure,Apkure,FAMILY_COPY_STRICT,it+nl+pt
data,pl,A2,650,Heizung,apkure,Ogrzewanie,FAMILY_COPY_STRICT,pl+sk+sq+tr
data,sk,A2,650,Heizung,apkure,Ogrzewanie,FAMILY_COPY_STRICT,pl+sk+sq+tr
data,sq,A2,650,Heizung,apkure,Ogrzewanie,FAMILY_COPY_STRICT,pl+sk+sq+tr
data,tr,A2,650,Heizung,apkure,Ogrzewanie,FAMILY_COPY_STRICT,pl+sk+sq+tr
data,hr,A2,651,hell,gaišs,Светла,SCRIPT_MISMATCH,
data,hr,A2,651,hell,gaišs,Светла,MARKER_LEAK,foreign_script
data,sl,A2,651,hell,gaišs,gaišs,SAME_AS_LV_CASEFOLD,exact
data,fi,A2,651,hell,gaišs,Hele,FAMILY_COPY_STRICT,fi+sv
data,sv,A2,651,hell,gaišs,Hele,FAMILY_COPY_STRICT,fi+sv
data,fr,A2,651,hell,gaišs,Brillant,FAMILY_COPY_STRICT,fr+it
data,it,A2,651,hell,gaišs,Brillant,FAMILY_COPY_STRICT,fr+it
data,hr,A2,651,hell,gaišs,Светла,FAMILY_COPY_STRICT,hr+mk+sr
data,mk,A2,651,hell,gaišs,Светла,FAMILY_COPY_STRICT,hr+mk+sr
data,sr,A2,651,hell,gaišs,Светла,FAMILY_COPY_STRICT,hr+mk+sr
data,is,A2,651,hell,gaišs,Hel,FAMILY_COPY_STRICT,is+nb+nn
data,nb,A2,651,hell,gaišs,Hel,FAMILY_COPY_STRICT,is+nb+nn
data,nn,A2,651,hell,gaišs,Hel,FAMILY_COPY_STRICT,is+nb+nn
data,lb,A2,651,hell,gaišs,Helder,FAMILY_COPY_STRICT,lb+nl
data,nl,A2,651,hell,gaišs,Helder,FAMILY_COPY_STRICT,lb+nl
data,pl,A2,651,hell,gaišs,Jasny,FAMILY_COPY_STRICT,pl+sk+sq+tr
data,sk,A2,651,hell,gaišs,Jasny,FAMILY_COPY_STRICT,pl+sk+sq+tr
data,sq,A2,651,hell,gaišs,Jasny,FAMILY_COPY_STRICT,pl+sk+sq+tr
data,tr,A2,651,hell,gaišs,Jasny,FAMILY_COPY_STRICT,pl+sk+sq+tr
data,hr,A2,652,her,šurp,Еве,SCRIPT_MISMATCH,
data,hr,A2,652,her,šurp,Еве,MARKER_LEAK,foreign_script
data,lb,A2,652,her,šurp,Šurp,SAME_AS_LV_CASEFOLD,casefold_only
data,lb,A2,652,her,šurp,Šurp,LV_DIACRITIC,
data,nl,A2,652,her,šurp,Šurp,SAME_AS_LV_CASEFOLD,casefold_only
data,nl,A2,652,her,šurp,Šurp,LV_DIACRITIC,
data,sl,A2,652,her,šurp,šurp,SAME_AS_LV_CASEFOLD,exact
data,fi,A2,652,her,šurp,Siia,FAMILY_COPY_STRICT,fi+sv
data,sv,A2,652,her,šurp,Siia,FAMILY_COPY_STRICT,fi+sv
data,hr,A2,652,her,šurp,Еве,FAMILY_COPY_STRICT,hr+mk+sr
data,mk,A2,652,her,šurp,Еве,FAMILY_COPY_STRICT,hr+mk+sr
data,sr,A2,652,her,šurp,Еве,FAMILY_COPY_STRICT,hr+mk+sr
data,is,A2,652,her,šurp,Shia,FAMILY_COPY_STRICT,is+nb+nn
data,nb,A2,652,her,šurp,Shia,FAMILY_COPY_STRICT,is+nb+nn
data,nn,A2,652,her,šurp,Shia,FAMILY_COPY_STRICT,is+nb+nn
data,lb,A2,652,her,šurp,Šurp,FAMILY_COPY_STRICT,lb+nl
data,nl,A2,652,her,šurp,Šurp,FAMILY_COPY_STRICT,lb+nl
data,hr,A2,653,heraus,ārā,Надвор,SCRIPT_MISMATCH,
data,hr,A2,653,heraus,ārā,Надвор,MARKER_LEAK,foreign_script
data,it,A2,653,heraus,ārā,Āra,LV_DIACRITIC,
data,it,A2,653,heraus,ārā,Āra,MARKER_LEAK,lv_macron_consonant
data,lb,A2,653,heraus,ārā,Ārā,SAME_AS_LV_CASEFOLD,casefold_only
data,lb,A2,653,heraus,ārā,Ārā,LV_DIACRITIC,
data,lb,A2,653,heraus,ārā,Ārā,MARKER_LEAK,lv_macron_consonant
data,nl,A2,653,heraus,ārā,Ārā,SAME_AS_LV_CASEFOLD,casefold_only
data,nl,A2,653,heraus,ārā,Ārā,LV_DIACRITIC,
data,nl,A2,653,heraus,ārā,Ārā,MARKER_LEAK,lv_macron_consonant
data,sk,A2,653,heraus,ārā,Na zewnątrz,MARKER_LEAK,pl_lt_nasal
data,sl,A2,653,heraus,ārā,ārā,SAME_AS_LV_CASEFOLD,exact
data,sl,A2,653,heraus,ārā,ārā,LV_DIACRITIC,
data,sl,A2,653,heraus,ārā,ārā,MARKER_LEAK,lv_macron_consonant
data,fi,A2,653,heraus,ārā,Välja,FAMILY_COPY_STRICT,fi+sv
data,sv,A2,653,heraus,ārā,Välja,FAMILY_COPY_STRICT,fi+sv
data,hr,A2,653,heraus,ārā,Надвор,FAMILY_COPY_STRICT,hr+mk+sr
data,mk,A2,653,heraus,ārā,Надвор,FAMILY_COPY_STRICT,hr+mk+sr
data,sr,A2,653,heraus,ārā,Надвор,FAMILY_COPY_STRICT,hr+mk+sr
data,is,A2,653,heraus,ārā,Velge,FAMILY_COPY_STRICT,is+nb+nn
data,nb,A2,653,heraus,ārā,Velge,FAMILY_COPY_STRICT,is+nb+nn
data,nn,A2,653,heraus,ārā,Velge,FAMILY_COPY_STRICT,is+nb+nn
data,lb,A2,653,heraus,ārā,Ārā,FAMILY_COPY_STRICT,lb+nl
data,nl,A2,653,heraus,ārā,Ārā,FAMILY_COPY_STRICT,lb+nl
data,pl,A2,653,heraus,ārā,Na zewnątrz,FAMILY_COPY_STRICT,pl+sk
data,sk,A2,653,heraus,ārā,Na zewnątrz,FAMILY_COPY_STRICT,pl+sk
data,hr,A2,654,Herd,pavards,Огнище,SCRIPT_MISMATCH,
data,hr,A2,654,Herd,pavards,Огнище,MARKER_LEAK,foreign_script
data,lb,A2,654,Herd,pavards,Pavards,SAME_AS_LV_CASEFOLD,casefold_only
data,nl,A2,654,Herd,pavards,Pavards,SAME_AS_LV_CASEFOLD,casefold_only
data,sl,A2,654,Herd,pavards,pavards,SAME_AS_LV_CASEFOLD,exact
data,bg,A2,654,Herd,pavards,Огнище,FAMILY_COPY_STRICT,bg+hr+mk+sr
data,hr,A2,654,Herd,pavards,Огнище,FAMILY_COPY_STRICT,bg+hr+mk+sr
data,mk,A2,654,Herd,pavards,Огнище,FAMILY_COPY_STRICT,bg+hr+mk+sr
data,sr,A2,654,Herd,pavards,Огнище,FAMILY_COPY_STRICT,bg+hr+mk+sr
data,fi,A2,654,Herd,pavards,Pliit,FAMILY_COPY_STRICT,fi+is+nb+nn+sv
data,is,A2,654,Herd,pavards,Pliit,FAMILY_COPY_STRICT,fi+is+nb+nn+sv
data,nb,A2,654,Herd,pavards,Pliit,FAMILY_COPY_STRICT,fi+is+nb+nn+sv
data,nn,A2,654,Herd,pavards,Pliit,FAMILY_COPY_STRICT,fi+is+nb+nn+sv
data,sv,A2,654,Herd,pavards,Pliit,FAMILY_COPY_STRICT,fi+is+nb+nn+sv
data,lb,A2,654,Herd,pavards,Pavards,FAMILY_COPY_STRICT,lb+nl
data,nl,A2,654,Herd,pavards,Pavards,FAMILY_COPY_STRICT,lb+nl
data,pl,A2,654,Herd,pavards,Ognisko,FAMILY_COPY_STRICT,pl+sk+sq+tr
data,sk,A2,654,Herd,pavards,Ognisko,FAMILY_COPY_STRICT,pl+sk+sq+tr
data,sq,A2,654,Herd,pavards,Ognisko,FAMILY_COPY_STRICT,pl+sk+sq+tr
data,tr,A2,654,Herd,pavards,Ognisko,FAMILY_COPY_STRICT,pl+sk+sq+tr
data,sl,A2,655,herein,iekšā,iekšā,SAME_AS_LV_CASEFOLD,exact
data,sl,A2,655,herein,iekšā,iekšā,LV_DIACRITIC,
data,sl,A2,655,herein,iekšā,iekšā,MARKER_LEAK,lv_macron_consonant
data,sr,A2,655,herein,iekšā,Unutra,SCRIPT_MISMATCH,sr_as_cyrillic
data,sr,A2,655,herein,iekšā,Unutra,MARKER_LEAK,latin_in_cyrillic
data,fi,A2,655,herein,iekšā,Sees,FAMILY_COPY_STRICT,fi+sv
data,sv,A2,655,herein,iekšā,Sees,FAMILY_COPY_STRICT,fi+sv
data,hr,A2,655,herein,iekšā,Unutra,FAMILY_COPY_STRICT,hr+sr
data,sr,A2,655,herein,iekšā,Unutra,FAMILY_COPY_STRICT,hr+sr
data,is,A2,655,herein,iekšā,Vi ses,FAMILY_COPY_STRICT,is+nb+nn
data,nb,A2,655,herein,iekšā,Vi ses,FAMILY_COPY_STRICT,is+nb+nn
data,nn,A2,655,herein,iekšā,Vi ses,FAMILY_COPY_STRICT,is+nb+nn
data,hr,A2,656,Hering,siļķe,Херинга,SCRIPT_MISMATCH,
data,hr,A2,656,Hering,siļķe,Херинга,MARKER_LEAK,foreign_script
data,lb,A2,656,Hering,siļķe,Siļķe,SAME_AS_LV_CASEFOLD,casefold_only
data,lb,A2,656,Hering,siļķe,Siļķe,LV_DIACRITIC,
data,lb,A2,656,Hering,siļķe,Siļķe,MARKER_LEAK,lv_macron_consonant
data,nl,A2,656,Hering,siļķe,Siļķe,SAME_AS_LV_CASEFOLD,casefold_only
data,nl,A2,656,Hering,siļķe,Siļķe,LV_DIACRITIC,
data,nl,A2,656,Hering,siļķe,Siļķe,MARKER_LEAK,lv_macron_consonant
data,sk,A2,656,Hering,siļķe,Śledź,MARKER_LEAK,pl_l_s_z
data,sl,A2,656,Hering,siļķe,siļķe,SAME_AS_LV_CASEFOLD,exact
data,sl,A2,656,Hering,siļķe,siļķe,LV_DIACRITIC,
data,sl,A2,656,Hering,siļķe,siļķe,MARKER_LEAK,lv_macron_consonant
data,bg,A2,656,Hering,siļķe,Херинга,FAMILY_COPY_STRICT,bg+hr+mk+sr
data,hr,A2,656,Hering,siļķe,Херинга,FAMILY_COPY_STRICT,bg+hr+mk+sr
data,mk,A2,656,Hering,siļķe,Херинга,FAMILY_COPY_STRICT,bg+hr+mk+sr
data,sr,A2,656,Hering,siļķe,Херинга,FAMILY_COPY_STRICT,bg+hr+mk+sr
data,fi,A2,656,Hering,siļķe,Heeringas,FAMILY_COPY_STRICT,fi+sv
data,sv,A2,656,Hering,siļķe,Heeringas,FAMILY_COPY_STRICT,fi+sv
data,is,A2,656,Hering,siļķe,Heeringa sin,FAMILY_COPY_STRICT,is+nb+nn
data,nb,A2,656,Hering,siļķe,Heeringa sin,FAMILY_COPY_STRICT,is+nb+nn
data,nn,A2,656,Hering,siļķe,Heeringa sin,FAMILY_COPY_STRICT,is+nb+nn
data,lb,A2,656,Hering,siļķe,Siļķe,FAMILY_COPY_STRICT,lb+nl
data,nl,A2,656,Hering,siļķe,Siļķe,FAMILY_COPY_STRICT,lb+nl
data,pl,A2,656,Hering,siļķe,Śledź,FAMILY_COPY_STRICT,pl+sk
data,sk,A2,656,Hering,siļķe,Śledź,FAMILY_COPY_STRICT,pl+sk
data,hr,A2,657,herrlich,lielisks,Страхотно,SCRIPT_MISMATCH,
data,hr,A2,657,herrlich,lielisks,Страхотно,MARKER_LEAK,foreign_script
data,lb,A2,657,herrlich,lielisks,Lielisks,SAME_AS_LV_CASEFOLD,casefold_only
data,nl,A2,657,herrlich,lielisks,Lielisks,SAME_AS_LV_CASEFOLD,casefold_only
data,sk,A2,657,herrlich,lielisks,Doskonały,MARKER_LEAK,pl_l_s_z
data,sl,A2,657,herrlich,lielisks,lielisks,SAME_AS_LV_CASEFOLD,exact
data,bg,A2,657,herrlich,lielisks,Страхотно,FAMILY_COPY_STRICT,bg+hr+mk+sr
data,hr,A2,657,herrlich,lielisks,Страхотно,FAMILY_COPY_STRICT,bg+hr+mk+sr
data,mk,A2,657,herrlich,lielisks,Страхотно,FAMILY_COPY_STRICT,bg+hr+mk+sr
data,sr,A2,657,herrlich,lielisks,Страхотно,FAMILY_COPY_STRICT,bg+hr+mk+sr
data,en,A2,657,herrlich,lielisks,Excellent,FAMILY_COPY_STRICT,en+fr
data,fr,A2,657,herrlich,lielisks,Excellent,FAMILY_COPY_STRICT,en+fr
data,fi,A2,657,herrlich,lielisks,Suurepärane,FAMILY_COPY_STRICT,fi+sv
data,sv,A2,657,herrlich,lielisks,Suurepärane,FAMILY_COPY_STRICT,fi+sv
data,is,A2,657,herrlich,lielisks,Glimrende,FAMILY_COPY_STRICT,is+nb+nn
data,nb,A2,657,herrlich,lielisks,Glimrende,FAMILY_COPY_STRICT,is+nb+nn
data,nn,A2,657,herrlich,lielisks,Glimrende,FAMILY_COPY_STRICT,is+nb+nn
data,lb,A2,657,herrlich,lielisks,Lielisks,FAMILY_COPY_STRICT,lb+nl
data,nl,A2,657,herrlich,lielisks,Lielisks,FAMILY_COPY_STRICT,lb+nl
data,pl,A2,657,herrlich,lielisks,Doskonały,FAMILY_COPY_STRICT,pl+sk
data,sk,A2,657,herrlich,lielisks,Doskonały,FAMILY_COPY_STRICT,pl+sk
data,sq,A2,657,herrlich,lielisks,Mükemmel,FAMILY_COPY_STRICT,sq+tr
data,tr,A2,657,herrlich,lielisks,Mükemmel,FAMILY_COPY_STRICT,sq+tr
data,hr,A2,658,herum,apkārt,Наоколо,SCRIPT_MISMATCH,
data,hr,A2,658,herum,apkārt,Наоколо,MARKER_LEAK,foreign_script
data,lb,A2,658,herum,apkārt,Apkārt,SAME_AS_LV_CASEFOLD,casefold_only
data,lb,A2,658,herum,apkārt,Apkārt,LV_DIACRITIC,
data,lb,A2,658,herum,apkārt,Apkārt,MARKER_LEAK,lv_macron_consonant
data,nl,A2,658,herum,apkārt,Apkārt,SAME_AS_LV_CASEFOLD,casefold_only
data,nl,A2,658,herum,apkārt,Apkārt,LV_DIACRITIC,
data,nl,A2,658,herum,apkārt,Apkārt,MARKER_LEAK,lv_macron_consonant
data,sk,A2,658,herum,apkārt,Wokół,MARKER_LEAK,pl_l_s_z
data,sl,A2,658,herum,apkārt,apkārt,SAME_AS_LV_CASEFOLD,exact
data,sl,A2,658,herum,apkārt,apkārt,LV_DIACRITIC,
data,sl,A2,658,herum,apkārt,apkārt,MARKER_LEAK,lv_macron_consonant
data,bg,A2,658,herum,apkārt,Наоколо,FAMILY_COPY_STRICT,bg+hr+mk+sr
data,hr,A2,658,herum,apkārt,Наоколо,FAMILY_COPY_STRICT,bg+hr+mk+sr
data,mk,A2,658,herum,apkārt,Наоколо,FAMILY_COPY_STRICT,bg+hr+mk+sr
data,sr,A2,658,herum,apkārt,Наоколо,FAMILY_COPY_STRICT,bg+hr+mk+sr
data,fi,A2,658,herum,apkārt,Ümber,FAMILY_COPY_STRICT,fi+sv
data,sv,A2,658,herum,apkārt,Ümber,FAMILY_COPY_STRICT,fi+sv
data,is,A2,658,herum,apkārt,Umber,FAMILY_COPY_STRICT,is+nb+nn
data,nb,A2,658,herum,apkārt,Umber,FAMILY_COPY_STRICT,is+nb+nn
data,nn,A2,658,herum,apkārt,Umber,FAMILY_COPY_STRICT,is+nb+nn
data,it,A2,658,herum,apkārt,Apkart,FAMILY_COPY_STRICT,it+pt
data,pt,A2,658,herum,apkārt,Apkart,FAMILY_COPY_STRICT,it+pt
data,lb,A2,658,herum,apkārt,Apkārt,FAMILY_COPY_STRICT,lb+nl
data,nl,A2,658,herum,apkārt,Apkārt,FAMILY_COPY_STRICT,lb+nl
data,pl,A2,658,herum,apkārt,Wokół,FAMILY_COPY_STRICT,pl+sk
data,sk,A2,658,herum,apkārt,Wokół,FAMILY_COPY_STRICT,pl+sk
data,hr,A2,659,herunter,lejā,Надолу,SCRIPT_MISMATCH,
data,hr,A2,659,herunter,lejā,Надолу,MARKER_LEAK,foreign_script
data,lb,A2,659,herunter,lejā,Lejā,SAME_AS_LV_CASEFOLD,casefold_only
data,lb,A2,659,herunter,lejā,Lejā,LV_DIACRITIC,
data,lb,A2,659,herunter,lejā,Lejā,MARKER_LEAK,lv_macron_consonant
data,nl,A2,659,herunter,lejā,Lejā,SAME_AS_LV_CASEFOLD,casefold_only
data,nl,A2,659,herunter,lejā,Lejā,LV_DIACRITIC,
data,nl,A2,659,herunter,lejā,Lejā,MARKER_LEAK,lv_macron_consonant
data,sk,A2,659,herunter,lejā,W dół,MARKER_LEAK,pl_l_s_z
data,sl,A2,659,herunter,lejā,lejā,SAME_AS_LV_CASEFOLD,exact
data,sl,A2,659,herunter,lejā,lejā,LV_DIACRITIC,
data,sl,A2,659,herunter,lejā,lejā,MARKER_LEAK,lv_macron_consonant
data,bg,A2,659,herunter,lejā,Надолу,FAMILY_COPY_STRICT,bg+hr+mk+sr
data,hr,A2,659,herunter,lejā,Надолу,FAMILY_COPY_STRICT,bg+hr+mk+sr
data,mk,A2,659,herunter,lejā,Надолу,FAMILY_COPY_STRICT,bg+hr+mk+sr
data,sr,A2,659,herunter,lejā,Надолу,FAMILY_COPY_STRICT,bg+hr+mk+sr
data,fi,A2,659,herunter,lejā,Alla,FAMILY_COPY_STRICT,fi+sv
data,sv,A2,659,herunter,lejā,Alla,FAMILY_COPY_STRICT,fi+sv
data,is,A2,659,herunter,lejā,Alle,FAMILY_COPY_STRICT,is+nb+nn
data,nb,A2,659,herunter,lejā,Alle,FAMILY_COPY_STRICT,is+nb+nn
data,nn,A2,659,herunter,lejā,Alle,FAMILY_COPY_STRICT,is+nb+nn
data,lb,A2,659,herunter,lejā,Lejā,FAMILY_COPY_STRICT,lb+nl
data,nl,A2,659,herunter,lejā,Lejā,FAMILY_COPY_STRICT,lb+nl
data,pl,A2,659,herunter,lejā,W dół,FAMILY_COPY_STRICT,pl+sk
data,sk,A2,659,herunter,lejā,W dół,FAMILY_COPY_STRICT,pl+sk
data,hr,A2,660,herunterladen,lejupielādēt,Изтегляне,SCRIPT_MISMATCH,
data,hr,A2,660,herunterladen,lejupielādēt,Изтегляне,MARKER_LEAK,foreign_script
data,it,A2,660,herunterladen,lejupielādēt,Lejupielādēt,SAME_AS_LV_CASEFOLD,casefold_only
data,it,A2,660,herunterladen,lejupielādēt,Lejupielādēt,LV_DIACRITIC,
data,it,A2,660,herunterladen,lejupielādēt,Lejupielādēt,MARKER_LEAK,lv_macron_consonant
data,lb,A2,660,herunterladen,lejupielādēt,Lejupielādēt,SAME_AS_LV_CASEFOLD,casefold_only
data,lb,A2,660,herunterladen,lejupielādēt,Lejupielādēt,LV_DIACRITIC,
data,lb,A2,660,herunterladen,lejupielādēt,Lejupielādēt,MARKER_LEAK,lv_macron_consonant
data,nl,A2,660,herunterladen,lejupielādēt,Lejupielādēt,SAME_AS_LV_CASEFOLD,casefold_only
data,nl,A2,660,herunterladen,lejupielādēt,Lejupielādēt,LV_DIACRITIC,
data,nl,A2,660,herunterladen,lejupielādēt,Lejupielādēt,MARKER_LEAK,lv_macron_consonant
data,pt,A2,660,herunterladen,lejupielādēt,Lejupielādēt,SAME_AS_LV_CASEFOLD,casefold_only
data,pt,A2,660,herunterladen,lejupielādēt,Lejupielādēt,LV_DIACRITIC,
data,pt,A2,660,herunterladen,lejupielādēt,Lejupielādēt,MARKER_LEAK,lv_macron_consonant
data,sl,A2,660,herunterladen,lejupielādēt,lejupielādēt,SAME_AS_LV_CASEFOLD,exact
data,sl,A2,660,herunterladen,lejupielādēt,lejupielādēt,LV_DIACRITIC,
data,sl,A2,660,herunterladen,lejupielādēt,lejupielādēt,MARKER_LEAK,lv_macron_consonant
data,bg,A2,660,herunterladen,lejupielādēt,Изтегляне,FAMILY_COPY_STRICT,bg+hr+mk+sr
data,hr,A2,660,herunterladen,lejupielādēt,Изтегляне,FAMILY_COPY_STRICT,bg+hr+mk+sr
data,mk,A2,660,herunterladen,lejupielādēt,Изтегляне,FAMILY_COPY_STRICT,bg+hr+mk+sr
data,sr,A2,660,herunterladen,lejupielādēt,Изтегляне,FAMILY_COPY_STRICT,bg+hr+mk+sr
data,da,A2,660,herunterladen,lejupielādēt,Download,FAMILY_COPY_STRICT,da+en
data,en,A2,660,herunterladen,lejupielādēt,Download,FAMILY_COPY_STRICT,da+en
data,fi,A2,660,herunterladen,lejupielādēt,Alla laadima,FAMILY_COPY_STRICT,fi+sv
data,sv,A2,660,herunterladen,lejupielādēt,Alla laadima,FAMILY_COPY_STRICT,fi+sv
data,is,A2,660,herunterladen,lejupielādēt,Alt sammen,FAMILY_COPY_STRICT,is+nb+nn
data,nb,A2,660,herunterladen,lejupielādēt,Alt sammen,FAMILY_COPY_STRICT,is+nb+nn
data,nn,A2,660,herunterladen,lejupielādēt,Alt sammen,FAMILY_COPY_STRICT,is+nb+nn
data,it,A2,660,herunterladen,lejupielādēt,Lejupielādēt,FAMILY_COPY_STRICT,it+lb+nl+pt
data,lb,A2,660,herunterladen,lejupielādēt,Lejupielādēt,FAMILY_COPY_STRICT,it+lb+nl+pt
data,nl,A2,660,herunterladen,lejupielādēt,Lejupielādēt,FAMILY_COPY_STRICT,it+lb+nl+pt
data,pt,A2,660,herunterladen,lejupielādēt,Lejupielādēt,FAMILY_COPY_STRICT,it+lb+nl+pt
data,pl,A2,660,herunterladen,lejupielādēt,Pobierać,FAMILY_COPY_STRICT,pl+sk
data,sk,A2,660,herunterladen,lejupielādēt,Pobierać,FAMILY_COPY_STRICT,pl+sk
data,sq,A2,660,herunterladen,lejupielādēt,Şarj,FAMILY_COPY_STRICT,sq+tr
data,tr,A2,660,herunterladen,lejupielādēt,Şarj,FAMILY_COPY_STRICT,sq+tr
data,hr,A2,661,Herz,sirds,Сърце,SCRIPT_MISMATCH,
data,hr,A2,661,Herz,sirds,Сърце,MARKER_LEAK,foreign_script
data,lb,A2,661,Herz,sirds,Sirds,SAME_AS_LV_CASEFOLD,casefold_only
data,nl,A2,661,Herz,sirds,Sirds,SAME_AS_LV_CASEFOLD,casefold_only
data,sl,A2,661,Herz,sirds,sirds,SAME_AS_LV_CASEFOLD,exact
data,bg,A2,661,Herz,sirds,Сърце,FAMILY_COPY_STRICT,bg+hr+mk+sr
data,hr,A2,661,Herz,sirds,Сърце,FAMILY_COPY_STRICT,bg+hr+mk+sr
data,mk,A2,661,Herz,sirds,Сърце,FAMILY_COPY_STRICT,bg+hr+mk+sr
data,sr,A2,661,Herz,sirds,Сърце,FAMILY_COPY_STRICT,bg+hr+mk+sr
data,fi,A2,661,Herz,sirds,Süda,FAMILY_COPY_STRICT,fi+sv
data,sv,A2,661,Herz,sirds,Süda,FAMILY_COPY_STRICT,fi+sv
data,is,A2,661,Herz,sirds,Sør,FAMILY_COPY_STRICT,is+nb+nn
data,nb,A2,661,Herz,sirds,Sør,FAMILY_COPY_STRICT,is+nb+nn
data,nn,A2,661,Herz,sirds,Sør,FAMILY_COPY_STRICT,is+nb+nn
data,lb,A2,661,Herz,sirds,Sirds,FAMILY_COPY_STRICT,lb+nl
data,nl,A2,661,Herz,sirds,Sirds,FAMILY_COPY_STRICT,lb+nl
data,pl,A2,661,Herz,sirds,Serce,FAMILY_COPY_STRICT,pl+sk
data,sk,A2,661,Herz,sirds,Serce,FAMILY_COPY_STRICT,pl+sk
data,lb,A2,662,herzlich,sirsnīgs,Sirsnīgs,SAME_AS_LV_CASEFOLD,casefold_only
data,lb,A2,662,herzlich,sirsnīgs,Sirsnīgs,LV_DIACRITIC,
data,lb,A2,662,herzlich,sirsnīgs,Sirsnīgs,MARKER_LEAK,lv_macron_consonant
data,nl,A2,662,herzlich,sirsnīgs,Sirsnīgs,SAME_AS_LV_CASEFOLD,casefold_only
data,nl,A2,662,herzlich,sirsnīgs,Sirsnīgs,LV_DIACRITIC,
data,nl,A2,662,herzlich,sirsnīgs,Sirsnīgs,MARKER_LEAK,lv_macron_consonant
data,sl,A2,662,herzlich,sirsnīgs,sirsnīgs,SAME_AS_LV_CASEFOLD,exact
data,sl,A2,662,herzlich,sirsnīgs,sirsnīgs,LV_DIACRITIC,
data,sl,A2,662,herzlich,sirsnīgs,sirsnīgs,MARKER_LEAK,lv_macron_consonant
data,sr,A2,662,herzlich,sirsnīgs,Oni su ugledni,SCRIPT_MISMATCH,sr_as_cyrillic
data,sr,A2,662,herzlich,sirsnīgs,Oni su ugledni,MARKER_LEAK,latin_in_cyrillic
data,fi,A2,662,herzlich,sirsnīgs,Südamlik,FAMILY_COPY_STRICT,fi+sv
data,sv,A2,662,herzlich,sirsnīgs,Südamlik,FAMILY_COPY_STRICT,fi+sv
data,hr,A2,662,herzlich,sirsnīgs,Oni su ugledni,FAMILY_COPY_STRICT,hr+sr
data,sr,A2,662,herzlich,sirsnīgs,Oni su ugledni,FAMILY_COPY_STRICT,hr+sr
data,is,A2,662,herzlich,sirsnīgs,Sørlandsk dameaktig,FAMILY_COPY_STRICT,is+nb+nn
data,nb,A2,662,herzlich,sirsnīgs,Sørlandsk dameaktig,FAMILY_COPY_STRICT,is+nb+nn
data,nn,A2,662,herzlich,sirsnīgs,Sørlandsk dameaktig,FAMILY_COPY_STRICT,is+nb+nn
data,lb,A2,662,herzlich,sirsnīgs,Sirsnīgs,FAMILY_COPY_STRICT,lb+nl
data,nl,A2,662,herzlich,sirsnīgs,Sirsnīgs,FAMILY_COPY_STRICT,lb+nl
data,sq,A2,662,herzlich,sirsnīgs,Samimî,FAMILY_COPY_STRICT,sq+tr
data,tr,A2,662,herzlich,sirsnīgs,Samimî,FAMILY_COPY_STRICT,sq+tr
data,fi,A2,663,Hexe,ragana,Nõid,MARKER_LEAK,et_otilde
data,is,A2,663,Hexe,ragana,Nõid,MARKER_LEAK,et_otilde
data,it,A2,663,Hexe,ragana,Ragana,SAME_AS_LV_CASEFOLD,casefold_only
data,lb,A2,663,Hexe,ragana,Ragana,SAME_AS_LV_CASEFOLD,casefold_only
data,lt,A2,663,Hexe,ragana,ragana,SAME_AS_LV_CASEFOLD,exact
data,nb,A2,663,Hexe,ragana,Nõid,MARKER_LEAK,et_otilde
data,nl,A2,663,Hexe,ragana,Ragana,SAME_AS_LV_CASEFOLD,casefold_only
data,nn,A2,663,Hexe,ragana,Nõid,MARKER_LEAK,et_otilde
data,pt,A2,663,Hexe,ragana,Ragana,SAME_AS_LV_CASEFOLD,casefold_only
data,sl,A2,663,Hexe,ragana,ragana,SAME_AS_LV_CASEFOLD,exact
data,sq,A2,663,Hexe,ragana,Cadı,MARKER_LEAK,tr_soft
data,sr,A2,663,Hexe,ragana,Ta čarovnica.,LV_DIACRITIC,
data,sr,A2,663,Hexe,ragana,Ta čarovnica.,SCRIPT_MISMATCH,sr_as_cyrillic
data,sr,A2,663,Hexe,ragana,Ta čarovnica.,MARKER_LEAK,latin_in_cyrillic
data,sv,A2,663,Hexe,ragana,Nõid,MARKER_LEAK,et_otilde
data,fi,A2,663,Hexe,ragana,Nõid,FAMILY_COPY_STRICT,fi+is+nb+nn+sv
data,is,A2,663,Hexe,ragana,Nõid,FAMILY_COPY_STRICT,fi+is+nb+nn+sv
data,nb,A2,663,Hexe,ragana,Nõid,FAMILY_COPY_STRICT,fi+is+nb+nn+sv
data,nn,A2,663,Hexe,ragana,Nõid,FAMILY_COPY_STRICT,fi+is+nb+nn+sv
data,sv,A2,663,Hexe,ragana,Nõid,FAMILY_COPY_STRICT,fi+is+nb+nn+sv
data,hr,A2,663,Hexe,ragana,Ta čarovnica.,FAMILY_COPY_STRICT,hr+sr
data,sr,A2,663,Hexe,ragana,Ta čarovnica.,FAMILY_COPY_STRICT,hr+sr
data,it,A2,663,Hexe,ragana,Ragana,FAMILY_COPY_STRICT,it+lb+nl+pt
data,lb,A2,663,Hexe,ragana,Ragana,FAMILY_COPY_STRICT,it+lb+nl+pt
data,nl,A2,663,Hexe,ragana,Ragana,FAMILY_COPY_STRICT,it+lb+nl+pt
data,pt,A2,663,Hexe,ragana,Ragana,FAMILY_COPY_STRICT,it+lb+nl+pt
data,pl,A2,663,Hexe,ragana,Czarownica,FAMILY_COPY_STRICT,pl+sk
data,sk,A2,663,Hexe,ragana,Czarownica,FAMILY_COPY_STRICT,pl+sk
data,sq,A2,663,Hexe,ragana,Cadı,FAMILY_COPY_STRICT,sq+tr
data,tr,A2,663,Hexe,ragana,Cadı,FAMILY_COPY_STRICT,sq+tr
data,hr,A2,664,hierher,šurp,Еве,SCRIPT_MISMATCH,
data,hr,A2,664,hierher,šurp,Еве,MARKER_LEAK,foreign_script
data,lb,A2,664,hierher,šurp,Šurp,SAME_AS_LV_CASEFOLD,casefold_only
data,lb,A2,664,hierher,šurp,Šurp,LV_DIACRITIC,
data,nl,A2,664,hierher,šurp,Šurp,SAME_AS_LV_CASEFOLD,casefold_only
data,nl,A2,664,hierher,šurp,Šurp,LV_DIACRITIC,
data,sl,A2,664,hierher,šurp,šurp,SAME_AS_LV_CASEFOLD,exact
data,fi,A2,664,hierher,šurp,Siia,FAMILY_COPY_STRICT,fi+sv
data,sv,A2,664,hierher,šurp,Siia,FAMILY_COPY_STRICT,fi+sv
data,hr,A2,664,hierher,šurp,Еве,FAMILY_COPY_STRICT,hr+mk+sr
data,mk,A2,664,hierher,šurp,Еве,FAMILY_COPY_STRICT,hr+mk+sr
data,sr,A2,664,hierher,šurp,Еве,FAMILY_COPY_STRICT,hr+mk+sr
data,is,A2,664,hierher,šurp,Shia,FAMILY_COPY_STRICT,is+nb+nn
data,nb,A2,664,hierher,šurp,Shia,FAMILY_COPY_STRICT,is+nb+nn
data,nn,A2,664,hierher,šurp,Shia,FAMILY_COPY_STRICT,is+nb+nn
data,lb,A2,664,hierher,šurp,Šurp,FAMILY_COPY_STRICT,lb+nl
data,nl,A2,664,hierher,šurp,Šurp,FAMILY_COPY_STRICT,lb+nl
data,hr,A2,665,Himbeere,avene,Малина,SCRIPT_MISMATCH,
data,hr,A2,665,Himbeere,avene,Малина,MARKER_LEAK,foreign_script
data,lb,A2,665,Himbeere,avene,Avene,SAME_AS_LV_CASEFOLD,casefold_only
data,nl,A2,665,Himbeere,avene,Avene,SAME_AS_LV_CASEFOLD,casefold_only
data,pt,A2,665,Himbeere,avene,Avene,SAME_AS_LV_CASEFOLD,casefold_only
data,sl,A2,665,Himbeere,avene,avene,SAME_AS_LV_CASEFOLD,exact
data,bg,A2,665,Himbeere,avene,Малина,FAMILY_COPY_STRICT,bg+hr+mk+ru+sr
data,hr,A2,665,Himbeere,avene,Малина,FAMILY_COPY_STRICT,bg+hr+mk+ru+sr
data,mk,A2,665,Himbeere,avene,Малина,FAMILY_COPY_STRICT,bg+hr+mk+ru+sr
data,ru,A2,665,Himbeere,avene,Малина,FAMILY_COPY_STRICT,bg+hr+mk+ru+sr
data,sr,A2,665,Himbeere,avene,Малина,FAMILY_COPY_STRICT,bg+hr+mk+ru+sr
data,cs,A2,665,Himbeere,avene,Malina,FAMILY_COPY_STRICT,cs+pl+sk+sq+tr
data,pl,A2,665,Himbeere,avene,Malina,FAMILY_COPY_STRICT,cs+pl+sk+sq+tr
data,sk,A2,665,Himbeere,avene,Malina,FAMILY_COPY_STRICT,cs+pl+sk+sq+tr
data,sq,A2,665,Himbeere,avene,Malina,FAMILY_COPY_STRICT,cs+pl+sk+sq+tr
data,tr,A2,665,Himbeere,avene,Malina,FAMILY_COPY_STRICT,cs+pl+sk+sq+tr
data,fi,A2,665,Himbeere,avene,Vaarikas,FAMILY_COPY_STRICT,fi+sv
data,sv,A2,665,Himbeere,avene,Vaarikas,FAMILY_COPY_STRICT,fi+sv
data,is,A2,665,Himbeere,avene,Vaarika sin,FAMILY_COPY_STRICT,is+nb+nn
data,nb,A2,665,Himbeere,avene,Vaarika sin,FAMILY_COPY_STRICT,is+nb+nn
data,nn,A2,665,Himbeere,avene,Vaarika sin,FAMILY_COPY_STRICT,is+nb+nn
data,lb,A2,665,Himbeere,avene,Avene,FAMILY_COPY_STRICT,lb+nl+pt
data,nl,A2,665,Himbeere,avene,Avene,FAMILY_COPY_STRICT,lb+nl+pt
data,pt,A2,665,Himbeere,avene,Avene,FAMILY_COPY_STRICT,lb+nl+pt
data,hr,A2,666,Himmel,debess,Небе,SCRIPT_MISMATCH,
data,hr,A2,666,Himmel,debess,Небе,MARKER_LEAK,foreign_script
data,sl,A2,666,Himmel,debess,debess,SAME_AS_LV_CASEFOLD,exact
data,bg,A2,666,Himmel,debess,Небе,FAMILY_COPY_STRICT,bg+hr+mk+sr
data,hr,A2,666,Himmel,debess,Небе,FAMILY_COPY_STRICT,bg+hr+mk+sr
data,mk,A2,666,Himmel,debess,Небе,FAMILY_COPY_STRICT,bg+hr+mk+sr
data,sr,A2,666,Himmel,debess,Небе,FAMILY_COPY_STRICT,bg+hr+mk+sr
data,fi,A2,666,Himmel,debess,Taevas,FAMILY_COPY_STRICT,fi+sv
data,sv,A2,666,Himmel,debess,Taevas,FAMILY_COPY_STRICT,fi+sv
data,is,A2,666,Himmel,debess,Taeva sin,FAMILY_COPY_STRICT,is+nb+nn
data,nb,A2,666,Himmel,debess,Taeva sin,FAMILY_COPY_STRICT,is+nb+nn
data,nn,A2,666,Himmel,debess,Taeva sin,FAMILY_COPY_STRICT,is+nb+nn
data,lb,A2,666,Himmel,debess,De hemel,FAMILY_COPY_STRICT,lb+nl
data,nl,A2,666,Himmel,debess,De hemel,FAMILY_COPY_STRICT,lb+nl
data,pl,A2,666,Himmel,debess,Niebo,FAMILY_COPY_STRICT,pl+sk
data,sk,A2,666,Himmel,debess,Niebo,FAMILY_COPY_STRICT,pl+sk
data,sq,A2,666,Himmel,debess,Gökyüzü,FAMILY_COPY_STRICT,sq+tr
data,tr,A2,666,Himmel,debess,Gökyüzü,FAMILY_COPY_STRICT,sq+tr
data,hr,A2,667,hin,turp,Продължение,SCRIPT_MISMATCH,
data,hr,A2,667,hin,turp,Продължение,MARKER_LEAK,foreign_script
data,nl,A2,667,hin,turp,Turp,SAME_AS_LV_CASEFOLD,casefold_only
data,sl,A2,667,hin,turp,turp,SAME_AS_LV_CASEFOLD,exact
data,sq,A2,667,hin,turp,Devamı,MARKER_LEAK,tr_soft
data,bg,A2,667,hin,turp,Продължение,FAMILY_COPY_STRICT,bg+hr+mk+sr
data,hr,A2,667,hin,turp,Продължение,FAMILY_COPY_STRICT,bg+hr+mk+sr
data,mk,A2,667,hin,turp,Продължение,FAMILY_COPY_STRICT,bg+hr+mk+sr
data,sr,A2,667,hin,turp,Продължение,FAMILY_COPY_STRICT,bg+hr+mk+sr
data,en,A2,667,hin,turp,Cont,FAMILY_COPY_STRICT,en+ro
data,ro,A2,667,hin,turp,Cont,FAMILY_COPY_STRICT,en+ro
data,fi,A2,667,hin,turp,Sinna,FAMILY_COPY_STRICT,fi+sv
data,sv,A2,667,hin,turp,Sinna,FAMILY_COPY_STRICT,fi+sv
data,is,A2,667,hin,turp,Mind,FAMILY_COPY_STRICT,is+nb+nn
data,nb,A2,667,hin,turp,Mind,FAMILY_COPY_STRICT,is+nb+nn
data,nn,A2,667,hin,turp,Mind,FAMILY_COPY_STRICT,is+nb+nn
data,pl,A2,667,hin,turp,Cd,FAMILY_COPY_STRICT,pl+sk
data,sk,A2,667,hin,turp,Cd,FAMILY_COPY_STRICT,pl+sk
data,sq,A2,667,hin,turp,Devamı,FAMILY_COPY_STRICT,sq+tr
data,tr,A2,667,hin,turp,Devamı,FAMILY_COPY_STRICT,sq+tr
data,hr,A2,668,hinaus,ārā,Надвор,SCRIPT_MISMATCH,
data,hr,A2,668,hinaus,ārā,Надвор,MARKER_LEAK,foreign_script
data,it,A2,668,hinaus,ārā,Āra,LV_DIACRITIC,
data,it,A2,668,hinaus,ārā,Āra,MARKER_LEAK,lv_macron_consonant
data,lb,A2,668,hinaus,ārā,Ārā,SAME_AS_LV_CASEFOLD,casefold_only
data,lb,A2,668,hinaus,ārā,Ārā,LV_DIACRITIC,
data,lb,A2,668,hinaus,ārā,Ārā,MARKER_LEAK,lv_macron_consonant
data,nl,A2,668,hinaus,ārā,Ārā,SAME_AS_LV_CASEFOLD,casefold_only
data,nl,A2,668,hinaus,ārā,Ārā,LV_DIACRITIC,
data,nl,A2,668,hinaus,ārā,Ārā,MARKER_LEAK,lv_macron_consonant
data,sk,A2,668,hinaus,ārā,Na zewnątrz,MARKER_LEAK,pl_lt_nasal
data,sl,A2,668,hinaus,ārā,ārā,SAME_AS_LV_CASEFOLD,exact
data,sl,A2,668,hinaus,ārā,ārā,LV_DIACRITIC,
data,sl,A2,668,hinaus,ārā,ārā,MARKER_LEAK,lv_macron_consonant
data,fi,A2,668,hinaus,ārā,Välja,FAMILY_COPY_STRICT,fi+sv
data,sv,A2,668,hinaus,ārā,Välja,FAMILY_COPY_STRICT,fi+sv
data,hr,A2,668,hinaus,ārā,Надвор,FAMILY_COPY_STRICT,hr+mk+sr
data,mk,A2,668,hinaus,ārā,Надвор,FAMILY_COPY_STRICT,hr+mk+sr
data,sr,A2,668,hinaus,ārā,Надвор,FAMILY_COPY_STRICT,hr+mk+sr
data,is,A2,668,hinaus,ārā,Velge,FAMILY_COPY_STRICT,is+nb+nn
data,nb,A2,668,hinaus,ārā,Velge,FAMILY_COPY_STRICT,is+nb+nn
data,nn,A2,668,hinaus,ārā,Velge,FAMILY_COPY_STRICT,is+nb+nn
data,lb,A2,668,hinaus,ārā,Ārā,FAMILY_COPY_STRICT,lb+nl
data,nl,A2,668,hinaus,ārā,Ārā,FAMILY_COPY_STRICT,lb+nl
data,pl,A2,668,hinaus,ārā,Na zewnątrz,FAMILY_COPY_STRICT,pl+sk
data,sk,A2,668,hinaus,ārā,Na zewnątrz,FAMILY_COPY_STRICT,pl+sk
data,sl,A2,669,hinein,iekšā,iekšā,SAME_AS_LV_CASEFOLD,exact
data,sl,A2,669,hinein,iekšā,iekšā,LV_DIACRITIC,
data,sl,A2,669,hinein,iekšā,iekšā,MARKER_LEAK,lv_macron_consonant
data,sr,A2,669,hinein,iekšā,Unutra,SCRIPT_MISMATCH,sr_as_cyrillic
data,sr,A2,669,hinein,iekšā,Unutra,MARKER_LEAK,latin_in_cyrillic
data,fi,A2,669,hinein,iekšā,Sees,FAMILY_COPY_STRICT,fi+sv
data,sv,A2,669,hinein,iekšā,Sees,FAMILY_COPY_STRICT,fi+sv
data,hr,A2,669,hinein,iekšā,Unutra,FAMILY_COPY_STRICT,hr+sr
data,sr,A2,669,hinein,iekšā,Unutra,FAMILY_COPY_STRICT,hr+sr
data,is,A2,669,hinein,iekšā,Vi ses,FAMILY_COPY_STRICT,is+nb+nn
data,nb,A2,669,hinein,iekšā,Vi ses,FAMILY_COPY_STRICT,is+nb+nn
data,nn,A2,669,hinein,iekšā,Vi ses,FAMILY_COPY_STRICT,is+nb+nn
data,hr,A2,670,hineingehen,ieiet iekšā,Влез вътре,SCRIPT_MISMATCH,
data,hr,A2,670,hineingehen,ieiet iekšā,Влез вътре,MARKER_LEAK,foreign_script
data,it,A2,670,hineingehen,ieiet iekšā,Ieiet iekšā,SAME_AS_LV_CASEFOLD,casefold_only
data,it,A2,670,hineingehen,ieiet iekšā,Ieiet iekšā,LV_DIACRITIC,
data,it,A2,670,hineingehen,ieiet iekšā,Ieiet iekšā,MARKER_LEAK,lv_macron_consonant
data,lb,A2,670,hineingehen,ieiet iekšā,Ieiet iekšā,SAME_AS_LV_CASEFOLD,casefold_only
data,lb,A2,670,hineingehen,ieiet iekšā,Ieiet iekšā,LV_DIACRITIC,
data,lb,A2,670,hineingehen,ieiet iekšā,Ieiet iekšā,MARKER_LEAK,lv_macron_consonant
data,nl,A2,670,hineingehen,ieiet iekšā,Ieiet iekšā,SAME_AS_LV_CASEFOLD,casefold_only
data,nl,A2,670,hineingehen,ieiet iekšā,Ieiet iekšā,LV_DIACRITIC,
data,nl,A2,670,hineingehen,ieiet iekšā,Ieiet iekšā,MARKER_LEAK,lv_macron_consonant
data,pt,A2,670,hineingehen,ieiet iekšā,Ieiet iekšā,SAME_AS_LV_CASEFOLD,casefold_only
data,pt,A2,670,hineingehen,ieiet iekšā,Ieiet iekšā,LV_DIACRITIC,
data,pt,A2,670,hineingehen,ieiet iekšā,Ieiet iekšā,MARKER_LEAK,lv_macron_consonant
data,sl,A2,670,hineingehen,ieiet iekšā,ieiet iekšā,SAME_AS_LV_CASEFOLD,exact
data,sl,A2,670,hineingehen,ieiet iekšā,ieiet iekšā,LV_DIACRITIC,
data,sl,A2,670,hineingehen,ieiet iekšā,ieiet iekšā,MARKER_LEAK,lv_macron_consonant
data,sq,A2,670,hineingehen,ieiet iekšā,İçeri gel,MARKER_LEAK,tr_soft
data,bg,A2,670,hineingehen,ieiet iekšā,Влез вътре,FAMILY_COPY_STRICT,bg+hr+mk+sr
data,hr,A2,670,hineingehen,ieiet iekšā,Влез вътре,FAMILY_COPY_STRICT,bg+hr+mk+sr
data,mk,A2,670,hineingehen,ieiet iekšā,Влез вътре,FAMILY_COPY_STRICT,bg+hr+mk+sr
data,sr,A2,670,hineingehen,ieiet iekšā,Влез вътре,FAMILY_COPY_STRICT,bg+hr+mk+sr
data,fi,A2,670,hineingehen,ieiet iekšā,Sisse minema,FAMILY_COPY_STRICT,fi+sv
data,sv,A2,670,hineingehen,ieiet iekšā,Sisse minema,FAMILY_COPY_STRICT,fi+sv
data,is,A2,670,hineingehen,ieiet iekšā,Sissy gå bort,FAMILY_COPY_STRICT,is+nb+nn
data,nb,A2,670,hineingehen,ieiet iekšā,Sissy gå bort,FAMILY_COPY_STRICT,is+nb+nn
data,nn,A2,670,hineingehen,ieiet iekšā,Sissy gå bort,FAMILY_COPY_STRICT,is+nb+nn
data,it,A2,670,hineingehen,ieiet iekšā,Ieiet iekšā,FAMILY_COPY_STRICT,it+lb+nl+pt
data,lb,A2,670,hineingehen,ieiet iekšā,Ieiet iekšā,FAMILY_COPY_STRICT,it+lb+nl+pt
data,nl,A2,670,hineingehen,ieiet iekšā,Ieiet iekšā,FAMILY_COPY_STRICT,it+lb+nl+pt
data,pt,A2,670,hineingehen,ieiet iekšā,Ieiet iekšā,FAMILY_COPY_STRICT,it+lb+nl+pt
data,sq,A2,670,hineingehen,ieiet iekšā,İçeri gel,FAMILY_COPY_STRICT,sq+tr
data,tr,A2,670,hineingehen,ieiet iekšā,İçeri gel,FAMILY_COPY_STRICT,sq+tr
data,hr,A2,671,hinfallen,nokrist,Паѓање,SCRIPT_MISMATCH,
data,hr,A2,671,hinfallen,nokrist,Паѓање,MARKER_LEAK,foreign_script
data,it,A2,671,hinfallen,nokrist,Nokrist,SAME_AS_LV_CASEFOLD,casefold_only
data,lb,A2,671,hinfallen,nokrist,Nokrist,SAME_AS_LV_CASEFOLD,casefold_only
data,nl,A2,671,hinfallen,nokrist,Nokrist,SAME_AS_LV_CASEFOLD,casefold_only
data,pt,A2,671,hinfallen,nokrist,Nokrist,SAME_AS_LV_CASEFOLD,casefold_only
data,sk,A2,671,hinfallen,nokrist,Upaść,MARKER_LEAK,pl_l_s_z
data,sl,A2,671,hinfallen,nokrist,nokrist,SAME_AS_LV_CASEFOLD,exact
data,fi,A2,671,hinfallen,nokrist,Kukkuma,FAMILY_COPY_STRICT,fi+sv
data,sv,A2,671,hinfallen,nokrist,Kukkuma,FAMILY_COPY_STRICT,fi+sv
data,hr,A2,671,hinfallen,nokrist,Паѓање,FAMILY_COPY_STRICT,hr+mk+sr
data,mk,A2,671,hinfallen,nokrist,Паѓање,FAMILY_COPY_STRICT,hr+mk+sr
data,sr,A2,671,hinfallen,nokrist,Паѓање,FAMILY_COPY_STRICT,hr+mk+sr
data,is,A2,671,hinfallen,nokrist,Gjøk,FAMILY_COPY_STRICT,is+nb+nn
data,nb,A2,671,hinfallen,nokrist,Gjøk,FAMILY_COPY_STRICT,is+nb+nn
data,nn,A2,671,hinfallen,nokrist,Gjøk,FAMILY_COPY_STRICT,is+nb+nn
data,it,A2,671,hinfallen,nokrist,Nokrist,FAMILY_COPY_STRICT,it+lb+nl+pt
data,lb,A2,671,hinfallen,nokrist,Nokrist,FAMILY_COPY_STRICT,it+lb+nl+pt
data,nl,A2,671,hinfallen,nokrist,Nokrist,FAMILY_COPY_STRICT,it+lb+nl+pt
data,pt,A2,671,hinfallen,nokrist,Nokrist,FAMILY_COPY_STRICT,it+lb+nl+pt
data,pl,A2,671,hinfallen,nokrist,Upaść,FAMILY_COPY_STRICT,pl+sk
data,sk,A2,671,hinfallen,nokrist,Upaść,FAMILY_COPY_STRICT,pl+sk
data,sq,A2,671,hinfallen,nokrist,Düşmek,FAMILY_COPY_STRICT,sq+tr
data,tr,A2,671,hinfallen,nokrist,Düşmek,FAMILY_COPY_STRICT,sq+tr
data,hr,A2,672,hinten,aizmugurē,Отзад,SCRIPT_MISMATCH,
data,hr,A2,672,hinten,aizmugurē,Отзад,MARKER_LEAK,foreign_script
data,lb,A2,672,hinten,aizmugurē,Aizmugurē,SAME_AS_LV_CASEFOLD,casefold_only
data,lb,A2,672,hinten,aizmugurē,Aizmugurē,LV_DIACRITIC,
data,lb,A2,672,hinten,aizmugurē,Aizmugurē,MARKER_LEAK,lv_macron_consonant
data,nl,A2,672,hinten,aizmugurē,Aizmugurē,SAME_AS_LV_CASEFOLD,casefold_only
data,nl,A2,672,hinten,aizmugurē,Aizmugurē,LV_DIACRITIC,
data,nl,A2,672,hinten,aizmugurē,Aizmugurē,MARKER_LEAK,lv_macron_consonant
data,sl,A2,672,hinten,aizmugurē,aizmugurē,SAME_AS_LV_CASEFOLD,exact
data,sl,A2,672,hinten,aizmugurē,aizmugurē,LV_DIACRITIC,
data,sl,A2,672,hinten,aizmugurē,aizmugurē,MARKER_LEAK,lv_macron_consonant
data,bg,A2,672,hinten,aizmugurē,Отзад,FAMILY_COPY_STRICT,bg+hr+mk+sr
data,hr,A2,672,hinten,aizmugurē,Отзад,FAMILY_COPY_STRICT,bg+hr+mk+sr
data,mk,A2,672,hinten,aizmugurē,Отзад,FAMILY_COPY_STRICT,bg+hr+mk+sr
data,sr,A2,672,hinten,aizmugurē,Отзад,FAMILY_COPY_STRICT,bg+hr+mk+sr
data,fi,A2,672,hinten,aizmugurē,Tagapool,FAMILY_COPY_STRICT,fi+is+nb+nn+sv
data,is,A2,672,hinten,aizmugurē,Tagapool,FAMILY_COPY_STRICT,fi+is+nb+nn+sv
data,nb,A2,672,hinten,aizmugurē,Tagapool,FAMILY_COPY_STRICT,fi+is+nb+nn+sv
data,nn,A2,672,hinten,aizmugurē,Tagapool,FAMILY_COPY_STRICT,fi+is+nb+nn+sv
data,sv,A2,672,hinten,aizmugurē,Tagapool,FAMILY_COPY_STRICT,fi+is+nb+nn+sv
data,it,A2,672,hinten,aizmugurē,Aizmugura,FAMILY_COPY_STRICT,it+pt
data,pt,A2,672,hinten,aizmugurē,Aizmugura,FAMILY_COPY_STRICT,it+pt
data,lb,A2,672,hinten,aizmugurē,Aizmugurē,FAMILY_COPY_STRICT,lb+nl
data,nl,A2,672,hinten,aizmugurē,Aizmugurē,FAMILY_COPY_STRICT,lb+nl
data,sq,A2,672,hinten,aizmugurē,Arkadan,FAMILY_COPY_STRICT,sq+tr
data,tr,A2,672,hinten,aizmugurē,Arkadan,FAMILY_COPY_STRICT,sq+tr
data,hr,A2,673,hinunter,lejā,Надолу,SCRIPT_MISMATCH,
data,hr,A2,673,hinunter,lejā,Надолу,MARKER_LEAK,foreign_script
data,lb,A2,673,hinunter,lejā,Lejā,SAME_AS_LV_CASEFOLD,casefold_only
data,lb,A2,673,hinunter,lejā,Lejā,LV_DIACRITIC,
data,lb,A2,673,hinunter,lejā,Lejā,MARKER_LEAK,lv_macron_consonant
data,nl,A2,673,hinunter,lejā,Lejā,SAME_AS_LV_CASEFOLD,casefold_only
data,nl,A2,673,hinunter,lejā,Lejā,LV_DIACRITIC,
data,nl,A2,673,hinunter,lejā,Lejā,MARKER_LEAK,lv_macron_consonant
data,sk,A2,673,hinunter,lejā,W dół,MARKER_LEAK,pl_l_s_z
data,sl,A2,673,hinunter,lejā,lejā,SAME_AS_LV_CASEFOLD,exact
data,sl,A2,673,hinunter,lejā,lejā,LV_DIACRITIC,
data,sl,A2,673,hinunter,lejā,lejā,MARKER_LEAK,lv_macron_consonant
data,bg,A2,673,hinunter,lejā,Надолу,FAMILY_COPY_STRICT,bg+hr+mk+sr
data,hr,A2,673,hinunter,lejā,Надолу,FAMILY_COPY_STRICT,bg+hr+mk+sr
data,mk,A2,673,hinunter,lejā,Надолу,FAMILY_COPY_STRICT,bg+hr+mk+sr
data,sr,A2,673,hinunter,lejā,Надолу,FAMILY_COPY_STRICT,bg+hr+mk+sr
data,fi,A2,673,hinunter,lejā,Alla,FAMILY_COPY_STRICT,fi+sv
data,sv,A2,673,hinunter,lejā,Alla,FAMILY_COPY_STRICT,fi+sv
data,is,A2,673,hinunter,lejā,Alle,FAMILY_COPY_STRICT,is+nb+nn
data,nb,A2,673,hinunter,lejā,Alle,FAMILY_COPY_STRICT,is+nb+nn
data,nn,A2,673,hinunter,lejā,Alle,FAMILY_COPY_STRICT,is+nb+nn
data,lb,A2,673,hinunter,lejā,Lejā,FAMILY_COPY_STRICT,lb+nl
data,nl,A2,673,hinunter,lejā,Lejā,FAMILY_COPY_STRICT,lb+nl
data,pl,A2,673,hinunter,lejā,W dół,FAMILY_COPY_STRICT,pl+sk
data,sk,A2,673,hinunter,lejā,W dół,FAMILY_COPY_STRICT,pl+sk
data,hr,A2,674,hinuntergehen,iet lejā,Оди долу,SCRIPT_MISMATCH,
data,hr,A2,674,hinuntergehen,iet lejā,Оди долу,MARKER_LEAK,foreign_script
data,lb,A2,674,hinuntergehen,iet lejā,Iet lejā,SAME_AS_LV_CASEFOLD,casefold_only
data,lb,A2,674,hinuntergehen,iet lejā,Iet lejā,LV_DIACRITIC,
data,lb,A2,674,hinuntergehen,iet lejā,Iet lejā,MARKER_LEAK,lv_macron_consonant
data,nl,A2,674,hinuntergehen,iet lejā,Iet lejā,SAME_AS_LV_CASEFOLD,casefold_only
data,nl,A2,674,hinuntergehen,iet lejā,Iet lejā,LV_DIACRITIC,
data,nl,A2,674,hinuntergehen,iet lejā,Iet lejā,MARKER_LEAK,lv_macron_consonant
data,sl,A2,674,hinuntergehen,iet lejā,iet lejā,SAME_AS_LV_CASEFOLD,exact
data,sl,A2,674,hinuntergehen,iet lejā,iet lejā,LV_DIACRITIC,
data,sl,A2,674,hinuntergehen,iet lejā,iet lejā,MARKER_LEAK,lv_macron_consonant
data,fi,A2,674,hinuntergehen,iet lejā,Alla minema,FAMILY_COPY_STRICT,fi+sv
data,sv,A2,674,hinuntergehen,iet lejā,Alla minema,FAMILY_COPY_STRICT,fi+sv
data,hr,A2,674,hinuntergehen,iet lejā,Оди долу,FAMILY_COPY_STRICT,hr+mk+sr
data,mk,A2,674,hinuntergehen,iet lejā,Оди долу,FAMILY_COPY_STRICT,hr+mk+sr
data,sr,A2,674,hinuntergehen,iet lejā,Оди долу,FAMILY_COPY_STRICT,hr+mk+sr
data,is,A2,674,hinuntergehen,iet lejā,Alle går,FAMILY_COPY_STRICT,is+nb+nn
data,nb,A2,674,hinuntergehen,iet lejā,Alle går,FAMILY_COPY_STRICT,is+nb+nn
data,nn,A2,674,hinuntergehen,iet lejā,Alle går,FAMILY_COPY_STRICT,is+nb+nn
data,lb,A2,674,hinuntergehen,iet lejā,Iet lejā,FAMILY_COPY_STRICT,lb+nl
data,nl,A2,674,hinuntergehen,iet lejā,Iet lejā,FAMILY_COPY_STRICT,lb+nl
data,pl,A2,674,hinuntergehen,iet lejā,Spadać,FAMILY_COPY_STRICT,pl+sk
data,sk,A2,674,hinuntergehen,iet lejā,Spadać,FAMILY_COPY_STRICT,pl+sk
data,sq,A2,674,hinuntergehen,iet lejā,Düşmek,FAMILY_COPY_STRICT,sq+tr
data,tr,A2,674,hinuntergehen,iet lejā,Düşmek,FAMILY_COPY_STRICT,sq+tr
data,nl,A2,675,Hochzeit,kāzas,Kāzas,SAME_AS_LV_CASEFOLD,casefold_only
data,nl,A2,675,Hochzeit,kāzas,Kāzas,LV_DIACRITIC,
data,nl,A2,675,Hochzeit,kāzas,Kāzas,MARKER_LEAK,lv_macron_consonant
data,sk,A2,675,Hochzeit,kāzas,Ślub,MARKER_LEAK,pl_l_s_z
data,sl,A2,675,Hochzeit,kāzas,kāzas,SAME_AS_LV_CASEFOLD,exact
data,sl,A2,675,Hochzeit,kāzas,kāzas,LV_DIACRITIC,
data,sl,A2,675,Hochzeit,kāzas,kāzas,MARKER_LEAK,lv_macron_consonant
data,sq,A2,675,Hochzeit,kāzas,Ślub,MARKER_LEAK,pl_l_s_z
data,sr,A2,675,Hochzeit,kāzas,Poroka,SCRIPT_MISMATCH,sr_as_cyrillic
data,sr,A2,675,Hochzeit,kāzas,Poroka,MARKER_LEAK,latin_in_cyrillic
data,tr,A2,675,Hochzeit,kāzas,Ślub,MARKER_LEAK,pl_l_s_z
data,bg,A2,675,Hochzeit,kāzas,Сватба,FAMILY_COPY_STRICT,bg+mk
data,mk,A2,675,Hochzeit,kāzas,Сватба,FAMILY_COPY_STRICT,bg+mk
data,fi,A2,675,Hochzeit,kāzas,Pulmad,FAMILY_COPY_STRICT,fi+sv
data,sv,A2,675,Hochzeit,kāzas,Pulmad,FAMILY_COPY_STRICT,fi+sv
data,hr,A2,675,Hochzeit,kāzas,Poroka,FAMILY_COPY_STRICT,hr+sr
data,sr,A2,675,Hochzeit,kāzas,Poroka,FAMILY_COPY_STRICT,hr+sr
data,is,A2,675,Hochzeit,kāzas,Plumpet,FAMILY_COPY_STRICT,is+nb+nn
data,nb,A2,675,Hochzeit,kāzas,Plumpet,FAMILY_COPY_STRICT,is+nb+nn
data,nn,A2,675,Hochzeit,kāzas,Plumpet,FAMILY_COPY_STRICT,is+nb+nn
data,it,A2,675,Hochzeit,kāzas,Kazas,FAMILY_COPY_STRICT,it+pt
data,pt,A2,675,Hochzeit,kāzas,Kazas,FAMILY_COPY_STRICT,it+pt
data,pl,A2,675,Hochzeit,kāzas,Ślub,FAMILY_COPY_STRICT,pl+sk+sq+tr
data,sk,A2,675,Hochzeit,kāzas,Ślub,FAMILY_COPY_STRICT,pl+sk+sq+tr
data,sq,A2,675,Hochzeit,kāzas,Ślub,FAMILY_COPY_STRICT,pl+sk+sq+tr
data,tr,A2,675,Hochzeit,kāzas,Ślub,FAMILY_COPY_STRICT,pl+sk+sq+tr
data,hr,A2,676,Hockey,hokejs,Хокеј,SCRIPT_MISMATCH,
data,hr,A2,676,Hockey,hokejs,Хокеј,MARKER_LEAK,foreign_script
data,it,A2,676,Hockey,hokejs,Hokejs,SAME_AS_LV_CASEFOLD,casefold_only
data,nl,A2,676,Hockey,hokejs,Hokejs,SAME_AS_LV_CASEFOLD,casefold_only
data,pt,A2,676,Hockey,hokejs,Hokejs,SAME_AS_LV_CASEFOLD,casefold_only
data,sl,A2,676,Hockey,hokejs,hokejs,SAME_AS_LV_CASEFOLD,exact
data,cs,A2,676,Hockey,hokejs,Hokej,FAMILY_COPY_STRICT,cs+pl+sk+sq+tr
data,pl,A2,676,Hockey,hokejs,Hokej,FAMILY_COPY_STRICT,cs+pl+sk+sq+tr
data,sk,A2,676,Hockey,hokejs,Hokej,FAMILY_COPY_STRICT,cs+pl+sk+sq+tr
data,sq,A2,676,Hockey,hokejs,Hokej,FAMILY_COPY_STRICT,cs+pl+sk+sq+tr
data,tr,A2,676,Hockey,hokejs,Hokej,FAMILY_COPY_STRICT,cs+pl+sk+sq+tr
data,fi,A2,676,Hockey,hokejs,Hoki,FAMILY_COPY_STRICT,fi+sv
data,sv,A2,676,Hockey,hokejs,Hoki,FAMILY_COPY_STRICT,fi+sv
data,hr,A2,676,Hockey,hokejs,Хокеј,FAMILY_COPY_STRICT,hr+mk+sr
data,mk,A2,676,Hockey,hokejs,Хокеј,FAMILY_COPY_STRICT,hr+mk+sr
data,sr,A2,676,Hockey,hokejs,Хокеј,FAMILY_COPY_STRICT,hr+mk+sr
data,it,A2,676,Hockey,hokejs,Hokejs,FAMILY_COPY_STRICT,it+nl+pt
data,nl,A2,676,Hockey,hokejs,Hokejs,FAMILY_COPY_STRICT,it+nl+pt
data,pt,A2,676,Hockey,hokejs,Hokejs,FAMILY_COPY_STRICT,it+nl+pt
data,hr,A2,677,hoffen,cerēt,Надежда,SCRIPT_MISMATCH,
data,hr,A2,677,hoffen,cerēt,Надежда,MARKER_LEAK,foreign_script
data,lb,A2,677,hoffen,cerēt,Cerēt,SAME_AS_LV_CASEFOLD,casefold_only
data,lb,A2,677,hoffen,cerēt,Cerēt,LV_DIACRITIC,
data,lb,A2,677,hoffen,cerēt,Cerēt,MARKER_LEAK,lv_macron_consonant
data,nl,A2,677,hoffen,cerēt,Cerēt,SAME_AS_LV_CASEFOLD,casefold_only
data,nl,A2,677,hoffen,cerēt,Cerēt,LV_DIACRITIC,
data,nl,A2,677,hoffen,cerēt,Cerēt,MARKER_LEAK,lv_macron_consonant
data,sk,A2,677,hoffen,cerēt,Mieć nadzieję,MARKER_LEAK,pl_lt_nasal
data,sl,A2,677,hoffen,cerēt,cerēt,SAME_AS_LV_CASEFOLD,exact
data,sl,A2,677,hoffen,cerēt,cerēt,LV_DIACRITIC,
data,sl,A2,677,hoffen,cerēt,cerēt,MARKER_LEAK,lv_macron_consonant
data,bg,A2,677,hoffen,cerēt,Надежда,FAMILY_COPY_STRICT,bg+hr+mk+sr
data,hr,A2,677,hoffen,cerēt,Надежда,FAMILY_COPY_STRICT,bg+hr+mk+sr
data,mk,A2,677,hoffen,cerēt,Надежда,FAMILY_COPY_STRICT,bg+hr+mk+sr
data,sr,A2,677,hoffen,cerēt,Надежда,FAMILY_COPY_STRICT,bg+hr+mk+sr
data,fi,A2,677,hoffen,cerēt,Lootma,FAMILY_COPY_STRICT,fi+is+nb+nn+sv
data,is,A2,677,hoffen,cerēt,Lootma,FAMILY_COPY_STRICT,fi+is+nb+nn+sv
data,nb,A2,677,hoffen,cerēt,Lootma,FAMILY_COPY_STRICT,fi+is+nb+nn+sv
data,nn,A2,677,hoffen,cerēt,Lootma,FAMILY_COPY_STRICT,fi+is+nb+nn+sv
data,sv,A2,677,hoffen,cerēt,Lootma,FAMILY_COPY_STRICT,fi+is+nb+nn+sv
data,lb,A2,677,hoffen,cerēt,Cerēt,FAMILY_COPY_STRICT,lb+nl
data,nl,A2,677,hoffen,cerēt,Cerēt,FAMILY_COPY_STRICT,lb+nl
data,pl,A2,677,hoffen,cerēt,Mieć nadzieję,FAMILY_COPY_STRICT,pl+sk
data,sk,A2,677,hoffen,cerēt,Mieć nadzieję,FAMILY_COPY_STRICT,pl+sk
data,sq,A2,677,hoffen,cerēt,Umut,FAMILY_COPY_STRICT,sq+tr
data,tr,A2,677,hoffen,cerēt,Umut,FAMILY_COPY_STRICT,sq+tr
data,hr,A2,678,Hoffnung,cerība,Надежда,SCRIPT_MISMATCH,
data,hr,A2,678,Hoffnung,cerība,Надежда,MARKER_LEAK,foreign_script
data,nl,A2,678,Hoffnung,cerība,Cerība,SAME_AS_LV_CASEFOLD,casefold_only
data,nl,A2,678,Hoffnung,cerība,Cerība,LV_DIACRITIC,
data,nl,A2,678,Hoffnung,cerība,Cerība,MARKER_LEAK,lv_macron_consonant
data,sk,A2,678,Hoffnung,cerība,Mieć nadzieję,MARKER_LEAK,pl_lt_nasal
data,sl,A2,678,Hoffnung,cerība,cerība,SAME_AS_LV_CASEFOLD,exact
data,sl,A2,678,Hoffnung,cerība,cerība,LV_DIACRITIC,
data,sl,A2,678,Hoffnung,cerība,cerība,MARKER_LEAK,lv_macron_consonant
data,bg,A2,678,Hoffnung,cerība,Надежда,FAMILY_COPY_STRICT,bg+hr+mk+sr
data,hr,A2,678,Hoffnung,cerība,Надежда,FAMILY_COPY_STRICT,bg+hr+mk+sr
data,mk,A2,678,Hoffnung,cerība,Надежда,FAMILY_COPY_STRICT,bg+hr+mk+sr
data,sr,A2,678,Hoffnung,cerība,Надежда,FAMILY_COPY_STRICT,bg+hr+mk+sr
data,fi,A2,678,Hoffnung,cerība,Lootus,FAMILY_COPY_STRICT,fi+sv
data,sv,A2,678,Hoffnung,cerība,Lootus,FAMILY_COPY_STRICT,fi+sv
data,is,A2,678,Hoffnung,cerība,Lotus,FAMILY_COPY_STRICT,is+nb+nn
data,nb,A2,678,Hoffnung,cerība,Lotus,FAMILY_COPY_STRICT,is+nb+nn
data,nn,A2,678,Hoffnung,cerība,Lotus,FAMILY_COPY_STRICT,is+nb+nn
data,it,A2,678,Hoffnung,cerība,Ceriba,FAMILY_COPY_STRICT,it+pt
data,pt,A2,678,Hoffnung,cerība,Ceriba,FAMILY_COPY_STRICT,it+pt
data,pl,A2,678,Hoffnung,cerība,Mieć nadzieję,FAMILY_COPY_STRICT,pl+sk
data,sk,A2,678,Hoffnung,cerība,Mieć nadzieję,FAMILY_COPY_STRICT,pl+sk
data,sq,A2,678,Hoffnung,cerība,Umut,FAMILY_COPY_STRICT,sq+tr
data,tr,A2,678,Hoffnung,cerība,Umut,FAMILY_COPY_STRICT,sq+tr
data,hr,A2,679,höflich,pieklājīgs,Пристојно,SCRIPT_MISMATCH,
data,hr,A2,679,höflich,pieklājīgs,Пристојно,MARKER_LEAK,foreign_script
data,sl,A2,679,höflich,pieklājīgs,pieklājīgs,SAME_AS_LV_CASEFOLD,exact
data,sl,A2,679,höflich,pieklājīgs,pieklājīgs,LV_DIACRITIC,
data,sl,A2,679,höflich,pieklājīgs,pieklājīgs,MARKER_LEAK,lv_macron_consonant
data,fi,A2,679,höflich,pieklājīgs,Viisakas,FAMILY_COPY_STRICT,fi+is+nb+nn+sv
data,is,A2,679,höflich,pieklājīgs,Viisakas,FAMILY_COPY_STRICT,fi+is+nb+nn+sv
data,nb,A2,679,höflich,pieklājīgs,Viisakas,FAMILY_COPY_STRICT,fi+is+nb+nn+sv
data,nn,A2,679,höflich,pieklājīgs,Viisakas,FAMILY_COPY_STRICT,fi+is+nb+nn+sv
data,sv,A2,679,höflich,pieklājīgs,Viisakas,FAMILY_COPY_STRICT,fi+is+nb+nn+sv
data,hr,A2,679,höflich,pieklājīgs,Пристојно,FAMILY_COPY_STRICT,hr+mk+sr
data,mk,A2,679,höflich,pieklājīgs,Пристојно,FAMILY_COPY_STRICT,hr+mk+sr
data,sr,A2,679,höflich,pieklājīgs,Пристојно,FAMILY_COPY_STRICT,hr+mk+sr
data,fi,A2,680,Höhe,augstums,Kõrgus,MARKER_LEAK,et_otilde
data,hr,A2,680,Höhe,augstums,Височина,SCRIPT_MISMATCH,
data,hr,A2,680,Höhe,augstums,Височина,MARKER_LEAK,foreign_script
data,it,A2,680,Höhe,augstums,Augstums,SAME_AS_LV_CASEFOLD,casefold_only
data,nl,A2,680,Höhe,augstums,Augstums,SAME_AS_LV_CASEFOLD,casefold_only
data,sk,A2,680,Höhe,augstums,Wysokość,MARKER_LEAK,pl_l_s_z
data,sl,A2,680,Höhe,augstums,augstums,SAME_AS_LV_CASEFOLD,exact
data,sv,A2,680,Höhe,augstums,Kõrgus,MARKER_LEAK,et_otilde
data,bg,A2,680,Höhe,augstums,Височина,FAMILY_COPY_STRICT,bg+hr+mk+sr
data,hr,A2,680,Höhe,augstums,Височина,FAMILY_COPY_STRICT,bg+hr+mk+sr
data,mk,A2,680,Höhe,augstums,Височина,FAMILY_COPY_STRICT,bg+hr+mk+sr
data,sr,A2,680,Höhe,augstums,Височина,FAMILY_COPY_STRICT,bg+hr+mk+sr
data,fi,A2,680,Höhe,augstums,Kõrgus,FAMILY_COPY_STRICT,fi+sv
data,sv,A2,680,Höhe,augstums,Kõrgus,FAMILY_COPY_STRICT,fi+sv
data,is,A2,680,Höhe,augstums,Korgus,FAMILY_COPY_STRICT,is+nb+nn
data,nb,A2,680,Höhe,augstums,Korgus,FAMILY_COPY_STRICT,is+nb+nn
data,nn,A2,680,Höhe,augstums,Korgus,FAMILY_COPY_STRICT,is+nb+nn
data,it,A2,680,Höhe,augstums,Augstums,FAMILY_COPY_STRICT,it+nl
data,nl,A2,680,Höhe,augstums,Augstums,FAMILY_COPY_STRICT,it+nl
data,pl,A2,680,Höhe,augstums,Wysokość,FAMILY_COPY_STRICT,pl+sk
data,sk,A2,680,Höhe,augstums,Wysokość,FAMILY_COPY_STRICT,pl+sk
data,sq,A2,680,Höhe,augstums,Yükseklik,FAMILY_COPY_STRICT,sq+tr
data,tr,A2,680,Höhe,augstums,Yükseklik,FAMILY_COPY_STRICT,sq+tr
data,fi,A2,681,höher,augstāks • augstāk,Kõrgem • Kõrgemal,MARKER_LEAK,et_otilde
data,hr,A2,681,höher,augstāks • augstāk,Висше • Висше,SCRIPT_MISMATCH,
data,hr,A2,681,höher,augstāks • augstāk,Висше • Висше,MARKER_LEAK,foreign_script
data,is,A2,681,höher,augstāks • augstāk,Kõrgem • Kõrgemal,MARKER_LEAK,et_otilde
data,lb,A2,681,höher,augstāks • augstāk,Augstāks • Augstāk,SAME_AS_LV_CASEFOLD,casefold_only
data,lb,A2,681,höher,augstāks • augstāk,Augstāks • Augstāk,LV_DIACRITIC,
data,lb,A2,681,höher,augstāks • augstāk,Augstāks • Augstāk,MARKER_LEAK,lv_macron_consonant
data,nb,A2,681,höher,augstāks • augstāk,Kõrgem • Kõrgemal,MARKER_LEAK,et_otilde
data,nl,A2,681,höher,augstāks • augstāk,Augstāks • Augstāk,SAME_AS_LV_CASEFOLD,casefold_only
data,nl,A2,681,höher,augstāks • augstāk,Augstāks • Augstāk,LV_DIACRITIC,
data,nl,A2,681,höher,augstāks • augstāk,Augstāks • Augstāk,MARKER_LEAK,lv_macron_consonant
data,nn,A2,681,höher,augstāks • augstāk,Kõrgem • Kõrgemal,MARKER_LEAK,et_otilde
data,sk,A2,681,höher,augstāks • augstāk,Wyżej • Powyżej,MARKER_LEAK,pl_l_s_z
data,sl,A2,681,höher,augstāks • augstāk,augstāks • augstāk,SAME_AS_LV_CASEFOLD,exact
data,sl,A2,681,höher,augstāks • augstāk,augstāks • augstāk,LV_DIACRITIC,
data,sl,A2,681,höher,augstāks • augstāk,augstāks • augstāk,MARKER_LEAK,lv_macron_consonant
data,sq,A2,681,höher,augstāks • augstāk,Daha yüksek • Yukarıda,MARKER_LEAK,tr_soft
data,sv,A2,681,höher,augstāks • augstāk,Kõrgem • Kõrgemal,MARKER_LEAK,et_otilde
data,bg,A2,681,höher,augstāks • augstāk,Висше • Висше,FAMILY_COPY_STRICT,bg+hr+mk+sr
data,hr,A2,681,höher,augstāks • augstāk,Висше • Висше,FAMILY_COPY_STRICT,bg+hr+mk+sr
data,mk,A2,681,höher,augstāks • augstāk,Висше • Висше,FAMILY_COPY_STRICT,bg+hr+mk+sr
data,sr,A2,681,höher,augstāks • augstāk,Висше • Висше,FAMILY_COPY_STRICT,bg+hr+mk+sr
data,fi,A2,681,höher,augstāks • augstāk,Kõrgem • Kõrgemal,FAMILY_COPY_STRICT,fi+is+nb+nn+sv
data,is,A2,681,höher,augstāks • augstāk,Kõrgem • Kõrgemal,FAMILY_COPY_STRICT,fi+is+nb+nn+sv
data,nb,A2,681,höher,augstāks • augstāk,Kõrgem • Kõrgemal,FAMILY_COPY_STRICT,fi+is+nb+nn+sv
data,nn,A2,681,höher,augstāks • augstāk,Kõrgem • Kõrgemal,FAMILY_COPY_STRICT,fi+is+nb+nn+sv
data,sv,A2,681,höher,augstāks • augstāk,Kõrgem • Kõrgemal,FAMILY_COPY_STRICT,fi+is+nb+nn+sv
data,lb,A2,681,höher,augstāks • augstāk,Augstāks • Augstāk,FAMILY_COPY_STRICT,lb+nl
data,nl,A2,681,höher,augstāks • augstāk,Augstāks • Augstāk,FAMILY_COPY_STRICT,lb+nl
data,pl,A2,681,höher,augstāks • augstāk,Wyżej • Powyżej,FAMILY_COPY_STRICT,pl+sk
data,sk,A2,681,höher,augstāks • augstāk,Wyżej • Powyżej,FAMILY_COPY_STRICT,pl+sk
data,sq,A2,681,höher,augstāks • augstāk,Daha yüksek • Yukarıda,FAMILY_COPY_STRICT,sq+tr
data,tr,A2,681,höher,augstāks • augstāk,Daha yüksek • Yukarıda,FAMILY_COPY_STRICT,sq+tr
data,it,A2,682,Holz,koksne,Koksne,SAME_AS_LV_CASEFOLD,casefold_only
data,lb,A2,682,Holz,koksne,Koksne,SAME_AS_LV_CASEFOLD,casefold_only
data,nl,A2,682,Holz,koksne,Koksne,SAME_AS_LV_CASEFOLD,casefold_only
data,pt,A2,682,Holz,koksne,Koksne,SAME_AS_LV_CASEFOLD,casefold_only
data,sl,A2,682,Holz,koksne,koksne,SAME_AS_LV_CASEFOLD,exact
data,sr,A2,682,Holz,koksne,Les,SCRIPT_MISMATCH,sr_as_cyrillic
data,sr,A2,682,Holz,koksne,Les,MARKER_LEAK,latin_in_cyrillic
data,bg,A2,682,Holz,koksne,Дърво,FAMILY_COPY_STRICT,bg+mk
data,mk,A2,682,Holz,koksne,Дърво,FAMILY_COPY_STRICT,bg+mk
data,fi,A2,682,Holz,koksne,Puit,FAMILY_COPY_STRICT,fi+sv
data,sv,A2,682,Holz,koksne,Puit,FAMILY_COPY_STRICT,fi+sv
data,hr,A2,682,Holz,koksne,Les,FAMILY_COPY_STRICT,hr+sr
data,sr,A2,682,Holz,koksne,Les,FAMILY_COPY_STRICT,hr+sr
data,is,A2,682,Holz,koksne,Trutmunn,FAMILY_COPY_STRICT,is+nb+nn
data,nb,A2,682,Holz,koksne,Trutmunn,FAMILY_COPY_STRICT,is+nb+nn
data,nn,A2,682,Holz,koksne,Trutmunn,FAMILY_COPY_STRICT,is+nb+nn
data,it,A2,682,Holz,koksne,Koksne,FAMILY_COPY_STRICT,it+lb+nl+pt
data,lb,A2,682,Holz,koksne,Koksne,FAMILY_COPY_STRICT,it+lb+nl+pt
data,nl,A2,682,Holz,koksne,Koksne,FAMILY_COPY_STRICT,it+lb+nl+pt
data,pt,A2,682,Holz,koksne,Koksne,FAMILY_COPY_STRICT,it+lb+nl+pt
data,pl,A2,682,Holz,koksne,Drewno,FAMILY_COPY_STRICT,pl+sk
data,sk,A2,682,Holz,koksne,Drewno,FAMILY_COPY_STRICT,pl+sk
data,hr,A2,683,Homepage,interneta mājas lapa,Почетна страница на Интернет,SCRIPT_MISMATCH,
data,hr,A2,683,Homepage,interneta mājas lapa,Почетна страница на Интернет,MARKER_LEAK,foreign_script
data,lb,A2,683,Homepage,interneta mājas lapa,Interneta mājas lapa,SAME_AS_LV_CASEFOLD,casefold_only
data,lb,A2,683,Homepage,interneta mājas lapa,Interneta mājas lapa,LV_DIACRITIC,
data,lb,A2,683,Homepage,interneta mājas lapa,Interneta mājas lapa,MARKER_LEAK,lv_macron_consonant
data,nl,A2,683,Homepage,interneta mājas lapa,Interneta mājas lapa,SAME_AS_LV_CASEFOLD,casefold_only
data,nl,A2,683,Homepage,interneta mājas lapa,Interneta mājas lapa,LV_DIACRITIC,
data,nl,A2,683,Homepage,interneta mājas lapa,Interneta mājas lapa,MARKER_LEAK,lv_macron_consonant
data,sk,A2,683,Homepage,interneta mājas lapa,Strona główna Internetu,MARKER_LEAK,pl_l_s_z
data,sl,A2,683,Homepage,interneta mājas lapa,interneta mājas lapa,SAME_AS_LV_CASEFOLD,exact
data,sl,A2,683,Homepage,interneta mājas lapa,interneta mājas lapa,LV_DIACRITIC,
data,sl,A2,683,Homepage,interneta mājas lapa,interneta mājas lapa,MARKER_LEAK,lv_macron_consonant
data,fi,A2,683,Homepage,interneta mājas lapa,Koduleht,FAMILY_COPY_STRICT,fi+is+nb+nn+sv
data,is,A2,683,Homepage,interneta mājas lapa,Koduleht,FAMILY_COPY_STRICT,fi+is+nb+nn+sv
data,nb,A2,683,Homepage,interneta mājas lapa,Koduleht,FAMILY_COPY_STRICT,fi+is+nb+nn+sv
data,nn,A2,683,Homepage,interneta mājas lapa,Koduleht,FAMILY_COPY_STRICT,fi+is+nb+nn+sv
data,sv,A2,683,Homepage,interneta mājas lapa,Koduleht,FAMILY_COPY_STRICT,fi+is+nb+nn+sv
data,hr,A2,683,Homepage,interneta mājas lapa,Почетна страница на Интернет,FAMILY_COPY_STRICT,hr+mk+sr
data,mk,A2,683,Homepage,interneta mājas lapa,Почетна страница на Интернет,FAMILY_COPY_STRICT,hr+mk+sr
data,sr,A2,683,Homepage,interneta mājas lapa,Почетна страница на Интернет,FAMILY_COPY_STRICT,hr+mk+sr
data,lb,A2,683,Homepage,interneta mājas lapa,Interneta mājas lapa,FAMILY_COPY_STRICT,lb+nl
data,nl,A2,683,Homepage,interneta mājas lapa,Interneta mājas lapa,FAMILY_COPY_STRICT,lb+nl
data,pl,A2,683,Homepage,interneta mājas lapa,Strona główna Internetu,FAMILY_COPY_STRICT,pl+sk
data,sk,A2,683,Homepage,interneta mājas lapa,Strona główna Internetu,FAMILY_COPY_STRICT,pl+sk
data,hr,A2,684,Hosenbein,bikšu stara,Кок с панталон,SCRIPT_MISMATCH,
data,hr,A2,684,Hosenbein,bikšu stara,Кок с панталон,MARKER_LEAK,foreign_script
data,lb,A2,684,Hosenbein,bikšu stara,Bikšu stara,SAME_AS_LV_CASEFOLD,casefold_only
data,lb,A2,684,Hosenbein,bikšu stara,Bikšu stara,LV_DIACRITIC,
data,nl,A2,684,Hosenbein,bikšu stara,Bikšu stara,SAME_AS_LV_CASEFOLD,casefold_only
data,nl,A2,684,Hosenbein,bikšu stara,Bikšu stara,LV_DIACRITIC,
data,sl,A2,684,Hosenbein,bikšu stara,bikšu stara,SAME_AS_LV_CASEFOLD,exact
data,bg,A2,684,Hosenbein,bikšu stara,Кок с панталон,FAMILY_COPY_STRICT,bg+hr+mk+sr
data,hr,A2,684,Hosenbein,bikšu stara,Кок с панталон,FAMILY_COPY_STRICT,bg+hr+mk+sr
data,mk,A2,684,Hosenbein,bikšu stara,Кок с панталон,FAMILY_COPY_STRICT,bg+hr+mk+sr
data,sr,A2,684,Hosenbein,bikšu stara,Кок с панталон,FAMILY_COPY_STRICT,bg+hr+mk+sr
data,fi,A2,684,Hosenbein,bikšu stara,Püksisäär,FAMILY_COPY_STRICT,fi+is+nb+nn+sv
data,is,A2,684,Hosenbein,bikšu stara,Püksisäär,FAMILY_COPY_STRICT,fi+is+nb+nn+sv
data,nb,A2,684,Hosenbein,bikšu stara,Püksisäär,FAMILY_COPY_STRICT,fi+is+nb+nn+sv
data,nn,A2,684,Hosenbein,bikšu stara,Püksisäär,FAMILY_COPY_STRICT,fi+is+nb+nn+sv
data,sv,A2,684,Hosenbein,bikšu stara,Püksisäär,FAMILY_COPY_STRICT,fi+is+nb+nn+sv
data,lb,A2,684,Hosenbein,bikšu stara,Bikšu stara,FAMILY_COPY_STRICT,lb+nl
data,nl,A2,684,Hosenbein,bikšu stara,Bikšu stara,FAMILY_COPY_STRICT,lb+nl
data,pl,A2,684,Hosenbein,bikšu stara,Belka spodni,FAMILY_COPY_STRICT,pl+sk
data,sk,A2,684,Hosenbein,bikšu stara,Belka spodni,FAMILY_COPY_STRICT,pl+sk
data,sq,A2,684,Hosenbein,bikšu stara,Pantolon kirişi,FAMILY_COPY_STRICT,sq+tr
data,tr,A2,684,Hosenbein,bikšu stara,Pantolon kirişi,FAMILY_COPY_STRICT,sq+tr
data,hr,A2,685,Hosenträger,bikšturi,Тирант,SCRIPT_MISMATCH,
data,hr,A2,685,Hosenträger,bikšturi,Тирант,MARKER_LEAK,foreign_script
data,it,A2,685,Hosenträger,bikšturi,Bikšturi,SAME_AS_LV_CASEFOLD,casefold_only
data,it,A2,685,Hosenträger,bikšturi,Bikšturi,LV_DIACRITIC,
data,lb,A2,685,Hosenträger,bikšturi,Bikšturi,SAME_AS_LV_CASEFOLD,casefold_only
data,lb,A2,685,Hosenträger,bikšturi,Bikšturi,LV_DIACRITIC,
data,nl,A2,685,Hosenträger,bikšturi,Bikšturi,SAME_AS_LV_CASEFOLD,casefold_only
data,nl,A2,685,Hosenträger,bikšturi,Bikšturi,LV_DIACRITIC,
data,pt,A2,685,Hosenträger,bikšturi,Bikšturi,SAME_AS_LV_CASEFOLD,casefold_only
data,pt,A2,685,Hosenträger,bikšturi,Bikšturi,LV_DIACRITIC,
data,sl,A2,685,Hosenträger,bikšturi,bikšturi,SAME_AS_LV_CASEFOLD,exact
data,bg,A2,685,Hosenträger,bikšturi,Тирант,FAMILY_COPY_STRICT,bg+hr+mk+sr
data,hr,A2,685,Hosenträger,bikšturi,Тирант,FAMILY_COPY_STRICT,bg+hr+mk+sr
data,mk,A2,685,Hosenträger,bikšturi,Тирант,FAMILY_COPY_STRICT,bg+hr+mk+sr
data,sr,A2,685,Hosenträger,bikšturi,Тирант,FAMILY_COPY_STRICT,bg+hr+mk+sr
data,fi,A2,685,Hosenträger,bikšturi,Traksid,FAMILY_COPY_STRICT,fi+sv
data,sv,A2,685,Hosenträger,bikšturi,Traksid,FAMILY_COPY_STRICT,fi+sv
data,is,A2,685,Hosenträger,bikšturi,Trakside,FAMILY_COPY_STRICT,is+nb+nn
data,nb,A2,685,Hosenträger,bikšturi,Trakside,FAMILY_COPY_STRICT,is+nb+nn
data,nn,A2,685,Hosenträger,bikšturi,Trakside,FAMILY_COPY_STRICT,is+nb+nn
data,it,A2,685,Hosenträger,bikšturi,Bikšturi,FAMILY_COPY_STRICT,it+lb+nl+pt
data,lb,A2,685,Hosenträger,bikšturi,Bikšturi,FAMILY_COPY_STRICT,it+lb+nl+pt
data,nl,A2,685,Hosenträger,bikšturi,Bikšturi,FAMILY_COPY_STRICT,it+lb+nl+pt
data,pt,A2,685,Hosenträger,bikšturi,Bikšturi,FAMILY_COPY_STRICT,it+lb+nl+pt
data,pl,A2,685,Hosenträger,bikšturi,Szelki,FAMILY_COPY_STRICT,pl+sk+sq+tr
data,sk,A2,685,Hosenträger,bikšturi,Szelki,FAMILY_COPY_STRICT,pl+sk+sq+tr
data,sq,A2,685,Hosenträger,bikšturi,Szelki,FAMILY_COPY_STRICT,pl+sk+sq+tr
data,tr,A2,685,Hosenträger,bikšturi,Szelki,FAMILY_COPY_STRICT,pl+sk+sq+tr
data,hr,A2,686,Hotel,viesnīca,Хотел,SCRIPT_MISMATCH,
data,hr,A2,686,Hotel,viesnīca,Хотел,MARKER_LEAK,foreign_script
data,lb,A2,686,Hotel,viesnīca,Viesnīca,SAME_AS_LV_CASEFOLD,casefold_only
data,lb,A2,686,Hotel,viesnīca,Viesnīca,LV_DIACRITIC,
data,lb,A2,686,Hotel,viesnīca,Viesnīca,MARKER_LEAK,lv_macron_consonant
data,nl,A2,686,Hotel,viesnīca,Viesnīca,SAME_AS_LV_CASEFOLD,casefold_only
data,nl,A2,686,Hotel,viesnīca,Viesnīca,LV_DIACRITIC,
data,nl,A2,686,Hotel,viesnīca,Viesnīca,MARKER_LEAK,lv_macron_consonant
data,sl,A2,686,Hotel,viesnīca,viesnīca,SAME_AS_LV_CASEFOLD,exact
data,sl,A2,686,Hotel,viesnīca,viesnīca,LV_DIACRITIC,
data,sl,A2,686,Hotel,viesnīca,viesnīca,MARKER_LEAK,lv_macron_consonant
data,bg,A2,686,Hotel,viesnīca,Хотел,FAMILY_COPY_STRICT,bg+hr+mk+sr
data,hr,A2,686,Hotel,viesnīca,Хотел,FAMILY_COPY_STRICT,bg+hr+mk+sr
data,mk,A2,686,Hotel,viesnīca,Хотел,FAMILY_COPY_STRICT,bg+hr+mk+sr
data,sr,A2,686,Hotel,viesnīca,Хотел,FAMILY_COPY_STRICT,bg+hr+mk+sr
data,fi,A2,686,Hotel,viesnīca,Hotell,FAMILY_COPY_STRICT,fi+is+nb+nn+sv
data,is,A2,686,Hotel,viesnīca,Hotell,FAMILY_COPY_STRICT,fi+is+nb+nn+sv
data,nb,A2,686,Hotel,viesnīca,Hotell,FAMILY_COPY_STRICT,fi+is+nb+nn+sv
data,nn,A2,686,Hotel,viesnīca,Hotell,FAMILY_COPY_STRICT,fi+is+nb+nn+sv
data,sv,A2,686,Hotel,viesnīca,Hotell,FAMILY_COPY_STRICT,fi+is+nb+nn+sv
data,it,A2,686,Hotel,viesnīca,Viesnica,FAMILY_COPY_STRICT,it+pt
data,pt,A2,686,Hotel,viesnīca,Viesnica,FAMILY_COPY_STRICT,it+pt
data,lb,A2,686,Hotel,viesnīca,Viesnīca,FAMILY_COPY_STRICT,lb+nl
data,nl,A2,686,Hotel,viesnīca,Viesnīca,FAMILY_COPY_STRICT,lb+nl
data,hr,A2,687,Hügel,pakalns,Хълм,SCRIPT_MISMATCH,
data,hr,A2,687,Hügel,pakalns,Хълм,MARKER_LEAK,foreign_script
data,it,A2,687,Hügel,pakalns,Pakalns,SAME_AS_LV_CASEFOLD,casefold_only
data,lb,A2,687,Hügel,pakalns,Pakalns,SAME_AS_LV_CASEFOLD,casefold_only
data,nl,A2,687,Hügel,pakalns,Pakalns,SAME_AS_LV_CASEFOLD,casefold_only
data,pt,A2,687,Hügel,pakalns,Pakalns,SAME_AS_LV_CASEFOLD,casefold_only
data,sl,A2,687,Hügel,pakalns,pakalns,SAME_AS_LV_CASEFOLD,exact
data,bg,A2,687,Hügel,pakalns,Хълм,FAMILY_COPY_STRICT,bg+hr+mk+sr
data,hr,A2,687,Hügel,pakalns,Хълм,FAMILY_COPY_STRICT,bg+hr+mk+sr
data,mk,A2,687,Hügel,pakalns,Хълм,FAMILY_COPY_STRICT,bg+hr+mk+sr
data,sr,A2,687,Hügel,pakalns,Хълм,FAMILY_COPY_STRICT,bg+hr+mk+sr
data,cs,A2,687,Hügel,pakalns,Kopec,FAMILY_COPY_STRICT,cs+sk
data,sk,A2,687,Hügel,pakalns,Kopec,FAMILY_COPY_STRICT,cs+sk
data,fi,A2,687,Hügel,pakalns,Küngas,FAMILY_COPY_STRICT,fi+is+nb+nn+sv
data,is,A2,687,Hügel,pakalns,Küngas,FAMILY_COPY_STRICT,fi+is+nb+nn+sv
data,nb,A2,687,Hügel,pakalns,Küngas,FAMILY_COPY_STRICT,fi+is+nb+nn+sv
data,nn,A2,687,Hügel,pakalns,Küngas,FAMILY_COPY_STRICT,fi+is+nb+nn+sv
data,sv,A2,687,Hügel,pakalns,Küngas,FAMILY_COPY_STRICT,fi+is+nb+nn+sv
data,it,A2,687,Hügel,pakalns,Pakalns,FAMILY_COPY_STRICT,it+lb+nl+pt
data,lb,A2,687,Hügel,pakalns,Pakalns,FAMILY_COPY_STRICT,it+lb+nl+pt
data,nl,A2,687,Hügel,pakalns,Pakalns,FAMILY_COPY_STRICT,it+lb+nl+pt
data,pt,A2,687,Hügel,pakalns,Pakalns,FAMILY_COPY_STRICT,it+lb+nl+pt
data,sq,A2,687,Hügel,pakalns,Tepe,FAMILY_COPY_STRICT,sq+tr
data,tr,A2,687,Hügel,pakalns,Tepe,FAMILY_COPY_STRICT,sq+tr
data,hr,A2,688,Humor,humors,Хумор,SCRIPT_MISMATCH,
data,hr,A2,688,Humor,humors,Хумор,MARKER_LEAK,foreign_script
data,lb,A2,688,Humor,humors,Humors,SAME_AS_LV_CASEFOLD,casefold_only
data,nl,A2,688,Humor,humors,Humors,SAME_AS_LV_CASEFOLD,casefold_only
data,sl,A2,688,Humor,humors,humors,SAME_AS_LV_CASEFOLD,exact
data,bg,A2,688,Humor,humors,Хумор,FAMILY_COPY_STRICT,bg+hr+mk+sr
data,hr,A2,688,Humor,humors,Хумор,FAMILY_COPY_STRICT,bg+hr+mk+sr
data,mk,A2,688,Humor,humors,Хумор,FAMILY_COPY_STRICT,bg+hr+mk+sr
data,sr,A2,688,Humor,humors,Хумор,FAMILY_COPY_STRICT,bg+hr+mk+sr
data,fi,A2,688,Humor,humors,Humoor,FAMILY_COPY_STRICT,fi+sv
data,sv,A2,688,Humor,humors,Humoor,FAMILY_COPY_STRICT,fi+sv
data,is,A2,688,Humor,humors,Humør,FAMILY_COPY_STRICT,is+nb+nn
data,nb,A2,688,Humor,humors,Humør,FAMILY_COPY_STRICT,is+nb+nn
data,nn,A2,688,Humor,humors,Humør,FAMILY_COPY_STRICT,is+nb+nn
data,lb,A2,688,Humor,humors,Humors,FAMILY_COPY_STRICT,lb+nl
data,nl,A2,688,Humor,humors,Humors,FAMILY_COPY_STRICT,lb+nl
data,hr,A2,689,Hundefutter,suņu barība,Кучешка храна,SCRIPT_MISMATCH,
data,hr,A2,689,Hundefutter,suņu barība,Кучешка храна,MARKER_LEAK,foreign_script
data,it,A2,689,Hundefutter,suņu barība,Suņu barība,SAME_AS_LV_CASEFOLD,casefold_only
data,it,A2,689,Hundefutter,suņu barība,Suņu barība,LV_DIACRITIC,
data,it,A2,689,Hundefutter,suņu barība,Suņu barība,MARKER_LEAK,lv_macron_consonant
data,lb,A2,689,Hundefutter,suņu barība,Suņu barība,SAME_AS_LV_CASEFOLD,casefold_only
data,lb,A2,689,Hundefutter,suņu barība,Suņu barība,LV_DIACRITIC,
data,lb,A2,689,Hundefutter,suņu barība,Suņu barība,MARKER_LEAK,lv_macron_consonant
data,nl,A2,689,Hundefutter,suņu barība,Suņu barība,SAME_AS_LV_CASEFOLD,casefold_only
data,nl,A2,689,Hundefutter,suņu barība,Suņu barība,LV_DIACRITIC,
data,nl,A2,689,Hundefutter,suņu barība,Suņu barība,MARKER_LEAK,lv_macron_consonant
data,pt,A2,689,Hundefutter,suņu barība,Suņu barība,SAME_AS_LV_CASEFOLD,casefold_only
data,pt,A2,689,Hundefutter,suņu barība,Suņu barība,LV_DIACRITIC,
data,pt,A2,689,Hundefutter,suņu barība,Suņu barība,MARKER_LEAK,lv_macron_consonant
data,sl,A2,689,Hundefutter,suņu barība,suņu barība,SAME_AS_LV_CASEFOLD,exact
data,sl,A2,689,Hundefutter,suņu barība,suņu barība,LV_DIACRITIC,
data,sl,A2,689,Hundefutter,suņu barība,suņu barība,MARKER_LEAK,lv_macron_consonant
data,bg,A2,689,Hundefutter,suņu barība,Кучешка храна,FAMILY_COPY_STRICT,bg+hr+mk+sr
data,hr,A2,689,Hundefutter,suņu barība,Кучешка храна,FAMILY_COPY_STRICT,bg+hr+mk+sr
data,mk,A2,689,Hundefutter,suņu barība,Кучешка храна,FAMILY_COPY_STRICT,bg+hr+mk+sr
data,sr,A2,689,Hundefutter,suņu barība,Кучешка храна,FAMILY_COPY_STRICT,bg+hr+mk+sr
data,fi,A2,689,Hundefutter,suņu barība,Koeratoit,FAMILY_COPY_STRICT,fi+sv
data,sv,A2,689,Hundefutter,suņu barība,Koeratoit,FAMILY_COPY_STRICT,fi+sv
data,is,A2,689,Hundefutter,suņu barība,Coeratoite,FAMILY_COPY_STRICT,is+nb+nn
data,nb,A2,689,Hundefutter,suņu barība,Coeratoite,FAMILY_COPY_STRICT,is+nb+nn
data,nn,A2,689,Hundefutter,suņu barība,Coeratoite,FAMILY_COPY_STRICT,is+nb+nn
data,it,A2,689,Hundefutter,suņu barība,Suņu barība,FAMILY_COPY_STRICT,it+lb+nl+pt
data,lb,A2,689,Hundefutter,suņu barība,Suņu barība,FAMILY_COPY_STRICT,it+lb+nl+pt
data,nl,A2,689,Hundefutter,suņu barība,Suņu barība,FAMILY_COPY_STRICT,it+lb+nl+pt
data,pt,A2,689,Hundefutter,suņu barība,Suņu barība,FAMILY_COPY_STRICT,it+lb+nl+pt
data,pl,A2,689,Hundefutter,suņu barība,Karma dla psów,FAMILY_COPY_STRICT,pl+sk
data,sk,A2,689,Hundefutter,suņu barība,Karma dla psów,FAMILY_COPY_STRICT,pl+sk
data,hr,A2,690,Hundegebell,suņa rejas,Кучето лае,SCRIPT_MISMATCH,
data,hr,A2,690,Hundegebell,suņa rejas,Кучето лае,MARKER_LEAK,foreign_script
data,sl,A2,690,Hundegebell,suņa rejas,suņa rejas,SAME_AS_LV_CASEFOLD,exact
data,sl,A2,690,Hundegebell,suņa rejas,suņa rejas,LV_DIACRITIC,
data,sl,A2,690,Hundegebell,suņa rejas,suņa rejas,MARKER_LEAK,lv_macron_consonant
data,sq,A2,690,Hundegebell,suņa rejas,Köpek havlaması,MARKER_LEAK,tr_soft
data,bg,A2,690,Hundegebell,suņa rejas,Кучето лае,FAMILY_COPY_STRICT,bg+hr+mk+sr
data,hr,A2,690,Hundegebell,suņa rejas,Кучето лае,FAMILY_COPY_STRICT,bg+hr+mk+sr
data,mk,A2,690,Hundegebell,suņa rejas,Кучето лае,FAMILY_COPY_STRICT,bg+hr+mk+sr
data,sr,A2,690,Hundegebell,suņa rejas,Кучето лае,FAMILY_COPY_STRICT,bg+hr+mk+sr
data,fi,A2,690,Hundegebell,suņa rejas,Koera haukumine,FAMILY_COPY_STRICT,fi+is+nb+nn+sv
data,is,A2,690,Hundegebell,suņa rejas,Koera haukumine,FAMILY_COPY_STRICT,fi+is+nb+nn+sv
data,nb,A2,690,Hundegebell,suņa rejas,Koera haukumine,FAMILY_COPY_STRICT,fi+is+nb+nn+sv
data,nn,A2,690,Hundegebell,suņa rejas,Koera haukumine,FAMILY_COPY_STRICT,fi+is+nb+nn+sv
data,sv,A2,690,Hundegebell,suņa rejas,Koera haukumine,FAMILY_COPY_STRICT,fi+is+nb+nn+sv
data,fr,A2,690,Hundegebell,suņa rejas,Le chien aboie,FAMILY_COPY_STRICT,fr+it
data,it,A2,690,Hundegebell,suņa rejas,Le chien aboie,FAMILY_COPY_STRICT,fr+it
data,pl,A2,690,Hundegebell,suņa rejas,Pies szczeka,FAMILY_COPY_STRICT,pl+sk
data,sk,A2,690,Hundegebell,suņa rejas,Pies szczeka,FAMILY_COPY_STRICT,pl+sk
data,sq,A2,690,Hundegebell,suņa rejas,Köpek havlaması,FAMILY_COPY_STRICT,sq+tr
data,tr,A2,690,Hundegebell,suņa rejas,Köpek havlaması,FAMILY_COPY_STRICT,sq+tr
data,hr,A2,691,Hundehaare,suņa spalva,Кучешка коса,SCRIPT_MISMATCH,
data,hr,A2,691,Hundehaare,suņa spalva,Кучешка коса,MARKER_LEAK,foreign_script
data,lb,A2,691,Hundehaare,suņa spalva,Suņa spalva,SAME_AS_LV_CASEFOLD,casefold_only
data,lb,A2,691,Hundehaare,suņa spalva,Suņa spalva,LV_DIACRITIC,
data,lb,A2,691,Hundehaare,suņa spalva,Suņa spalva,MARKER_LEAK,lv_macron_consonant
data,nl,A2,691,Hundehaare,suņa spalva,Suņa spalva,SAME_AS_LV_CASEFOLD,casefold_only
data,nl,A2,691,Hundehaare,suņa spalva,Suņa spalva,LV_DIACRITIC,
data,nl,A2,691,Hundehaare,suņa spalva,Suņa spalva,MARKER_LEAK,lv_macron_consonant
data,sk,A2,691,Hundehaare,suņa spalva,Sierść psa,MARKER_LEAK,pl_l_s_z
data,sl,A2,691,Hundehaare,suņa spalva,suņa spalva,SAME_AS_LV_CASEFOLD,exact
data,sl,A2,691,Hundehaare,suņa spalva,suņa spalva,LV_DIACRITIC,
data,sl,A2,691,Hundehaare,suņa spalva,suņa spalva,MARKER_LEAK,lv_macron_consonant
data,sq,A2,691,Hundehaare,suņa spalva,Köpek kılı,MARKER_LEAK,tr_soft
data,bg,A2,691,Hundehaare,suņa spalva,Кучешка коса,FAMILY_COPY_STRICT,bg+hr+mk+sr
data,hr,A2,691,Hundehaare,suņa spalva,Кучешка коса,FAMILY_COPY_STRICT,bg+hr+mk+sr
data,mk,A2,691,Hundehaare,suņa spalva,Кучешка коса,FAMILY_COPY_STRICT,bg+hr+mk+sr
data,sr,A2,691,Hundehaare,suņa spalva,Кучешка коса,FAMILY_COPY_STRICT,bg+hr+mk+sr
data,fi,A2,691,Hundehaare,suņa spalva,Koera karvad,FAMILY_COPY_STRICT,fi+sv
data,sv,A2,691,Hundehaare,suņa spalva,Koera karvad,FAMILY_COPY_STRICT,fi+sv
data,is,A2,691,Hundehaare,suņa spalva,Ku skåret,FAMILY_COPY_STRICT,is+nb+nn
data,nb,A2,691,Hundehaare,suņa spalva,Ku skåret,FAMILY_COPY_STRICT,is+nb+nn
data,nn,A2,691,Hundehaare,suņa spalva,Ku skåret,FAMILY_COPY_STRICT,is+nb+nn
data,lb,A2,691,Hundehaare,suņa spalva,Suņa spalva,FAMILY_COPY_STRICT,lb+nl
data,nl,A2,691,Hundehaare,suņa spalva,Suņa spalva,FAMILY_COPY_STRICT,lb+nl
data,pl,A2,691,Hundehaare,suņa spalva,Sierść psa,FAMILY_COPY_STRICT,pl+sk
data,sk,A2,691,Hundehaare,suņa spalva,Sierść psa,FAMILY_COPY_STRICT,pl+sk
data,sq,A2,691,Hundehaare,suņa spalva,Köpek kılı,FAMILY_COPY_STRICT,sq+tr
data,tr,A2,691,Hundehaare,suņa spalva,Köpek kılı,FAMILY_COPY_STRICT,sq+tr
data,hr,A2,692,Hundehütte,suņu būda,Развъдник за кучета,SCRIPT_MISMATCH,
data,hr,A2,692,Hundehütte,suņu būda,Развъдник за кучета,MARKER_LEAK,foreign_script
data,it,A2,692,Hundehütte,suņu būda,Suņu buda,LV_DIACRITIC,
data,it,A2,692,Hundehütte,suņu būda,Suņu buda,MARKER_LEAK,lv_macron_consonant
data,lb,A2,692,Hundehütte,suņu būda,Suņu būda,SAME_AS_LV_CASEFOLD,casefold_only
data,lb,A2,692,Hundehütte,suņu būda,Suņu būda,LV_DIACRITIC,
data,lb,A2,692,Hundehütte,suņu būda,Suņu būda,MARKER_LEAK,lv_macron_consonant+lv_u_macron
data,nl,A2,692,Hundehütte,suņu būda,Suņu būda,SAME_AS_LV_CASEFOLD,casefold_only
data,nl,A2,692,Hundehütte,suņu būda,Suņu būda,LV_DIACRITIC,
data,nl,A2,692,Hundehütte,suņu būda,Suņu būda,MARKER_LEAK,lv_macron_consonant+lv_u_macron
data,pt,A2,692,Hundehütte,suņu būda,Suņu Buda,LV_DIACRITIC,
data,pt,A2,692,Hundehütte,suņu būda,Suņu Buda,MARKER_LEAK,lv_macron_consonant
data,sl,A2,692,Hundehütte,suņu būda,suņu būda,SAME_AS_LV_CASEFOLD,exact
data,sl,A2,692,Hundehütte,suņu būda,suņu būda,LV_DIACRITIC,
data,sl,A2,692,Hundehütte,suņu būda,suņu būda,MARKER_LEAK,lv_macron_consonant+lv_u_macron
data,bg,A2,692,Hundehütte,suņu būda,Развъдник за кучета,FAMILY_COPY_STRICT,bg+hr+mk+sr
data,hr,A2,692,Hundehütte,suņu būda,Развъдник за кучета,FAMILY_COPY_STRICT,bg+hr+mk+sr
data,mk,A2,692,Hundehütte,suņu būda,Развъдник за кучета,FAMILY_COPY_STRICT,bg+hr+mk+sr
data,sr,A2,692,Hundehütte,suņu būda,Развъдник за кучета,FAMILY_COPY_STRICT,bg+hr+mk+sr
data,fi,A2,692,Hundehütte,suņu būda,Koerakuut,FAMILY_COPY_STRICT,fi+is+nb+nn+sv
data,is,A2,692,Hundehütte,suņu būda,Koerakuut,FAMILY_COPY_STRICT,fi+is+nb+nn+sv
data,nb,A2,692,Hundehütte,suņu būda,Koerakuut,FAMILY_COPY_STRICT,fi+is+nb+nn+sv
data,nn,A2,692,Hundehütte,suņu būda,Koerakuut,FAMILY_COPY_STRICT,fi+is+nb+nn+sv
data,sv,A2,692,Hundehütte,suņu būda,Koerakuut,FAMILY_COPY_STRICT,fi+is+nb+nn+sv
data,lb,A2,692,Hundehütte,suņu būda,Suņu būda,FAMILY_COPY_STRICT,lb+nl
data,nl,A2,692,Hundehütte,suņu būda,Suņu būda,FAMILY_COPY_STRICT,lb+nl
data,pl,A2,692,Hundehütte,suņu būda,Buda dla psa,FAMILY_COPY_STRICT,pl+sk
data,sk,A2,692,Hundehütte,suņu būda,Buda dla psa,FAMILY_COPY_STRICT,pl+sk
data,sq,A2,692,Hundehütte,suņu būda,Köpek kulübesi,FAMILY_COPY_STRICT,sq+tr
data,tr,A2,692,Hundehütte,suņu būda,Köpek kulübesi,FAMILY_COPY_STRICT,sq+tr
data,fi,A2,693,Hunderasse,suņu suga,Koeratõug,MARKER_LEAK,et_otilde
data,hr,A2,693,Hunderasse,suņu suga,Вид куче,SCRIPT_MISMATCH,
data,hr,A2,693,Hunderasse,suņu suga,Вид куче,MARKER_LEAK,foreign_script
data,is,A2,693,Hunderasse,suņu suga,Koeratõug,MARKER_LEAK,et_otilde
data,it,A2,693,Hunderasse,suņu suga,Suņu Suga,SAME_AS_LV_CASEFOLD,casefold_only
data,it,A2,693,Hunderasse,suņu suga,Suņu Suga,LV_DIACRITIC,
data,it,A2,693,Hunderasse,suņu suga,Suņu Suga,MARKER_LEAK,lv_macron_consonant
data,lb,A2,693,Hunderasse,suņu suga,Suņu suga,SAME_AS_LV_CASEFOLD,casefold_only
data,lb,A2,693,Hunderasse,suņu suga,Suņu suga,LV_DIACRITIC,
data,lb,A2,693,Hunderasse,suņu suga,Suņu suga,MARKER_LEAK,lv_macron_consonant
data,nb,A2,693,Hunderasse,suņu suga,Koeratõug,MARKER_LEAK,et_otilde
data,nl,A2,693,Hunderasse,suņu suga,Suņu suga,SAME_AS_LV_CASEFOLD,casefold_only
data,nl,A2,693,Hunderasse,suņu suga,Suņu suga,LV_DIACRITIC,
data,nl,A2,693,Hunderasse,suņu suga,Suņu suga,MARKER_LEAK,lv_macron_consonant
data,nn,A2,693,Hunderasse,suņu suga,Koeratõug,MARKER_LEAK,et_otilde
data,pt,A2,693,Hunderasse,suņu suga,Suņu Suga,SAME_AS_LV_CASEFOLD,casefold_only
data,pt,A2,693,Hunderasse,suņu suga,Suņu Suga,LV_DIACRITIC,
data,pt,A2,693,Hunderasse,suņu suga,Suņu Suga,MARKER_LEAK,lv_macron_consonant
data,sl,A2,693,Hunderasse,suņu suga,suņu suga,SAME_AS_LV_CASEFOLD,exact
data,sl,A2,693,Hunderasse,suņu suga,suņu suga,LV_DIACRITIC,
data,sl,A2,693,Hunderasse,suņu suga,suņu suga,MARKER_LEAK,lv_macron_consonant
data,sv,A2,693,Hunderasse,suņu suga,Koeratõug,MARKER_LEAK,et_otilde
data,bg,A2,693,Hunderasse,suņu suga,Вид куче,FAMILY_COPY_STRICT,bg+hr+mk+sr
data,hr,A2,693,Hunderasse,suņu suga,Вид куче,FAMILY_COPY_STRICT,bg+hr+mk+sr
data,mk,A2,693,Hunderasse,suņu suga,Вид куче,FAMILY_COPY_STRICT,bg+hr+mk+sr
data,sr,A2,693,Hunderasse,suņu suga,Вид куче,FAMILY_COPY_STRICT,bg+hr+mk+sr
data,fi,A2,693,Hunderasse,suņu suga,Koeratõug,FAMILY_COPY_STRICT,fi+is+nb+nn+sv
data,is,A2,693,Hunderasse,suņu suga,Koeratõug,FAMILY_COPY_STRICT,fi+is+nb+nn+sv
data,nb,A2,693,Hunderasse,suņu suga,Koeratõug,FAMILY_COPY_STRICT,fi+is+nb+nn+sv
data,nn,A2,693,Hunderasse,suņu suga,Koeratõug,FAMILY_COPY_STRICT,fi+is+nb+nn+sv
data,sv,A2,693,Hunderasse,suņu suga,Koeratõug,FAMILY_COPY_STRICT,fi+is+nb+nn+sv
data,it,A2,693,Hunderasse,suņu suga,Suņu Suga,FAMILY_COPY_STRICT,it+pt
data,pt,A2,693,Hunderasse,suņu suga,Suņu Suga,FAMILY_COPY_STRICT,it+pt
data,lb,A2,693,Hunderasse,suņu suga,Suņu suga,FAMILY_COPY_STRICT,lb+nl
data,nl,A2,693,Hunderasse,suņu suga,Suņu suga,FAMILY_COPY_STRICT,lb+nl
data,pl,A2,693,Hunderasse,suņu suga,Gatunek psa,FAMILY_COPY_STRICT,pl+sk+sq+tr
data,sk,A2,693,Hunderasse,suņu suga,Gatunek psa,FAMILY_COPY_STRICT,pl+sk+sq+tr
data,sq,A2,693,Hunderasse,suņu suga,Gatunek psa,FAMILY_COPY_STRICT,pl+sk+sq+tr
data,tr,A2,693,Hunderasse,suņu suga,Gatunek psa,FAMILY_COPY_STRICT,pl+sk+sq+tr
data,hr,A2,694,Hunger,izsalkums,Глад,SCRIPT_MISMATCH,
data,hr,A2,694,Hunger,izsalkums,Глад,MARKER_LEAK,foreign_script
data,nl,A2,694,Hunger,izsalkums,Izsalkums,SAME_AS_LV_CASEFOLD,casefold_only
data,sk,A2,694,Hunger,izsalkums,Głód,MARKER_LEAK,pl_l_s_z
data,sl,A2,694,Hunger,izsalkums,izsalkums,SAME_AS_LV_CASEFOLD,exact
data,sq,A2,694,Hunger,izsalkums,Głód,MARKER_LEAK,pl_l_s_z
data,tr,A2,694,Hunger,izsalkums,Głód,MARKER_LEAK,pl_l_s_z
data,bg,A2,694,Hunger,izsalkums,Глад,FAMILY_COPY_STRICT,bg+hr+mk+sr
data,hr,A2,694,Hunger,izsalkums,Глад,FAMILY_COPY_STRICT,bg+hr+mk+sr
data,mk,A2,694,Hunger,izsalkums,Глад,FAMILY_COPY_STRICT,bg+hr+mk+sr
data,sr,A2,694,Hunger,izsalkums,Глад,FAMILY_COPY_STRICT,bg+hr+mk+sr
data,fi,A2,694,Hunger,izsalkums,Nälg,FAMILY_COPY_STRICT,fi+sv
data,sv,A2,694,Hunger,izsalkums,Nälg,FAMILY_COPY_STRICT,fi+sv
data,is,A2,694,Hunger,izsalkums,Brennesle,FAMILY_COPY_STRICT,is+nb+nn
data,nb,A2,694,Hunger,izsalkums,Brennesle,FAMILY_COPY_STRICT,is+nb+nn
data,nn,A2,694,Hunger,izsalkums,Brennesle,FAMILY_COPY_STRICT,is+nb+nn
data,it,A2,694,Hunger,izsalkums,Izsalkoums,FAMILY_COPY_STRICT,it+pt
data,pt,A2,694,Hunger,izsalkums,Izsalkoums,FAMILY_COPY_STRICT,it+pt
data,pl,A2,694,Hunger,izsalkums,Głód,FAMILY_COPY_STRICT,pl+sk+sq+tr
data,sk,A2,694,Hunger,izsalkums,Głód,FAMILY_COPY_STRICT,pl+sk+sq+tr
data,sq,A2,694,Hunger,izsalkums,Głód,FAMILY_COPY_STRICT,pl+sk+sq+tr
data,tr,A2,694,Hunger,izsalkums,Głód,FAMILY_COPY_STRICT,pl+sk+sq+tr
data,hr,A2,695,hungern,badoties,Гладен,SCRIPT_MISMATCH,
data,hr,A2,695,hungern,badoties,Гладен,MARKER_LEAK,foreign_script
data,lb,A2,695,hungern,badoties,Badoties,SAME_AS_LV_CASEFOLD,casefold_only
data,nl,A2,695,hungern,badoties,Badoties,SAME_AS_LV_CASEFOLD,casefold_only
data,sk,A2,695,hungern,badoties,Głodujący,MARKER_LEAK,pl_l_s_z+pl_lt_nasal
data,sl,A2,695,hungern,badoties,badoties,SAME_AS_LV_CASEFOLD,exact
data,sq,A2,695,hungern,badoties,Açlıktan ölme,MARKER_LEAK,tr_soft
data,bg,A2,695,hungern,badoties,Гладен,FAMILY_COPY_STRICT,bg+hr+mk+sr
data,hr,A2,695,hungern,badoties,Гладен,FAMILY_COPY_STRICT,bg+hr+mk+sr
data,mk,A2,695,hungern,badoties,Гладен,FAMILY_COPY_STRICT,bg+hr+mk+sr
data,sr,A2,695,hungern,badoties,Гладен,FAMILY_COPY_STRICT,bg+hr+mk+sr
data,fi,A2,695,hungern,badoties,Nälgima,FAMILY_COPY_STRICT,fi+sv
data,sv,A2,695,hungern,badoties,Nälgima,FAMILY_COPY_STRICT,fi+sv
data,is,A2,695,hungern,badoties,Brennesler,FAMILY_COPY_STRICT,is+nb+nn
data,nb,A2,695,hungern,badoties,Brennesler,FAMILY_COPY_STRICT,is+nb+nn
data,nn,A2,695,hungern,badoties,Brennesler,FAMILY_COPY_STRICT,is+nb+nn
data,lb,A2,695,hungern,badoties,Badoties,FAMILY_COPY_STRICT,lb+nl
data,nl,A2,695,hungern,badoties,Badoties,FAMILY_COPY_STRICT,lb+nl
data,pl,A2,695,hungern,badoties,Głodujący,FAMILY_COPY_STRICT,pl+sk
data,sk,A2,695,hungern,badoties,Głodujący,FAMILY_COPY_STRICT,pl+sk
data,sq,A2,695,hungern,badoties,Açlıktan ölme,FAMILY_COPY_STRICT,sq+tr
data,tr,A2,695,hungern,badoties,Açlıktan ölme,FAMILY_COPY_STRICT,sq+tr
data,lb,A2,696,hüpfen,lēkāt,Lēkāt,SAME_AS_LV_CASEFOLD,casefold_only
data,lb,A2,696,hüpfen,lēkāt,Lēkāt,LV_DIACRITIC,
data,lb,A2,696,hüpfen,lēkāt,Lēkāt,MARKER_LEAK,lv_macron_consonant
data,nl,A2,696,hüpfen,lēkāt,Lēkāt,SAME_AS_LV_CASEFOLD,casefold_only
data,nl,A2,696,hüpfen,lēkāt,Lēkāt,LV_DIACRITIC,
data,nl,A2,696,hüpfen,lēkāt,Lēkāt,MARKER_LEAK,lv_macron_consonant
data,sl,A2,696,hüpfen,lēkāt,lēkāt,SAME_AS_LV_CASEFOLD,exact
data,sl,A2,696,hüpfen,lēkāt,lēkāt,LV_DIACRITIC,
data,sl,A2,696,hüpfen,lēkāt,lēkāt,MARKER_LEAK,lv_macron_consonant
data,sq,A2,696,hüpfen,lēkāt,Zıplamak,MARKER_LEAK,tr_soft
data,sr,A2,696,hüpfen,lēkāt,Jump,SCRIPT_MISMATCH,sr_as_cyrillic
data,sr,A2,696,hüpfen,lēkāt,Jump,MARKER_LEAK,latin_in_cyrillic
data,bg,A2,696,hüpfen,lēkāt,Скочи,FAMILY_COPY_STRICT,bg+mk
data,mk,A2,696,hüpfen,lēkāt,Скочи,FAMILY_COPY_STRICT,bg+mk
data,fi,A2,696,hüpfen,lēkāt,Hüplema,FAMILY_COPY_STRICT,fi+sv
data,sv,A2,696,hüpfen,lēkāt,Hüplema,FAMILY_COPY_STRICT,fi+sv
data,hr,A2,696,hüpfen,lēkāt,Jump,FAMILY_COPY_STRICT,hr+sr
data,sr,A2,696,hüpfen,lēkāt,Jump,FAMILY_COPY_STRICT,hr+sr
data,is,A2,696,hüpfen,lēkāt,Hoppa,FAMILY_COPY_STRICT,is+nb+nn
data,nb,A2,696,hüpfen,lēkāt,Hoppa,FAMILY_COPY_STRICT,is+nb+nn
data,nn,A2,696,hüpfen,lēkāt,Hoppa,FAMILY_COPY_STRICT,is+nb+nn
data,it,A2,696,hüpfen,lēkāt,Lekat,FAMILY_COPY_STRICT,it+pt
data,pt,A2,696,hüpfen,lēkāt,Lekat,FAMILY_COPY_STRICT,it+pt
data,lb,A2,696,hüpfen,lēkāt,Lēkāt,FAMILY_COPY_STRICT,lb+nl
data,nl,A2,696,hüpfen,lēkāt,Lēkāt,FAMILY_COPY_STRICT,lb+nl
data,pl,A2,696,hüpfen,lēkāt,Skakać,FAMILY_COPY_STRICT,pl+sk
data,sk,A2,696,hüpfen,lēkāt,Skakać,FAMILY_COPY_STRICT,pl+sk
data,sq,A2,696,hüpfen,lēkāt,Zıplamak,FAMILY_COPY_STRICT,sq+tr
data,tr,A2,696,hüpfen,lēkāt,Zıplamak,FAMILY_COPY_STRICT,sq+tr
data,hr,A2,697,Husten,klepus,Кашлица,SCRIPT_MISMATCH,
data,hr,A2,697,Husten,klepus,Кашлица,MARKER_LEAK,foreign_script
data,lb,A2,697,Husten,klepus,Klepus,SAME_AS_LV_CASEFOLD,casefold_only
data,nl,A2,697,Husten,klepus,Klepus,SAME_AS_LV_CASEFOLD,casefold_only
data,sl,A2,697,Husten,klepus,klepus,SAME_AS_LV_CASEFOLD,exact
data,bg,A2,697,Husten,klepus,Кашлица,FAMILY_COPY_STRICT,bg+hr+mk+sr
data,hr,A2,697,Husten,klepus,Кашлица,FAMILY_COPY_STRICT,bg+hr+mk+sr
data,mk,A2,697,Husten,klepus,Кашлица,FAMILY_COPY_STRICT,bg+hr+mk+sr
data,sr,A2,697,Husten,klepus,Кашлица,FAMILY_COPY_STRICT,bg+hr+mk+sr
data,fi,A2,697,Husten,klepus,Köha,FAMILY_COPY_STRICT,fi+sv
data,sv,A2,697,Husten,klepus,Köha,FAMILY_COPY_STRICT,fi+sv
data,is,A2,697,Husten,klepus,I kø,FAMILY_COPY_STRICT,is+nb+nn
data,nb,A2,697,Husten,klepus,I kø,FAMILY_COPY_STRICT,is+nb+nn
data,nn,A2,697,Husten,klepus,I kø,FAMILY_COPY_STRICT,is+nb+nn
data,lb,A2,697,Husten,klepus,Klepus,FAMILY_COPY_STRICT,lb+nl
data,nl,A2,697,Husten,klepus,Klepus,FAMILY_COPY_STRICT,lb+nl
data,pl,A2,697,Husten,klepus,Kaszel,FAMILY_COPY_STRICT,pl+sk+sq+tr
data,sk,A2,697,Husten,klepus,Kaszel,FAMILY_COPY_STRICT,pl+sk+sq+tr
data,sq,A2,697,Husten,klepus,Kaszel,FAMILY_COPY_STRICT,pl+sk+sq+tr
data,tr,A2,697,Husten,klepus,Kaszel,FAMILY_COPY_STRICT,pl+sk+sq+tr
data,hr,A2,698,Hütte,būda,Хижа,SCRIPT_MISMATCH,
data,hr,A2,698,Hütte,būda,Хижа,MARKER_LEAK,foreign_script
data,lt,A2,698,Hütte,būda,būda,SAME_AS_LV_CASEFOLD,exact
data,nl,A2,698,Hütte,būda,Būda,SAME_AS_LV_CASEFOLD,casefold_only
data,nl,A2,698,Hütte,būda,Būda,LV_DIACRITIC,
data,nl,A2,698,Hütte,būda,Būda,MARKER_LEAK,lv_u_macron
data,sl,A2,698,Hütte,būda,būda,SAME_AS_LV_CASEFOLD,exact
data,sl,A2,698,Hütte,būda,būda,LV_DIACRITIC,
data,sl,A2,698,Hütte,būda,būda,MARKER_LEAK,lv_u_macron
data,bg,A2,698,Hütte,būda,Хижа,FAMILY_COPY_STRICT,bg+hr+mk+sr
data,hr,A2,698,Hütte,būda,Хижа,FAMILY_COPY_STRICT,bg+hr+mk+sr
data,mk,A2,698,Hütte,būda,Хижа,FAMILY_COPY_STRICT,bg+hr+mk+sr
data,sr,A2,698,Hütte,būda,Хижа,FAMILY_COPY_STRICT,bg+hr+mk+sr
data,cs,A2,698,Hütte,būda,Chata,FAMILY_COPY_STRICT,cs+pl+sk
data,pl,A2,698,Hütte,būda,Chata,FAMILY_COPY_STRICT,cs+pl+sk
data,sk,A2,698,Hütte,būda,Chata,FAMILY_COPY_STRICT,cs+pl+sk
data,fi,A2,698,Hütte,būda,Onn,FAMILY_COPY_STRICT,fi+is+nb+nn+sv
data,is,A2,698,Hütte,būda,Onn,FAMILY_COPY_STRICT,fi+is+nb+nn+sv
data,nb,A2,698,Hütte,būda,Onn,FAMILY_COPY_STRICT,fi+is+nb+nn+sv
data,nn,A2,698,Hütte,būda,Onn,FAMILY_COPY_STRICT,fi+is+nb+nn+sv
data,sv,A2,698,Hütte,būda,Onn,FAMILY_COPY_STRICT,fi+is+nb+nn+sv
data,it,A2,698,Hütte,būda,Buda,FAMILY_COPY_STRICT,it+pt
data,pt,A2,698,Hütte,būda,Buda,FAMILY_COPY_STRICT,it+pt
data,bs,A2,699,Idee,ideja,ideja,SAME_AS_LV_CASEFOLD,exact
data,hr,A2,699,Idee,ideja,Идея,SCRIPT_MISMATCH,
data,hr,A2,699,Idee,ideja,Идея,MARKER_LEAK,foreign_script
data,it,A2,699,Idee,ideja,Ideja,SAME_AS_LV_CASEFOLD,casefold_only
data,lb,A2,699,Idee,ideja,Ideja,SAME_AS_LV_CASEFOLD,casefold_only
data,nl,A2,699,Idee,ideja,Ideja,SAME_AS_LV_CASEFOLD,casefold_only
data,sl,A2,699,Idee,ideja,ideja,SAME_AS_LV_CASEFOLD,exact
data,bg,A2,699,Idee,ideja,Идея,FAMILY_COPY_STRICT,bg+hr+mk+ru+sr
data,hr,A2,699,Idee,ideja,Идея,FAMILY_COPY_STRICT,bg+hr+mk+ru+sr
data,mk,A2,699,Idee,ideja,Идея,FAMILY_COPY_STRICT,bg+hr+mk+ru+sr
data,ru,A2,699,Idee,ideja,Идея,FAMILY_COPY_STRICT,bg+hr+mk+ru+sr
data,sr,A2,699,Idee,ideja,Идея,FAMILY_COPY_STRICT,bg+hr+mk+ru+sr
data,cs,A2,699,Idee,ideja,Nápad,FAMILY_COPY_STRICT,cs+sk
data,sk,A2,699,Idee,ideja,Nápad,FAMILY_COPY_STRICT,cs+sk
data,is,A2,699,Idee,ideja,Idé,FAMILY_COPY_STRICT,is+nb+nn
data,nb,A2,699,Idee,ideja,Idé,FAMILY_COPY_STRICT,is+nb+nn
data,nn,A2,699,Idee,ideja,Idé,FAMILY_COPY_STRICT,is+nb+nn
data,it,A2,699,Idee,ideja,Ideja,FAMILY_COPY_STRICT,it+lb+nl
data,lb,A2,699,Idee,ideja,Ideja,FAMILY_COPY_STRICT,it+lb+nl
data,nl,A2,699,Idee,ideja,Ideja,FAMILY_COPY_STRICT,it+lb+nl
data,sq,A2,699,Idee,ideja,Fikir,FAMILY_COPY_STRICT,sq+tr
data,tr,A2,699,Idee,ideja,Fikir,FAMILY_COPY_STRICT,sq+tr
data,hr,A2,700,Igel,ezis,Еже,SCRIPT_MISMATCH,
data,hr,A2,700,Igel,ezis,Еже,MARKER_LEAK,foreign_script
data,sk,A2,700,Igel,ezis,Jeż,MARKER_LEAK,pl_l_s_z
data,sl,A2,700,Igel,ezis,ezis,SAME_AS_LV_CASEFOLD,exact
data,fi,A2,700,Igel,ezis,Siil,FAMILY_COPY_STRICT,fi+sv
data,sv,A2,700,Igel,ezis,Siil,FAMILY_COPY_STRICT,fi+sv
data,hr,A2,700,Igel,ezis,Еже,FAMILY_COPY_STRICT,hr+mk+sr
data,mk,A2,700,Igel,ezis,Еже,FAMILY_COPY_STRICT,hr+mk+sr
data,sr,A2,700,Igel,ezis,Еже,FAMILY_COPY_STRICT,hr+mk+sr
data,is,A2,700,Igel,ezis,Sill,FAMILY_COPY_STRICT,is+nb+nn
data,nb,A2,700,Igel,ezis,Sill,FAMILY_COPY_STRICT,is+nb+nn
data,nn,A2,700,Igel,ezis,Sill,FAMILY_COPY_STRICT,is+nb+nn
data,lb,A2,700,Igel,ezis,De egel,FAMILY_COPY_STRICT,lb+nl
data,nl,A2,700,Igel,ezis,De egel,FAMILY_COPY_STRICT,lb+nl
data,pl,A2,700,Igel,ezis,Jeż,FAMILY_COPY_STRICT,pl+sk
data,sk,A2,700,Igel,ezis,Jeż,FAMILY_COPY_STRICT,pl+sk
data,sq,A2,700,Igel,ezis,Kirpi,FAMILY_COPY_STRICT,sq+tr
data,tr,A2,700,Igel,ezis,Kirpi,FAMILY_COPY_STRICT,sq+tr
data,hr,A2,701,Imbiss,uzkoda,Снек,SCRIPT_MISMATCH,
data,hr,A2,701,Imbiss,uzkoda,Снек,MARKER_LEAK,foreign_script
data,lb,A2,701,Imbiss,uzkoda,Uzkoda,SAME_AS_LV_CASEFOLD,casefold_only
data,nl,A2,701,Imbiss,uzkoda,Uzkoda,SAME_AS_LV_CASEFOLD,casefold_only
data,sk,A2,701,Imbiss,uzkoda,Przekąska,MARKER_LEAK,pl_lt_nasal
data,sl,A2,701,Imbiss,uzkoda,uzkoda,SAME_AS_LV_CASEFOLD,exact
data,bg,A2,701,Imbiss,uzkoda,Снек,FAMILY_COPY_STRICT,bg+hr+mk+sr
data,hr,A2,701,Imbiss,uzkoda,Снек,FAMILY_COPY_STRICT,bg+hr+mk+sr
data,mk,A2,701,Imbiss,uzkoda,Снек,FAMILY_COPY_STRICT,bg+hr+mk+sr
data,sr,A2,701,Imbiss,uzkoda,Снек,FAMILY_COPY_STRICT,bg+hr+mk+sr
data,cs,A2,701,Imbiss,uzkoda,Snack,FAMILY_COPY_STRICT,cs+en
data,en,A2,701,Imbiss,uzkoda,Snack,FAMILY_COPY_STRICT,cs+en
data,fi,A2,701,Imbiss,uzkoda,Suupiste,FAMILY_COPY_STRICT,fi+sv
data,sv,A2,701,Imbiss,uzkoda,Suupiste,FAMILY_COPY_STRICT,fi+sv
data,is,A2,701,Imbiss,uzkoda,Supiste,FAMILY_COPY_STRICT,is+nb+nn
data,nb,A2,701,Imbiss,uzkoda,Supiste,FAMILY_COPY_STRICT,is+nb+nn
data,nn,A2,701,Imbiss,uzkoda,Supiste,FAMILY_COPY_STRICT,is+nb+nn
data,it,A2,701,Imbiss,uzkoda,Ouzkoda,FAMILY_COPY_STRICT,it+pt
data,pt,A2,701,Imbiss,uzkoda,Ouzkoda,FAMILY_COPY_STRICT,it+pt
data,lb,A2,701,Imbiss,uzkoda,Uzkoda,FAMILY_COPY_STRICT,lb+nl
data,nl,A2,701,Imbiss,uzkoda,Uzkoda,FAMILY_COPY_STRICT,lb+nl
data,pl,A2,701,Imbiss,uzkoda,Przekąska,FAMILY_COPY_STRICT,pl+sk
data,sk,A2,701,Imbiss,uzkoda,Przekąska,FAMILY_COPY_STRICT,pl+sk
data,hr,A2,702,immens,ļoti liels,Много голям,SCRIPT_MISMATCH,
data,hr,A2,702,immens,ļoti liels,Много голям,MARKER_LEAK,foreign_script
data,lb,A2,702,immens,ļoti liels,Ļoti liels,SAME_AS_LV_CASEFOLD,casefold_only
data,lb,A2,702,immens,ļoti liels,Ļoti liels,LV_DIACRITIC,
data,lb,A2,702,immens,ļoti liels,Ļoti liels,MARKER_LEAK,lv_macron_consonant
data,nl,A2,702,immens,ļoti liels,Ļoti liels,SAME_AS_LV_CASEFOLD,casefold_only
data,nl,A2,702,immens,ļoti liels,Ļoti liels,LV_DIACRITIC,
data,nl,A2,702,immens,ļoti liels,Ļoti liels,MARKER_LEAK,lv_macron_consonant
data,sk,A2,702,immens,ļoti liels,Bardzo duży,MARKER_LEAK,pl_l_s_z
data,sl,A2,702,immens,ļoti liels,ļoti liels,SAME_AS_LV_CASEFOLD,exact
data,sl,A2,702,immens,ļoti liels,ļoti liels,LV_DIACRITIC,
data,sl,A2,702,immens,ļoti liels,ļoti liels,MARKER_LEAK,lv_macron_consonant
data,sq,A2,702,immens,ļoti liels,Bardzo duży,MARKER_LEAK,pl_l_s_z
data,tr,A2,702,immens,ļoti liels,Bardzo duży,MARKER_LEAK,pl_l_s_z
data,bg,A2,702,immens,ļoti liels,Много голям,FAMILY_COPY_STRICT,bg+hr+mk+sr
data,hr,A2,702,immens,ļoti liels,Много голям,FAMILY_COPY_STRICT,bg+hr+mk+sr
data,mk,A2,702,immens,ļoti liels,Много голям,FAMILY_COPY_STRICT,bg+hr+mk+sr
data,sr,A2,702,immens,ļoti liels,Много голям,FAMILY_COPY_STRICT,bg+hr+mk+sr
data,fi,A2,702,immens,ļoti liels,Väga suur,FAMILY_COPY_STRICT,fi+sv
data,sv,A2,702,immens,ļoti liels,Väga suur,FAMILY_COPY_STRICT,fi+sv
data,is,A2,702,immens,ļoti liels,Veie suur,FAMILY_COPY_STRICT,is+nb+nn
data,nb,A2,702,immens,ļoti liels,Veie suur,FAMILY_COPY_STRICT,is+nb+nn
data,nn,A2,702,immens,ļoti liels,Veie suur,FAMILY_COPY_STRICT,is+nb+nn
data,it,A2,702,immens,ļoti liels,Lies des Vénézuéliens,FAMILY_COPY_STRICT,it+pt
data,pt,A2,702,immens,ļoti liels,Lies des Vénézuéliens,FAMILY_COPY_STRICT,it+pt
data,lb,A2,702,immens,ļoti liels,Ļoti liels,FAMILY_COPY_STRICT,lb+nl
data,nl,A2,702,immens,ļoti liels,Ļoti liels,FAMILY_COPY_STRICT,lb+nl
data,pl,A2,702,immens,ļoti liels,Bardzo duży,FAMILY_COPY_STRICT,pl+sk+sq+tr
data,sk,A2,702,immens,ļoti liels,Bardzo duży,FAMILY_COPY_STRICT,pl+sk+sq+tr
data,sq,A2,702,immens,ļoti liels,Bardzo duży,FAMILY_COPY_STRICT,pl+sk+sq+tr
data,tr,A2,702,immens,ļoti liels,Bardzo duży,FAMILY_COPY_STRICT,pl+sk+sq+tr
data,hr,A2,703,indem,darot,Тоа го прави,SCRIPT_MISMATCH,
data,hr,A2,703,indem,darot,Тоа го прави,MARKER_LEAK,foreign_script
data,it,A2,703,indem,darot,Darot,SAME_AS_LV_CASEFOLD,casefold_only
data,lb,A2,703,indem,darot,Darot,SAME_AS_LV_CASEFOLD,casefold_only
data,nl,A2,703,indem,darot,Darot,SAME_AS_LV_CASEFOLD,casefold_only
data,pt,A2,703,indem,darot,Darot,SAME_AS_LV_CASEFOLD,casefold_only
data,sl,A2,703,indem,darot,darot,SAME_AS_LV_CASEFOLD,exact
data,fi,A2,703,indem,darot,Tehes,FAMILY_COPY_STRICT,fi+sv
data,sv,A2,703,indem,darot,Tehes,FAMILY_COPY_STRICT,fi+sv
data,hr,A2,703,indem,darot,Тоа го прави,FAMILY_COPY_STRICT,hr+mk+sr
data,mk,A2,703,indem,darot,Тоа го прави,FAMILY_COPY_STRICT,hr+mk+sr
data,sr,A2,703,indem,darot,Тоа го прави,FAMILY_COPY_STRICT,hr+mk+sr
data,is,A2,703,indem,darot,Te,FAMILY_COPY_STRICT,is+nb+nn
data,nb,A2,703,indem,darot,Te,FAMILY_COPY_STRICT,is+nb+nn
data,nn,A2,703,indem,darot,Te,FAMILY_COPY_STRICT,is+nb+nn
data,it,A2,703,indem,darot,Darot,FAMILY_COPY_STRICT,it+lb+nl+pt
data,lb,A2,703,indem,darot,Darot,FAMILY_COPY_STRICT,it+lb+nl+pt
data,nl,A2,703,indem,darot,Darot,FAMILY_COPY_STRICT,it+lb+nl+pt
data,pt,A2,703,indem,darot,Darot,FAMILY_COPY_STRICT,it+lb+nl+pt
data,pl,A2,703,indem,darot,Czyn,FAMILY_COPY_STRICT,pl+sq+tr
data,sq,A2,703,indem,darot,Czyn,FAMILY_COPY_STRICT,pl+sq+tr
data,tr,A2,703,indem,darot,Czyn,FAMILY_COPY_STRICT,pl+sq+tr
data,hr,A2,704,Information,informācija,Информации,SCRIPT_MISMATCH,
data,hr,A2,704,Information,informācija,Информации,MARKER_LEAK,foreign_script
data,lb,A2,704,Information,informācija,Informācija,SAME_AS_LV_CASEFOLD,casefold_only
data,lb,A2,704,Information,informācija,Informācija,LV_DIACRITIC,
data,lb,A2,704,Information,informācija,Informācija,MARKER_LEAK,lv_macron_consonant
data,nl,A2,704,Information,informācija,Informācija,SAME_AS_LV_CASEFOLD,casefold_only
data,nl,A2,704,Information,informācija,Informācija,LV_DIACRITIC,
data,nl,A2,704,Information,informācija,Informācija,MARKER_LEAK,lv_macron_consonant
data,sl,A2,704,Information,informācija,informācija,SAME_AS_LV_CASEFOLD,exact
data,sl,A2,704,Information,informācija,informācija,LV_DIACRITIC,
data,sl,A2,704,Information,informācija,informācija,MARKER_LEAK,lv_macron_consonant
data,bg,A2,704,Information,informācija,Информация,FAMILY_COPY_STRICT,bg+ru
data,ru,A2,704,Information,informācija,Информация,FAMILY_COPY_STRICT,bg+ru
data,bs,A2,704,Information,informācija,informacija,FAMILY_COPY_STRICT,bs+lt
data,lt,A2,704,Information,informācija,informacija,FAMILY_COPY_STRICT,bs+lt
data,fi,A2,704,Information,informācija,Teave,FAMILY_COPY_STRICT,fi+is+nb+nn+sv
data,is,A2,704,Information,informācija,Teave,FAMILY_COPY_STRICT,fi+is+nb+nn+sv
data,nb,A2,704,Information,informācija,Teave,FAMILY_COPY_STRICT,fi+is+nb+nn+sv
data,nn,A2,704,Information,informācija,Teave,FAMILY_COPY_STRICT,fi+is+nb+nn+sv
data,sv,A2,704,Information,informācija,Teave,FAMILY_COPY_STRICT,fi+is+nb+nn+sv
data,fr,A2,704,Information,informācija,Informations,FAMILY_COPY_STRICT,fr+it
data,it,A2,704,Information,informācija,Informations,FAMILY_COPY_STRICT,fr+it
data,hr,A2,704,Information,informācija,Информации,FAMILY_COPY_STRICT,hr+mk+sr
data,mk,A2,704,Information,informācija,Информации,FAMILY_COPY_STRICT,hr+mk+sr
data,sr,A2,704,Information,informācija,Информации,FAMILY_COPY_STRICT,hr+mk+sr
data,lb,A2,704,Information,informācija,Informācija,FAMILY_COPY_STRICT,lb+nl
data,nl,A2,704,Information,informācija,Informācija,FAMILY_COPY_STRICT,lb+nl
data,pl,A2,704,Information,informācija,Informacja,FAMILY_COPY_STRICT,pl+sk+sq+tr
data,sk,A2,704,Information,informācija,Informacja,FAMILY_COPY_STRICT,pl+sk+sq+tr
data,sq,A2,704,Information,informācija,Informacja,FAMILY_COPY_STRICT,pl+sk+sq+tr
data,tr,A2,704,Information,informācija,Informacja,FAMILY_COPY_STRICT,pl+sk+sq+tr
data,hr,A2,705,informieren,informēt,Информирајте,SCRIPT_MISMATCH,
data,hr,A2,705,informieren,informēt,Информирајте,MARKER_LEAK,foreign_script
data,lb,A2,705,informieren,informēt,Informēt,SAME_AS_LV_CASEFOLD,casefold_only
data,lb,A2,705,informieren,informēt,Informēt,LV_DIACRITIC,
data,lb,A2,705,informieren,informēt,Informēt,MARKER_LEAK,lv_macron_consonant
data,nl,A2,705,informieren,informēt,Informēt,SAME_AS_LV_CASEFOLD,casefold_only
data,nl,A2,705,informieren,informēt,Informēt,LV_DIACRITIC,
data,nl,A2,705,informieren,informēt,Informēt,MARKER_LEAK,lv_macron_consonant
data,sl,A2,705,informieren,informēt,informēt,SAME_AS_LV_CASEFOLD,exact
data,sl,A2,705,informieren,informēt,informēt,LV_DIACRITIC,
data,sl,A2,705,informieren,informēt,informēt,MARKER_LEAK,lv_macron_consonant
data,fi,A2,705,informieren,informēt,Teavitama,FAMILY_COPY_STRICT,fi+sv
data,sv,A2,705,informieren,informēt,Teavitama,FAMILY_COPY_STRICT,fi+sv
data,fr,A2,705,informieren,informēt,Informer,FAMILY_COPY_STRICT,fr+it
data,it,A2,705,informieren,informēt,Informer,FAMILY_COPY_STRICT,fr+it
data,hr,A2,705,informieren,informēt,Информирајте,FAMILY_COPY_STRICT,hr+mk+sr
data,mk,A2,705,informieren,informēt,Информирајте,FAMILY_COPY_STRICT,hr+mk+sr
data,sr,A2,705,informieren,informēt,Информирајте,FAMILY_COPY_STRICT,hr+mk+sr
data,is,A2,705,informieren,informēt,Te vitaminer,FAMILY_COPY_STRICT,is+nb+nn
data,nb,A2,705,informieren,informēt,Te vitaminer,FAMILY_COPY_STRICT,is+nb+nn
data,nn,A2,705,informieren,informēt,Te vitaminer,FAMILY_COPY_STRICT,is+nb+nn
data,lb,A2,705,informieren,informēt,Informēt,FAMILY_COPY_STRICT,lb+nl
data,nl,A2,705,informieren,informēt,Informēt,FAMILY_COPY_STRICT,lb+nl
data,pl,A2,705,informieren,informēt,Poinformować,FAMILY_COPY_STRICT,pl+sk
data,sk,A2,705,informieren,informēt,Poinformować,FAMILY_COPY_STRICT,pl+sk
data,sq,A2,705,informieren,informēt,Bilgi vermek,FAMILY_COPY_STRICT,sq+tr
data,tr,A2,705,informieren,informēt,Bilgi vermek,FAMILY_COPY_STRICT,sq+tr
data,sl,A2,706,innen,iekšā,iekšā,SAME_AS_LV_CASEFOLD,exact
data,sl,A2,706,innen,iekšā,iekšā,LV_DIACRITIC,
data,sl,A2,706,innen,iekšā,iekšā,MARKER_LEAK,lv_macron_consonant
data,sr,A2,706,innen,iekšā,Unutra,SCRIPT_MISMATCH,sr_as_cyrillic
data,sr,A2,706,innen,iekšā,Unutra,MARKER_LEAK,latin_in_cyrillic
data,fi,A2,706,innen,iekšā,Sees,FAMILY_COPY_STRICT,fi+sv
data,sv,A2,706,innen,iekšā,Sees,FAMILY_COPY_STRICT,fi+sv
data,hr,A2,706,innen,iekšā,Unutra,FAMILY_COPY_STRICT,hr+sr
data,sr,A2,706,innen,iekšā,Unutra,FAMILY_COPY_STRICT,hr+sr
data,is,A2,706,innen,iekšā,Vi ses,FAMILY_COPY_STRICT,is+nb+nn
data,nb,A2,706,innen,iekšā,Vi ses,FAMILY_COPY_STRICT,is+nb+nn
data,nn,A2,706,innen,iekšā,Vi ses,FAMILY_COPY_STRICT,is+nb+nn
data,hr,A2,707,insbesondere,īpaši,Особено,SCRIPT_MISMATCH,
data,hr,A2,707,insbesondere,īpaši,Особено,MARKER_LEAK,foreign_script
data,it,A2,707,insbesondere,īpaši,Īpasi,LV_DIACRITIC,
data,it,A2,707,insbesondere,īpaši,Īpasi,MARKER_LEAK,lv_macron_consonant
data,lb,A2,707,insbesondere,īpaši,Īpaši,SAME_AS_LV_CASEFOLD,casefold_only
data,lb,A2,707,insbesondere,īpaši,Īpaši,LV_DIACRITIC,
data,lb,A2,707,insbesondere,īpaši,Īpaši,MARKER_LEAK,lv_macron_consonant
data,nl,A2,707,insbesondere,īpaši,Īpaši,SAME_AS_LV_CASEFOLD,casefold_only
data,nl,A2,707,insbesondere,īpaši,Īpaši,LV_DIACRITIC,
data,nl,A2,707,insbesondere,īpaši,Īpaši,MARKER_LEAK,lv_macron_consonant
data,pt,A2,707,insbesondere,īpaši,Īpasi,LV_DIACRITIC,
data,pt,A2,707,insbesondere,īpaši,Īpasi,MARKER_LEAK,lv_macron_consonant
data,sk,A2,707,insbesondere,īpaši,Zwłaszcza,MARKER_LEAK,pl_l_s_z
data,sl,A2,707,insbesondere,īpaši,īpaši,SAME_AS_LV_CASEFOLD,exact
data,sl,A2,707,insbesondere,īpaši,īpaši,LV_DIACRITIC,
data,sl,A2,707,insbesondere,īpaši,īpaši,MARKER_LEAK,lv_macron_consonant
data,bg,A2,707,insbesondere,īpaši,Особено,FAMILY_COPY_STRICT,bg+hr+mk+sr
data,hr,A2,707,insbesondere,īpaši,Особено,FAMILY_COPY_STRICT,bg+hr+mk+sr
data,mk,A2,707,insbesondere,īpaši,Особено,FAMILY_COPY_STRICT,bg+hr+mk+sr
data,sr,A2,707,insbesondere,īpaši,Особено,FAMILY_COPY_STRICT,bg+hr+mk+sr
data,fi,A2,707,insbesondere,īpaši,Eriti,FAMILY_COPY_STRICT,fi+is+nb+nn+sv
data,is,A2,707,insbesondere,īpaši,Eriti,FAMILY_COPY_STRICT,fi+is+nb+nn+sv
data,nb,A2,707,insbesondere,īpaši,Eriti,FAMILY_COPY_STRICT,fi+is+nb+nn+sv
data,nn,A2,707,insbesondere,īpaši,Eriti,FAMILY_COPY_STRICT,fi+is+nb+nn+sv
data,sv,A2,707,insbesondere,īpaši,Eriti,FAMILY_COPY_STRICT,fi+is+nb+nn+sv
data,it,A2,707,insbesondere,īpaši,Īpasi,FAMILY_COPY_STRICT,it+pt
data,pt,A2,707,insbesondere,īpaši,Īpasi,FAMILY_COPY_STRICT,it+pt
data,lb,A2,707,insbesondere,īpaši,Īpaši,FAMILY_COPY_STRICT,lb+nl
data,nl,A2,707,insbesondere,īpaši,Īpaši,FAMILY_COPY_STRICT,lb+nl
data,pl,A2,707,insbesondere,īpaši,Zwłaszcza,FAMILY_COPY_STRICT,pl+sk
data,sk,A2,707,insbesondere,īpaši,Zwłaszcza,FAMILY_COPY_STRICT,pl+sk
data,sq,A2,707,insbesondere,īpaši,Özellikle,FAMILY_COPY_STRICT,sq+tr
data,tr,A2,707,insbesondere,īpaši,Özellikle,FAMILY_COPY_STRICT,sq+tr
data,hr,A2,708,Insekt,kukainis • insekts,Инсект • Инсект,SCRIPT_MISMATCH,
data,hr,A2,708,Insekt,kukainis • insekts,Инсект • Инсект,MARKER_LEAK,foreign_script
data,lb,A2,708,Insekt,kukainis • insekts,Kukainis • Insekts,SAME_AS_LV_CASEFOLD,casefold_only
data,nl,A2,708,Insekt,kukainis • insekts,Kukainis • Insekts,SAME_AS_LV_CASEFOLD,casefold_only
data,sl,A2,708,Insekt,kukainis • insekts,kukainis • insekts,SAME_AS_LV_CASEFOLD,exact
data,fi,A2,708,Insekt,kukainis • insekts,Putukas • Insekt,FAMILY_COPY_STRICT,fi+is+nb+nn+sv
data,is,A2,708,Insekt,kukainis • insekts,Putukas • Insekt,FAMILY_COPY_STRICT,fi+is+nb+nn+sv
data,nb,A2,708,Insekt,kukainis • insekts,Putukas • Insekt,FAMILY_COPY_STRICT,fi+is+nb+nn+sv
data,nn,A2,708,Insekt,kukainis • insekts,Putukas • Insekt,FAMILY_COPY_STRICT,fi+is+nb+nn+sv
data,sv,A2,708,Insekt,kukainis • insekts,Putukas • Insekt,FAMILY_COPY_STRICT,fi+is+nb+nn+sv
data,hr,A2,708,Insekt,kukainis • insekts,Инсект • Инсект,FAMILY_COPY_STRICT,hr+mk+sr
data,mk,A2,708,Insekt,kukainis • insekts,Инсект • Инсект,FAMILY_COPY_STRICT,hr+mk+sr
data,sr,A2,708,Insekt,kukainis • insekts,Инсект • Инсект,FAMILY_COPY_STRICT,hr+mk+sr
data,lb,A2,708,Insekt,kukainis • insekts,Kukainis • Insekts,FAMILY_COPY_STRICT,lb+nl
data,nl,A2,708,Insekt,kukainis • insekts,Kukainis • Insekts,FAMILY_COPY_STRICT,lb+nl
data,sq,A2,708,Insekt,kukainis • insekts,Böcek • Böcek,FAMILY_COPY_STRICT,sq+tr
data,tr,A2,708,Insekt,kukainis • insekts,Böcek • Böcek,FAMILY_COPY_STRICT,sq+tr
data,hr,A2,709,Insel,sala,Остров,SCRIPT_MISMATCH,
data,hr,A2,709,Insel,sala,Остров,MARKER_LEAK,foreign_script
data,lt,A2,709,Insel,sala,sala,SAME_AS_LV_CASEFOLD,exact
data,nl,A2,709,Insel,sala,Sala,SAME_AS_LV_CASEFOLD,casefold_only
data,sl,A2,709,Insel,sala,sala,SAME_AS_LV_CASEFOLD,exact
data,bg,A2,709,Insel,sala,Остров,FAMILY_COPY_STRICT,bg+hr+mk+ru+sr
data,hr,A2,709,Insel,sala,Остров,FAMILY_COPY_STRICT,bg+hr+mk+ru+sr
data,mk,A2,709,Insel,sala,Остров,FAMILY_COPY_STRICT,bg+hr+mk+ru+sr
data,ru,A2,709,Insel,sala,Остров,FAMILY_COPY_STRICT,bg+hr+mk+ru+sr
data,sr,A2,709,Insel,sala,Остров,FAMILY_COPY_STRICT,bg+hr+mk+ru+sr
data,fi,A2,709,Insel,sala,Saar,FAMILY_COPY_STRICT,fi+is+nb+nn+sv
data,is,A2,709,Insel,sala,Saar,FAMILY_COPY_STRICT,fi+is+nb+nn+sv
data,nb,A2,709,Insel,sala,Saar,FAMILY_COPY_STRICT,fi+is+nb+nn+sv
data,nn,A2,709,Insel,sala,Saar,FAMILY_COPY_STRICT,fi+is+nb+nn+sv
data,sv,A2,709,Insel,sala,Saar,FAMILY_COPY_STRICT,fi+is+nb+nn+sv
data,it,A2,709,Insel,sala,MOBBS,FAMILY_COPY_STRICT,it+pt
data,pt,A2,709,Insel,sala,MOBBS,FAMILY_COPY_STRICT,it+pt
data,pl,A2,709,Insel,sala,Wyspa,FAMILY_COPY_STRICT,pl+sk+sq+tr
data,sk,A2,709,Insel,sala,Wyspa,FAMILY_COPY_STRICT,pl+sk+sq+tr
data,sq,A2,709,Insel,sala,Wyspa,FAMILY_COPY_STRICT,pl+sk+sq+tr
data,tr,A2,709,Insel,sala,Wyspa,FAMILY_COPY_STRICT,pl+sk+sq+tr
data,hr,A2,710,insgesamt,kopā,Заедно,SCRIPT_MISMATCH,
data,hr,A2,710,insgesamt,kopā,Заедно,MARKER_LEAK,foreign_script
data,nl,A2,710,insgesamt,kopā,Kopā,SAME_AS_LV_CASEFOLD,casefold_only
data,nl,A2,710,insgesamt,kopā,Kopā,LV_DIACRITIC,
data,nl,A2,710,insgesamt,kopā,Kopā,MARKER_LEAK,lv_macron_consonant
data,sl,A2,710,insgesamt,kopā,kopā,SAME_AS_LV_CASEFOLD,exact
data,sl,A2,710,insgesamt,kopā,kopā,LV_DIACRITIC,
data,sl,A2,710,insgesamt,kopā,kopā,MARKER_LEAK,lv_macron_consonant
data,bg,A2,710,insgesamt,kopā,Заедно,FAMILY_COPY_STRICT,bg+hr+mk+sr
data,hr,A2,710,insgesamt,kopā,Заедно,FAMILY_COPY_STRICT,bg+hr+mk+sr
data,mk,A2,710,insgesamt,kopā,Заедно,FAMILY_COPY_STRICT,bg+hr+mk+sr
data,sr,A2,710,insgesamt,kopā,Заедно,FAMILY_COPY_STRICT,bg+hr+mk+sr
data,fi,A2,710,insgesamt,kopā,Koos,FAMILY_COPY_STRICT,fi+sv
data,sv,A2,710,insgesamt,kopā,Koos,FAMILY_COPY_STRICT,fi+sv
data,is,A2,710,insgesamt,kopā,Coos,FAMILY_COPY_STRICT,is+nb+nn
data,nb,A2,710,insgesamt,kopā,Coos,FAMILY_COPY_STRICT,is+nb+nn
data,nn,A2,710,insgesamt,kopā,Coos,FAMILY_COPY_STRICT,is+nb+nn
data,it,A2,710,insgesamt,kopā,Kopa,FAMILY_COPY_STRICT,it+pt
data,pt,A2,710,insgesamt,kopā,Kopa,FAMILY_COPY_STRICT,it+pt
data,hr,A2,711,Instrument,instruments,Инструмент,SCRIPT_MISMATCH,
data,hr,A2,711,Instrument,instruments,Инструмент,MARKER_LEAK,foreign_script
data,it,A2,711,Instrument,instruments,Instruments,SAME_AS_LV_CASEFOLD,casefold_only
data,nl,A2,711,Instrument,instruments,Instruments,SAME_AS_LV_CASEFOLD,casefold_only
data,sl,A2,711,Instrument,instruments,instruments,SAME_AS_LV_CASEFOLD,exact
data,bg,A2,711,Instrument,instruments,Инструмент,FAMILY_COPY_STRICT,bg+hr+mk+ru+sr
data,hr,A2,711,Instrument,instruments,Инструмент,FAMILY_COPY_STRICT,bg+hr+mk+ru+sr
data,mk,A2,711,Instrument,instruments,Инструмент,FAMILY_COPY_STRICT,bg+hr+mk+ru+sr
data,ru,A2,711,Instrument,instruments,Инструмент,FAMILY_COPY_STRICT,bg+hr+mk+ru+sr
data,sr,A2,711,Instrument,instruments,Инструмент,FAMILY_COPY_STRICT,bg+hr+mk+ru+sr
data,it,A2,711,Instrument,instruments,Instruments,FAMILY_COPY_STRICT,it+nl
data,nl,A2,711,Instrument,instruments,Instruments,FAMILY_COPY_STRICT,it+nl
data,sq,A2,711,Instrument,instruments,Araç,FAMILY_COPY_STRICT,sq+tr
data,tr,A2,711,Instrument,instruments,Araç,FAMILY_COPY_STRICT,sq+tr
data,hr,A2,712,intelligent,inteliģents,Разумен,SCRIPT_MISMATCH,
data,hr,A2,712,intelligent,inteliģents,Разумен,MARKER_LEAK,foreign_script
data,nl,A2,712,intelligent,inteliģents,Inteliģents,SAME_AS_LV_CASEFOLD,casefold_only
data,nl,A2,712,intelligent,inteliģents,Inteliģents,LV_DIACRITIC,
data,nl,A2,712,intelligent,inteliģents,Inteliģents,MARKER_LEAK,lv_macron_consonant
data,sl,A2,712,intelligent,inteliģents,inteliģents,SAME_AS_LV_CASEFOLD,exact
data,sl,A2,712,intelligent,inteliģents,inteliģents,LV_DIACRITIC,
data,sl,A2,712,intelligent,inteliģents,inteliģents,MARKER_LEAK,lv_macron_consonant
data,fi,A2,712,intelligent,inteliģents,Intelligentne,FAMILY_COPY_STRICT,fi+sv
data,sv,A2,712,intelligent,inteliģents,Intelligentne,FAMILY_COPY_STRICT,fi+sv
data,hr,A2,712,intelligent,inteliģents,Разумен,FAMILY_COPY_STRICT,hr+mk+sr
data,mk,A2,712,intelligent,inteliģents,Разумен,FAMILY_COPY_STRICT,hr+mk+sr
data,sr,A2,712,intelligent,inteliģents,Разумен,FAMILY_COPY_STRICT,hr+mk+sr
data,pl,A2,712,intelligent,inteliģents,Inteligentny,FAMILY_COPY_STRICT,pl+sk+sq+tr
data,sk,A2,712,intelligent,inteliģents,Inteligentny,FAMILY_COPY_STRICT,pl+sk+sq+tr
data,sq,A2,712,intelligent,inteliģents,Inteligentny,FAMILY_COPY_STRICT,pl+sk+sq+tr
data,tr,A2,712,intelligent,inteliģents,Inteligentny,FAMILY_COPY_STRICT,pl+sk+sq+tr
data,hr,A2,713,interessant,interesants,Интересно,SCRIPT_MISMATCH,
data,hr,A2,713,interessant,interesants,Интересно,MARKER_LEAK,foreign_script
data,nl,A2,713,interessant,interesants,Interesants,SAME_AS_LV_CASEFOLD,casefold_only
data,sl,A2,713,interessant,interesants,interesants,SAME_AS_LV_CASEFOLD,exact
data,bg,A2,713,interessant,interesants,Интересно,FAMILY_COPY_STRICT,bg+hr+mk+sr
data,hr,A2,713,interessant,interesants,Интересно,FAMILY_COPY_STRICT,bg+hr+mk+sr
data,mk,A2,713,interessant,interesants,Интересно,FAMILY_COPY_STRICT,bg+hr+mk+sr
data,sr,A2,713,interessant,interesants,Интересно,FAMILY_COPY_STRICT,bg+hr+mk+sr
data,fi,A2,713,interessant,interesants,Huvitav,FAMILY_COPY_STRICT,fi+sv
data,sv,A2,713,interessant,interesants,Huvitav,FAMILY_COPY_STRICT,fi+sv
data,fr,A2,713,interessant,interesants,Intéressant,FAMILY_COPY_STRICT,fr+it
data,it,A2,713,interessant,interesants,Intéressant,FAMILY_COPY_STRICT,fr+it
data,pl,A2,713,interessant,interesants,Ciekawy,FAMILY_COPY_STRICT,pl+sq+tr
data,sq,A2,713,interessant,interesants,Ciekawy,FAMILY_COPY_STRICT,pl+sq+tr
data,tr,A2,713,interessant,interesants,Ciekawy,FAMILY_COPY_STRICT,pl+sq+tr
data,hr,A2,714,Interesse,interese,Интерес,SCRIPT_MISMATCH,
data,hr,A2,714,Interesse,interese,Интерес,MARKER_LEAK,foreign_script
data,lb,A2,714,Interesse,interese,Interese,SAME_AS_LV_CASEFOLD,casefold_only
data,nl,A2,714,Interesse,interese,Interese,SAME_AS_LV_CASEFOLD,casefold_only
data,sl,A2,714,Interesse,interese,interese,SAME_AS_LV_CASEFOLD,exact
data,bg,A2,714,Interesse,interese,Интерес,FAMILY_COPY_STRICT,bg+hr+mk+ru+sr
data,hr,A2,714,Interesse,interese,Интерес,FAMILY_COPY_STRICT,bg+hr+mk+ru+sr
data,mk,A2,714,Interesse,interese,Интерес,FAMILY_COPY_STRICT,bg+hr+mk+ru+sr
data,ru,A2,714,Interesse,interese,Интерес,FAMILY_COPY_STRICT,bg+hr+mk+ru+sr
data,sr,A2,714,Interesse,interese,Интерес,FAMILY_COPY_STRICT,bg+hr+mk+ru+sr
data,fi,A2,714,Interesse,interese,Huvi,FAMILY_COPY_STRICT,fi+sv
data,sv,A2,714,Interesse,interese,Huvi,FAMILY_COPY_STRICT,fi+sv
data,is,A2,714,Interesse,interese,Hettegenser,FAMILY_COPY_STRICT,is+nb+nn
data,nb,A2,714,Interesse,interese,Hettegenser,FAMILY_COPY_STRICT,is+nb+nn
data,nn,A2,714,Interesse,interese,Hettegenser,FAMILY_COPY_STRICT,is+nb+nn
data,lb,A2,714,Interesse,interese,Interese,FAMILY_COPY_STRICT,lb+nl
data,nl,A2,714,Interesse,interese,Interese,FAMILY_COPY_STRICT,lb+nl
data,pl,A2,714,Interesse,interese,Odsetki,FAMILY_COPY_STRICT,pl+sk
data,sk,A2,714,Interesse,interese,Odsetki,FAMILY_COPY_STRICT,pl+sk
data,sq,A2,714,Interesse,interese,Faiz,FAMILY_COPY_STRICT,sq+tr
data,tr,A2,714,Interesse,interese,Faiz,FAMILY_COPY_STRICT,sq+tr
data,gr,A2,715,Internet,internets,Internet,SCRIPT_MISMATCH,
data,gr,A2,715,Internet,internets,Internet,MARKER_LEAK,latin_in_greek
data,hr,A2,715,Internet,internets,Интернет,SCRIPT_MISMATCH,
data,hr,A2,715,Internet,internets,Интернет,MARKER_LEAK,foreign_script
data,lb,A2,715,Internet,internets,Internets,SAME_AS_LV_CASEFOLD,casefold_only
data,nl,A2,715,Internet,internets,Internets,SAME_AS_LV_CASEFOLD,casefold_only
data,sl,A2,715,Internet,internets,internets,SAME_AS_LV_CASEFOLD,exact
data,bg,A2,715,Internet,internets,Интернет,FAMILY_COPY_STRICT,bg+hr+mk+ru+sr
data,hr,A2,715,Internet,internets,Интернет,FAMILY_COPY_STRICT,bg+hr+mk+ru+sr
data,mk,A2,715,Internet,internets,Интернет,FAMILY_COPY_STRICT,bg+hr+mk+ru+sr
data,ru,A2,715,Internet,internets,Интернет,FAMILY_COPY_STRICT,bg+hr+mk+ru+sr
data,sr,A2,715,Internet,internets,Интернет,FAMILY_COPY_STRICT,bg+hr+mk+ru+sr
data,is,A2,715,Internet,internets,Internett,FAMILY_COPY_STRICT,is+nb+nn
data,nb,A2,715,Internet,internets,Internett,FAMILY_COPY_STRICT,is+nb+nn
data,nn,A2,715,Internet,internets,Internett,FAMILY_COPY_STRICT,is+nb+nn
data,lb,A2,715,Internet,internets,Internets,FAMILY_COPY_STRICT,lb+nl
data,nl,A2,715,Internet,internets,Internets,FAMILY_COPY_STRICT,lb+nl
data,hr,A2,716,inzwischen,tikmēr,Во меѓувреме,SCRIPT_MISMATCH,
data,hr,A2,716,inzwischen,tikmēr,Во меѓувреме,MARKER_LEAK,foreign_script
data,lb,A2,716,inzwischen,tikmēr,Tikmēr,SAME_AS_LV_CASEFOLD,casefold_only
data,lb,A2,716,inzwischen,tikmēr,Tikmēr,LV_DIACRITIC,
data,lb,A2,716,inzwischen,tikmēr,Tikmēr,MARKER_LEAK,lv_macron_consonant
data,nl,A2,716,inzwischen,tikmēr,Tikmēr,SAME_AS_LV_CASEFOLD,casefold_only
data,nl,A2,716,inzwischen,tikmēr,Tikmēr,LV_DIACRITIC,
data,nl,A2,716,inzwischen,tikmēr,Tikmēr,MARKER_LEAK,lv_macron_consonant
data,sl,A2,716,inzwischen,tikmēr,tikmēr,SAME_AS_LV_CASEFOLD,exact
data,sl,A2,716,inzwischen,tikmēr,tikmēr,LV_DIACRITIC,
data,sl,A2,716,inzwischen,tikmēr,tikmēr,MARKER_LEAK,lv_macron_consonant
data,fi,A2,716,inzwischen,tikmēr,Vahepeal,FAMILY_COPY_STRICT,fi+is+nb+nn+sv
data,is,A2,716,inzwischen,tikmēr,Vahepeal,FAMILY_COPY_STRICT,fi+is+nb+nn+sv
data,nb,A2,716,inzwischen,tikmēr,Vahepeal,FAMILY_COPY_STRICT,fi+is+nb+nn+sv
data,nn,A2,716,inzwischen,tikmēr,Vahepeal,FAMILY_COPY_STRICT,fi+is+nb+nn+sv
data,sv,A2,716,inzwischen,tikmēr,Vahepeal,FAMILY_COPY_STRICT,fi+is+nb+nn+sv
data,hr,A2,716,inzwischen,tikmēr,Во меѓувреме,FAMILY_COPY_STRICT,hr+mk+sr
data,mk,A2,716,inzwischen,tikmēr,Во меѓувреме,FAMILY_COPY_STRICT,hr+mk+sr
data,sr,A2,716,inzwischen,tikmēr,Во меѓувреме,FAMILY_COPY_STRICT,hr+mk+sr
data,it,A2,716,inzwischen,tikmēr,Tikmer,FAMILY_COPY_STRICT,it+pt
data,pt,A2,716,inzwischen,tikmēr,Tikmer,FAMILY_COPY_STRICT,it+pt
data,lb,A2,716,inzwischen,tikmēr,Tikmēr,FAMILY_COPY_STRICT,lb+nl
data,nl,A2,716,inzwischen,tikmēr,Tikmēr,FAMILY_COPY_STRICT,lb+nl
data,pl,A2,716,inzwischen,tikmēr,Tymczasem,FAMILY_COPY_STRICT,pl+sq+tr
data,sq,A2,716,inzwischen,tikmēr,Tymczasem,FAMILY_COPY_STRICT,pl+sq+tr
data,tr,A2,716,inzwischen,tikmēr,Tymczasem,FAMILY_COPY_STRICT,pl+sq+tr
data,hr,A2,717,irgendein,kaut kāds,Някой,SCRIPT_MISMATCH,
data,hr,A2,717,irgendein,kaut kāds,Някой,MARKER_LEAK,foreign_script
data,lb,A2,717,irgendein,kaut kāds,Kaut kāds,SAME_AS_LV_CASEFOLD,casefold_only
data,lb,A2,717,irgendein,kaut kāds,Kaut kāds,LV_DIACRITIC,
data,lb,A2,717,irgendein,kaut kāds,Kaut kāds,MARKER_LEAK,lv_macron_consonant
data,nl,A2,717,irgendein,kaut kāds,Kaut kāds,SAME_AS_LV_CASEFOLD,casefold_only
data,nl,A2,717,irgendein,kaut kāds,Kaut kāds,LV_DIACRITIC,
data,nl,A2,717,irgendein,kaut kāds,Kaut kāds,MARKER_LEAK,lv_macron_consonant
data,sl,A2,717,irgendein,kaut kāds,kaut kāds,SAME_AS_LV_CASEFOLD,exact
data,sl,A2,717,irgendein,kaut kāds,kaut kāds,LV_DIACRITIC,
data,sl,A2,717,irgendein,kaut kāds,kaut kāds,MARKER_LEAK,lv_macron_consonant
data,bg,A2,717,irgendein,kaut kāds,Някой,FAMILY_COPY_STRICT,bg+hr+mk+sr
data,hr,A2,717,irgendein,kaut kāds,Някой,FAMILY_COPY_STRICT,bg+hr+mk+sr
data,mk,A2,717,irgendein,kaut kāds,Някой,FAMILY_COPY_STRICT,bg+hr+mk+sr
data,sr,A2,717,irgendein,kaut kāds,Някой,FAMILY_COPY_STRICT,bg+hr+mk+sr
data,fi,A2,717,irgendein,kaut kāds,Mingi,FAMILY_COPY_STRICT,fi+is+nb+nn+sv
data,is,A2,717,irgendein,kaut kāds,Mingi,FAMILY_COPY_STRICT,fi+is+nb+nn+sv
data,nb,A2,717,irgendein,kaut kāds,Mingi,FAMILY_COPY_STRICT,fi+is+nb+nn+sv
data,nn,A2,717,irgendein,kaut kāds,Mingi,FAMILY_COPY_STRICT,fi+is+nb+nn+sv
data,sv,A2,717,irgendein,kaut kāds,Mingi,FAMILY_COPY_STRICT,fi+is+nb+nn+sv
data,it,A2,717,irgendein,kaut kāds,Kaut Kads,FAMILY_COPY_STRICT,it+pt
data,pt,A2,717,irgendein,kaut kāds,Kaut Kads,FAMILY_COPY_STRICT,it+pt
data,lb,A2,717,irgendein,kaut kāds,Kaut kāds,FAMILY_COPY_STRICT,lb+nl
data,nl,A2,717,irgendein,kaut kāds,Kaut kāds,FAMILY_COPY_STRICT,lb+nl
data,hr,A2,718,irgendwas,kaut kas,Всичко,SCRIPT_MISMATCH,
data,hr,A2,718,irgendwas,kaut kas,Всичко,MARKER_LEAK,foreign_script
data,nl,A2,718,irgendwas,kaut kas,Kaut kas,SAME_AS_LV_CASEFOLD,casefold_only
data,sl,A2,718,irgendwas,kaut kas,kaut kas,SAME_AS_LV_CASEFOLD,exact
data,bg,A2,718,irgendwas,kaut kas,Всичко,FAMILY_COPY_STRICT,bg+hr+mk+sr
data,hr,A2,718,irgendwas,kaut kas,Всичко,FAMILY_COPY_STRICT,bg+hr+mk+sr
data,mk,A2,718,irgendwas,kaut kas,Всичко,FAMILY_COPY_STRICT,bg+hr+mk+sr
data,sr,A2,718,irgendwas,kaut kas,Всичко,FAMILY_COPY_STRICT,bg+hr+mk+sr
data,fi,A2,718,irgendwas,kaut kas,Midagi,FAMILY_COPY_STRICT,fi+sv
data,sv,A2,718,irgendwas,kaut kas,Midagi,FAMILY_COPY_STRICT,fi+sv
data,is,A2,718,irgendwas,kaut kas,Middag,FAMILY_COPY_STRICT,is+nb+nn
data,nb,A2,718,irgendwas,kaut kas,Middag,FAMILY_COPY_STRICT,is+nb+nn
data,nn,A2,718,irgendwas,kaut kas,Middag,FAMILY_COPY_STRICT,is+nb+nn
data,hr,A2,719,irgendwie,kaut kā,Някак си,SCRIPT_MISMATCH,
data,hr,A2,719,irgendwie,kaut kā,Някак си,MARKER_LEAK,foreign_script
data,it,A2,719,irgendwie,kaut kā,Chew kā,LV_DIACRITIC,
data,it,A2,719,irgendwie,kaut kā,Chew kā,MARKER_LEAK,lv_macron_consonant
data,lb,A2,719,irgendwie,kaut kā,Kaut kā,SAME_AS_LV_CASEFOLD,casefold_only
data,lb,A2,719,irgendwie,kaut kā,Kaut kā,LV_DIACRITIC,
data,lb,A2,719,irgendwie,kaut kā,Kaut kā,MARKER_LEAK,lv_macron_consonant
data,nl,A2,719,irgendwie,kaut kā,Kaut kā,SAME_AS_LV_CASEFOLD,casefold_only
data,nl,A2,719,irgendwie,kaut kā,Kaut kā,LV_DIACRITIC,
data,nl,A2,719,irgendwie,kaut kā,Kaut kā,MARKER_LEAK,lv_macron_consonant
data,sk,A2,719,irgendwie,kaut kā,Jakoś,MARKER_LEAK,pl_l_s_z
data,sl,A2,719,irgendwie,kaut kā,kaut kā,SAME_AS_LV_CASEFOLD,exact
data,sl,A2,719,irgendwie,kaut kā,kaut kā,LV_DIACRITIC,
data,sl,A2,719,irgendwie,kaut kā,kaut kā,MARKER_LEAK,lv_macron_consonant
data,sq,A2,719,irgendwie,kaut kā,Her nasılsa,MARKER_LEAK,tr_soft
data,bg,A2,719,irgendwie,kaut kā,Някак си,FAMILY_COPY_STRICT,bg+hr+mk+sr
data,hr,A2,719,irgendwie,kaut kā,Някак си,FAMILY_COPY_STRICT,bg+hr+mk+sr
data,mk,A2,719,irgendwie,kaut kā,Някак си,FAMILY_COPY_STRICT,bg+hr+mk+sr
data,sr,A2,719,irgendwie,kaut kā,Някак си,FAMILY_COPY_STRICT,bg+hr+mk+sr
data,fi,A2,719,irgendwie,kaut kā,Kuidagi,FAMILY_COPY_STRICT,fi+is+nb+nn+sv
data,is,A2,719,irgendwie,kaut kā,Kuidagi,FAMILY_COPY_STRICT,fi+is+nb+nn+sv
data,nb,A2,719,irgendwie,kaut kā,Kuidagi,FAMILY_COPY_STRICT,fi+is+nb+nn+sv
data,nn,A2,719,irgendwie,kaut kā,Kuidagi,FAMILY_COPY_STRICT,fi+is+nb+nn+sv
data,sv,A2,719,irgendwie,kaut kā,Kuidagi,FAMILY_COPY_STRICT,fi+is+nb+nn+sv
data,lb,A2,719,irgendwie,kaut kā,Kaut kā,FAMILY_COPY_STRICT,lb+nl
data,nl,A2,719,irgendwie,kaut kā,Kaut kā,FAMILY_COPY_STRICT,lb+nl
data,pl,A2,719,irgendwie,kaut kā,Jakoś,FAMILY_COPY_STRICT,pl+sk
data,sk,A2,719,irgendwie,kaut kā,Jakoś,FAMILY_COPY_STRICT,pl+sk
data,sq,A2,719,irgendwie,kaut kā,Her nasılsa,FAMILY_COPY_STRICT,sq+tr
data,tr,A2,719,irgendwie,kaut kā,Her nasılsa,FAMILY_COPY_STRICT,sq+tr
data,nl,A2,720,irgendwo,kaut kur,Kaut kur,SAME_AS_LV_CASEFOLD,casefold_only
data,sk,A2,720,irgendwo,kaut kur,Gdzieś,MARKER_LEAK,pl_l_s_z
data,sl,A2,720,irgendwo,kaut kur,kaut kur,SAME_AS_LV_CASEFOLD,exact
data,sr,A2,720,irgendwo,kaut kur,-Nekje.,SCRIPT_MISMATCH,sr_as_cyrillic
data,sr,A2,720,irgendwo,kaut kur,-Nekje.,MARKER_LEAK,latin_in_cyrillic
data,fi,A2,720,irgendwo,kaut kur,Kuskil,FAMILY_COPY_STRICT,fi+is+nb+nn+sv
data,is,A2,720,irgendwo,kaut kur,Kuskil,FAMILY_COPY_STRICT,fi+is+nb+nn+sv
data,nb,A2,720,irgendwo,kaut kur,Kuskil,FAMILY_COPY_STRICT,fi+is+nb+nn+sv
data,nn,A2,720,irgendwo,kaut kur,Kuskil,FAMILY_COPY_STRICT,fi+is+nb+nn+sv
data,sv,A2,720,irgendwo,kaut kur,Kuskil,FAMILY_COPY_STRICT,fi+is+nb+nn+sv
data,hr,A2,720,irgendwo,kaut kur,-Nekje.,FAMILY_COPY_STRICT,hr+sr
data,sr,A2,720,irgendwo,kaut kur,-Nekje.,FAMILY_COPY_STRICT,hr+sr
data,pl,A2,720,irgendwo,kaut kur,Gdzieś,FAMILY_COPY_STRICT,pl+sk
data,sk,A2,720,irgendwo,kaut kur,Gdzieś,FAMILY_COPY_STRICT,pl+sk
data,sq,A2,720,irgendwo,kaut kur,Bir yerlerde,FAMILY_COPY_STRICT,sq+tr
data,tr,A2,720,irgendwo,kaut kur,Bir yerlerde,FAMILY_COPY_STRICT,sq+tr
data,lb,A2,721,irgendwohin,kaut kurp,Kaut kurp,SAME_AS_LV_CASEFOLD,casefold_only
data,nl,A2,721,irgendwohin,kaut kurp,Kaut kurp,SAME_AS_LV_CASEFOLD,casefold_only
data,sk,A2,721,irgendwohin,kaut kurp,Gdzieś,MARKER_LEAK,pl_l_s_z
data,sl,A2,721,irgendwohin,kaut kurp,kaut kurp,SAME_AS_LV_CASEFOLD,exact
data,sr,A2,721,irgendwohin,kaut kurp,-Nekje.,SCRIPT_MISMATCH,sr_as_cyrillic
data,sr,A2,721,irgendwohin,kaut kurp,-Nekje.,MARKER_LEAK,latin_in_cyrillic
data,fi,A2,721,irgendwohin,kaut kurp,Kuhugi,FAMILY_COPY_STRICT,fi+is+nb+nn+sv
data,is,A2,721,irgendwohin,kaut kurp,Kuhugi,FAMILY_COPY_STRICT,fi+is+nb+nn+sv
data,nb,A2,721,irgendwohin,kaut kurp,Kuhugi,FAMILY_COPY_STRICT,fi+is+nb+nn+sv
data,nn,A2,721,irgendwohin,kaut kurp,Kuhugi,FAMILY_COPY_STRICT,fi+is+nb+nn+sv
data,sv,A2,721,irgendwohin,kaut kurp,Kuhugi,FAMILY_COPY_STRICT,fi+is+nb+nn+sv
data,hr,A2,721,irgendwohin,kaut kurp,-Nekje.,FAMILY_COPY_STRICT,hr+sr
data,sr,A2,721,irgendwohin,kaut kurp,-Nekje.,FAMILY_COPY_STRICT,hr+sr
data,lb,A2,721,irgendwohin,kaut kurp,Kaut kurp,FAMILY_COPY_STRICT,lb+nl
data,nl,A2,721,irgendwohin,kaut kurp,Kaut kurp,FAMILY_COPY_STRICT,lb+nl
data,pl,A2,721,irgendwohin,kaut kurp,Gdzieś,FAMILY_COPY_STRICT,pl+sk
data,sk,A2,721,irgendwohin,kaut kurp,Gdzieś,FAMILY_COPY_STRICT,pl+sk
data,sq,A2,721,irgendwohin,kaut kurp,Bir yerlerde,FAMILY_COPY_STRICT,sq+tr
data,tr,A2,721,irgendwohin,kaut kurp,Bir yerlerde,FAMILY_COPY_STRICT,sq+tr
data,hr,A2,722,Jacke,jaka,Яке,SCRIPT_MISMATCH,
data,hr,A2,722,Jacke,jaka,Яке,MARKER_LEAK,foreign_script
data,lb,A2,722,Jacke,jaka,Jaka,SAME_AS_LV_CASEFOLD,casefold_only
data,nl,A2,722,Jacke,jaka,Jaka,SAME_AS_LV_CASEFOLD,casefold_only
data,sl,A2,722,Jacke,jaka,jaka,SAME_AS_LV_CASEFOLD,exact
data,bg,A2,722,Jacke,jaka,Яке,FAMILY_COPY_STRICT,bg+hr+mk+sr
data,hr,A2,722,Jacke,jaka,Яке,FAMILY_COPY_STRICT,bg+hr+mk+sr
data,mk,A2,722,Jacke,jaka,Яке,FAMILY_COPY_STRICT,bg+hr+mk+sr
data,sr,A2,722,Jacke,jaka,Яке,FAMILY_COPY_STRICT,bg+hr+mk+sr
data,da,A2,722,Jacke,jaka,Jakke,FAMILY_COPY_STRICT,da+is+nb+nn
data,is,A2,722,Jacke,jaka,Jakke,FAMILY_COPY_STRICT,da+is+nb+nn
data,nb,A2,722,Jacke,jaka,Jakke,FAMILY_COPY_STRICT,da+is+nb+nn
data,nn,A2,722,Jacke,jaka,Jakke,FAMILY_COPY_STRICT,da+is+nb+nn
data,fi,A2,722,Jacke,jaka,Jakk,FAMILY_COPY_STRICT,fi+sv
data,sv,A2,722,Jacke,jaka,Jakk,FAMILY_COPY_STRICT,fi+sv
data,it,A2,722,Jacke,jaka,Jaka!,FAMILY_COPY_STRICT,it+pt
data,pt,A2,722,Jacke,jaka,Jaka!,FAMILY_COPY_STRICT,it+pt
data,lb,A2,722,Jacke,jaka,Jaka,FAMILY_COPY_STRICT,lb+nl
data,nl,A2,722,Jacke,jaka,Jaka,FAMILY_COPY_STRICT,lb+nl
data,pl,A2,722,Jacke,jaka,Kurtka,FAMILY_COPY_STRICT,pl+sk+sq+tr
data,sk,A2,722,Jacke,jaka,Kurtka,FAMILY_COPY_STRICT,pl+sk+sq+tr
data,sq,A2,722,Jacke,jaka,Kurtka,FAMILY_COPY_STRICT,pl+sk+sq+tr
data,tr,A2,722,Jacke,jaka,Kurtka,FAMILY_COPY_STRICT,pl+sk+sq+tr
data,hr,A2,723,Jackett,žakete,Блейзър,SCRIPT_MISMATCH,
data,hr,A2,723,Jackett,žakete,Блейзър,MARKER_LEAK,foreign_script
data,sl,A2,723,Jackett,žakete,žakete,SAME_AS_LV_CASEFOLD,exact
data,bg,A2,723,Jackett,žakete,Блейзър,FAMILY_COPY_STRICT,bg+hr+mk+sr
data,hr,A2,723,Jackett,žakete,Блейзър,FAMILY_COPY_STRICT,bg+hr+mk+sr
data,mk,A2,723,Jackett,žakete,Блейзър,FAMILY_COPY_STRICT,bg+hr+mk+sr
data,sr,A2,723,Jackett,žakete,Блейзър,FAMILY_COPY_STRICT,bg+hr+mk+sr
data,fi,A2,723,Jackett,žakete,Pintsak,FAMILY_COPY_STRICT,fi+sv
data,sv,A2,723,Jackett,žakete,Pintsak,FAMILY_COPY_STRICT,fi+sv
data,is,A2,723,Jackett,žakete,Pint ting,FAMILY_COPY_STRICT,is+nb+nn
data,nb,A2,723,Jackett,žakete,Pint ting,FAMILY_COPY_STRICT,is+nb+nn
data,nn,A2,723,Jackett,žakete,Pint ting,FAMILY_COPY_STRICT,is+nb+nn
data,pl,A2,723,Jackett,žakete,Blezer,FAMILY_COPY_STRICT,pl+sk
data,sk,A2,723,Jackett,žakete,Blezer,FAMILY_COPY_STRICT,pl+sk
data,hr,A2,724,jährlich,ik gadu,Годишно,SCRIPT_MISMATCH,
data,hr,A2,724,jährlich,ik gadu,Годишно,MARKER_LEAK,foreign_script
data,lb,A2,724,jährlich,ik gadu,Ik gadu,SAME_AS_LV_CASEFOLD,casefold_only
data,nl,A2,724,jährlich,ik gadu,Ik gadu,SAME_AS_LV_CASEFOLD,casefold_only
data,sl,A2,724,jährlich,ik gadu,ik gadu,SAME_AS_LV_CASEFOLD,exact
data,bg,A2,724,jährlich,ik gadu,Ежегодно,FAMILY_COPY_STRICT,bg+ru
data,ru,A2,724,jährlich,ik gadu,Ежегодно,FAMILY_COPY_STRICT,bg+ru
data,fi,A2,724,jährlich,ik gadu,Igal aastal,FAMILY_COPY_STRICT,fi+sv
data,sv,A2,724,jährlich,ik gadu,Igal aastal,FAMILY_COPY_STRICT,fi+sv
data,hr,A2,724,jährlich,ik gadu,Годишно,FAMILY_COPY_STRICT,hr+mk+sr
data,mk,A2,724,jährlich,ik gadu,Годишно,FAMILY_COPY_STRICT,hr+mk+sr
data,sr,A2,724,jährlich,ik gadu,Годишно,FAMILY_COPY_STRICT,hr+mk+sr
data,is,A2,724,jährlich,ik gadu,Hvert år,FAMILY_COPY_STRICT,is+nb+nn
data,nb,A2,724,jährlich,ik gadu,Hvert år,FAMILY_COPY_STRICT,is+nb+nn
data,nn,A2,724,jährlich,ik gadu,Hvert år,FAMILY_COPY_STRICT,is+nb+nn
data,lb,A2,724,jährlich,ik gadu,Ik gadu,FAMILY_COPY_STRICT,lb+nl
data,nl,A2,724,jährlich,ik gadu,Ik gadu,FAMILY_COPY_STRICT,lb+nl
data,pl,A2,724,jährlich,ik gadu,Rocznie,FAMILY_COPY_STRICT,pl+sq+tr
data,sq,A2,724,jährlich,ik gadu,Rocznie,FAMILY_COPY_STRICT,pl+sq+tr
data,tr,A2,724,jährlich,ik gadu,Rocznie,FAMILY_COPY_STRICT,pl+sq+tr
data,et,A2,725,Jazz,džezs,džäss,LV_DIACRITIC,
data,fi,A2,725,Jazz,džezs,Džäss,LV_DIACRITIC,
data,hr,A2,725,Jazz,džezs,Джаз,SCRIPT_MISMATCH,
data,hr,A2,725,Jazz,džezs,Джаз,MARKER_LEAK,foreign_script
data,nl,A2,725,Jazz,džezs,Džezs,SAME_AS_LV_CASEFOLD,casefold_only
data,nl,A2,725,Jazz,džezs,Džezs,LV_DIACRITIC,
data,sl,A2,725,Jazz,džezs,džezs,SAME_AS_LV_CASEFOLD,exact
data,sv,A2,725,Jazz,džezs,Džäss,LV_DIACRITIC,
data,bg,A2,725,Jazz,džezs,Джаз,FAMILY_COPY_STRICT,bg+hr+mk+ru+sr
data,hr,A2,725,Jazz,džezs,Джаз,FAMILY_COPY_STRICT,bg+hr+mk+ru+sr
data,mk,A2,725,Jazz,džezs,Джаз,FAMILY_COPY_STRICT,bg+hr+mk+ru+sr
data,ru,A2,725,Jazz,džezs,Джаз,FAMILY_COPY_STRICT,bg+hr+mk+ru+sr
data,sr,A2,725,Jazz,džezs,Джаз,FAMILY_COPY_STRICT,bg+hr+mk+ru+sr
data,fi,A2,725,Jazz,džezs,Džäss,FAMILY_COPY_STRICT,fi+sv
data,sv,A2,725,Jazz,džezs,Džäss,FAMILY_COPY_STRICT,fi+sv
data,sq,A2,725,Jazz,džezs,Caz,FAMILY_COPY_STRICT,sq+tr
data,tr,A2,725,Jazz,džezs,Caz,FAMILY_COPY_STRICT,sq+tr
data,hr,A2,726,je,jebkad • pa,Някой ден • Година,SCRIPT_MISMATCH,
data,hr,A2,726,je,jebkad • pa,Някой ден • Година,MARKER_LEAK,foreign_script
data,it,A2,726,je,jebkad • pa,Jebkad • Pa,SAME_AS_LV_CASEFOLD,casefold_only
data,lb,A2,726,je,jebkad • pa,Jebkad • Pa,SAME_AS_LV_CASEFOLD,casefold_only
data,nl,A2,726,je,jebkad • pa,Jebkad • Pa,SAME_AS_LV_CASEFOLD,casefold_only
data,pt,A2,726,je,jebkad • pa,Jebkad • Pa,SAME_AS_LV_CASEFOLD,casefold_only
data,sl,A2,726,je,jebkad • pa,jebkad • pa,SAME_AS_LV_CASEFOLD,exact
data,bg,A2,726,je,jebkad • pa,Някой ден • Година,FAMILY_COPY_STRICT,bg+hr+mk+sr
data,hr,A2,726,je,jebkad • pa,Някой ден • Година,FAMILY_COPY_STRICT,bg+hr+mk+sr
data,mk,A2,726,je,jebkad • pa,Някой ден • Година,FAMILY_COPY_STRICT,bg+hr+mk+sr
data,sr,A2,726,je,jebkad • pa,Някой ден • Година,FAMILY_COPY_STRICT,bg+hr+mk+sr
data,da,A2,726,je,jebkad • pa,Ever • Pa,FAMILY_COPY_STRICT,da+en
data,en,A2,726,je,jebkad • pa,Ever • Pa,FAMILY_COPY_STRICT,da+en
data,fi,A2,726,je,jebkad • pa,Kunagi • Kaupa,FAMILY_COPY_STRICT,fi+sv
data,sv,A2,726,je,jebkad • pa,Kunagi • Kaupa,FAMILY_COPY_STRICT,fi+sv
data,is,A2,726,je,jebkad • pa,Kunagi • Kjøp,FAMILY_COPY_STRICT,is+nb+nn
data,nb,A2,726,je,jebkad • pa,Kunagi • Kjøp,FAMILY_COPY_STRICT,is+nb+nn
data,nn,A2,726,je,jebkad • pa,Kunagi • Kjøp,FAMILY_COPY_STRICT,is+nb+nn
data,it,A2,726,je,jebkad • pa,Jebkad • Pa,FAMILY_COPY_STRICT,it+lb+nl+pt
data,lb,A2,726,je,jebkad • pa,Jebkad • Pa,FAMILY_COPY_STRICT,it+lb+nl+pt
data,nl,A2,726,je,jebkad • pa,Jebkad • Pa,FAMILY_COPY_STRICT,it+lb+nl+pt
data,pt,A2,726,je,jebkad • pa,Jebkad • Pa,FAMILY_COPY_STRICT,it+lb+nl+pt
data,pl,A2,726,je,jebkad • pa,Kiedykolwiek • Pa,FAMILY_COPY_STRICT,pl+sk
data,sk,A2,726,je,jebkad • pa,Kiedykolwiek • Pa,FAMILY_COPY_STRICT,pl+sk
data,sq,A2,726,je,jebkad • pa,Ne zaman • Hoşçakal,FAMILY_COPY_STRICT,sq+tr
data,tr,A2,726,je,jebkad • pa,Ne zaman • Hoşçakal,FAMILY_COPY_STRICT,sq+tr
data,hr,A2,727,jedes Mal,katru reizi,Всеки път,SCRIPT_MISMATCH,
data,hr,A2,727,jedes Mal,katru reizi,Всеки път,MARKER_LEAK,foreign_script
data,it,A2,727,jedes Mal,katru reizi,Katru Reizi,SAME_AS_LV_CASEFOLD,casefold_only
data,lb,A2,727,jedes Mal,katru reizi,Katru reizi,SAME_AS_LV_CASEFOLD,casefold_only
data,nl,A2,727,jedes Mal,katru reizi,Katru reizi,SAME_AS_LV_CASEFOLD,casefold_only
data,pt,A2,727,jedes Mal,katru reizi,Katru Reizi,SAME_AS_LV_CASEFOLD,casefold_only
data,sl,A2,727,jedes Mal,katru reizi,katru reizi,SAME_AS_LV_CASEFOLD,exact
data,bg,A2,727,jedes Mal,katru reizi,Всеки път,FAMILY_COPY_STRICT,bg+hr+mk+sr
data,hr,A2,727,jedes Mal,katru reizi,Всеки път,FAMILY_COPY_STRICT,bg+hr+mk+sr
data,mk,A2,727,jedes Mal,katru reizi,Всеки път,FAMILY_COPY_STRICT,bg+hr+mk+sr
data,sr,A2,727,jedes Mal,katru reizi,Всеки път,FAMILY_COPY_STRICT,bg+hr+mk+sr
data,fi,A2,727,jedes Mal,katru reizi,Iga kord,FAMILY_COPY_STRICT,fi+sv
data,sv,A2,727,jedes Mal,katru reizi,Iga kord,FAMILY_COPY_STRICT,fi+sv
data,is,A2,727,jedes Mal,katru reizi,Iga akkorder,FAMILY_COPY_STRICT,is+nb+nn
data,nb,A2,727,jedes Mal,katru reizi,Iga akkorder,FAMILY_COPY_STRICT,is+nb+nn
data,nn,A2,727,jedes Mal,katru reizi,Iga akkorder,FAMILY_COPY_STRICT,is+nb+nn
data,it,A2,727,jedes Mal,katru reizi,Katru Reizi,FAMILY_COPY_STRICT,it+pt
data,pt,A2,727,jedes Mal,katru reizi,Katru Reizi,FAMILY_COPY_STRICT,it+pt
data,lb,A2,727,jedes Mal,katru reizi,Katru reizi,FAMILY_COPY_STRICT,lb+nl
data,nl,A2,727,jedes Mal,katru reizi,Katru reizi,FAMILY_COPY_STRICT,lb+nl
data,sq,A2,727,jedes Mal,katru reizi,Her zaman,FAMILY_COPY_STRICT,sq+tr
data,tr,A2,727,jedes Mal,katru reizi,Her zaman,FAMILY_COPY_STRICT,sq+tr
data,hr,A2,728,jedoch,tomēr,Сепак,SCRIPT_MISMATCH,
data,hr,A2,728,jedoch,tomēr,Сепак,MARKER_LEAK,foreign_script
data,nl,A2,728,jedoch,tomēr,Tomēr,SAME_AS_LV_CASEFOLD,casefold_only
data,nl,A2,728,jedoch,tomēr,Tomēr,LV_DIACRITIC,
data,nl,A2,728,jedoch,tomēr,Tomēr,MARKER_LEAK,lv_macron_consonant
data,sl,A2,728,jedoch,tomēr,tomēr,SAME_AS_LV_CASEFOLD,exact
data,sl,A2,728,jedoch,tomēr,tomēr,LV_DIACRITIC,
data,sl,A2,728,jedoch,tomēr,tomēr,MARKER_LEAK,lv_macron_consonant
data,da,A2,728,jedoch,tomēr,Imidlertid,FAMILY_COPY_STRICT,da+is+nb+nn
data,is,A2,728,jedoch,tomēr,Imidlertid,FAMILY_COPY_STRICT,da+is+nb+nn
data,nb,A2,728,jedoch,tomēr,Imidlertid,FAMILY_COPY_STRICT,da+is+nb+nn
data,nn,A2,728,jedoch,tomēr,Imidlertid,FAMILY_COPY_STRICT,da+is+nb+nn
data,fi,A2,728,jedoch,tomēr,Siiski,FAMILY_COPY_STRICT,fi+sv
data,sv,A2,728,jedoch,tomēr,Siiski,FAMILY_COPY_STRICT,fi+sv
data,hr,A2,728,jedoch,tomēr,Сепак,FAMILY_COPY_STRICT,hr+mk+sr
data,mk,A2,728,jedoch,tomēr,Сепак,FAMILY_COPY_STRICT,hr+mk+sr
data,sr,A2,728,jedoch,tomēr,Сепак,FAMILY_COPY_STRICT,hr+mk+sr
data,it,A2,728,jedoch,tomēr,Tomer,FAMILY_COPY_STRICT,it+pt
data,pt,A2,728,jedoch,tomēr,Tomer,FAMILY_COPY_STRICT,it+pt
data,hr,A2,729,jemals,jebkad,Винаги,SCRIPT_MISMATCH,
data,hr,A2,729,jemals,jebkad,Винаги,MARKER_LEAK,foreign_script
data,it,A2,729,jemals,jebkad,Jebkad,SAME_AS_LV_CASEFOLD,casefold_only
data,lb,A2,729,jemals,jebkad,Jebkad,SAME_AS_LV_CASEFOLD,casefold_only
data,nl,A2,729,jemals,jebkad,Jebkad,SAME_AS_LV_CASEFOLD,casefold_only
data,pt,A2,729,jemals,jebkad,Jebkad,SAME_AS_LV_CASEFOLD,casefold_only
data,sl,A2,729,jemals,jebkad,jebkad,SAME_AS_LV_CASEFOLD,exact
data,bg,A2,729,jemals,jebkad,Винаги,FAMILY_COPY_STRICT,bg+hr+mk+sr
data,hr,A2,729,jemals,jebkad,Винаги,FAMILY_COPY_STRICT,bg+hr+mk+sr
data,mk,A2,729,jemals,jebkad,Винаги,FAMILY_COPY_STRICT,bg+hr+mk+sr
data,sr,A2,729,jemals,jebkad,Винаги,FAMILY_COPY_STRICT,bg+hr+mk+sr
data,fi,A2,729,jemals,jebkad,Kunagi,FAMILY_COPY_STRICT,fi+is+nb+nn+sv
data,is,A2,729,jemals,jebkad,Kunagi,FAMILY_COPY_STRICT,fi+is+nb+nn+sv
data,nb,A2,729,jemals,jebkad,Kunagi,FAMILY_COPY_STRICT,fi+is+nb+nn+sv
data,nn,A2,729,jemals,jebkad,Kunagi,FAMILY_COPY_STRICT,fi+is+nb+nn+sv
data,sv,A2,729,jemals,jebkad,Kunagi,FAMILY_COPY_STRICT,fi+is+nb+nn+sv
data,it,A2,729,jemals,jebkad,Jebkad,FAMILY_COPY_STRICT,it+lb+nl+pt
data,lb,A2,729,jemals,jebkad,Jebkad,FAMILY_COPY_STRICT,it+lb+nl+pt
data,nl,A2,729,jemals,jebkad,Jebkad,FAMILY_COPY_STRICT,it+lb+nl+pt
data,pt,A2,729,jemals,jebkad,Jebkad,FAMILY_COPY_STRICT,it+lb+nl+pt
data,pl,A2,729,jemals,jebkad,Kiedykolwiek,FAMILY_COPY_STRICT,pl+sk
data,sk,A2,729,jemals,jebkad,Kiedykolwiek,FAMILY_COPY_STRICT,pl+sk
data,sq,A2,729,jemals,jebkad,Her ne zaman,FAMILY_COPY_STRICT,sq+tr
data,tr,A2,729,jemals,jebkad,Her ne zaman,FAMILY_COPY_STRICT,sq+tr
data,hr,A2,730,jemanden baden,peldināt • mazgāt vannā,Пливајте • Капете се,SCRIPT_MISMATCH,
data,hr,A2,730,jemanden baden,peldināt • mazgāt vannā,Пливајте • Капете се,MARKER_LEAK,foreign_script
data,it,A2,730,jemanden baden,peldināt • mazgāt vannā,Peldināt • Mazgāt vannā,SAME_AS_LV_CASEFOLD,casefold_only
data,it,A2,730,jemanden baden,peldināt • mazgāt vannā,Peldināt • Mazgāt vannā,LV_DIACRITIC,
data,it,A2,730,jemanden baden,peldināt • mazgāt vannā,Peldināt • Mazgāt vannā,MARKER_LEAK,lv_macron_consonant
data,lb,A2,730,jemanden baden,peldināt • mazgāt vannā,Peldināt • Mazgāt vannā,SAME_AS_LV_CASEFOLD,casefold_only
data,lb,A2,730,jemanden baden,peldināt • mazgāt vannā,Peldināt • Mazgāt vannā,LV_DIACRITIC,
data,lb,A2,730,jemanden baden,peldināt • mazgāt vannā,Peldināt • Mazgāt vannā,MARKER_LEAK,lv_macron_consonant
data,nl,A2,730,jemanden baden,peldināt • mazgāt vannā,Peldināt • Mazgāt vannā,SAME_AS_LV_CASEFOLD,casefold_only
data,nl,A2,730,jemanden baden,peldināt • mazgāt vannā,Peldināt • Mazgāt vannā,LV_DIACRITIC,
data,nl,A2,730,jemanden baden,peldināt • mazgāt vannā,Peldināt • Mazgāt vannā,MARKER_LEAK,lv_macron_consonant
data,pt,A2,730,jemanden baden,peldināt • mazgāt vannā,Peldinat • Mazgāt vannā,LV_DIACRITIC,
data,pt,A2,730,jemanden baden,peldināt • mazgāt vannā,Peldinat • Mazgāt vannā,MARKER_LEAK,lv_macron_consonant
data,sk,A2,730,jemanden baden,peldināt • mazgāt vannā,Pływać • Kąpać się,MARKER_LEAK,pl_l_s_z+pl_lt_nasal
data,sl,A2,730,jemanden baden,peldināt • mazgāt vannā,peldināt • mazgāt vannā,SAME_AS_LV_CASEFOLD,exact
data,sl,A2,730,jemanden baden,peldināt • mazgāt vannā,peldināt • mazgāt vannā,LV_DIACRITIC,
data,sl,A2,730,jemanden baden,peldināt • mazgāt vannā,peldināt • mazgāt vannā,MARKER_LEAK,lv_macron_consonant
data,fi,A2,730,jemanden baden,peldināt • mazgāt vannā,Vannitama • Vannis pesema,FAMILY_COPY_STRICT,fi+is+nb+nn+sv
data,is,A2,730,jemanden baden,peldināt • mazgāt vannā,Vannitama • Vannis pesema,FAMILY_COPY_STRICT,fi+is+nb+nn+sv
data,nb,A2,730,jemanden baden,peldināt • mazgāt vannā,Vannitama • Vannis pesema,FAMILY_COPY_STRICT,fi+is+nb+nn+sv
data,nn,A2,730,jemanden baden,peldināt • mazgāt vannā,Vannitama • Vannis pesema,FAMILY_COPY_STRICT,fi+is+nb+nn+sv
data,sv,A2,730,jemanden baden,peldināt • mazgāt vannā,Vannitama • Vannis pesema,FAMILY_COPY_STRICT,fi+is+nb+nn+sv
data,hr,A2,730,jemanden baden,peldināt • mazgāt vannā,Пливајте • Капете се,FAMILY_COPY_STRICT,hr+mk+sr
data,mk,A2,730,jemanden baden,peldināt • mazgāt vannā,Пливајте • Капете се,FAMILY_COPY_STRICT,hr+mk+sr
data,sr,A2,730,jemanden baden,peldināt • mazgāt vannā,Пливајте • Капете се,FAMILY_COPY_STRICT,hr+mk+sr
data,it,A2,730,jemanden baden,peldināt • mazgāt vannā,Peldināt • Mazgāt vannā,FAMILY_COPY_STRICT,it+lb+nl
data,lb,A2,730,jemanden baden,peldināt • mazgāt vannā,Peldināt • Mazgāt vannā,FAMILY_COPY_STRICT,it+lb+nl
data,nl,A2,730,jemanden baden,peldināt • mazgāt vannā,Peldināt • Mazgāt vannā,FAMILY_COPY_STRICT,it+lb+nl
data,pl,A2,730,jemanden baden,peldināt • mazgāt vannā,Pływać • Kąpać się,FAMILY_COPY_STRICT,pl+sk
data,sk,A2,730,jemanden baden,peldināt • mazgāt vannā,Pływać • Kąpać się,FAMILY_COPY_STRICT,pl+sk
data,sq,A2,730,jemanden baden,peldināt • mazgāt vannā,Yüzmek • Banyo yapmak,FAMILY_COPY_STRICT,sq+tr
data,tr,A2,730,jemanden baden,peldināt • mazgāt vannā,Yüzmek • Banyo yapmak,FAMILY_COPY_STRICT,sq+tr
data,hr,A2,731,jener,tas,Што,SCRIPT_MISMATCH,
data,hr,A2,731,jener,tas,Што,MARKER_LEAK,foreign_script
data,lb,A2,731,jener,tas,Tas,SAME_AS_LV_CASEFOLD,casefold_only
data,lt,A2,731,jener,tas,tas,SAME_AS_LV_CASEFOLD,exact
data,nl,A2,731,jener,tas,Tas,SAME_AS_LV_CASEFOLD,casefold_only
data,sl,A2,731,jener,tas,tas,SAME_AS_LV_CASEFOLD,exact
data,fi,A2,731,jener,tas,See,FAMILY_COPY_STRICT,fi+sv
data,sv,A2,731,jener,tas,See,FAMILY_COPY_STRICT,fi+sv
data,hr,A2,731,jener,tas,Што,FAMILY_COPY_STRICT,hr+mk+sr
data,mk,A2,731,jener,tas,Што,FAMILY_COPY_STRICT,hr+mk+sr
data,sr,A2,731,jener,tas,Што,FAMILY_COPY_STRICT,hr+mk+sr
data,is,A2,731,jener,tas,Se,FAMILY_COPY_STRICT,is+nb+nn
data,nb,A2,731,jener,tas,Se,FAMILY_COPY_STRICT,is+nb+nn
data,nn,A2,731,jener,tas,Se,FAMILY_COPY_STRICT,is+nb+nn
data,lb,A2,731,jener,tas,Tas,FAMILY_COPY_STRICT,lb+nl
data,nl,A2,731,jener,tas,Tas,FAMILY_COPY_STRICT,lb+nl
data,lb,A2,732,jetzig,tagadējs,Tagadējs,SAME_AS_LV_CASEFOLD,casefold_only
data,lb,A2,732,jetzig,tagadējs,Tagadējs,LV_DIACRITIC,
data,lb,A2,732,jetzig,tagadējs,Tagadējs,MARKER_LEAK,lv_macron_consonant
data,nl,A2,732,jetzig,tagadējs,Tagadējs,SAME_AS_LV_CASEFOLD,casefold_only
data,nl,A2,732,jetzig,tagadējs,Tagadējs,LV_DIACRITIC,
data,nl,A2,732,jetzig,tagadējs,Tagadējs,MARKER_LEAK,lv_macron_consonant
data,sk,A2,732,jetzig,tagadējs,Teraźniejszość,MARKER_LEAK,pl_l_s_z
data,sl,A2,732,jetzig,tagadējs,tagadējs,SAME_AS_LV_CASEFOLD,exact
data,sl,A2,732,jetzig,tagadējs,tagadējs,LV_DIACRITIC,
data,sl,A2,732,jetzig,tagadējs,tagadējs,MARKER_LEAK,lv_macron_consonant
data,sr,A2,732,jetzig,tagadējs,Iti morava.,SCRIPT_MISMATCH,sr_as_cyrillic
data,sr,A2,732,jetzig,tagadējs,Iti morava.,MARKER_LEAK,latin_in_cyrillic
data,fi,A2,732,jetzig,tagadējs,Praegune,FAMILY_COPY_STRICT,fi+sv
data,sv,A2,732,jetzig,tagadējs,Praegune,FAMILY_COPY_STRICT,fi+sv
data,hr,A2,732,jetzig,tagadējs,Iti morava.,FAMILY_COPY_STRICT,hr+sr
data,sr,A2,732,jetzig,tagadējs,Iti morava.,FAMILY_COPY_STRICT,hr+sr
data,is,A2,732,jetzig,tagadējs,Akkurat nå,FAMILY_COPY_STRICT,is+nb+nn
data,nb,A2,732,jetzig,tagadējs,Akkurat nå,FAMILY_COPY_STRICT,is+nb+nn
data,nn,A2,732,jetzig,tagadējs,Akkurat nå,FAMILY_COPY_STRICT,is+nb+nn
data,it,A2,732,jetzig,tagadējs,Tagadejs,FAMILY_COPY_STRICT,it+pt
data,pt,A2,732,jetzig,tagadējs,Tagadejs,FAMILY_COPY_STRICT,it+pt
data,lb,A2,732,jetzig,tagadējs,Tagadējs,FAMILY_COPY_STRICT,lb+nl
data,nl,A2,732,jetzig,tagadējs,Tagadējs,FAMILY_COPY_STRICT,lb+nl
data,pl,A2,732,jetzig,tagadējs,Teraźniejszość,FAMILY_COPY_STRICT,pl+sk
data,sk,A2,732,jetzig,tagadējs,Teraźniejszość,FAMILY_COPY_STRICT,pl+sk
data,sq,A2,732,jetzig,tagadējs,Var,FAMILY_COPY_STRICT,sq+tr
data,tr,A2,732,jetzig,tagadējs,Var,FAMILY_COPY_STRICT,sq+tr
data,hr,A2,733,Job,īslaicīgs darbs,Временна работа,SCRIPT_MISMATCH,
data,hr,A2,733,Job,īslaicīgs darbs,Временна работа,MARKER_LEAK,foreign_script
data,it,A2,733,Job,īslaicīgs darbs,Īslaicigs darbs,LV_DIACRITIC,
data,it,A2,733,Job,īslaicīgs darbs,Īslaicigs darbs,MARKER_LEAK,lv_macron_consonant
data,lb,A2,733,Job,īslaicīgs darbs,Īslaicīgs darbs,SAME_AS_LV_CASEFOLD,casefold_only
data,lb,A2,733,Job,īslaicīgs darbs,Īslaicīgs darbs,LV_DIACRITIC,
data,lb,A2,733,Job,īslaicīgs darbs,Īslaicīgs darbs,MARKER_LEAK,lv_macron_consonant
data,nl,A2,733,Job,īslaicīgs darbs,Īslaicīgs darbs,SAME_AS_LV_CASEFOLD,casefold_only
data,nl,A2,733,Job,īslaicīgs darbs,Īslaicīgs darbs,LV_DIACRITIC,
data,nl,A2,733,Job,īslaicīgs darbs,Īslaicīgs darbs,MARKER_LEAK,lv_macron_consonant
data,pt,A2,733,Job,īslaicīgs darbs,Īslaicigs darbs,LV_DIACRITIC,
data,pt,A2,733,Job,īslaicīgs darbs,Īslaicigs darbs,MARKER_LEAK,lv_macron_consonant
data,sl,A2,733,Job,īslaicīgs darbs,īslaicīgs darbs,SAME_AS_LV_CASEFOLD,exact
data,sl,A2,733,Job,īslaicīgs darbs,īslaicīgs darbs,LV_DIACRITIC,
data,sl,A2,733,Job,īslaicīgs darbs,īslaicīgs darbs,MARKER_LEAK,lv_macron_consonant
data,bg,A2,733,Job,īslaicīgs darbs,Временна работа,FAMILY_COPY_STRICT,bg+hr+mk+sr
data,hr,A2,733,Job,īslaicīgs darbs,Временна работа,FAMILY_COPY_STRICT,bg+hr+mk+sr
data,mk,A2,733,Job,īslaicīgs darbs,Временна работа,FAMILY_COPY_STRICT,bg+hr+mk+sr
data,sr,A2,733,Job,īslaicīgs darbs,Временна работа,FAMILY_COPY_STRICT,bg+hr+mk+sr
data,fi,A2,733,Job,īslaicīgs darbs,Töö,FAMILY_COPY_STRICT,fi+sv
data,sv,A2,733,Job,īslaicīgs darbs,Töö,FAMILY_COPY_STRICT,fi+sv
data,is,A2,733,Job,īslaicīgs darbs,Også,FAMILY_COPY_STRICT,is+nb+nn
data,nb,A2,733,Job,īslaicīgs darbs,Også,FAMILY_COPY_STRICT,is+nb+nn
data,nn,A2,733,Job,īslaicīgs darbs,Også,FAMILY_COPY_STRICT,is+nb+nn
data,it,A2,733,Job,īslaicīgs darbs,Īslaicigs darbs,FAMILY_COPY_STRICT,it+pt
data,pt,A2,733,Job,īslaicīgs darbs,Īslaicigs darbs,FAMILY_COPY_STRICT,it+pt
data,lb,A2,733,Job,īslaicīgs darbs,Īslaicīgs darbs,FAMILY_COPY_STRICT,lb+nl
data,nl,A2,733,Job,īslaicīgs darbs,Īslaicīgs darbs,FAMILY_COPY_STRICT,lb+nl
data,pl,A2,733,Job,īslaicīgs darbs,Praca tymczasowa,FAMILY_COPY_STRICT,pl+sq+tr
data,sq,A2,733,Job,īslaicīgs darbs,Praca tymczasowa,FAMILY_COPY_STRICT,pl+sq+tr
data,tr,A2,733,Job,īslaicīgs darbs,Praca tymczasowa,FAMILY_COPY_STRICT,pl+sq+tr
data,hr,A2,734,jobben,īslaicīgi strādāt,Работи временно,SCRIPT_MISMATCH,
data,hr,A2,734,jobben,īslaicīgi strādāt,Работи временно,MARKER_LEAK,foreign_script
data,it,A2,734,jobben,īslaicīgi strādāt,‹ slaicīgi strādāt,LV_DIACRITIC,
data,it,A2,734,jobben,īslaicīgi strādāt,‹ slaicīgi strādāt,MARKER_LEAK,lv_macron_consonant
data,lb,A2,734,jobben,īslaicīgi strādāt,Īslaicīgi strādāt,SAME_AS_LV_CASEFOLD,casefold_only
data,lb,A2,734,jobben,īslaicīgi strādāt,Īslaicīgi strādāt,LV_DIACRITIC,
data,lb,A2,734,jobben,īslaicīgi strādāt,Īslaicīgi strādāt,MARKER_LEAK,lv_macron_consonant
data,nl,A2,734,jobben,īslaicīgi strādāt,Īslaicīgi strādāt,SAME_AS_LV_CASEFOLD,casefold_only
data,nl,A2,734,jobben,īslaicīgi strādāt,Īslaicīgi strādāt,LV_DIACRITIC,
data,nl,A2,734,jobben,īslaicīgi strādāt,Īslaicīgi strādāt,MARKER_LEAK,lv_macron_consonant
data,pt,A2,734,jobben,īslaicīgi strādāt,‹ slaicīgi strādāt,LV_DIACRITIC,
data,pt,A2,734,jobben,īslaicīgi strādāt,‹ slaicīgi strādāt,MARKER_LEAK,lv_macron_consonant
data,sl,A2,734,jobben,īslaicīgi strādāt,īslaicīgi strādāt,SAME_AS_LV_CASEFOLD,exact
data,sl,A2,734,jobben,īslaicīgi strādāt,īslaicīgi strādāt,LV_DIACRITIC,
data,sl,A2,734,jobben,īslaicīgi strādāt,īslaicīgi strādāt,MARKER_LEAK,lv_macron_consonant
data,bg,A2,734,jobben,īslaicīgi strādāt,Работи временно,FAMILY_COPY_STRICT,bg+hr+mk+sr
data,hr,A2,734,jobben,īslaicīgi strādāt,Работи временно,FAMILY_COPY_STRICT,bg+hr+mk+sr
data,mk,A2,734,jobben,īslaicīgi strādāt,Работи временно,FAMILY_COPY_STRICT,bg+hr+mk+sr
data,sr,A2,734,jobben,īslaicīgi strādāt,Работи временно,FAMILY_COPY_STRICT,bg+hr+mk+sr
data,fi,A2,734,jobben,īslaicīgi strādāt,Ajutiselt töötama,FAMILY_COPY_STRICT,fi+sv
data,sv,A2,734,jobben,īslaicīgi strādāt,Ajutiselt töötama,FAMILY_COPY_STRICT,fi+sv
data,is,A2,734,jobben,īslaicīgi strādāt,Rettferdig ansatt,FAMILY_COPY_STRICT,is+nb+nn
data,nb,A2,734,jobben,īslaicīgi strādāt,Rettferdig ansatt,FAMILY_COPY_STRICT,is+nb+nn
data,nn,A2,734,jobben,īslaicīgi strādāt,Rettferdig ansatt,FAMILY_COPY_STRICT,is+nb+nn
data,it,A2,734,jobben,īslaicīgi strādāt,‹ slaicīgi strādāt,FAMILY_COPY_STRICT,it+pt
data,pt,A2,734,jobben,īslaicīgi strādāt,‹ slaicīgi strādāt,FAMILY_COPY_STRICT,it+pt
data,lb,A2,734,jobben,īslaicīgi strādāt,Īslaicīgi strādāt,FAMILY_COPY_STRICT,lb+nl
data,nl,A2,734,jobben,īslaicīgi strādāt,Īslaicīgi strādāt,FAMILY_COPY_STRICT,lb+nl
data,pl,A2,734,jobben,īslaicīgi strādāt,Pracować tymczasowo,FAMILY_COPY_STRICT,pl+sk
data,sk,A2,734,jobben,īslaicīgi strādāt,Pracować tymczasowo,FAMILY_COPY_STRICT,pl+sk
data,hr,A2,735,joggen,lēni skriet,Бягайте бавно,SCRIPT_MISMATCH,
data,hr,A2,735,joggen,lēni skriet,Бягайте бавно,MARKER_LEAK,foreign_script
data,it,A2,735,joggen,lēni skriet,Skrit Lēni,LV_DIACRITIC,
data,it,A2,735,joggen,lēni skriet,Skrit Lēni,MARKER_LEAK,lv_macron_consonant
data,lb,A2,735,joggen,lēni skriet,Lēni skriet,SAME_AS_LV_CASEFOLD,casefold_only
data,lb,A2,735,joggen,lēni skriet,Lēni skriet,LV_DIACRITIC,
data,lb,A2,735,joggen,lēni skriet,Lēni skriet,MARKER_LEAK,lv_macron_consonant
data,nl,A2,735,joggen,lēni skriet,Lēni skriet,SAME_AS_LV_CASEFOLD,casefold_only
data,nl,A2,735,joggen,lēni skriet,Lēni skriet,LV_DIACRITIC,
data,nl,A2,735,joggen,lēni skriet,Lēni skriet,MARKER_LEAK,lv_macron_consonant
data,pt,A2,735,joggen,lēni skriet,Escrito Lēni,LV_DIACRITIC,
data,pt,A2,735,joggen,lēni skriet,Escrito Lēni,MARKER_LEAK,lv_macron_consonant
data,sl,A2,735,joggen,lēni skriet,lēni skriet,SAME_AS_LV_CASEFOLD,exact
data,sl,A2,735,joggen,lēni skriet,lēni skriet,LV_DIACRITIC,
data,sl,A2,735,joggen,lēni skriet,lēni skriet,MARKER_LEAK,lv_macron_consonant
data,sq,A2,735,joggen,lēni skriet,Yavaş Çalıştır,MARKER_LEAK,tr_soft
data,bg,A2,735,joggen,lēni skriet,Бягайте бавно,FAMILY_COPY_STRICT,bg+hr+mk+sr
data,hr,A2,735,joggen,lēni skriet,Бягайте бавно,FAMILY_COPY_STRICT,bg+hr+mk+sr
data,mk,A2,735,joggen,lēni skriet,Бягайте бавно,FAMILY_COPY_STRICT,bg+hr+mk+sr
data,sr,A2,735,joggen,lēni skriet,Бягайте бавно,FAMILY_COPY_STRICT,bg+hr+mk+sr
data,fi,A2,735,joggen,lēni skriet,Sörkjooksu tegema,FAMILY_COPY_STRICT,fi+sv
data,sv,A2,735,joggen,lēni skriet,Sörkjooksu tegema,FAMILY_COPY_STRICT,fi+sv
data,is,A2,735,joggen,lēni skriet,Sörkjooksu tema,FAMILY_COPY_STRICT,is+nb+nn
data,nb,A2,735,joggen,lēni skriet,Sörkjooksu tema,FAMILY_COPY_STRICT,is+nb+nn
data,nn,A2,735,joggen,lēni skriet,Sörkjooksu tema,FAMILY_COPY_STRICT,is+nb+nn
data,lb,A2,735,joggen,lēni skriet,Lēni skriet,FAMILY_COPY_STRICT,lb+nl
data,nl,A2,735,joggen,lēni skriet,Lēni skriet,FAMILY_COPY_STRICT,lb+nl
data,pl,A2,735,joggen,lēni skriet,Biegnij powoli,FAMILY_COPY_STRICT,pl+sk
data,sk,A2,735,joggen,lēni skriet,Biegnij powoli,FAMILY_COPY_STRICT,pl+sk
data,sq,A2,735,joggen,lēni skriet,Yavaş Çalıştır,FAMILY_COPY_STRICT,sq+tr
data,tr,A2,735,joggen,lēni skriet,Yavaş Çalıştır,FAMILY_COPY_STRICT,sq+tr
data,hr,A2,736,Jogging,lēns skrējiens,Бавно трчање,SCRIPT_MISMATCH,
data,hr,A2,736,Jogging,lēns skrējiens,Бавно трчање,MARKER_LEAK,foreign_script
data,it,A2,736,Jogging,lēns skrējiens,Lēns skrējiens,SAME_AS_LV_CASEFOLD,casefold_only
data,it,A2,736,Jogging,lēns skrējiens,Lēns skrējiens,LV_DIACRITIC,
data,it,A2,736,Jogging,lēns skrējiens,Lēns skrējiens,MARKER_LEAK,lv_macron_consonant
data,lb,A2,736,Jogging,lēns skrējiens,Lēns skrējiens,SAME_AS_LV_CASEFOLD,casefold_only
data,lb,A2,736,Jogging,lēns skrējiens,Lēns skrējiens,LV_DIACRITIC,
data,lb,A2,736,Jogging,lēns skrējiens,Lēns skrējiens,MARKER_LEAK,lv_macron_consonant
data,nl,A2,736,Jogging,lēns skrējiens,Lēns skrējiens,SAME_AS_LV_CASEFOLD,casefold_only
data,nl,A2,736,Jogging,lēns skrējiens,Lēns skrējiens,LV_DIACRITIC,
data,nl,A2,736,Jogging,lēns skrējiens,Lēns skrējiens,MARKER_LEAK,lv_macron_consonant
data,pt,A2,736,Jogging,lēns skrējiens,Lentes Skrējiens,LV_DIACRITIC,
data,pt,A2,736,Jogging,lēns skrējiens,Lentes Skrējiens,MARKER_LEAK,lv_macron_consonant
data,sl,A2,736,Jogging,lēns skrējiens,lēns skrējiens,SAME_AS_LV_CASEFOLD,exact
data,sl,A2,736,Jogging,lēns skrējiens,lēns skrējiens,LV_DIACRITIC,
data,sl,A2,736,Jogging,lēns skrējiens,lēns skrējiens,MARKER_LEAK,lv_macron_consonant
data,fi,A2,736,Jogging,lēns skrējiens,Sörkjooks,FAMILY_COPY_STRICT,fi+sv
data,sv,A2,736,Jogging,lēns skrējiens,Sörkjooks,FAMILY_COPY_STRICT,fi+sv
data,hr,A2,736,Jogging,lēns skrējiens,Бавно трчање,FAMILY_COPY_STRICT,hr+mk+sr
data,mk,A2,736,Jogging,lēns skrējiens,Бавно трчање,FAMILY_COPY_STRICT,hr+mk+sr
data,sr,A2,736,Jogging,lēns skrējiens,Бавно трчање,FAMILY_COPY_STRICT,hr+mk+sr
data,is,A2,736,Jogging,lēns skrējiens,Sorkjooks,FAMILY_COPY_STRICT,is+nb+nn
data,nb,A2,736,Jogging,lēns skrējiens,Sorkjooks,FAMILY_COPY_STRICT,is+nb+nn
data,nn,A2,736,Jogging,lēns skrējiens,Sorkjooks,FAMILY_COPY_STRICT,is+nb+nn
data,it,A2,736,Jogging,lēns skrējiens,Lēns skrējiens,FAMILY_COPY_STRICT,it+lb+nl
data,lb,A2,736,Jogging,lēns skrējiens,Lēns skrējiens,FAMILY_COPY_STRICT,it+lb+nl
data,nl,A2,736,Jogging,lēns skrējiens,Lēns skrējiens,FAMILY_COPY_STRICT,it+lb+nl
data,pl,A2,736,Jogging,lēns skrējiens,Powolny bieg,FAMILY_COPY_STRICT,pl+sk+sq+tr
data,sk,A2,736,Jogging,lēns skrējiens,Powolny bieg,FAMILY_COPY_STRICT,pl+sk+sq+tr
data,sq,A2,736,Jogging,lēns skrējiens,Powolny bieg,FAMILY_COPY_STRICT,pl+sk+sq+tr
data,tr,A2,736,Jogging,lēns skrējiens,Powolny bieg,FAMILY_COPY_STRICT,pl+sk+sq+tr
data,hr,A2,737,Joghurt / Jogurt,jogurts,Јогурт млеко,SCRIPT_MISMATCH,
data,hr,A2,737,Joghurt / Jogurt,jogurts,Јогурт млеко,MARKER_LEAK,foreign_script
data,lb,A2,737,Joghurt / Jogurt,jogurts,Jogurts,SAME_AS_LV_CASEFOLD,casefold_only
data,nl,A2,737,Joghurt / Jogurt,jogurts,Jogurts,SAME_AS_LV_CASEFOLD,casefold_only
data,sl,A2,737,Joghurt / Jogurt,jogurts,jogurts,SAME_AS_LV_CASEFOLD,exact
data,sq,A2,737,Joghurt / Jogurt,jogurts,Yoğurt,MARKER_LEAK,tr_soft
data,uk,A2,737,Joghurt / Jogurt,jogurts,jogurts,SAME_AS_LV_CASEFOLD,exact
data,uk,A2,737,Joghurt / Jogurt,jogurts,jogurts,SCRIPT_MISMATCH,
data,uk,A2,737,Joghurt / Jogurt,jogurts,jogurts,MARKER_LEAK,latin_in_cyrillic
data,bs,A2,737,Joghurt / Jogurt,jogurts,jogurt,FAMILY_COPY_STRICT,bs+et
data,et,A2,737,Joghurt / Jogurt,jogurts,jogurt,FAMILY_COPY_STRICT,bs+et
data,cs,A2,737,Joghurt / Jogurt,jogurts,Jogurt,FAMILY_COPY_STRICT,cs+fi+pl+sk+sv
data,fi,A2,737,Joghurt / Jogurt,jogurts,Jogurt,FAMILY_COPY_STRICT,cs+fi+pl+sk+sv
data,pl,A2,737,Joghurt / Jogurt,jogurts,Jogurt,FAMILY_COPY_STRICT,cs+fi+pl+sk+sv
data,sk,A2,737,Joghurt / Jogurt,jogurts,Jogurt,FAMILY_COPY_STRICT,cs+fi+pl+sk+sv
data,sv,A2,737,Joghurt / Jogurt,jogurts,Jogurt,FAMILY_COPY_STRICT,cs+fi+pl+sk+sv
data,da,A2,737,Joghurt / Jogurt,jogurts,Yoghurt,FAMILY_COPY_STRICT,da+is+nb+nn
data,is,A2,737,Joghurt / Jogurt,jogurts,Yoghurt,FAMILY_COPY_STRICT,da+is+nb+nn
data,nb,A2,737,Joghurt / Jogurt,jogurts,Yoghurt,FAMILY_COPY_STRICT,da+is+nb+nn
data,nn,A2,737,Joghurt / Jogurt,jogurts,Yoghurt,FAMILY_COPY_STRICT,da+is+nb+nn
data,hr,A2,737,Joghurt / Jogurt,jogurts,Јогурт млеко,FAMILY_COPY_STRICT,hr+mk+sr
data,mk,A2,737,Joghurt / Jogurt,jogurts,Јогурт млеко,FAMILY_COPY_STRICT,hr+mk+sr
data,sr,A2,737,Joghurt / Jogurt,jogurts,Јогурт млеко,FAMILY_COPY_STRICT,hr+mk+sr
data,lb,A2,737,Joghurt / Jogurt,jogurts,Jogurts,FAMILY_COPY_STRICT,lb+nl
data,nl,A2,737,Joghurt / Jogurt,jogurts,Jogurts,FAMILY_COPY_STRICT,lb+nl
data,sq,A2,737,Joghurt / Jogurt,jogurts,Yoğurt,FAMILY_COPY_STRICT,sq+tr
data,tr,A2,737,Joghurt / Jogurt,jogurts,Yoğurt,FAMILY_COPY_STRICT,sq+tr
data,fi,A2,738,Johannisbeere,jāņoga,Sõstar,MARKER_LEAK,et_otilde
data,hr,A2,738,Johannisbeere,jāņoga,Касис,SCRIPT_MISMATCH,
data,hr,A2,738,Johannisbeere,jāņoga,Касис,MARKER_LEAK,foreign_script
data,it,A2,738,Johannisbeere,jāņoga,Jāņoga,SAME_AS_LV_CASEFOLD,casefold_only
data,it,A2,738,Johannisbeere,jāņoga,Jāņoga,LV_DIACRITIC,
data,it,A2,738,Johannisbeere,jāņoga,Jāņoga,MARKER_LEAK,lv_macron_consonant
data,lb,A2,738,Johannisbeere,jāņoga,Jāņoga,SAME_AS_LV_CASEFOLD,casefold_only
data,lb,A2,738,Johannisbeere,jāņoga,Jāņoga,LV_DIACRITIC,
data,lb,A2,738,Johannisbeere,jāņoga,Jāņoga,MARKER_LEAK,lv_macron_consonant
data,nl,A2,738,Johannisbeere,jāņoga,Jāņoga,SAME_AS_LV_CASEFOLD,casefold_only
data,nl,A2,738,Johannisbeere,jāņoga,Jāņoga,LV_DIACRITIC,
data,nl,A2,738,Johannisbeere,jāņoga,Jāņoga,MARKER_LEAK,lv_macron_consonant
data,pt,A2,738,Johannisbeere,jāņoga,Jāņoga,SAME_AS_LV_CASEFOLD,casefold_only
data,pt,A2,738,Johannisbeere,jāņoga,Jāņoga,LV_DIACRITIC,
data,pt,A2,738,Johannisbeere,jāņoga,Jāņoga,MARKER_LEAK,lv_macron_consonant
data,sl,A2,738,Johannisbeere,jāņoga,jāņoga,SAME_AS_LV_CASEFOLD,exact
data,sl,A2,738,Johannisbeere,jāņoga,jāņoga,LV_DIACRITIC,
data,sl,A2,738,Johannisbeere,jāņoga,jāņoga,MARKER_LEAK,lv_macron_consonant
data,sv,A2,738,Johannisbeere,jāņoga,Sõstar,MARKER_LEAK,et_otilde
data,bg,A2,738,Johannisbeere,jāņoga,Касис,FAMILY_COPY_STRICT,bg+hr+mk+sr
data,hr,A2,738,Johannisbeere,jāņoga,Касис,FAMILY_COPY_STRICT,bg+hr+mk+sr
data,mk,A2,738,Johannisbeere,jāņoga,Касис,FAMILY_COPY_STRICT,bg+hr+mk+sr
data,sr,A2,738,Johannisbeere,jāņoga,Касис,FAMILY_COPY_STRICT,bg+hr+mk+sr
data,fi,A2,738,Johannisbeere,jāņoga,Sõstar,FAMILY_COPY_STRICT,fi+sv
data,sv,A2,738,Johannisbeere,jāņoga,Sõstar,FAMILY_COPY_STRICT,fi+sv
data,is,A2,738,Johannisbeere,jāņoga,Søstre,FAMILY_COPY_STRICT,is+nb+nn
data,nb,A2,738,Johannisbeere,jāņoga,Søstre,FAMILY_COPY_STRICT,is+nb+nn
data,nn,A2,738,Johannisbeere,jāņoga,Søstre,FAMILY_COPY_STRICT,is+nb+nn
data,it,A2,738,Johannisbeere,jāņoga,Jāņoga,FAMILY_COPY_STRICT,it+lb+nl+pt
data,lb,A2,738,Johannisbeere,jāņoga,Jāņoga,FAMILY_COPY_STRICT,it+lb+nl+pt
data,nl,A2,738,Johannisbeere,jāņoga,Jāņoga,FAMILY_COPY_STRICT,it+lb+nl+pt
data,pt,A2,738,Johannisbeere,jāņoga,Jāņoga,FAMILY_COPY_STRICT,it+lb+nl+pt
data,pl,A2,738,Johannisbeere,jāņoga,Porzeczka,FAMILY_COPY_STRICT,pl+sk
data,sk,A2,738,Johannisbeere,jāņoga,Porzeczka,FAMILY_COPY_STRICT,pl+sk
data,sq,A2,738,Johannisbeere,jāņoga,Frenk üzümü,FAMILY_COPY_STRICT,sq+tr
data,tr,A2,738,Johannisbeere,jāņoga,Frenk üzümü,FAMILY_COPY_STRICT,sq+tr
data,hr,A2,739,Jugend,jaunatne,Младоста,SCRIPT_MISMATCH,
data,hr,A2,739,Jugend,jaunatne,Младоста,MARKER_LEAK,foreign_script
data,it,A2,739,Jugend,jaunatne,Jaunatne,SAME_AS_LV_CASEFOLD,casefold_only
data,lb,A2,739,Jugend,jaunatne,Jaunatne,SAME_AS_LV_CASEFOLD,casefold_only
data,nl,A2,739,Jugend,jaunatne,Jaunatne,SAME_AS_LV_CASEFOLD,casefold_only
data,pt,A2,739,Jugend,jaunatne,Jaunatne,SAME_AS_LV_CASEFOLD,casefold_only
data,sk,A2,739,Jugend,jaunatne,Młodzież,MARKER_LEAK,pl_l_s_z
data,sl,A2,739,Jugend,jaunatne,jaunatne,SAME_AS_LV_CASEFOLD,exact
data,fi,A2,739,Jugend,jaunatne,Noorsugu,FAMILY_COPY_STRICT,fi+is+nb+nn+sv
data,is,A2,739,Jugend,jaunatne,Noorsugu,FAMILY_COPY_STRICT,fi+is+nb+nn+sv
data,nb,A2,739,Jugend,jaunatne,Noorsugu,FAMILY_COPY_STRICT,fi+is+nb+nn+sv
data,nn,A2,739,Jugend,jaunatne,Noorsugu,FAMILY_COPY_STRICT,fi+is+nb+nn+sv
data,sv,A2,739,Jugend,jaunatne,Noorsugu,FAMILY_COPY_STRICT,fi+is+nb+nn+sv
data,hr,A2,739,Jugend,jaunatne,Младоста,FAMILY_COPY_STRICT,hr+mk+sr
data,mk,A2,739,Jugend,jaunatne,Младоста,FAMILY_COPY_STRICT,hr+mk+sr
data,sr,A2,739,Jugend,jaunatne,Младоста,FAMILY_COPY_STRICT,hr+mk+sr
data,it,A2,739,Jugend,jaunatne,Jaunatne,FAMILY_COPY_STRICT,it+lb+nl+pt
data,lb,A2,739,Jugend,jaunatne,Jaunatne,FAMILY_COPY_STRICT,it+lb+nl+pt
data,nl,A2,739,Jugend,jaunatne,Jaunatne,FAMILY_COPY_STRICT,it+lb+nl+pt
data,pt,A2,739,Jugend,jaunatne,Jaunatne,FAMILY_COPY_STRICT,it+lb+nl+pt
data,pl,A2,739,Jugend,jaunatne,Młodzież,FAMILY_COPY_STRICT,pl+sk
data,sk,A2,739,Jugend,jaunatne,Młodzież,FAMILY_COPY_STRICT,pl+sk
data,sq,A2,739,Jugend,jaunatne,Gençlik,FAMILY_COPY_STRICT,sq+tr
data,tr,A2,739,Jugend,jaunatne,Gençlik,FAMILY_COPY_STRICT,sq+tr
data,hr,A2,740,Junge,zēns,Момче,SCRIPT_MISMATCH,
data,hr,A2,740,Junge,zēns,Момче,MARKER_LEAK,foreign_script
data,nl,A2,740,Junge,zēns,Zēns,SAME_AS_LV_CASEFOLD,casefold_only
data,nl,A2,740,Junge,zēns,Zēns,LV_DIACRITIC,
data,nl,A2,740,Junge,zēns,Zēns,MARKER_LEAK,lv_macron_consonant
data,sk,A2,740,Junge,zēns,Chłopiec,MARKER_LEAK,pl_l_s_z
data,sl,A2,740,Junge,zēns,zēns,SAME_AS_LV_CASEFOLD,exact
data,sl,A2,740,Junge,zēns,zēns,LV_DIACRITIC,
data,sl,A2,740,Junge,zēns,zēns,MARKER_LEAK,lv_macron_consonant
data,bg,A2,740,Junge,zēns,Момче,FAMILY_COPY_STRICT,bg+hr+mk+sr
data,hr,A2,740,Junge,zēns,Момче,FAMILY_COPY_STRICT,bg+hr+mk+sr
data,mk,A2,740,Junge,zēns,Момче,FAMILY_COPY_STRICT,bg+hr+mk+sr
data,sr,A2,740,Junge,zēns,Момче,FAMILY_COPY_STRICT,bg+hr+mk+sr
data,fi,A2,740,Junge,zēns,Poiss,FAMILY_COPY_STRICT,fi+is+nb+nn+sv
data,is,A2,740,Junge,zēns,Poiss,FAMILY_COPY_STRICT,fi+is+nb+nn+sv
data,nb,A2,740,Junge,zēns,Poiss,FAMILY_COPY_STRICT,fi+is+nb+nn+sv
data,nn,A2,740,Junge,zēns,Poiss,FAMILY_COPY_STRICT,fi+is+nb+nn+sv
data,sv,A2,740,Junge,zēns,Poiss,FAMILY_COPY_STRICT,fi+is+nb+nn+sv
data,it,A2,740,Junge,zēns,Zen,FAMILY_COPY_STRICT,it+pt
data,pt,A2,740,Junge,zēns,Zen,FAMILY_COPY_STRICT,it+pt
data,pl,A2,740,Junge,zēns,Chłopiec,FAMILY_COPY_STRICT,pl+sk
data,sk,A2,740,Junge,zēns,Chłopiec,FAMILY_COPY_STRICT,pl+sk
data,sq,A2,740,Junge,zēns,Erkek çocuk,FAMILY_COPY_STRICT,sq+tr
data,tr,A2,740,Junge,zēns,Erkek çocuk,FAMILY_COPY_STRICT,sq+tr
data,hr,A2,741,Kabel,kabelis,Кабел,SCRIPT_MISMATCH,
data,hr,A2,741,Kabel,kabelis,Кабел,MARKER_LEAK,foreign_script
data,it,A2,741,Kabel,kabelis,Kabelis,SAME_AS_LV_CASEFOLD,casefold_only
data,lb,A2,741,Kabel,kabelis,Kabelis,SAME_AS_LV_CASEFOLD,casefold_only
data,lt,A2,741,Kabel,kabelis,kabelis,SAME_AS_LV_CASEFOLD,exact
data,nl,A2,741,Kabel,kabelis,Kabelis,SAME_AS_LV_CASEFOLD,casefold_only
data,sl,A2,741,Kabel,kabelis,kabelis,SAME_AS_LV_CASEFOLD,exact
data,bg,A2,741,Kabel,kabelis,Кабел,FAMILY_COPY_STRICT,bg+hr+mk+sr
data,hr,A2,741,Kabel,kabelis,Кабел,FAMILY_COPY_STRICT,bg+hr+mk+sr
data,mk,A2,741,Kabel,kabelis,Кабел,FAMILY_COPY_STRICT,bg+hr+mk+sr
data,sr,A2,741,Kabel,kabelis,Кабел,FAMILY_COPY_STRICT,bg+hr+mk+sr
data,fi,A2,741,Kabel,kabelis,Kaabel,FAMILY_COPY_STRICT,fi+sv
data,sv,A2,741,Kabel,kabelis,Kaabel,FAMILY_COPY_STRICT,fi+sv
data,it,A2,741,Kabel,kabelis,Kabelis,FAMILY_COPY_STRICT,it+lb+nl
data,lb,A2,741,Kabel,kabelis,Kabelis,FAMILY_COPY_STRICT,it+lb+nl
data,nl,A2,741,Kabel,kabelis,Kabelis,FAMILY_COPY_STRICT,it+lb+nl
data,sq,A2,741,Kabel,kabelis,Kablo,FAMILY_COPY_STRICT,sq+tr
data,tr,A2,741,Kabel,kabelis,Kablo,FAMILY_COPY_STRICT,sq+tr
data,hr,A2,742,Käfer,vabole,Бъг,SCRIPT_MISMATCH,
data,hr,A2,742,Käfer,vabole,Бъг,MARKER_LEAK,foreign_script
data,it,A2,742,Käfer,vabole,Vabole,SAME_AS_LV_CASEFOLD,casefold_only
data,lb,A2,742,Käfer,vabole,Vabole,SAME_AS_LV_CASEFOLD,casefold_only
data,nl,A2,742,Käfer,vabole,Vabole,SAME_AS_LV_CASEFOLD,casefold_only
data,sk,A2,742,Käfer,vabole,Chrząszcz,MARKER_LEAK,pl_lt_nasal
data,sl,A2,742,Käfer,vabole,vabole,SAME_AS_LV_CASEFOLD,exact
data,bg,A2,742,Käfer,vabole,Бъг,FAMILY_COPY_STRICT,bg+hr+mk+sr
data,hr,A2,742,Käfer,vabole,Бъг,FAMILY_COPY_STRICT,bg+hr+mk+sr
data,mk,A2,742,Käfer,vabole,Бъг,FAMILY_COPY_STRICT,bg+hr+mk+sr
data,sr,A2,742,Käfer,vabole,Бъг,FAMILY_COPY_STRICT,bg+hr+mk+sr
data,fi,A2,742,Käfer,vabole,Mardikas,FAMILY_COPY_STRICT,fi+is+nb+nn+sv
