tree,lang,level,index,de,lv,value,check,detail
data,lb,B1,893,feststellen,konstatēt,Konstatēt,SAME_AS_LV_CASEFOLD,casefold_only
data,lb,B1,893,feststellen,konstatēt,Konstatēt,LV_DIACRITIC,
data,lb,B1,893,feststellen,konstatēt,Konstatēt,MARKER_LEAK,lv_macron_consonant
data,nl,B1,893,feststellen,konstatēt,Konstatēt,SAME_AS_LV_CASEFOLD,casefold_only
data,nl,B1,893,feststellen,konstatēt,Konstatēt,LV_DIACRITIC,
data,nl,B1,893,feststellen,konstatēt,Konstatēt,MARKER_LEAK,lv_macron_consonant
data,pt,B1,893,feststellen,konstatēt,Konstatēt,SAME_AS_LV_CASEFOLD,casefold_only
data,pt,B1,893,feststellen,konstatēt,Konstatēt,LV_DIACRITIC,
data,pt,B1,893,feststellen,konstatēt,Konstatēt,MARKER_LEAK,lv_macron_consonant
data,sl,B1,893,feststellen,konstatēt,konstatēt,SAME_AS_LV_CASEFOLD,exact
data,sl,B1,893,feststellen,konstatēt,konstatēt,LV_DIACRITIC,
data,sl,B1,893,feststellen,konstatēt,konstatēt,MARKER_LEAK,lv_macron_consonant
data,bg,B1,893,feststellen,konstatēt,Инсталирайте,FAMILY_COPY_STRICT,bg+hr+mk+sr
data,hr,B1,893,feststellen,konstatēt,Инсталирайте,FAMILY_COPY_STRICT,bg+hr+mk+sr
data,mk,B1,893,feststellen,konstatēt,Инсталирайте,FAMILY_COPY_STRICT,bg+hr+mk+sr
data,sr,B1,893,feststellen,konstatēt,Инсталирайте,FAMILY_COPY_STRICT,bg+hr+mk+sr
data,fi,B1,893,feststellen,konstatēt,Tuvastama,FAMILY_COPY_STRICT,fi+sv
data,sv,B1,893,feststellen,konstatēt,Tuvastama,FAMILY_COPY_STRICT,fi+sv
data,is,B1,893,feststellen,konstatēt,Tuvas stamme,FAMILY_COPY_STRICT,is+nb+nn
data,nb,B1,893,feststellen,konstatēt,Tuvas stamme,FAMILY_COPY_STRICT,is+nb+nn
data,nn,B1,893,feststellen,konstatēt,Tuvas stamme,FAMILY_COPY_STRICT,is+nb+nn
data,it,B1,893,feststellen,konstatēt,Konstatēt,FAMILY_COPY_STRICT,it+lb+nl+pt
data,lb,B1,893,feststellen,konstatēt,Konstatēt,FAMILY_COPY_STRICT,it+lb+nl+pt
data,nl,B1,893,feststellen,konstatēt,Konstatēt,FAMILY_COPY_STRICT,it+lb+nl+pt
data,pt,B1,893,feststellen,konstatēt,Konstatēt,FAMILY_COPY_STRICT,it+lb+nl+pt
data,pl,B1,893,feststellen,konstatēt,Ustalić,FAMILY_COPY_STRICT,pl+sk
data,sk,B1,893,feststellen,konstatēt,Ustalić,FAMILY_COPY_STRICT,pl+sk
data,sq,B1,893,feststellen,konstatēt,Kurmak,FAMILY_COPY_STRICT,sq+tr
data,tr,B1,893,feststellen,konstatēt,Kurmak,FAMILY_COPY_STRICT,sq+tr
data,hr,B1,894,feuern,šaut,Огън,SCRIPT_MISMATCH,
data,hr,B1,894,feuern,šaut,Огън,MARKER_LEAK,foreign_script
data,nl,B1,894,feuern,šaut,Šaut,SAME_AS_LV_CASEFOLD,casefold_only
data,nl,B1,894,feuern,šaut,Šaut,LV_DIACRITIC,
data,sl,B1,894,feuern,šaut,šaut,SAME_AS_LV_CASEFOLD,exact
data,bg,B1,894,feuern,šaut,Огън,FAMILY_COPY_STRICT,bg+hr+mk+sr
data,hr,B1,894,feuern,šaut,Огън,FAMILY_COPY_STRICT,bg+hr+mk+sr
data,mk,B1,894,feuern,šaut,Огън,FAMILY_COPY_STRICT,bg+hr+mk+sr
data,sr,B1,894,feuern,šaut,Огън,FAMILY_COPY_STRICT,bg+hr+mk+sr
data,fi,B1,894,feuern,šaut,Tulistama,FAMILY_COPY_STRICT,fi+is+nb+nn+sv
data,is,B1,894,feuern,šaut,Tulistama,FAMILY_COPY_STRICT,fi+is+nb+nn+sv
data,nb,B1,894,feuern,šaut,Tulistama,FAMILY_COPY_STRICT,fi+is+nb+nn+sv
data,nn,B1,894,feuern,šaut,Tulistama,FAMILY_COPY_STRICT,fi+is+nb+nn+sv
data,sv,B1,894,feuern,šaut,Tulistama,FAMILY_COPY_STRICT,fi+is+nb+nn+sv
data,pl,B1,894,feuern,šaut,Strzelać,FAMILY_COPY_STRICT,pl+sk
data,sk,B1,894,feuern,šaut,Strzelać,FAMILY_COPY_STRICT,pl+sk
data,sq,B1,894,feuern,šaut,Film çekmek,FAMILY_COPY_STRICT,sq+tr
data,tr,B1,894,feuern,šaut,Film çekmek,FAMILY_COPY_STRICT,sq+tr
data,fi,B1,895,Filmaufnahme,filmas uzņemšana,Filmivõte,MARKER_LEAK,et_otilde
data,hr,B1,895,Filmaufnahme,filmas uzņemšana,Заснемане,SCRIPT_MISMATCH,
data,hr,B1,895,Filmaufnahme,filmas uzņemšana,Заснемане,MARKER_LEAK,foreign_script
data,is,B1,895,Filmaufnahme,filmas uzņemšana,Filmivõte,MARKER_LEAK,et_otilde
data,it,B1,895,Filmaufnahme,filmas uzņemšana,Filmas uzņemšana,SAME_AS_LV_CASEFOLD,casefold_only
data,it,B1,895,Filmaufnahme,filmas uzņemšana,Filmas uzņemšana,LV_DIACRITIC,
data,it,B1,895,Filmaufnahme,filmas uzņemšana,Filmas uzņemšana,MARKER_LEAK,lv_macron_consonant
data,lb,B1,895,Filmaufnahme,filmas uzņemšana,Filmas uzņemšana,SAME_AS_LV_CASEFOLD,casefold_only
data,lb,B1,895,Filmaufnahme,filmas uzņemšana,Filmas uzņemšana,LV_DIACRITIC,
data,lb,B1,895,Filmaufnahme,filmas uzņemšana,Filmas uzņemšana,MARKER_LEAK,lv_macron_consonant
data,nb,B1,895,Filmaufnahme,filmas uzņemšana,Filmivõte,MARKER_LEAK,et_otilde
data,nl,B1,895,Filmaufnahme,filmas uzņemšana,Filmas uzņemšana,SAME_AS_LV_CASEFOLD,casefold_only
data,nl,B1,895,Filmaufnahme,filmas uzņemšana,Filmas uzņemšana,LV_DIACRITIC,
data,nl,B1,895,Filmaufnahme,filmas uzņemšana,Filmas uzņemšana,MARKER_LEAK,lv_macron_consonant
data,nn,B1,895,Filmaufnahme,filmas uzņemšana,Filmivõte,MARKER_LEAK,et_otilde
data,pt,B1,895,Filmaufnahme,filmas uzņemšana,Filmas uzņemšana,SAME_AS_LV_CASEFOLD,casefold_only
data,pt,B1,895,Filmaufnahme,filmas uzņemšana,Filmas uzņemšana,LV_DIACRITIC,
data,pt,B1,895,Filmaufnahme,filmas uzņemšana,Filmas uzņemšana,MARKER_LEAK,lv_macron_consonant
data,sl,B1,895,Filmaufnahme,filmas uzņemšana,filmas uzņemšana,SAME_AS_LV_CASEFOLD,exact
data,sl,B1,895,Filmaufnahme,filmas uzņemšana,filmas uzņemšana,LV_DIACRITIC,
data,sl,B1,895,Filmaufnahme,filmas uzņemšana,filmas uzņemšana,MARKER_LEAK,lv_macron_consonant
data,sv,B1,895,Filmaufnahme,filmas uzņemšana,Filmivõte,MARKER_LEAK,et_otilde
data,bg,B1,895,Filmaufnahme,filmas uzņemšana,Заснемане,FAMILY_COPY_STRICT,bg+hr+mk+sr
data,hr,B1,895,Filmaufnahme,filmas uzņemšana,Заснемане,FAMILY_COPY_STRICT,bg+hr+mk+sr
data,mk,B1,895,Filmaufnahme,filmas uzņemšana,Заснемане,FAMILY_COPY_STRICT,bg+hr+mk+sr
data,sr,B1,895,Filmaufnahme,filmas uzņemšana,Заснемане,FAMILY_COPY_STRICT,bg+hr+mk+sr
data,fi,B1,895,Filmaufnahme,filmas uzņemšana,Filmivõte,FAMILY_COPY_STRICT,fi+is+nb+nn+sv
data,is,B1,895,Filmaufnahme,filmas uzņemšana,Filmivõte,FAMILY_COPY_STRICT,fi+is+nb+nn+sv
data,nb,B1,895,Filmaufnahme,filmas uzņemšana,Filmivõte,FAMILY_COPY_STRICT,fi+is+nb+nn+sv
data,nn,B1,895,Filmaufnahme,filmas uzņemšana,Filmivõte,FAMILY_COPY_STRICT,fi+is+nb+nn+sv
data,sv,B1,895,Filmaufnahme,filmas uzņemšana,Filmivõte,FAMILY_COPY_STRICT,fi+is+nb+nn+sv
data,it,B1,895,Filmaufnahme,filmas uzņemšana,Filmas uzņemšana,FAMILY_COPY_STRICT,it+lb+nl+pt
data,lb,B1,895,Filmaufnahme,filmas uzņemšana,Filmas uzņemšana,FAMILY_COPY_STRICT,it+lb+nl+pt
data,nl,B1,895,Filmaufnahme,filmas uzņemšana,Filmas uzņemšana,FAMILY_COPY_STRICT,it+lb+nl+pt
data,pt,B1,895,Filmaufnahme,filmas uzņemšana,Filmas uzņemšana,FAMILY_COPY_STRICT,it+lb+nl+pt
data,pl,B1,895,Filmaufnahme,filmas uzņemšana,Filmowanie,FAMILY_COPY_STRICT,pl+sk+sq+tr
data,sk,B1,895,Filmaufnahme,filmas uzņemšana,Filmowanie,FAMILY_COPY_STRICT,pl+sk+sq+tr
data,sq,B1,895,Filmaufnahme,filmas uzņemšana,Filmowanie,FAMILY_COPY_STRICT,pl+sk+sq+tr
data,tr,B1,895,Filmaufnahme,filmas uzņemšana,Filmowanie,FAMILY_COPY_STRICT,pl+sk+sq+tr
data,hr,B1,896,filtern,filtrēt,Филтър,SCRIPT_MISMATCH,
data,hr,B1,896,filtern,filtrēt,Филтър,MARKER_LEAK,foreign_script
data,it,B1,896,filtern,filtrēt,Filtrēt,SAME_AS_LV_CASEFOLD,casefold_only
data,it,B1,896,filtern,filtrēt,Filtrēt,LV_DIACRITIC,
data,it,B1,896,filtern,filtrēt,Filtrēt,MARKER_LEAK,lv_macron_consonant
data,lb,B1,896,filtern,filtrēt,Filtrēt,SAME_AS_LV_CASEFOLD,casefold_only
data,lb,B1,896,filtern,filtrēt,Filtrēt,LV_DIACRITIC,
data,lb,B1,896,filtern,filtrēt,Filtrēt,MARKER_LEAK,lv_macron_consonant
data,nl,B1,896,filtern,filtrēt,Filtrēt,SAME_AS_LV_CASEFOLD,casefold_only
data,nl,B1,896,filtern,filtrēt,Filtrēt,LV_DIACRITIC,
data,nl,B1,896,filtern,filtrēt,Filtrēt,MARKER_LEAK,lv_macron_consonant
data,sl,B1,896,filtern,filtrēt,filtrēt,SAME_AS_LV_CASEFOLD,exact
data,sl,B1,896,filtern,filtrēt,filtrēt,LV_DIACRITIC,
data,sl,B1,896,filtern,filtrēt,filtrēt,MARKER_LEAK,lv_macron_consonant
data,bg,B1,896,filtern,filtrēt,Филтър,FAMILY_COPY_STRICT,bg+hr+mk+sr
data,hr,B1,896,filtern,filtrēt,Филтър,FAMILY_COPY_STRICT,bg+hr+mk+sr
data,mk,B1,896,filtern,filtrēt,Филтър,FAMILY_COPY_STRICT,bg+hr+mk+sr
data,sr,B1,896,filtern,filtrēt,Филтър,FAMILY_COPY_STRICT,bg+hr+mk+sr
data,da,B1,896,filtern,filtrēt,Filter,FAMILY_COPY_STRICT,da+en
data,en,B1,896,filtern,filtrēt,Filter,FAMILY_COPY_STRICT,da+en
data,fi,B1,896,filtern,filtrēt,Filtreerima,FAMILY_COPY_STRICT,fi+is+nb+nn+sv
data,is,B1,896,filtern,filtrēt,Filtreerima,FAMILY_COPY_STRICT,fi+is+nb+nn+sv
data,nb,B1,896,filtern,filtrēt,Filtreerima,FAMILY_COPY_STRICT,fi+is+nb+nn+sv
data,nn,B1,896,filtern,filtrēt,Filtreerima,FAMILY_COPY_STRICT,fi+is+nb+nn+sv
data,sv,B1,896,filtern,filtrēt,Filtreerima,FAMILY_COPY_STRICT,fi+is+nb+nn+sv
data,it,B1,896,filtern,filtrēt,Filtrēt,FAMILY_COPY_STRICT,it+lb+nl
data,lb,B1,896,filtern,filtrēt,Filtrēt,FAMILY_COPY_STRICT,it+lb+nl
data,nl,B1,896,filtern,filtrēt,Filtrēt,FAMILY_COPY_STRICT,it+lb+nl
data,pl,B1,896,filtern,filtrēt,Filtr,FAMILY_COPY_STRICT,pl+sq+tr
data,sq,B1,896,filtern,filtrēt,Filtr,FAMILY_COPY_STRICT,pl+sq+tr
data,tr,B1,896,filtern,filtrēt,Filtr,FAMILY_COPY_STRICT,pl+sq+tr
data,hr,B1,897,finanzieren,finansēt,Финанси,SCRIPT_MISMATCH,
data,hr,B1,897,finanzieren,finansēt,Финанси,MARKER_LEAK,foreign_script
data,it,B1,897,finanzieren,finansēt,Finansēt,SAME_AS_LV_CASEFOLD,casefold_only
data,it,B1,897,finanzieren,finansēt,Finansēt,LV_DIACRITIC,
data,it,B1,897,finanzieren,finansēt,Finansēt,MARKER_LEAK,lv_macron_consonant
data,lb,B1,897,finanzieren,finansēt,Finansēt,SAME_AS_LV_CASEFOLD,casefold_only
data,lb,B1,897,finanzieren,finansēt,Finansēt,LV_DIACRITIC,
data,lb,B1,897,finanzieren,finansēt,Finansēt,MARKER_LEAK,lv_macron_consonant
data,nl,B1,897,finanzieren,finansēt,Finansēt,SAME_AS_LV_CASEFOLD,casefold_only
data,nl,B1,897,finanzieren,finansēt,Finansēt,LV_DIACRITIC,
data,nl,B1,897,finanzieren,finansēt,Finansēt,MARKER_LEAK,lv_macron_consonant
data,sl,B1,897,finanzieren,finansēt,finansēt,SAME_AS_LV_CASEFOLD,exact
data,sl,B1,897,finanzieren,finansēt,finansēt,LV_DIACRITIC,
data,sl,B1,897,finanzieren,finansēt,finansēt,MARKER_LEAK,lv_macron_consonant
data,bg,B1,897,finanzieren,finansēt,Финанси,FAMILY_COPY_STRICT,bg+hr+mk+sr
data,hr,B1,897,finanzieren,finansēt,Финанси,FAMILY_COPY_STRICT,bg+hr+mk+sr
data,mk,B1,897,finanzieren,finansēt,Финанси,FAMILY_COPY_STRICT,bg+hr+mk+sr
data,sr,B1,897,finanzieren,finansēt,Финанси,FAMILY_COPY_STRICT,bg+hr+mk+sr
data,en,B1,897,finanzieren,finansēt,Finance,FAMILY_COPY_STRICT,en+fr
data,fr,B1,897,finanzieren,finansēt,Finance,FAMILY_COPY_STRICT,en+fr
data,fi,B1,897,finanzieren,finansēt,Rahastama,FAMILY_COPY_STRICT,fi+is+nb+nn+sv
data,is,B1,897,finanzieren,finansēt,Rahastama,FAMILY_COPY_STRICT,fi+is+nb+nn+sv
data,nb,B1,897,finanzieren,finansēt,Rahastama,FAMILY_COPY_STRICT,fi+is+nb+nn+sv
data,nn,B1,897,finanzieren,finansēt,Rahastama,FAMILY_COPY_STRICT,fi+is+nb+nn+sv
data,sv,B1,897,finanzieren,finansēt,Rahastama,FAMILY_COPY_STRICT,fi+is+nb+nn+sv
data,it,B1,897,finanzieren,finansēt,Finansēt,FAMILY_COPY_STRICT,it+lb+nl
data,lb,B1,897,finanzieren,finansēt,Finansēt,FAMILY_COPY_STRICT,it+lb+nl
data,nl,B1,897,finanzieren,finansēt,Finansēt,FAMILY_COPY_STRICT,it+lb+nl
data,pl,B1,897,finanzieren,finansēt,Finanse,FAMILY_COPY_STRICT,pl+sk+sq+tr
data,sk,B1,897,finanzieren,finansēt,Finanse,FAMILY_COPY_STRICT,pl+sk+sq+tr
data,sq,B1,897,finanzieren,finansēt,Finanse,FAMILY_COPY_STRICT,pl+sk+sq+tr
data,tr,B1,897,finanzieren,finansēt,Finanse,FAMILY_COPY_STRICT,pl+sk+sq+tr
data,fi,B1,898,Fingerhut,uzpirkstenis,Sõrmkübar,MARKER_LEAK,et_otilde
data,hr,B1,898,Fingerhut,uzpirkstenis,Напръстник,SCRIPT_MISMATCH,
data,hr,B1,898,Fingerhut,uzpirkstenis,Напръстник,MARKER_LEAK,foreign_script
data,is,B1,898,Fingerhut,uzpirkstenis,Sõrmkübar,MARKER_LEAK,et_otilde
data,it,B1,898,Fingerhut,uzpirkstenis,Uzpirkstenis,SAME_AS_LV_CASEFOLD,casefold_only
data,lb,B1,898,Fingerhut,uzpirkstenis,Uzpirkstenis,SAME_AS_LV_CASEFOLD,casefold_only
data,nb,B1,898,Fingerhut,uzpirkstenis,Sõrmkübar,MARKER_LEAK,et_otilde
data,nl,B1,898,Fingerhut,uzpirkstenis,Uzpirkstenis,SAME_AS_LV_CASEFOLD,casefold_only
data,nn,B1,898,Fingerhut,uzpirkstenis,Sõrmkübar,MARKER_LEAK,et_otilde
data,pt,B1,898,Fingerhut,uzpirkstenis,Uzpirkstenis,SAME_AS_LV_CASEFOLD,casefold_only
data,sl,B1,898,Fingerhut,uzpirkstenis,uzpirkstenis,SAME_AS_LV_CASEFOLD,exact
data,sv,B1,898,Fingerhut,uzpirkstenis,Sõrmkübar,MARKER_LEAK,et_otilde
data,bg,B1,898,Fingerhut,uzpirkstenis,Напръстник,FAMILY_COPY_STRICT,bg+hr+mk+sr
data,hr,B1,898,Fingerhut,uzpirkstenis,Напръстник,FAMILY_COPY_STRICT,bg+hr+mk+sr
data,mk,B1,898,Fingerhut,uzpirkstenis,Напръстник,FAMILY_COPY_STRICT,bg+hr+mk+sr
data,sr,B1,898,Fingerhut,uzpirkstenis,Напръстник,FAMILY_COPY_STRICT,bg+hr+mk+sr
data,fi,B1,898,Fingerhut,uzpirkstenis,Sõrmkübar,FAMILY_COPY_STRICT,fi+is+nb+nn+sv
data,is,B1,898,Fingerhut,uzpirkstenis,Sõrmkübar,FAMILY_COPY_STRICT,fi+is+nb+nn+sv
data,nb,B1,898,Fingerhut,uzpirkstenis,Sõrmkübar,FAMILY_COPY_STRICT,fi+is+nb+nn+sv
data,nn,B1,898,Fingerhut,uzpirkstenis,Sõrmkübar,FAMILY_COPY_STRICT,fi+is+nb+nn+sv
data,sv,B1,898,Fingerhut,uzpirkstenis,Sõrmkübar,FAMILY_COPY_STRICT,fi+is+nb+nn+sv
data,it,B1,898,Fingerhut,uzpirkstenis,Uzpirkstenis,FAMILY_COPY_STRICT,it+lb+nl+pt
data,lb,B1,898,Fingerhut,uzpirkstenis,Uzpirkstenis,FAMILY_COPY_STRICT,it+lb+nl+pt
data,nl,B1,898,Fingerhut,uzpirkstenis,Uzpirkstenis,FAMILY_COPY_STRICT,it+lb+nl+pt
data,pt,B1,898,Fingerhut,uzpirkstenis,Uzpirkstenis,FAMILY_COPY_STRICT,it+lb+nl+pt
data,pl,B1,898,Fingerhut,uzpirkstenis,Naparstek,FAMILY_COPY_STRICT,pl+sk+sq+tr
data,sk,B1,898,Fingerhut,uzpirkstenis,Naparstek,FAMILY_COPY_STRICT,pl+sk+sq+tr
data,sq,B1,898,Fingerhut,uzpirkstenis,Naparstek,FAMILY_COPY_STRICT,pl+sk+sq+tr
data,tr,B1,898,Fingerhut,uzpirkstenis,Naparstek,FAMILY_COPY_STRICT,pl+sk+sq+tr
data,hr,B1,899,finster,tumšs,Темно,SCRIPT_MISMATCH,
data,hr,B1,899,finster,tumšs,Темно,MARKER_LEAK,foreign_script
data,it,B1,899,finster,tumšs,Tumšs,SAME_AS_LV_CASEFOLD,casefold_only
data,it,B1,899,finster,tumšs,Tumšs,LV_DIACRITIC,
data,lb,B1,899,finster,tumšs,Tumšs,SAME_AS_LV_CASEFOLD,casefold_only
data,lb,B1,899,finster,tumšs,Tumšs,LV_DIACRITIC,
data,nl,B1,899,finster,tumšs,Tumšs,SAME_AS_LV_CASEFOLD,casefold_only
data,nl,B1,899,finster,tumšs,Tumšs,LV_DIACRITIC,
data,pt,B1,899,finster,tumšs,Tumšs,SAME_AS_LV_CASEFOLD,casefold_only
data,pt,B1,899,finster,tumšs,Tumšs,LV_DIACRITIC,
data,sl,B1,899,finster,tumšs,tumšs,SAME_AS_LV_CASEFOLD,exact
data,fi,B1,899,finster,tumšs,Pime,FAMILY_COPY_STRICT,fi+sv
data,sv,B1,899,finster,tumšs,Pime,FAMILY_COPY_STRICT,fi+sv
data,hr,B1,899,finster,tumšs,Темно,FAMILY_COPY_STRICT,hr+mk+sr
data,mk,B1,899,finster,tumšs,Темно,FAMILY_COPY_STRICT,hr+mk+sr
data,sr,B1,899,finster,tumšs,Темно,FAMILY_COPY_STRICT,hr+mk+sr
data,is,B1,899,finster,tumšs,Pim,FAMILY_COPY_STRICT,is+nb+nn
data,nb,B1,899,finster,tumšs,Pim,FAMILY_COPY_STRICT,is+nb+nn
data,nn,B1,899,finster,tumšs,Pim,FAMILY_COPY_STRICT,is+nb+nn
data,it,B1,899,finster,tumšs,Tumšs,FAMILY_COPY_STRICT,it+lb+nl+pt
data,lb,B1,899,finster,tumšs,Tumšs,FAMILY_COPY_STRICT,it+lb+nl+pt
data,nl,B1,899,finster,tumšs,Tumšs,FAMILY_COPY_STRICT,it+lb+nl+pt
data,pt,B1,899,finster,tumšs,Tumšs,FAMILY_COPY_STRICT,it+lb+nl+pt
data,pl,B1,899,finster,tumšs,Ciemny,FAMILY_COPY_STRICT,pl+sk+sq+tr
data,sk,B1,899,finster,tumšs,Ciemny,FAMILY_COPY_STRICT,pl+sk+sq+tr
data,sq,B1,899,finster,tumšs,Ciemny,FAMILY_COPY_STRICT,pl+sk+sq+tr
data,tr,B1,899,finster,tumšs,Ciemny,FAMILY_COPY_STRICT,pl+sk+sq+tr
data,hr,B1,900,Firmenchef,firmas vadītājs,Менаџер на компанијата,SCRIPT_MISMATCH,
data,hr,B1,900,Firmenchef,firmas vadītājs,Менаџер на компанијата,MARKER_LEAK,foreign_script
data,it,B1,900,Firmenchef,firmas vadītājs,Firmas vadītājs,SAME_AS_LV_CASEFOLD,casefold_only
data,it,B1,900,Firmenchef,firmas vadītājs,Firmas vadītājs,LV_DIACRITIC,
data,it,B1,900,Firmenchef,firmas vadītājs,Firmas vadītājs,MARKER_LEAK,lv_macron_consonant
data,lb,B1,900,Firmenchef,firmas vadītājs,Firmas vadītājs,SAME_AS_LV_CASEFOLD,casefold_only
data,lb,B1,900,Firmenchef,firmas vadītājs,Firmas vadītājs,LV_DIACRITIC,
data,lb,B1,900,Firmenchef,firmas vadītājs,Firmas vadītājs,MARKER_LEAK,lv_macron_consonant
data,nl,B1,900,Firmenchef,firmas vadītājs,Firmas vadītājs,SAME_AS_LV_CASEFOLD,casefold_only
data,nl,B1,900,Firmenchef,firmas vadītājs,Firmas vadītājs,LV_DIACRITIC,
data,nl,B1,900,Firmenchef,firmas vadītājs,Firmas vadītājs,MARKER_LEAK,lv_macron_consonant
data,sk,B1,900,Firmenchef,firmas vadītājs,Menadżer firmy,MARKER_LEAK,pl_l_s_z
data,sl,B1,900,Firmenchef,firmas vadītājs,firmas vadītājs,SAME_AS_LV_CASEFOLD,exact
data,sl,B1,900,Firmenchef,firmas vadītājs,firmas vadītājs,LV_DIACRITIC,
data,sl,B1,900,Firmenchef,firmas vadītājs,firmas vadītājs,MARKER_LEAK,lv_macron_consonant
data,fi,B1,900,Firmenchef,firmas vadītājs,Firmajuht,FAMILY_COPY_STRICT,fi+is+nb+nn+sv
data,is,B1,900,Firmenchef,firmas vadītājs,Firmajuht,FAMILY_COPY_STRICT,fi+is+nb+nn+sv
data,nb,B1,900,Firmenchef,firmas vadītājs,Firmajuht,FAMILY_COPY_STRICT,fi+is+nb+nn+sv
data,nn,B1,900,Firmenchef,firmas vadītājs,Firmajuht,FAMILY_COPY_STRICT,fi+is+nb+nn+sv
data,sv,B1,900,Firmenchef,firmas vadītājs,Firmajuht,FAMILY_COPY_STRICT,fi+is+nb+nn+sv
data,hr,B1,900,Firmenchef,firmas vadītājs,Менаџер на компанијата,FAMILY_COPY_STRICT,hr+mk+sr
data,mk,B1,900,Firmenchef,firmas vadītājs,Менаџер на компанијата,FAMILY_COPY_STRICT,hr+mk+sr
data,sr,B1,900,Firmenchef,firmas vadītājs,Менаџер на компанијата,FAMILY_COPY_STRICT,hr+mk+sr
data,it,B1,900,Firmenchef,firmas vadītājs,Firmas vadītājs,FAMILY_COPY_STRICT,it+lb+nl
data,lb,B1,900,Firmenchef,firmas vadītājs,Firmas vadītājs,FAMILY_COPY_STRICT,it+lb+nl
data,nl,B1,900,Firmenchef,firmas vadītājs,Firmas vadītājs,FAMILY_COPY_STRICT,it+lb+nl
data,pl,B1,900,Firmenchef,firmas vadītājs,Menadżer firmy,FAMILY_COPY_STRICT,pl+sk
data,sk,B1,900,Firmenchef,firmas vadītājs,Menadżer firmy,FAMILY_COPY_STRICT,pl+sk
data,sq,B1,900,Firmenchef,firmas vadītājs,Şirket yöneticisi,FAMILY_COPY_STRICT,sq+tr
data,tr,B1,900,Firmenchef,firmas vadītājs,Şirket yöneticisi,FAMILY_COPY_STRICT,sq+tr
data,hr,B1,901,Baufirma,būvfirma,Строителна фирма,SCRIPT_MISMATCH,
data,hr,B1,901,Baufirma,būvfirma,Строителна фирма,MARKER_LEAK,foreign_script
data,it,B1,901,Baufirma,būvfirma,Būvfirma,SAME_AS_LV_CASEFOLD,casefold_only
data,it,B1,901,Baufirma,būvfirma,Būvfirma,LV_DIACRITIC,
data,it,B1,901,Baufirma,būvfirma,Būvfirma,MARKER_LEAK,lv_u_macron
data,lb,B1,901,Baufirma,būvfirma,Būvfirma,SAME_AS_LV_CASEFOLD,casefold_only
data,lb,B1,901,Baufirma,būvfirma,Būvfirma,LV_DIACRITIC,
data,lb,B1,901,Baufirma,būvfirma,Būvfirma,MARKER_LEAK,lv_u_macron
data,nl,B1,901,Baufirma,būvfirma,Būvfirma,SAME_AS_LV_CASEFOLD,casefold_only
data,nl,B1,901,Baufirma,būvfirma,Būvfirma,LV_DIACRITIC,
data,nl,B1,901,Baufirma,būvfirma,Būvfirma,MARKER_LEAK,lv_u_macron
data,pt,B1,901,Baufirma,būvfirma,Būvfirma,SAME_AS_LV_CASEFOLD,casefold_only
data,pt,B1,901,Baufirma,būvfirma,Būvfirma,LV_DIACRITIC,
data,pt,B1,901,Baufirma,būvfirma,Būvfirma,MARKER_LEAK,lv_u_macron
data,sl,B1,901,Baufirma,būvfirma,būvfirma,SAME_AS_LV_CASEFOLD,exact
data,sl,B1,901,Baufirma,būvfirma,būvfirma,LV_DIACRITIC,
data,sl,B1,901,Baufirma,būvfirma,būvfirma,MARKER_LEAK,lv_u_macron
data,bg,B1,901,Baufirma,būvfirma,Строителна фирма,FAMILY_COPY_STRICT,bg+hr+mk+sr
data,hr,B1,901,Baufirma,būvfirma,Строителна фирма,FAMILY_COPY_STRICT,bg+hr+mk+sr
data,mk,B1,901,Baufirma,būvfirma,Строителна фирма,FAMILY_COPY_STRICT,bg+hr+mk+sr
data,sr,B1,901,Baufirma,būvfirma,Строителна фирма,FAMILY_COPY_STRICT,bg+hr+mk+sr
data,fi,B1,901,Baufirma,būvfirma,Ehitusfirma,FAMILY_COPY_STRICT,fi+is+nb+nn+sv
data,is,B1,901,Baufirma,būvfirma,Ehitusfirma,FAMILY_COPY_STRICT,fi+is+nb+nn+sv
data,nb,B1,901,Baufirma,būvfirma,Ehitusfirma,FAMILY_COPY_STRICT,fi+is+nb+nn+sv
data,nn,B1,901,Baufirma,būvfirma,Ehitusfirma,FAMILY_COPY_STRICT,fi+is+nb+nn+sv
data,sv,B1,901,Baufirma,būvfirma,Ehitusfirma,FAMILY_COPY_STRICT,fi+is+nb+nn+sv
data,it,B1,901,Baufirma,būvfirma,Būvfirma,FAMILY_COPY_STRICT,it+lb+nl+pt
data,lb,B1,901,Baufirma,būvfirma,Būvfirma,FAMILY_COPY_STRICT,it+lb+nl+pt
data,nl,B1,901,Baufirma,būvfirma,Būvfirma,FAMILY_COPY_STRICT,it+lb+nl+pt
data,pt,B1,901,Baufirma,būvfirma,Būvfirma,FAMILY_COPY_STRICT,it+lb+nl+pt
data,pl,B1,901,Baufirma,būvfirma,Firma budowlana,FAMILY_COPY_STRICT,pl+sk+sq+tr
data,sk,B1,901,Baufirma,būvfirma,Firma budowlana,FAMILY_COPY_STRICT,pl+sk+sq+tr
data,sq,B1,901,Baufirma,būvfirma,Firma budowlana,FAMILY_COPY_STRICT,pl+sk+sq+tr
data,tr,B1,901,Baufirma,būvfirma,Firma budowlana,FAMILY_COPY_STRICT,pl+sk+sq+tr
data,hr,B1,902,Fischgericht,zivju ēdiens,Храна за риби,SCRIPT_MISMATCH,
data,hr,B1,902,Fischgericht,zivju ēdiens,Храна за риби,MARKER_LEAK,foreign_script
data,it,B1,902,Fischgericht,zivju ēdiens,Zivju ēdiens,SAME_AS_LV_CASEFOLD,casefold_only
data,it,B1,902,Fischgericht,zivju ēdiens,Zivju ēdiens,LV_DIACRITIC,
data,it,B1,902,Fischgericht,zivju ēdiens,Zivju ēdiens,MARKER_LEAK,lv_macron_consonant
data,lb,B1,902,Fischgericht,zivju ēdiens,Zivju ēdiens,SAME_AS_LV_CASEFOLD,casefold_only
data,lb,B1,902,Fischgericht,zivju ēdiens,Zivju ēdiens,LV_DIACRITIC,
data,lb,B1,902,Fischgericht,zivju ēdiens,Zivju ēdiens,MARKER_LEAK,lv_macron_consonant
data,nl,B1,902,Fischgericht,zivju ēdiens,Zivju ēdiens,SAME_AS_LV_CASEFOLD,casefold_only
data,nl,B1,902,Fischgericht,zivju ēdiens,Zivju ēdiens,LV_DIACRITIC,
data,nl,B1,902,Fischgericht,zivju ēdiens,Zivju ēdiens,MARKER_LEAK,lv_macron_consonant
data,pt,B1,902,Fischgericht,zivju ēdiens,Zivju ēdiens,SAME_AS_LV_CASEFOLD,casefold_only
data,pt,B1,902,Fischgericht,zivju ēdiens,Zivju ēdiens,LV_DIACRITIC,
data,pt,B1,902,Fischgericht,zivju ēdiens,Zivju ēdiens,MARKER_LEAK,lv_macron_consonant
data,sl,B1,902,Fischgericht,zivju ēdiens,zivju ēdiens,SAME_AS_LV_CASEFOLD,exact
data,sl,B1,902,Fischgericht,zivju ēdiens,zivju ēdiens,LV_DIACRITIC,
data,sl,B1,902,Fischgericht,zivju ēdiens,zivju ēdiens,MARKER_LEAK,lv_macron_consonant
data,fi,B1,902,Fischgericht,zivju ēdiens,Kalatoit,FAMILY_COPY_STRICT,fi+is+nb+nn+sv
data,is,B1,902,Fischgericht,zivju ēdiens,Kalatoit,FAMILY_COPY_STRICT,fi+is+nb+nn+sv
data,nb,B1,902,Fischgericht,zivju ēdiens,Kalatoit,FAMILY_COPY_STRICT,fi+is+nb+nn+sv
data,nn,B1,902,Fischgericht,zivju ēdiens,Kalatoit,FAMILY_COPY_STRICT,fi+is+nb+nn+sv
data,sv,B1,902,Fischgericht,zivju ēdiens,Kalatoit,FAMILY_COPY_STRICT,fi+is+nb+nn+sv
data,hr,B1,902,Fischgericht,zivju ēdiens,Храна за риби,FAMILY_COPY_STRICT,hr+mk+sr
data,mk,B1,902,Fischgericht,zivju ēdiens,Храна за риби,FAMILY_COPY_STRICT,hr+mk+sr
data,sr,B1,902,Fischgericht,zivju ēdiens,Храна за риби,FAMILY_COPY_STRICT,hr+mk+sr
data,it,B1,902,Fischgericht,zivju ēdiens,Zivju ēdiens,FAMILY_COPY_STRICT,it+lb+nl+pt
data,lb,B1,902,Fischgericht,zivju ēdiens,Zivju ēdiens,FAMILY_COPY_STRICT,it+lb+nl+pt
data,nl,B1,902,Fischgericht,zivju ēdiens,Zivju ēdiens,FAMILY_COPY_STRICT,it+lb+nl+pt
data,pt,B1,902,Fischgericht,zivju ēdiens,Zivju ēdiens,FAMILY_COPY_STRICT,it+lb+nl+pt
data,pl,B1,902,Fischgericht,zivju ēdiens,Pokarm dla ryb,FAMILY_COPY_STRICT,pl+sk+sq+tr
data,sk,B1,902,Fischgericht,zivju ēdiens,Pokarm dla ryb,FAMILY_COPY_STRICT,pl+sk+sq+tr
data,sq,B1,902,Fischgericht,zivju ēdiens,Pokarm dla ryb,FAMILY_COPY_STRICT,pl+sk+sq+tr
data,tr,B1,902,Fischgericht,zivju ēdiens,Pokarm dla ryb,FAMILY_COPY_STRICT,pl+sk+sq+tr
data,hr,B1,903,fix,ātrs,Бързо,SCRIPT_MISMATCH,
data,hr,B1,903,fix,ātrs,Бързо,MARKER_LEAK,foreign_script
data,it,B1,903,fix,ātrs,Ātrs,SAME_AS_LV_CASEFOLD,casefold_only
data,it,B1,903,fix,ātrs,Ātrs,LV_DIACRITIC,
data,it,B1,903,fix,ātrs,Ātrs,MARKER_LEAK,lv_macron_consonant
data,nl,B1,903,fix,ātrs,Ātrs,SAME_AS_LV_CASEFOLD,casefold_only
data,nl,B1,903,fix,ātrs,Ātrs,LV_DIACRITIC,
data,nl,B1,903,fix,ātrs,Ātrs,MARKER_LEAK,lv_macron_consonant
data,sl,B1,903,fix,ātrs,ātrs,SAME_AS_LV_CASEFOLD,exact
data,sl,B1,903,fix,ātrs,ātrs,LV_DIACRITIC,
data,sl,B1,903,fix,ātrs,ātrs,MARKER_LEAK,lv_macron_consonant
data,bg,B1,903,fix,ātrs,Бързо,FAMILY_COPY_STRICT,bg+hr+mk+sr
data,hr,B1,903,fix,ātrs,Бързо,FAMILY_COPY_STRICT,bg+hr+mk+sr
data,mk,B1,903,fix,ātrs,Бързо,FAMILY_COPY_STRICT,bg+hr+mk+sr
data,sr,B1,903,fix,ātrs,Бързо,FAMILY_COPY_STRICT,bg+hr+mk+sr
data,fi,B1,903,fix,ātrs,Kiire,FAMILY_COPY_STRICT,fi+sv
data,sv,B1,903,fix,ātrs,Kiire,FAMILY_COPY_STRICT,fi+sv
data,is,B1,903,fix,ātrs,Rask,FAMILY_COPY_STRICT,is+nb+nn
data,nb,B1,903,fix,ātrs,Rask,FAMILY_COPY_STRICT,is+nb+nn
data,nn,B1,903,fix,ātrs,Rask,FAMILY_COPY_STRICT,is+nb+nn
data,it,B1,903,fix,ātrs,Ātrs,FAMILY_COPY_STRICT,it+nl
data,nl,B1,903,fix,ātrs,Ātrs,FAMILY_COPY_STRICT,it+nl
data,hr,B1,904,Fläche,virsma,Повърхност,SCRIPT_MISMATCH,
data,hr,B1,904,Fläche,virsma,Повърхност,MARKER_LEAK,foreign_script
data,it,B1,904,Fläche,virsma,Virsma,SAME_AS_LV_CASEFOLD,casefold_only
data,lb,B1,904,Fläche,virsma,Virsma,SAME_AS_LV_CASEFOLD,casefold_only
data,nl,B1,904,Fläche,virsma,Virsma,SAME_AS_LV_CASEFOLD,casefold_only
data,pt,B1,904,Fläche,virsma,Virsma,SAME_AS_LV_CASEFOLD,casefold_only
data,sl,B1,904,Fläche,virsma,virsma,SAME_AS_LV_CASEFOLD,exact
data,bg,B1,904,Fläche,virsma,Повърхност,FAMILY_COPY_STRICT,bg+hr+mk+sr
data,hr,B1,904,Fläche,virsma,Повърхност,FAMILY_COPY_STRICT,bg+hr+mk+sr
data,mk,B1,904,Fläche,virsma,Повърхност,FAMILY_COPY_STRICT,bg+hr+mk+sr
data,sr,B1,904,Fläche,virsma,Повърхност,FAMILY_COPY_STRICT,bg+hr+mk+sr
data,en,B1,904,Fläche,virsma,Surface,FAMILY_COPY_STRICT,en+fr
data,fr,B1,904,Fläche,virsma,Surface,FAMILY_COPY_STRICT,en+fr
data,fi,B1,904,Fläche,virsma,Pind,FAMILY_COPY_STRICT,fi+is+nb+nn+sv
data,is,B1,904,Fläche,virsma,Pind,FAMILY_COPY_STRICT,fi+is+nb+nn+sv
data,nb,B1,904,Fläche,virsma,Pind,FAMILY_COPY_STRICT,fi+is+nb+nn+sv
data,nn,B1,904,Fläche,virsma,Pind,FAMILY_COPY_STRICT,fi+is+nb+nn+sv
data,sv,B1,904,Fläche,virsma,Pind,FAMILY_COPY_STRICT,fi+is+nb+nn+sv
data,it,B1,904,Fläche,virsma,Virsma,FAMILY_COPY_STRICT,it+lb+nl+pt
data,lb,B1,904,Fläche,virsma,Virsma,FAMILY_COPY_STRICT,it+lb+nl+pt
data,nl,B1,904,Fläche,virsma,Virsma,FAMILY_COPY_STRICT,it+lb+nl+pt
data,pt,B1,904,Fläche,virsma,Virsma,FAMILY_COPY_STRICT,it+lb+nl+pt
data,pl,B1,904,Fläche,virsma,Powierzchnia,FAMILY_COPY_STRICT,pl+sk+sq+tr
data,sk,B1,904,Fläche,virsma,Powierzchnia,FAMILY_COPY_STRICT,pl+sk+sq+tr
data,sq,B1,904,Fläche,virsma,Powierzchnia,FAMILY_COPY_STRICT,pl+sk+sq+tr
data,tr,B1,904,Fläche,virsma,Powierzchnia,FAMILY_COPY_STRICT,pl+sk+sq+tr
data,hr,B1,905,Flamme,liesma,Пламен,SCRIPT_MISMATCH,
data,hr,B1,905,Flamme,liesma,Пламен,MARKER_LEAK,foreign_script
data,it,B1,905,Flamme,liesma,Liesma,SAME_AS_LV_CASEFOLD,casefold_only
data,lb,B1,905,Flamme,liesma,Liesma,SAME_AS_LV_CASEFOLD,casefold_only
data,nl,B1,905,Flamme,liesma,Liesma,SAME_AS_LV_CASEFOLD,casefold_only
data,pt,B1,905,Flamme,liesma,Liesma,SAME_AS_LV_CASEFOLD,casefold_only
data,sk,B1,905,Flamme,liesma,Płomień,MARKER_LEAK,pl_l_s_z
data,sl,B1,905,Flamme,liesma,liesma,SAME_AS_LV_CASEFOLD,exact
data,bs,B1,905,Flamme,liesma,Plamen,FAMILY_COPY_STRICT,bs+cs
data,cs,B1,905,Flamme,liesma,Plamen,FAMILY_COPY_STRICT,bs+cs
data,fi,B1,905,Flamme,liesma,Leek,FAMILY_COPY_STRICT,fi+sv
data,sv,B1,905,Flamme,liesma,Leek,FAMILY_COPY_STRICT,fi+sv
data,hr,B1,905,Flamme,liesma,Пламен,FAMILY_COPY_STRICT,hr+mk+sr
data,mk,B1,905,Flamme,liesma,Пламен,FAMILY_COPY_STRICT,hr+mk+sr
data,sr,B1,905,Flamme,liesma,Пламен,FAMILY_COPY_STRICT,hr+mk+sr
data,is,B1,905,Flamme,liesma,Purre,FAMILY_COPY_STRICT,is+nb+nn
data,nb,B1,905,Flamme,liesma,Purre,FAMILY_COPY_STRICT,is+nb+nn
data,nn,B1,905,Flamme,liesma,Purre,FAMILY_COPY_STRICT,is+nb+nn
data,it,B1,905,Flamme,liesma,Liesma,FAMILY_COPY_STRICT,it+lb+nl+pt
data,lb,B1,905,Flamme,liesma,Liesma,FAMILY_COPY_STRICT,it+lb+nl+pt
data,nl,B1,905,Flamme,liesma,Liesma,FAMILY_COPY_STRICT,it+lb+nl+pt
data,pt,B1,905,Flamme,liesma,Liesma,FAMILY_COPY_STRICT,it+lb+nl+pt
data,pl,B1,905,Flamme,liesma,Płomień,FAMILY_COPY_STRICT,pl+sk
data,sk,B1,905,Flamme,liesma,Płomień,FAMILY_COPY_STRICT,pl+sk
data,sq,B1,905,Flamme,liesma,Alev,FAMILY_COPY_STRICT,sq+tr
data,tr,B1,905,Flamme,liesma,Alev,FAMILY_COPY_STRICT,sq+tr
data,hr,B1,906,Fledermaus,sikspārnis,Лилјак,SCRIPT_MISMATCH,
data,hr,B1,906,Fledermaus,sikspārnis,Лилјак,MARKER_LEAK,foreign_script
data,it,B1,906,Fledermaus,sikspārnis,Sikspārnis,SAME_AS_LV_CASEFOLD,casefold_only
data,it,B1,906,Fledermaus,sikspārnis,Sikspārnis,LV_DIACRITIC,
data,it,B1,906,Fledermaus,sikspārnis,Sikspārnis,MARKER_LEAK,lv_macron_consonant
data,lb,B1,906,Fledermaus,sikspārnis,Sikspārnis,SAME_AS_LV_CASEFOLD,casefold_only
data,lb,B1,906,Fledermaus,sikspārnis,Sikspārnis,LV_DIACRITIC,
data,lb,B1,906,Fledermaus,sikspārnis,Sikspārnis,MARKER_LEAK,lv_macron_consonant
data,nl,B1,906,Fledermaus,sikspārnis,Sikspārnis,SAME_AS_LV_CASEFOLD,casefold_only
data,nl,B1,906,Fledermaus,sikspārnis,Sikspārnis,LV_DIACRITIC,
data,nl,B1,906,Fledermaus,sikspārnis,Sikspārnis,MARKER_LEAK,lv_macron_consonant
data,sl,B1,906,Fledermaus,sikspārnis,sikspārnis,SAME_AS_LV_CASEFOLD,exact
data,sl,B1,906,Fledermaus,sikspārnis,sikspārnis,LV_DIACRITIC,
data,sl,B1,906,Fledermaus,sikspārnis,sikspārnis,MARKER_LEAK,lv_macron_consonant
data,fi,B1,906,Fledermaus,sikspārnis,Nahkhiir,FAMILY_COPY_STRICT,fi+is+nb+nn+sv
data,is,B1,906,Fledermaus,sikspārnis,Nahkhiir,FAMILY_COPY_STRICT,fi+is+nb+nn+sv
data,nb,B1,906,Fledermaus,sikspārnis,Nahkhiir,FAMILY_COPY_STRICT,fi+is+nb+nn+sv
data,nn,B1,906,Fledermaus,sikspārnis,Nahkhiir,FAMILY_COPY_STRICT,fi+is+nb+nn+sv
data,sv,B1,906,Fledermaus,sikspārnis,Nahkhiir,FAMILY_COPY_STRICT,fi+is+nb+nn+sv
data,hr,B1,906,Fledermaus,sikspārnis,Лилјак,FAMILY_COPY_STRICT,hr+mk+sr
data,mk,B1,906,Fledermaus,sikspārnis,Лилјак,FAMILY_COPY_STRICT,hr+mk+sr
data,sr,B1,906,Fledermaus,sikspārnis,Лилјак,FAMILY_COPY_STRICT,hr+mk+sr
data,it,B1,906,Fledermaus,sikspārnis,Sikspārnis,FAMILY_COPY_STRICT,it+lb+nl
data,lb,B1,906,Fledermaus,sikspārnis,Sikspārnis,FAMILY_COPY_STRICT,it+lb+nl
data,nl,B1,906,Fledermaus,sikspārnis,Sikspārnis,FAMILY_COPY_STRICT,it+lb+nl
data,pl,B1,906,Fledermaus,sikspārnis,Nietoperz,FAMILY_COPY_STRICT,pl+sk
data,sk,B1,906,Fledermaus,sikspārnis,Nietoperz,FAMILY_COPY_STRICT,pl+sk
data,sq,B1,906,Fledermaus,sikspārnis,Yarasa,FAMILY_COPY_STRICT,sq+tr
data,tr,B1,906,Fledermaus,sikspārnis,Yarasa,FAMILY_COPY_STRICT,sq+tr
data,hr,B1,907,Fleischbrühe,buljons,Чорба,SCRIPT_MISMATCH,
data,hr,B1,907,Fleischbrühe,buljons,Чорба,MARKER_LEAK,foreign_script
data,it,B1,907,Fleischbrühe,buljons,Buljons,SAME_AS_LV_CASEFOLD,casefold_only
data,lb,B1,907,Fleischbrühe,buljons,Buljons,SAME_AS_LV_CASEFOLD,casefold_only
data,nl,B1,907,Fleischbrühe,buljons,Buljons,SAME_AS_LV_CASEFOLD,casefold_only
data,sl,B1,907,Fleischbrühe,buljons,buljons,SAME_AS_LV_CASEFOLD,exact
data,bg,B1,907,Fleischbrühe,buljons,Бульон,FAMILY_COPY_STRICT,bg+ru
data,ru,B1,907,Fleischbrühe,buljons,Бульон,FAMILY_COPY_STRICT,bg+ru
data,da,B1,907,Fleischbrühe,buljons,Bouillon,FAMILY_COPY_STRICT,da+fr
data,fr,B1,907,Fleischbrühe,buljons,Bouillon,FAMILY_COPY_STRICT,da+fr
data,fi,B1,907,Fleischbrühe,buljons,Puljong,FAMILY_COPY_STRICT,fi+is+nb+nn+sv
data,is,B1,907,Fleischbrühe,buljons,Puljong,FAMILY_COPY_STRICT,fi+is+nb+nn+sv
data,nb,B1,907,Fleischbrühe,buljons,Puljong,FAMILY_COPY_STRICT,fi+is+nb+nn+sv
data,nn,B1,907,Fleischbrühe,buljons,Puljong,FAMILY_COPY_STRICT,fi+is+nb+nn+sv
data,sv,B1,907,Fleischbrühe,buljons,Puljong,FAMILY_COPY_STRICT,fi+is+nb+nn+sv
data,hr,B1,907,Fleischbrühe,buljons,Чорба,FAMILY_COPY_STRICT,hr+mk+sr
data,mk,B1,907,Fleischbrühe,buljons,Чорба,FAMILY_COPY_STRICT,hr+mk+sr
data,sr,B1,907,Fleischbrühe,buljons,Чорба,FAMILY_COPY_STRICT,hr+mk+sr
data,it,B1,907,Fleischbrühe,buljons,Buljons,FAMILY_COPY_STRICT,it+lb+nl
data,lb,B1,907,Fleischbrühe,buljons,Buljons,FAMILY_COPY_STRICT,it+lb+nl
data,nl,B1,907,Fleischbrühe,buljons,Buljons,FAMILY_COPY_STRICT,it+lb+nl
data,pl,B1,907,Fleischbrühe,buljons,Bulion,FAMILY_COPY_STRICT,pl+ro+sk
data,ro,B1,907,Fleischbrühe,buljons,Bulion,FAMILY_COPY_STRICT,pl+ro+sk
data,sk,B1,907,Fleischbrühe,buljons,Bulion,FAMILY_COPY_STRICT,pl+ro+sk
data,sq,B1,907,Fleischbrühe,buljons,Et suyu,FAMILY_COPY_STRICT,sq+tr
data,tr,B1,907,Fleischbrühe,buljons,Et suyu,FAMILY_COPY_STRICT,sq+tr
data,hr,B1,908,flicken,lāpīt,Јас крпем,SCRIPT_MISMATCH,
data,hr,B1,908,flicken,lāpīt,Јас крпем,MARKER_LEAK,foreign_script
data,it,B1,908,flicken,lāpīt,Lāpīt,SAME_AS_LV_CASEFOLD,casefold_only
data,it,B1,908,flicken,lāpīt,Lāpīt,LV_DIACRITIC,
data,it,B1,908,flicken,lāpīt,Lāpīt,MARKER_LEAK,lv_macron_consonant
data,lb,B1,908,flicken,lāpīt,Lāpīt,SAME_AS_LV_CASEFOLD,casefold_only
data,lb,B1,908,flicken,lāpīt,Lāpīt,LV_DIACRITIC,
data,lb,B1,908,flicken,lāpīt,Lāpīt,MARKER_LEAK,lv_macron_consonant
data,nl,B1,908,flicken,lāpīt,Lāpīt,SAME_AS_LV_CASEFOLD,casefold_only
data,nl,B1,908,flicken,lāpīt,Lāpīt,LV_DIACRITIC,
data,nl,B1,908,flicken,lāpīt,Lāpīt,MARKER_LEAK,lv_macron_consonant
data,sl,B1,908,flicken,lāpīt,lāpīt,SAME_AS_LV_CASEFOLD,exact
data,sl,B1,908,flicken,lāpīt,lāpīt,LV_DIACRITIC,
data,sl,B1,908,flicken,lāpīt,lāpīt,MARKER_LEAK,lv_macron_consonant
data,da,B1,908,flicken,lāpīt,Patch up,FAMILY_COPY_STRICT,da+en
data,en,B1,908,flicken,lāpīt,Patch up,FAMILY_COPY_STRICT,da+en
data,fi,B1,908,flicken,lāpīt,Paikama,FAMILY_COPY_STRICT,fi+is+nb+nn+sv
data,is,B1,908,flicken,lāpīt,Paikama,FAMILY_COPY_STRICT,fi+is+nb+nn+sv
data,nb,B1,908,flicken,lāpīt,Paikama,FAMILY_COPY_STRICT,fi+is+nb+nn+sv
data,nn,B1,908,flicken,lāpīt,Paikama,FAMILY_COPY_STRICT,fi+is+nb+nn+sv
data,sv,B1,908,flicken,lāpīt,Paikama,FAMILY_COPY_STRICT,fi+is+nb+nn+sv
data,hr,B1,908,flicken,lāpīt,Јас крпем,FAMILY_COPY_STRICT,hr+mk+sr
data,mk,B1,908,flicken,lāpīt,Јас крпем,FAMILY_COPY_STRICT,hr+mk+sr
data,sr,B1,908,flicken,lāpīt,Јас крпем,FAMILY_COPY_STRICT,hr+mk+sr
data,it,B1,908,flicken,lāpīt,Lāpīt,FAMILY_COPY_STRICT,it+lb+nl
data,lb,B1,908,flicken,lāpīt,Lāpīt,FAMILY_COPY_STRICT,it+lb+nl
data,nl,B1,908,flicken,lāpīt,Lāpīt,FAMILY_COPY_STRICT,it+lb+nl
data,pl,B1,908,flicken,lāpīt,Pozszywać,FAMILY_COPY_STRICT,pl+sk
data,sk,B1,908,flicken,lāpīt,Pozszywać,FAMILY_COPY_STRICT,pl+sk
data,sq,B1,908,flicken,lāpīt,Yama yap,FAMILY_COPY_STRICT,sq+tr
data,tr,B1,908,flicken,lāpīt,Yama yap,FAMILY_COPY_STRICT,sq+tr
data,hr,B1,909,Flieder,ceriņi,Люляк,SCRIPT_MISMATCH,
data,hr,B1,909,Flieder,ceriņi,Люляк,MARKER_LEAK,foreign_script
data,it,B1,909,Flieder,ceriņi,Ceriņi,SAME_AS_LV_CASEFOLD,casefold_only
data,it,B1,909,Flieder,ceriņi,Ceriņi,LV_DIACRITIC,
data,it,B1,909,Flieder,ceriņi,Ceriņi,MARKER_LEAK,lv_macron_consonant
data,lb,B1,909,Flieder,ceriņi,Ceriņi,SAME_AS_LV_CASEFOLD,casefold_only
data,lb,B1,909,Flieder,ceriņi,Ceriņi,LV_DIACRITIC,
data,lb,B1,909,Flieder,ceriņi,Ceriņi,MARKER_LEAK,lv_macron_consonant
data,nl,B1,909,Flieder,ceriņi,Ceriņi,SAME_AS_LV_CASEFOLD,casefold_only
data,nl,B1,909,Flieder,ceriņi,Ceriņi,LV_DIACRITIC,
data,nl,B1,909,Flieder,ceriņi,Ceriņi,MARKER_LEAK,lv_macron_consonant
data,pt,B1,909,Flieder,ceriņi,Ceriņi,SAME_AS_LV_CASEFOLD,casefold_only
data,pt,B1,909,Flieder,ceriņi,Ceriņi,LV_DIACRITIC,
data,pt,B1,909,Flieder,ceriņi,Ceriņi,MARKER_LEAK,lv_macron_consonant
data,sl,B1,909,Flieder,ceriņi,ceriņi,SAME_AS_LV_CASEFOLD,exact
data,sl,B1,909,Flieder,ceriņi,ceriņi,LV_DIACRITIC,
data,sl,B1,909,Flieder,ceriņi,ceriņi,MARKER_LEAK,lv_macron_consonant
data,bg,B1,909,Flieder,ceriņi,Люляк,FAMILY_COPY_STRICT,bg+hr+mk+sr
data,hr,B1,909,Flieder,ceriņi,Люляк,FAMILY_COPY_STRICT,bg+hr+mk+sr
data,mk,B1,909,Flieder,ceriņi,Люляк,FAMILY_COPY_STRICT,bg+hr+mk+sr
data,sr,B1,909,Flieder,ceriņi,Люляк,FAMILY_COPY_STRICT,bg+hr+mk+sr
data,fi,B1,909,Flieder,ceriņi,Sirel,FAMILY_COPY_STRICT,fi+is+nb+nn+sv
data,is,B1,909,Flieder,ceriņi,Sirel,FAMILY_COPY_STRICT,fi+is+nb+nn+sv
data,nb,B1,909,Flieder,ceriņi,Sirel,FAMILY_COPY_STRICT,fi+is+nb+nn+sv
data,nn,B1,909,Flieder,ceriņi,Sirel,FAMILY_COPY_STRICT,fi+is+nb+nn+sv
data,sv,B1,909,Flieder,ceriņi,Sirel,FAMILY_COPY_STRICT,fi+is+nb+nn+sv
data,it,B1,909,Flieder,ceriņi,Ceriņi,FAMILY_COPY_STRICT,it+lb+nl+pt
data,lb,B1,909,Flieder,ceriņi,Ceriņi,FAMILY_COPY_STRICT,it+lb+nl+pt
data,nl,B1,909,Flieder,ceriņi,Ceriņi,FAMILY_COPY_STRICT,it+lb+nl+pt
data,pt,B1,909,Flieder,ceriņi,Ceriņi,FAMILY_COPY_STRICT,it+lb+nl+pt
data,pl,B1,909,Flieder,ceriņi,Bzy,FAMILY_COPY_STRICT,pl+sk+sq+tr
data,sk,B1,909,Flieder,ceriņi,Bzy,FAMILY_COPY_STRICT,pl+sk+sq+tr
data,sq,B1,909,Flieder,ceriņi,Bzy,FAMILY_COPY_STRICT,pl+sk+sq+tr
data,tr,B1,909,Flieder,ceriņi,Bzy,FAMILY_COPY_STRICT,pl+sk+sq+tr
data,fi,B1,910,fliehen,bēgt,Põgenema,MARKER_LEAK,et_otilde
data,hr,B1,910,fliehen,bēgt,Бягайте,SCRIPT_MISMATCH,
data,hr,B1,910,fliehen,bēgt,Бягайте,MARKER_LEAK,foreign_script
data,is,B1,910,fliehen,bēgt,Põgenema,MARKER_LEAK,et_otilde
data,it,B1,910,fliehen,bēgt,Bēgt,SAME_AS_LV_CASEFOLD,casefold_only
data,it,B1,910,fliehen,bēgt,Bēgt,LV_DIACRITIC,
data,it,B1,910,fliehen,bēgt,Bēgt,MARKER_LEAK,lv_macron_consonant
data,lb,B1,910,fliehen,bēgt,Bēgt,SAME_AS_LV_CASEFOLD,casefold_only
data,lb,B1,910,fliehen,bēgt,Bēgt,LV_DIACRITIC,
data,lb,B1,910,fliehen,bēgt,Bēgt,MARKER_LEAK,lv_macron_consonant
data,nb,B1,910,fliehen,bēgt,Põgenema,MARKER_LEAK,et_otilde
data,nl,B1,910,fliehen,bēgt,Bēgt,SAME_AS_LV_CASEFOLD,casefold_only
data,nl,B1,910,fliehen,bēgt,Bēgt,LV_DIACRITIC,
data,nl,B1,910,fliehen,bēgt,Bēgt,MARKER_LEAK,lv_macron_consonant
data,nn,B1,910,fliehen,bēgt,Põgenema,MARKER_LEAK,et_otilde
data,sl,B1,910,fliehen,bēgt,bēgt,SAME_AS_LV_CASEFOLD,exact
data,sl,B1,910,fliehen,bēgt,bēgt,LV_DIACRITIC,
data,sl,B1,910,fliehen,bēgt,bēgt,MARKER_LEAK,lv_macron_consonant
data,sq,B1,910,fliehen,bēgt,Kaçış,MARKER_LEAK,tr_soft
data,sv,B1,910,fliehen,bēgt,Põgenema,MARKER_LEAK,et_otilde
data,bg,B1,910,fliehen,bēgt,Бягайте,FAMILY_COPY_STRICT,bg+hr+mk+sr
data,hr,B1,910,fliehen,bēgt,Бягайте,FAMILY_COPY_STRICT,bg+hr+mk+sr
data,mk,B1,910,fliehen,bēgt,Бягайте,FAMILY_COPY_STRICT,bg+hr+mk+sr
data,sr,B1,910,fliehen,bēgt,Бягайте,FAMILY_COPY_STRICT,bg+hr+mk+sr
data,fi,B1,910,fliehen,bēgt,Põgenema,FAMILY_COPY_STRICT,fi+is+nb+nn+sv
data,is,B1,910,fliehen,bēgt,Põgenema,FAMILY_COPY_STRICT,fi+is+nb+nn+sv
data,nb,B1,910,fliehen,bēgt,Põgenema,FAMILY_COPY_STRICT,fi+is+nb+nn+sv
data,nn,B1,910,fliehen,bēgt,Põgenema,FAMILY_COPY_STRICT,fi+is+nb+nn+sv
data,sv,B1,910,fliehen,bēgt,Põgenema,FAMILY_COPY_STRICT,fi+is+nb+nn+sv
data,it,B1,910,fliehen,bēgt,Bēgt,FAMILY_COPY_STRICT,it+lb+nl
data,lb,B1,910,fliehen,bēgt,Bēgt,FAMILY_COPY_STRICT,it+lb+nl
data,nl,B1,910,fliehen,bēgt,Bēgt,FAMILY_COPY_STRICT,it+lb+nl
data,sq,B1,910,fliehen,bēgt,Kaçış,FAMILY_COPY_STRICT,sq+tr
data,tr,B1,910,fliehen,bēgt,Kaçış,FAMILY_COPY_STRICT,sq+tr
data,hr,B1,911,fließen,plūst,Поток,SCRIPT_MISMATCH,
data,hr,B1,911,fließen,plūst,Поток,MARKER_LEAK,foreign_script
data,it,B1,911,fließen,plūst,Plūst,SAME_AS_LV_CASEFOLD,casefold_only
data,it,B1,911,fließen,plūst,Plūst,LV_DIACRITIC,
data,it,B1,911,fließen,plūst,Plūst,MARKER_LEAK,lv_u_macron
data,lb,B1,911,fließen,plūst,Plūst,SAME_AS_LV_CASEFOLD,casefold_only
data,lb,B1,911,fließen,plūst,Plūst,LV_DIACRITIC,
data,lb,B1,911,fließen,plūst,Plūst,MARKER_LEAK,lv_u_macron
data,nl,B1,911,fließen,plūst,Plūst,SAME_AS_LV_CASEFOLD,casefold_only
data,nl,B1,911,fließen,plūst,Plūst,LV_DIACRITIC,
data,nl,B1,911,fließen,plūst,Plūst,MARKER_LEAK,lv_u_macron
data,sk,B1,911,fließen,plūst,Przepływ,MARKER_LEAK,pl_l_s_z
data,sl,B1,911,fließen,plūst,plūst,SAME_AS_LV_CASEFOLD,exact
data,sl,B1,911,fließen,plūst,plūst,LV_DIACRITIC,
data,sl,B1,911,fließen,plūst,plūst,MARKER_LEAK,lv_u_macron
data,sq,B1,911,fließen,plūst,Akış,MARKER_LEAK,tr_soft
data,bg,B1,911,fließen,plūst,Поток,FAMILY_COPY_STRICT,bg+hr+mk+ru+sr
data,hr,B1,911,fließen,plūst,Поток,FAMILY_COPY_STRICT,bg+hr+mk+ru+sr
data,mk,B1,911,fließen,plūst,Поток,FAMILY_COPY_STRICT,bg+hr+mk+ru+sr
data,ru,B1,911,fließen,plūst,Поток,FAMILY_COPY_STRICT,bg+hr+mk+ru+sr
data,sr,B1,911,fließen,plūst,Поток,FAMILY_COPY_STRICT,bg+hr+mk+ru+sr
data,fi,B1,911,fließen,plūst,Voolama,FAMILY_COPY_STRICT,fi+is+nb+nn+sv
data,is,B1,911,fließen,plūst,Voolama,FAMILY_COPY_STRICT,fi+is+nb+nn+sv
data,nb,B1,911,fließen,plūst,Voolama,FAMILY_COPY_STRICT,fi+is+nb+nn+sv
data,nn,B1,911,fließen,plūst,Voolama,FAMILY_COPY_STRICT,fi+is+nb+nn+sv
data,sv,B1,911,fließen,plūst,Voolama,FAMILY_COPY_STRICT,fi+is+nb+nn+sv
data,it,B1,911,fließen,plūst,Plūst,FAMILY_COPY_STRICT,it+lb+nl
data,lb,B1,911,fließen,plūst,Plūst,FAMILY_COPY_STRICT,it+lb+nl
data,nl,B1,911,fließen,plūst,Plūst,FAMILY_COPY_STRICT,it+lb+nl
data,pl,B1,911,fließen,plūst,Przepływ,FAMILY_COPY_STRICT,pl+sk
data,sk,B1,911,fließen,plūst,Przepływ,FAMILY_COPY_STRICT,pl+sk
data,sq,B1,911,fließen,plūst,Akış,FAMILY_COPY_STRICT,sq+tr
data,tr,B1,911,fließen,plūst,Akış,FAMILY_COPY_STRICT,sq+tr
data,hr,B1,912,fließend,plūstošs,Текущ,SCRIPT_MISMATCH,
data,hr,B1,912,fließend,plūstošs,Текущ,MARKER_LEAK,foreign_script
data,it,B1,912,fließend,plūstošs,Plūstošs,SAME_AS_LV_CASEFOLD,casefold_only
data,it,B1,912,fließend,plūstošs,Plūstošs,LV_DIACRITIC,
data,it,B1,912,fließend,plūstošs,Plūstošs,MARKER_LEAK,lv_u_macron
data,lb,B1,912,fließend,plūstošs,Plūstošs,SAME_AS_LV_CASEFOLD,casefold_only
data,lb,B1,912,fließend,plūstošs,Plūstošs,LV_DIACRITIC,
data,lb,B1,912,fließend,plūstošs,Plūstošs,MARKER_LEAK,lv_u_macron
data,nl,B1,912,fließend,plūstošs,Plūstošs,SAME_AS_LV_CASEFOLD,casefold_only
data,nl,B1,912,fließend,plūstošs,Plūstošs,LV_DIACRITIC,
data,nl,B1,912,fließend,plūstošs,Plūstošs,MARKER_LEAK,lv_u_macron
data,pt,B1,912,fließend,plūstošs,Plustošs,LV_DIACRITIC,
data,sk,B1,912,fließend,plūstošs,Płynący,MARKER_LEAK,pl_l_s_z+pl_lt_nasal
data,sl,B1,912,fließend,plūstošs,plūstošs,SAME_AS_LV_CASEFOLD,exact
data,sl,B1,912,fließend,plūstošs,plūstošs,LV_DIACRITIC,
data,sl,B1,912,fließend,plūstošs,plūstošs,MARKER_LEAK,lv_u_macron
data,bg,B1,912,fließend,plūstošs,Текущ,FAMILY_COPY_STRICT,bg+hr+mk+sr
data,hr,B1,912,fließend,plūstošs,Текущ,FAMILY_COPY_STRICT,bg+hr+mk+sr
data,mk,B1,912,fließend,plūstošs,Текущ,FAMILY_COPY_STRICT,bg+hr+mk+sr
data,sr,B1,912,fließend,plūstošs,Текущ,FAMILY_COPY_STRICT,bg+hr+mk+sr
data,fi,B1,912,fließend,plūstošs,Voolav,FAMILY_COPY_STRICT,fi+is+nb+nn+sv
data,is,B1,912,fließend,plūstošs,Voolav,FAMILY_COPY_STRICT,fi+is+nb+nn+sv
data,nb,B1,912,fließend,plūstošs,Voolav,FAMILY_COPY_STRICT,fi+is+nb+nn+sv
data,nn,B1,912,fließend,plūstošs,Voolav,FAMILY_COPY_STRICT,fi+is+nb+nn+sv
data,sv,B1,912,fließend,plūstošs,Voolav,FAMILY_COPY_STRICT,fi+is+nb+nn+sv
data,it,B1,912,fließend,plūstošs,Plūstošs,FAMILY_COPY_STRICT,it+lb+nl
data,lb,B1,912,fließend,plūstošs,Plūstošs,FAMILY_COPY_STRICT,it+lb+nl
data,nl,B1,912,fließend,plūstošs,Plūstošs,FAMILY_COPY_STRICT,it+lb+nl
data,pl,B1,912,fließend,plūstošs,Płynący,FAMILY_COPY_STRICT,pl+sk
data,sk,B1,912,fließend,plūstošs,Płynący,FAMILY_COPY_STRICT,pl+sk
data,sq,B1,912,fließend,plūstošs,Akan,FAMILY_COPY_STRICT,sq+tr
data,tr,B1,912,fließend,plūstošs,Akan,FAMILY_COPY_STRICT,sq+tr
data,hr,B1,913,flink,ātrs,Бързо,SCRIPT_MISMATCH,
data,hr,B1,913,flink,ātrs,Бързо,MARKER_LEAK,foreign_script
data,it,B1,913,flink,ātrs,Ātrs,SAME_AS_LV_CASEFOLD,casefold_only
data,it,B1,913,flink,ātrs,Ātrs,LV_DIACRITIC,
data,it,B1,913,flink,ātrs,Ātrs,MARKER_LEAK,lv_macron_consonant
data,nl,B1,913,flink,ātrs,Ātrs,SAME_AS_LV_CASEFOLD,casefold_only
data,nl,B1,913,flink,ātrs,Ātrs,LV_DIACRITIC,
data,nl,B1,913,flink,ātrs,Ātrs,MARKER_LEAK,lv_macron_consonant
data,sl,B1,913,flink,ātrs,ātrs,SAME_AS_LV_CASEFOLD,exact
data,sl,B1,913,flink,ātrs,ātrs,LV_DIACRITIC,
data,sl,B1,913,flink,ātrs,ātrs,MARKER_LEAK,lv_macron_consonant
data,bg,B1,913,flink,ātrs,Бързо,FAMILY_COPY_STRICT,bg+hr+mk+sr
data,hr,B1,913,flink,ātrs,Бързо,FAMILY_COPY_STRICT,bg+hr+mk+sr
data,mk,B1,913,flink,ātrs,Бързо,FAMILY_COPY_STRICT,bg+hr+mk+sr
data,sr,B1,913,flink,ātrs,Бързо,FAMILY_COPY_STRICT,bg+hr+mk+sr
data,fi,B1,913,flink,ātrs,Kiire,FAMILY_COPY_STRICT,fi+sv
data,sv,B1,913,flink,ātrs,Kiire,FAMILY_COPY_STRICT,fi+sv
data,is,B1,913,flink,ātrs,Rask,FAMILY_COPY_STRICT,is+nb+nn
data,nb,B1,913,flink,ātrs,Rask,FAMILY_COPY_STRICT,is+nb+nn
data,nn,B1,913,flink,ātrs,Rask,FAMILY_COPY_STRICT,is+nb+nn
data,it,B1,913,flink,ātrs,Ātrs,FAMILY_COPY_STRICT,it+nl
data,nl,B1,913,flink,ātrs,Ātrs,FAMILY_COPY_STRICT,it+nl
data,hr,B1,914,Flitterwochen,medusmēnesis,Меден месец,SCRIPT_MISMATCH,
data,hr,B1,914,Flitterwochen,medusmēnesis,Меден месец,MARKER_LEAK,foreign_script
data,it,B1,914,Flitterwochen,medusmēnesis,Medusmēnesis,SAME_AS_LV_CASEFOLD,casefold_only
data,it,B1,914,Flitterwochen,medusmēnesis,Medusmēnesis,LV_DIACRITIC,
data,it,B1,914,Flitterwochen,medusmēnesis,Medusmēnesis,MARKER_LEAK,lv_macron_consonant
data,lb,B1,914,Flitterwochen,medusmēnesis,Medusmēnesis,SAME_AS_LV_CASEFOLD,casefold_only
data,lb,B1,914,Flitterwochen,medusmēnesis,Medusmēnesis,LV_DIACRITIC,
data,lb,B1,914,Flitterwochen,medusmēnesis,Medusmēnesis,MARKER_LEAK,lv_macron_consonant
data,nl,B1,914,Flitterwochen,medusmēnesis,Medusmēnesis,SAME_AS_LV_CASEFOLD,casefold_only
data,nl,B1,914,Flitterwochen,medusmēnesis,Medusmēnesis,LV_DIACRITIC,
data,nl,B1,914,Flitterwochen,medusmēnesis,Medusmēnesis,MARKER_LEAK,lv_macron_consonant
data,sk,B1,914,Flitterwochen,medusmēnesis,Miesiąc miodowy,MARKER_LEAK,pl_lt_nasal
data,sl,B1,914,Flitterwochen,medusmēnesis,medusmēnesis,SAME_AS_LV_CASEFOLD,exact
data,sl,B1,914,Flitterwochen,medusmēnesis,medusmēnesis,LV_DIACRITIC,
data,sl,B1,914,Flitterwochen,medusmēnesis,medusmēnesis,MARKER_LEAK,lv_macron_consonant
data,sq,B1,914,Flitterwochen,medusmēnesis,Miesiąc miodowy,MARKER_LEAK,pl_lt_nasal
data,tr,B1,914,Flitterwochen,medusmēnesis,Miesiąc miodowy,MARKER_LEAK,pl_lt_nasal
data,bg,B1,914,Flitterwochen,medusmēnesis,Меден месец,FAMILY_COPY_STRICT,bg+hr+mk+sr
data,hr,B1,914,Flitterwochen,medusmēnesis,Меден месец,FAMILY_COPY_STRICT,bg+hr+mk+sr
data,mk,B1,914,Flitterwochen,medusmēnesis,Меден месец,FAMILY_COPY_STRICT,bg+hr+mk+sr
data,sr,B1,914,Flitterwochen,medusmēnesis,Меден месец,FAMILY_COPY_STRICT,bg+hr+mk+sr
data,fi,B1,914,Flitterwochen,medusmēnesis,Mesinädalad,FAMILY_COPY_STRICT,fi+is+nb+nn+sv
data,is,B1,914,Flitterwochen,medusmēnesis,Mesinädalad,FAMILY_COPY_STRICT,fi+is+nb+nn+sv
data,nb,B1,914,Flitterwochen,medusmēnesis,Mesinädalad,FAMILY_COPY_STRICT,fi+is+nb+nn+sv
data,nn,B1,914,Flitterwochen,medusmēnesis,Mesinädalad,FAMILY_COPY_STRICT,fi+is+nb+nn+sv
data,sv,B1,914,Flitterwochen,medusmēnesis,Mesinädalad,FAMILY_COPY_STRICT,fi+is+nb+nn+sv
data,it,B1,914,Flitterwochen,medusmēnesis,Medusmēnesis,FAMILY_COPY_STRICT,it+lb+nl
data,lb,B1,914,Flitterwochen,medusmēnesis,Medusmēnesis,FAMILY_COPY_STRICT,it+lb+nl
data,nl,B1,914,Flitterwochen,medusmēnesis,Medusmēnesis,FAMILY_COPY_STRICT,it+lb+nl
data,pl,B1,914,Flitterwochen,medusmēnesis,Miesiąc miodowy,FAMILY_COPY_STRICT,pl+sk+sq+tr
data,sk,B1,914,Flitterwochen,medusmēnesis,Miesiąc miodowy,FAMILY_COPY_STRICT,pl+sk+sq+tr
data,sq,B1,914,Flitterwochen,medusmēnesis,Miesiąc miodowy,FAMILY_COPY_STRICT,pl+sk+sq+tr
data,tr,B1,914,Flitterwochen,medusmēnesis,Miesiąc miodowy,FAMILY_COPY_STRICT,pl+sk+sq+tr
data,hr,B1,915,Flocke,pārsla,Люспи,SCRIPT_MISMATCH,
data,hr,B1,915,Flocke,pārsla,Люспи,MARKER_LEAK,foreign_script
data,it,B1,915,Flocke,pārsla,Pārsla,SAME_AS_LV_CASEFOLD,casefold_only
data,it,B1,915,Flocke,pārsla,Pārsla,LV_DIACRITIC,
data,it,B1,915,Flocke,pārsla,Pārsla,MARKER_LEAK,lv_macron_consonant
data,lb,B1,915,Flocke,pārsla,Pārsla,SAME_AS_LV_CASEFOLD,casefold_only
data,lb,B1,915,Flocke,pārsla,Pārsla,LV_DIACRITIC,
data,lb,B1,915,Flocke,pārsla,Pārsla,MARKER_LEAK,lv_macron_consonant
data,nl,B1,915,Flocke,pārsla,Pārsla,SAME_AS_LV_CASEFOLD,casefold_only
data,nl,B1,915,Flocke,pārsla,Pārsla,LV_DIACRITIC,
data,nl,B1,915,Flocke,pārsla,Pārsla,MARKER_LEAK,lv_macron_consonant
data,sk,B1,915,Flocke,pārsla,Płatek,MARKER_LEAK,pl_l_s_z
data,sl,B1,915,Flocke,pārsla,pārsla,SAME_AS_LV_CASEFOLD,exact
data,sl,B1,915,Flocke,pārsla,pārsla,LV_DIACRITIC,
data,sl,B1,915,Flocke,pārsla,pārsla,MARKER_LEAK,lv_macron_consonant
data,bg,B1,915,Flocke,pārsla,Люспи,FAMILY_COPY_STRICT,bg+hr+mk+sr
data,hr,B1,915,Flocke,pārsla,Люспи,FAMILY_COPY_STRICT,bg+hr+mk+sr
data,mk,B1,915,Flocke,pārsla,Люспи,FAMILY_COPY_STRICT,bg+hr+mk+sr
data,sr,B1,915,Flocke,pārsla,Люспи,FAMILY_COPY_STRICT,bg+hr+mk+sr
data,da,B1,915,Flocke,pārsla,Flake,FAMILY_COPY_STRICT,da+en
data,en,B1,915,Flocke,pārsla,Flake,FAMILY_COPY_STRICT,da+en
data,fi,B1,915,Flocke,pārsla,Helves,FAMILY_COPY_STRICT,fi+is+nb+nn+sv
data,is,B1,915,Flocke,pārsla,Helves,FAMILY_COPY_STRICT,fi+is+nb+nn+sv
data,nb,B1,915,Flocke,pārsla,Helves,FAMILY_COPY_STRICT,fi+is+nb+nn+sv
data,nn,B1,915,Flocke,pārsla,Helves,FAMILY_COPY_STRICT,fi+is+nb+nn+sv
data,sv,B1,915,Flocke,pārsla,Helves,FAMILY_COPY_STRICT,fi+is+nb+nn+sv
data,it,B1,915,Flocke,pārsla,Pārsla,FAMILY_COPY_STRICT,it+lb+nl
data,lb,B1,915,Flocke,pārsla,Pārsla,FAMILY_COPY_STRICT,it+lb+nl
data,nl,B1,915,Flocke,pārsla,Pārsla,FAMILY_COPY_STRICT,it+lb+nl
data,pl,B1,915,Flocke,pārsla,Płatek,FAMILY_COPY_STRICT,pl+sk
data,sk,B1,915,Flocke,pārsla,Płatek,FAMILY_COPY_STRICT,pl+sk
data,sq,B1,915,Flocke,pārsla,Yaprak,FAMILY_COPY_STRICT,sq+tr
data,tr,B1,915,Flocke,pārsla,Yaprak,FAMILY_COPY_STRICT,sq+tr
data,hr,B1,916,Floh,blusa,Бълха,SCRIPT_MISMATCH,
data,hr,B1,916,Floh,blusa,Бълха,MARKER_LEAK,foreign_script
data,it,B1,916,Floh,blusa,Blusa,SAME_AS_LV_CASEFOLD,casefold_only
data,lb,B1,916,Floh,blusa,Blusa,SAME_AS_LV_CASEFOLD,casefold_only
data,lt,B1,916,Floh,blusa,blusa,SAME_AS_LV_CASEFOLD,exact
data,nl,B1,916,Floh,blusa,Blusa,SAME_AS_LV_CASEFOLD,casefold_only
data,pt,B1,916,Floh,blusa,Blusa,SAME_AS_LV_CASEFOLD,casefold_only
data,sl,B1,916,Floh,blusa,blusa,SAME_AS_LV_CASEFOLD,exact
data,bg,B1,916,Floh,blusa,Бълха,FAMILY_COPY_STRICT,bg+hr+mk+sr
data,hr,B1,916,Floh,blusa,Бълха,FAMILY_COPY_STRICT,bg+hr+mk+sr
data,mk,B1,916,Floh,blusa,Бълха,FAMILY_COPY_STRICT,bg+hr+mk+sr
data,sr,B1,916,Floh,blusa,Бълха,FAMILY_COPY_STRICT,bg+hr+mk+sr
data,fi,B1,916,Floh,blusa,Kirp,FAMILY_COPY_STRICT,fi+is+nb+nn+sv
data,is,B1,916,Floh,blusa,Kirp,FAMILY_COPY_STRICT,fi+is+nb+nn+sv
data,nb,B1,916,Floh,blusa,Kirp,FAMILY_COPY_STRICT,fi+is+nb+nn+sv
data,nn,B1,916,Floh,blusa,Kirp,FAMILY_COPY_STRICT,fi+is+nb+nn+sv
data,sv,B1,916,Floh,blusa,Kirp,FAMILY_COPY_STRICT,fi+is+nb+nn+sv
data,it,B1,916,Floh,blusa,Blusa,FAMILY_COPY_STRICT,it+lb+nl+pt
data,lb,B1,916,Floh,blusa,Blusa,FAMILY_COPY_STRICT,it+lb+nl+pt
data,nl,B1,916,Floh,blusa,Blusa,FAMILY_COPY_STRICT,it+lb+nl+pt
data,pt,B1,916,Floh,blusa,Blusa,FAMILY_COPY_STRICT,it+lb+nl+pt
data,sq,B1,916,Floh,blusa,Pire,FAMILY_COPY_STRICT,sq+tr
data,tr,B1,916,Floh,blusa,Pire,FAMILY_COPY_STRICT,sq+tr
data,hr,B1,917,Floß,plosts,Сал,SCRIPT_MISMATCH,
data,hr,B1,917,Floß,plosts,Сал,MARKER_LEAK,foreign_script
data,it,B1,917,Floß,plosts,Plosts,SAME_AS_LV_CASEFOLD,casefold_only
data,lb,B1,917,Floß,plosts,Plosts,SAME_AS_LV_CASEFOLD,casefold_only
data,nl,B1,917,Floß,plosts,Plosts,SAME_AS_LV_CASEFOLD,casefold_only
data,sl,B1,917,Floß,plosts,plosts,SAME_AS_LV_CASEFOLD,exact
data,bg,B1,917,Floß,plosts,Сал,FAMILY_COPY_STRICT,bg+hr+mk+sr
data,hr,B1,917,Floß,plosts,Сал,FAMILY_COPY_STRICT,bg+hr+mk+sr
data,mk,B1,917,Floß,plosts,Сал,FAMILY_COPY_STRICT,bg+hr+mk+sr
data,sr,B1,917,Floß,plosts,Сал,FAMILY_COPY_STRICT,bg+hr+mk+sr
data,fi,B1,917,Floß,plosts,Parv,FAMILY_COPY_STRICT,fi+is+nb+nn+sv
data,is,B1,917,Floß,plosts,Parv,FAMILY_COPY_STRICT,fi+is+nb+nn+sv
data,nb,B1,917,Floß,plosts,Parv,FAMILY_COPY_STRICT,fi+is+nb+nn+sv
data,nn,B1,917,Floß,plosts,Parv,FAMILY_COPY_STRICT,fi+is+nb+nn+sv
data,sv,B1,917,Floß,plosts,Parv,FAMILY_COPY_STRICT,fi+is+nb+nn+sv
data,it,B1,917,Floß,plosts,Plosts,FAMILY_COPY_STRICT,it+lb+nl
data,lb,B1,917,Floß,plosts,Plosts,FAMILY_COPY_STRICT,it+lb+nl
data,nl,B1,917,Floß,plosts,Plosts,FAMILY_COPY_STRICT,it+lb+nl
data,pl,B1,917,Floß,plosts,Tratwa,FAMILY_COPY_STRICT,pl+sk
data,sk,B1,917,Floß,plosts,Tratwa,FAMILY_COPY_STRICT,pl+sk
data,sq,B1,917,Floß,plosts,Sal,FAMILY_COPY_STRICT,sq+tr
data,tr,B1,917,Floß,plosts,Sal,FAMILY_COPY_STRICT,sq+tr
data,bs,B1,918,Flöte,flauta,Flauta,SAME_AS_LV_CASEFOLD,casefold_only
data,es,B1,918,Flöte,flauta,flauta,SAME_AS_LV_CASEFOLD,exact
data,hr,B1,918,Flöte,flauta,Флейта,SCRIPT_MISMATCH,
data,hr,B1,918,Flöte,flauta,Флейта,MARKER_LEAK,foreign_script
data,sl,B1,918,Flöte,flauta,flauta,SAME_AS_LV_CASEFOLD,exact
data,bg,B1,918,Flöte,flauta,Флейта,FAMILY_COPY_STRICT,bg+hr+mk+ru+sr
data,hr,B1,918,Flöte,flauta,Флейта,FAMILY_COPY_STRICT,bg+hr+mk+ru+sr
data,mk,B1,918,Flöte,flauta,Флейта,FAMILY_COPY_STRICT,bg+hr+mk+ru+sr
data,ru,B1,918,Flöte,flauta,Флейта,FAMILY_COPY_STRICT,bg+hr+mk+ru+sr
data,sr,B1,918,Flöte,flauta,Флейта,FAMILY_COPY_STRICT,bg+hr+mk+ru+sr
data,fi,B1,918,Flöte,flauta,Flööt,FAMILY_COPY_STRICT,fi+is+nb+nn+sv
data,is,B1,918,Flöte,flauta,Flööt,FAMILY_COPY_STRICT,fi+is+nb+nn+sv
data,nb,B1,918,Flöte,flauta,Flööt,FAMILY_COPY_STRICT,fi+is+nb+nn+sv
data,nn,B1,918,Flöte,flauta,Flööt,FAMILY_COPY_STRICT,fi+is+nb+nn+sv
data,sv,B1,918,Flöte,flauta,Flööt,FAMILY_COPY_STRICT,fi+is+nb+nn+sv
data,it,B1,918,Flöte,flauta,Fluit,FAMILY_COPY_STRICT,it+lb+nl
data,lb,B1,918,Flöte,flauta,Fluit,FAMILY_COPY_STRICT,it+lb+nl
data,nl,B1,918,Flöte,flauta,Fluit,FAMILY_COPY_STRICT,it+lb+nl
data,pl,B1,918,Flöte,flauta,Flet,FAMILY_COPY_STRICT,pl+sk+sq+tr
data,sk,B1,918,Flöte,flauta,Flet,FAMILY_COPY_STRICT,pl+sk+sq+tr
data,sq,B1,918,Flöte,flauta,Flet,FAMILY_COPY_STRICT,pl+sk+sq+tr
data,tr,B1,918,Flöte,flauta,Flet,FAMILY_COPY_STRICT,pl+sk+sq+tr
data,fi,B1,919,fluchen,lamāties,Sõimlema,MARKER_LEAK,et_otilde
data,hr,B1,919,fluchen,lamāties,Заклевам се,SCRIPT_MISMATCH,
data,hr,B1,919,fluchen,lamāties,Заклевам се,MARKER_LEAK,foreign_script
data,is,B1,919,fluchen,lamāties,Sõimlema,MARKER_LEAK,et_otilde
data,it,B1,919,fluchen,lamāties,Lamāties,SAME_AS_LV_CASEFOLD,casefold_only
data,it,B1,919,fluchen,lamāties,Lamāties,LV_DIACRITIC,
data,it,B1,919,fluchen,lamāties,Lamāties,MARKER_LEAK,lv_macron_consonant
data,lb,B1,919,fluchen,lamāties,Lamāties,SAME_AS_LV_CASEFOLD,casefold_only
data,lb,B1,919,fluchen,lamāties,Lamāties,LV_DIACRITIC,
data,lb,B1,919,fluchen,lamāties,Lamāties,MARKER_LEAK,lv_macron_consonant
data,nb,B1,919,fluchen,lamāties,Sõimlema,MARKER_LEAK,et_otilde
data,nl,B1,919,fluchen,lamāties,Lamāties,SAME_AS_LV_CASEFOLD,casefold_only
data,nl,B1,919,fluchen,lamāties,Lamāties,LV_DIACRITIC,
data,nl,B1,919,fluchen,lamāties,Lamāties,MARKER_LEAK,lv_macron_consonant
data,nn,B1,919,fluchen,lamāties,Sõimlema,MARKER_LEAK,et_otilde
data,sl,B1,919,fluchen,lamāties,lamāties,SAME_AS_LV_CASEFOLD,exact
data,sl,B1,919,fluchen,lamāties,lamāties,LV_DIACRITIC,
data,sl,B1,919,fluchen,lamāties,lamāties,MARKER_LEAK,lv_macron_consonant
data,sv,B1,919,fluchen,lamāties,Sõimlema,MARKER_LEAK,et_otilde
data,bg,B1,919,fluchen,lamāties,Заклевам се,FAMILY_COPY_STRICT,bg+hr+mk+sr
data,hr,B1,919,fluchen,lamāties,Заклевам се,FAMILY_COPY_STRICT,bg+hr+mk+sr
data,mk,B1,919,fluchen,lamāties,Заклевам се,FAMILY_COPY_STRICT,bg+hr+mk+sr
data,sr,B1,919,fluchen,lamāties,Заклевам се,FAMILY_COPY_STRICT,bg+hr+mk+sr
data,fi,B1,919,fluchen,lamāties,Sõimlema,FAMILY_COPY_STRICT,fi+is+nb+nn+sv
data,is,B1,919,fluchen,lamāties,Sõimlema,FAMILY_COPY_STRICT,fi+is+nb+nn+sv
data,nb,B1,919,fluchen,lamāties,Sõimlema,FAMILY_COPY_STRICT,fi+is+nb+nn+sv
data,nn,B1,919,fluchen,lamāties,Sõimlema,FAMILY_COPY_STRICT,fi+is+nb+nn+sv
data,sv,B1,919,fluchen,lamāties,Sõimlema,FAMILY_COPY_STRICT,fi+is+nb+nn+sv
data,it,B1,919,fluchen,lamāties,Lamāties,FAMILY_COPY_STRICT,it+lb+nl
data,lb,B1,919,fluchen,lamāties,Lamāties,FAMILY_COPY_STRICT,it+lb+nl
data,nl,B1,919,fluchen,lamāties,Lamāties,FAMILY_COPY_STRICT,it+lb+nl
data,pl,B1,919,fluchen,lamāties,Przeklinać,FAMILY_COPY_STRICT,pl+sk
data,sk,B1,919,fluchen,lamāties,Przeklinać,FAMILY_COPY_STRICT,pl+sk
data,sq,B1,919,fluchen,lamāties,Küfür,FAMILY_COPY_STRICT,sq+tr
data,tr,B1,919,fluchen,lamāties,Küfür,FAMILY_COPY_STRICT,sq+tr
data,fi,B1,920,Flucht,bēgšana,Põgenemine,MARKER_LEAK,et_otilde
data,hr,B1,920,Flucht,bēgšana,Бягство,SCRIPT_MISMATCH,
data,hr,B1,920,Flucht,bēgšana,Бягство,MARKER_LEAK,foreign_script
data,is,B1,920,Flucht,bēgšana,Põgenemine,MARKER_LEAK,et_otilde
data,it,B1,920,Flucht,bēgšana,Bēgšana,SAME_AS_LV_CASEFOLD,casefold_only
data,it,B1,920,Flucht,bēgšana,Bēgšana,LV_DIACRITIC,
data,it,B1,920,Flucht,bēgšana,Bēgšana,MARKER_LEAK,lv_macron_consonant
data,lb,B1,920,Flucht,bēgšana,Bēgšana,SAME_AS_LV_CASEFOLD,casefold_only
data,lb,B1,920,Flucht,bēgšana,Bēgšana,LV_DIACRITIC,
data,lb,B1,920,Flucht,bēgšana,Bēgšana,MARKER_LEAK,lv_macron_consonant
data,nb,B1,920,Flucht,bēgšana,Põgenemine,MARKER_LEAK,et_otilde
data,nl,B1,920,Flucht,bēgšana,Bēgšana,SAME_AS_LV_CASEFOLD,casefold_only
data,nl,B1,920,Flucht,bēgšana,Bēgšana,LV_DIACRITIC,
data,nl,B1,920,Flucht,bēgšana,Bēgšana,MARKER_LEAK,lv_macron_consonant
data,nn,B1,920,Flucht,bēgšana,Põgenemine,MARKER_LEAK,et_otilde
data,pt,B1,920,Flucht,bēgšana,Bēgšana,SAME_AS_LV_CASEFOLD,casefold_only
data,pt,B1,920,Flucht,bēgšana,Bēgšana,LV_DIACRITIC,
data,pt,B1,920,Flucht,bēgšana,Bēgšana,MARKER_LEAK,lv_macron_consonant
data,sl,B1,920,Flucht,bēgšana,bēgšana,SAME_AS_LV_CASEFOLD,exact
data,sl,B1,920,Flucht,bēgšana,bēgšana,LV_DIACRITIC,
data,sl,B1,920,Flucht,bēgšana,bēgšana,MARKER_LEAK,lv_macron_consonant
data,sv,B1,920,Flucht,bēgšana,Põgenemine,MARKER_LEAK,et_otilde
data,bg,B1,920,Flucht,bēgšana,Бягство,FAMILY_COPY_STRICT,bg+hr+mk+sr
data,hr,B1,920,Flucht,bēgšana,Бягство,FAMILY_COPY_STRICT,bg+hr+mk+sr
data,mk,B1,920,Flucht,bēgšana,Бягство,FAMILY_COPY_STRICT,bg+hr+mk+sr
data,sr,B1,920,Flucht,bēgšana,Бягство,FAMILY_COPY_STRICT,bg+hr+mk+sr
data,fi,B1,920,Flucht,bēgšana,Põgenemine,FAMILY_COPY_STRICT,fi+is+nb+nn+sv
data,is,B1,920,Flucht,bēgšana,Põgenemine,FAMILY_COPY_STRICT,fi+is+nb+nn+sv
data,nb,B1,920,Flucht,bēgšana,Põgenemine,FAMILY_COPY_STRICT,fi+is+nb+nn+sv
data,nn,B1,920,Flucht,bēgšana,Põgenemine,FAMILY_COPY_STRICT,fi+is+nb+nn+sv
data,sv,B1,920,Flucht,bēgšana,Põgenemine,FAMILY_COPY_STRICT,fi+is+nb+nn+sv
data,it,B1,920,Flucht,bēgšana,Bēgšana,FAMILY_COPY_STRICT,it+lb+nl+pt
data,lb,B1,920,Flucht,bēgšana,Bēgšana,FAMILY_COPY_STRICT,it+lb+nl+pt
data,nl,B1,920,Flucht,bēgšana,Bēgšana,FAMILY_COPY_STRICT,it+lb+nl+pt
data,pt,B1,920,Flucht,bēgšana,Bēgšana,FAMILY_COPY_STRICT,it+lb+nl+pt
data,pl,B1,920,Flucht,bēgšana,Ucieczka,FAMILY_COPY_STRICT,pl+sk+sq+tr
data,sk,B1,920,Flucht,bēgšana,Ucieczka,FAMILY_COPY_STRICT,pl+sk+sq+tr
data,sq,B1,920,Flucht,bēgšana,Ucieczka,FAMILY_COPY_STRICT,pl+sk+sq+tr
data,tr,B1,920,Flucht,bēgšana,Ucieczka,FAMILY_COPY_STRICT,pl+sk+sq+tr
data,fi,B1,921,Flüchtling,bēglis,Põgenik,MARKER_LEAK,et_otilde
data,hr,B1,921,Flüchtling,bēglis,Бежанец,SCRIPT_MISMATCH,
data,hr,B1,921,Flüchtling,bēglis,Бежанец,MARKER_LEAK,foreign_script
data,is,B1,921,Flüchtling,bēglis,Põgenik,MARKER_LEAK,et_otilde
data,it,B1,921,Flüchtling,bēglis,Bēglis,SAME_AS_LV_CASEFOLD,casefold_only
data,it,B1,921,Flüchtling,bēglis,Bēglis,LV_DIACRITIC,
data,it,B1,921,Flüchtling,bēglis,Bēglis,MARKER_LEAK,lv_macron_consonant
data,lb,B1,921,Flüchtling,bēglis,Bēglis,SAME_AS_LV_CASEFOLD,casefold_only
data,lb,B1,921,Flüchtling,bēglis,Bēglis,LV_DIACRITIC,
data,lb,B1,921,Flüchtling,bēglis,Bēglis,MARKER_LEAK,lv_macron_consonant
data,nb,B1,921,Flüchtling,bēglis,Põgenik,MARKER_LEAK,et_otilde
data,nl,B1,921,Flüchtling,bēglis,Bēglis,SAME_AS_LV_CASEFOLD,casefold_only
data,nl,B1,921,Flüchtling,bēglis,Bēglis,LV_DIACRITIC,
data,nl,B1,921,Flüchtling,bēglis,Bēglis,MARKER_LEAK,lv_macron_consonant
data,nn,B1,921,Flüchtling,bēglis,Põgenik,MARKER_LEAK,et_otilde
data,sk,B1,921,Flüchtling,bēglis,Uchodźca,MARKER_LEAK,pl_l_s_z
data,sl,B1,921,Flüchtling,bēglis,bēglis,SAME_AS_LV_CASEFOLD,exact
data,sl,B1,921,Flüchtling,bēglis,bēglis,LV_DIACRITIC,
data,sl,B1,921,Flüchtling,bēglis,bēglis,MARKER_LEAK,lv_macron_consonant
data,sv,B1,921,Flüchtling,bēglis,Põgenik,MARKER_LEAK,et_otilde
data,bg,B1,921,Flüchtling,bēglis,Бежанец,FAMILY_COPY_STRICT,bg+hr+mk+sr
data,hr,B1,921,Flüchtling,bēglis,Бежанец,FAMILY_COPY_STRICT,bg+hr+mk+sr
data,mk,B1,921,Flüchtling,bēglis,Бежанец,FAMILY_COPY_STRICT,bg+hr+mk+sr
data,sr,B1,921,Flüchtling,bēglis,Бежанец,FAMILY_COPY_STRICT,bg+hr+mk+sr
data,fi,B1,921,Flüchtling,bēglis,Põgenik,FAMILY_COPY_STRICT,fi+is+nb+nn+sv
data,is,B1,921,Flüchtling,bēglis,Põgenik,FAMILY_COPY_STRICT,fi+is+nb+nn+sv
data,nb,B1,921,Flüchtling,bēglis,Põgenik,FAMILY_COPY_STRICT,fi+is+nb+nn+sv
data,nn,B1,921,Flüchtling,bēglis,Põgenik,FAMILY_COPY_STRICT,fi+is+nb+nn+sv
data,sv,B1,921,Flüchtling,bēglis,Põgenik,FAMILY_COPY_STRICT,fi+is+nb+nn+sv
data,it,B1,921,Flüchtling,bēglis,Bēglis,FAMILY_COPY_STRICT,it+lb+nl
data,lb,B1,921,Flüchtling,bēglis,Bēglis,FAMILY_COPY_STRICT,it+lb+nl
data,nl,B1,921,Flüchtling,bēglis,Bēglis,FAMILY_COPY_STRICT,it+lb+nl
data,pl,B1,921,Flüchtling,bēglis,Uchodźca,FAMILY_COPY_STRICT,pl+sk
data,sk,B1,921,Flüchtling,bēglis,Uchodźca,FAMILY_COPY_STRICT,pl+sk
data,sq,B1,921,Flüchtling,bēglis,Mülteci,FAMILY_COPY_STRICT,sq+tr
data,tr,B1,921,Flüchtling,bēglis,Mülteci,FAMILY_COPY_STRICT,sq+tr
data,hr,B1,922,Flügel,spārns,Крило,SCRIPT_MISMATCH,
data,hr,B1,922,Flügel,spārns,Крило,MARKER_LEAK,foreign_script
data,it,B1,922,Flügel,spārns,Spārns,SAME_AS_LV_CASEFOLD,casefold_only
data,it,B1,922,Flügel,spārns,Spārns,LV_DIACRITIC,
data,it,B1,922,Flügel,spārns,Spārns,MARKER_LEAK,lv_macron_consonant
data,lb,B1,922,Flügel,spārns,Spārns,SAME_AS_LV_CASEFOLD,casefold_only
data,lb,B1,922,Flügel,spārns,Spārns,LV_DIACRITIC,
data,lb,B1,922,Flügel,spārns,Spārns,MARKER_LEAK,lv_macron_consonant
data,nl,B1,922,Flügel,spārns,Spārns,SAME_AS_LV_CASEFOLD,casefold_only
data,nl,B1,922,Flügel,spārns,Spārns,LV_DIACRITIC,
data,nl,B1,922,Flügel,spārns,Spārns,MARKER_LEAK,lv_macron_consonant
data,sk,B1,922,Flügel,spārns,Skrzydło,MARKER_LEAK,pl_l_s_z
data,sl,B1,922,Flügel,spārns,spārns,SAME_AS_LV_CASEFOLD,exact
data,sl,B1,922,Flügel,spārns,spārns,LV_DIACRITIC,
data,sl,B1,922,Flügel,spārns,spārns,MARKER_LEAK,lv_macron_consonant
data,bg,B1,922,Flügel,spārns,Крило,FAMILY_COPY_STRICT,bg+hr+mk+sr
data,hr,B1,922,Flügel,spārns,Крило,FAMILY_COPY_STRICT,bg+hr+mk+sr
data,mk,B1,922,Flügel,spārns,Крило,FAMILY_COPY_STRICT,bg+hr+mk+sr
data,sr,B1,922,Flügel,spārns,Крило,FAMILY_COPY_STRICT,bg+hr+mk+sr
data,fi,B1,922,Flügel,spārns,Tiib,FAMILY_COPY_STRICT,fi+is+nb+nn+sv
data,is,B1,922,Flügel,spārns,Tiib,FAMILY_COPY_STRICT,fi+is+nb+nn+sv
data,nb,B1,922,Flügel,spārns,Tiib,FAMILY_COPY_STRICT,fi+is+nb+nn+sv
data,nn,B1,922,Flügel,spārns,Tiib,FAMILY_COPY_STRICT,fi+is+nb+nn+sv
data,sv,B1,922,Flügel,spārns,Tiib,FAMILY_COPY_STRICT,fi+is+nb+nn+sv
data,it,B1,922,Flügel,spārns,Spārns,FAMILY_COPY_STRICT,it+lb+nl
data,lb,B1,922,Flügel,spārns,Spārns,FAMILY_COPY_STRICT,it+lb+nl
data,nl,B1,922,Flügel,spārns,Spārns,FAMILY_COPY_STRICT,it+lb+nl
data,pl,B1,922,Flügel,spārns,Skrzydło,FAMILY_COPY_STRICT,pl+sk
data,sk,B1,922,Flügel,spārns,Skrzydło,FAMILY_COPY_STRICT,pl+sk
data,sq,B1,922,Flügel,spārns,Kanat,FAMILY_COPY_STRICT,sq+tr
data,tr,B1,922,Flügel,spārns,Kanat,FAMILY_COPY_STRICT,sq+tr
data,hr,B1,923,Fluggast,[lidmašīnas] pasažieris,[самолет] пътник,SCRIPT_MISMATCH,
data,hr,B1,923,Fluggast,[lidmašīnas] pasažieris,[самолет] пътник,MARKER_LEAK,foreign_script
data,it,B1,923,Fluggast,[lidmašīnas] pasažieris,[lidmašīnas] pasažieris,SAME_AS_LV_CASEFOLD,exact
data,it,B1,923,Fluggast,[lidmašīnas] pasažieris,[lidmašīnas] pasažieris,LV_DIACRITIC,
data,it,B1,923,Fluggast,[lidmašīnas] pasažieris,[lidmašīnas] pasažieris,MARKER_LEAK,lv_macron_consonant
data,lb,B1,923,Fluggast,[lidmašīnas] pasažieris,[lidmašīnas] pasažieris,SAME_AS_LV_CASEFOLD,exact
data,lb,B1,923,Fluggast,[lidmašīnas] pasažieris,[lidmašīnas] pasažieris,LV_DIACRITIC,
data,lb,B1,923,Fluggast,[lidmašīnas] pasažieris,[lidmašīnas] pasažieris,MARKER_LEAK,lv_macron_consonant
data,nl,B1,923,Fluggast,[lidmašīnas] pasažieris,[lidmašīnas] pasažieris,SAME_AS_LV_CASEFOLD,exact
data,nl,B1,923,Fluggast,[lidmašīnas] pasažieris,[lidmašīnas] pasažieris,LV_DIACRITIC,
data,nl,B1,923,Fluggast,[lidmašīnas] pasažieris,[lidmašīnas] pasažieris,MARKER_LEAK,lv_macron_consonant
data,pt,B1,923,Fluggast,[lidmašīnas] pasažieris,[lidmašīnas] Pasažieris,SAME_AS_LV_CASEFOLD,casefold_only
data,pt,B1,923,Fluggast,[lidmašīnas] pasažieris,[lidmašīnas] Pasažieris,LV_DIACRITIC,
data,pt,B1,923,Fluggast,[lidmašīnas] pasažieris,[lidmašīnas] Pasažieris,MARKER_LEAK,lv_macron_consonant
data,sk,B1,923,Fluggast,[lidmašīnas] pasažieris,Pasażer [samolotu].,MARKER_LEAK,pl_l_s_z
data,sq,B1,923,Fluggast,[lidmašīnas] pasažieris,[Uçağın] yolcusu.,MARKER_LEAK,tr_soft
data,bg,B1,923,Fluggast,[lidmašīnas] pasažieris,[самолет] пътник,FAMILY_COPY_STRICT,bg+hr+mk+sr
data,hr,B1,923,Fluggast,[lidmašīnas] pasažieris,[самолет] пътник,FAMILY_COPY_STRICT,bg+hr+mk+sr
data,mk,B1,923,Fluggast,[lidmašīnas] pasažieris,[самолет] пътник,FAMILY_COPY_STRICT,bg+hr+mk+sr
data,sr,B1,923,Fluggast,[lidmašīnas] pasažieris,[самолет] пътник,FAMILY_COPY_STRICT,bg+hr+mk+sr
data,fi,B1,923,Fluggast,[lidmašīnas] pasažieris,Lennureisija,FAMILY_COPY_STRICT,fi+is+nb+nn+sv
data,is,B1,923,Fluggast,[lidmašīnas] pasažieris,Lennureisija,FAMILY_COPY_STRICT,fi+is+nb+nn+sv
data,nb,B1,923,Fluggast,[lidmašīnas] pasažieris,Lennureisija,FAMILY_COPY_STRICT,fi+is+nb+nn+sv
data,nn,B1,923,Fluggast,[lidmašīnas] pasažieris,Lennureisija,FAMILY_COPY_STRICT,fi+is+nb+nn+sv
data,sv,B1,923,Fluggast,[lidmašīnas] pasažieris,Lennureisija,FAMILY_COPY_STRICT,fi+is+nb+nn+sv
data,pl,B1,923,Fluggast,[lidmašīnas] pasažieris,Pasażer [samolotu].,FAMILY_COPY_STRICT,pl+sk
data,sk,B1,923,Fluggast,[lidmašīnas] pasažieris,Pasażer [samolotu].,FAMILY_COPY_STRICT,pl+sk
data,sq,B1,923,Fluggast,[lidmašīnas] pasažieris,[Uçağın] yolcusu.,FAMILY_COPY_STRICT,sq+tr
data,tr,B1,923,Fluggast,[lidmašīnas] pasažieris,[Uçağın] yolcusu.,FAMILY_COPY_STRICT,sq+tr
data,hr,B1,924,Flugschein,lidmašīnas biļete,Авионски билет,SCRIPT_MISMATCH,
data,hr,B1,924,Flugschein,lidmašīnas biļete,Авионски билет,MARKER_LEAK,foreign_script
data,it,B1,924,Flugschein,lidmašīnas biļete,Lidmašīnas biļete,SAME_AS_LV_CASEFOLD,casefold_only
data,it,B1,924,Flugschein,lidmašīnas biļete,Lidmašīnas biļete,LV_DIACRITIC,
data,it,B1,924,Flugschein,lidmašīnas biļete,Lidmašīnas biļete,MARKER_LEAK,lv_macron_consonant
data,nl,B1,924,Flugschein,lidmašīnas biļete,Lidmašīnas biļete,SAME_AS_LV_CASEFOLD,casefold_only
data,nl,B1,924,Flugschein,lidmašīnas biļete,Lidmašīnas biļete,LV_DIACRITIC,
data,nl,B1,924,Flugschein,lidmašīnas biļete,Lidmašīnas biļete,MARKER_LEAK,lv_macron_consonant
data,pt,B1,924,Flugschein,lidmašīnas biļete,Lidmašīnas biļete,SAME_AS_LV_CASEFOLD,casefold_only
data,pt,B1,924,Flugschein,lidmašīnas biļete,Lidmašīnas biļete,LV_DIACRITIC,
data,pt,B1,924,Flugschein,lidmašīnas biļete,Lidmašīnas biļete,MARKER_LEAK,lv_macron_consonant
data,sl,B1,924,Flugschein,lidmašīnas biļete,lidmašīnas biļete,SAME_AS_LV_CASEFOLD,exact
data,sl,B1,924,Flugschein,lidmašīnas biļete,lidmašīnas biļete,LV_DIACRITIC,
data,sl,B1,924,Flugschein,lidmašīnas biļete,lidmašīnas biļete,MARKER_LEAK,lv_macron_consonant
data,fi,B1,924,Flugschein,lidmašīnas biļete,Lennupilet,FAMILY_COPY_STRICT,fi+is+nb+nn+sv
data,is,B1,924,Flugschein,lidmašīnas biļete,Lennupilet,FAMILY_COPY_STRICT,fi+is+nb+nn+sv
data,nb,B1,924,Flugschein,lidmašīnas biļete,Lennupilet,FAMILY_COPY_STRICT,fi+is+nb+nn+sv
data,nn,B1,924,Flugschein,lidmašīnas biļete,Lennupilet,FAMILY_COPY_STRICT,fi+is+nb+nn+sv
data,sv,B1,924,Flugschein,lidmašīnas biļete,Lennupilet,FAMILY_COPY_STRICT,fi+is+nb+nn+sv
data,hr,B1,924,Flugschein,lidmašīnas biļete,Авионски билет,FAMILY_COPY_STRICT,hr+mk+sr
data,mk,B1,924,Flugschein,lidmašīnas biļete,Авионски билет,FAMILY_COPY_STRICT,hr+mk+sr
data,sr,B1,924,Flugschein,lidmašīnas biļete,Авионски билет,FAMILY_COPY_STRICT,hr+mk+sr
data,it,B1,924,Flugschein,lidmašīnas biļete,Lidmašīnas biļete,FAMILY_COPY_STRICT,it+nl+pt
data,nl,B1,924,Flugschein,lidmašīnas biļete,Lidmašīnas biļete,FAMILY_COPY_STRICT,it+nl+pt
data,pt,B1,924,Flugschein,lidmašīnas biļete,Lidmašīnas biļete,FAMILY_COPY_STRICT,it+nl+pt
data,pl,B1,924,Flugschein,lidmašīnas biļete,Bilet lotniczy,FAMILY_COPY_STRICT,pl+sk+sq+tr
data,sk,B1,924,Flugschein,lidmašīnas biļete,Bilet lotniczy,FAMILY_COPY_STRICT,pl+sk+sq+tr
data,sq,B1,924,Flugschein,lidmašīnas biļete,Bilet lotniczy,FAMILY_COPY_STRICT,pl+sk+sq+tr
data,tr,B1,924,Flugschein,lidmašīnas biļete,Bilet lotniczy,FAMILY_COPY_STRICT,pl+sk+sq+tr
data,hr,B1,925,flüssig,šķidrs,Течност,SCRIPT_MISMATCH,
data,hr,B1,925,flüssig,šķidrs,Течност,MARKER_LEAK,foreign_script
data,it,B1,925,flüssig,šķidrs,Š .idrs,LV_DIACRITIC,
data,lb,B1,925,flüssig,šķidrs,Šķidrs,SAME_AS_LV_CASEFOLD,casefold_only
data,lb,B1,925,flüssig,šķidrs,Šķidrs,LV_DIACRITIC,
data,lb,B1,925,flüssig,šķidrs,Šķidrs,MARKER_LEAK,lv_macron_consonant
data,nl,B1,925,flüssig,šķidrs,Šķidrs,SAME_AS_LV_CASEFOLD,casefold_only
data,nl,B1,925,flüssig,šķidrs,Šķidrs,LV_DIACRITIC,
data,nl,B1,925,flüssig,šķidrs,Šķidrs,MARKER_LEAK,lv_macron_consonant
data,pt,B1,925,flüssig,šķidrs,Š .idrs,LV_DIACRITIC,
data,sl,B1,925,flüssig,šķidrs,šķidrs,SAME_AS_LV_CASEFOLD,exact
data,sl,B1,925,flüssig,šķidrs,šķidrs,LV_DIACRITIC,
data,sl,B1,925,flüssig,šķidrs,šķidrs,MARKER_LEAK,lv_macron_consonant
data,sq,B1,925,flüssig,šķidrs,Sıvı,MARKER_LEAK,tr_soft
data,bg,B1,925,flüssig,šķidrs,Течност,FAMILY_COPY_STRICT,bg+hr+mk+sr
data,hr,B1,925,flüssig,šķidrs,Течност,FAMILY_COPY_STRICT,bg+hr+mk+sr
data,mk,B1,925,flüssig,šķidrs,Течност,FAMILY_COPY_STRICT,bg+hr+mk+sr
data,sr,B1,925,flüssig,šķidrs,Течност,FAMILY_COPY_STRICT,bg+hr+mk+sr
data,fi,B1,925,flüssig,šķidrs,Vedel,FAMILY_COPY_STRICT,fi+sv
data,sv,B1,925,flüssig,šķidrs,Vedel,FAMILY_COPY_STRICT,fi+sv
data,is,B1,925,flüssig,šķidrs,Tre,FAMILY_COPY_STRICT,is+nb+nn
data,nb,B1,925,flüssig,šķidrs,Tre,FAMILY_COPY_STRICT,is+nb+nn
data,nn,B1,925,flüssig,šķidrs,Tre,FAMILY_COPY_STRICT,is+nb+nn
data,it,B1,925,flüssig,šķidrs,Š .idrs,FAMILY_COPY_STRICT,it+pt
data,pt,B1,925,flüssig,šķidrs,Š .idrs,FAMILY_COPY_STRICT,it+pt
data,lb,B1,925,flüssig,šķidrs,Šķidrs,FAMILY_COPY_STRICT,lb+nl
data,nl,B1,925,flüssig,šķidrs,Šķidrs,FAMILY_COPY_STRICT,lb+nl
data,sq,B1,925,flüssig,šķidrs,Sıvı,FAMILY_COPY_STRICT,sq+tr
data,tr,B1,925,flüssig,šķidrs,Sıvı,FAMILY_COPY_STRICT,sq+tr
data,hr,B1,926,Flüssigkeit,šķidrums,Течност,SCRIPT_MISMATCH,
data,hr,B1,926,Flüssigkeit,šķidrums,Течност,MARKER_LEAK,foreign_script
data,it,B1,926,Flüssigkeit,šķidrums,Šķidrums,SAME_AS_LV_CASEFOLD,casefold_only
data,it,B1,926,Flüssigkeit,šķidrums,Šķidrums,LV_DIACRITIC,
data,it,B1,926,Flüssigkeit,šķidrums,Šķidrums,MARKER_LEAK,lv_macron_consonant
data,lb,B1,926,Flüssigkeit,šķidrums,Šķidrums,SAME_AS_LV_CASEFOLD,casefold_only
data,lb,B1,926,Flüssigkeit,šķidrums,Šķidrums,LV_DIACRITIC,
data,lb,B1,926,Flüssigkeit,šķidrums,Šķidrums,MARKER_LEAK,lv_macron_consonant
data,nl,B1,926,Flüssigkeit,šķidrums,Šķidrums,SAME_AS_LV_CASEFOLD,casefold_only
data,nl,B1,926,Flüssigkeit,šķidrums,Šķidrums,LV_DIACRITIC,
data,nl,B1,926,Flüssigkeit,šķidrums,Šķidrums,MARKER_LEAK,lv_macron_consonant
data,pt,B1,926,Flüssigkeit,šķidrums,Šķidrums,SAME_AS_LV_CASEFOLD,casefold_only
data,pt,B1,926,Flüssigkeit,šķidrums,Šķidrums,LV_DIACRITIC,
data,pt,B1,926,Flüssigkeit,šķidrums,Šķidrums,MARKER_LEAK,lv_macron_consonant
data,sl,B1,926,Flüssigkeit,šķidrums,šķidrums,SAME_AS_LV_CASEFOLD,exact
data,sl,B1,926,Flüssigkeit,šķidrums,šķidrums,LV_DIACRITIC,
data,sl,B1,926,Flüssigkeit,šķidrums,šķidrums,MARKER_LEAK,lv_macron_consonant
data,sq,B1,926,Flüssigkeit,šķidrums,Sıvı,MARKER_LEAK,tr_soft
data,bg,B1,926,Flüssigkeit,šķidrums,Течност,FAMILY_COPY_STRICT,bg+hr+mk+sr
data,hr,B1,926,Flüssigkeit,šķidrums,Течност,FAMILY_COPY_STRICT,bg+hr+mk+sr
data,mk,B1,926,Flüssigkeit,šķidrums,Течност,FAMILY_COPY_STRICT,bg+hr+mk+sr
data,sr,B1,926,Flüssigkeit,šķidrums,Течност,FAMILY_COPY_STRICT,bg+hr+mk+sr
data,fi,B1,926,Flüssigkeit,šķidrums,Vedelik,FAMILY_COPY_STRICT,fi+is+nb+nn+sv
data,is,B1,926,Flüssigkeit,šķidrums,Vedelik,FAMILY_COPY_STRICT,fi+is+nb+nn+sv
data,nb,B1,926,Flüssigkeit,šķidrums,Vedelik,FAMILY_COPY_STRICT,fi+is+nb+nn+sv
data,nn,B1,926,Flüssigkeit,šķidrums,Vedelik,FAMILY_COPY_STRICT,fi+is+nb+nn+sv
data,sv,B1,926,Flüssigkeit,šķidrums,Vedelik,FAMILY_COPY_STRICT,fi+is+nb+nn+sv
data,it,B1,926,Flüssigkeit,šķidrums,Šķidrums,FAMILY_COPY_STRICT,it+lb+nl+pt
data,lb,B1,926,Flüssigkeit,šķidrums,Šķidrums,FAMILY_COPY_STRICT,it+lb+nl+pt
data,nl,B1,926,Flüssigkeit,šķidrums,Šķidrums,FAMILY_COPY_STRICT,it+lb+nl+pt
data,pt,B1,926,Flüssigkeit,šķidrums,Šķidrums,FAMILY_COPY_STRICT,it+lb+nl+pt
data,sq,B1,926,Flüssigkeit,šķidrums,Sıvı,FAMILY_COPY_STRICT,sq+tr
data,tr,B1,926,Flüssigkeit,šķidrums,Sıvı,FAMILY_COPY_STRICT,sq+tr
data,hr,B1,927,Flut,plūdi,Наводнение,SCRIPT_MISMATCH,
data,hr,B1,927,Flut,plūdi,Наводнение,MARKER_LEAK,foreign_script
data,it,B1,927,Flut,plūdi,Plūdi,SAME_AS_LV_CASEFOLD,casefold_only
data,it,B1,927,Flut,plūdi,Plūdi,LV_DIACRITIC,
data,it,B1,927,Flut,plūdi,Plūdi,MARKER_LEAK,lv_u_macron
data,lb,B1,927,Flut,plūdi,Plūdi,SAME_AS_LV_CASEFOLD,casefold_only
data,lb,B1,927,Flut,plūdi,Plūdi,LV_DIACRITIC,
data,lb,B1,927,Flut,plūdi,Plūdi,MARKER_LEAK,lv_u_macron
data,nl,B1,927,Flut,plūdi,Plūdi,SAME_AS_LV_CASEFOLD,casefold_only
data,nl,B1,927,Flut,plūdi,Plūdi,LV_DIACRITIC,
data,nl,B1,927,Flut,plūdi,Plūdi,MARKER_LEAK,lv_u_macron
data,sl,B1,927,Flut,plūdi,plūdi,SAME_AS_LV_CASEFOLD,exact
data,sl,B1,927,Flut,plūdi,plūdi,LV_DIACRITIC,
data,sl,B1,927,Flut,plūdi,plūdi,MARKER_LEAK,lv_u_macron
data,bg,B1,927,Flut,plūdi,Наводнение,FAMILY_COPY_STRICT,bg+hr+mk+ru+sr
data,hr,B1,927,Flut,plūdi,Наводнение,FAMILY_COPY_STRICT,bg+hr+mk+ru+sr
data,mk,B1,927,Flut,plūdi,Наводнение,FAMILY_COPY_STRICT,bg+hr+mk+ru+sr
data,ru,B1,927,Flut,plūdi,Наводнение,FAMILY_COPY_STRICT,bg+hr+mk+ru+sr
data,sr,B1,927,Flut,plūdi,Наводнение,FAMILY_COPY_STRICT,bg+hr+mk+ru+sr
data,cs,B1,927,Flut,plūdi,Povodeň,FAMILY_COPY_STRICT,cs+sk
data,sk,B1,927,Flut,plūdi,Povodeň,FAMILY_COPY_STRICT,cs+sk
data,fi,B1,927,Flut,plūdi,Üleujutus,FAMILY_COPY_STRICT,fi+is+nb+nn+sv
data,is,B1,927,Flut,plūdi,Üleujutus,FAMILY_COPY_STRICT,fi+is+nb+nn+sv
data,nb,B1,927,Flut,plūdi,Üleujutus,FAMILY_COPY_STRICT,fi+is+nb+nn+sv
data,nn,B1,927,Flut,plūdi,Üleujutus,FAMILY_COPY_STRICT,fi+is+nb+nn+sv
data,sv,B1,927,Flut,plūdi,Üleujutus,FAMILY_COPY_STRICT,fi+is+nb+nn+sv
data,it,B1,927,Flut,plūdi,Plūdi,FAMILY_COPY_STRICT,it+lb+nl
data,lb,B1,927,Flut,plūdi,Plūdi,FAMILY_COPY_STRICT,it+lb+nl
data,nl,B1,927,Flut,plūdi,Plūdi,FAMILY_COPY_STRICT,it+lb+nl
data,sq,B1,927,Flut,plūdi,Sel basmak,FAMILY_COPY_STRICT,sq+tr
data,tr,B1,927,Flut,plūdi,Sel basmak,FAMILY_COPY_STRICT,sq+tr
data,hr,B1,928,Fohlen,kumeļš,Жребче,SCRIPT_MISMATCH,
data,hr,B1,928,Fohlen,kumeļš,Жребче,MARKER_LEAK,foreign_script
data,it,B1,928,Fohlen,kumeļš,Kumešš,LV_DIACRITIC,
data,lb,B1,928,Fohlen,kumeļš,Kumeļš,SAME_AS_LV_CASEFOLD,casefold_only
data,lb,B1,928,Fohlen,kumeļš,Kumeļš,LV_DIACRITIC,
data,lb,B1,928,Fohlen,kumeļš,Kumeļš,MARKER_LEAK,lv_macron_consonant
data,nl,B1,928,Fohlen,kumeļš,Kumeļš,SAME_AS_LV_CASEFOLD,casefold_only
data,nl,B1,928,Fohlen,kumeļš,Kumeļš,LV_DIACRITIC,
data,nl,B1,928,Fohlen,kumeļš,Kumeļš,MARKER_LEAK,lv_macron_consonant
data,pt,B1,928,Fohlen,kumeļš,Kumešš,LV_DIACRITIC,
data,sl,B1,928,Fohlen,kumeļš,kumeļš,SAME_AS_LV_CASEFOLD,exact
data,sl,B1,928,Fohlen,kumeļš,kumeļš,LV_DIACRITIC,
data,sl,B1,928,Fohlen,kumeļš,kumeļš,MARKER_LEAK,lv_macron_consonant
data,bg,B1,928,Fohlen,kumeļš,Жребче,FAMILY_COPY_STRICT,bg+hr+mk+sr
data,hr,B1,928,Fohlen,kumeļš,Жребче,FAMILY_COPY_STRICT,bg+hr+mk+sr
data,mk,B1,928,Fohlen,kumeļš,Жребче,FAMILY_COPY_STRICT,bg+hr+mk+sr
data,sr,B1,928,Fohlen,kumeļš,Жребче,FAMILY_COPY_STRICT,bg+hr+mk+sr
data,fi,B1,928,Fohlen,kumeļš,Varss,FAMILY_COPY_STRICT,fi+is+nb+nn+sv
data,is,B1,928,Fohlen,kumeļš,Varss,FAMILY_COPY_STRICT,fi+is+nb+nn+sv
data,nb,B1,928,Fohlen,kumeļš,Varss,FAMILY_COPY_STRICT,fi+is+nb+nn+sv
data,nn,B1,928,Fohlen,kumeļš,Varss,FAMILY_COPY_STRICT,fi+is+nb+nn+sv
data,sv,B1,928,Fohlen,kumeļš,Varss,FAMILY_COPY_STRICT,fi+is+nb+nn+sv
data,it,B1,928,Fohlen,kumeļš,Kumešš,FAMILY_COPY_STRICT,it+pt
data,pt,B1,928,Fohlen,kumeļš,Kumešš,FAMILY_COPY_STRICT,it+pt
data,lb,B1,928,Fohlen,kumeļš,Kumeļš,FAMILY_COPY_STRICT,lb+nl
data,nl,B1,928,Fohlen,kumeļš,Kumeļš,FAMILY_COPY_STRICT,lb+nl
data,sq,B1,928,Fohlen,kumeļš,Tay,FAMILY_COPY_STRICT,sq+tr
data,tr,B1,928,Fohlen,kumeļš,Tay,FAMILY_COPY_STRICT,sq+tr
data,hr,B1,929,Folge,sekas,Последици,SCRIPT_MISMATCH,
data,hr,B1,929,Folge,sekas,Последици,MARKER_LEAK,foreign_script
data,it,B1,929,Folge,sekas,Sekas,SAME_AS_LV_CASEFOLD,casefold_only
data,lb,B1,929,Folge,sekas,Sekas,SAME_AS_LV_CASEFOLD,casefold_only
data,nl,B1,929,Folge,sekas,Sekas,SAME_AS_LV_CASEFOLD,casefold_only
data,pt,B1,929,Folge,sekas,Sekas,SAME_AS_LV_CASEFOLD,casefold_only
data,sl,B1,929,Folge,sekas,sekas,SAME_AS_LV_CASEFOLD,exact
data,bg,B1,929,Folge,sekas,Последици,FAMILY_COPY_STRICT,bg+hr+mk+sr
data,hr,B1,929,Folge,sekas,Последици,FAMILY_COPY_STRICT,bg+hr+mk+sr
data,mk,B1,929,Folge,sekas,Последици,FAMILY_COPY_STRICT,bg+hr+mk+sr
data,sr,B1,929,Folge,sekas,Последици,FAMILY_COPY_STRICT,bg+hr+mk+sr
data,fi,B1,929,Folge,sekas,Tagajärg,FAMILY_COPY_STRICT,fi+is+nb+nn+sv
data,is,B1,929,Folge,sekas,Tagajärg,FAMILY_COPY_STRICT,fi+is+nb+nn+sv
data,nb,B1,929,Folge,sekas,Tagajärg,FAMILY_COPY_STRICT,fi+is+nb+nn+sv
data,nn,B1,929,Folge,sekas,Tagajärg,FAMILY_COPY_STRICT,fi+is+nb+nn+sv
data,sv,B1,929,Folge,sekas,Tagajärg,FAMILY_COPY_STRICT,fi+is+nb+nn+sv
data,it,B1,929,Folge,sekas,Sekas,FAMILY_COPY_STRICT,it+lb+nl+pt
data,lb,B1,929,Folge,sekas,Sekas,FAMILY_COPY_STRICT,it+lb+nl+pt
data,nl,B1,929,Folge,sekas,Sekas,FAMILY_COPY_STRICT,it+lb+nl+pt
data,pt,B1,929,Folge,sekas,Sekas,FAMILY_COPY_STRICT,it+lb+nl+pt
data,pl,B1,929,Folge,sekas,Konsekwencje,FAMILY_COPY_STRICT,pl+sk
data,sk,B1,929,Folge,sekas,Konsekwencje,FAMILY_COPY_STRICT,pl+sk
data,sq,B1,929,Folge,sekas,Sonuçlar,FAMILY_COPY_STRICT,sq+tr
data,tr,B1,929,Folge,sekas,Sonuçlar,FAMILY_COPY_STRICT,sq+tr
data,hr,B1,930,Folie,alumīnija folija,Алуминиево фолио,SCRIPT_MISMATCH,
data,hr,B1,930,Folie,alumīnija folija,Алуминиево фолио,MARKER_LEAK,foreign_script
data,it,B1,930,Folie,alumīnija folija,Alumīnija folija,SAME_AS_LV_CASEFOLD,casefold_only
data,it,B1,930,Folie,alumīnija folija,Alumīnija folija,LV_DIACRITIC,
data,it,B1,930,Folie,alumīnija folija,Alumīnija folija,MARKER_LEAK,lv_macron_consonant
data,lb,B1,930,Folie,alumīnija folija,Alumīnija folija,SAME_AS_LV_CASEFOLD,casefold_only
data,lb,B1,930,Folie,alumīnija folija,Alumīnija folija,LV_DIACRITIC,
data,lb,B1,930,Folie,alumīnija folija,Alumīnija folija,MARKER_LEAK,lv_macron_consonant
data,nl,B1,930,Folie,alumīnija folija,Alumīnija folija,SAME_AS_LV_CASEFOLD,casefold_only
data,nl,B1,930,Folie,alumīnija folija,Alumīnija folija,LV_DIACRITIC,
data,nl,B1,930,Folie,alumīnija folija,Alumīnija folija,MARKER_LEAK,lv_macron_consonant
data,sl,B1,930,Folie,alumīnija folija,alumīnija folija,SAME_AS_LV_CASEFOLD,exact
data,sl,B1,930,Folie,alumīnija folija,alumīnija folija,LV_DIACRITIC,
data,sl,B1,930,Folie,alumīnija folija,alumīnija folija,MARKER_LEAK,lv_macron_consonant
data,bg,B1,930,Folie,alumīnija folija,Алуминиево фолио,FAMILY_COPY_STRICT,bg+hr+mk+sr
data,hr,B1,930,Folie,alumīnija folija,Алуминиево фолио,FAMILY_COPY_STRICT,bg+hr+mk+sr
data,mk,B1,930,Folie,alumīnija folija,Алуминиево фолио,FAMILY_COPY_STRICT,bg+hr+mk+sr
data,sr,B1,930,Folie,alumīnija folija,Алуминиево фолио,FAMILY_COPY_STRICT,bg+hr+mk+sr
data,fi,B1,930,Folie,alumīnija folija,Foolium,FAMILY_COPY_STRICT,fi+is+nb+nn+sv
data,is,B1,930,Folie,alumīnija folija,Foolium,FAMILY_COPY_STRICT,fi+is+nb+nn+sv
data,nb,B1,930,Folie,alumīnija folija,Foolium,FAMILY_COPY_STRICT,fi+is+nb+nn+sv
data,nn,B1,930,Folie,alumīnija folija,Foolium,FAMILY_COPY_STRICT,fi+is+nb+nn+sv
data,sv,B1,930,Folie,alumīnija folija,Foolium,FAMILY_COPY_STRICT,fi+is+nb+nn+sv
data,it,B1,930,Folie,alumīnija folija,Alumīnija folija,FAMILY_COPY_STRICT,it+lb+nl
data,lb,B1,930,Folie,alumīnija folija,Alumīnija folija,FAMILY_COPY_STRICT,it+lb+nl
data,nl,B1,930,Folie,alumīnija folija,Alumīnija folija,FAMILY_COPY_STRICT,it+lb+nl
data,pl,B1,930,Folie,alumīnija folija,Folia aluminiowa,FAMILY_COPY_STRICT,pl+sk+sq+tr
data,sk,B1,930,Folie,alumīnija folija,Folia aluminiowa,FAMILY_COPY_STRICT,pl+sk+sq+tr
data,sq,B1,930,Folie,alumīnija folija,Folia aluminiowa,FAMILY_COPY_STRICT,pl+sk+sq+tr
data,tr,B1,930,Folie,alumīnija folija,Folia aluminiowa,FAMILY_COPY_STRICT,pl+sk+sq+tr
data,fi,B1,931,fordern,pieprasīt,Nõudma,MARKER_LEAK,et_otilde
data,is,B1,931,fordern,pieprasīt,Nõudma,MARKER_LEAK,et_otilde
data,it,B1,931,fordern,pieprasīt,Pieprasīt,SAME_AS_LV_CASEFOLD,casefold_only
data,it,B1,931,fordern,pieprasīt,Pieprasīt,LV_DIACRITIC,
data,it,B1,931,fordern,pieprasīt,Pieprasīt,MARKER_LEAK,lv_macron_consonant
data,lb,B1,931,fordern,pieprasīt,Pieprasīt,SAME_AS_LV_CASEFOLD,casefold_only
data,lb,B1,931,fordern,pieprasīt,Pieprasīt,LV_DIACRITIC,
data,lb,B1,931,fordern,pieprasīt,Pieprasīt,MARKER_LEAK,lv_macron_consonant
data,nb,B1,931,fordern,pieprasīt,Nõudma,MARKER_LEAK,et_otilde
data,nl,B1,931,fordern,pieprasīt,Pieprasīt,SAME_AS_LV_CASEFOLD,casefold_only
data,nl,B1,931,fordern,pieprasīt,Pieprasīt,LV_DIACRITIC,
data,nl,B1,931,fordern,pieprasīt,Pieprasīt,MARKER_LEAK,lv_macron_consonant
data,nn,B1,931,fordern,pieprasīt,Nõudma,MARKER_LEAK,et_otilde
data,sl,B1,931,fordern,pieprasīt,pieprasīt,SAME_AS_LV_CASEFOLD,exact
data,sl,B1,931,fordern,pieprasīt,pieprasīt,LV_DIACRITIC,
data,sl,B1,931,fordern,pieprasīt,pieprasīt,MARKER_LEAK,lv_macron_consonant
data,sr,B1,931,fordern,pieprasīt,Zovi,SCRIPT_MISMATCH,sr_as_cyrillic
data,sr,B1,931,fordern,pieprasīt,Zovi,MARKER_LEAK,latin_in_cyrillic
data,sv,B1,931,fordern,pieprasīt,Nõudma,MARKER_LEAK,et_otilde
data,fi,B1,931,fordern,pieprasīt,Nõudma,FAMILY_COPY_STRICT,fi+is+nb+nn+sv
data,is,B1,931,fordern,pieprasīt,Nõudma,FAMILY_COPY_STRICT,fi+is+nb+nn+sv
data,nb,B1,931,fordern,pieprasīt,Nõudma,FAMILY_COPY_STRICT,fi+is+nb+nn+sv
data,nn,B1,931,fordern,pieprasīt,Nõudma,FAMILY_COPY_STRICT,fi+is+nb+nn+sv
data,sv,B1,931,fordern,pieprasīt,Nõudma,FAMILY_COPY_STRICT,fi+is+nb+nn+sv
data,hr,B1,931,fordern,pieprasīt,Zovi,FAMILY_COPY_STRICT,hr+sr
data,sr,B1,931,fordern,pieprasīt,Zovi,FAMILY_COPY_STRICT,hr+sr
data,it,B1,931,fordern,pieprasīt,Pieprasīt,FAMILY_COPY_STRICT,it+lb+nl
data,lb,B1,931,fordern,pieprasīt,Pieprasīt,FAMILY_COPY_STRICT,it+lb+nl
data,nl,B1,931,fordern,pieprasīt,Pieprasīt,FAMILY_COPY_STRICT,it+lb+nl
data,pl,B1,931,fordern,pieprasīt,Poprosić,FAMILY_COPY_STRICT,pl+sk
data,sk,B1,931,fordern,pieprasīt,Poprosić,FAMILY_COPY_STRICT,pl+sk
data,sq,B1,931,fordern,pieprasīt,Sormak,FAMILY_COPY_STRICT,sq+tr
data,tr,B1,931,fordern,pieprasīt,Sormak,FAMILY_COPY_STRICT,sq+tr
data,hr,B1,932,fördern,veicināt,Насърчаване,SCRIPT_MISMATCH,
data,hr,B1,932,fördern,veicināt,Насърчаване,MARKER_LEAK,foreign_script
data,it,B1,932,fördern,veicināt,Veicināt,SAME_AS_LV_CASEFOLD,casefold_only
data,it,B1,932,fördern,veicināt,Veicināt,LV_DIACRITIC,
data,it,B1,932,fördern,veicināt,Veicināt,MARKER_LEAK,lv_macron_consonant
data,nl,B1,932,fördern,veicināt,Veicināt,SAME_AS_LV_CASEFOLD,casefold_only
data,nl,B1,932,fördern,veicināt,Veicināt,LV_DIACRITIC,
data,nl,B1,932,fördern,veicināt,Veicināt,MARKER_LEAK,lv_macron_consonant
data,sl,B1,932,fördern,veicināt,veicināt,SAME_AS_LV_CASEFOLD,exact
data,sl,B1,932,fördern,veicināt,veicināt,LV_DIACRITIC,
data,sl,B1,932,fördern,veicināt,veicināt,MARKER_LEAK,lv_macron_consonant
data,bg,B1,932,fördern,veicināt,Насърчаване,FAMILY_COPY_STRICT,bg+hr+mk+sr
data,hr,B1,932,fördern,veicināt,Насърчаване,FAMILY_COPY_STRICT,bg+hr+mk+sr
data,mk,B1,932,fördern,veicināt,Насърчаване,FAMILY_COPY_STRICT,bg+hr+mk+sr
data,sr,B1,932,fördern,veicināt,Насърчаване,FAMILY_COPY_STRICT,bg+hr+mk+sr
data,fi,B1,932,fördern,veicināt,Edendama,FAMILY_COPY_STRICT,fi+is+nb+nn+sv
data,is,B1,932,fördern,veicināt,Edendama,FAMILY_COPY_STRICT,fi+is+nb+nn+sv
data,nb,B1,932,fördern,veicināt,Edendama,FAMILY_COPY_STRICT,fi+is+nb+nn+sv
data,nn,B1,932,fördern,veicināt,Edendama,FAMILY_COPY_STRICT,fi+is+nb+nn+sv
data,sv,B1,932,fördern,veicināt,Edendama,FAMILY_COPY_STRICT,fi+is+nb+nn+sv
data,it,B1,932,fördern,veicināt,Veicināt,FAMILY_COPY_STRICT,it+nl
data,nl,B1,932,fördern,veicināt,Veicināt,FAMILY_COPY_STRICT,it+nl
data,pl,B1,932,fördern,veicināt,Promować,FAMILY_COPY_STRICT,pl+sk
data,sk,B1,932,fördern,veicināt,Promować,FAMILY_COPY_STRICT,pl+sk
data,sq,B1,932,fördern,veicināt,Terfi,FAMILY_COPY_STRICT,sq+tr
data,tr,B1,932,fördern,veicināt,Terfi,FAMILY_COPY_STRICT,sq+tr
data,hr,B1,933,formatieren,formatēt,Формат,SCRIPT_MISMATCH,
data,hr,B1,933,formatieren,formatēt,Формат,MARKER_LEAK,foreign_script
data,it,B1,933,formatieren,formatēt,Formatēt,SAME_AS_LV_CASEFOLD,casefold_only
data,it,B1,933,formatieren,formatēt,Formatēt,LV_DIACRITIC,
data,it,B1,933,formatieren,formatēt,Formatēt,MARKER_LEAK,lv_macron_consonant
data,lb,B1,933,formatieren,formatēt,Formatēt,SAME_AS_LV_CASEFOLD,casefold_only
data,lb,B1,933,formatieren,formatēt,Formatēt,LV_DIACRITIC,
data,lb,B1,933,formatieren,formatēt,Formatēt,MARKER_LEAK,lv_macron_consonant
data,nl,B1,933,formatieren,formatēt,Formatēt,SAME_AS_LV_CASEFOLD,casefold_only
data,nl,B1,933,formatieren,formatēt,Formatēt,LV_DIACRITIC,
data,nl,B1,933,formatieren,formatēt,Formatēt,MARKER_LEAK,lv_macron_consonant
data,sl,B1,933,formatieren,formatēt,formatēt,SAME_AS_LV_CASEFOLD,exact
data,sl,B1,933,formatieren,formatēt,formatēt,LV_DIACRITIC,
data,sl,B1,933,formatieren,formatēt,formatēt,MARKER_LEAK,lv_macron_consonant
data,bg,B1,933,formatieren,formatēt,Формат,FAMILY_COPY_STRICT,bg+hr+mk+ru+sr
data,hr,B1,933,formatieren,formatēt,Формат,FAMILY_COPY_STRICT,bg+hr+mk+ru+sr
data,mk,B1,933,formatieren,formatēt,Формат,FAMILY_COPY_STRICT,bg+hr+mk+ru+sr
data,ru,B1,933,formatieren,formatēt,Формат,FAMILY_COPY_STRICT,bg+hr+mk+ru+sr
data,sr,B1,933,formatieren,formatēt,Формат,FAMILY_COPY_STRICT,bg+hr+mk+ru+sr
data,fi,B1,933,formatieren,formatēt,Vormindama,FAMILY_COPY_STRICT,fi+is+nb+nn+sv
data,is,B1,933,formatieren,formatēt,Vormindama,FAMILY_COPY_STRICT,fi+is+nb+nn+sv
data,nb,B1,933,formatieren,formatēt,Vormindama,FAMILY_COPY_STRICT,fi+is+nb+nn+sv
data,nn,B1,933,formatieren,formatēt,Vormindama,FAMILY_COPY_STRICT,fi+is+nb+nn+sv
data,sv,B1,933,formatieren,formatēt,Vormindama,FAMILY_COPY_STRICT,fi+is+nb+nn+sv
data,it,B1,933,formatieren,formatēt,Formatēt,FAMILY_COPY_STRICT,it+lb+nl
data,lb,B1,933,formatieren,formatēt,Formatēt,FAMILY_COPY_STRICT,it+lb+nl
data,nl,B1,933,formatieren,formatēt,Formatēt,FAMILY_COPY_STRICT,it+lb+nl
data,it,B1,934,forschen,pētīt,Pētīt,SAME_AS_LV_CASEFOLD,casefold_only
data,it,B1,934,forschen,pētīt,Pētīt,LV_DIACRITIC,
data,it,B1,934,forschen,pētīt,Pētīt,MARKER_LEAK,lv_macron_consonant
data,lb,B1,934,forschen,pētīt,Pētīt,SAME_AS_LV_CASEFOLD,casefold_only
data,lb,B1,934,forschen,pētīt,Pētīt,LV_DIACRITIC,
data,lb,B1,934,forschen,pētīt,Pētīt,MARKER_LEAK,lv_macron_consonant
data,nl,B1,934,forschen,pētīt,Pētīt,SAME_AS_LV_CASEFOLD,casefold_only
data,nl,B1,934,forschen,pētīt,Pētīt,LV_DIACRITIC,
data,nl,B1,934,forschen,pētīt,Pētīt,MARKER_LEAK,lv_macron_consonant
data,sl,B1,934,forschen,pētīt,pētīt,SAME_AS_LV_CASEFOLD,exact
data,sl,B1,934,forschen,pētīt,pētīt,LV_DIACRITIC,
data,sl,B1,934,forschen,pētīt,pētīt,MARKER_LEAK,lv_macron_consonant
data,sq,B1,934,forschen,pētīt,Çalışmak,MARKER_LEAK,tr_soft
data,sr,B1,934,forschen,pētīt,Raziskave,SCRIPT_MISMATCH,sr_as_cyrillic
data,sr,B1,934,forschen,pētīt,Raziskave,MARKER_LEAK,latin_in_cyrillic
data,bg,B1,934,forschen,pētīt,Проучване,FAMILY_COPY_STRICT,bg+mk
data,mk,B1,934,forschen,pētīt,Проучване,FAMILY_COPY_STRICT,bg+mk
data,fi,B1,934,forschen,pētīt,Uurima,FAMILY_COPY_STRICT,fi+is+nb+nn+sv
data,is,B1,934,forschen,pētīt,Uurima,FAMILY_COPY_STRICT,fi+is+nb+nn+sv
data,nb,B1,934,forschen,pētīt,Uurima,FAMILY_COPY_STRICT,fi+is+nb+nn+sv
data,nn,B1,934,forschen,pētīt,Uurima,FAMILY_COPY_STRICT,fi+is+nb+nn+sv
data,sv,B1,934,forschen,pētīt,Uurima,FAMILY_COPY_STRICT,fi+is+nb+nn+sv
data,hr,B1,934,forschen,pētīt,Raziskave,FAMILY_COPY_STRICT,hr+sr
data,sr,B1,934,forschen,pētīt,Raziskave,FAMILY_COPY_STRICT,hr+sr
data,it,B1,934,forschen,pētīt,Pētīt,FAMILY_COPY_STRICT,it+lb+nl
data,lb,B1,934,forschen,pētīt,Pētīt,FAMILY_COPY_STRICT,it+lb+nl
data,nl,B1,934,forschen,pētīt,Pētīt,FAMILY_COPY_STRICT,it+lb+nl
data,pl,B1,934,forschen,pētīt,Studiować,FAMILY_COPY_STRICT,pl+sk
data,sk,B1,934,forschen,pētīt,Studiować,FAMILY_COPY_STRICT,pl+sk
data,sq,B1,934,forschen,pētīt,Çalışmak,FAMILY_COPY_STRICT,sq+tr
data,tr,B1,934,forschen,pētīt,Çalışmak,FAMILY_COPY_STRICT,sq+tr
data,hr,B1,935,Forscher,pētnieks,Изследовател,SCRIPT_MISMATCH,
data,hr,B1,935,Forscher,pētnieks,Изследовател,MARKER_LEAK,foreign_script
data,it,B1,935,Forscher,pētnieks,Pētnieks,SAME_AS_LV_CASEFOLD,casefold_only
data,it,B1,935,Forscher,pētnieks,Pētnieks,LV_DIACRITIC,
data,it,B1,935,Forscher,pētnieks,Pētnieks,MARKER_LEAK,lv_macron_consonant
data,lb,B1,935,Forscher,pētnieks,Pētnieks,SAME_AS_LV_CASEFOLD,casefold_only
data,lb,B1,935,Forscher,pētnieks,Pētnieks,LV_DIACRITIC,
data,lb,B1,935,Forscher,pētnieks,Pētnieks,MARKER_LEAK,lv_macron_consonant
data,nl,B1,935,Forscher,pētnieks,Pētnieks,SAME_AS_LV_CASEFOLD,casefold_only
data,nl,B1,935,Forscher,pētnieks,Pētnieks,LV_DIACRITIC,
data,nl,B1,935,Forscher,pētnieks,Pētnieks,MARKER_LEAK,lv_macron_consonant
data,sl,B1,935,Forscher,pētnieks,pētnieks,SAME_AS_LV_CASEFOLD,exact
data,sl,B1,935,Forscher,pētnieks,pētnieks,LV_DIACRITIC,
data,sl,B1,935,Forscher,pētnieks,pētnieks,MARKER_LEAK,lv_macron_consonant
data,bg,B1,935,Forscher,pētnieks,Изследовател,FAMILY_COPY_STRICT,bg+hr+mk+sr
data,hr,B1,935,Forscher,pētnieks,Изследовател,FAMILY_COPY_STRICT,bg+hr+mk+sr
data,mk,B1,935,Forscher,pētnieks,Изследовател,FAMILY_COPY_STRICT,bg+hr+mk+sr
data,sr,B1,935,Forscher,pētnieks,Изследовател,FAMILY_COPY_STRICT,bg+hr+mk+sr
data,fi,B1,935,Forscher,pētnieks,Teadlane,FAMILY_COPY_STRICT,fi+is+nb+nn+sv
data,is,B1,935,Forscher,pētnieks,Teadlane,FAMILY_COPY_STRICT,fi+is+nb+nn+sv
data,nb,B1,935,Forscher,pētnieks,Teadlane,FAMILY_COPY_STRICT,fi+is+nb+nn+sv
data,nn,B1,935,Forscher,pētnieks,Teadlane,FAMILY_COPY_STRICT,fi+is+nb+nn+sv
data,sv,B1,935,Forscher,pētnieks,Teadlane,FAMILY_COPY_STRICT,fi+is+nb+nn+sv
data,it,B1,935,Forscher,pētnieks,Pētnieks,FAMILY_COPY_STRICT,it+lb+nl
data,lb,B1,935,Forscher,pētnieks,Pētnieks,FAMILY_COPY_STRICT,it+lb+nl
data,nl,B1,935,Forscher,pētnieks,Pētnieks,FAMILY_COPY_STRICT,it+lb+nl
data,pl,B1,935,Forscher,pētnieks,Badacz,FAMILY_COPY_STRICT,pl+sk+sq+tr
data,sk,B1,935,Forscher,pētnieks,Badacz,FAMILY_COPY_STRICT,pl+sk+sq+tr
data,sq,B1,935,Forscher,pētnieks,Badacz,FAMILY_COPY_STRICT,pl+sk+sq+tr
data,tr,B1,935,Forscher,pētnieks,Badacz,FAMILY_COPY_STRICT,pl+sk+sq+tr
data,hr,B1,936,fortbleiben,neierasties,Не доаѓај,SCRIPT_MISMATCH,
data,hr,B1,936,fortbleiben,neierasties,Не доаѓај,MARKER_LEAK,foreign_script
data,it,B1,936,fortbleiben,neierasties,Neierasties,SAME_AS_LV_CASEFOLD,casefold_only
data,nl,B1,936,fortbleiben,neierasties,Neierasties,SAME_AS_LV_CASEFOLD,casefold_only
data,pt,B1,936,fortbleiben,neierasties,Neierasties,SAME_AS_LV_CASEFOLD,casefold_only
data,sk,B1,936,fortbleiben,neierasties,Nie przychodź,MARKER_LEAK,pl_l_s_z
data,sl,B1,936,fortbleiben,neierasties,neierasties,SAME_AS_LV_CASEFOLD,exact
data,fi,B1,936,fortbleiben,neierasties,Puuduma,FAMILY_COPY_STRICT,fi+sv
data,sv,B1,936,fortbleiben,neierasties,Puuduma,FAMILY_COPY_STRICT,fi+sv
data,hr,B1,936,fortbleiben,neierasties,Не доаѓај,FAMILY_COPY_STRICT,hr+mk+sr
data,mk,B1,936,fortbleiben,neierasties,Не доаѓај,FAMILY_COPY_STRICT,hr+mk+sr
data,sr,B1,936,fortbleiben,neierasties,Не доаѓај,FAMILY_COPY_STRICT,hr+mk+sr
data,is,B1,936,fortbleiben,neierasties,Doukuma,FAMILY_COPY_STRICT,is+nb+nn
data,nb,B1,936,fortbleiben,neierasties,Doukuma,FAMILY_COPY_STRICT,is+nb+nn
data,nn,B1,936,fortbleiben,neierasties,Doukuma,FAMILY_COPY_STRICT,is+nb+nn
data,it,B1,936,fortbleiben,neierasties,Neierasties,FAMILY_COPY_STRICT,it+nl+pt
data,nl,B1,936,fortbleiben,neierasties,Neierasties,FAMILY_COPY_STRICT,it+nl+pt
data,pt,B1,936,fortbleiben,neierasties,Neierasties,FAMILY_COPY_STRICT,it+nl+pt
data,pl,B1,936,fortbleiben,neierasties,Nie przychodź,FAMILY_COPY_STRICT,pl+sk
data,sk,B1,936,fortbleiben,neierasties,Nie przychodź,FAMILY_COPY_STRICT,pl+sk
data,hr,B1,937,fortfahren,turpināt,Продължи,SCRIPT_MISMATCH,
data,hr,B1,937,fortfahren,turpināt,Продължи,MARKER_LEAK,foreign_script
data,it,B1,937,fortfahren,turpināt,Turpināt,SAME_AS_LV_CASEFOLD,casefold_only
data,it,B1,937,fortfahren,turpināt,Turpināt,LV_DIACRITIC,
data,it,B1,937,fortfahren,turpināt,Turpināt,MARKER_LEAK,lv_macron_consonant
data,lb,B1,937,fortfahren,turpināt,Turpināt,SAME_AS_LV_CASEFOLD,casefold_only
data,lb,B1,937,fortfahren,turpināt,Turpināt,LV_DIACRITIC,
data,lb,B1,937,fortfahren,turpināt,Turpināt,MARKER_LEAK,lv_macron_consonant
data,nl,B1,937,fortfahren,turpināt,Turpināt,SAME_AS_LV_CASEFOLD,casefold_only
data,nl,B1,937,fortfahren,turpināt,Turpināt,LV_DIACRITIC,
data,nl,B1,937,fortfahren,turpināt,Turpināt,MARKER_LEAK,lv_macron_consonant
data,sl,B1,937,fortfahren,turpināt,turpināt,SAME_AS_LV_CASEFOLD,exact
data,sl,B1,937,fortfahren,turpināt,turpināt,LV_DIACRITIC,
data,sl,B1,937,fortfahren,turpināt,turpināt,MARKER_LEAK,lv_macron_consonant
data,bg,B1,937,fortfahren,turpināt,Продължи,FAMILY_COPY_STRICT,bg+hr+mk+sr
data,hr,B1,937,fortfahren,turpināt,Продължи,FAMILY_COPY_STRICT,bg+hr+mk+sr
data,mk,B1,937,fortfahren,turpināt,Продължи,FAMILY_COPY_STRICT,bg+hr+mk+sr
data,sr,B1,937,fortfahren,turpināt,Продължи,FAMILY_COPY_STRICT,bg+hr+mk+sr
data,fi,B1,937,fortfahren,turpināt,Jätkama,FAMILY_COPY_STRICT,fi+is+nb+nn+sv
data,is,B1,937,fortfahren,turpināt,Jätkama,FAMILY_COPY_STRICT,fi+is+nb+nn+sv
data,nb,B1,937,fortfahren,turpināt,Jätkama,FAMILY_COPY_STRICT,fi+is+nb+nn+sv
data,nn,B1,937,fortfahren,turpināt,Jätkama,FAMILY_COPY_STRICT,fi+is+nb+nn+sv
data,sv,B1,937,fortfahren,turpināt,Jätkama,FAMILY_COPY_STRICT,fi+is+nb+nn+sv
data,it,B1,937,fortfahren,turpināt,Turpināt,FAMILY_COPY_STRICT,it+lb+nl
data,lb,B1,937,fortfahren,turpināt,Turpināt,FAMILY_COPY_STRICT,it+lb+nl
data,nl,B1,937,fortfahren,turpināt,Turpināt,FAMILY_COPY_STRICT,it+lb+nl
data,pl,B1,937,fortfahren,turpināt,Kontynuować,FAMILY_COPY_STRICT,pl+sk
data,sk,B1,937,fortfahren,turpināt,Kontynuować,FAMILY_COPY_STRICT,pl+sk
data,sq,B1,937,fortfahren,turpināt,Devam etmek için,FAMILY_COPY_STRICT,sq+tr
data,tr,B1,937,fortfahren,turpināt,Devam etmek için,FAMILY_COPY_STRICT,sq+tr
data,hr,B1,938,fortlaufen,aizskriet,Бягайте,SCRIPT_MISMATCH,
data,hr,B1,938,fortlaufen,aizskriet,Бягайте,MARKER_LEAK,foreign_script
data,it,B1,938,fortlaufen,aizskriet,Aizskriet,SAME_AS_LV_CASEFOLD,casefold_only
data,lb,B1,938,fortlaufen,aizskriet,Aizskriet,SAME_AS_LV_CASEFOLD,casefold_only
data,nl,B1,938,fortlaufen,aizskriet,Aizskriet,SAME_AS_LV_CASEFOLD,casefold_only
data,pt,B1,938,fortlaufen,aizskriet,Aizskriet,SAME_AS_LV_CASEFOLD,casefold_only
data,sl,B1,938,fortlaufen,aizskriet,aizskriet,SAME_AS_LV_CASEFOLD,exact
data,sq,B1,938,fortlaufen,aizskriet,Kaçış,MARKER_LEAK,tr_soft
data,bg,B1,938,fortlaufen,aizskriet,Бягайте,FAMILY_COPY_STRICT,bg+hr+mk+sr
data,hr,B1,938,fortlaufen,aizskriet,Бягайте,FAMILY_COPY_STRICT,bg+hr+mk+sr
data,mk,B1,938,fortlaufen,aizskriet,Бягайте,FAMILY_COPY_STRICT,bg+hr+mk+sr
data,sr,B1,938,fortlaufen,aizskriet,Бягайте,FAMILY_COPY_STRICT,bg+hr+mk+sr
data,fi,B1,938,fortlaufen,aizskriet,Ära jooksma,FAMILY_COPY_STRICT,fi+is+nb+nn+sv
data,is,B1,938,fortlaufen,aizskriet,Ära jooksma,FAMILY_COPY_STRICT,fi+is+nb+nn+sv
data,nb,B1,938,fortlaufen,aizskriet,Ära jooksma,FAMILY_COPY_STRICT,fi+is+nb+nn+sv
data,nn,B1,938,fortlaufen,aizskriet,Ära jooksma,FAMILY_COPY_STRICT,fi+is+nb+nn+sv
data,sv,B1,938,fortlaufen,aizskriet,Ära jooksma,FAMILY_COPY_STRICT,fi+is+nb+nn+sv
data,it,B1,938,fortlaufen,aizskriet,Aizskriet,FAMILY_COPY_STRICT,it+lb+nl+pt
data,lb,B1,938,fortlaufen,aizskriet,Aizskriet,FAMILY_COPY_STRICT,it+lb+nl+pt
data,nl,B1,938,fortlaufen,aizskriet,Aizskriet,FAMILY_COPY_STRICT,it+lb+nl+pt
data,pt,B1,938,fortlaufen,aizskriet,Aizskriet,FAMILY_COPY_STRICT,it+lb+nl+pt
data,sq,B1,938,fortlaufen,aizskriet,Kaçış,FAMILY_COPY_STRICT,sq+tr
data,tr,B1,938,fortlaufen,aizskriet,Kaçış,FAMILY_COPY_STRICT,sq+tr
data,en,B1,939,Fortschritt,progress,Progress,SAME_AS_LV_CASEFOLD,casefold_only
data,hr,B1,939,Fortschritt,progress,Напредок,SCRIPT_MISMATCH,
data,hr,B1,939,Fortschritt,progress,Напредок,MARKER_LEAK,foreign_script
data,it,B1,939,Fortschritt,progress,Progress,SAME_AS_LV_CASEFOLD,casefold_only
data,lb,B1,939,Fortschritt,progress,Progress,SAME_AS_LV_CASEFOLD,casefold_only
data,nl,B1,939,Fortschritt,progress,Progress,SAME_AS_LV_CASEFOLD,casefold_only
data,sk,B1,939,Fortschritt,progress,Postęp,MARKER_LEAK,pl_lt_nasal
data,sl,B1,939,Fortschritt,progress,progress,SAME_AS_LV_CASEFOLD,exact
data,sq,B1,939,Fortschritt,progress,İlerlemek,MARKER_LEAK,tr_soft
data,en,B1,939,Fortschritt,progress,Progress,FAMILY_COPY_STRICT,en+it+lb+nl
data,it,B1,939,Fortschritt,progress,Progress,FAMILY_COPY_STRICT,en+it+lb+nl
data,lb,B1,939,Fortschritt,progress,Progress,FAMILY_COPY_STRICT,en+it+lb+nl
data,nl,B1,939,Fortschritt,progress,Progress,FAMILY_COPY_STRICT,en+it+lb+nl
data,fi,B1,939,Fortschritt,progress,Edu,FAMILY_COPY_STRICT,fi+sv
data,sv,B1,939,Fortschritt,progress,Edu,FAMILY_COPY_STRICT,fi+sv
data,hr,B1,939,Fortschritt,progress,Напредок,FAMILY_COPY_STRICT,hr+mk+sr
data,mk,B1,939,Fortschritt,progress,Напредок,FAMILY_COPY_STRICT,hr+mk+sr
data,sr,B1,939,Fortschritt,progress,Напредок,FAMILY_COPY_STRICT,hr+mk+sr
data,is,B1,939,Fortschritt,progress,Ed,FAMILY_COPY_STRICT,is+nb+nn
data,nb,B1,939,Fortschritt,progress,Ed,FAMILY_COPY_STRICT,is+nb+nn
data,nn,B1,939,Fortschritt,progress,Ed,FAMILY_COPY_STRICT,is+nb+nn
data,pl,B1,939,Fortschritt,progress,Postęp,FAMILY_COPY_STRICT,pl+sk
data,sk,B1,939,Fortschritt,progress,Postęp,FAMILY_COPY_STRICT,pl+sk
data,sq,B1,939,Fortschritt,progress,İlerlemek,FAMILY_COPY_STRICT,sq+tr
data,tr,B1,939,Fortschritt,progress,İlerlemek,FAMILY_COPY_STRICT,sq+tr
data,hr,B1,940,fortsetzen,turpināt,Продължи,SCRIPT_MISMATCH,
data,hr,B1,940,fortsetzen,turpināt,Продължи,MARKER_LEAK,foreign_script
data,it,B1,940,fortsetzen,turpināt,Turpināt,SAME_AS_LV_CASEFOLD,casefold_only
data,it,B1,940,fortsetzen,turpināt,Turpināt,LV_DIACRITIC,
data,it,B1,940,fortsetzen,turpināt,Turpināt,MARKER_LEAK,lv_macron_consonant
data,lb,B1,940,fortsetzen,turpināt,Turpināt,SAME_AS_LV_CASEFOLD,casefold_only
data,lb,B1,940,fortsetzen,turpināt,Turpināt,LV_DIACRITIC,
data,lb,B1,940,fortsetzen,turpināt,Turpināt,MARKER_LEAK,lv_macron_consonant
data,nl,B1,940,fortsetzen,turpināt,Turpināt,SAME_AS_LV_CASEFOLD,casefold_only
data,nl,B1,940,fortsetzen,turpināt,Turpināt,LV_DIACRITIC,
data,nl,B1,940,fortsetzen,turpināt,Turpināt,MARKER_LEAK,lv_macron_consonant
data,sl,B1,940,fortsetzen,turpināt,turpināt,SAME_AS_LV_CASEFOLD,exact
data,sl,B1,940,fortsetzen,turpināt,turpināt,LV_DIACRITIC,
data,sl,B1,940,fortsetzen,turpināt,turpināt,MARKER_LEAK,lv_macron_consonant
data,bg,B1,940,fortsetzen,turpināt,Продължи,FAMILY_COPY_STRICT,bg+hr+mk+sr
data,hr,B1,940,fortsetzen,turpināt,Продължи,FAMILY_COPY_STRICT,bg+hr+mk+sr
data,mk,B1,940,fortsetzen,turpināt,Продължи,FAMILY_COPY_STRICT,bg+hr+mk+sr
data,sr,B1,940,fortsetzen,turpināt,Продължи,FAMILY_COPY_STRICT,bg+hr+mk+sr
data,fi,B1,940,fortsetzen,turpināt,Jätkama,FAMILY_COPY_STRICT,fi+is+nb+nn+sv
data,is,B1,940,fortsetzen,turpināt,Jätkama,FAMILY_COPY_STRICT,fi+is+nb+nn+sv
data,nb,B1,940,fortsetzen,turpināt,Jätkama,FAMILY_COPY_STRICT,fi+is+nb+nn+sv
data,nn,B1,940,fortsetzen,turpināt,Jätkama,FAMILY_COPY_STRICT,fi+is+nb+nn+sv
data,sv,B1,940,fortsetzen,turpināt,Jätkama,FAMILY_COPY_STRICT,fi+is+nb+nn+sv
data,it,B1,940,fortsetzen,turpināt,Turpināt,FAMILY_COPY_STRICT,it+lb+nl
data,lb,B1,940,fortsetzen,turpināt,Turpināt,FAMILY_COPY_STRICT,it+lb+nl
data,nl,B1,940,fortsetzen,turpināt,Turpināt,FAMILY_COPY_STRICT,it+lb+nl
data,pl,B1,940,fortsetzen,turpināt,Kontynuować,FAMILY_COPY_STRICT,pl+sk
data,sk,B1,940,fortsetzen,turpināt,Kontynuować,FAMILY_COPY_STRICT,pl+sk
data,sq,B1,940,fortsetzen,turpināt,Devam etmek için,FAMILY_COPY_STRICT,sq+tr
data,tr,B1,940,fortsetzen,turpināt,Devam etmek için,FAMILY_COPY_STRICT,sq+tr
data,hr,B1,941,Frauenarzt,ginekologs,Гинеколог,SCRIPT_MISMATCH,
data,hr,B1,941,Frauenarzt,ginekologs,Гинеколог,MARKER_LEAK,foreign_script
data,it,B1,941,Frauenarzt,ginekologs,Ginekologs,SAME_AS_LV_CASEFOLD,casefold_only
data,lb,B1,941,Frauenarzt,ginekologs,Ginekologs,SAME_AS_LV_CASEFOLD,casefold_only
data,nl,B1,941,Frauenarzt,ginekologs,Ginekologs,SAME_AS_LV_CASEFOLD,casefold_only
data,sl,B1,941,Frauenarzt,ginekologs,ginekologs,SAME_AS_LV_CASEFOLD,exact
data,bg,B1,941,Frauenarzt,ginekologs,Гинеколог,FAMILY_COPY_STRICT,bg+hr+mk+ru+sr
data,hr,B1,941,Frauenarzt,ginekologs,Гинеколог,FAMILY_COPY_STRICT,bg+hr+mk+ru+sr
data,mk,B1,941,Frauenarzt,ginekologs,Гинеколог,FAMILY_COPY_STRICT,bg+hr+mk+ru+sr
data,ru,B1,941,Frauenarzt,ginekologs,Гинеколог,FAMILY_COPY_STRICT,bg+hr+mk+ru+sr
data,sr,B1,941,Frauenarzt,ginekologs,Гинеколог,FAMILY_COPY_STRICT,bg+hr+mk+ru+sr
data,bs,B1,941,Frauenarzt,ginekologs,Ginekolog,FAMILY_COPY_STRICT,bs+pl+sq+tr
data,pl,B1,941,Frauenarzt,ginekologs,Ginekolog,FAMILY_COPY_STRICT,bs+pl+sq+tr
data,sq,B1,941,Frauenarzt,ginekologs,Ginekolog,FAMILY_COPY_STRICT,bs+pl+sq+tr
data,tr,B1,941,Frauenarzt,ginekologs,Ginekolog,FAMILY_COPY_STRICT,bs+pl+sq+tr
data,fi,B1,941,Frauenarzt,ginekologs,Günekoloog,FAMILY_COPY_STRICT,fi+is+nb+nn+sv
data,is,B1,941,Frauenarzt,ginekologs,Günekoloog,FAMILY_COPY_STRICT,fi+is+nb+nn+sv
data,nb,B1,941,Frauenarzt,ginekologs,Günekoloog,FAMILY_COPY_STRICT,fi+is+nb+nn+sv
data,nn,B1,941,Frauenarzt,ginekologs,Günekoloog,FAMILY_COPY_STRICT,fi+is+nb+nn+sv
data,sv,B1,941,Frauenarzt,ginekologs,Günekoloog,FAMILY_COPY_STRICT,fi+is+nb+nn+sv
data,it,B1,941,Frauenarzt,ginekologs,Ginekologs,FAMILY_COPY_STRICT,it+lb+nl
data,lb,B1,941,Frauenarzt,ginekologs,Ginekologs,FAMILY_COPY_STRICT,it+lb+nl
data,nl,B1,941,Frauenarzt,ginekologs,Ginekologs,FAMILY_COPY_STRICT,it+lb+nl
data,hr,B1,942,Frauenmannschaft,sieviešu komanda,Женски тим,SCRIPT_MISMATCH,
data,hr,B1,942,Frauenmannschaft,sieviešu komanda,Женски тим,MARKER_LEAK,foreign_script
data,it,B1,942,Frauenmannschaft,sieviešu komanda,Sieviešu komanda,SAME_AS_LV_CASEFOLD,casefold_only
data,it,B1,942,Frauenmannschaft,sieviešu komanda,Sieviešu komanda,LV_DIACRITIC,
data,lb,B1,942,Frauenmannschaft,sieviešu komanda,Sieviešu komanda,SAME_AS_LV_CASEFOLD,casefold_only
data,lb,B1,942,Frauenmannschaft,sieviešu komanda,Sieviešu komanda,LV_DIACRITIC,
data,nl,B1,942,Frauenmannschaft,sieviešu komanda,Sieviešu komanda,SAME_AS_LV_CASEFOLD,casefold_only
data,nl,B1,942,Frauenmannschaft,sieviešu komanda,Sieviešu komanda,LV_DIACRITIC,
data,pt,B1,942,Frauenmannschaft,sieviešu komanda,Comando Sieviešu,LV_DIACRITIC,
data,sk,B1,942,Frauenmannschaft,sieviešu komanda,Drużyna kobiet,MARKER_LEAK,pl_l_s_z
data,sl,B1,942,Frauenmannschaft,sieviešu komanda,sieviešu komanda,SAME_AS_LV_CASEFOLD,exact
data,sq,B1,942,Frauenmannschaft,sieviešu komanda,Drużyna kobiet,MARKER_LEAK,pl_l_s_z
data,tr,B1,942,Frauenmannschaft,sieviešu komanda,Drużyna kobiet,MARKER_LEAK,pl_l_s_z
data,fi,B1,942,Frauenmannschaft,sieviešu komanda,Naiskond,FAMILY_COPY_STRICT,fi+is+nb+nn+sv
data,is,B1,942,Frauenmannschaft,sieviešu komanda,Naiskond,FAMILY_COPY_STRICT,fi+is+nb+nn+sv
data,nb,B1,942,Frauenmannschaft,sieviešu komanda,Naiskond,FAMILY_COPY_STRICT,fi+is+nb+nn+sv
data,nn,B1,942,Frauenmannschaft,sieviešu komanda,Naiskond,FAMILY_COPY_STRICT,fi+is+nb+nn+sv
data,sv,B1,942,Frauenmannschaft,sieviešu komanda,Naiskond,FAMILY_COPY_STRICT,fi+is+nb+nn+sv
data,hr,B1,942,Frauenmannschaft,sieviešu komanda,Женски тим,FAMILY_COPY_STRICT,hr+mk+sr
data,mk,B1,942,Frauenmannschaft,sieviešu komanda,Женски тим,FAMILY_COPY_STRICT,hr+mk+sr
data,sr,B1,942,Frauenmannschaft,sieviešu komanda,Женски тим,FAMILY_COPY_STRICT,hr+mk+sr
data,it,B1,942,Frauenmannschaft,sieviešu komanda,Sieviešu komanda,FAMILY_COPY_STRICT,it+lb+nl
data,lb,B1,942,Frauenmannschaft,sieviešu komanda,Sieviešu komanda,FAMILY_COPY_STRICT,it+lb+nl
data,nl,B1,942,Frauenmannschaft,sieviešu komanda,Sieviešu komanda,FAMILY_COPY_STRICT,it+lb+nl
data,pl,B1,942,Frauenmannschaft,sieviešu komanda,Drużyna kobiet,FAMILY_COPY_STRICT,pl+sk+sq+tr
data,sk,B1,942,Frauenmannschaft,sieviešu komanda,Drużyna kobiet,FAMILY_COPY_STRICT,pl+sk+sq+tr
data,sq,B1,942,Frauenmannschaft,sieviešu komanda,Drużyna kobiet,FAMILY_COPY_STRICT,pl+sk+sq+tr
data,tr,B1,942,Frauenmannschaft,sieviešu komanda,Drużyna kobiet,FAMILY_COPY_STRICT,pl+sk+sq+tr
data,hr,B1,943,frech,nekaunīgs,Безсрамен,SCRIPT_MISMATCH,
data,hr,B1,943,frech,nekaunīgs,Безсрамен,MARKER_LEAK,foreign_script
data,it,B1,943,frech,nekaunīgs,Nekaunīgs,SAME_AS_LV_CASEFOLD,casefold_only
data,it,B1,943,frech,nekaunīgs,Nekaunīgs,LV_DIACRITIC,
data,it,B1,943,frech,nekaunīgs,Nekaunīgs,MARKER_LEAK,lv_macron_consonant
data,lb,B1,943,frech,nekaunīgs,Nekaunīgs,SAME_AS_LV_CASEFOLD,casefold_only
data,lb,B1,943,frech,nekaunīgs,Nekaunīgs,LV_DIACRITIC,
data,lb,B1,943,frech,nekaunīgs,Nekaunīgs,MARKER_LEAK,lv_macron_consonant
data,nl,B1,943,frech,nekaunīgs,Nekaunīgs,SAME_AS_LV_CASEFOLD,casefold_only
data,nl,B1,943,frech,nekaunīgs,Nekaunīgs,LV_DIACRITIC,
data,nl,B1,943,frech,nekaunīgs,Nekaunīgs,MARKER_LEAK,lv_macron_consonant
data,sl,B1,943,frech,nekaunīgs,nekaunīgs,SAME_AS_LV_CASEFOLD,exact
data,sl,B1,943,frech,nekaunīgs,nekaunīgs,LV_DIACRITIC,
data,sl,B1,943,frech,nekaunīgs,nekaunīgs,MARKER_LEAK,lv_macron_consonant
data,bg,B1,943,frech,nekaunīgs,Безсрамен,FAMILY_COPY_STRICT,bg+hr+mk+sr
data,hr,B1,943,frech,nekaunīgs,Безсрамен,FAMILY_COPY_STRICT,bg+hr+mk+sr
data,mk,B1,943,frech,nekaunīgs,Безсрамен,FAMILY_COPY_STRICT,bg+hr+mk+sr
data,sr,B1,943,frech,nekaunīgs,Безсрамен,FAMILY_COPY_STRICT,bg+hr+mk+sr
data,fi,B1,943,frech,nekaunīgs,Häbematu,FAMILY_COPY_STRICT,fi+is+nb+nn+sv
data,is,B1,943,frech,nekaunīgs,Häbematu,FAMILY_COPY_STRICT,fi+is+nb+nn+sv
data,nb,B1,943,frech,nekaunīgs,Häbematu,FAMILY_COPY_STRICT,fi+is+nb+nn+sv
data,nn,B1,943,frech,nekaunīgs,Häbematu,FAMILY_COPY_STRICT,fi+is+nb+nn+sv
data,sv,B1,943,frech,nekaunīgs,Häbematu,FAMILY_COPY_STRICT,fi+is+nb+nn+sv
data,it,B1,943,frech,nekaunīgs,Nekaunīgs,FAMILY_COPY_STRICT,it+lb+nl
data,lb,B1,943,frech,nekaunīgs,Nekaunīgs,FAMILY_COPY_STRICT,it+lb+nl
data,nl,B1,943,frech,nekaunīgs,Nekaunīgs,FAMILY_COPY_STRICT,it+lb+nl
data,pl,B1,943,frech,nekaunīgs,Bezwstydny,FAMILY_COPY_STRICT,pl+sk+sq+tr
data,sk,B1,943,frech,nekaunīgs,Bezwstydny,FAMILY_COPY_STRICT,pl+sk+sq+tr
data,sq,B1,943,frech,nekaunīgs,Bezwstydny,FAMILY_COPY_STRICT,pl+sk+sq+tr
data,tr,B1,943,frech,nekaunīgs,Bezwstydny,FAMILY_COPY_STRICT,pl+sk+sq+tr
data,hr,B1,944,Freie,brīva daba,Свободна природа,SCRIPT_MISMATCH,
data,hr,B1,944,Freie,brīva daba,Свободна природа,MARKER_LEAK,foreign_script
data,it,B1,944,Freie,brīva daba,Brīva daba,SAME_AS_LV_CASEFOLD,casefold_only
data,it,B1,944,Freie,brīva daba,Brīva daba,LV_DIACRITIC,
data,it,B1,944,Freie,brīva daba,Brīva daba,MARKER_LEAK,lv_macron_consonant
data,lb,B1,944,Freie,brīva daba,Brīva daba,SAME_AS_LV_CASEFOLD,casefold_only
data,lb,B1,944,Freie,brīva daba,Brīva daba,LV_DIACRITIC,
data,lb,B1,944,Freie,brīva daba,Brīva daba,MARKER_LEAK,lv_macron_consonant
data,nl,B1,944,Freie,brīva daba,Brīva daba,SAME_AS_LV_CASEFOLD,casefold_only
data,nl,B1,944,Freie,brīva daba,Brīva daba,LV_DIACRITIC,
data,nl,B1,944,Freie,brīva daba,Brīva daba,MARKER_LEAK,lv_macron_consonant
data,sl,B1,944,Freie,brīva daba,brīva daba,SAME_AS_LV_CASEFOLD,exact
data,sl,B1,944,Freie,brīva daba,brīva daba,LV_DIACRITIC,
data,sl,B1,944,Freie,brīva daba,brīva daba,MARKER_LEAK,lv_macron_consonant
data,bg,B1,944,Freie,brīva daba,Свободна природа,FAMILY_COPY_STRICT,bg+hr+mk+sr
data,hr,B1,944,Freie,brīva daba,Свободна природа,FAMILY_COPY_STRICT,bg+hr+mk+sr
data,mk,B1,944,Freie,brīva daba,Свободна природа,FAMILY_COPY_STRICT,bg+hr+mk+sr
data,sr,B1,944,Freie,brīva daba,Свободна природа,FAMILY_COPY_STRICT,bg+hr+mk+sr
data,fi,B1,944,Freie,brīva daba,Vaba loodus,FAMILY_COPY_STRICT,fi+is+nb+nn+sv
data,is,B1,944,Freie,brīva daba,Vaba loodus,FAMILY_COPY_STRICT,fi+is+nb+nn+sv
data,nb,B1,944,Freie,brīva daba,Vaba loodus,FAMILY_COPY_STRICT,fi+is+nb+nn+sv
data,nn,B1,944,Freie,brīva daba,Vaba loodus,FAMILY_COPY_STRICT,fi+is+nb+nn+sv
data,sv,B1,944,Freie,brīva daba,Vaba loodus,FAMILY_COPY_STRICT,fi+is+nb+nn+sv
data,it,B1,944,Freie,brīva daba,Brīva daba,FAMILY_COPY_STRICT,it+lb+nl
data,lb,B1,944,Freie,brīva daba,Brīva daba,FAMILY_COPY_STRICT,it+lb+nl
data,nl,B1,944,Freie,brīva daba,Brīva daba,FAMILY_COPY_STRICT,it+lb+nl
data,pl,B1,944,Freie,brīva daba,Wolna natura,FAMILY_COPY_STRICT,pl+sk+sq+tr
data,sk,B1,944,Freie,brīva daba,Wolna natura,FAMILY_COPY_STRICT,pl+sk+sq+tr
data,sq,B1,944,Freie,brīva daba,Wolna natura,FAMILY_COPY_STRICT,pl+sk+sq+tr
data,tr,B1,944,Freie,brīva daba,Wolna natura,FAMILY_COPY_STRICT,pl+sk+sq+tr
data,hr,B1,945,Freikarte,brīvbiļete,Безплатен билет,SCRIPT_MISMATCH,
data,hr,B1,945,Freikarte,brīvbiļete,Безплатен билет,MARKER_LEAK,foreign_script
data,it,B1,945,Freikarte,brīvbiļete,Brīvbiļete,SAME_AS_LV_CASEFOLD,casefold_only
data,it,B1,945,Freikarte,brīvbiļete,Brīvbiļete,LV_DIACRITIC,
data,it,B1,945,Freikarte,brīvbiļete,Brīvbiļete,MARKER_LEAK,lv_macron_consonant
data,lb,B1,945,Freikarte,brīvbiļete,Brīvbiļete,SAME_AS_LV_CASEFOLD,casefold_only
data,lb,B1,945,Freikarte,brīvbiļete,Brīvbiļete,LV_DIACRITIC,
data,lb,B1,945,Freikarte,brīvbiļete,Brīvbiļete,MARKER_LEAK,lv_macron_consonant
data,nl,B1,945,Freikarte,brīvbiļete,Brīvbiļete,SAME_AS_LV_CASEFOLD,casefold_only
data,nl,B1,945,Freikarte,brīvbiļete,Brīvbiļete,LV_DIACRITIC,
data,nl,B1,945,Freikarte,brīvbiļete,Brīvbiļete,MARKER_LEAK,lv_macron_consonant
data,pt,B1,945,Freikarte,brīvbiļete,Brivbiļete,LV_DIACRITIC,
data,pt,B1,945,Freikarte,brīvbiļete,Brivbiļete,MARKER_LEAK,lv_macron_consonant
data,sl,B1,945,Freikarte,brīvbiļete,brīvbiļete,SAME_AS_LV_CASEFOLD,exact
data,sl,B1,945,Freikarte,brīvbiļete,brīvbiļete,LV_DIACRITIC,
data,sl,B1,945,Freikarte,brīvbiļete,brīvbiļete,MARKER_LEAK,lv_macron_consonant
data,bg,B1,945,Freikarte,brīvbiļete,Безплатен билет,FAMILY_COPY_STRICT,bg+hr+mk+sr
data,hr,B1,945,Freikarte,brīvbiļete,Безплатен билет,FAMILY_COPY_STRICT,bg+hr+mk+sr
data,mk,B1,945,Freikarte,brīvbiļete,Безплатен билет,FAMILY_COPY_STRICT,bg+hr+mk+sr
data,sr,B1,945,Freikarte,brīvbiļete,Безплатен билет,FAMILY_COPY_STRICT,bg+hr+mk+sr
data,fi,B1,945,Freikarte,brīvbiļete,Tasuta pilet,FAMILY_COPY_STRICT,fi+is+nb+nn+sv
data,is,B1,945,Freikarte,brīvbiļete,Tasuta pilet,FAMILY_COPY_STRICT,fi+is+nb+nn+sv
data,nb,B1,945,Freikarte,brīvbiļete,Tasuta pilet,FAMILY_COPY_STRICT,fi+is+nb+nn+sv
data,nn,B1,945,Freikarte,brīvbiļete,Tasuta pilet,FAMILY_COPY_STRICT,fi+is+nb+nn+sv
data,sv,B1,945,Freikarte,brīvbiļete,Tasuta pilet,FAMILY_COPY_STRICT,fi+is+nb+nn+sv
data,it,B1,945,Freikarte,brīvbiļete,Brīvbiļete,FAMILY_COPY_STRICT,it+lb+nl
data,lb,B1,945,Freikarte,brīvbiļete,Brīvbiļete,FAMILY_COPY_STRICT,it+lb+nl
data,nl,B1,945,Freikarte,brīvbiļete,Brīvbiļete,FAMILY_COPY_STRICT,it+lb+nl
data,pl,B1,945,Freikarte,brīvbiļete,Darmowy bilet,FAMILY_COPY_STRICT,pl+sk+sq+tr
data,sk,B1,945,Freikarte,brīvbiļete,Darmowy bilet,FAMILY_COPY_STRICT,pl+sk+sq+tr
data,sq,B1,945,Freikarte,brīvbiļete,Darmowy bilet,FAMILY_COPY_STRICT,pl+sk+sq+tr
data,tr,B1,945,Freikarte,brīvbiļete,Darmowy bilet,FAMILY_COPY_STRICT,pl+sk+sq+tr
data,hr,B1,946,freilassen,atbrīvot,Освобождаване,SCRIPT_MISMATCH,
data,hr,B1,946,freilassen,atbrīvot,Освобождаване,MARKER_LEAK,foreign_script
data,it,B1,946,freilassen,atbrīvot,Atbrīvot,SAME_AS_LV_CASEFOLD,casefold_only
data,it,B1,946,freilassen,atbrīvot,Atbrīvot,LV_DIACRITIC,
data,it,B1,946,freilassen,atbrīvot,Atbrīvot,MARKER_LEAK,lv_macron_consonant
data,nl,B1,946,freilassen,atbrīvot,Atbrīvot,SAME_AS_LV_CASEFOLD,casefold_only
data,nl,B1,946,freilassen,atbrīvot,Atbrīvot,LV_DIACRITIC,
data,nl,B1,946,freilassen,atbrīvot,Atbrīvot,MARKER_LEAK,lv_macron_consonant
data,pt,B1,946,freilassen,atbrīvot,Atbrīvot,SAME_AS_LV_CASEFOLD,casefold_only
data,pt,B1,946,freilassen,atbrīvot,Atbrīvot,LV_DIACRITIC,
data,pt,B1,946,freilassen,atbrīvot,Atbrīvot,MARKER_LEAK,lv_macron_consonant
data,sl,B1,946,freilassen,atbrīvot,atbrīvot,SAME_AS_LV_CASEFOLD,exact
data,sl,B1,946,freilassen,atbrīvot,atbrīvot,LV_DIACRITIC,
data,sl,B1,946,freilassen,atbrīvot,atbrīvot,MARKER_LEAK,lv_macron_consonant
data,sq,B1,946,freilassen,atbrīvot,Serbest bırakmak,MARKER_LEAK,tr_soft
data,bg,B1,946,freilassen,atbrīvot,Освобождаване,FAMILY_COPY_STRICT,bg+hr+mk+sr
data,hr,B1,946,freilassen,atbrīvot,Освобождаване,FAMILY_COPY_STRICT,bg+hr+mk+sr
data,mk,B1,946,freilassen,atbrīvot,Освобождаване,FAMILY_COPY_STRICT,bg+hr+mk+sr
data,sr,B1,946,freilassen,atbrīvot,Освобождаване,FAMILY_COPY_STRICT,bg+hr+mk+sr
data,fi,B1,946,freilassen,atbrīvot,Vabastama,FAMILY_COPY_STRICT,fi+is+nb+nn+sv
data,is,B1,946,freilassen,atbrīvot,Vabastama,FAMILY_COPY_STRICT,fi+is+nb+nn+sv
data,nb,B1,946,freilassen,atbrīvot,Vabastama,FAMILY_COPY_STRICT,fi+is+nb+nn+sv
data,nn,B1,946,freilassen,atbrīvot,Vabastama,FAMILY_COPY_STRICT,fi+is+nb+nn+sv
data,sv,B1,946,freilassen,atbrīvot,Vabastama,FAMILY_COPY_STRICT,fi+is+nb+nn+sv
data,it,B1,946,freilassen,atbrīvot,Atbrīvot,FAMILY_COPY_STRICT,it+nl+pt
data,nl,B1,946,freilassen,atbrīvot,Atbrīvot,FAMILY_COPY_STRICT,it+nl+pt
data,pt,B1,946,freilassen,atbrīvot,Atbrīvot,FAMILY_COPY_STRICT,it+nl+pt
data,pl,B1,946,freilassen,atbrīvot,Uwolnienie,FAMILY_COPY_STRICT,pl+sk
data,sk,B1,946,freilassen,atbrīvot,Uwolnienie,FAMILY_COPY_STRICT,pl+sk
data,sq,B1,946,freilassen,atbrīvot,Serbest bırakmak,FAMILY_COPY_STRICT,sq+tr
data,tr,B1,946,freilassen,atbrīvot,Serbest bırakmak,FAMILY_COPY_STRICT,sq+tr
data,hr,B1,947,freiwillig,brīvprātīgs,Доброволно,SCRIPT_MISMATCH,
data,hr,B1,947,freiwillig,brīvprātīgs,Доброволно,MARKER_LEAK,foreign_script
data,it,B1,947,freiwillig,brīvprātīgs,Brīvprātīgs,SAME_AS_LV_CASEFOLD,casefold_only
data,it,B1,947,freiwillig,brīvprātīgs,Brīvprātīgs,LV_DIACRITIC,
data,it,B1,947,freiwillig,brīvprātīgs,Brīvprātīgs,MARKER_LEAK,lv_macron_consonant
data,lb,B1,947,freiwillig,brīvprātīgs,Brīvprātīgs,SAME_AS_LV_CASEFOLD,casefold_only
data,lb,B1,947,freiwillig,brīvprātīgs,Brīvprātīgs,LV_DIACRITIC,
data,lb,B1,947,freiwillig,brīvprātīgs,Brīvprātīgs,MARKER_LEAK,lv_macron_consonant
data,nl,B1,947,freiwillig,brīvprātīgs,Brīvprātīgs,SAME_AS_LV_CASEFOLD,casefold_only
data,nl,B1,947,freiwillig,brīvprātīgs,Brīvprātīgs,LV_DIACRITIC,
data,nl,B1,947,freiwillig,brīvprātīgs,Brīvprātīgs,MARKER_LEAK,lv_macron_consonant
data,pt,B1,947,freiwillig,brīvprātīgs,Brīvprātīgs,SAME_AS_LV_CASEFOLD,casefold_only
data,pt,B1,947,freiwillig,brīvprātīgs,Brīvprātīgs,LV_DIACRITIC,
data,pt,B1,947,freiwillig,brīvprātīgs,Brīvprātīgs,MARKER_LEAK,lv_macron_consonant
data,sl,B1,947,freiwillig,brīvprātīgs,brīvprātīgs,SAME_AS_LV_CASEFOLD,exact
data,sl,B1,947,freiwillig,brīvprātīgs,brīvprātīgs,LV_DIACRITIC,
data,sl,B1,947,freiwillig,brīvprātīgs,brīvprātīgs,MARKER_LEAK,lv_macron_consonant
data,bg,B1,947,freiwillig,brīvprātīgs,Доброволно,FAMILY_COPY_STRICT,bg+hr+mk+sr
data,hr,B1,947,freiwillig,brīvprātīgs,Доброволно,FAMILY_COPY_STRICT,bg+hr+mk+sr
data,mk,B1,947,freiwillig,brīvprātīgs,Доброволно,FAMILY_COPY_STRICT,bg+hr+mk+sr
data,sr,B1,947,freiwillig,brīvprātīgs,Доброволно,FAMILY_COPY_STRICT,bg+hr+mk+sr
data,fi,B1,947,freiwillig,brīvprātīgs,Vabatahtlik,FAMILY_COPY_STRICT,fi+is+nb+nn+sv
data,is,B1,947,freiwillig,brīvprātīgs,Vabatahtlik,FAMILY_COPY_STRICT,fi+is+nb+nn+sv
data,nb,B1,947,freiwillig,brīvprātīgs,Vabatahtlik,FAMILY_COPY_STRICT,fi+is+nb+nn+sv
data,nn,B1,947,freiwillig,brīvprātīgs,Vabatahtlik,FAMILY_COPY_STRICT,fi+is+nb+nn+sv
data,sv,B1,947,freiwillig,brīvprātīgs,Vabatahtlik,FAMILY_COPY_STRICT,fi+is+nb+nn+sv
data,it,B1,947,freiwillig,brīvprātīgs,Brīvprātīgs,FAMILY_COPY_STRICT,it+lb+nl+pt
data,lb,B1,947,freiwillig,brīvprātīgs,Brīvprātīgs,FAMILY_COPY_STRICT,it+lb+nl+pt
data,nl,B1,947,freiwillig,brīvprātīgs,Brīvprātīgs,FAMILY_COPY_STRICT,it+lb+nl+pt
data,pt,B1,947,freiwillig,brīvprātīgs,Brīvprātīgs,FAMILY_COPY_STRICT,it+lb+nl+pt
data,pl,B1,947,freiwillig,brīvprātīgs,Dobrowolny,FAMILY_COPY_STRICT,pl+sq+tr
data,sq,B1,947,freiwillig,brīvprātīgs,Dobrowolny,FAMILY_COPY_STRICT,pl+sq+tr
data,tr,B1,947,freiwillig,brīvprātīgs,Dobrowolny,FAMILY_COPY_STRICT,pl+sq+tr
data,fi,B1,948,Fremde,svešinieks,Võõras,MARKER_LEAK,et_otilde
data,hr,B1,948,Fremde,svešinieks,Странник,SCRIPT_MISMATCH,
data,hr,B1,948,Fremde,svešinieks,Странник,MARKER_LEAK,foreign_script
data,is,B1,948,Fremde,svešinieks,Võõras,MARKER_LEAK,et_otilde
data,it,B1,948,Fremde,svešinieks,Svešinieks,SAME_AS_LV_CASEFOLD,casefold_only
data,it,B1,948,Fremde,svešinieks,Svešinieks,LV_DIACRITIC,
data,lb,B1,948,Fremde,svešinieks,Svešinieks,SAME_AS_LV_CASEFOLD,casefold_only
data,lb,B1,948,Fremde,svešinieks,Svešinieks,LV_DIACRITIC,
data,nb,B1,948,Fremde,svešinieks,Võõras,MARKER_LEAK,et_otilde
data,nl,B1,948,Fremde,svešinieks,Svešinieks,SAME_AS_LV_CASEFOLD,casefold_only
data,nl,B1,948,Fremde,svešinieks,Svešinieks,LV_DIACRITIC,
data,nn,B1,948,Fremde,svešinieks,Võõras,MARKER_LEAK,et_otilde
data,pt,B1,948,Fremde,svešinieks,Svešinieks,SAME_AS_LV_CASEFOLD,casefold_only
data,pt,B1,948,Fremde,svešinieks,Svešinieks,LV_DIACRITIC,
data,sl,B1,948,Fremde,svešinieks,svešinieks,SAME_AS_LV_CASEFOLD,exact
data,sv,B1,948,Fremde,svešinieks,Võõras,MARKER_LEAK,et_otilde
data,bg,B1,948,Fremde,svešinieks,Странник,FAMILY_COPY_STRICT,bg+hr+mk+sr
data,hr,B1,948,Fremde,svešinieks,Странник,FAMILY_COPY_STRICT,bg+hr+mk+sr
data,mk,B1,948,Fremde,svešinieks,Странник,FAMILY_COPY_STRICT,bg+hr+mk+sr
data,sr,B1,948,Fremde,svešinieks,Странник,FAMILY_COPY_STRICT,bg+hr+mk+sr
data,fi,B1,948,Fremde,svešinieks,Võõras,FAMILY_COPY_STRICT,fi+is+nb+nn+sv
data,is,B1,948,Fremde,svešinieks,Võõras,FAMILY_COPY_STRICT,fi+is+nb+nn+sv
data,nb,B1,948,Fremde,svešinieks,Võõras,FAMILY_COPY_STRICT,fi+is+nb+nn+sv
data,nn,B1,948,Fremde,svešinieks,Võõras,FAMILY_COPY_STRICT,fi+is+nb+nn+sv
data,sv,B1,948,Fremde,svešinieks,Võõras,FAMILY_COPY_STRICT,fi+is+nb+nn+sv
data,it,B1,948,Fremde,svešinieks,Svešinieks,FAMILY_COPY_STRICT,it+lb+nl+pt
data,lb,B1,948,Fremde,svešinieks,Svešinieks,FAMILY_COPY_STRICT,it+lb+nl+pt
data,nl,B1,948,Fremde,svešinieks,Svešinieks,FAMILY_COPY_STRICT,it+lb+nl+pt
data,pt,B1,948,Fremde,svešinieks,Svešinieks,FAMILY_COPY_STRICT,it+lb+nl+pt
data,pl,B1,948,Fremde,svešinieks,Nieznajomy,FAMILY_COPY_STRICT,pl+sk+sq+tr
data,sk,B1,948,Fremde,svešinieks,Nieznajomy,FAMILY_COPY_STRICT,pl+sk+sq+tr
data,sq,B1,948,Fremde,svešinieks,Nieznajomy,FAMILY_COPY_STRICT,pl+sk+sq+tr
data,tr,B1,948,Fremde,svešinieks,Nieznajomy,FAMILY_COPY_STRICT,pl+sk+sq+tr
data,hr,B1,949,Fremdenführer,gids,Ръководство,SCRIPT_MISMATCH,
data,hr,B1,949,Fremdenführer,gids,Ръководство,MARKER_LEAK,foreign_script
data,it,B1,949,Fremdenführer,gids,Gids,SAME_AS_LV_CASEFOLD,casefold_only
data,nl,B1,949,Fremdenführer,gids,Gids,SAME_AS_LV_CASEFOLD,casefold_only
data,sl,B1,949,Fremdenführer,gids,gids,SAME_AS_LV_CASEFOLD,exact
data,bg,B1,949,Fremdenführer,gids,Ръководство,FAMILY_COPY_STRICT,bg+hr+mk+sr
data,hr,B1,949,Fremdenführer,gids,Ръководство,FAMILY_COPY_STRICT,bg+hr+mk+sr
data,mk,B1,949,Fremdenführer,gids,Ръководство,FAMILY_COPY_STRICT,bg+hr+mk+sr
data,sr,B1,949,Fremdenführer,gids,Ръководство,FAMILY_COPY_STRICT,bg+hr+mk+sr
data,fi,B1,949,Fremdenführer,gids,Giid,FAMILY_COPY_STRICT,fi+is+nb+nn+sv
data,is,B1,949,Fremdenführer,gids,Giid,FAMILY_COPY_STRICT,fi+is+nb+nn+sv
data,nb,B1,949,Fremdenführer,gids,Giid,FAMILY_COPY_STRICT,fi+is+nb+nn+sv
data,nn,B1,949,Fremdenführer,gids,Giid,FAMILY_COPY_STRICT,fi+is+nb+nn+sv
data,sv,B1,949,Fremdenführer,gids,Giid,FAMILY_COPY_STRICT,fi+is+nb+nn+sv
data,it,B1,949,Fremdenführer,gids,Gids,FAMILY_COPY_STRICT,it+nl
data,nl,B1,949,Fremdenführer,gids,Gids,FAMILY_COPY_STRICT,it+nl
data,pl,B1,949,Fremdenführer,gids,Przewodnik wycieczek,FAMILY_COPY_STRICT,pl+sk+sq+tr
data,sk,B1,949,Fremdenführer,gids,Przewodnik wycieczek,FAMILY_COPY_STRICT,pl+sk+sq+tr
data,sq,B1,949,Fremdenführer,gids,Przewodnik wycieczek,FAMILY_COPY_STRICT,pl+sk+sq+tr
data,tr,B1,949,Fremdenführer,gids,Przewodnik wycieczek,FAMILY_COPY_STRICT,pl+sk+sq+tr
data,fi,B1,950,Fremdwort,svešvārds,Võõrsõna,MARKER_LEAK,et_otilde
data,hr,B1,950,Fremdwort,svešvārds,Чужда дума,SCRIPT_MISMATCH,
data,hr,B1,950,Fremdwort,svešvārds,Чужда дума,MARKER_LEAK,foreign_script
data,is,B1,950,Fremdwort,svešvārds,Võõrsõna,MARKER_LEAK,et_otilde
data,it,B1,950,Fremdwort,svešvārds,Svešvārds,SAME_AS_LV_CASEFOLD,casefold_only
data,it,B1,950,Fremdwort,svešvārds,Svešvārds,LV_DIACRITIC,
data,it,B1,950,Fremdwort,svešvārds,Svešvārds,MARKER_LEAK,lv_macron_consonant
data,lb,B1,950,Fremdwort,svešvārds,Svešvārds,SAME_AS_LV_CASEFOLD,casefold_only
data,lb,B1,950,Fremdwort,svešvārds,Svešvārds,LV_DIACRITIC,
data,lb,B1,950,Fremdwort,svešvārds,Svešvārds,MARKER_LEAK,lv_macron_consonant
data,nb,B1,950,Fremdwort,svešvārds,Võõrsõna,MARKER_LEAK,et_otilde
data,nl,B1,950,Fremdwort,svešvārds,Svešvārds,SAME_AS_LV_CASEFOLD,casefold_only
data,nl,B1,950,Fremdwort,svešvārds,Svešvārds,LV_DIACRITIC,
data,nl,B1,950,Fremdwort,svešvārds,Svešvārds,MARKER_LEAK,lv_macron_consonant
data,nn,B1,950,Fremdwort,svešvārds,Võõrsõna,MARKER_LEAK,et_otilde
data,pt,B1,950,Fremdwort,svešvārds,Svešvards,LV_DIACRITIC,
data,sk,B1,950,Fremdwort,svešvārds,Obce słowo,MARKER_LEAK,pl_l_s_z
data,sl,B1,950,Fremdwort,svešvārds,svešvārds,SAME_AS_LV_CASEFOLD,exact
data,sl,B1,950,Fremdwort,svešvārds,svešvārds,LV_DIACRITIC,
data,sl,B1,950,Fremdwort,svešvārds,svešvārds,MARKER_LEAK,lv_macron_consonant
data,sq,B1,950,Fremdwort,svešvārds,Yabancı bir kelime,MARKER_LEAK,tr_soft
data,sv,B1,950,Fremdwort,svešvārds,Võõrsõna,MARKER_LEAK,et_otilde
data,bg,B1,950,Fremdwort,svešvārds,Чужда дума,FAMILY_COPY_STRICT,bg+hr+mk+sr
data,hr,B1,950,Fremdwort,svešvārds,Чужда дума,FAMILY_COPY_STRICT,bg+hr+mk+sr
data,mk,B1,950,Fremdwort,svešvārds,Чужда дума,FAMILY_COPY_STRICT,bg+hr+mk+sr
data,sr,B1,950,Fremdwort,svešvārds,Чужда дума,FAMILY_COPY_STRICT,bg+hr+mk+sr
data,fi,B1,950,Fremdwort,svešvārds,Võõrsõna,FAMILY_COPY_STRICT,fi+is+nb+nn+sv
data,is,B1,950,Fremdwort,svešvārds,Võõrsõna,FAMILY_COPY_STRICT,fi+is+nb+nn+sv
data,nb,B1,950,Fremdwort,svešvārds,Võõrsõna,FAMILY_COPY_STRICT,fi+is+nb+nn+sv
data,nn,B1,950,Fremdwort,svešvārds,Võõrsõna,FAMILY_COPY_STRICT,fi+is+nb+nn+sv
data,sv,B1,950,Fremdwort,svešvārds,Võõrsõna,FAMILY_COPY_STRICT,fi+is+nb+nn+sv
data,it,B1,950,Fremdwort,svešvārds,Svešvārds,FAMILY_COPY_STRICT,it+lb+nl
data,lb,B1,950,Fremdwort,svešvārds,Svešvārds,FAMILY_COPY_STRICT,it+lb+nl
data,nl,B1,950,Fremdwort,svešvārds,Svešvārds,FAMILY_COPY_STRICT,it+lb+nl
data,pl,B1,950,Fremdwort,svešvārds,Obce słowo,FAMILY_COPY_STRICT,pl+sk
data,sk,B1,950,Fremdwort,svešvārds,Obce słowo,FAMILY_COPY_STRICT,pl+sk
data,sq,B1,950,Fremdwort,svešvārds,Yabancı bir kelime,FAMILY_COPY_STRICT,sq+tr
data,tr,B1,950,Fremdwort,svešvārds,Yabancı bir kelime,FAMILY_COPY_STRICT,sq+tr
data,fi,B1,951,fressen,rīt,Õgima,MARKER_LEAK,et_otilde
data,hr,B1,951,fressen,rīt,Утре,SCRIPT_MISMATCH,
data,hr,B1,951,fressen,rīt,Утре,MARKER_LEAK,foreign_script
data,is,B1,951,fressen,rīt,Õgima,MARKER_LEAK,et_otilde
data,nb,B1,951,fressen,rīt,Õgima,MARKER_LEAK,et_otilde
data,nl,B1,951,fressen,rīt,Rīt,SAME_AS_LV_CASEFOLD,casefold_only
data,nl,B1,951,fressen,rīt,Rīt,LV_DIACRITIC,
data,nl,B1,951,fressen,rīt,Rīt,MARKER_LEAK,lv_macron_consonant
data,nn,B1,951,fressen,rīt,Õgima,MARKER_LEAK,et_otilde
data,sl,B1,951,fressen,rīt,rīt,SAME_AS_LV_CASEFOLD,exact
data,sl,B1,951,fressen,rīt,rīt,LV_DIACRITIC,
data,sl,B1,951,fressen,rīt,rīt,MARKER_LEAK,lv_macron_consonant
data,sv,B1,951,fressen,rīt,Õgima,MARKER_LEAK,et_otilde
data,bg,B1,951,fressen,rīt,Утре,FAMILY_COPY_STRICT,bg+hr+mk+sr
data,hr,B1,951,fressen,rīt,Утре,FAMILY_COPY_STRICT,bg+hr+mk+sr
data,mk,B1,951,fressen,rīt,Утре,FAMILY_COPY_STRICT,bg+hr+mk+sr
data,sr,B1,951,fressen,rīt,Утре,FAMILY_COPY_STRICT,bg+hr+mk+sr
data,fi,B1,951,fressen,rīt,Õgima,FAMILY_COPY_STRICT,fi+is+nb+nn+sv
data,is,B1,951,fressen,rīt,Õgima,FAMILY_COPY_STRICT,fi+is+nb+nn+sv
data,nb,B1,951,fressen,rīt,Õgima,FAMILY_COPY_STRICT,fi+is+nb+nn+sv
data,nn,B1,951,fressen,rīt,Õgima,FAMILY_COPY_STRICT,fi+is+nb+nn+sv
data,sv,B1,951,fressen,rīt,Õgima,FAMILY_COPY_STRICT,fi+is+nb+nn+sv
data,it,B1,951,fressen,rīt,RIT,FAMILY_COPY_STRICT,it+pt
data,pt,B1,951,fressen,rīt,RIT,FAMILY_COPY_STRICT,it+pt
data,fi,B1,952,freundschaftlich,draudzīgs,Sõbralik,MARKER_LEAK,et_otilde
data,hr,B1,952,freundschaftlich,draudzīgs,Приятелски настроен,SCRIPT_MISMATCH,
data,hr,B1,952,freundschaftlich,draudzīgs,Приятелски настроен,MARKER_LEAK,foreign_script
data,is,B1,952,freundschaftlich,draudzīgs,Sõbralik,MARKER_LEAK,et_otilde
data,it,B1,952,freundschaftlich,draudzīgs,Draudzīgs,SAME_AS_LV_CASEFOLD,casefold_only
data,it,B1,952,freundschaftlich,draudzīgs,Draudzīgs,LV_DIACRITIC,
data,it,B1,952,freundschaftlich,draudzīgs,Draudzīgs,MARKER_LEAK,lv_macron_consonant
data,lb,B1,952,freundschaftlich,draudzīgs,Draudzīgs,SAME_AS_LV_CASEFOLD,casefold_only
data,lb,B1,952,freundschaftlich,draudzīgs,Draudzīgs,LV_DIACRITIC,
data,lb,B1,952,freundschaftlich,draudzīgs,Draudzīgs,MARKER_LEAK,lv_macron_consonant
data,nb,B1,952,freundschaftlich,draudzīgs,Sõbralik,MARKER_LEAK,et_otilde
data,nl,B1,952,freundschaftlich,draudzīgs,Draudzīgs,SAME_AS_LV_CASEFOLD,casefold_only
data,nl,B1,952,freundschaftlich,draudzīgs,Draudzīgs,LV_DIACRITIC,
data,nl,B1,952,freundschaftlich,draudzīgs,Draudzīgs,MARKER_LEAK,lv_macron_consonant
data,nn,B1,952,freundschaftlich,draudzīgs,Sõbralik,MARKER_LEAK,et_otilde
data,sl,B1,952,freundschaftlich,draudzīgs,draudzīgs,SAME_AS_LV_CASEFOLD,exact
data,sl,B1,952,freundschaftlich,draudzīgs,draudzīgs,LV_DIACRITIC,
data,sl,B1,952,freundschaftlich,draudzīgs,draudzīgs,MARKER_LEAK,lv_macron_consonant
data,sv,B1,952,freundschaftlich,draudzīgs,Sõbralik,MARKER_LEAK,et_otilde
data,bg,B1,952,freundschaftlich,draudzīgs,Приятелски настроен,FAMILY_COPY_STRICT,bg+hr+mk+sr
data,hr,B1,952,freundschaftlich,draudzīgs,Приятелски настроен,FAMILY_COPY_STRICT,bg+hr+mk+sr
data,mk,B1,952,freundschaftlich,draudzīgs,Приятелски настроен,FAMILY_COPY_STRICT,bg+hr+mk+sr
data,sr,B1,952,freundschaftlich,draudzīgs,Приятелски настроен,FAMILY_COPY_STRICT,bg+hr+mk+sr
data,fi,B1,952,freundschaftlich,draudzīgs,Sõbralik,FAMILY_COPY_STRICT,fi+is+nb+nn+sv
data,is,B1,952,freundschaftlich,draudzīgs,Sõbralik,FAMILY_COPY_STRICT,fi+is+nb+nn+sv
data,nb,B1,952,freundschaftlich,draudzīgs,Sõbralik,FAMILY_COPY_STRICT,fi+is+nb+nn+sv
data,nn,B1,952,freundschaftlich,draudzīgs,Sõbralik,FAMILY_COPY_STRICT,fi+is+nb+nn+sv
data,sv,B1,952,freundschaftlich,draudzīgs,Sõbralik,FAMILY_COPY_STRICT,fi+is+nb+nn+sv
data,it,B1,952,freundschaftlich,draudzīgs,Draudzīgs,FAMILY_COPY_STRICT,it+lb+nl
data,lb,B1,952,freundschaftlich,draudzīgs,Draudzīgs,FAMILY_COPY_STRICT,it+lb+nl
data,nl,B1,952,freundschaftlich,draudzīgs,Draudzīgs,FAMILY_COPY_STRICT,it+lb+nl
data,pl,B1,952,freundschaftlich,draudzīgs,Przyjazny,FAMILY_COPY_STRICT,pl+sq+tr
data,sq,B1,952,freundschaftlich,draudzīgs,Przyjazny,FAMILY_COPY_STRICT,pl+sq+tr
data,tr,B1,952,freundschaftlich,draudzīgs,Przyjazny,FAMILY_COPY_STRICT,pl+sq+tr
data,hr,B1,953,friedlich,mierīgs,Спокойствие,SCRIPT_MISMATCH,
data,hr,B1,953,friedlich,mierīgs,Спокойствие,MARKER_LEAK,foreign_script
data,lb,B1,953,friedlich,mierīgs,Mierīgs,SAME_AS_LV_CASEFOLD,casefold_only
data,lb,B1,953,friedlich,mierīgs,Mierīgs,LV_DIACRITIC,
data,lb,B1,953,friedlich,mierīgs,Mierīgs,MARKER_LEAK,lv_macron_consonant
data,nl,B1,953,friedlich,mierīgs,Mierīgs,SAME_AS_LV_CASEFOLD,casefold_only
data,nl,B1,953,friedlich,mierīgs,Mierīgs,LV_DIACRITIC,
data,nl,B1,953,friedlich,mierīgs,Mierīgs,MARKER_LEAK,lv_macron_consonant
data,sl,B1,953,friedlich,mierīgs,mierīgs,SAME_AS_LV_CASEFOLD,exact
data,sl,B1,953,friedlich,mierīgs,mierīgs,LV_DIACRITIC,
data,sl,B1,953,friedlich,mierīgs,mierīgs,MARKER_LEAK,lv_macron_consonant
data,sq,B1,953,friedlich,mierīgs,Soğukkanlılık,MARKER_LEAK,tr_soft
data,bg,B1,953,friedlich,mierīgs,Спокойствие,FAMILY_COPY_STRICT,bg+hr+mk+ru+sr
data,hr,B1,953,friedlich,mierīgs,Спокойствие,FAMILY_COPY_STRICT,bg+hr+mk+ru+sr
data,mk,B1,953,friedlich,mierīgs,Спокойствие,FAMILY_COPY_STRICT,bg+hr+mk+ru+sr
data,ru,B1,953,friedlich,mierīgs,Спокойствие,FAMILY_COPY_STRICT,bg+hr+mk+ru+sr
data,sr,B1,953,friedlich,mierīgs,Спокойствие,FAMILY_COPY_STRICT,bg+hr+mk+ru+sr
data,en,B1,953,friedlich,mierīgs,Calm,FAMILY_COPY_STRICT,en+ro
data,ro,B1,953,friedlich,mierīgs,Calm,FAMILY_COPY_STRICT,en+ro
data,fi,B1,953,friedlich,mierīgs,Rahulik,FAMILY_COPY_STRICT,fi+sv
data,sv,B1,953,friedlich,mierīgs,Rahulik,FAMILY_COPY_STRICT,fi+sv
data,is,B1,953,friedlich,mierīgs,Fred i sinnet,FAMILY_COPY_STRICT,is+nb+nn
data,nb,B1,953,friedlich,mierīgs,Fred i sinnet,FAMILY_COPY_STRICT,is+nb+nn
data,nn,B1,953,friedlich,mierīgs,Fred i sinnet,FAMILY_COPY_STRICT,is+nb+nn
data,it,B1,953,friedlich,mierīgs,Mierigs,FAMILY_COPY_STRICT,it+pt
data,pt,B1,953,friedlich,mierīgs,Mierigs,FAMILY_COPY_STRICT,it+pt
data,lb,B1,953,friedlich,mierīgs,Mierīgs,FAMILY_COPY_STRICT,lb+nl
data,nl,B1,953,friedlich,mierīgs,Mierīgs,FAMILY_COPY_STRICT,lb+nl
data,pl,B1,953,friedlich,mierīgs,Spokój,FAMILY_COPY_STRICT,pl+sk
data,sk,B1,953,friedlich,mierīgs,Spokój,FAMILY_COPY_STRICT,pl+sk
data,sq,B1,953,friedlich,mierīgs,Soğukkanlılık,FAMILY_COPY_STRICT,sq+tr
data,tr,B1,953,friedlich,mierīgs,Soğukkanlılık,FAMILY_COPY_STRICT,sq+tr
data,hr,B1,954,Frische,svaigums,Свежест,SCRIPT_MISMATCH,
data,hr,B1,954,Frische,svaigums,Свежест,MARKER_LEAK,foreign_script
data,it,B1,954,Frische,svaigums,Svaigums,SAME_AS_LV_CASEFOLD,casefold_only
data,lb,B1,954,Frische,svaigums,Svaigums,SAME_AS_LV_CASEFOLD,casefold_only
data,nl,B1,954,Frische,svaigums,Svaigums,SAME_AS_LV_CASEFOLD,casefold_only
data,pt,B1,954,Frische,svaigums,Svaigums,SAME_AS_LV_CASEFOLD,casefold_only
data,sk,B1,954,Frische,svaigums,Świeżość,MARKER_LEAK,pl_l_s_z
data,sl,B1,954,Frische,svaigums,svaigums,SAME_AS_LV_CASEFOLD,exact
data,bg,B1,954,Frische,svaigums,Свежест,FAMILY_COPY_STRICT,bg+hr+mk+sr
data,hr,B1,954,Frische,svaigums,Свежест,FAMILY_COPY_STRICT,bg+hr+mk+sr
data,mk,B1,954,Frische,svaigums,Свежест,FAMILY_COPY_STRICT,bg+hr+mk+sr
data,sr,B1,954,Frische,svaigums,Свежест,FAMILY_COPY_STRICT,bg+hr+mk+sr
data,fi,B1,954,Frische,svaigums,Värskus,FAMILY_COPY_STRICT,fi+is+nb+nn+sv
data,is,B1,954,Frische,svaigums,Värskus,FAMILY_COPY_STRICT,fi+is+nb+nn+sv
data,nb,B1,954,Frische,svaigums,Värskus,FAMILY_COPY_STRICT,fi+is+nb+nn+sv
data,nn,B1,954,Frische,svaigums,Värskus,FAMILY_COPY_STRICT,fi+is+nb+nn+sv
data,sv,B1,954,Frische,svaigums,Värskus,FAMILY_COPY_STRICT,fi+is+nb+nn+sv
data,it,B1,954,Frische,svaigums,Svaigums,FAMILY_COPY_STRICT,it+lb+nl+pt
data,lb,B1,954,Frische,svaigums,Svaigums,FAMILY_COPY_STRICT,it+lb+nl+pt
data,nl,B1,954,Frische,svaigums,Svaigums,FAMILY_COPY_STRICT,it+lb+nl+pt
data,pt,B1,954,Frische,svaigums,Svaigums,FAMILY_COPY_STRICT,it+lb+nl+pt
data,pl,B1,954,Frische,svaigums,Świeżość,FAMILY_COPY_STRICT,pl+sk
data,sk,B1,954,Frische,svaigums,Świeżość,FAMILY_COPY_STRICT,pl+sk
data,sq,B1,954,Frische,svaigums,Tazelik,FAMILY_COPY_STRICT,sq+tr
data,tr,B1,954,Frische,svaigums,Tazelik,FAMILY_COPY_STRICT,sq+tr
data,hr,B1,955,Frist,termiņš,Краен срок,SCRIPT_MISMATCH,
data,hr,B1,955,Frist,termiņš,Краен срок,MARKER_LEAK,foreign_script
data,it,B1,955,Frist,termiņš,Termiņš,SAME_AS_LV_CASEFOLD,casefold_only
data,it,B1,955,Frist,termiņš,Termiņš,LV_DIACRITIC,
data,it,B1,955,Frist,termiņš,Termiņš,MARKER_LEAK,lv_macron_consonant
data,lb,B1,955,Frist,termiņš,Termiņš,SAME_AS_LV_CASEFOLD,casefold_only
data,lb,B1,955,Frist,termiņš,Termiņš,LV_DIACRITIC,
data,lb,B1,955,Frist,termiņš,Termiņš,MARKER_LEAK,lv_macron_consonant
data,nl,B1,955,Frist,termiņš,Termiņš,SAME_AS_LV_CASEFOLD,casefold_only
data,nl,B1,955,Frist,termiņš,Termiņš,LV_DIACRITIC,
data,nl,B1,955,Frist,termiņš,Termiņš,MARKER_LEAK,lv_macron_consonant
data,pt,B1,955,Frist,termiņš,Terminņš,LV_DIACRITIC,
data,pt,B1,955,Frist,termiņš,Terminņš,MARKER_LEAK,lv_macron_consonant
data,sl,B1,955,Frist,termiņš,termiņš,SAME_AS_LV_CASEFOLD,exact
data,sl,B1,955,Frist,termiņš,termiņš,LV_DIACRITIC,
data,sl,B1,955,Frist,termiņš,termiņš,MARKER_LEAK,lv_macron_consonant
data,bg,B1,955,Frist,termiņš,Краен срок,FAMILY_COPY_STRICT,bg+hr+mk+sr
data,hr,B1,955,Frist,termiņš,Краен срок,FAMILY_COPY_STRICT,bg+hr+mk+sr
data,mk,B1,955,Frist,termiņš,Краен срок,FAMILY_COPY_STRICT,bg+hr+mk+sr
data,sr,B1,955,Frist,termiņš,Краен срок,FAMILY_COPY_STRICT,bg+hr+mk+sr
data,da,B1,955,Frist,termiņš,Deadline,FAMILY_COPY_STRICT,da+en
data,en,B1,955,Frist,termiņš,Deadline,FAMILY_COPY_STRICT,da+en
data,fi,B1,955,Frist,termiņš,Tähtaeg,FAMILY_COPY_STRICT,fi+is+nb+nn+sv
data,is,B1,955,Frist,termiņš,Tähtaeg,FAMILY_COPY_STRICT,fi+is+nb+nn+sv
data,nb,B1,955,Frist,termiņš,Tähtaeg,FAMILY_COPY_STRICT,fi+is+nb+nn+sv
data,nn,B1,955,Frist,termiņš,Tähtaeg,FAMILY_COPY_STRICT,fi+is+nb+nn+sv
data,sv,B1,955,Frist,termiņš,Tähtaeg,FAMILY_COPY_STRICT,fi+is+nb+nn+sv
data,it,B1,955,Frist,termiņš,Termiņš,FAMILY_COPY_STRICT,it+lb+nl
data,lb,B1,955,Frist,termiņš,Termiņš,FAMILY_COPY_STRICT,it+lb+nl
data,nl,B1,955,Frist,termiņš,Termiņš,FAMILY_COPY_STRICT,it+lb+nl
data,pl,B1,955,Frist,termiņš,Termin ostateczny,FAMILY_COPY_STRICT,pl+sk+sq+tr
data,sk,B1,955,Frist,termiņš,Termin ostateczny,FAMILY_COPY_STRICT,pl+sk+sq+tr
data,sq,B1,955,Frist,termiņš,Termin ostateczny,FAMILY_COPY_STRICT,pl+sk+sq+tr
data,tr,B1,955,Frist,termiņš,Termin ostateczny,FAMILY_COPY_STRICT,pl+sk+sq+tr
data,hr,B1,956,Front,fronte,Преден,SCRIPT_MISMATCH,
data,hr,B1,956,Front,fronte,Преден,MARKER_LEAK,foreign_script
data,it,B1,956,Front,fronte,Fronte,SAME_AS_LV_CASEFOLD,casefold_only
data,lb,B1,956,Front,fronte,Fronte,SAME_AS_LV_CASEFOLD,casefold_only
data,nl,B1,956,Front,fronte,Fronte,SAME_AS_LV_CASEFOLD,casefold_only
data,sl,B1,956,Front,fronte,fronte,SAME_AS_LV_CASEFOLD,exact
data,bg,B1,956,Front,fronte,Преден,FAMILY_COPY_STRICT,bg+hr+mk+sr
data,hr,B1,956,Front,fronte,Преден,FAMILY_COPY_STRICT,bg+hr+mk+sr
data,mk,B1,956,Front,fronte,Преден,FAMILY_COPY_STRICT,bg+hr+mk+sr
data,sr,B1,956,Front,fronte,Преден,FAMILY_COPY_STRICT,bg+hr+mk+sr
data,fi,B1,956,Front,fronte,Rinne,FAMILY_COPY_STRICT,fi+is+nb+nn+sv
data,is,B1,956,Front,fronte,Rinne,FAMILY_COPY_STRICT,fi+is+nb+nn+sv
data,nb,B1,956,Front,fronte,Rinne,FAMILY_COPY_STRICT,fi+is+nb+nn+sv
data,nn,B1,956,Front,fronte,Rinne,FAMILY_COPY_STRICT,fi+is+nb+nn+sv
data,sv,B1,956,Front,fronte,Rinne,FAMILY_COPY_STRICT,fi+is+nb+nn+sv
data,it,B1,956,Front,fronte,Fronte,FAMILY_COPY_STRICT,it+lb+nl
data,lb,B1,956,Front,fronte,Fronte,FAMILY_COPY_STRICT,it+lb+nl
data,nl,B1,956,Front,fronte,Fronte,FAMILY_COPY_STRICT,it+lb+nl
data,pl,B1,956,Front,fronte,Przód,FAMILY_COPY_STRICT,pl+sk
data,sk,B1,956,Front,fronte,Przód,FAMILY_COPY_STRICT,pl+sk
data,sq,B1,956,Front,fronte,Ön,FAMILY_COPY_STRICT,sq+tr
data,tr,B1,956,Front,fronte,Ön,FAMILY_COPY_STRICT,sq+tr
data,hr,B1,957,Frost,sals,Замрзнување,SCRIPT_MISMATCH,
data,hr,B1,957,Frost,sals,Замрзнување,MARKER_LEAK,foreign_script
data,it,B1,957,Frost,sals,Sals,SAME_AS_LV_CASEFOLD,casefold_only
data,lb,B1,957,Frost,sals,Sals,SAME_AS_LV_CASEFOLD,casefold_only
data,nl,B1,957,Frost,sals,Sals,SAME_AS_LV_CASEFOLD,casefold_only
data,sl,B1,957,Frost,sals,sals,SAME_AS_LV_CASEFOLD,exact
data,fi,B1,957,Frost,sals,Külm,FAMILY_COPY_STRICT,fi+sv
data,sv,B1,957,Frost,sals,Külm,FAMILY_COPY_STRICT,fi+sv
data,hr,B1,957,Frost,sals,Замрзнување,FAMILY_COPY_STRICT,hr+mk+sr
data,mk,B1,957,Frost,sals,Замрзнување,FAMILY_COPY_STRICT,hr+mk+sr
data,sr,B1,957,Frost,sals,Замрзнување,FAMILY_COPY_STRICT,hr+mk+sr
data,is,B1,957,Frost,sals,Kjøle,FAMILY_COPY_STRICT,is+nb+nn
data,nb,B1,957,Frost,sals,Kjøle,FAMILY_COPY_STRICT,is+nb+nn
data,nn,B1,957,Frost,sals,Kjøle,FAMILY_COPY_STRICT,is+nb+nn
data,it,B1,957,Frost,sals,Sals,FAMILY_COPY_STRICT,it+lb+nl
data,lb,B1,957,Frost,sals,Sals,FAMILY_COPY_STRICT,it+lb+nl
data,nl,B1,957,Frost,sals,Sals,FAMILY_COPY_STRICT,it+lb+nl
data,pl,B1,957,Frost,sals,Mróz,FAMILY_COPY_STRICT,pl+sk
data,sk,B1,957,Frost,sals,Mróz,FAMILY_COPY_STRICT,pl+sk
data,sq,B1,957,Frost,sals,Don,FAMILY_COPY_STRICT,sq+tr
data,tr,B1,957,Frost,sals,Don,FAMILY_COPY_STRICT,sq+tr
data,hr,B1,958,fruchtbar,auglīgs,Плодородна,SCRIPT_MISMATCH,
data,hr,B1,958,fruchtbar,auglīgs,Плодородна,MARKER_LEAK,foreign_script
data,it,B1,958,fruchtbar,auglīgs,Auglīgs,SAME_AS_LV_CASEFOLD,casefold_only
data,it,B1,958,fruchtbar,auglīgs,Auglīgs,LV_DIACRITIC,
data,it,B1,958,fruchtbar,auglīgs,Auglīgs,MARKER_LEAK,lv_macron_consonant
data,lb,B1,958,fruchtbar,auglīgs,Auglīgs,SAME_AS_LV_CASEFOLD,casefold_only
data,lb,B1,958,fruchtbar,auglīgs,Auglīgs,LV_DIACRITIC,
data,lb,B1,958,fruchtbar,auglīgs,Auglīgs,MARKER_LEAK,lv_macron_consonant
data,nl,B1,958,fruchtbar,auglīgs,Auglīgs,SAME_AS_LV_CASEFOLD,casefold_only
data,nl,B1,958,fruchtbar,auglīgs,Auglīgs,LV_DIACRITIC,
data,nl,B1,958,fruchtbar,auglīgs,Auglīgs,MARKER_LEAK,lv_macron_consonant
data,sk,B1,958,fruchtbar,auglīgs,Płodny,MARKER_LEAK,pl_l_s_z
data,sl,B1,958,fruchtbar,auglīgs,auglīgs,SAME_AS_LV_CASEFOLD,exact
data,sl,B1,958,fruchtbar,auglīgs,auglīgs,LV_DIACRITIC,
data,sl,B1,958,fruchtbar,auglīgs,auglīgs,MARKER_LEAK,lv_macron_consonant
data,sq,B1,958,fruchtbar,auglīgs,Płodny,MARKER_LEAK,pl_l_s_z
data,tr,B1,958,fruchtbar,auglīgs,Płodny,MARKER_LEAK,pl_l_s_z
data,bg,B1,958,fruchtbar,auglīgs,Плодородна,FAMILY_COPY_STRICT,bg+hr+mk+sr
data,hr,B1,958,fruchtbar,auglīgs,Плодородна,FAMILY_COPY_STRICT,bg+hr+mk+sr
data,mk,B1,958,fruchtbar,auglīgs,Плодородна,FAMILY_COPY_STRICT,bg+hr+mk+sr
data,sr,B1,958,fruchtbar,auglīgs,Плодородна,FAMILY_COPY_STRICT,bg+hr+mk+sr
data,en,B1,958,fruchtbar,auglīgs,Fertile,FAMILY_COPY_STRICT,en+fr
data,fr,B1,958,fruchtbar,auglīgs,Fertile,FAMILY_COPY_STRICT,en+fr
data,fi,B1,958,fruchtbar,auglīgs,Viljakas,FAMILY_COPY_STRICT,fi+sv
data,sv,B1,958,fruchtbar,auglīgs,Viljakas,FAMILY_COPY_STRICT,fi+sv
data,is,B1,958,fruchtbar,auglīgs,Etterlyst,FAMILY_COPY_STRICT,is+nb+nn
data,nb,B1,958,fruchtbar,auglīgs,Etterlyst,FAMILY_COPY_STRICT,is+nb+nn
data,nn,B1,958,fruchtbar,auglīgs,Etterlyst,FAMILY_COPY_STRICT,is+nb+nn
data,it,B1,958,fruchtbar,auglīgs,Auglīgs,FAMILY_COPY_STRICT,it+lb+nl
data,lb,B1,958,fruchtbar,auglīgs,Auglīgs,FAMILY_COPY_STRICT,it+lb+nl
data,nl,B1,958,fruchtbar,auglīgs,Auglīgs,FAMILY_COPY_STRICT,it+lb+nl
data,pl,B1,958,fruchtbar,auglīgs,Płodny,FAMILY_COPY_STRICT,pl+sk+sq+tr
data,sk,B1,958,fruchtbar,auglīgs,Płodny,FAMILY_COPY_STRICT,pl+sk+sq+tr
data,sq,B1,958,fruchtbar,auglīgs,Płodny,FAMILY_COPY_STRICT,pl+sk+sq+tr
data,tr,B1,958,fruchtbar,auglīgs,Płodny,FAMILY_COPY_STRICT,pl+sk+sq+tr
data,fi,B1,959,frühzeitig,savlaicīgs,Õigeaegne,MARKER_LEAK,et_otilde
data,hr,B1,959,frühzeitig,savlaicīgs,Навременно,SCRIPT_MISMATCH,
data,hr,B1,959,frühzeitig,savlaicīgs,Навременно,MARKER_LEAK,foreign_script
data,is,B1,959,frühzeitig,savlaicīgs,Õigeaegne,MARKER_LEAK,et_otilde
data,it,B1,959,frühzeitig,savlaicīgs,Savlaicīgs,SAME_AS_LV_CASEFOLD,casefold_only
data,it,B1,959,frühzeitig,savlaicīgs,Savlaicīgs,LV_DIACRITIC,
data,it,B1,959,frühzeitig,savlaicīgs,Savlaicīgs,MARKER_LEAK,lv_macron_consonant
data,lb,B1,959,frühzeitig,savlaicīgs,Savlaicīgs,SAME_AS_LV_CASEFOLD,casefold_only
data,lb,B1,959,frühzeitig,savlaicīgs,Savlaicīgs,LV_DIACRITIC,
data,lb,B1,959,frühzeitig,savlaicīgs,Savlaicīgs,MARKER_LEAK,lv_macron_consonant
data,nb,B1,959,frühzeitig,savlaicīgs,Õigeaegne,MARKER_LEAK,et_otilde
data,nl,B1,959,frühzeitig,savlaicīgs,Savlaicīgs,SAME_AS_LV_CASEFOLD,casefold_only
data,nl,B1,959,frühzeitig,savlaicīgs,Savlaicīgs,LV_DIACRITIC,
data,nl,B1,959,frühzeitig,savlaicīgs,Savlaicīgs,MARKER_LEAK,lv_macron_consonant
data,nn,B1,959,frühzeitig,savlaicīgs,Õigeaegne,MARKER_LEAK,et_otilde
data,pt,B1,959,frühzeitig,savlaicīgs,Savlaicīgs,SAME_AS_LV_CASEFOLD,casefold_only
data,pt,B1,959,frühzeitig,savlaicīgs,Savlaicīgs,LV_DIACRITIC,
data,pt,B1,959,frühzeitig,savlaicīgs,Savlaicīgs,MARKER_LEAK,lv_macron_consonant
data,sl,B1,959,frühzeitig,savlaicīgs,savlaicīgs,SAME_AS_LV_CASEFOLD,exact
data,sl,B1,959,frühzeitig,savlaicīgs,savlaicīgs,LV_DIACRITIC,
data,sl,B1,959,frühzeitig,savlaicīgs,savlaicīgs,MARKER_LEAK,lv_macron_consonant
data,sv,B1,959,frühzeitig,savlaicīgs,Õigeaegne,MARKER_LEAK,et_otilde
data,bg,B1,959,frühzeitig,savlaicīgs,Навременно,FAMILY_COPY_STRICT,bg+hr+mk+sr
data,hr,B1,959,frühzeitig,savlaicīgs,Навременно,FAMILY_COPY_STRICT,bg+hr+mk+sr
data,mk,B1,959,frühzeitig,savlaicīgs,Навременно,FAMILY_COPY_STRICT,bg+hr+mk+sr
data,sr,B1,959,frühzeitig,savlaicīgs,Навременно,FAMILY_COPY_STRICT,bg+hr+mk+sr
data,fi,B1,959,frühzeitig,savlaicīgs,Õigeaegne,FAMILY_COPY_STRICT,fi+is+nb+nn+sv
data,is,B1,959,frühzeitig,savlaicīgs,Õigeaegne,FAMILY_COPY_STRICT,fi+is+nb+nn+sv
data,nb,B1,959,frühzeitig,savlaicīgs,Õigeaegne,FAMILY_COPY_STRICT,fi+is+nb+nn+sv
data,nn,B1,959,frühzeitig,savlaicīgs,Õigeaegne,FAMILY_COPY_STRICT,fi+is+nb+nn+sv
data,sv,B1,959,frühzeitig,savlaicīgs,Õigeaegne,FAMILY_COPY_STRICT,fi+is+nb+nn+sv
data,it,B1,959,frühzeitig,savlaicīgs,Savlaicīgs,FAMILY_COPY_STRICT,it+lb+nl+pt
data,lb,B1,959,frühzeitig,savlaicīgs,Savlaicīgs,FAMILY_COPY_STRICT,it+lb+nl+pt
data,nl,B1,959,frühzeitig,savlaicīgs,Savlaicīgs,FAMILY_COPY_STRICT,it+lb+nl+pt
data,pt,B1,959,frühzeitig,savlaicīgs,Savlaicīgs,FAMILY_COPY_STRICT,it+lb+nl+pt
data,pl,B1,959,frühzeitig,savlaicīgs,Aktualny,FAMILY_COPY_STRICT,pl+sk+sq+tr
data,sk,B1,959,frühzeitig,savlaicīgs,Aktualny,FAMILY_COPY_STRICT,pl+sk+sq+tr
data,sq,B1,959,frühzeitig,savlaicīgs,Aktualny,FAMILY_COPY_STRICT,pl+sk+sq+tr
data,tr,B1,959,frühzeitig,savlaicīgs,Aktualny,FAMILY_COPY_STRICT,pl+sk+sq+tr
data,hr,B1,960,Fuchsbau,lapsas ala,Лисича пещера,SCRIPT_MISMATCH,
data,hr,B1,960,Fuchsbau,lapsas ala,Лисича пещера,MARKER_LEAK,foreign_script
data,it,B1,960,Fuchsbau,lapsas ala,Lapsas ala,SAME_AS_LV_CASEFOLD,casefold_only
data,lb,B1,960,Fuchsbau,lapsas ala,Lapsas ala,SAME_AS_LV_CASEFOLD,casefold_only
data,nl,B1,960,Fuchsbau,lapsas ala,Lapsas ala,SAME_AS_LV_CASEFOLD,casefold_only
data,sl,B1,960,Fuchsbau,lapsas ala,lapsas ala,SAME_AS_LV_CASEFOLD,exact
data,bg,B1,960,Fuchsbau,lapsas ala,Лисича пещера,FAMILY_COPY_STRICT,bg+hr+mk+sr
data,hr,B1,960,Fuchsbau,lapsas ala,Лисича пещера,FAMILY_COPY_STRICT,bg+hr+mk+sr
data,mk,B1,960,Fuchsbau,lapsas ala,Лисича пещера,FAMILY_COPY_STRICT,bg+hr+mk+sr
data,sr,B1,960,Fuchsbau,lapsas ala,Лисича пещера,FAMILY_COPY_STRICT,bg+hr+mk+sr
data,fi,B1,960,Fuchsbau,lapsas ala,Rebasekoobas,FAMILY_COPY_STRICT,fi+is+nb+nn+sv
data,is,B1,960,Fuchsbau,lapsas ala,Rebasekoobas,FAMILY_COPY_STRICT,fi+is+nb+nn+sv
data,nb,B1,960,Fuchsbau,lapsas ala,Rebasekoobas,FAMILY_COPY_STRICT,fi+is+nb+nn+sv
data,nn,B1,960,Fuchsbau,lapsas ala,Rebasekoobas,FAMILY_COPY_STRICT,fi+is+nb+nn+sv
data,sv,B1,960,Fuchsbau,lapsas ala,Rebasekoobas,FAMILY_COPY_STRICT,fi+is+nb+nn+sv
data,it,B1,960,Fuchsbau,lapsas ala,Lapsas ala,FAMILY_COPY_STRICT,it+lb+nl
data,lb,B1,960,Fuchsbau,lapsas ala,Lapsas ala,FAMILY_COPY_STRICT,it+lb+nl
data,nl,B1,960,Fuchsbau,lapsas ala,Lapsas ala,FAMILY_COPY_STRICT,it+lb+nl
data,pl,B1,960,Fuchsbau,lapsas ala,Jaskinia lisa,FAMILY_COPY_STRICT,pl+sk+sq+tr
data,sk,B1,960,Fuchsbau,lapsas ala,Jaskinia lisa,FAMILY_COPY_STRICT,pl+sk+sq+tr
data,sq,B1,960,Fuchsbau,lapsas ala,Jaskinia lisa,FAMILY_COPY_STRICT,pl+sk+sq+tr
data,tr,B1,960,Fuchsbau,lapsas ala,Jaskinia lisa,FAMILY_COPY_STRICT,pl+sk+sq+tr
data,hr,B1,961,Führer,vadītājs,Управител,SCRIPT_MISMATCH,
data,hr,B1,961,Führer,vadītājs,Управител,MARKER_LEAK,foreign_script
data,lb,B1,961,Führer,vadītājs,Vadītājs,SAME_AS_LV_CASEFOLD,casefold_only
data,lb,B1,961,Führer,vadītājs,Vadītājs,LV_DIACRITIC,
data,lb,B1,961,Führer,vadītājs,Vadītājs,MARKER_LEAK,lv_macron_consonant
data,nl,B1,961,Führer,vadītājs,Vadītājs,SAME_AS_LV_CASEFOLD,casefold_only
data,nl,B1,961,Führer,vadītājs,Vadītājs,LV_DIACRITIC,
data,nl,B1,961,Führer,vadītājs,Vadītājs,MARKER_LEAK,lv_macron_consonant
data,sk,B1,961,Führer,vadītājs,Menedżer,MARKER_LEAK,pl_l_s_z
data,sl,B1,961,Führer,vadītājs,vadītājs,SAME_AS_LV_CASEFOLD,exact
data,sl,B1,961,Führer,vadītājs,vadītājs,LV_DIACRITIC,
data,sl,B1,961,Führer,vadītājs,vadītājs,MARKER_LEAK,lv_macron_consonant
data,bg,B1,961,Führer,vadītājs,Управител,FAMILY_COPY_STRICT,bg+hr+mk+sr
data,hr,B1,961,Führer,vadītājs,Управител,FAMILY_COPY_STRICT,bg+hr+mk+sr
data,mk,B1,961,Führer,vadītājs,Управител,FAMILY_COPY_STRICT,bg+hr+mk+sr
data,sr,B1,961,Führer,vadītājs,Управител,FAMILY_COPY_STRICT,bg+hr+mk+sr
data,da,B1,961,Führer,vadītājs,Manager,FAMILY_COPY_STRICT,da+en+ro
data,en,B1,961,Führer,vadītājs,Manager,FAMILY_COPY_STRICT,da+en+ro
data,ro,B1,961,Führer,vadītājs,Manager,FAMILY_COPY_STRICT,da+en+ro
data,fi,B1,961,Führer,vadītājs,Juht,FAMILY_COPY_STRICT,fi+is+nb+nn+sv
data,is,B1,961,Führer,vadītājs,Juht,FAMILY_COPY_STRICT,fi+is+nb+nn+sv
data,nb,B1,961,Führer,vadītājs,Juht,FAMILY_COPY_STRICT,fi+is+nb+nn+sv
data,nn,B1,961,Führer,vadītājs,Juht,FAMILY_COPY_STRICT,fi+is+nb+nn+sv
data,sv,B1,961,Führer,vadītājs,Juht,FAMILY_COPY_STRICT,fi+is+nb+nn+sv
data,it,B1,961,Führer,vadītājs,Vaditajs,FAMILY_COPY_STRICT,it+pt
data,pt,B1,961,Führer,vadītājs,Vaditajs,FAMILY_COPY_STRICT,it+pt
data,lb,B1,961,Führer,vadītājs,Vadītājs,FAMILY_COPY_STRICT,lb+nl
data,nl,B1,961,Führer,vadītājs,Vadītājs,FAMILY_COPY_STRICT,lb+nl
data,pl,B1,961,Führer,vadītājs,Menedżer,FAMILY_COPY_STRICT,pl+sk
data,sk,B1,961,Führer,vadītājs,Menedżer,FAMILY_COPY_STRICT,pl+sk
data,sq,B1,961,Führer,vadītājs,Müdür,FAMILY_COPY_STRICT,sq+tr
data,tr,B1,961,Führer,vadītājs,Müdür,FAMILY_COPY_STRICT,sq+tr
data,hr,B1,962,Führung,vadība,Контрол,SCRIPT_MISMATCH,
data,hr,B1,962,Führung,vadība,Контрол,MARKER_LEAK,foreign_script
data,nl,B1,962,Führung,vadība,Vadība,SAME_AS_LV_CASEFOLD,casefold_only
data,nl,B1,962,Führung,vadība,Vadība,LV_DIACRITIC,
data,nl,B1,962,Führung,vadība,Vadība,MARKER_LEAK,lv_macron_consonant
data,sl,B1,962,Führung,vadība,vadība,SAME_AS_LV_CASEFOLD,exact
data,sl,B1,962,Führung,vadība,vadība,LV_DIACRITIC,
data,sl,B1,962,Führung,vadība,vadība,MARKER_LEAK,lv_macron_consonant
data,bg,B1,962,Führung,vadība,Контрол,FAMILY_COPY_STRICT,bg+hr+mk+sr
data,hr,B1,962,Führung,vadība,Контрол,FAMILY_COPY_STRICT,bg+hr+mk+sr
data,mk,B1,962,Führung,vadība,Контрол,FAMILY_COPY_STRICT,bg+hr+mk+sr
data,sr,B1,962,Führung,vadība,Контрол,FAMILY_COPY_STRICT,bg+hr+mk+sr
data,en,B1,962,Führung,vadība,Management,FAMILY_COPY_STRICT,en+ro
data,ro,B1,962,Führung,vadība,Management,FAMILY_COPY_STRICT,en+ro
data,fi,B1,962,Führung,vadība,Juhtimine,FAMILY_COPY_STRICT,fi+is+nb+nn+sv
data,is,B1,962,Führung,vadība,Juhtimine,FAMILY_COPY_STRICT,fi+is+nb+nn+sv
data,nb,B1,962,Führung,vadība,Juhtimine,FAMILY_COPY_STRICT,fi+is+nb+nn+sv
data,nn,B1,962,Führung,vadība,Juhtimine,FAMILY_COPY_STRICT,fi+is+nb+nn+sv
data,sv,B1,962,Führung,vadība,Juhtimine,FAMILY_COPY_STRICT,fi+is+nb+nn+sv
data,it,B1,962,Führung,vadība,Vadiba,FAMILY_COPY_STRICT,it+pt
data,pt,B1,962,Führung,vadība,Vadiba,FAMILY_COPY_STRICT,it+pt
data,pl,B1,962,Führung,vadība,Kierownictwo,FAMILY_COPY_STRICT,pl+sk
data,sk,B1,962,Führung,vadība,Kierownictwo,FAMILY_COPY_STRICT,pl+sk
data,sq,B1,962,Führung,vadība,Yönetim n u l l,FAMILY_COPY_STRICT,sq+tr
data,tr,B1,962,Führung,vadība,Yönetim n u l l,FAMILY_COPY_STRICT,sq+tr
data,hr,B1,963,Fülle,pārpilnība,Излишък,SCRIPT_MISMATCH,
data,hr,B1,963,Fülle,pārpilnība,Излишък,MARKER_LEAK,foreign_script
data,it,B1,963,Fülle,pārpilnība,Pārpilnība,SAME_AS_LV_CASEFOLD,casefold_only
data,it,B1,963,Fülle,pārpilnība,Pārpilnība,LV_DIACRITIC,
data,it,B1,963,Fülle,pārpilnība,Pārpilnība,MARKER_LEAK,lv_macron_consonant
data,lb,B1,963,Fülle,pārpilnība,Pārpilnība,SAME_AS_LV_CASEFOLD,casefold_only
data,lb,B1,963,Fülle,pārpilnība,Pārpilnība,LV_DIACRITIC,
data,lb,B1,963,Fülle,pārpilnība,Pārpilnība,MARKER_LEAK,lv_macron_consonant
data,nl,B1,963,Fülle,pārpilnība,Pārpilnība,SAME_AS_LV_CASEFOLD,casefold_only
data,nl,B1,963,Fülle,pārpilnība,Pārpilnība,LV_DIACRITIC,
data,nl,B1,963,Fülle,pārpilnība,Pārpilnība,MARKER_LEAK,lv_macron_consonant
data,sk,B1,963,Fülle,pārpilnība,Obfitość,MARKER_LEAK,pl_l_s_z
data,sl,B1,963,Fülle,pārpilnība,pārpilnība,SAME_AS_LV_CASEFOLD,exact
data,sl,B1,963,Fülle,pārpilnība,pārpilnība,LV_DIACRITIC,
data,sl,B1,963,Fülle,pārpilnība,pārpilnība,MARKER_LEAK,lv_macron_consonant
data,bg,B1,963,Fülle,pārpilnība,Излишък,FAMILY_COPY_STRICT,bg+hr+mk+sr
data,hr,B1,963,Fülle,pārpilnība,Излишък,FAMILY_COPY_STRICT,bg+hr+mk+sr
data,mk,B1,963,Fülle,pārpilnība,Излишък,FAMILY_COPY_STRICT,bg+hr+mk+sr
data,sr,B1,963,Fülle,pārpilnība,Излишък,FAMILY_COPY_STRICT,bg+hr+mk+sr
data,fi,B1,963,Fülle,pārpilnība,Külluslikkus,FAMILY_COPY_STRICT,fi+is+nb+nn+sv
data,is,B1,963,Fülle,pārpilnība,Külluslikkus,FAMILY_COPY_STRICT,fi+is+nb+nn+sv
data,nb,B1,963,Fülle,pārpilnība,Külluslikkus,FAMILY_COPY_STRICT,fi+is+nb+nn+sv
data,nn,B1,963,Fülle,pārpilnība,Külluslikkus,FAMILY_COPY_STRICT,fi+is+nb+nn+sv
data,sv,B1,963,Fülle,pārpilnība,Külluslikkus,FAMILY_COPY_STRICT,fi+is+nb+nn+sv
data,it,B1,963,Fülle,pārpilnība,Pārpilnība,FAMILY_COPY_STRICT,it+lb+nl
data,lb,B1,963,Fülle,pārpilnība,Pārpilnība,FAMILY_COPY_STRICT,it+lb+nl
data,nl,B1,963,Fülle,pārpilnība,Pārpilnība,FAMILY_COPY_STRICT,it+lb+nl
data,pl,B1,963,Fülle,pārpilnība,Obfitość,FAMILY_COPY_STRICT,pl+sk
data,sk,B1,963,Fülle,pārpilnība,Obfitość,FAMILY_COPY_STRICT,pl+sk
data,sq,B1,963,Fülle,pārpilnība,Bolluk,FAMILY_COPY_STRICT,sq+tr
data,tr,B1,963,Fülle,pārpilnība,Bolluk,FAMILY_COPY_STRICT,sq+tr
data,hr,B1,964,sich füllen,piepildīties,Изпълнение,SCRIPT_MISMATCH,
data,hr,B1,964,sich füllen,piepildīties,Изпълнение,MARKER_LEAK,foreign_script
data,it,B1,964,sich füllen,piepildīties,Piepildīties,SAME_AS_LV_CASEFOLD,casefold_only
data,it,B1,964,sich füllen,piepildīties,Piepildīties,LV_DIACRITIC,
data,it,B1,964,sich füllen,piepildīties,Piepildīties,MARKER_LEAK,lv_macron_consonant
data,lb,B1,964,sich füllen,piepildīties,Piepildīties,SAME_AS_LV_CASEFOLD,casefold_only
data,lb,B1,964,sich füllen,piepildīties,Piepildīties,LV_DIACRITIC,
data,lb,B1,964,sich füllen,piepildīties,Piepildīties,MARKER_LEAK,lv_macron_consonant
data,nl,B1,964,sich füllen,piepildīties,Piepildīties,SAME_AS_LV_CASEFOLD,casefold_only
data,nl,B1,964,sich füllen,piepildīties,Piepildīties,LV_DIACRITIC,
data,nl,B1,964,sich füllen,piepildīties,Piepildīties,MARKER_LEAK,lv_macron_consonant
data,sk,B1,964,sich füllen,piepildīties,Spełnić,MARKER_LEAK,pl_l_s_z
data,sl,B1,964,sich füllen,piepildīties,piepildīties,SAME_AS_LV_CASEFOLD,exact
data,sl,B1,964,sich füllen,piepildīties,piepildīties,LV_DIACRITIC,
data,sl,B1,964,sich füllen,piepildīties,piepildīties,MARKER_LEAK,lv_macron_consonant
data,bg,B1,964,sich füllen,piepildīties,Изпълнение,FAMILY_COPY_STRICT,bg+hr+mk+sr
data,hr,B1,964,sich füllen,piepildīties,Изпълнение,FAMILY_COPY_STRICT,bg+hr+mk+sr
data,mk,B1,964,sich füllen,piepildīties,Изпълнение,FAMILY_COPY_STRICT,bg+hr+mk+sr
data,sr,B1,964,sich füllen,piepildīties,Изпълнение,FAMILY_COPY_STRICT,bg+hr+mk+sr
data,fi,B1,964,sich füllen,piepildīties,Täituma,FAMILY_COPY_STRICT,fi+is+nb+nn+sv
data,is,B1,964,sich füllen,piepildīties,Täituma,FAMILY_COPY_STRICT,fi+is+nb+nn+sv
data,nb,B1,964,sich füllen,piepildīties,Täituma,FAMILY_COPY_STRICT,fi+is+nb+nn+sv
data,nn,B1,964,sich füllen,piepildīties,Täituma,FAMILY_COPY_STRICT,fi+is+nb+nn+sv
data,sv,B1,964,sich füllen,piepildīties,Täituma,FAMILY_COPY_STRICT,fi+is+nb+nn+sv
data,it,B1,964,sich füllen,piepildīties,Piepildīties,FAMILY_COPY_STRICT,it+lb+nl
data,lb,B1,964,sich füllen,piepildīties,Piepildīties,FAMILY_COPY_STRICT,it+lb+nl
data,nl,B1,964,sich füllen,piepildīties,Piepildīties,FAMILY_COPY_STRICT,it+lb+nl
data,pl,B1,964,sich füllen,piepildīties,Spełnić,FAMILY_COPY_STRICT,pl+sk
data,sk,B1,964,sich füllen,piepildīties,Spełnić,FAMILY_COPY_STRICT,pl+sk
data,sq,B1,964,sich füllen,piepildīties,Yerine getirmek,FAMILY_COPY_STRICT,sq+tr
data,tr,B1,964,sich füllen,piepildīties,Yerine getirmek,FAMILY_COPY_STRICT,sq+tr
data,hr,B1,965,Fund,atradums,Находка,SCRIPT_MISMATCH,
data,hr,B1,965,Fund,atradums,Находка,MARKER_LEAK,foreign_script
data,it,B1,965,Fund,atradums,Atradums,SAME_AS_LV_CASEFOLD,casefold_only
data,lb,B1,965,Fund,atradums,Atradums,SAME_AS_LV_CASEFOLD,casefold_only
data,nl,B1,965,Fund,atradums,Atradums,SAME_AS_LV_CASEFOLD,casefold_only
data,pt,B1,965,Fund,atradums,Atradums,SAME_AS_LV_CASEFOLD,casefold_only
data,sl,B1,965,Fund,atradums,atradums,SAME_AS_LV_CASEFOLD,exact
data,bg,B1,965,Fund,atradums,Находка,FAMILY_COPY_STRICT,bg+hr+mk+ru+sr
data,hr,B1,965,Fund,atradums,Находка,FAMILY_COPY_STRICT,bg+hr+mk+ru+sr
data,mk,B1,965,Fund,atradums,Находка,FAMILY_COPY_STRICT,bg+hr+mk+ru+sr
data,ru,B1,965,Fund,atradums,Находка,FAMILY_COPY_STRICT,bg+hr+mk+ru+sr
data,sr,B1,965,Fund,atradums,Находка,FAMILY_COPY_STRICT,bg+hr+mk+ru+sr
data,fi,B1,965,Fund,atradums,Leid,FAMILY_COPY_STRICT,fi+is+nb+nn+sv
data,is,B1,965,Fund,atradums,Leid,FAMILY_COPY_STRICT,fi+is+nb+nn+sv
data,nb,B1,965,Fund,atradums,Leid,FAMILY_COPY_STRICT,fi+is+nb+nn+sv
data,nn,B1,965,Fund,atradums,Leid,FAMILY_COPY_STRICT,fi+is+nb+nn+sv
data,sv,B1,965,Fund,atradums,Leid,FAMILY_COPY_STRICT,fi+is+nb+nn+sv
data,it,B1,965,Fund,atradums,Atradums,FAMILY_COPY_STRICT,it+lb+nl+pt
data,lb,B1,965,Fund,atradums,Atradums,FAMILY_COPY_STRICT,it+lb+nl+pt
data,nl,B1,965,Fund,atradums,Atradums,FAMILY_COPY_STRICT,it+lb+nl+pt
data,pt,B1,965,Fund,atradums,Atradums,FAMILY_COPY_STRICT,it+lb+nl+pt
data,pl,B1,965,Fund,atradums,Znalezisko,FAMILY_COPY_STRICT,pl+sk+sq+tr
data,sk,B1,965,Fund,atradums,Znalezisko,FAMILY_COPY_STRICT,pl+sk+sq+tr
data,sq,B1,965,Fund,atradums,Znalezisko,FAMILY_COPY_STRICT,pl+sk+sq+tr
data,tr,B1,965,Fund,atradums,Znalezisko,FAMILY_COPY_STRICT,pl+sk+sq+tr
data,hr,B1,966,Fundbüro,atrasto mantu birojs,Изгубени и намерени,SCRIPT_MISMATCH,
data,hr,B1,966,Fundbüro,atrasto mantu birojs,Изгубени и намерени,MARKER_LEAK,foreign_script
data,it,B1,966,Fundbüro,atrasto mantu birojs,Atrasto mantu birojs,SAME_AS_LV_CASEFOLD,casefold_only
data,lb,B1,966,Fundbüro,atrasto mantu birojs,Atrasto mantu birojs,SAME_AS_LV_CASEFOLD,casefold_only
data,nl,B1,966,Fundbüro,atrasto mantu birojs,Atrasto mantu birojs,SAME_AS_LV_CASEFOLD,casefold_only
data,sl,B1,966,Fundbüro,atrasto mantu birojs,atrasto mantu birojs,SAME_AS_LV_CASEFOLD,exact
data,bg,B1,966,Fundbüro,atrasto mantu birojs,Изгубени и намерени,FAMILY_COPY_STRICT,bg+hr+mk+sr
data,hr,B1,966,Fundbüro,atrasto mantu birojs,Изгубени и намерени,FAMILY_COPY_STRICT,bg+hr+mk+sr
data,mk,B1,966,Fundbüro,atrasto mantu birojs,Изгубени и намерени,FAMILY_COPY_STRICT,bg+hr+mk+sr
data,sr,B1,966,Fundbüro,atrasto mantu birojs,Изгубени и намерени,FAMILY_COPY_STRICT,bg+hr+mk+sr
data,fi,B1,966,Fundbüro,atrasto mantu birojs,Leiubüroo,FAMILY_COPY_STRICT,fi+is+nb+nn+sv
data,is,B1,966,Fundbüro,atrasto mantu birojs,Leiubüroo,FAMILY_COPY_STRICT,fi+is+nb+nn+sv
data,nb,B1,966,Fundbüro,atrasto mantu birojs,Leiubüroo,FAMILY_COPY_STRICT,fi+is+nb+nn+sv
data,nn,B1,966,Fundbüro,atrasto mantu birojs,Leiubüroo,FAMILY_COPY_STRICT,fi+is+nb+nn+sv
data,sv,B1,966,Fundbüro,atrasto mantu birojs,Leiubüroo,FAMILY_COPY_STRICT,fi+is+nb+nn+sv
data,it,B1,966,Fundbüro,atrasto mantu birojs,Atrasto mantu birojs,FAMILY_COPY_STRICT,it+lb+nl
data,lb,B1,966,Fundbüro,atrasto mantu birojs,Atrasto mantu birojs,FAMILY_COPY_STRICT,it+lb+nl
data,nl,B1,966,Fundbüro,atrasto mantu birojs,Atrasto mantu birojs,FAMILY_COPY_STRICT,it+lb+nl
data,pl,B1,966,Fundbüro,atrasto mantu birojs,Biuro rzeczy znalezionych,FAMILY_COPY_STRICT,pl+sk+sq+tr
data,sk,B1,966,Fundbüro,atrasto mantu birojs,Biuro rzeczy znalezionych,FAMILY_COPY_STRICT,pl+sk+sq+tr
data,sq,B1,966,Fundbüro,atrasto mantu birojs,Biuro rzeczy znalezionych,FAMILY_COPY_STRICT,pl+sk+sq+tr
data,tr,B1,966,Fundbüro,atrasto mantu birojs,Biuro rzeczy znalezionych,FAMILY_COPY_STRICT,pl+sk+sq+tr
data,hr,B1,967,Funke,dzirkstele,Искра,SCRIPT_MISMATCH,
data,hr,B1,967,Funke,dzirkstele,Искра,MARKER_LEAK,foreign_script
data,it,B1,967,Funke,dzirkstele,Dzirkstele,SAME_AS_LV_CASEFOLD,casefold_only
data,lb,B1,967,Funke,dzirkstele,Dzirkstele,SAME_AS_LV_CASEFOLD,casefold_only
data,nl,B1,967,Funke,dzirkstele,Dzirkstele,SAME_AS_LV_CASEFOLD,casefold_only
data,pt,B1,967,Funke,dzirkstele,Dzirkstele,SAME_AS_LV_CASEFOLD,casefold_only
data,sl,B1,967,Funke,dzirkstele,dzirkstele,SAME_AS_LV_CASEFOLD,exact
data,bg,B1,967,Funke,dzirkstele,Искра,FAMILY_COPY_STRICT,bg+hr+mk+ru+sr
data,hr,B1,967,Funke,dzirkstele,Искра,FAMILY_COPY_STRICT,bg+hr+mk+ru+sr
data,mk,B1,967,Funke,dzirkstele,Искра,FAMILY_COPY_STRICT,bg+hr+mk+ru+sr
data,ru,B1,967,Funke,dzirkstele,Искра,FAMILY_COPY_STRICT,bg+hr+mk+ru+sr
data,sr,B1,967,Funke,dzirkstele,Искра,FAMILY_COPY_STRICT,bg+hr+mk+ru+sr
data,bs,B1,967,Funke,dzirkstele,Iskra,FAMILY_COPY_STRICT,bs+pl+sk+sq+tr
data,pl,B1,967,Funke,dzirkstele,Iskra,FAMILY_COPY_STRICT,bs+pl+sk+sq+tr
data,sk,B1,967,Funke,dzirkstele,Iskra,FAMILY_COPY_STRICT,bs+pl+sk+sq+tr
data,sq,B1,967,Funke,dzirkstele,Iskra,FAMILY_COPY_STRICT,bs+pl+sk+sq+tr
data,tr,B1,967,Funke,dzirkstele,Iskra,FAMILY_COPY_STRICT,bs+pl+sk+sq+tr
data,fi,B1,967,Funke,dzirkstele,Säde,FAMILY_COPY_STRICT,fi+is+nb+nn+sv
data,is,B1,967,Funke,dzirkstele,Säde,FAMILY_COPY_STRICT,fi+is+nb+nn+sv
data,nb,B1,967,Funke,dzirkstele,Säde,FAMILY_COPY_STRICT,fi+is+nb+nn+sv
data,nn,B1,967,Funke,dzirkstele,Säde,FAMILY_COPY_STRICT,fi+is+nb+nn+sv
data,sv,B1,967,Funke,dzirkstele,Säde,FAMILY_COPY_STRICT,fi+is+nb+nn+sv
data,it,B1,967,Funke,dzirkstele,Dzirkstele,FAMILY_COPY_STRICT,it+lb+nl+pt
data,lb,B1,967,Funke,dzirkstele,Dzirkstele,FAMILY_COPY_STRICT,it+lb+nl+pt
data,nl,B1,967,Funke,dzirkstele,Dzirkstele,FAMILY_COPY_STRICT,it+lb+nl+pt
data,pt,B1,967,Funke,dzirkstele,Dzirkstele,FAMILY_COPY_STRICT,it+lb+nl+pt
data,it,B1,968,Furcht,bailes,Bailes,SAME_AS_LV_CASEFOLD,casefold_only
data,nl,B1,968,Furcht,bailes,Bailes,SAME_AS_LV_CASEFOLD,casefold_only
data,sl,B1,968,Furcht,bailes,bailes,SAME_AS_LV_CASEFOLD,exact
data,sr,B1,968,Furcht,bailes,Pošten je.,LV_DIACRITIC,
data,sr,B1,968,Furcht,bailes,Pošten je.,SCRIPT_MISMATCH,sr_as_cyrillic
data,sr,B1,968,Furcht,bailes,Pošten je.,MARKER_LEAK,latin_in_cyrillic
data,bg,B1,968,Furcht,bailes,Страх,FAMILY_COPY_STRICT,bg+ru
data,ru,B1,968,Furcht,bailes,Страх,FAMILY_COPY_STRICT,bg+ru
data,cs,B1,968,Furcht,bailes,Strach,FAMILY_COPY_STRICT,cs+pl+sk
data,pl,B1,968,Furcht,bailes,Strach,FAMILY_COPY_STRICT,cs+pl+sk
data,sk,B1,968,Furcht,bailes,Strach,FAMILY_COPY_STRICT,cs+pl+sk
data,fi,B1,968,Furcht,bailes,Hirm,FAMILY_COPY_STRICT,fi+is+nb+nn+sv
data,is,B1,968,Furcht,bailes,Hirm,FAMILY_COPY_STRICT,fi+is+nb+nn+sv
data,nb,B1,968,Furcht,bailes,Hirm,FAMILY_COPY_STRICT,fi+is+nb+nn+sv
data,nn,B1,968,Furcht,bailes,Hirm,FAMILY_COPY_STRICT,fi+is+nb+nn+sv
data,sv,B1,968,Furcht,bailes,Hirm,FAMILY_COPY_STRICT,fi+is+nb+nn+sv
data,hr,B1,968,Furcht,bailes,Pošten je.,FAMILY_COPY_STRICT,hr+sr
data,sr,B1,968,Furcht,bailes,Pošten je.,FAMILY_COPY_STRICT,hr+sr
data,it,B1,968,Furcht,bailes,Bailes,FAMILY_COPY_STRICT,it+nl
data,nl,B1,968,Furcht,bailes,Bailes,FAMILY_COPY_STRICT,it+nl
data,hr,B1,969,fürchterlich,briesmīgs,Ужасно,SCRIPT_MISMATCH,
data,hr,B1,969,fürchterlich,briesmīgs,Ужасно,MARKER_LEAK,foreign_script
data,it,B1,969,fürchterlich,briesmīgs,Briesmīgs,SAME_AS_LV_CASEFOLD,casefold_only
data,it,B1,969,fürchterlich,briesmīgs,Briesmīgs,LV_DIACRITIC,
data,it,B1,969,fürchterlich,briesmīgs,Briesmīgs,MARKER_LEAK,lv_macron_consonant
data,lb,B1,969,fürchterlich,briesmīgs,Briesmīgs,SAME_AS_LV_CASEFOLD,casefold_only
data,lb,B1,969,fürchterlich,briesmīgs,Briesmīgs,LV_DIACRITIC,
data,lb,B1,969,fürchterlich,briesmīgs,Briesmīgs,MARKER_LEAK,lv_macron_consonant
data,nl,B1,969,fürchterlich,briesmīgs,Briesmīgs,SAME_AS_LV_CASEFOLD,casefold_only
data,nl,B1,969,fürchterlich,briesmīgs,Briesmīgs,LV_DIACRITIC,
data,nl,B1,969,fürchterlich,briesmīgs,Briesmīgs,MARKER_LEAK,lv_macron_consonant
data,sl,B1,969,fürchterlich,briesmīgs,briesmīgs,SAME_AS_LV_CASEFOLD,exact
data,sl,B1,969,fürchterlich,briesmīgs,briesmīgs,LV_DIACRITIC,
data,sl,B1,969,fürchterlich,briesmīgs,briesmīgs,MARKER_LEAK,lv_macron_consonant
data,bg,B1,969,fürchterlich,briesmīgs,Ужасно,FAMILY_COPY_STRICT,bg+hr+mk+sr
data,hr,B1,969,fürchterlich,briesmīgs,Ужасно,FAMILY_COPY_STRICT,bg+hr+mk+sr
data,mk,B1,969,fürchterlich,briesmīgs,Ужасно,FAMILY_COPY_STRICT,bg+hr+mk+sr
data,sr,B1,969,fürchterlich,briesmīgs,Ужасно,FAMILY_COPY_STRICT,bg+hr+mk+sr
data,fi,B1,969,fürchterlich,briesmīgs,Kohutav,FAMILY_COPY_STRICT,fi+is+nb+nn+sv
data,is,B1,969,fürchterlich,briesmīgs,Kohutav,FAMILY_COPY_STRICT,fi+is+nb+nn+sv
data,nb,B1,969,fürchterlich,briesmīgs,Kohutav,FAMILY_COPY_STRICT,fi+is+nb+nn+sv
data,nn,B1,969,fürchterlich,briesmīgs,Kohutav,FAMILY_COPY_STRICT,fi+is+nb+nn+sv
data,sv,B1,969,fürchterlich,briesmīgs,Kohutav,FAMILY_COPY_STRICT,fi+is+nb+nn+sv
data,it,B1,969,fürchterlich,briesmīgs,Briesmīgs,FAMILY_COPY_STRICT,it+lb+nl
data,lb,B1,969,fürchterlich,briesmīgs,Briesmīgs,FAMILY_COPY_STRICT,it+lb+nl
data,nl,B1,969,fürchterlich,briesmīgs,Briesmīgs,FAMILY_COPY_STRICT,it+lb+nl
data,pl,B1,969,fürchterlich,briesmīgs,Straszny,FAMILY_COPY_STRICT,pl+sk+sq+tr
data,sk,B1,969,fürchterlich,briesmīgs,Straszny,FAMILY_COPY_STRICT,pl+sk+sq+tr
data,sq,B1,969,fürchterlich,briesmīgs,Straszny,FAMILY_COPY_STRICT,pl+sk+sq+tr
data,tr,B1,969,fürchterlich,briesmīgs,Straszny,FAMILY_COPY_STRICT,pl+sk+sq+tr
data,hr,B1,970,Fußballelf,futbola komanda,Футболен отбор,SCRIPT_MISMATCH,
data,hr,B1,970,Fußballelf,futbola komanda,Футболен отбор,MARKER_LEAK,foreign_script
data,it,B1,970,Fußballelf,futbola komanda,Futbola komanda,SAME_AS_LV_CASEFOLD,casefold_only
data,lb,B1,970,Fußballelf,futbola komanda,Futbola komanda,SAME_AS_LV_CASEFOLD,casefold_only
data,nl,B1,970,Fußballelf,futbola komanda,Futbola komanda,SAME_AS_LV_CASEFOLD,casefold_only
data,sk,B1,970,Fußballelf,futbola komanda,Drużyna piłkarska,MARKER_LEAK,pl_l_s_z
data,sl,B1,970,Fußballelf,futbola komanda,futbola komanda,SAME_AS_LV_CASEFOLD,exact
data,sq,B1,970,Fußballelf,futbola komanda,Futbol takımı,MARKER_LEAK,tr_soft
data,bg,B1,970,Fußballelf,futbola komanda,Футболен отбор,FAMILY_COPY_STRICT,bg+hr+mk+sr
data,hr,B1,970,Fußballelf,futbola komanda,Футболен отбор,FAMILY_COPY_STRICT,bg+hr+mk+sr
data,mk,B1,970,Fußballelf,futbola komanda,Футболен отбор,FAMILY_COPY_STRICT,bg+hr+mk+sr
data,sr,B1,970,Fußballelf,futbola komanda,Футболен отбор,FAMILY_COPY_STRICT,bg+hr+mk+sr
data,fi,B1,970,Fußballelf,futbola komanda,Jalgpallimeeskond,FAMILY_COPY_STRICT,fi+is+nb+nn+sv
data,is,B1,970,Fußballelf,futbola komanda,Jalgpallimeeskond,FAMILY_COPY_STRICT,fi+is+nb+nn+sv
data,nb,B1,970,Fußballelf,futbola komanda,Jalgpallimeeskond,FAMILY_COPY_STRICT,fi+is+nb+nn+sv
data,nn,B1,970,Fußballelf,futbola komanda,Jalgpallimeeskond,FAMILY_COPY_STRICT,fi+is+nb+nn+sv
data,sv,B1,970,Fußballelf,futbola komanda,Jalgpallimeeskond,FAMILY_COPY_STRICT,fi+is+nb+nn+sv
data,it,B1,970,Fußballelf,futbola komanda,Futbola komanda,FAMILY_COPY_STRICT,it+lb+nl
data,lb,B1,970,Fußballelf,futbola komanda,Futbola komanda,FAMILY_COPY_STRICT,it+lb+nl
data,nl,B1,970,Fußballelf,futbola komanda,Futbola komanda,FAMILY_COPY_STRICT,it+lb+nl
data,pl,B1,970,Fußballelf,futbola komanda,Drużyna piłkarska,FAMILY_COPY_STRICT,pl+sk
data,sk,B1,970,Fußballelf,futbola komanda,Drużyna piłkarska,FAMILY_COPY_STRICT,pl+sk
data,sq,B1,970,Fußballelf,futbola komanda,Futbol takımı,FAMILY_COPY_STRICT,sq+tr
data,tr,B1,970,Fußballelf,futbola komanda,Futbol takımı,FAMILY_COPY_STRICT,sq+tr
data,hr,B1,971,Fußnote,zemteksta piezīme,Подтекстова бележка,SCRIPT_MISMATCH,
data,hr,B1,971,Fußnote,zemteksta piezīme,Подтекстова бележка,MARKER_LEAK,foreign_script
data,it,B1,971,Fußnote,zemteksta piezīme,Zemteksta piezīme,SAME_AS_LV_CASEFOLD,casefold_only
data,it,B1,971,Fußnote,zemteksta piezīme,Zemteksta piezīme,LV_DIACRITIC,
data,it,B1,971,Fußnote,zemteksta piezīme,Zemteksta piezīme,MARKER_LEAK,lv_macron_consonant
data,lb,B1,971,Fußnote,zemteksta piezīme,Zemteksta piezīme,SAME_AS_LV_CASEFOLD,casefold_only
data,lb,B1,971,Fußnote,zemteksta piezīme,Zemteksta piezīme,LV_DIACRITIC,
data,lb,B1,971,Fußnote,zemteksta piezīme,Zemteksta piezīme,MARKER_LEAK,lv_macron_consonant
data,nl,B1,971,Fußnote,zemteksta piezīme,Zemteksta piezīme,SAME_AS_LV_CASEFOLD,casefold_only
data,nl,B1,971,Fußnote,zemteksta piezīme,Zemteksta piezīme,LV_DIACRITIC,
data,nl,B1,971,Fußnote,zemteksta piezīme,Zemteksta piezīme,MARKER_LEAK,lv_macron_consonant
data,sl,B1,971,Fußnote,zemteksta piezīme,zemteksta piezīme,SAME_AS_LV_CASEFOLD,exact
data,sl,B1,971,Fußnote,zemteksta piezīme,zemteksta piezīme,LV_DIACRITIC,
data,sl,B1,971,Fußnote,zemteksta piezīme,zemteksta piezīme,MARKER_LEAK,lv_macron_consonant
data,bg,B1,971,Fußnote,zemteksta piezīme,Подтекстова бележка,FAMILY_COPY_STRICT,bg+hr+mk+sr
data,hr,B1,971,Fußnote,zemteksta piezīme,Подтекстова бележка,FAMILY_COPY_STRICT,bg+hr+mk+sr
data,mk,B1,971,Fußnote,zemteksta piezīme,Подтекстова бележка,FAMILY_COPY_STRICT,bg+hr+mk+sr
data,sr,B1,971,Fußnote,zemteksta piezīme,Подтекстова бележка,FAMILY_COPY_STRICT,bg+hr+mk+sr
data,fi,B1,971,Fußnote,zemteksta piezīme,Allmärkus,FAMILY_COPY_STRICT,fi+sv
data,sv,B1,971,Fußnote,zemteksta piezīme,Allmärkus,FAMILY_COPY_STRICT,fi+sv
data,is,B1,971,Fußnote,zemteksta piezīme,Allmarkus,FAMILY_COPY_STRICT,is+nb+nn
data,nb,B1,971,Fußnote,zemteksta piezīme,Allmarkus,FAMILY_COPY_STRICT,is+nb+nn
data,nn,B1,971,Fußnote,zemteksta piezīme,Allmarkus,FAMILY_COPY_STRICT,is+nb+nn
data,it,B1,971,Fußnote,zemteksta piezīme,Zemteksta piezīme,FAMILY_COPY_STRICT,it+lb+nl
data,lb,B1,971,Fußnote,zemteksta piezīme,Zemteksta piezīme,FAMILY_COPY_STRICT,it+lb+nl
data,nl,B1,971,Fußnote,zemteksta piezīme,Zemteksta piezīme,FAMILY_COPY_STRICT,it+lb+nl
data,pl,B1,971,Fußnote,zemteksta piezīme,Notatka podtekstowa,FAMILY_COPY_STRICT,pl+sk+sq+tr
data,sk,B1,971,Fußnote,zemteksta piezīme,Notatka podtekstowa,FAMILY_COPY_STRICT,pl+sk+sq+tr
data,sq,B1,971,Fußnote,zemteksta piezīme,Notatka podtekstowa,FAMILY_COPY_STRICT,pl+sk+sq+tr
data,tr,B1,971,Fußnote,zemteksta piezīme,Notatka podtekstowa,FAMILY_COPY_STRICT,pl+sk+sq+tr
data,it,B1,972,Futter,barība,Barība,SAME_AS_LV_CASEFOLD,casefold_only
data,it,B1,972,Futter,barība,Barība,LV_DIACRITIC,
data,it,B1,972,Futter,barība,Barība,MARKER_LEAK,lv_macron_consonant
data,lb,B1,972,Futter,barība,Barība,SAME_AS_LV_CASEFOLD,casefold_only
data,lb,B1,972,Futter,barība,Barība,LV_DIACRITIC,
data,lb,B1,972,Futter,barība,Barība,MARKER_LEAK,lv_macron_consonant
data,nl,B1,972,Futter,barība,Barība,SAME_AS_LV_CASEFOLD,casefold_only
data,nl,B1,972,Futter,barība,Barība,LV_DIACRITIC,
data,nl,B1,972,Futter,barība,Barība,MARKER_LEAK,lv_macron_consonant
data,sl,B1,972,Futter,barība,barība,SAME_AS_LV_CASEFOLD,exact
data,sl,B1,972,Futter,barība,barība,LV_DIACRITIC,
data,sl,B1,972,Futter,barība,barība,MARKER_LEAK,lv_macron_consonant
data,sr,B1,972,Futter,barība,Hrana,SCRIPT_MISMATCH,sr_as_cyrillic
data,sr,B1,972,Futter,barība,Hrana,MARKER_LEAK,latin_in_cyrillic
data,bg,B1,972,Futter,barība,Храна,FAMILY_COPY_STRICT,bg+mk
data,mk,B1,972,Futter,barība,Храна,FAMILY_COPY_STRICT,bg+mk
data,en,B1,972,Futter,barība,Feed,FAMILY_COPY_STRICT,en+sk
data,sk,B1,972,Futter,barība,Feed,FAMILY_COPY_STRICT,en+sk
data,fi,B1,972,Futter,barība,Sööt,FAMILY_COPY_STRICT,fi+is+nb+nn+sv
data,is,B1,972,Futter,barība,Sööt,FAMILY_COPY_STRICT,fi+is+nb+nn+sv
data,nb,B1,972,Futter,barība,Sööt,FAMILY_COPY_STRICT,fi+is+nb+nn+sv
data,nn,B1,972,Futter,barība,Sööt,FAMILY_COPY_STRICT,fi+is+nb+nn+sv
data,sv,B1,972,Futter,barība,Sööt,FAMILY_COPY_STRICT,fi+is+nb+nn+sv
data,hr,B1,972,Futter,barība,Hrana,FAMILY_COPY_STRICT,hr+ro+sr
data,ro,B1,972,Futter,barība,Hrana,FAMILY_COPY_STRICT,hr+ro+sr
data,sr,B1,972,Futter,barība,Hrana,FAMILY_COPY_STRICT,hr+ro+sr
data,it,B1,972,Futter,barība,Barība,FAMILY_COPY_STRICT,it+lb+nl
data,lb,B1,972,Futter,barība,Barība,FAMILY_COPY_STRICT,it+lb+nl
data,nl,B1,972,Futter,barība,Barība,FAMILY_COPY_STRICT,it+lb+nl
data,hr,B1,973,Gabe,talants,Талант,SCRIPT_MISMATCH,
data,hr,B1,973,Gabe,talants,Талант,MARKER_LEAK,foreign_script
data,lb,B1,973,Gabe,talants,Talants,SAME_AS_LV_CASEFOLD,casefold_only
data,nl,B1,973,Gabe,talants,Talants,SAME_AS_LV_CASEFOLD,casefold_only
data,sl,B1,973,Gabe,talants,talants,SAME_AS_LV_CASEFOLD,exact
data,bg,B1,973,Gabe,talants,Талант,FAMILY_COPY_STRICT,bg+hr+mk+ru+sr
data,hr,B1,973,Gabe,talants,Талант,FAMILY_COPY_STRICT,bg+hr+mk+ru+sr
data,mk,B1,973,Gabe,talants,Талант,FAMILY_COPY_STRICT,bg+hr+mk+ru+sr
data,ru,B1,973,Gabe,talants,Талант,FAMILY_COPY_STRICT,bg+hr+mk+ru+sr
data,sr,B1,973,Gabe,talants,Талант,FAMILY_COPY_STRICT,bg+hr+mk+ru+sr
data,lb,B1,973,Gabe,talants,Talants,FAMILY_COPY_STRICT,lb+nl
data,nl,B1,973,Gabe,talants,Talants,FAMILY_COPY_STRICT,lb+nl
data,sq,B1,973,Gabe,talants,Yetenek,FAMILY_COPY_STRICT,sq+tr
data,tr,B1,973,Gabe,talants,Yetenek,FAMILY_COPY_STRICT,sq+tr
data,hr,B1,974,gähnen,žāvāties,Зевање,SCRIPT_MISMATCH,
data,hr,B1,974,gähnen,žāvāties,Зевање,MARKER_LEAK,foreign_script
data,it,B1,974,gähnen,žāvāties,Žāvāties,SAME_AS_LV_CASEFOLD,casefold_only
data,it,B1,974,gähnen,žāvāties,Žāvāties,LV_DIACRITIC,
data,it,B1,974,gähnen,žāvāties,Žāvāties,MARKER_LEAK,lv_macron_consonant
data,lb,B1,974,gähnen,žāvāties,Žāvāties,SAME_AS_LV_CASEFOLD,casefold_only
data,lb,B1,974,gähnen,žāvāties,Žāvāties,LV_DIACRITIC,
data,lb,B1,974,gähnen,žāvāties,Žāvāties,MARKER_LEAK,lv_macron_consonant
data,nl,B1,974,gähnen,žāvāties,Žāvāties,SAME_AS_LV_CASEFOLD,casefold_only
data,nl,B1,974,gähnen,žāvāties,Žāvāties,LV_DIACRITIC,
data,nl,B1,974,gähnen,žāvāties,Žāvāties,MARKER_LEAK,lv_macron_consonant
data,pt,B1,974,gähnen,žāvāties,Žāvāties,SAME_AS_LV_CASEFOLD,casefold_only
data,pt,B1,974,gähnen,žāvāties,Žāvāties,LV_DIACRITIC,
data,pt,B1,974,gähnen,žāvāties,Žāvāties,MARKER_LEAK,lv_macron_consonant
data,sl,B1,974,gähnen,žāvāties,žāvāties,SAME_AS_LV_CASEFOLD,exact
data,sl,B1,974,gähnen,žāvāties,žāvāties,LV_DIACRITIC,
data,sl,B1,974,gähnen,žāvāties,žāvāties,MARKER_LEAK,lv_macron_consonant
data,fi,B1,974,gähnen,žāvāties,Haigutama,FAMILY_COPY_STRICT,fi+is+nb+nn+sv
data,is,B1,974,gähnen,žāvāties,Haigutama,FAMILY_COPY_STRICT,fi+is+nb+nn+sv
data,nb,B1,974,gähnen,žāvāties,Haigutama,FAMILY_COPY_STRICT,fi+is+nb+nn+sv
data,nn,B1,974,gähnen,žāvāties,Haigutama,FAMILY_COPY_STRICT,fi+is+nb+nn+sv
data,sv,B1,974,gähnen,žāvāties,Haigutama,FAMILY_COPY_STRICT,fi+is+nb+nn+sv
data,hr,B1,974,gähnen,žāvāties,Зевање,FAMILY_COPY_STRICT,hr+mk+sr
data,mk,B1,974,gähnen,žāvāties,Зевање,FAMILY_COPY_STRICT,hr+mk+sr
data,sr,B1,974,gähnen,žāvāties,Зевање,FAMILY_COPY_STRICT,hr+mk+sr
data,it,B1,974,gähnen,žāvāties,Žāvāties,FAMILY_COPY_STRICT,it+lb+nl+pt
data,lb,B1,974,gähnen,žāvāties,Žāvāties,FAMILY_COPY_STRICT,it+lb+nl+pt
data,nl,B1,974,gähnen,žāvāties,Žāvāties,FAMILY_COPY_STRICT,it+lb+nl+pt
data,pt,B1,974,gähnen,žāvāties,Žāvāties,FAMILY_COPY_STRICT,it+lb+nl+pt
data,pl,B1,974,gähnen,žāvāties,Ziewać,FAMILY_COPY_STRICT,pl+sk
data,sk,B1,974,gähnen,žāvāties,Ziewać,FAMILY_COPY_STRICT,pl+sk
data,sq,B1,974,gähnen,žāvāties,Esneme,FAMILY_COPY_STRICT,sq+tr
data,tr,B1,974,gähnen,žāvāties,Esneme,FAMILY_COPY_STRICT,sq+tr
data,hr,B1,975,Gänsebraten,zoss cepetis,Печена гуска,SCRIPT_MISMATCH,
data,hr,B1,975,Gänsebraten,zoss cepetis,Печена гуска,MARKER_LEAK,foreign_script
data,it,B1,975,Gänsebraten,zoss cepetis,Zoss cepetis,SAME_AS_LV_CASEFOLD,casefold_only
data,lb,B1,975,Gänsebraten,zoss cepetis,Zoss cepetis,SAME_AS_LV_CASEFOLD,casefold_only
data,nl,B1,975,Gänsebraten,zoss cepetis,Zoss cepetis,SAME_AS_LV_CASEFOLD,casefold_only
data,pt,B1,975,Gänsebraten,zoss cepetis,Zoss cepetis,SAME_AS_LV_CASEFOLD,casefold_only
data,sk,B1,975,Gänsebraten,zoss cepetis,Pieczona gęś,MARKER_LEAK,pl_l_s_z+pl_lt_nasal
data,sl,B1,975,Gänsebraten,zoss cepetis,zoss cepetis,SAME_AS_LV_CASEFOLD,exact
data,sq,B1,975,Gänsebraten,zoss cepetis,Kaz kızartma,MARKER_LEAK,tr_soft
data,fi,B1,975,Gänsebraten,zoss cepetis,Hanepraad,FAMILY_COPY_STRICT,fi+is+nb+nn+sv
data,is,B1,975,Gänsebraten,zoss cepetis,Hanepraad,FAMILY_COPY_STRICT,fi+is+nb+nn+sv
data,nb,B1,975,Gänsebraten,zoss cepetis,Hanepraad,FAMILY_COPY_STRICT,fi+is+nb+nn+sv
data,nn,B1,975,Gänsebraten,zoss cepetis,Hanepraad,FAMILY_COPY_STRICT,fi+is+nb+nn+sv
data,sv,B1,975,Gänsebraten,zoss cepetis,Hanepraad,FAMILY_COPY_STRICT,fi+is+nb+nn+sv
data,hr,B1,975,Gänsebraten,zoss cepetis,Печена гуска,FAMILY_COPY_STRICT,hr+mk+sr
data,mk,B1,975,Gänsebraten,zoss cepetis,Печена гуска,FAMILY_COPY_STRICT,hr+mk+sr
data,sr,B1,975,Gänsebraten,zoss cepetis,Печена гуска,FAMILY_COPY_STRICT,hr+mk+sr
data,it,B1,975,Gänsebraten,zoss cepetis,Zoss cepetis,FAMILY_COPY_STRICT,it+lb+nl+pt
data,lb,B1,975,Gänsebraten,zoss cepetis,Zoss cepetis,FAMILY_COPY_STRICT,it+lb+nl+pt
data,nl,B1,975,Gänsebraten,zoss cepetis,Zoss cepetis,FAMILY_COPY_STRICT,it+lb+nl+pt
data,pt,B1,975,Gänsebraten,zoss cepetis,Zoss cepetis,FAMILY_COPY_STRICT,it+lb+nl+pt
data,pl,B1,975,Gänsebraten,zoss cepetis,Pieczona gęś,FAMILY_COPY_STRICT,pl+sk
data,sk,B1,975,Gänsebraten,zoss cepetis,Pieczona gęś,FAMILY_COPY_STRICT,pl+sk
data,sq,B1,975,Gänsebraten,zoss cepetis,Kaz kızartma,FAMILY_COPY_STRICT,sq+tr
data,tr,B1,975,Gänsebraten,zoss cepetis,Kaz kızartma,FAMILY_COPY_STRICT,sq+tr
data,hr,B1,976,Gänsefüßchen,pēdiņas,Цитати,SCRIPT_MISMATCH,
data,hr,B1,976,Gänsefüßchen,pēdiņas,Цитати,MARKER_LEAK,foreign_script
data,it,B1,976,Gänsefüßchen,pēdiņas,Pēdiņas,SAME_AS_LV_CASEFOLD,casefold_only
data,it,B1,976,Gänsefüßchen,pēdiņas,Pēdiņas,LV_DIACRITIC,
data,it,B1,976,Gänsefüßchen,pēdiņas,Pēdiņas,MARKER_LEAK,lv_macron_consonant
data,lb,B1,976,Gänsefüßchen,pēdiņas,Pēdiņas,SAME_AS_LV_CASEFOLD,casefold_only
data,lb,B1,976,Gänsefüßchen,pēdiņas,Pēdiņas,LV_DIACRITIC,
data,lb,B1,976,Gänsefüßchen,pēdiņas,Pēdiņas,MARKER_LEAK,lv_macron_consonant
data,nl,B1,976,Gänsefüßchen,pēdiņas,Pēdiņas,SAME_AS_LV_CASEFOLD,casefold_only
data,nl,B1,976,Gänsefüßchen,pēdiņas,Pēdiņas,LV_DIACRITIC,
data,nl,B1,976,Gänsefüßchen,pēdiņas,Pēdiņas,MARKER_LEAK,lv_macron_consonant
data,sk,B1,976,Gänsefüßchen,pēdiņas,Cudzysłowy,MARKER_LEAK,pl_l_s_z
data,sl,B1,976,Gänsefüßchen,pēdiņas,pēdiņas,SAME_AS_LV_CASEFOLD,exact
data,sl,B1,976,Gänsefüßchen,pēdiņas,pēdiņas,LV_DIACRITIC,
data,sl,B1,976,Gänsefüßchen,pēdiņas,pēdiņas,MARKER_LEAK,lv_macron_consonant
data,sq,B1,976,Gänsefüßchen,pēdiņas,Tırnak işareti,MARKER_LEAK,tr_soft
data,bg,B1,976,Gänsefüßchen,pēdiņas,Цитати,FAMILY_COPY_STRICT,bg+hr+mk+sr
data,hr,B1,976,Gänsefüßchen,pēdiņas,Цитати,FAMILY_COPY_STRICT,bg+hr+mk+sr
data,mk,B1,976,Gänsefüßchen,pēdiņas,Цитати,FAMILY_COPY_STRICT,bg+hr+mk+sr
data,sr,B1,976,Gänsefüßchen,pēdiņas,Цитати,FAMILY_COPY_STRICT,bg+hr+mk+sr
data,fi,B1,976,Gänsefüßchen,pēdiņas,Jutumärgid,FAMILY_COPY_STRICT,fi+is+nb+nn+sv
data,is,B1,976,Gänsefüßchen,pēdiņas,Jutumärgid,FAMILY_COPY_STRICT,fi+is+nb+nn+sv
data,nb,B1,976,Gänsefüßchen,pēdiņas,Jutumärgid,FAMILY_COPY_STRICT,fi+is+nb+nn+sv
data,nn,B1,976,Gänsefüßchen,pēdiņas,Jutumärgid,FAMILY_COPY_STRICT,fi+is+nb+nn+sv
data,sv,B1,976,Gänsefüßchen,pēdiņas,Jutumärgid,FAMILY_COPY_STRICT,fi+is+nb+nn+sv
data,it,B1,976,Gänsefüßchen,pēdiņas,Pēdiņas,FAMILY_COPY_STRICT,it+lb+nl
data,lb,B1,976,Gänsefüßchen,pēdiņas,Pēdiņas,FAMILY_COPY_STRICT,it+lb+nl
data,nl,B1,976,Gänsefüßchen,pēdiņas,Pēdiņas,FAMILY_COPY_STRICT,it+lb+nl
data,pl,B1,976,Gänsefüßchen,pēdiņas,Cudzysłowy,FAMILY_COPY_STRICT,pl+sk
data,sk,B1,976,Gänsefüßchen,pēdiņas,Cudzysłowy,FAMILY_COPY_STRICT,pl+sk
data,sq,B1,976,Gänsefüßchen,pēdiņas,Tırnak işareti,FAMILY_COPY_STRICT,sq+tr
data,tr,B1,976,Gänsefüßchen,pēdiņas,Tırnak işareti,FAMILY_COPY_STRICT,sq+tr
data,hr,B1,977,Gänsehaut,zosāda,Настръхвам,SCRIPT_MISMATCH,
data,hr,B1,977,Gänsehaut,zosāda,Настръхвам,MARKER_LEAK,foreign_script
data,it,B1,977,Gänsehaut,zosāda,Zosāda,SAME_AS_LV_CASEFOLD,casefold_only
data,it,B1,977,Gänsehaut,zosāda,Zosāda,LV_DIACRITIC,
data,it,B1,977,Gänsehaut,zosāda,Zosāda,MARKER_LEAK,lv_macron_consonant
data,lb,B1,977,Gänsehaut,zosāda,Zosāda,SAME_AS_LV_CASEFOLD,casefold_only
data,lb,B1,977,Gänsehaut,zosāda,Zosāda,LV_DIACRITIC,
data,lb,B1,977,Gänsehaut,zosāda,Zosāda,MARKER_LEAK,lv_macron_consonant
data,nl,B1,977,Gänsehaut,zosāda,Zosāda,SAME_AS_LV_CASEFOLD,casefold_only
data,nl,B1,977,Gänsehaut,zosāda,Zosāda,LV_DIACRITIC,
data,nl,B1,977,Gänsehaut,zosāda,Zosāda,MARKER_LEAK,lv_macron_consonant
data,sk,B1,977,Gänsehaut,zosāda,Gęsia skórka,MARKER_LEAK,pl_lt_nasal
data,sl,B1,977,Gänsehaut,zosāda,zosāda,SAME_AS_LV_CASEFOLD,exact
data,sl,B1,977,Gänsehaut,zosāda,zosāda,LV_DIACRITIC,
data,sl,B1,977,Gänsehaut,zosāda,zosāda,MARKER_LEAK,lv_macron_consonant
data,bg,B1,977,Gänsehaut,zosāda,Настръхвам,FAMILY_COPY_STRICT,bg+hr+mk+sr
data,hr,B1,977,Gänsehaut,zosāda,Настръхвам,FAMILY_COPY_STRICT,bg+hr+mk+sr
data,mk,B1,977,Gänsehaut,zosāda,Настръхвам,FAMILY_COPY_STRICT,bg+hr+mk+sr
data,sr,B1,977,Gänsehaut,zosāda,Настръхвам,FAMILY_COPY_STRICT,bg+hr+mk+sr
data,fi,B1,977,Gänsehaut,zosāda,Kananahk,FAMILY_COPY_STRICT,fi+is+nb+nn+sv
data,is,B1,977,Gänsehaut,zosāda,Kananahk,FAMILY_COPY_STRICT,fi+is+nb+nn+sv
data,nb,B1,977,Gänsehaut,zosāda,Kananahk,FAMILY_COPY_STRICT,fi+is+nb+nn+sv
data,nn,B1,977,Gänsehaut,zosāda,Kananahk,FAMILY_COPY_STRICT,fi+is+nb+nn+sv
data,sv,B1,977,Gänsehaut,zosāda,Kananahk,FAMILY_COPY_STRICT,fi+is+nb+nn+sv
data,it,B1,977,Gänsehaut,zosāda,Zosāda,FAMILY_COPY_STRICT,it+lb+nl
data,lb,B1,977,Gänsehaut,zosāda,Zosāda,FAMILY_COPY_STRICT,it+lb+nl
data,nl,B1,977,Gänsehaut,zosāda,Zosāda,FAMILY_COPY_STRICT,it+lb+nl
data,pl,B1,977,Gänsehaut,zosāda,Gęsia skórka,FAMILY_COPY_STRICT,pl+sk
data,sk,B1,977,Gänsehaut,zosāda,Gęsia skórka,FAMILY_COPY_STRICT,pl+sk
data,sq,B1,977,Gänsehaut,zosāda,Sürüngenler,FAMILY_COPY_STRICT,sq+tr
data,tr,B1,977,Gänsehaut,zosāda,Sürüngenler,FAMILY_COPY_STRICT,sq+tr
data,hr,B1,978,ganztägig,visas dienas garumā • veselu dienu ilgs,Цял ден • Цял ден,SCRIPT_MISMATCH,
data,hr,B1,978,ganztägig,visas dienas garumā • veselu dienu ilgs,Цял ден • Цял ден,MARKER_LEAK,foreign_script
data,it,B1,978,ganztägig,visas dienas garumā • veselu dienu ilgs,Visas dienas garumā • Veselu dienu ilgs,SAME_AS_LV_CASEFOLD,casefold_only
data,it,B1,978,ganztägig,visas dienas garumā • veselu dienu ilgs,Visas dienas garumā • Veselu dienu ilgs,LV_DIACRITIC,
data,it,B1,978,ganztägig,visas dienas garumā • veselu dienu ilgs,Visas dienas garumā • Veselu dienu ilgs,MARKER_LEAK,lv_macron_consonant
data,lb,B1,978,ganztägig,visas dienas garumā • veselu dienu ilgs,Visas dienas garumā • Veselu dienu ilgs,SAME_AS_LV_CASEFOLD,casefold_only
data,lb,B1,978,ganztägig,visas dienas garumā • veselu dienu ilgs,Visas dienas garumā • Veselu dienu ilgs,LV_DIACRITIC,
data,lb,B1,978,ganztägig,visas dienas garumā • veselu dienu ilgs,Visas dienas garumā • Veselu dienu ilgs,MARKER_LEAK,lv_macron_consonant
data,nl,B1,978,ganztägig,visas dienas garumā • veselu dienu ilgs,Visas dienas garumā • Veselu dienu ilgs,SAME_AS_LV_CASEFOLD,casefold_only
data,nl,B1,978,ganztägig,visas dienas garumā • veselu dienu ilgs,Visas dienas garumā • Veselu dienu ilgs,LV_DIACRITIC,
data,nl,B1,978,ganztägig,visas dienas garumā • veselu dienu ilgs,Visas dienas garumā • Veselu dienu ilgs,MARKER_LEAK,lv_macron_consonant
data,pt,B1,978,ganztägig,visas dienas garumā • veselu dienu ilgs,Vistos dienas garumā • Veselu dienu ilgs,LV_DIACRITIC,
data,pt,B1,978,ganztägig,visas dienas garumā • veselu dienu ilgs,Vistos dienas garumā • Veselu dienu ilgs,MARKER_LEAK,lv_macron_consonant
data,sk,B1,978,ganztägig,visas dienas garumā • veselu dienu ilgs,Cały dzień • Cały dzień,MARKER_LEAK,pl_l_s_z
data,sl,B1,978,ganztägig,visas dienas garumā • veselu dienu ilgs,visas dienas garumā • veselu dienu ilgs,SAME_AS_LV_CASEFOLD,exact
data,sl,B1,978,ganztägig,visas dienas garumā • veselu dienu ilgs,visas dienas garumā • veselu dienu ilgs,LV_DIACRITIC,
data,sl,B1,978,ganztägig,visas dienas garumā • veselu dienu ilgs,visas dienas garumā • veselu dienu ilgs,MARKER_LEAK,lv_macron_consonant
data,bg,B1,978,ganztägig,visas dienas garumā • veselu dienu ilgs,Цял ден • Цял ден,FAMILY_COPY_STRICT,bg+hr+mk+sr
data,hr,B1,978,ganztägig,visas dienas garumā • veselu dienu ilgs,Цял ден • Цял ден,FAMILY_COPY_STRICT,bg+hr+mk+sr
data,mk,B1,978,ganztägig,visas dienas garumā • veselu dienu ilgs,Цял ден • Цял ден,FAMILY_COPY_STRICT,bg+hr+mk+sr
data,sr,B1,978,ganztägig,visas dienas garumā • veselu dienu ilgs,Цял ден • Цял ден,FAMILY_COPY_STRICT,bg+hr+mk+sr
data,fi,B1,978,ganztägig,visas dienas garumā • veselu dienu ilgs,Kogu päeva kestev • Terve päeva pikkune,FAMILY_COPY_STRICT,fi+is+nb+nn+sv
data,is,B1,978,ganztägig,visas dienas garumā • veselu dienu ilgs,Kogu päeva kestev • Terve päeva pikkune,FAMILY_COPY_STRICT,fi+is+nb+nn+sv
data,nb,B1,978,ganztägig,visas dienas garumā • veselu dienu ilgs,Kogu päeva kestev • Terve päeva pikkune,FAMILY_COPY_STRICT,fi+is+nb+nn+sv
data,nn,B1,978,ganztägig,visas dienas garumā • veselu dienu ilgs,Kogu päeva kestev • Terve päeva pikkune,FAMILY_COPY_STRICT,fi+is+nb+nn+sv
data,sv,B1,978,ganztägig,visas dienas garumā • veselu dienu ilgs,Kogu päeva kestev • Terve päeva pikkune,FAMILY_COPY_STRICT,fi+is+nb+nn+sv
data,it,B1,978,ganztägig,visas dienas garumā • veselu dienu ilgs,Visas dienas garumā • Veselu dienu ilgs,FAMILY_COPY_STRICT,it+lb+nl
data,lb,B1,978,ganztägig,visas dienas garumā • veselu dienu ilgs,Visas dienas garumā • Veselu dienu ilgs,FAMILY_COPY_STRICT,it+lb+nl
data,nl,B1,978,ganztägig,visas dienas garumā • veselu dienu ilgs,Visas dienas garumā • Veselu dienu ilgs,FAMILY_COPY_STRICT,it+lb+nl
data,pl,B1,978,ganztägig,visas dienas garumā • veselu dienu ilgs,Cały dzień • Cały dzień,FAMILY_COPY_STRICT,pl+sk
data,sk,B1,978,ganztägig,visas dienas garumā • veselu dienu ilgs,Cały dzień • Cały dzień,FAMILY_COPY_STRICT,pl+sk
data,sq,B1,978,ganztägig,visas dienas garumā • veselu dienu ilgs,Tüm gün • Tüm gün,FAMILY_COPY_STRICT,sq+tr
data,tr,B1,978,ganztägig,visas dienas garumā • veselu dienu ilgs,Tüm gün • Tüm gün,FAMILY_COPY_STRICT,sq+tr
data,hr,B1,979,Garantie,garantija,Гаранция,SCRIPT_MISMATCH,
data,hr,B1,979,Garantie,garantija,Гаранция,MARKER_LEAK,foreign_script
data,it,B1,979,Garantie,garantija,Garantija,SAME_AS_LV_CASEFOLD,casefold_only
data,lb,B1,979,Garantie,garantija,Garantija,SAME_AS_LV_CASEFOLD,casefold_only
data,lt,B1,979,Garantie,garantija,garantija,SAME_AS_LV_CASEFOLD,exact
data,nl,B1,979,Garantie,garantija,Garantija,SAME_AS_LV_CASEFOLD,casefold_only
data,sl,B1,979,Garantie,garantija,garantija,SAME_AS_LV_CASEFOLD,exact
data,bg,B1,979,Garantie,garantija,Гаранция,FAMILY_COPY_STRICT,bg+hr+mk+sr
data,hr,B1,979,Garantie,garantija,Гаранция,FAMILY_COPY_STRICT,bg+hr+mk+sr
data,mk,B1,979,Garantie,garantija,Гаранция,FAMILY_COPY_STRICT,bg+hr+mk+sr
data,sr,B1,979,Garantie,garantija,Гаранция,FAMILY_COPY_STRICT,bg+hr+mk+sr
data,fi,B1,979,Garantie,garantija,Garantii,FAMILY_COPY_STRICT,fi+is+nb+nn+sv
data,is,B1,979,Garantie,garantija,Garantii,FAMILY_COPY_STRICT,fi+is+nb+nn+sv
data,nb,B1,979,Garantie,garantija,Garantii,FAMILY_COPY_STRICT,fi+is+nb+nn+sv
data,nn,B1,979,Garantie,garantija,Garantii,FAMILY_COPY_STRICT,fi+is+nb+nn+sv
data,sv,B1,979,Garantie,garantija,Garantii,FAMILY_COPY_STRICT,fi+is+nb+nn+sv
data,it,B1,979,Garantie,garantija,Garantija,FAMILY_COPY_STRICT,it+lb+nl
data,lb,B1,979,Garantie,garantija,Garantija,FAMILY_COPY_STRICT,it+lb+nl
data,nl,B1,979,Garantie,garantija,Garantija,FAMILY_COPY_STRICT,it+lb+nl
data,pl,B1,979,Garantie,garantija,Gwarancja,FAMILY_COPY_STRICT,pl+sk+sq+tr
data,sk,B1,979,Garantie,garantija,Gwarancja,FAMILY_COPY_STRICT,pl+sk+sq+tr
data,sq,B1,979,Garantie,garantija,Gwarancja,FAMILY_COPY_STRICT,pl+sk+sq+tr
data,tr,B1,979,Garantie,garantija,Gwarancja,FAMILY_COPY_STRICT,pl+sk+sq+tr
data,fi,B1,980,Garn,dzija,Lõng,MARKER_LEAK,et_otilde
data,hr,B1,980,Garn,dzija,Прежда,SCRIPT_MISMATCH,
data,hr,B1,980,Garn,dzija,Прежда,MARKER_LEAK,foreign_script
data,is,B1,980,Garn,dzija,Lõng,MARKER_LEAK,et_otilde
data,it,B1,980,Garn,dzija,Dzija,SAME_AS_LV_CASEFOLD,casefold_only
data,lb,B1,980,Garn,dzija,Dzija,SAME_AS_LV_CASEFOLD,casefold_only
data,nb,B1,980,Garn,dzija,Lõng,MARKER_LEAK,et_otilde
data,nl,B1,980,Garn,dzija,Dzija,SAME_AS_LV_CASEFOLD,casefold_only
data,nn,B1,980,Garn,dzija,Lõng,MARKER_LEAK,et_otilde
data,pt,B1,980,Garn,dzija,Dzija,SAME_AS_LV_CASEFOLD,casefold_only
data,sk,B1,980,Garn,dzija,Przędza,MARKER_LEAK,pl_lt_nasal
data,sl,B1,980,Garn,dzija,dzija,SAME_AS_LV_CASEFOLD,exact
data,sv,B1,980,Garn,dzija,Lõng,MARKER_LEAK,et_otilde
data,bg,B1,980,Garn,dzija,Прежда,FAMILY_COPY_STRICT,bg+hr+mk+sr
data,hr,B1,980,Garn,dzija,Прежда,FAMILY_COPY_STRICT,bg+hr+mk+sr
data,mk,B1,980,Garn,dzija,Прежда,FAMILY_COPY_STRICT,bg+hr+mk+sr
data,sr,B1,980,Garn,dzija,Прежда,FAMILY_COPY_STRICT,bg+hr+mk+sr
data,fi,B1,980,Garn,dzija,Lõng,FAMILY_COPY_STRICT,fi+is+nb+nn+sv
data,is,B1,980,Garn,dzija,Lõng,FAMILY_COPY_STRICT,fi+is+nb+nn+sv
data,nb,B1,980,Garn,dzija,Lõng,FAMILY_COPY_STRICT,fi+is+nb+nn+sv
data,nn,B1,980,Garn,dzija,Lõng,FAMILY_COPY_STRICT,fi+is+nb+nn+sv
data,sv,B1,980,Garn,dzija,Lõng,FAMILY_COPY_STRICT,fi+is+nb+nn+sv
data,it,B1,980,Garn,dzija,Dzija,FAMILY_COPY_STRICT,it+lb+nl+pt
data,lb,B1,980,Garn,dzija,Dzija,FAMILY_COPY_STRICT,it+lb+nl+pt
data,nl,B1,980,Garn,dzija,Dzija,FAMILY_COPY_STRICT,it+lb+nl+pt
data,pt,B1,980,Garn,dzija,Dzija,FAMILY_COPY_STRICT,it+lb+nl+pt
data,pl,B1,980,Garn,dzija,Przędza,FAMILY_COPY_STRICT,pl+sk
data,sk,B1,980,Garn,dzija,Przędza,FAMILY_COPY_STRICT,pl+sk
data,hr,B1,981,Garnele,garnele,Скариди,SCRIPT_MISMATCH,
data,hr,B1,981,Garnele,garnele,Скариди,MARKER_LEAK,foreign_script
data,it,B1,981,Garnele,garnele,Garnele,SAME_AS_LV_CASEFOLD,casefold_only
data,lb,B1,981,Garnele,garnele,Garnele,SAME_AS_LV_CASEFOLD,casefold_only
data,nl,B1,981,Garnele,garnele,Garnele,SAME_AS_LV_CASEFOLD,casefold_only
data,pt,B1,981,Garnele,garnele,Garnele,SAME_AS_LV_CASEFOLD,casefold_only
data,sl,B1,981,Garnele,garnele,garnele,SAME_AS_LV_CASEFOLD,exact
data,uk,B1,981,Garnele,garnele,garnele,SAME_AS_LV_CASEFOLD,exact
data,uk,B1,981,Garnele,garnele,garnele,SCRIPT_MISMATCH,
data,uk,B1,981,Garnele,garnele,garnele,MARKER_LEAK,latin_in_cyrillic
data,bg,B1,981,Garnele,garnele,Скариди,FAMILY_COPY_STRICT,bg+hr+mk+sr
data,hr,B1,981,Garnele,garnele,Скариди,FAMILY_COPY_STRICT,bg+hr+mk+sr
data,mk,B1,981,Garnele,garnele,Скариди,FAMILY_COPY_STRICT,bg+hr+mk+sr
data,sr,B1,981,Garnele,garnele,Скариди,FAMILY_COPY_STRICT,bg+hr+mk+sr
data,fi,B1,981,Garnele,garnele,Krevett,FAMILY_COPY_STRICT,fi+is+nb+nn+sv
data,is,B1,981,Garnele,garnele,Krevett,FAMILY_COPY_STRICT,fi+is+nb+nn+sv
data,nb,B1,981,Garnele,garnele,Krevett,FAMILY_COPY_STRICT,fi+is+nb+nn+sv
data,nn,B1,981,Garnele,garnele,Krevett,FAMILY_COPY_STRICT,fi+is+nb+nn+sv
data,sv,B1,981,Garnele,garnele,Krevett,FAMILY_COPY_STRICT,fi+is+nb+nn+sv
data,pl,B1,981,Garnele,garnele,Krewetka,FAMILY_COPY_STRICT,pl+sk+sq+tr
data,sk,B1,981,Garnele,garnele,Krewetka,FAMILY_COPY_STRICT,pl+sk+sq+tr
data,sq,B1,981,Garnele,garnele,Krewetka,FAMILY_COPY_STRICT,pl+sk+sq+tr
data,tr,B1,981,Garnele,garnele,Krewetka,FAMILY_COPY_STRICT,pl+sk+sq+tr
data,hr,B1,982,Gartenbau,dārzkopība,Градинарство,SCRIPT_MISMATCH,
data,hr,B1,982,Gartenbau,dārzkopība,Градинарство,MARKER_LEAK,foreign_script
data,it,B1,982,Gartenbau,dārzkopība,Dārzkopība,SAME_AS_LV_CASEFOLD,casefold_only
data,it,B1,982,Gartenbau,dārzkopība,Dārzkopība,LV_DIACRITIC,
data,it,B1,982,Gartenbau,dārzkopība,Dārzkopība,MARKER_LEAK,lv_macron_consonant
data,lb,B1,982,Gartenbau,dārzkopība,Dārzkopība,SAME_AS_LV_CASEFOLD,casefold_only
data,lb,B1,982,Gartenbau,dārzkopība,Dārzkopība,LV_DIACRITIC,
data,lb,B1,982,Gartenbau,dārzkopība,Dārzkopība,MARKER_LEAK,lv_macron_consonant
data,nl,B1,982,Gartenbau,dārzkopība,Dārzkopība,SAME_AS_LV_CASEFOLD,casefold_only
data,nl,B1,982,Gartenbau,dārzkopība,Dārzkopība,LV_DIACRITIC,
data,nl,B1,982,Gartenbau,dārzkopība,Dārzkopība,MARKER_LEAK,lv_macron_consonant
data,sl,B1,982,Gartenbau,dārzkopība,dārzkopība,SAME_AS_LV_CASEFOLD,exact
data,sl,B1,982,Gartenbau,dārzkopība,dārzkopība,LV_DIACRITIC,
data,sl,B1,982,Gartenbau,dārzkopība,dārzkopība,MARKER_LEAK,lv_macron_consonant
data,bg,B1,982,Gartenbau,dārzkopība,Градинарство,FAMILY_COPY_STRICT,bg+hr+mk+sr
data,hr,B1,982,Gartenbau,dārzkopība,Градинарство,FAMILY_COPY_STRICT,bg+hr+mk+sr
data,mk,B1,982,Gartenbau,dārzkopība,Градинарство,FAMILY_COPY_STRICT,bg+hr+mk+sr
data,sr,B1,982,Gartenbau,dārzkopība,Градинарство,FAMILY_COPY_STRICT,bg+hr+mk+sr
data,fi,B1,982,Gartenbau,dārzkopība,Aiandus,FAMILY_COPY_STRICT,fi+is+nb+nn+sv
data,is,B1,982,Gartenbau,dārzkopība,Aiandus,FAMILY_COPY_STRICT,fi+is+nb+nn+sv
data,nb,B1,982,Gartenbau,dārzkopība,Aiandus,FAMILY_COPY_STRICT,fi+is+nb+nn+sv
data,nn,B1,982,Gartenbau,dārzkopība,Aiandus,FAMILY_COPY_STRICT,fi+is+nb+nn+sv
data,sv,B1,982,Gartenbau,dārzkopība,Aiandus,FAMILY_COPY_STRICT,fi+is+nb+nn+sv
data,it,B1,982,Gartenbau,dārzkopība,Dārzkopība,FAMILY_COPY_STRICT,it+lb+nl
data,lb,B1,982,Gartenbau,dārzkopība,Dārzkopība,FAMILY_COPY_STRICT,it+lb+nl
data,nl,B1,982,Gartenbau,dārzkopība,Dārzkopība,FAMILY_COPY_STRICT,it+lb+nl
data,pl,B1,982,Gartenbau,dārzkopība,Ogrodnictwo,FAMILY_COPY_STRICT,pl+sq+tr
data,sq,B1,982,Gartenbau,dārzkopība,Ogrodnictwo,FAMILY_COPY_STRICT,pl+sq+tr
data,tr,B1,982,Gartenbau,dārzkopība,Ogrodnictwo,FAMILY_COPY_STRICT,pl+sq+tr
data,hr,B1,983,Gasfeuerzeug,gāzes šķiltavas,Газова запалка,SCRIPT_MISMATCH,
data,hr,B1,983,Gasfeuerzeug,gāzes šķiltavas,Газова запалка,MARKER_LEAK,foreign_script
data,sl,B1,983,Gasfeuerzeug,gāzes šķiltavas,gāzes šķiltavas,SAME_AS_LV_CASEFOLD,exact
data,sl,B1,983,Gasfeuerzeug,gāzes šķiltavas,gāzes šķiltavas,LV_DIACRITIC,
data,sl,B1,983,Gasfeuerzeug,gāzes šķiltavas,gāzes šķiltavas,MARKER_LEAK,lv_macron_consonant
data,bg,B1,983,Gasfeuerzeug,gāzes šķiltavas,Газова запалка,FAMILY_COPY_STRICT,bg+hr+mk+sr
data,hr,B1,983,Gasfeuerzeug,gāzes šķiltavas,Газова запалка,FAMILY_COPY_STRICT,bg+hr+mk+sr
data,mk,B1,983,Gasfeuerzeug,gāzes šķiltavas,Газова запалка,FAMILY_COPY_STRICT,bg+hr+mk+sr
data,sr,B1,983,Gasfeuerzeug,gāzes šķiltavas,Газова запалка,FAMILY_COPY_STRICT,bg+hr+mk+sr
data,da,B1,983,Gasfeuerzeug,gāzes šķiltavas,Gas lighter,FAMILY_COPY_STRICT,da+en
data,en,B1,983,Gasfeuerzeug,gāzes šķiltavas,Gas lighter,FAMILY_COPY_STRICT,da+en
data,fi,B1,983,Gasfeuerzeug,gāzes šķiltavas,Gaasitulemasin,FAMILY_COPY_STRICT,fi+is+nb+nn+sv
data,is,B1,983,Gasfeuerzeug,gāzes šķiltavas,Gaasitulemasin,FAMILY_COPY_STRICT,fi+is+nb+nn+sv
data,nb,B1,983,Gasfeuerzeug,gāzes šķiltavas,Gaasitulemasin,FAMILY_COPY_STRICT,fi+is+nb+nn+sv
data,nn,B1,983,Gasfeuerzeug,gāzes šķiltavas,Gaasitulemasin,FAMILY_COPY_STRICT,fi+is+nb+nn+sv
data,sv,B1,983,Gasfeuerzeug,gāzes šķiltavas,Gaasitulemasin,FAMILY_COPY_STRICT,fi+is+nb+nn+sv
data,it,B1,983,Gasfeuerzeug,gāzes šķiltavas,Gasaansteker,FAMILY_COPY_STRICT,it+lb+nl+pt
data,lb,B1,983,Gasfeuerzeug,gāzes šķiltavas,Gasaansteker,FAMILY_COPY_STRICT,it+lb+nl+pt
data,nl,B1,983,Gasfeuerzeug,gāzes šķiltavas,Gasaansteker,FAMILY_COPY_STRICT,it+lb+nl+pt
data,pt,B1,983,Gasfeuerzeug,gāzes šķiltavas,Gasaansteker,FAMILY_COPY_STRICT,it+lb+nl+pt
data,pl,B1,983,Gasfeuerzeug,gāzes šķiltavas,Zapalniczka gazowa,FAMILY_COPY_STRICT,pl+sk+sq+tr
data,sk,B1,983,Gasfeuerzeug,gāzes šķiltavas,Zapalniczka gazowa,FAMILY_COPY_STRICT,pl+sk+sq+tr
data,sq,B1,983,Gasfeuerzeug,gāzes šķiltavas,Zapalniczka gazowa,FAMILY_COPY_STRICT,pl+sk+sq+tr
data,tr,B1,983,Gasfeuerzeug,gāzes šķiltavas,Zapalniczka gazowa,FAMILY_COPY_STRICT,pl+sk+sq+tr
data,fi,B1,984,Gasgeruch,gāzes smaka,Gaasilõhn,MARKER_LEAK,et_otilde
data,hr,B1,984,Gasgeruch,gāzes smaka,Мирисот на гас,SCRIPT_MISMATCH,
data,hr,B1,984,Gasgeruch,gāzes smaka,Мирисот на гас,MARKER_LEAK,foreign_script
data,is,B1,984,Gasgeruch,gāzes smaka,Gaasilõhn,MARKER_LEAK,et_otilde
data,it,B1,984,Gasgeruch,gāzes smaka,Gāzes smaka,SAME_AS_LV_CASEFOLD,casefold_only
data,it,B1,984,Gasgeruch,gāzes smaka,Gāzes smaka,LV_DIACRITIC,
data,it,B1,984,Gasgeruch,gāzes smaka,Gāzes smaka,MARKER_LEAK,lv_macron_consonant
data,lb,B1,984,Gasgeruch,gāzes smaka,Gāzes smaka,SAME_AS_LV_CASEFOLD,casefold_only
data,lb,B1,984,Gasgeruch,gāzes smaka,Gāzes smaka,LV_DIACRITIC,
data,lb,B1,984,Gasgeruch,gāzes smaka,Gāzes smaka,MARKER_LEAK,lv_macron_consonant
data,nb,B1,984,Gasgeruch,gāzes smaka,Gaasilõhn,MARKER_LEAK,et_otilde
data,nl,B1,984,Gasgeruch,gāzes smaka,Gāzes smaka,SAME_AS_LV_CASEFOLD,casefold_only
data,nl,B1,984,Gasgeruch,gāzes smaka,Gāzes smaka,LV_DIACRITIC,
data,nl,B1,984,Gasgeruch,gāzes smaka,Gāzes smaka,MARKER_LEAK,lv_macron_consonant
data,nn,B1,984,Gasgeruch,gāzes smaka,Gaasilõhn,MARKER_LEAK,et_otilde
data,sl,B1,984,Gasgeruch,gāzes smaka,gāzes smaka,SAME_AS_LV_CASEFOLD,exact
data,sl,B1,984,Gasgeruch,gāzes smaka,gāzes smaka,LV_DIACRITIC,
data,sl,B1,984,Gasgeruch,gāzes smaka,gāzes smaka,MARKER_LEAK,lv_macron_consonant
data,sv,B1,984,Gasgeruch,gāzes smaka,Gaasilõhn,MARKER_LEAK,et_otilde
data,fi,B1,984,Gasgeruch,gāzes smaka,Gaasilõhn,FAMILY_COPY_STRICT,fi+is+nb+nn+sv
data,is,B1,984,Gasgeruch,gāzes smaka,Gaasilõhn,FAMILY_COPY_STRICT,fi+is+nb+nn+sv
data,nb,B1,984,Gasgeruch,gāzes smaka,Gaasilõhn,FAMILY_COPY_STRICT,fi+is+nb+nn+sv
data,nn,B1,984,Gasgeruch,gāzes smaka,Gaasilõhn,FAMILY_COPY_STRICT,fi+is+nb+nn+sv
data,sv,B1,984,Gasgeruch,gāzes smaka,Gaasilõhn,FAMILY_COPY_STRICT,fi+is+nb+nn+sv
data,hr,B1,984,Gasgeruch,gāzes smaka,Мирисот на гас,FAMILY_COPY_STRICT,hr+mk+sr
data,mk,B1,984,Gasgeruch,gāzes smaka,Мирисот на гас,FAMILY_COPY_STRICT,hr+mk+sr
data,sr,B1,984,Gasgeruch,gāzes smaka,Мирисот на гас,FAMILY_COPY_STRICT,hr+mk+sr
data,it,B1,984,Gasgeruch,gāzes smaka,Gāzes smaka,FAMILY_COPY_STRICT,it+lb+nl
data,lb,B1,984,Gasgeruch,gāzes smaka,Gāzes smaka,FAMILY_COPY_STRICT,it+lb+nl
data,nl,B1,984,Gasgeruch,gāzes smaka,Gāzes smaka,FAMILY_COPY_STRICT,it+lb+nl
data,pl,B1,984,Gasgeruch,gāzes smaka,Zapach gazu,FAMILY_COPY_STRICT,pl+sk+sq+tr
data,sk,B1,984,Gasgeruch,gāzes smaka,Zapach gazu,FAMILY_COPY_STRICT,pl+sk+sq+tr
data,sq,B1,984,Gasgeruch,gāzes smaka,Zapach gazu,FAMILY_COPY_STRICT,pl+sk+sq+tr
data,tr,B1,984,Gasgeruch,gāzes smaka,Zapach gazu,FAMILY_COPY_STRICT,pl+sk+sq+tr
data,hr,B1,985,Gashahn,gāzes krāns,Газов кран,SCRIPT_MISMATCH,
data,hr,B1,985,Gashahn,gāzes krāns,Газов кран,MARKER_LEAK,foreign_script
data,it,B1,985,Gashahn,gāzes krāns,Gāzes krāns,SAME_AS_LV_CASEFOLD,casefold_only
data,it,B1,985,Gashahn,gāzes krāns,Gāzes krāns,LV_DIACRITIC,
data,it,B1,985,Gashahn,gāzes krāns,Gāzes krāns,MARKER_LEAK,lv_macron_consonant
data,lb,B1,985,Gashahn,gāzes krāns,Gāzes krāns,SAME_AS_LV_CASEFOLD,casefold_only
data,lb,B1,985,Gashahn,gāzes krāns,Gāzes krāns,LV_DIACRITIC,
data,lb,B1,985,Gashahn,gāzes krāns,Gāzes krāns,MARKER_LEAK,lv_macron_consonant
data,nl,B1,985,Gashahn,gāzes krāns,Gāzes krāns,SAME_AS_LV_CASEFOLD,casefold_only
data,nl,B1,985,Gashahn,gāzes krāns,Gāzes krāns,LV_DIACRITIC,
data,nl,B1,985,Gashahn,gāzes krāns,Gāzes krāns,MARKER_LEAK,lv_macron_consonant
data,sl,B1,985,Gashahn,gāzes krāns,gāzes krāns,SAME_AS_LV_CASEFOLD,exact
data,sl,B1,985,Gashahn,gāzes krāns,gāzes krāns,LV_DIACRITIC,
data,sl,B1,985,Gashahn,gāzes krāns,gāzes krāns,MARKER_LEAK,lv_macron_consonant
data,bg,B1,985,Gashahn,gāzes krāns,Газов кран,FAMILY_COPY_STRICT,bg+hr+mk+sr
data,hr,B1,985,Gashahn,gāzes krāns,Газов кран,FAMILY_COPY_STRICT,bg+hr+mk+sr
data,mk,B1,985,Gashahn,gāzes krāns,Газов кран,FAMILY_COPY_STRICT,bg+hr+mk+sr
data,sr,B1,985,Gashahn,gāzes krāns,Газов кран,FAMILY_COPY_STRICT,bg+hr+mk+sr
data,fi,B1,985,Gashahn,gāzes krāns,Gaasikraan,FAMILY_COPY_STRICT,fi+is+nb+nn+sv
data,is,B1,985,Gashahn,gāzes krāns,Gaasikraan,FAMILY_COPY_STRICT,fi+is+nb+nn+sv
data,nb,B1,985,Gashahn,gāzes krāns,Gaasikraan,FAMILY_COPY_STRICT,fi+is+nb+nn+sv
data,nn,B1,985,Gashahn,gāzes krāns,Gaasikraan,FAMILY_COPY_STRICT,fi+is+nb+nn+sv
data,sv,B1,985,Gashahn,gāzes krāns,Gaasikraan,FAMILY_COPY_STRICT,fi+is+nb+nn+sv
data,fr,B1,985,Gashahn,gāzes krāns,Robinet de gaz,FAMILY_COPY_STRICT,fr+ro
data,ro,B1,985,Gashahn,gāzes krāns,Robinet de gaz,FAMILY_COPY_STRICT,fr+ro
data,it,B1,985,Gashahn,gāzes krāns,Gāzes krāns,FAMILY_COPY_STRICT,it+lb+nl
data,lb,B1,985,Gashahn,gāzes krāns,Gāzes krāns,FAMILY_COPY_STRICT,it+lb+nl
data,nl,B1,985,Gashahn,gāzes krāns,Gāzes krāns,FAMILY_COPY_STRICT,it+lb+nl
data,pl,B1,985,Gashahn,gāzes krāns,Kran gazowy,FAMILY_COPY_STRICT,pl+sk+sq+tr
data,sk,B1,985,Gashahn,gāzes krāns,Kran gazowy,FAMILY_COPY_STRICT,pl+sk+sq+tr
data,sq,B1,985,Gashahn,gāzes krāns,Kran gazowy,FAMILY_COPY_STRICT,pl+sk+sq+tr
data,tr,B1,985,Gashahn,gāzes krāns,Kran gazowy,FAMILY_COPY_STRICT,pl+sk+sq+tr
data,hr,B1,986,Gasherd,gāzes pavards,Газова печка,SCRIPT_MISMATCH,
data,hr,B1,986,Gasherd,gāzes pavards,Газова печка,MARKER_LEAK,foreign_script
data,it,B1,986,Gasherd,gāzes pavards,Gāzes pavards,SAME_AS_LV_CASEFOLD,casefold_only
data,it,B1,986,Gasherd,gāzes pavards,Gāzes pavards,LV_DIACRITIC,
data,it,B1,986,Gasherd,gāzes pavards,Gāzes pavards,MARKER_LEAK,lv_macron_consonant
data,lb,B1,986,Gasherd,gāzes pavards,Gāzes pavards,SAME_AS_LV_CASEFOLD,casefold_only
data,lb,B1,986,Gasherd,gāzes pavards,Gāzes pavards,LV_DIACRITIC,
data,lb,B1,986,Gasherd,gāzes pavards,Gāzes pavards,MARKER_LEAK,lv_macron_consonant
data,nl,B1,986,Gasherd,gāzes pavards,Gāzes pavards,SAME_AS_LV_CASEFOLD,casefold_only
data,nl,B1,986,Gasherd,gāzes pavards,Gāzes pavards,LV_DIACRITIC,
data,nl,B1,986,Gasherd,gāzes pavards,Gāzes pavards,MARKER_LEAK,lv_macron_consonant
data,sl,B1,986,Gasherd,gāzes pavards,gāzes pavards,SAME_AS_LV_CASEFOLD,exact
data,sl,B1,986,Gasherd,gāzes pavards,gāzes pavards,LV_DIACRITIC,
data,sl,B1,986,Gasherd,gāzes pavards,gāzes pavards,MARKER_LEAK,lv_macron_consonant
data,bg,B1,986,Gasherd,gāzes pavards,Газова печка,FAMILY_COPY_STRICT,bg+hr+mk+sr
data,hr,B1,986,Gasherd,gāzes pavards,Газова печка,FAMILY_COPY_STRICT,bg+hr+mk+sr
data,mk,B1,986,Gasherd,gāzes pavards,Газова печка,FAMILY_COPY_STRICT,bg+hr+mk+sr
data,sr,B1,986,Gasherd,gāzes pavards,Газова печка,FAMILY_COPY_STRICT,bg+hr+mk+sr
data,fi,B1,986,Gasherd,gāzes pavards,Gaasipliit,FAMILY_COPY_STRICT,fi+is+nb+nn+sv
data,is,B1,986,Gasherd,gāzes pavards,Gaasipliit,FAMILY_COPY_STRICT,fi+is+nb+nn+sv
data,nb,B1,986,Gasherd,gāzes pavards,Gaasipliit,FAMILY_COPY_STRICT,fi+is+nb+nn+sv
data,nn,B1,986,Gasherd,gāzes pavards,Gaasipliit,FAMILY_COPY_STRICT,fi+is+nb+nn+sv
data,sv,B1,986,Gasherd,gāzes pavards,Gaasipliit,FAMILY_COPY_STRICT,fi+is+nb+nn+sv
data,it,B1,986,Gasherd,gāzes pavards,Gāzes pavards,FAMILY_COPY_STRICT,it+lb+nl
data,lb,B1,986,Gasherd,gāzes pavards,Gāzes pavards,FAMILY_COPY_STRICT,it+lb+nl
data,nl,B1,986,Gasherd,gāzes pavards,Gāzes pavards,FAMILY_COPY_STRICT,it+lb+nl
data,pl,B1,986,Gasherd,gāzes pavards,Kuchenka gazowa,FAMILY_COPY_STRICT,pl+sk+sq+tr
data,sk,B1,986,Gasherd,gāzes pavards,Kuchenka gazowa,FAMILY_COPY_STRICT,pl+sk+sq+tr
data,sq,B1,986,Gasherd,gāzes pavards,Kuchenka gazowa,FAMILY_COPY_STRICT,pl+sk+sq+tr
data,tr,B1,986,Gasherd,gāzes pavards,Kuchenka gazowa,FAMILY_COPY_STRICT,pl+sk+sq+tr
data,hr,B1,987,Gästebuch,viesu grāmata,Книга за гости,SCRIPT_MISMATCH,
data,hr,B1,987,Gästebuch,viesu grāmata,Книга за гости,MARKER_LEAK,foreign_script
data,it,B1,987,Gästebuch,viesu grāmata,Viesu grāmata,SAME_AS_LV_CASEFOLD,casefold_only
data,it,B1,987,Gästebuch,viesu grāmata,Viesu grāmata,LV_DIACRITIC,
data,it,B1,987,Gästebuch,viesu grāmata,Viesu grāmata,MARKER_LEAK,lv_macron_consonant
data,lb,B1,987,Gästebuch,viesu grāmata,Viesu grāmata,SAME_AS_LV_CASEFOLD,casefold_only
data,lb,B1,987,Gästebuch,viesu grāmata,Viesu grāmata,LV_DIACRITIC,
data,lb,B1,987,Gästebuch,viesu grāmata,Viesu grāmata,MARKER_LEAK,lv_macron_consonant
data,nl,B1,987,Gästebuch,viesu grāmata,Viesu grāmata,SAME_AS_LV_CASEFOLD,casefold_only
data,nl,B1,987,Gästebuch,viesu grāmata,Viesu grāmata,LV_DIACRITIC,
data,nl,B1,987,Gästebuch,viesu grāmata,Viesu grāmata,MARKER_LEAK,lv_macron_consonant
data,sk,B1,987,Gästebuch,viesu grāmata,Księga gości,MARKER_LEAK,pl_l_s_z+pl_lt_nasal
data,sl,B1,987,Gästebuch,viesu grāmata,viesu grāmata,SAME_AS_LV_CASEFOLD,exact
data,sl,B1,987,Gästebuch,viesu grāmata,viesu grāmata,LV_DIACRITIC,
data,sl,B1,987,Gästebuch,viesu grāmata,viesu grāmata,MARKER_LEAK,lv_macron_consonant
data,bg,B1,987,Gästebuch,viesu grāmata,Книга за гости,FAMILY_COPY_STRICT,bg+hr+mk+sr
data,hr,B1,987,Gästebuch,viesu grāmata,Книга за гости,FAMILY_COPY_STRICT,bg+hr+mk+sr
data,mk,B1,987,Gästebuch,viesu grāmata,Книга за гости,FAMILY_COPY_STRICT,bg+hr+mk+sr
data,sr,B1,987,Gästebuch,viesu grāmata,Книга за гости,FAMILY_COPY_STRICT,bg+hr+mk+sr
data,fi,B1,987,Gästebuch,viesu grāmata,Külalisteraamat,FAMILY_COPY_STRICT,fi+is+nb+nn+sv
data,is,B1,987,Gästebuch,viesu grāmata,Külalisteraamat,FAMILY_COPY_STRICT,fi+is+nb+nn+sv
data,nb,B1,987,Gästebuch,viesu grāmata,Külalisteraamat,FAMILY_COPY_STRICT,fi+is+nb+nn+sv
data,nn,B1,987,Gästebuch,viesu grāmata,Külalisteraamat,FAMILY_COPY_STRICT,fi+is+nb+nn+sv
data,sv,B1,987,Gästebuch,viesu grāmata,Külalisteraamat,FAMILY_COPY_STRICT,fi+is+nb+nn+sv
data,it,B1,987,Gästebuch,viesu grāmata,Viesu grāmata,FAMILY_COPY_STRICT,it+lb+nl
data,lb,B1,987,Gästebuch,viesu grāmata,Viesu grāmata,FAMILY_COPY_STRICT,it+lb+nl
data,nl,B1,987,Gästebuch,viesu grāmata,Viesu grāmata,FAMILY_COPY_STRICT,it+lb+nl
data,pl,B1,987,Gästebuch,viesu grāmata,Księga gości,FAMILY_COPY_STRICT,pl+sk
data,sk,B1,987,Gästebuch,viesu grāmata,Księga gości,FAMILY_COPY_STRICT,pl+sk
data,sq,B1,987,Gästebuch,viesu grāmata,Ziyaretçi defteri,FAMILY_COPY_STRICT,sq+tr
data,tr,B1,987,Gästebuch,viesu grāmata,Ziyaretçi defteri,FAMILY_COPY_STRICT,sq+tr
data,fi,B1,988,Gastfamilie,viesģimene,Võõrustajapere,MARKER_LEAK,et_otilde
data,hr,B1,988,Gastfamilie,viesģimene,Приемно семейство,SCRIPT_MISMATCH,
data,hr,B1,988,Gastfamilie,viesģimene,Приемно семейство,MARKER_LEAK,foreign_script
data,is,B1,988,Gastfamilie,viesģimene,Võõrustajapere,MARKER_LEAK,et_otilde
data,it,B1,988,Gastfamilie,viesģimene,Viesģimene,SAME_AS_LV_CASEFOLD,casefold_only
data,it,B1,988,Gastfamilie,viesģimene,Viesģimene,LV_DIACRITIC,
data,it,B1,988,Gastfamilie,viesģimene,Viesģimene,MARKER_LEAK,lv_macron_consonant
data,lb,B1,988,Gastfamilie,viesģimene,Viesģimene,SAME_AS_LV_CASEFOLD,casefold_only
data,lb,B1,988,Gastfamilie,viesģimene,Viesģimene,LV_DIACRITIC,
data,lb,B1,988,Gastfamilie,viesģimene,Viesģimene,MARKER_LEAK,lv_macron_consonant
data,nb,B1,988,Gastfamilie,viesģimene,Võõrustajapere,MARKER_LEAK,et_otilde
data,nl,B1,988,Gastfamilie,viesģimene,Viesģimene,SAME_AS_LV_CASEFOLD,casefold_only
data,nl,B1,988,Gastfamilie,viesģimene,Viesģimene,LV_DIACRITIC,
data,nl,B1,988,Gastfamilie,viesģimene,Viesģimene,MARKER_LEAK,lv_macron_consonant
data,nn,B1,988,Gastfamilie,viesģimene,Võõrustajapere,MARKER_LEAK,et_otilde
data,pt,B1,988,Gastfamilie,viesģimene,Viesģimene,SAME_AS_LV_CASEFOLD,casefold_only
data,pt,B1,988,Gastfamilie,viesģimene,Viesģimene,LV_DIACRITIC,
data,pt,B1,988,Gastfamilie,viesģimene,Viesģimene,MARKER_LEAK,lv_macron_consonant
data,sk,B1,988,Gastfamilie,viesģimene,Rodzina goszcząca,MARKER_LEAK,pl_lt_nasal
data,sl,B1,988,Gastfamilie,viesģimene,viesģimene,SAME_AS_LV_CASEFOLD,exact
data,sl,B1,988,Gastfamilie,viesģimene,viesģimene,LV_DIACRITIC,
data,sl,B1,988,Gastfamilie,viesģimene,viesģimene,MARKER_LEAK,lv_macron_consonant
data,sv,B1,988,Gastfamilie,viesģimene,Võõrustajapere,MARKER_LEAK,et_otilde
data,bg,B1,988,Gastfamilie,viesģimene,Приемно семейство,FAMILY_COPY_STRICT,bg+hr+mk+sr
data,hr,B1,988,Gastfamilie,viesģimene,Приемно семейство,FAMILY_COPY_STRICT,bg+hr+mk+sr
data,mk,B1,988,Gastfamilie,viesģimene,Приемно семейство,FAMILY_COPY_STRICT,bg+hr+mk+sr
data,sr,B1,988,Gastfamilie,viesģimene,Приемно семейство,FAMILY_COPY_STRICT,bg+hr+mk+sr
data,fi,B1,988,Gastfamilie,viesģimene,Võõrustajapere,FAMILY_COPY_STRICT,fi+is+nb+nn+sv
data,is,B1,988,Gastfamilie,viesģimene,Võõrustajapere,FAMILY_COPY_STRICT,fi+is+nb+nn+sv
data,nb,B1,988,Gastfamilie,viesģimene,Võõrustajapere,FAMILY_COPY_STRICT,fi+is+nb+nn+sv
data,nn,B1,988,Gastfamilie,viesģimene,Võõrustajapere,FAMILY_COPY_STRICT,fi+is+nb+nn+sv
data,sv,B1,988,Gastfamilie,viesģimene,Võõrustajapere,FAMILY_COPY_STRICT,fi+is+nb+nn+sv
data,it,B1,988,Gastfamilie,viesģimene,Viesģimene,FAMILY_COPY_STRICT,it+lb+nl+pt
data,lb,B1,988,Gastfamilie,viesģimene,Viesģimene,FAMILY_COPY_STRICT,it+lb+nl+pt
data,nl,B1,988,Gastfamilie,viesģimene,Viesģimene,FAMILY_COPY_STRICT,it+lb+nl+pt
data,pt,B1,988,Gastfamilie,viesģimene,Viesģimene,FAMILY_COPY_STRICT,it+lb+nl+pt
data,pl,B1,988,Gastfamilie,viesģimene,Rodzina goszcząca,FAMILY_COPY_STRICT,pl+sk
data,sk,B1,988,Gastfamilie,viesģimene,Rodzina goszcząca,FAMILY_COPY_STRICT,pl+sk
data,sq,B1,988,Gastfamilie,viesģimene,Ev sahibi aile,FAMILY_COPY_STRICT,sq+tr
data,tr,B1,988,Gastfamilie,viesģimene,Ev sahibi aile,FAMILY_COPY_STRICT,sq+tr
data,hr,B1,989,Gastfreundschaft,viesmīlība,Гостоприемство,SCRIPT_MISMATCH,
data,hr,B1,989,Gastfreundschaft,viesmīlība,Гостоприемство,MARKER_LEAK,foreign_script
data,it,B1,989,Gastfreundschaft,viesmīlība,Viesmīlība,SAME_AS_LV_CASEFOLD,casefold_only
data,it,B1,989,Gastfreundschaft,viesmīlība,Viesmīlība,LV_DIACRITIC,
data,it,B1,989,Gastfreundschaft,viesmīlība,Viesmīlība,MARKER_LEAK,lv_macron_consonant
data,lb,B1,989,Gastfreundschaft,viesmīlība,Viesmīlība,SAME_AS_LV_CASEFOLD,casefold_only
data,lb,B1,989,Gastfreundschaft,viesmīlība,Viesmīlība,LV_DIACRITIC,
data,lb,B1,989,Gastfreundschaft,viesmīlība,Viesmīlība,MARKER_LEAK,lv_macron_consonant
data,nl,B1,989,Gastfreundschaft,viesmīlība,Viesmīlība,SAME_AS_LV_CASEFOLD,casefold_only
data,nl,B1,989,Gastfreundschaft,viesmīlība,Viesmīlība,LV_DIACRITIC,
data,nl,B1,989,Gastfreundschaft,viesmīlība,Viesmīlība,MARKER_LEAK,lv_macron_consonant
data,pt,B1,989,Gastfreundschaft,viesmīlība,Viesmīliba,LV_DIACRITIC,
data,pt,B1,989,Gastfreundschaft,viesmīlība,Viesmīliba,MARKER_LEAK,lv_macron_consonant
data,sl,B1,989,Gastfreundschaft,viesmīlība,viesmīlība,SAME_AS_LV_CASEFOLD,exact
data,sl,B1,989,Gastfreundschaft,viesmīlība,viesmīlība,LV_DIACRITIC,
data,sl,B1,989,Gastfreundschaft,viesmīlība,viesmīlība,MARKER_LEAK,lv_macron_consonant
data,bg,B1,989,Gastfreundschaft,viesmīlība,Гостоприемство,FAMILY_COPY_STRICT,bg+hr+mk+sr
data,hr,B1,989,Gastfreundschaft,viesmīlība,Гостоприемство,FAMILY_COPY_STRICT,bg+hr+mk+sr
data,mk,B1,989,Gastfreundschaft,viesmīlība,Гостоприемство,FAMILY_COPY_STRICT,bg+hr+mk+sr
data,sr,B1,989,Gastfreundschaft,viesmīlība,Гостоприемство,FAMILY_COPY_STRICT,bg+hr+mk+sr
data,fi,B1,989,Gastfreundschaft,viesmīlība,Külalislahkus,FAMILY_COPY_STRICT,fi+is+nb+nn+sv
data,is,B1,989,Gastfreundschaft,viesmīlība,Külalislahkus,FAMILY_COPY_STRICT,fi+is+nb+nn+sv
data,nb,B1,989,Gastfreundschaft,viesmīlība,Külalislahkus,FAMILY_COPY_STRICT,fi+is+nb+nn+sv
data,nn,B1,989,Gastfreundschaft,viesmīlība,Külalislahkus,FAMILY_COPY_STRICT,fi+is+nb+nn+sv
data,sv,B1,989,Gastfreundschaft,viesmīlība,Külalislahkus,FAMILY_COPY_STRICT,fi+is+nb+nn+sv
data,it,B1,989,Gastfreundschaft,viesmīlība,Viesmīlība,FAMILY_COPY_STRICT,it+lb+nl
data,lb,B1,989,Gastfreundschaft,viesmīlība,Viesmīlība,FAMILY_COPY_STRICT,it+lb+nl
data,nl,B1,989,Gastfreundschaft,viesmīlība,Viesmīlība,FAMILY_COPY_STRICT,it+lb+nl
data,sq,B1,989,Gastfreundschaft,viesmīlība,Misafirperverlik,FAMILY_COPY_STRICT,sq+tr
data,tr,B1,989,Gastfreundschaft,viesmīlība,Misafirperverlik,FAMILY_COPY_STRICT,sq+tr
data,hr,B1,990,Gasthaus,viesnīca,Хотел,SCRIPT_MISMATCH,
data,hr,B1,990,Gasthaus,viesnīca,Хотел,MARKER_LEAK,foreign_script
data,lb,B1,990,Gasthaus,viesnīca,Viesnīca,SAME_AS_LV_CASEFOLD,casefold_only
data,lb,B1,990,Gasthaus,viesnīca,Viesnīca,LV_DIACRITIC,
data,lb,B1,990,Gasthaus,viesnīca,Viesnīca,MARKER_LEAK,lv_macron_consonant
data,nl,B1,990,Gasthaus,viesnīca,Viesnīca,SAME_AS_LV_CASEFOLD,casefold_only
data,nl,B1,990,Gasthaus,viesnīca,Viesnīca,LV_DIACRITIC,
data,nl,B1,990,Gasthaus,viesnīca,Viesnīca,MARKER_LEAK,lv_macron_consonant
data,sl,B1,990,Gasthaus,viesnīca,viesnīca,SAME_AS_LV_CASEFOLD,exact
data,sl,B1,990,Gasthaus,viesnīca,viesnīca,LV_DIACRITIC,
data,sl,B1,990,Gasthaus,viesnīca,viesnīca,MARKER_LEAK,lv_macron_consonant
data,bg,B1,990,Gasthaus,viesnīca,Хотел,FAMILY_COPY_STRICT,bg+hr+mk+sr
data,hr,B1,990,Gasthaus,viesnīca,Хотел,FAMILY_COPY_STRICT,bg+hr+mk+sr
data,mk,B1,990,Gasthaus,viesnīca,Хотел,FAMILY_COPY_STRICT,bg+hr+mk+sr
data,sr,B1,990,Gasthaus,viesnīca,Хотел,FAMILY_COPY_STRICT,bg+hr+mk+sr
data,fi,B1,990,Gasthaus,viesnīca,Külalistemaja,FAMILY_COPY_STRICT,fi+is+nb+nn+sv
data,is,B1,990,Gasthaus,viesnīca,Külalistemaja,FAMILY_COPY_STRICT,fi+is+nb+nn+sv
data,nb,B1,990,Gasthaus,viesnīca,Külalistemaja,FAMILY_COPY_STRICT,fi+is+nb+nn+sv
data,nn,B1,990,Gasthaus,viesnīca,Külalistemaja,FAMILY_COPY_STRICT,fi+is+nb+nn+sv
data,sv,B1,990,Gasthaus,viesnīca,Külalistemaja,FAMILY_COPY_STRICT,fi+is+nb+nn+sv
data,it,B1,990,Gasthaus,viesnīca,Viesnica,FAMILY_COPY_STRICT,it+pt
data,pt,B1,990,Gasthaus,viesnīca,Viesnica,FAMILY_COPY_STRICT,it+pt
data,lb,B1,990,Gasthaus,viesnīca,Viesnīca,FAMILY_COPY_STRICT,lb+nl
data,nl,B1,990,Gasthaus,viesnīca,Viesnīca,FAMILY_COPY_STRICT,lb+nl
data,hr,B1,991,Gaststätte,restorāns,Ресторан,SCRIPT_MISMATCH,
data,hr,B1,991,Gaststätte,restorāns,Ресторан,MARKER_LEAK,foreign_script
data,nl,B1,991,Gaststätte,restorāns,Restorāns,SAME_AS_LV_CASEFOLD,casefold_only
data,nl,B1,991,Gaststätte,restorāns,Restorāns,LV_DIACRITIC,
data,nl,B1,991,Gaststätte,restorāns,Restorāns,MARKER_LEAK,lv_macron_consonant
data,sl,B1,991,Gaststätte,restorāns,restorāns,SAME_AS_LV_CASEFOLD,exact
data,sl,B1,991,Gaststätte,restorāns,restorāns,LV_DIACRITIC,
data,sl,B1,991,Gaststätte,restorāns,restorāns,MARKER_LEAK,lv_macron_consonant
data,bs,B1,991,Gaststätte,restorāns,Restoran,FAMILY_COPY_STRICT,bs+fi+sv
data,fi,B1,991,Gaststätte,restorāns,Restoran,FAMILY_COPY_STRICT,bs+fi+sv
data,sv,B1,991,Gaststätte,restorāns,Restoran,FAMILY_COPY_STRICT,bs+fi+sv
data,da,B1,991,Gaststätte,restorāns,Restaurant,FAMILY_COPY_STRICT,da+en+fr+ro
data,en,B1,991,Gaststätte,restorāns,Restaurant,FAMILY_COPY_STRICT,da+en+fr+ro
data,fr,B1,991,Gaststätte,restorāns,Restaurant,FAMILY_COPY_STRICT,da+en+fr+ro
data,ro,B1,991,Gaststätte,restorāns,Restaurant,FAMILY_COPY_STRICT,da+en+fr+ro
data,hr,B1,991,Gaststätte,restorāns,Ресторан,FAMILY_COPY_STRICT,hr+mk+ru+sr
data,mk,B1,991,Gaststätte,restorāns,Ресторан,FAMILY_COPY_STRICT,hr+mk+ru+sr
data,ru,B1,991,Gaststätte,restorāns,Ресторан,FAMILY_COPY_STRICT,hr+mk+ru+sr
data,sr,B1,991,Gaststätte,restorāns,Ресторан,FAMILY_COPY_STRICT,hr+mk+ru+sr
data,is,B1,991,Gaststätte,restorāns,Restauranten,FAMILY_COPY_STRICT,is+nb+nn
data,nb,B1,991,Gaststätte,restorāns,Restauranten,FAMILY_COPY_STRICT,is+nb+nn
data,nn,B1,991,Gaststätte,restorāns,Restauranten,FAMILY_COPY_STRICT,is+nb+nn
data,pl,B1,991,Gaststätte,restorāns,Restauracja,FAMILY_COPY_STRICT,pl+sq+tr
data,sq,B1,991,Gaststätte,restorāns,Restauracja,FAMILY_COPY_STRICT,pl+sq+tr
data,tr,B1,991,Gaststätte,restorāns,Restauracja,FAMILY_COPY_STRICT,pl+sq+tr
data,hr,B1,992,gebären,dzemdēt,Раждам,SCRIPT_MISMATCH,
data,hr,B1,992,gebären,dzemdēt,Раждам,MARKER_LEAK,foreign_script
data,it,B1,992,gebären,dzemdēt,Dzemdēt,SAME_AS_LV_CASEFOLD,casefold_only
data,it,B1,992,gebären,dzemdēt,Dzemdēt,LV_DIACRITIC,
data,it,B1,992,gebären,dzemdēt,Dzemdēt,MARKER_LEAK,lv_macron_consonant
data,lb,B1,992,gebären,dzemdēt,Dzemdēt,SAME_AS_LV_CASEFOLD,casefold_only
data,lb,B1,992,gebären,dzemdēt,Dzemdēt,LV_DIACRITIC,
data,lb,B1,992,gebären,dzemdēt,Dzemdēt,MARKER_LEAK,lv_macron_consonant
data,nl,B1,992,gebären,dzemdēt,Dzemdēt,SAME_AS_LV_CASEFOLD,casefold_only
data,nl,B1,992,gebären,dzemdēt,Dzemdēt,LV_DIACRITIC,
data,nl,B1,992,gebären,dzemdēt,Dzemdēt,MARKER_LEAK,lv_macron_consonant
data,sl,B1,992,gebären,dzemdēt,dzemdēt,SAME_AS_LV_CASEFOLD,exact
data,sl,B1,992,gebären,dzemdēt,dzemdēt,LV_DIACRITIC,
data,sl,B1,992,gebären,dzemdēt,dzemdēt,MARKER_LEAK,lv_macron_consonant
data,sq,B1,992,gebären,dzemdēt,Doğum yap,MARKER_LEAK,tr_soft
data,bg,B1,992,gebären,dzemdēt,Раждам,FAMILY_COPY_STRICT,bg+hr+mk+sr
data,hr,B1,992,gebären,dzemdēt,Раждам,FAMILY_COPY_STRICT,bg+hr+mk+sr
data,mk,B1,992,gebären,dzemdēt,Раждам,FAMILY_COPY_STRICT,bg+hr+mk+sr
data,sr,B1,992,gebären,dzemdēt,Раждам,FAMILY_COPY_STRICT,bg+hr+mk+sr
data,fi,B1,992,gebären,dzemdēt,Sünnitama,FAMILY_COPY_STRICT,fi+is+nb+nn+sv
data,is,B1,992,gebären,dzemdēt,Sünnitama,FAMILY_COPY_STRICT,fi+is+nb+nn+sv
data,nb,B1,992,gebären,dzemdēt,Sünnitama,FAMILY_COPY_STRICT,fi+is+nb+nn+sv
data,nn,B1,992,gebären,dzemdēt,Sünnitama,FAMILY_COPY_STRICT,fi+is+nb+nn+sv
data,sv,B1,992,gebären,dzemdēt,Sünnitama,FAMILY_COPY_STRICT,fi+is+nb+nn+sv
data,it,B1,992,gebären,dzemdēt,Dzemdēt,FAMILY_COPY_STRICT,it+lb+nl
data,lb,B1,992,gebären,dzemdēt,Dzemdēt,FAMILY_COPY_STRICT,it+lb+nl
data,nl,B1,992,gebären,dzemdēt,Dzemdēt,FAMILY_COPY_STRICT,it+lb+nl
data,pl,B1,992,gebären,dzemdēt,Rodzić,FAMILY_COPY_STRICT,pl+sk
data,sk,B1,992,gebären,dzemdēt,Rodzić,FAMILY_COPY_STRICT,pl+sk
data,sq,B1,992,gebären,dzemdēt,Doğum yap,FAMILY_COPY_STRICT,sq+tr
data,tr,B1,992,gebären,dzemdēt,Doğum yap,FAMILY_COPY_STRICT,sq+tr
data,hr,B1,993,Gebet,lūgšana,Молитва,SCRIPT_MISMATCH,
data,hr,B1,993,Gebet,lūgšana,Молитва,MARKER_LEAK,foreign_script
data,it,B1,993,Gebet,lūgšana,Lūgšana,SAME_AS_LV_CASEFOLD,casefold_only
data,it,B1,993,Gebet,lūgšana,Lūgšana,LV_DIACRITIC,
data,it,B1,993,Gebet,lūgšana,Lūgšana,MARKER_LEAK,lv_u_macron
data,lb,B1,993,Gebet,lūgšana,Lūgšana,SAME_AS_LV_CASEFOLD,casefold_only
data,lb,B1,993,Gebet,lūgšana,Lūgšana,LV_DIACRITIC,
data,lb,B1,993,Gebet,lūgšana,Lūgšana,MARKER_LEAK,lv_u_macron
data,nl,B1,993,Gebet,lūgšana,Lūgšana,SAME_AS_LV_CASEFOLD,casefold_only
data,nl,B1,993,Gebet,lūgšana,Lūgšana,LV_DIACRITIC,
data,nl,B1,993,Gebet,lūgšana,Lūgšana,MARKER_LEAK,lv_u_macron
data,pt,B1,993,Gebet,lūgšana,Lugšana,LV_DIACRITIC,
data,sl,B1,993,Gebet,lūgšana,lūgšana,SAME_AS_LV_CASEFOLD,exact
data,sl,B1,993,Gebet,lūgšana,lūgšana,LV_DIACRITIC,
data,sl,B1,993,Gebet,lūgšana,lūgšana,MARKER_LEAK,lv_u_macron
data,bg,B1,993,Gebet,lūgšana,Молитва,FAMILY_COPY_STRICT,bg+hr+mk+ru+sr
data,hr,B1,993,Gebet,lūgšana,Молитва,FAMILY_COPY_STRICT,bg+hr+mk+ru+sr
data,mk,B1,993,Gebet,lūgšana,Молитва,FAMILY_COPY_STRICT,bg+hr+mk+ru+sr
data,ru,B1,993,Gebet,lūgšana,Молитва,FAMILY_COPY_STRICT,bg+hr+mk+ru+sr
data,sr,B1,993,Gebet,lūgšana,Молитва,FAMILY_COPY_STRICT,bg+hr+mk+ru+sr
data,fi,B1,993,Gebet,lūgšana,Palve,FAMILY_COPY_STRICT,fi+is+nb+nn+sv
data,is,B1,993,Gebet,lūgšana,Palve,FAMILY_COPY_STRICT,fi+is+nb+nn+sv
data,nb,B1,993,Gebet,lūgšana,Palve,FAMILY_COPY_STRICT,fi+is+nb+nn+sv
data,nn,B1,993,Gebet,lūgšana,Palve,FAMILY_COPY_STRICT,fi+is+nb+nn+sv
data,sv,B1,993,Gebet,lūgšana,Palve,FAMILY_COPY_STRICT,fi+is+nb+nn+sv
data,it,B1,993,Gebet,lūgšana,Lūgšana,FAMILY_COPY_STRICT,it+lb+nl
data,lb,B1,993,Gebet,lūgšana,Lūgšana,FAMILY_COPY_STRICT,it+lb+nl
data,nl,B1,993,Gebet,lūgšana,Lūgšana,FAMILY_COPY_STRICT,it+lb+nl
data,pl,B1,993,Gebet,lūgšana,Modlitwa,FAMILY_COPY_STRICT,pl+sk+sq+tr
data,sk,B1,993,Gebet,lūgšana,Modlitwa,FAMILY_COPY_STRICT,pl+sk+sq+tr
data,sq,B1,993,Gebet,lūgšana,Modlitwa,FAMILY_COPY_STRICT,pl+sk+sq+tr
data,tr,B1,993,Gebet,lūgšana,Modlitwa,FAMILY_COPY_STRICT,pl+sk+sq+tr
data,hr,B1,994,Gebiet,joma,Поле,SCRIPT_MISMATCH,
data,hr,B1,994,Gebiet,joma,Поле,MARKER_LEAK,foreign_script
data,sl,B1,994,Gebiet,joma,joma,SAME_AS_LV_CASEFOLD,exact
data,bg,B1,994,Gebiet,joma,Поле,FAMILY_COPY_STRICT,bg+hr+mk+ru+sr
data,hr,B1,994,Gebiet,joma,Поле,FAMILY_COPY_STRICT,bg+hr+mk+ru+sr
data,mk,B1,994,Gebiet,joma,Поле,FAMILY_COPY_STRICT,bg+hr+mk+ru+sr
data,ru,B1,994,Gebiet,joma,Поле,FAMILY_COPY_STRICT,bg+hr+mk+ru+sr
data,sr,B1,994,Gebiet,joma,Поле,FAMILY_COPY_STRICT,bg+hr+mk+ru+sr
data,cs,B1,994,Gebiet,joma,Pole,FAMILY_COPY_STRICT,cs+pl
data,pl,B1,994,Gebiet,joma,Pole,FAMILY_COPY_STRICT,cs+pl
data,fi,B1,994,Gebiet,joma,Valdkond,FAMILY_COPY_STRICT,fi+is+nb+nn+sv
data,is,B1,994,Gebiet,joma,Valdkond,FAMILY_COPY_STRICT,fi+is+nb+nn+sv
data,nb,B1,994,Gebiet,joma,Valdkond,FAMILY_COPY_STRICT,fi+is+nb+nn+sv
data,nn,B1,994,Gebiet,joma,Valdkond,FAMILY_COPY_STRICT,fi+is+nb+nn+sv
data,sv,B1,994,Gebiet,joma,Valdkond,FAMILY_COPY_STRICT,fi+is+nb+nn+sv
data,it,B1,994,Gebiet,joma,Veld,FAMILY_COPY_STRICT,it+lb+nl
data,lb,B1,994,Gebiet,joma,Veld,FAMILY_COPY_STRICT,it+lb+nl
data,nl,B1,994,Gebiet,joma,Veld,FAMILY_COPY_STRICT,it+lb+nl
data,sq,B1,994,Gebiet,joma,Alan,FAMILY_COPY_STRICT,sq+tr
data,tr,B1,994,Gebiet,joma,Alan,FAMILY_COPY_STRICT,sq+tr
data,hr,B1,995,gebildet,izglītots,Образовани,SCRIPT_MISMATCH,
data,hr,B1,995,gebildet,izglītots,Образовани,MARKER_LEAK,foreign_script
data,it,B1,995,gebildet,izglītots,Izglītots,SAME_AS_LV_CASEFOLD,casefold_only
data,it,B1,995,gebildet,izglītots,Izglītots,LV_DIACRITIC,
data,it,B1,995,gebildet,izglītots,Izglītots,MARKER_LEAK,lv_macron_consonant
data,lb,B1,995,gebildet,izglītots,Izglītots,SAME_AS_LV_CASEFOLD,casefold_only
data,lb,B1,995,gebildet,izglītots,Izglītots,LV_DIACRITIC,
data,lb,B1,995,gebildet,izglītots,Izglītots,MARKER_LEAK,lv_macron_consonant
data,nl,B1,995,gebildet,izglītots,Izglītots,SAME_AS_LV_CASEFOLD,casefold_only
data,nl,B1,995,gebildet,izglītots,Izglītots,LV_DIACRITIC,
data,nl,B1,995,gebildet,izglītots,Izglītots,MARKER_LEAK,lv_macron_consonant
data,sk,B1,995,gebildet,izglītots,Wykształcony,MARKER_LEAK,pl_l_s_z
data,sl,B1,995,gebildet,izglītots,izglītots,SAME_AS_LV_CASEFOLD,exact
data,sl,B1,995,gebildet,izglītots,izglītots,LV_DIACRITIC,
data,sl,B1,995,gebildet,izglītots,izglītots,MARKER_LEAK,lv_macron_consonant
data,sq,B1,995,gebildet,izglītots,Eğitimli,MARKER_LEAK,tr_soft
data,fi,B1,995,gebildet,izglītots,Haritud,FAMILY_COPY_STRICT,fi+is+nb+nn+sv
data,is,B1,995,gebildet,izglītots,Haritud,FAMILY_COPY_STRICT,fi+is+nb+nn+sv
data,nb,B1,995,gebildet,izglītots,Haritud,FAMILY_COPY_STRICT,fi+is+nb+nn+sv
data,nn,B1,995,gebildet,izglītots,Haritud,FAMILY_COPY_STRICT,fi+is+nb+nn+sv
data,sv,B1,995,gebildet,izglītots,Haritud,FAMILY_COPY_STRICT,fi+is+nb+nn+sv
data,hr,B1,995,gebildet,izglītots,Образовани,FAMILY_COPY_STRICT,hr+mk+sr
data,mk,B1,995,gebildet,izglītots,Образовани,FAMILY_COPY_STRICT,hr+mk+sr
data,sr,B1,995,gebildet,izglītots,Образовани,FAMILY_COPY_STRICT,hr+mk+sr
data,it,B1,995,gebildet,izglītots,Izglītots,FAMILY_COPY_STRICT,it+lb+nl
data,lb,B1,995,gebildet,izglītots,Izglītots,FAMILY_COPY_STRICT,it+lb+nl
data,nl,B1,995,gebildet,izglītots,Izglītots,FAMILY_COPY_STRICT,it+lb+nl
data,pl,B1,995,gebildet,izglītots,Wykształcony,FAMILY_COPY_STRICT,pl+sk
data,sk,B1,995,gebildet,izglītots,Wykształcony,FAMILY_COPY_STRICT,pl+sk
data,sq,B1,995,gebildet,izglītots,Eğitimli,FAMILY_COPY_STRICT,sq+tr
data,tr,B1,995,gebildet,izglītots,Eğitimli,FAMILY_COPY_STRICT,sq+tr
data,hr,B1,996,Gebirge,kalnu grēda,Планинска верига,SCRIPT_MISMATCH,
data,hr,B1,996,Gebirge,kalnu grēda,Планинска верига,MARKER_LEAK,foreign_script
data,it,B1,996,Gebirge,kalnu grēda,Kalnu grēda,SAME_AS_LV_CASEFOLD,casefold_only
data,it,B1,996,Gebirge,kalnu grēda,Kalnu grēda,LV_DIACRITIC,
data,it,B1,996,Gebirge,kalnu grēda,Kalnu grēda,MARKER_LEAK,lv_macron_consonant
data,lb,B1,996,Gebirge,kalnu grēda,Kalnu grēda,SAME_AS_LV_CASEFOLD,casefold_only
data,lb,B1,996,Gebirge,kalnu grēda,Kalnu grēda,LV_DIACRITIC,
data,lb,B1,996,Gebirge,kalnu grēda,Kalnu grēda,MARKER_LEAK,lv_macron_consonant
data,nl,B1,996,Gebirge,kalnu grēda,Kalnu grēda,SAME_AS_LV_CASEFOLD,casefold_only
data,nl,B1,996,Gebirge,kalnu grēda,Kalnu grēda,LV_DIACRITIC,
data,nl,B1,996,Gebirge,kalnu grēda,Kalnu grēda,MARKER_LEAK,lv_macron_consonant
data,sl,B1,996,Gebirge,kalnu grēda,kalnu grēda,SAME_AS_LV_CASEFOLD,exact
data,sl,B1,996,Gebirge,kalnu grēda,kalnu grēda,LV_DIACRITIC,
data,sl,B1,996,Gebirge,kalnu grēda,kalnu grēda,MARKER_LEAK,lv_macron_consonant
data,sq,B1,996,Gebirge,kalnu grēda,Dağ silsilesi,MARKER_LEAK,tr_soft
data,bg,B1,996,Gebirge,kalnu grēda,Планинска верига,FAMILY_COPY_STRICT,bg+hr+mk+sr
data,hr,B1,996,Gebirge,kalnu grēda,Планинска верига,FAMILY_COPY_STRICT,bg+hr+mk+sr
data,mk,B1,996,Gebirge,kalnu grēda,Планинска верига,FAMILY_COPY_STRICT,bg+hr+mk+sr
data,sr,B1,996,Gebirge,kalnu grēda,Планинска верига,FAMILY_COPY_STRICT,bg+hr+mk+sr
data,fi,B1,996,Gebirge,kalnu grēda,Mäestik,FAMILY_COPY_STRICT,fi+is+nb+nn+sv
data,is,B1,996,Gebirge,kalnu grēda,Mäestik,FAMILY_COPY_STRICT,fi+is+nb+nn+sv
data,nb,B1,996,Gebirge,kalnu grēda,Mäestik,FAMILY_COPY_STRICT,fi+is+nb+nn+sv
data,nn,B1,996,Gebirge,kalnu grēda,Mäestik,FAMILY_COPY_STRICT,fi+is+nb+nn+sv
data,sv,B1,996,Gebirge,kalnu grēda,Mäestik,FAMILY_COPY_STRICT,fi+is+nb+nn+sv
data,it,B1,996,Gebirge,kalnu grēda,Kalnu grēda,FAMILY_COPY_STRICT,it+lb+nl
data,lb,B1,996,Gebirge,kalnu grēda,Kalnu grēda,FAMILY_COPY_STRICT,it+lb+nl
data,nl,B1,996,Gebirge,kalnu grēda,Kalnu grēda,FAMILY_COPY_STRICT,it+lb+nl
data,pl,B1,996,Gebirge,kalnu grēda,Pasmo górskie,FAMILY_COPY_STRICT,pl+sk
data,sk,B1,996,Gebirge,kalnu grēda,Pasmo górskie,FAMILY_COPY_STRICT,pl+sk
data,sq,B1,996,Gebirge,kalnu grēda,Dağ silsilesi,FAMILY_COPY_STRICT,sq+tr
data,tr,B1,996,Gebirge,kalnu grēda,Dağ silsilesi,FAMILY_COPY_STRICT,sq+tr
data,fi,B1,997,gebogen,izliekts,Kõverdatud,MARKER_LEAK,et_otilde
data,hr,B1,997,gebogen,izliekts,Извити,SCRIPT_MISMATCH,
data,hr,B1,997,gebogen,izliekts,Извити,MARKER_LEAK,foreign_script
data,is,B1,997,gebogen,izliekts,Kõverdatud,MARKER_LEAK,et_otilde
data,it,B1,997,gebogen,izliekts,Izliekts,SAME_AS_LV_CASEFOLD,casefold_only
data,lb,B1,997,gebogen,izliekts,Izliekts,SAME_AS_LV_CASEFOLD,casefold_only
data,nb,B1,997,gebogen,izliekts,Kõverdatud,MARKER_LEAK,et_otilde
data,nl,B1,997,gebogen,izliekts,Izliekts,SAME_AS_LV_CASEFOLD,casefold_only
data,nn,B1,997,gebogen,izliekts,Kõverdatud,MARKER_LEAK,et_otilde
data,pt,B1,997,gebogen,izliekts,Izliekts,SAME_AS_LV_CASEFOLD,casefold_only
data,sl,B1,997,gebogen,izliekts,izliekts,SAME_AS_LV_CASEFOLD,exact
data,sv,B1,997,gebogen,izliekts,Kõverdatud,MARKER_LEAK,et_otilde
data,bg,B1,997,gebogen,izliekts,Извити,FAMILY_COPY_STRICT,bg+hr+mk+sr
data,hr,B1,997,gebogen,izliekts,Извити,FAMILY_COPY_STRICT,bg+hr+mk+sr
data,mk,B1,997,gebogen,izliekts,Извити,FAMILY_COPY_STRICT,bg+hr+mk+sr
data,sr,B1,997,gebogen,izliekts,Извити,FAMILY_COPY_STRICT,bg+hr+mk+sr
data,fi,B1,997,gebogen,izliekts,Kõverdatud,FAMILY_COPY_STRICT,fi+is+nb+nn+sv
data,is,B1,997,gebogen,izliekts,Kõverdatud,FAMILY_COPY_STRICT,fi+is+nb+nn+sv
data,nb,B1,997,gebogen,izliekts,Kõverdatud,FAMILY_COPY_STRICT,fi+is+nb+nn+sv
data,nn,B1,997,gebogen,izliekts,Kõverdatud,FAMILY_COPY_STRICT,fi+is+nb+nn+sv
data,sv,B1,997,gebogen,izliekts,Kõverdatud,FAMILY_COPY_STRICT,fi+is+nb+nn+sv
data,it,B1,997,gebogen,izliekts,Izliekts,FAMILY_COPY_STRICT,it+lb+nl+pt
data,lb,B1,997,gebogen,izliekts,Izliekts,FAMILY_COPY_STRICT,it+lb+nl+pt
data,nl,B1,997,gebogen,izliekts,Izliekts,FAMILY_COPY_STRICT,it+lb+nl+pt
data,pt,B1,997,gebogen,izliekts,Izliekts,FAMILY_COPY_STRICT,it+lb+nl+pt
data,pl,B1,997,gebogen,izliekts,Zakrzywiony,FAMILY_COPY_STRICT,pl+sk+sq+tr
data,sk,B1,997,gebogen,izliekts,Zakrzywiony,FAMILY_COPY_STRICT,pl+sk+sq+tr
data,sq,B1,997,gebogen,izliekts,Zakrzywiony,FAMILY_COPY_STRICT,pl+sk+sq+tr
data,tr,B1,997,gebogen,izliekts,Zakrzywiony,FAMILY_COPY_STRICT,pl+sk+sq+tr
data,it,B1,998,Gebrauch,lietošana,Lietošana,SAME_AS_LV_CASEFOLD,casefold_only
data,it,B1,998,Gebrauch,lietošana,Lietošana,LV_DIACRITIC,
data,nl,B1,998,Gebrauch,lietošana,Lietošana,SAME_AS_LV_CASEFOLD,casefold_only
data,nl,B1,998,Gebrauch,lietošana,Lietošana,LV_DIACRITIC,
data,pt,B1,998,Gebrauch,lietošana,Lietošana,SAME_AS_LV_CASEFOLD,casefold_only
data,pt,B1,998,Gebrauch,lietošana,Lietošana,LV_DIACRITIC,
data,sl,B1,998,Gebrauch,lietošana,lietošana,SAME_AS_LV_CASEFOLD,exact
data,sr,B1,998,Gebrauch,lietošana,Uporaba,SCRIPT_MISMATCH,sr_as_cyrillic
data,sr,B1,998,Gebrauch,lietošana,Uporaba,MARKER_LEAK,latin_in_cyrillic
data,fi,B1,998,Gebrauch,lietošana,Kasutamine,FAMILY_COPY_STRICT,fi+is+nb+nn+sv
data,is,B1,998,Gebrauch,lietošana,Kasutamine,FAMILY_COPY_STRICT,fi+is+nb+nn+sv
data,nb,B1,998,Gebrauch,lietošana,Kasutamine,FAMILY_COPY_STRICT,fi+is+nb+nn+sv
data,nn,B1,998,Gebrauch,lietošana,Kasutamine,FAMILY_COPY_STRICT,fi+is+nb+nn+sv
data,sv,B1,998,Gebrauch,lietošana,Kasutamine,FAMILY_COPY_STRICT,fi+is+nb+nn+sv
data,hr,B1,998,Gebrauch,lietošana,Uporaba,FAMILY_COPY_STRICT,hr+sr
data,sr,B1,998,Gebrauch,lietošana,Uporaba,FAMILY_COPY_STRICT,hr+sr
data,it,B1,998,Gebrauch,lietošana,Lietošana,FAMILY_COPY_STRICT,it+nl+pt
data,nl,B1,998,Gebrauch,lietošana,Lietošana,FAMILY_COPY_STRICT,it+nl+pt
data,pt,B1,998,Gebrauch,lietošana,Lietošana,FAMILY_COPY_STRICT,it+nl+pt
data,nl,B1,999,gebrauchen,lietot,Lietot,SAME_AS_LV_CASEFOLD,casefold_only
data,sl,B1,999,gebrauchen,lietot,lietot,SAME_AS_LV_CASEFOLD,exact
data,sr,B1,999,gebrauchen,lietot,Uporaba,SCRIPT_MISMATCH,sr_as_cyrillic
data,sr,B1,999,gebrauchen,lietot,Uporaba,MARKER_LEAK,latin_in_cyrillic
data,fi,B1,999,gebrauchen,lietot,Kasutama,FAMILY_COPY_STRICT,fi+is+nb+nn+sv
data,is,B1,999,gebrauchen,lietot,Kasutama,FAMILY_COPY_STRICT,fi+is+nb+nn+sv
data,nb,B1,999,gebrauchen,lietot,Kasutama,FAMILY_COPY_STRICT,fi+is+nb+nn+sv
data,nn,B1,999,gebrauchen,lietot,Kasutama,FAMILY_COPY_STRICT,fi+is+nb+nn+sv
data,sv,B1,999,gebrauchen,lietot,Kasutama,FAMILY_COPY_STRICT,fi+is+nb+nn+sv
data,hr,B1,999,gebrauchen,lietot,Uporaba,FAMILY_COPY_STRICT,hr+sr
data,sr,B1,999,gebrauchen,lietot,Uporaba,FAMILY_COPY_STRICT,hr+sr
data,hr,B1,1000,Gebrauchsanweisung,lietošanas pamācība,Инструкция за експлоатация,SCRIPT_MISMATCH,
data,hr,B1,1000,Gebrauchsanweisung,lietošanas pamācība,Инструкция за експлоатация,MARKER_LEAK,foreign_script
data,it,B1,1000,Gebrauchsanweisung,lietošanas pamācība,Lietošanas pamācība,SAME_AS_LV_CASEFOLD,casefold_only
data,it,B1,1000,Gebrauchsanweisung,lietošanas pamācība,Lietošanas pamācība,LV_DIACRITIC,
data,it,B1,1000,Gebrauchsanweisung,lietošanas pamācība,Lietošanas pamācība,MARKER_LEAK,lv_macron_consonant
data,lb,B1,1000,Gebrauchsanweisung,lietošanas pamācība,Lietošanas pamācība,SAME_AS_LV_CASEFOLD,casefold_only
data,lb,B1,1000,Gebrauchsanweisung,lietošanas pamācība,Lietošanas pamācība,LV_DIACRITIC,
data,lb,B1,1000,Gebrauchsanweisung,lietošanas pamācība,Lietošanas pamācība,MARKER_LEAK,lv_macron_consonant
data,nl,B1,1000,Gebrauchsanweisung,lietošanas pamācība,Lietošanas pamācība,SAME_AS_LV_CASEFOLD,casefold_only
data,nl,B1,1000,Gebrauchsanweisung,lietošanas pamācība,Lietošanas pamācība,LV_DIACRITIC,
data,nl,B1,1000,Gebrauchsanweisung,lietošanas pamācība,Lietošanas pamācība,MARKER_LEAK,lv_macron_consonant
data,pt,B1,1000,Gebrauchsanweisung,lietošanas pamācība,Lietošanas pamācība,SAME_AS_LV_CASEFOLD,casefold_only
data,pt,B1,1000,Gebrauchsanweisung,lietošanas pamācība,Lietošanas pamācība,LV_DIACRITIC,
data,pt,B1,1000,Gebrauchsanweisung,lietošanas pamācība,Lietošanas pamācība,MARKER_LEAK,lv_macron_consonant
data,sk,B1,1000,Gebrauchsanweisung,lietošanas pamācība,Instrukcja obsługi,MARKER_LEAK,pl_l_s_z
data,sl,B1,1000,Gebrauchsanweisung,lietošanas pamācība,lietošanas pamācība,SAME_AS_LV_CASEFOLD,exact
data,sl,B1,1000,Gebrauchsanweisung,lietošanas pamācība,lietošanas pamācība,LV_DIACRITIC,
data,sl,B1,1000,Gebrauchsanweisung,lietošanas pamācība,lietošanas pamācība,MARKER_LEAK,lv_macron_consonant
data,sq,B1,1000,Gebrauchsanweisung,lietošanas pamācība,Kullanım kılavuzu,MARKER_LEAK,tr_soft
data,bg,B1,1000,Gebrauchsanweisung,lietošanas pamācība,Инструкция за експлоатация,FAMILY_COPY_STRICT,bg+hr+mk+sr
data,hr,B1,1000,Gebrauchsanweisung,lietošanas pamācība,Инструкция за експлоатация,FAMILY_COPY_STRICT,bg+hr+mk+sr
data,mk,B1,1000,Gebrauchsanweisung,lietošanas pamācība,Инструкция за експлоатация,FAMILY_COPY_STRICT,bg+hr+mk+sr
data,sr,B1,1000,Gebrauchsanweisung,lietošanas pamācība,Инструкция за експлоатация,FAMILY_COPY_STRICT,bg+hr+mk+sr
data,fi,B1,1000,Gebrauchsanweisung,lietošanas pamācība,Kasutusjuhend,FAMILY_COPY_STRICT,fi+is+nb+nn+sv
data,is,B1,1000,Gebrauchsanweisung,lietošanas pamācība,Kasutusjuhend,FAMILY_COPY_STRICT,fi+is+nb+nn+sv
data,nb,B1,1000,Gebrauchsanweisung,lietošanas pamācība,Kasutusjuhend,FAMILY_COPY_STRICT,fi+is+nb+nn+sv
data,nn,B1,1000,Gebrauchsanweisung,lietošanas pamācība,Kasutusjuhend,FAMILY_COPY_STRICT,fi+is+nb+nn+sv
data,sv,B1,1000,Gebrauchsanweisung,lietošanas pamācība,Kasutusjuhend,FAMILY_COPY_STRICT,fi+is+nb+nn+sv
data,it,B1,1000,Gebrauchsanweisung,lietošanas pamācība,Lietošanas pamācība,FAMILY_COPY_STRICT,it+lb+nl+pt
data,lb,B1,1000,Gebrauchsanweisung,lietošanas pamācība,Lietošanas pamācība,FAMILY_COPY_STRICT,it+lb+nl+pt
data,nl,B1,1000,Gebrauchsanweisung,lietošanas pamācība,Lietošanas pamācība,FAMILY_COPY_STRICT,it+lb+nl+pt
data,pt,B1,1000,Gebrauchsanweisung,lietošanas pamācība,Lietošanas pamācība,FAMILY_COPY_STRICT,it+lb+nl+pt
data,pl,B1,1000,Gebrauchsanweisung,lietošanas pamācība,Instrukcja obsługi,FAMILY_COPY_STRICT,pl+sk
data,sk,B1,1000,Gebrauchsanweisung,lietošanas pamācība,Instrukcja obsługi,FAMILY_COPY_STRICT,pl+sk
data,sq,B1,1000,Gebrauchsanweisung,lietošanas pamācība,Kullanım kılavuzu,FAMILY_COPY_STRICT,sq+tr
data,tr,B1,1000,Gebrauchsanweisung,lietošanas pamācība,Kullanım kılavuzu,FAMILY_COPY_STRICT,sq+tr
data,fi,B1,1001,Gebühr,nodeva,Lõiv,MARKER_LEAK,et_otilde
data,is,B1,1001,Gebühr,nodeva,Lõiv,MARKER_LEAK,et_otilde
data,it,B1,1001,Gebühr,nodeva,Nodeva,SAME_AS_LV_CASEFOLD,casefold_only
data,lb,B1,1001,Gebühr,nodeva,Nodeva,SAME_AS_LV_CASEFOLD,casefold_only
data,nb,B1,1001,Gebühr,nodeva,Lõiv,MARKER_LEAK,et_otilde
data,nl,B1,1001,Gebühr,nodeva,Nodeva,SAME_AS_LV_CASEFOLD,casefold_only
data,nn,B1,1001,Gebühr,nodeva,Lõiv,MARKER_LEAK,et_otilde
data,pt,B1,1001,Gebühr,nodeva,Nodeva,SAME_AS_LV_CASEFOLD,casefold_only
data,sl,B1,1001,Gebühr,nodeva,nodeva,SAME_AS_LV_CASEFOLD,exact
data,sr,B1,1001,Gebühr,nodeva,Plaćanje,SCRIPT_MISMATCH,sr_as_cyrillic
data,sr,B1,1001,Gebühr,nodeva,Plaćanje,MARKER_LEAK,latin_in_cyrillic
data,sv,B1,1001,Gebühr,nodeva,Lõiv,MARKER_LEAK,et_otilde
data,fi,B1,1001,Gebühr,nodeva,Lõiv,FAMILY_COPY_STRICT,fi+is+nb+nn+sv
data,is,B1,1001,Gebühr,nodeva,Lõiv,FAMILY_COPY_STRICT,fi+is+nb+nn+sv
data,nb,B1,1001,Gebühr,nodeva,Lõiv,FAMILY_COPY_STRICT,fi+is+nb+nn+sv
data,nn,B1,1001,Gebühr,nodeva,Lõiv,FAMILY_COPY_STRICT,fi+is+nb+nn+sv
data,sv,B1,1001,Gebühr,nodeva,Lõiv,FAMILY_COPY_STRICT,fi+is+nb+nn+sv
data,hr,B1,1001,Gebühr,nodeva,Plaćanje,FAMILY_COPY_STRICT,hr+sr
data,sr,B1,1001,Gebühr,nodeva,Plaćanje,FAMILY_COPY_STRICT,hr+sr
data,it,B1,1001,Gebühr,nodeva,Nodeva,FAMILY_COPY_STRICT,it+lb+nl+pt
data,lb,B1,1001,Gebühr,nodeva,Nodeva,FAMILY_COPY_STRICT,it+lb+nl+pt
data,nl,B1,1001,Gebühr,nodeva,Nodeva,FAMILY_COPY_STRICT,it+lb+nl+pt
data,pt,B1,1001,Gebühr,nodeva,Nodeva,FAMILY_COPY_STRICT,it+lb+nl+pt
data,hr,B1,1002,gebunden,saistīts,Свързан,SCRIPT_MISMATCH,
data,hr,B1,1002,gebunden,saistīts,Свързан,MARKER_LEAK,foreign_script
data,it,B1,1002,gebunden,saistīts,Saistīts,SAME_AS_LV_CASEFOLD,casefold_only
data,it,B1,1002,gebunden,saistīts,Saistīts,LV_DIACRITIC,
data,it,B1,1002,gebunden,saistīts,Saistīts,MARKER_LEAK,lv_macron_consonant
data,lb,B1,1002,gebunden,saistīts,Saistīts,SAME_AS_LV_CASEFOLD,casefold_only
data,lb,B1,1002,gebunden,saistīts,Saistīts,LV_DIACRITIC,
data,lb,B1,1002,gebunden,saistīts,Saistīts,MARKER_LEAK,lv_macron_consonant
data,nl,B1,1002,gebunden,saistīts,Saistīts,SAME_AS_LV_CASEFOLD,casefold_only
data,nl,B1,1002,gebunden,saistīts,Saistīts,LV_DIACRITIC,
data,nl,B1,1002,gebunden,saistīts,Saistīts,MARKER_LEAK,lv_macron_consonant
data,sk,B1,1002,gebunden,saistīts,Połączony,MARKER_LEAK,pl_l_s_z+pl_lt_nasal
data,sl,B1,1002,gebunden,saistīts,saistīts,SAME_AS_LV_CASEFOLD,exact
data,sl,B1,1002,gebunden,saistīts,saistīts,LV_DIACRITIC,
data,sl,B1,1002,gebunden,saistīts,saistīts,MARKER_LEAK,lv_macron_consonant
data,sq,B1,1002,gebunden,saistīts,Bağlı,MARKER_LEAK,tr_soft
data,bg,B1,1002,gebunden,saistīts,Свързан,FAMILY_COPY_STRICT,bg+hr+mk+sr
data,hr,B1,1002,gebunden,saistīts,Свързан,FAMILY_COPY_STRICT,bg+hr+mk+sr
data,mk,B1,1002,gebunden,saistīts,Свързан,FAMILY_COPY_STRICT,bg+hr+mk+sr
data,sr,B1,1002,gebunden,saistīts,Свързан,FAMILY_COPY_STRICT,bg+hr+mk+sr
data,fi,B1,1002,gebunden,saistīts,Seotud,FAMILY_COPY_STRICT,fi+is+nb+nn+sv
data,is,B1,1002,gebunden,saistīts,Seotud,FAMILY_COPY_STRICT,fi+is+nb+nn+sv
data,nb,B1,1002,gebunden,saistīts,Seotud,FAMILY_COPY_STRICT,fi+is+nb+nn+sv
data,nn,B1,1002,gebunden,saistīts,Seotud,FAMILY_COPY_STRICT,fi+is+nb+nn+sv
data,sv,B1,1002,gebunden,saistīts,Seotud,FAMILY_COPY_STRICT,fi+is+nb+nn+sv
data,it,B1,1002,gebunden,saistīts,Saistīts,FAMILY_COPY_STRICT,it+lb+nl
data,lb,B1,1002,gebunden,saistīts,Saistīts,FAMILY_COPY_STRICT,it+lb+nl
data,nl,B1,1002,gebunden,saistīts,Saistīts,FAMILY_COPY_STRICT,it+lb+nl
data,pl,B1,1002,gebunden,saistīts,Połączony,FAMILY_COPY_STRICT,pl+sk
data,sk,B1,1002,gebunden,saistīts,Połączony,FAMILY_COPY_STRICT,pl+sk
data,sq,B1,1002,gebunden,saistīts,Bağlı,FAMILY_COPY_STRICT,sq+tr
data,tr,B1,1002,gebunden,saistīts,Bağlı,FAMILY_COPY_STRICT,sq+tr
data,hr,B1,1003,Geburt,dzimšana,Раждане,SCRIPT_MISMATCH,
data,hr,B1,1003,Geburt,dzimšana,Раждане,MARKER_LEAK,foreign_script
data,it,B1,1003,Geburt,dzimšana,Dzimšana,SAME_AS_LV_CASEFOLD,casefold_only
data,it,B1,1003,Geburt,dzimšana,Dzimšana,LV_DIACRITIC,
data,lb,B1,1003,Geburt,dzimšana,Dzimšana,SAME_AS_LV_CASEFOLD,casefold_only
data,lb,B1,1003,Geburt,dzimšana,Dzimšana,LV_DIACRITIC,
data,nl,B1,1003,Geburt,dzimšana,Dzimšana,SAME_AS_LV_CASEFOLD,casefold_only
data,nl,B1,1003,Geburt,dzimšana,Dzimšana,LV_DIACRITIC,
data,pt,B1,1003,Geburt,dzimšana,Dzimšana,SAME_AS_LV_CASEFOLD,casefold_only
data,pt,B1,1003,Geburt,dzimšana,Dzimšana,LV_DIACRITIC,
data,sl,B1,1003,Geburt,dzimšana,dzimšana,SAME_AS_LV_CASEFOLD,exact
data,bg,B1,1003,Geburt,dzimšana,Раждане,FAMILY_COPY_STRICT,bg+hr+mk+sr
data,hr,B1,1003,Geburt,dzimšana,Раждане,FAMILY_COPY_STRICT,bg+hr+mk+sr
data,mk,B1,1003,Geburt,dzimšana,Раждане,FAMILY_COPY_STRICT,bg+hr+mk+sr
data,sr,B1,1003,Geburt,dzimšana,Раждане,FAMILY_COPY_STRICT,bg+hr+mk+sr
data,fi,B1,1003,Geburt,dzimšana,Sünd,FAMILY_COPY_STRICT,fi+is+nb+nn+sv
data,is,B1,1003,Geburt,dzimšana,Sünd,FAMILY_COPY_STRICT,fi+is+nb+nn+sv
data,nb,B1,1003,Geburt,dzimšana,Sünd,FAMILY_COPY_STRICT,fi+is+nb+nn+sv
data,nn,B1,1003,Geburt,dzimšana,Sünd,FAMILY_COPY_STRICT,fi+is+nb+nn+sv
data,sv,B1,1003,Geburt,dzimšana,Sünd,FAMILY_COPY_STRICT,fi+is+nb+nn+sv
data,it,B1,1003,Geburt,dzimšana,Dzimšana,FAMILY_COPY_STRICT,it+lb+nl+pt
data,lb,B1,1003,Geburt,dzimšana,Dzimšana,FAMILY_COPY_STRICT,it+lb+nl+pt
data,nl,B1,1003,Geburt,dzimšana,Dzimšana,FAMILY_COPY_STRICT,it+lb+nl+pt
data,pt,B1,1003,Geburt,dzimšana,Dzimšana,FAMILY_COPY_STRICT,it+lb+nl+pt
data,pl,B1,1003,Geburt,dzimšana,Narodziny,FAMILY_COPY_STRICT,pl+sk+sq+tr
data,sk,B1,1003,Geburt,dzimšana,Narodziny,FAMILY_COPY_STRICT,pl+sk+sq+tr
data,sq,B1,1003,Geburt,dzimšana,Narodziny,FAMILY_COPY_STRICT,pl+sk+sq+tr
data,tr,B1,1003,Geburt,dzimšana,Narodziny,FAMILY_COPY_STRICT,pl+sk+sq+tr
data,fi,B1,1004,Gebüsch,krūmājs,Põõsastik,MARKER_LEAK,et_otilde
data,hr,B1,1004,Gebüsch,krūmājs,Буш,SCRIPT_MISMATCH,
data,hr,B1,1004,Gebüsch,krūmājs,Буш,MARKER_LEAK,foreign_script
data,is,B1,1004,Gebüsch,krūmājs,Põõsastik,MARKER_LEAK,et_otilde
data,it,B1,1004,Gebüsch,krūmājs,Krūmājs,SAME_AS_LV_CASEFOLD,casefold_only
data,it,B1,1004,Gebüsch,krūmājs,Krūmājs,LV_DIACRITIC,
data,it,B1,1004,Gebüsch,krūmājs,Krūmājs,MARKER_LEAK,lv_macron_consonant+lv_u_macron
data,lb,B1,1004,Gebüsch,krūmājs,Krūmājs,SAME_AS_LV_CASEFOLD,casefold_only
data,lb,B1,1004,Gebüsch,krūmājs,Krūmājs,LV_DIACRITIC,
data,lb,B1,1004,Gebüsch,krūmājs,Krūmājs,MARKER_LEAK,lv_macron_consonant+lv_u_macron
data,nb,B1,1004,Gebüsch,krūmājs,Põõsastik,MARKER_LEAK,et_otilde
data,nl,B1,1004,Gebüsch,krūmājs,Krūmājs,SAME_AS_LV_CASEFOLD,casefold_only
data,nl,B1,1004,Gebüsch,krūmājs,Krūmājs,LV_DIACRITIC,
data,nl,B1,1004,Gebüsch,krūmājs,Krūmājs,MARKER_LEAK,lv_macron_consonant+lv_u_macron
data,nn,B1,1004,Gebüsch,krūmājs,Põõsastik,MARKER_LEAK,et_otilde
data,sl,B1,1004,Gebüsch,krūmājs,krūmājs,SAME_AS_LV_CASEFOLD,exact
data,sl,B1,1004,Gebüsch,krūmājs,krūmājs,LV_DIACRITIC,
data,sl,B1,1004,Gebüsch,krūmājs,krūmājs,MARKER_LEAK,lv_macron_consonant+lv_u_macron
data,sq,B1,1004,Gebüsch,krūmājs,Çalı,MARKER_LEAK,tr_soft
data,sv,B1,1004,Gebüsch,krūmājs,Põõsastik,MARKER_LEAK,et_otilde
data,bg,B1,1004,Gebüsch,krūmājs,Буш,FAMILY_COPY_STRICT,bg+hr+mk+sr
data,hr,B1,1004,Gebüsch,krūmājs,Буш,FAMILY_COPY_STRICT,bg+hr+mk+sr
data,mk,B1,1004,Gebüsch,krūmājs,Буш,FAMILY_COPY_STRICT,bg+hr+mk+sr
data,sr,B1,1004,Gebüsch,krūmājs,Буш,FAMILY_COPY_STRICT,bg+hr+mk+sr
data,en,B1,1004,Gebüsch,krūmājs,Bush,FAMILY_COPY_STRICT,en+sk
data,sk,B1,1004,Gebüsch,krūmājs,Bush,FAMILY_COPY_STRICT,en+sk
data,fi,B1,1004,Gebüsch,krūmājs,Põõsastik,FAMILY_COPY_STRICT,fi+is+nb+nn+sv
data,is,B1,1004,Gebüsch,krūmājs,Põõsastik,FAMILY_COPY_STRICT,fi+is+nb+nn+sv
data,nb,B1,1004,Gebüsch,krūmājs,Põõsastik,FAMILY_COPY_STRICT,fi+is+nb+nn+sv
data,nn,B1,1004,Gebüsch,krūmājs,Põõsastik,FAMILY_COPY_STRICT,fi+is+nb+nn+sv
data,sv,B1,1004,Gebüsch,krūmājs,Põõsastik,FAMILY_COPY_STRICT,fi+is+nb+nn+sv
data,it,B1,1004,Gebüsch,krūmājs,Krūmājs,FAMILY_COPY_STRICT,it+lb+nl
data,lb,B1,1004,Gebüsch,krūmājs,Krūmājs,FAMILY_COPY_STRICT,it+lb+nl
data,nl,B1,1004,Gebüsch,krūmājs,Krūmājs,FAMILY_COPY_STRICT,it+lb+nl
data,sq,B1,1004,Gebüsch,krūmājs,Çalı,FAMILY_COPY_STRICT,sq+tr
data,tr,B1,1004,Gebüsch,krūmājs,Çalı,FAMILY_COPY_STRICT,sq+tr
data,hr,B1,1005,Gedächtnis,atmiņa,Памет,SCRIPT_MISMATCH,
data,hr,B1,1005,Gedächtnis,atmiņa,Памет,MARKER_LEAK,foreign_script
data,it,B1,1005,Gedächtnis,atmiņa,Atmiņa,SAME_AS_LV_CASEFOLD,casefold_only
data,it,B1,1005,Gedächtnis,atmiņa,Atmiņa,LV_DIACRITIC,
data,it,B1,1005,Gedächtnis,atmiņa,Atmiņa,MARKER_LEAK,lv_macron_consonant
data,lb,B1,1005,Gedächtnis,atmiņa,Atmiņa,SAME_AS_LV_CASEFOLD,casefold_only
data,lb,B1,1005,Gedächtnis,atmiņa,Atmiņa,LV_DIACRITIC,
data,lb,B1,1005,Gedächtnis,atmiņa,Atmiņa,MARKER_LEAK,lv_macron_consonant
data,nl,B1,1005,Gedächtnis,atmiņa,Atmiņa,SAME_AS_LV_CASEFOLD,casefold_only
data,nl,B1,1005,Gedächtnis,atmiņa,Atmiņa,LV_DIACRITIC,
data,nl,B1,1005,Gedächtnis,atmiņa,Atmiņa,MARKER_LEAK,lv_macron_consonant
data,pt,B1,1005,Gedächtnis,atmiņa,Atmiņa,SAME_AS_LV_CASEFOLD,casefold_only
data,pt,B1,1005,Gedächtnis,atmiņa,Atmiņa,LV_DIACRITIC,
data,pt,B1,1005,Gedächtnis,atmiņa,Atmiņa,MARKER_LEAK,lv_macron_consonant
data,sk,B1,1005,Gedächtnis,atmiņa,Pamięć,MARKER_LEAK,pl_lt_nasal
data,sl,B1,1005,Gedächtnis,atmiņa,atmiņa,SAME_AS_LV_CASEFOLD,exact
data,sl,B1,1005,Gedächtnis,atmiņa,atmiņa,LV_DIACRITIC,
data,sl,B1,1005,Gedächtnis,atmiņa,atmiņa,MARKER_LEAK,lv_macron_consonant
data,sq,B1,1005,Gedächtnis,atmiņa,Hafıza,MARKER_LEAK,tr_soft
data,bg,B1,1005,Gedächtnis,atmiņa,Памет,FAMILY_COPY_STRICT,bg+hr+mk+sr
data,hr,B1,1005,Gedächtnis,atmiņa,Памет,FAMILY_COPY_STRICT,bg+hr+mk+sr
data,mk,B1,1005,Gedächtnis,atmiņa,Памет,FAMILY_COPY_STRICT,bg+hr+mk+sr
data,sr,B1,1005,Gedächtnis,atmiņa,Памет,FAMILY_COPY_STRICT,bg+hr+mk+sr
data,fi,B1,1005,Gedächtnis,atmiņa,Mälu,FAMILY_COPY_STRICT,fi+is+nb+nn+sv
data,is,B1,1005,Gedächtnis,atmiņa,Mälu,FAMILY_COPY_STRICT,fi+is+nb+nn+sv
data,nb,B1,1005,Gedächtnis,atmiņa,Mälu,FAMILY_COPY_STRICT,fi+is+nb+nn+sv
data,nn,B1,1005,Gedächtnis,atmiņa,Mälu,FAMILY_COPY_STRICT,fi+is+nb+nn+sv
data,sv,B1,1005,Gedächtnis,atmiņa,Mälu,FAMILY_COPY_STRICT,fi+is+nb+nn+sv
data,it,B1,1005,Gedächtnis,atmiņa,Atmiņa,FAMILY_COPY_STRICT,it+lb+nl+pt
data,lb,B1,1005,Gedächtnis,atmiņa,Atmiņa,FAMILY_COPY_STRICT,it+lb+nl+pt
data,nl,B1,1005,Gedächtnis,atmiņa,Atmiņa,FAMILY_COPY_STRICT,it+lb+nl+pt
data,pt,B1,1005,Gedächtnis,atmiņa,Atmiņa,FAMILY_COPY_STRICT,it+lb+nl+pt
data,pl,B1,1005,Gedächtnis,atmiņa,Pamięć,FAMILY_COPY_STRICT,pl+sk
data,sk,B1,1005,Gedächtnis,atmiņa,Pamięć,FAMILY_COPY_STRICT,pl+sk
data,sq,B1,1005,Gedächtnis,atmiņa,Hafıza,FAMILY_COPY_STRICT,sq+tr
data,tr,B1,1005,Gedächtnis,atmiņa,Hafıza,FAMILY_COPY_STRICT,sq+tr
data,hr,B1,1006,gedankenlos,neapdomīgs,Безразсъдно,SCRIPT_MISMATCH,
data,hr,B1,1006,gedankenlos,neapdomīgs,Безразсъдно,MARKER_LEAK,foreign_script
data,sk,B1,1006,gedankenlos,neapdomīgs,Nieostrożny,MARKER_LEAK,pl_l_s_z
data,sl,B1,1006,gedankenlos,neapdomīgs,neapdomīgs,SAME_AS_LV_CASEFOLD,exact
data,sl,B1,1006,gedankenlos,neapdomīgs,neapdomīgs,LV_DIACRITIC,
data,sl,B1,1006,gedankenlos,neapdomīgs,neapdomīgs,MARKER_LEAK,lv_macron_consonant
data,bg,B1,1006,gedankenlos,neapdomīgs,Безразсъдно,FAMILY_COPY_STRICT,bg+hr+mk+sr
data,hr,B1,1006,gedankenlos,neapdomīgs,Безразсъдно,FAMILY_COPY_STRICT,bg+hr+mk+sr
data,mk,B1,1006,gedankenlos,neapdomīgs,Безразсъдно,FAMILY_COPY_STRICT,bg+hr+mk+sr
data,sr,B1,1006,gedankenlos,neapdomīgs,Безразсъдно,FAMILY_COPY_STRICT,bg+hr+mk+sr
data,fi,B1,1006,gedankenlos,neapdomīgs,Hoolimatu,FAMILY_COPY_STRICT,fi+is+nb+nn+sv
data,is,B1,1006,gedankenlos,neapdomīgs,Hoolimatu,FAMILY_COPY_STRICT,fi+is+nb+nn+sv
data,nb,B1,1006,gedankenlos,neapdomīgs,Hoolimatu,FAMILY_COPY_STRICT,fi+is+nb+nn+sv
data,nn,B1,1006,gedankenlos,neapdomīgs,Hoolimatu,FAMILY_COPY_STRICT,fi+is+nb+nn+sv
data,sv,B1,1006,gedankenlos,neapdomīgs,Hoolimatu,FAMILY_COPY_STRICT,fi+is+nb+nn+sv
data,it,B1,1006,gedankenlos,neapdomīgs,Roekeloos,FAMILY_COPY_STRICT,it+lb+nl+pt
data,lb,B1,1006,gedankenlos,neapdomīgs,Roekeloos,FAMILY_COPY_STRICT,it+lb+nl+pt
data,nl,B1,1006,gedankenlos,neapdomīgs,Roekeloos,FAMILY_COPY_STRICT,it+lb+nl+pt
data,pt,B1,1006,gedankenlos,neapdomīgs,Roekeloos,FAMILY_COPY_STRICT,it+lb+nl+pt
data,pl,B1,1006,gedankenlos,neapdomīgs,Nieostrożny,FAMILY_COPY_STRICT,pl+sk
data,sk,B1,1006,gedankenlos,neapdomīgs,Nieostrożny,FAMILY_COPY_STRICT,pl+sk
data,sq,B1,1006,gedankenlos,neapdomīgs,Dikkatsiz,FAMILY_COPY_STRICT,sq+tr
data,tr,B1,1006,gedankenlos,neapdomīgs,Dikkatsiz,FAMILY_COPY_STRICT,sq+tr
data,hr,B1,1007,Gedränge,drūzma,Тълпа,SCRIPT_MISMATCH,
data,hr,B1,1007,Gedränge,drūzma,Тълпа,MARKER_LEAK,foreign_script
data,it,B1,1007,Gedränge,drūzma,Drūzma,SAME_AS_LV_CASEFOLD,casefold_only
data,it,B1,1007,Gedränge,drūzma,Drūzma,LV_DIACRITIC,
data,it,B1,1007,Gedränge,drūzma,Drūzma,MARKER_LEAK,lv_u_macron
data,lb,B1,1007,Gedränge,drūzma,Drūzma,SAME_AS_LV_CASEFOLD,casefold_only
data,lb,B1,1007,Gedränge,drūzma,Drūzma,LV_DIACRITIC,
data,lb,B1,1007,Gedränge,drūzma,Drūzma,MARKER_LEAK,lv_u_macron
data,nl,B1,1007,Gedränge,drūzma,Drūzma,SAME_AS_LV_CASEFOLD,casefold_only
data,nl,B1,1007,Gedränge,drūzma,Drūzma,LV_DIACRITIC,
data,nl,B1,1007,Gedränge,drūzma,Drūzma,MARKER_LEAK,lv_u_macron
data,sk,B1,1007,Gedränge,drūzma,Tłum,MARKER_LEAK,pl_l_s_z
data,sl,B1,1007,Gedränge,drūzma,drūzma,SAME_AS_LV_CASEFOLD,exact
data,sl,B1,1007,Gedränge,drūzma,drūzma,LV_DIACRITIC,
data,sl,B1,1007,Gedränge,drūzma,drūzma,MARKER_LEAK,lv_u_macron
data,sq,B1,1007,Gedränge,drūzma,Tłum,MARKER_LEAK,pl_l_s_z
data,tr,B1,1007,Gedränge,drūzma,Tłum,MARKER_LEAK,pl_l_s_z
data,bg,B1,1007,Gedränge,drūzma,Тълпа,FAMILY_COPY_STRICT,bg+hr+mk+sr
data,hr,B1,1007,Gedränge,drūzma,Тълпа,FAMILY_COPY_STRICT,bg+hr+mk+sr
data,mk,B1,1007,Gedränge,drūzma,Тълпа,FAMILY_COPY_STRICT,bg+hr+mk+sr
data,sr,B1,1007,Gedränge,drūzma,Тълпа,FAMILY_COPY_STRICT,bg+hr+mk+sr
data,da,B1,1007,Gedränge,drūzma,Crowd,FAMILY_COPY_STRICT,da+en
data,en,B1,1007,Gedränge,drūzma,Crowd,FAMILY_COPY_STRICT,da+en
data,fi,B1,1007,Gedränge,drūzma,Sagimine,FAMILY_COPY_STRICT,fi+is+nb+nn+sv
data,is,B1,1007,Gedränge,drūzma,Sagimine,FAMILY_COPY_STRICT,fi+is+nb+nn+sv
data,nb,B1,1007,Gedränge,drūzma,Sagimine,FAMILY_COPY_STRICT,fi+is+nb+nn+sv
data,nn,B1,1007,Gedränge,drūzma,Sagimine,FAMILY_COPY_STRICT,fi+is+nb+nn+sv
data,sv,B1,1007,Gedränge,drūzma,Sagimine,FAMILY_COPY_STRICT,fi+is+nb+nn+sv
data,it,B1,1007,Gedränge,drūzma,Drūzma,FAMILY_COPY_STRICT,it+lb+nl
data,lb,B1,1007,Gedränge,drūzma,Drūzma,FAMILY_COPY_STRICT,it+lb+nl
data,nl,B1,1007,Gedränge,drūzma,Drūzma,FAMILY_COPY_STRICT,it+lb+nl
data,pl,B1,1007,Gedränge,drūzma,Tłum,FAMILY_COPY_STRICT,pl+sk+sq+tr
data,sk,B1,1007,Gedränge,drūzma,Tłum,FAMILY_COPY_STRICT,pl+sk+sq+tr
data,sq,B1,1007,Gedränge,drūzma,Tłum,FAMILY_COPY_STRICT,pl+sk+sq+tr
data,tr,B1,1007,Gedränge,drūzma,Tłum,FAMILY_COPY_STRICT,pl+sk+sq+tr
data,hr,B1,1008,gedruckt,iespiests,Отпечатано,SCRIPT_MISMATCH,
data,hr,B1,1008,gedruckt,iespiests,Отпечатано,MARKER_LEAK,foreign_script
data,it,B1,1008,gedruckt,iespiests,Iespiests,SAME_AS_LV_CASEFOLD,casefold_only
data,nl,B1,1008,gedruckt,iespiests,Iespiests,SAME_AS_LV_CASEFOLD,casefold_only
data,sl,B1,1008,gedruckt,iespiests,iespiests,SAME_AS_LV_CASEFOLD,exact
data,bg,B1,1008,gedruckt,iespiests,Отпечатано,FAMILY_COPY_STRICT,bg+hr+mk+sr
data,hr,B1,1008,gedruckt,iespiests,Отпечатано,FAMILY_COPY_STRICT,bg+hr+mk+sr
data,mk,B1,1008,gedruckt,iespiests,Отпечатано,FAMILY_COPY_STRICT,bg+hr+mk+sr
data,sr,B1,1008,gedruckt,iespiests,Отпечатано,FAMILY_COPY_STRICT,bg+hr+mk+sr
data,fi,B1,1008,gedruckt,iespiests,Trükitud,FAMILY_COPY_STRICT,fi+is+nb+nn+sv
data,is,B1,1008,gedruckt,iespiests,Trükitud,FAMILY_COPY_STRICT,fi+is+nb+nn+sv
data,nb,B1,1008,gedruckt,iespiests,Trükitud,FAMILY_COPY_STRICT,fi+is+nb+nn+sv
data,nn,B1,1008,gedruckt,iespiests,Trükitud,FAMILY_COPY_STRICT,fi+is+nb+nn+sv
data,sv,B1,1008,gedruckt,iespiests,Trükitud,FAMILY_COPY_STRICT,fi+is+nb+nn+sv
data,it,B1,1008,gedruckt,iespiests,Iespiests,FAMILY_COPY_STRICT,it+nl
data,nl,B1,1008,gedruckt,iespiests,Iespiests,FAMILY_COPY_STRICT,it+nl
data,pl,B1,1008,gedruckt,iespiests,Wydrukowane,FAMILY_COPY_STRICT,pl+sk+sq+tr
data,sk,B1,1008,gedruckt,iespiests,Wydrukowane,FAMILY_COPY_STRICT,pl+sk+sq+tr
data,sq,B1,1008,gedruckt,iespiests,Wydrukowane,FAMILY_COPY_STRICT,pl+sk+sq+tr
data,tr,B1,1008,gedruckt,iespiests,Wydrukowane,FAMILY_COPY_STRICT,pl+sk+sq+tr
data,hr,B1,1009,Geduld,pacietība,Търпение,SCRIPT_MISMATCH,
data,hr,B1,1009,Geduld,pacietība,Търпение,MARKER_LEAK,foreign_script
data,it,B1,1009,Geduld,pacietība,Pacietība,SAME_AS_LV_CASEFOLD,casefold_only
data,it,B1,1009,Geduld,pacietība,Pacietība,LV_DIACRITIC,
data,it,B1,1009,Geduld,pacietība,Pacietība,MARKER_LEAK,lv_macron_consonant
data,lb,B1,1009,Geduld,pacietība,Pacietība,SAME_AS_LV_CASEFOLD,casefold_only
data,lb,B1,1009,Geduld,pacietība,Pacietība,LV_DIACRITIC,
data,lb,B1,1009,Geduld,pacietība,Pacietība,MARKER_LEAK,lv_macron_consonant
data,nl,B1,1009,Geduld,pacietība,Pacietība,SAME_AS_LV_CASEFOLD,casefold_only
data,nl,B1,1009,Geduld,pacietība,Pacietība,LV_DIACRITIC,
data,nl,B1,1009,Geduld,pacietība,Pacietība,MARKER_LEAK,lv_macron_consonant
data,sl,B1,1009,Geduld,pacietība,pacietība,SAME_AS_LV_CASEFOLD,exact
data,sl,B1,1009,Geduld,pacietība,pacietība,LV_DIACRITIC,
data,sl,B1,1009,Geduld,pacietība,pacietība,MARKER_LEAK,lv_macron_consonant
data,sq,B1,1009,Geduld,pacietība,Sabır,MARKER_LEAK,tr_soft
data,bg,B1,1009,Geduld,pacietība,Търпение,FAMILY_COPY_STRICT,bg+hr+mk+sr
data,hr,B1,1009,Geduld,pacietība,Търпение,FAMILY_COPY_STRICT,bg+hr+mk+sr
data,mk,B1,1009,Geduld,pacietība,Търпение,FAMILY_COPY_STRICT,bg+hr+mk+sr
data,sr,B1,1009,Geduld,pacietība,Търпение,FAMILY_COPY_STRICT,bg+hr+mk+sr
data,en,B1,1009,Geduld,pacietība,Patience,FAMILY_COPY_STRICT,en+fr
data,fr,B1,1009,Geduld,pacietība,Patience,FAMILY_COPY_STRICT,en+fr
data,fi,B1,1009,Geduld,pacietība,Kannatlikkus,FAMILY_COPY_STRICT,fi+is+nb+nn+sv
data,is,B1,1009,Geduld,pacietība,Kannatlikkus,FAMILY_COPY_STRICT,fi+is+nb+nn+sv
data,nb,B1,1009,Geduld,pacietība,Kannatlikkus,FAMILY_COPY_STRICT,fi+is+nb+nn+sv
data,nn,B1,1009,Geduld,pacietība,Kannatlikkus,FAMILY_COPY_STRICT,fi+is+nb+nn+sv
data,sv,B1,1009,Geduld,pacietība,Kannatlikkus,FAMILY_COPY_STRICT,fi+is+nb+nn+sv
data,it,B1,1009,Geduld,pacietība,Pacietība,FAMILY_COPY_STRICT,it+lb+nl
data,lb,B1,1009,Geduld,pacietība,Pacietība,FAMILY_COPY_STRICT,it+lb+nl
data,nl,B1,1009,Geduld,pacietība,Pacietība,FAMILY_COPY_STRICT,it+lb+nl
data,sq,B1,1009,Geduld,pacietība,Sabır,FAMILY_COPY_STRICT,sq+tr
data,tr,B1,1009,Geduld,pacietība,Sabır,FAMILY_COPY_STRICT,sq+tr
data,hr,B1,1010,sich gedulden,paciesties,Примирявам се с,SCRIPT_MISMATCH,
data,hr,B1,1010,sich gedulden,paciesties,Примирявам се с,MARKER_LEAK,foreign_script
data,it,B1,1010,sich gedulden,paciesties,Paciesties,SAME_AS_LV_CASEFOLD,casefold_only
data,lb,B1,1010,sich gedulden,paciesties,Paciesties,SAME_AS_LV_CASEFOLD,casefold_only
data,nl,B1,1010,sich gedulden,paciesties,Paciesties,SAME_AS_LV_CASEFOLD,casefold_only
data,sl,B1,1010,sich gedulden,paciesties,paciesties,SAME_AS_LV_CASEFOLD,exact
data,bg,B1,1010,sich gedulden,paciesties,Примирявам се с,FAMILY_COPY_STRICT,bg+hr+mk+sr
data,hr,B1,1010,sich gedulden,paciesties,Примирявам се с,FAMILY_COPY_STRICT,bg+hr+mk+sr
data,mk,B1,1010,sich gedulden,paciesties,Примирявам се с,FAMILY_COPY_STRICT,bg+hr+mk+sr
data,sr,B1,1010,sich gedulden,paciesties,Примирявам се с,FAMILY_COPY_STRICT,bg+hr+mk+sr
data,fi,B1,1010,sich gedulden,paciesties,Kannatust koguma,FAMILY_COPY_STRICT,fi+is+nb+nn+sv
data,is,B1,1010,sich gedulden,paciesties,Kannatust koguma,FAMILY_COPY_STRICT,fi+is+nb+nn+sv
data,nb,B1,1010,sich gedulden,paciesties,Kannatust koguma,FAMILY_COPY_STRICT,fi+is+nb+nn+sv
data,nn,B1,1010,sich gedulden,paciesties,Kannatust koguma,FAMILY_COPY_STRICT,fi+is+nb+nn+sv
data,sv,B1,1010,sich gedulden,paciesties,Kannatust koguma,FAMILY_COPY_STRICT,fi+is+nb+nn+sv
data,it,B1,1010,sich gedulden,paciesties,Paciesties,FAMILY_COPY_STRICT,it+lb+nl
data,lb,B1,1010,sich gedulden,paciesties,Paciesties,FAMILY_COPY_STRICT,it+lb+nl
data,nl,B1,1010,sich gedulden,paciesties,Paciesties,FAMILY_COPY_STRICT,it+lb+nl
data,pl,B1,1010,sich gedulden,paciesties,Znosić,FAMILY_COPY_STRICT,pl+sk
data,sk,B1,1010,sich gedulden,paciesties,Znosić,FAMILY_COPY_STRICT,pl+sk
data,sq,B1,1010,sich gedulden,paciesties,Dayanmak,FAMILY_COPY_STRICT,sq+tr
data,tr,B1,1010,sich gedulden,paciesties,Dayanmak,FAMILY_COPY_STRICT,sq+tr
data,hr,B1,1011,geduldig,pacietīgs,Пациент,SCRIPT_MISMATCH,
data,hr,B1,1011,geduldig,pacietīgs,Пациент,MARKER_LEAK,foreign_script
data,it,B1,1011,geduldig,pacietīgs,Pacietīgs,SAME_AS_LV_CASEFOLD,casefold_only
data,it,B1,1011,geduldig,pacietīgs,Pacietīgs,LV_DIACRITIC,
data,it,B1,1011,geduldig,pacietīgs,Pacietīgs,MARKER_LEAK,lv_macron_consonant
data,lb,B1,1011,geduldig,pacietīgs,Pacietīgs,SAME_AS_LV_CASEFOLD,casefold_only
data,lb,B1,1011,geduldig,pacietīgs,Pacietīgs,LV_DIACRITIC,
data,lb,B1,1011,geduldig,pacietīgs,Pacietīgs,MARKER_LEAK,lv_macron_consonant
data,nl,B1,1011,geduldig,pacietīgs,Pacietīgs,SAME_AS_LV_CASEFOLD,casefold_only
data,nl,B1,1011,geduldig,pacietīgs,Pacietīgs,LV_DIACRITIC,
data,nl,B1,1011,geduldig,pacietīgs,Pacietīgs,MARKER_LEAK,lv_macron_consonant
data,sl,B1,1011,geduldig,pacietīgs,pacietīgs,SAME_AS_LV_CASEFOLD,exact
data,sl,B1,1011,geduldig,pacietīgs,pacietīgs,LV_DIACRITIC,
data,sl,B1,1011,geduldig,pacietīgs,pacietīgs,MARKER_LEAK,lv_macron_consonant
data,bg,B1,1011,geduldig,pacietīgs,Пациент,FAMILY_COPY_STRICT,bg+hr+mk+ru+sr
data,hr,B1,1011,geduldig,pacietīgs,Пациент,FAMILY_COPY_STRICT,bg+hr+mk+ru+sr
data,mk,B1,1011,geduldig,pacietīgs,Пациент,FAMILY_COPY_STRICT,bg+hr+mk+ru+sr
data,ru,B1,1011,geduldig,pacietīgs,Пациент,FAMILY_COPY_STRICT,bg+hr+mk+ru+sr
data,sr,B1,1011,geduldig,pacietīgs,Пациент,FAMILY_COPY_STRICT,bg+hr+mk+ru+sr
data,da,B1,1011,geduldig,pacietīgs,Patient,FAMILY_COPY_STRICT,da+en+fr
data,en,B1,1011,geduldig,pacietīgs,Patient,FAMILY_COPY_STRICT,da+en+fr
data,fr,B1,1011,geduldig,pacietīgs,Patient,FAMILY_COPY_STRICT,da+en+fr
data,fi,B1,1011,geduldig,pacietīgs,Kannatlik,FAMILY_COPY_STRICT,fi+is+nb+nn+sv
data,is,B1,1011,geduldig,pacietīgs,Kannatlik,FAMILY_COPY_STRICT,fi+is+nb+nn+sv
data,nb,B1,1011,geduldig,pacietīgs,Kannatlik,FAMILY_COPY_STRICT,fi+is+nb+nn+sv
data,nn,B1,1011,geduldig,pacietīgs,Kannatlik,FAMILY_COPY_STRICT,fi+is+nb+nn+sv
data,sv,B1,1011,geduldig,pacietīgs,Kannatlik,FAMILY_COPY_STRICT,fi+is+nb+nn+sv
data,it,B1,1011,geduldig,pacietīgs,Pacietīgs,FAMILY_COPY_STRICT,it+lb+nl
data,lb,B1,1011,geduldig,pacietīgs,Pacietīgs,FAMILY_COPY_STRICT,it+lb+nl
data,nl,B1,1011,geduldig,pacietīgs,Pacietīgs,FAMILY_COPY_STRICT,it+lb+nl
data,pl,B1,1011,geduldig,pacietīgs,Pacjent,FAMILY_COPY_STRICT,pl+sk+sq+tr
data,sk,B1,1011,geduldig,pacietīgs,Pacjent,FAMILY_COPY_STRICT,pl+sk+sq+tr
data,sq,B1,1011,geduldig,pacietīgs,Pacjent,FAMILY_COPY_STRICT,pl+sk+sq+tr
data,tr,B1,1011,geduldig,pacietīgs,Pacjent,FAMILY_COPY_STRICT,pl+sk+sq+tr
data,hr,B1,1012,geeignet,piemērots,Подходящо,SCRIPT_MISMATCH,
data,hr,B1,1012,geeignet,piemērots,Подходящо,MARKER_LEAK,foreign_script
data,it,B1,1012,geeignet,piemērots,Piemērots,SAME_AS_LV_CASEFOLD,casefold_only
data,it,B1,1012,geeignet,piemērots,Piemērots,LV_DIACRITIC,
data,it,B1,1012,geeignet,piemērots,Piemērots,MARKER_LEAK,lv_macron_consonant
data,lb,B1,1012,geeignet,piemērots,Piemērots,SAME_AS_LV_CASEFOLD,casefold_only
data,lb,B1,1012,geeignet,piemērots,Piemērots,LV_DIACRITIC,
data,lb,B1,1012,geeignet,piemērots,Piemērots,MARKER_LEAK,lv_macron_consonant
data,nl,B1,1012,geeignet,piemērots,Piemērots,SAME_AS_LV_CASEFOLD,casefold_only
data,nl,B1,1012,geeignet,piemērots,Piemērots,LV_DIACRITIC,
data,nl,B1,1012,geeignet,piemērots,Piemērots,MARKER_LEAK,lv_macron_consonant
data,sl,B1,1012,geeignet,piemērots,piemērots,SAME_AS_LV_CASEFOLD,exact
data,sl,B1,1012,geeignet,piemērots,piemērots,LV_DIACRITIC,
data,sl,B1,1012,geeignet,piemērots,piemērots,MARKER_LEAK,lv_macron_consonant
data,bg,B1,1012,geeignet,piemērots,Подходящо,FAMILY_COPY_STRICT,bg+hr+mk+sr
data,hr,B1,1012,geeignet,piemērots,Подходящо,FAMILY_COPY_STRICT,bg+hr+mk+sr
data,mk,B1,1012,geeignet,piemērots,Подходящо,FAMILY_COPY_STRICT,bg+hr+mk+sr
data,sr,B1,1012,geeignet,piemērots,Подходящо,FAMILY_COPY_STRICT,bg+hr+mk+sr
data,fi,B1,1012,geeignet,piemērots,Sobiv,FAMILY_COPY_STRICT,fi+is+nb+nn+sv
data,is,B1,1012,geeignet,piemērots,Sobiv,FAMILY_COPY_STRICT,fi+is+nb+nn+sv
data,nb,B1,1012,geeignet,piemērots,Sobiv,FAMILY_COPY_STRICT,fi+is+nb+nn+sv
data,nn,B1,1012,geeignet,piemērots,Sobiv,FAMILY_COPY_STRICT,fi+is+nb+nn+sv
data,sv,B1,1012,geeignet,piemērots,Sobiv,FAMILY_COPY_STRICT,fi+is+nb+nn+sv
data,it,B1,1012,geeignet,piemērots,Piemērots,FAMILY_COPY_STRICT,it+lb+nl
data,lb,B1,1012,geeignet,piemērots,Piemērots,FAMILY_COPY_STRICT,it+lb+nl
data,nl,B1,1012,geeignet,piemērots,Piemērots,FAMILY_COPY_STRICT,it+lb+nl
data,pl,B1,1012,geeignet,piemērots,Odpowiedni,FAMILY_COPY_STRICT,pl+sk
data,sk,B1,1012,geeignet,piemērots,Odpowiedni,FAMILY_COPY_STRICT,pl+sk
data,sq,B1,1012,geeignet,piemērots,Uygun,FAMILY_COPY_STRICT,sq+tr
data,tr,B1,1012,geeignet,piemērots,Uygun,FAMILY_COPY_STRICT,sq+tr
data,hr,B1,1013,gefährden,apdraudēt,Заплашвайте,SCRIPT_MISMATCH,
data,hr,B1,1013,gefährden,apdraudēt,Заплашвайте,MARKER_LEAK,foreign_script
data,it,B1,1013,gefährden,apdraudēt,Apdraudēt,SAME_AS_LV_CASEFOLD,casefold_only
data,it,B1,1013,gefährden,apdraudēt,Apdraudēt,LV_DIACRITIC,
data,it,B1,1013,gefährden,apdraudēt,Apdraudēt,MARKER_LEAK,lv_macron_consonant
data,lb,B1,1013,gefährden,apdraudēt,Apdraudēt,SAME_AS_LV_CASEFOLD,casefold_only
data,lb,B1,1013,gefährden,apdraudēt,Apdraudēt,LV_DIACRITIC,
data,lb,B1,1013,gefährden,apdraudēt,Apdraudēt,MARKER_LEAK,lv_macron_consonant
data,nl,B1,1013,gefährden,apdraudēt,Apdraudēt,SAME_AS_LV_CASEFOLD,casefold_only
data,nl,B1,1013,gefährden,apdraudēt,Apdraudēt,LV_DIACRITIC,
data,nl,B1,1013,gefährden,apdraudēt,Apdraudēt,MARKER_LEAK,lv_macron_consonant
data,pt,B1,1013,gefährden,apdraudēt,Apdraudēt,SAME_AS_LV_CASEFOLD,casefold_only
data,pt,B1,1013,gefährden,apdraudēt,Apdraudēt,LV_DIACRITIC,
data,pt,B1,1013,gefährden,apdraudēt,Apdraudēt,MARKER_LEAK,lv_macron_consonant
data,sl,B1,1013,gefährden,apdraudēt,apdraudēt,SAME_AS_LV_CASEFOLD,exact
data,sl,B1,1013,gefährden,apdraudēt,apdraudēt,LV_DIACRITIC,
data,sl,B1,1013,gefährden,apdraudēt,apdraudēt,MARKER_LEAK,lv_macron_consonant
data,bg,B1,1013,gefährden,apdraudēt,Заплашвайте,FAMILY_COPY_STRICT,bg+hr+mk+sr
data,hr,B1,1013,gefährden,apdraudēt,Заплашвайте,FAMILY_COPY_STRICT,bg+hr+mk+sr
data,mk,B1,1013,gefährden,apdraudēt,Заплашвайте,FAMILY_COPY_STRICT,bg+hr+mk+sr
data,sr,B1,1013,gefährden,apdraudēt,Заплашвайте,FAMILY_COPY_STRICT,bg+hr+mk+sr
data,fi,B1,1013,gefährden,apdraudēt,Ohustama,FAMILY_COPY_STRICT,fi+is+nb+nn+sv
data,is,B1,1013,gefährden,apdraudēt,Ohustama,FAMILY_COPY_STRICT,fi+is+nb+nn+sv
data,nb,B1,1013,gefährden,apdraudēt,Ohustama,FAMILY_COPY_STRICT,fi+is+nb+nn+sv
data,nn,B1,1013,gefährden,apdraudēt,Ohustama,FAMILY_COPY_STRICT,fi+is+nb+nn+sv
data,sv,B1,1013,gefährden,apdraudēt,Ohustama,FAMILY_COPY_STRICT,fi+is+nb+nn+sv
data,it,B1,1013,gefährden,apdraudēt,Apdraudēt,FAMILY_COPY_STRICT,it+lb+nl+pt
data,lb,B1,1013,gefährden,apdraudēt,Apdraudēt,FAMILY_COPY_STRICT,it+lb+nl+pt
data,nl,B1,1013,gefährden,apdraudēt,Apdraudēt,FAMILY_COPY_STRICT,it+lb+nl+pt
data,pt,B1,1013,gefährden,apdraudēt,Apdraudēt,FAMILY_COPY_STRICT,it+lb+nl+pt
data,sq,B1,1013,gefährden,apdraudēt,Tehdit et,FAMILY_COPY_STRICT,sq+tr
data,tr,B1,1013,gefährden,apdraudēt,Tehdit et,FAMILY_COPY_STRICT,sq+tr
data,hr,B1,1014,Gefallen,pakalpojums,Обслужване,SCRIPT_MISMATCH,
data,hr,B1,1014,Gefallen,pakalpojums,Обслужване,MARKER_LEAK,foreign_script
data,it,B1,1014,Gefallen,pakalpojums,Pakalpojums,SAME_AS_LV_CASEFOLD,casefold_only
data,lb,B1,1014,Gefallen,pakalpojums,Pakalpojums,SAME_AS_LV_CASEFOLD,casefold_only
data,nl,B1,1014,Gefallen,pakalpojums,Pakalpojums,SAME_AS_LV_CASEFOLD,casefold_only
data,pt,B1,1014,Gefallen,pakalpojums,Pakalpojums,SAME_AS_LV_CASEFOLD,casefold_only
data,sl,B1,1014,Gefallen,pakalpojums,pakalpojums,SAME_AS_LV_CASEFOLD,exact
data,bg,B1,1014,Gefallen,pakalpojums,Обслужване,FAMILY_COPY_STRICT,bg+hr+mk+sr
data,hr,B1,1014,Gefallen,pakalpojums,Обслужване,FAMILY_COPY_STRICT,bg+hr+mk+sr
data,mk,B1,1014,Gefallen,pakalpojums,Обслужване,FAMILY_COPY_STRICT,bg+hr+mk+sr
data,sr,B1,1014,Gefallen,pakalpojums,Обслужване,FAMILY_COPY_STRICT,bg+hr+mk+sr
data,fi,B1,1014,Gefallen,pakalpojums,Teene,FAMILY_COPY_STRICT,fi+is+nb+nn+sv
data,is,B1,1014,Gefallen,pakalpojums,Teene,FAMILY_COPY_STRICT,fi+is+nb+nn+sv
data,nb,B1,1014,Gefallen,pakalpojums,Teene,FAMILY_COPY_STRICT,fi+is+nb+nn+sv
data,nn,B1,1014,Gefallen,pakalpojums,Teene,FAMILY_COPY_STRICT,fi+is+nb+nn+sv
data,sv,B1,1014,Gefallen,pakalpojums,Teene,FAMILY_COPY_STRICT,fi+is+nb+nn+sv
data,it,B1,1014,Gefallen,pakalpojums,Pakalpojums,FAMILY_COPY_STRICT,it+lb+nl+pt
data,lb,B1,1014,Gefallen,pakalpojums,Pakalpojums,FAMILY_COPY_STRICT,it+lb+nl+pt
data,nl,B1,1014,Gefallen,pakalpojums,Pakalpojums,FAMILY_COPY_STRICT,it+lb+nl+pt
data,pt,B1,1014,Gefallen,pakalpojums,Pakalpojums,FAMILY_COPY_STRICT,it+lb+nl+pt
data,hr,B1,1015,Gefangene,gūsteknis,Затворник,SCRIPT_MISMATCH,
data,hr,B1,1015,Gefangene,gūsteknis,Затворник,MARKER_LEAK,foreign_script
data,it,B1,1015,Gefangene,gūsteknis,Gūsteknis,SAME_AS_LV_CASEFOLD,casefold_only
data,it,B1,1015,Gefangene,gūsteknis,Gūsteknis,LV_DIACRITIC,
data,it,B1,1015,Gefangene,gūsteknis,Gūsteknis,MARKER_LEAK,lv_u_macron
data,lb,B1,1015,Gefangene,gūsteknis,Gūsteknis,SAME_AS_LV_CASEFOLD,casefold_only
data,lb,B1,1015,Gefangene,gūsteknis,Gūsteknis,LV_DIACRITIC,
data,lb,B1,1015,Gefangene,gūsteknis,Gūsteknis,MARKER_LEAK,lv_u_macron
data,nl,B1,1015,Gefangene,gūsteknis,Gūsteknis,SAME_AS_LV_CASEFOLD,casefold_only
data,nl,B1,1015,Gefangene,gūsteknis,Gūsteknis,LV_DIACRITIC,
data,nl,B1,1015,Gefangene,gūsteknis,Gūsteknis,MARKER_LEAK,lv_u_macron
data,pt,B1,1015,Gefangene,gūsteknis,Gūsteknis,SAME_AS_LV_CASEFOLD,casefold_only
data,pt,B1,1015,Gefangene,gūsteknis,Gūsteknis,LV_DIACRITIC,
data,pt,B1,1015,Gefangene,gūsteknis,Gūsteknis,MARKER_LEAK,lv_u_macron
data,sl,B1,1015,Gefangene,gūsteknis,gūsteknis,SAME_AS_LV_CASEFOLD,exact
data,sl,B1,1015,Gefangene,gūsteknis,gūsteknis,LV_DIACRITIC,
data,sl,B1,1015,Gefangene,gūsteknis,gūsteknis,MARKER_LEAK,lv_u_macron
data,bg,B1,1015,Gefangene,gūsteknis,Затворник,FAMILY_COPY_STRICT,bg+hr+mk+sr
data,hr,B1,1015,Gefangene,gūsteknis,Затворник,FAMILY_COPY_STRICT,bg+hr+mk+sr
data,mk,B1,1015,Gefangene,gūsteknis,Затворник,FAMILY_COPY_STRICT,bg+hr+mk+sr
data,sr,B1,1015,Gefangene,gūsteknis,Затворник,FAMILY_COPY_STRICT,bg+hr+mk+sr
data,fi,B1,1015,Gefangene,gūsteknis,Vang,FAMILY_COPY_STRICT,fi+is+nb+nn+sv
data,is,B1,1015,Gefangene,gūsteknis,Vang,FAMILY_COPY_STRICT,fi+is+nb+nn+sv
data,nb,B1,1015,Gefangene,gūsteknis,Vang,FAMILY_COPY_STRICT,fi+is+nb+nn+sv
data,nn,B1,1015,Gefangene,gūsteknis,Vang,FAMILY_COPY_STRICT,fi+is+nb+nn+sv
data,sv,B1,1015,Gefangene,gūsteknis,Vang,FAMILY_COPY_STRICT,fi+is+nb+nn+sv
data,it,B1,1015,Gefangene,gūsteknis,Gūsteknis,FAMILY_COPY_STRICT,it+lb+nl+pt
data,lb,B1,1015,Gefangene,gūsteknis,Gūsteknis,FAMILY_COPY_STRICT,it+lb+nl+pt
data,nl,B1,1015,Gefangene,gūsteknis,Gūsteknis,FAMILY_COPY_STRICT,it+lb+nl+pt
data,pt,B1,1015,Gefangene,gūsteknis,Gūsteknis,FAMILY_COPY_STRICT,it+lb+nl+pt
data,sq,B1,1015,Gefangene,gūsteknis,Mahkum,FAMILY_COPY_STRICT,sq+tr
data,tr,B1,1015,Gefangene,gūsteknis,Mahkum,FAMILY_COPY_STRICT,sq+tr
data,hr,B1,1016,gefleckt,plankumains,Петниста,SCRIPT_MISMATCH,
data,hr,B1,1016,gefleckt,plankumains,Петниста,MARKER_LEAK,foreign_script
data,it,B1,1016,gefleckt,plankumains,Plankumains,SAME_AS_LV_CASEFOLD,casefold_only
data,lb,B1,1016,gefleckt,plankumains,Plankumains,SAME_AS_LV_CASEFOLD,casefold_only
data,nl,B1,1016,gefleckt,plankumains,Plankumains,SAME_AS_LV_CASEFOLD,casefold_only
data,pt,B1,1016,gefleckt,plankumains,Plankumains,SAME_AS_LV_CASEFOLD,casefold_only
data,sk,B1,1016,gefleckt,plankumains,Łaciasty,MARKER_LEAK,pl_l_s_z
data,sl,B1,1016,gefleckt,plankumains,plankumains,SAME_AS_LV_CASEFOLD,exact
data,sq,B1,1016,gefleckt,plankumains,Łaciasty,MARKER_LEAK,pl_l_s_z
data,tr,B1,1016,gefleckt,plankumains,Łaciasty,MARKER_LEAK,pl_l_s_z
data,bg,B1,1016,gefleckt,plankumains,Петниста,FAMILY_COPY_STRICT,bg+hr+mk+sr
data,hr,B1,1016,gefleckt,plankumains,Петниста,FAMILY_COPY_STRICT,bg+hr+mk+sr
data,mk,B1,1016,gefleckt,plankumains,Петниста,FAMILY_COPY_STRICT,bg+hr+mk+sr
data,sr,B1,1016,gefleckt,plankumains,Петниста,FAMILY_COPY_STRICT,bg+hr+mk+sr
data,fi,B1,1016,gefleckt,plankumains,Laiguline,FAMILY_COPY_STRICT,fi+is+nb+nn+sv
data,is,B1,1016,gefleckt,plankumains,Laiguline,FAMILY_COPY_STRICT,fi+is+nb+nn+sv
data,nb,B1,1016,gefleckt,plankumains,Laiguline,FAMILY_COPY_STRICT,fi+is+nb+nn+sv
data,nn,B1,1016,gefleckt,plankumains,Laiguline,FAMILY_COPY_STRICT,fi+is+nb+nn+sv
data,sv,B1,1016,gefleckt,plankumains,Laiguline,FAMILY_COPY_STRICT,fi+is+nb+nn+sv
data,it,B1,1016,gefleckt,plankumains,Plankumains,FAMILY_COPY_STRICT,it+lb+nl+pt
data,lb,B1,1016,gefleckt,plankumains,Plankumains,FAMILY_COPY_STRICT,it+lb+nl+pt
data,nl,B1,1016,gefleckt,plankumains,Plankumains,FAMILY_COPY_STRICT,it+lb+nl+pt
data,pt,B1,1016,gefleckt,plankumains,Plankumains,FAMILY_COPY_STRICT,it+lb+nl+pt
data,pl,B1,1016,gefleckt,plankumains,Łaciasty,FAMILY_COPY_STRICT,pl+sk+sq+tr
data,sk,B1,1016,gefleckt,plankumains,Łaciasty,FAMILY_COPY_STRICT,pl+sk+sq+tr
data,sq,B1,1016,gefleckt,plankumains,Łaciasty,FAMILY_COPY_STRICT,pl+sk+sq+tr
data,tr,B1,1016,gefleckt,plankumains,Łaciasty,FAMILY_COPY_STRICT,pl+sk+sq+tr
data,hr,B1,1017,Geflügel,mājputni,Домашни птици,SCRIPT_MISMATCH,
data,hr,B1,1017,Geflügel,mājputni,Домашни птици,MARKER_LEAK,foreign_script
data,it,B1,1017,Geflügel,mājputni,Mājputni,SAME_AS_LV_CASEFOLD,casefold_only
data,it,B1,1017,Geflügel,mājputni,Mājputni,LV_DIACRITIC,
data,it,B1,1017,Geflügel,mājputni,Mājputni,MARKER_LEAK,lv_macron_consonant
data,lb,B1,1017,Geflügel,mājputni,Mājputni,SAME_AS_LV_CASEFOLD,casefold_only
data,lb,B1,1017,Geflügel,mājputni,Mājputni,LV_DIACRITIC,
data,lb,B1,1017,Geflügel,mājputni,Mājputni,MARKER_LEAK,lv_macron_consonant
data,nl,B1,1017,Geflügel,mājputni,Mājputni,SAME_AS_LV_CASEFOLD,casefold_only
data,nl,B1,1017,Geflügel,mājputni,Mājputni,LV_DIACRITIC,
data,nl,B1,1017,Geflügel,mājputni,Mājputni,MARKER_LEAK,lv_macron_consonant
data,sl,B1,1017,Geflügel,mājputni,mājputni,SAME_AS_LV_CASEFOLD,exact
data,sl,B1,1017,Geflügel,mājputni,mājputni,LV_DIACRITIC,
data,sl,B1,1017,Geflügel,mājputni,mājputni,MARKER_LEAK,lv_macron_consonant
data,sq,B1,1017,Geflügel,mājputni,Kümes hayvanları,MARKER_LEAK,tr_soft
data,bg,B1,1017,Geflügel,mājputni,Домашни птици,FAMILY_COPY_STRICT,bg+hr+mk+sr
data,hr,B1,1017,Geflügel,mājputni,Домашни птици,FAMILY_COPY_STRICT,bg+hr+mk+sr
data,mk,B1,1017,Geflügel,mājputni,Домашни птици,FAMILY_COPY_STRICT,bg+hr+mk+sr
data,sr,B1,1017,Geflügel,mājputni,Домашни птици,FAMILY_COPY_STRICT,bg+hr+mk+sr
data,fi,B1,1017,Geflügel,mājputni,Kodulinnud,FAMILY_COPY_STRICT,fi+is+nb+nn+sv
data,is,B1,1017,Geflügel,mājputni,Kodulinnud,FAMILY_COPY_STRICT,fi+is+nb+nn+sv
data,nb,B1,1017,Geflügel,mājputni,Kodulinnud,FAMILY_COPY_STRICT,fi+is+nb+nn+sv
data,nn,B1,1017,Geflügel,mājputni,Kodulinnud,FAMILY_COPY_STRICT,fi+is+nb+nn+sv
data,sv,B1,1017,Geflügel,mājputni,Kodulinnud,FAMILY_COPY_STRICT,fi+is+nb+nn+sv
data,it,B1,1017,Geflügel,mājputni,Mājputni,FAMILY_COPY_STRICT,it+lb+nl
data,lb,B1,1017,Geflügel,mājputni,Mājputni,FAMILY_COPY_STRICT,it+lb+nl
data,nl,B1,1017,Geflügel,mājputni,Mājputni,FAMILY_COPY_STRICT,it+lb+nl
data,pl,B1,1017,Geflügel,mājputni,Drób,FAMILY_COPY_STRICT,pl+sk
data,sk,B1,1017,Geflügel,mājputni,Drób,FAMILY_COPY_STRICT,pl+sk
data,sq,B1,1017,Geflügel,mājputni,Kümes hayvanları,FAMILY_COPY_STRICT,sq+tr
data,tr,B1,1017,Geflügel,mājputni,Kümes hayvanları,FAMILY_COPY_STRICT,sq+tr
data,hr,B1,1018,Geflüster,čuksti,Шепнеш,SCRIPT_MISMATCH,
data,hr,B1,1018,Geflüster,čuksti,Шепнеш,MARKER_LEAK,foreign_script
data,it,B1,1018,Geflüster,čuksti,Čuksti,SAME_AS_LV_CASEFOLD,casefold_only
data,it,B1,1018,Geflüster,čuksti,Čuksti,LV_DIACRITIC,
data,lb,B1,1018,Geflüster,čuksti,Čuksti,SAME_AS_LV_CASEFOLD,casefold_only
data,lb,B1,1018,Geflüster,čuksti,Čuksti,LV_DIACRITIC,
data,nl,B1,1018,Geflüster,čuksti,Čuksti,SAME_AS_LV_CASEFOLD,casefold_only
data,nl,B1,1018,Geflüster,čuksti,Čuksti,LV_DIACRITIC,
data,sl,B1,1018,Geflüster,čuksti,čuksti,SAME_AS_LV_CASEFOLD,exact
data,bg,B1,1018,Geflüster,čuksti,Шепнеш,FAMILY_COPY_STRICT,bg+hr+mk+sr
data,hr,B1,1018,Geflüster,čuksti,Шепнеш,FAMILY_COPY_STRICT,bg+hr+mk+sr
data,mk,B1,1018,Geflüster,čuksti,Шепнеш,FAMILY_COPY_STRICT,bg+hr+mk+sr
data,sr,B1,1018,Geflüster,čuksti,Шепнеш,FAMILY_COPY_STRICT,bg+hr+mk+sr
data,fi,B1,1018,Geflüster,čuksti,Sosin,FAMILY_COPY_STRICT,fi+is+nb+nn+sv
data,is,B1,1018,Geflüster,čuksti,Sosin,FAMILY_COPY_STRICT,fi+is+nb+nn+sv
data,nb,B1,1018,Geflüster,čuksti,Sosin,FAMILY_COPY_STRICT,fi+is+nb+nn+sv
data,nn,B1,1018,Geflüster,čuksti,Sosin,FAMILY_COPY_STRICT,fi+is+nb+nn+sv
data,sv,B1,1018,Geflüster,čuksti,Sosin,FAMILY_COPY_STRICT,fi+is+nb+nn+sv
data,it,B1,1018,Geflüster,čuksti,Čuksti,FAMILY_COPY_STRICT,it+lb+nl
data,lb,B1,1018,Geflüster,čuksti,Čuksti,FAMILY_COPY_STRICT,it+lb+nl
data,nl,B1,1018,Geflüster,čuksti,Čuksti,FAMILY_COPY_STRICT,it+lb+nl
data,pl,B1,1018,Geflüster,čuksti,Szept,FAMILY_COPY_STRICT,pl+sk+sq+tr
data,sk,B1,1018,Geflüster,čuksti,Szept,FAMILY_COPY_STRICT,pl+sk+sq+tr
data,sq,B1,1018,Geflüster,čuksti,Szept,FAMILY_COPY_STRICT,pl+sk+sq+tr
data,tr,B1,1018,Geflüster,čuksti,Szept,FAMILY_COPY_STRICT,pl+sk+sq+tr
data,hr,B1,1019,Gefrierfach,saldētava,Фризер,SCRIPT_MISMATCH,
data,hr,B1,1019,Gefrierfach,saldētava,Фризер,MARKER_LEAK,foreign_script
data,it,B1,1019,Gefrierfach,saldētava,Saldētava,SAME_AS_LV_CASEFOLD,casefold_only
data,it,B1,1019,Gefrierfach,saldētava,Saldētava,LV_DIACRITIC,
data,it,B1,1019,Gefrierfach,saldētava,Saldētava,MARKER_LEAK,lv_macron_consonant
data,lb,B1,1019,Gefrierfach,saldētava,Saldētava,SAME_AS_LV_CASEFOLD,casefold_only
data,lb,B1,1019,Gefrierfach,saldētava,Saldētava,LV_DIACRITIC,
data,lb,B1,1019,Gefrierfach,saldētava,Saldētava,MARKER_LEAK,lv_macron_consonant
data,nl,B1,1019,Gefrierfach,saldētava,Saldētava,SAME_AS_LV_CASEFOLD,casefold_only
data,nl,B1,1019,Gefrierfach,saldētava,Saldētava,LV_DIACRITIC,
data,nl,B1,1019,Gefrierfach,saldētava,Saldētava,MARKER_LEAK,lv_macron_consonant
data,pt,B1,1019,Gefrierfach,saldētava,Saldētava,SAME_AS_LV_CASEFOLD,casefold_only
data,pt,B1,1019,Gefrierfach,saldētava,Saldētava,LV_DIACRITIC,
data,pt,B1,1019,Gefrierfach,saldētava,Saldētava,MARKER_LEAK,lv_macron_consonant
data,sk,B1,1019,Gefrierfach,saldētava,Zamrażarka,MARKER_LEAK,pl_l_s_z
data,sl,B1,1019,Gefrierfach,saldētava,saldētava,SAME_AS_LV_CASEFOLD,exact
data,sl,B1,1019,Gefrierfach,saldētava,saldētava,LV_DIACRITIC,
data,sl,B1,1019,Gefrierfach,saldētava,saldētava,MARKER_LEAK,lv_macron_consonant
data,bg,B1,1019,Gefrierfach,saldētava,Фризер,FAMILY_COPY_STRICT,bg+hr+mk+sr
data,hr,B1,1019,Gefrierfach,saldētava,Фризер,FAMILY_COPY_STRICT,bg+hr+mk+sr
data,mk,B1,1019,Gefrierfach,saldētava,Фризер,FAMILY_COPY_STRICT,bg+hr+mk+sr
data,sr,B1,1019,Gefrierfach,saldētava,Фризер,FAMILY_COPY_STRICT,bg+hr+mk+sr
data,fi,B1,1019,Gefrierfach,saldētava,Sügavkülmik,FAMILY_COPY_STRICT,fi+is+nb+nn+sv
data,is,B1,1019,Gefrierfach,saldētava,Sügavkülmik,FAMILY_COPY_STRICT,fi+is+nb+nn+sv
data,nb,B1,1019,Gefrierfach,saldētava,Sügavkülmik,FAMILY_COPY_STRICT,fi+is+nb+nn+sv
data,nn,B1,1019,Gefrierfach,saldētava,Sügavkülmik,FAMILY_COPY_STRICT,fi+is+nb+nn+sv
data,sv,B1,1019,Gefrierfach,saldētava,Sügavkülmik,FAMILY_COPY_STRICT,fi+is+nb+nn+sv
data,it,B1,1019,Gefrierfach,saldētava,Saldētava,FAMILY_COPY_STRICT,it+lb+nl+pt
data,lb,B1,1019,Gefrierfach,saldētava,Saldētava,FAMILY_COPY_STRICT,it+lb+nl+pt
data,nl,B1,1019,Gefrierfach,saldētava,Saldētava,FAMILY_COPY_STRICT,it+lb+nl+pt
data,pt,B1,1019,Gefrierfach,saldētava,Saldētava,FAMILY_COPY_STRICT,it+lb+nl+pt
data,pl,B1,1019,Gefrierfach,saldētava,Zamrażarka,FAMILY_COPY_STRICT,pl+sk
data,sk,B1,1019,Gefrierfach,saldētava,Zamrażarka,FAMILY_COPY_STRICT,pl+sk
data,sq,B1,1019,Gefrierfach,saldētava,Dondurucu,FAMILY_COPY_STRICT,sq+tr
data,tr,B1,1019,Gefrierfach,saldētava,Dondurucu,FAMILY_COPY_STRICT,sq+tr
data,hr,B1,1020,gefühllos,nejūtīgs,Безчувствено,SCRIPT_MISMATCH,
data,hr,B1,1020,gefühllos,nejūtīgs,Безчувствено,MARKER_LEAK,foreign_script
data,it,B1,1020,gefühllos,nejūtīgs,Nejūtīgs,SAME_AS_LV_CASEFOLD,casefold_only
data,it,B1,1020,gefühllos,nejūtīgs,Nejūtīgs,LV_DIACRITIC,
data,it,B1,1020,gefühllos,nejūtīgs,Nejūtīgs,MARKER_LEAK,lv_macron_consonant+lv_u_macron
data,nl,B1,1020,gefühllos,nejūtīgs,Nejūtīgs,SAME_AS_LV_CASEFOLD,casefold_only
data,nl,B1,1020,gefühllos,nejūtīgs,Nejūtīgs,LV_DIACRITIC,
data,nl,B1,1020,gefühllos,nejūtīgs,Nejūtīgs,MARKER_LEAK,lv_macron_consonant+lv_u_macron
data,pt,B1,1020,gefühllos,nejūtīgs,Nejūtīgs,SAME_AS_LV_CASEFOLD,casefold_only
data,pt,B1,1020,gefühllos,nejūtīgs,Nejūtīgs,LV_DIACRITIC,
data,pt,B1,1020,gefühllos,nejūtīgs,Nejūtīgs,MARKER_LEAK,lv_macron_consonant+lv_u_macron
data,sl,B1,1020,gefühllos,nejūtīgs,nejūtīgs,SAME_AS_LV_CASEFOLD,exact
data,sl,B1,1020,gefühllos,nejūtīgs,nejūtīgs,LV_DIACRITIC,
data,sl,B1,1020,gefühllos,nejūtīgs,nejūtīgs,MARKER_LEAK,lv_macron_consonant+lv_u_macron
data,sq,B1,1020,gefühllos,nejūtīgs,Niewrażliwy,MARKER_LEAK,pl_l_s_z
data,tr,B1,1020,gefühllos,nejūtīgs,Niewrażliwy,MARKER_LEAK,pl_l_s_z
data,bg,B1,1020,gefühllos,nejūtīgs,Безчувствено,FAMILY_COPY_STRICT,bg+hr+mk+sr
data,hr,B1,1020,gefühllos,nejūtīgs,Безчувствено,FAMILY_COPY_STRICT,bg+hr+mk+sr
data,mk,B1,1020,gefühllos,nejūtīgs,Безчувствено,FAMILY_COPY_STRICT,bg+hr+mk+sr
data,sr,B1,1020,gefühllos,nejūtīgs,Безчувствено,FAMILY_COPY_STRICT,bg+hr+mk+sr
data,fi,B1,1020,gefühllos,nejūtīgs,Tundetu,FAMILY_COPY_STRICT,fi+is+nb+nn+sv
data,is,B1,1020,gefühllos,nejūtīgs,Tundetu,FAMILY_COPY_STRICT,fi+is+nb+nn+sv
data,nb,B1,1020,gefühllos,nejūtīgs,Tundetu,FAMILY_COPY_STRICT,fi+is+nb+nn+sv
data,nn,B1,1020,gefühllos,nejūtīgs,Tundetu,FAMILY_COPY_STRICT,fi+is+nb+nn+sv
data,sv,B1,1020,gefühllos,nejūtīgs,Tundetu,FAMILY_COPY_STRICT,fi+is+nb+nn+sv
data,it,B1,1020,gefühllos,nejūtīgs,Nejūtīgs,FAMILY_COPY_STRICT,it+nl+pt
data,nl,B1,1020,gefühllos,nejūtīgs,Nejūtīgs,FAMILY_COPY_STRICT,it+nl+pt
data,pt,B1,1020,gefühllos,nejūtīgs,Nejūtīgs,FAMILY_COPY_STRICT,it+nl+pt
data,pl,B1,1020,gefühllos,nejūtīgs,Niewrażliwy,FAMILY_COPY_STRICT,pl+sq+tr
data,sq,B1,1020,gefühllos,nejūtīgs,Niewrażliwy,FAMILY_COPY_STRICT,pl+sq+tr
data,tr,B1,1020,gefühllos,nejūtīgs,Niewrażliwy,FAMILY_COPY_STRICT,pl+sq+tr
data,hr,B1,1021,gefüllt,pildīts,Пълнена,SCRIPT_MISMATCH,
data,hr,B1,1021,gefüllt,pildīts,Пълнена,MARKER_LEAK,foreign_script
data,it,B1,1021,gefüllt,pildīts,Pildīts,SAME_AS_LV_CASEFOLD,casefold_only
data,it,B1,1021,gefüllt,pildīts,Pildīts,LV_DIACRITIC,
data,it,B1,1021,gefüllt,pildīts,Pildīts,MARKER_LEAK,lv_macron_consonant
data,lb,B1,1021,gefüllt,pildīts,Pildīts,SAME_AS_LV_CASEFOLD,casefold_only
data,lb,B1,1021,gefüllt,pildīts,Pildīts,LV_DIACRITIC,
data,lb,B1,1021,gefüllt,pildīts,Pildīts,MARKER_LEAK,lv_macron_consonant
data,nl,B1,1021,gefüllt,pildīts,Pildīts,SAME_AS_LV_CASEFOLD,casefold_only
data,nl,B1,1021,gefüllt,pildīts,Pildīts,LV_DIACRITIC,
data,nl,B1,1021,gefüllt,pildīts,Pildīts,MARKER_LEAK,lv_macron_consonant
data,sl,B1,1021,gefüllt,pildīts,pildīts,SAME_AS_LV_CASEFOLD,exact
data,sl,B1,1021,gefüllt,pildīts,pildīts,LV_DIACRITIC,
data,sl,B1,1021,gefüllt,pildīts,pildīts,MARKER_LEAK,lv_macron_consonant
data,bg,B1,1021,gefüllt,pildīts,Пълнена,FAMILY_COPY_STRICT,bg+hr+mk+sr
data,hr,B1,1021,gefüllt,pildīts,Пълнена,FAMILY_COPY_STRICT,bg+hr+mk+sr
data,mk,B1,1021,gefüllt,pildīts,Пълнена,FAMILY_COPY_STRICT,bg+hr+mk+sr
data,sr,B1,1021,gefüllt,pildīts,Пълнена,FAMILY_COPY_STRICT,bg+hr+mk+sr
data,fi,B1,1021,gefüllt,pildīts,Täidetud,FAMILY_COPY_STRICT,fi+is+nb+nn+sv
data,is,B1,1021,gefüllt,pildīts,Täidetud,FAMILY_COPY_STRICT,fi+is+nb+nn+sv
data,nb,B1,1021,gefüllt,pildīts,Täidetud,FAMILY_COPY_STRICT,fi+is+nb+nn+sv
data,nn,B1,1021,gefüllt,pildīts,Täidetud,FAMILY_COPY_STRICT,fi+is+nb+nn+sv
data,sv,B1,1021,gefüllt,pildīts,Täidetud,FAMILY_COPY_STRICT,fi+is+nb+nn+sv
data,it,B1,1021,gefüllt,pildīts,Pildīts,FAMILY_COPY_STRICT,it+lb+nl
data,lb,B1,1021,gefüllt,pildīts,Pildīts,FAMILY_COPY_STRICT,it+lb+nl
data,nl,B1,1021,gefüllt,pildīts,Pildīts,FAMILY_COPY_STRICT,it+lb+nl
data,pl,B1,1021,gefüllt,pildīts,Nadziewany,FAMILY_COPY_STRICT,pl+sk+sq+tr
data,sk,B1,1021,gefüllt,pildīts,Nadziewany,FAMILY_COPY_STRICT,pl+sk+sq+tr
data,sq,B1,1021,gefüllt,pildīts,Nadziewany,FAMILY_COPY_STRICT,pl+sk+sq+tr
data,tr,B1,1021,gefüllt,pildīts,Nadziewany,FAMILY_COPY_STRICT,pl+sk+sq+tr
data,hr,B1,1022,gegenseitig,savstarpējs,Взаимно,SCRIPT_MISMATCH,
data,hr,B1,1022,gegenseitig,savstarpējs,Взаимно,MARKER_LEAK,foreign_script
data,it,B1,1022,gegenseitig,savstarpējs,Savstarpējs,SAME_AS_LV_CASEFOLD,casefold_only
data,it,B1,1022,gegenseitig,savstarpējs,Savstarpējs,LV_DIACRITIC,
data,it,B1,1022,gegenseitig,savstarpējs,Savstarpējs,MARKER_LEAK,lv_macron_consonant
data,lb,B1,1022,gegenseitig,savstarpējs,Savstarpējs,SAME_AS_LV_CASEFOLD,casefold_only
data,lb,B1,1022,gegenseitig,savstarpējs,Savstarpējs,LV_DIACRITIC,
data,lb,B1,1022,gegenseitig,savstarpējs,Savstarpējs,MARKER_LEAK,lv_macron_consonant
data,nl,B1,1022,gegenseitig,savstarpējs,Savstarpējs,SAME_AS_LV_CASEFOLD,casefold_only
data,nl,B1,1022,gegenseitig,savstarpējs,Savstarpējs,LV_DIACRITIC,
data,nl,B1,1022,gegenseitig,savstarpējs,Savstarpējs,MARKER_LEAK,lv_macron_consonant
data,sl,B1,1022,gegenseitig,savstarpējs,savstarpējs,SAME_AS_LV_CASEFOLD,exact
data,sl,B1,1022,gegenseitig,savstarpējs,savstarpējs,LV_DIACRITIC,
data,sl,B1,1022,gegenseitig,savstarpējs,savstarpējs,MARKER_LEAK,lv_macron_consonant
data,bg,B1,1022,gegenseitig,savstarpējs,Взаимно,FAMILY_COPY_STRICT,bg+hr+mk+sr
data,hr,B1,1022,gegenseitig,savstarpējs,Взаимно,FAMILY_COPY_STRICT,bg+hr+mk+sr
data,mk,B1,1022,gegenseitig,savstarpējs,Взаимно,FAMILY_COPY_STRICT,bg+hr+mk+sr
data,sr,B1,1022,gegenseitig,savstarpējs,Взаимно,FAMILY_COPY_STRICT,bg+hr+mk+sr
data,fi,B1,1022,gegenseitig,savstarpējs,Vastastikune,FAMILY_COPY_STRICT,fi+is+nb+nn+sv
data,is,B1,1022,gegenseitig,savstarpējs,Vastastikune,FAMILY_COPY_STRICT,fi+is+nb+nn+sv
data,nb,B1,1022,gegenseitig,savstarpējs,Vastastikune,FAMILY_COPY_STRICT,fi+is+nb+nn+sv
data,nn,B1,1022,gegenseitig,savstarpējs,Vastastikune,FAMILY_COPY_STRICT,fi+is+nb+nn+sv
data,sv,B1,1022,gegenseitig,savstarpējs,Vastastikune,FAMILY_COPY_STRICT,fi+is+nb+nn+sv
data,it,B1,1022,gegenseitig,savstarpējs,Savstarpējs,FAMILY_COPY_STRICT,it+lb+nl
data,lb,B1,1022,gegenseitig,savstarpējs,Savstarpējs,FAMILY_COPY_STRICT,it+lb+nl
data,nl,B1,1022,gegenseitig,savstarpējs,Savstarpējs,FAMILY_COPY_STRICT,it+lb+nl
data,pl,B1,1022,gegenseitig,savstarpējs,Wzajemne,FAMILY_COPY_STRICT,pl+sk+sq+tr
data,sk,B1,1022,gegenseitig,savstarpējs,Wzajemne,FAMILY_COPY_STRICT,pl+sk+sq+tr
data,sq,B1,1022,gegenseitig,savstarpējs,Wzajemne,FAMILY_COPY_STRICT,pl+sk+sq+tr
data,tr,B1,1022,gegenseitig,savstarpējs,Wzajemne,FAMILY_COPY_STRICT,pl+sk+sq+tr
data,hr,B1,1023,Gegenteil,pretstats,Обратно,SCRIPT_MISMATCH,
data,hr,B1,1023,Gegenteil,pretstats,Обратно,MARKER_LEAK,foreign_script
data,it,B1,1023,Gegenteil,pretstats,Pretstats,SAME_AS_LV_CASEFOLD,casefold_only
data,nl,B1,1023,Gegenteil,pretstats,Pretstats,SAME_AS_LV_CASEFOLD,casefold_only
data,sl,B1,1023,Gegenteil,pretstats,pretstats,SAME_AS_LV_CASEFOLD,exact
data,bg,B1,1023,Gegenteil,pretstats,Обратно,FAMILY_COPY_STRICT,bg+hr+mk+sr
data,hr,B1,1023,Gegenteil,pretstats,Обратно,FAMILY_COPY_STRICT,bg+hr+mk+sr
data,mk,B1,1023,Gegenteil,pretstats,Обратно,FAMILY_COPY_STRICT,bg+hr+mk+sr
data,sr,B1,1023,Gegenteil,pretstats,Обратно,FAMILY_COPY_STRICT,bg+hr+mk+sr
data,fi,B1,1023,Gegenteil,pretstats,Vastand,FAMILY_COPY_STRICT,fi+is+nb+nn+sv
data,is,B1,1023,Gegenteil,pretstats,Vastand,FAMILY_COPY_STRICT,fi+is+nb+nn+sv
data,nb,B1,1023,Gegenteil,pretstats,Vastand,FAMILY_COPY_STRICT,fi+is+nb+nn+sv
data,nn,B1,1023,Gegenteil,pretstats,Vastand,FAMILY_COPY_STRICT,fi+is+nb+nn+sv
data,sv,B1,1023,Gegenteil,pretstats,Vastand,FAMILY_COPY_STRICT,fi+is+nb+nn+sv
data,it,B1,1023,Gegenteil,pretstats,Pretstats,FAMILY_COPY_STRICT,it+nl
data,nl,B1,1023,Gegenteil,pretstats,Pretstats,FAMILY_COPY_STRICT,it+nl
data,pl,B1,1023,Gegenteil,pretstats,Odwrotnie,FAMILY_COPY_STRICT,pl+sq+tr
data,sq,B1,1023,Gegenteil,pretstats,Odwrotnie,FAMILY_COPY_STRICT,pl+sq+tr
data,tr,B1,1023,Gegenteil,pretstats,Odwrotnie,FAMILY_COPY_STRICT,pl+sq+tr
data,it,B1,1024,Gegenwart,tagadne,Tagadne,SAME_AS_LV_CASEFOLD,casefold_only
data,lb,B1,1024,Gegenwart,tagadne,Tagadne,SAME_AS_LV_CASEFOLD,casefold_only
data,nl,B1,1024,Gegenwart,tagadne,Tagadne,SAME_AS_LV_CASEFOLD,casefold_only
data,pt,B1,1024,Gegenwart,tagadne,Tagadne,SAME_AS_LV_CASEFOLD,casefold_only
data,sk,B1,1024,Gegenwart,tagadne,Teraźniejszość,MARKER_LEAK,pl_l_s_z
data,sl,B1,1024,Gegenwart,tagadne,tagadne,SAME_AS_LV_CASEFOLD,exact
data,sr,B1,1024,Gegenwart,tagadne,Iti morava.,SCRIPT_MISMATCH,sr_as_cyrillic
data,sr,B1,1024,Gegenwart,tagadne,Iti morava.,MARKER_LEAK,latin_in_cyrillic
data,fi,B1,1024,Gegenwart,tagadne,Olevik,FAMILY_COPY_STRICT,fi+is+nb+nn+sv
data,is,B1,1024,Gegenwart,tagadne,Olevik,FAMILY_COPY_STRICT,fi+is+nb+nn+sv
data,nb,B1,1024,Gegenwart,tagadne,Olevik,FAMILY_COPY_STRICT,fi+is+nb+nn+sv
data,nn,B1,1024,Gegenwart,tagadne,Olevik,FAMILY_COPY_STRICT,fi+is+nb+nn+sv
data,sv,B1,1024,Gegenwart,tagadne,Olevik,FAMILY_COPY_STRICT,fi+is+nb+nn+sv
data,hr,B1,1024,Gegenwart,tagadne,Iti morava.,FAMILY_COPY_STRICT,hr+sr
data,sr,B1,1024,Gegenwart,tagadne,Iti morava.,FAMILY_COPY_STRICT,hr+sr
data,it,B1,1024,Gegenwart,tagadne,Tagadne,FAMILY_COPY_STRICT,it+lb+nl+pt
data,lb,B1,1024,Gegenwart,tagadne,Tagadne,FAMILY_COPY_STRICT,it+lb+nl+pt
data,nl,B1,1024,Gegenwart,tagadne,Tagadne,FAMILY_COPY_STRICT,it+lb+nl+pt
data,pt,B1,1024,Gegenwart,tagadne,Tagadne,FAMILY_COPY_STRICT,it+lb+nl+pt
data,pl,B1,1024,Gegenwart,tagadne,Teraźniejszość,FAMILY_COPY_STRICT,pl+sk
data,sk,B1,1024,Gegenwart,tagadne,Teraźniejszość,FAMILY_COPY_STRICT,pl+sk
data,sq,B1,1024,Gegenwart,tagadne,Var,FAMILY_COPY_STRICT,sq+tr
data,tr,B1,1024,Gegenwart,tagadne,Var,FAMILY_COPY_STRICT,sq+tr
data,hr,B1,1025,gegenwärtig,pašreiz,В момента,SCRIPT_MISMATCH,
data,hr,B1,1025,gegenwärtig,pašreiz,В момента,MARKER_LEAK,foreign_script
data,it,B1,1025,gegenwärtig,pašreiz,Pašreiz,SAME_AS_LV_CASEFOLD,casefold_only
data,it,B1,1025,gegenwärtig,pašreiz,Pašreiz,LV_DIACRITIC,
data,lb,B1,1025,gegenwärtig,pašreiz,Pašreiz,SAME_AS_LV_CASEFOLD,casefold_only
data,lb,B1,1025,gegenwärtig,pašreiz,Pašreiz,LV_DIACRITIC,
data,nl,B1,1025,gegenwärtig,pašreiz,Pašreiz,SAME_AS_LV_CASEFOLD,casefold_only
data,nl,B1,1025,gegenwärtig,pašreiz,Pašreiz,LV_DIACRITIC,
data,pt,B1,1025,gegenwärtig,pašreiz,Pašreiz,SAME_AS_LV_CASEFOLD,casefold_only
data,pt,B1,1025,gegenwärtig,pašreiz,Pašreiz,LV_DIACRITIC,
data,sl,B1,1025,gegenwärtig,pašreiz,pašreiz,SAME_AS_LV_CASEFOLD,exact
data,bg,B1,1025,gegenwärtig,pašreiz,В момента,FAMILY_COPY_STRICT,bg+hr+mk+sr
data,hr,B1,1025,gegenwärtig,pašreiz,В момента,FAMILY_COPY_STRICT,bg+hr+mk+sr
data,mk,B1,1025,gegenwärtig,pašreiz,В момента,FAMILY_COPY_STRICT,bg+hr+mk+sr
data,sr,B1,1025,gegenwärtig,pašreiz,В момента,FAMILY_COPY_STRICT,bg+hr+mk+sr
data,fi,B1,1025,gegenwärtig,pašreiz,Praegu,FAMILY_COPY_STRICT,fi+sv
data,sv,B1,1025,gegenwärtig,pašreiz,Praegu,FAMILY_COPY_STRICT,fi+sv
data,is,B1,1025,gegenwärtig,pašreiz,Akkurat nå,FAMILY_COPY_STRICT,is+nb+nn
data,nb,B1,1025,gegenwärtig,pašreiz,Akkurat nå,FAMILY_COPY_STRICT,is+nb+nn
data,nn,B1,1025,gegenwärtig,pašreiz,Akkurat nå,FAMILY_COPY_STRICT,is+nb+nn
data,it,B1,1025,gegenwärtig,pašreiz,Pašreiz,FAMILY_COPY_STRICT,it+lb+nl+pt
data,lb,B1,1025,gegenwärtig,pašreiz,Pašreiz,FAMILY_COPY_STRICT,it+lb+nl+pt
data,nl,B1,1025,gegenwärtig,pašreiz,Pašreiz,FAMILY_COPY_STRICT,it+lb+nl+pt
data,pt,B1,1025,gegenwärtig,pašreiz,Pašreiz,FAMILY_COPY_STRICT,it+lb+nl+pt
data,sq,B1,1025,gegenwärtig,pašreiz,Şu anda,FAMILY_COPY_STRICT,sq+tr
data,tr,B1,1025,gegenwärtig,pašreiz,Şu anda,FAMILY_COPY_STRICT,sq+tr
data,hr,B1,1026,Gegner,pretinieks,Враг,SCRIPT_MISMATCH,
data,hr,B1,1026,Gegner,pretinieks,Враг,MARKER_LEAK,foreign_script
data,it,B1,1026,Gegner,pretinieks,Pretinieks,SAME_AS_LV_CASEFOLD,casefold_only
data,lb,B1,1026,Gegner,pretinieks,Pretinieks,SAME_AS_LV_CASEFOLD,casefold_only
data,nl,B1,1026,Gegner,pretinieks,Pretinieks,SAME_AS_LV_CASEFOLD,casefold_only
data,pt,B1,1026,Gegner,pretinieks,Pretinieks,SAME_AS_LV_CASEFOLD,casefold_only
data,sl,B1,1026,Gegner,pretinieks,pretinieks,SAME_AS_LV_CASEFOLD,exact
data,bg,B1,1026,Gegner,pretinieks,Враг,FAMILY_COPY_STRICT,bg+hr+mk+sr
data,hr,B1,1026,Gegner,pretinieks,Враг,FAMILY_COPY_STRICT,bg+hr+mk+sr
data,mk,B1,1026,Gegner,pretinieks,Враг,FAMILY_COPY_STRICT,bg+hr+mk+sr
data,sr,B1,1026,Gegner,pretinieks,Враг,FAMILY_COPY_STRICT,bg+hr+mk+sr
data,fi,B1,1026,Gegner,pretinieks,Vastane,FAMILY_COPY_STRICT,fi+is+nb+nn+sv
data,is,B1,1026,Gegner,pretinieks,Vastane,FAMILY_COPY_STRICT,fi+is+nb+nn+sv
data,nb,B1,1026,Gegner,pretinieks,Vastane,FAMILY_COPY_STRICT,fi+is+nb+nn+sv
data,nn,B1,1026,Gegner,pretinieks,Vastane,FAMILY_COPY_STRICT,fi+is+nb+nn+sv
data,sv,B1,1026,Gegner,pretinieks,Vastane,FAMILY_COPY_STRICT,fi+is+nb+nn+sv
data,it,B1,1026,Gegner,pretinieks,Pretinieks,FAMILY_COPY_STRICT,it+lb+nl+pt
data,lb,B1,1026,Gegner,pretinieks,Pretinieks,FAMILY_COPY_STRICT,it+lb+nl+pt
data,nl,B1,1026,Gegner,pretinieks,Pretinieks,FAMILY_COPY_STRICT,it+lb+nl+pt
data,pt,B1,1026,Gegner,pretinieks,Pretinieks,FAMILY_COPY_STRICT,it+lb+nl+pt
data,pl,B1,1026,Gegner,pretinieks,Przeciwnik,FAMILY_COPY_STRICT,pl+sk+sq+tr
data,sk,B1,1026,Gegner,pretinieks,Przeciwnik,FAMILY_COPY_STRICT,pl+sk+sq+tr
data,sq,B1,1026,Gegner,pretinieks,Przeciwnik,FAMILY_COPY_STRICT,pl+sk+sq+tr
data,tr,B1,1026,Gegner,pretinieks,Przeciwnik,FAMILY_COPY_STRICT,pl+sk+sq+tr
data,hr,B1,1027,Gehalt,alga,Плата,SCRIPT_MISMATCH,
data,hr,B1,1027,Gehalt,alga,Плата,MARKER_LEAK,foreign_script
data,it,B1,1027,Gehalt,alga,Alga,SAME_AS_LV_CASEFOLD,casefold_only
data,lb,B1,1027,Gehalt,alga,Alga,SAME_AS_LV_CASEFOLD,casefold_only
data,nl,B1,1027,Gehalt,alga,Alga,SAME_AS_LV_CASEFOLD,casefold_only
data,sl,B1,1027,Gehalt,alga,alga,SAME_AS_LV_CASEFOLD,exact
data,fi,B1,1027,Gehalt,alga,Palk,FAMILY_COPY_STRICT,fi+is+nb+nn+sv
data,is,B1,1027,Gehalt,alga,Palk,FAMILY_COPY_STRICT,fi+is+nb+nn+sv
data,nb,B1,1027,Gehalt,alga,Palk,FAMILY_COPY_STRICT,fi+is+nb+nn+sv
data,nn,B1,1027,Gehalt,alga,Palk,FAMILY_COPY_STRICT,fi+is+nb+nn+sv
data,sv,B1,1027,Gehalt,alga,Palk,FAMILY_COPY_STRICT,fi+is+nb+nn+sv
data,hr,B1,1027,Gehalt,alga,Плата,FAMILY_COPY_STRICT,hr+mk+sr
data,mk,B1,1027,Gehalt,alga,Плата,FAMILY_COPY_STRICT,hr+mk+sr
data,sr,B1,1027,Gehalt,alga,Плата,FAMILY_COPY_STRICT,hr+mk+sr
data,it,B1,1027,Gehalt,alga,Alga,FAMILY_COPY_STRICT,it+lb+nl
data,lb,B1,1027,Gehalt,alga,Alga,FAMILY_COPY_STRICT,it+lb+nl
data,nl,B1,1027,Gehalt,alga,Alga,FAMILY_COPY_STRICT,it+lb+nl
data,pl,B1,1027,Gehalt,alga,Wynagrodzenie,FAMILY_COPY_STRICT,pl+sk+sq+tr
data,sk,B1,1027,Gehalt,alga,Wynagrodzenie,FAMILY_COPY_STRICT,pl+sk+sq+tr
data,sq,B1,1027,Gehalt,alga,Wynagrodzenie,FAMILY_COPY_STRICT,pl+sk+sq+tr
data,tr,B1,1027,Gehalt,alga,Wynagrodzenie,FAMILY_COPY_STRICT,pl+sk+sq+tr
data,hr,B1,1028,Gehalt,saturs,Съдържание,SCRIPT_MISMATCH,
data,hr,B1,1028,Gehalt,saturs,Съдържание,MARKER_LEAK,foreign_script
data,it,B1,1028,Gehalt,saturs,Saturs,SAME_AS_LV_CASEFOLD,casefold_only
data,lb,B1,1028,Gehalt,saturs,Saturs,SAME_AS_LV_CASEFOLD,casefold_only
data,nl,B1,1028,Gehalt,saturs,Saturs,SAME_AS_LV_CASEFOLD,casefold_only
data,sk,B1,1028,Gehalt,saturs,Treść,MARKER_LEAK,pl_l_s_z
data,sl,B1,1028,Gehalt,saturs,saturs,SAME_AS_LV_CASEFOLD,exact
data,sq,B1,1028,Gehalt,saturs,İçindekiler,MARKER_LEAK,tr_soft
data,bg,B1,1028,Gehalt,saturs,Съдържание,FAMILY_COPY_STRICT,bg+hr+mk+sr
data,hr,B1,1028,Gehalt,saturs,Съдържание,FAMILY_COPY_STRICT,bg+hr+mk+sr
data,mk,B1,1028,Gehalt,saturs,Съдържание,FAMILY_COPY_STRICT,bg+hr+mk+sr
data,sr,B1,1028,Gehalt,saturs,Съдържание,FAMILY_COPY_STRICT,bg+hr+mk+sr
data,fi,B1,1028,Gehalt,saturs,Sisu,FAMILY_COPY_STRICT,fi+sv
data,sv,B1,1028,Gehalt,saturs,Sisu,FAMILY_COPY_STRICT,fi+sv
data,is,B1,1028,Gehalt,saturs,Sis,FAMILY_COPY_STRICT,is+nb+nn
data,nb,B1,1028,Gehalt,saturs,Sis,FAMILY_COPY_STRICT,is+nb+nn
data,nn,B1,1028,Gehalt,saturs,Sis,FAMILY_COPY_STRICT,is+nb+nn
data,it,B1,1028,Gehalt,saturs,Saturs,FAMILY_COPY_STRICT,it+lb+nl
data,lb,B1,1028,Gehalt,saturs,Saturs,FAMILY_COPY_STRICT,it+lb+nl
data,nl,B1,1028,Gehalt,saturs,Saturs,FAMILY_COPY_STRICT,it+lb+nl
data,pl,B1,1028,Gehalt,saturs,Treść,FAMILY_COPY_STRICT,pl+sk
data,sk,B1,1028,Gehalt,saturs,Treść,FAMILY_COPY_STRICT,pl+sk
data,sq,B1,1028,Gehalt,saturs,İçindekiler,FAMILY_COPY_STRICT,sq+tr
data,tr,B1,1028,Gehalt,saturs,İçindekiler,FAMILY_COPY_STRICT,sq+tr
data,hr,B1,1029,geheim,slepens,Тайна,SCRIPT_MISMATCH,
data,hr,B1,1029,geheim,slepens,Тайна,MARKER_LEAK,foreign_script
data,it,B1,1029,geheim,slepens,Slepens,SAME_AS_LV_CASEFOLD,casefold_only
data,lb,B1,1029,geheim,slepens,Slepens,SAME_AS_LV_CASEFOLD,casefold_only
data,nl,B1,1029,geheim,slepens,Slepens,SAME_AS_LV_CASEFOLD,casefold_only
data,sl,B1,1029,geheim,slepens,slepens,SAME_AS_LV_CASEFOLD,exact
data,bg,B1,1029,geheim,slepens,Тайна,FAMILY_COPY_STRICT,bg+hr+mk+sr
data,hr,B1,1029,geheim,slepens,Тайна,FAMILY_COPY_STRICT,bg+hr+mk+sr
data,mk,B1,1029,geheim,slepens,Тайна,FAMILY_COPY_STRICT,bg+hr+mk+sr
data,sr,B1,1029,geheim,slepens,Тайна,FAMILY_COPY_STRICT,bg+hr+mk+sr
data,en,B1,1029,geheim,slepens,Secret,FAMILY_COPY_STRICT,en+ro
data,ro,B1,1029,geheim,slepens,Secret,FAMILY_COPY_STRICT,en+ro
data,fi,B1,1029,geheim,slepens,Salajane,FAMILY_COPY_STRICT,fi+is+nb+nn+sv
data,is,B1,1029,geheim,slepens,Salajane,FAMILY_COPY_STRICT,fi+is+nb+nn+sv
data,nb,B1,1029,geheim,slepens,Salajane,FAMILY_COPY_STRICT,fi+is+nb+nn+sv
data,nn,B1,1029,geheim,slepens,Salajane,FAMILY_COPY_STRICT,fi+is+nb+nn+sv
data,sv,B1,1029,geheim,slepens,Salajane,FAMILY_COPY_STRICT,fi+is+nb+nn+sv
data,it,B1,1029,geheim,slepens,Slepens,FAMILY_COPY_STRICT,it+lb+nl
data,lb,B1,1029,geheim,slepens,Slepens,FAMILY_COPY_STRICT,it+lb+nl
data,nl,B1,1029,geheim,slepens,Slepens,FAMILY_COPY_STRICT,it+lb+nl
data,pl,B1,1029,geheim,slepens,Sekret,FAMILY_COPY_STRICT,pl+sk
data,sk,B1,1029,geheim,slepens,Sekret,FAMILY_COPY_STRICT,pl+sk
data,sq,B1,1029,geheim,slepens,Gizli,FAMILY_COPY_STRICT,sq+tr
data,tr,B1,1029,geheim,slepens,Gizli,FAMILY_COPY_STRICT,sq+tr
data,hr,B1,1030,Gehilfe,palīgs,Помощник,SCRIPT_MISMATCH,
data,hr,B1,1030,Gehilfe,palīgs,Помощник,MARKER_LEAK,foreign_script
data,it,B1,1030,Gehilfe,palīgs,Palīgs,SAME_AS_LV_CASEFOLD,casefold_only
data,it,B1,1030,Gehilfe,palīgs,Palīgs,LV_DIACRITIC,
data,it,B1,1030,Gehilfe,palīgs,Palīgs,MARKER_LEAK,lv_macron_consonant
data,lb,B1,1030,Gehilfe,palīgs,Palīgs,SAME_AS_LV_CASEFOLD,casefold_only
data,lb,B1,1030,Gehilfe,palīgs,Palīgs,LV_DIACRITIC,
data,lb,B1,1030,Gehilfe,palīgs,Palīgs,MARKER_LEAK,lv_macron_consonant
data,nl,B1,1030,Gehilfe,palīgs,Palīgs,SAME_AS_LV_CASEFOLD,casefold_only
data,nl,B1,1030,Gehilfe,palīgs,Palīgs,LV_DIACRITIC,
data,nl,B1,1030,Gehilfe,palīgs,Palīgs,MARKER_LEAK,lv_macron_consonant
data,sl,B1,1030,Gehilfe,palīgs,palīgs,SAME_AS_LV_CASEFOLD,exact
data,sl,B1,1030,Gehilfe,palīgs,palīgs,LV_DIACRITIC,
data,sl,B1,1030,Gehilfe,palīgs,palīgs,MARKER_LEAK,lv_macron_consonant
data,bg,B1,1030,Gehilfe,palīgs,Помощник,FAMILY_COPY_STRICT,bg+hr+mk+ru+sr
data,hr,B1,1030,Gehilfe,palīgs,Помощник,FAMILY_COPY_STRICT,bg+hr+mk+ru+sr
data,mk,B1,1030,Gehilfe,palīgs,Помощник,FAMILY_COPY_STRICT,bg+hr+mk+ru+sr
data,ru,B1,1030,Gehilfe,palīgs,Помощник,FAMILY_COPY_STRICT,bg+hr+mk+ru+sr
data,sr,B1,1030,Gehilfe,palīgs,Помощник,FAMILY_COPY_STRICT,bg+hr+mk+ru+sr
data,fi,B1,1030,Gehilfe,palīgs,Abiline,FAMILY_COPY_STRICT,fi+is+nb+nn+sv
data,is,B1,1030,Gehilfe,palīgs,Abiline,FAMILY_COPY_STRICT,fi+is+nb+nn+sv
data,nb,B1,1030,Gehilfe,palīgs,Abiline,FAMILY_COPY_STRICT,fi+is+nb+nn+sv
data,nn,B1,1030,Gehilfe,palīgs,Abiline,FAMILY_COPY_STRICT,fi+is+nb+nn+sv
data,sv,B1,1030,Gehilfe,palīgs,Abiline,FAMILY_COPY_STRICT,fi+is+nb+nn+sv
data,it,B1,1030,Gehilfe,palīgs,Palīgs,FAMILY_COPY_STRICT,it+lb+nl
data,lb,B1,1030,Gehilfe,palīgs,Palīgs,FAMILY_COPY_STRICT,it+lb+nl
data,nl,B1,1030,Gehilfe,palīgs,Palīgs,FAMILY_COPY_STRICT,it+lb+nl
data,pl,B1,1030,Gehilfe,palīgs,Pomocnik,FAMILY_COPY_STRICT,pl+sq+tr
data,sq,B1,1030,Gehilfe,palīgs,Pomocnik,FAMILY_COPY_STRICT,pl+sq+tr
data,tr,B1,1030,Gehilfe,palīgs,Pomocnik,FAMILY_COPY_STRICT,pl+sq+tr
data,hr,B1,1031,Gehirn,smadzenes,Мозък,SCRIPT_MISMATCH,
data,hr,B1,1031,Gehirn,smadzenes,Мозък,MARKER_LEAK,foreign_script
data,it,B1,1031,Gehirn,smadzenes,Smadzenes,SAME_AS_LV_CASEFOLD,casefold_only
data,lb,B1,1031,Gehirn,smadzenes,Smadzenes,SAME_AS_LV_CASEFOLD,casefold_only
data,nl,B1,1031,Gehirn,smadzenes,Smadzenes,SAME_AS_LV_CASEFOLD,casefold_only
data,pt,B1,1031,Gehirn,smadzenes,Smadzenes,SAME_AS_LV_CASEFOLD,casefold_only
data,sl,B1,1031,Gehirn,smadzenes,smadzenes,SAME_AS_LV_CASEFOLD,exact
data,bg,B1,1031,Gehirn,smadzenes,Мозък,FAMILY_COPY_STRICT,bg+hr+mk+sr
data,hr,B1,1031,Gehirn,smadzenes,Мозък,FAMILY_COPY_STRICT,bg+hr+mk+sr
data,mk,B1,1031,Gehirn,smadzenes,Мозък,FAMILY_COPY_STRICT,bg+hr+mk+sr
data,sr,B1,1031,Gehirn,smadzenes,Мозък,FAMILY_COPY_STRICT,bg+hr+mk+sr
data,fi,B1,1031,Gehirn,smadzenes,Aju,FAMILY_COPY_STRICT,fi+is+nb+nn+sv
data,is,B1,1031,Gehirn,smadzenes,Aju,FAMILY_COPY_STRICT,fi+is+nb+nn+sv
data,nb,B1,1031,Gehirn,smadzenes,Aju,FAMILY_COPY_STRICT,fi+is+nb+nn+sv
data,nn,B1,1031,Gehirn,smadzenes,Aju,FAMILY_COPY_STRICT,fi+is+nb+nn+sv
data,sv,B1,1031,Gehirn,smadzenes,Aju,FAMILY_COPY_STRICT,fi+is+nb+nn+sv
data,it,B1,1031,Gehirn,smadzenes,Smadzenes,FAMILY_COPY_STRICT,it+lb+nl+pt
data,lb,B1,1031,Gehirn,smadzenes,Smadzenes,FAMILY_COPY_STRICT,it+lb+nl+pt
data,nl,B1,1031,Gehirn,smadzenes,Smadzenes,FAMILY_COPY_STRICT,it+lb+nl+pt
data,pt,B1,1031,Gehirn,smadzenes,Smadzenes,FAMILY_COPY_STRICT,it+lb+nl+pt
data,pl,B1,1031,Gehirn,smadzenes,Mózg,FAMILY_COPY_STRICT,pl+sk
data,sk,B1,1031,Gehirn,smadzenes,Mózg,FAMILY_COPY_STRICT,pl+sk
data,sq,B1,1031,Gehirn,smadzenes,Beyin,FAMILY_COPY_STRICT,sq+tr
data,tr,B1,1031,Gehirn,smadzenes,Beyin,FAMILY_COPY_STRICT,sq+tr
data,hr,B1,1032,Gehör,dzirde,Слух,SCRIPT_MISMATCH,
data,hr,B1,1032,Gehör,dzirde,Слух,MARKER_LEAK,foreign_script
data,it,B1,1032,Gehör,dzirde,Dzirde,SAME_AS_LV_CASEFOLD,casefold_only
data,lb,B1,1032,Gehör,dzirde,Dzirde,SAME_AS_LV_CASEFOLD,casefold_only
data,nl,B1,1032,Gehör,dzirde,Dzirde,SAME_AS_LV_CASEFOLD,casefold_only
data,sk,B1,1032,Gehör,dzirde,Przesłuchanie,MARKER_LEAK,pl_l_s_z
data,sl,B1,1032,Gehör,dzirde,dzirde,SAME_AS_LV_CASEFOLD,exact
data,sq,B1,1032,Gehör,dzirde,İşitme,MARKER_LEAK,tr_soft
data,bg,B1,1032,Gehör,dzirde,Слух,FAMILY_COPY_STRICT,bg+hr+mk+sr
data,hr,B1,1032,Gehör,dzirde,Слух,FAMILY_COPY_STRICT,bg+hr+mk+sr
data,mk,B1,1032,Gehör,dzirde,Слух,FAMILY_COPY_STRICT,bg+hr+mk+sr
data,sr,B1,1032,Gehör,dzirde,Слух,FAMILY_COPY_STRICT,bg+hr+mk+sr
data,fi,B1,1032,Gehör,dzirde,Kuulmine,FAMILY_COPY_STRICT,fi+is+nb+nn+sv
data,is,B1,1032,Gehör,dzirde,Kuulmine,FAMILY_COPY_STRICT,fi+is+nb+nn+sv
data,nb,B1,1032,Gehör,dzirde,Kuulmine,FAMILY_COPY_STRICT,fi+is+nb+nn+sv
data,nn,B1,1032,Gehör,dzirde,Kuulmine,FAMILY_COPY_STRICT,fi+is+nb+nn+sv
data,sv,B1,1032,Gehör,dzirde,Kuulmine,FAMILY_COPY_STRICT,fi+is+nb+nn+sv
data,it,B1,1032,Gehör,dzirde,Dzirde,FAMILY_COPY_STRICT,it+lb+nl
data,lb,B1,1032,Gehör,dzirde,Dzirde,FAMILY_COPY_STRICT,it+lb+nl
data,nl,B1,1032,Gehör,dzirde,Dzirde,FAMILY_COPY_STRICT,it+lb+nl
data,pl,B1,1032,Gehör,dzirde,Przesłuchanie,FAMILY_COPY_STRICT,pl+sk
data,sk,B1,1032,Gehör,dzirde,Przesłuchanie,FAMILY_COPY_STRICT,pl+sk
data,sq,B1,1032,Gehör,dzirde,İşitme,FAMILY_COPY_STRICT,sq+tr
data,tr,B1,1032,Gehör,dzirde,İşitme,FAMILY_COPY_STRICT,sq+tr
data,hr,B1,1033,gehorchen,paklausīt,Подчинете се,SCRIPT_MISMATCH,
data,hr,B1,1033,gehorchen,paklausīt,Подчинете се,MARKER_LEAK,foreign_script
data,it,B1,1033,gehorchen,paklausīt,Paklausīt,SAME_AS_LV_CASEFOLD,casefold_only
data,it,B1,1033,gehorchen,paklausīt,Paklausīt,LV_DIACRITIC,
data,it,B1,1033,gehorchen,paklausīt,Paklausīt,MARKER_LEAK,lv_macron_consonant
data,lb,B1,1033,gehorchen,paklausīt,Paklausīt,SAME_AS_LV_CASEFOLD,casefold_only
data,lb,B1,1033,gehorchen,paklausīt,Paklausīt,LV_DIACRITIC,
data,lb,B1,1033,gehorchen,paklausīt,Paklausīt,MARKER_LEAK,lv_macron_consonant
data,nl,B1,1033,gehorchen,paklausīt,Paklausīt,SAME_AS_LV_CASEFOLD,casefold_only
data,nl,B1,1033,gehorchen,paklausīt,Paklausīt,LV_DIACRITIC,
data,nl,B1,1033,gehorchen,paklausīt,Paklausīt,MARKER_LEAK,lv_macron_consonant
data,pt,B1,1033,gehorchen,paklausīt,Paklausīt,SAME_AS_LV_CASEFOLD,casefold_only
data,pt,B1,1033,gehorchen,paklausīt,Paklausīt,LV_DIACRITIC,
data,pt,B1,1033,gehorchen,paklausīt,Paklausīt,MARKER_LEAK,lv_macron_consonant
data,sl,B1,1033,gehorchen,paklausīt,paklausīt,SAME_AS_LV_CASEFOLD,exact
data,sl,B1,1033,gehorchen,paklausīt,paklausīt,LV_DIACRITIC,
data,sl,B1,1033,gehorchen,paklausīt,paklausīt,MARKER_LEAK,lv_macron_consonant
data,sq,B1,1033,gehorchen,paklausīt,Być posłusznym,MARKER_LEAK,pl_l_s_z
data,tr,B1,1033,gehorchen,paklausīt,Być posłusznym,MARKER_LEAK,pl_l_s_z
data,bg,B1,1033,gehorchen,paklausīt,Подчинете се,FAMILY_COPY_STRICT,bg+hr+mk+sr
data,hr,B1,1033,gehorchen,paklausīt,Подчинете се,FAMILY_COPY_STRICT,bg+hr+mk+sr
data,mk,B1,1033,gehorchen,paklausīt,Подчинете се,FAMILY_COPY_STRICT,bg+hr+mk+sr
data,sr,B1,1033,gehorchen,paklausīt,Подчинете се,FAMILY_COPY_STRICT,bg+hr+mk+sr
data,fi,B1,1033,gehorchen,paklausīt,Kuuletuma,FAMILY_COPY_STRICT,fi+is+nb+nn+sv
data,is,B1,1033,gehorchen,paklausīt,Kuuletuma,FAMILY_COPY_STRICT,fi+is+nb+nn+sv
data,nb,B1,1033,gehorchen,paklausīt,Kuuletuma,FAMILY_COPY_STRICT,fi+is+nb+nn+sv
data,nn,B1,1033,gehorchen,paklausīt,Kuuletuma,FAMILY_COPY_STRICT,fi+is+nb+nn+sv
data,sv,B1,1033,gehorchen,paklausīt,Kuuletuma,FAMILY_COPY_STRICT,fi+is+nb+nn+sv
data,it,B1,1033,gehorchen,paklausīt,Paklausīt,FAMILY_COPY_STRICT,it+lb+nl+pt
data,lb,B1,1033,gehorchen,paklausīt,Paklausīt,FAMILY_COPY_STRICT,it+lb+nl+pt
data,nl,B1,1033,gehorchen,paklausīt,Paklausīt,FAMILY_COPY_STRICT,it+lb+nl+pt
data,pt,B1,1033,gehorchen,paklausīt,Paklausīt,FAMILY_COPY_STRICT,it+lb+nl+pt
data,pl,B1,1033,gehorchen,paklausīt,Być posłusznym,FAMILY_COPY_STRICT,pl+sq+tr
data,sq,B1,1033,gehorchen,paklausīt,Być posłusznym,FAMILY_COPY_STRICT,pl+sq+tr
data,tr,B1,1033,gehorchen,paklausīt,Być posłusznym,FAMILY_COPY_STRICT,pl+sq+tr
data,hr,B1,1034,gehorsam,paklausīgs,Послушен,SCRIPT_MISMATCH,
data,hr,B1,1034,gehorsam,paklausīgs,Послушен,MARKER_LEAK,foreign_script
data,lb,B1,1034,gehorsam,paklausīgs,Paklausīgs,SAME_AS_LV_CASEFOLD,casefold_only
data,lb,B1,1034,gehorsam,paklausīgs,Paklausīgs,LV_DIACRITIC,
data,lb,B1,1034,gehorsam,paklausīgs,Paklausīgs,MARKER_LEAK,lv_macron_consonant
data,nl,B1,1034,gehorsam,paklausīgs,Paklausīgs,SAME_AS_LV_CASEFOLD,casefold_only
data,nl,B1,1034,gehorsam,paklausīgs,Paklausīgs,LV_DIACRITIC,
data,nl,B1,1034,gehorsam,paklausīgs,Paklausīgs,MARKER_LEAK,lv_macron_consonant
data,sl,B1,1034,gehorsam,paklausīgs,paklausīgs,SAME_AS_LV_CASEFOLD,exact
data,sl,B1,1034,gehorsam,paklausīgs,paklausīgs,LV_DIACRITIC,
data,sl,B1,1034,gehorsam,paklausīgs,paklausīgs,MARKER_LEAK,lv_macron_consonant
data,bg,B1,1034,gehorsam,paklausīgs,Послушен,FAMILY_COPY_STRICT,bg+hr+mk+sr
data,hr,B1,1034,gehorsam,paklausīgs,Послушен,FAMILY_COPY_STRICT,bg+hr+mk+sr
data,mk,B1,1034,gehorsam,paklausīgs,Послушен,FAMILY_COPY_STRICT,bg+hr+mk+sr
data,sr,B1,1034,gehorsam,paklausīgs,Послушен,FAMILY_COPY_STRICT,bg+hr+mk+sr
data,cs,B1,1034,gehorsam,paklausīgs,Poslušný,FAMILY_COPY_STRICT,cs+sk
data,sk,B1,1034,gehorsam,paklausīgs,Poslušný,FAMILY_COPY_STRICT,cs+sk
data,fi,B1,1034,gehorsam,paklausīgs,Kuulekas,FAMILY_COPY_STRICT,fi+sv
data,sv,B1,1034,gehorsam,paklausīgs,Kuulekas,FAMILY_COPY_STRICT,fi+sv
data,is,B1,1034,gehorsam,paklausīgs,Kuuleka sin,FAMILY_COPY_STRICT,is+nb+nn
data,nb,B1,1034,gehorsam,paklausīgs,Kuuleka sin,FAMILY_COPY_STRICT,is+nb+nn
data,nn,B1,1034,gehorsam,paklausīgs,Kuuleka sin,FAMILY_COPY_STRICT,is+nb+nn
data,it,B1,1034,gehorsam,paklausīgs,Paklausigs,FAMILY_COPY_STRICT,it+pt
data,pt,B1,1034,gehorsam,paklausīgs,Paklausigs,FAMILY_COPY_STRICT,it+pt
data,lb,B1,1034,gehorsam,paklausīgs,Paklausīgs,FAMILY_COPY_STRICT,lb+nl
data,nl,B1,1034,gehorsam,paklausīgs,Paklausīgs,FAMILY_COPY_STRICT,lb+nl
data,hr,B1,1035,Gehorsam,paklausība,Послушност,SCRIPT_MISMATCH,
data,hr,B1,1035,Gehorsam,paklausība,Послушност,MARKER_LEAK,foreign_script
data,sk,B1,1035,Gehorsam,paklausība,Posłuszeństwo,MARKER_LEAK,pl_l_s_z
data,sl,B1,1035,Gehorsam,paklausība,paklausība,SAME_AS_LV_CASEFOLD,exact
data,sl,B1,1035,Gehorsam,paklausība,paklausība,LV_DIACRITIC,
data,sl,B1,1035,Gehorsam,paklausība,paklausība,MARKER_LEAK,lv_macron_consonant
data,sq,B1,1035,Gehorsam,paklausība,İtaat,MARKER_LEAK,tr_soft
data,bg,B1,1035,Gehorsam,paklausība,Послушание,FAMILY_COPY_STRICT,bg+ru
data,ru,B1,1035,Gehorsam,paklausība,Послушание,FAMILY_COPY_STRICT,bg+ru
data,bs,B1,1035,Gehorsam,paklausība,Poslušnost,FAMILY_COPY_STRICT,bs+cs
data,cs,B1,1035,Gehorsam,paklausība,Poslušnost,FAMILY_COPY_STRICT,bs+cs
data,fi,B1,1035,Gehorsam,paklausība,Kuulekus,FAMILY_COPY_STRICT,fi+is+nb+nn+sv
data,is,B1,1035,Gehorsam,paklausība,Kuulekus,FAMILY_COPY_STRICT,fi+is+nb+nn+sv
data,nb,B1,1035,Gehorsam,paklausība,Kuulekus,FAMILY_COPY_STRICT,fi+is+nb+nn+sv
data,nn,B1,1035,Gehorsam,paklausība,Kuulekus,FAMILY_COPY_STRICT,fi+is+nb+nn+sv
data,sv,B1,1035,Gehorsam,paklausība,Kuulekus,FAMILY_COPY_STRICT,fi+is+nb+nn+sv
data,hr,B1,1035,Gehorsam,paklausība,Послушност,FAMILY_COPY_STRICT,hr+mk+sr
data,mk,B1,1035,Gehorsam,paklausība,Послушност,FAMILY_COPY_STRICT,hr+mk+sr
data,sr,B1,1035,Gehorsam,paklausība,Послушност,FAMILY_COPY_STRICT,hr+mk+sr
data,it,B1,1035,Gehorsam,paklausība,Gehoorzaamheid,FAMILY_COPY_STRICT,it+lb+nl+pt
data,lb,B1,1035,Gehorsam,paklausība,Gehoorzaamheid,FAMILY_COPY_STRICT,it+lb+nl+pt
data,nl,B1,1035,Gehorsam,paklausība,Gehoorzaamheid,FAMILY_COPY_STRICT,it+lb+nl+pt
data,pt,B1,1035,Gehorsam,paklausība,Gehoorzaamheid,FAMILY_COPY_STRICT,it+lb+nl+pt
data,pl,B1,1035,Gehorsam,paklausība,Posłuszeństwo,FAMILY_COPY_STRICT,pl+sk
data,sk,B1,1035,Gehorsam,paklausība,Posłuszeństwo,FAMILY_COPY_STRICT,pl+sk
data,sq,B1,1035,Gehorsam,paklausība,İtaat,FAMILY_COPY_STRICT,sq+tr
data,tr,B1,1035,Gehorsam,paklausība,İtaat,FAMILY_COPY_STRICT,sq+tr
data,hr,B1,1036,Geist,gars,Дух,SCRIPT_MISMATCH,
data,hr,B1,1036,Geist,gars,Дух,MARKER_LEAK,foreign_script
data,it,B1,1036,Geist,gars,Gars,SAME_AS_LV_CASEFOLD,casefold_only
data,lb,B1,1036,Geist,gars,Gars,SAME_AS_LV_CASEFOLD,casefold_only
data,nl,B1,1036,Geist,gars,Gars,SAME_AS_LV_CASEFOLD,casefold_only
data,pt,B1,1036,Geist,gars,Gars,SAME_AS_LV_CASEFOLD,casefold_only
data,sl,B1,1036,Geist,gars,gars,SAME_AS_LV_CASEFOLD,exact
data,bg,B1,1036,Geist,gars,Дух,FAMILY_COPY_STRICT,bg+hr+mk+ru+sr
data,hr,B1,1036,Geist,gars,Дух,FAMILY_COPY_STRICT,bg+hr+mk+ru+sr
data,mk,B1,1036,Geist,gars,Дух,FAMILY_COPY_STRICT,bg+hr+mk+ru+sr
data,ru,B1,1036,Geist,gars,Дух,FAMILY_COPY_STRICT,bg+hr+mk+ru+sr
data,sr,B1,1036,Geist,gars,Дух,FAMILY_COPY_STRICT,bg+hr+mk+ru+sr
data,cs,B1,1036,Geist,gars,Duch,FAMILY_COPY_STRICT,cs+pl+sk+sq+tr
data,pl,B1,1036,Geist,gars,Duch,FAMILY_COPY_STRICT,cs+pl+sk+sq+tr
data,sk,B1,1036,Geist,gars,Duch,FAMILY_COPY_STRICT,cs+pl+sk+sq+tr
data,sq,B1,1036,Geist,gars,Duch,FAMILY_COPY_STRICT,cs+pl+sk+sq+tr
data,tr,B1,1036,Geist,gars,Duch,FAMILY_COPY_STRICT,cs+pl+sk+sq+tr
data,en,B1,1036,Geist,gars,Spirit,FAMILY_COPY_STRICT,en+ro
data,ro,B1,1036,Geist,gars,Spirit,FAMILY_COPY_STRICT,en+ro
data,fi,B1,1036,Geist,gars,Vaim,FAMILY_COPY_STRICT,fi+is+nb+nn+sv
data,is,B1,1036,Geist,gars,Vaim,FAMILY_COPY_STRICT,fi+is+nb+nn+sv
data,nb,B1,1036,Geist,gars,Vaim,FAMILY_COPY_STRICT,fi+is+nb+nn+sv
data,nn,B1,1036,Geist,gars,Vaim,FAMILY_COPY_STRICT,fi+is+nb+nn+sv
data,sv,B1,1036,Geist,gars,Vaim,FAMILY_COPY_STRICT,fi+is+nb+nn+sv
data,it,B1,1036,Geist,gars,Gars,FAMILY_COPY_STRICT,it+lb+nl+pt
data,lb,B1,1036,Geist,gars,Gars,FAMILY_COPY_STRICT,it+lb+nl+pt
data,nl,B1,1036,Geist,gars,Gars,FAMILY_COPY_STRICT,it+lb+nl+pt
data,pt,B1,1036,Geist,gars,Gars,FAMILY_COPY_STRICT,it+lb+nl+pt
data,hr,B1,1037,geistig,garīgs,Психически,SCRIPT_MISMATCH,
data,hr,B1,1037,geistig,garīgs,Психически,MARKER_LEAK,foreign_script
data,it,B1,1037,geistig,garīgs,Garīgs,SAME_AS_LV_CASEFOLD,casefold_only
data,it,B1,1037,geistig,garīgs,Garīgs,LV_DIACRITIC,
data,it,B1,1037,geistig,garīgs,Garīgs,MARKER_LEAK,lv_macron_consonant
data,lb,B1,1037,geistig,garīgs,Garīgs,SAME_AS_LV_CASEFOLD,casefold_only
data,lb,B1,1037,geistig,garīgs,Garīgs,LV_DIACRITIC,
data,lb,B1,1037,geistig,garīgs,Garīgs,MARKER_LEAK,lv_macron_consonant
data,nl,B1,1037,geistig,garīgs,Garīgs,SAME_AS_LV_CASEFOLD,casefold_only
data,nl,B1,1037,geistig,garīgs,Garīgs,LV_DIACRITIC,
data,nl,B1,1037,geistig,garīgs,Garīgs,MARKER_LEAK,lv_macron_consonant
data,sl,B1,1037,geistig,garīgs,garīgs,SAME_AS_LV_CASEFOLD,exact
data,sl,B1,1037,geistig,garīgs,garīgs,LV_DIACRITIC,
data,sl,B1,1037,geistig,garīgs,garīgs,MARKER_LEAK,lv_macron_consonant
data,bg,B1,1037,geistig,garīgs,Психически,FAMILY_COPY_STRICT,bg+hr+mk+sr
data,hr,B1,1037,geistig,garīgs,Психически,FAMILY_COPY_STRICT,bg+hr+mk+sr
data,mk,B1,1037,geistig,garīgs,Психически,FAMILY_COPY_STRICT,bg+hr+mk+sr
data,sr,B1,1037,geistig,garīgs,Психически,FAMILY_COPY_STRICT,bg+hr+mk+sr
data,da,B1,1037,geistig,garīgs,Mental,FAMILY_COPY_STRICT,da+en+fr+ro
data,en,B1,1037,geistig,garīgs,Mental,FAMILY_COPY_STRICT,da+en+fr+ro
data,fr,B1,1037,geistig,garīgs,Mental,FAMILY_COPY_STRICT,da+en+fr+ro
data,ro,B1,1037,geistig,garīgs,Mental,FAMILY_COPY_STRICT,da+en+fr+ro
data,fi,B1,1037,geistig,garīgs,Vaimne,FAMILY_COPY_STRICT,fi+is+nb+nn+sv
data,is,B1,1037,geistig,garīgs,Vaimne,FAMILY_COPY_STRICT,fi+is+nb+nn+sv
data,nb,B1,1037,geistig,garīgs,Vaimne,FAMILY_COPY_STRICT,fi+is+nb+nn+sv
data,nn,B1,1037,geistig,garīgs,Vaimne,FAMILY_COPY_STRICT,fi+is+nb+nn+sv
data,sv,B1,1037,geistig,garīgs,Vaimne,FAMILY_COPY_STRICT,fi+is+nb+nn+sv
data,it,B1,1037,geistig,garīgs,Garīgs,FAMILY_COPY_STRICT,it+lb+nl
data,lb,B1,1037,geistig,garīgs,Garīgs,FAMILY_COPY_STRICT,it+lb+nl
data,nl,B1,1037,geistig,garīgs,Garīgs,FAMILY_COPY_STRICT,it+lb+nl
data,pl,B1,1037,geistig,garīgs,Psychiczny,FAMILY_COPY_STRICT,pl+sk+sq+tr
data,sk,B1,1037,geistig,garīgs,Psychiczny,FAMILY_COPY_STRICT,pl+sk+sq+tr
data,sq,B1,1037,geistig,garīgs,Psychiczny,FAMILY_COPY_STRICT,pl+sk+sq+tr
data,tr,B1,1037,geistig,garīgs,Psychiczny,FAMILY_COPY_STRICT,pl+sk+sq+tr
data,hr,B1,1038,Geiz,skopums,Скржавост,SCRIPT_MISMATCH,
data,hr,B1,1038,Geiz,skopums,Скржавост,MARKER_LEAK,foreign_script
data,it,B1,1038,Geiz,skopums,Skopums,SAME_AS_LV_CASEFOLD,casefold_only
data,lb,B1,1038,Geiz,skopums,Skopums,SAME_AS_LV_CASEFOLD,casefold_only
data,nl,B1,1038,Geiz,skopums,Skopums,SAME_AS_LV_CASEFOLD,casefold_only
data,sl,B1,1038,Geiz,skopums,skopums,SAME_AS_LV_CASEFOLD,exact
data,fi,B1,1038,Geiz,skopums,Ihnsus,FAMILY_COPY_STRICT,fi+is+nb+nn+sv
data,is,B1,1038,Geiz,skopums,Ihnsus,FAMILY_COPY_STRICT,fi+is+nb+nn+sv
data,nb,B1,1038,Geiz,skopums,Ihnsus,FAMILY_COPY_STRICT,fi+is+nb+nn+sv
data,nn,B1,1038,Geiz,skopums,Ihnsus,FAMILY_COPY_STRICT,fi+is+nb+nn+sv
data,sv,B1,1038,Geiz,skopums,Ihnsus,FAMILY_COPY_STRICT,fi+is+nb+nn+sv
data,hr,B1,1038,Geiz,skopums,Скржавост,FAMILY_COPY_STRICT,hr+mk+sr
data,mk,B1,1038,Geiz,skopums,Скржавост,FAMILY_COPY_STRICT,hr+mk+sr
data,sr,B1,1038,Geiz,skopums,Скржавост,FAMILY_COPY_STRICT,hr+mk+sr
data,it,B1,1038,Geiz,skopums,Skopums,FAMILY_COPY_STRICT,it+lb+nl
data,lb,B1,1038,Geiz,skopums,Skopums,FAMILY_COPY_STRICT,it+lb+nl
data,nl,B1,1038,Geiz,skopums,Skopums,FAMILY_COPY_STRICT,it+lb+nl
data,pl,B1,1038,Geiz,skopums,Sknerstwo,FAMILY_COPY_STRICT,pl+sk
data,sk,B1,1038,Geiz,skopums,Sknerstwo,FAMILY_COPY_STRICT,pl+sk
data,sq,B1,1038,Geiz,skopums,Batma,FAMILY_COPY_STRICT,sq+tr
data,tr,B1,1038,Geiz,skopums,Batma,FAMILY_COPY_STRICT,sq+tr
data,hr,B1,1039,geizig,skops,Скъперник,SCRIPT_MISMATCH,
data,hr,B1,1039,geizig,skops,Скъперник,MARKER_LEAK,foreign_script
data,it,B1,1039,geizig,skops,Skops,SAME_AS_LV_CASEFOLD,casefold_only
data,nl,B1,1039,geizig,skops,Skops,SAME_AS_LV_CASEFOLD,casefold_only
data,pt,B1,1039,geizig,skops,Skops,SAME_AS_LV_CASEFOLD,casefold_only
data,sk,B1,1039,geizig,skops,Skąpy,MARKER_LEAK,pl_lt_nasal
data,sl,B1,1039,geizig,skops,skops,SAME_AS_LV_CASEFOLD,exact
data,bg,B1,1039,geizig,skops,Скъперник,FAMILY_COPY_STRICT,bg+hr+mk+sr
data,hr,B1,1039,geizig,skops,Скъперник,FAMILY_COPY_STRICT,bg+hr+mk+sr
data,mk,B1,1039,geizig,skops,Скъперник,FAMILY_COPY_STRICT,bg+hr+mk+sr
data,sr,B1,1039,geizig,skops,Скъперник,FAMILY_COPY_STRICT,bg+hr+mk+sr
data,fi,B1,1039,geizig,skops,Ihne,FAMILY_COPY_STRICT,fi+is+nb+nn+sv
data,is,B1,1039,geizig,skops,Ihne,FAMILY_COPY_STRICT,fi+is+nb+nn+sv
data,nb,B1,1039,geizig,skops,Ihne,FAMILY_COPY_STRICT,fi+is+nb+nn+sv
data,nn,B1,1039,geizig,skops,Ihne,FAMILY_COPY_STRICT,fi+is+nb+nn+sv
data,sv,B1,1039,geizig,skops,Ihne,FAMILY_COPY_STRICT,fi+is+nb+nn+sv
data,it,B1,1039,geizig,skops,Skops,FAMILY_COPY_STRICT,it+nl+pt
data,nl,B1,1039,geizig,skops,Skops,FAMILY_COPY_STRICT,it+nl+pt
data,pt,B1,1039,geizig,skops,Skops,FAMILY_COPY_STRICT,it+nl+pt
data,pl,B1,1039,geizig,skops,Skąpy,FAMILY_COPY_STRICT,pl+sk
data,sk,B1,1039,geizig,skops,Skąpy,FAMILY_COPY_STRICT,pl+sk
data,hr,B1,1040,Gelächter,smiekli,Смеа,SCRIPT_MISMATCH,
data,hr,B1,1040,Gelächter,smiekli,Смеа,MARKER_LEAK,foreign_script
data,it,B1,1040,Gelächter,smiekli,Smiekli,SAME_AS_LV_CASEFOLD,casefold_only
data,lb,B1,1040,Gelächter,smiekli,Smiekli,SAME_AS_LV_CASEFOLD,casefold_only
data,nl,B1,1040,Gelächter,smiekli,Smiekli,SAME_AS_LV_CASEFOLD,casefold_only
data,pt,B1,1040,Gelächter,smiekli,Šmiekli,LV_DIACRITIC,
data,sk,B1,1040,Gelächter,smiekli,Śmiech,MARKER_LEAK,pl_l_s_z
data,sl,B1,1040,Gelächter,smiekli,smiekli,SAME_AS_LV_CASEFOLD,exact
data,sq,B1,1040,Gelächter,smiekli,Śmiech,MARKER_LEAK,pl_l_s_z
data,tr,B1,1040,Gelächter,smiekli,Śmiech,MARKER_LEAK,pl_l_s_z
data,fi,B1,1040,Gelächter,smiekli,Naer,FAMILY_COPY_STRICT,fi+is+nb+nn+sv
data,is,B1,1040,Gelächter,smiekli,Naer,FAMILY_COPY_STRICT,fi+is+nb+nn+sv
data,nb,B1,1040,Gelächter,smiekli,Naer,FAMILY_COPY_STRICT,fi+is+nb+nn+sv
data,nn,B1,1040,Gelächter,smiekli,Naer,FAMILY_COPY_STRICT,fi+is+nb+nn+sv
data,sv,B1,1040,Gelächter,smiekli,Naer,FAMILY_COPY_STRICT,fi+is+nb+nn+sv
data,hr,B1,1040,Gelächter,smiekli,Смеа,FAMILY_COPY_STRICT,hr+mk+sr
data,mk,B1,1040,Gelächter,smiekli,Смеа,FAMILY_COPY_STRICT,hr+mk+sr
data,sr,B1,1040,Gelächter,smiekli,Смеа,FAMILY_COPY_STRICT,hr+mk+sr
data,it,B1,1040,Gelächter,smiekli,Smiekli,FAMILY_COPY_STRICT,it+lb+nl
data,lb,B1,1040,Gelächter,smiekli,Smiekli,FAMILY_COPY_STRICT,it+lb+nl
data,nl,B1,1040,Gelächter,smiekli,Smiekli,FAMILY_COPY_STRICT,it+lb+nl
data,pl,B1,1040,Gelächter,smiekli,Śmiech,FAMILY_COPY_STRICT,pl+sk+sq+tr
data,sk,B1,1040,Gelächter,smiekli,Śmiech,FAMILY_COPY_STRICT,pl+sk+sq+tr
data,sq,B1,1040,Gelächter,smiekli,Śmiech,FAMILY_COPY_STRICT,pl+sk+sq+tr
data,tr,B1,1040,Gelächter,smiekli,Śmiech,FAMILY_COPY_STRICT,pl+sk+sq+tr
data,hr,B1,1041,Gelände,apvidus,Регион,SCRIPT_MISMATCH,
data,hr,B1,1041,Gelände,apvidus,Регион,MARKER_LEAK,foreign_script
data,it,B1,1041,Gelände,apvidus,Apvidus,SAME_AS_LV_CASEFOLD,casefold_only
data,lb,B1,1041,Gelände,apvidus,Apvidus,SAME_AS_LV_CASEFOLD,casefold_only
data,nl,B1,1041,Gelände,apvidus,Apvidus,SAME_AS_LV_CASEFOLD,casefold_only
data,pt,B1,1041,Gelände,apvidus,Apvidus,SAME_AS_LV_CASEFOLD,casefold_only
data,sl,B1,1041,Gelände,apvidus,apvidus,SAME_AS_LV_CASEFOLD,exact
data,bg,B1,1041,Gelände,apvidus,Регион,FAMILY_COPY_STRICT,bg+hr+mk+sr
data,hr,B1,1041,Gelände,apvidus,Регион,FAMILY_COPY_STRICT,bg+hr+mk+sr
data,mk,B1,1041,Gelände,apvidus,Регион,FAMILY_COPY_STRICT,bg+hr+mk+sr
data,sr,B1,1041,Gelände,apvidus,Регион,FAMILY_COPY_STRICT,bg+hr+mk+sr
data,fi,B1,1041,Gelände,apvidus,Maastik,FAMILY_COPY_STRICT,fi+is+nb+nn+sv
data,is,B1,1041,Gelände,apvidus,Maastik,FAMILY_COPY_STRICT,fi+is+nb+nn+sv
data,nb,B1,1041,Gelände,apvidus,Maastik,FAMILY_COPY_STRICT,fi+is+nb+nn+sv
data,nn,B1,1041,Gelände,apvidus,Maastik,FAMILY_COPY_STRICT,fi+is+nb+nn+sv
data,sv,B1,1041,Gelände,apvidus,Maastik,FAMILY_COPY_STRICT,fi+is+nb+nn+sv
data,it,B1,1041,Gelände,apvidus,Apvidus,FAMILY_COPY_STRICT,it+lb+nl+pt
data,lb,B1,1041,Gelände,apvidus,Apvidus,FAMILY_COPY_STRICT,it+lb+nl+pt
data,nl,B1,1041,Gelände,apvidus,Apvidus,FAMILY_COPY_STRICT,it+lb+nl+pt
data,pt,B1,1041,Gelände,apvidus,Apvidus,FAMILY_COPY_STRICT,it+lb+nl+pt
data,pl,B1,1041,Gelände,apvidus,Obszar,FAMILY_COPY_STRICT,pl+sk+sq+tr
data,sk,B1,1041,Gelände,apvidus,Obszar,FAMILY_COPY_STRICT,pl+sk+sq+tr
data,sq,B1,1041,Gelände,apvidus,Obszar,FAMILY_COPY_STRICT,pl+sk+sq+tr
data,tr,B1,1041,Gelände,apvidus,Obszar,FAMILY_COPY_STRICT,pl+sk+sq+tr
data,hr,B1,1042,Geländer,margas,Парапет,SCRIPT_MISMATCH,
data,hr,B1,1042,Geländer,margas,Парапет,MARKER_LEAK,foreign_script
data,it,B1,1042,Geländer,margas,Margas,SAME_AS_LV_CASEFOLD,casefold_only
data,lb,B1,1042,Geländer,margas,Margas,SAME_AS_LV_CASEFOLD,casefold_only
data,nl,B1,1042,Geländer,margas,Margas,SAME_AS_LV_CASEFOLD,casefold_only
data,pt,B1,1042,Geländer,margas,Margas,SAME_AS_LV_CASEFOLD,casefold_only
data,sl,B1,1042,Geländer,margas,margas,SAME_AS_LV_CASEFOLD,exact
data,bg,B1,1042,Geländer,margas,Парапет,FAMILY_COPY_STRICT,bg+hr+mk+sr
data,hr,B1,1042,Geländer,margas,Парапет,FAMILY_COPY_STRICT,bg+hr+mk+sr
data,mk,B1,1042,Geländer,margas,Парапет,FAMILY_COPY_STRICT,bg+hr+mk+sr
data,sr,B1,1042,Geländer,margas,Парапет,FAMILY_COPY_STRICT,bg+hr+mk+sr
data,fi,B1,1042,Geländer,margas,Käsipuu,FAMILY_COPY_STRICT,fi+is+nb+nn+sv
data,is,B1,1042,Geländer,margas,Käsipuu,FAMILY_COPY_STRICT,fi+is+nb+nn+sv
data,nb,B1,1042,Geländer,margas,Käsipuu,FAMILY_COPY_STRICT,fi+is+nb+nn+sv
data,nn,B1,1042,Geländer,margas,Käsipuu,FAMILY_COPY_STRICT,fi+is+nb+nn+sv
data,sv,B1,1042,Geländer,margas,Käsipuu,FAMILY_COPY_STRICT,fi+is+nb+nn+sv
data,it,B1,1042,Geländer,margas,Margas,FAMILY_COPY_STRICT,it+lb+nl+pt
data,lb,B1,1042,Geländer,margas,Margas,FAMILY_COPY_STRICT,it+lb+nl+pt
data,nl,B1,1042,Geländer,margas,Margas,FAMILY_COPY_STRICT,it+lb+nl+pt
data,pt,B1,1042,Geländer,margas,Margas,FAMILY_COPY_STRICT,it+lb+nl+pt
data,pl,B1,1042,Geländer,margas,Balustrada,FAMILY_COPY_STRICT,pl+sk+sq+tr
data,sk,B1,1042,Geländer,margas,Balustrada,FAMILY_COPY_STRICT,pl+sk+sq+tr
data,sq,B1,1042,Geländer,margas,Balustrada,FAMILY_COPY_STRICT,pl+sk+sq+tr
data,tr,B1,1042,Geländer,margas,Balustrada,FAMILY_COPY_STRICT,pl+sk+sq+tr
data,fi,B1,1043,gelangen,nokļūt,Jõudma,MARKER_LEAK,et_otilde
data,hr,B1,1043,gelangen,nokļūt,Стигнете до,SCRIPT_MISMATCH,
data,hr,B1,1043,gelangen,nokļūt,Стигнете до,MARKER_LEAK,foreign_script
data,is,B1,1043,gelangen,nokļūt,Jõudma,MARKER_LEAK,et_otilde
data,it,B1,1043,gelangen,nokļūt,Nokļūt,SAME_AS_LV_CASEFOLD,casefold_only
data,it,B1,1043,gelangen,nokļūt,Nokļūt,LV_DIACRITIC,
data,it,B1,1043,gelangen,nokļūt,Nokļūt,MARKER_LEAK,lv_macron_consonant+lv_u_macron
data,lb,B1,1043,gelangen,nokļūt,Nokļūt,SAME_AS_LV_CASEFOLD,casefold_only
data,lb,B1,1043,gelangen,nokļūt,Nokļūt,LV_DIACRITIC,
data,lb,B1,1043,gelangen,nokļūt,Nokļūt,MARKER_LEAK,lv_macron_consonant+lv_u_macron
data,nb,B1,1043,gelangen,nokļūt,Jõudma,MARKER_LEAK,et_otilde
data,nl,B1,1043,gelangen,nokļūt,Nokļūt,SAME_AS_LV_CASEFOLD,casefold_only
data,nl,B1,1043,gelangen,nokļūt,Nokļūt,LV_DIACRITIC,
data,nl,B1,1043,gelangen,nokļūt,Nokļūt,MARKER_LEAK,lv_macron_consonant+lv_u_macron
data,nn,B1,1043,gelangen,nokļūt,Jõudma,MARKER_LEAK,et_otilde
data,pt,B1,1043,gelangen,nokļūt,Nokļūt,SAME_AS_LV_CASEFOLD,casefold_only
data,pt,B1,1043,gelangen,nokļūt,Nokļūt,LV_DIACRITIC,
data,pt,B1,1043,gelangen,nokļūt,Nokļūt,MARKER_LEAK,lv_macron_consonant+lv_u_macron
data,sl,B1,1043,gelangen,nokļūt,nokļūt,SAME_AS_LV_CASEFOLD,exact
data,sl,B1,1043,gelangen,nokļūt,nokļūt,LV_DIACRITIC,
data,sl,B1,1043,gelangen,nokļūt,nokļūt,MARKER_LEAK,lv_macron_consonant+lv_u_macron
data,sv,B1,1043,gelangen,nokļūt,Jõudma,MARKER_LEAK,et_otilde
data,bg,B1,1043,gelangen,nokļūt,Стигнете до,FAMILY_COPY_STRICT,bg+hr+mk+sr
data,hr,B1,1043,gelangen,nokļūt,Стигнете до,FAMILY_COPY_STRICT,bg+hr+mk+sr
data,mk,B1,1043,gelangen,nokļūt,Стигнете до,FAMILY_COPY_STRICT,bg+hr+mk+sr
data,sr,B1,1043,gelangen,nokļūt,Стигнете до,FAMILY_COPY_STRICT,bg+hr+mk+sr
data,fi,B1,1043,gelangen,nokļūt,Jõudma,FAMILY_COPY_STRICT,fi+is+nb+nn+sv
data,is,B1,1043,gelangen,nokļūt,Jõudma,FAMILY_COPY_STRICT,fi+is+nb+nn+sv
data,nb,B1,1043,gelangen,nokļūt,Jõudma,FAMILY_COPY_STRICT,fi+is+nb+nn+sv
data,nn,B1,1043,gelangen,nokļūt,Jõudma,FAMILY_COPY_STRICT,fi+is+nb+nn+sv
data,sv,B1,1043,gelangen,nokļūt,Jõudma,FAMILY_COPY_STRICT,fi+is+nb+nn+sv
data,it,B1,1043,gelangen,nokļūt,Nokļūt,FAMILY_COPY_STRICT,it+lb+nl+pt
data,lb,B1,1043,gelangen,nokļūt,Nokļūt,FAMILY_COPY_STRICT,it+lb+nl+pt
data,nl,B1,1043,gelangen,nokļūt,Nokļūt,FAMILY_COPY_STRICT,it+lb+nl+pt
data,pt,B1,1043,gelangen,nokļūt,Nokļūt,FAMILY_COPY_STRICT,it+lb+nl+pt
data,pl,B1,1043,gelangen,nokļūt,Dojechać,FAMILY_COPY_STRICT,pl+sk
data,sk,B1,1043,gelangen,nokļūt,Dojechać,FAMILY_COPY_STRICT,pl+sk
data,sq,B1,1043,gelangen,nokļūt,Oraya git,FAMILY_COPY_STRICT,sq+tr
data,tr,B1,1043,gelangen,nokļūt,Oraya git,FAMILY_COPY_STRICT,sq+tr
data,hr,B1,1044,Geldschein,naudaszīme,Банкнота,SCRIPT_MISMATCH,
data,hr,B1,1044,Geldschein,naudaszīme,Банкнота,MARKER_LEAK,foreign_script
data,it,B1,1044,Geldschein,naudaszīme,Naudaszīme,SAME_AS_LV_CASEFOLD,casefold_only
data,it,B1,1044,Geldschein,naudaszīme,Naudaszīme,LV_DIACRITIC,
data,it,B1,1044,Geldschein,naudaszīme,Naudaszīme,MARKER_LEAK,lv_macron_consonant
data,lb,B1,1044,Geldschein,naudaszīme,Naudaszīme,SAME_AS_LV_CASEFOLD,casefold_only
data,lb,B1,1044,Geldschein,naudaszīme,Naudaszīme,LV_DIACRITIC,
data,lb,B1,1044,Geldschein,naudaszīme,Naudaszīme,MARKER_LEAK,lv_macron_consonant
data,nl,B1,1044,Geldschein,naudaszīme,Naudaszīme,SAME_AS_LV_CASEFOLD,casefold_only
data,nl,B1,1044,Geldschein,naudaszīme,Naudaszīme,LV_DIACRITIC,
data,nl,B1,1044,Geldschein,naudaszīme,Naudaszīme,MARKER_LEAK,lv_macron_consonant
data,sl,B1,1044,Geldschein,naudaszīme,naudaszīme,SAME_AS_LV_CASEFOLD,exact
data,sl,B1,1044,Geldschein,naudaszīme,naudaszīme,LV_DIACRITIC,
data,sl,B1,1044,Geldschein,naudaszīme,naudaszīme,MARKER_LEAK,lv_macron_consonant
data,bg,B1,1044,Geldschein,naudaszīme,Банкнота,FAMILY_COPY_STRICT,bg+hr+mk+ru+sr
data,hr,B1,1044,Geldschein,naudaszīme,Банкнота,FAMILY_COPY_STRICT,bg+hr+mk+ru+sr
data,mk,B1,1044,Geldschein,naudaszīme,Банкнота,FAMILY_COPY_STRICT,bg+hr+mk+ru+sr
data,ru,B1,1044,Geldschein,naudaszīme,Банкнота,FAMILY_COPY_STRICT,bg+hr+mk+ru+sr
data,sr,B1,1044,Geldschein,naudaszīme,Банкнота,FAMILY_COPY_STRICT,bg+hr+mk+ru+sr
data,fi,B1,1044,Geldschein,naudaszīme,Rahatäht,FAMILY_COPY_STRICT,fi+sv
data,sv,B1,1044,Geldschein,naudaszīme,Rahatäht,FAMILY_COPY_STRICT,fi+sv
data,is,B1,1044,Geldschein,naudaszīme,Raha-stjerne,FAMILY_COPY_STRICT,is+nb+nn
data,nb,B1,1044,Geldschein,naudaszīme,Raha-stjerne,FAMILY_COPY_STRICT,is+nb+nn
data,nn,B1,1044,Geldschein,naudaszīme,Raha-stjerne,FAMILY_COPY_STRICT,is+nb+nn
data,it,B1,1044,Geldschein,naudaszīme,Naudaszīme,FAMILY_COPY_STRICT,it+lb+nl
data,lb,B1,1044,Geldschein,naudaszīme,Naudaszīme,FAMILY_COPY_STRICT,it+lb+nl
data,nl,B1,1044,Geldschein,naudaszīme,Naudaszīme,FAMILY_COPY_STRICT,it+lb+nl
data,pl,B1,1044,Geldschein,naudaszīme,Banknot,FAMILY_COPY_STRICT,pl+sk+sq+tr
data,sk,B1,1044,Geldschein,naudaszīme,Banknot,FAMILY_COPY_STRICT,pl+sk+sq+tr
data,sq,B1,1044,Geldschein,naudaszīme,Banknot,FAMILY_COPY_STRICT,pl+sk+sq+tr
data,tr,B1,1044,Geldschein,naudaszīme,Banknot,FAMILY_COPY_STRICT,pl+sk+sq+tr
data,hr,B1,1045,Geldwechsel,naudas maiņa,Обмяна на пари,SCRIPT_MISMATCH,
data,hr,B1,1045,Geldwechsel,naudas maiņa,Обмяна на пари,MARKER_LEAK,foreign_script
data,it,B1,1045,Geldwechsel,naudas maiņa,Naudas maiņa,SAME_AS_LV_CASEFOLD,casefold_only
data,it,B1,1045,Geldwechsel,naudas maiņa,Naudas maiņa,LV_DIACRITIC,
data,it,B1,1045,Geldwechsel,naudas maiņa,Naudas maiņa,MARKER_LEAK,lv_macron_consonant
data,nl,B1,1045,Geldwechsel,naudas maiņa,Naudas maiņa,SAME_AS_LV_CASEFOLD,casefold_only
data,nl,B1,1045,Geldwechsel,naudas maiņa,Naudas maiņa,LV_DIACRITIC,
data,nl,B1,1045,Geldwechsel,naudas maiņa,Naudas maiņa,MARKER_LEAK,lv_macron_consonant
data,pt,B1,1045,Geldwechsel,naudas maiņa,Naudas maņa,LV_DIACRITIC,
data,pt,B1,1045,Geldwechsel,naudas maiņa,Naudas maņa,MARKER_LEAK,lv_macron_consonant
data,sl,B1,1045,Geldwechsel,naudas maiņa,naudas maiņa,SAME_AS_LV_CASEFOLD,exact
data,sl,B1,1045,Geldwechsel,naudas maiņa,naudas maiņa,LV_DIACRITIC,
data,sl,B1,1045,Geldwechsel,naudas maiņa,naudas maiņa,MARKER_LEAK,lv_macron_consonant
data,sq,B1,1045,Geldwechsel,naudas maiņa,Para değişimi,MARKER_LEAK,tr_soft
data,bg,B1,1045,Geldwechsel,naudas maiņa,Обмяна на пари,FAMILY_COPY_STRICT,bg+hr+mk+sr
data,hr,B1,1045,Geldwechsel,naudas maiņa,Обмяна на пари,FAMILY_COPY_STRICT,bg+hr+mk+sr
data,mk,B1,1045,Geldwechsel,naudas maiņa,Обмяна на пари,FAMILY_COPY_STRICT,bg+hr+mk+sr
data,sr,B1,1045,Geldwechsel,naudas maiņa,Обмяна на пари,FAMILY_COPY_STRICT,bg+hr+mk+sr
data,fi,B1,1045,Geldwechsel,naudas maiņa,Raha vahetamine,FAMILY_COPY_STRICT,fi+is+nb+nn+sv
data,is,B1,1045,Geldwechsel,naudas maiņa,Raha vahetamine,FAMILY_COPY_STRICT,fi+is+nb+nn+sv
data,nb,B1,1045,Geldwechsel,naudas maiņa,Raha vahetamine,FAMILY_COPY_STRICT,fi+is+nb+nn+sv
data,nn,B1,1045,Geldwechsel,naudas maiņa,Raha vahetamine,FAMILY_COPY_STRICT,fi+is+nb+nn+sv
data,sv,B1,1045,Geldwechsel,naudas maiņa,Raha vahetamine,FAMILY_COPY_STRICT,fi+is+nb+nn+sv
data,it,B1,1045,Geldwechsel,naudas maiņa,Naudas maiņa,FAMILY_COPY_STRICT,it+nl
data,nl,B1,1045,Geldwechsel,naudas maiņa,Naudas maiņa,FAMILY_COPY_STRICT,it+nl
data,sq,B1,1045,Geldwechsel,naudas maiņa,Para değişimi,FAMILY_COPY_STRICT,sq+tr
data,tr,B1,1045,Geldwechsel,naudas maiņa,Para değişimi,FAMILY_COPY_STRICT,sq+tr
data,fi,B1,1046,Gelegenheit,izdevība,Võimalus,MARKER_LEAK,et_otilde
data,hr,B1,1046,Gelegenheit,izdevība,Можност,SCRIPT_MISMATCH,
data,hr,B1,1046,Gelegenheit,izdevība,Можност,MARKER_LEAK,foreign_script
data,is,B1,1046,Gelegenheit,izdevība,Võimalus,MARKER_LEAK,et_otilde
data,it,B1,1046,Gelegenheit,izdevība,Izdevība,SAME_AS_LV_CASEFOLD,casefold_only
data,it,B1,1046,Gelegenheit,izdevība,Izdevība,LV_DIACRITIC,
data,it,B1,1046,Gelegenheit,izdevība,Izdevība,MARKER_LEAK,lv_macron_consonant
data,lb,B1,1046,Gelegenheit,izdevība,Izdevība,SAME_AS_LV_CASEFOLD,casefold_only
data,lb,B1,1046,Gelegenheit,izdevība,Izdevība,LV_DIACRITIC,
data,lb,B1,1046,Gelegenheit,izdevība,Izdevība,MARKER_LEAK,lv_macron_consonant
data,nb,B1,1046,Gelegenheit,izdevība,Võimalus,MARKER_LEAK,et_otilde
data,nl,B1,1046,Gelegenheit,izdevība,Izdevība,SAME_AS_LV_CASEFOLD,casefold_only
data,nl,B1,1046,Gelegenheit,izdevība,Izdevība,LV_DIACRITIC,
data,nl,B1,1046,Gelegenheit,izdevība,Izdevība,MARKER_LEAK,lv_macron_consonant
data,nn,B1,1046,Gelegenheit,izdevība,Võimalus,MARKER_LEAK,et_otilde
data,sl,B1,1046,Gelegenheit,izdevība,izdevība,SAME_AS_LV_CASEFOLD,exact
data,sl,B1,1046,Gelegenheit,izdevība,izdevība,LV_DIACRITIC,
data,sl,B1,1046,Gelegenheit,izdevība,izdevība,MARKER_LEAK,lv_macron_consonant
data,sv,B1,1046,Gelegenheit,izdevība,Võimalus,MARKER_LEAK,et_otilde
data,fi,B1,1046,Gelegenheit,izdevība,Võimalus,FAMILY_COPY_STRICT,fi+is+nb+nn+sv
data,is,B1,1046,Gelegenheit,izdevība,Võimalus,FAMILY_COPY_STRICT,fi+is+nb+nn+sv
data,nb,B1,1046,Gelegenheit,izdevība,Võimalus,FAMILY_COPY_STRICT,fi+is+nb+nn+sv
data,nn,B1,1046,Gelegenheit,izdevība,Võimalus,FAMILY_COPY_STRICT,fi+is+nb+nn+sv
data,sv,B1,1046,Gelegenheit,izdevība,Võimalus,FAMILY_COPY_STRICT,fi+is+nb+nn+sv
data,hr,B1,1046,Gelegenheit,izdevība,Можност,FAMILY_COPY_STRICT,hr+mk+sr
data,mk,B1,1046,Gelegenheit,izdevība,Можност,FAMILY_COPY_STRICT,hr+mk+sr
data,sr,B1,1046,Gelegenheit,izdevība,Можност,FAMILY_COPY_STRICT,hr+mk+sr
data,it,B1,1046,Gelegenheit,izdevība,Izdevība,FAMILY_COPY_STRICT,it+lb+nl
data,lb,B1,1046,Gelegenheit,izdevība,Izdevība,FAMILY_COPY_STRICT,it+lb+nl
data,nl,B1,1046,Gelegenheit,izdevība,Izdevība,FAMILY_COPY_STRICT,it+lb+nl
data,pl,B1,1046,Gelegenheit,izdevība,Okazja,FAMILY_COPY_STRICT,pl+sq+tr
data,sq,B1,1046,Gelegenheit,izdevība,Okazja,FAMILY_COPY_STRICT,pl+sq+tr
data,tr,B1,1046,Gelegenheit,izdevība,Okazja,FAMILY_COPY_STRICT,pl+sq+tr
data,hr,B1,1047,Gelenk,locītava,Съединение,SCRIPT_MISMATCH,
data,hr,B1,1047,Gelenk,locītava,Съединение,MARKER_LEAK,foreign_script
data,it,B1,1047,Gelenk,locītava,Locītava,SAME_AS_LV_CASEFOLD,casefold_only
data,it,B1,1047,Gelenk,locītava,Locītava,LV_DIACRITIC,
data,it,B1,1047,Gelenk,locītava,Locītava,MARKER_LEAK,lv_macron_consonant
data,lb,B1,1047,Gelenk,locītava,Locītava,SAME_AS_LV_CASEFOLD,casefold_only
data,lb,B1,1047,Gelenk,locītava,Locītava,LV_DIACRITIC,
data,lb,B1,1047,Gelenk,locītava,Locītava,MARKER_LEAK,lv_macron_consonant
data,nl,B1,1047,Gelenk,locītava,Locītava,SAME_AS_LV_CASEFOLD,casefold_only
data,nl,B1,1047,Gelenk,locītava,Locītava,LV_DIACRITIC,
data,nl,B1,1047,Gelenk,locītava,Locītava,MARKER_LEAK,lv_macron_consonant
data,sl,B1,1047,Gelenk,locītava,locītava,SAME_AS_LV_CASEFOLD,exact
data,sl,B1,1047,Gelenk,locītava,locītava,LV_DIACRITIC,
data,sl,B1,1047,Gelenk,locītava,locītava,MARKER_LEAK,lv_macron_consonant
data,bg,B1,1047,Gelenk,locītava,Съединение,FAMILY_COPY_STRICT,bg+hr+mk+sr
data,hr,B1,1047,Gelenk,locītava,Съединение,FAMILY_COPY_STRICT,bg+hr+mk+sr
data,mk,B1,1047,Gelenk,locītava,Съединение,FAMILY_COPY_STRICT,bg+hr+mk+sr
data,sr,B1,1047,Gelenk,locītava,Съединение,FAMILY_COPY_STRICT,bg+hr+mk+sr
data,fi,B1,1047,Gelenk,locītava,Liiges,FAMILY_COPY_STRICT,fi+is+nb+nn+sv
data,is,B1,1047,Gelenk,locītava,Liiges,FAMILY_COPY_STRICT,fi+is+nb+nn+sv
data,nb,B1,1047,Gelenk,locītava,Liiges,FAMILY_COPY_STRICT,fi+is+nb+nn+sv
data,nn,B1,1047,Gelenk,locītava,Liiges,FAMILY_COPY_STRICT,fi+is+nb+nn+sv
data,sv,B1,1047,Gelenk,locītava,Liiges,FAMILY_COPY_STRICT,fi+is+nb+nn+sv
data,it,B1,1047,Gelenk,locītava,Locītava,FAMILY_COPY_STRICT,it+lb+nl
data,lb,B1,1047,Gelenk,locītava,Locītava,FAMILY_COPY_STRICT,it+lb+nl
data,nl,B1,1047,Gelenk,locītava,Locītava,FAMILY_COPY_STRICT,it+lb+nl
data,pl,B1,1047,Gelenk,locītava,Wspólny,FAMILY_COPY_STRICT,pl+sk
data,sk,B1,1047,Gelenk,locītava,Wspólny,FAMILY_COPY_STRICT,pl+sk
data,fi,B1,1048,gelingen,izdoties,Õnnestuma,MARKER_LEAK,et_otilde
data,is,B1,1048,gelingen,izdoties,Õnnestuma,MARKER_LEAK,et_otilde
data,it,B1,1048,gelingen,izdoties,Izdoties,SAME_AS_LV_CASEFOLD,casefold_only
data,lb,B1,1048,gelingen,izdoties,Izdoties,SAME_AS_LV_CASEFOLD,casefold_only
data,nb,B1,1048,gelingen,izdoties,Õnnestuma,MARKER_LEAK,et_otilde
data,nl,B1,1048,gelingen,izdoties,Izdoties,SAME_AS_LV_CASEFOLD,casefold_only
data,nn,B1,1048,gelingen,izdoties,Õnnestuma,MARKER_LEAK,et_otilde
data,pt,B1,1048,gelingen,izdoties,Izdoties,SAME_AS_LV_CASEFOLD,casefold_only
data,sk,B1,1048,gelingen,izdoties,Odnieść sukces,MARKER_LEAK,pl_l_s_z
data,sl,B1,1048,gelingen,izdoties,izdoties,SAME_AS_LV_CASEFOLD,exact
data,sq,B1,1048,gelingen,izdoties,Başarılı ol,MARKER_LEAK,tr_soft
data,sr,B1,1048,gelingen,izdoties,Ja sam sretan,SCRIPT_MISMATCH,sr_as_cyrillic
data,sr,B1,1048,gelingen,izdoties,Ja sam sretan,MARKER_LEAK,latin_in_cyrillic
data,sv,B1,1048,gelingen,izdoties,Õnnestuma,MARKER_LEAK,et_otilde
data,fi,B1,1048,gelingen,izdoties,Õnnestuma,FAMILY_COPY_STRICT,fi+is+nb+nn+sv
data,is,B1,1048,gelingen,izdoties,Õnnestuma,FAMILY_COPY_STRICT,fi+is+nb+nn+sv
data,nb,B1,1048,gelingen,izdoties,Õnnestuma,FAMILY_COPY_STRICT,fi+is+nb+nn+sv
data,nn,B1,1048,gelingen,izdoties,Õnnestuma,FAMILY_COPY_STRICT,fi+is+nb+nn+sv
data,sv,B1,1048,gelingen,izdoties,Õnnestuma,FAMILY_COPY_STRICT,fi+is+nb+nn+sv
data,hr,B1,1048,gelingen,izdoties,Ja sam sretan,FAMILY_COPY_STRICT,hr+sr
data,sr,B1,1048,gelingen,izdoties,Ja sam sretan,FAMILY_COPY_STRICT,hr+sr
data,it,B1,1048,gelingen,izdoties,Izdoties,FAMILY_COPY_STRICT,it+lb+nl+pt
data,lb,B1,1048,gelingen,izdoties,Izdoties,FAMILY_COPY_STRICT,it+lb+nl+pt
data,nl,B1,1048,gelingen,izdoties,Izdoties,FAMILY_COPY_STRICT,it+lb+nl+pt
data,pt,B1,1048,gelingen,izdoties,Izdoties,FAMILY_COPY_STRICT,it+lb+nl+pt
data,pl,B1,1048,gelingen,izdoties,Odnieść sukces,FAMILY_COPY_STRICT,pl+sk
data,sk,B1,1048,gelingen,izdoties,Odnieść sukces,FAMILY_COPY_STRICT,pl+sk
data,sq,B1,1048,gelingen,izdoties,Başarılı ol,FAMILY_COPY_STRICT,sq+tr
data,tr,B1,1048,gelingen,izdoties,Başarılı ol,FAMILY_COPY_STRICT,sq+tr
data,hr,B1,1049,gelten,būt spēkā,Бъдете валидни,SCRIPT_MISMATCH,
data,hr,B1,1049,gelten,būt spēkā,Бъдете валидни,MARKER_LEAK,foreign_script
data,it,B1,1049,gelten,būt spēkā,Būt spēkā,SAME_AS_LV_CASEFOLD,casefold_only
data,it,B1,1049,gelten,būt spēkā,Būt spēkā,LV_DIACRITIC,
data,it,B1,1049,gelten,būt spēkā,Būt spēkā,MARKER_LEAK,lv_macron_consonant+lv_u_macron
data,lb,B1,1049,gelten,būt spēkā,Būt spēkā,SAME_AS_LV_CASEFOLD,casefold_only
data,lb,B1,1049,gelten,būt spēkā,Būt spēkā,LV_DIACRITIC,
data,lb,B1,1049,gelten,būt spēkā,Būt spēkā,MARKER_LEAK,lv_macron_consonant+lv_u_macron
data,nl,B1,1049,gelten,būt spēkā,Būt spēkā,SAME_AS_LV_CASEFOLD,casefold_only
data,nl,B1,1049,gelten,būt spēkā,Būt spēkā,LV_DIACRITIC,
data,nl,B1,1049,gelten,būt spēkā,Būt spēkā,MARKER_LEAK,lv_macron_consonant+lv_u_macron
data,pt,B1,1049,gelten,būt spēkā,Mas spēkā,LV_DIACRITIC,
data,pt,B1,1049,gelten,būt spēkā,Mas spēkā,MARKER_LEAK,lv_macron_consonant
data,sk,B1,1049,gelten,būt spēkā,Być ważne,MARKER_LEAK,pl_l_s_z
data,sl,B1,1049,gelten,būt spēkā,būt spēkā,SAME_AS_LV_CASEFOLD,exact
data,sl,B1,1049,gelten,būt spēkā,būt spēkā,LV_DIACRITIC,
data,sl,B1,1049,gelten,būt spēkā,būt spēkā,MARKER_LEAK,lv_macron_consonant+lv_u_macron
data,bg,B1,1049,gelten,būt spēkā,Бъдете валидни,FAMILY_COPY_STRICT,bg+hr+mk+sr
data,hr,B1,1049,gelten,būt spēkā,Бъдете валидни,FAMILY_COPY_STRICT,bg+hr+mk+sr
data,mk,B1,1049,gelten,būt spēkā,Бъдете валидни,FAMILY_COPY_STRICT,bg+hr+mk+sr
data,sr,B1,1049,gelten,būt spēkā,Бъдете валидни,FAMILY_COPY_STRICT,bg+hr+mk+sr
data,fi,B1,1049,gelten,būt spēkā,Kehtima,FAMILY_COPY_STRICT,fi+is+nb+nn+sv
data,is,B1,1049,gelten,būt spēkā,Kehtima,FAMILY_COPY_STRICT,fi+is+nb+nn+sv
data,nb,B1,1049,gelten,būt spēkā,Kehtima,FAMILY_COPY_STRICT,fi+is+nb+nn+sv
data,nn,B1,1049,gelten,būt spēkā,Kehtima,FAMILY_COPY_STRICT,fi+is+nb+nn+sv
data,sv,B1,1049,gelten,būt spēkā,Kehtima,FAMILY_COPY_STRICT,fi+is+nb+nn+sv
data,it,B1,1049,gelten,būt spēkā,Būt spēkā,FAMILY_COPY_STRICT,it+lb+nl
data,lb,B1,1049,gelten,būt spēkā,Būt spēkā,FAMILY_COPY_STRICT,it+lb+nl
data,nl,B1,1049,gelten,būt spēkā,Būt spēkā,FAMILY_COPY_STRICT,it+lb+nl
data,pl,B1,1049,gelten,būt spēkā,Być ważne,FAMILY_COPY_STRICT,pl+sk
data,sk,B1,1049,gelten,būt spēkā,Być ważne,FAMILY_COPY_STRICT,pl+sk
data,sq,B1,1049,gelten,būt spēkā,Önemli olun,FAMILY_COPY_STRICT,sq+tr
data,tr,B1,1049,gelten,būt spēkā,Önemli olun,FAMILY_COPY_STRICT,sq+tr
data,hr,B1,1050,Gemälde,glezna,Рисуване,SCRIPT_MISMATCH,
data,hr,B1,1050,Gemälde,glezna,Рисуване,MARKER_LEAK,foreign_script
data,it,B1,1050,Gemälde,glezna,Glezna,SAME_AS_LV_CASEFOLD,casefold_only
data,lb,B1,1050,Gemälde,glezna,Glezna,SAME_AS_LV_CASEFOLD,casefold_only
data,nl,B1,1050,Gemälde,glezna,Glezna,SAME_AS_LV_CASEFOLD,casefold_only
data,pt,B1,1050,Gemälde,glezna,Glezna,SAME_AS_LV_CASEFOLD,casefold_only
data,sl,B1,1050,Gemälde,glezna,glezna,SAME_AS_LV_CASEFOLD,exact
data,bg,B1,1050,Gemälde,glezna,Рисуване,FAMILY_COPY_STRICT,bg+hr+mk+sr
data,hr,B1,1050,Gemälde,glezna,Рисуване,FAMILY_COPY_STRICT,bg+hr+mk+sr
data,mk,B1,1050,Gemälde,glezna,Рисуване,FAMILY_COPY_STRICT,bg+hr+mk+sr
data,sr,B1,1050,Gemälde,glezna,Рисуване,FAMILY_COPY_STRICT,bg+hr+mk+sr
data,cs,B1,1050,Gemälde,glezna,Obraz,FAMILY_COPY_STRICT,cs+pl
data,pl,B1,1050,Gemälde,glezna,Obraz,FAMILY_COPY_STRICT,cs+pl
data,fi,B1,1050,Gemälde,glezna,Maal,FAMILY_COPY_STRICT,fi+is+nb+nn+sv
data,is,B1,1050,Gemälde,glezna,Maal,FAMILY_COPY_STRICT,fi+is+nb+nn+sv
data,nb,B1,1050,Gemälde,glezna,Maal,FAMILY_COPY_STRICT,fi+is+nb+nn+sv
data,nn,B1,1050,Gemälde,glezna,Maal,FAMILY_COPY_STRICT,fi+is+nb+nn+sv
data,sv,B1,1050,Gemälde,glezna,Maal,FAMILY_COPY_STRICT,fi+is+nb+nn+sv
data,it,B1,1050,Gemälde,glezna,Glezna,FAMILY_COPY_STRICT,it+lb+nl+pt
data,lb,B1,1050,Gemälde,glezna,Glezna,FAMILY_COPY_STRICT,it+lb+nl+pt
data,nl,B1,1050,Gemälde,glezna,Glezna,FAMILY_COPY_STRICT,it+lb+nl+pt
data,pt,B1,1050,Gemälde,glezna,Glezna,FAMILY_COPY_STRICT,it+lb+nl+pt
data,hr,B1,1051,gemein,nekrietns,Нечестно,SCRIPT_MISMATCH,
data,hr,B1,1051,gemein,nekrietns,Нечестно,MARKER_LEAK,foreign_script
data,it,B1,1051,gemein,nekrietns,Nekrietns,SAME_AS_LV_CASEFOLD,casefold_only
data,lb,B1,1051,gemein,nekrietns,Nekrietns,SAME_AS_LV_CASEFOLD,casefold_only
data,nl,B1,1051,gemein,nekrietns,Nekrietns,SAME_AS_LV_CASEFOLD,casefold_only
data,pt,B1,1051,gemein,nekrietns,Nekrietns,SAME_AS_LV_CASEFOLD,casefold_only
data,sl,B1,1051,gemein,nekrietns,nekrietns,SAME_AS_LV_CASEFOLD,exact
data,bg,B1,1051,gemein,nekrietns,Нечестно,FAMILY_COPY_STRICT,bg+hr+mk+sr
data,hr,B1,1051,gemein,nekrietns,Нечестно,FAMILY_COPY_STRICT,bg+hr+mk+sr
data,mk,B1,1051,gemein,nekrietns,Нечестно,FAMILY_COPY_STRICT,bg+hr+mk+sr
data,sr,B1,1051,gemein,nekrietns,Нечестно,FAMILY_COPY_STRICT,bg+hr+mk+sr
data,fi,B1,1051,gemein,nekrietns,Alatu,FAMILY_COPY_STRICT,fi+is+nb+nn+sv
data,is,B1,1051,gemein,nekrietns,Alatu,FAMILY_COPY_STRICT,fi+is+nb+nn+sv
data,nb,B1,1051,gemein,nekrietns,Alatu,FAMILY_COPY_STRICT,fi+is+nb+nn+sv
data,nn,B1,1051,gemein,nekrietns,Alatu,FAMILY_COPY_STRICT,fi+is+nb+nn+sv
data,sv,B1,1051,gemein,nekrietns,Alatu,FAMILY_COPY_STRICT,fi+is+nb+nn+sv
data,it,B1,1051,gemein,nekrietns,Nekrietns,FAMILY_COPY_STRICT,it+lb+nl+pt
data,lb,B1,1051,gemein,nekrietns,Nekrietns,FAMILY_COPY_STRICT,it+lb+nl+pt
data,nl,B1,1051,gemein,nekrietns,Nekrietns,FAMILY_COPY_STRICT,it+lb+nl+pt
data,pt,B1,1051,gemein,nekrietns,Nekrietns,FAMILY_COPY_STRICT,it+lb+nl+pt
data,pl,B1,1051,gemein,nekrietns,Nieuczciwy,FAMILY_COPY_STRICT,pl+sk+sq+tr
data,sk,B1,1051,gemein,nekrietns,Nieuczciwy,FAMILY_COPY_STRICT,pl+sk+sq+tr
data,sq,B1,1051,gemein,nekrietns,Nieuczciwy,FAMILY_COPY_STRICT,pl+sk+sq+tr
data,tr,B1,1051,gemein,nekrietns,Nieuczciwy,FAMILY_COPY_STRICT,pl+sk+sq+tr
data,hr,B1,1052,Gemeinde,pašvaldība,Община,SCRIPT_MISMATCH,
data,hr,B1,1052,Gemeinde,pašvaldība,Община,MARKER_LEAK,foreign_script
data,it,B1,1052,Gemeinde,pašvaldība,Pašvaldība,SAME_AS_LV_CASEFOLD,casefold_only
data,it,B1,1052,Gemeinde,pašvaldība,Pašvaldība,LV_DIACRITIC,
data,it,B1,1052,Gemeinde,pašvaldība,Pašvaldība,MARKER_LEAK,lv_macron_consonant
data,lb,B1,1052,Gemeinde,pašvaldība,Pašvaldība,SAME_AS_LV_CASEFOLD,casefold_only
data,lb,B1,1052,Gemeinde,pašvaldība,Pašvaldība,LV_DIACRITIC,
data,lb,B1,1052,Gemeinde,pašvaldība,Pašvaldība,MARKER_LEAK,lv_macron_consonant
data,nl,B1,1052,Gemeinde,pašvaldība,Pašvaldība,SAME_AS_LV_CASEFOLD,casefold_only
data,nl,B1,1052,Gemeinde,pašvaldība,Pašvaldība,LV_DIACRITIC,
data,nl,B1,1052,Gemeinde,pašvaldība,Pašvaldība,MARKER_LEAK,lv_macron_consonant
data,pt,B1,1052,Gemeinde,pašvaldība,Pašvaldiba,LV_DIACRITIC,
data,sl,B1,1052,Gemeinde,pašvaldība,pašvaldība,SAME_AS_LV_CASEFOLD,exact
data,sl,B1,1052,Gemeinde,pašvaldība,pašvaldība,LV_DIACRITIC,
data,sl,B1,1052,Gemeinde,pašvaldība,pašvaldība,MARKER_LEAK,lv_macron_consonant
data,bg,B1,1052,Gemeinde,pašvaldība,Община,FAMILY_COPY_STRICT,bg+hr+mk+sr
data,hr,B1,1052,Gemeinde,pašvaldība,Община,FAMILY_COPY_STRICT,bg+hr+mk+sr
data,mk,B1,1052,Gemeinde,pašvaldība,Община,FAMILY_COPY_STRICT,bg+hr+mk+sr
data,sr,B1,1052,Gemeinde,pašvaldība,Община,FAMILY_COPY_STRICT,bg+hr+mk+sr
data,fi,B1,1052,Gemeinde,pašvaldība,Omavalitsus,FAMILY_COPY_STRICT,fi+is+nb+nn+sv
data,is,B1,1052,Gemeinde,pašvaldība,Omavalitsus,FAMILY_COPY_STRICT,fi+is+nb+nn+sv
data,nb,B1,1052,Gemeinde,pašvaldība,Omavalitsus,FAMILY_COPY_STRICT,fi+is+nb+nn+sv
data,nn,B1,1052,Gemeinde,pašvaldība,Omavalitsus,FAMILY_COPY_STRICT,fi+is+nb+nn+sv
data,sv,B1,1052,Gemeinde,pašvaldība,Omavalitsus,FAMILY_COPY_STRICT,fi+is+nb+nn+sv
data,it,B1,1052,Gemeinde,pašvaldība,Pašvaldība,FAMILY_COPY_STRICT,it+lb+nl
data,lb,B1,1052,Gemeinde,pašvaldība,Pašvaldība,FAMILY_COPY_STRICT,it+lb+nl
data,nl,B1,1052,Gemeinde,pašvaldība,Pašvaldība,FAMILY_COPY_STRICT,it+lb+nl
data,hr,B1,1053,Gemeinschaft,kopiena,Общност,SCRIPT_MISMATCH,
data,hr,B1,1053,Gemeinschaft,kopiena,Общност,MARKER_LEAK,foreign_script
data,it,B1,1053,Gemeinschaft,kopiena,Kopiena,SAME_AS_LV_CASEFOLD,casefold_only
data,lb,B1,1053,Gemeinschaft,kopiena,Kopiena,SAME_AS_LV_CASEFOLD,casefold_only
data,nl,B1,1053,Gemeinschaft,kopiena,Kopiena,SAME_AS_LV_CASEFOLD,casefold_only
data,pt,B1,1053,Gemeinschaft,kopiena,Kopiena,SAME_AS_LV_CASEFOLD,casefold_only
data,sl,B1,1053,Gemeinschaft,kopiena,kopiena,SAME_AS_LV_CASEFOLD,exact
data,bg,B1,1053,Gemeinschaft,kopiena,Общност,FAMILY_COPY_STRICT,bg+hr+mk+sr
data,hr,B1,1053,Gemeinschaft,kopiena,Общност,FAMILY_COPY_STRICT,bg+hr+mk+sr
data,mk,B1,1053,Gemeinschaft,kopiena,Общност,FAMILY_COPY_STRICT,bg+hr+mk+sr
data,sr,B1,1053,Gemeinschaft,kopiena,Общност,FAMILY_COPY_STRICT,bg+hr+mk+sr
data,fi,B1,1053,Gemeinschaft,kopiena,Kogukond,FAMILY_COPY_STRICT,fi+is+nb+nn+sv
data,is,B1,1053,Gemeinschaft,kopiena,Kogukond,FAMILY_COPY_STRICT,fi+is+nb+nn+sv
data,nb,B1,1053,Gemeinschaft,kopiena,Kogukond,FAMILY_COPY_STRICT,fi+is+nb+nn+sv
data,nn,B1,1053,Gemeinschaft,kopiena,Kogukond,FAMILY_COPY_STRICT,fi+is+nb+nn+sv
data,sv,B1,1053,Gemeinschaft,kopiena,Kogukond,FAMILY_COPY_STRICT,fi+is+nb+nn+sv
data,it,B1,1053,Gemeinschaft,kopiena,Kopiena,FAMILY_COPY_STRICT,it+lb+nl+pt
data,lb,B1,1053,Gemeinschaft,kopiena,Kopiena,FAMILY_COPY_STRICT,it+lb+nl+pt
data,nl,B1,1053,Gemeinschaft,kopiena,Kopiena,FAMILY_COPY_STRICT,it+lb+nl+pt
data,pt,B1,1053,Gemeinschaft,kopiena,Kopiena,FAMILY_COPY_STRICT,it+lb+nl+pt
data,pl,B1,1053,Gemeinschaft,kopiena,Wspólnota,FAMILY_COPY_STRICT,pl+sk
data,sk,B1,1053,Gemeinschaft,kopiena,Wspólnota,FAMILY_COPY_STRICT,pl+sk
data,sq,B1,1053,Gemeinschaft,kopiena,Toplum,FAMILY_COPY_STRICT,sq+tr
data,tr,B1,1053,Gemeinschaft,kopiena,Toplum,FAMILY_COPY_STRICT,sq+tr
data,hr,B1,1054,gemischt,jaukts,Смесени,SCRIPT_MISMATCH,
data,hr,B1,1054,gemischt,jaukts,Смесени,MARKER_LEAK,foreign_script
data,it,B1,1054,gemischt,jaukts,Jaukts,SAME_AS_LV_CASEFOLD,casefold_only
data,lb,B1,1054,gemischt,jaukts,Jaukts,SAME_AS_LV_CASEFOLD,casefold_only
data,nl,B1,1054,gemischt,jaukts,Jaukts,SAME_AS_LV_CASEFOLD,casefold_only
data,sl,B1,1054,gemischt,jaukts,jaukts,SAME_AS_LV_CASEFOLD,exact
data,bg,B1,1054,gemischt,jaukts,Смесени,FAMILY_COPY_STRICT,bg+hr+mk+sr
data,hr,B1,1054,gemischt,jaukts,Смесени,FAMILY_COPY_STRICT,bg+hr+mk+sr
data,mk,B1,1054,gemischt,jaukts,Смесени,FAMILY_COPY_STRICT,bg+hr+mk+sr
data,sr,B1,1054,gemischt,jaukts,Смесени,FAMILY_COPY_STRICT,bg+hr+mk+sr
data,fi,B1,1054,gemischt,jaukts,Segatud,FAMILY_COPY_STRICT,fi+is+nb+nn+sv
data,is,B1,1054,gemischt,jaukts,Segatud,FAMILY_COPY_STRICT,fi+is+nb+nn+sv
data,nb,B1,1054,gemischt,jaukts,Segatud,FAMILY_COPY_STRICT,fi+is+nb+nn+sv
data,nn,B1,1054,gemischt,jaukts,Segatud,FAMILY_COPY_STRICT,fi+is+nb+nn+sv
data,sv,B1,1054,gemischt,jaukts,Segatud,FAMILY_COPY_STRICT,fi+is+nb+nn+sv
data,it,B1,1054,gemischt,jaukts,Jaukts,FAMILY_COPY_STRICT,it+lb+nl
data,lb,B1,1054,gemischt,jaukts,Jaukts,FAMILY_COPY_STRICT,it+lb+nl
data,nl,B1,1054,gemischt,jaukts,Jaukts,FAMILY_COPY_STRICT,it+lb+nl
data,pl,B1,1054,gemischt,jaukts,Mieszany,FAMILY_COPY_STRICT,pl+sk+sq+tr
data,sk,B1,1054,gemischt,jaukts,Mieszany,FAMILY_COPY_STRICT,pl+sk+sq+tr
data,sq,B1,1054,gemischt,jaukts,Mieszany,FAMILY_COPY_STRICT,pl+sk+sq+tr
data,tr,B1,1054,gemischt,jaukts,Mieszany,FAMILY_COPY_STRICT,pl+sk+sq+tr
data,hr,B1,1055,Gen,gēns,Ген,SCRIPT_MISMATCH,
data,hr,B1,1055,Gen,gēns,Ген,MARKER_LEAK,foreign_script
data,it,B1,1055,Gen,gēns,Gēns,SAME_AS_LV_CASEFOLD,casefold_only
data,it,B1,1055,Gen,gēns,Gēns,LV_DIACRITIC,
data,it,B1,1055,Gen,gēns,Gēns,MARKER_LEAK,lv_macron_consonant
data,lb,B1,1055,Gen,gēns,Gēns,SAME_AS_LV_CASEFOLD,casefold_only
data,lb,B1,1055,Gen,gēns,Gēns,LV_DIACRITIC,
data,lb,B1,1055,Gen,gēns,Gēns,MARKER_LEAK,lv_macron_consonant
data,nl,B1,1055,Gen,gēns,Gēns,SAME_AS_LV_CASEFOLD,casefold_only
data,nl,B1,1055,Gen,gēns,Gēns,LV_DIACRITIC,
data,nl,B1,1055,Gen,gēns,Gēns,MARKER_LEAK,lv_macron_consonant
data,sl,B1,1055,Gen,gēns,gēns,SAME_AS_LV_CASEFOLD,exact
data,sl,B1,1055,Gen,gēns,gēns,LV_DIACRITIC,
data,sl,B1,1055,Gen,gēns,gēns,MARKER_LEAK,lv_macron_consonant
data,bg,B1,1055,Gen,gēns,Ген,FAMILY_COPY_STRICT,bg+hr+mk+ru+sr
data,hr,B1,1055,Gen,gēns,Ген,FAMILY_COPY_STRICT,bg+hr+mk+ru+sr
data,mk,B1,1055,Gen,gēns,Ген,FAMILY_COPY_STRICT,bg+hr+mk+ru+sr
data,ru,B1,1055,Gen,gēns,Ген,FAMILY_COPY_STRICT,bg+hr+mk+ru+sr
data,sr,B1,1055,Gen,gēns,Ген,FAMILY_COPY_STRICT,bg+hr+mk+ru+sr
data,da,B1,1055,Gen,gēns,Gene,FAMILY_COPY_STRICT,da+en
data,en,B1,1055,Gen,gēns,Gene,FAMILY_COPY_STRICT,da+en
data,fi,B1,1055,Gen,gēns,Geen,FAMILY_COPY_STRICT,fi+is+nb+nn+sv
data,is,B1,1055,Gen,gēns,Geen,FAMILY_COPY_STRICT,fi+is+nb+nn+sv
data,nb,B1,1055,Gen,gēns,Geen,FAMILY_COPY_STRICT,fi+is+nb+nn+sv
data,nn,B1,1055,Gen,gēns,Geen,FAMILY_COPY_STRICT,fi+is+nb+nn+sv
data,sv,B1,1055,Gen,gēns,Geen,FAMILY_COPY_STRICT,fi+is+nb+nn+sv
data,it,B1,1055,Gen,gēns,Gēns,FAMILY_COPY_STRICT,it+lb+nl
data,lb,B1,1055,Gen,gēns,Gēns,FAMILY_COPY_STRICT,it+lb+nl
data,nl,B1,1055,Gen,gēns,Gēns,FAMILY_COPY_STRICT,it+lb+nl
data,hr,B1,1056,Genauigkeit,precizitāte,Точност,SCRIPT_MISMATCH,
data,hr,B1,1056,Genauigkeit,precizitāte,Точност,MARKER_LEAK,foreign_script
data,it,B1,1056,Genauigkeit,precizitāte,Precizitāte,SAME_AS_LV_CASEFOLD,casefold_only
data,it,B1,1056,Genauigkeit,precizitāte,Precizitāte,LV_DIACRITIC,
data,it,B1,1056,Genauigkeit,precizitāte,Precizitāte,MARKER_LEAK,lv_macron_consonant
data,lb,B1,1056,Genauigkeit,precizitāte,Precizitāte,SAME_AS_LV_CASEFOLD,casefold_only
data,lb,B1,1056,Genauigkeit,precizitāte,Precizitāte,LV_DIACRITIC,
data,lb,B1,1056,Genauigkeit,precizitāte,Precizitāte,MARKER_LEAK,lv_macron_consonant
data,nl,B1,1056,Genauigkeit,precizitāte,Precizitāte,SAME_AS_LV_CASEFOLD,casefold_only
data,nl,B1,1056,Genauigkeit,precizitāte,Precizitāte,LV_DIACRITIC,
data,nl,B1,1056,Genauigkeit,precizitāte,Precizitāte,MARKER_LEAK,lv_macron_consonant
data,sk,B1,1056,Genauigkeit,precizitāte,Dokładność,MARKER_LEAK,pl_l_s_z
data,sl,B1,1056,Genauigkeit,precizitāte,precizitāte,SAME_AS_LV_CASEFOLD,exact
data,sl,B1,1056,Genauigkeit,precizitāte,precizitāte,LV_DIACRITIC,
data,sl,B1,1056,Genauigkeit,precizitāte,precizitāte,MARKER_LEAK,lv_macron_consonant
data,bg,B1,1056,Genauigkeit,precizitāte,Точност,FAMILY_COPY_STRICT,bg+hr+mk+sr
data,hr,B1,1056,Genauigkeit,precizitāte,Точност,FAMILY_COPY_STRICT,bg+hr+mk+sr
data,mk,B1,1056,Genauigkeit,precizitāte,Точност,FAMILY_COPY_STRICT,bg+hr+mk+sr
data,sr,B1,1056,Genauigkeit,precizitāte,Точност,FAMILY_COPY_STRICT,bg+hr+mk+sr
data,fi,B1,1056,Genauigkeit,precizitāte,Täpsus,FAMILY_COPY_STRICT,fi+is+nb+nn+sv
data,is,B1,1056,Genauigkeit,precizitāte,Täpsus,FAMILY_COPY_STRICT,fi+is+nb+nn+sv
data,nb,B1,1056,Genauigkeit,precizitāte,Täpsus,FAMILY_COPY_STRICT,fi+is+nb+nn+sv
data,nn,B1,1056,Genauigkeit,precizitāte,Täpsus,FAMILY_COPY_STRICT,fi+is+nb+nn+sv
data,sv,B1,1056,Genauigkeit,precizitāte,Täpsus,FAMILY_COPY_STRICT,fi+is+nb+nn+sv
data,it,B1,1056,Genauigkeit,precizitāte,Precizitāte,FAMILY_COPY_STRICT,it+lb+nl
data,lb,B1,1056,Genauigkeit,precizitāte,Precizitāte,FAMILY_COPY_STRICT,it+lb+nl
data,nl,B1,1056,Genauigkeit,precizitāte,Precizitāte,FAMILY_COPY_STRICT,it+lb+nl
data,pl,B1,1056,Genauigkeit,precizitāte,Dokładność,FAMILY_COPY_STRICT,pl+sk
data,sk,B1,1056,Genauigkeit,precizitāte,Dokładność,FAMILY_COPY_STRICT,pl+sk
data,sq,B1,1056,Genauigkeit,precizitāte,Kesinlik,FAMILY_COPY_STRICT,sq+tr
data,tr,B1,1056,Genauigkeit,precizitāte,Kesinlik,FAMILY_COPY_STRICT,sq+tr
data,hr,B1,1057,Genehmigung,atļauja,Разрешение,SCRIPT_MISMATCH,
data,hr,B1,1057,Genehmigung,atļauja,Разрешение,MARKER_LEAK,foreign_script
data,lb,B1,1057,Genehmigung,atļauja,Atļauja,SAME_AS_LV_CASEFOLD,casefold_only
data,lb,B1,1057,Genehmigung,atļauja,Atļauja,LV_DIACRITIC,
data,lb,B1,1057,Genehmigung,atļauja,Atļauja,MARKER_LEAK,lv_macron_consonant
data,nl,B1,1057,Genehmigung,atļauja,Atļauja,SAME_AS_LV_CASEFOLD,casefold_only
data,nl,B1,1057,Genehmigung,atļauja,Atļauja,LV_DIACRITIC,
data,nl,B1,1057,Genehmigung,atļauja,Atļauja,MARKER_LEAK,lv_macron_consonant
data,sl,B1,1057,Genehmigung,atļauja,atļauja,SAME_AS_LV_CASEFOLD,exact
data,sl,B1,1057,Genehmigung,atļauja,atļauja,LV_DIACRITIC,
data,sl,B1,1057,Genehmigung,atļauja,atļauja,MARKER_LEAK,lv_macron_consonant
data,bg,B1,1057,Genehmigung,atļauja,Разрешение,FAMILY_COPY_STRICT,bg+hr+mk+ru+sr
data,hr,B1,1057,Genehmigung,atļauja,Разрешение,FAMILY_COPY_STRICT,bg+hr+mk+ru+sr
data,mk,B1,1057,Genehmigung,atļauja,Разрешение,FAMILY_COPY_STRICT,bg+hr+mk+ru+sr
data,ru,B1,1057,Genehmigung,atļauja,Разрешение,FAMILY_COPY_STRICT,bg+hr+mk+ru+sr
data,sr,B1,1057,Genehmigung,atļauja,Разрешение,FAMILY_COPY_STRICT,bg+hr+mk+ru+sr
data,fi,B1,1057,Genehmigung,atļauja,Luba,FAMILY_COPY_STRICT,fi+is+nb+nn+sv
data,is,B1,1057,Genehmigung,atļauja,Luba,FAMILY_COPY_STRICT,fi+is+nb+nn+sv
data,nb,B1,1057,Genehmigung,atļauja,Luba,FAMILY_COPY_STRICT,fi+is+nb+nn+sv
data,nn,B1,1057,Genehmigung,atļauja,Luba,FAMILY_COPY_STRICT,fi+is+nb+nn+sv
data,sv,B1,1057,Genehmigung,atļauja,Luba,FAMILY_COPY_STRICT,fi+is+nb+nn+sv
data,it,B1,1057,Genehmigung,atļauja,Atųauja,FAMILY_COPY_STRICT,it+pt
data,pt,B1,1057,Genehmigung,atļauja,Atųauja,FAMILY_COPY_STRICT,it+pt
data,lb,B1,1057,Genehmigung,atļauja,Atļauja,FAMILY_COPY_STRICT,lb+nl
data,nl,B1,1057,Genehmigung,atļauja,Atļauja,FAMILY_COPY_STRICT,lb+nl
data,pl,B1,1057,Genehmigung,atļauja,Pozwolenie,FAMILY_COPY_STRICT,pl+sq+tr
data,sq,B1,1057,Genehmigung,atļauja,Pozwolenie,FAMILY_COPY_STRICT,pl+sq+tr
data,tr,B1,1057,Genehmigung,atļauja,Pozwolenie,FAMILY_COPY_STRICT,pl+sq+tr
data,fi,B1,1058,Generation,paaudze,Põlvkond,MARKER_LEAK,et_otilde
data,hr,B1,1058,Generation,paaudze,Генерација,SCRIPT_MISMATCH,
data,hr,B1,1058,Generation,paaudze,Генерација,MARKER_LEAK,foreign_script
data,is,B1,1058,Generation,paaudze,Põlvkond,MARKER_LEAK,et_otilde
data,it,B1,1058,Generation,paaudze,Paaudze,SAME_AS_LV_CASEFOLD,casefold_only
data,lb,B1,1058,Generation,paaudze,Paaudze,SAME_AS_LV_CASEFOLD,casefold_only
data,nb,B1,1058,Generation,paaudze,Põlvkond,MARKER_LEAK,et_otilde
data,nl,B1,1058,Generation,paaudze,Paaudze,SAME_AS_LV_CASEFOLD,casefold_only
data,nn,B1,1058,Generation,paaudze,Põlvkond,MARKER_LEAK,et_otilde
data,pt,B1,1058,Generation,paaudze,Paaudze,SAME_AS_LV_CASEFOLD,casefold_only
data,sl,B1,1058,Generation,paaudze,paaudze,SAME_AS_LV_CASEFOLD,exact
data,sv,B1,1058,Generation,paaudze,Põlvkond,MARKER_LEAK,et_otilde
data,bg,B1,1058,Generation,paaudze,Поколение,FAMILY_COPY_STRICT,bg+ru
data,ru,B1,1058,Generation,paaudze,Поколение,FAMILY_COPY_STRICT,bg+ru
data,fi,B1,1058,Generation,paaudze,Põlvkond,FAMILY_COPY_STRICT,fi+is+nb+nn+sv
data,is,B1,1058,Generation,paaudze,Põlvkond,FAMILY_COPY_STRICT,fi+is+nb+nn+sv
data,nb,B1,1058,Generation,paaudze,Põlvkond,FAMILY_COPY_STRICT,fi+is+nb+nn+sv
data,nn,B1,1058,Generation,paaudze,Põlvkond,FAMILY_COPY_STRICT,fi+is+nb+nn+sv
data,sv,B1,1058,Generation,paaudze,Põlvkond,FAMILY_COPY_STRICT,fi+is+nb+nn+sv
data,hr,B1,1058,Generation,paaudze,Генерација,FAMILY_COPY_STRICT,hr+mk+sr
data,mk,B1,1058,Generation,paaudze,Генерација,FAMILY_COPY_STRICT,hr+mk+sr
data,sr,B1,1058,Generation,paaudze,Генерација,FAMILY_COPY_STRICT,hr+mk+sr
data,it,B1,1058,Generation,paaudze,Paaudze,FAMILY_COPY_STRICT,it+lb+nl+pt
data,lb,B1,1058,Generation,paaudze,Paaudze,FAMILY_COPY_STRICT,it+lb+nl+pt
data,nl,B1,1058,Generation,paaudze,Paaudze,FAMILY_COPY_STRICT,it+lb+nl+pt
data,pt,B1,1058,Generation,paaudze,Paaudze,FAMILY_COPY_STRICT,it+lb+nl+pt
data,pl,B1,1058,Generation,paaudze,Generacja,FAMILY_COPY_STRICT,pl+sk+sq+tr
data,sk,B1,1058,Generation,paaudze,Generacja,FAMILY_COPY_STRICT,pl+sk+sq+tr
data,sq,B1,1058,Generation,paaudze,Generacja,FAMILY_COPY_STRICT,pl+sk+sq+tr
data,tr,B1,1058,Generation,paaudze,Generacja,FAMILY_COPY_STRICT,pl+sk+sq+tr
data,hr,B1,1059,genial,ģeniāls,Гений,SCRIPT_MISMATCH,
data,hr,B1,1059,genial,ģeniāls,Гений,MARKER_LEAK,foreign_script
data,it,B1,1059,genial,ģeniāls,Ģeniāls,SAME_AS_LV_CASEFOLD,casefold_only
data,it,B1,1059,genial,ģeniāls,Ģeniāls,LV_DIACRITIC,
data,it,B1,1059,genial,ģeniāls,Ģeniāls,MARKER_LEAK,lv_macron_consonant
data,lb,B1,1059,genial,ģeniāls,Ģeniāls,SAME_AS_LV_CASEFOLD,casefold_only
data,lb,B1,1059,genial,ģeniāls,Ģeniāls,LV_DIACRITIC,
data,lb,B1,1059,genial,ģeniāls,Ģeniāls,MARKER_LEAK,lv_macron_consonant
data,nl,B1,1059,genial,ģeniāls,Ģeniāls,SAME_AS_LV_CASEFOLD,casefold_only
data,nl,B1,1059,genial,ģeniāls,Ģeniāls,LV_DIACRITIC,
data,nl,B1,1059,genial,ģeniāls,Ģeniāls,MARKER_LEAK,lv_macron_consonant
data,pt,B1,1059,genial,ģeniāls,Ģenials,LV_DIACRITIC,
data,pt,B1,1059,genial,ģeniāls,Ģenials,MARKER_LEAK,lv_macron_consonant
data,sl,B1,1059,genial,ģeniāls,ģeniāls,SAME_AS_LV_CASEFOLD,exact
data,sl,B1,1059,genial,ģeniāls,ģeniāls,LV_DIACRITIC,
data,sl,B1,1059,genial,ģeniāls,ģeniāls,MARKER_LEAK,lv_macron_consonant
data,bg,B1,1059,genial,ģeniāls,Гений,FAMILY_COPY_STRICT,bg+hr+mk+ru+sr
data,hr,B1,1059,genial,ģeniāls,Гений,FAMILY_COPY_STRICT,bg+hr+mk+ru+sr
data,mk,B1,1059,genial,ģeniāls,Гений,FAMILY_COPY_STRICT,bg+hr+mk+ru+sr
data,ru,B1,1059,genial,ģeniāls,Гений,FAMILY_COPY_STRICT,bg+hr+mk+ru+sr
data,sr,B1,1059,genial,ģeniāls,Гений,FAMILY_COPY_STRICT,bg+hr+mk+ru+sr
data,fi,B1,1059,genial,ģeniāls,Geniaalne,FAMILY_COPY_STRICT,fi+is+nb+nn+sv
data,is,B1,1059,genial,ģeniāls,Geniaalne,FAMILY_COPY_STRICT,fi+is+nb+nn+sv
data,nb,B1,1059,genial,ģeniāls,Geniaalne,FAMILY_COPY_STRICT,fi+is+nb+nn+sv
data,nn,B1,1059,genial,ģeniāls,Geniaalne,FAMILY_COPY_STRICT,fi+is+nb+nn+sv
data,sv,B1,1059,genial,ģeniāls,Geniaalne,FAMILY_COPY_STRICT,fi+is+nb+nn+sv
data,it,B1,1059,genial,ģeniāls,Ģeniāls,FAMILY_COPY_STRICT,it+lb+nl
data,lb,B1,1059,genial,ģeniāls,Ģeniāls,FAMILY_COPY_STRICT,it+lb+nl
data,nl,B1,1059,genial,ģeniāls,Ģeniāls,FAMILY_COPY_STRICT,it+lb+nl
data,pl,B1,1059,genial,ģeniāls,Geniusz,FAMILY_COPY_STRICT,pl+sk+sq+tr
data,sk,B1,1059,genial,ģeniāls,Geniusz,FAMILY_COPY_STRICT,pl+sk+sq+tr
data,sq,B1,1059,genial,ģeniāls,Geniusz,FAMILY_COPY_STRICT,pl+sk+sq+tr
data,tr,B1,1059,genial,ģeniāls,Geniusz,FAMILY_COPY_STRICT,pl+sk+sq+tr
data,hr,B1,1060,Genie,ģēnijs,Гений,SCRIPT_MISMATCH,
data,hr,B1,1060,Genie,ģēnijs,Гений,MARKER_LEAK,foreign_script
data,it,B1,1060,Genie,ģēnijs,Ģēnijs,SAME_AS_LV_CASEFOLD,casefold_only
data,it,B1,1060,Genie,ģēnijs,Ģēnijs,LV_DIACRITIC,
data,it,B1,1060,Genie,ģēnijs,Ģēnijs,MARKER_LEAK,lv_macron_consonant
data,lb,B1,1060,Genie,ģēnijs,Ģēnijs,SAME_AS_LV_CASEFOLD,casefold_only
data,lb,B1,1060,Genie,ģēnijs,Ģēnijs,LV_DIACRITIC,
data,lb,B1,1060,Genie,ģēnijs,Ģēnijs,MARKER_LEAK,lv_macron_consonant
data,nl,B1,1060,Genie,ģēnijs,Ģēnijs,SAME_AS_LV_CASEFOLD,casefold_only
data,nl,B1,1060,Genie,ģēnijs,Ģēnijs,LV_DIACRITIC,
data,nl,B1,1060,Genie,ģēnijs,Ģēnijs,MARKER_LEAK,lv_macron_consonant
data,pt,B1,1060,Genie,ģēnijs,Ģēnijs,SAME_AS_LV_CASEFOLD,casefold_only
data,pt,B1,1060,Genie,ģēnijs,Ģēnijs,LV_DIACRITIC,
data,pt,B1,1060,Genie,ģēnijs,Ģēnijs,MARKER_LEAK,lv_macron_consonant
data,sl,B1,1060,Genie,ģēnijs,ģēnijs,SAME_AS_LV_CASEFOLD,exact
data,sl,B1,1060,Genie,ģēnijs,ģēnijs,LV_DIACRITIC,
data,sl,B1,1060,Genie,ģēnijs,ģēnijs,MARKER_LEAK,lv_macron_consonant
data,bg,B1,1060,Genie,ģēnijs,Гений,FAMILY_COPY_STRICT,bg+hr+mk+ru+sr
data,hr,B1,1060,Genie,ģēnijs,Гений,FAMILY_COPY_STRICT,bg+hr+mk+ru+sr
data,mk,B1,1060,Genie,ģēnijs,Гений,FAMILY_COPY_STRICT,bg+hr+mk+ru+sr
data,ru,B1,1060,Genie,ģēnijs,Гений,FAMILY_COPY_STRICT,bg+hr+mk+ru+sr
data,sr,B1,1060,Genie,ģēnijs,Гений,FAMILY_COPY_STRICT,bg+hr+mk+ru+sr
data,fi,B1,1060,Genie,ģēnijs,Geenius,FAMILY_COPY_STRICT,fi+is+nb+nn+sv
data,is,B1,1060,Genie,ģēnijs,Geenius,FAMILY_COPY_STRICT,fi+is+nb+nn+sv
data,nb,B1,1060,Genie,ģēnijs,Geenius,FAMILY_COPY_STRICT,fi+is+nb+nn+sv
data,nn,B1,1060,Genie,ģēnijs,Geenius,FAMILY_COPY_STRICT,fi+is+nb+nn+sv
data,sv,B1,1060,Genie,ģēnijs,Geenius,FAMILY_COPY_STRICT,fi+is+nb+nn+sv
data,it,B1,1060,Genie,ģēnijs,Ģēnijs,FAMILY_COPY_STRICT,it+lb+nl+pt
data,lb,B1,1060,Genie,ģēnijs,Ģēnijs,FAMILY_COPY_STRICT,it+lb+nl+pt
data,nl,B1,1060,Genie,ģēnijs,Ģēnijs,FAMILY_COPY_STRICT,it+lb+nl+pt
data,pt,B1,1060,Genie,ģēnijs,Ģēnijs,FAMILY_COPY_STRICT,it+lb+nl+pt
data,pl,B1,1060,Genie,ģēnijs,Geniusz,FAMILY_COPY_STRICT,pl+sk+sq+tr
data,sk,B1,1060,Genie,ģēnijs,Geniusz,FAMILY_COPY_STRICT,pl+sk+sq+tr
data,sq,B1,1060,Genie,ģēnijs,Geniusz,FAMILY_COPY_STRICT,pl+sk+sq+tr
data,tr,B1,1060,Genie,ģēnijs,Geniusz,FAMILY_COPY_STRICT,pl+sk+sq+tr
data,hr,B1,1061,genießen,baudīt,Насладете се,SCRIPT_MISMATCH,
data,hr,B1,1061,genießen,baudīt,Насладете се,MARKER_LEAK,foreign_script
data,it,B1,1061,genießen,baudīt,Baudīt,SAME_AS_LV_CASEFOLD,casefold_only
data,it,B1,1061,genießen,baudīt,Baudīt,LV_DIACRITIC,
data,it,B1,1061,genießen,baudīt,Baudīt,MARKER_LEAK,lv_macron_consonant
data,lb,B1,1061,genießen,baudīt,Baudīt,SAME_AS_LV_CASEFOLD,casefold_only
data,lb,B1,1061,genießen,baudīt,Baudīt,LV_DIACRITIC,
data,lb,B1,1061,genießen,baudīt,Baudīt,MARKER_LEAK,lv_macron_consonant
data,nl,B1,1061,genießen,baudīt,Baudīt,SAME_AS_LV_CASEFOLD,casefold_only
data,nl,B1,1061,genießen,baudīt,Baudīt,LV_DIACRITIC,
data,nl,B1,1061,genießen,baudīt,Baudīt,MARKER_LEAK,lv_macron_consonant
data,sk,B1,1061,genießen,baudīt,Cieszyć się,MARKER_LEAK,pl_lt_nasal
data,sl,B1,1061,genießen,baudīt,baudīt,SAME_AS_LV_CASEFOLD,exact
data,sl,B1,1061,genießen,baudīt,baudīt,LV_DIACRITIC,
data,sl,B1,1061,genießen,baudīt,baudīt,MARKER_LEAK,lv_macron_consonant
data,sq,B1,1061,genießen,baudīt,Eğlence,MARKER_LEAK,tr_soft
data,bg,B1,1061,genießen,baudīt,Насладете се,FAMILY_COPY_STRICT,bg+hr+mk+sr
data,hr,B1,1061,genießen,baudīt,Насладете се,FAMILY_COPY_STRICT,bg+hr+mk+sr
data,mk,B1,1061,genießen,baudīt,Насладете се,FAMILY_COPY_STRICT,bg+hr+mk+sr
data,sr,B1,1061,genießen,baudīt,Насладете се,FAMILY_COPY_STRICT,bg+hr+mk+sr
data,fi,B1,1061,genießen,baudīt,Nautima,FAMILY_COPY_STRICT,fi+is+nb+nn+sv
data,is,B1,1061,genießen,baudīt,Nautima,FAMILY_COPY_STRICT,fi+is+nb+nn+sv
data,nb,B1,1061,genießen,baudīt,Nautima,FAMILY_COPY_STRICT,fi+is+nb+nn+sv
data,nn,B1,1061,genießen,baudīt,Nautima,FAMILY_COPY_STRICT,fi+is+nb+nn+sv
data,sv,B1,1061,genießen,baudīt,Nautima,FAMILY_COPY_STRICT,fi+is+nb+nn+sv
data,it,B1,1061,genießen,baudīt,Baudīt,FAMILY_COPY_STRICT,it+lb+nl
data,lb,B1,1061,genießen,baudīt,Baudīt,FAMILY_COPY_STRICT,it+lb+nl
data,nl,B1,1061,genießen,baudīt,Baudīt,FAMILY_COPY_STRICT,it+lb+nl
data,pl,B1,1061,genießen,baudīt,Cieszyć się,FAMILY_COPY_STRICT,pl+sk
data,sk,B1,1061,genießen,baudīt,Cieszyć się,FAMILY_COPY_STRICT,pl+sk
data,sq,B1,1061,genießen,baudīt,Eğlence,FAMILY_COPY_STRICT,sq+tr
data,tr,B1,1061,genießen,baudīt,Eğlence,FAMILY_COPY_STRICT,sq+tr
data,et,B1,1062,Genre,žanrs,žanr,LV_DIACRITIC,
data,fi,B1,1062,Genre,žanrs,Žanr,LV_DIACRITIC,
data,hr,B1,1062,Genre,žanrs,Жанр,SCRIPT_MISMATCH,
data,hr,B1,1062,Genre,žanrs,Жанр,MARKER_LEAK,foreign_script
data,is,B1,1062,Genre,žanrs,Žanr,LV_DIACRITIC,
data,it,B1,1062,Genre,žanrs,Žanrs,SAME_AS_LV_CASEFOLD,casefold_only
data,it,B1,1062,Genre,žanrs,Žanrs,LV_DIACRITIC,
data,lb,B1,1062,Genre,žanrs,Žanrs,SAME_AS_LV_CASEFOLD,casefold_only
data,lb,B1,1062,Genre,žanrs,Žanrs,LV_DIACRITIC,
data,nb,B1,1062,Genre,žanrs,Žanr,LV_DIACRITIC,
data,nl,B1,1062,Genre,žanrs,Žanrs,SAME_AS_LV_CASEFOLD,casefold_only
data,nl,B1,1062,Genre,žanrs,Žanrs,LV_DIACRITIC,
data,nn,B1,1062,Genre,žanrs,Žanr,LV_DIACRITIC,
data,pt,B1,1062,Genre,žanrs,Žanrs,SAME_AS_LV_CASEFOLD,casefold_only
data,pt,B1,1062,Genre,žanrs,Žanrs,LV_DIACRITIC,
data,sl,B1,1062,Genre,žanrs,žanrs,SAME_AS_LV_CASEFOLD,exact
data,sv,B1,1062,Genre,žanrs,Žanr,LV_DIACRITIC,
data,bg,B1,1062,Genre,žanrs,Жанр,FAMILY_COPY_STRICT,bg+hr+mk+ru+sr
data,hr,B1,1062,Genre,žanrs,Жанр,FAMILY_COPY_STRICT,bg+hr+mk+ru+sr
data,mk,B1,1062,Genre,žanrs,Жанр,FAMILY_COPY_STRICT,bg+hr+mk+ru+sr
data,ru,B1,1062,Genre,žanrs,Жанр,FAMILY_COPY_STRICT,bg+hr+mk+ru+sr
data,sr,B1,1062,Genre,žanrs,Жанр,FAMILY_COPY_STRICT,bg+hr+mk+ru+sr
data,it,B1,1062,Genre,žanrs,Žanrs,FAMILY_COPY_STRICT,it+lb+nl+pt
data,lb,B1,1062,Genre,žanrs,Žanrs,FAMILY_COPY_STRICT,it+lb+nl+pt
data,nl,B1,1062,Genre,žanrs,Žanrs,FAMILY_COPY_STRICT,it+lb+nl+pt
data,pt,B1,1062,Genre,žanrs,Žanrs,FAMILY_COPY_STRICT,it+lb+nl+pt
data,it,B1,1063,genügen,pietikt,Pietikt,SAME_AS_LV_CASEFOLD,casefold_only
data,lb,B1,1063,genügen,pietikt,Pietikt,SAME_AS_LV_CASEFOLD,casefold_only
data,nl,B1,1063,genügen,pietikt,Pietikt,SAME_AS_LV_CASEFOLD,casefold_only
data,pt,B1,1063,genügen,pietikt,Pietikt,SAME_AS_LV_CASEFOLD,casefold_only
data,sl,B1,1063,genügen,pietikt,pietikt,SAME_AS_LV_CASEFOLD,exact
data,sr,B1,1063,genügen,pietikt,Dosta,SCRIPT_MISMATCH,sr_as_cyrillic
data,sr,B1,1063,genügen,pietikt,Dosta,MARKER_LEAK,latin_in_cyrillic
data,bg,B1,1063,genügen,pietikt,Достатъчно,FAMILY_COPY_STRICT,bg+mk
data,mk,B1,1063,genügen,pietikt,Достатъчно,FAMILY_COPY_STRICT,bg+mk
data,fi,B1,1063,genügen,pietikt,Piisama,FAMILY_COPY_STRICT,fi+is+nb+nn+sv
data,is,B1,1063,genügen,pietikt,Piisama,FAMILY_COPY_STRICT,fi+is+nb+nn+sv
data,nb,B1,1063,genügen,pietikt,Piisama,FAMILY_COPY_STRICT,fi+is+nb+nn+sv
data,nn,B1,1063,genügen,pietikt,Piisama,FAMILY_COPY_STRICT,fi+is+nb+nn+sv
data,sv,B1,1063,genügen,pietikt,Piisama,FAMILY_COPY_STRICT,fi+is+nb+nn+sv
data,hr,B1,1063,genügen,pietikt,Dosta,FAMILY_COPY_STRICT,hr+sr
data,sr,B1,1063,genügen,pietikt,Dosta,FAMILY_COPY_STRICT,hr+sr
data,it,B1,1063,genügen,pietikt,Pietikt,FAMILY_COPY_STRICT,it+lb+nl+pt
data,lb,B1,1063,genügen,pietikt,Pietikt,FAMILY_COPY_STRICT,it+lb+nl+pt
data,nl,B1,1063,genügen,pietikt,Pietikt,FAMILY_COPY_STRICT,it+lb+nl+pt
data,pt,B1,1063,genügen,pietikt,Pietikt,FAMILY_COPY_STRICT,it+lb+nl+pt
data,it,B1,1064,genügend,pietiekams,Pietiekams,SAME_AS_LV_CASEFOLD,casefold_only
data,lb,B1,1064,genügend,pietiekams,Pietiekams,SAME_AS_LV_CASEFOLD,casefold_only
data,nl,B1,1064,genügend,pietiekams,Pietiekams,SAME_AS_LV_CASEFOLD,casefold_only
data,pt,B1,1064,genügend,pietiekams,Pietiekams,SAME_AS_LV_CASEFOLD,casefold_only
data,sk,B1,1064,genügend,pietiekams,Wystarczający,MARKER_LEAK,pl_lt_nasal
data,sl,B1,1064,genügend,pietiekams,pietiekams,SAME_AS_LV_CASEFOLD,exact
data,sr,B1,1064,genügend,pietiekams,Dosta,SCRIPT_MISMATCH,sr_as_cyrillic
data,sr,B1,1064,genügend,pietiekams,Dosta,MARKER_LEAK,latin_in_cyrillic
data,bg,B1,1064,genügend,pietiekams,Достатъчно,FAMILY_COPY_STRICT,bg+mk
data,mk,B1,1064,genügend,pietiekams,Достатъчно,FAMILY_COPY_STRICT,bg+mk
data,fi,B1,1064,genügend,pietiekams,Piisav,FAMILY_COPY_STRICT,fi+is+nb+nn+sv
data,is,B1,1064,genügend,pietiekams,Piisav,FAMILY_COPY_STRICT,fi+is+nb+nn+sv
data,nb,B1,1064,genügend,pietiekams,Piisav,FAMILY_COPY_STRICT,fi+is+nb+nn+sv
data,nn,B1,1064,genügend,pietiekams,Piisav,FAMILY_COPY_STRICT,fi+is+nb+nn+sv
data,sv,B1,1064,genügend,pietiekams,Piisav,FAMILY_COPY_STRICT,fi+is+nb+nn+sv
data,hr,B1,1064,genügend,pietiekams,Dosta,FAMILY_COPY_STRICT,hr+sr
data,sr,B1,1064,genügend,pietiekams,Dosta,FAMILY_COPY_STRICT,hr+sr
data,it,B1,1064,genügend,pietiekams,Pietiekams,FAMILY_COPY_STRICT,it+lb+nl+pt
data,lb,B1,1064,genügend,pietiekams,Pietiekams,FAMILY_COPY_STRICT,it+lb+nl+pt
data,nl,B1,1064,genügend,pietiekams,Pietiekams,FAMILY_COPY_STRICT,it+lb+nl+pt
data,pt,B1,1064,genügend,pietiekams,Pietiekams,FAMILY_COPY_STRICT,it+lb+nl+pt
data,pl,B1,1064,genügend,pietiekams,Wystarczający,FAMILY_COPY_STRICT,pl+sk
data,sk,B1,1064,genügend,pietiekams,Wystarczający,FAMILY_COPY_STRICT,pl+sk
data,sq,B1,1064,genügend,pietiekams,Yeterli,FAMILY_COPY_STRICT,sq+tr
data,tr,B1,1064,genügend,pietiekams,Yeterli,FAMILY_COPY_STRICT,sq+tr
data,hr,B1,1065,Genuss,bauda,Наслаждавам се,SCRIPT_MISMATCH,
data,hr,B1,1065,Genuss,bauda,Наслаждавам се,MARKER_LEAK,foreign_script
data,it,B1,1065,Genuss,bauda,Bauda,SAME_AS_LV_CASEFOLD,casefold_only
data,lb,B1,1065,Genuss,bauda,Bauda,SAME_AS_LV_CASEFOLD,casefold_only
data,nl,B1,1065,Genuss,bauda,Bauda,SAME_AS_LV_CASEFOLD,casefold_only
data,pt,B1,1065,Genuss,bauda,Bauda,SAME_AS_LV_CASEFOLD,casefold_only
data,sk,B1,1065,Genuss,bauda,Cieszyć się,MARKER_LEAK,pl_lt_nasal
data,sl,B1,1065,Genuss,bauda,bauda,SAME_AS_LV_CASEFOLD,exact
data,sq,B1,1065,Genuss,bauda,Eğlence,MARKER_LEAK,tr_soft
data,bg,B1,1065,Genuss,bauda,Наслаждавам се,FAMILY_COPY_STRICT,bg+hr+mk+sr
data,hr,B1,1065,Genuss,bauda,Наслаждавам се,FAMILY_COPY_STRICT,bg+hr+mk+sr
data,mk,B1,1065,Genuss,bauda,Наслаждавам се,FAMILY_COPY_STRICT,bg+hr+mk+sr
data,sr,B1,1065,Genuss,bauda,Наслаждавам се,FAMILY_COPY_STRICT,bg+hr+mk+sr
data,fi,B1,1065,Genuss,bauda,Nauding,FAMILY_COPY_STRICT,fi+is+nb+nn+sv
data,is,B1,1065,Genuss,bauda,Nauding,FAMILY_COPY_STRICT,fi+is+nb+nn+sv
data,nb,B1,1065,Genuss,bauda,Nauding,FAMILY_COPY_STRICT,fi+is+nb+nn+sv
data,nn,B1,1065,Genuss,bauda,Nauding,FAMILY_COPY_STRICT,fi+is+nb+nn+sv
data,sv,B1,1065,Genuss,bauda,Nauding,FAMILY_COPY_STRICT,fi+is+nb+nn+sv
data,it,B1,1065,Genuss,bauda,Bauda,FAMILY_COPY_STRICT,it+lb+nl+pt
data,lb,B1,1065,Genuss,bauda,Bauda,FAMILY_COPY_STRICT,it+lb+nl+pt
data,nl,B1,1065,Genuss,bauda,Bauda,FAMILY_COPY_STRICT,it+lb+nl+pt
data,pt,B1,1065,Genuss,bauda,Bauda,FAMILY_COPY_STRICT,it+lb+nl+pt
data,pl,B1,1065,Genuss,bauda,Cieszyć się,FAMILY_COPY_STRICT,pl+sk
data,sk,B1,1065,Genuss,bauda,Cieszyć się,FAMILY_COPY_STRICT,pl+sk
data,sq,B1,1065,Genuss,bauda,Eğlence,FAMILY_COPY_STRICT,sq+tr
data,tr,B1,1065,Genuss,bauda,Eğlence,FAMILY_COPY_STRICT,sq+tr
data,hr,B1,1066,Geologie,ģeoloģija,Геологија,SCRIPT_MISMATCH,
data,hr,B1,1066,Geologie,ģeoloģija,Геологија,MARKER_LEAK,foreign_script
data,it,B1,1066,Geologie,ģeoloģija,Ģeoloģija,SAME_AS_LV_CASEFOLD,casefold_only
data,it,B1,1066,Geologie,ģeoloģija,Ģeoloģija,LV_DIACRITIC,
data,it,B1,1066,Geologie,ģeoloģija,Ģeoloģija,MARKER_LEAK,lv_macron_consonant
data,nl,B1,1066,Geologie,ģeoloģija,Ģeoloģija,SAME_AS_LV_CASEFOLD,casefold_only
data,nl,B1,1066,Geologie,ģeoloģija,Ģeoloģija,LV_DIACRITIC,
data,nl,B1,1066,Geologie,ģeoloģija,Ģeoloģija,MARKER_LEAK,lv_macron_consonant
data,pt,B1,1066,Geologie,ģeoloģija,Ģeoloģija,SAME_AS_LV_CASEFOLD,casefold_only
data,pt,B1,1066,Geologie,ģeoloģija,Ģeoloģija,LV_DIACRITIC,
data,pt,B1,1066,Geologie,ģeoloģija,Ģeoloģija,MARKER_LEAK,lv_macron_consonant
data,sl,B1,1066,Geologie,ģeoloģija,ģeoloģija,SAME_AS_LV_CASEFOLD,exact
data,sl,B1,1066,Geologie,ģeoloģija,ģeoloģija,LV_DIACRITIC,
data,sl,B1,1066,Geologie,ģeoloģija,ģeoloģija,MARKER_LEAK,lv_macron_consonant
data,bg,B1,1066,Geologie,ģeoloģija,Геология,FAMILY_COPY_STRICT,bg+ru
data,ru,B1,1066,Geologie,ģeoloģija,Геология,FAMILY_COPY_STRICT,bg+ru
data,fi,B1,1066,Geologie,ģeoloģija,Geoloogia,FAMILY_COPY_STRICT,fi+is+nb+nn+sv
data,is,B1,1066,Geologie,ģeoloģija,Geoloogia,FAMILY_COPY_STRICT,fi+is+nb+nn+sv
data,nb,B1,1066,Geologie,ģeoloģija,Geoloogia,FAMILY_COPY_STRICT,fi+is+nb+nn+sv
data,nn,B1,1066,Geologie,ģeoloģija,Geoloogia,FAMILY_COPY_STRICT,fi+is+nb+nn+sv
data,sv,B1,1066,Geologie,ģeoloģija,Geoloogia,FAMILY_COPY_STRICT,fi+is+nb+nn+sv
data,hr,B1,1066,Geologie,ģeoloģija,Геологија,FAMILY_COPY_STRICT,hr+mk+sr
data,mk,B1,1066,Geologie,ģeoloģija,Геологија,FAMILY_COPY_STRICT,hr+mk+sr
data,sr,B1,1066,Geologie,ģeoloģija,Геологија,FAMILY_COPY_STRICT,hr+mk+sr
data,it,B1,1066,Geologie,ģeoloģija,Ģeoloģija,FAMILY_COPY_STRICT,it+nl+pt
data,nl,B1,1066,Geologie,ģeoloģija,Ģeoloģija,FAMILY_COPY_STRICT,it+nl+pt
data,pt,B1,1066,Geologie,ģeoloģija,Ģeoloģija,FAMILY_COPY_STRICT,it+nl+pt
data,pl,B1,1066,Geologie,ģeoloģija,Geologia,FAMILY_COPY_STRICT,pl+sk+sq+tr
data,sk,B1,1066,Geologie,ģeoloģija,Geologia,FAMILY_COPY_STRICT,pl+sk+sq+tr
data,sq,B1,1066,Geologie,ģeoloģija,Geologia,FAMILY_COPY_STRICT,pl+sk+sq+tr
data,tr,B1,1066,Geologie,ģeoloģija,Geologia,FAMILY_COPY_STRICT,pl+sk+sq+tr
data,hr,B1,1067,Gerät,ierīce,Устройство,SCRIPT_MISMATCH,
data,hr,B1,1067,Gerät,ierīce,Устройство,MARKER_LEAK,foreign_script
data,it,B1,1067,Gerät,ierīce,Ierīce,SAME_AS_LV_CASEFOLD,casefold_only
data,it,B1,1067,Gerät,ierīce,Ierīce,LV_DIACRITIC,
data,it,B1,1067,Gerät,ierīce,Ierīce,MARKER_LEAK,lv_macron_consonant
data,lb,B1,1067,Gerät,ierīce,Ierīce,SAME_AS_LV_CASEFOLD,casefold_only
data,lb,B1,1067,Gerät,ierīce,Ierīce,LV_DIACRITIC,
data,lb,B1,1067,Gerät,ierīce,Ierīce,MARKER_LEAK,lv_macron_consonant
data,nl,B1,1067,Gerät,ierīce,Ierīce,SAME_AS_LV_CASEFOLD,casefold_only
data,nl,B1,1067,Gerät,ierīce,Ierīce,LV_DIACRITIC,
data,nl,B1,1067,Gerät,ierīce,Ierīce,MARKER_LEAK,lv_macron_consonant
data,sk,B1,1067,Gerät,ierīce,Urządzenie,MARKER_LEAK,pl_lt_nasal
data,sl,B1,1067,Gerät,ierīce,ierīce,SAME_AS_LV_CASEFOLD,exact
data,sl,B1,1067,Gerät,ierīce,ierīce,LV_DIACRITIC,
data,sl,B1,1067,Gerät,ierīce,ierīce,MARKER_LEAK,lv_macron_consonant
data,bg,B1,1067,Gerät,ierīce,Устройство,FAMILY_COPY_STRICT,bg+hr+mk+ru+sr
data,hr,B1,1067,Gerät,ierīce,Устройство,FAMILY_COPY_STRICT,bg+hr+mk+ru+sr
data,mk,B1,1067,Gerät,ierīce,Устройство,FAMILY_COPY_STRICT,bg+hr+mk+ru+sr
data,ru,B1,1067,Gerät,ierīce,Устройство,FAMILY_COPY_STRICT,bg+hr+mk+ru+sr
data,sr,B1,1067,Gerät,ierīce,Устройство,FAMILY_COPY_STRICT,bg+hr+mk+ru+sr
data,fi,B1,1067,Gerät,ierīce,Seade,FAMILY_COPY_STRICT,fi+sv
data,sv,B1,1067,Gerät,ierīce,Seade,FAMILY_COPY_STRICT,fi+sv
data,is,B1,1067,Gerät,ierīce,Frø,FAMILY_COPY_STRICT,is+nb+nn
data,nb,B1,1067,Gerät,ierīce,Frø,FAMILY_COPY_STRICT,is+nb+nn
data,nn,B1,1067,Gerät,ierīce,Frø,FAMILY_COPY_STRICT,is+nb+nn
data,it,B1,1067,Gerät,ierīce,Ierīce,FAMILY_COPY_STRICT,it+lb+nl
data,lb,B1,1067,Gerät,ierīce,Ierīce,FAMILY_COPY_STRICT,it+lb+nl
data,nl,B1,1067,Gerät,ierīce,Ierīce,FAMILY_COPY_STRICT,it+lb+nl
data,pl,B1,1067,Gerät,ierīce,Urządzenie,FAMILY_COPY_STRICT,pl+sk
data,sk,B1,1067,Gerät,ierīce,Urządzenie,FAMILY_COPY_STRICT,pl+sk
data,sq,B1,1067,Gerät,ierīce,Cihaz,FAMILY_COPY_STRICT,sq+tr
data,tr,B1,1067,Gerät,ierīce,Cihaz,FAMILY_COPY_STRICT,sq+tr
data,hr,B1,1068,geräuchert,kūpināts,Пушен,SCRIPT_MISMATCH,
data,hr,B1,1068,geräuchert,kūpināts,Пушен,MARKER_LEAK,foreign_script
data,it,B1,1068,geräuchert,kūpināts,Kūpināts,SAME_AS_LV_CASEFOLD,casefold_only
data,it,B1,1068,geräuchert,kūpināts,Kūpināts,LV_DIACRITIC,
data,it,B1,1068,geräuchert,kūpināts,Kūpināts,MARKER_LEAK,lv_macron_consonant+lv_u_macron
data,lb,B1,1068,geräuchert,kūpināts,Kūpināts,SAME_AS_LV_CASEFOLD,casefold_only
data,lb,B1,1068,geräuchert,kūpināts,Kūpināts,LV_DIACRITIC,
data,lb,B1,1068,geräuchert,kūpināts,Kūpināts,MARKER_LEAK,lv_macron_consonant+lv_u_macron
data,nl,B1,1068,geräuchert,kūpināts,Kūpināts,SAME_AS_LV_CASEFOLD,casefold_only
data,nl,B1,1068,geräuchert,kūpināts,Kūpināts,LV_DIACRITIC,
data,nl,B1,1068,geräuchert,kūpināts,Kūpināts,MARKER_LEAK,lv_macron_consonant+lv_u_macron
data,sk,B1,1068,geräuchert,kūpināts,Wędzony,MARKER_LEAK,pl_lt_nasal
data,sl,B1,1068,geräuchert,kūpināts,kūpināts,SAME_AS_LV_CASEFOLD,exact
data,sl,B1,1068,geräuchert,kūpināts,kūpināts,LV_DIACRITIC,
data,sl,B1,1068,geräuchert,kūpināts,kūpināts,MARKER_LEAK,lv_macron_consonant+lv_u_macron
data,bg,B1,1068,geräuchert,kūpināts,Пушен,FAMILY_COPY_STRICT,bg+hr+mk+sr
data,hr,B1,1068,geräuchert,kūpināts,Пушен,FAMILY_COPY_STRICT,bg+hr+mk+sr
data,mk,B1,1068,geräuchert,kūpināts,Пушен,FAMILY_COPY_STRICT,bg+hr+mk+sr
data,sr,B1,1068,geräuchert,kūpināts,Пушен,FAMILY_COPY_STRICT,bg+hr+mk+sr
data,fi,B1,1068,geräuchert,kūpināts,Suitsutatud,FAMILY_COPY_STRICT,fi+is+nb+nn+sv
data,is,B1,1068,geräuchert,kūpināts,Suitsutatud,FAMILY_COPY_STRICT,fi+is+nb+nn+sv
data,nb,B1,1068,geräuchert,kūpināts,Suitsutatud,FAMILY_COPY_STRICT,fi+is+nb+nn+sv
data,nn,B1,1068,geräuchert,kūpināts,Suitsutatud,FAMILY_COPY_STRICT,fi+is+nb+nn+sv
data,sv,B1,1068,geräuchert,kūpināts,Suitsutatud,FAMILY_COPY_STRICT,fi+is+nb+nn+sv
data,it,B1,1068,geräuchert,kūpināts,Kūpināts,FAMILY_COPY_STRICT,it+lb+nl
data,lb,B1,1068,geräuchert,kūpināts,Kūpināts,FAMILY_COPY_STRICT,it+lb+nl
data,nl,B1,1068,geräuchert,kūpināts,Kūpināts,FAMILY_COPY_STRICT,it+lb+nl
data,pl,B1,1068,geräuchert,kūpināts,Wędzony,FAMILY_COPY_STRICT,pl+sk
data,sk,B1,1068,geräuchert,kūpināts,Wędzony,FAMILY_COPY_STRICT,pl+sk
data,sq,B1,1068,geräuchert,kūpināts,Füme,FAMILY_COPY_STRICT,sq+tr
data,tr,B1,1068,geräuchert,kūpināts,Füme,FAMILY_COPY_STRICT,sq+tr
data,hr,B1,1069,geräumig,plašs,Широка,SCRIPT_MISMATCH,
data,hr,B1,1069,geräumig,plašs,Широка,MARKER_LEAK,foreign_script
data,it,B1,1069,geräumig,plašs,Plašs,SAME_AS_LV_CASEFOLD,casefold_only
data,it,B1,1069,geräumig,plašs,Plašs,LV_DIACRITIC,
data,lb,B1,1069,geräumig,plašs,Plašs,SAME_AS_LV_CASEFOLD,casefold_only
data,lb,B1,1069,geräumig,plašs,Plašs,LV_DIACRITIC,
data,nl,B1,1069,geräumig,plašs,Plašs,SAME_AS_LV_CASEFOLD,casefold_only
data,nl,B1,1069,geräumig,plašs,Plašs,LV_DIACRITIC,
data,sl,B1,1069,geräumig,plašs,plašs,SAME_AS_LV_CASEFOLD,exact
data,bg,B1,1069,geräumig,plašs,Широка,FAMILY_COPY_STRICT,bg+hr+mk+sr
data,hr,B1,1069,geräumig,plašs,Широка,FAMILY_COPY_STRICT,bg+hr+mk+sr
data,mk,B1,1069,geräumig,plašs,Широка,FAMILY_COPY_STRICT,bg+hr+mk+sr
data,sr,B1,1069,geräumig,plašs,Широка,FAMILY_COPY_STRICT,bg+hr+mk+sr
data,fi,B1,1069,geräumig,plašs,Avar,FAMILY_COPY_STRICT,fi+is+nb+nn+sv
data,is,B1,1069,geräumig,plašs,Avar,FAMILY_COPY_STRICT,fi+is+nb+nn+sv
data,nb,B1,1069,geräumig,plašs,Avar,FAMILY_COPY_STRICT,fi+is+nb+nn+sv
data,nn,B1,1069,geräumig,plašs,Avar,FAMILY_COPY_STRICT,fi+is+nb+nn+sv
data,sv,B1,1069,geräumig,plašs,Avar,FAMILY_COPY_STRICT,fi+is+nb+nn+sv
data,it,B1,1069,geräumig,plašs,Plašs,FAMILY_COPY_STRICT,it+lb+nl
data,lb,B1,1069,geräumig,plašs,Plašs,FAMILY_COPY_STRICT,it+lb+nl
data,nl,B1,1069,geräumig,plašs,Plašs,FAMILY_COPY_STRICT,it+lb+nl
data,hr,B1,1070,Geräusch,troksnis,Шум,SCRIPT_MISMATCH,
data,hr,B1,1070,Geräusch,troksnis,Шум,MARKER_LEAK,foreign_script
data,it,B1,1070,Geräusch,troksnis,Troksnis,SAME_AS_LV_CASEFOLD,casefold_only
data,nl,B1,1070,Geräusch,troksnis,Troksnis,SAME_AS_LV_CASEFOLD,casefold_only
data,pt,B1,1070,Geräusch,troksnis,Troksnis,SAME_AS_LV_CASEFOLD,casefold_only
data,sk,B1,1070,Geräusch,troksnis,Hałas,MARKER_LEAK,pl_l_s_z
data,sl,B1,1070,Geräusch,troksnis,troksnis,SAME_AS_LV_CASEFOLD,exact
data,bg,B1,1070,Geräusch,troksnis,Шум,FAMILY_COPY_STRICT,bg+hr+mk+ru+sr
data,hr,B1,1070,Geräusch,troksnis,Шум,FAMILY_COPY_STRICT,bg+hr+mk+ru+sr
data,mk,B1,1070,Geräusch,troksnis,Шум,FAMILY_COPY_STRICT,bg+hr+mk+ru+sr
data,ru,B1,1070,Geräusch,troksnis,Шум,FAMILY_COPY_STRICT,bg+hr+mk+ru+sr
data,sr,B1,1070,Geräusch,troksnis,Шум,FAMILY_COPY_STRICT,bg+hr+mk+ru+sr
data,fi,B1,1070,Geräusch,troksnis,Kära,FAMILY_COPY_STRICT,fi+is+nb+nn+sv
data,is,B1,1070,Geräusch,troksnis,Kära,FAMILY_COPY_STRICT,fi+is+nb+nn+sv
data,nb,B1,1070,Geräusch,troksnis,Kära,FAMILY_COPY_STRICT,fi+is+nb+nn+sv
data,nn,B1,1070,Geräusch,troksnis,Kära,FAMILY_COPY_STRICT,fi+is+nb+nn+sv
data,sv,B1,1070,Geräusch,troksnis,Kära,FAMILY_COPY_STRICT,fi+is+nb+nn+sv
data,it,B1,1070,Geräusch,troksnis,Troksnis,FAMILY_COPY_STRICT,it+nl+pt
data,nl,B1,1070,Geräusch,troksnis,Troksnis,FAMILY_COPY_STRICT,it+nl+pt
data,pt,B1,1070,Geräusch,troksnis,Troksnis,FAMILY_COPY_STRICT,it+nl+pt
data,pl,B1,1070,Geräusch,troksnis,Hałas,FAMILY_COPY_STRICT,pl+sk
data,sk,B1,1070,Geräusch,troksnis,Hałas,FAMILY_COPY_STRICT,pl+sk
data,sq,B1,1070,Geräusch,troksnis,Gürültü,FAMILY_COPY_STRICT,sq+tr
data,tr,B1,1070,Geräusch,troksnis,Gürültü,FAMILY_COPY_STRICT,sq+tr
data,fi,B1,1071,gerecht,taisnīgs,Õiglane,MARKER_LEAK,et_otilde
data,hr,B1,1071,gerecht,taisnīgs,Праведен,SCRIPT_MISMATCH,
data,hr,B1,1071,gerecht,taisnīgs,Праведен,MARKER_LEAK,foreign_script
data,is,B1,1071,gerecht,taisnīgs,Õiglane,MARKER_LEAK,et_otilde
data,it,B1,1071,gerecht,taisnīgs,Taisnīgs,SAME_AS_LV_CASEFOLD,casefold_only
data,it,B1,1071,gerecht,taisnīgs,Taisnīgs,LV_DIACRITIC,
data,it,B1,1071,gerecht,taisnīgs,Taisnīgs,MARKER_LEAK,lv_macron_consonant
data,lb,B1,1071,gerecht,taisnīgs,Taisnīgs,SAME_AS_LV_CASEFOLD,casefold_only
data,lb,B1,1071,gerecht,taisnīgs,Taisnīgs,LV_DIACRITIC,
data,lb,B1,1071,gerecht,taisnīgs,Taisnīgs,MARKER_LEAK,lv_macron_consonant
data,nb,B1,1071,gerecht,taisnīgs,Õiglane,MARKER_LEAK,et_otilde
data,nl,B1,1071,gerecht,taisnīgs,Taisnīgs,SAME_AS_LV_CASEFOLD,casefold_only
data,nl,B1,1071,gerecht,taisnīgs,Taisnīgs,LV_DIACRITIC,
data,nl,B1,1071,gerecht,taisnīgs,Taisnīgs,MARKER_LEAK,lv_macron_consonant
data,nn,B1,1071,gerecht,taisnīgs,Õiglane,MARKER_LEAK,et_otilde
data,sl,B1,1071,gerecht,taisnīgs,taisnīgs,SAME_AS_LV_CASEFOLD,exact
data,sl,B1,1071,gerecht,taisnīgs,taisnīgs,LV_DIACRITIC,
data,sl,B1,1071,gerecht,taisnīgs,taisnīgs,MARKER_LEAK,lv_macron_consonant
data,sv,B1,1071,gerecht,taisnīgs,Õiglane,MARKER_LEAK,et_otilde
data,bg,B1,1071,gerecht,taisnīgs,Праведен,FAMILY_COPY_STRICT,bg+hr+mk+sr
data,hr,B1,1071,gerecht,taisnīgs,Праведен,FAMILY_COPY_STRICT,bg+hr+mk+sr
data,mk,B1,1071,gerecht,taisnīgs,Праведен,FAMILY_COPY_STRICT,bg+hr+mk+sr
data,sr,B1,1071,gerecht,taisnīgs,Праведен,FAMILY_COPY_STRICT,bg+hr+mk+sr
data,fi,B1,1071,gerecht,taisnīgs,Õiglane,FAMILY_COPY_STRICT,fi+is+nb+nn+sv
data,is,B1,1071,gerecht,taisnīgs,Õiglane,FAMILY_COPY_STRICT,fi+is+nb+nn+sv
data,nb,B1,1071,gerecht,taisnīgs,Õiglane,FAMILY_COPY_STRICT,fi+is+nb+nn+sv
data,nn,B1,1071,gerecht,taisnīgs,Õiglane,FAMILY_COPY_STRICT,fi+is+nb+nn+sv
data,sv,B1,1071,gerecht,taisnīgs,Õiglane,FAMILY_COPY_STRICT,fi+is+nb+nn+sv
data,it,B1,1071,gerecht,taisnīgs,Taisnīgs,FAMILY_COPY_STRICT,it+lb+nl
data,lb,B1,1071,gerecht,taisnīgs,Taisnīgs,FAMILY_COPY_STRICT,it+lb+nl
data,nl,B1,1071,gerecht,taisnīgs,Taisnīgs,FAMILY_COPY_STRICT,it+lb+nl
data,pl,B1,1071,gerecht,taisnīgs,Sprawiedliwy,FAMILY_COPY_STRICT,pl+sk+sq+tr
data,sk,B1,1071,gerecht,taisnīgs,Sprawiedliwy,FAMILY_COPY_STRICT,pl+sk+sq+tr
data,sq,B1,1071,gerecht,taisnīgs,Sprawiedliwy,FAMILY_COPY_STRICT,pl+sk+sq+tr
data,tr,B1,1071,gerecht,taisnīgs,Sprawiedliwy,FAMILY_COPY_STRICT,pl+sk+sq+tr
data,fi,B1,1072,Gerechtigkeit,taisnīgums,Õiglus,MARKER_LEAK,et_otilde
data,hr,B1,1072,Gerechtigkeit,taisnīgums,Справедливост,SCRIPT_MISMATCH,
data,hr,B1,1072,Gerechtigkeit,taisnīgums,Справедливост,MARKER_LEAK,foreign_script
data,is,B1,1072,Gerechtigkeit,taisnīgums,Õiglus,MARKER_LEAK,et_otilde
data,it,B1,1072,Gerechtigkeit,taisnīgums,Taisnīgums,SAME_AS_LV_CASEFOLD,casefold_only
data,it,B1,1072,Gerechtigkeit,taisnīgums,Taisnīgums,LV_DIACRITIC,
data,it,B1,1072,Gerechtigkeit,taisnīgums,Taisnīgums,MARKER_LEAK,lv_macron_consonant
data,lb,B1,1072,Gerechtigkeit,taisnīgums,Taisnīgums,SAME_AS_LV_CASEFOLD,casefold_only
data,lb,B1,1072,Gerechtigkeit,taisnīgums,Taisnīgums,LV_DIACRITIC,
data,lb,B1,1072,Gerechtigkeit,taisnīgums,Taisnīgums,MARKER_LEAK,lv_macron_consonant
data,nb,B1,1072,Gerechtigkeit,taisnīgums,Õiglus,MARKER_LEAK,et_otilde
data,nl,B1,1072,Gerechtigkeit,taisnīgums,Taisnīgums,SAME_AS_LV_CASEFOLD,casefold_only
data,nl,B1,1072,Gerechtigkeit,taisnīgums,Taisnīgums,LV_DIACRITIC,
data,nl,B1,1072,Gerechtigkeit,taisnīgums,Taisnīgums,MARKER_LEAK,lv_macron_consonant
data,nn,B1,1072,Gerechtigkeit,taisnīgums,Õiglus,MARKER_LEAK,et_otilde
data,sk,B1,1072,Gerechtigkeit,taisnīgums,Sprawiedliwość,MARKER_LEAK,pl_l_s_z
data,sl,B1,1072,Gerechtigkeit,taisnīgums,taisnīgums,SAME_AS_LV_CASEFOLD,exact
data,sl,B1,1072,Gerechtigkeit,taisnīgums,taisnīgums,LV_DIACRITIC,
data,sl,B1,1072,Gerechtigkeit,taisnīgums,taisnīgums,MARKER_LEAK,lv_macron_consonant
data,sv,B1,1072,Gerechtigkeit,taisnīgums,Õiglus,MARKER_LEAK,et_otilde
data,bg,B1,1072,Gerechtigkeit,taisnīgums,Справедливост,FAMILY_COPY_STRICT,bg+hr+mk+sr
data,hr,B1,1072,Gerechtigkeit,taisnīgums,Справедливост,FAMILY_COPY_STRICT,bg+hr+mk+sr
data,mk,B1,1072,Gerechtigkeit,taisnīgums,Справедливост,FAMILY_COPY_STRICT,bg+hr+mk+sr
data,sr,B1,1072,Gerechtigkeit,taisnīgums,Справедливост,FAMILY_COPY_STRICT,bg+hr+mk+sr
data,en,B1,1072,Gerechtigkeit,taisnīgums,Justice,FAMILY_COPY_STRICT,en+fr
data,fr,B1,1072,Gerechtigkeit,taisnīgums,Justice,FAMILY_COPY_STRICT,en+fr
data,fi,B1,1072,Gerechtigkeit,taisnīgums,Õiglus,FAMILY_COPY_STRICT,fi+is+nb+nn+sv
data,is,B1,1072,Gerechtigkeit,taisnīgums,Õiglus,FAMILY_COPY_STRICT,fi+is+nb+nn+sv
data,nb,B1,1072,Gerechtigkeit,taisnīgums,Õiglus,FAMILY_COPY_STRICT,fi+is+nb+nn+sv
data,nn,B1,1072,Gerechtigkeit,taisnīgums,Õiglus,FAMILY_COPY_STRICT,fi+is+nb+nn+sv
data,sv,B1,1072,Gerechtigkeit,taisnīgums,Õiglus,FAMILY_COPY_STRICT,fi+is+nb+nn+sv
data,it,B1,1072,Gerechtigkeit,taisnīgums,Taisnīgums,FAMILY_COPY_STRICT,it+lb+nl
data,lb,B1,1072,Gerechtigkeit,taisnīgums,Taisnīgums,FAMILY_COPY_STRICT,it+lb+nl
data,nl,B1,1072,Gerechtigkeit,taisnīgums,Taisnīgums,FAMILY_COPY_STRICT,it+lb+nl
data,pl,B1,1072,Gerechtigkeit,taisnīgums,Sprawiedliwość,FAMILY_COPY_STRICT,pl+sk
data,sk,B1,1072,Gerechtigkeit,taisnīgums,Sprawiedliwość,FAMILY_COPY_STRICT,pl+sk
data,sq,B1,1072,Gerechtigkeit,taisnīgums,Adalet,FAMILY_COPY_STRICT,sq+tr
data,tr,B1,1072,Gerechtigkeit,taisnīgums,Adalet,FAMILY_COPY_STRICT,sq+tr
data,hr,B1,1073,gereizt,sakaitināts,Изнервиран,SCRIPT_MISMATCH,
data,hr,B1,1073,gereizt,sakaitināts,Изнервиран,MARKER_LEAK,foreign_script
data,it,B1,1073,gereizt,sakaitināts,Sakaitināts,SAME_AS_LV_CASEFOLD,casefold_only
data,it,B1,1073,gereizt,sakaitināts,Sakaitināts,LV_DIACRITIC,
data,it,B1,1073,gereizt,sakaitināts,Sakaitināts,MARKER_LEAK,lv_macron_consonant
data,nl,B1,1073,gereizt,sakaitināts,Sakaitināts,SAME_AS_LV_CASEFOLD,casefold_only
data,nl,B1,1073,gereizt,sakaitināts,Sakaitināts,LV_DIACRITIC,
data,nl,B1,1073,gereizt,sakaitināts,Sakaitināts,MARKER_LEAK,lv_macron_consonant
data,sl,B1,1073,gereizt,sakaitināts,sakaitināts,SAME_AS_LV_CASEFOLD,exact
data,sl,B1,1073,gereizt,sakaitināts,sakaitināts,LV_DIACRITIC,
data,sl,B1,1073,gereizt,sakaitināts,sakaitināts,MARKER_LEAK,lv_macron_consonant
data,fi,B1,1073,gereizt,sakaitināts,Ärritatud,FAMILY_COPY_STRICT,fi+is+nb+nn+sv
data,is,B1,1073,gereizt,sakaitināts,Ärritatud,FAMILY_COPY_STRICT,fi+is+nb+nn+sv
data,nb,B1,1073,gereizt,sakaitināts,Ärritatud,FAMILY_COPY_STRICT,fi+is+nb+nn+sv
data,nn,B1,1073,gereizt,sakaitināts,Ärritatud,FAMILY_COPY_STRICT,fi+is+nb+nn+sv
data,sv,B1,1073,gereizt,sakaitināts,Ärritatud,FAMILY_COPY_STRICT,fi+is+nb+nn+sv
data,hr,B1,1073,gereizt,sakaitināts,Изнервиран,FAMILY_COPY_STRICT,hr+mk+sr
data,mk,B1,1073,gereizt,sakaitināts,Изнервиран,FAMILY_COPY_STRICT,hr+mk+sr
data,sr,B1,1073,gereizt,sakaitināts,Изнервиран,FAMILY_COPY_STRICT,hr+mk+sr
data,it,B1,1073,gereizt,sakaitināts,Sakaitināts,FAMILY_COPY_STRICT,it+nl
data,nl,B1,1073,gereizt,sakaitināts,Sakaitināts,FAMILY_COPY_STRICT,it+nl
data,pl,B1,1073,gereizt,sakaitināts,Zirytowany,FAMILY_COPY_STRICT,pl+sk+sq+tr
data,sk,B1,1073,gereizt,sakaitināts,Zirytowany,FAMILY_COPY_STRICT,pl+sk+sq+tr
data,sq,B1,1073,gereizt,sakaitināts,Zirytowany,FAMILY_COPY_STRICT,pl+sk+sq+tr
data,tr,B1,1073,gereizt,sakaitināts,Zirytowany,FAMILY_COPY_STRICT,pl+sk+sq+tr
data,hr,B1,1074,Fleischgericht,gaļas ēdiens,Ястие с месо,SCRIPT_MISMATCH,
data,hr,B1,1074,Fleischgericht,gaļas ēdiens,Ястие с месо,MARKER_LEAK,foreign_script
data,it,B1,1074,Fleischgericht,gaļas ēdiens,Gaļas ēdiens,SAME_AS_LV_CASEFOLD,casefold_only
data,it,B1,1074,Fleischgericht,gaļas ēdiens,Gaļas ēdiens,LV_DIACRITIC,
data,it,B1,1074,Fleischgericht,gaļas ēdiens,Gaļas ēdiens,MARKER_LEAK,lv_macron_consonant
data,lb,B1,1074,Fleischgericht,gaļas ēdiens,Gaļas ēdiens,SAME_AS_LV_CASEFOLD,casefold_only
data,lb,B1,1074,Fleischgericht,gaļas ēdiens,Gaļas ēdiens,LV_DIACRITIC,
data,lb,B1,1074,Fleischgericht,gaļas ēdiens,Gaļas ēdiens,MARKER_LEAK,lv_macron_consonant
data,nl,B1,1074,Fleischgericht,gaļas ēdiens,Gaļas ēdiens,SAME_AS_LV_CASEFOLD,casefold_only
data,nl,B1,1074,Fleischgericht,gaļas ēdiens,Gaļas ēdiens,LV_DIACRITIC,
data,nl,B1,1074,Fleischgericht,gaļas ēdiens,Gaļas ēdiens,MARKER_LEAK,lv_macron_consonant
data,pt,B1,1074,Fleischgericht,gaļas ēdiens,Gaļas ēdiens,SAME_AS_LV_CASEFOLD,casefold_only
data,pt,B1,1074,Fleischgericht,gaļas ēdiens,Gaļas ēdiens,LV_DIACRITIC,
data,pt,B1,1074,Fleischgericht,gaļas ēdiens,Gaļas ēdiens,MARKER_LEAK,lv_macron_consonant
data,sl,B1,1074,Fleischgericht,gaļas ēdiens,gaļas ēdiens,SAME_AS_LV_CASEFOLD,exact
data,sl,B1,1074,Fleischgericht,gaļas ēdiens,gaļas ēdiens,LV_DIACRITIC,
data,sl,B1,1074,Fleischgericht,gaļas ēdiens,gaļas ēdiens,MARKER_LEAK,lv_macron_consonant
data,sq,B1,1074,Fleischgericht,gaļas ēdiens,Et yemeği,MARKER_LEAK,tr_soft
data,bg,B1,1074,Fleischgericht,gaļas ēdiens,Ястие с месо,FAMILY_COPY_STRICT,bg+hr+mk+sr
data,hr,B1,1074,Fleischgericht,gaļas ēdiens,Ястие с месо,FAMILY_COPY_STRICT,bg+hr+mk+sr
data,mk,B1,1074,Fleischgericht,gaļas ēdiens,Ястие с месо,FAMILY_COPY_STRICT,bg+hr+mk+sr
data,sr,B1,1074,Fleischgericht,gaļas ēdiens,Ястие с месо,FAMILY_COPY_STRICT,bg+hr+mk+sr
data,fi,B1,1074,Fleischgericht,gaļas ēdiens,Lihatoit,FAMILY_COPY_STRICT,fi+is+nb+nn+sv
data,is,B1,1074,Fleischgericht,gaļas ēdiens,Lihatoit,FAMILY_COPY_STRICT,fi+is+nb+nn+sv
data,nb,B1,1074,Fleischgericht,gaļas ēdiens,Lihatoit,FAMILY_COPY_STRICT,fi+is+nb+nn+sv
data,nn,B1,1074,Fleischgericht,gaļas ēdiens,Lihatoit,FAMILY_COPY_STRICT,fi+is+nb+nn+sv
data,sv,B1,1074,Fleischgericht,gaļas ēdiens,Lihatoit,FAMILY_COPY_STRICT,fi+is+nb+nn+sv
data,it,B1,1074,Fleischgericht,gaļas ēdiens,Gaļas ēdiens,FAMILY_COPY_STRICT,it+lb+nl+pt
data,lb,B1,1074,Fleischgericht,gaļas ēdiens,Gaļas ēdiens,FAMILY_COPY_STRICT,it+lb+nl+pt
data,nl,B1,1074,Fleischgericht,gaļas ēdiens,Gaļas ēdiens,FAMILY_COPY_STRICT,it+lb+nl+pt
data,pt,B1,1074,Fleischgericht,gaļas ēdiens,Gaļas ēdiens,FAMILY_COPY_STRICT,it+lb+nl+pt
data,sq,B1,1074,Fleischgericht,gaļas ēdiens,Et yemeği,FAMILY_COPY_STRICT,sq+tr
data,tr,B1,1074,Fleischgericht,gaļas ēdiens,Et yemeği,FAMILY_COPY_STRICT,sq+tr
data,hr,B1,1075,gering,neliels,Мали,SCRIPT_MISMATCH,
data,hr,B1,1075,gering,neliels,Мали,MARKER_LEAK,foreign_script
data,it,B1,1075,gering,neliels,Neliels,SAME_AS_LV_CASEFOLD,casefold_only
data,lb,B1,1075,gering,neliels,Neliels,SAME_AS_LV_CASEFOLD,casefold_only
data,nl,B1,1075,gering,neliels,Neliels,SAME_AS_LV_CASEFOLD,casefold_only
data,pt,B1,1075,gering,neliels,Neliels,SAME_AS_LV_CASEFOLD,casefold_only
data,sl,B1,1075,gering,neliels,neliels,SAME_AS_LV_CASEFOLD,exact
data,cs,B1,1075,gering,neliels,Malý,FAMILY_COPY_STRICT,cs+sk
data,sk,B1,1075,gering,neliels,Malý,FAMILY_COPY_STRICT,cs+sk
data,fi,B1,1075,gering,neliels,Väike,FAMILY_COPY_STRICT,fi+is+nb+nn+sv
data,is,B1,1075,gering,neliels,Väike,FAMILY_COPY_STRICT,fi+is+nb+nn+sv
data,nb,B1,1075,gering,neliels,Väike,FAMILY_COPY_STRICT,fi+is+nb+nn+sv
data,nn,B1,1075,gering,neliels,Väike,FAMILY_COPY_STRICT,fi+is+nb+nn+sv
data,sv,B1,1075,gering,neliels,Väike,FAMILY_COPY_STRICT,fi+is+nb+nn+sv
data,hr,B1,1075,gering,neliels,Мали,FAMILY_COPY_STRICT,hr+mk+sr
data,mk,B1,1075,gering,neliels,Мали,FAMILY_COPY_STRICT,hr+mk+sr
data,sr,B1,1075,gering,neliels,Мали,FAMILY_COPY_STRICT,hr+mk+sr
data,it,B1,1075,gering,neliels,Neliels,FAMILY_COPY_STRICT,it+lb+nl+pt
data,lb,B1,1075,gering,neliels,Neliels,FAMILY_COPY_STRICT,it+lb+nl+pt
data,nl,B1,1075,gering,neliels,Neliels,FAMILY_COPY_STRICT,it+lb+nl+pt
data,pt,B1,1075,gering,neliels,Neliels,FAMILY_COPY_STRICT,it+lb+nl+pt
data,hr,B1,1076,Gerste,mieži,Ечемик,SCRIPT_MISMATCH,
data,hr,B1,1076,Gerste,mieži,Ечемик,MARKER_LEAK,foreign_script
data,it,B1,1076,Gerste,mieži,Mieži,SAME_AS_LV_CASEFOLD,casefold_only
data,it,B1,1076,Gerste,mieži,Mieži,LV_DIACRITIC,
data,lb,B1,1076,Gerste,mieži,Mieži,SAME_AS_LV_CASEFOLD,casefold_only
data,lb,B1,1076,Gerste,mieži,Mieži,LV_DIACRITIC,
data,nl,B1,1076,Gerste,mieži,Mieži,SAME_AS_LV_CASEFOLD,casefold_only
data,nl,B1,1076,Gerste,mieži,Mieži,LV_DIACRITIC,
data,pt,B1,1076,Gerste,mieži,Mieži,SAME_AS_LV_CASEFOLD,casefold_only
data,pt,B1,1076,Gerste,mieži,Mieži,LV_DIACRITIC,
data,sk,B1,1076,Gerste,mieži,Jęczmień,MARKER_LEAK,pl_lt_nasal
data,sl,B1,1076,Gerste,mieži,mieži,SAME_AS_LV_CASEFOLD,exact
data,bg,B1,1076,Gerste,mieži,Ечемик,FAMILY_COPY_STRICT,bg+hr+mk+sr
data,hr,B1,1076,Gerste,mieži,Ечемик,FAMILY_COPY_STRICT,bg+hr+mk+sr
data,mk,B1,1076,Gerste,mieži,Ечемик,FAMILY_COPY_STRICT,bg+hr+mk+sr
data,sr,B1,1076,Gerste,mieži,Ечемик,FAMILY_COPY_STRICT,bg+hr+mk+sr
data,fi,B1,1076,Gerste,mieži,Oder,FAMILY_COPY_STRICT,fi+is+nb+nn+sv
data,is,B1,1076,Gerste,mieži,Oder,FAMILY_COPY_STRICT,fi+is+nb+nn+sv
data,nb,B1,1076,Gerste,mieži,Oder,FAMILY_COPY_STRICT,fi+is+nb+nn+sv
data,nn,B1,1076,Gerste,mieži,Oder,FAMILY_COPY_STRICT,fi+is+nb+nn+sv
data,sv,B1,1076,Gerste,mieži,Oder,FAMILY_COPY_STRICT,fi+is+nb+nn+sv
data,it,B1,1076,Gerste,mieži,Mieži,FAMILY_COPY_STRICT,it+lb+nl+pt
data,lb,B1,1076,Gerste,mieži,Mieži,FAMILY_COPY_STRICT,it+lb+nl+pt
data,nl,B1,1076,Gerste,mieži,Mieži,FAMILY_COPY_STRICT,it+lb+nl+pt
data,pt,B1,1076,Gerste,mieži,Mieži,FAMILY_COPY_STRICT,it+lb+nl+pt
data,pl,B1,1076,Gerste,mieži,Jęczmień,FAMILY_COPY_STRICT,pl+sk
data,sk,B1,1076,Gerste,mieži,Jęczmień,FAMILY_COPY_STRICT,pl+sk
data,sq,B1,1076,Gerste,mieži,Arpa,FAMILY_COPY_STRICT,sq+tr
data,tr,B1,1076,Gerste,mieži,Arpa,FAMILY_COPY_STRICT,sq+tr
data,fi,B1,1077,Geruch,smarža,Lõhn,MARKER_LEAK,et_otilde
data,hr,B1,1077,Geruch,smarža,Миризма,SCRIPT_MISMATCH,
data,hr,B1,1077,Geruch,smarža,Миризма,MARKER_LEAK,foreign_script
data,is,B1,1077,Geruch,smarža,Lõhn,MARKER_LEAK,et_otilde
data,it,B1,1077,Geruch,smarža,Smarža,SAME_AS_LV_CASEFOLD,casefold_only
data,it,B1,1077,Geruch,smarža,Smarža,LV_DIACRITIC,
data,lb,B1,1077,Geruch,smarža,Smarža,SAME_AS_LV_CASEFOLD,casefold_only
data,lb,B1,1077,Geruch,smarža,Smarža,LV_DIACRITIC,
data,nb,B1,1077,Geruch,smarža,Lõhn,MARKER_LEAK,et_otilde
data,nl,B1,1077,Geruch,smarža,Smarža,SAME_AS_LV_CASEFOLD,casefold_only
data,nl,B1,1077,Geruch,smarža,Smarža,LV_DIACRITIC,
data,nn,B1,1077,Geruch,smarža,Lõhn,MARKER_LEAK,et_otilde
data,sl,B1,1077,Geruch,smarža,smarža,SAME_AS_LV_CASEFOLD,exact
data,sv,B1,1077,Geruch,smarža,Lõhn,MARKER_LEAK,et_otilde
data,bg,B1,1077,Geruch,smarža,Миризма,FAMILY_COPY_STRICT,bg+hr+mk+sr
data,hr,B1,1077,Geruch,smarža,Миризма,FAMILY_COPY_STRICT,bg+hr+mk+sr
data,mk,B1,1077,Geruch,smarža,Миризма,FAMILY_COPY_STRICT,bg+hr+mk+sr
data,sr,B1,1077,Geruch,smarža,Миризма,FAMILY_COPY_STRICT,bg+hr+mk+sr
data,fi,B1,1077,Geruch,smarža,Lõhn,FAMILY_COPY_STRICT,fi+is+nb+nn+sv
data,is,B1,1077,Geruch,smarža,Lõhn,FAMILY_COPY_STRICT,fi+is+nb+nn+sv
data,nb,B1,1077,Geruch,smarža,Lõhn,FAMILY_COPY_STRICT,fi+is+nb+nn+sv
data,nn,B1,1077,Geruch,smarža,Lõhn,FAMILY_COPY_STRICT,fi+is+nb+nn+sv
data,sv,B1,1077,Geruch,smarža,Lõhn,FAMILY_COPY_STRICT,fi+is+nb+nn+sv
data,it,B1,1077,Geruch,smarža,Smarža,FAMILY_COPY_STRICT,it+lb+nl
data,lb,B1,1077,Geruch,smarža,Smarža,FAMILY_COPY_STRICT,it+lb+nl
data,nl,B1,1077,Geruch,smarža,Smarža,FAMILY_COPY_STRICT,it+lb+nl
data,pl,B1,1077,Geruch,smarža,Zapach,FAMILY_COPY_STRICT,pl+sk
data,sk,B1,1077,Geruch,smarža,Zapach,FAMILY_COPY_STRICT,pl+sk
data,sq,B1,1077,Geruch,smarža,Koku,FAMILY_COPY_STRICT,sq+tr
data,tr,B1,1077,Geruch,smarža,Koku,FAMILY_COPY_STRICT,sq+tr
data,hr,B1,1078,Gerücht,baumas,Гласини,SCRIPT_MISMATCH,
data,hr,B1,1078,Gerücht,baumas,Гласини,MARKER_LEAK,foreign_script
data,it,B1,1078,Gerücht,baumas,Baumas,SAME_AS_LV_CASEFOLD,casefold_only
data,lb,B1,1078,Gerücht,baumas,Baumas,SAME_AS_LV_CASEFOLD,casefold_only
data,nl,B1,1078,Gerücht,baumas,Baumas,SAME_AS_LV_CASEFOLD,casefold_only
data,pt,B1,1078,Gerücht,baumas,Baumas,SAME_AS_LV_CASEFOLD,casefold_only
data,sl,B1,1078,Gerücht,baumas,baumas,SAME_AS_LV_CASEFOLD,exact
data,fi,B1,1078,Gerücht,baumas,Kuulujutt,FAMILY_COPY_STRICT,fi+is+nb+nn+sv
data,is,B1,1078,Gerücht,baumas,Kuulujutt,FAMILY_COPY_STRICT,fi+is+nb+nn+sv
data,nb,B1,1078,Gerücht,baumas,Kuulujutt,FAMILY_COPY_STRICT,fi+is+nb+nn+sv
data,nn,B1,1078,Gerücht,baumas,Kuulujutt,FAMILY_COPY_STRICT,fi+is+nb+nn+sv
data,sv,B1,1078,Gerücht,baumas,Kuulujutt,FAMILY_COPY_STRICT,fi+is+nb+nn+sv
data,hr,B1,1078,Gerücht,baumas,Гласини,FAMILY_COPY_STRICT,hr+mk+sr
data,mk,B1,1078,Gerücht,baumas,Гласини,FAMILY_COPY_STRICT,hr+mk+sr
data,sr,B1,1078,Gerücht,baumas,Гласини,FAMILY_COPY_STRICT,hr+mk+sr
data,it,B1,1078,Gerücht,baumas,Baumas,FAMILY_COPY_STRICT,it+lb+nl+pt
data,lb,B1,1078,Gerücht,baumas,Baumas,FAMILY_COPY_STRICT,it+lb+nl+pt
data,nl,B1,1078,Gerücht,baumas,Baumas,FAMILY_COPY_STRICT,it+lb+nl+pt
data,pt,B1,1078,Gerücht,baumas,Baumas,FAMILY_COPY_STRICT,it+lb+nl+pt
data,pl,B1,1078,Gerücht,baumas,Plotki,FAMILY_COPY_STRICT,pl+sq+tr
data,sq,B1,1078,Gerücht,baumas,Plotki,FAMILY_COPY_STRICT,pl+sq+tr
data,tr,B1,1078,Gerücht,baumas,Plotki,FAMILY_COPY_STRICT,pl+sq+tr
data,hr,B1,1079,gesammelt,kopots,Сглобени,SCRIPT_MISMATCH,
data,hr,B1,1079,gesammelt,kopots,Сглобени,MARKER_LEAK,foreign_script
data,it,B1,1079,gesammelt,kopots,Kopots,SAME_AS_LV_CASEFOLD,casefold_only
data,lb,B1,1079,gesammelt,kopots,Kopots,SAME_AS_LV_CASEFOLD,casefold_only
data,nl,B1,1079,gesammelt,kopots,Kopots,SAME_AS_LV_CASEFOLD,casefold_only
data,pt,B1,1079,gesammelt,kopots,Kopots,SAME_AS_LV_CASEFOLD,casefold_only
data,sl,B1,1079,gesammelt,kopots,kopots,SAME_AS_LV_CASEFOLD,exact
data,sq,B1,1079,gesammelt,kopots,Toplandı,MARKER_LEAK,tr_soft
data,bg,B1,1079,gesammelt,kopots,Сглобени,FAMILY_COPY_STRICT,bg+hr+mk+sr
data,hr,B1,1079,gesammelt,kopots,Сглобени,FAMILY_COPY_STRICT,bg+hr+mk+sr
data,mk,B1,1079,gesammelt,kopots,Сглобени,FAMILY_COPY_STRICT,bg+hr+mk+sr
data,sr,B1,1079,gesammelt,kopots,Сглобени,FAMILY_COPY_STRICT,bg+hr+mk+sr
data,fi,B1,1079,gesammelt,kopots,Koondatud,FAMILY_COPY_STRICT,fi+is+nb+nn+sv
data,is,B1,1079,gesammelt,kopots,Koondatud,FAMILY_COPY_STRICT,fi+is+nb+nn+sv
data,nb,B1,1079,gesammelt,kopots,Koondatud,FAMILY_COPY_STRICT,fi+is+nb+nn+sv
data,nn,B1,1079,gesammelt,kopots,Koondatud,FAMILY_COPY_STRICT,fi+is+nb+nn+sv
data,sv,B1,1079,gesammelt,kopots,Koondatud,FAMILY_COPY_STRICT,fi+is+nb+nn+sv
data,it,B1,1079,gesammelt,kopots,Kopots,FAMILY_COPY_STRICT,it+lb+nl+pt
data,lb,B1,1079,gesammelt,kopots,Kopots,FAMILY_COPY_STRICT,it+lb+nl+pt
data,nl,B1,1079,gesammelt,kopots,Kopots,FAMILY_COPY_STRICT,it+lb+nl+pt
data,pt,B1,1079,gesammelt,kopots,Kopots,FAMILY_COPY_STRICT,it+lb+nl+pt
data,pl,B1,1079,gesammelt,kopots,Zebrane,FAMILY_COPY_STRICT,pl+sk
data,sk,B1,1079,gesammelt,kopots,Zebrane,FAMILY_COPY_STRICT,pl+sk
data,sq,B1,1079,gesammelt,kopots,Toplandı,FAMILY_COPY_STRICT,sq+tr
data,tr,B1,1079,gesammelt,kopots,Toplandı,FAMILY_COPY_STRICT,sq+tr
data,hr,B1,1080,gesamt,viss,Сите,SCRIPT_MISMATCH,
data,hr,B1,1080,gesamt,viss,Сите,MARKER_LEAK,foreign_script
data,nl,B1,1080,gesamt,viss,Viss,SAME_AS_LV_CASEFOLD,casefold_only
data,sl,B1,1080,gesamt,viss,viss,SAME_AS_LV_CASEFOLD,exact
data,fi,B1,1080,gesamt,viss,Kogu,FAMILY_COPY_STRICT,fi+is+nb+nn+sv
data,is,B1,1080,gesamt,viss,Kogu,FAMILY_COPY_STRICT,fi+is+nb+nn+sv
data,nb,B1,1080,gesamt,viss,Kogu,FAMILY_COPY_STRICT,fi+is+nb+nn+sv
data,nn,B1,1080,gesamt,viss,Kogu,FAMILY_COPY_STRICT,fi+is+nb+nn+sv
data,sv,B1,1080,gesamt,viss,Kogu,FAMILY_COPY_STRICT,fi+is+nb+nn+sv
data,hr,B1,1080,gesamt,viss,Сите,FAMILY_COPY_STRICT,hr+mk+sr
data,mk,B1,1080,gesamt,viss,Сите,FAMILY_COPY_STRICT,hr+mk+sr
data,sr,B1,1080,gesamt,viss,Сите,FAMILY_COPY_STRICT,hr+mk+sr
data,hr,B1,1081,Gesamtsumme,kopsumma,Обща сума,SCRIPT_MISMATCH,
data,hr,B1,1081,Gesamtsumme,kopsumma,Обща сума,MARKER_LEAK,foreign_script
data,lb,B1,1081,Gesamtsumme,kopsumma,Kopsumma,SAME_AS_LV_CASEFOLD,casefold_only
data,nl,B1,1081,Gesamtsumme,kopsumma,Kopsumma,SAME_AS_LV_CASEFOLD,casefold_only
data,sk,B1,1081,Gesamtsumme,kopsumma,Całkowita kwota,MARKER_LEAK,pl_l_s_z
data,sl,B1,1081,Gesamtsumme,kopsumma,kopsumma,SAME_AS_LV_CASEFOLD,exact
data,bg,B1,1081,Gesamtsumme,kopsumma,Обща сума,FAMILY_COPY_STRICT,bg+hr+mk+sr
data,hr,B1,1081,Gesamtsumme,kopsumma,Обща сума,FAMILY_COPY_STRICT,bg+hr+mk+sr
data,mk,B1,1081,Gesamtsumme,kopsumma,Обща сума,FAMILY_COPY_STRICT,bg+hr+mk+sr
data,sr,B1,1081,Gesamtsumme,kopsumma,Обща сума,FAMILY_COPY_STRICT,bg+hr+mk+sr
data,fi,B1,1081,Gesamtsumme,kopsumma,Kogusumma,FAMILY_COPY_STRICT,fi+is+nb+nn+sv
data,is,B1,1081,Gesamtsumme,kopsumma,Kogusumma,FAMILY_COPY_STRICT,fi+is+nb+nn+sv
data,nb,B1,1081,Gesamtsumme,kopsumma,Kogusumma,FAMILY_COPY_STRICT,fi+is+nb+nn+sv
data,nn,B1,1081,Gesamtsumme,kopsumma,Kogusumma,FAMILY_COPY_STRICT,fi+is+nb+nn+sv
data,sv,B1,1081,Gesamtsumme,kopsumma,Kogusumma,FAMILY_COPY_STRICT,fi+is+nb+nn+sv
data,lb,B1,1081,Gesamtsumme,kopsumma,Kopsumma,FAMILY_COPY_STRICT,lb+nl
data,nl,B1,1081,Gesamtsumme,kopsumma,Kopsumma,FAMILY_COPY_STRICT,lb+nl
data,pl,B1,1081,Gesamtsumme,kopsumma,Całkowita kwota,FAMILY_COPY_STRICT,pl+sk
data,sk,B1,1081,Gesamtsumme,kopsumma,Całkowita kwota,FAMILY_COPY_STRICT,pl+sk
data,sq,B1,1081,Gesamtsumme,kopsumma,Toplam tutar,FAMILY_COPY_STRICT,sq+tr
data,tr,B1,1081,Gesamtsumme,kopsumma,Toplam tutar,FAMILY_COPY_STRICT,sq+tr
data,hr,B1,1082,Gesang,dziedāšana,Пеене,SCRIPT_MISMATCH,
data,hr,B1,1082,Gesang,dziedāšana,Пеене,MARKER_LEAK,foreign_script
data,it,B1,1082,Gesang,dziedāšana,Dziedāšana,SAME_AS_LV_CASEFOLD,casefold_only
data,it,B1,1082,Gesang,dziedāšana,Dziedāšana,LV_DIACRITIC,
data,it,B1,1082,Gesang,dziedāšana,Dziedāšana,MARKER_LEAK,lv_macron_consonant
data,lb,B1,1082,Gesang,dziedāšana,Dziedāšana,SAME_AS_LV_CASEFOLD,casefold_only
data,lb,B1,1082,Gesang,dziedāšana,Dziedāšana,LV_DIACRITIC,
data,lb,B1,1082,Gesang,dziedāšana,Dziedāšana,MARKER_LEAK,lv_macron_consonant
data,nl,B1,1082,Gesang,dziedāšana,Dziedāšana,SAME_AS_LV_CASEFOLD,casefold_only
data,nl,B1,1082,Gesang,dziedāšana,Dziedāšana,LV_DIACRITIC,
data,nl,B1,1082,Gesang,dziedāšana,Dziedāšana,MARKER_LEAK,lv_macron_consonant
data,pt,B1,1082,Gesang,dziedāšana,Dziedāšana,SAME_AS_LV_CASEFOLD,casefold_only
data,pt,B1,1082,Gesang,dziedāšana,Dziedāšana,LV_DIACRITIC,
data,pt,B1,1082,Gesang,dziedāšana,Dziedāšana,MARKER_LEAK,lv_macron_consonant
data,sk,B1,1082,Gesang,dziedāšana,Śpiew,MARKER_LEAK,pl_l_s_z
data,sl,B1,1082,Gesang,dziedāšana,dziedāšana,SAME_AS_LV_CASEFOLD,exact
data,sl,B1,1082,Gesang,dziedāšana,dziedāšana,LV_DIACRITIC,
data,sl,B1,1082,Gesang,dziedāšana,dziedāšana,MARKER_LEAK,lv_macron_consonant
data,sq,B1,1082,Gesang,dziedāšana,Śpiew,MARKER_LEAK,pl_l_s_z
data,tr,B1,1082,Gesang,dziedāšana,Śpiew,MARKER_LEAK,pl_l_s_z
data,bg,B1,1082,Gesang,dziedāšana,Пеене,FAMILY_COPY_STRICT,bg+hr+mk+sr
data,hr,B1,1082,Gesang,dziedāšana,Пеене,FAMILY_COPY_STRICT,bg+hr+mk+sr
data,mk,B1,1082,Gesang,dziedāšana,Пеене,FAMILY_COPY_STRICT,bg+hr+mk+sr
data,sr,B1,1082,Gesang,dziedāšana,Пеене,FAMILY_COPY_STRICT,bg+hr+mk+sr
data,fi,B1,1082,Gesang,dziedāšana,Laulmine,FAMILY_COPY_STRICT,fi+is+nb+nn+sv
data,is,B1,1082,Gesang,dziedāšana,Laulmine,FAMILY_COPY_STRICT,fi+is+nb+nn+sv
data,nb,B1,1082,Gesang,dziedāšana,Laulmine,FAMILY_COPY_STRICT,fi+is+nb+nn+sv
data,nn,B1,1082,Gesang,dziedāšana,Laulmine,FAMILY_COPY_STRICT,fi+is+nb+nn+sv
data,sv,B1,1082,Gesang,dziedāšana,Laulmine,FAMILY_COPY_STRICT,fi+is+nb+nn+sv
data,it,B1,1082,Gesang,dziedāšana,Dziedāšana,FAMILY_COPY_STRICT,it+lb+nl+pt
data,lb,B1,1082,Gesang,dziedāšana,Dziedāšana,FAMILY_COPY_STRICT,it+lb+nl+pt
data,nl,B1,1082,Gesang,dziedāšana,Dziedāšana,FAMILY_COPY_STRICT,it+lb+nl+pt
data,pt,B1,1082,Gesang,dziedāšana,Dziedāšana,FAMILY_COPY_STRICT,it+lb+nl+pt
data,pl,B1,1082,Gesang,dziedāšana,Śpiew,FAMILY_COPY_STRICT,pl+sk+sq+tr
data,sk,B1,1082,Gesang,dziedāšana,Śpiew,FAMILY_COPY_STRICT,pl+sk+sq+tr
data,sq,B1,1082,Gesang,dziedāšana,Śpiew,FAMILY_COPY_STRICT,pl+sk+sq+tr
data,tr,B1,1082,Gesang,dziedāšana,Śpiew,FAMILY_COPY_STRICT,pl+sk+sq+tr
data,hr,B1,1083,geschehen,notikt,Случи се,SCRIPT_MISMATCH,
data,hr,B1,1083,geschehen,notikt,Случи се,MARKER_LEAK,foreign_script
data,lb,B1,1083,geschehen,notikt,Notikt,SAME_AS_LV_CASEFOLD,casefold_only
data,nl,B1,1083,geschehen,notikt,Notikt,SAME_AS_LV_CASEFOLD,casefold_only
data,sl,B1,1083,geschehen,notikt,notikt,SAME_AS_LV_CASEFOLD,exact
data,bg,B1,1083,geschehen,notikt,Случи се,FAMILY_COPY_STRICT,bg+hr+mk+sr
data,hr,B1,1083,geschehen,notikt,Случи се,FAMILY_COPY_STRICT,bg+hr+mk+sr
data,mk,B1,1083,geschehen,notikt,Случи се,FAMILY_COPY_STRICT,bg+hr+mk+sr
data,sr,B1,1083,geschehen,notikt,Случи се,FAMILY_COPY_STRICT,bg+hr+mk+sr
data,fi,B1,1083,geschehen,notikt,Juhtuma,FAMILY_COPY_STRICT,fi+is+nb+nn+sv
data,is,B1,1083,geschehen,notikt,Juhtuma,FAMILY_COPY_STRICT,fi+is+nb+nn+sv
data,nb,B1,1083,geschehen,notikt,Juhtuma,FAMILY_COPY_STRICT,fi+is+nb+nn+sv
data,nn,B1,1083,geschehen,notikt,Juhtuma,FAMILY_COPY_STRICT,fi+is+nb+nn+sv
data,sv,B1,1083,geschehen,notikt,Juhtuma,FAMILY_COPY_STRICT,fi+is+nb+nn+sv
data,lb,B1,1083,geschehen,notikt,Notikt,FAMILY_COPY_STRICT,lb+nl
data,nl,B1,1083,geschehen,notikt,Notikt,FAMILY_COPY_STRICT,lb+nl
data,hr,B1,1084,gescheit,gudrs,Умен,SCRIPT_MISMATCH,
data,hr,B1,1084,gescheit,gudrs,Умен,MARKER_LEAK,foreign_script
data,it,B1,1084,gescheit,gudrs,Gudrs,SAME_AS_LV_CASEFOLD,casefold_only
data,lb,B1,1084,gescheit,gudrs,Gudrs,SAME_AS_LV_CASEFOLD,casefold_only
data,nl,B1,1084,gescheit,gudrs,Gudrs,SAME_AS_LV_CASEFOLD,casefold_only
data,pt,B1,1084,gescheit,gudrs,Gudrs,SAME_AS_LV_CASEFOLD,casefold_only
data,sl,B1,1084,gescheit,gudrs,gudrs,SAME_AS_LV_CASEFOLD,exact
data,bg,B1,1084,gescheit,gudrs,Умен,FAMILY_COPY_STRICT,bg+hr+mk+sr
data,hr,B1,1084,gescheit,gudrs,Умен,FAMILY_COPY_STRICT,bg+hr+mk+sr
data,mk,B1,1084,gescheit,gudrs,Умен,FAMILY_COPY_STRICT,bg+hr+mk+sr
data,sr,B1,1084,gescheit,gudrs,Умен,FAMILY_COPY_STRICT,bg+hr+mk+sr
data,fi,B1,1084,gescheit,gudrs,Tark,FAMILY_COPY_STRICT,fi+is+nb+nn+sv
data,is,B1,1084,gescheit,gudrs,Tark,FAMILY_COPY_STRICT,fi+is+nb+nn+sv
data,nb,B1,1084,gescheit,gudrs,Tark,FAMILY_COPY_STRICT,fi+is+nb+nn+sv
data,nn,B1,1084,gescheit,gudrs,Tark,FAMILY_COPY_STRICT,fi+is+nb+nn+sv
data,sv,B1,1084,gescheit,gudrs,Tark,FAMILY_COPY_STRICT,fi+is+nb+nn+sv
data,it,B1,1084,gescheit,gudrs,Gudrs,FAMILY_COPY_STRICT,it+lb+nl+pt
data,lb,B1,1084,gescheit,gudrs,Gudrs,FAMILY_COPY_STRICT,it+lb+nl+pt
data,nl,B1,1084,gescheit,gudrs,Gudrs,FAMILY_COPY_STRICT,it+lb+nl+pt
data,pt,B1,1084,gescheit,gudrs,Gudrs,FAMILY_COPY_STRICT,it+lb+nl+pt
data,pl,B1,1084,gescheit,gudrs,Sprytny,FAMILY_COPY_STRICT,pl+sq+tr
data,sq,B1,1084,gescheit,gudrs,Sprytny,FAMILY_COPY_STRICT,pl+sq+tr
data,tr,B1,1084,gescheit,gudrs,Sprytny,FAMILY_COPY_STRICT,pl+sq+tr
data,hr,B1,1085,geschickt,veikls,Внимателно,SCRIPT_MISMATCH,
data,hr,B1,1085,geschickt,veikls,Внимателно,MARKER_LEAK,foreign_script
data,it,B1,1085,geschickt,veikls,Veikls,SAME_AS_LV_CASEFOLD,casefold_only
data,lb,B1,1085,geschickt,veikls,Veikls,SAME_AS_LV_CASEFOLD,casefold_only
data,nl,B1,1085,geschickt,veikls,Veikls,SAME_AS_LV_CASEFOLD,casefold_only
data,pt,B1,1085,geschickt,veikls,Veikls,SAME_AS_LV_CASEFOLD,casefold_only
data,sl,B1,1085,geschickt,veikls,veikls,SAME_AS_LV_CASEFOLD,exact
data,bg,B1,1085,geschickt,veikls,Внимателно,FAMILY_COPY_STRICT,bg+hr+mk+sr
data,hr,B1,1085,geschickt,veikls,Внимателно,FAMILY_COPY_STRICT,bg+hr+mk+sr
data,mk,B1,1085,geschickt,veikls,Внимателно,FAMILY_COPY_STRICT,bg+hr+mk+sr
data,sr,B1,1085,geschickt,veikls,Внимателно,FAMILY_COPY_STRICT,bg+hr+mk+sr
data,fi,B1,1085,geschickt,veikls,Osav,FAMILY_COPY_STRICT,fi+is+nb+nn+sv
data,is,B1,1085,geschickt,veikls,Osav,FAMILY_COPY_STRICT,fi+is+nb+nn+sv
data,nb,B1,1085,geschickt,veikls,Osav,FAMILY_COPY_STRICT,fi+is+nb+nn+sv
data,nn,B1,1085,geschickt,veikls,Osav,FAMILY_COPY_STRICT,fi+is+nb+nn+sv
data,sv,B1,1085,geschickt,veikls,Osav,FAMILY_COPY_STRICT,fi+is+nb+nn+sv
data,it,B1,1085,geschickt,veikls,Veikls,FAMILY_COPY_STRICT,it+lb+nl+pt
data,lb,B1,1085,geschickt,veikls,Veikls,FAMILY_COPY_STRICT,it+lb+nl+pt
data,nl,B1,1085,geschickt,veikls,Veikls,FAMILY_COPY_STRICT,it+lb+nl+pt
data,pt,B1,1085,geschickt,veikls,Veikls,FAMILY_COPY_STRICT,it+lb+nl+pt
data,pl,B1,1085,geschickt,veikls,Schludny,FAMILY_COPY_STRICT,pl+sk+sq+tr
data,sk,B1,1085,geschickt,veikls,Schludny,FAMILY_COPY_STRICT,pl+sk+sq+tr
data,sq,B1,1085,geschickt,veikls,Schludny,FAMILY_COPY_STRICT,pl+sk+sq+tr
data,tr,B1,1085,geschickt,veikls,Schludny,FAMILY_COPY_STRICT,pl+sk+sq+tr
data,hr,B1,1086,Geschlecht,dzimums,Кат,SCRIPT_MISMATCH,
data,hr,B1,1086,Geschlecht,dzimums,Кат,MARKER_LEAK,foreign_script
data,it,B1,1086,Geschlecht,dzimums,Dzimums,SAME_AS_LV_CASEFOLD,casefold_only
data,lb,B1,1086,Geschlecht,dzimums,Dzimums,SAME_AS_LV_CASEFOLD,casefold_only
data,nl,B1,1086,Geschlecht,dzimums,Dzimums,SAME_AS_LV_CASEFOLD,casefold_only
data,pt,B1,1086,Geschlecht,dzimums,Dzimums,SAME_AS_LV_CASEFOLD,casefold_only
data,sk,B1,1086,Geschlecht,dzimums,Płeć,MARKER_LEAK,pl_l_s_z
data,sl,B1,1086,Geschlecht,dzimums,dzimums,SAME_AS_LV_CASEFOLD,exact
data,fi,B1,1086,Geschlecht,dzimums,Sugu,FAMILY_COPY_STRICT,fi+is+nb+nn+sv
data,is,B1,1086,Geschlecht,dzimums,Sugu,FAMILY_COPY_STRICT,fi+is+nb+nn+sv
data,nb,B1,1086,Geschlecht,dzimums,Sugu,FAMILY_COPY_STRICT,fi+is+nb+nn+sv
data,nn,B1,1086,Geschlecht,dzimums,Sugu,FAMILY_COPY_STRICT,fi+is+nb+nn+sv
data,sv,B1,1086,Geschlecht,dzimums,Sugu,FAMILY_COPY_STRICT,fi+is+nb+nn+sv
data,hr,B1,1086,Geschlecht,dzimums,Кат,FAMILY_COPY_STRICT,hr+mk+sr
data,mk,B1,1086,Geschlecht,dzimums,Кат,FAMILY_COPY_STRICT,hr+mk+sr
data,sr,B1,1086,Geschlecht,dzimums,Кат,FAMILY_COPY_STRICT,hr+mk+sr
data,it,B1,1086,Geschlecht,dzimums,Dzimums,FAMILY_COPY_STRICT,it+lb+nl+pt
data,lb,B1,1086,Geschlecht,dzimums,Dzimums,FAMILY_COPY_STRICT,it+lb+nl+pt
data,nl,B1,1086,Geschlecht,dzimums,Dzimums,FAMILY_COPY_STRICT,it+lb+nl+pt
data,pt,B1,1086,Geschlecht,dzimums,Dzimums,FAMILY_COPY_STRICT,it+lb+nl+pt
data,pl,B1,1086,Geschlecht,dzimums,Płeć,FAMILY_COPY_STRICT,pl+sk
data,sk,B1,1086,Geschlecht,dzimums,Płeć,FAMILY_COPY_STRICT,pl+sk
data,sq,B1,1086,Geschlecht,dzimums,Cinsiyeti,FAMILY_COPY_STRICT,sq+tr
data,tr,B1,1086,Geschlecht,dzimums,Cinsiyeti,FAMILY_COPY_STRICT,sq+tr
data,hr,B1,1087,Geschwindigkeit,ātrums,Скорост,SCRIPT_MISMATCH,
data,hr,B1,1087,Geschwindigkeit,ātrums,Скорост,MARKER_LEAK,foreign_script
data,it,B1,1087,Geschwindigkeit,ātrums,Ātrums,SAME_AS_LV_CASEFOLD,casefold_only
data,it,B1,1087,Geschwindigkeit,ātrums,Ātrums,LV_DIACRITIC,
data,it,B1,1087,Geschwindigkeit,ātrums,Ātrums,MARKER_LEAK,lv_macron_consonant
data,lb,B1,1087,Geschwindigkeit,ātrums,Ātrums,SAME_AS_LV_CASEFOLD,casefold_only
data,lb,B1,1087,Geschwindigkeit,ātrums,Ātrums,LV_DIACRITIC,
data,lb,B1,1087,Geschwindigkeit,ātrums,Ātrums,MARKER_LEAK,lv_macron_consonant
data,nl,B1,1087,Geschwindigkeit,ātrums,Ātrums,SAME_AS_LV_CASEFOLD,casefold_only
data,nl,B1,1087,Geschwindigkeit,ātrums,Ātrums,LV_DIACRITIC,
data,nl,B1,1087,Geschwindigkeit,ātrums,Ātrums,MARKER_LEAK,lv_macron_consonant
data,sl,B1,1087,Geschwindigkeit,ātrums,ātrums,SAME_AS_LV_CASEFOLD,exact
data,sl,B1,1087,Geschwindigkeit,ātrums,ātrums,LV_DIACRITIC,
data,sl,B1,1087,Geschwindigkeit,ātrums,ātrums,MARKER_LEAK,lv_macron_consonant
data,sq,B1,1087,Geschwindigkeit,ātrums,Hız,MARKER_LEAK,tr_soft
data,bg,B1,1087,Geschwindigkeit,ātrums,Скорост,FAMILY_COPY_STRICT,bg+hr+mk+sr
data,hr,B1,1087,Geschwindigkeit,ātrums,Скорост,FAMILY_COPY_STRICT,bg+hr+mk+sr
data,mk,B1,1087,Geschwindigkeit,ātrums,Скорост,FAMILY_COPY_STRICT,bg+hr+mk+sr
data,sr,B1,1087,Geschwindigkeit,ātrums,Скорост,FAMILY_COPY_STRICT,bg+hr+mk+sr
data,fi,B1,1087,Geschwindigkeit,ātrums,Kiirus,FAMILY_COPY_STRICT,fi+is+nb+nn+sv
data,is,B1,1087,Geschwindigkeit,ātrums,Kiirus,FAMILY_COPY_STRICT,fi+is+nb+nn+sv
data,nb,B1,1087,Geschwindigkeit,ātrums,Kiirus,FAMILY_COPY_STRICT,fi+is+nb+nn+sv
data,nn,B1,1087,Geschwindigkeit,ātrums,Kiirus,FAMILY_COPY_STRICT,fi+is+nb+nn+sv
data,sv,B1,1087,Geschwindigkeit,ātrums,Kiirus,FAMILY_COPY_STRICT,fi+is+nb+nn+sv
data,it,B1,1087,Geschwindigkeit,ātrums,Ātrums,FAMILY_COPY_STRICT,it+lb+nl
data,lb,B1,1087,Geschwindigkeit,ātrums,Ātrums,FAMILY_COPY_STRICT,it+lb+nl
data,nl,B1,1087,Geschwindigkeit,ātrums,Ātrums,FAMILY_COPY_STRICT,it+lb+nl
data,sq,B1,1087,Geschwindigkeit,ātrums,Hız,FAMILY_COPY_STRICT,sq+tr
data,tr,B1,1087,Geschwindigkeit,ātrums,Hız,FAMILY_COPY_STRICT,sq+tr
data,hr,B1,1088,Gesellschaft,sabiedrība,Општество,SCRIPT_MISMATCH,
data,hr,B1,1088,Gesellschaft,sabiedrība,Општество,MARKER_LEAK,foreign_script
data,it,B1,1088,Gesellschaft,sabiedrība,Sabiedrība,SAME_AS_LV_CASEFOLD,casefold_only
data,it,B1,1088,Gesellschaft,sabiedrība,Sabiedrība,LV_DIACRITIC,
data,it,B1,1088,Gesellschaft,sabiedrība,Sabiedrība,MARKER_LEAK,lv_macron_consonant
data,lb,B1,1088,Gesellschaft,sabiedrība,Sabiedrība,SAME_AS_LV_CASEFOLD,casefold_only
data,lb,B1,1088,Gesellschaft,sabiedrība,Sabiedrība,LV_DIACRITIC,
data,lb,B1,1088,Gesellschaft,sabiedrība,Sabiedrība,MARKER_LEAK,lv_macron_consonant
data,nl,B1,1088,Gesellschaft,sabiedrība,Sabiedrība,SAME_AS_LV_CASEFOLD,casefold_only
data,nl,B1,1088,Gesellschaft,sabiedrība,Sabiedrība,LV_DIACRITIC,
data,nl,B1,1088,Gesellschaft,sabiedrība,Sabiedrība,MARKER_LEAK,lv_macron_consonant
data,sk,B1,1088,Gesellschaft,sabiedrība,Społeczeństwo,MARKER_LEAK,pl_l_s_z
data,sl,B1,1088,Gesellschaft,sabiedrība,sabiedrība,SAME_AS_LV_CASEFOLD,exact
data,sl,B1,1088,Gesellschaft,sabiedrība,sabiedrība,LV_DIACRITIC,
data,sl,B1,1088,Gesellschaft,sabiedrība,sabiedrība,MARKER_LEAK,lv_macron_consonant
data,bg,B1,1088,Gesellschaft,sabiedrība,Общество,FAMILY_COPY_STRICT,bg+ru
data,ru,B1,1088,Gesellschaft,sabiedrība,Общество,FAMILY_COPY_STRICT,bg+ru
data,fi,B1,1088,Gesellschaft,sabiedrība,Ühiskond,FAMILY_COPY_STRICT,fi+is+nb+nn+sv
data,is,B1,1088,Gesellschaft,sabiedrība,Ühiskond,FAMILY_COPY_STRICT,fi+is+nb+nn+sv
data,nb,B1,1088,Gesellschaft,sabiedrība,Ühiskond,FAMILY_COPY_STRICT,fi+is+nb+nn+sv
data,nn,B1,1088,Gesellschaft,sabiedrība,Ühiskond,FAMILY_COPY_STRICT,fi+is+nb+nn+sv
data,sv,B1,1088,Gesellschaft,sabiedrība,Ühiskond,FAMILY_COPY_STRICT,fi+is+nb+nn+sv
data,hr,B1,1088,Gesellschaft,sabiedrība,Општество,FAMILY_COPY_STRICT,hr+mk+sr
data,mk,B1,1088,Gesellschaft,sabiedrība,Општество,FAMILY_COPY_STRICT,hr+mk+sr
data,sr,B1,1088,Gesellschaft,sabiedrība,Општество,FAMILY_COPY_STRICT,hr+mk+sr
data,it,B1,1088,Gesellschaft,sabiedrība,Sabiedrība,FAMILY_COPY_STRICT,it+lb+nl
data,lb,B1,1088,Gesellschaft,sabiedrība,Sabiedrība,FAMILY_COPY_STRICT,it+lb+nl
data,nl,B1,1088,Gesellschaft,sabiedrība,Sabiedrība,FAMILY_COPY_STRICT,it+lb+nl
data,pl,B1,1088,Gesellschaft,sabiedrība,Społeczeństwo,FAMILY_COPY_STRICT,pl+sk
data,sk,B1,1088,Gesellschaft,sabiedrība,Społeczeństwo,FAMILY_COPY_STRICT,pl+sk
data,sq,B1,1088,Gesellschaft,sabiedrība,Toplum,FAMILY_COPY_STRICT,sq+tr
data,tr,B1,1088,Gesellschaft,sabiedrība,Toplum,FAMILY_COPY_STRICT,sq+tr
data,hr,B1,1089,gespannt,saspringts,Напрегнато,SCRIPT_MISMATCH,
data,hr,B1,1089,gespannt,saspringts,Напрегнато,MARKER_LEAK,foreign_script
data,it,B1,1089,gespannt,saspringts,Saspringts,SAME_AS_LV_CASEFOLD,casefold_only
data,nl,B1,1089,gespannt,saspringts,Saspringts,SAME_AS_LV_CASEFOLD,casefold_only
data,sl,B1,1089,gespannt,saspringts,saspringts,SAME_AS_LV_CASEFOLD,exact
data,sq,B1,1089,gespannt,saspringts,Sıkı,MARKER_LEAK,tr_soft
data,bg,B1,1089,gespannt,saspringts,Напрегнато,FAMILY_COPY_STRICT,bg+hr+mk+sr
data,hr,B1,1089,gespannt,saspringts,Напрегнато,FAMILY_COPY_STRICT,bg+hr+mk+sr
data,mk,B1,1089,gespannt,saspringts,Напрегнато,FAMILY_COPY_STRICT,bg+hr+mk+sr
data,sr,B1,1089,gespannt,saspringts,Напрегнато,FAMILY_COPY_STRICT,bg+hr+mk+sr
data,fi,B1,1089,gespannt,saspringts,Pinges,FAMILY_COPY_STRICT,fi+is+nb+nn+sv
data,is,B1,1089,gespannt,saspringts,Pinges,FAMILY_COPY_STRICT,fi+is+nb+nn+sv
data,nb,B1,1089,gespannt,saspringts,Pinges,FAMILY_COPY_STRICT,fi+is+nb+nn+sv
data,nn,B1,1089,gespannt,saspringts,Pinges,FAMILY_COPY_STRICT,fi+is+nb+nn+sv
data,sv,B1,1089,gespannt,saspringts,Pinges,FAMILY_COPY_STRICT,fi+is+nb+nn+sv
data,it,B1,1089,gespannt,saspringts,Saspringts,FAMILY_COPY_STRICT,it+nl
data,nl,B1,1089,gespannt,saspringts,Saspringts,FAMILY_COPY_STRICT,it+nl
data,sq,B1,1089,gespannt,saspringts,Sıkı,FAMILY_COPY_STRICT,sq+tr
data,tr,B1,1089,gespannt,saspringts,Sıkı,FAMILY_COPY_STRICT,sq+tr
data,hr,B1,1090,Gespenst,spoks,Призрак,SCRIPT_MISMATCH,
data,hr,B1,1090,Gespenst,spoks,Призрак,MARKER_LEAK,foreign_script
data,it,B1,1090,Gespenst,spoks,Spoks,SAME_AS_LV_CASEFOLD,casefold_only
data,lb,B1,1090,Gespenst,spoks,Spoks,SAME_AS_LV_CASEFOLD,casefold_only
data,nl,B1,1090,Gespenst,spoks,Spoks,SAME_AS_LV_CASEFOLD,casefold_only
data,sl,B1,1090,Gespenst,spoks,spoks,SAME_AS_LV_CASEFOLD,exact
data,bg,B1,1090,Gespenst,spoks,Призрак,FAMILY_COPY_STRICT,bg+hr+mk+ru+sr
data,hr,B1,1090,Gespenst,spoks,Призрак,FAMILY_COPY_STRICT,bg+hr+mk+ru+sr
data,mk,B1,1090,Gespenst,spoks,Призрак,FAMILY_COPY_STRICT,bg+hr+mk+ru+sr
data,ru,B1,1090,Gespenst,spoks,Призрак,FAMILY_COPY_STRICT,bg+hr+mk+ru+sr
data,sr,B1,1090,Gespenst,spoks,Призрак,FAMILY_COPY_STRICT,bg+hr+mk+ru+sr
data,cs,B1,1090,Gespenst,spoks,Duch,FAMILY_COPY_STRICT,cs+pl+sk+sq+tr
data,pl,B1,1090,Gespenst,spoks,Duch,FAMILY_COPY_STRICT,cs+pl+sk+sq+tr
data,sk,B1,1090,Gespenst,spoks,Duch,FAMILY_COPY_STRICT,cs+pl+sk+sq+tr
data,sq,B1,1090,Gespenst,spoks,Duch,FAMILY_COPY_STRICT,cs+pl+sk+sq+tr
data,tr,B1,1090,Gespenst,spoks,Duch,FAMILY_COPY_STRICT,cs+pl+sk+sq+tr
data,fi,B1,1090,Gespenst,spoks,Kummitus,FAMILY_COPY_STRICT,fi+is+nb+nn+sv
data,is,B1,1090,Gespenst,spoks,Kummitus,FAMILY_COPY_STRICT,fi+is+nb+nn+sv
data,nb,B1,1090,Gespenst,spoks,Kummitus,FAMILY_COPY_STRICT,fi+is+nb+nn+sv
data,nn,B1,1090,Gespenst,spoks,Kummitus,FAMILY_COPY_STRICT,fi+is+nb+nn+sv
data,sv,B1,1090,Gespenst,spoks,Kummitus,FAMILY_COPY_STRICT,fi+is+nb+nn+sv
data,it,B1,1090,Gespenst,spoks,Spoks,FAMILY_COPY_STRICT,it+lb+nl
data,lb,B1,1090,Gespenst,spoks,Spoks,FAMILY_COPY_STRICT,it+lb+nl
data,nl,B1,1090,Gespenst,spoks,Spoks,FAMILY_COPY_STRICT,it+lb+nl
data,hr,B1,1091,gesprächig,runīgs,Приказлив,SCRIPT_MISMATCH,
data,hr,B1,1091,gesprächig,runīgs,Приказлив,MARKER_LEAK,foreign_script
data,it,B1,1091,gesprächig,runīgs,Runīgs,SAME_AS_LV_CASEFOLD,casefold_only
data,it,B1,1091,gesprächig,runīgs,Runīgs,LV_DIACRITIC,
data,it,B1,1091,gesprächig,runīgs,Runīgs,MARKER_LEAK,lv_macron_consonant
data,lb,B1,1091,gesprächig,runīgs,Runīgs,SAME_AS_LV_CASEFOLD,casefold_only
data,lb,B1,1091,gesprächig,runīgs,Runīgs,LV_DIACRITIC,
data,lb,B1,1091,gesprächig,runīgs,Runīgs,MARKER_LEAK,lv_macron_consonant
data,nl,B1,1091,gesprächig,runīgs,Runīgs,SAME_AS_LV_CASEFOLD,casefold_only
data,nl,B1,1091,gesprächig,runīgs,Runīgs,LV_DIACRITIC,
data,nl,B1,1091,gesprächig,runīgs,Runīgs,MARKER_LEAK,lv_macron_consonant
data,sl,B1,1091,gesprächig,runīgs,runīgs,SAME_AS_LV_CASEFOLD,exact
data,sl,B1,1091,gesprächig,runīgs,runīgs,LV_DIACRITIC,
data,sl,B1,1091,gesprächig,runīgs,runīgs,MARKER_LEAK,lv_macron_consonant
data,bg,B1,1091,gesprächig,runīgs,Приказлив,FAMILY_COPY_STRICT,bg+hr+mk+sr
data,hr,B1,1091,gesprächig,runīgs,Приказлив,FAMILY_COPY_STRICT,bg+hr+mk+sr
data,mk,B1,1091,gesprächig,runīgs,Приказлив,FAMILY_COPY_STRICT,bg+hr+mk+sr
data,sr,B1,1091,gesprächig,runīgs,Приказлив,FAMILY_COPY_STRICT,bg+hr+mk+sr
data,fi,B1,1091,gesprächig,runīgs,Jutukas,FAMILY_COPY_STRICT,fi+is+nb+nn+sv
data,is,B1,1091,gesprächig,runīgs,Jutukas,FAMILY_COPY_STRICT,fi+is+nb+nn+sv
data,nb,B1,1091,gesprächig,runīgs,Jutukas,FAMILY_COPY_STRICT,fi+is+nb+nn+sv
data,nn,B1,1091,gesprächig,runīgs,Jutukas,FAMILY_COPY_STRICT,fi+is+nb+nn+sv
data,sv,B1,1091,gesprächig,runīgs,Jutukas,FAMILY_COPY_STRICT,fi+is+nb+nn+sv
data,it,B1,1091,gesprächig,runīgs,Runīgs,FAMILY_COPY_STRICT,it+lb+nl
data,lb,B1,1091,gesprächig,runīgs,Runīgs,FAMILY_COPY_STRICT,it+lb+nl
data,nl,B1,1091,gesprächig,runīgs,Runīgs,FAMILY_COPY_STRICT,it+lb+nl
data,pl,B1,1091,gesprächig,runīgs,Rozmowny,FAMILY_COPY_STRICT,pl+sk
data,sk,B1,1091,gesprächig,runīgs,Rozmowny,FAMILY_COPY_STRICT,pl+sk
data,sq,B1,1091,gesprächig,runīgs,Geveze,FAMILY_COPY_STRICT,sq+tr
data,tr,B1,1091,gesprächig,runīgs,Geveze,FAMILY_COPY_STRICT,sq+tr
data,it,B1,1092,Gestalt,tēls,Tēls,SAME_AS_LV_CASEFOLD,casefold_only
data,it,B1,1092,Gestalt,tēls,Tēls,LV_DIACRITIC,
data,it,B1,1092,Gestalt,tēls,Tēls,MARKER_LEAK,lv_macron_consonant
data,lb,B1,1092,Gestalt,tēls,Tēls,SAME_AS_LV_CASEFOLD,casefold_only
data,lb,B1,1092,Gestalt,tēls,Tēls,LV_DIACRITIC,
data,lb,B1,1092,Gestalt,tēls,Tēls,MARKER_LEAK,lv_macron_consonant
data,nl,B1,1092,Gestalt,tēls,Tēls,SAME_AS_LV_CASEFOLD,casefold_only
data,nl,B1,1092,Gestalt,tēls,Tēls,LV_DIACRITIC,
data,nl,B1,1092,Gestalt,tēls,Tēls,MARKER_LEAK,lv_macron_consonant
data,sl,B1,1092,Gestalt,tēls,tēls,SAME_AS_LV_CASEFOLD,exact
data,sl,B1,1092,Gestalt,tēls,tēls,LV_DIACRITIC,
data,sl,B1,1092,Gestalt,tēls,tēls,MARKER_LEAK,lv_macron_consonant
data,sr,B1,1092,Gestalt,tēls,Slika,SCRIPT_MISMATCH,sr_as_cyrillic
data,sr,B1,1092,Gestalt,tēls,Slika,MARKER_LEAK,latin_in_cyrillic
data,bg,B1,1092,Gestalt,tēls,Изображение,FAMILY_COPY_STRICT,bg+mk+ru
data,mk,B1,1092,Gestalt,tēls,Изображение,FAMILY_COPY_STRICT,bg+mk+ru
data,ru,B1,1092,Gestalt,tēls,Изображение,FAMILY_COPY_STRICT,bg+mk+ru
data,bs,B1,1092,Gestalt,tēls,Slika,FAMILY_COPY_STRICT,bs+hr+sr
data,hr,B1,1092,Gestalt,tēls,Slika,FAMILY_COPY_STRICT,bs+hr+sr
data,sr,B1,1092,Gestalt,tēls,Slika,FAMILY_COPY_STRICT,bs+hr+sr
data,en,B1,1092,Gestalt,tēls,Image,FAMILY_COPY_STRICT,en+fr
data,fr,B1,1092,Gestalt,tēls,Image,FAMILY_COPY_STRICT,en+fr
data,fi,B1,1092,Gestalt,tēls,Kuju,FAMILY_COPY_STRICT,fi+is+nb+nn+sv
data,is,B1,1092,Gestalt,tēls,Kuju,FAMILY_COPY_STRICT,fi+is+nb+nn+sv
data,nb,B1,1092,Gestalt,tēls,Kuju,FAMILY_COPY_STRICT,fi+is+nb+nn+sv
data,nn,B1,1092,Gestalt,tēls,Kuju,FAMILY_COPY_STRICT,fi+is+nb+nn+sv
data,sv,B1,1092,Gestalt,tēls,Kuju,FAMILY_COPY_STRICT,fi+is+nb+nn+sv
data,it,B1,1092,Gestalt,tēls,Tēls,FAMILY_COPY_STRICT,it+lb+nl
data,lb,B1,1092,Gestalt,tēls,Tēls,FAMILY_COPY_STRICT,it+lb+nl
data,nl,B1,1092,Gestalt,tēls,Tēls,FAMILY_COPY_STRICT,it+lb+nl
data,hr,B1,1093,gestalten,veidot,Създавайте,SCRIPT_MISMATCH,
data,hr,B1,1093,gestalten,veidot,Създавайте,MARKER_LEAK,foreign_script
data,lb,B1,1093,gestalten,veidot,Veidot,SAME_AS_LV_CASEFOLD,casefold_only
data,nl,B1,1093,gestalten,veidot,Veidot,SAME_AS_LV_CASEFOLD,casefold_only
data,pt,B1,1093,gestalten,veidot,Veidot,SAME_AS_LV_CASEFOLD,casefold_only
data,sl,B1,1093,gestalten,veidot,veidot,SAME_AS_LV_CASEFOLD,exact
data,bg,B1,1093,gestalten,veidot,Създавайте,FAMILY_COPY_STRICT,bg+hr+mk+sr
data,hr,B1,1093,gestalten,veidot,Създавайте,FAMILY_COPY_STRICT,bg+hr+mk+sr
data,mk,B1,1093,gestalten,veidot,Създавайте,FAMILY_COPY_STRICT,bg+hr+mk+sr
data,sr,B1,1093,gestalten,veidot,Създавайте,FAMILY_COPY_STRICT,bg+hr+mk+sr
data,fi,B1,1093,gestalten,veidot,Kujundama,FAMILY_COPY_STRICT,fi+is+nb+nn+sv
data,is,B1,1093,gestalten,veidot,Kujundama,FAMILY_COPY_STRICT,fi+is+nb+nn+sv
data,nb,B1,1093,gestalten,veidot,Kujundama,FAMILY_COPY_STRICT,fi+is+nb+nn+sv
data,nn,B1,1093,gestalten,veidot,Kujundama,FAMILY_COPY_STRICT,fi+is+nb+nn+sv
data,sv,B1,1093,gestalten,veidot,Kujundama,FAMILY_COPY_STRICT,fi+is+nb+nn+sv
data,lb,B1,1093,gestalten,veidot,Veidot,FAMILY_COPY_STRICT,lb+nl+pt
data,nl,B1,1093,gestalten,veidot,Veidot,FAMILY_COPY_STRICT,lb+nl+pt
data,pt,B1,1093,gestalten,veidot,Veidot,FAMILY_COPY_STRICT,lb+nl+pt
data,sq,B1,1093,gestalten,veidot,Oluştur,FAMILY_COPY_STRICT,sq+tr
data,tr,B1,1093,gestalten,veidot,Oluştur,FAMILY_COPY_STRICT,sq+tr
data,nl,B1,1094,gestatten,atļaut,Atļaut,SAME_AS_LV_CASEFOLD,casefold_only
data,nl,B1,1094,gestatten,atļaut,Atļaut,LV_DIACRITIC,
data,nl,B1,1094,gestatten,atļaut,Atļaut,MARKER_LEAK,lv_macron_consonant
data,sl,B1,1094,gestatten,atļaut,atļaut,SAME_AS_LV_CASEFOLD,exact
data,sl,B1,1094,gestatten,atļaut,atļaut,LV_DIACRITIC,
data,sl,B1,1094,gestatten,atļaut,atļaut,MARKER_LEAK,lv_macron_consonant
data,sr,B1,1094,gestatten,atļaut,Pusti to,SCRIPT_MISMATCH,sr_as_cyrillic
data,sr,B1,1094,gestatten,atļaut,Pusti to,MARKER_LEAK,latin_in_cyrillic
data,bg,B1,1094,gestatten,atļaut,Нека,FAMILY_COPY_STRICT,bg+mk
data,mk,B1,1094,gestatten,atļaut,Нека,FAMILY_COPY_STRICT,bg+mk
data,fi,B1,1094,gestatten,atļaut,Lubama,FAMILY_COPY_STRICT,fi+is+nb+nn+sv
data,is,B1,1094,gestatten,atļaut,Lubama,FAMILY_COPY_STRICT,fi+is+nb+nn+sv
data,nb,B1,1094,gestatten,atļaut,Lubama,FAMILY_COPY_STRICT,fi+is+nb+nn+sv
data,nn,B1,1094,gestatten,atļaut,Lubama,FAMILY_COPY_STRICT,fi+is+nb+nn+sv
data,sv,B1,1094,gestatten,atļaut,Lubama,FAMILY_COPY_STRICT,fi+is+nb+nn+sv
data,hr,B1,1094,gestatten,atļaut,Pusti to,FAMILY_COPY_STRICT,hr+sr
data,sr,B1,1094,gestatten,atļaut,Pusti to,FAMILY_COPY_STRICT,hr+sr
data,et,B1,1095,Geste,žests,žest,LV_DIACRITIC,
data,fi,B1,1095,Geste,žests,Žest,LV_DIACRITIC,
data,hr,B1,1095,Geste,žests,Жест,SCRIPT_MISMATCH,
data,hr,B1,1095,Geste,žests,Жест,MARKER_LEAK,foreign_script
data,is,B1,1095,Geste,žests,Žest,LV_DIACRITIC,
data,it,B1,1095,Geste,žests,Žests,SAME_AS_LV_CASEFOLD,casefold_only
data,it,B1,1095,Geste,žests,Žests,LV_DIACRITIC,
data,lb,B1,1095,Geste,žests,Žests,SAME_AS_LV_CASEFOLD,casefold_only
data,lb,B1,1095,Geste,žests,Žests,LV_DIACRITIC,
data,nb,B1,1095,Geste,žests,Žest,LV_DIACRITIC,
data,nl,B1,1095,Geste,žests,Žests,SAME_AS_LV_CASEFOLD,casefold_only
data,nl,B1,1095,Geste,žests,Žests,LV_DIACRITIC,
data,nn,B1,1095,Geste,žests,Žest,LV_DIACRITIC,
data,pt,B1,1095,Geste,žests,Žests,SAME_AS_LV_CASEFOLD,casefold_only
data,pt,B1,1095,Geste,žests,Žests,LV_DIACRITIC,
data,sl,B1,1095,Geste,žests,žests,SAME_AS_LV_CASEFOLD,exact
data,sv,B1,1095,Geste,žests,Žest,LV_DIACRITIC,
data,bg,B1,1095,Geste,žests,Жест,FAMILY_COPY_STRICT,bg+hr+mk+ru+sr
data,hr,B1,1095,Geste,žests,Жест,FAMILY_COPY_STRICT,bg+hr+mk+ru+sr
data,mk,B1,1095,Geste,žests,Жест,FAMILY_COPY_STRICT,bg+hr+mk+ru+sr
data,ru,B1,1095,Geste,žests,Жест,FAMILY_COPY_STRICT,bg+hr+mk+ru+sr
data,sr,B1,1095,Geste,žests,Жест,FAMILY_COPY_STRICT,bg+hr+mk+ru+sr
data,bs,B1,1095,Geste,žests,Gest,FAMILY_COPY_STRICT,bs+pl+sk
data,pl,B1,1095,Geste,žests,Gest,FAMILY_COPY_STRICT,bs+pl+sk
data,sk,B1,1095,Geste,žests,Gest,FAMILY_COPY_STRICT,bs+pl+sk
data,fi,B1,1095,Geste,žests,Žest,FAMILY_COPY_STRICT,fi+is+nb+nn+sv
data,is,B1,1095,Geste,žests,Žest,FAMILY_COPY_STRICT,fi+is+nb+nn+sv
data,nb,B1,1095,Geste,žests,Žest,FAMILY_COPY_STRICT,fi+is+nb+nn+sv
data,nn,B1,1095,Geste,žests,Žest,FAMILY_COPY_STRICT,fi+is+nb+nn+sv
data,sv,B1,1095,Geste,žests,Žest,FAMILY_COPY_STRICT,fi+is+nb+nn+sv
data,it,B1,1095,Geste,žests,Žests,FAMILY_COPY_STRICT,it+lb+nl+pt
data,lb,B1,1095,Geste,žests,Žests,FAMILY_COPY_STRICT,it+lb+nl+pt
data,nl,B1,1095,Geste,žests,Žests,FAMILY_COPY_STRICT,it+lb+nl+pt
data,pt,B1,1095,Geste,žests,Žests,FAMILY_COPY_STRICT,it+lb+nl+pt
data,sq,B1,1095,Geste,žests,Hareket,FAMILY_COPY_STRICT,sq+tr
data,tr,B1,1095,Geste,žests,Hareket,FAMILY_COPY_STRICT,sq+tr
data,hr,B1,1096,gestrig,vakardienas,Вчерашната,SCRIPT_MISMATCH,
data,hr,B1,1096,gestrig,vakardienas,Вчерашната,MARKER_LEAK,foreign_script
data,it,B1,1096,gestrig,vakardienas,Vakardienas,SAME_AS_LV_CASEFOLD,casefold_only
data,lb,B1,1096,gestrig,vakardienas,Vakardienas,SAME_AS_LV_CASEFOLD,casefold_only
data,nl,B1,1096,gestrig,vakardienas,Vakardienas,SAME_AS_LV_CASEFOLD,casefold_only
data,pt,B1,1096,gestrig,vakardienas,Vakardienas,SAME_AS_LV_CASEFOLD,casefold_only
data,sk,B1,1096,gestrig,vakardienas,Przeszłość,MARKER_LEAK,pl_l_s_z
data,sl,B1,1096,gestrig,vakardienas,vakardienas,SAME_AS_LV_CASEFOLD,exact
data,bg,B1,1096,gestrig,vakardienas,Вчерашната,FAMILY_COPY_STRICT,bg+hr+mk+sr
data,hr,B1,1096,gestrig,vakardienas,Вчерашната,FAMILY_COPY_STRICT,bg+hr+mk+sr
data,mk,B1,1096,gestrig,vakardienas,Вчерашната,FAMILY_COPY_STRICT,bg+hr+mk+sr
data,sr,B1,1096,gestrig,vakardienas,Вчерашната,FAMILY_COPY_STRICT,bg+hr+mk+sr
data,fi,B1,1096,gestrig,vakardienas,Eilne,FAMILY_COPY_STRICT,fi+is+nb+nn+sv
data,is,B1,1096,gestrig,vakardienas,Eilne,FAMILY_COPY_STRICT,fi+is+nb+nn+sv
data,nb,B1,1096,gestrig,vakardienas,Eilne,FAMILY_COPY_STRICT,fi+is+nb+nn+sv
data,nn,B1,1096,gestrig,vakardienas,Eilne,FAMILY_COPY_STRICT,fi+is+nb+nn+sv
data,sv,B1,1096,gestrig,vakardienas,Eilne,FAMILY_COPY_STRICT,fi+is+nb+nn+sv
data,it,B1,1096,gestrig,vakardienas,Vakardienas,FAMILY_COPY_STRICT,it+lb+nl+pt
data,lb,B1,1096,gestrig,vakardienas,Vakardienas,FAMILY_COPY_STRICT,it+lb+nl+pt
data,nl,B1,1096,gestrig,vakardienas,Vakardienas,FAMILY_COPY_STRICT,it+lb+nl+pt
data,pt,B1,1096,gestrig,vakardienas,Vakardienas,FAMILY_COPY_STRICT,it+lb+nl+pt
data,pl,B1,1096,gestrig,vakardienas,Przeszłość,FAMILY_COPY_STRICT,pl+sk
data,sk,B1,1096,gestrig,vakardienas,Przeszłość,FAMILY_COPY_STRICT,pl+sk
data,sq,B1,1096,gestrig,vakardienas,Geçmiş,FAMILY_COPY_STRICT,sq+tr
data,tr,B1,1096,gestrig,vakardienas,Geçmiş,FAMILY_COPY_STRICT,sq+tr
data,hr,B1,1097,Getreide,labība,Пченка,SCRIPT_MISMATCH,
data,hr,B1,1097,Getreide,labība,Пченка,MARKER_LEAK,foreign_script
data,it,B1,1097,Getreide,labība,Labība,SAME_AS_LV_CASEFOLD,casefold_only
data,it,B1,1097,Getreide,labība,Labība,LV_DIACRITIC,
data,it,B1,1097,Getreide,labība,Labība,MARKER_LEAK,lv_macron_consonant
data,lb,B1,1097,Getreide,labība,Labība,SAME_AS_LV_CASEFOLD,casefold_only
data,lb,B1,1097,Getreide,labība,Labība,LV_DIACRITIC,
data,lb,B1,1097,Getreide,labība,Labība,MARKER_LEAK,lv_macron_consonant
data,nl,B1,1097,Getreide,labība,Labība,SAME_AS_LV_CASEFOLD,casefold_only
data,nl,B1,1097,Getreide,labība,Labība,LV_DIACRITIC,
data,nl,B1,1097,Getreide,labība,Labība,MARKER_LEAK,lv_macron_consonant
data,sl,B1,1097,Getreide,labība,labība,SAME_AS_LV_CASEFOLD,exact
data,sl,B1,1097,Getreide,labība,labība,LV_DIACRITIC,
data,sl,B1,1097,Getreide,labība,labība,MARKER_LEAK,lv_macron_consonant
data,fi,B1,1097,Getreide,labība,Vili,FAMILY_COPY_STRICT,fi+is+nb+nn+sv
data,is,B1,1097,Getreide,labība,Vili,FAMILY_COPY_STRICT,fi+is+nb+nn+sv
data,nb,B1,1097,Getreide,labība,Vili,FAMILY_COPY_STRICT,fi+is+nb+nn+sv
data,nn,B1,1097,Getreide,labība,Vili,FAMILY_COPY_STRICT,fi+is+nb+nn+sv
data,sv,B1,1097,Getreide,labība,Vili,FAMILY_COPY_STRICT,fi+is+nb+nn+sv
data,hr,B1,1097,Getreide,labība,Пченка,FAMILY_COPY_STRICT,hr+mk+sr
data,mk,B1,1097,Getreide,labība,Пченка,FAMILY_COPY_STRICT,hr+mk+sr
data,sr,B1,1097,Getreide,labība,Пченка,FAMILY_COPY_STRICT,hr+mk+sr
data,it,B1,1097,Getreide,labība,Labība,FAMILY_COPY_STRICT,it+lb+nl
data,lb,B1,1097,Getreide,labība,Labība,FAMILY_COPY_STRICT,it+lb+nl
data,nl,B1,1097,Getreide,labība,Labība,FAMILY_COPY_STRICT,it+lb+nl
data,pl,B1,1097,Getreide,labība,Ziarno,FAMILY_COPY_STRICT,pl+sk+sq+tr
data,sk,B1,1097,Getreide,labība,Ziarno,FAMILY_COPY_STRICT,pl+sk+sq+tr
data,sq,B1,1097,Getreide,labība,Ziarno,FAMILY_COPY_STRICT,pl+sk+sq+tr
data,tr,B1,1097,Getreide,labība,Ziarno,FAMILY_COPY_STRICT,pl+sk+sq+tr
data,hr,B1,1098,geübt,ievingrināts,Практикуван,SCRIPT_MISMATCH,
data,hr,B1,1098,geübt,ievingrināts,Практикуван,MARKER_LEAK,foreign_script
data,it,B1,1098,geübt,ievingrināts,Ievingrināts,SAME_AS_LV_CASEFOLD,casefold_only
data,it,B1,1098,geübt,ievingrināts,Ievingrināts,LV_DIACRITIC,
data,it,B1,1098,geübt,ievingrināts,Ievingrināts,MARKER_LEAK,lv_macron_consonant
data,lb,B1,1098,geübt,ievingrināts,Ievingrināts,SAME_AS_LV_CASEFOLD,casefold_only
data,lb,B1,1098,geübt,ievingrināts,Ievingrināts,LV_DIACRITIC,
data,lb,B1,1098,geübt,ievingrināts,Ievingrināts,MARKER_LEAK,lv_macron_consonant
data,nl,B1,1098,geübt,ievingrināts,Ievingrināts,SAME_AS_LV_CASEFOLD,casefold_only
data,nl,B1,1098,geübt,ievingrināts,Ievingrināts,LV_DIACRITIC,
data,nl,B1,1098,geübt,ievingrināts,Ievingrināts,MARKER_LEAK,lv_macron_consonant
data,sl,B1,1098,geübt,ievingrināts,ievingrināts,SAME_AS_LV_CASEFOLD,exact
data,sl,B1,1098,geübt,ievingrināts,ievingrināts,LV_DIACRITIC,
data,sl,B1,1098,geübt,ievingrināts,ievingrināts,MARKER_LEAK,lv_macron_consonant
data,sq,B1,1098,geübt,ievingrināts,Doświadczony,MARKER_LEAK,pl_l_s_z
data,tr,B1,1098,geübt,ievingrināts,Doświadczony,MARKER_LEAK,pl_l_s_z
data,bg,B1,1098,geübt,ievingrināts,Практикуван,FAMILY_COPY_STRICT,bg+hr+mk+sr
data,hr,B1,1098,geübt,ievingrināts,Практикуван,FAMILY_COPY_STRICT,bg+hr+mk+sr
data,mk,B1,1098,geübt,ievingrināts,Практикуван,FAMILY_COPY_STRICT,bg+hr+mk+sr
data,sr,B1,1098,geübt,ievingrināts,Практикуван,FAMILY_COPY_STRICT,bg+hr+mk+sr
data,fi,B1,1098,geübt,ievingrināts,Vilunud,FAMILY_COPY_STRICT,fi+is+nb+nn+sv
data,is,B1,1098,geübt,ievingrināts,Vilunud,FAMILY_COPY_STRICT,fi+is+nb+nn+sv
data,nb,B1,1098,geübt,ievingrināts,Vilunud,FAMILY_COPY_STRICT,fi+is+nb+nn+sv
data,nn,B1,1098,geübt,ievingrināts,Vilunud,FAMILY_COPY_STRICT,fi+is+nb+nn+sv
data,sv,B1,1098,geübt,ievingrināts,Vilunud,FAMILY_COPY_STRICT,fi+is+nb+nn+sv
data,it,B1,1098,geübt,ievingrināts,Ievingrināts,FAMILY_COPY_STRICT,it+lb+nl
data,lb,B1,1098,geübt,ievingrināts,Ievingrināts,FAMILY_COPY_STRICT,it+lb+nl
data,nl,B1,1098,geübt,ievingrināts,Ievingrināts,FAMILY_COPY_STRICT,it+lb+nl
data,pl,B1,1098,geübt,ievingrināts,Doświadczony,FAMILY_COPY_STRICT,pl+sq+tr
data,sq,B1,1098,geübt,ievingrināts,Doświadczony,FAMILY_COPY_STRICT,pl+sq+tr
data,tr,B1,1098,geübt,ievingrināts,Doświadczony,FAMILY_COPY_STRICT,pl+sq+tr
data,hr,B1,1099,Gewächs,augs,Растение,SCRIPT_MISMATCH,
data,hr,B1,1099,Gewächs,augs,Растение,MARKER_LEAK,foreign_script
data,nl,B1,1099,Gewächs,augs,Augs,SAME_AS_LV_CASEFOLD,casefold_only
data,sl,B1,1099,Gewächs,augs,augs,SAME_AS_LV_CASEFOLD,exact
data,bg,B1,1099,Gewächs,augs,Растение,FAMILY_COPY_STRICT,bg+hr+mk+ru+sr
data,hr,B1,1099,Gewächs,augs,Растение,FAMILY_COPY_STRICT,bg+hr+mk+ru+sr
data,mk,B1,1099,Gewächs,augs,Растение,FAMILY_COPY_STRICT,bg+hr+mk+ru+sr
data,ru,B1,1099,Gewächs,augs,Растение,FAMILY_COPY_STRICT,bg+hr+mk+ru+sr
data,sr,B1,1099,Gewächs,augs,Растение,FAMILY_COPY_STRICT,bg+hr+mk+ru+sr
data,fi,B1,1099,Gewächs,augs,Taim,FAMILY_COPY_STRICT,fi+is+nb+nn+sv
data,is,B1,1099,Gewächs,augs,Taim,FAMILY_COPY_STRICT,fi+is+nb+nn+sv
data,nb,B1,1099,Gewächs,augs,Taim,FAMILY_COPY_STRICT,fi+is+nb+nn+sv
data,nn,B1,1099,Gewächs,augs,Taim,FAMILY_COPY_STRICT,fi+is+nb+nn+sv
data,sv,B1,1099,Gewächs,augs,Taim,FAMILY_COPY_STRICT,fi+is+nb+nn+sv
data,it,B1,1099,Gewächs,augs,Agosto,FAMILY_COPY_STRICT,it+pt
data,pt,B1,1099,Gewächs,augs,Agosto,FAMILY_COPY_STRICT,it+pt
data,it,B1,1100,Gewächshaus,siltumnīca,Siltumnīca,SAME_AS_LV_CASEFOLD,casefold_only
data,it,B1,1100,Gewächshaus,siltumnīca,Siltumnīca,LV_DIACRITIC,
data,it,B1,1100,Gewächshaus,siltumnīca,Siltumnīca,MARKER_LEAK,lv_macron_consonant
data,lb,B1,1100,Gewächshaus,siltumnīca,Siltumnīca,SAME_AS_LV_CASEFOLD,casefold_only
data,lb,B1,1100,Gewächshaus,siltumnīca,Siltumnīca,LV_DIACRITIC,
data,lb,B1,1100,Gewächshaus,siltumnīca,Siltumnīca,MARKER_LEAK,lv_macron_consonant
data,nl,B1,1100,Gewächshaus,siltumnīca,Siltumnīca,SAME_AS_LV_CASEFOLD,casefold_only
data,nl,B1,1100,Gewächshaus,siltumnīca,Siltumnīca,LV_DIACRITIC,
data,nl,B1,1100,Gewächshaus,siltumnīca,Siltumnīca,MARKER_LEAK,lv_macron_consonant
data,sl,B1,1100,Gewächshaus,siltumnīca,siltumnīca,SAME_AS_LV_CASEFOLD,exact
data,sl,B1,1100,Gewächshaus,siltumnīca,siltumnīca,LV_DIACRITIC,
data,sl,B1,1100,Gewächshaus,siltumnīca,siltumnīca,MARKER_LEAK,lv_macron_consonant
data,sr,B1,1100,Gewächshaus,siltumnīca,Rastlinjak,SCRIPT_MISMATCH,sr_as_cyrillic
data,sr,B1,1100,Gewächshaus,siltumnīca,Rastlinjak,MARKER_LEAK,latin_in_cyrillic
data,bg,B1,1100,Gewächshaus,siltumnīca,Оранжерия,FAMILY_COPY_STRICT,bg+mk
data,mk,B1,1100,Gewächshaus,siltumnīca,Оранжерия,FAMILY_COPY_STRICT,bg+mk
data,fi,B1,1100,Gewächshaus,siltumnīca,Kasvuhoone,FAMILY_COPY_STRICT,fi+is+nb+nn+sv
data,is,B1,1100,Gewächshaus,siltumnīca,Kasvuhoone,FAMILY_COPY_STRICT,fi+is+nb+nn+sv
data,nb,B1,1100,Gewächshaus,siltumnīca,Kasvuhoone,FAMILY_COPY_STRICT,fi+is+nb+nn+sv
data,nn,B1,1100,Gewächshaus,siltumnīca,Kasvuhoone,FAMILY_COPY_STRICT,fi+is+nb+nn+sv
data,sv,B1,1100,Gewächshaus,siltumnīca,Kasvuhoone,FAMILY_COPY_STRICT,fi+is+nb+nn+sv
data,hr,B1,1100,Gewächshaus,siltumnīca,Rastlinjak,FAMILY_COPY_STRICT,hr+sr
data,sr,B1,1100,Gewächshaus,siltumnīca,Rastlinjak,FAMILY_COPY_STRICT,hr+sr
data,it,B1,1100,Gewächshaus,siltumnīca,Siltumnīca,FAMILY_COPY_STRICT,it+lb+nl
data,lb,B1,1100,Gewächshaus,siltumnīca,Siltumnīca,FAMILY_COPY_STRICT,it+lb+nl
data,nl,B1,1100,Gewächshaus,siltumnīca,Siltumnīca,FAMILY_COPY_STRICT,it+lb+nl
data,pl,B1,1100,Gewächshaus,siltumnīca,Szklarnia,FAMILY_COPY_STRICT,pl+sk+sq+tr
data,sk,B1,1100,Gewächshaus,siltumnīca,Szklarnia,FAMILY_COPY_STRICT,pl+sk+sq+tr
data,sq,B1,1100,Gewächshaus,siltumnīca,Szklarnia,FAMILY_COPY_STRICT,pl+sk+sq+tr
data,tr,B1,1100,Gewächshaus,siltumnīca,Szklarnia,FAMILY_COPY_STRICT,pl+sk+sq+tr
data,hr,B1,1101,Gewalt,vardarbība,Насилие,SCRIPT_MISMATCH,
data,hr,B1,1101,Gewalt,vardarbība,Насилие,MARKER_LEAK,foreign_script
data,it,B1,1101,Gewalt,vardarbība,Vardarbība,SAME_AS_LV_CASEFOLD,casefold_only
data,it,B1,1101,Gewalt,vardarbība,Vardarbība,LV_DIACRITIC,
data,it,B1,1101,Gewalt,vardarbība,Vardarbība,MARKER_LEAK,lv_macron_consonant
data,lb,B1,1101,Gewalt,vardarbība,Vardarbība,SAME_AS_LV_CASEFOLD,casefold_only
data,lb,B1,1101,Gewalt,vardarbība,Vardarbība,LV_DIACRITIC,
data,lb,B1,1101,Gewalt,vardarbība,Vardarbība,MARKER_LEAK,lv_macron_consonant
data,nl,B1,1101,Gewalt,vardarbība,Vardarbība,SAME_AS_LV_CASEFOLD,casefold_only
data,nl,B1,1101,Gewalt,vardarbība,Vardarbība,LV_DIACRITIC,
data,nl,B1,1101,Gewalt,vardarbība,Vardarbība,MARKER_LEAK,lv_macron_consonant
data,sl,B1,1101,Gewalt,vardarbība,vardarbība,SAME_AS_LV_CASEFOLD,exact
data,sl,B1,1101,Gewalt,vardarbība,vardarbība,LV_DIACRITIC,
data,sl,B1,1101,Gewalt,vardarbība,vardarbība,MARKER_LEAK,lv_macron_consonant
data,bg,B1,1101,Gewalt,vardarbība,Насилие,FAMILY_COPY_STRICT,bg+hr+mk+ru+sr
data,hr,B1,1101,Gewalt,vardarbība,Насилие,FAMILY_COPY_STRICT,bg+hr+mk+ru+sr
data,mk,B1,1101,Gewalt,vardarbība,Насилие,FAMILY_COPY_STRICT,bg+hr+mk+ru+sr
data,ru,B1,1101,Gewalt,vardarbība,Насилие,FAMILY_COPY_STRICT,bg+hr+mk+ru+sr
data,sr,B1,1101,Gewalt,vardarbība,Насилие,FAMILY_COPY_STRICT,bg+hr+mk+ru+sr
data,fi,B1,1101,Gewalt,vardarbība,Vägivald,FAMILY_COPY_STRICT,fi+is+nb+nn+sv
data,is,B1,1101,Gewalt,vardarbība,Vägivald,FAMILY_COPY_STRICT,fi+is+nb+nn+sv
data,nb,B1,1101,Gewalt,vardarbība,Vägivald,FAMILY_COPY_STRICT,fi+is+nb+nn+sv
data,nn,B1,1101,Gewalt,vardarbība,Vägivald,FAMILY_COPY_STRICT,fi+is+nb+nn+sv
data,sv,B1,1101,Gewalt,vardarbība,Vägivald,FAMILY_COPY_STRICT,fi+is+nb+nn+sv
data,it,B1,1101,Gewalt,vardarbība,Vardarbība,FAMILY_COPY_STRICT,it+lb+nl
data,lb,B1,1101,Gewalt,vardarbība,Vardarbība,FAMILY_COPY_STRICT,it+lb+nl
data,nl,B1,1101,Gewalt,vardarbība,Vardarbība,FAMILY_COPY_STRICT,it+lb+nl
data,pl,B1,1101,Gewalt,vardarbība,Przemoc,FAMILY_COPY_STRICT,pl+sk+sq+tr
data,sk,B1,1101,Gewalt,vardarbība,Przemoc,FAMILY_COPY_STRICT,pl+sk+sq+tr
data,sq,B1,1101,Gewalt,vardarbība,Przemoc,FAMILY_COPY_STRICT,pl+sk+sq+tr
data,tr,B1,1101,Gewalt,vardarbība,Przemoc,FAMILY_COPY_STRICT,pl+sk+sq+tr
data,hr,B1,1102,gewaltig,milzīgs,Огромен,SCRIPT_MISMATCH,
data,hr,B1,1102,gewaltig,milzīgs,Огромен,MARKER_LEAK,foreign_script
data,lb,B1,1102,gewaltig,milzīgs,Milzīgs,SAME_AS_LV_CASEFOLD,casefold_only
data,lb,B1,1102,gewaltig,milzīgs,Milzīgs,LV_DIACRITIC,
data,lb,B1,1102,gewaltig,milzīgs,Milzīgs,MARKER_LEAK,lv_macron_consonant
data,nl,B1,1102,gewaltig,milzīgs,Milzīgs,SAME_AS_LV_CASEFOLD,casefold_only
data,nl,B1,1102,gewaltig,milzīgs,Milzīgs,LV_DIACRITIC,
data,nl,B1,1102,gewaltig,milzīgs,Milzīgs,MARKER_LEAK,lv_macron_consonant
data,sl,B1,1102,gewaltig,milzīgs,milzīgs,SAME_AS_LV_CASEFOLD,exact
data,sl,B1,1102,gewaltig,milzīgs,milzīgs,LV_DIACRITIC,
data,sl,B1,1102,gewaltig,milzīgs,milzīgs,MARKER_LEAK,lv_macron_consonant
data,bg,B1,1102,gewaltig,milzīgs,Огромен,FAMILY_COPY_STRICT,bg+hr+mk+sr
data,hr,B1,1102,gewaltig,milzīgs,Огромен,FAMILY_COPY_STRICT,bg+hr+mk+sr
data,mk,B1,1102,gewaltig,milzīgs,Огромен,FAMILY_COPY_STRICT,bg+hr+mk+sr
data,sr,B1,1102,gewaltig,milzīgs,Огромен,FAMILY_COPY_STRICT,bg+hr+mk+sr
data,fi,B1,1102,gewaltig,milzīgs,Hiiglaslik,FAMILY_COPY_STRICT,fi+is+nb+nn+sv
data,is,B1,1102,gewaltig,milzīgs,Hiiglaslik,FAMILY_COPY_STRICT,fi+is+nb+nn+sv
data,nb,B1,1102,gewaltig,milzīgs,Hiiglaslik,FAMILY_COPY_STRICT,fi+is+nb+nn+sv
data,nn,B1,1102,gewaltig,milzīgs,Hiiglaslik,FAMILY_COPY_STRICT,fi+is+nb+nn+sv
data,sv,B1,1102,gewaltig,milzīgs,Hiiglaslik,FAMILY_COPY_STRICT,fi+is+nb+nn+sv
data,lb,B1,1102,gewaltig,milzīgs,Milzīgs,FAMILY_COPY_STRICT,lb+nl
data,nl,B1,1102,gewaltig,milzīgs,Milzīgs,FAMILY_COPY_STRICT,lb+nl
data,pl,B1,1102,gewaltig,milzīgs,Ogromny,FAMILY_COPY_STRICT,pl+sk+sq+tr
data,sk,B1,1102,gewaltig,milzīgs,Ogromny,FAMILY_COPY_STRICT,pl+sk+sq+tr
data,sq,B1,1102,gewaltig,milzīgs,Ogromny,FAMILY_COPY_STRICT,pl+sk+sq+tr
data,tr,B1,1102,gewaltig,milzīgs,Ogromny,FAMILY_COPY_STRICT,pl+sk+sq+tr
data,hr,B1,1103,Gewehr,šautene,Пушка,SCRIPT_MISMATCH,
data,hr,B1,1103,Gewehr,šautene,Пушка,MARKER_LEAK,foreign_script
data,it,B1,1103,Gewehr,šautene,Šautene,SAME_AS_LV_CASEFOLD,casefold_only
data,it,B1,1103,Gewehr,šautene,Šautene,LV_DIACRITIC,
data,lb,B1,1103,Gewehr,šautene,Šautene,SAME_AS_LV_CASEFOLD,casefold_only
data,lb,B1,1103,Gewehr,šautene,Šautene,LV_DIACRITIC,
data,nl,B1,1103,Gewehr,šautene,Šautene,SAME_AS_LV_CASEFOLD,casefold_only
data,nl,B1,1103,Gewehr,šautene,Šautene,LV_DIACRITIC,
data,sl,B1,1103,Gewehr,šautene,šautene,SAME_AS_LV_CASEFOLD,exact
data,bg,B1,1103,Gewehr,šautene,Пушка,FAMILY_COPY_STRICT,bg+hr+mk+sr
data,hr,B1,1103,Gewehr,šautene,Пушка,FAMILY_COPY_STRICT,bg+hr+mk+sr
data,mk,B1,1103,Gewehr,šautene,Пушка,FAMILY_COPY_STRICT,bg+hr+mk+sr
data,sr,B1,1103,Gewehr,šautene,Пушка,FAMILY_COPY_STRICT,bg+hr+mk+sr
data,bs,B1,1103,Gewehr,šautene,Puška,FAMILY_COPY_STRICT,bs+cs+sk
data,cs,B1,1103,Gewehr,šautene,Puška,FAMILY_COPY_STRICT,bs+cs+sk
data,sk,B1,1103,Gewehr,šautene,Puška,FAMILY_COPY_STRICT,bs+cs+sk
data,fi,B1,1103,Gewehr,šautene,Püss,FAMILY_COPY_STRICT,fi+is+nb+nn+sv
data,is,B1,1103,Gewehr,šautene,Püss,FAMILY_COPY_STRICT,fi+is+nb+nn+sv
data,nb,B1,1103,Gewehr,šautene,Püss,FAMILY_COPY_STRICT,fi+is+nb+nn+sv
data,nn,B1,1103,Gewehr,šautene,Püss,FAMILY_COPY_STRICT,fi+is+nb+nn+sv
data,sv,B1,1103,Gewehr,šautene,Püss,FAMILY_COPY_STRICT,fi+is+nb+nn+sv
data,it,B1,1103,Gewehr,šautene,Šautene,FAMILY_COPY_STRICT,it+lb+nl
data,lb,B1,1103,Gewehr,šautene,Šautene,FAMILY_COPY_STRICT,it+lb+nl
data,nl,B1,1103,Gewehr,šautene,Šautene,FAMILY_COPY_STRICT,it+lb+nl
data,pl,B1,1103,Gewehr,šautene,Karabin,FAMILY_COPY_STRICT,pl+sq+tr
data,sq,B1,1103,Gewehr,šautene,Karabin,FAMILY_COPY_STRICT,pl+sq+tr
data,tr,B1,1103,Gewehr,šautene,Karabin,FAMILY_COPY_STRICT,pl+sq+tr
data,hr,B1,1104,Gewerkschaft,arodbiedrība,Профсъюз,SCRIPT_MISMATCH,
data,hr,B1,1104,Gewerkschaft,arodbiedrība,Профсъюз,MARKER_LEAK,foreign_script
data,it,B1,1104,Gewerkschaft,arodbiedrība,Arodbiedrība,SAME_AS_LV_CASEFOLD,casefold_only
data,it,B1,1104,Gewerkschaft,arodbiedrība,Arodbiedrība,LV_DIACRITIC,
data,it,B1,1104,Gewerkschaft,arodbiedrība,Arodbiedrība,MARKER_LEAK,lv_macron_consonant
data,lb,B1,1104,Gewerkschaft,arodbiedrība,Arodbiedrība,SAME_AS_LV_CASEFOLD,casefold_only
data,lb,B1,1104,Gewerkschaft,arodbiedrība,Arodbiedrība,LV_DIACRITIC,
data,lb,B1,1104,Gewerkschaft,arodbiedrība,Arodbiedrība,MARKER_LEAK,lv_macron_consonant
data,nl,B1,1104,Gewerkschaft,arodbiedrība,Arodbiedrība,SAME_AS_LV_CASEFOLD,casefold_only
data,nl,B1,1104,Gewerkschaft,arodbiedrība,Arodbiedrība,LV_DIACRITIC,
data,nl,B1,1104,Gewerkschaft,arodbiedrība,Arodbiedrība,MARKER_LEAK,lv_macron_consonant
data,sk,B1,1104,Gewerkschaft,arodbiedrība,Związek zawodowy,MARKER_LEAK,pl_lt_nasal
data,sl,B1,1104,Gewerkschaft,arodbiedrība,arodbiedrība,SAME_AS_LV_CASEFOLD,exact
data,sl,B1,1104,Gewerkschaft,arodbiedrība,arodbiedrība,LV_DIACRITIC,
data,sl,B1,1104,Gewerkschaft,arodbiedrība,arodbiedrība,MARKER_LEAK,lv_macron_consonant
data,bg,B1,1104,Gewerkschaft,arodbiedrība,Профсъюз,FAMILY_COPY_STRICT,bg+hr+mk+sr
data,hr,B1,1104,Gewerkschaft,arodbiedrība,Профсъюз,FAMILY_COPY_STRICT,bg+hr+mk+sr
data,mk,B1,1104,Gewerkschaft,arodbiedrība,Профсъюз,FAMILY_COPY_STRICT,bg+hr+mk+sr
data,sr,B1,1104,Gewerkschaft,arodbiedrība,Профсъюз,FAMILY_COPY_STRICT,bg+hr+mk+sr
data,fi,B1,1104,Gewerkschaft,arodbiedrība,Ametiühing,FAMILY_COPY_STRICT,fi+is+nb+nn+sv
data,is,B1,1104,Gewerkschaft,arodbiedrība,Ametiühing,FAMILY_COPY_STRICT,fi+is+nb+nn+sv
data,nb,B1,1104,Gewerkschaft,arodbiedrība,Ametiühing,FAMILY_COPY_STRICT,fi+is+nb+nn+sv
data,nn,B1,1104,Gewerkschaft,arodbiedrība,Ametiühing,FAMILY_COPY_STRICT,fi+is+nb+nn+sv
data,sv,B1,1104,Gewerkschaft,arodbiedrība,Ametiühing,FAMILY_COPY_STRICT,fi+is+nb+nn+sv
data,it,B1,1104,Gewerkschaft,arodbiedrība,Arodbiedrība,FAMILY_COPY_STRICT,it+lb+nl
data,lb,B1,1104,Gewerkschaft,arodbiedrība,Arodbiedrība,FAMILY_COPY_STRICT,it+lb+nl
data,nl,B1,1104,Gewerkschaft,arodbiedrība,Arodbiedrība,FAMILY_COPY_STRICT,it+lb+nl
data,pl,B1,1104,Gewerkschaft,arodbiedrība,Związek zawodowy,FAMILY_COPY_STRICT,pl+sk
data,sk,B1,1104,Gewerkschaft,arodbiedrība,Związek zawodowy,FAMILY_COPY_STRICT,pl+sk
data,sq,B1,1104,Gewerkschaft,arodbiedrība,Sendika,FAMILY_COPY_STRICT,sq+tr
data,tr,B1,1104,Gewerkschaft,arodbiedrība,Sendika,FAMILY_COPY_STRICT,sq+tr
data,hr,B1,1105,Gewinn,peļņa,Полза,SCRIPT_MISMATCH,
data,hr,B1,1105,Gewinn,peļņa,Полза,MARKER_LEAK,foreign_script
data,it,B1,1105,Gewinn,peļņa,Peņņa,LV_DIACRITIC,
data,it,B1,1105,Gewinn,peļņa,Peņņa,MARKER_LEAK,lv_macron_consonant
data,lb,B1,1105,Gewinn,peļņa,Peļņa,SAME_AS_LV_CASEFOLD,casefold_only
data,lb,B1,1105,Gewinn,peļņa,Peļņa,LV_DIACRITIC,
data,lb,B1,1105,Gewinn,peļņa,Peļņa,MARKER_LEAK,lv_macron_consonant
data,nl,B1,1105,Gewinn,peļņa,Peļņa,SAME_AS_LV_CASEFOLD,casefold_only
data,nl,B1,1105,Gewinn,peļņa,Peļņa,LV_DIACRITIC,
data,nl,B1,1105,Gewinn,peļņa,Peļņa,MARKER_LEAK,lv_macron_consonant
data,sl,B1,1105,Gewinn,peļņa,peļņa,SAME_AS_LV_CASEFOLD,exact
data,sl,B1,1105,Gewinn,peļņa,peļņa,LV_DIACRITIC,
data,sl,B1,1105,Gewinn,peļņa,peļņa,MARKER_LEAK,lv_macron_consonant
data,bg,B1,1105,Gewinn,peļņa,Полза,FAMILY_COPY_STRICT,bg+hr+mk+sr
data,hr,B1,1105,Gewinn,peļņa,Полза,FAMILY_COPY_STRICT,bg+hr+mk+sr
data,mk,B1,1105,Gewinn,peļņa,Полза,FAMILY_COPY_STRICT,bg+hr+mk+sr
data,sr,B1,1105,Gewinn,peļņa,Полза,FAMILY_COPY_STRICT,bg+hr+mk+sr
data,bs,B1,1105,Gewinn,peļņa,Profit,FAMILY_COPY_STRICT,bs+da+en+ro
data,da,B1,1105,Gewinn,peļņa,Profit,FAMILY_COPY_STRICT,bs+da+en+ro
data,en,B1,1105,Gewinn,peļņa,Profit,FAMILY_COPY_STRICT,bs+da+en+ro
data,ro,B1,1105,Gewinn,peļņa,Profit,FAMILY_COPY_STRICT,bs+da+en+ro
data,fi,B1,1105,Gewinn,peļņa,Kasum,FAMILY_COPY_STRICT,fi+is+nb+nn+sv
data,is,B1,1105,Gewinn,peļņa,Kasum,FAMILY_COPY_STRICT,fi+is+nb+nn+sv
data,nb,B1,1105,Gewinn,peļņa,Kasum,FAMILY_COPY_STRICT,fi+is+nb+nn+sv
