tree,lang,level,index,de,lv,value,check,detail
data,it,B1,2745,Sternbild,zvaigznājs,Zvaigznājs,SAME_AS_LV_CASEFOLD,casefold_only
data,it,B1,2745,Sternbild,zvaigznājs,Zvaigznājs,LV_DIACRITIC,
data,it,B1,2745,Sternbild,zvaigznājs,Zvaigznājs,MARKER_LEAK,lv_macron_consonant
data,lb,B1,2745,Sternbild,zvaigznājs,Zvaigznājs,SAME_AS_LV_CASEFOLD,casefold_only
data,lb,B1,2745,Sternbild,zvaigznājs,Zvaigznājs,LV_DIACRITIC,
data,lb,B1,2745,Sternbild,zvaigznājs,Zvaigznājs,MARKER_LEAK,lv_macron_consonant
data,nl,B1,2745,Sternbild,zvaigznājs,Zvaigznājs,SAME_AS_LV_CASEFOLD,casefold_only
data,nl,B1,2745,Sternbild,zvaigznājs,Zvaigznājs,LV_DIACRITIC,
data,nl,B1,2745,Sternbild,zvaigznājs,Zvaigznājs,MARKER_LEAK,lv_macron_consonant
data,pt,B1,2745,Sternbild,zvaigznājs,Zvaigznājs,SAME_AS_LV_CASEFOLD,casefold_only
data,pt,B1,2745,Sternbild,zvaigznājs,Zvaigznājs,LV_DIACRITIC,
data,pt,B1,2745,Sternbild,zvaigznājs,Zvaigznājs,MARKER_LEAK,lv_macron_consonant
data,sl,B1,2745,Sternbild,zvaigznājs,zvaigznājs,SAME_AS_LV_CASEFOLD,exact
data,sl,B1,2745,Sternbild,zvaigznājs,zvaigznājs,LV_DIACRITIC,
data,sl,B1,2745,Sternbild,zvaigznājs,zvaigznājs,MARKER_LEAK,lv_macron_consonant
data,bg,B1,2745,Sternbild,zvaigznājs,Съзвездие,FAMILY_COPY_STRICT,bg+hr+mk+sr
data,hr,B1,2745,Sternbild,zvaigznājs,Съзвездие,FAMILY_COPY_STRICT,bg+hr+mk+sr
data,mk,B1,2745,Sternbild,zvaigznājs,Съзвездие,FAMILY_COPY_STRICT,bg+hr+mk+sr
data,sr,B1,2745,Sternbild,zvaigznājs,Съзвездие,FAMILY_COPY_STRICT,bg+hr+mk+sr
data,en,B1,2745,Sternbild,zvaigznājs,Constellation,FAMILY_COPY_STRICT,en+fr
data,fr,B1,2745,Sternbild,zvaigznājs,Constellation,FAMILY_COPY_STRICT,en+fr
data,fi,B1,2745,Sternbild,zvaigznājs,Tähtkuju,FAMILY_COPY_STRICT,fi+is+nb+nn+sv
data,is,B1,2745,Sternbild,zvaigznājs,Tähtkuju,FAMILY_COPY_STRICT,fi+is+nb+nn+sv
data,nb,B1,2745,Sternbild,zvaigznājs,Tähtkuju,FAMILY_COPY_STRICT,fi+is+nb+nn+sv
data,nn,B1,2745,Sternbild,zvaigznājs,Tähtkuju,FAMILY_COPY_STRICT,fi+is+nb+nn+sv
data,sv,B1,2745,Sternbild,zvaigznājs,Tähtkuju,FAMILY_COPY_STRICT,fi+is+nb+nn+sv
data,it,B1,2745,Sternbild,zvaigznājs,Zvaigznājs,FAMILY_COPY_STRICT,it+lb+nl+pt
data,lb,B1,2745,Sternbild,zvaigznājs,Zvaigznājs,FAMILY_COPY_STRICT,it+lb+nl+pt
data,nl,B1,2745,Sternbild,zvaigznājs,Zvaigznājs,FAMILY_COPY_STRICT,it+lb+nl+pt
data,pt,B1,2745,Sternbild,zvaigznājs,Zvaigznājs,FAMILY_COPY_STRICT,it+lb+nl+pt
data,pl,B1,2745,Sternbild,zvaigznājs,Konstelacja,FAMILY_COPY_STRICT,pl+sk+sq+tr
data,sk,B1,2745,Sternbild,zvaigznājs,Konstelacja,FAMILY_COPY_STRICT,pl+sk+sq+tr
data,sq,B1,2745,Sternbild,zvaigznājs,Konstelacja,FAMILY_COPY_STRICT,pl+sk+sq+tr
data,tr,B1,2745,Sternbild,zvaigznājs,Konstelacja,FAMILY_COPY_STRICT,pl+sk+sq+tr
data,hr,B1,2746,Sternschnuppe,krītošā zvaigzne,Падаща звезда,SCRIPT_MISMATCH,
data,hr,B1,2746,Sternschnuppe,krītošā zvaigzne,Падаща звезда,MARKER_LEAK,foreign_script
data,it,B1,2746,Sternschnuppe,krītošā zvaigzne,Krītošā zvaigzne,SAME_AS_LV_CASEFOLD,casefold_only
data,it,B1,2746,Sternschnuppe,krītošā zvaigzne,Krītošā zvaigzne,LV_DIACRITIC,
data,it,B1,2746,Sternschnuppe,krītošā zvaigzne,Krītošā zvaigzne,MARKER_LEAK,lv_macron_consonant
data,lb,B1,2746,Sternschnuppe,krītošā zvaigzne,Krītošā zvaigzne,SAME_AS_LV_CASEFOLD,casefold_only
data,lb,B1,2746,Sternschnuppe,krītošā zvaigzne,Krītošā zvaigzne,LV_DIACRITIC,
data,lb,B1,2746,Sternschnuppe,krītošā zvaigzne,Krītošā zvaigzne,MARKER_LEAK,lv_macron_consonant
data,nl,B1,2746,Sternschnuppe,krītošā zvaigzne,Krītošā zvaigzne,SAME_AS_LV_CASEFOLD,casefold_only
data,nl,B1,2746,Sternschnuppe,krītošā zvaigzne,Krītošā zvaigzne,LV_DIACRITIC,
data,nl,B1,2746,Sternschnuppe,krītošā zvaigzne,Krītošā zvaigzne,MARKER_LEAK,lv_macron_consonant
data,pt,B1,2746,Sternschnuppe,krītošā zvaigzne,Krītošā zvaigzne,SAME_AS_LV_CASEFOLD,casefold_only
data,pt,B1,2746,Sternschnuppe,krītošā zvaigzne,Krītošā zvaigzne,LV_DIACRITIC,
data,pt,B1,2746,Sternschnuppe,krītošā zvaigzne,Krītošā zvaigzne,MARKER_LEAK,lv_macron_consonant
data,sk,B1,2746,Sternschnuppe,krītošā zvaigzne,Spadająca gwiazda,MARKER_LEAK,pl_lt_nasal
data,sl,B1,2746,Sternschnuppe,krītošā zvaigzne,krītošā zvaigzne,SAME_AS_LV_CASEFOLD,exact
data,sl,B1,2746,Sternschnuppe,krītošā zvaigzne,krītošā zvaigzne,LV_DIACRITIC,
data,sl,B1,2746,Sternschnuppe,krītošā zvaigzne,krītošā zvaigzne,MARKER_LEAK,lv_macron_consonant
data,sq,B1,2746,Sternschnuppe,krītošā zvaigzne,Kayan yıldız,MARKER_LEAK,tr_soft
data,bg,B1,2746,Sternschnuppe,krītošā zvaigzne,Падаща звезда,FAMILY_COPY_STRICT,bg+hr+mk+sr
data,hr,B1,2746,Sternschnuppe,krītošā zvaigzne,Падаща звезда,FAMILY_COPY_STRICT,bg+hr+mk+sr
data,mk,B1,2746,Sternschnuppe,krītošā zvaigzne,Падаща звезда,FAMILY_COPY_STRICT,bg+hr+mk+sr
data,sr,B1,2746,Sternschnuppe,krītošā zvaigzne,Падаща звезда,FAMILY_COPY_STRICT,bg+hr+mk+sr
data,fi,B1,2746,Sternschnuppe,krītošā zvaigzne,Langev täht,FAMILY_COPY_STRICT,fi+is+nb+nn+sv
data,is,B1,2746,Sternschnuppe,krītošā zvaigzne,Langev täht,FAMILY_COPY_STRICT,fi+is+nb+nn+sv
data,nb,B1,2746,Sternschnuppe,krītošā zvaigzne,Langev täht,FAMILY_COPY_STRICT,fi+is+nb+nn+sv
data,nn,B1,2746,Sternschnuppe,krītošā zvaigzne,Langev täht,FAMILY_COPY_STRICT,fi+is+nb+nn+sv
data,sv,B1,2746,Sternschnuppe,krītošā zvaigzne,Langev täht,FAMILY_COPY_STRICT,fi+is+nb+nn+sv
data,it,B1,2746,Sternschnuppe,krītošā zvaigzne,Krītošā zvaigzne,FAMILY_COPY_STRICT,it+lb+nl+pt
data,lb,B1,2746,Sternschnuppe,krītošā zvaigzne,Krītošā zvaigzne,FAMILY_COPY_STRICT,it+lb+nl+pt
data,nl,B1,2746,Sternschnuppe,krītošā zvaigzne,Krītošā zvaigzne,FAMILY_COPY_STRICT,it+lb+nl+pt
data,pt,B1,2746,Sternschnuppe,krītošā zvaigzne,Krītošā zvaigzne,FAMILY_COPY_STRICT,it+lb+nl+pt
data,pl,B1,2746,Sternschnuppe,krītošā zvaigzne,Spadająca gwiazda,FAMILY_COPY_STRICT,pl+sk
data,sk,B1,2746,Sternschnuppe,krītošā zvaigzne,Spadająca gwiazda,FAMILY_COPY_STRICT,pl+sk
data,sq,B1,2746,Sternschnuppe,krītošā zvaigzne,Kayan yıldız,FAMILY_COPY_STRICT,sq+tr
data,tr,B1,2746,Sternschnuppe,krītošā zvaigzne,Kayan yıldız,FAMILY_COPY_STRICT,sq+tr
data,hr,B1,2747,Sternwarte,observatorija,Обсерватория,SCRIPT_MISMATCH,
data,hr,B1,2747,Sternwarte,observatorija,Обсерватория,MARKER_LEAK,foreign_script
data,it,B1,2747,Sternwarte,observatorija,Observatorija,SAME_AS_LV_CASEFOLD,casefold_only
data,lb,B1,2747,Sternwarte,observatorija,Observatorija,SAME_AS_LV_CASEFOLD,casefold_only
data,lt,B1,2747,Sternwarte,observatorija,observatorija,SAME_AS_LV_CASEFOLD,exact
data,nl,B1,2747,Sternwarte,observatorija,Observatorija,SAME_AS_LV_CASEFOLD,casefold_only
data,sl,B1,2747,Sternwarte,observatorija,observatorija,SAME_AS_LV_CASEFOLD,exact
data,bg,B1,2747,Sternwarte,observatorija,Обсерватория,FAMILY_COPY_STRICT,bg+hr+mk+ru+sr
data,hr,B1,2747,Sternwarte,observatorija,Обсерватория,FAMILY_COPY_STRICT,bg+hr+mk+ru+sr
data,mk,B1,2747,Sternwarte,observatorija,Обсерватория,FAMILY_COPY_STRICT,bg+hr+mk+ru+sr
data,ru,B1,2747,Sternwarte,observatorija,Обсерватория,FAMILY_COPY_STRICT,bg+hr+mk+ru+sr
data,sr,B1,2747,Sternwarte,observatorija,Обсерватория,FAMILY_COPY_STRICT,bg+hr+mk+ru+sr
data,fi,B1,2747,Sternwarte,observatorija,Observatoorium,FAMILY_COPY_STRICT,fi+is+nb+nn+sv
data,is,B1,2747,Sternwarte,observatorija,Observatoorium,FAMILY_COPY_STRICT,fi+is+nb+nn+sv
data,nb,B1,2747,Sternwarte,observatorija,Observatoorium,FAMILY_COPY_STRICT,fi+is+nb+nn+sv
data,nn,B1,2747,Sternwarte,observatorija,Observatoorium,FAMILY_COPY_STRICT,fi+is+nb+nn+sv
data,sv,B1,2747,Sternwarte,observatorija,Observatoorium,FAMILY_COPY_STRICT,fi+is+nb+nn+sv
data,it,B1,2747,Sternwarte,observatorija,Observatorija,FAMILY_COPY_STRICT,it+lb+nl
data,lb,B1,2747,Sternwarte,observatorija,Observatorija,FAMILY_COPY_STRICT,it+lb+nl
data,nl,B1,2747,Sternwarte,observatorija,Observatorija,FAMILY_COPY_STRICT,it+lb+nl
data,pl,B1,2747,Sternwarte,observatorija,Obserwatorium,FAMILY_COPY_STRICT,pl+sk+sq+tr
data,sk,B1,2747,Sternwarte,observatorija,Obserwatorium,FAMILY_COPY_STRICT,pl+sk+sq+tr
data,sq,B1,2747,Sternwarte,observatorija,Obserwatorium,FAMILY_COPY_STRICT,pl+sk+sq+tr
data,tr,B1,2747,Sternwarte,observatorija,Obserwatorium,FAMILY_COPY_STRICT,pl+sk+sq+tr
data,hr,B1,2748,stets,vienmēr,Винаги,SCRIPT_MISMATCH,
data,hr,B1,2748,stets,vienmēr,Винаги,MARKER_LEAK,foreign_script
data,sl,B1,2748,stets,vienmēr,vienmēr,SAME_AS_LV_CASEFOLD,exact
data,sl,B1,2748,stets,vienmēr,vienmēr,LV_DIACRITIC,
data,sl,B1,2748,stets,vienmēr,vienmēr,MARKER_LEAK,lv_macron_consonant
data,bg,B1,2748,stets,vienmēr,Винаги,FAMILY_COPY_STRICT,bg+hr+mk+sr
data,hr,B1,2748,stets,vienmēr,Винаги,FAMILY_COPY_STRICT,bg+hr+mk+sr
data,mk,B1,2748,stets,vienmēr,Винаги,FAMILY_COPY_STRICT,bg+hr+mk+sr
data,sr,B1,2748,stets,vienmēr,Винаги,FAMILY_COPY_STRICT,bg+hr+mk+sr
data,cs,B1,2748,stets,vienmēr,Vždy,FAMILY_COPY_STRICT,cs+sk
data,sk,B1,2748,stets,vienmēr,Vždy,FAMILY_COPY_STRICT,cs+sk
data,fi,B1,2748,stets,vienmēr,Alati,FAMILY_COPY_STRICT,fi+is+nb+nn+sv
data,is,B1,2748,stets,vienmēr,Alati,FAMILY_COPY_STRICT,fi+is+nb+nn+sv
data,nb,B1,2748,stets,vienmēr,Alati,FAMILY_COPY_STRICT,fi+is+nb+nn+sv
data,nn,B1,2748,stets,vienmēr,Alati,FAMILY_COPY_STRICT,fi+is+nb+nn+sv
data,sv,B1,2748,stets,vienmēr,Alati,FAMILY_COPY_STRICT,fi+is+nb+nn+sv
data,it,B1,2748,stets,vienmēr,Sempre,FAMILY_COPY_STRICT,it+pt
data,pt,B1,2748,stets,vienmēr,Sempre,FAMILY_COPY_STRICT,it+pt
data,hr,B1,2749,Stewardess,stjuarte,Стјуардеса,SCRIPT_MISMATCH,
data,hr,B1,2749,Stewardess,stjuarte,Стјуардеса,MARKER_LEAK,foreign_script
data,it,B1,2749,Stewardess,stjuarte,Stjuarte,SAME_AS_LV_CASEFOLD,casefold_only
data,lb,B1,2749,Stewardess,stjuarte,Stjuarte,SAME_AS_LV_CASEFOLD,casefold_only
data,nl,B1,2749,Stewardess,stjuarte,Stjuarte,SAME_AS_LV_CASEFOLD,casefold_only
data,pt,B1,2749,Stewardess,stjuarte,Stjuarte,SAME_AS_LV_CASEFOLD,casefold_only
data,sl,B1,2749,Stewardess,stjuarte,stjuarte,SAME_AS_LV_CASEFOLD,exact
data,fi,B1,2749,Stewardess,stjuarte,Stjuardess,FAMILY_COPY_STRICT,fi+is+nb+nn+sv
data,is,B1,2749,Stewardess,stjuarte,Stjuardess,FAMILY_COPY_STRICT,fi+is+nb+nn+sv
data,nb,B1,2749,Stewardess,stjuarte,Stjuardess,FAMILY_COPY_STRICT,fi+is+nb+nn+sv
data,nn,B1,2749,Stewardess,stjuarte,Stjuardess,FAMILY_COPY_STRICT,fi+is+nb+nn+sv
data,sv,B1,2749,Stewardess,stjuarte,Stjuardess,FAMILY_COPY_STRICT,fi+is+nb+nn+sv
data,hr,B1,2749,Stewardess,stjuarte,Стјуардеса,FAMILY_COPY_STRICT,hr+mk+sr
data,mk,B1,2749,Stewardess,stjuarte,Стјуардеса,FAMILY_COPY_STRICT,hr+mk+sr
data,sr,B1,2749,Stewardess,stjuarte,Стјуардеса,FAMILY_COPY_STRICT,hr+mk+sr
data,it,B1,2749,Stewardess,stjuarte,Stjuarte,FAMILY_COPY_STRICT,it+lb+nl+pt
data,lb,B1,2749,Stewardess,stjuarte,Stjuarte,FAMILY_COPY_STRICT,it+lb+nl+pt
data,nl,B1,2749,Stewardess,stjuarte,Stjuarte,FAMILY_COPY_STRICT,it+lb+nl+pt
data,pt,B1,2749,Stewardess,stjuarte,Stjuarte,FAMILY_COPY_STRICT,it+lb+nl+pt
data,pl,B1,2749,Stewardess,stjuarte,Steward,FAMILY_COPY_STRICT,pl+sk+sq+tr
data,sk,B1,2749,Stewardess,stjuarte,Steward,FAMILY_COPY_STRICT,pl+sk+sq+tr
data,sq,B1,2749,Stewardess,stjuarte,Steward,FAMILY_COPY_STRICT,pl+sk+sq+tr
data,tr,B1,2749,Stewardess,stjuarte,Steward,FAMILY_COPY_STRICT,pl+sk+sq+tr
data,hr,B1,2750,Stich,dūriens,Стич,SCRIPT_MISMATCH,
data,hr,B1,2750,Stich,dūriens,Стич,MARKER_LEAK,foreign_script
data,it,B1,2750,Stich,dūriens,Dūriens,SAME_AS_LV_CASEFOLD,casefold_only
data,it,B1,2750,Stich,dūriens,Dūriens,LV_DIACRITIC,
data,it,B1,2750,Stich,dūriens,Dūriens,MARKER_LEAK,lv_u_macron
data,lb,B1,2750,Stich,dūriens,Dūriens,SAME_AS_LV_CASEFOLD,casefold_only
data,lb,B1,2750,Stich,dūriens,Dūriens,LV_DIACRITIC,
data,lb,B1,2750,Stich,dūriens,Dūriens,MARKER_LEAK,lv_u_macron
data,nl,B1,2750,Stich,dūriens,Dūriens,SAME_AS_LV_CASEFOLD,casefold_only
data,nl,B1,2750,Stich,dūriens,Dūriens,LV_DIACRITIC,
data,nl,B1,2750,Stich,dūriens,Dūriens,MARKER_LEAK,lv_u_macron
data,sk,B1,2750,Stich,dūriens,Ścieg,MARKER_LEAK,pl_l_s_z
data,sl,B1,2750,Stich,dūriens,dūriens,SAME_AS_LV_CASEFOLD,exact
data,sl,B1,2750,Stich,dūriens,dūriens,LV_DIACRITIC,
data,sl,B1,2750,Stich,dūriens,dūriens,MARKER_LEAK,lv_u_macron
data,sq,B1,2750,Stich,dūriens,Ścieg,MARKER_LEAK,pl_l_s_z
data,tr,B1,2750,Stich,dūriens,Ścieg,MARKER_LEAK,pl_l_s_z
data,bg,B1,2750,Stich,dūriens,Стич,FAMILY_COPY_STRICT,bg+hr+mk+sr
data,hr,B1,2750,Stich,dūriens,Стич,FAMILY_COPY_STRICT,bg+hr+mk+sr
data,mk,B1,2750,Stich,dūriens,Стич,FAMILY_COPY_STRICT,bg+hr+mk+sr
data,sr,B1,2750,Stich,dūriens,Стич,FAMILY_COPY_STRICT,bg+hr+mk+sr
data,fi,B1,2750,Stich,dūriens,Torge,FAMILY_COPY_STRICT,fi+is+nb+nn+sv
data,is,B1,2750,Stich,dūriens,Torge,FAMILY_COPY_STRICT,fi+is+nb+nn+sv
data,nb,B1,2750,Stich,dūriens,Torge,FAMILY_COPY_STRICT,fi+is+nb+nn+sv
data,nn,B1,2750,Stich,dūriens,Torge,FAMILY_COPY_STRICT,fi+is+nb+nn+sv
data,sv,B1,2750,Stich,dūriens,Torge,FAMILY_COPY_STRICT,fi+is+nb+nn+sv
data,it,B1,2750,Stich,dūriens,Dūriens,FAMILY_COPY_STRICT,it+lb+nl
data,lb,B1,2750,Stich,dūriens,Dūriens,FAMILY_COPY_STRICT,it+lb+nl
data,nl,B1,2750,Stich,dūriens,Dūriens,FAMILY_COPY_STRICT,it+lb+nl
data,pl,B1,2750,Stich,dūriens,Ścieg,FAMILY_COPY_STRICT,pl+sk+sq+tr
data,sk,B1,2750,Stich,dūriens,Ścieg,FAMILY_COPY_STRICT,pl+sk+sq+tr
data,sq,B1,2750,Stich,dūriens,Ścieg,FAMILY_COPY_STRICT,pl+sk+sq+tr
data,tr,B1,2750,Stich,dūriens,Ścieg,FAMILY_COPY_STRICT,pl+sk+sq+tr
data,hr,B1,2751,sticken,izšūt,Бродирай,SCRIPT_MISMATCH,
data,hr,B1,2751,sticken,izšūt,Бродирай,MARKER_LEAK,foreign_script
data,it,B1,2751,sticken,izšūt,Izšūt,SAME_AS_LV_CASEFOLD,casefold_only
data,it,B1,2751,sticken,izšūt,Izšūt,LV_DIACRITIC,
data,it,B1,2751,sticken,izšūt,Izšūt,MARKER_LEAK,lv_u_macron
data,lb,B1,2751,sticken,izšūt,Izšūt,SAME_AS_LV_CASEFOLD,casefold_only
data,lb,B1,2751,sticken,izšūt,Izšūt,LV_DIACRITIC,
data,lb,B1,2751,sticken,izšūt,Izšūt,MARKER_LEAK,lv_u_macron
data,nl,B1,2751,sticken,izšūt,Izšūt,SAME_AS_LV_CASEFOLD,casefold_only
data,nl,B1,2751,sticken,izšūt,Izšūt,LV_DIACRITIC,
data,nl,B1,2751,sticken,izšūt,Izšūt,MARKER_LEAK,lv_u_macron
data,pt,B1,2751,sticken,izšūt,Izšūt,SAME_AS_LV_CASEFOLD,casefold_only
data,pt,B1,2751,sticken,izšūt,Izšūt,LV_DIACRITIC,
data,pt,B1,2751,sticken,izšūt,Izšūt,MARKER_LEAK,lv_u_macron
data,sl,B1,2751,sticken,izšūt,izšūt,SAME_AS_LV_CASEFOLD,exact
data,sl,B1,2751,sticken,izšūt,izšūt,LV_DIACRITIC,
data,sl,B1,2751,sticken,izšūt,izšūt,MARKER_LEAK,lv_u_macron
data,bg,B1,2751,sticken,izšūt,Бродирай,FAMILY_COPY_STRICT,bg+hr+mk+sr
data,hr,B1,2751,sticken,izšūt,Бродирай,FAMILY_COPY_STRICT,bg+hr+mk+sr
data,mk,B1,2751,sticken,izšūt,Бродирай,FAMILY_COPY_STRICT,bg+hr+mk+sr
data,sr,B1,2751,sticken,izšūt,Бродирай,FAMILY_COPY_STRICT,bg+hr+mk+sr
data,fi,B1,2751,sticken,izšūt,Tikkima,FAMILY_COPY_STRICT,fi+is+nb+nn+sv
data,is,B1,2751,sticken,izšūt,Tikkima,FAMILY_COPY_STRICT,fi+is+nb+nn+sv
data,nb,B1,2751,sticken,izšūt,Tikkima,FAMILY_COPY_STRICT,fi+is+nb+nn+sv
data,nn,B1,2751,sticken,izšūt,Tikkima,FAMILY_COPY_STRICT,fi+is+nb+nn+sv
data,sv,B1,2751,sticken,izšūt,Tikkima,FAMILY_COPY_STRICT,fi+is+nb+nn+sv
data,it,B1,2751,sticken,izšūt,Izšūt,FAMILY_COPY_STRICT,it+lb+nl+pt
data,lb,B1,2751,sticken,izšūt,Izšūt,FAMILY_COPY_STRICT,it+lb+nl+pt
data,nl,B1,2751,sticken,izšūt,Izšūt,FAMILY_COPY_STRICT,it+lb+nl+pt
data,pt,B1,2751,sticken,izšūt,Izšūt,FAMILY_COPY_STRICT,it+lb+nl+pt
data,sq,B1,2751,sticken,izšūt,Oyalamak,FAMILY_COPY_STRICT,sq+tr
data,tr,B1,2751,sticken,izšūt,Oyalamak,FAMILY_COPY_STRICT,sq+tr
data,fi,B1,2752,Stiefmutter,pamāte,Võõrasema,MARKER_LEAK,et_otilde
data,hr,B1,2752,Stiefmutter,pamāte,Мащеха,SCRIPT_MISMATCH,
data,hr,B1,2752,Stiefmutter,pamāte,Мащеха,MARKER_LEAK,foreign_script
data,is,B1,2752,Stiefmutter,pamāte,Võõrasema,MARKER_LEAK,et_otilde
data,it,B1,2752,Stiefmutter,pamāte,Pamāte,SAME_AS_LV_CASEFOLD,casefold_only
data,it,B1,2752,Stiefmutter,pamāte,Pamāte,LV_DIACRITIC,
data,it,B1,2752,Stiefmutter,pamāte,Pamāte,MARKER_LEAK,lv_macron_consonant
data,lb,B1,2752,Stiefmutter,pamāte,Pamāte,SAME_AS_LV_CASEFOLD,casefold_only
data,lb,B1,2752,Stiefmutter,pamāte,Pamāte,LV_DIACRITIC,
data,lb,B1,2752,Stiefmutter,pamāte,Pamāte,MARKER_LEAK,lv_macron_consonant
data,nb,B1,2752,Stiefmutter,pamāte,Võõrasema,MARKER_LEAK,et_otilde
data,nl,B1,2752,Stiefmutter,pamāte,Pamāte,SAME_AS_LV_CASEFOLD,casefold_only
data,nl,B1,2752,Stiefmutter,pamāte,Pamāte,LV_DIACRITIC,
data,nl,B1,2752,Stiefmutter,pamāte,Pamāte,MARKER_LEAK,lv_macron_consonant
data,nn,B1,2752,Stiefmutter,pamāte,Võõrasema,MARKER_LEAK,et_otilde
data,sl,B1,2752,Stiefmutter,pamāte,pamāte,SAME_AS_LV_CASEFOLD,exact
data,sl,B1,2752,Stiefmutter,pamāte,pamāte,LV_DIACRITIC,
data,sl,B1,2752,Stiefmutter,pamāte,pamāte,MARKER_LEAK,lv_macron_consonant
data,sv,B1,2752,Stiefmutter,pamāte,Võõrasema,MARKER_LEAK,et_otilde
data,bg,B1,2752,Stiefmutter,pamāte,Мащеха,FAMILY_COPY_STRICT,bg+hr+mk+sr
data,hr,B1,2752,Stiefmutter,pamāte,Мащеха,FAMILY_COPY_STRICT,bg+hr+mk+sr
data,mk,B1,2752,Stiefmutter,pamāte,Мащеха,FAMILY_COPY_STRICT,bg+hr+mk+sr
data,sr,B1,2752,Stiefmutter,pamāte,Мащеха,FAMILY_COPY_STRICT,bg+hr+mk+sr
data,fi,B1,2752,Stiefmutter,pamāte,Võõrasema,FAMILY_COPY_STRICT,fi+is+nb+nn+sv
data,is,B1,2752,Stiefmutter,pamāte,Võõrasema,FAMILY_COPY_STRICT,fi+is+nb+nn+sv
data,nb,B1,2752,Stiefmutter,pamāte,Võõrasema,FAMILY_COPY_STRICT,fi+is+nb+nn+sv
data,nn,B1,2752,Stiefmutter,pamāte,Võõrasema,FAMILY_COPY_STRICT,fi+is+nb+nn+sv
data,sv,B1,2752,Stiefmutter,pamāte,Võõrasema,FAMILY_COPY_STRICT,fi+is+nb+nn+sv
data,it,B1,2752,Stiefmutter,pamāte,Pamāte,FAMILY_COPY_STRICT,it+lb+nl
data,lb,B1,2752,Stiefmutter,pamāte,Pamāte,FAMILY_COPY_STRICT,it+lb+nl
data,nl,B1,2752,Stiefmutter,pamāte,Pamāte,FAMILY_COPY_STRICT,it+lb+nl
data,pl,B1,2752,Stiefmutter,pamāte,Macocha,FAMILY_COPY_STRICT,pl+sk+sq+tr
data,sk,B1,2752,Stiefmutter,pamāte,Macocha,FAMILY_COPY_STRICT,pl+sk+sq+tr
data,sq,B1,2752,Stiefmutter,pamāte,Macocha,FAMILY_COPY_STRICT,pl+sk+sq+tr
data,tr,B1,2752,Stiefmutter,pamāte,Macocha,FAMILY_COPY_STRICT,pl+sk+sq+tr
data,hr,B1,2753,Stiefsohn,padēls,Доведен син,SCRIPT_MISMATCH,
data,hr,B1,2753,Stiefsohn,padēls,Доведен син,MARKER_LEAK,foreign_script
data,it,B1,2753,Stiefsohn,padēls,Padēls,SAME_AS_LV_CASEFOLD,casefold_only
data,it,B1,2753,Stiefsohn,padēls,Padēls,LV_DIACRITIC,
data,it,B1,2753,Stiefsohn,padēls,Padēls,MARKER_LEAK,lv_macron_consonant
data,lb,B1,2753,Stiefsohn,padēls,Padēls,SAME_AS_LV_CASEFOLD,casefold_only
data,lb,B1,2753,Stiefsohn,padēls,Padēls,LV_DIACRITIC,
data,lb,B1,2753,Stiefsohn,padēls,Padēls,MARKER_LEAK,lv_macron_consonant
data,nl,B1,2753,Stiefsohn,padēls,Padēls,SAME_AS_LV_CASEFOLD,casefold_only
data,nl,B1,2753,Stiefsohn,padēls,Padēls,LV_DIACRITIC,
data,nl,B1,2753,Stiefsohn,padēls,Padēls,MARKER_LEAK,lv_macron_consonant
data,sl,B1,2753,Stiefsohn,padēls,padēls,SAME_AS_LV_CASEFOLD,exact
data,sl,B1,2753,Stiefsohn,padēls,padēls,LV_DIACRITIC,
data,sl,B1,2753,Stiefsohn,padēls,padēls,MARKER_LEAK,lv_macron_consonant
data,bg,B1,2753,Stiefsohn,padēls,Доведен син,FAMILY_COPY_STRICT,bg+hr+mk+sr
data,hr,B1,2753,Stiefsohn,padēls,Доведен син,FAMILY_COPY_STRICT,bg+hr+mk+sr
data,mk,B1,2753,Stiefsohn,padēls,Доведен син,FAMILY_COPY_STRICT,bg+hr+mk+sr
data,sr,B1,2753,Stiefsohn,padēls,Доведен син,FAMILY_COPY_STRICT,bg+hr+mk+sr
data,fi,B1,2753,Stiefsohn,padēls,Kasupoeg,FAMILY_COPY_STRICT,fi+is+nb+nn+sv
data,is,B1,2753,Stiefsohn,padēls,Kasupoeg,FAMILY_COPY_STRICT,fi+is+nb+nn+sv
data,nb,B1,2753,Stiefsohn,padēls,Kasupoeg,FAMILY_COPY_STRICT,fi+is+nb+nn+sv
data,nn,B1,2753,Stiefsohn,padēls,Kasupoeg,FAMILY_COPY_STRICT,fi+is+nb+nn+sv
data,sv,B1,2753,Stiefsohn,padēls,Kasupoeg,FAMILY_COPY_STRICT,fi+is+nb+nn+sv
data,it,B1,2753,Stiefsohn,padēls,Padēls,FAMILY_COPY_STRICT,it+lb+nl
data,lb,B1,2753,Stiefsohn,padēls,Padēls,FAMILY_COPY_STRICT,it+lb+nl
data,nl,B1,2753,Stiefsohn,padēls,Padēls,FAMILY_COPY_STRICT,it+lb+nl
data,pl,B1,2753,Stiefsohn,padēls,Pasierb,FAMILY_COPY_STRICT,pl+sk+sq+tr
data,sk,B1,2753,Stiefsohn,padēls,Pasierb,FAMILY_COPY_STRICT,pl+sk+sq+tr
data,sq,B1,2753,Stiefsohn,padēls,Pasierb,FAMILY_COPY_STRICT,pl+sk+sq+tr
data,tr,B1,2753,Stiefsohn,padēls,Pasierb,FAMILY_COPY_STRICT,pl+sk+sq+tr
data,hr,B1,2754,Stieftochter,pameita,Чекор ќерка,SCRIPT_MISMATCH,
data,hr,B1,2754,Stieftochter,pameita,Чекор ќерка,MARKER_LEAK,foreign_script
data,it,B1,2754,Stieftochter,pameita,Pameita,SAME_AS_LV_CASEFOLD,casefold_only
data,lb,B1,2754,Stieftochter,pameita,Pameita,SAME_AS_LV_CASEFOLD,casefold_only
data,nl,B1,2754,Stieftochter,pameita,Pameita,SAME_AS_LV_CASEFOLD,casefold_only
data,pt,B1,2754,Stieftochter,pameita,Pameita,SAME_AS_LV_CASEFOLD,casefold_only
data,sl,B1,2754,Stieftochter,pameita,pameita,SAME_AS_LV_CASEFOLD,exact
data,fi,B1,2754,Stieftochter,pameita,Kasutütar,FAMILY_COPY_STRICT,fi+is+nb+nn+sv
data,is,B1,2754,Stieftochter,pameita,Kasutütar,FAMILY_COPY_STRICT,fi+is+nb+nn+sv
data,nb,B1,2754,Stieftochter,pameita,Kasutütar,FAMILY_COPY_STRICT,fi+is+nb+nn+sv
data,nn,B1,2754,Stieftochter,pameita,Kasutütar,FAMILY_COPY_STRICT,fi+is+nb+nn+sv
data,sv,B1,2754,Stieftochter,pameita,Kasutütar,FAMILY_COPY_STRICT,fi+is+nb+nn+sv
data,hr,B1,2754,Stieftochter,pameita,Чекор ќерка,FAMILY_COPY_STRICT,hr+mk+sr
data,mk,B1,2754,Stieftochter,pameita,Чекор ќерка,FAMILY_COPY_STRICT,hr+mk+sr
data,sr,B1,2754,Stieftochter,pameita,Чекор ќерка,FAMILY_COPY_STRICT,hr+mk+sr
data,it,B1,2754,Stieftochter,pameita,Pameita,FAMILY_COPY_STRICT,it+lb+nl+pt
data,lb,B1,2754,Stieftochter,pameita,Pameita,FAMILY_COPY_STRICT,it+lb+nl+pt
data,nl,B1,2754,Stieftochter,pameita,Pameita,FAMILY_COPY_STRICT,it+lb+nl+pt
data,pt,B1,2754,Stieftochter,pameita,Pameita,FAMILY_COPY_STRICT,it+lb+nl+pt
data,pl,B1,2754,Stieftochter,pameita,Pasierbica,FAMILY_COPY_STRICT,pl+sk+sq+tr
data,sk,B1,2754,Stieftochter,pameita,Pasierbica,FAMILY_COPY_STRICT,pl+sk+sq+tr
data,sq,B1,2754,Stieftochter,pameita,Pasierbica,FAMILY_COPY_STRICT,pl+sk+sq+tr
data,tr,B1,2754,Stieftochter,pameita,Pasierbica,FAMILY_COPY_STRICT,pl+sk+sq+tr
data,fi,B1,2755,Stiefvater,patēvs,Võõrasisa,MARKER_LEAK,et_otilde
data,hr,B1,2755,Stiefvater,patēvs,Втори баща,SCRIPT_MISMATCH,
data,hr,B1,2755,Stiefvater,patēvs,Втори баща,MARKER_LEAK,foreign_script
data,is,B1,2755,Stiefvater,patēvs,Võõrasisa,MARKER_LEAK,et_otilde
data,it,B1,2755,Stiefvater,patēvs,Patēvs,SAME_AS_LV_CASEFOLD,casefold_only
data,it,B1,2755,Stiefvater,patēvs,Patēvs,LV_DIACRITIC,
data,it,B1,2755,Stiefvater,patēvs,Patēvs,MARKER_LEAK,lv_macron_consonant
data,lb,B1,2755,Stiefvater,patēvs,Patēvs,SAME_AS_LV_CASEFOLD,casefold_only
data,lb,B1,2755,Stiefvater,patēvs,Patēvs,LV_DIACRITIC,
data,lb,B1,2755,Stiefvater,patēvs,Patēvs,MARKER_LEAK,lv_macron_consonant
data,nb,B1,2755,Stiefvater,patēvs,Võõrasisa,MARKER_LEAK,et_otilde
data,nl,B1,2755,Stiefvater,patēvs,Patēvs,SAME_AS_LV_CASEFOLD,casefold_only
data,nl,B1,2755,Stiefvater,patēvs,Patēvs,LV_DIACRITIC,
data,nl,B1,2755,Stiefvater,patēvs,Patēvs,MARKER_LEAK,lv_macron_consonant
data,nn,B1,2755,Stiefvater,patēvs,Võõrasisa,MARKER_LEAK,et_otilde
data,pt,B1,2755,Stiefvater,patēvs,Patēvs,SAME_AS_LV_CASEFOLD,casefold_only
data,pt,B1,2755,Stiefvater,patēvs,Patēvs,LV_DIACRITIC,
data,pt,B1,2755,Stiefvater,patēvs,Patēvs,MARKER_LEAK,lv_macron_consonant
data,sl,B1,2755,Stiefvater,patēvs,patēvs,SAME_AS_LV_CASEFOLD,exact
data,sl,B1,2755,Stiefvater,patēvs,patēvs,LV_DIACRITIC,
data,sl,B1,2755,Stiefvater,patēvs,patēvs,MARKER_LEAK,lv_macron_consonant
data,sv,B1,2755,Stiefvater,patēvs,Võõrasisa,MARKER_LEAK,et_otilde
data,bg,B1,2755,Stiefvater,patēvs,Втори баща,FAMILY_COPY_STRICT,bg+hr+mk+sr
data,hr,B1,2755,Stiefvater,patēvs,Втори баща,FAMILY_COPY_STRICT,bg+hr+mk+sr
data,mk,B1,2755,Stiefvater,patēvs,Втори баща,FAMILY_COPY_STRICT,bg+hr+mk+sr
data,sr,B1,2755,Stiefvater,patēvs,Втори баща,FAMILY_COPY_STRICT,bg+hr+mk+sr
data,fi,B1,2755,Stiefvater,patēvs,Võõrasisa,FAMILY_COPY_STRICT,fi+is+nb+nn+sv
data,is,B1,2755,Stiefvater,patēvs,Võõrasisa,FAMILY_COPY_STRICT,fi+is+nb+nn+sv
data,nb,B1,2755,Stiefvater,patēvs,Võõrasisa,FAMILY_COPY_STRICT,fi+is+nb+nn+sv
data,nn,B1,2755,Stiefvater,patēvs,Võõrasisa,FAMILY_COPY_STRICT,fi+is+nb+nn+sv
data,sv,B1,2755,Stiefvater,patēvs,Võõrasisa,FAMILY_COPY_STRICT,fi+is+nb+nn+sv
data,it,B1,2755,Stiefvater,patēvs,Patēvs,FAMILY_COPY_STRICT,it+lb+nl+pt
data,lb,B1,2755,Stiefvater,patēvs,Patēvs,FAMILY_COPY_STRICT,it+lb+nl+pt
data,nl,B1,2755,Stiefvater,patēvs,Patēvs,FAMILY_COPY_STRICT,it+lb+nl+pt
data,pt,B1,2755,Stiefvater,patēvs,Patēvs,FAMILY_COPY_STRICT,it+lb+nl+pt
data,pl,B1,2755,Stiefvater,patēvs,Ojczym,FAMILY_COPY_STRICT,pl+sk+sq+tr
data,sk,B1,2755,Stiefvater,patēvs,Ojczym,FAMILY_COPY_STRICT,pl+sk+sq+tr
data,sq,B1,2755,Stiefvater,patēvs,Ojczym,FAMILY_COPY_STRICT,pl+sk+sq+tr
data,tr,B1,2755,Stiefvater,patēvs,Ojczym,FAMILY_COPY_STRICT,pl+sk+sq+tr
data,hr,B1,2756,Stiel,kāts,Корен,SCRIPT_MISMATCH,
data,hr,B1,2756,Stiel,kāts,Корен,MARKER_LEAK,foreign_script
data,it,B1,2756,Stiel,kāts,Kāts,SAME_AS_LV_CASEFOLD,casefold_only
data,it,B1,2756,Stiel,kāts,Kāts,LV_DIACRITIC,
data,it,B1,2756,Stiel,kāts,Kāts,MARKER_LEAK,lv_macron_consonant
data,lb,B1,2756,Stiel,kāts,Kāts,SAME_AS_LV_CASEFOLD,casefold_only
data,lb,B1,2756,Stiel,kāts,Kāts,LV_DIACRITIC,
data,lb,B1,2756,Stiel,kāts,Kāts,MARKER_LEAK,lv_macron_consonant
data,nl,B1,2756,Stiel,kāts,Kāts,SAME_AS_LV_CASEFOLD,casefold_only
data,nl,B1,2756,Stiel,kāts,Kāts,LV_DIACRITIC,
data,nl,B1,2756,Stiel,kāts,Kāts,MARKER_LEAK,lv_macron_consonant
data,sl,B1,2756,Stiel,kāts,kāts,SAME_AS_LV_CASEFOLD,exact
data,sl,B1,2756,Stiel,kāts,kāts,LV_DIACRITIC,
data,sl,B1,2756,Stiel,kāts,kāts,MARKER_LEAK,lv_macron_consonant
data,bg,B1,2756,Stiel,kāts,Корен,FAMILY_COPY_STRICT,bg+hr+mk+sr
data,hr,B1,2756,Stiel,kāts,Корен,FAMILY_COPY_STRICT,bg+hr+mk+sr
data,mk,B1,2756,Stiel,kāts,Корен,FAMILY_COPY_STRICT,bg+hr+mk+sr
data,sr,B1,2756,Stiel,kāts,Корен,FAMILY_COPY_STRICT,bg+hr+mk+sr
data,fi,B1,2756,Stiel,kāts,Vars,FAMILY_COPY_STRICT,fi+is+nb+nn+sv
data,is,B1,2756,Stiel,kāts,Vars,FAMILY_COPY_STRICT,fi+is+nb+nn+sv
data,nb,B1,2756,Stiel,kāts,Vars,FAMILY_COPY_STRICT,fi+is+nb+nn+sv
data,nn,B1,2756,Stiel,kāts,Vars,FAMILY_COPY_STRICT,fi+is+nb+nn+sv
data,sv,B1,2756,Stiel,kāts,Vars,FAMILY_COPY_STRICT,fi+is+nb+nn+sv
data,it,B1,2756,Stiel,kāts,Kāts,FAMILY_COPY_STRICT,it+lb+nl
data,lb,B1,2756,Stiel,kāts,Kāts,FAMILY_COPY_STRICT,it+lb+nl
data,nl,B1,2756,Stiel,kāts,Kāts,FAMILY_COPY_STRICT,it+lb+nl
data,pl,B1,2756,Stiel,kāts,Trzon,FAMILY_COPY_STRICT,pl+sk+sq+tr
data,sk,B1,2756,Stiel,kāts,Trzon,FAMILY_COPY_STRICT,pl+sk+sq+tr
data,sq,B1,2756,Stiel,kāts,Trzon,FAMILY_COPY_STRICT,pl+sk+sq+tr
data,tr,B1,2756,Stiel,kāts,Trzon,FAMILY_COPY_STRICT,pl+sk+sq+tr
data,fi,B1,2757,Stierkampf,vēršu cīņa,Härjavõitlus,MARKER_LEAK,et_otilde
data,hr,B1,2757,Stierkampf,vēršu cīņa,Бикоборство,SCRIPT_MISMATCH,
data,hr,B1,2757,Stierkampf,vēršu cīņa,Бикоборство,MARKER_LEAK,foreign_script
data,is,B1,2757,Stierkampf,vēršu cīņa,Härjavõitlus,MARKER_LEAK,et_otilde
data,it,B1,2757,Stierkampf,vēršu cīņa,Vēršu cīņa,SAME_AS_LV_CASEFOLD,casefold_only
data,it,B1,2757,Stierkampf,vēršu cīņa,Vēršu cīņa,LV_DIACRITIC,
data,it,B1,2757,Stierkampf,vēršu cīņa,Vēršu cīņa,MARKER_LEAK,lv_macron_consonant
data,lb,B1,2757,Stierkampf,vēršu cīņa,Vēršu cīņa,SAME_AS_LV_CASEFOLD,casefold_only
data,lb,B1,2757,Stierkampf,vēršu cīņa,Vēršu cīņa,LV_DIACRITIC,
data,lb,B1,2757,Stierkampf,vēršu cīņa,Vēršu cīņa,MARKER_LEAK,lv_macron_consonant
data,nb,B1,2757,Stierkampf,vēršu cīņa,Härjavõitlus,MARKER_LEAK,et_otilde
data,nl,B1,2757,Stierkampf,vēršu cīņa,Vēršu cīņa,SAME_AS_LV_CASEFOLD,casefold_only
data,nl,B1,2757,Stierkampf,vēršu cīņa,Vēršu cīņa,LV_DIACRITIC,
data,nl,B1,2757,Stierkampf,vēršu cīņa,Vēršu cīņa,MARKER_LEAK,lv_macron_consonant
data,nn,B1,2757,Stierkampf,vēršu cīņa,Härjavõitlus,MARKER_LEAK,et_otilde
data,pt,B1,2757,Stierkampf,vēršu cīņa,Versu cīņa,LV_DIACRITIC,
data,pt,B1,2757,Stierkampf,vēršu cīņa,Versu cīņa,MARKER_LEAK,lv_macron_consonant
data,sl,B1,2757,Stierkampf,vēršu cīņa,vēršu cīņa,SAME_AS_LV_CASEFOLD,exact
data,sl,B1,2757,Stierkampf,vēršu cīņa,vēršu cīņa,LV_DIACRITIC,
data,sl,B1,2757,Stierkampf,vēršu cīņa,vēršu cīņa,MARKER_LEAK,lv_macron_consonant
data,sq,B1,2757,Stierkampf,vēršu cīņa,Boğa güreşi,MARKER_LEAK,tr_soft
data,sv,B1,2757,Stierkampf,vēršu cīņa,Härjavõitlus,MARKER_LEAK,et_otilde
data,bg,B1,2757,Stierkampf,vēršu cīņa,Бикоборство,FAMILY_COPY_STRICT,bg+hr+mk+sr
data,hr,B1,2757,Stierkampf,vēršu cīņa,Бикоборство,FAMILY_COPY_STRICT,bg+hr+mk+sr
data,mk,B1,2757,Stierkampf,vēršu cīņa,Бикоборство,FAMILY_COPY_STRICT,bg+hr+mk+sr
data,sr,B1,2757,Stierkampf,vēršu cīņa,Бикоборство,FAMILY_COPY_STRICT,bg+hr+mk+sr
data,fi,B1,2757,Stierkampf,vēršu cīņa,Härjavõitlus,FAMILY_COPY_STRICT,fi+is+nb+nn+sv
data,is,B1,2757,Stierkampf,vēršu cīņa,Härjavõitlus,FAMILY_COPY_STRICT,fi+is+nb+nn+sv
data,nb,B1,2757,Stierkampf,vēršu cīņa,Härjavõitlus,FAMILY_COPY_STRICT,fi+is+nb+nn+sv
data,nn,B1,2757,Stierkampf,vēršu cīņa,Härjavõitlus,FAMILY_COPY_STRICT,fi+is+nb+nn+sv
data,sv,B1,2757,Stierkampf,vēršu cīņa,Härjavõitlus,FAMILY_COPY_STRICT,fi+is+nb+nn+sv
data,it,B1,2757,Stierkampf,vēršu cīņa,Vēršu cīņa,FAMILY_COPY_STRICT,it+lb+nl
data,lb,B1,2757,Stierkampf,vēršu cīņa,Vēršu cīņa,FAMILY_COPY_STRICT,it+lb+nl
data,nl,B1,2757,Stierkampf,vēršu cīņa,Vēršu cīņa,FAMILY_COPY_STRICT,it+lb+nl
data,pl,B1,2757,Stierkampf,vēršu cīņa,Walka byków,FAMILY_COPY_STRICT,pl+sk
data,sk,B1,2757,Stierkampf,vēršu cīņa,Walka byków,FAMILY_COPY_STRICT,pl+sk
data,sq,B1,2757,Stierkampf,vēršu cīņa,Boğa güreşi,FAMILY_COPY_STRICT,sq+tr
data,tr,B1,2757,Stierkampf,vēršu cīņa,Boğa güreşi,FAMILY_COPY_STRICT,sq+tr
data,nl,B1,2758,Stift,zīmulis,Zīmulis,SAME_AS_LV_CASEFOLD,casefold_only
data,nl,B1,2758,Stift,zīmulis,Zīmulis,LV_DIACRITIC,
data,nl,B1,2758,Stift,zīmulis,Zīmulis,MARKER_LEAK,lv_macron_consonant
data,sl,B1,2758,Stift,zīmulis,zīmulis,SAME_AS_LV_CASEFOLD,exact
data,sl,B1,2758,Stift,zīmulis,zīmulis,LV_DIACRITIC,
data,sl,B1,2758,Stift,zīmulis,zīmulis,MARKER_LEAK,lv_macron_consonant
data,sr,B1,2758,Stift,zīmulis,Svinčnik,LV_DIACRITIC,
data,sr,B1,2758,Stift,zīmulis,Svinčnik,SCRIPT_MISMATCH,sr_as_cyrillic
data,sr,B1,2758,Stift,zīmulis,Svinčnik,MARKER_LEAK,latin_in_cyrillic
data,bg,B1,2758,Stift,zīmulis,Молив,FAMILY_COPY_STRICT,bg+mk
data,mk,B1,2758,Stift,zīmulis,Молив,FAMILY_COPY_STRICT,bg+mk
data,fi,B1,2758,Stift,zīmulis,Pliiats,FAMILY_COPY_STRICT,fi+sv
data,sv,B1,2758,Stift,zīmulis,Pliiats,FAMILY_COPY_STRICT,fi+sv
data,hr,B1,2758,Stift,zīmulis,Svinčnik,FAMILY_COPY_STRICT,hr+sr
data,sr,B1,2758,Stift,zīmulis,Svinčnik,FAMILY_COPY_STRICT,hr+sr
data,is,B1,2758,Stift,zīmulis,Blyanter,FAMILY_COPY_STRICT,is+nb+nn
data,nb,B1,2758,Stift,zīmulis,Blyanter,FAMILY_COPY_STRICT,is+nb+nn
data,nn,B1,2758,Stift,zīmulis,Blyanter,FAMILY_COPY_STRICT,is+nb+nn
data,it,B1,2758,Stift,zīmulis,Zimulis,FAMILY_COPY_STRICT,it+pt
data,pt,B1,2758,Stift,zīmulis,Zimulis,FAMILY_COPY_STRICT,it+pt
data,hr,B1,2759,stiften,dibināt,Инсталирайте,SCRIPT_MISMATCH,
data,hr,B1,2759,stiften,dibināt,Инсталирайте,MARKER_LEAK,foreign_script
data,it,B1,2759,stiften,dibināt,Dibināt,SAME_AS_LV_CASEFOLD,casefold_only
data,it,B1,2759,stiften,dibināt,Dibināt,LV_DIACRITIC,
data,it,B1,2759,stiften,dibināt,Dibināt,MARKER_LEAK,lv_macron_consonant
data,lb,B1,2759,stiften,dibināt,Dibināt,SAME_AS_LV_CASEFOLD,casefold_only
data,lb,B1,2759,stiften,dibināt,Dibināt,LV_DIACRITIC,
data,lb,B1,2759,stiften,dibināt,Dibināt,MARKER_LEAK,lv_macron_consonant
data,nl,B1,2759,stiften,dibināt,Dibināt,SAME_AS_LV_CASEFOLD,casefold_only
data,nl,B1,2759,stiften,dibināt,Dibināt,LV_DIACRITIC,
data,nl,B1,2759,stiften,dibināt,Dibināt,MARKER_LEAK,lv_macron_consonant
data,sl,B1,2759,stiften,dibināt,dibināt,SAME_AS_LV_CASEFOLD,exact
data,sl,B1,2759,stiften,dibināt,dibināt,LV_DIACRITIC,
data,sl,B1,2759,stiften,dibināt,dibināt,MARKER_LEAK,lv_macron_consonant
data,bg,B1,2759,stiften,dibināt,Инсталирайте,FAMILY_COPY_STRICT,bg+hr+mk+sr
data,hr,B1,2759,stiften,dibināt,Инсталирайте,FAMILY_COPY_STRICT,bg+hr+mk+sr
data,mk,B1,2759,stiften,dibināt,Инсталирайте,FAMILY_COPY_STRICT,bg+hr+mk+sr
data,sr,B1,2759,stiften,dibināt,Инсталирайте,FAMILY_COPY_STRICT,bg+hr+mk+sr
data,fi,B1,2759,stiften,dibināt,Asutama,FAMILY_COPY_STRICT,fi+is+nb+nn+sv
data,is,B1,2759,stiften,dibināt,Asutama,FAMILY_COPY_STRICT,fi+is+nb+nn+sv
data,nb,B1,2759,stiften,dibināt,Asutama,FAMILY_COPY_STRICT,fi+is+nb+nn+sv
data,nn,B1,2759,stiften,dibināt,Asutama,FAMILY_COPY_STRICT,fi+is+nb+nn+sv
data,sv,B1,2759,stiften,dibināt,Asutama,FAMILY_COPY_STRICT,fi+is+nb+nn+sv
data,it,B1,2759,stiften,dibināt,Dibināt,FAMILY_COPY_STRICT,it+lb+nl
data,lb,B1,2759,stiften,dibināt,Dibināt,FAMILY_COPY_STRICT,it+lb+nl
data,nl,B1,2759,stiften,dibināt,Dibināt,FAMILY_COPY_STRICT,it+lb+nl
data,pl,B1,2759,stiften,dibināt,Ustalić,FAMILY_COPY_STRICT,pl+sk
data,sk,B1,2759,stiften,dibināt,Ustalić,FAMILY_COPY_STRICT,pl+sk
data,sq,B1,2759,stiften,dibināt,Kurmak,FAMILY_COPY_STRICT,sq+tr
data,tr,B1,2759,stiften,dibināt,Kurmak,FAMILY_COPY_STRICT,sq+tr
data,fr,B1,2760,Stiftung,fonds,Fonds,SAME_AS_LV_CASEFOLD,casefold_only
data,hr,B1,2760,Stiftung,fonds,Фонд,SCRIPT_MISMATCH,
data,hr,B1,2760,Stiftung,fonds,Фонд,MARKER_LEAK,foreign_script
data,it,B1,2760,Stiftung,fonds,Fonds,SAME_AS_LV_CASEFOLD,casefold_only
data,lb,B1,2760,Stiftung,fonds,Fonds,SAME_AS_LV_CASEFOLD,casefold_only
data,nl,B1,2760,Stiftung,fonds,Fonds,SAME_AS_LV_CASEFOLD,casefold_only
data,sl,B1,2760,Stiftung,fonds,fonds,SAME_AS_LV_CASEFOLD,exact
data,uk,B1,2760,Stiftung,fonds,fonds,SAME_AS_LV_CASEFOLD,exact
data,uk,B1,2760,Stiftung,fonds,fonds,SCRIPT_MISMATCH,
data,uk,B1,2760,Stiftung,fonds,fonds,MARKER_LEAK,latin_in_cyrillic
data,bg,B1,2760,Stiftung,fonds,Фонд,FAMILY_COPY_STRICT,bg+hr+mk+ru+sr
data,hr,B1,2760,Stiftung,fonds,Фонд,FAMILY_COPY_STRICT,bg+hr+mk+ru+sr
data,mk,B1,2760,Stiftung,fonds,Фонд,FAMILY_COPY_STRICT,bg+hr+mk+ru+sr
data,ru,B1,2760,Stiftung,fonds,Фонд,FAMILY_COPY_STRICT,bg+hr+mk+ru+sr
data,sr,B1,2760,Stiftung,fonds,Фонд,FAMILY_COPY_STRICT,bg+hr+mk+ru+sr
data,fr,B1,2760,Stiftung,fonds,Fonds,FAMILY_COPY_STRICT,fr+it+lb+nl
data,it,B1,2760,Stiftung,fonds,Fonds,FAMILY_COPY_STRICT,fr+it+lb+nl
data,lb,B1,2760,Stiftung,fonds,Fonds,FAMILY_COPY_STRICT,fr+it+lb+nl
data,nl,B1,2760,Stiftung,fonds,Fonds,FAMILY_COPY_STRICT,fr+it+lb+nl
data,pl,B1,2760,Stiftung,fonds,Fundusz,FAMILY_COPY_STRICT,pl+sk+sq+tr
data,sk,B1,2760,Stiftung,fonds,Fundusz,FAMILY_COPY_STRICT,pl+sk+sq+tr
data,sq,B1,2760,Stiftung,fonds,Fundusz,FAMILY_COPY_STRICT,pl+sk+sq+tr
data,tr,B1,2760,Stiftung,fonds,Fundusz,FAMILY_COPY_STRICT,pl+sk+sq+tr
data,hr,B1,2761,Stille,klusums,Тишина,SCRIPT_MISMATCH,
data,hr,B1,2761,Stille,klusums,Тишина,MARKER_LEAK,foreign_script
data,it,B1,2761,Stille,klusums,Klusums,SAME_AS_LV_CASEFOLD,casefold_only
data,lb,B1,2761,Stille,klusums,Klusums,SAME_AS_LV_CASEFOLD,casefold_only
data,nl,B1,2761,Stille,klusums,Klusums,SAME_AS_LV_CASEFOLD,casefold_only
data,pt,B1,2761,Stille,klusums,Klusums,SAME_AS_LV_CASEFOLD,casefold_only
data,sl,B1,2761,Stille,klusums,klusums,SAME_AS_LV_CASEFOLD,exact
data,bg,B1,2761,Stille,klusums,Тишина,FAMILY_COPY_STRICT,bg+hr+mk+ru+sr
data,hr,B1,2761,Stille,klusums,Тишина,FAMILY_COPY_STRICT,bg+hr+mk+ru+sr
data,mk,B1,2761,Stille,klusums,Тишина,FAMILY_COPY_STRICT,bg+hr+mk+ru+sr
data,ru,B1,2761,Stille,klusums,Тишина,FAMILY_COPY_STRICT,bg+hr+mk+ru+sr
data,sr,B1,2761,Stille,klusums,Тишина,FAMILY_COPY_STRICT,bg+hr+mk+ru+sr
data,fi,B1,2761,Stille,klusums,Vaikus,FAMILY_COPY_STRICT,fi+is+nb+nn+sv
data,is,B1,2761,Stille,klusums,Vaikus,FAMILY_COPY_STRICT,fi+is+nb+nn+sv
data,nb,B1,2761,Stille,klusums,Vaikus,FAMILY_COPY_STRICT,fi+is+nb+nn+sv
data,nn,B1,2761,Stille,klusums,Vaikus,FAMILY_COPY_STRICT,fi+is+nb+nn+sv
data,sv,B1,2761,Stille,klusums,Vaikus,FAMILY_COPY_STRICT,fi+is+nb+nn+sv
data,it,B1,2761,Stille,klusums,Klusums,FAMILY_COPY_STRICT,it+lb+nl+pt
data,lb,B1,2761,Stille,klusums,Klusums,FAMILY_COPY_STRICT,it+lb+nl+pt
data,nl,B1,2761,Stille,klusums,Klusums,FAMILY_COPY_STRICT,it+lb+nl+pt
data,pt,B1,2761,Stille,klusums,Klusums,FAMILY_COPY_STRICT,it+lb+nl+pt
data,pl,B1,2761,Stille,klusums,Cisza,FAMILY_COPY_STRICT,pl+sk+sq+tr
data,sk,B1,2761,Stille,klusums,Cisza,FAMILY_COPY_STRICT,pl+sk+sq+tr
data,sq,B1,2761,Stille,klusums,Cisza,FAMILY_COPY_STRICT,pl+sk+sq+tr
data,tr,B1,2761,Stille,klusums,Cisza,FAMILY_COPY_STRICT,pl+sk+sq+tr
data,hr,B1,2762,stillen,zīdīt,Кърмете,SCRIPT_MISMATCH,
data,hr,B1,2762,stillen,zīdīt,Кърмете,MARKER_LEAK,foreign_script
data,it,B1,2762,stillen,zīdīt,Zīdīt,SAME_AS_LV_CASEFOLD,casefold_only
data,it,B1,2762,stillen,zīdīt,Zīdīt,LV_DIACRITIC,
data,it,B1,2762,stillen,zīdīt,Zīdīt,MARKER_LEAK,lv_macron_consonant
data,lb,B1,2762,stillen,zīdīt,Zīdīt,SAME_AS_LV_CASEFOLD,casefold_only
data,lb,B1,2762,stillen,zīdīt,Zīdīt,LV_DIACRITIC,
data,lb,B1,2762,stillen,zīdīt,Zīdīt,MARKER_LEAK,lv_macron_consonant
data,nl,B1,2762,stillen,zīdīt,Zīdīt,SAME_AS_LV_CASEFOLD,casefold_only
data,nl,B1,2762,stillen,zīdīt,Zīdīt,LV_DIACRITIC,
data,nl,B1,2762,stillen,zīdīt,Zīdīt,MARKER_LEAK,lv_macron_consonant
data,sk,B1,2762,stillen,zīdīt,Karmić piersią,MARKER_LEAK,pl_lt_nasal
data,sl,B1,2762,stillen,zīdīt,zīdīt,SAME_AS_LV_CASEFOLD,exact
data,sl,B1,2762,stillen,zīdīt,zīdīt,LV_DIACRITIC,
data,sl,B1,2762,stillen,zīdīt,zīdīt,MARKER_LEAK,lv_macron_consonant
data,bg,B1,2762,stillen,zīdīt,Кърмете,FAMILY_COPY_STRICT,bg+hr+mk+sr
data,hr,B1,2762,stillen,zīdīt,Кърмете,FAMILY_COPY_STRICT,bg+hr+mk+sr
data,mk,B1,2762,stillen,zīdīt,Кърмете,FAMILY_COPY_STRICT,bg+hr+mk+sr
data,sr,B1,2762,stillen,zīdīt,Кърмете,FAMILY_COPY_STRICT,bg+hr+mk+sr
data,fi,B1,2762,stillen,zīdīt,Imetama,FAMILY_COPY_STRICT,fi+is+nb+nn+sv
data,is,B1,2762,stillen,zīdīt,Imetama,FAMILY_COPY_STRICT,fi+is+nb+nn+sv
data,nb,B1,2762,stillen,zīdīt,Imetama,FAMILY_COPY_STRICT,fi+is+nb+nn+sv
data,nn,B1,2762,stillen,zīdīt,Imetama,FAMILY_COPY_STRICT,fi+is+nb+nn+sv
data,sv,B1,2762,stillen,zīdīt,Imetama,FAMILY_COPY_STRICT,fi+is+nb+nn+sv
data,it,B1,2762,stillen,zīdīt,Zīdīt,FAMILY_COPY_STRICT,it+lb+nl
data,lb,B1,2762,stillen,zīdīt,Zīdīt,FAMILY_COPY_STRICT,it+lb+nl
data,nl,B1,2762,stillen,zīdīt,Zīdīt,FAMILY_COPY_STRICT,it+lb+nl
data,pl,B1,2762,stillen,zīdīt,Karmić piersią,FAMILY_COPY_STRICT,pl+sk
data,sk,B1,2762,stillen,zīdīt,Karmić piersią,FAMILY_COPY_STRICT,pl+sk
data,sq,B1,2762,stillen,zīdīt,Emzirme,FAMILY_COPY_STRICT,sq+tr
data,tr,B1,2762,stillen,zīdīt,Emzirme,FAMILY_COPY_STRICT,sq+tr
data,hr,B1,2763,Stimmabgabe,balsošana,Гласувайте,SCRIPT_MISMATCH,
data,hr,B1,2763,Stimmabgabe,balsošana,Гласувайте,MARKER_LEAK,foreign_script
data,it,B1,2763,Stimmabgabe,balsošana,Balsošana,SAME_AS_LV_CASEFOLD,casefold_only
data,it,B1,2763,Stimmabgabe,balsošana,Balsošana,LV_DIACRITIC,
data,lb,B1,2763,Stimmabgabe,balsošana,Balsošana,SAME_AS_LV_CASEFOLD,casefold_only
data,lb,B1,2763,Stimmabgabe,balsošana,Balsošana,LV_DIACRITIC,
data,nl,B1,2763,Stimmabgabe,balsošana,Balsošana,SAME_AS_LV_CASEFOLD,casefold_only
data,nl,B1,2763,Stimmabgabe,balsošana,Balsošana,LV_DIACRITIC,
data,pt,B1,2763,Stimmabgabe,balsošana,Balsošana,SAME_AS_LV_CASEFOLD,casefold_only
data,pt,B1,2763,Stimmabgabe,balsošana,Balsošana,LV_DIACRITIC,
data,sk,B1,2763,Stimmabgabe,balsošana,Głosowanie,MARKER_LEAK,pl_l_s_z
data,sl,B1,2763,Stimmabgabe,balsošana,balsošana,SAME_AS_LV_CASEFOLD,exact
data,bg,B1,2763,Stimmabgabe,balsošana,Гласувайте,FAMILY_COPY_STRICT,bg+hr+mk+sr
data,hr,B1,2763,Stimmabgabe,balsošana,Гласувайте,FAMILY_COPY_STRICT,bg+hr+mk+sr
data,mk,B1,2763,Stimmabgabe,balsošana,Гласувайте,FAMILY_COPY_STRICT,bg+hr+mk+sr
data,sr,B1,2763,Stimmabgabe,balsošana,Гласувайте,FAMILY_COPY_STRICT,bg+hr+mk+sr
data,fi,B1,2763,Stimmabgabe,balsošana,Hääletamine,FAMILY_COPY_STRICT,fi+is+nb+nn+sv
data,is,B1,2763,Stimmabgabe,balsošana,Hääletamine,FAMILY_COPY_STRICT,fi+is+nb+nn+sv
data,nb,B1,2763,Stimmabgabe,balsošana,Hääletamine,FAMILY_COPY_STRICT,fi+is+nb+nn+sv
data,nn,B1,2763,Stimmabgabe,balsošana,Hääletamine,FAMILY_COPY_STRICT,fi+is+nb+nn+sv
data,sv,B1,2763,Stimmabgabe,balsošana,Hääletamine,FAMILY_COPY_STRICT,fi+is+nb+nn+sv
data,it,B1,2763,Stimmabgabe,balsošana,Balsošana,FAMILY_COPY_STRICT,it+lb+nl+pt
data,lb,B1,2763,Stimmabgabe,balsošana,Balsošana,FAMILY_COPY_STRICT,it+lb+nl+pt
data,nl,B1,2763,Stimmabgabe,balsošana,Balsošana,FAMILY_COPY_STRICT,it+lb+nl+pt
data,pt,B1,2763,Stimmabgabe,balsošana,Balsošana,FAMILY_COPY_STRICT,it+lb+nl+pt
data,pl,B1,2763,Stimmabgabe,balsošana,Głosowanie,FAMILY_COPY_STRICT,pl+sk
data,sk,B1,2763,Stimmabgabe,balsošana,Głosowanie,FAMILY_COPY_STRICT,pl+sk
data,sq,B1,2763,Stimmabgabe,balsošana,Oy,FAMILY_COPY_STRICT,sq+tr
data,tr,B1,2763,Stimmabgabe,balsošana,Oy,FAMILY_COPY_STRICT,sq+tr
data,fi,B1,2764,Stimmrecht,balstiesības,Hääleõigus,MARKER_LEAK,et_otilde
data,hr,B1,2764,Stimmrecht,balstiesības,Право на глас,SCRIPT_MISMATCH,
data,hr,B1,2764,Stimmrecht,balstiesības,Право на глас,MARKER_LEAK,foreign_script
data,is,B1,2764,Stimmrecht,balstiesības,Hääleõigus,MARKER_LEAK,et_otilde
data,it,B1,2764,Stimmrecht,balstiesības,Balstiesības,SAME_AS_LV_CASEFOLD,casefold_only
data,it,B1,2764,Stimmrecht,balstiesības,Balstiesības,LV_DIACRITIC,
data,it,B1,2764,Stimmrecht,balstiesības,Balstiesības,MARKER_LEAK,lv_macron_consonant
data,lb,B1,2764,Stimmrecht,balstiesības,Balstiesības,SAME_AS_LV_CASEFOLD,casefold_only
data,lb,B1,2764,Stimmrecht,balstiesības,Balstiesības,LV_DIACRITIC,
data,lb,B1,2764,Stimmrecht,balstiesības,Balstiesības,MARKER_LEAK,lv_macron_consonant
data,nb,B1,2764,Stimmrecht,balstiesības,Hääleõigus,MARKER_LEAK,et_otilde
data,nl,B1,2764,Stimmrecht,balstiesības,Balstiesības,SAME_AS_LV_CASEFOLD,casefold_only
data,nl,B1,2764,Stimmrecht,balstiesības,Balstiesības,LV_DIACRITIC,
data,nl,B1,2764,Stimmrecht,balstiesības,Balstiesības,MARKER_LEAK,lv_macron_consonant
data,nn,B1,2764,Stimmrecht,balstiesības,Hääleõigus,MARKER_LEAK,et_otilde
data,sk,B1,2764,Stimmrecht,balstiesības,Prawa głosu,MARKER_LEAK,pl_l_s_z
data,sl,B1,2764,Stimmrecht,balstiesības,balstiesības,SAME_AS_LV_CASEFOLD,exact
data,sl,B1,2764,Stimmrecht,balstiesības,balstiesības,LV_DIACRITIC,
data,sl,B1,2764,Stimmrecht,balstiesības,balstiesības,MARKER_LEAK,lv_macron_consonant
data,sq,B1,2764,Stimmrecht,balstiesības,Prawa głosu,MARKER_LEAK,pl_l_s_z
data,sv,B1,2764,Stimmrecht,balstiesības,Hääleõigus,MARKER_LEAK,et_otilde
data,tr,B1,2764,Stimmrecht,balstiesības,Prawa głosu,MARKER_LEAK,pl_l_s_z
data,bg,B1,2764,Stimmrecht,balstiesības,Право на глас,FAMILY_COPY_STRICT,bg+hr+mk+sr
data,hr,B1,2764,Stimmrecht,balstiesības,Право на глас,FAMILY_COPY_STRICT,bg+hr+mk+sr
data,mk,B1,2764,Stimmrecht,balstiesības,Право на глас,FAMILY_COPY_STRICT,bg+hr+mk+sr
data,sr,B1,2764,Stimmrecht,balstiesības,Право на глас,FAMILY_COPY_STRICT,bg+hr+mk+sr
data,fi,B1,2764,Stimmrecht,balstiesības,Hääleõigus,FAMILY_COPY_STRICT,fi+is+nb+nn+sv
data,is,B1,2764,Stimmrecht,balstiesības,Hääleõigus,FAMILY_COPY_STRICT,fi+is+nb+nn+sv
data,nb,B1,2764,Stimmrecht,balstiesības,Hääleõigus,FAMILY_COPY_STRICT,fi+is+nb+nn+sv
data,nn,B1,2764,Stimmrecht,balstiesības,Hääleõigus,FAMILY_COPY_STRICT,fi+is+nb+nn+sv
data,sv,B1,2764,Stimmrecht,balstiesības,Hääleõigus,FAMILY_COPY_STRICT,fi+is+nb+nn+sv
data,it,B1,2764,Stimmrecht,balstiesības,Balstiesības,FAMILY_COPY_STRICT,it+lb+nl
data,lb,B1,2764,Stimmrecht,balstiesības,Balstiesības,FAMILY_COPY_STRICT,it+lb+nl
data,nl,B1,2764,Stimmrecht,balstiesības,Balstiesības,FAMILY_COPY_STRICT,it+lb+nl
data,pl,B1,2764,Stimmrecht,balstiesības,Prawa głosu,FAMILY_COPY_STRICT,pl+sk+sq+tr
data,sk,B1,2764,Stimmrecht,balstiesības,Prawa głosu,FAMILY_COPY_STRICT,pl+sk+sq+tr
data,sq,B1,2764,Stimmrecht,balstiesības,Prawa głosu,FAMILY_COPY_STRICT,pl+sk+sq+tr
data,tr,B1,2764,Stimmrecht,balstiesības,Prawa głosu,FAMILY_COPY_STRICT,pl+sk+sq+tr
data,hr,B1,2765,Stimmung,noskaņojums,Настроение,SCRIPT_MISMATCH,
data,hr,B1,2765,Stimmung,noskaņojums,Настроение,MARKER_LEAK,foreign_script
data,it,B1,2765,Stimmung,noskaņojums,Noskaņojums,SAME_AS_LV_CASEFOLD,casefold_only
data,it,B1,2765,Stimmung,noskaņojums,Noskaņojums,LV_DIACRITIC,
data,it,B1,2765,Stimmung,noskaņojums,Noskaņojums,MARKER_LEAK,lv_macron_consonant
data,lb,B1,2765,Stimmung,noskaņojums,Noskaņojums,SAME_AS_LV_CASEFOLD,casefold_only
data,lb,B1,2765,Stimmung,noskaņojums,Noskaņojums,LV_DIACRITIC,
data,lb,B1,2765,Stimmung,noskaņojums,Noskaņojums,MARKER_LEAK,lv_macron_consonant
data,nl,B1,2765,Stimmung,noskaņojums,Noskaņojums,SAME_AS_LV_CASEFOLD,casefold_only
data,nl,B1,2765,Stimmung,noskaņojums,Noskaņojums,LV_DIACRITIC,
data,nl,B1,2765,Stimmung,noskaņojums,Noskaņojums,MARKER_LEAK,lv_macron_consonant
data,pt,B1,2765,Stimmung,noskaņojums,Noskaņojums,SAME_AS_LV_CASEFOLD,casefold_only
data,pt,B1,2765,Stimmung,noskaņojums,Noskaņojums,LV_DIACRITIC,
data,pt,B1,2765,Stimmung,noskaņojums,Noskaņojums,MARKER_LEAK,lv_macron_consonant
data,sl,B1,2765,Stimmung,noskaņojums,noskaņojums,SAME_AS_LV_CASEFOLD,exact
data,sl,B1,2765,Stimmung,noskaņojums,noskaņojums,LV_DIACRITIC,
data,sl,B1,2765,Stimmung,noskaņojums,noskaņojums,MARKER_LEAK,lv_macron_consonant
data,bg,B1,2765,Stimmung,noskaņojums,Настроение,FAMILY_COPY_STRICT,bg+hr+mk+ru+sr
data,hr,B1,2765,Stimmung,noskaņojums,Настроение,FAMILY_COPY_STRICT,bg+hr+mk+ru+sr
data,mk,B1,2765,Stimmung,noskaņojums,Настроение,FAMILY_COPY_STRICT,bg+hr+mk+ru+sr
data,ru,B1,2765,Stimmung,noskaņojums,Настроение,FAMILY_COPY_STRICT,bg+hr+mk+ru+sr
data,sr,B1,2765,Stimmung,noskaņojums,Настроение,FAMILY_COPY_STRICT,bg+hr+mk+ru+sr
data,fi,B1,2765,Stimmung,noskaņojums,Meeleolu,FAMILY_COPY_STRICT,fi+is+nb+nn+sv
data,is,B1,2765,Stimmung,noskaņojums,Meeleolu,FAMILY_COPY_STRICT,fi+is+nb+nn+sv
data,nb,B1,2765,Stimmung,noskaņojums,Meeleolu,FAMILY_COPY_STRICT,fi+is+nb+nn+sv
data,nn,B1,2765,Stimmung,noskaņojums,Meeleolu,FAMILY_COPY_STRICT,fi+is+nb+nn+sv
data,sv,B1,2765,Stimmung,noskaņojums,Meeleolu,FAMILY_COPY_STRICT,fi+is+nb+nn+sv
data,it,B1,2765,Stimmung,noskaņojums,Noskaņojums,FAMILY_COPY_STRICT,it+lb+nl+pt
data,lb,B1,2765,Stimmung,noskaņojums,Noskaņojums,FAMILY_COPY_STRICT,it+lb+nl+pt
data,nl,B1,2765,Stimmung,noskaņojums,Noskaņojums,FAMILY_COPY_STRICT,it+lb+nl+pt
data,pt,B1,2765,Stimmung,noskaņojums,Noskaņojums,FAMILY_COPY_STRICT,it+lb+nl+pt
data,pl,B1,2765,Stimmung,noskaņojums,Nastrój,FAMILY_COPY_STRICT,pl+sk
data,sk,B1,2765,Stimmung,noskaņojums,Nastrój,FAMILY_COPY_STRICT,pl+sk
data,sq,B1,2765,Stimmung,noskaņojums,Mod,FAMILY_COPY_STRICT,sq+tr
data,tr,B1,2765,Stimmung,noskaņojums,Mod,FAMILY_COPY_STRICT,sq+tr
data,hr,B1,2766,Stimmzettel,vēlēšanu biļetens,Бюлетина,SCRIPT_MISMATCH,
data,hr,B1,2766,Stimmzettel,vēlēšanu biļetens,Бюлетина,MARKER_LEAK,foreign_script
data,it,B1,2766,Stimmzettel,vēlēšanu biļetens,Vēlēšanu biļetens,SAME_AS_LV_CASEFOLD,casefold_only
data,it,B1,2766,Stimmzettel,vēlēšanu biļetens,Vēlēšanu biļetens,LV_DIACRITIC,
data,it,B1,2766,Stimmzettel,vēlēšanu biļetens,Vēlēšanu biļetens,MARKER_LEAK,lv_macron_consonant
data,lb,B1,2766,Stimmzettel,vēlēšanu biļetens,Vēlēšanu biļetens,SAME_AS_LV_CASEFOLD,casefold_only
data,lb,B1,2766,Stimmzettel,vēlēšanu biļetens,Vēlēšanu biļetens,LV_DIACRITIC,
data,lb,B1,2766,Stimmzettel,vēlēšanu biļetens,Vēlēšanu biļetens,MARKER_LEAK,lv_macron_consonant
data,nl,B1,2766,Stimmzettel,vēlēšanu biļetens,Vēlēšanu biļetens,SAME_AS_LV_CASEFOLD,casefold_only
data,nl,B1,2766,Stimmzettel,vēlēšanu biļetens,Vēlēšanu biļetens,LV_DIACRITIC,
data,nl,B1,2766,Stimmzettel,vēlēšanu biļetens,Vēlēšanu biļetens,MARKER_LEAK,lv_macron_consonant
data,pt,B1,2766,Stimmzettel,vēlēšanu biļetens,Vēlēšanu biļetens,SAME_AS_LV_CASEFOLD,casefold_only
data,pt,B1,2766,Stimmzettel,vēlēšanu biļetens,Vēlēšanu biļetens,LV_DIACRITIC,
data,pt,B1,2766,Stimmzettel,vēlēšanu biļetens,Vēlēšanu biļetens,MARKER_LEAK,lv_macron_consonant
data,sk,B1,2766,Stimmzettel,vēlēšanu biļetens,Karta do głosowania,MARKER_LEAK,pl_l_s_z
data,sl,B1,2766,Stimmzettel,vēlēšanu biļetens,vēlēšanu biļetens,SAME_AS_LV_CASEFOLD,exact
data,sl,B1,2766,Stimmzettel,vēlēšanu biļetens,vēlēšanu biļetens,LV_DIACRITIC,
data,sl,B1,2766,Stimmzettel,vēlēšanu biļetens,vēlēšanu biļetens,MARKER_LEAK,lv_macron_consonant
data,sq,B1,2766,Stimmzettel,vēlēšanu biļetens,Oy kartı,MARKER_LEAK,tr_soft
data,bg,B1,2766,Stimmzettel,vēlēšanu biļetens,Бюлетина,FAMILY_COPY_STRICT,bg+hr+mk+sr
data,hr,B1,2766,Stimmzettel,vēlēšanu biļetens,Бюлетина,FAMILY_COPY_STRICT,bg+hr+mk+sr
data,mk,B1,2766,Stimmzettel,vēlēšanu biļetens,Бюлетина,FAMILY_COPY_STRICT,bg+hr+mk+sr
data,sr,B1,2766,Stimmzettel,vēlēšanu biļetens,Бюлетина,FAMILY_COPY_STRICT,bg+hr+mk+sr
data,fi,B1,2766,Stimmzettel,vēlēšanu biļetens,Hääletussedel,FAMILY_COPY_STRICT,fi+is+nb+nn+sv
data,is,B1,2766,Stimmzettel,vēlēšanu biļetens,Hääletussedel,FAMILY_COPY_STRICT,fi+is+nb+nn+sv
data,nb,B1,2766,Stimmzettel,vēlēšanu biļetens,Hääletussedel,FAMILY_COPY_STRICT,fi+is+nb+nn+sv
data,nn,B1,2766,Stimmzettel,vēlēšanu biļetens,Hääletussedel,FAMILY_COPY_STRICT,fi+is+nb+nn+sv
data,sv,B1,2766,Stimmzettel,vēlēšanu biļetens,Hääletussedel,FAMILY_COPY_STRICT,fi+is+nb+nn+sv
data,it,B1,2766,Stimmzettel,vēlēšanu biļetens,Vēlēšanu biļetens,FAMILY_COPY_STRICT,it+lb+nl+pt
data,lb,B1,2766,Stimmzettel,vēlēšanu biļetens,Vēlēšanu biļetens,FAMILY_COPY_STRICT,it+lb+nl+pt
data,nl,B1,2766,Stimmzettel,vēlēšanu biļetens,Vēlēšanu biļetens,FAMILY_COPY_STRICT,it+lb+nl+pt
data,pt,B1,2766,Stimmzettel,vēlēšanu biļetens,Vēlēšanu biļetens,FAMILY_COPY_STRICT,it+lb+nl+pt
data,pl,B1,2766,Stimmzettel,vēlēšanu biļetens,Karta do głosowania,FAMILY_COPY_STRICT,pl+sk
data,sk,B1,2766,Stimmzettel,vēlēšanu biļetens,Karta do głosowania,FAMILY_COPY_STRICT,pl+sk
data,sq,B1,2766,Stimmzettel,vēlēšanu biļetens,Oy kartı,FAMILY_COPY_STRICT,sq+tr
data,tr,B1,2766,Stimmzettel,vēlēšanu biļetens,Oy kartı,FAMILY_COPY_STRICT,sq+tr
data,bs,B1,2767,Stipendium,stipendija,Stipendija,SAME_AS_LV_CASEFOLD,casefold_only
data,hr,B1,2767,Stipendium,stipendija,Стипендия,SCRIPT_MISMATCH,
data,hr,B1,2767,Stipendium,stipendija,Стипендия,MARKER_LEAK,foreign_script
data,it,B1,2767,Stipendium,stipendija,Stipendija,SAME_AS_LV_CASEFOLD,casefold_only
data,lb,B1,2767,Stipendium,stipendija,Stipendija,SAME_AS_LV_CASEFOLD,casefold_only
data,lt,B1,2767,Stipendium,stipendija,stipendija,SAME_AS_LV_CASEFOLD,exact
data,nl,B1,2767,Stipendium,stipendija,Stipendija,SAME_AS_LV_CASEFOLD,casefold_only
data,sl,B1,2767,Stipendium,stipendija,stipendija,SAME_AS_LV_CASEFOLD,exact
data,bg,B1,2767,Stipendium,stipendija,Стипендия,FAMILY_COPY_STRICT,bg+hr+mk+ru+sr
data,hr,B1,2767,Stipendium,stipendija,Стипендия,FAMILY_COPY_STRICT,bg+hr+mk+ru+sr
data,mk,B1,2767,Stipendium,stipendija,Стипендия,FAMILY_COPY_STRICT,bg+hr+mk+ru+sr
data,ru,B1,2767,Stipendium,stipendija,Стипендия,FAMILY_COPY_STRICT,bg+hr+mk+ru+sr
data,sr,B1,2767,Stipendium,stipendija,Стипендия,FAMILY_COPY_STRICT,bg+hr+mk+ru+sr
data,bs,B1,2767,Stipendium,stipendija,Stipendija,FAMILY_COPY_STRICT,bs+it+lb+nl
data,it,B1,2767,Stipendium,stipendija,Stipendija,FAMILY_COPY_STRICT,bs+it+lb+nl
data,lb,B1,2767,Stipendium,stipendija,Stipendija,FAMILY_COPY_STRICT,bs+it+lb+nl
data,nl,B1,2767,Stipendium,stipendija,Stipendija,FAMILY_COPY_STRICT,bs+it+lb+nl
data,pl,B1,2767,Stipendium,stipendija,Stypendium,FAMILY_COPY_STRICT,pl+sk+sq+tr
data,sk,B1,2767,Stipendium,stipendija,Stypendium,FAMILY_COPY_STRICT,pl+sk+sq+tr
data,sq,B1,2767,Stipendium,stipendija,Stypendium,FAMILY_COPY_STRICT,pl+sk+sq+tr
data,tr,B1,2767,Stipendium,stipendija,Stypendium,FAMILY_COPY_STRICT,pl+sk+sq+tr
data,fi,B1,2768,Stöckelschuh,augstpapēžu kurpe,Kõrge kontsaga king,MARKER_LEAK,et_otilde
data,hr,B1,2768,Stöckelschuh,augstpapēžu kurpe,Високи токчета,SCRIPT_MISMATCH,
data,hr,B1,2768,Stöckelschuh,augstpapēžu kurpe,Високи токчета,MARKER_LEAK,foreign_script
data,is,B1,2768,Stöckelschuh,augstpapēžu kurpe,Kõrge kontsaga king,MARKER_LEAK,et_otilde
data,it,B1,2768,Stöckelschuh,augstpapēžu kurpe,Augstpapēžu kurpe,SAME_AS_LV_CASEFOLD,casefold_only
data,it,B1,2768,Stöckelschuh,augstpapēžu kurpe,Augstpapēžu kurpe,LV_DIACRITIC,
data,it,B1,2768,Stöckelschuh,augstpapēžu kurpe,Augstpapēžu kurpe,MARKER_LEAK,lv_macron_consonant
data,lb,B1,2768,Stöckelschuh,augstpapēžu kurpe,Augstpapēžu kurpe,SAME_AS_LV_CASEFOLD,casefold_only
data,lb,B1,2768,Stöckelschuh,augstpapēžu kurpe,Augstpapēžu kurpe,LV_DIACRITIC,
data,lb,B1,2768,Stöckelschuh,augstpapēžu kurpe,Augstpapēžu kurpe,MARKER_LEAK,lv_macron_consonant
data,nb,B1,2768,Stöckelschuh,augstpapēžu kurpe,Kõrge kontsaga king,MARKER_LEAK,et_otilde
data,nl,B1,2768,Stöckelschuh,augstpapēžu kurpe,Augstpapēžu kurpe,SAME_AS_LV_CASEFOLD,casefold_only
data,nl,B1,2768,Stöckelschuh,augstpapēžu kurpe,Augstpapēžu kurpe,LV_DIACRITIC,
data,nl,B1,2768,Stöckelschuh,augstpapēžu kurpe,Augstpapēžu kurpe,MARKER_LEAK,lv_macron_consonant
data,nn,B1,2768,Stöckelschuh,augstpapēžu kurpe,Kõrge kontsaga king,MARKER_LEAK,et_otilde
data,pt,B1,2768,Stöckelschuh,augstpapēžu kurpe,Augstpapēžu kurpe,SAME_AS_LV_CASEFOLD,casefold_only
data,pt,B1,2768,Stöckelschuh,augstpapēžu kurpe,Augstpapēžu kurpe,LV_DIACRITIC,
data,pt,B1,2768,Stöckelschuh,augstpapēžu kurpe,Augstpapēžu kurpe,MARKER_LEAK,lv_macron_consonant
data,sl,B1,2768,Stöckelschuh,augstpapēžu kurpe,augstpapēžu kurpe,SAME_AS_LV_CASEFOLD,exact
data,sl,B1,2768,Stöckelschuh,augstpapēžu kurpe,augstpapēžu kurpe,LV_DIACRITIC,
data,sl,B1,2768,Stöckelschuh,augstpapēžu kurpe,augstpapēžu kurpe,MARKER_LEAK,lv_macron_consonant
data,sv,B1,2768,Stöckelschuh,augstpapēžu kurpe,Kõrge kontsaga king,MARKER_LEAK,et_otilde
data,bg,B1,2768,Stöckelschuh,augstpapēžu kurpe,Високи токчета,FAMILY_COPY_STRICT,bg+hr+mk+sr
data,hr,B1,2768,Stöckelschuh,augstpapēžu kurpe,Високи токчета,FAMILY_COPY_STRICT,bg+hr+mk+sr
data,mk,B1,2768,Stöckelschuh,augstpapēžu kurpe,Високи токчета,FAMILY_COPY_STRICT,bg+hr+mk+sr
data,sr,B1,2768,Stöckelschuh,augstpapēžu kurpe,Високи токчета,FAMILY_COPY_STRICT,bg+hr+mk+sr
data,fi,B1,2768,Stöckelschuh,augstpapēžu kurpe,Kõrge kontsaga king,FAMILY_COPY_STRICT,fi+is+nb+nn+sv
data,is,B1,2768,Stöckelschuh,augstpapēžu kurpe,Kõrge kontsaga king,FAMILY_COPY_STRICT,fi+is+nb+nn+sv
data,nb,B1,2768,Stöckelschuh,augstpapēžu kurpe,Kõrge kontsaga king,FAMILY_COPY_STRICT,fi+is+nb+nn+sv
data,nn,B1,2768,Stöckelschuh,augstpapēžu kurpe,Kõrge kontsaga king,FAMILY_COPY_STRICT,fi+is+nb+nn+sv
data,sv,B1,2768,Stöckelschuh,augstpapēžu kurpe,Kõrge kontsaga king,FAMILY_COPY_STRICT,fi+is+nb+nn+sv
data,it,B1,2768,Stöckelschuh,augstpapēžu kurpe,Augstpapēžu kurpe,FAMILY_COPY_STRICT,it+lb+nl+pt
data,lb,B1,2768,Stöckelschuh,augstpapēžu kurpe,Augstpapēžu kurpe,FAMILY_COPY_STRICT,it+lb+nl+pt
data,nl,B1,2768,Stöckelschuh,augstpapēžu kurpe,Augstpapēžu kurpe,FAMILY_COPY_STRICT,it+lb+nl+pt
data,pt,B1,2768,Stöckelschuh,augstpapēžu kurpe,Augstpapēžu kurpe,FAMILY_COPY_STRICT,it+lb+nl+pt
data,pl,B1,2768,Stöckelschuh,augstpapēžu kurpe,But na wysokim obcasie,FAMILY_COPY_STRICT,pl+sk+sq+tr
data,sk,B1,2768,Stöckelschuh,augstpapēžu kurpe,But na wysokim obcasie,FAMILY_COPY_STRICT,pl+sk+sq+tr
data,sq,B1,2768,Stöckelschuh,augstpapēžu kurpe,But na wysokim obcasie,FAMILY_COPY_STRICT,pl+sk+sq+tr
data,tr,B1,2768,Stöckelschuh,augstpapēžu kurpe,But na wysokim obcasie,FAMILY_COPY_STRICT,pl+sk+sq+tr
data,hr,B1,2769,stöhnen,stenēt,Стон,SCRIPT_MISMATCH,
data,hr,B1,2769,stöhnen,stenēt,Стон,MARKER_LEAK,foreign_script
data,it,B1,2769,stöhnen,stenēt,Stenēt,SAME_AS_LV_CASEFOLD,casefold_only
data,it,B1,2769,stöhnen,stenēt,Stenēt,LV_DIACRITIC,
data,it,B1,2769,stöhnen,stenēt,Stenēt,MARKER_LEAK,lv_macron_consonant
data,lb,B1,2769,stöhnen,stenēt,Stenēt,SAME_AS_LV_CASEFOLD,casefold_only
data,lb,B1,2769,stöhnen,stenēt,Stenēt,LV_DIACRITIC,
data,lb,B1,2769,stöhnen,stenēt,Stenēt,MARKER_LEAK,lv_macron_consonant
data,nl,B1,2769,stöhnen,stenēt,Stenēt,SAME_AS_LV_CASEFOLD,casefold_only
data,nl,B1,2769,stöhnen,stenēt,Stenēt,LV_DIACRITIC,
data,nl,B1,2769,stöhnen,stenēt,Stenēt,MARKER_LEAK,lv_macron_consonant
data,pt,B1,2769,stöhnen,stenēt,Stenēt,SAME_AS_LV_CASEFOLD,casefold_only
data,pt,B1,2769,stöhnen,stenēt,Stenēt,LV_DIACRITIC,
data,pt,B1,2769,stöhnen,stenēt,Stenēt,MARKER_LEAK,lv_macron_consonant
data,sk,B1,2769,stöhnen,stenēt,Jęk,MARKER_LEAK,pl_lt_nasal
data,sl,B1,2769,stöhnen,stenēt,stenēt,SAME_AS_LV_CASEFOLD,exact
data,sl,B1,2769,stöhnen,stenēt,stenēt,LV_DIACRITIC,
data,sl,B1,2769,stöhnen,stenēt,stenēt,MARKER_LEAK,lv_macron_consonant
data,sq,B1,2769,stöhnen,stenēt,İnilti,MARKER_LEAK,tr_soft
data,bg,B1,2769,stöhnen,stenēt,Стон,FAMILY_COPY_STRICT,bg+hr+mk+ru+sr
data,hr,B1,2769,stöhnen,stenēt,Стон,FAMILY_COPY_STRICT,bg+hr+mk+ru+sr
data,mk,B1,2769,stöhnen,stenēt,Стон,FAMILY_COPY_STRICT,bg+hr+mk+ru+sr
data,ru,B1,2769,stöhnen,stenēt,Стон,FAMILY_COPY_STRICT,bg+hr+mk+ru+sr
data,sr,B1,2769,stöhnen,stenēt,Стон,FAMILY_COPY_STRICT,bg+hr+mk+ru+sr
data,fi,B1,2769,stöhnen,stenēt,Oigama,FAMILY_COPY_STRICT,fi+is+nb+nn+sv
data,is,B1,2769,stöhnen,stenēt,Oigama,FAMILY_COPY_STRICT,fi+is+nb+nn+sv
data,nb,B1,2769,stöhnen,stenēt,Oigama,FAMILY_COPY_STRICT,fi+is+nb+nn+sv
data,nn,B1,2769,stöhnen,stenēt,Oigama,FAMILY_COPY_STRICT,fi+is+nb+nn+sv
data,sv,B1,2769,stöhnen,stenēt,Oigama,FAMILY_COPY_STRICT,fi+is+nb+nn+sv
data,it,B1,2769,stöhnen,stenēt,Stenēt,FAMILY_COPY_STRICT,it+lb+nl+pt
data,lb,B1,2769,stöhnen,stenēt,Stenēt,FAMILY_COPY_STRICT,it+lb+nl+pt
data,nl,B1,2769,stöhnen,stenēt,Stenēt,FAMILY_COPY_STRICT,it+lb+nl+pt
data,pt,B1,2769,stöhnen,stenēt,Stenēt,FAMILY_COPY_STRICT,it+lb+nl+pt
data,pl,B1,2769,stöhnen,stenēt,Jęk,FAMILY_COPY_STRICT,pl+sk
data,sk,B1,2769,stöhnen,stenēt,Jęk,FAMILY_COPY_STRICT,pl+sk
data,sq,B1,2769,stöhnen,stenēt,İnilti,FAMILY_COPY_STRICT,sq+tr
data,tr,B1,2769,stöhnen,stenēt,İnilti,FAMILY_COPY_STRICT,sq+tr
data,hr,B1,2770,stolpern,klupt,Се сопнувам,SCRIPT_MISMATCH,
data,hr,B1,2770,stolpern,klupt,Се сопнувам,MARKER_LEAK,foreign_script
data,it,B1,2770,stolpern,klupt,Klupt,SAME_AS_LV_CASEFOLD,casefold_only
data,lb,B1,2770,stolpern,klupt,Klupt,SAME_AS_LV_CASEFOLD,casefold_only
data,nl,B1,2770,stolpern,klupt,Klupt,SAME_AS_LV_CASEFOLD,casefold_only
data,pt,B1,2770,stolpern,klupt,Klupt,SAME_AS_LV_CASEFOLD,casefold_only
data,sk,B1,2770,stolpern,klupt,Potknąć się,MARKER_LEAK,pl_lt_nasal
data,sl,B1,2770,stolpern,klupt,klupt,SAME_AS_LV_CASEFOLD,exact
data,sq,B1,2770,stolpern,klupt,Yanılmak,MARKER_LEAK,tr_soft
data,fi,B1,2770,stolpern,klupt,Komistama,FAMILY_COPY_STRICT,fi+is+nb+nn+sv
data,is,B1,2770,stolpern,klupt,Komistama,FAMILY_COPY_STRICT,fi+is+nb+nn+sv
data,nb,B1,2770,stolpern,klupt,Komistama,FAMILY_COPY_STRICT,fi+is+nb+nn+sv
data,nn,B1,2770,stolpern,klupt,Komistama,FAMILY_COPY_STRICT,fi+is+nb+nn+sv
data,sv,B1,2770,stolpern,klupt,Komistama,FAMILY_COPY_STRICT,fi+is+nb+nn+sv
data,hr,B1,2770,stolpern,klupt,Се сопнувам,FAMILY_COPY_STRICT,hr+mk+sr
data,mk,B1,2770,stolpern,klupt,Се сопнувам,FAMILY_COPY_STRICT,hr+mk+sr
data,sr,B1,2770,stolpern,klupt,Се сопнувам,FAMILY_COPY_STRICT,hr+mk+sr
data,it,B1,2770,stolpern,klupt,Klupt,FAMILY_COPY_STRICT,it+lb+nl+pt
data,lb,B1,2770,stolpern,klupt,Klupt,FAMILY_COPY_STRICT,it+lb+nl+pt
data,nl,B1,2770,stolpern,klupt,Klupt,FAMILY_COPY_STRICT,it+lb+nl+pt
data,pt,B1,2770,stolpern,klupt,Klupt,FAMILY_COPY_STRICT,it+lb+nl+pt
data,pl,B1,2770,stolpern,klupt,Potknąć się,FAMILY_COPY_STRICT,pl+sk
data,sk,B1,2770,stolpern,klupt,Potknąć się,FAMILY_COPY_STRICT,pl+sk
data,sq,B1,2770,stolpern,klupt,Yanılmak,FAMILY_COPY_STRICT,sq+tr
data,tr,B1,2770,stolpern,klupt,Yanılmak,FAMILY_COPY_STRICT,sq+tr
data,hr,B1,2771,stopfen,piebāzt,Неща,SCRIPT_MISMATCH,
data,hr,B1,2771,stopfen,piebāzt,Неща,MARKER_LEAK,foreign_script
data,it,B1,2771,stopfen,piebāzt,Piebāzt,SAME_AS_LV_CASEFOLD,casefold_only
data,it,B1,2771,stopfen,piebāzt,Piebāzt,LV_DIACRITIC,
data,it,B1,2771,stopfen,piebāzt,Piebāzt,MARKER_LEAK,lv_macron_consonant
data,lb,B1,2771,stopfen,piebāzt,Piebāzt,SAME_AS_LV_CASEFOLD,casefold_only
data,lb,B1,2771,stopfen,piebāzt,Piebāzt,LV_DIACRITIC,
data,lb,B1,2771,stopfen,piebāzt,Piebāzt,MARKER_LEAK,lv_macron_consonant
data,nl,B1,2771,stopfen,piebāzt,Piebāzt,SAME_AS_LV_CASEFOLD,casefold_only
data,nl,B1,2771,stopfen,piebāzt,Piebāzt,LV_DIACRITIC,
data,nl,B1,2771,stopfen,piebāzt,Piebāzt,MARKER_LEAK,lv_macron_consonant
data,pt,B1,2771,stopfen,piebāzt,Piebāzt,SAME_AS_LV_CASEFOLD,casefold_only
data,pt,B1,2771,stopfen,piebāzt,Piebāzt,LV_DIACRITIC,
data,pt,B1,2771,stopfen,piebāzt,Piebāzt,MARKER_LEAK,lv_macron_consonant
data,sl,B1,2771,stopfen,piebāzt,piebāzt,SAME_AS_LV_CASEFOLD,exact
data,sl,B1,2771,stopfen,piebāzt,piebāzt,LV_DIACRITIC,
data,sl,B1,2771,stopfen,piebāzt,piebāzt,MARKER_LEAK,lv_macron_consonant
data,bg,B1,2771,stopfen,piebāzt,Неща,FAMILY_COPY_STRICT,bg+hr+mk+sr
data,hr,B1,2771,stopfen,piebāzt,Неща,FAMILY_COPY_STRICT,bg+hr+mk+sr
data,mk,B1,2771,stopfen,piebāzt,Неща,FAMILY_COPY_STRICT,bg+hr+mk+sr
data,sr,B1,2771,stopfen,piebāzt,Неща,FAMILY_COPY_STRICT,bg+hr+mk+sr
data,fi,B1,2771,stopfen,piebāzt,Täis toppima,FAMILY_COPY_STRICT,fi+is+nb+nn+sv
data,is,B1,2771,stopfen,piebāzt,Täis toppima,FAMILY_COPY_STRICT,fi+is+nb+nn+sv
data,nb,B1,2771,stopfen,piebāzt,Täis toppima,FAMILY_COPY_STRICT,fi+is+nb+nn+sv
data,nn,B1,2771,stopfen,piebāzt,Täis toppima,FAMILY_COPY_STRICT,fi+is+nb+nn+sv
data,sv,B1,2771,stopfen,piebāzt,Täis toppima,FAMILY_COPY_STRICT,fi+is+nb+nn+sv
data,it,B1,2771,stopfen,piebāzt,Piebāzt,FAMILY_COPY_STRICT,it+lb+nl+pt
data,lb,B1,2771,stopfen,piebāzt,Piebāzt,FAMILY_COPY_STRICT,it+lb+nl+pt
data,nl,B1,2771,stopfen,piebāzt,Piebāzt,FAMILY_COPY_STRICT,it+lb+nl+pt
data,pt,B1,2771,stopfen,piebāzt,Piebāzt,FAMILY_COPY_STRICT,it+lb+nl+pt
data,pl,B1,2771,stopfen,piebāzt,Rzeczy,FAMILY_COPY_STRICT,pl+sk+sq+tr
data,sk,B1,2771,stopfen,piebāzt,Rzeczy,FAMILY_COPY_STRICT,pl+sk+sq+tr
data,sq,B1,2771,stopfen,piebāzt,Rzeczy,FAMILY_COPY_STRICT,pl+sk+sq+tr
data,tr,B1,2771,stopfen,piebāzt,Rzeczy,FAMILY_COPY_STRICT,pl+sk+sq+tr
data,hr,B1,2772,stornieren,anulēt,Отказ,SCRIPT_MISMATCH,
data,hr,B1,2772,stornieren,anulēt,Отказ,MARKER_LEAK,foreign_script
data,it,B1,2772,stornieren,anulēt,Anulēt,SAME_AS_LV_CASEFOLD,casefold_only
data,it,B1,2772,stornieren,anulēt,Anulēt,LV_DIACRITIC,
data,it,B1,2772,stornieren,anulēt,Anulēt,MARKER_LEAK,lv_macron_consonant
data,lb,B1,2772,stornieren,anulēt,Anulēt,SAME_AS_LV_CASEFOLD,casefold_only
data,lb,B1,2772,stornieren,anulēt,Anulēt,LV_DIACRITIC,
data,lb,B1,2772,stornieren,anulēt,Anulēt,MARKER_LEAK,lv_macron_consonant
data,nl,B1,2772,stornieren,anulēt,Anulēt,SAME_AS_LV_CASEFOLD,casefold_only
data,nl,B1,2772,stornieren,anulēt,Anulēt,LV_DIACRITIC,
data,nl,B1,2772,stornieren,anulēt,Anulēt,MARKER_LEAK,lv_macron_consonant
data,sl,B1,2772,stornieren,anulēt,anulēt,SAME_AS_LV_CASEFOLD,exact
data,sl,B1,2772,stornieren,anulēt,anulēt,LV_DIACRITIC,
data,sl,B1,2772,stornieren,anulēt,anulēt,MARKER_LEAK,lv_macron_consonant
data,bg,B1,2772,stornieren,anulēt,Отказ,FAMILY_COPY_STRICT,bg+hr+mk+sr
data,hr,B1,2772,stornieren,anulēt,Отказ,FAMILY_COPY_STRICT,bg+hr+mk+sr
data,mk,B1,2772,stornieren,anulēt,Отказ,FAMILY_COPY_STRICT,bg+hr+mk+sr
data,sr,B1,2772,stornieren,anulēt,Отказ,FAMILY_COPY_STRICT,bg+hr+mk+sr
data,fi,B1,2772,stornieren,anulēt,Tühistama,FAMILY_COPY_STRICT,fi+is+nb+nn+sv
data,is,B1,2772,stornieren,anulēt,Tühistama,FAMILY_COPY_STRICT,fi+is+nb+nn+sv
data,nb,B1,2772,stornieren,anulēt,Tühistama,FAMILY_COPY_STRICT,fi+is+nb+nn+sv
data,nn,B1,2772,stornieren,anulēt,Tühistama,FAMILY_COPY_STRICT,fi+is+nb+nn+sv
data,sv,B1,2772,stornieren,anulēt,Tühistama,FAMILY_COPY_STRICT,fi+is+nb+nn+sv
data,it,B1,2772,stornieren,anulēt,Anulēt,FAMILY_COPY_STRICT,it+lb+nl
data,lb,B1,2772,stornieren,anulēt,Anulēt,FAMILY_COPY_STRICT,it+lb+nl
data,nl,B1,2772,stornieren,anulēt,Anulēt,FAMILY_COPY_STRICT,it+lb+nl
data,hr,B1,2773,Störung,traucējums,Бъркотия,SCRIPT_MISMATCH,
data,hr,B1,2773,Störung,traucējums,Бъркотия,MARKER_LEAK,foreign_script
data,it,B1,2773,Störung,traucējums,Traucējums,SAME_AS_LV_CASEFOLD,casefold_only
data,it,B1,2773,Störung,traucējums,Traucējums,LV_DIACRITIC,
data,it,B1,2773,Störung,traucējums,Traucējums,MARKER_LEAK,lv_macron_consonant
data,lb,B1,2773,Störung,traucējums,Traucējums,SAME_AS_LV_CASEFOLD,casefold_only
data,lb,B1,2773,Störung,traucējums,Traucējums,LV_DIACRITIC,
data,lb,B1,2773,Störung,traucējums,Traucējums,MARKER_LEAK,lv_macron_consonant
data,nl,B1,2773,Störung,traucējums,Traucējums,SAME_AS_LV_CASEFOLD,casefold_only
data,nl,B1,2773,Störung,traucējums,Traucējums,LV_DIACRITIC,
data,nl,B1,2773,Störung,traucējums,Traucējums,MARKER_LEAK,lv_macron_consonant
data,sk,B1,2773,Störung,traucējums,Nieład,MARKER_LEAK,pl_l_s_z
data,sl,B1,2773,Störung,traucējums,traucējums,SAME_AS_LV_CASEFOLD,exact
data,sl,B1,2773,Störung,traucējums,traucējums,LV_DIACRITIC,
data,sl,B1,2773,Störung,traucējums,traucējums,MARKER_LEAK,lv_macron_consonant
data,sq,B1,2773,Störung,traucējums,Nieład,MARKER_LEAK,pl_l_s_z
data,tr,B1,2773,Störung,traucējums,Nieład,MARKER_LEAK,pl_l_s_z
data,bg,B1,2773,Störung,traucējums,Бъркотия,FAMILY_COPY_STRICT,bg+hr+mk+sr
data,hr,B1,2773,Störung,traucējums,Бъркотия,FAMILY_COPY_STRICT,bg+hr+mk+sr
data,mk,B1,2773,Störung,traucējums,Бъркотия,FAMILY_COPY_STRICT,bg+hr+mk+sr
data,sr,B1,2773,Störung,traucējums,Бъркотия,FAMILY_COPY_STRICT,bg+hr+mk+sr
data,fi,B1,2773,Störung,traucējums,Häire,FAMILY_COPY_STRICT,fi+sv
data,sv,B1,2773,Störung,traucējums,Häire,FAMILY_COPY_STRICT,fi+sv
data,is,B1,2773,Störung,traucējums,Arving,FAMILY_COPY_STRICT,is+nb+nn
data,nb,B1,2773,Störung,traucējums,Arving,FAMILY_COPY_STRICT,is+nb+nn
data,nn,B1,2773,Störung,traucējums,Arving,FAMILY_COPY_STRICT,is+nb+nn
data,it,B1,2773,Störung,traucējums,Traucējums,FAMILY_COPY_STRICT,it+lb+nl
data,lb,B1,2773,Störung,traucējums,Traucējums,FAMILY_COPY_STRICT,it+lb+nl
data,nl,B1,2773,Störung,traucējums,Traucējums,FAMILY_COPY_STRICT,it+lb+nl
data,pl,B1,2773,Störung,traucējums,Nieład,FAMILY_COPY_STRICT,pl+sk+sq+tr
data,sk,B1,2773,Störung,traucējums,Nieład,FAMILY_COPY_STRICT,pl+sk+sq+tr
data,sq,B1,2773,Störung,traucējums,Nieład,FAMILY_COPY_STRICT,pl+sk+sq+tr
data,tr,B1,2773,Störung,traucējums,Nieład,FAMILY_COPY_STRICT,pl+sk+sq+tr
data,hr,B1,2774,Stoß,trieciens,Хит,SCRIPT_MISMATCH,
data,hr,B1,2774,Stoß,trieciens,Хит,MARKER_LEAK,foreign_script
data,it,B1,2774,Stoß,trieciens,Trieciens,SAME_AS_LV_CASEFOLD,casefold_only
data,lb,B1,2774,Stoß,trieciens,Trieciens,SAME_AS_LV_CASEFOLD,casefold_only
data,nl,B1,2774,Stoß,trieciens,Trieciens,SAME_AS_LV_CASEFOLD,casefold_only
data,pt,B1,2774,Stoß,trieciens,Trieciens,SAME_AS_LV_CASEFOLD,casefold_only
data,sl,B1,2774,Stoß,trieciens,trieciens,SAME_AS_LV_CASEFOLD,exact
data,bg,B1,2774,Stoß,trieciens,Хит,FAMILY_COPY_STRICT,bg+hr+mk+sr
data,hr,B1,2774,Stoß,trieciens,Хит,FAMILY_COPY_STRICT,bg+hr+mk+sr
data,mk,B1,2774,Stoß,trieciens,Хит,FAMILY_COPY_STRICT,bg+hr+mk+sr
data,sr,B1,2774,Stoß,trieciens,Хит,FAMILY_COPY_STRICT,bg+hr+mk+sr
data,fi,B1,2774,Stoß,trieciens,Löök,FAMILY_COPY_STRICT,fi+is+nb+nn+sv
data,is,B1,2774,Stoß,trieciens,Löök,FAMILY_COPY_STRICT,fi+is+nb+nn+sv
data,nb,B1,2774,Stoß,trieciens,Löök,FAMILY_COPY_STRICT,fi+is+nb+nn+sv
data,nn,B1,2774,Stoß,trieciens,Löök,FAMILY_COPY_STRICT,fi+is+nb+nn+sv
data,sv,B1,2774,Stoß,trieciens,Löök,FAMILY_COPY_STRICT,fi+is+nb+nn+sv
data,it,B1,2774,Stoß,trieciens,Trieciens,FAMILY_COPY_STRICT,it+lb+nl+pt
data,lb,B1,2774,Stoß,trieciens,Trieciens,FAMILY_COPY_STRICT,it+lb+nl+pt
data,nl,B1,2774,Stoß,trieciens,Trieciens,FAMILY_COPY_STRICT,it+lb+nl+pt
data,pt,B1,2774,Stoß,trieciens,Trieciens,FAMILY_COPY_STRICT,it+lb+nl+pt
data,sq,B1,2774,Stoß,trieciens,Üflemek,FAMILY_COPY_STRICT,sq+tr
data,tr,B1,2774,Stoß,trieciens,Üflemek,FAMILY_COPY_STRICT,sq+tr
data,hr,B1,2775,Stoßdämpfer,amortizators,Амортисьор,SCRIPT_MISMATCH,
data,hr,B1,2775,Stoßdämpfer,amortizators,Амортисьор,MARKER_LEAK,foreign_script
data,it,B1,2775,Stoßdämpfer,amortizators,Amortizators,SAME_AS_LV_CASEFOLD,casefold_only
data,lb,B1,2775,Stoßdämpfer,amortizators,Amortizators,SAME_AS_LV_CASEFOLD,casefold_only
data,nl,B1,2775,Stoßdämpfer,amortizators,Amortizators,SAME_AS_LV_CASEFOLD,casefold_only
data,sl,B1,2775,Stoßdämpfer,amortizators,amortizators,SAME_AS_LV_CASEFOLD,exact
data,bg,B1,2775,Stoßdämpfer,amortizators,Амортисьор,FAMILY_COPY_STRICT,bg+hr+mk+sr
data,hr,B1,2775,Stoßdämpfer,amortizators,Амортисьор,FAMILY_COPY_STRICT,bg+hr+mk+sr
data,mk,B1,2775,Stoßdämpfer,amortizators,Амортисьор,FAMILY_COPY_STRICT,bg+hr+mk+sr
data,sr,B1,2775,Stoßdämpfer,amortizators,Амортисьор,FAMILY_COPY_STRICT,bg+hr+mk+sr
data,fi,B1,2775,Stoßdämpfer,amortizators,Amortisaator,FAMILY_COPY_STRICT,fi+is+nb+nn+sv
data,is,B1,2775,Stoßdämpfer,amortizators,Amortisaator,FAMILY_COPY_STRICT,fi+is+nb+nn+sv
data,nb,B1,2775,Stoßdämpfer,amortizators,Amortisaator,FAMILY_COPY_STRICT,fi+is+nb+nn+sv
data,nn,B1,2775,Stoßdämpfer,amortizators,Amortisaator,FAMILY_COPY_STRICT,fi+is+nb+nn+sv
data,sv,B1,2775,Stoßdämpfer,amortizators,Amortisaator,FAMILY_COPY_STRICT,fi+is+nb+nn+sv
data,it,B1,2775,Stoßdämpfer,amortizators,Amortizators,FAMILY_COPY_STRICT,it+lb+nl
data,lb,B1,2775,Stoßdämpfer,amortizators,Amortizators,FAMILY_COPY_STRICT,it+lb+nl
data,nl,B1,2775,Stoßdämpfer,amortizators,Amortizators,FAMILY_COPY_STRICT,it+lb+nl
data,pl,B1,2775,Stoßdämpfer,amortizators,Amortyzator,FAMILY_COPY_STRICT,pl+sk+sq+tr
data,sk,B1,2775,Stoßdämpfer,amortizators,Amortyzator,FAMILY_COPY_STRICT,pl+sk+sq+tr
data,sq,B1,2775,Stoßdämpfer,amortizators,Amortyzator,FAMILY_COPY_STRICT,pl+sk+sq+tr
data,tr,B1,2775,Stoßdämpfer,amortizators,Amortyzator,FAMILY_COPY_STRICT,pl+sk+sq+tr
data,fi,B1,2776,stoßen,grūst,Tõukama,MARKER_LEAK,et_otilde
data,hr,B1,2776,stoßen,grūst,Бутане,SCRIPT_MISMATCH,
data,hr,B1,2776,stoßen,grūst,Бутане,MARKER_LEAK,foreign_script
data,is,B1,2776,stoßen,grūst,Tõukama,MARKER_LEAK,et_otilde
data,it,B1,2776,stoßen,grūst,Grūst,SAME_AS_LV_CASEFOLD,casefold_only
data,it,B1,2776,stoßen,grūst,Grūst,LV_DIACRITIC,
data,it,B1,2776,stoßen,grūst,Grūst,MARKER_LEAK,lv_u_macron
data,lb,B1,2776,stoßen,grūst,Grūst,SAME_AS_LV_CASEFOLD,casefold_only
data,lb,B1,2776,stoßen,grūst,Grūst,LV_DIACRITIC,
data,lb,B1,2776,stoßen,grūst,Grūst,MARKER_LEAK,lv_u_macron
data,nb,B1,2776,stoßen,grūst,Tõukama,MARKER_LEAK,et_otilde
data,nl,B1,2776,stoßen,grūst,Grūst,SAME_AS_LV_CASEFOLD,casefold_only
data,nl,B1,2776,stoßen,grūst,Grūst,LV_DIACRITIC,
data,nl,B1,2776,stoßen,grūst,Grūst,MARKER_LEAK,lv_u_macron
data,nn,B1,2776,stoßen,grūst,Tõukama,MARKER_LEAK,et_otilde
data,sl,B1,2776,stoßen,grūst,grūst,SAME_AS_LV_CASEFOLD,exact
data,sl,B1,2776,stoßen,grūst,grūst,LV_DIACRITIC,
data,sl,B1,2776,stoßen,grūst,grūst,MARKER_LEAK,lv_u_macron
data,sv,B1,2776,stoßen,grūst,Tõukama,MARKER_LEAK,et_otilde
data,bg,B1,2776,stoßen,grūst,Бутане,FAMILY_COPY_STRICT,bg+hr+mk+sr
data,hr,B1,2776,stoßen,grūst,Бутане,FAMILY_COPY_STRICT,bg+hr+mk+sr
data,mk,B1,2776,stoßen,grūst,Бутане,FAMILY_COPY_STRICT,bg+hr+mk+sr
data,sr,B1,2776,stoßen,grūst,Бутане,FAMILY_COPY_STRICT,bg+hr+mk+sr
data,fi,B1,2776,stoßen,grūst,Tõukama,FAMILY_COPY_STRICT,fi+is+nb+nn+sv
data,is,B1,2776,stoßen,grūst,Tõukama,FAMILY_COPY_STRICT,fi+is+nb+nn+sv
data,nb,B1,2776,stoßen,grūst,Tõukama,FAMILY_COPY_STRICT,fi+is+nb+nn+sv
data,nn,B1,2776,stoßen,grūst,Tõukama,FAMILY_COPY_STRICT,fi+is+nb+nn+sv
data,sv,B1,2776,stoßen,grūst,Tõukama,FAMILY_COPY_STRICT,fi+is+nb+nn+sv
data,it,B1,2776,stoßen,grūst,Grūst,FAMILY_COPY_STRICT,it+lb+nl
data,lb,B1,2776,stoßen,grūst,Grūst,FAMILY_COPY_STRICT,it+lb+nl
data,nl,B1,2776,stoßen,grūst,Grūst,FAMILY_COPY_STRICT,it+lb+nl
data,pl,B1,2776,stoßen,grūst,Naciskać,FAMILY_COPY_STRICT,pl+sk
data,sk,B1,2776,stoßen,grūst,Naciskać,FAMILY_COPY_STRICT,pl+sk
data,sq,B1,2776,stoßen,grūst,Basmak,FAMILY_COPY_STRICT,sq+tr
data,tr,B1,2776,stoßen,grūst,Basmak,FAMILY_COPY_STRICT,sq+tr
data,hr,B1,2777,Stoßzahn,ziloņa ilknis,Слонски бивник,SCRIPT_MISMATCH,
data,hr,B1,2777,Stoßzahn,ziloņa ilknis,Слонски бивник,MARKER_LEAK,foreign_script
data,it,B1,2777,Stoßzahn,ziloņa ilknis,Ziloņa ilknis,SAME_AS_LV_CASEFOLD,casefold_only
data,it,B1,2777,Stoßzahn,ziloņa ilknis,Ziloņa ilknis,LV_DIACRITIC,
data,it,B1,2777,Stoßzahn,ziloņa ilknis,Ziloņa ilknis,MARKER_LEAK,lv_macron_consonant
data,lb,B1,2777,Stoßzahn,ziloņa ilknis,Ziloņa ilknis,SAME_AS_LV_CASEFOLD,casefold_only
data,lb,B1,2777,Stoßzahn,ziloņa ilknis,Ziloņa ilknis,LV_DIACRITIC,
data,lb,B1,2777,Stoßzahn,ziloņa ilknis,Ziloņa ilknis,MARKER_LEAK,lv_macron_consonant
data,nl,B1,2777,Stoßzahn,ziloņa ilknis,Ziloņa ilknis,SAME_AS_LV_CASEFOLD,casefold_only
data,nl,B1,2777,Stoßzahn,ziloņa ilknis,Ziloņa ilknis,LV_DIACRITIC,
data,nl,B1,2777,Stoßzahn,ziloņa ilknis,Ziloņa ilknis,MARKER_LEAK,lv_macron_consonant
data,pt,B1,2777,Stoßzahn,ziloņa ilknis,Ziloņa Ilknis,SAME_AS_LV_CASEFOLD,casefold_only
data,pt,B1,2777,Stoßzahn,ziloņa ilknis,Ziloņa Ilknis,LV_DIACRITIC,
data,pt,B1,2777,Stoßzahn,ziloņa ilknis,Ziloņa Ilknis,MARKER_LEAK,lv_macron_consonant
data,sk,B1,2777,Stoßzahn,ziloņa ilknis,Kieł słonia,MARKER_LEAK,pl_l_s_z
data,sl,B1,2777,Stoßzahn,ziloņa ilknis,ziloņa ilknis,SAME_AS_LV_CASEFOLD,exact
data,sl,B1,2777,Stoßzahn,ziloņa ilknis,ziloņa ilknis,LV_DIACRITIC,
data,sl,B1,2777,Stoßzahn,ziloņa ilknis,ziloņa ilknis,MARKER_LEAK,lv_macron_consonant
data,sq,B1,2777,Stoßzahn,ziloņa ilknis,Kieł słonia,MARKER_LEAK,pl_l_s_z
data,tr,B1,2777,Stoßzahn,ziloņa ilknis,Kieł słonia,MARKER_LEAK,pl_l_s_z
data,bg,B1,2777,Stoßzahn,ziloņa ilknis,Слонски бивник,FAMILY_COPY_STRICT,bg+hr+mk+sr
data,hr,B1,2777,Stoßzahn,ziloņa ilknis,Слонски бивник,FAMILY_COPY_STRICT,bg+hr+mk+sr
data,mk,B1,2777,Stoßzahn,ziloņa ilknis,Слонски бивник,FAMILY_COPY_STRICT,bg+hr+mk+sr
data,sr,B1,2777,Stoßzahn,ziloņa ilknis,Слонски бивник,FAMILY_COPY_STRICT,bg+hr+mk+sr
data,fi,B1,2777,Stoßzahn,ziloņa ilknis,Elevandiluu kihv,FAMILY_COPY_STRICT,fi+is+nb+nn+sv
data,is,B1,2777,Stoßzahn,ziloņa ilknis,Elevandiluu kihv,FAMILY_COPY_STRICT,fi+is+nb+nn+sv
data,nb,B1,2777,Stoßzahn,ziloņa ilknis,Elevandiluu kihv,FAMILY_COPY_STRICT,fi+is+nb+nn+sv
data,nn,B1,2777,Stoßzahn,ziloņa ilknis,Elevandiluu kihv,FAMILY_COPY_STRICT,fi+is+nb+nn+sv
data,sv,B1,2777,Stoßzahn,ziloņa ilknis,Elevandiluu kihv,FAMILY_COPY_STRICT,fi+is+nb+nn+sv
data,it,B1,2777,Stoßzahn,ziloņa ilknis,Ziloņa ilknis,FAMILY_COPY_STRICT,it+lb+nl
data,lb,B1,2777,Stoßzahn,ziloņa ilknis,Ziloņa ilknis,FAMILY_COPY_STRICT,it+lb+nl
data,nl,B1,2777,Stoßzahn,ziloņa ilknis,Ziloņa ilknis,FAMILY_COPY_STRICT,it+lb+nl
data,pl,B1,2777,Stoßzahn,ziloņa ilknis,Kieł słonia,FAMILY_COPY_STRICT,pl+sk+sq+tr
data,sk,B1,2777,Stoßzahn,ziloņa ilknis,Kieł słonia,FAMILY_COPY_STRICT,pl+sk+sq+tr
data,sq,B1,2777,Stoßzahn,ziloņa ilknis,Kieł słonia,FAMILY_COPY_STRICT,pl+sk+sq+tr
data,tr,B1,2777,Stoßzahn,ziloņa ilknis,Kieł słonia,FAMILY_COPY_STRICT,pl+sk+sq+tr
data,hr,B1,2778,stottern,stostīties,Заеквам,SCRIPT_MISMATCH,
data,hr,B1,2778,stottern,stostīties,Заеквам,MARKER_LEAK,foreign_script
data,it,B1,2778,stottern,stostīties,Stostīties,SAME_AS_LV_CASEFOLD,casefold_only
data,it,B1,2778,stottern,stostīties,Stostīties,LV_DIACRITIC,
data,it,B1,2778,stottern,stostīties,Stostīties,MARKER_LEAK,lv_macron_consonant
data,lb,B1,2778,stottern,stostīties,Stostīties,SAME_AS_LV_CASEFOLD,casefold_only
data,lb,B1,2778,stottern,stostīties,Stostīties,LV_DIACRITIC,
data,lb,B1,2778,stottern,stostīties,Stostīties,MARKER_LEAK,lv_macron_consonant
data,nl,B1,2778,stottern,stostīties,Stostīties,SAME_AS_LV_CASEFOLD,casefold_only
data,nl,B1,2778,stottern,stostīties,Stostīties,LV_DIACRITIC,
data,nl,B1,2778,stottern,stostīties,Stostīties,MARKER_LEAK,lv_macron_consonant
data,sk,B1,2778,stottern,stostīties,Jąkać się,MARKER_LEAK,pl_lt_nasal
data,sl,B1,2778,stottern,stostīties,stostīties,SAME_AS_LV_CASEFOLD,exact
data,sl,B1,2778,stottern,stostīties,stostīties,LV_DIACRITIC,
data,sl,B1,2778,stottern,stostīties,stostīties,MARKER_LEAK,lv_macron_consonant
data,bg,B1,2778,stottern,stostīties,Заеквам,FAMILY_COPY_STRICT,bg+hr+mk+sr
data,hr,B1,2778,stottern,stostīties,Заеквам,FAMILY_COPY_STRICT,bg+hr+mk+sr
data,mk,B1,2778,stottern,stostīties,Заеквам,FAMILY_COPY_STRICT,bg+hr+mk+sr
data,sr,B1,2778,stottern,stostīties,Заеквам,FAMILY_COPY_STRICT,bg+hr+mk+sr
data,fi,B1,2778,stottern,stostīties,Kokutama,FAMILY_COPY_STRICT,fi+is+nb+nn+sv
data,is,B1,2778,stottern,stostīties,Kokutama,FAMILY_COPY_STRICT,fi+is+nb+nn+sv
data,nb,B1,2778,stottern,stostīties,Kokutama,FAMILY_COPY_STRICT,fi+is+nb+nn+sv
data,nn,B1,2778,stottern,stostīties,Kokutama,FAMILY_COPY_STRICT,fi+is+nb+nn+sv
data,sv,B1,2778,stottern,stostīties,Kokutama,FAMILY_COPY_STRICT,fi+is+nb+nn+sv
data,it,B1,2778,stottern,stostīties,Stostīties,FAMILY_COPY_STRICT,it+lb+nl
data,lb,B1,2778,stottern,stostīties,Stostīties,FAMILY_COPY_STRICT,it+lb+nl
data,nl,B1,2778,stottern,stostīties,Stostīties,FAMILY_COPY_STRICT,it+lb+nl
data,pl,B1,2778,stottern,stostīties,Jąkać się,FAMILY_COPY_STRICT,pl+sk
data,sk,B1,2778,stottern,stostīties,Jąkać się,FAMILY_COPY_STRICT,pl+sk
data,sq,B1,2778,stottern,stostīties,Kekemelik,FAMILY_COPY_STRICT,sq+tr
data,tr,B1,2778,stottern,stostīties,Kekemelik,FAMILY_COPY_STRICT,sq+tr
data,hr,B1,2779,strafen,sodīt,Наказвам,SCRIPT_MISMATCH,
data,hr,B1,2779,strafen,sodīt,Наказвам,MARKER_LEAK,foreign_script
data,it,B1,2779,strafen,sodīt,Sodīt,SAME_AS_LV_CASEFOLD,casefold_only
data,it,B1,2779,strafen,sodīt,Sodīt,LV_DIACRITIC,
data,it,B1,2779,strafen,sodīt,Sodīt,MARKER_LEAK,lv_macron_consonant
data,lb,B1,2779,strafen,sodīt,Sodīt,SAME_AS_LV_CASEFOLD,casefold_only
data,lb,B1,2779,strafen,sodīt,Sodīt,LV_DIACRITIC,
data,lb,B1,2779,strafen,sodīt,Sodīt,MARKER_LEAK,lv_macron_consonant
data,nl,B1,2779,strafen,sodīt,Sodīt,SAME_AS_LV_CASEFOLD,casefold_only
data,nl,B1,2779,strafen,sodīt,Sodīt,LV_DIACRITIC,
data,nl,B1,2779,strafen,sodīt,Sodīt,MARKER_LEAK,lv_macron_consonant
data,pt,B1,2779,strafen,sodīt,Sodīt,SAME_AS_LV_CASEFOLD,casefold_only
data,pt,B1,2779,strafen,sodīt,Sodīt,LV_DIACRITIC,
data,pt,B1,2779,strafen,sodīt,Sodīt,MARKER_LEAK,lv_macron_consonant
data,sl,B1,2779,strafen,sodīt,sodīt,SAME_AS_LV_CASEFOLD,exact
data,sl,B1,2779,strafen,sodīt,sodīt,LV_DIACRITIC,
data,sl,B1,2779,strafen,sodīt,sodīt,MARKER_LEAK,lv_macron_consonant
data,sq,B1,2779,strafen,sodīt,Cezalandır,MARKER_LEAK,tr_soft
data,bg,B1,2779,strafen,sodīt,Наказвам,FAMILY_COPY_STRICT,bg+hr+mk+sr
data,hr,B1,2779,strafen,sodīt,Наказвам,FAMILY_COPY_STRICT,bg+hr+mk+sr
data,mk,B1,2779,strafen,sodīt,Наказвам,FAMILY_COPY_STRICT,bg+hr+mk+sr
data,sr,B1,2779,strafen,sodīt,Наказвам,FAMILY_COPY_STRICT,bg+hr+mk+sr
data,fi,B1,2779,strafen,sodīt,Karistama,FAMILY_COPY_STRICT,fi+is+nb+nn+sv
data,is,B1,2779,strafen,sodīt,Karistama,FAMILY_COPY_STRICT,fi+is+nb+nn+sv
data,nb,B1,2779,strafen,sodīt,Karistama,FAMILY_COPY_STRICT,fi+is+nb+nn+sv
data,nn,B1,2779,strafen,sodīt,Karistama,FAMILY_COPY_STRICT,fi+is+nb+nn+sv
data,sv,B1,2779,strafen,sodīt,Karistama,FAMILY_COPY_STRICT,fi+is+nb+nn+sv
data,it,B1,2779,strafen,sodīt,Sodīt,FAMILY_COPY_STRICT,it+lb+nl+pt
data,lb,B1,2779,strafen,sodīt,Sodīt,FAMILY_COPY_STRICT,it+lb+nl+pt
data,nl,B1,2779,strafen,sodīt,Sodīt,FAMILY_COPY_STRICT,it+lb+nl+pt
data,pt,B1,2779,strafen,sodīt,Sodīt,FAMILY_COPY_STRICT,it+lb+nl+pt
data,pl,B1,2779,strafen,sodīt,Karać,FAMILY_COPY_STRICT,pl+sk
data,sk,B1,2779,strafen,sodīt,Karać,FAMILY_COPY_STRICT,pl+sk
data,sq,B1,2779,strafen,sodīt,Cezalandır,FAMILY_COPY_STRICT,sq+tr
data,tr,B1,2779,strafen,sodīt,Cezalandır,FAMILY_COPY_STRICT,sq+tr
data,hr,B1,2780,Strahl,stars,Реј,SCRIPT_MISMATCH,
data,hr,B1,2780,Strahl,stars,Реј,MARKER_LEAK,foreign_script
data,it,B1,2780,Strahl,stars,Stars,SAME_AS_LV_CASEFOLD,casefold_only
data,lb,B1,2780,Strahl,stars,Stars,SAME_AS_LV_CASEFOLD,casefold_only
data,nl,B1,2780,Strahl,stars,Stars,SAME_AS_LV_CASEFOLD,casefold_only
data,sl,B1,2780,Strahl,stars,stars,SAME_AS_LV_CASEFOLD,exact
data,fi,B1,2780,Strahl,stars,Kiir,FAMILY_COPY_STRICT,fi+is+nb+nn+sv
data,is,B1,2780,Strahl,stars,Kiir,FAMILY_COPY_STRICT,fi+is+nb+nn+sv
data,nb,B1,2780,Strahl,stars,Kiir,FAMILY_COPY_STRICT,fi+is+nb+nn+sv
data,nn,B1,2780,Strahl,stars,Kiir,FAMILY_COPY_STRICT,fi+is+nb+nn+sv
data,sv,B1,2780,Strahl,stars,Kiir,FAMILY_COPY_STRICT,fi+is+nb+nn+sv
data,hr,B1,2780,Strahl,stars,Реј,FAMILY_COPY_STRICT,hr+mk+sr
data,mk,B1,2780,Strahl,stars,Реј,FAMILY_COPY_STRICT,hr+mk+sr
data,sr,B1,2780,Strahl,stars,Реј,FAMILY_COPY_STRICT,hr+mk+sr
data,it,B1,2780,Strahl,stars,Stars,FAMILY_COPY_STRICT,it+lb+nl
data,lb,B1,2780,Strahl,stars,Stars,FAMILY_COPY_STRICT,it+lb+nl
data,nl,B1,2780,Strahl,stars,Stars,FAMILY_COPY_STRICT,it+lb+nl
data,pl,B1,2780,Strahl,stars,Belka,FAMILY_COPY_STRICT,pl+sk
data,sk,B1,2780,Strahl,stars,Belka,FAMILY_COPY_STRICT,pl+sk
data,sq,B1,2780,Strahl,stars,Çubuk,FAMILY_COPY_STRICT,sq+tr
data,tr,B1,2780,Strahl,stars,Çubuk,FAMILY_COPY_STRICT,sq+tr
data,hr,B1,2781,strahlen,starot,Блестящ,SCRIPT_MISMATCH,
data,hr,B1,2781,strahlen,starot,Блестящ,MARKER_LEAK,foreign_script
data,it,B1,2781,strahlen,starot,Starot,SAME_AS_LV_CASEFOLD,casefold_only
data,lb,B1,2781,strahlen,starot,Starot,SAME_AS_LV_CASEFOLD,casefold_only
data,nl,B1,2781,strahlen,starot,Starot,SAME_AS_LV_CASEFOLD,casefold_only
data,sl,B1,2781,strahlen,starot,starot,SAME_AS_LV_CASEFOLD,exact
data,bg,B1,2781,strahlen,starot,Блестящ,FAMILY_COPY_STRICT,bg+hr+mk+sr
data,hr,B1,2781,strahlen,starot,Блестящ,FAMILY_COPY_STRICT,bg+hr+mk+sr
data,mk,B1,2781,strahlen,starot,Блестящ,FAMILY_COPY_STRICT,bg+hr+mk+sr
data,sr,B1,2781,strahlen,starot,Блестящ,FAMILY_COPY_STRICT,bg+hr+mk+sr
data,fi,B1,2781,strahlen,starot,Kiirgama,FAMILY_COPY_STRICT,fi+is+nb+nn+sv
data,is,B1,2781,strahlen,starot,Kiirgama,FAMILY_COPY_STRICT,fi+is+nb+nn+sv
data,nb,B1,2781,strahlen,starot,Kiirgama,FAMILY_COPY_STRICT,fi+is+nb+nn+sv
data,nn,B1,2781,strahlen,starot,Kiirgama,FAMILY_COPY_STRICT,fi+is+nb+nn+sv
data,sv,B1,2781,strahlen,starot,Kiirgama,FAMILY_COPY_STRICT,fi+is+nb+nn+sv
data,it,B1,2781,strahlen,starot,Starot,FAMILY_COPY_STRICT,it+lb+nl
data,lb,B1,2781,strahlen,starot,Starot,FAMILY_COPY_STRICT,it+lb+nl
data,nl,B1,2781,strahlen,starot,Starot,FAMILY_COPY_STRICT,it+lb+nl
data,pl,B1,2781,strahlen,starot,Rozpromieniony,FAMILY_COPY_STRICT,pl+sk+sq+tr
data,sk,B1,2781,strahlen,starot,Rozpromieniony,FAMILY_COPY_STRICT,pl+sk+sq+tr
data,sq,B1,2781,strahlen,starot,Rozpromieniony,FAMILY_COPY_STRICT,pl+sk+sq+tr
data,tr,B1,2781,strahlen,starot,Rozpromieniony,FAMILY_COPY_STRICT,pl+sk+sq+tr
data,hr,B1,2782,Strähne,matu šķipsna,Прамен на косата,SCRIPT_MISMATCH,
data,hr,B1,2782,Strähne,matu šķipsna,Прамен на косата,MARKER_LEAK,foreign_script
data,it,B1,2782,Strähne,matu šķipsna,Matu šķipsna,SAME_AS_LV_CASEFOLD,casefold_only
data,it,B1,2782,Strähne,matu šķipsna,Matu šķipsna,LV_DIACRITIC,
data,it,B1,2782,Strähne,matu šķipsna,Matu šķipsna,MARKER_LEAK,lv_macron_consonant
data,lb,B1,2782,Strähne,matu šķipsna,Matu šķipsna,SAME_AS_LV_CASEFOLD,casefold_only
data,lb,B1,2782,Strähne,matu šķipsna,Matu šķipsna,LV_DIACRITIC,
data,lb,B1,2782,Strähne,matu šķipsna,Matu šķipsna,MARKER_LEAK,lv_macron_consonant
data,nl,B1,2782,Strähne,matu šķipsna,Matu šķipsna,SAME_AS_LV_CASEFOLD,casefold_only
data,nl,B1,2782,Strähne,matu šķipsna,Matu šķipsna,LV_DIACRITIC,
data,nl,B1,2782,Strähne,matu šķipsna,Matu šķipsna,MARKER_LEAK,lv_macron_consonant
data,pt,B1,2782,Strähne,matu šķipsna,Matu šķipsna,SAME_AS_LV_CASEFOLD,casefold_only
data,pt,B1,2782,Strähne,matu šķipsna,Matu šķipsna,LV_DIACRITIC,
data,pt,B1,2782,Strähne,matu šķipsna,Matu šķipsna,MARKER_LEAK,lv_macron_consonant
data,sk,B1,2782,Strähne,matu šķipsna,Pukiel włosów,MARKER_LEAK,pl_l_s_z
data,sl,B1,2782,Strähne,matu šķipsna,matu šķipsna,SAME_AS_LV_CASEFOLD,exact
data,sl,B1,2782,Strähne,matu šķipsna,matu šķipsna,LV_DIACRITIC,
data,sl,B1,2782,Strähne,matu šķipsna,matu šķipsna,MARKER_LEAK,lv_macron_consonant
data,fi,B1,2782,Strähne,matu šķipsna,Juuksesalk,FAMILY_COPY_STRICT,fi+is+nb+nn+sv
data,is,B1,2782,Strähne,matu šķipsna,Juuksesalk,FAMILY_COPY_STRICT,fi+is+nb+nn+sv
data,nb,B1,2782,Strähne,matu šķipsna,Juuksesalk,FAMILY_COPY_STRICT,fi+is+nb+nn+sv
data,nn,B1,2782,Strähne,matu šķipsna,Juuksesalk,FAMILY_COPY_STRICT,fi+is+nb+nn+sv
data,sv,B1,2782,Strähne,matu šķipsna,Juuksesalk,FAMILY_COPY_STRICT,fi+is+nb+nn+sv
data,hr,B1,2782,Strähne,matu šķipsna,Прамен на косата,FAMILY_COPY_STRICT,hr+mk+sr
data,mk,B1,2782,Strähne,matu šķipsna,Прамен на косата,FAMILY_COPY_STRICT,hr+mk+sr
data,sr,B1,2782,Strähne,matu šķipsna,Прамен на косата,FAMILY_COPY_STRICT,hr+mk+sr
data,it,B1,2782,Strähne,matu šķipsna,Matu šķipsna,FAMILY_COPY_STRICT,it+lb+nl+pt
data,lb,B1,2782,Strähne,matu šķipsna,Matu šķipsna,FAMILY_COPY_STRICT,it+lb+nl+pt
data,nl,B1,2782,Strähne,matu šķipsna,Matu šķipsna,FAMILY_COPY_STRICT,it+lb+nl+pt
data,pt,B1,2782,Strähne,matu šķipsna,Matu šķipsna,FAMILY_COPY_STRICT,it+lb+nl+pt
data,pl,B1,2782,Strähne,matu šķipsna,Pukiel włosów,FAMILY_COPY_STRICT,pl+sk
data,sk,B1,2782,Strähne,matu šķipsna,Pukiel włosów,FAMILY_COPY_STRICT,pl+sk
data,sq,B1,2782,Strähne,matu šķipsna,Saç kilidi,FAMILY_COPY_STRICT,sq+tr
data,tr,B1,2782,Strähne,matu šķipsna,Saç kilidi,FAMILY_COPY_STRICT,sq+tr
data,it,B1,2783,stramm,stingrs,Stingrs,SAME_AS_LV_CASEFOLD,casefold_only
data,lb,B1,2783,stramm,stingrs,Stingrs,SAME_AS_LV_CASEFOLD,casefold_only
data,nl,B1,2783,stramm,stingrs,Stingrs,SAME_AS_LV_CASEFOLD,casefold_only
data,sk,B1,2783,stramm,stingrs,Ścisły,MARKER_LEAK,pl_l_s_z
data,sl,B1,2783,stramm,stingrs,stingrs,SAME_AS_LV_CASEFOLD,exact
data,sq,B1,2783,stramm,stingrs,Sıkı,MARKER_LEAK,tr_soft
data,sr,B1,2783,stramm,stingrs,Strog,SCRIPT_MISMATCH,sr_as_cyrillic
data,sr,B1,2783,stramm,stingrs,Strog,MARKER_LEAK,latin_in_cyrillic
data,bg,B1,2783,stramm,stingrs,Строг,FAMILY_COPY_STRICT,bg+mk
data,mk,B1,2783,stramm,stingrs,Строг,FAMILY_COPY_STRICT,bg+mk
data,en,B1,2783,stramm,stingrs,Strict,FAMILY_COPY_STRICT,en+fr+ro
data,fr,B1,2783,stramm,stingrs,Strict,FAMILY_COPY_STRICT,en+fr+ro
data,ro,B1,2783,stramm,stingrs,Strict,FAMILY_COPY_STRICT,en+fr+ro
data,fi,B1,2783,stramm,stingrs,Range,FAMILY_COPY_STRICT,fi+is+nb+nn+sv
data,is,B1,2783,stramm,stingrs,Range,FAMILY_COPY_STRICT,fi+is+nb+nn+sv
data,nb,B1,2783,stramm,stingrs,Range,FAMILY_COPY_STRICT,fi+is+nb+nn+sv
data,nn,B1,2783,stramm,stingrs,Range,FAMILY_COPY_STRICT,fi+is+nb+nn+sv
data,sv,B1,2783,stramm,stingrs,Range,FAMILY_COPY_STRICT,fi+is+nb+nn+sv
data,hr,B1,2783,stramm,stingrs,Strog,FAMILY_COPY_STRICT,hr+sr
data,sr,B1,2783,stramm,stingrs,Strog,FAMILY_COPY_STRICT,hr+sr
data,it,B1,2783,stramm,stingrs,Stingrs,FAMILY_COPY_STRICT,it+lb+nl
data,lb,B1,2783,stramm,stingrs,Stingrs,FAMILY_COPY_STRICT,it+lb+nl
data,nl,B1,2783,stramm,stingrs,Stingrs,FAMILY_COPY_STRICT,it+lb+nl
data,pl,B1,2783,stramm,stingrs,Ścisły,FAMILY_COPY_STRICT,pl+sk
data,sk,B1,2783,stramm,stingrs,Ścisły,FAMILY_COPY_STRICT,pl+sk
data,sq,B1,2783,stramm,stingrs,Sıkı,FAMILY_COPY_STRICT,sq+tr
data,tr,B1,2783,stramm,stingrs,Sıkı,FAMILY_COPY_STRICT,sq+tr
data,hr,B1,2784,Strandkorb,sauļošanās grozs pludmalē,Слънчева баня на плажа,SCRIPT_MISMATCH,
data,hr,B1,2784,Strandkorb,sauļošanās grozs pludmalē,Слънчева баня на плажа,MARKER_LEAK,foreign_script
data,it,B1,2784,Strandkorb,sauļošanās grozs pludmalē,Sauļošanās grozs pludmalē,SAME_AS_LV_CASEFOLD,casefold_only
data,it,B1,2784,Strandkorb,sauļošanās grozs pludmalē,Sauļošanās grozs pludmalē,LV_DIACRITIC,
data,it,B1,2784,Strandkorb,sauļošanās grozs pludmalē,Sauļošanās grozs pludmalē,MARKER_LEAK,lv_macron_consonant
data,lb,B1,2784,Strandkorb,sauļošanās grozs pludmalē,Sauļošanās grozs pludmalē,SAME_AS_LV_CASEFOLD,casefold_only
data,lb,B1,2784,Strandkorb,sauļošanās grozs pludmalē,Sauļošanās grozs pludmalē,LV_DIACRITIC,
data,lb,B1,2784,Strandkorb,sauļošanās grozs pludmalē,Sauļošanās grozs pludmalē,MARKER_LEAK,lv_macron_consonant
data,nl,B1,2784,Strandkorb,sauļošanās grozs pludmalē,Sauļošanās grozs pludmalē,SAME_AS_LV_CASEFOLD,casefold_only
data,nl,B1,2784,Strandkorb,sauļošanās grozs pludmalē,Sauļošanās grozs pludmalē,LV_DIACRITIC,
data,nl,B1,2784,Strandkorb,sauļošanās grozs pludmalē,Sauļošanās grozs pludmalē,MARKER_LEAK,lv_macron_consonant
data,pt,B1,2784,Strandkorb,sauļošanās grozs pludmalē,Sauļošanās grozs pludmalē,SAME_AS_LV_CASEFOLD,casefold_only
data,pt,B1,2784,Strandkorb,sauļošanās grozs pludmalē,Sauļošanās grozs pludmalē,LV_DIACRITIC,
data,pt,B1,2784,Strandkorb,sauļošanās grozs pludmalē,Sauļošanās grozs pludmalē,MARKER_LEAK,lv_macron_consonant
data,sk,B1,2784,Strandkorb,sauļošanās grozs pludmalē,Kosz do opalania na plaży,MARKER_LEAK,pl_l_s_z
data,sl,B1,2784,Strandkorb,sauļošanās grozs pludmalē,sauļošanās grozs pludmalē,SAME_AS_LV_CASEFOLD,exact
data,sl,B1,2784,Strandkorb,sauļošanās grozs pludmalē,sauļošanās grozs pludmalē,LV_DIACRITIC,
data,sl,B1,2784,Strandkorb,sauļošanās grozs pludmalē,sauļošanās grozs pludmalē,MARKER_LEAK,lv_macron_consonant
data,bg,B1,2784,Strandkorb,sauļošanās grozs pludmalē,Слънчева баня на плажа,FAMILY_COPY_STRICT,bg+hr+mk+sr
data,hr,B1,2784,Strandkorb,sauļošanās grozs pludmalē,Слънчева баня на плажа,FAMILY_COPY_STRICT,bg+hr+mk+sr
data,mk,B1,2784,Strandkorb,sauļošanās grozs pludmalē,Слънчева баня на плажа,FAMILY_COPY_STRICT,bg+hr+mk+sr
data,sr,B1,2784,Strandkorb,sauļošanās grozs pludmalē,Слънчева баня на плажа,FAMILY_COPY_STRICT,bg+hr+mk+sr
data,fi,B1,2784,Strandkorb,sauļošanās grozs pludmalē,Rannatool,FAMILY_COPY_STRICT,fi+is+nb+nn+sv
data,is,B1,2784,Strandkorb,sauļošanās grozs pludmalē,Rannatool,FAMILY_COPY_STRICT,fi+is+nb+nn+sv
data,nb,B1,2784,Strandkorb,sauļošanās grozs pludmalē,Rannatool,FAMILY_COPY_STRICT,fi+is+nb+nn+sv
data,nn,B1,2784,Strandkorb,sauļošanās grozs pludmalē,Rannatool,FAMILY_COPY_STRICT,fi+is+nb+nn+sv
data,sv,B1,2784,Strandkorb,sauļošanās grozs pludmalē,Rannatool,FAMILY_COPY_STRICT,fi+is+nb+nn+sv
data,it,B1,2784,Strandkorb,sauļošanās grozs pludmalē,Sauļošanās grozs pludmalē,FAMILY_COPY_STRICT,it+lb+nl+pt
data,lb,B1,2784,Strandkorb,sauļošanās grozs pludmalē,Sauļošanās grozs pludmalē,FAMILY_COPY_STRICT,it+lb+nl+pt
data,nl,B1,2784,Strandkorb,sauļošanās grozs pludmalē,Sauļošanās grozs pludmalē,FAMILY_COPY_STRICT,it+lb+nl+pt
data,pt,B1,2784,Strandkorb,sauļošanās grozs pludmalē,Sauļošanās grozs pludmalē,FAMILY_COPY_STRICT,it+lb+nl+pt
data,pl,B1,2784,Strandkorb,sauļošanās grozs pludmalē,Kosz do opalania na plaży,FAMILY_COPY_STRICT,pl+sk
data,sk,B1,2784,Strandkorb,sauļošanās grozs pludmalē,Kosz do opalania na plaży,FAMILY_COPY_STRICT,pl+sk
data,sq,B1,2784,Strandkorb,sauļošanās grozs pludmalē,Sahilde güneşlenme sepeti,FAMILY_COPY_STRICT,sq+tr
data,tr,B1,2784,Strandkorb,sauļošanās grozs pludmalē,Sahilde güneşlenme sepeti,FAMILY_COPY_STRICT,sq+tr
data,hr,B1,2785,Straßenverkehrsordnung,ceļu satiksmes noteikumi,Закони за сообраќај,SCRIPT_MISMATCH,
data,hr,B1,2785,Straßenverkehrsordnung,ceļu satiksmes noteikumi,Закони за сообраќај,MARKER_LEAK,foreign_script
data,it,B1,2785,Straßenverkehrsordnung,ceļu satiksmes noteikumi,Ceļu satiksmes noteikumi,SAME_AS_LV_CASEFOLD,casefold_only
data,it,B1,2785,Straßenverkehrsordnung,ceļu satiksmes noteikumi,Ceļu satiksmes noteikumi,LV_DIACRITIC,
data,it,B1,2785,Straßenverkehrsordnung,ceļu satiksmes noteikumi,Ceļu satiksmes noteikumi,MARKER_LEAK,lv_macron_consonant
data,lb,B1,2785,Straßenverkehrsordnung,ceļu satiksmes noteikumi,Ceļu satiksmes noteikumi,SAME_AS_LV_CASEFOLD,casefold_only
data,lb,B1,2785,Straßenverkehrsordnung,ceļu satiksmes noteikumi,Ceļu satiksmes noteikumi,LV_DIACRITIC,
data,lb,B1,2785,Straßenverkehrsordnung,ceļu satiksmes noteikumi,Ceļu satiksmes noteikumi,MARKER_LEAK,lv_macron_consonant
data,nl,B1,2785,Straßenverkehrsordnung,ceļu satiksmes noteikumi,Ceļu satiksmes noteikumi,SAME_AS_LV_CASEFOLD,casefold_only
data,nl,B1,2785,Straßenverkehrsordnung,ceļu satiksmes noteikumi,Ceļu satiksmes noteikumi,LV_DIACRITIC,
data,nl,B1,2785,Straßenverkehrsordnung,ceļu satiksmes noteikumi,Ceļu satiksmes noteikumi,MARKER_LEAK,lv_macron_consonant
data,pt,B1,2785,Straßenverkehrsordnung,ceļu satiksmes noteikumi,Ceļu satiksmes noteikumi,SAME_AS_LV_CASEFOLD,casefold_only
data,pt,B1,2785,Straßenverkehrsordnung,ceļu satiksmes noteikumi,Ceļu satiksmes noteikumi,LV_DIACRITIC,
data,pt,B1,2785,Straßenverkehrsordnung,ceļu satiksmes noteikumi,Ceļu satiksmes noteikumi,MARKER_LEAK,lv_macron_consonant
data,sl,B1,2785,Straßenverkehrsordnung,ceļu satiksmes noteikumi,ceļu satiksmes noteikumi,SAME_AS_LV_CASEFOLD,exact
data,sl,B1,2785,Straßenverkehrsordnung,ceļu satiksmes noteikumi,ceļu satiksmes noteikumi,LV_DIACRITIC,
data,sl,B1,2785,Straßenverkehrsordnung,ceļu satiksmes noteikumi,ceļu satiksmes noteikumi,MARKER_LEAK,lv_macron_consonant
data,fi,B1,2785,Straßenverkehrsordnung,ceļu satiksmes noteikumi,Liikluseeskiri,FAMILY_COPY_STRICT,fi+is+nb+nn+sv
data,is,B1,2785,Straßenverkehrsordnung,ceļu satiksmes noteikumi,Liikluseeskiri,FAMILY_COPY_STRICT,fi+is+nb+nn+sv
data,nb,B1,2785,Straßenverkehrsordnung,ceļu satiksmes noteikumi,Liikluseeskiri,FAMILY_COPY_STRICT,fi+is+nb+nn+sv
data,nn,B1,2785,Straßenverkehrsordnung,ceļu satiksmes noteikumi,Liikluseeskiri,FAMILY_COPY_STRICT,fi+is+nb+nn+sv
data,sv,B1,2785,Straßenverkehrsordnung,ceļu satiksmes noteikumi,Liikluseeskiri,FAMILY_COPY_STRICT,fi+is+nb+nn+sv
data,hr,B1,2785,Straßenverkehrsordnung,ceļu satiksmes noteikumi,Закони за сообраќај,FAMILY_COPY_STRICT,hr+mk+sr
data,mk,B1,2785,Straßenverkehrsordnung,ceļu satiksmes noteikumi,Закони за сообраќај,FAMILY_COPY_STRICT,hr+mk+sr
data,sr,B1,2785,Straßenverkehrsordnung,ceļu satiksmes noteikumi,Закони за сообраќај,FAMILY_COPY_STRICT,hr+mk+sr
data,it,B1,2785,Straßenverkehrsordnung,ceļu satiksmes noteikumi,Ceļu satiksmes noteikumi,FAMILY_COPY_STRICT,it+lb+nl+pt
data,lb,B1,2785,Straßenverkehrsordnung,ceļu satiksmes noteikumi,Ceļu satiksmes noteikumi,FAMILY_COPY_STRICT,it+lb+nl+pt
data,nl,B1,2785,Straßenverkehrsordnung,ceļu satiksmes noteikumi,Ceļu satiksmes noteikumi,FAMILY_COPY_STRICT,it+lb+nl+pt
data,pt,B1,2785,Straßenverkehrsordnung,ceļu satiksmes noteikumi,Ceļu satiksmes noteikumi,FAMILY_COPY_STRICT,it+lb+nl+pt
data,pl,B1,2785,Straßenverkehrsordnung,ceļu satiksmes noteikumi,Zasady ruchu drogowego,FAMILY_COPY_STRICT,pl+sk+sq+tr
data,sk,B1,2785,Straßenverkehrsordnung,ceļu satiksmes noteikumi,Zasady ruchu drogowego,FAMILY_COPY_STRICT,pl+sk+sq+tr
data,sq,B1,2785,Straßenverkehrsordnung,ceļu satiksmes noteikumi,Zasady ruchu drogowego,FAMILY_COPY_STRICT,pl+sk+sq+tr
data,tr,B1,2785,Straßenverkehrsordnung,ceļu satiksmes noteikumi,Zasady ruchu drogowego,FAMILY_COPY_STRICT,pl+sk+sq+tr
data,fi,B1,2786,Strauch,krūms,Põõsas,MARKER_LEAK,et_otilde
data,hr,B1,2786,Strauch,krūms,Буш,SCRIPT_MISMATCH,
data,hr,B1,2786,Strauch,krūms,Буш,MARKER_LEAK,foreign_script
data,is,B1,2786,Strauch,krūms,Põõsas,MARKER_LEAK,et_otilde
data,it,B1,2786,Strauch,krūms,Krūms,SAME_AS_LV_CASEFOLD,casefold_only
data,it,B1,2786,Strauch,krūms,Krūms,LV_DIACRITIC,
data,it,B1,2786,Strauch,krūms,Krūms,MARKER_LEAK,lv_u_macron
data,lb,B1,2786,Strauch,krūms,Krūms,SAME_AS_LV_CASEFOLD,casefold_only
data,lb,B1,2786,Strauch,krūms,Krūms,LV_DIACRITIC,
data,lb,B1,2786,Strauch,krūms,Krūms,MARKER_LEAK,lv_u_macron
data,nb,B1,2786,Strauch,krūms,Põõsas,MARKER_LEAK,et_otilde
data,nl,B1,2786,Strauch,krūms,Krūms,SAME_AS_LV_CASEFOLD,casefold_only
data,nl,B1,2786,Strauch,krūms,Krūms,LV_DIACRITIC,
data,nl,B1,2786,Strauch,krūms,Krūms,MARKER_LEAK,lv_u_macron
data,nn,B1,2786,Strauch,krūms,Põõsas,MARKER_LEAK,et_otilde
data,sl,B1,2786,Strauch,krūms,krūms,SAME_AS_LV_CASEFOLD,exact
data,sl,B1,2786,Strauch,krūms,krūms,LV_DIACRITIC,
data,sl,B1,2786,Strauch,krūms,krūms,MARKER_LEAK,lv_u_macron
data,sq,B1,2786,Strauch,krūms,Çalı,MARKER_LEAK,tr_soft
data,sv,B1,2786,Strauch,krūms,Põõsas,MARKER_LEAK,et_otilde
data,bg,B1,2786,Strauch,krūms,Буш,FAMILY_COPY_STRICT,bg+hr+mk+sr
data,hr,B1,2786,Strauch,krūms,Буш,FAMILY_COPY_STRICT,bg+hr+mk+sr
data,mk,B1,2786,Strauch,krūms,Буш,FAMILY_COPY_STRICT,bg+hr+mk+sr
data,sr,B1,2786,Strauch,krūms,Буш,FAMILY_COPY_STRICT,bg+hr+mk+sr
data,en,B1,2786,Strauch,krūms,Bush,FAMILY_COPY_STRICT,en+sk
data,sk,B1,2786,Strauch,krūms,Bush,FAMILY_COPY_STRICT,en+sk
data,fi,B1,2786,Strauch,krūms,Põõsas,FAMILY_COPY_STRICT,fi+is+nb+nn+sv
data,is,B1,2786,Strauch,krūms,Põõsas,FAMILY_COPY_STRICT,fi+is+nb+nn+sv
data,nb,B1,2786,Strauch,krūms,Põõsas,FAMILY_COPY_STRICT,fi+is+nb+nn+sv
data,nn,B1,2786,Strauch,krūms,Põõsas,FAMILY_COPY_STRICT,fi+is+nb+nn+sv
data,sv,B1,2786,Strauch,krūms,Põõsas,FAMILY_COPY_STRICT,fi+is+nb+nn+sv
data,it,B1,2786,Strauch,krūms,Krūms,FAMILY_COPY_STRICT,it+lb+nl
data,lb,B1,2786,Strauch,krūms,Krūms,FAMILY_COPY_STRICT,it+lb+nl
data,nl,B1,2786,Strauch,krūms,Krūms,FAMILY_COPY_STRICT,it+lb+nl
data,sq,B1,2786,Strauch,krūms,Çalı,FAMILY_COPY_STRICT,sq+tr
data,tr,B1,2786,Strauch,krūms,Çalı,FAMILY_COPY_STRICT,sq+tr
data,fi,B1,2787,Strecke,posms,Lõik,MARKER_LEAK,et_otilde
data,hr,B1,2787,Strecke,posms,Етап,SCRIPT_MISMATCH,
data,hr,B1,2787,Strecke,posms,Етап,MARKER_LEAK,foreign_script
data,is,B1,2787,Strecke,posms,Lõik,MARKER_LEAK,et_otilde
data,it,B1,2787,Strecke,posms,Posms,SAME_AS_LV_CASEFOLD,casefold_only
data,nb,B1,2787,Strecke,posms,Lõik,MARKER_LEAK,et_otilde
data,nl,B1,2787,Strecke,posms,Posms,SAME_AS_LV_CASEFOLD,casefold_only
data,nn,B1,2787,Strecke,posms,Lõik,MARKER_LEAK,et_otilde
data,sl,B1,2787,Strecke,posms,posms,SAME_AS_LV_CASEFOLD,exact
data,sv,B1,2787,Strecke,posms,Lõik,MARKER_LEAK,et_otilde
data,bg,B1,2787,Strecke,posms,Етап,FAMILY_COPY_STRICT,bg+hr+mk+sr
data,hr,B1,2787,Strecke,posms,Етап,FAMILY_COPY_STRICT,bg+hr+mk+sr
data,mk,B1,2787,Strecke,posms,Етап,FAMILY_COPY_STRICT,bg+hr+mk+sr
data,sr,B1,2787,Strecke,posms,Етап,FAMILY_COPY_STRICT,bg+hr+mk+sr
data,fi,B1,2787,Strecke,posms,Lõik,FAMILY_COPY_STRICT,fi+is+nb+nn+sv
data,is,B1,2787,Strecke,posms,Lõik,FAMILY_COPY_STRICT,fi+is+nb+nn+sv
data,nb,B1,2787,Strecke,posms,Lõik,FAMILY_COPY_STRICT,fi+is+nb+nn+sv
data,nn,B1,2787,Strecke,posms,Lõik,FAMILY_COPY_STRICT,fi+is+nb+nn+sv
data,sv,B1,2787,Strecke,posms,Lõik,FAMILY_COPY_STRICT,fi+is+nb+nn+sv
data,it,B1,2787,Strecke,posms,Posms,FAMILY_COPY_STRICT,it+nl
data,nl,B1,2787,Strecke,posms,Posms,FAMILY_COPY_STRICT,it+nl
data,pl,B1,2787,Strecke,posms,Scena,FAMILY_COPY_STRICT,pl+sk
data,sk,B1,2787,Strecke,posms,Scena,FAMILY_COPY_STRICT,pl+sk
data,sq,B1,2787,Strecke,posms,Sahne,FAMILY_COPY_STRICT,sq+tr
data,tr,B1,2787,Strecke,posms,Sahne,FAMILY_COPY_STRICT,sq+tr
data,hr,B1,2788,strecken,izstiept,Разтягане,SCRIPT_MISMATCH,
data,hr,B1,2788,strecken,izstiept,Разтягане,MARKER_LEAK,foreign_script
data,it,B1,2788,strecken,izstiept,Izstiept,SAME_AS_LV_CASEFOLD,casefold_only
data,nl,B1,2788,strecken,izstiept,Izstiept,SAME_AS_LV_CASEFOLD,casefold_only
data,pt,B1,2788,strecken,izstiept,Izstiept,SAME_AS_LV_CASEFOLD,casefold_only
data,sk,B1,2788,strecken,izstiept,Rozciągnąć,MARKER_LEAK,pl_lt_nasal
data,sl,B1,2788,strecken,izstiept,izstiept,SAME_AS_LV_CASEFOLD,exact
data,bg,B1,2788,strecken,izstiept,Разтягане,FAMILY_COPY_STRICT,bg+hr+mk+sr
data,hr,B1,2788,strecken,izstiept,Разтягане,FAMILY_COPY_STRICT,bg+hr+mk+sr
data,mk,B1,2788,strecken,izstiept,Разтягане,FAMILY_COPY_STRICT,bg+hr+mk+sr
data,sr,B1,2788,strecken,izstiept,Разтягане,FAMILY_COPY_STRICT,bg+hr+mk+sr
data,fi,B1,2788,strecken,izstiept,Sirutama,FAMILY_COPY_STRICT,fi+is+nb+nn+sv
data,is,B1,2788,strecken,izstiept,Sirutama,FAMILY_COPY_STRICT,fi+is+nb+nn+sv
data,nb,B1,2788,strecken,izstiept,Sirutama,FAMILY_COPY_STRICT,fi+is+nb+nn+sv
data,nn,B1,2788,strecken,izstiept,Sirutama,FAMILY_COPY_STRICT,fi+is+nb+nn+sv
data,sv,B1,2788,strecken,izstiept,Sirutama,FAMILY_COPY_STRICT,fi+is+nb+nn+sv
data,it,B1,2788,strecken,izstiept,Izstiept,FAMILY_COPY_STRICT,it+nl+pt
data,nl,B1,2788,strecken,izstiept,Izstiept,FAMILY_COPY_STRICT,it+nl+pt
data,pt,B1,2788,strecken,izstiept,Izstiept,FAMILY_COPY_STRICT,it+nl+pt
data,pl,B1,2788,strecken,izstiept,Rozciągnąć,FAMILY_COPY_STRICT,pl+sk
data,sk,B1,2788,strecken,izstiept,Rozciągnąć,FAMILY_COPY_STRICT,pl+sk
data,sq,B1,2788,strecken,izstiept,Uzatmak,FAMILY_COPY_STRICT,sq+tr
data,tr,B1,2788,strecken,izstiept,Uzatmak,FAMILY_COPY_STRICT,sq+tr
data,hr,B1,2789,Streich,joks,Шега,SCRIPT_MISMATCH,
data,hr,B1,2789,Streich,joks,Шега,MARKER_LEAK,foreign_script
data,it,B1,2789,Streich,joks,Joks,SAME_AS_LV_CASEFOLD,casefold_only
data,lb,B1,2789,Streich,joks,Joks,SAME_AS_LV_CASEFOLD,casefold_only
data,nl,B1,2789,Streich,joks,Joks,SAME_AS_LV_CASEFOLD,casefold_only
data,sk,B1,2789,Streich,joks,Żart,MARKER_LEAK,pl_l_s_z
data,sl,B1,2789,Streich,joks,joks,SAME_AS_LV_CASEFOLD,exact
data,sq,B1,2789,Streich,joks,Żart,MARKER_LEAK,pl_l_s_z
data,tr,B1,2789,Streich,joks,Żart,MARKER_LEAK,pl_l_s_z
data,bg,B1,2789,Streich,joks,Шега,FAMILY_COPY_STRICT,bg+hr+mk+sr
data,hr,B1,2789,Streich,joks,Шега,FAMILY_COPY_STRICT,bg+hr+mk+sr
data,mk,B1,2789,Streich,joks,Шега,FAMILY_COPY_STRICT,bg+hr+mk+sr
data,sr,B1,2789,Streich,joks,Шега,FAMILY_COPY_STRICT,bg+hr+mk+sr
data,fi,B1,2789,Streich,joks,Vemp,FAMILY_COPY_STRICT,fi+is+nb+nn+sv
data,is,B1,2789,Streich,joks,Vemp,FAMILY_COPY_STRICT,fi+is+nb+nn+sv
data,nb,B1,2789,Streich,joks,Vemp,FAMILY_COPY_STRICT,fi+is+nb+nn+sv
data,nn,B1,2789,Streich,joks,Vemp,FAMILY_COPY_STRICT,fi+is+nb+nn+sv
data,sv,B1,2789,Streich,joks,Vemp,FAMILY_COPY_STRICT,fi+is+nb+nn+sv
data,it,B1,2789,Streich,joks,Joks,FAMILY_COPY_STRICT,it+lb+nl
data,lb,B1,2789,Streich,joks,Joks,FAMILY_COPY_STRICT,it+lb+nl
data,nl,B1,2789,Streich,joks,Joks,FAMILY_COPY_STRICT,it+lb+nl
data,pl,B1,2789,Streich,joks,Żart,FAMILY_COPY_STRICT,pl+sk+sq+tr
data,sk,B1,2789,Streich,joks,Żart,FAMILY_COPY_STRICT,pl+sk+sq+tr
data,sq,B1,2789,Streich,joks,Żart,FAMILY_COPY_STRICT,pl+sk+sq+tr
data,tr,B1,2789,Streich,joks,Żart,FAMILY_COPY_STRICT,pl+sk+sq+tr
data,fi,B1,2790,streichen,svītrot,Maha tõmbama,MARKER_LEAK,et_otilde
data,hr,B1,2790,streichen,svītrot,Изтриване,SCRIPT_MISMATCH,
data,hr,B1,2790,streichen,svītrot,Изтриване,MARKER_LEAK,foreign_script
data,is,B1,2790,streichen,svītrot,Maha tõmbama,MARKER_LEAK,et_otilde
data,it,B1,2790,streichen,svītrot,Svītrot,SAME_AS_LV_CASEFOLD,casefold_only
data,it,B1,2790,streichen,svītrot,Svītrot,LV_DIACRITIC,
data,it,B1,2790,streichen,svītrot,Svītrot,MARKER_LEAK,lv_macron_consonant
data,lb,B1,2790,streichen,svītrot,Svītrot,SAME_AS_LV_CASEFOLD,casefold_only
data,lb,B1,2790,streichen,svītrot,Svītrot,LV_DIACRITIC,
data,lb,B1,2790,streichen,svītrot,Svītrot,MARKER_LEAK,lv_macron_consonant
data,nb,B1,2790,streichen,svītrot,Maha tõmbama,MARKER_LEAK,et_otilde
data,nl,B1,2790,streichen,svītrot,Svītrot,SAME_AS_LV_CASEFOLD,casefold_only
data,nl,B1,2790,streichen,svītrot,Svītrot,LV_DIACRITIC,
data,nl,B1,2790,streichen,svītrot,Svītrot,MARKER_LEAK,lv_macron_consonant
data,nn,B1,2790,streichen,svītrot,Maha tõmbama,MARKER_LEAK,et_otilde
data,sl,B1,2790,streichen,svītrot,svītrot,SAME_AS_LV_CASEFOLD,exact
data,sl,B1,2790,streichen,svītrot,svītrot,LV_DIACRITIC,
data,sl,B1,2790,streichen,svītrot,svītrot,MARKER_LEAK,lv_macron_consonant
data,sv,B1,2790,streichen,svītrot,Maha tõmbama,MARKER_LEAK,et_otilde
data,bg,B1,2790,streichen,svītrot,Изтриване,FAMILY_COPY_STRICT,bg+hr+mk+sr
data,hr,B1,2790,streichen,svītrot,Изтриване,FAMILY_COPY_STRICT,bg+hr+mk+sr
data,mk,B1,2790,streichen,svītrot,Изтриване,FAMILY_COPY_STRICT,bg+hr+mk+sr
data,sr,B1,2790,streichen,svītrot,Изтриване,FAMILY_COPY_STRICT,bg+hr+mk+sr
data,fi,B1,2790,streichen,svītrot,Maha tõmbama,FAMILY_COPY_STRICT,fi+is+nb+nn+sv
data,is,B1,2790,streichen,svītrot,Maha tõmbama,FAMILY_COPY_STRICT,fi+is+nb+nn+sv
data,nb,B1,2790,streichen,svītrot,Maha tõmbama,FAMILY_COPY_STRICT,fi+is+nb+nn+sv
data,nn,B1,2790,streichen,svītrot,Maha tõmbama,FAMILY_COPY_STRICT,fi+is+nb+nn+sv
data,sv,B1,2790,streichen,svītrot,Maha tõmbama,FAMILY_COPY_STRICT,fi+is+nb+nn+sv
data,it,B1,2790,streichen,svītrot,Svītrot,FAMILY_COPY_STRICT,it+lb+nl
data,lb,B1,2790,streichen,svītrot,Svītrot,FAMILY_COPY_STRICT,it+lb+nl
data,nl,B1,2790,streichen,svītrot,Svītrot,FAMILY_COPY_STRICT,it+lb+nl
data,pl,B1,2790,streichen,svītrot,Usuwać,FAMILY_COPY_STRICT,pl+sk
data,sk,B1,2790,streichen,svītrot,Usuwać,FAMILY_COPY_STRICT,pl+sk
data,sq,B1,2790,streichen,svītrot,Silmek,FAMILY_COPY_STRICT,sq+tr
data,tr,B1,2790,streichen,svītrot,Silmek,FAMILY_COPY_STRICT,sq+tr
data,hr,B1,2791,Streife,patruļa policijas,Патрулна полиция,SCRIPT_MISMATCH,
data,hr,B1,2791,Streife,patruļa policijas,Патрулна полиция,MARKER_LEAK,foreign_script
data,it,B1,2791,Streife,patruļa policijas,Patruļa policijas,SAME_AS_LV_CASEFOLD,casefold_only
data,it,B1,2791,Streife,patruļa policijas,Patruļa policijas,LV_DIACRITIC,
data,it,B1,2791,Streife,patruļa policijas,Patruļa policijas,MARKER_LEAK,lv_macron_consonant
data,lb,B1,2791,Streife,patruļa policijas,Patruļa policijas,SAME_AS_LV_CASEFOLD,casefold_only
data,lb,B1,2791,Streife,patruļa policijas,Patruļa policijas,LV_DIACRITIC,
data,lb,B1,2791,Streife,patruļa policijas,Patruļa policijas,MARKER_LEAK,lv_macron_consonant
data,nl,B1,2791,Streife,patruļa policijas,Patruļa policijas,SAME_AS_LV_CASEFOLD,casefold_only
data,nl,B1,2791,Streife,patruļa policijas,Patruļa policijas,LV_DIACRITIC,
data,nl,B1,2791,Streife,patruļa policijas,Patruļa policijas,MARKER_LEAK,lv_macron_consonant
data,sl,B1,2791,Streife,patruļa policijas,patruļa policijas,SAME_AS_LV_CASEFOLD,exact
data,sl,B1,2791,Streife,patruļa policijas,patruļa policijas,LV_DIACRITIC,
data,sl,B1,2791,Streife,patruļa policijas,patruļa policijas,MARKER_LEAK,lv_macron_consonant
data,bg,B1,2791,Streife,patruļa policijas,Патрулна полиция,FAMILY_COPY_STRICT,bg+hr+mk+sr
data,hr,B1,2791,Streife,patruļa policijas,Патрулна полиция,FAMILY_COPY_STRICT,bg+hr+mk+sr
data,mk,B1,2791,Streife,patruļa policijas,Патрулна полиция,FAMILY_COPY_STRICT,bg+hr+mk+sr
data,sr,B1,2791,Streife,patruļa policijas,Патрулна полиция,FAMILY_COPY_STRICT,bg+hr+mk+sr
data,fi,B1,2791,Streife,patruļa policijas,Patrull,FAMILY_COPY_STRICT,fi+is+nb+nn+sv
data,is,B1,2791,Streife,patruļa policijas,Patrull,FAMILY_COPY_STRICT,fi+is+nb+nn+sv
data,nb,B1,2791,Streife,patruļa policijas,Patrull,FAMILY_COPY_STRICT,fi+is+nb+nn+sv
data,nn,B1,2791,Streife,patruļa policijas,Patrull,FAMILY_COPY_STRICT,fi+is+nb+nn+sv
data,sv,B1,2791,Streife,patruļa policijas,Patrull,FAMILY_COPY_STRICT,fi+is+nb+nn+sv
data,it,B1,2791,Streife,patruļa policijas,Patruļa policijas,FAMILY_COPY_STRICT,it+lb+nl
data,lb,B1,2791,Streife,patruļa policijas,Patruļa policijas,FAMILY_COPY_STRICT,it+lb+nl
data,nl,B1,2791,Streife,patruļa policijas,Patruļa policijas,FAMILY_COPY_STRICT,it+lb+nl
data,pl,B1,2791,Streife,patruļa policijas,Policja patrolowa,FAMILY_COPY_STRICT,pl+sk+sq+tr
data,sk,B1,2791,Streife,patruļa policijas,Policja patrolowa,FAMILY_COPY_STRICT,pl+sk+sq+tr
data,sq,B1,2791,Streife,patruļa policijas,Policja patrolowa,FAMILY_COPY_STRICT,pl+sk+sq+tr
data,tr,B1,2791,Streife,patruļa policijas,Policja patrolowa,FAMILY_COPY_STRICT,pl+sk+sq+tr
data,hr,B1,2792,Streifen,svītra • josla,Райе • Райе,SCRIPT_MISMATCH,
data,hr,B1,2792,Streifen,svītra • josla,Райе • Райе,MARKER_LEAK,foreign_script
data,it,B1,2792,Streifen,svītra • josla,Svītra • Josla,SAME_AS_LV_CASEFOLD,casefold_only
data,it,B1,2792,Streifen,svītra • josla,Svītra • Josla,LV_DIACRITIC,
data,it,B1,2792,Streifen,svītra • josla,Svītra • Josla,MARKER_LEAK,lv_macron_consonant
data,lb,B1,2792,Streifen,svītra • josla,Svītra • Josla,SAME_AS_LV_CASEFOLD,casefold_only
data,lb,B1,2792,Streifen,svītra • josla,Svītra • Josla,LV_DIACRITIC,
data,lb,B1,2792,Streifen,svītra • josla,Svītra • Josla,MARKER_LEAK,lv_macron_consonant
data,nl,B1,2792,Streifen,svītra • josla,Svītra • Josla,SAME_AS_LV_CASEFOLD,casefold_only
data,nl,B1,2792,Streifen,svītra • josla,Svītra • Josla,LV_DIACRITIC,
data,nl,B1,2792,Streifen,svītra • josla,Svītra • Josla,MARKER_LEAK,lv_macron_consonant
data,sl,B1,2792,Streifen,svītra • josla,svītra • josla,SAME_AS_LV_CASEFOLD,exact
data,sl,B1,2792,Streifen,svītra • josla,svītra • josla,LV_DIACRITIC,
data,sl,B1,2792,Streifen,svītra • josla,svītra • josla,MARKER_LEAK,lv_macron_consonant
data,bg,B1,2792,Streifen,svītra • josla,Райе • Райе,FAMILY_COPY_STRICT,bg+hr+mk+sr
data,hr,B1,2792,Streifen,svītra • josla,Райе • Райе,FAMILY_COPY_STRICT,bg+hr+mk+sr
data,mk,B1,2792,Streifen,svītra • josla,Райе • Райе,FAMILY_COPY_STRICT,bg+hr+mk+sr
data,sr,B1,2792,Streifen,svītra • josla,Райе • Райе,FAMILY_COPY_STRICT,bg+hr+mk+sr
data,fi,B1,2792,Streifen,svītra • josla,Triip • Riba,FAMILY_COPY_STRICT,fi+is+nb+nn+sv
data,is,B1,2792,Streifen,svītra • josla,Triip • Riba,FAMILY_COPY_STRICT,fi+is+nb+nn+sv
data,nb,B1,2792,Streifen,svītra • josla,Triip • Riba,FAMILY_COPY_STRICT,fi+is+nb+nn+sv
data,nn,B1,2792,Streifen,svītra • josla,Triip • Riba,FAMILY_COPY_STRICT,fi+is+nb+nn+sv
data,sv,B1,2792,Streifen,svītra • josla,Triip • Riba,FAMILY_COPY_STRICT,fi+is+nb+nn+sv
data,it,B1,2792,Streifen,svītra • josla,Svītra • Josla,FAMILY_COPY_STRICT,it+lb+nl
data,lb,B1,2792,Streifen,svītra • josla,Svītra • Josla,FAMILY_COPY_STRICT,it+lb+nl
data,nl,B1,2792,Streifen,svītra • josla,Svītra • Josla,FAMILY_COPY_STRICT,it+lb+nl
data,pl,B1,2792,Streifen,svītra • josla,Pasek • Opaska,FAMILY_COPY_STRICT,pl+sk+sq+tr
data,sk,B1,2792,Streifen,svītra • josla,Pasek • Opaska,FAMILY_COPY_STRICT,pl+sk+sq+tr
data,sq,B1,2792,Streifen,svītra • josla,Pasek • Opaska,FAMILY_COPY_STRICT,pl+sk+sq+tr
data,tr,B1,2792,Streifen,svītra • josla,Pasek • Opaska,FAMILY_COPY_STRICT,pl+sk+sq+tr
data,hr,B1,2793,Streik,streiks,Хит,SCRIPT_MISMATCH,
data,hr,B1,2793,Streik,streiks,Хит,MARKER_LEAK,foreign_script
data,it,B1,2793,Streik,streiks,Streiks,SAME_AS_LV_CASEFOLD,casefold_only
data,lb,B1,2793,Streik,streiks,Streiks,SAME_AS_LV_CASEFOLD,casefold_only
data,nl,B1,2793,Streik,streiks,Streiks,SAME_AS_LV_CASEFOLD,casefold_only
data,sl,B1,2793,Streik,streiks,streiks,SAME_AS_LV_CASEFOLD,exact
data,uk,B1,2793,Streik,streiks,streiks,SAME_AS_LV_CASEFOLD,exact
data,uk,B1,2793,Streik,streiks,streiks,SCRIPT_MISMATCH,
data,uk,B1,2793,Streik,streiks,streiks,MARKER_LEAK,latin_in_cyrillic
data,bg,B1,2793,Streik,streiks,Хит,FAMILY_COPY_STRICT,bg+hr+mk+sr
data,hr,B1,2793,Streik,streiks,Хит,FAMILY_COPY_STRICT,bg+hr+mk+sr
data,mk,B1,2793,Streik,streiks,Хит,FAMILY_COPY_STRICT,bg+hr+mk+sr
data,sr,B1,2793,Streik,streiks,Хит,FAMILY_COPY_STRICT,bg+hr+mk+sr
data,it,B1,2793,Streik,streiks,Streiks,FAMILY_COPY_STRICT,it+lb+nl
data,lb,B1,2793,Streik,streiks,Streiks,FAMILY_COPY_STRICT,it+lb+nl
data,nl,B1,2793,Streik,streiks,Streiks,FAMILY_COPY_STRICT,it+lb+nl
data,pl,B1,2793,Streik,streiks,Strajk,FAMILY_COPY_STRICT,pl+sk+sq+tr
data,sk,B1,2793,Streik,streiks,Strajk,FAMILY_COPY_STRICT,pl+sk+sq+tr
data,sq,B1,2793,Streik,streiks,Strajk,FAMILY_COPY_STRICT,pl+sk+sq+tr
data,tr,B1,2793,Streik,streiks,Strajk,FAMILY_COPY_STRICT,pl+sk+sq+tr
data,hr,B1,2794,streiken,streikot,Стачка,SCRIPT_MISMATCH,
data,hr,B1,2794,streiken,streikot,Стачка,MARKER_LEAK,foreign_script
data,it,B1,2794,streiken,streikot,Streikot,SAME_AS_LV_CASEFOLD,casefold_only
data,lb,B1,2794,streiken,streikot,Streikot,SAME_AS_LV_CASEFOLD,casefold_only
data,nl,B1,2794,streiken,streikot,Streikot,SAME_AS_LV_CASEFOLD,casefold_only
data,pt,B1,2794,streiken,streikot,Streikot,SAME_AS_LV_CASEFOLD,casefold_only
data,sl,B1,2794,streiken,streikot,streikot,SAME_AS_LV_CASEFOLD,exact
data,bg,B1,2794,streiken,streikot,Стачка,FAMILY_COPY_STRICT,bg+hr+mk+sr
data,hr,B1,2794,streiken,streikot,Стачка,FAMILY_COPY_STRICT,bg+hr+mk+sr
data,mk,B1,2794,streiken,streikot,Стачка,FAMILY_COPY_STRICT,bg+hr+mk+sr
data,sr,B1,2794,streiken,streikot,Стачка,FAMILY_COPY_STRICT,bg+hr+mk+sr
data,fi,B1,2794,streiken,streikot,Streikima,FAMILY_COPY_STRICT,fi+is+nb+nn+sv
data,is,B1,2794,streiken,streikot,Streikima,FAMILY_COPY_STRICT,fi+is+nb+nn+sv
data,nb,B1,2794,streiken,streikot,Streikima,FAMILY_COPY_STRICT,fi+is+nb+nn+sv
data,nn,B1,2794,streiken,streikot,Streikima,FAMILY_COPY_STRICT,fi+is+nb+nn+sv
data,sv,B1,2794,streiken,streikot,Streikima,FAMILY_COPY_STRICT,fi+is+nb+nn+sv
data,it,B1,2794,streiken,streikot,Streikot,FAMILY_COPY_STRICT,it+lb+nl+pt
data,lb,B1,2794,streiken,streikot,Streikot,FAMILY_COPY_STRICT,it+lb+nl+pt
data,nl,B1,2794,streiken,streikot,Streikot,FAMILY_COPY_STRICT,it+lb+nl+pt
data,pt,B1,2794,streiken,streikot,Streikot,FAMILY_COPY_STRICT,it+lb+nl+pt
data,pl,B1,2794,streiken,streikot,Uderzyć,FAMILY_COPY_STRICT,pl+sk
data,sk,B1,2794,streiken,streikot,Uderzyć,FAMILY_COPY_STRICT,pl+sk
data,sq,B1,2794,streiken,streikot,Grev,FAMILY_COPY_STRICT,sq+tr
data,tr,B1,2794,streiken,streikot,Grev,FAMILY_COPY_STRICT,sq+tr
data,hr,B1,2795,streiten,strīdēties,Аргументирайте,SCRIPT_MISMATCH,
data,hr,B1,2795,streiten,strīdēties,Аргументирайте,MARKER_LEAK,foreign_script
data,it,B1,2795,streiten,strīdēties,Strīdēties,SAME_AS_LV_CASEFOLD,casefold_only
data,it,B1,2795,streiten,strīdēties,Strīdēties,LV_DIACRITIC,
data,it,B1,2795,streiten,strīdēties,Strīdēties,MARKER_LEAK,lv_macron_consonant
data,lb,B1,2795,streiten,strīdēties,Strīdēties,SAME_AS_LV_CASEFOLD,casefold_only
data,lb,B1,2795,streiten,strīdēties,Strīdēties,LV_DIACRITIC,
data,lb,B1,2795,streiten,strīdēties,Strīdēties,MARKER_LEAK,lv_macron_consonant
data,nl,B1,2795,streiten,strīdēties,Strīdēties,SAME_AS_LV_CASEFOLD,casefold_only
data,nl,B1,2795,streiten,strīdēties,Strīdēties,LV_DIACRITIC,
data,nl,B1,2795,streiten,strīdēties,Strīdēties,MARKER_LEAK,lv_macron_consonant
data,pt,B1,2795,streiten,strīdēties,Strīdēties,SAME_AS_LV_CASEFOLD,casefold_only
data,pt,B1,2795,streiten,strīdēties,Strīdēties,LV_DIACRITIC,
data,pt,B1,2795,streiten,strīdēties,Strīdēties,MARKER_LEAK,lv_macron_consonant
data,sk,B1,2795,streiten,strīdēties,Kłócić się,MARKER_LEAK,pl_l_s_z+pl_lt_nasal
data,sl,B1,2795,streiten,strīdēties,strīdēties,SAME_AS_LV_CASEFOLD,exact
data,sl,B1,2795,streiten,strīdēties,strīdēties,LV_DIACRITIC,
data,sl,B1,2795,streiten,strīdēties,strīdēties,MARKER_LEAK,lv_macron_consonant
data,sq,B1,2795,streiten,strīdēties,Tartışmak,MARKER_LEAK,tr_soft
data,bg,B1,2795,streiten,strīdēties,Аргументирайте,FAMILY_COPY_STRICT,bg+hr+mk+sr
data,hr,B1,2795,streiten,strīdēties,Аргументирайте,FAMILY_COPY_STRICT,bg+hr+mk+sr
data,mk,B1,2795,streiten,strīdēties,Аргументирайте,FAMILY_COPY_STRICT,bg+hr+mk+sr
data,sr,B1,2795,streiten,strīdēties,Аргументирайте,FAMILY_COPY_STRICT,bg+hr+mk+sr
data,fi,B1,2795,streiten,strīdēties,Riidlema,FAMILY_COPY_STRICT,fi+is+nb+nn+sv
data,is,B1,2795,streiten,strīdēties,Riidlema,FAMILY_COPY_STRICT,fi+is+nb+nn+sv
data,nb,B1,2795,streiten,strīdēties,Riidlema,FAMILY_COPY_STRICT,fi+is+nb+nn+sv
data,nn,B1,2795,streiten,strīdēties,Riidlema,FAMILY_COPY_STRICT,fi+is+nb+nn+sv
data,sv,B1,2795,streiten,strīdēties,Riidlema,FAMILY_COPY_STRICT,fi+is+nb+nn+sv
data,it,B1,2795,streiten,strīdēties,Strīdēties,FAMILY_COPY_STRICT,it+lb+nl+pt
data,lb,B1,2795,streiten,strīdēties,Strīdēties,FAMILY_COPY_STRICT,it+lb+nl+pt
data,nl,B1,2795,streiten,strīdēties,Strīdēties,FAMILY_COPY_STRICT,it+lb+nl+pt
data,pt,B1,2795,streiten,strīdēties,Strīdēties,FAMILY_COPY_STRICT,it+lb+nl+pt
data,pl,B1,2795,streiten,strīdēties,Kłócić się,FAMILY_COPY_STRICT,pl+sk
data,sk,B1,2795,streiten,strīdēties,Kłócić się,FAMILY_COPY_STRICT,pl+sk
data,sq,B1,2795,streiten,strīdēties,Tartışmak,FAMILY_COPY_STRICT,sq+tr
data,tr,B1,2795,streiten,strīdēties,Tartışmak,FAMILY_COPY_STRICT,sq+tr
data,it,B1,2796,streng,stingrs,Stingrs,SAME_AS_LV_CASEFOLD,casefold_only
data,lb,B1,2796,streng,stingrs,Stingrs,SAME_AS_LV_CASEFOLD,casefold_only
data,nl,B1,2796,streng,stingrs,Stingrs,SAME_AS_LV_CASEFOLD,casefold_only
data,sk,B1,2796,streng,stingrs,Ścisły,MARKER_LEAK,pl_l_s_z
data,sl,B1,2796,streng,stingrs,stingrs,SAME_AS_LV_CASEFOLD,exact
data,sq,B1,2796,streng,stingrs,Sıkı,MARKER_LEAK,tr_soft
data,sr,B1,2796,streng,stingrs,Strog,SCRIPT_MISMATCH,sr_as_cyrillic
data,sr,B1,2796,streng,stingrs,Strog,MARKER_LEAK,latin_in_cyrillic
data,bg,B1,2796,streng,stingrs,Строг,FAMILY_COPY_STRICT,bg+mk
data,mk,B1,2796,streng,stingrs,Строг,FAMILY_COPY_STRICT,bg+mk
data,bs,B1,2796,streng,stingrs,Strog,FAMILY_COPY_STRICT,bs+hr+sr
data,hr,B1,2796,streng,stingrs,Strog,FAMILY_COPY_STRICT,bs+hr+sr
data,sr,B1,2796,streng,stingrs,Strog,FAMILY_COPY_STRICT,bs+hr+sr
data,en,B1,2796,streng,stingrs,Strict,FAMILY_COPY_STRICT,en+fr+ro
data,fr,B1,2796,streng,stingrs,Strict,FAMILY_COPY_STRICT,en+fr+ro
data,ro,B1,2796,streng,stingrs,Strict,FAMILY_COPY_STRICT,en+fr+ro
data,fi,B1,2796,streng,stingrs,Range,FAMILY_COPY_STRICT,fi+is+nb+nn+sv
data,is,B1,2796,streng,stingrs,Range,FAMILY_COPY_STRICT,fi+is+nb+nn+sv
data,nb,B1,2796,streng,stingrs,Range,FAMILY_COPY_STRICT,fi+is+nb+nn+sv
data,nn,B1,2796,streng,stingrs,Range,FAMILY_COPY_STRICT,fi+is+nb+nn+sv
data,sv,B1,2796,streng,stingrs,Range,FAMILY_COPY_STRICT,fi+is+nb+nn+sv
data,it,B1,2796,streng,stingrs,Stingrs,FAMILY_COPY_STRICT,it+lb+nl
data,lb,B1,2796,streng,stingrs,Stingrs,FAMILY_COPY_STRICT,it+lb+nl
data,nl,B1,2796,streng,stingrs,Stingrs,FAMILY_COPY_STRICT,it+lb+nl
data,pl,B1,2796,streng,stingrs,Ścisły,FAMILY_COPY_STRICT,pl+sk
data,sk,B1,2796,streng,stingrs,Ścisły,FAMILY_COPY_STRICT,pl+sk
data,sq,B1,2796,streng,stingrs,Sıkı,FAMILY_COPY_STRICT,sq+tr
data,tr,B1,2796,streng,stingrs,Sıkı,FAMILY_COPY_STRICT,sq+tr
data,hr,B1,2797,streuen,kaisīt,Поръсете,SCRIPT_MISMATCH,
data,hr,B1,2797,streuen,kaisīt,Поръсете,MARKER_LEAK,foreign_script
data,it,B1,2797,streuen,kaisīt,Kaisīt,SAME_AS_LV_CASEFOLD,casefold_only
data,it,B1,2797,streuen,kaisīt,Kaisīt,LV_DIACRITIC,
data,it,B1,2797,streuen,kaisīt,Kaisīt,MARKER_LEAK,lv_macron_consonant
data,lb,B1,2797,streuen,kaisīt,Kaisīt,SAME_AS_LV_CASEFOLD,casefold_only
data,lb,B1,2797,streuen,kaisīt,Kaisīt,LV_DIACRITIC,
data,lb,B1,2797,streuen,kaisīt,Kaisīt,MARKER_LEAK,lv_macron_consonant
data,nl,B1,2797,streuen,kaisīt,Kaisīt,SAME_AS_LV_CASEFOLD,casefold_only
data,nl,B1,2797,streuen,kaisīt,Kaisīt,LV_DIACRITIC,
data,nl,B1,2797,streuen,kaisīt,Kaisīt,MARKER_LEAK,lv_macron_consonant
data,sl,B1,2797,streuen,kaisīt,kaisīt,SAME_AS_LV_CASEFOLD,exact
data,sl,B1,2797,streuen,kaisīt,kaisīt,LV_DIACRITIC,
data,sl,B1,2797,streuen,kaisīt,kaisīt,MARKER_LEAK,lv_macron_consonant
data,bg,B1,2797,streuen,kaisīt,Поръсете,FAMILY_COPY_STRICT,bg+hr+mk+sr
data,hr,B1,2797,streuen,kaisīt,Поръсете,FAMILY_COPY_STRICT,bg+hr+mk+sr
data,mk,B1,2797,streuen,kaisīt,Поръсете,FAMILY_COPY_STRICT,bg+hr+mk+sr
data,sr,B1,2797,streuen,kaisīt,Поръсете,FAMILY_COPY_STRICT,bg+hr+mk+sr
data,fi,B1,2797,streuen,kaisīt,Puistama,FAMILY_COPY_STRICT,fi+is+nb+nn+sv
data,is,B1,2797,streuen,kaisīt,Puistama,FAMILY_COPY_STRICT,fi+is+nb+nn+sv
data,nb,B1,2797,streuen,kaisīt,Puistama,FAMILY_COPY_STRICT,fi+is+nb+nn+sv
data,nn,B1,2797,streuen,kaisīt,Puistama,FAMILY_COPY_STRICT,fi+is+nb+nn+sv
data,sv,B1,2797,streuen,kaisīt,Puistama,FAMILY_COPY_STRICT,fi+is+nb+nn+sv
data,it,B1,2797,streuen,kaisīt,Kaisīt,FAMILY_COPY_STRICT,it+lb+nl
data,lb,B1,2797,streuen,kaisīt,Kaisīt,FAMILY_COPY_STRICT,it+lb+nl
data,nl,B1,2797,streuen,kaisīt,Kaisīt,FAMILY_COPY_STRICT,it+lb+nl
data,pl,B1,2797,streuen,kaisīt,Posypać,FAMILY_COPY_STRICT,pl+sk
data,sk,B1,2797,streuen,kaisīt,Posypać,FAMILY_COPY_STRICT,pl+sk
data,sq,B1,2797,streuen,kaisīt,Serpmek,FAMILY_COPY_STRICT,sq+tr
data,tr,B1,2797,streuen,kaisīt,Serpmek,FAMILY_COPY_STRICT,sq+tr
data,hr,B1,2798,Strich,svītra,Хвърли,SCRIPT_MISMATCH,
data,hr,B1,2798,Strich,svītra,Хвърли,MARKER_LEAK,foreign_script
data,it,B1,2798,Strich,svītra,Svītra,SAME_AS_LV_CASEFOLD,casefold_only
data,it,B1,2798,Strich,svītra,Svītra,LV_DIACRITIC,
data,it,B1,2798,Strich,svītra,Svītra,MARKER_LEAK,lv_macron_consonant
data,lb,B1,2798,Strich,svītra,Svītra,SAME_AS_LV_CASEFOLD,casefold_only
data,lb,B1,2798,Strich,svītra,Svītra,LV_DIACRITIC,
data,lb,B1,2798,Strich,svītra,Svītra,MARKER_LEAK,lv_macron_consonant
data,nl,B1,2798,Strich,svītra,Svītra,SAME_AS_LV_CASEFOLD,casefold_only
data,nl,B1,2798,Strich,svītra,Svītra,LV_DIACRITIC,
data,nl,B1,2798,Strich,svītra,Svītra,MARKER_LEAK,lv_macron_consonant
data,sl,B1,2798,Strich,svītra,svītra,SAME_AS_LV_CASEFOLD,exact
data,sl,B1,2798,Strich,svītra,svītra,LV_DIACRITIC,
data,sl,B1,2798,Strich,svītra,svītra,MARKER_LEAK,lv_macron_consonant
data,bg,B1,2798,Strich,svītra,Хвърли,FAMILY_COPY_STRICT,bg+hr+mk+sr
data,hr,B1,2798,Strich,svītra,Хвърли,FAMILY_COPY_STRICT,bg+hr+mk+sr
data,mk,B1,2798,Strich,svītra,Хвърли,FAMILY_COPY_STRICT,bg+hr+mk+sr
data,sr,B1,2798,Strich,svītra,Хвърли,FAMILY_COPY_STRICT,bg+hr+mk+sr
data,da,B1,2798,Strich,svītra,Dash,FAMILY_COPY_STRICT,da+en
data,en,B1,2798,Strich,svītra,Dash,FAMILY_COPY_STRICT,da+en
data,fi,B1,2798,Strich,svītra,Kriips,FAMILY_COPY_STRICT,fi+is+nb+nn+sv
data,is,B1,2798,Strich,svītra,Kriips,FAMILY_COPY_STRICT,fi+is+nb+nn+sv
data,nb,B1,2798,Strich,svītra,Kriips,FAMILY_COPY_STRICT,fi+is+nb+nn+sv
data,nn,B1,2798,Strich,svītra,Kriips,FAMILY_COPY_STRICT,fi+is+nb+nn+sv
data,sv,B1,2798,Strich,svītra,Kriips,FAMILY_COPY_STRICT,fi+is+nb+nn+sv
data,it,B1,2798,Strich,svītra,Svītra,FAMILY_COPY_STRICT,it+lb+nl
data,lb,B1,2798,Strich,svītra,Svītra,FAMILY_COPY_STRICT,it+lb+nl
data,nl,B1,2798,Strich,svītra,Svītra,FAMILY_COPY_STRICT,it+lb+nl
data,pl,B1,2798,Strich,svītra,Kropla,FAMILY_COPY_STRICT,pl+sk
data,sk,B1,2798,Strich,svītra,Kropla,FAMILY_COPY_STRICT,pl+sk
data,sq,B1,2798,Strich,svītra,Düşürmek,FAMILY_COPY_STRICT,sq+tr
data,tr,B1,2798,Strich,svītra,Düşürmek,FAMILY_COPY_STRICT,sq+tr
data,gr,B1,2799,Strichkode,svītrkods,Barcode,SCRIPT_MISMATCH,
data,gr,B1,2799,Strichkode,svītrkods,Barcode,MARKER_LEAK,latin_in_greek
data,hr,B1,2799,Strichkode,svītrkods,Баркод,SCRIPT_MISMATCH,
data,hr,B1,2799,Strichkode,svītrkods,Баркод,MARKER_LEAK,foreign_script
data,it,B1,2799,Strichkode,svītrkods,Svītrkods,SAME_AS_LV_CASEFOLD,casefold_only
data,it,B1,2799,Strichkode,svītrkods,Svītrkods,LV_DIACRITIC,
data,it,B1,2799,Strichkode,svītrkods,Svītrkods,MARKER_LEAK,lv_macron_consonant
data,lb,B1,2799,Strichkode,svītrkods,Svītrkods,SAME_AS_LV_CASEFOLD,casefold_only
data,lb,B1,2799,Strichkode,svītrkods,Svītrkods,LV_DIACRITIC,
data,lb,B1,2799,Strichkode,svītrkods,Svītrkods,MARKER_LEAK,lv_macron_consonant
data,nl,B1,2799,Strichkode,svītrkods,Svītrkods,SAME_AS_LV_CASEFOLD,casefold_only
data,nl,B1,2799,Strichkode,svītrkods,Svītrkods,LV_DIACRITIC,
data,nl,B1,2799,Strichkode,svītrkods,Svītrkods,MARKER_LEAK,lv_macron_consonant
data,sl,B1,2799,Strichkode,svītrkods,svītrkods,SAME_AS_LV_CASEFOLD,exact
data,sl,B1,2799,Strichkode,svītrkods,svītrkods,LV_DIACRITIC,
data,sl,B1,2799,Strichkode,svītrkods,svītrkods,MARKER_LEAK,lv_macron_consonant
data,bg,B1,2799,Strichkode,svītrkods,Баркод,FAMILY_COPY_STRICT,bg+hr+mk+sr
data,hr,B1,2799,Strichkode,svītrkods,Баркод,FAMILY_COPY_STRICT,bg+hr+mk+sr
data,mk,B1,2799,Strichkode,svītrkods,Баркод,FAMILY_COPY_STRICT,bg+hr+mk+sr
data,sr,B1,2799,Strichkode,svītrkods,Баркод,FAMILY_COPY_STRICT,bg+hr+mk+sr
data,en,B1,2799,Strichkode,svītrkods,Barcode,FAMILY_COPY_STRICT,en+gr
data,gr,B1,2799,Strichkode,svītrkods,Barcode,FAMILY_COPY_STRICT,en+gr
data,fi,B1,2799,Strichkode,svītrkods,Vöötkood,FAMILY_COPY_STRICT,fi+is+nb+nn+sv
data,is,B1,2799,Strichkode,svītrkods,Vöötkood,FAMILY_COPY_STRICT,fi+is+nb+nn+sv
data,nb,B1,2799,Strichkode,svītrkods,Vöötkood,FAMILY_COPY_STRICT,fi+is+nb+nn+sv
data,nn,B1,2799,Strichkode,svītrkods,Vöötkood,FAMILY_COPY_STRICT,fi+is+nb+nn+sv
data,sv,B1,2799,Strichkode,svītrkods,Vöötkood,FAMILY_COPY_STRICT,fi+is+nb+nn+sv
data,it,B1,2799,Strichkode,svītrkods,Svītrkods,FAMILY_COPY_STRICT,it+lb+nl
data,lb,B1,2799,Strichkode,svītrkods,Svītrkods,FAMILY_COPY_STRICT,it+lb+nl
data,nl,B1,2799,Strichkode,svītrkods,Svītrkods,FAMILY_COPY_STRICT,it+lb+nl
data,pl,B1,2799,Strichkode,svītrkods,Kod kreskowy,FAMILY_COPY_STRICT,pl+sk+sq+tr
data,sk,B1,2799,Strichkode,svītrkods,Kod kreskowy,FAMILY_COPY_STRICT,pl+sk+sq+tr
data,sq,B1,2799,Strichkode,svītrkods,Kod kreskowy,FAMILY_COPY_STRICT,pl+sk+sq+tr
data,tr,B1,2799,Strichkode,svītrkods,Kod kreskowy,FAMILY_COPY_STRICT,pl+sk+sq+tr
data,hr,B1,2800,Strick,virve,Јаже,SCRIPT_MISMATCH,
data,hr,B1,2800,Strick,virve,Јаже,MARKER_LEAK,foreign_script
data,sl,B1,2800,Strick,virve,virve,SAME_AS_LV_CASEFOLD,exact
data,fi,B1,2800,Strick,virve,Köis,FAMILY_COPY_STRICT,fi+sv
data,sv,B1,2800,Strick,virve,Köis,FAMILY_COPY_STRICT,fi+sv
data,fr,B1,2800,Strick,virve,Une corde,FAMILY_COPY_STRICT,fr+it
data,it,B1,2800,Strick,virve,Une corde,FAMILY_COPY_STRICT,fr+it
data,hr,B1,2800,Strick,virve,Јаже,FAMILY_COPY_STRICT,hr+mk+sr
data,mk,B1,2800,Strick,virve,Јаже,FAMILY_COPY_STRICT,hr+mk+sr
data,sr,B1,2800,Strick,virve,Јаже,FAMILY_COPY_STRICT,hr+mk+sr
data,is,B1,2800,Strick,virve,Kø is,FAMILY_COPY_STRICT,is+nb+nn
data,nb,B1,2800,Strick,virve,Kø is,FAMILY_COPY_STRICT,is+nb+nn
data,nn,B1,2800,Strick,virve,Kø is,FAMILY_COPY_STRICT,is+nb+nn
data,lb,B1,2800,Strick,virve,Een touw,FAMILY_COPY_STRICT,lb+nl
data,nl,B1,2800,Strick,virve,Een touw,FAMILY_COPY_STRICT,lb+nl
data,sq,B1,2800,Strick,virve,Halat,FAMILY_COPY_STRICT,sq+tr
data,tr,B1,2800,Strick,virve,Halat,FAMILY_COPY_STRICT,sq+tr
data,hr,B1,2801,Stricknadel,adāmadata,Игла за плетене,SCRIPT_MISMATCH,
data,hr,B1,2801,Stricknadel,adāmadata,Игла за плетене,MARKER_LEAK,foreign_script
data,it,B1,2801,Stricknadel,adāmadata,Adāmadata,SAME_AS_LV_CASEFOLD,casefold_only
data,it,B1,2801,Stricknadel,adāmadata,Adāmadata,LV_DIACRITIC,
data,it,B1,2801,Stricknadel,adāmadata,Adāmadata,MARKER_LEAK,lv_macron_consonant
data,lb,B1,2801,Stricknadel,adāmadata,Adāmadata,SAME_AS_LV_CASEFOLD,casefold_only
data,lb,B1,2801,Stricknadel,adāmadata,Adāmadata,LV_DIACRITIC,
data,lb,B1,2801,Stricknadel,adāmadata,Adāmadata,MARKER_LEAK,lv_macron_consonant
data,nl,B1,2801,Stricknadel,adāmadata,Adāmadata,SAME_AS_LV_CASEFOLD,casefold_only
data,nl,B1,2801,Stricknadel,adāmadata,Adāmadata,LV_DIACRITIC,
data,nl,B1,2801,Stricknadel,adāmadata,Adāmadata,MARKER_LEAK,lv_macron_consonant
data,sl,B1,2801,Stricknadel,adāmadata,adāmadata,SAME_AS_LV_CASEFOLD,exact
data,sl,B1,2801,Stricknadel,adāmadata,adāmadata,LV_DIACRITIC,
data,sl,B1,2801,Stricknadel,adāmadata,adāmadata,MARKER_LEAK,lv_macron_consonant
data,bg,B1,2801,Stricknadel,adāmadata,Игла за плетене,FAMILY_COPY_STRICT,bg+hr+mk+sr
data,hr,B1,2801,Stricknadel,adāmadata,Игла за плетене,FAMILY_COPY_STRICT,bg+hr+mk+sr
data,mk,B1,2801,Stricknadel,adāmadata,Игла за плетене,FAMILY_COPY_STRICT,bg+hr+mk+sr
data,sr,B1,2801,Stricknadel,adāmadata,Игла за плетене,FAMILY_COPY_STRICT,bg+hr+mk+sr
data,fi,B1,2801,Stricknadel,adāmadata,Kudumisvarras,FAMILY_COPY_STRICT,fi+is+nb+nn+sv
data,is,B1,2801,Stricknadel,adāmadata,Kudumisvarras,FAMILY_COPY_STRICT,fi+is+nb+nn+sv
data,nb,B1,2801,Stricknadel,adāmadata,Kudumisvarras,FAMILY_COPY_STRICT,fi+is+nb+nn+sv
data,nn,B1,2801,Stricknadel,adāmadata,Kudumisvarras,FAMILY_COPY_STRICT,fi+is+nb+nn+sv
data,sv,B1,2801,Stricknadel,adāmadata,Kudumisvarras,FAMILY_COPY_STRICT,fi+is+nb+nn+sv
data,it,B1,2801,Stricknadel,adāmadata,Adāmadata,FAMILY_COPY_STRICT,it+lb+nl
data,lb,B1,2801,Stricknadel,adāmadata,Adāmadata,FAMILY_COPY_STRICT,it+lb+nl
data,nl,B1,2801,Stricknadel,adāmadata,Adāmadata,FAMILY_COPY_STRICT,it+lb+nl
data,pl,B1,2801,Stricknadel,adāmadata,Druty dziewiarskie,FAMILY_COPY_STRICT,pl+sk+sq+tr
data,sk,B1,2801,Stricknadel,adāmadata,Druty dziewiarskie,FAMILY_COPY_STRICT,pl+sk+sq+tr
data,sq,B1,2801,Stricknadel,adāmadata,Druty dziewiarskie,FAMILY_COPY_STRICT,pl+sk+sq+tr
data,tr,B1,2801,Stricknadel,adāmadata,Druty dziewiarskie,FAMILY_COPY_STRICT,pl+sk+sq+tr
data,hr,B1,2802,Strickwaren,adījumi,Плетива,SCRIPT_MISMATCH,
data,hr,B1,2802,Strickwaren,adījumi,Плетива,MARKER_LEAK,foreign_script
data,it,B1,2802,Strickwaren,adījumi,Adījumi,SAME_AS_LV_CASEFOLD,casefold_only
data,it,B1,2802,Strickwaren,adījumi,Adījumi,LV_DIACRITIC,
data,it,B1,2802,Strickwaren,adījumi,Adījumi,MARKER_LEAK,lv_macron_consonant
data,lb,B1,2802,Strickwaren,adījumi,Adījumi,SAME_AS_LV_CASEFOLD,casefold_only
data,lb,B1,2802,Strickwaren,adījumi,Adījumi,LV_DIACRITIC,
data,lb,B1,2802,Strickwaren,adījumi,Adījumi,MARKER_LEAK,lv_macron_consonant
data,nl,B1,2802,Strickwaren,adījumi,Adījumi,SAME_AS_LV_CASEFOLD,casefold_only
data,nl,B1,2802,Strickwaren,adījumi,Adījumi,LV_DIACRITIC,
data,nl,B1,2802,Strickwaren,adījumi,Adījumi,MARKER_LEAK,lv_macron_consonant
data,sl,B1,2802,Strickwaren,adījumi,adījumi,SAME_AS_LV_CASEFOLD,exact
data,sl,B1,2802,Strickwaren,adījumi,adījumi,LV_DIACRITIC,
data,sl,B1,2802,Strickwaren,adījumi,adījumi,MARKER_LEAK,lv_macron_consonant
data,bg,B1,2802,Strickwaren,adījumi,Плетива,FAMILY_COPY_STRICT,bg+hr+mk+sr
data,hr,B1,2802,Strickwaren,adījumi,Плетива,FAMILY_COPY_STRICT,bg+hr+mk+sr
data,mk,B1,2802,Strickwaren,adījumi,Плетива,FAMILY_COPY_STRICT,bg+hr+mk+sr
data,sr,B1,2802,Strickwaren,adījumi,Плетива,FAMILY_COPY_STRICT,bg+hr+mk+sr
data,fi,B1,2802,Strickwaren,adījumi,Kudumid,FAMILY_COPY_STRICT,fi+is+nb+nn+sv
data,is,B1,2802,Strickwaren,adījumi,Kudumid,FAMILY_COPY_STRICT,fi+is+nb+nn+sv
data,nb,B1,2802,Strickwaren,adījumi,Kudumid,FAMILY_COPY_STRICT,fi+is+nb+nn+sv
data,nn,B1,2802,Strickwaren,adījumi,Kudumid,FAMILY_COPY_STRICT,fi+is+nb+nn+sv
data,sv,B1,2802,Strickwaren,adījumi,Kudumid,FAMILY_COPY_STRICT,fi+is+nb+nn+sv
data,it,B1,2802,Strickwaren,adījumi,Adījumi,FAMILY_COPY_STRICT,it+lb+nl
data,lb,B1,2802,Strickwaren,adījumi,Adījumi,FAMILY_COPY_STRICT,it+lb+nl
data,nl,B1,2802,Strickwaren,adījumi,Adījumi,FAMILY_COPY_STRICT,it+lb+nl
data,pl,B1,2802,Strickwaren,adījumi,Dzianina,FAMILY_COPY_STRICT,pl+sk+sq+tr
data,sk,B1,2802,Strickwaren,adījumi,Dzianina,FAMILY_COPY_STRICT,pl+sk+sq+tr
data,sq,B1,2802,Strickwaren,adījumi,Dzianina,FAMILY_COPY_STRICT,pl+sk+sq+tr
data,tr,B1,2802,Strickwaren,adījumi,Dzianina,FAMILY_COPY_STRICT,pl+sk+sq+tr
data,fi,B1,2803,Stroh,salmi,Õled,MARKER_LEAK,et_otilde
data,hr,B1,2803,Stroh,salmi,Слама,SCRIPT_MISMATCH,
data,hr,B1,2803,Stroh,salmi,Слама,MARKER_LEAK,foreign_script
data,is,B1,2803,Stroh,salmi,Õled,MARKER_LEAK,et_otilde
data,it,B1,2803,Stroh,salmi,Salmi,SAME_AS_LV_CASEFOLD,casefold_only
data,lb,B1,2803,Stroh,salmi,Salmi,SAME_AS_LV_CASEFOLD,casefold_only
data,nb,B1,2803,Stroh,salmi,Õled,MARKER_LEAK,et_otilde
data,nl,B1,2803,Stroh,salmi,Salmi,SAME_AS_LV_CASEFOLD,casefold_only
data,nn,B1,2803,Stroh,salmi,Õled,MARKER_LEAK,et_otilde
data,sk,B1,2803,Stroh,salmi,Słoma,MARKER_LEAK,pl_l_s_z
data,sl,B1,2803,Stroh,salmi,salmi,SAME_AS_LV_CASEFOLD,exact
data,sv,B1,2803,Stroh,salmi,Õled,MARKER_LEAK,et_otilde
data,bg,B1,2803,Stroh,salmi,Слама,FAMILY_COPY_STRICT,bg+hr+mk+sr
data,hr,B1,2803,Stroh,salmi,Слама,FAMILY_COPY_STRICT,bg+hr+mk+sr
data,mk,B1,2803,Stroh,salmi,Слама,FAMILY_COPY_STRICT,bg+hr+mk+sr
data,sr,B1,2803,Stroh,salmi,Слама,FAMILY_COPY_STRICT,bg+hr+mk+sr
data,fi,B1,2803,Stroh,salmi,Õled,FAMILY_COPY_STRICT,fi+is+nb+nn+sv
data,is,B1,2803,Stroh,salmi,Õled,FAMILY_COPY_STRICT,fi+is+nb+nn+sv
data,nb,B1,2803,Stroh,salmi,Õled,FAMILY_COPY_STRICT,fi+is+nb+nn+sv
data,nn,B1,2803,Stroh,salmi,Õled,FAMILY_COPY_STRICT,fi+is+nb+nn+sv
data,sv,B1,2803,Stroh,salmi,Õled,FAMILY_COPY_STRICT,fi+is+nb+nn+sv
data,it,B1,2803,Stroh,salmi,Salmi,FAMILY_COPY_STRICT,it+lb+nl
data,lb,B1,2803,Stroh,salmi,Salmi,FAMILY_COPY_STRICT,it+lb+nl
data,nl,B1,2803,Stroh,salmi,Salmi,FAMILY_COPY_STRICT,it+lb+nl
data,pl,B1,2803,Stroh,salmi,Słoma,FAMILY_COPY_STRICT,pl+sk
data,sk,B1,2803,Stroh,salmi,Słoma,FAMILY_COPY_STRICT,pl+sk
data,sq,B1,2803,Stroh,salmi,Pipet,FAMILY_COPY_STRICT,sq+tr
data,tr,B1,2803,Stroh,salmi,Pipet,FAMILY_COPY_STRICT,sq+tr
data,hr,B1,2804,Strom,strāva,Текущ,SCRIPT_MISMATCH,
data,hr,B1,2804,Strom,strāva,Текущ,MARKER_LEAK,foreign_script
data,it,B1,2804,Strom,strāva,Strāva,SAME_AS_LV_CASEFOLD,casefold_only
data,it,B1,2804,Strom,strāva,Strāva,LV_DIACRITIC,
data,it,B1,2804,Strom,strāva,Strāva,MARKER_LEAK,lv_macron_consonant
data,lb,B1,2804,Strom,strāva,Strāva,SAME_AS_LV_CASEFOLD,casefold_only
data,lb,B1,2804,Strom,strāva,Strāva,LV_DIACRITIC,
data,lb,B1,2804,Strom,strāva,Strāva,MARKER_LEAK,lv_macron_consonant
data,nl,B1,2804,Strom,strāva,Strāva,SAME_AS_LV_CASEFOLD,casefold_only
data,nl,B1,2804,Strom,strāva,Strāva,LV_DIACRITIC,
data,nl,B1,2804,Strom,strāva,Strāva,MARKER_LEAK,lv_macron_consonant
data,sl,B1,2804,Strom,strāva,strāva,SAME_AS_LV_CASEFOLD,exact
data,sl,B1,2804,Strom,strāva,strāva,LV_DIACRITIC,
data,sl,B1,2804,Strom,strāva,strāva,MARKER_LEAK,lv_macron_consonant
data,bg,B1,2804,Strom,strāva,Текущ,FAMILY_COPY_STRICT,bg+hr+mk+sr
data,hr,B1,2804,Strom,strāva,Текущ,FAMILY_COPY_STRICT,bg+hr+mk+sr
data,mk,B1,2804,Strom,strāva,Текущ,FAMILY_COPY_STRICT,bg+hr+mk+sr
data,sr,B1,2804,Strom,strāva,Текущ,FAMILY_COPY_STRICT,bg+hr+mk+sr
data,fi,B1,2804,Strom,strāva,Vool,FAMILY_COPY_STRICT,fi+is+nb+nn+sv
data,is,B1,2804,Strom,strāva,Vool,FAMILY_COPY_STRICT,fi+is+nb+nn+sv
data,nb,B1,2804,Strom,strāva,Vool,FAMILY_COPY_STRICT,fi+is+nb+nn+sv
data,nn,B1,2804,Strom,strāva,Vool,FAMILY_COPY_STRICT,fi+is+nb+nn+sv
data,sv,B1,2804,Strom,strāva,Vool,FAMILY_COPY_STRICT,fi+is+nb+nn+sv
data,it,B1,2804,Strom,strāva,Strāva,FAMILY_COPY_STRICT,it+lb+nl
data,lb,B1,2804,Strom,strāva,Strāva,FAMILY_COPY_STRICT,it+lb+nl
data,nl,B1,2804,Strom,strāva,Strāva,FAMILY_COPY_STRICT,it+lb+nl
data,pl,B1,2804,Strom,strāva,Aktualny,FAMILY_COPY_STRICT,pl+sk+sq+tr
data,sk,B1,2804,Strom,strāva,Aktualny,FAMILY_COPY_STRICT,pl+sk+sq+tr
data,sq,B1,2804,Strom,strāva,Aktualny,FAMILY_COPY_STRICT,pl+sk+sq+tr
data,tr,B1,2804,Strom,strāva,Aktualny,FAMILY_COPY_STRICT,pl+sk+sq+tr
data,hr,B1,2805,strömen,plūst,Поток,SCRIPT_MISMATCH,
data,hr,B1,2805,strömen,plūst,Поток,MARKER_LEAK,foreign_script
data,it,B1,2805,strömen,plūst,Plūst,SAME_AS_LV_CASEFOLD,casefold_only
data,it,B1,2805,strömen,plūst,Plūst,LV_DIACRITIC,
data,it,B1,2805,strömen,plūst,Plūst,MARKER_LEAK,lv_u_macron
data,lb,B1,2805,strömen,plūst,Plūst,SAME_AS_LV_CASEFOLD,casefold_only
data,lb,B1,2805,strömen,plūst,Plūst,LV_DIACRITIC,
data,lb,B1,2805,strömen,plūst,Plūst,MARKER_LEAK,lv_u_macron
data,nl,B1,2805,strömen,plūst,Plūst,SAME_AS_LV_CASEFOLD,casefold_only
data,nl,B1,2805,strömen,plūst,Plūst,LV_DIACRITIC,
data,nl,B1,2805,strömen,plūst,Plūst,MARKER_LEAK,lv_u_macron
data,sk,B1,2805,strömen,plūst,Przepływ,MARKER_LEAK,pl_l_s_z
data,sl,B1,2805,strömen,plūst,plūst,SAME_AS_LV_CASEFOLD,exact
data,sl,B1,2805,strömen,plūst,plūst,LV_DIACRITIC,
data,sl,B1,2805,strömen,plūst,plūst,MARKER_LEAK,lv_u_macron
data,sq,B1,2805,strömen,plūst,Akış,MARKER_LEAK,tr_soft
data,bg,B1,2805,strömen,plūst,Поток,FAMILY_COPY_STRICT,bg+hr+mk+ru+sr
data,hr,B1,2805,strömen,plūst,Поток,FAMILY_COPY_STRICT,bg+hr+mk+ru+sr
data,mk,B1,2805,strömen,plūst,Поток,FAMILY_COPY_STRICT,bg+hr+mk+ru+sr
data,ru,B1,2805,strömen,plūst,Поток,FAMILY_COPY_STRICT,bg+hr+mk+ru+sr
data,sr,B1,2805,strömen,plūst,Поток,FAMILY_COPY_STRICT,bg+hr+mk+ru+sr
data,fi,B1,2805,strömen,plūst,Voolama,FAMILY_COPY_STRICT,fi+is+nb+nn+sv
data,is,B1,2805,strömen,plūst,Voolama,FAMILY_COPY_STRICT,fi+is+nb+nn+sv
data,nb,B1,2805,strömen,plūst,Voolama,FAMILY_COPY_STRICT,fi+is+nb+nn+sv
data,nn,B1,2805,strömen,plūst,Voolama,FAMILY_COPY_STRICT,fi+is+nb+nn+sv
data,sv,B1,2805,strömen,plūst,Voolama,FAMILY_COPY_STRICT,fi+is+nb+nn+sv
data,it,B1,2805,strömen,plūst,Plūst,FAMILY_COPY_STRICT,it+lb+nl
data,lb,B1,2805,strömen,plūst,Plūst,FAMILY_COPY_STRICT,it+lb+nl
data,nl,B1,2805,strömen,plūst,Plūst,FAMILY_COPY_STRICT,it+lb+nl
data,pl,B1,2805,strömen,plūst,Przepływ,FAMILY_COPY_STRICT,pl+sk
data,sk,B1,2805,strömen,plūst,Przepływ,FAMILY_COPY_STRICT,pl+sk
data,sq,B1,2805,strömen,plūst,Akış,FAMILY_COPY_STRICT,sq+tr
data,tr,B1,2805,strömen,plūst,Akış,FAMILY_COPY_STRICT,sq+tr
data,hr,B1,2806,Strömung,strāvojums,Текущ,SCRIPT_MISMATCH,
data,hr,B1,2806,Strömung,strāvojums,Текущ,MARKER_LEAK,foreign_script
data,it,B1,2806,Strömung,strāvojums,Strāvojums,SAME_AS_LV_CASEFOLD,casefold_only
data,it,B1,2806,Strömung,strāvojums,Strāvojums,LV_DIACRITIC,
data,it,B1,2806,Strömung,strāvojums,Strāvojums,MARKER_LEAK,lv_macron_consonant
data,lb,B1,2806,Strömung,strāvojums,Strāvojums,SAME_AS_LV_CASEFOLD,casefold_only
data,lb,B1,2806,Strömung,strāvojums,Strāvojums,LV_DIACRITIC,
data,lb,B1,2806,Strömung,strāvojums,Strāvojums,MARKER_LEAK,lv_macron_consonant
data,nl,B1,2806,Strömung,strāvojums,Strāvojums,SAME_AS_LV_CASEFOLD,casefold_only
data,nl,B1,2806,Strömung,strāvojums,Strāvojums,LV_DIACRITIC,
data,nl,B1,2806,Strömung,strāvojums,Strāvojums,MARKER_LEAK,lv_macron_consonant
data,sl,B1,2806,Strömung,strāvojums,strāvojums,SAME_AS_LV_CASEFOLD,exact
data,sl,B1,2806,Strömung,strāvojums,strāvojums,LV_DIACRITIC,
data,sl,B1,2806,Strömung,strāvojums,strāvojums,MARKER_LEAK,lv_macron_consonant
data,bg,B1,2806,Strömung,strāvojums,Текущ,FAMILY_COPY_STRICT,bg+hr+mk+sr
data,hr,B1,2806,Strömung,strāvojums,Текущ,FAMILY_COPY_STRICT,bg+hr+mk+sr
data,mk,B1,2806,Strömung,strāvojums,Текущ,FAMILY_COPY_STRICT,bg+hr+mk+sr
data,sr,B1,2806,Strömung,strāvojums,Текущ,FAMILY_COPY_STRICT,bg+hr+mk+sr
data,fi,B1,2806,Strömung,strāvojums,Hoovus,FAMILY_COPY_STRICT,fi+is+nb+nn+sv
data,is,B1,2806,Strömung,strāvojums,Hoovus,FAMILY_COPY_STRICT,fi+is+nb+nn+sv
data,nb,B1,2806,Strömung,strāvojums,Hoovus,FAMILY_COPY_STRICT,fi+is+nb+nn+sv
data,nn,B1,2806,Strömung,strāvojums,Hoovus,FAMILY_COPY_STRICT,fi+is+nb+nn+sv
data,sv,B1,2806,Strömung,strāvojums,Hoovus,FAMILY_COPY_STRICT,fi+is+nb+nn+sv
data,it,B1,2806,Strömung,strāvojums,Strāvojums,FAMILY_COPY_STRICT,it+lb+nl
data,lb,B1,2806,Strömung,strāvojums,Strāvojums,FAMILY_COPY_STRICT,it+lb+nl
data,nl,B1,2806,Strömung,strāvojums,Strāvojums,FAMILY_COPY_STRICT,it+lb+nl
data,pl,B1,2806,Strömung,strāvojums,Aktualny,FAMILY_COPY_STRICT,pl+sk+sq+tr
data,sk,B1,2806,Strömung,strāvojums,Aktualny,FAMILY_COPY_STRICT,pl+sk+sq+tr
data,sq,B1,2806,Strömung,strāvojums,Aktualny,FAMILY_COPY_STRICT,pl+sk+sq+tr
data,tr,B1,2806,Strömung,strāvojums,Aktualny,FAMILY_COPY_STRICT,pl+sk+sq+tr
data,hr,B1,2807,Strudel,atvars,Отворање,SCRIPT_MISMATCH,
data,hr,B1,2807,Strudel,atvars,Отворање,MARKER_LEAK,foreign_script
data,it,B1,2807,Strudel,atvars,Atvars,SAME_AS_LV_CASEFOLD,casefold_only
data,lb,B1,2807,Strudel,atvars,Atvars,SAME_AS_LV_CASEFOLD,casefold_only
data,nl,B1,2807,Strudel,atvars,Atvars,SAME_AS_LV_CASEFOLD,casefold_only
data,pt,B1,2807,Strudel,atvars,Atvars,SAME_AS_LV_CASEFOLD,casefold_only
data,sl,B1,2807,Strudel,atvars,atvars,SAME_AS_LV_CASEFOLD,exact
data,fi,B1,2807,Strudel,atvars,Keeris,FAMILY_COPY_STRICT,fi+is+nb+nn+sv
data,is,B1,2807,Strudel,atvars,Keeris,FAMILY_COPY_STRICT,fi+is+nb+nn+sv
data,nb,B1,2807,Strudel,atvars,Keeris,FAMILY_COPY_STRICT,fi+is+nb+nn+sv
data,nn,B1,2807,Strudel,atvars,Keeris,FAMILY_COPY_STRICT,fi+is+nb+nn+sv
data,sv,B1,2807,Strudel,atvars,Keeris,FAMILY_COPY_STRICT,fi+is+nb+nn+sv
data,hr,B1,2807,Strudel,atvars,Отворање,FAMILY_COPY_STRICT,hr+mk+sr
data,mk,B1,2807,Strudel,atvars,Отворање,FAMILY_COPY_STRICT,hr+mk+sr
data,sr,B1,2807,Strudel,atvars,Отворање,FAMILY_COPY_STRICT,hr+mk+sr
data,it,B1,2807,Strudel,atvars,Atvars,FAMILY_COPY_STRICT,it+lb+nl+pt
data,lb,B1,2807,Strudel,atvars,Atvars,FAMILY_COPY_STRICT,it+lb+nl+pt
data,nl,B1,2807,Strudel,atvars,Atvars,FAMILY_COPY_STRICT,it+lb+nl+pt
data,pt,B1,2807,Strudel,atvars,Atvars,FAMILY_COPY_STRICT,it+lb+nl+pt
data,pl,B1,2807,Strudel,atvars,Otwór,FAMILY_COPY_STRICT,pl+sk
data,sk,B1,2807,Strudel,atvars,Otwór,FAMILY_COPY_STRICT,pl+sk
data,sq,B1,2807,Strudel,atvars,Delik,FAMILY_COPY_STRICT,sq+tr
data,tr,B1,2807,Strudel,atvars,Delik,FAMILY_COPY_STRICT,sq+tr
data,hr,B1,2808,Stuck,ģipša java,Раствор од гипс,SCRIPT_MISMATCH,
data,hr,B1,2808,Stuck,ģipša java,Раствор од гипс,MARKER_LEAK,foreign_script
data,it,B1,2808,Stuck,ģipša java,Ģipša java,SAME_AS_LV_CASEFOLD,casefold_only
data,it,B1,2808,Stuck,ģipša java,Ģipša java,LV_DIACRITIC,
data,it,B1,2808,Stuck,ģipša java,Ģipša java,MARKER_LEAK,lv_macron_consonant
data,lb,B1,2808,Stuck,ģipša java,Ģipša java,SAME_AS_LV_CASEFOLD,casefold_only
data,lb,B1,2808,Stuck,ģipša java,Ģipša java,LV_DIACRITIC,
data,lb,B1,2808,Stuck,ģipša java,Ģipša java,MARKER_LEAK,lv_macron_consonant
data,nl,B1,2808,Stuck,ģipša java,Ģipša java,SAME_AS_LV_CASEFOLD,casefold_only
data,nl,B1,2808,Stuck,ģipša java,Ģipša java,LV_DIACRITIC,
data,nl,B1,2808,Stuck,ģipša java,Ģipša java,MARKER_LEAK,lv_macron_consonant
data,sl,B1,2808,Stuck,ģipša java,ģipša java,SAME_AS_LV_CASEFOLD,exact
data,sl,B1,2808,Stuck,ģipša java,ģipša java,LV_DIACRITIC,
data,sl,B1,2808,Stuck,ģipša java,ģipša java,MARKER_LEAK,lv_macron_consonant
data,fi,B1,2808,Stuck,ģipša java,Kipsimört,FAMILY_COPY_STRICT,fi+is+nb+nn+sv
data,is,B1,2808,Stuck,ģipša java,Kipsimört,FAMILY_COPY_STRICT,fi+is+nb+nn+sv
data,nb,B1,2808,Stuck,ģipša java,Kipsimört,FAMILY_COPY_STRICT,fi+is+nb+nn+sv
data,nn,B1,2808,Stuck,ģipša java,Kipsimört,FAMILY_COPY_STRICT,fi+is+nb+nn+sv
data,sv,B1,2808,Stuck,ģipša java,Kipsimört,FAMILY_COPY_STRICT,fi+is+nb+nn+sv
data,hr,B1,2808,Stuck,ģipša java,Раствор од гипс,FAMILY_COPY_STRICT,hr+mk+sr
data,mk,B1,2808,Stuck,ģipša java,Раствор од гипс,FAMILY_COPY_STRICT,hr+mk+sr
data,sr,B1,2808,Stuck,ģipša java,Раствор од гипс,FAMILY_COPY_STRICT,hr+mk+sr
data,it,B1,2808,Stuck,ģipša java,Ģipša java,FAMILY_COPY_STRICT,it+lb+nl
data,lb,B1,2808,Stuck,ģipša java,Ģipša java,FAMILY_COPY_STRICT,it+lb+nl
data,nl,B1,2808,Stuck,ģipša java,Ģipša java,FAMILY_COPY_STRICT,it+lb+nl
data,pl,B1,2808,Stuck,ģipša java,Zaprawa gipsowa,FAMILY_COPY_STRICT,pl+sk+sq+tr
data,sk,B1,2808,Stuck,ģipša java,Zaprawa gipsowa,FAMILY_COPY_STRICT,pl+sk+sq+tr
data,sq,B1,2808,Stuck,ģipša java,Zaprawa gipsowa,FAMILY_COPY_STRICT,pl+sk+sq+tr
data,tr,B1,2808,Stuck,ģipša java,Zaprawa gipsowa,FAMILY_COPY_STRICT,pl+sk+sq+tr
data,it,B1,2809,Studie,pētījums,Pētījums,SAME_AS_LV_CASEFOLD,casefold_only
data,it,B1,2809,Studie,pētījums,Pētījums,LV_DIACRITIC,
data,it,B1,2809,Studie,pētījums,Pētījums,MARKER_LEAK,lv_macron_consonant
data,lb,B1,2809,Studie,pētījums,Pētījums,SAME_AS_LV_CASEFOLD,casefold_only
data,lb,B1,2809,Studie,pētījums,Pētījums,LV_DIACRITIC,
data,lb,B1,2809,Studie,pētījums,Pētījums,MARKER_LEAK,lv_macron_consonant
data,nl,B1,2809,Studie,pētījums,Pētījums,SAME_AS_LV_CASEFOLD,casefold_only
data,nl,B1,2809,Studie,pētījums,Pētījums,LV_DIACRITIC,
data,nl,B1,2809,Studie,pētījums,Pētījums,MARKER_LEAK,lv_macron_consonant
data,sl,B1,2809,Studie,pētījums,pētījums,SAME_AS_LV_CASEFOLD,exact
data,sl,B1,2809,Studie,pētījums,pētījums,LV_DIACRITIC,
data,sl,B1,2809,Studie,pētījums,pētījums,MARKER_LEAK,lv_macron_consonant
data,sr,B1,2809,Studie,pētījums,Raziskave,SCRIPT_MISMATCH,sr_as_cyrillic
data,sr,B1,2809,Studie,pētījums,Raziskave,MARKER_LEAK,latin_in_cyrillic
data,bg,B1,2809,Studie,pētījums,Проучване,FAMILY_COPY_STRICT,bg+mk
data,mk,B1,2809,Studie,pētījums,Проучване,FAMILY_COPY_STRICT,bg+mk
data,fi,B1,2809,Studie,pētījums,Uuring,FAMILY_COPY_STRICT,fi+is+nb+nn+sv
data,is,B1,2809,Studie,pētījums,Uuring,FAMILY_COPY_STRICT,fi+is+nb+nn+sv
data,nb,B1,2809,Studie,pētījums,Uuring,FAMILY_COPY_STRICT,fi+is+nb+nn+sv
data,nn,B1,2809,Studie,pētījums,Uuring,FAMILY_COPY_STRICT,fi+is+nb+nn+sv
data,sv,B1,2809,Studie,pētījums,Uuring,FAMILY_COPY_STRICT,fi+is+nb+nn+sv
data,hr,B1,2809,Studie,pētījums,Raziskave,FAMILY_COPY_STRICT,hr+sr
data,sr,B1,2809,Studie,pētījums,Raziskave,FAMILY_COPY_STRICT,hr+sr
data,it,B1,2809,Studie,pētījums,Pētījums,FAMILY_COPY_STRICT,it+lb+nl
data,lb,B1,2809,Studie,pētījums,Pētījums,FAMILY_COPY_STRICT,it+lb+nl
data,nl,B1,2809,Studie,pētījums,Pētījums,FAMILY_COPY_STRICT,it+lb+nl
data,pl,B1,2809,Studie,pētījums,Badanie,FAMILY_COPY_STRICT,pl+sk+sq+tr
data,sk,B1,2809,Studie,pētījums,Badanie,FAMILY_COPY_STRICT,pl+sk+sq+tr
data,sq,B1,2809,Studie,pētījums,Badanie,FAMILY_COPY_STRICT,pl+sk+sq+tr
data,tr,B1,2809,Studie,pētījums,Badanie,FAMILY_COPY_STRICT,pl+sk+sq+tr
data,hr,B1,2810,Stufe,pakāpiens,Стъпка,SCRIPT_MISMATCH,
data,hr,B1,2810,Stufe,pakāpiens,Стъпка,MARKER_LEAK,foreign_script
data,it,B1,2810,Stufe,pakāpiens,Pakāpiens,SAME_AS_LV_CASEFOLD,casefold_only
data,it,B1,2810,Stufe,pakāpiens,Pakāpiens,LV_DIACRITIC,
data,it,B1,2810,Stufe,pakāpiens,Pakāpiens,MARKER_LEAK,lv_macron_consonant
data,lb,B1,2810,Stufe,pakāpiens,Pakāpiens,SAME_AS_LV_CASEFOLD,casefold_only
data,lb,B1,2810,Stufe,pakāpiens,Pakāpiens,LV_DIACRITIC,
data,lb,B1,2810,Stufe,pakāpiens,Pakāpiens,MARKER_LEAK,lv_macron_consonant
data,nl,B1,2810,Stufe,pakāpiens,Pakāpiens,SAME_AS_LV_CASEFOLD,casefold_only
data,nl,B1,2810,Stufe,pakāpiens,Pakāpiens,LV_DIACRITIC,
data,nl,B1,2810,Stufe,pakāpiens,Pakāpiens,MARKER_LEAK,lv_macron_consonant
data,sl,B1,2810,Stufe,pakāpiens,pakāpiens,SAME_AS_LV_CASEFOLD,exact
data,sl,B1,2810,Stufe,pakāpiens,pakāpiens,LV_DIACRITIC,
data,sl,B1,2810,Stufe,pakāpiens,pakāpiens,MARKER_LEAK,lv_macron_consonant
data,bg,B1,2810,Stufe,pakāpiens,Стъпка,FAMILY_COPY_STRICT,bg+hr+mk+sr
data,hr,B1,2810,Stufe,pakāpiens,Стъпка,FAMILY_COPY_STRICT,bg+hr+mk+sr
data,mk,B1,2810,Stufe,pakāpiens,Стъпка,FAMILY_COPY_STRICT,bg+hr+mk+sr
data,sr,B1,2810,Stufe,pakāpiens,Стъпка,FAMILY_COPY_STRICT,bg+hr+mk+sr
data,cs,B1,2810,Stufe,pakāpiens,Krok,FAMILY_COPY_STRICT,cs+pl+sk+sq+tr
data,pl,B1,2810,Stufe,pakāpiens,Krok,FAMILY_COPY_STRICT,cs+pl+sk+sq+tr
data,sk,B1,2810,Stufe,pakāpiens,Krok,FAMILY_COPY_STRICT,cs+pl+sk+sq+tr
data,sq,B1,2810,Stufe,pakāpiens,Krok,FAMILY_COPY_STRICT,cs+pl+sk+sq+tr
data,tr,B1,2810,Stufe,pakāpiens,Krok,FAMILY_COPY_STRICT,cs+pl+sk+sq+tr
data,fi,B1,2810,Stufe,pakāpiens,Aste,FAMILY_COPY_STRICT,fi+is+nb+nn+sv
data,is,B1,2810,Stufe,pakāpiens,Aste,FAMILY_COPY_STRICT,fi+is+nb+nn+sv
data,nb,B1,2810,Stufe,pakāpiens,Aste,FAMILY_COPY_STRICT,fi+is+nb+nn+sv
data,nn,B1,2810,Stufe,pakāpiens,Aste,FAMILY_COPY_STRICT,fi+is+nb+nn+sv
data,sv,B1,2810,Stufe,pakāpiens,Aste,FAMILY_COPY_STRICT,fi+is+nb+nn+sv
data,it,B1,2810,Stufe,pakāpiens,Pakāpiens,FAMILY_COPY_STRICT,it+lb+nl
data,lb,B1,2810,Stufe,pakāpiens,Pakāpiens,FAMILY_COPY_STRICT,it+lb+nl
data,nl,B1,2810,Stufe,pakāpiens,Pakāpiens,FAMILY_COPY_STRICT,it+lb+nl
data,hr,B1,2811,stumm,mēms,Блънт,SCRIPT_MISMATCH,
data,hr,B1,2811,stumm,mēms,Блънт,MARKER_LEAK,foreign_script
data,it,B1,2811,stumm,mēms,Mēms,SAME_AS_LV_CASEFOLD,casefold_only
data,it,B1,2811,stumm,mēms,Mēms,LV_DIACRITIC,
data,it,B1,2811,stumm,mēms,Mēms,MARKER_LEAK,lv_macron_consonant
data,lb,B1,2811,stumm,mēms,Mēms,SAME_AS_LV_CASEFOLD,casefold_only
data,lb,B1,2811,stumm,mēms,Mēms,LV_DIACRITIC,
data,lb,B1,2811,stumm,mēms,Mēms,MARKER_LEAK,lv_macron_consonant
data,nl,B1,2811,stumm,mēms,Mēms,SAME_AS_LV_CASEFOLD,casefold_only
data,nl,B1,2811,stumm,mēms,Mēms,LV_DIACRITIC,
data,nl,B1,2811,stumm,mēms,Mēms,MARKER_LEAK,lv_macron_consonant
data,sk,B1,2811,stumm,mēms,Głupi,MARKER_LEAK,pl_l_s_z
data,sl,B1,2811,stumm,mēms,mēms,SAME_AS_LV_CASEFOLD,exact
data,sl,B1,2811,stumm,mēms,mēms,LV_DIACRITIC,
data,sl,B1,2811,stumm,mēms,mēms,MARKER_LEAK,lv_macron_consonant
data,bg,B1,2811,stumm,mēms,Блънт,FAMILY_COPY_STRICT,bg+hr+mk+sr
data,hr,B1,2811,stumm,mēms,Блънт,FAMILY_COPY_STRICT,bg+hr+mk+sr
data,mk,B1,2811,stumm,mēms,Блънт,FAMILY_COPY_STRICT,bg+hr+mk+sr
data,sr,B1,2811,stumm,mēms,Блънт,FAMILY_COPY_STRICT,bg+hr+mk+sr
data,fi,B1,2811,stumm,mēms,Tumm,FAMILY_COPY_STRICT,fi+is+nb+nn+sv
data,is,B1,2811,stumm,mēms,Tumm,FAMILY_COPY_STRICT,fi+is+nb+nn+sv
data,nb,B1,2811,stumm,mēms,Tumm,FAMILY_COPY_STRICT,fi+is+nb+nn+sv
data,nn,B1,2811,stumm,mēms,Tumm,FAMILY_COPY_STRICT,fi+is+nb+nn+sv
data,sv,B1,2811,stumm,mēms,Tumm,FAMILY_COPY_STRICT,fi+is+nb+nn+sv
data,it,B1,2811,stumm,mēms,Mēms,FAMILY_COPY_STRICT,it+lb+nl
data,lb,B1,2811,stumm,mēms,Mēms,FAMILY_COPY_STRICT,it+lb+nl
data,nl,B1,2811,stumm,mēms,Mēms,FAMILY_COPY_STRICT,it+lb+nl
data,pl,B1,2811,stumm,mēms,Głupi,FAMILY_COPY_STRICT,pl+sk
data,sk,B1,2811,stumm,mēms,Głupi,FAMILY_COPY_STRICT,pl+sk
data,sq,B1,2811,stumm,mēms,Aptal,FAMILY_COPY_STRICT,sq+tr
data,tr,B1,2811,stumm,mēms,Aptal,FAMILY_COPY_STRICT,sq+tr
data,hr,B1,2812,stumpf,neass,Блънт,SCRIPT_MISMATCH,
data,hr,B1,2812,stumpf,neass,Блънт,MARKER_LEAK,foreign_script
data,sk,B1,2812,stumpf,neass,Tępy,MARKER_LEAK,pl_lt_nasal
data,sl,B1,2812,stumpf,neass,neass,SAME_AS_LV_CASEFOLD,exact
data,bg,B1,2812,stumpf,neass,Блънт,FAMILY_COPY_STRICT,bg+hr+mk+sr
data,hr,B1,2812,stumpf,neass,Блънт,FAMILY_COPY_STRICT,bg+hr+mk+sr
data,mk,B1,2812,stumpf,neass,Блънт,FAMILY_COPY_STRICT,bg+hr+mk+sr
data,sr,B1,2812,stumpf,neass,Блънт,FAMILY_COPY_STRICT,bg+hr+mk+sr
data,fi,B1,2812,stumpf,neass,Nüri,FAMILY_COPY_STRICT,fi+is+nb+nn+sv
data,is,B1,2812,stumpf,neass,Nüri,FAMILY_COPY_STRICT,fi+is+nb+nn+sv
data,nb,B1,2812,stumpf,neass,Nüri,FAMILY_COPY_STRICT,fi+is+nb+nn+sv
data,nn,B1,2812,stumpf,neass,Nüri,FAMILY_COPY_STRICT,fi+is+nb+nn+sv
data,sv,B1,2812,stumpf,neass,Nüri,FAMILY_COPY_STRICT,fi+is+nb+nn+sv
data,it,B1,2812,stumpf,neass,Bot,FAMILY_COPY_STRICT,it+lb+nl
data,lb,B1,2812,stumpf,neass,Bot,FAMILY_COPY_STRICT,it+lb+nl
data,nl,B1,2812,stumpf,neass,Bot,FAMILY_COPY_STRICT,it+lb+nl
data,pl,B1,2812,stumpf,neass,Tępy,FAMILY_COPY_STRICT,pl+sk
data,sk,B1,2812,stumpf,neass,Tępy,FAMILY_COPY_STRICT,pl+sk
data,sq,B1,2812,stumpf,neass,Köreltmek,FAMILY_COPY_STRICT,sq+tr
data,tr,B1,2812,stumpf,neass,Köreltmek,FAMILY_COPY_STRICT,sq+tr
data,hr,B1,2813,stündlich,ik stundu,Всеки час,SCRIPT_MISMATCH,
data,hr,B1,2813,stündlich,ik stundu,Всеки час,MARKER_LEAK,foreign_script
data,sk,B1,2813,stündlich,ik stundu,Co godzinę,MARKER_LEAK,pl_lt_nasal
data,sl,B1,2813,stündlich,ik stundu,ik stundu,SAME_AS_LV_CASEFOLD,exact
data,bg,B1,2813,stündlich,ik stundu,Всеки час,FAMILY_COPY_STRICT,bg+hr+mk+sr
data,hr,B1,2813,stündlich,ik stundu,Всеки час,FAMILY_COPY_STRICT,bg+hr+mk+sr
data,mk,B1,2813,stündlich,ik stundu,Всеки час,FAMILY_COPY_STRICT,bg+hr+mk+sr
data,sr,B1,2813,stündlich,ik stundu,Всеки час,FAMILY_COPY_STRICT,bg+hr+mk+sr
data,fi,B1,2813,stündlich,ik stundu,Iga tund,FAMILY_COPY_STRICT,fi+is+nb+nn+sv
data,is,B1,2813,stündlich,ik stundu,Iga tund,FAMILY_COPY_STRICT,fi+is+nb+nn+sv
data,nb,B1,2813,stündlich,ik stundu,Iga tund,FAMILY_COPY_STRICT,fi+is+nb+nn+sv
data,nn,B1,2813,stündlich,ik stundu,Iga tund,FAMILY_COPY_STRICT,fi+is+nb+nn+sv
data,sv,B1,2813,stündlich,ik stundu,Iga tund,FAMILY_COPY_STRICT,fi+is+nb+nn+sv
data,it,B1,2813,stündlich,ik stundu,Elk uur,FAMILY_COPY_STRICT,it+lb+nl
data,lb,B1,2813,stündlich,ik stundu,Elk uur,FAMILY_COPY_STRICT,it+lb+nl
data,nl,B1,2813,stündlich,ik stundu,Elk uur,FAMILY_COPY_STRICT,it+lb+nl
data,pl,B1,2813,stündlich,ik stundu,Co godzinę,FAMILY_COPY_STRICT,pl+sk
data,sk,B1,2813,stündlich,ik stundu,Co godzinę,FAMILY_COPY_STRICT,pl+sk
data,sq,B1,2813,stündlich,ik stundu,Her saat,FAMILY_COPY_STRICT,sq+tr
data,tr,B1,2813,stündlich,ik stundu,Her saat,FAMILY_COPY_STRICT,sq+tr
data,hr,B1,2814,stupid,stulbs,Глупаво,SCRIPT_MISMATCH,
data,hr,B1,2814,stupid,stulbs,Глупаво,MARKER_LEAK,foreign_script
data,it,B1,2814,stupid,stulbs,Stulbs,SAME_AS_LV_CASEFOLD,casefold_only
data,lb,B1,2814,stupid,stulbs,Stulbs,SAME_AS_LV_CASEFOLD,casefold_only
data,nl,B1,2814,stupid,stulbs,Stulbs,SAME_AS_LV_CASEFOLD,casefold_only
data,sk,B1,2814,stupid,stulbs,Głupi,MARKER_LEAK,pl_l_s_z
data,sl,B1,2814,stupid,stulbs,stulbs,SAME_AS_LV_CASEFOLD,exact
data,bg,B1,2814,stupid,stulbs,Глупаво,FAMILY_COPY_STRICT,bg+hr+mk+sr
data,hr,B1,2814,stupid,stulbs,Глупаво,FAMILY_COPY_STRICT,bg+hr+mk+sr
data,mk,B1,2814,stupid,stulbs,Глупаво,FAMILY_COPY_STRICT,bg+hr+mk+sr
data,sr,B1,2814,stupid,stulbs,Глупаво,FAMILY_COPY_STRICT,bg+hr+mk+sr
data,fi,B1,2814,stupid,stulbs,Rumal,FAMILY_COPY_STRICT,fi+is+nb+nn+sv
data,is,B1,2814,stupid,stulbs,Rumal,FAMILY_COPY_STRICT,fi+is+nb+nn+sv
data,nb,B1,2814,stupid,stulbs,Rumal,FAMILY_COPY_STRICT,fi+is+nb+nn+sv
data,nn,B1,2814,stupid,stulbs,Rumal,FAMILY_COPY_STRICT,fi+is+nb+nn+sv
data,sv,B1,2814,stupid,stulbs,Rumal,FAMILY_COPY_STRICT,fi+is+nb+nn+sv
data,it,B1,2814,stupid,stulbs,Stulbs,FAMILY_COPY_STRICT,it+lb+nl
data,lb,B1,2814,stupid,stulbs,Stulbs,FAMILY_COPY_STRICT,it+lb+nl
data,nl,B1,2814,stupid,stulbs,Stulbs,FAMILY_COPY_STRICT,it+lb+nl
data,pl,B1,2814,stupid,stulbs,Głupi,FAMILY_COPY_STRICT,pl+sk
data,sk,B1,2814,stupid,stulbs,Głupi,FAMILY_COPY_STRICT,pl+sk
data,sq,B1,2814,stupid,stulbs,Aptal,FAMILY_COPY_STRICT,sq+tr
data,tr,B1,2814,stupid,stulbs,Aptal,FAMILY_COPY_STRICT,sq+tr
data,hr,B1,2815,Sturm,vētra,Буря,SCRIPT_MISMATCH,
data,hr,B1,2815,Sturm,vētra,Буря,MARKER_LEAK,foreign_script
data,it,B1,2815,Sturm,vētra,Vētra,SAME_AS_LV_CASEFOLD,casefold_only
data,it,B1,2815,Sturm,vētra,Vētra,LV_DIACRITIC,
data,it,B1,2815,Sturm,vētra,Vētra,MARKER_LEAK,lv_macron_consonant
data,lb,B1,2815,Sturm,vētra,Vētra,SAME_AS_LV_CASEFOLD,casefold_only
data,lb,B1,2815,Sturm,vētra,Vētra,LV_DIACRITIC,
data,lb,B1,2815,Sturm,vētra,Vētra,MARKER_LEAK,lv_macron_consonant
data,nl,B1,2815,Sturm,vētra,Vētra,SAME_AS_LV_CASEFOLD,casefold_only
data,nl,B1,2815,Sturm,vētra,Vētra,LV_DIACRITIC,
data,nl,B1,2815,Sturm,vētra,Vētra,MARKER_LEAK,lv_macron_consonant
data,sl,B1,2815,Sturm,vētra,vētra,SAME_AS_LV_CASEFOLD,exact
data,sl,B1,2815,Sturm,vētra,vētra,LV_DIACRITIC,
data,sl,B1,2815,Sturm,vētra,vētra,MARKER_LEAK,lv_macron_consonant
data,bg,B1,2815,Sturm,vētra,Буря,FAMILY_COPY_STRICT,bg+hr+mk+sr
data,hr,B1,2815,Sturm,vētra,Буря,FAMILY_COPY_STRICT,bg+hr+mk+sr
data,mk,B1,2815,Sturm,vētra,Буря,FAMILY_COPY_STRICT,bg+hr+mk+sr
data,sr,B1,2815,Sturm,vētra,Буря,FAMILY_COPY_STRICT,bg+hr+mk+sr
data,fi,B1,2815,Sturm,vētra,Torm,FAMILY_COPY_STRICT,fi+is+nb+nn+sv
data,is,B1,2815,Sturm,vētra,Torm,FAMILY_COPY_STRICT,fi+is+nb+nn+sv
data,nb,B1,2815,Sturm,vētra,Torm,FAMILY_COPY_STRICT,fi+is+nb+nn+sv
data,nn,B1,2815,Sturm,vētra,Torm,FAMILY_COPY_STRICT,fi+is+nb+nn+sv
data,sv,B1,2815,Sturm,vētra,Torm,FAMILY_COPY_STRICT,fi+is+nb+nn+sv
data,it,B1,2815,Sturm,vētra,Vētra,FAMILY_COPY_STRICT,it+lb+nl
data,lb,B1,2815,Sturm,vētra,Vētra,FAMILY_COPY_STRICT,it+lb+nl
data,nl,B1,2815,Sturm,vētra,Vētra,FAMILY_COPY_STRICT,it+lb+nl
data,pl,B1,2815,Sturm,vētra,Burza,FAMILY_COPY_STRICT,pl+sq+tr
data,sq,B1,2815,Sturm,vētra,Burza,FAMILY_COPY_STRICT,pl+sq+tr
data,tr,B1,2815,Sturm,vētra,Burza,FAMILY_COPY_STRICT,pl+sq+tr
data,bg,B1,2816,Stürmer,sp. uzbrucējs,Sp. нападател,SCRIPT_MISMATCH,
data,bg,B1,2816,Stürmer,sp. uzbrucējs,Sp. нападател,MARKER_LEAK,latin_in_cyrillic
data,hr,B1,2816,Stürmer,sp. uzbrucējs,Sp. нападател,SCRIPT_MISMATCH,
data,hr,B1,2816,Stürmer,sp. uzbrucējs,Sp. нападател,MARKER_LEAK,foreign_script
data,it,B1,2816,Stürmer,sp. uzbrucējs,Sp. uzbrucējs,SAME_AS_LV_CASEFOLD,casefold_only
data,it,B1,2816,Stürmer,sp. uzbrucējs,Sp. uzbrucējs,LV_DIACRITIC,
data,it,B1,2816,Stürmer,sp. uzbrucējs,Sp. uzbrucējs,MARKER_LEAK,lv_macron_consonant
data,lb,B1,2816,Stürmer,sp. uzbrucējs,Sp. uzbrucējs,SAME_AS_LV_CASEFOLD,casefold_only
data,lb,B1,2816,Stürmer,sp. uzbrucējs,Sp. uzbrucējs,LV_DIACRITIC,
data,lb,B1,2816,Stürmer,sp. uzbrucējs,Sp. uzbrucējs,MARKER_LEAK,lv_macron_consonant
data,mk,B1,2816,Stürmer,sp. uzbrucējs,Sp. нападател,SCRIPT_MISMATCH,
data,mk,B1,2816,Stürmer,sp. uzbrucējs,Sp. нападател,MARKER_LEAK,latin_in_cyrillic
data,nl,B1,2816,Stürmer,sp. uzbrucējs,Sp. uzbrucējs,SAME_AS_LV_CASEFOLD,casefold_only
data,nl,B1,2816,Stürmer,sp. uzbrucējs,Sp. uzbrucējs,LV_DIACRITIC,
data,nl,B1,2816,Stürmer,sp. uzbrucējs,Sp. uzbrucējs,MARKER_LEAK,lv_macron_consonant
data,sl,B1,2816,Stürmer,sp. uzbrucējs,sp. uzbrucējs,SAME_AS_LV_CASEFOLD,exact
data,sl,B1,2816,Stürmer,sp. uzbrucējs,sp. uzbrucējs,LV_DIACRITIC,
data,sl,B1,2816,Stürmer,sp. uzbrucējs,sp. uzbrucējs,MARKER_LEAK,lv_macron_consonant
data,sr,B1,2816,Stürmer,sp. uzbrucējs,Sp. нападател,SCRIPT_MISMATCH,sr_as_cyrillic
data,sr,B1,2816,Stürmer,sp. uzbrucējs,Sp. нападател,MARKER_LEAK,latin_in_cyrillic
data,bg,B1,2816,Stürmer,sp. uzbrucējs,Sp. нападател,FAMILY_COPY_STRICT,bg+hr+mk+sr
data,hr,B1,2816,Stürmer,sp. uzbrucējs,Sp. нападател,FAMILY_COPY_STRICT,bg+hr+mk+sr
data,mk,B1,2816,Stürmer,sp. uzbrucējs,Sp. нападател,FAMILY_COPY_STRICT,bg+hr+mk+sr
data,sr,B1,2816,Stürmer,sp. uzbrucējs,Sp. нападател,FAMILY_COPY_STRICT,bg+hr+mk+sr
data,fi,B1,2816,Stürmer,sp. uzbrucējs,Ründaja,FAMILY_COPY_STRICT,fi+is+nb+nn+sv
data,is,B1,2816,Stürmer,sp. uzbrucējs,Ründaja,FAMILY_COPY_STRICT,fi+is+nb+nn+sv
data,nb,B1,2816,Stürmer,sp. uzbrucējs,Ründaja,FAMILY_COPY_STRICT,fi+is+nb+nn+sv
data,nn,B1,2816,Stürmer,sp. uzbrucējs,Ründaja,FAMILY_COPY_STRICT,fi+is+nb+nn+sv
data,sv,B1,2816,Stürmer,sp. uzbrucējs,Ründaja,FAMILY_COPY_STRICT,fi+is+nb+nn+sv
data,it,B1,2816,Stürmer,sp. uzbrucējs,Sp. uzbrucējs,FAMILY_COPY_STRICT,it+lb+nl
data,lb,B1,2816,Stürmer,sp. uzbrucējs,Sp. uzbrucējs,FAMILY_COPY_STRICT,it+lb+nl
data,nl,B1,2816,Stürmer,sp. uzbrucējs,Sp. uzbrucējs,FAMILY_COPY_STRICT,it+lb+nl
data,pl,B1,2816,Stürmer,sp. uzbrucējs,Sp. napastnik,FAMILY_COPY_STRICT,pl+sk+sq+tr
data,sk,B1,2816,Stürmer,sp. uzbrucējs,Sp. napastnik,FAMILY_COPY_STRICT,pl+sk+sq+tr
data,sq,B1,2816,Stürmer,sp. uzbrucējs,Sp. napastnik,FAMILY_COPY_STRICT,pl+sk+sq+tr
data,tr,B1,2816,Stürmer,sp. uzbrucējs,Sp. napastnik,FAMILY_COPY_STRICT,pl+sk+sq+tr
data,hr,B1,2817,stürmisch,vējains,Ветровито,SCRIPT_MISMATCH,
data,hr,B1,2817,stürmisch,vējains,Ветровито,MARKER_LEAK,foreign_script
data,it,B1,2817,stürmisch,vējains,Vējains,SAME_AS_LV_CASEFOLD,casefold_only
data,it,B1,2817,stürmisch,vējains,Vējains,LV_DIACRITIC,
data,it,B1,2817,stürmisch,vējains,Vējains,MARKER_LEAK,lv_macron_consonant
data,lb,B1,2817,stürmisch,vējains,Vējains,SAME_AS_LV_CASEFOLD,casefold_only
data,lb,B1,2817,stürmisch,vējains,Vējains,LV_DIACRITIC,
data,lb,B1,2817,stürmisch,vējains,Vējains,MARKER_LEAK,lv_macron_consonant
data,nl,B1,2817,stürmisch,vējains,Vējains,SAME_AS_LV_CASEFOLD,casefold_only
data,nl,B1,2817,stürmisch,vējains,Vējains,LV_DIACRITIC,
data,nl,B1,2817,stürmisch,vējains,Vējains,MARKER_LEAK,lv_macron_consonant
data,sl,B1,2817,stürmisch,vējains,vējains,SAME_AS_LV_CASEFOLD,exact
data,sl,B1,2817,stürmisch,vējains,vējains,LV_DIACRITIC,
data,sl,B1,2817,stürmisch,vējains,vējains,MARKER_LEAK,lv_macron_consonant
data,sq,B1,2817,stürmisch,vējains,Rüzgarlı,MARKER_LEAK,tr_soft
data,bg,B1,2817,stürmisch,vējains,Ветровито,FAMILY_COPY_STRICT,bg+hr+mk+sr
data,hr,B1,2817,stürmisch,vējains,Ветровито,FAMILY_COPY_STRICT,bg+hr+mk+sr
data,mk,B1,2817,stürmisch,vējains,Ветровито,FAMILY_COPY_STRICT,bg+hr+mk+sr
data,sr,B1,2817,stürmisch,vējains,Ветровито,FAMILY_COPY_STRICT,bg+hr+mk+sr
data,fi,B1,2817,stürmisch,vējains,Tormine,FAMILY_COPY_STRICT,fi+is+nb+nn+sv
data,is,B1,2817,stürmisch,vējains,Tormine,FAMILY_COPY_STRICT,fi+is+nb+nn+sv
data,nb,B1,2817,stürmisch,vējains,Tormine,FAMILY_COPY_STRICT,fi+is+nb+nn+sv
data,nn,B1,2817,stürmisch,vējains,Tormine,FAMILY_COPY_STRICT,fi+is+nb+nn+sv
data,sv,B1,2817,stürmisch,vējains,Tormine,FAMILY_COPY_STRICT,fi+is+nb+nn+sv
data,it,B1,2817,stürmisch,vējains,Vējains,FAMILY_COPY_STRICT,it+lb+nl
data,lb,B1,2817,stürmisch,vējains,Vējains,FAMILY_COPY_STRICT,it+lb+nl
data,nl,B1,2817,stürmisch,vējains,Vējains,FAMILY_COPY_STRICT,it+lb+nl
data,pl,B1,2817,stürmisch,vējains,Wietrzny,FAMILY_COPY_STRICT,pl+sk
data,sk,B1,2817,stürmisch,vējains,Wietrzny,FAMILY_COPY_STRICT,pl+sk
data,sq,B1,2817,stürmisch,vējains,Rüzgarlı,FAMILY_COPY_STRICT,sq+tr
data,tr,B1,2817,stürmisch,vējains,Rüzgarlı,FAMILY_COPY_STRICT,sq+tr
data,hr,B1,2818,Sturz,kritiens,Паѓање,SCRIPT_MISMATCH,
data,hr,B1,2818,Sturz,kritiens,Паѓање,MARKER_LEAK,foreign_script
data,it,B1,2818,Sturz,kritiens,Kritiens,SAME_AS_LV_CASEFOLD,casefold_only
data,lb,B1,2818,Sturz,kritiens,Kritiens,SAME_AS_LV_CASEFOLD,casefold_only
data,nl,B1,2818,Sturz,kritiens,Kritiens,SAME_AS_LV_CASEFOLD,casefold_only
data,sl,B1,2818,Sturz,kritiens,kritiens,SAME_AS_LV_CASEFOLD,exact
data,fi,B1,2818,Sturz,kritiens,Kukkumine,FAMILY_COPY_STRICT,fi+is+nb+nn+sv
data,is,B1,2818,Sturz,kritiens,Kukkumine,FAMILY_COPY_STRICT,fi+is+nb+nn+sv
data,nb,B1,2818,Sturz,kritiens,Kukkumine,FAMILY_COPY_STRICT,fi+is+nb+nn+sv
data,nn,B1,2818,Sturz,kritiens,Kukkumine,FAMILY_COPY_STRICT,fi+is+nb+nn+sv
data,sv,B1,2818,Sturz,kritiens,Kukkumine,FAMILY_COPY_STRICT,fi+is+nb+nn+sv
data,hr,B1,2818,Sturz,kritiens,Паѓање,FAMILY_COPY_STRICT,hr+mk+sr
data,mk,B1,2818,Sturz,kritiens,Паѓање,FAMILY_COPY_STRICT,hr+mk+sr
data,sr,B1,2818,Sturz,kritiens,Паѓање,FAMILY_COPY_STRICT,hr+mk+sr
data,it,B1,2818,Sturz,kritiens,Kritiens,FAMILY_COPY_STRICT,it+lb+nl
data,lb,B1,2818,Sturz,kritiens,Kritiens,FAMILY_COPY_STRICT,it+lb+nl
data,nl,B1,2818,Sturz,kritiens,Kritiens,FAMILY_COPY_STRICT,it+lb+nl
data,hr,B1,2819,stürzen,gāzties,Падай надолу,SCRIPT_MISMATCH,
data,hr,B1,2819,stürzen,gāzties,Падай надолу,MARKER_LEAK,foreign_script
data,it,B1,2819,stürzen,gāzties,Gāzties,SAME_AS_LV_CASEFOLD,casefold_only
data,it,B1,2819,stürzen,gāzties,Gāzties,LV_DIACRITIC,
data,it,B1,2819,stürzen,gāzties,Gāzties,MARKER_LEAK,lv_macron_consonant
data,lb,B1,2819,stürzen,gāzties,Gāzties,SAME_AS_LV_CASEFOLD,casefold_only
data,lb,B1,2819,stürzen,gāzties,Gāzties,LV_DIACRITIC,
data,lb,B1,2819,stürzen,gāzties,Gāzties,MARKER_LEAK,lv_macron_consonant
data,nl,B1,2819,stürzen,gāzties,Gāzties,SAME_AS_LV_CASEFOLD,casefold_only
data,nl,B1,2819,stürzen,gāzties,Gāzties,LV_DIACRITIC,
data,nl,B1,2819,stürzen,gāzties,Gāzties,MARKER_LEAK,lv_macron_consonant
data,sk,B1,2819,stürzen,gāzties,Runąć,MARKER_LEAK,pl_lt_nasal
data,sl,B1,2819,stürzen,gāzties,gāzties,SAME_AS_LV_CASEFOLD,exact
data,sl,B1,2819,stürzen,gāzties,gāzties,LV_DIACRITIC,
data,sl,B1,2819,stürzen,gāzties,gāzties,MARKER_LEAK,lv_macron_consonant
data,sq,B1,2819,stürzen,gāzties,Yıkılmak,MARKER_LEAK,tr_soft
data,bg,B1,2819,stürzen,gāzties,Падай надолу,FAMILY_COPY_STRICT,bg+hr+mk+sr
data,hr,B1,2819,stürzen,gāzties,Падай надолу,FAMILY_COPY_STRICT,bg+hr+mk+sr
data,mk,B1,2819,stürzen,gāzties,Падай надолу,FAMILY_COPY_STRICT,bg+hr+mk+sr
data,sr,B1,2819,stürzen,gāzties,Падай надолу,FAMILY_COPY_STRICT,bg+hr+mk+sr
data,fi,B1,2819,stürzen,gāzties,Kukkuma,FAMILY_COPY_STRICT,fi+sv
data,sv,B1,2819,stürzen,gāzties,Kukkuma,FAMILY_COPY_STRICT,fi+sv
data,is,B1,2819,stürzen,gāzties,Gjøk,FAMILY_COPY_STRICT,is+nb+nn
data,nb,B1,2819,stürzen,gāzties,Gjøk,FAMILY_COPY_STRICT,is+nb+nn
data,nn,B1,2819,stürzen,gāzties,Gjøk,FAMILY_COPY_STRICT,is+nb+nn
data,it,B1,2819,stürzen,gāzties,Gāzties,FAMILY_COPY_STRICT,it+lb+nl
data,lb,B1,2819,stürzen,gāzties,Gāzties,FAMILY_COPY_STRICT,it+lb+nl
data,nl,B1,2819,stürzen,gāzties,Gāzties,FAMILY_COPY_STRICT,it+lb+nl
data,pl,B1,2819,stürzen,gāzties,Runąć,FAMILY_COPY_STRICT,pl+sk
data,sk,B1,2819,stürzen,gāzties,Runąć,FAMILY_COPY_STRICT,pl+sk
data,sq,B1,2819,stürzen,gāzties,Yıkılmak,FAMILY_COPY_STRICT,sq+tr
data,tr,B1,2819,stürzen,gāzties,Yıkılmak,FAMILY_COPY_STRICT,sq+tr
data,hr,B1,2820,Stütze,balsts,Поддръжка,SCRIPT_MISMATCH,
data,hr,B1,2820,Stütze,balsts,Поддръжка,MARKER_LEAK,foreign_script
data,it,B1,2820,Stütze,balsts,Balsts,SAME_AS_LV_CASEFOLD,casefold_only
data,lb,B1,2820,Stütze,balsts,Balsts,SAME_AS_LV_CASEFOLD,casefold_only
data,nl,B1,2820,Stütze,balsts,Balsts,SAME_AS_LV_CASEFOLD,casefold_only
data,sl,B1,2820,Stütze,balsts,balsts,SAME_AS_LV_CASEFOLD,exact
data,bg,B1,2820,Stütze,balsts,Поддръжка,FAMILY_COPY_STRICT,bg+hr+mk+sr
data,hr,B1,2820,Stütze,balsts,Поддръжка,FAMILY_COPY_STRICT,bg+hr+mk+sr
data,mk,B1,2820,Stütze,balsts,Поддръжка,FAMILY_COPY_STRICT,bg+hr+mk+sr
data,sr,B1,2820,Stütze,balsts,Поддръжка,FAMILY_COPY_STRICT,bg+hr+mk+sr
data,fi,B1,2820,Stütze,balsts,Tugi,FAMILY_COPY_STRICT,fi+is+nb+nn+sv
data,is,B1,2820,Stütze,balsts,Tugi,FAMILY_COPY_STRICT,fi+is+nb+nn+sv
data,nb,B1,2820,Stütze,balsts,Tugi,FAMILY_COPY_STRICT,fi+is+nb+nn+sv
data,nn,B1,2820,Stütze,balsts,Tugi,FAMILY_COPY_STRICT,fi+is+nb+nn+sv
data,sv,B1,2820,Stütze,balsts,Tugi,FAMILY_COPY_STRICT,fi+is+nb+nn+sv
data,it,B1,2820,Stütze,balsts,Balsts,FAMILY_COPY_STRICT,it+lb+nl
data,lb,B1,2820,Stütze,balsts,Balsts,FAMILY_COPY_STRICT,it+lb+nl
data,nl,B1,2820,Stütze,balsts,Balsts,FAMILY_COPY_STRICT,it+lb+nl
data,pl,B1,2820,Stütze,balsts,Wsparcie,FAMILY_COPY_STRICT,pl+sk+sq+tr
data,sk,B1,2820,Stütze,balsts,Wsparcie,FAMILY_COPY_STRICT,pl+sk+sq+tr
data,sq,B1,2820,Stütze,balsts,Wsparcie,FAMILY_COPY_STRICT,pl+sk+sq+tr
data,tr,B1,2820,Stütze,balsts,Wsparcie,FAMILY_COPY_STRICT,pl+sk+sq+tr
data,hr,B1,2821,stützen,atbalstīt,Поддръжка,SCRIPT_MISMATCH,
data,hr,B1,2821,stützen,atbalstīt,Поддръжка,MARKER_LEAK,foreign_script
data,it,B1,2821,stützen,atbalstīt,Atbalstīt,SAME_AS_LV_CASEFOLD,casefold_only
data,it,B1,2821,stützen,atbalstīt,Atbalstīt,LV_DIACRITIC,
data,it,B1,2821,stützen,atbalstīt,Atbalstīt,MARKER_LEAK,lv_macron_consonant
data,lb,B1,2821,stützen,atbalstīt,Atbalstīt,SAME_AS_LV_CASEFOLD,casefold_only
data,lb,B1,2821,stützen,atbalstīt,Atbalstīt,LV_DIACRITIC,
data,lb,B1,2821,stützen,atbalstīt,Atbalstīt,MARKER_LEAK,lv_macron_consonant
data,nl,B1,2821,stützen,atbalstīt,Atbalstīt,SAME_AS_LV_CASEFOLD,casefold_only
data,nl,B1,2821,stützen,atbalstīt,Atbalstīt,LV_DIACRITIC,
data,nl,B1,2821,stützen,atbalstīt,Atbalstīt,MARKER_LEAK,lv_macron_consonant
data,sl,B1,2821,stützen,atbalstīt,atbalstīt,SAME_AS_LV_CASEFOLD,exact
data,sl,B1,2821,stützen,atbalstīt,atbalstīt,LV_DIACRITIC,
data,sl,B1,2821,stützen,atbalstīt,atbalstīt,MARKER_LEAK,lv_macron_consonant
data,bg,B1,2821,stützen,atbalstīt,Поддръжка,FAMILY_COPY_STRICT,bg+hr+mk+sr
data,hr,B1,2821,stützen,atbalstīt,Поддръжка,FAMILY_COPY_STRICT,bg+hr+mk+sr
data,mk,B1,2821,stützen,atbalstīt,Поддръжка,FAMILY_COPY_STRICT,bg+hr+mk+sr
data,sr,B1,2821,stützen,atbalstīt,Поддръжка,FAMILY_COPY_STRICT,bg+hr+mk+sr
data,fi,B1,2821,stützen,atbalstīt,Toetama,FAMILY_COPY_STRICT,fi+is+nb+nn+sv
data,is,B1,2821,stützen,atbalstīt,Toetama,FAMILY_COPY_STRICT,fi+is+nb+nn+sv
data,nb,B1,2821,stützen,atbalstīt,Toetama,FAMILY_COPY_STRICT,fi+is+nb+nn+sv
data,nn,B1,2821,stützen,atbalstīt,Toetama,FAMILY_COPY_STRICT,fi+is+nb+nn+sv
data,sv,B1,2821,stützen,atbalstīt,Toetama,FAMILY_COPY_STRICT,fi+is+nb+nn+sv
data,it,B1,2821,stützen,atbalstīt,Atbalstīt,FAMILY_COPY_STRICT,it+lb+nl
data,lb,B1,2821,stützen,atbalstīt,Atbalstīt,FAMILY_COPY_STRICT,it+lb+nl
data,nl,B1,2821,stützen,atbalstīt,Atbalstīt,FAMILY_COPY_STRICT,it+lb+nl
data,pl,B1,2821,stützen,atbalstīt,Wspierać,FAMILY_COPY_STRICT,pl+sk
data,sk,B1,2821,stützen,atbalstīt,Wspierać,FAMILY_COPY_STRICT,pl+sk
data,sq,B1,2821,stützen,atbalstīt,Destek,FAMILY_COPY_STRICT,sq+tr
data,tr,B1,2821,stützen,atbalstīt,Destek,FAMILY_COPY_STRICT,sq+tr
data,fi,B1,2822,Sucht,atkarība,Sõltuvus,MARKER_LEAK,et_otilde
data,hr,B1,2822,Sucht,atkarība,Пристрастяване,SCRIPT_MISMATCH,
data,hr,B1,2822,Sucht,atkarība,Пристрастяване,MARKER_LEAK,foreign_script
data,is,B1,2822,Sucht,atkarība,Sõltuvus,MARKER_LEAK,et_otilde
data,it,B1,2822,Sucht,atkarība,Atkarība,SAME_AS_LV_CASEFOLD,casefold_only
data,it,B1,2822,Sucht,atkarība,Atkarība,LV_DIACRITIC,
data,it,B1,2822,Sucht,atkarība,Atkarība,MARKER_LEAK,lv_macron_consonant
data,lb,B1,2822,Sucht,atkarība,Atkarība,SAME_AS_LV_CASEFOLD,casefold_only
data,lb,B1,2822,Sucht,atkarība,Atkarība,LV_DIACRITIC,
data,lb,B1,2822,Sucht,atkarība,Atkarība,MARKER_LEAK,lv_macron_consonant
data,nb,B1,2822,Sucht,atkarība,Sõltuvus,MARKER_LEAK,et_otilde
data,nl,B1,2822,Sucht,atkarība,Atkarība,SAME_AS_LV_CASEFOLD,casefold_only
data,nl,B1,2822,Sucht,atkarība,Atkarība,LV_DIACRITIC,
data,nl,B1,2822,Sucht,atkarība,Atkarība,MARKER_LEAK,lv_macron_consonant
data,nn,B1,2822,Sucht,atkarība,Sõltuvus,MARKER_LEAK,et_otilde
data,sk,B1,2822,Sucht,atkarība,Uzależnienie,MARKER_LEAK,pl_l_s_z
data,sl,B1,2822,Sucht,atkarība,atkarība,SAME_AS_LV_CASEFOLD,exact
data,sl,B1,2822,Sucht,atkarība,atkarība,LV_DIACRITIC,
data,sl,B1,2822,Sucht,atkarība,atkarība,MARKER_LEAK,lv_macron_consonant
data,sq,B1,2822,Sucht,atkarība,Bağımlılık,MARKER_LEAK,tr_soft
data,sv,B1,2822,Sucht,atkarība,Sõltuvus,MARKER_LEAK,et_otilde
data,bg,B1,2822,Sucht,atkarība,Пристрастяване,FAMILY_COPY_STRICT,bg+hr+mk+sr
data,hr,B1,2822,Sucht,atkarība,Пристрастяване,FAMILY_COPY_STRICT,bg+hr+mk+sr
data,mk,B1,2822,Sucht,atkarība,Пристрастяване,FAMILY_COPY_STRICT,bg+hr+mk+sr
data,sr,B1,2822,Sucht,atkarība,Пристрастяване,FAMILY_COPY_STRICT,bg+hr+mk+sr
data,fi,B1,2822,Sucht,atkarība,Sõltuvus,FAMILY_COPY_STRICT,fi+is+nb+nn+sv
data,is,B1,2822,Sucht,atkarība,Sõltuvus,FAMILY_COPY_STRICT,fi+is+nb+nn+sv
data,nb,B1,2822,Sucht,atkarība,Sõltuvus,FAMILY_COPY_STRICT,fi+is+nb+nn+sv
data,nn,B1,2822,Sucht,atkarība,Sõltuvus,FAMILY_COPY_STRICT,fi+is+nb+nn+sv
data,sv,B1,2822,Sucht,atkarība,Sõltuvus,FAMILY_COPY_STRICT,fi+is+nb+nn+sv
data,it,B1,2822,Sucht,atkarība,Atkarība,FAMILY_COPY_STRICT,it+lb+nl
data,lb,B1,2822,Sucht,atkarība,Atkarība,FAMILY_COPY_STRICT,it+lb+nl
data,nl,B1,2822,Sucht,atkarība,Atkarība,FAMILY_COPY_STRICT,it+lb+nl
data,pl,B1,2822,Sucht,atkarība,Uzależnienie,FAMILY_COPY_STRICT,pl+sk
data,sk,B1,2822,Sucht,atkarība,Uzależnienie,FAMILY_COPY_STRICT,pl+sk
data,sq,B1,2822,Sucht,atkarība,Bağımlılık,FAMILY_COPY_STRICT,sq+tr
data,tr,B1,2822,Sucht,atkarība,Bağımlılık,FAMILY_COPY_STRICT,sq+tr
data,fi,B1,2823,südlich,dienvidu,Lõuna-,MARKER_LEAK,et_otilde
data,hr,B1,2823,südlich,dienvidu,Южен,SCRIPT_MISMATCH,
data,hr,B1,2823,südlich,dienvidu,Южен,MARKER_LEAK,foreign_script
data,is,B1,2823,südlich,dienvidu,Lõuna-,MARKER_LEAK,et_otilde
data,it,B1,2823,südlich,dienvidu,Dienvidu,SAME_AS_LV_CASEFOLD,casefold_only
data,lb,B1,2823,südlich,dienvidu,Dienvidu,SAME_AS_LV_CASEFOLD,casefold_only
data,nb,B1,2823,südlich,dienvidu,Lõuna-,MARKER_LEAK,et_otilde
data,nl,B1,2823,südlich,dienvidu,Dienvidu,SAME_AS_LV_CASEFOLD,casefold_only
data,nn,B1,2823,südlich,dienvidu,Lõuna-,MARKER_LEAK,et_otilde
data,pt,B1,2823,südlich,dienvidu,Dienvidu,SAME_AS_LV_CASEFOLD,casefold_only
data,sk,B1,2823,südlich,dienvidu,Południowy,MARKER_LEAK,pl_l_s_z
data,sl,B1,2823,südlich,dienvidu,dienvidu,SAME_AS_LV_CASEFOLD,exact
data,sv,B1,2823,südlich,dienvidu,Lõuna-,MARKER_LEAK,et_otilde
data,bg,B1,2823,südlich,dienvidu,Южен,FAMILY_COPY_STRICT,bg+hr+mk+sr
data,hr,B1,2823,südlich,dienvidu,Южен,FAMILY_COPY_STRICT,bg+hr+mk+sr
data,mk,B1,2823,südlich,dienvidu,Южен,FAMILY_COPY_STRICT,bg+hr+mk+sr
data,sr,B1,2823,südlich,dienvidu,Южен,FAMILY_COPY_STRICT,bg+hr+mk+sr
data,fi,B1,2823,südlich,dienvidu,Lõuna-,FAMILY_COPY_STRICT,fi+is+nb+nn+sv
data,is,B1,2823,südlich,dienvidu,Lõuna-,FAMILY_COPY_STRICT,fi+is+nb+nn+sv
data,nb,B1,2823,südlich,dienvidu,Lõuna-,FAMILY_COPY_STRICT,fi+is+nb+nn+sv
data,nn,B1,2823,südlich,dienvidu,Lõuna-,FAMILY_COPY_STRICT,fi+is+nb+nn+sv
data,sv,B1,2823,südlich,dienvidu,Lõuna-,FAMILY_COPY_STRICT,fi+is+nb+nn+sv
data,it,B1,2823,südlich,dienvidu,Dienvidu,FAMILY_COPY_STRICT,it+lb+nl+pt
data,lb,B1,2823,südlich,dienvidu,Dienvidu,FAMILY_COPY_STRICT,it+lb+nl+pt
data,nl,B1,2823,südlich,dienvidu,Dienvidu,FAMILY_COPY_STRICT,it+lb+nl+pt
data,pt,B1,2823,südlich,dienvidu,Dienvidu,FAMILY_COPY_STRICT,it+lb+nl+pt
data,pl,B1,2823,südlich,dienvidu,Południowy,FAMILY_COPY_STRICT,pl+sk
data,sk,B1,2823,südlich,dienvidu,Południowy,FAMILY_COPY_STRICT,pl+sk
data,fi,B1,2824,Südpol,dienvidpols,Lõunapoolus,MARKER_LEAK,et_otilde
data,is,B1,2824,Südpol,dienvidpols,Lõunapoolus,MARKER_LEAK,et_otilde
data,nb,B1,2824,Südpol,dienvidpols,Lõunapoolus,MARKER_LEAK,et_otilde
data,nn,B1,2824,Südpol,dienvidpols,Lõunapoolus,MARKER_LEAK,et_otilde
data,sk,B1,2824,Südpol,dienvidpols,Biegun południowy,MARKER_LEAK,pl_l_s_z
data,sl,B1,2824,Südpol,dienvidpols,dienvidpols,SAME_AS_LV_CASEFOLD,exact
data,sr,B1,2824,Südpol,dienvidpols,Južni tečaj,LV_DIACRITIC,
data,sr,B1,2824,Südpol,dienvidpols,Južni tečaj,SCRIPT_MISMATCH,sr_as_cyrillic
data,sr,B1,2824,Südpol,dienvidpols,Južni tečaj,MARKER_LEAK,latin_in_cyrillic
data,sv,B1,2824,Südpol,dienvidpols,Lõunapoolus,MARKER_LEAK,et_otilde
data,bg,B1,2824,Südpol,dienvidpols,Южен полюс,FAMILY_COPY_STRICT,bg+mk
data,mk,B1,2824,Südpol,dienvidpols,Южен полюс,FAMILY_COPY_STRICT,bg+mk
data,fi,B1,2824,Südpol,dienvidpols,Lõunapoolus,FAMILY_COPY_STRICT,fi+is+nb+nn+sv
data,is,B1,2824,Südpol,dienvidpols,Lõunapoolus,FAMILY_COPY_STRICT,fi+is+nb+nn+sv
data,nb,B1,2824,Südpol,dienvidpols,Lõunapoolus,FAMILY_COPY_STRICT,fi+is+nb+nn+sv
data,nn,B1,2824,Südpol,dienvidpols,Lõunapoolus,FAMILY_COPY_STRICT,fi+is+nb+nn+sv
data,sv,B1,2824,Südpol,dienvidpols,Lõunapoolus,FAMILY_COPY_STRICT,fi+is+nb+nn+sv
data,hr,B1,2824,Südpol,dienvidpols,Južni tečaj,FAMILY_COPY_STRICT,hr+sr
data,sr,B1,2824,Südpol,dienvidpols,Južni tečaj,FAMILY_COPY_STRICT,hr+sr
data,it,B1,2824,Südpol,dienvidpols,De zuidpool,FAMILY_COPY_STRICT,it+lb+nl
data,lb,B1,2824,Südpol,dienvidpols,De zuidpool,FAMILY_COPY_STRICT,it+lb+nl
data,nl,B1,2824,Südpol,dienvidpols,De zuidpool,FAMILY_COPY_STRICT,it+lb+nl
data,pl,B1,2824,Südpol,dienvidpols,Biegun południowy,FAMILY_COPY_STRICT,pl+sk
data,sk,B1,2824,Südpol,dienvidpols,Biegun południowy,FAMILY_COPY_STRICT,pl+sk
data,sq,B1,2824,Südpol,dienvidpols,Güney Kutbu,FAMILY_COPY_STRICT,sq+tr
data,tr,B1,2824,Südpol,dienvidpols,Güney Kutbu,FAMILY_COPY_STRICT,sq+tr
data,hr,B1,2825,Sülze,galerts,Галерт,SCRIPT_MISMATCH,
data,hr,B1,2825,Sülze,galerts,Галерт,MARKER_LEAK,foreign_script
data,it,B1,2825,Sülze,galerts,Galerts,SAME_AS_LV_CASEFOLD,casefold_only
data,lb,B1,2825,Sülze,galerts,Galerts,SAME_AS_LV_CASEFOLD,casefold_only
data,nl,B1,2825,Sülze,galerts,Galerts,SAME_AS_LV_CASEFOLD,casefold_only
data,pt,B1,2825,Sülze,galerts,Galerts,SAME_AS_LV_CASEFOLD,casefold_only
data,sl,B1,2825,Sülze,galerts,galerts,SAME_AS_LV_CASEFOLD,exact
data,uk,B1,2825,Sülze,galerts,galert,SCRIPT_MISMATCH,
data,uk,B1,2825,Sülze,galerts,galert,MARKER_LEAK,latin_in_cyrillic
data,bg,B1,2825,Sülze,galerts,Галерт,FAMILY_COPY_STRICT,bg+hr+mk+ru+sr
data,hr,B1,2825,Sülze,galerts,Галерт,FAMILY_COPY_STRICT,bg+hr+mk+ru+sr
data,mk,B1,2825,Sülze,galerts,Галерт,FAMILY_COPY_STRICT,bg+hr+mk+ru+sr
data,ru,B1,2825,Sülze,galerts,Галерт,FAMILY_COPY_STRICT,bg+hr+mk+ru+sr
data,sr,B1,2825,Sülze,galerts,Галерт,FAMILY_COPY_STRICT,bg+hr+mk+ru+sr
data,fi,B1,2825,Sülze,galerts,Sült,FAMILY_COPY_STRICT,fi+is+nb+nn+sv
data,is,B1,2825,Sülze,galerts,Sült,FAMILY_COPY_STRICT,fi+is+nb+nn+sv
data,nb,B1,2825,Sülze,galerts,Sült,FAMILY_COPY_STRICT,fi+is+nb+nn+sv
data,nn,B1,2825,Sülze,galerts,Sült,FAMILY_COPY_STRICT,fi+is+nb+nn+sv
data,sv,B1,2825,Sülze,galerts,Sült,FAMILY_COPY_STRICT,fi+is+nb+nn+sv
data,it,B1,2825,Sülze,galerts,Galerts,FAMILY_COPY_STRICT,it+lb+nl+pt
data,lb,B1,2825,Sülze,galerts,Galerts,FAMILY_COPY_STRICT,it+lb+nl+pt
data,nl,B1,2825,Sülze,galerts,Galerts,FAMILY_COPY_STRICT,it+lb+nl+pt
data,pt,B1,2825,Sülze,galerts,Galerts,FAMILY_COPY_STRICT,it+lb+nl+pt
data,pl,B1,2825,Sülze,galerts,Galerta,FAMILY_COPY_STRICT,pl+sk+sq+tr
data,sk,B1,2825,Sülze,galerts,Galerta,FAMILY_COPY_STRICT,pl+sk+sq+tr
data,sq,B1,2825,Sülze,galerts,Galerta,FAMILY_COPY_STRICT,pl+sk+sq+tr
data,tr,B1,2825,Sülze,galerts,Galerta,FAMILY_COPY_STRICT,pl+sk+sq+tr
data,hr,B1,2826,Süßwasser,saldūdens,Прясна вода,SCRIPT_MISMATCH,
data,hr,B1,2826,Süßwasser,saldūdens,Прясна вода,MARKER_LEAK,foreign_script
data,it,B1,2826,Süßwasser,saldūdens,Saldūdens,SAME_AS_LV_CASEFOLD,casefold_only
data,it,B1,2826,Süßwasser,saldūdens,Saldūdens,LV_DIACRITIC,
data,it,B1,2826,Süßwasser,saldūdens,Saldūdens,MARKER_LEAK,lv_u_macron
data,lb,B1,2826,Süßwasser,saldūdens,Saldūdens,SAME_AS_LV_CASEFOLD,casefold_only
data,lb,B1,2826,Süßwasser,saldūdens,Saldūdens,LV_DIACRITIC,
data,lb,B1,2826,Süßwasser,saldūdens,Saldūdens,MARKER_LEAK,lv_u_macron
data,nl,B1,2826,Süßwasser,saldūdens,Saldūdens,SAME_AS_LV_CASEFOLD,casefold_only
data,nl,B1,2826,Süßwasser,saldūdens,Saldūdens,LV_DIACRITIC,
data,nl,B1,2826,Süßwasser,saldūdens,Saldūdens,MARKER_LEAK,lv_u_macron
data,pt,B1,2826,Süßwasser,saldūdens,Saldūdens,SAME_AS_LV_CASEFOLD,casefold_only
data,pt,B1,2826,Süßwasser,saldūdens,Saldūdens,LV_DIACRITIC,
data,pt,B1,2826,Süßwasser,saldūdens,Saldūdens,MARKER_LEAK,lv_u_macron
data,sk,B1,2826,Süßwasser,saldūdens,Świeża woda,MARKER_LEAK,pl_l_s_z
data,sl,B1,2826,Süßwasser,saldūdens,saldūdens,SAME_AS_LV_CASEFOLD,exact
data,sl,B1,2826,Süßwasser,saldūdens,saldūdens,LV_DIACRITIC,
data,sl,B1,2826,Süßwasser,saldūdens,saldūdens,MARKER_LEAK,lv_u_macron
data,sq,B1,2826,Süßwasser,saldūdens,Tatlı su,MARKER_LEAK,tr_soft
data,bg,B1,2826,Süßwasser,saldūdens,Прясна вода,FAMILY_COPY_STRICT,bg+hr+mk+sr
data,hr,B1,2826,Süßwasser,saldūdens,Прясна вода,FAMILY_COPY_STRICT,bg+hr+mk+sr
data,mk,B1,2826,Süßwasser,saldūdens,Прясна вода,FAMILY_COPY_STRICT,bg+hr+mk+sr
data,sr,B1,2826,Süßwasser,saldūdens,Прясна вода,FAMILY_COPY_STRICT,bg+hr+mk+sr
data,fi,B1,2826,Süßwasser,saldūdens,Magevesi,FAMILY_COPY_STRICT,fi+is+nb+nn+sv
data,is,B1,2826,Süßwasser,saldūdens,Magevesi,FAMILY_COPY_STRICT,fi+is+nb+nn+sv
data,nb,B1,2826,Süßwasser,saldūdens,Magevesi,FAMILY_COPY_STRICT,fi+is+nb+nn+sv
data,nn,B1,2826,Süßwasser,saldūdens,Magevesi,FAMILY_COPY_STRICT,fi+is+nb+nn+sv
data,sv,B1,2826,Süßwasser,saldūdens,Magevesi,FAMILY_COPY_STRICT,fi+is+nb+nn+sv
data,it,B1,2826,Süßwasser,saldūdens,Saldūdens,FAMILY_COPY_STRICT,it+lb+nl+pt
data,lb,B1,2826,Süßwasser,saldūdens,Saldūdens,FAMILY_COPY_STRICT,it+lb+nl+pt
data,nl,B1,2826,Süßwasser,saldūdens,Saldūdens,FAMILY_COPY_STRICT,it+lb+nl+pt
data,pt,B1,2826,Süßwasser,saldūdens,Saldūdens,FAMILY_COPY_STRICT,it+lb+nl+pt
data,pl,B1,2826,Süßwasser,saldūdens,Świeża woda,FAMILY_COPY_STRICT,pl+sk
data,sk,B1,2826,Süßwasser,saldūdens,Świeża woda,FAMILY_COPY_STRICT,pl+sk
data,sq,B1,2826,Süßwasser,saldūdens,Tatlı su,FAMILY_COPY_STRICT,sq+tr
data,tr,B1,2826,Süßwasser,saldūdens,Tatlı su,FAMILY_COPY_STRICT,sq+tr
data,hr,B1,2827,Symbol,simbols,Символ,SCRIPT_MISMATCH,
data,hr,B1,2827,Symbol,simbols,Символ,MARKER_LEAK,foreign_script
data,sl,B1,2827,Symbol,simbols,simbols,SAME_AS_LV_CASEFOLD,exact
data,bg,B1,2827,Symbol,simbols,Символ,FAMILY_COPY_STRICT,bg+hr+mk+ru+sr
data,hr,B1,2827,Symbol,simbols,Символ,FAMILY_COPY_STRICT,bg+hr+mk+ru+sr
data,mk,B1,2827,Symbol,simbols,Символ,FAMILY_COPY_STRICT,bg+hr+mk+ru+sr
data,ru,B1,2827,Symbol,simbols,Символ,FAMILY_COPY_STRICT,bg+hr+mk+ru+sr
data,sr,B1,2827,Symbol,simbols,Символ,FAMILY_COPY_STRICT,bg+hr+mk+ru+sr
data,bs,B1,2827,Symbol,simbols,Simbol,FAMILY_COPY_STRICT,bs+ro
data,ro,B1,2827,Symbol,simbols,Simbol,FAMILY_COPY_STRICT,bs+ro
data,fi,B1,2827,Symbol,simbols,Sümbol,FAMILY_COPY_STRICT,fi+is+nb+nn+sv
data,is,B1,2827,Symbol,simbols,Sümbol,FAMILY_COPY_STRICT,fi+is+nb+nn+sv
data,nb,B1,2827,Symbol,simbols,Sümbol,FAMILY_COPY_STRICT,fi+is+nb+nn+sv
data,nn,B1,2827,Symbol,simbols,Sümbol,FAMILY_COPY_STRICT,fi+is+nb+nn+sv
data,sv,B1,2827,Symbol,simbols,Sümbol,FAMILY_COPY_STRICT,fi+is+nb+nn+sv
data,fr,B1,2827,Symbol,simbols,Symbole,FAMILY_COPY_STRICT,fr+it
data,it,B1,2827,Symbol,simbols,Symbole,FAMILY_COPY_STRICT,fr+it
data,lb,B1,2827,Symbol,simbols,Symbool,FAMILY_COPY_STRICT,lb+nl
data,nl,B1,2827,Symbol,simbols,Symbool,FAMILY_COPY_STRICT,lb+nl
data,hr,B1,2828,Sympathie,simpātijas,Съчувствие,SCRIPT_MISMATCH,
data,hr,B1,2828,Sympathie,simpātijas,Съчувствие,MARKER_LEAK,foreign_script
data,it,B1,2828,Sympathie,simpātijas,Simpātijas,SAME_AS_LV_CASEFOLD,casefold_only
data,it,B1,2828,Sympathie,simpātijas,Simpātijas,LV_DIACRITIC,
data,it,B1,2828,Sympathie,simpātijas,Simpātijas,MARKER_LEAK,lv_macron_consonant
data,lb,B1,2828,Sympathie,simpātijas,Simpātijas,SAME_AS_LV_CASEFOLD,casefold_only
data,lb,B1,2828,Sympathie,simpātijas,Simpātijas,LV_DIACRITIC,
data,lb,B1,2828,Sympathie,simpātijas,Simpātijas,MARKER_LEAK,lv_macron_consonant
data,nl,B1,2828,Sympathie,simpātijas,Simpātijas,SAME_AS_LV_CASEFOLD,casefold_only
data,nl,B1,2828,Sympathie,simpātijas,Simpātijas,LV_DIACRITIC,
data,nl,B1,2828,Sympathie,simpātijas,Simpātijas,MARKER_LEAK,lv_macron_consonant
data,sk,B1,2828,Sympathie,simpātijas,Współczucie,MARKER_LEAK,pl_l_s_z
data,sl,B1,2828,Sympathie,simpātijas,simpātijas,SAME_AS_LV_CASEFOLD,exact
data,sl,B1,2828,Sympathie,simpātijas,simpātijas,LV_DIACRITIC,
data,sl,B1,2828,Sympathie,simpātijas,simpātijas,MARKER_LEAK,lv_macron_consonant
data,bg,B1,2828,Sympathie,simpātijas,Съчувствие,FAMILY_COPY_STRICT,bg+hr+mk+sr
data,hr,B1,2828,Sympathie,simpātijas,Съчувствие,FAMILY_COPY_STRICT,bg+hr+mk+sr
data,mk,B1,2828,Sympathie,simpātijas,Съчувствие,FAMILY_COPY_STRICT,bg+hr+mk+sr
data,sr,B1,2828,Sympathie,simpātijas,Съчувствие,FAMILY_COPY_STRICT,bg+hr+mk+sr
data,fi,B1,2828,Sympathie,simpātijas,Sümpaatia,FAMILY_COPY_STRICT,fi+is+nb+nn+sv
data,is,B1,2828,Sympathie,simpātijas,Sümpaatia,FAMILY_COPY_STRICT,fi+is+nb+nn+sv
data,nb,B1,2828,Sympathie,simpātijas,Sümpaatia,FAMILY_COPY_STRICT,fi+is+nb+nn+sv
data,nn,B1,2828,Sympathie,simpātijas,Sümpaatia,FAMILY_COPY_STRICT,fi+is+nb+nn+sv
data,sv,B1,2828,Sympathie,simpātijas,Sümpaatia,FAMILY_COPY_STRICT,fi+is+nb+nn+sv
data,it,B1,2828,Sympathie,simpātijas,Simpātijas,FAMILY_COPY_STRICT,it+lb+nl
data,lb,B1,2828,Sympathie,simpātijas,Simpātijas,FAMILY_COPY_STRICT,it+lb+nl
data,nl,B1,2828,Sympathie,simpātijas,Simpātijas,FAMILY_COPY_STRICT,it+lb+nl
data,pl,B1,2828,Sympathie,simpātijas,Współczucie,FAMILY_COPY_STRICT,pl+sk
data,sk,B1,2828,Sympathie,simpātijas,Współczucie,FAMILY_COPY_STRICT,pl+sk
data,sq,B1,2828,Sympathie,simpātijas,Merhamet,FAMILY_COPY_STRICT,sq+tr
data,tr,B1,2828,Sympathie,simpātijas,Merhamet,FAMILY_COPY_STRICT,sq+tr
data,hr,B1,2829,Symptom,simptoms,Симптом,SCRIPT_MISMATCH,
data,hr,B1,2829,Symptom,simptoms,Симптом,MARKER_LEAK,foreign_script
data,it,B1,2829,Symptom,simptoms,Simptoms,SAME_AS_LV_CASEFOLD,casefold_only
data,lb,B1,2829,Symptom,simptoms,Simptoms,SAME_AS_LV_CASEFOLD,casefold_only
data,nl,B1,2829,Symptom,simptoms,Simptoms,SAME_AS_LV_CASEFOLD,casefold_only
data,sl,B1,2829,Symptom,simptoms,simptoms,SAME_AS_LV_CASEFOLD,exact
data,bg,B1,2829,Symptom,simptoms,Симптом,FAMILY_COPY_STRICT,bg+hr+mk+ru+sr
data,hr,B1,2829,Symptom,simptoms,Симптом,FAMILY_COPY_STRICT,bg+hr+mk+ru+sr
data,mk,B1,2829,Symptom,simptoms,Симптом,FAMILY_COPY_STRICT,bg+hr+mk+ru+sr
data,ru,B1,2829,Symptom,simptoms,Симптом,FAMILY_COPY_STRICT,bg+hr+mk+ru+sr
data,sr,B1,2829,Symptom,simptoms,Симптом,FAMILY_COPY_STRICT,bg+hr+mk+ru+sr
data,bs,B1,2829,Symptom,simptoms,Simptom,FAMILY_COPY_STRICT,bs+ro
data,ro,B1,2829,Symptom,simptoms,Simptom,FAMILY_COPY_STRICT,bs+ro
data,fi,B1,2829,Symptom,simptoms,Sümptom,FAMILY_COPY_STRICT,fi+is+nb+nn+sv
data,is,B1,2829,Symptom,simptoms,Sümptom,FAMILY_COPY_STRICT,fi+is+nb+nn+sv
data,nb,B1,2829,Symptom,simptoms,Sümptom,FAMILY_COPY_STRICT,fi+is+nb+nn+sv
data,nn,B1,2829,Symptom,simptoms,Sümptom,FAMILY_COPY_STRICT,fi+is+nb+nn+sv
data,sv,B1,2829,Symptom,simptoms,Sümptom,FAMILY_COPY_STRICT,fi+is+nb+nn+sv
data,it,B1,2829,Symptom,simptoms,Simptoms,FAMILY_COPY_STRICT,it+lb+nl
data,lb,B1,2829,Symptom,simptoms,Simptoms,FAMILY_COPY_STRICT,it+lb+nl
data,nl,B1,2829,Symptom,simptoms,Simptoms,FAMILY_COPY_STRICT,it+lb+nl
data,pl,B1,2829,Symptom,simptoms,Objaw,FAMILY_COPY_STRICT,pl+sk+sq+tr
data,sk,B1,2829,Symptom,simptoms,Objaw,FAMILY_COPY_STRICT,pl+sk+sq+tr
data,sq,B1,2829,Symptom,simptoms,Objaw,FAMILY_COPY_STRICT,pl+sk+sq+tr
data,tr,B1,2829,Symptom,simptoms,Objaw,FAMILY_COPY_STRICT,pl+sk+sq+tr
data,hr,B1,2830,Szene,aina,Сцена,SCRIPT_MISMATCH,
data,hr,B1,2830,Szene,aina,Сцена,MARKER_LEAK,foreign_script
data,it,B1,2830,Szene,aina,Aina,SAME_AS_LV_CASEFOLD,casefold_only
data,lb,B1,2830,Szene,aina,Aina,SAME_AS_LV_CASEFOLD,casefold_only
data,nl,B1,2830,Szene,aina,Aina,SAME_AS_LV_CASEFOLD,casefold_only
data,pt,B1,2830,Szene,aina,Aina,SAME_AS_LV_CASEFOLD,casefold_only
data,sl,B1,2830,Szene,aina,aina,SAME_AS_LV_CASEFOLD,exact
data,bg,B1,2830,Szene,aina,Сцена,FAMILY_COPY_STRICT,bg+hr+mk+ru+sr
data,hr,B1,2830,Szene,aina,Сцена,FAMILY_COPY_STRICT,bg+hr+mk+ru+sr
data,mk,B1,2830,Szene,aina,Сцена,FAMILY_COPY_STRICT,bg+hr+mk+ru+sr
data,ru,B1,2830,Szene,aina,Сцена,FAMILY_COPY_STRICT,bg+hr+mk+ru+sr
data,sr,B1,2830,Szene,aina,Сцена,FAMILY_COPY_STRICT,bg+hr+mk+ru+sr
data,fi,B1,2830,Szene,aina,Stseen,FAMILY_COPY_STRICT,fi+is+nb+nn+sv
data,is,B1,2830,Szene,aina,Stseen,FAMILY_COPY_STRICT,fi+is+nb+nn+sv
data,nb,B1,2830,Szene,aina,Stseen,FAMILY_COPY_STRICT,fi+is+nb+nn+sv
data,nn,B1,2830,Szene,aina,Stseen,FAMILY_COPY_STRICT,fi+is+nb+nn+sv
data,sv,B1,2830,Szene,aina,Stseen,FAMILY_COPY_STRICT,fi+is+nb+nn+sv
data,it,B1,2830,Szene,aina,Aina,FAMILY_COPY_STRICT,it+lb+nl+pt
data,lb,B1,2830,Szene,aina,Aina,FAMILY_COPY_STRICT,it+lb+nl+pt
data,nl,B1,2830,Szene,aina,Aina,FAMILY_COPY_STRICT,it+lb+nl+pt
data,pt,B1,2830,Szene,aina,Aina,FAMILY_COPY_STRICT,it+lb+nl+pt
data,pl,B1,2830,Szene,aina,Scena,FAMILY_COPY_STRICT,pl+ro+sk
data,ro,B1,2830,Szene,aina,Scena,FAMILY_COPY_STRICT,pl+ro+sk
data,sk,B1,2830,Szene,aina,Scena,FAMILY_COPY_STRICT,pl+ro+sk
data,sq,B1,2830,Szene,aina,Sahne,FAMILY_COPY_STRICT,sq+tr
data,tr,B1,2830,Szene,aina,Sahne,FAMILY_COPY_STRICT,sq+tr
data,hr,B1,2831,Tabakmischung,tabakas maisījums,Тютюнева смес,SCRIPT_MISMATCH,
data,hr,B1,2831,Tabakmischung,tabakas maisījums,Тютюнева смес,MARKER_LEAK,foreign_script
data,sl,B1,2831,Tabakmischung,tabakas maisījums,tabakas maisījums,SAME_AS_LV_CASEFOLD,exact
data,sl,B1,2831,Tabakmischung,tabakas maisījums,tabakas maisījums,LV_DIACRITIC,
data,sl,B1,2831,Tabakmischung,tabakas maisījums,tabakas maisījums,MARKER_LEAK,lv_macron_consonant
data,bg,B1,2831,Tabakmischung,tabakas maisījums,Тютюнева смес,FAMILY_COPY_STRICT,bg+hr+mk+sr
data,hr,B1,2831,Tabakmischung,tabakas maisījums,Тютюнева смес,FAMILY_COPY_STRICT,bg+hr+mk+sr
data,mk,B1,2831,Tabakmischung,tabakas maisījums,Тютюнева смес,FAMILY_COPY_STRICT,bg+hr+mk+sr
data,sr,B1,2831,Tabakmischung,tabakas maisījums,Тютюнева смес,FAMILY_COPY_STRICT,bg+hr+mk+sr
data,fi,B1,2831,Tabakmischung,tabakas maisījums,Tubakasegu,FAMILY_COPY_STRICT,fi+is+nb+nn+sv
data,is,B1,2831,Tabakmischung,tabakas maisījums,Tubakasegu,FAMILY_COPY_STRICT,fi+is+nb+nn+sv
data,nb,B1,2831,Tabakmischung,tabakas maisījums,Tubakasegu,FAMILY_COPY_STRICT,fi+is+nb+nn+sv
data,nn,B1,2831,Tabakmischung,tabakas maisījums,Tubakasegu,FAMILY_COPY_STRICT,fi+is+nb+nn+sv
data,sv,B1,2831,Tabakmischung,tabakas maisījums,Tubakasegu,FAMILY_COPY_STRICT,fi+is+nb+nn+sv
data,it,B1,2831,Tabakmischung,tabakas maisījums,Een mengsel van tabak,FAMILY_COPY_STRICT,it+lb+nl
data,lb,B1,2831,Tabakmischung,tabakas maisījums,Een mengsel van tabak,FAMILY_COPY_STRICT,it+lb+nl
data,nl,B1,2831,Tabakmischung,tabakas maisījums,Een mengsel van tabak,FAMILY_COPY_STRICT,it+lb+nl
data,pl,B1,2831,Tabakmischung,tabakas maisījums,Mieszanka tytoniu,FAMILY_COPY_STRICT,pl+sk+sq+tr
data,sk,B1,2831,Tabakmischung,tabakas maisījums,Mieszanka tytoniu,FAMILY_COPY_STRICT,pl+sk+sq+tr
data,sq,B1,2831,Tabakmischung,tabakas maisījums,Mieszanka tytoniu,FAMILY_COPY_STRICT,pl+sk+sq+tr
data,tr,B1,2831,Tabakmischung,tabakas maisījums,Mieszanka tytoniu,FAMILY_COPY_STRICT,pl+sk+sq+tr
data,hr,B1,2832,Tadel,rājiens,Псувни,SCRIPT_MISMATCH,
data,hr,B1,2832,Tadel,rājiens,Псувни,MARKER_LEAK,foreign_script
data,it,B1,2832,Tadel,rājiens,Rājiens,SAME_AS_LV_CASEFOLD,casefold_only
data,it,B1,2832,Tadel,rājiens,Rājiens,LV_DIACRITIC,
data,it,B1,2832,Tadel,rājiens,Rājiens,MARKER_LEAK,lv_macron_consonant
data,lb,B1,2832,Tadel,rājiens,Rājiens,SAME_AS_LV_CASEFOLD,casefold_only
data,lb,B1,2832,Tadel,rājiens,Rājiens,LV_DIACRITIC,
data,lb,B1,2832,Tadel,rājiens,Rājiens,MARKER_LEAK,lv_macron_consonant
data,nl,B1,2832,Tadel,rājiens,Rājiens,SAME_AS_LV_CASEFOLD,casefold_only
data,nl,B1,2832,Tadel,rājiens,Rājiens,LV_DIACRITIC,
data,nl,B1,2832,Tadel,rājiens,Rājiens,MARKER_LEAK,lv_macron_consonant
data,sl,B1,2832,Tadel,rājiens,rājiens,SAME_AS_LV_CASEFOLD,exact
data,sl,B1,2832,Tadel,rājiens,rājiens,LV_DIACRITIC,
data,sl,B1,2832,Tadel,rājiens,rājiens,MARKER_LEAK,lv_macron_consonant
data,bg,B1,2832,Tadel,rājiens,Псувни,FAMILY_COPY_STRICT,bg+hr+mk+sr
data,hr,B1,2832,Tadel,rājiens,Псувни,FAMILY_COPY_STRICT,bg+hr+mk+sr
data,mk,B1,2832,Tadel,rājiens,Псувни,FAMILY_COPY_STRICT,bg+hr+mk+sr
data,sr,B1,2832,Tadel,rājiens,Псувни,FAMILY_COPY_STRICT,bg+hr+mk+sr
data,fi,B1,2832,Tadel,rājiens,Noomitus,FAMILY_COPY_STRICT,fi+is+nb+nn+sv
data,is,B1,2832,Tadel,rājiens,Noomitus,FAMILY_COPY_STRICT,fi+is+nb+nn+sv
data,nb,B1,2832,Tadel,rājiens,Noomitus,FAMILY_COPY_STRICT,fi+is+nb+nn+sv
data,nn,B1,2832,Tadel,rājiens,Noomitus,FAMILY_COPY_STRICT,fi+is+nb+nn+sv
data,sv,B1,2832,Tadel,rājiens,Noomitus,FAMILY_COPY_STRICT,fi+is+nb+nn+sv
data,it,B1,2832,Tadel,rājiens,Rājiens,FAMILY_COPY_STRICT,it+lb+nl
data,lb,B1,2832,Tadel,rājiens,Rājiens,FAMILY_COPY_STRICT,it+lb+nl
data,nl,B1,2832,Tadel,rājiens,Rājiens,FAMILY_COPY_STRICT,it+lb+nl
data,pl,B1,2832,Tadel,rājiens,Zbesztanie,FAMILY_COPY_STRICT,pl+sk+sq+tr
data,sk,B1,2832,Tadel,rājiens,Zbesztanie,FAMILY_COPY_STRICT,pl+sk+sq+tr
data,sq,B1,2832,Tadel,rājiens,Zbesztanie,FAMILY_COPY_STRICT,pl+sk+sq+tr
data,tr,B1,2832,Tadel,rājiens,Zbesztanie,FAMILY_COPY_STRICT,pl+sk+sq+tr
data,hr,B1,2833,tadellos,nevainojams,Безупречен,SCRIPT_MISMATCH,
data,hr,B1,2833,tadellos,nevainojams,Безупречен,MARKER_LEAK,foreign_script
data,it,B1,2833,tadellos,nevainojams,Nevainojams,SAME_AS_LV_CASEFOLD,casefold_only
data,lb,B1,2833,tadellos,nevainojams,Nevainojams,SAME_AS_LV_CASEFOLD,casefold_only
data,nl,B1,2833,tadellos,nevainojams,Nevainojams,SAME_AS_LV_CASEFOLD,casefold_only
data,pt,B1,2833,tadellos,nevainojams,Nevainojams,SAME_AS_LV_CASEFOLD,casefold_only
data,sl,B1,2833,tadellos,nevainojams,nevainojams,SAME_AS_LV_CASEFOLD,exact
data,bg,B1,2833,tadellos,nevainojams,Безупречен,FAMILY_COPY_STRICT,bg+hr+mk+sr
data,hr,B1,2833,tadellos,nevainojams,Безупречен,FAMILY_COPY_STRICT,bg+hr+mk+sr
data,mk,B1,2833,tadellos,nevainojams,Безупречен,FAMILY_COPY_STRICT,bg+hr+mk+sr
data,sr,B1,2833,tadellos,nevainojams,Безупречен,FAMILY_COPY_STRICT,bg+hr+mk+sr
data,fi,B1,2833,tadellos,nevainojams,Laitmatu,FAMILY_COPY_STRICT,fi+is+nb+nn+sv
data,is,B1,2833,tadellos,nevainojams,Laitmatu,FAMILY_COPY_STRICT,fi+is+nb+nn+sv
data,nb,B1,2833,tadellos,nevainojams,Laitmatu,FAMILY_COPY_STRICT,fi+is+nb+nn+sv
data,nn,B1,2833,tadellos,nevainojams,Laitmatu,FAMILY_COPY_STRICT,fi+is+nb+nn+sv
data,sv,B1,2833,tadellos,nevainojams,Laitmatu,FAMILY_COPY_STRICT,fi+is+nb+nn+sv
data,it,B1,2833,tadellos,nevainojams,Nevainojams,FAMILY_COPY_STRICT,it+lb+nl+pt
data,lb,B1,2833,tadellos,nevainojams,Nevainojams,FAMILY_COPY_STRICT,it+lb+nl+pt
data,nl,B1,2833,tadellos,nevainojams,Nevainojams,FAMILY_COPY_STRICT,it+lb+nl+pt
data,pt,B1,2833,tadellos,nevainojams,Nevainojams,FAMILY_COPY_STRICT,it+lb+nl+pt
data,pl,B1,2833,tadellos,nevainojams,Bez zarzutu,FAMILY_COPY_STRICT,pl+sk+sq+tr
data,sk,B1,2833,tadellos,nevainojams,Bez zarzutu,FAMILY_COPY_STRICT,pl+sk+sq+tr
data,sq,B1,2833,tadellos,nevainojams,Bez zarzutu,FAMILY_COPY_STRICT,pl+sk+sq+tr
data,tr,B1,2833,tadellos,nevainojams,Bez zarzutu,FAMILY_COPY_STRICT,pl+sk+sq+tr
data,hr,B1,2834,tadeln,nopelt,Победи,SCRIPT_MISMATCH,
data,hr,B1,2834,tadeln,nopelt,Победи,MARKER_LEAK,foreign_script
data,it,B1,2834,tadeln,nopelt,Nopelt,SAME_AS_LV_CASEFOLD,casefold_only
data,lb,B1,2834,tadeln,nopelt,Nopelt,SAME_AS_LV_CASEFOLD,casefold_only
data,nl,B1,2834,tadeln,nopelt,Nopelt,SAME_AS_LV_CASEFOLD,casefold_only
data,pt,B1,2834,tadeln,nopelt,Nopelt,SAME_AS_LV_CASEFOLD,casefold_only
data,sl,B1,2834,tadeln,nopelt,nopelt,SAME_AS_LV_CASEFOLD,exact
data,fi,B1,2834,tadeln,nopelt,Noomima,FAMILY_COPY_STRICT,fi+is+nb+nn+sv
data,is,B1,2834,tadeln,nopelt,Noomima,FAMILY_COPY_STRICT,fi+is+nb+nn+sv
data,nb,B1,2834,tadeln,nopelt,Noomima,FAMILY_COPY_STRICT,fi+is+nb+nn+sv
data,nn,B1,2834,tadeln,nopelt,Noomima,FAMILY_COPY_STRICT,fi+is+nb+nn+sv
data,sv,B1,2834,tadeln,nopelt,Noomima,FAMILY_COPY_STRICT,fi+is+nb+nn+sv
data,hr,B1,2834,tadeln,nopelt,Победи,FAMILY_COPY_STRICT,hr+mk+sr
data,mk,B1,2834,tadeln,nopelt,Победи,FAMILY_COPY_STRICT,hr+mk+sr
data,sr,B1,2834,tadeln,nopelt,Победи,FAMILY_COPY_STRICT,hr+mk+sr
data,it,B1,2834,tadeln,nopelt,Nopelt,FAMILY_COPY_STRICT,it+lb+nl+pt
data,lb,B1,2834,tadeln,nopelt,Nopelt,FAMILY_COPY_STRICT,it+lb+nl+pt
data,nl,B1,2834,tadeln,nopelt,Nopelt,FAMILY_COPY_STRICT,it+lb+nl+pt
data,pt,B1,2834,tadeln,nopelt,Nopelt,FAMILY_COPY_STRICT,it+lb+nl+pt
data,pl,B1,2834,tadeln,nopelt,Zarabiać,FAMILY_COPY_STRICT,pl+sk
data,sk,B1,2834,tadeln,nopelt,Zarabiać,FAMILY_COPY_STRICT,pl+sk
data,sq,B1,2834,tadeln,nopelt,Kazanmak için,FAMILY_COPY_STRICT,sq+tr
data,tr,B1,2834,tadeln,nopelt,Kazanmak için,FAMILY_COPY_STRICT,sq+tr
data,hr,B1,2835,Tagesordnung,darba kārtība,Дневен ред,SCRIPT_MISMATCH,
data,hr,B1,2835,Tagesordnung,darba kārtība,Дневен ред,MARKER_LEAK,foreign_script
data,it,B1,2835,Tagesordnung,darba kārtība,Darba kārtība,SAME_AS_LV_CASEFOLD,casefold_only
data,it,B1,2835,Tagesordnung,darba kārtība,Darba kārtība,LV_DIACRITIC,
data,it,B1,2835,Tagesordnung,darba kārtība,Darba kārtība,MARKER_LEAK,lv_macron_consonant
data,lb,B1,2835,Tagesordnung,darba kārtība,Darba kārtība,SAME_AS_LV_CASEFOLD,casefold_only
data,lb,B1,2835,Tagesordnung,darba kārtība,Darba kārtība,LV_DIACRITIC,
data,lb,B1,2835,Tagesordnung,darba kārtība,Darba kārtība,MARKER_LEAK,lv_macron_consonant
data,nl,B1,2835,Tagesordnung,darba kārtība,Darba kārtība,SAME_AS_LV_CASEFOLD,casefold_only
data,nl,B1,2835,Tagesordnung,darba kārtība,Darba kārtība,LV_DIACRITIC,
data,nl,B1,2835,Tagesordnung,darba kārtība,Darba kārtība,MARKER_LEAK,lv_macron_consonant
data,pt,B1,2835,Tagesordnung,darba kārtība,Darba kartība,LV_DIACRITIC,
data,pt,B1,2835,Tagesordnung,darba kārtība,Darba kartība,MARKER_LEAK,lv_macron_consonant
data,sk,B1,2835,Tagesordnung,darba kārtība,Porządek obrad,MARKER_LEAK,pl_lt_nasal
data,sl,B1,2835,Tagesordnung,darba kārtība,darba kārtība,SAME_AS_LV_CASEFOLD,exact
data,sl,B1,2835,Tagesordnung,darba kārtība,darba kārtība,LV_DIACRITIC,
data,sl,B1,2835,Tagesordnung,darba kārtība,darba kārtība,MARKER_LEAK,lv_macron_consonant
data,bg,B1,2835,Tagesordnung,darba kārtība,Дневен ред,FAMILY_COPY_STRICT,bg+hr+mk+sr
data,hr,B1,2835,Tagesordnung,darba kārtība,Дневен ред,FAMILY_COPY_STRICT,bg+hr+mk+sr
data,mk,B1,2835,Tagesordnung,darba kārtība,Дневен ред,FAMILY_COPY_STRICT,bg+hr+mk+sr
data,sr,B1,2835,Tagesordnung,darba kārtība,Дневен ред,FAMILY_COPY_STRICT,bg+hr+mk+sr
data,bs,B1,2835,Tagesordnung,darba kārtība,Agenda,FAMILY_COPY_STRICT,bs+cs+ro
data,cs,B1,2835,Tagesordnung,darba kārtība,Agenda,FAMILY_COPY_STRICT,bs+cs+ro
data,ro,B1,2835,Tagesordnung,darba kārtība,Agenda,FAMILY_COPY_STRICT,bs+cs+ro
data,fi,B1,2835,Tagesordnung,darba kārtība,Päevakord,FAMILY_COPY_STRICT,fi+is+nb+nn+sv
data,is,B1,2835,Tagesordnung,darba kārtība,Päevakord,FAMILY_COPY_STRICT,fi+is+nb+nn+sv
data,nb,B1,2835,Tagesordnung,darba kārtība,Päevakord,FAMILY_COPY_STRICT,fi+is+nb+nn+sv
data,nn,B1,2835,Tagesordnung,darba kārtība,Päevakord,FAMILY_COPY_STRICT,fi+is+nb+nn+sv
data,sv,B1,2835,Tagesordnung,darba kārtība,Päevakord,FAMILY_COPY_STRICT,fi+is+nb+nn+sv
data,it,B1,2835,Tagesordnung,darba kārtība,Darba kārtība,FAMILY_COPY_STRICT,it+lb+nl
data,lb,B1,2835,Tagesordnung,darba kārtība,Darba kārtība,FAMILY_COPY_STRICT,it+lb+nl
data,nl,B1,2835,Tagesordnung,darba kārtība,Darba kārtība,FAMILY_COPY_STRICT,it+lb+nl
data,pl,B1,2835,Tagesordnung,darba kārtība,Porządek obrad,FAMILY_COPY_STRICT,pl+sk
data,sk,B1,2835,Tagesordnung,darba kārtība,Porządek obrad,FAMILY_COPY_STRICT,pl+sk
data,sq,B1,2835,Tagesordnung,darba kārtība,Gündem,FAMILY_COPY_STRICT,sq+tr
data,tr,B1,2835,Tagesordnung,darba kārtība,Gündem,FAMILY_COPY_STRICT,sq+tr
data,hr,B1,2836,Tagung,sēde,Седнал,SCRIPT_MISMATCH,
data,hr,B1,2836,Tagung,sēde,Седнал,MARKER_LEAK,foreign_script
data,it,B1,2836,Tagung,sēde,Sēde,SAME_AS_LV_CASEFOLD,casefold_only
data,it,B1,2836,Tagung,sēde,Sēde,LV_DIACRITIC,
data,it,B1,2836,Tagung,sēde,Sēde,MARKER_LEAK,lv_macron_consonant
data,lb,B1,2836,Tagung,sēde,Sēde,SAME_AS_LV_CASEFOLD,casefold_only
data,lb,B1,2836,Tagung,sēde,Sēde,LV_DIACRITIC,
data,lb,B1,2836,Tagung,sēde,Sēde,MARKER_LEAK,lv_macron_consonant
data,nl,B1,2836,Tagung,sēde,Sēde,SAME_AS_LV_CASEFOLD,casefold_only
data,nl,B1,2836,Tagung,sēde,Sēde,LV_DIACRITIC,
data,nl,B1,2836,Tagung,sēde,Sēde,MARKER_LEAK,lv_macron_consonant
data,sl,B1,2836,Tagung,sēde,sēde,SAME_AS_LV_CASEFOLD,exact
data,sl,B1,2836,Tagung,sēde,sēde,LV_DIACRITIC,
data,sl,B1,2836,Tagung,sēde,sēde,MARKER_LEAK,lv_macron_consonant
data,bg,B1,2836,Tagung,sēde,Седнал,FAMILY_COPY_STRICT,bg+hr+mk+sr
data,hr,B1,2836,Tagung,sēde,Седнал,FAMILY_COPY_STRICT,bg+hr+mk+sr
data,mk,B1,2836,Tagung,sēde,Седнал,FAMILY_COPY_STRICT,bg+hr+mk+sr
data,sr,B1,2836,Tagung,sēde,Седнал,FAMILY_COPY_STRICT,bg+hr+mk+sr
data,fi,B1,2836,Tagung,sēde,Istung,FAMILY_COPY_STRICT,fi+is+nb+nn+sv
data,is,B1,2836,Tagung,sēde,Istung,FAMILY_COPY_STRICT,fi+is+nb+nn+sv
data,nb,B1,2836,Tagung,sēde,Istung,FAMILY_COPY_STRICT,fi+is+nb+nn+sv
data,nn,B1,2836,Tagung,sēde,Istung,FAMILY_COPY_STRICT,fi+is+nb+nn+sv
data,sv,B1,2836,Tagung,sēde,Istung,FAMILY_COPY_STRICT,fi+is+nb+nn+sv
data,it,B1,2836,Tagung,sēde,Sēde,FAMILY_COPY_STRICT,it+lb+nl
data,lb,B1,2836,Tagung,sēde,Sēde,FAMILY_COPY_STRICT,it+lb+nl
data,nl,B1,2836,Tagung,sēde,Sēde,FAMILY_COPY_STRICT,it+lb+nl
data,pl,B1,2836,Tagung,sēde,Posiedzenie,FAMILY_COPY_STRICT,pl+sk+sq+tr
data,sk,B1,2836,Tagung,sēde,Posiedzenie,FAMILY_COPY_STRICT,pl+sk+sq+tr
data,sq,B1,2836,Tagung,sēde,Posiedzenie,FAMILY_COPY_STRICT,pl+sk+sq+tr
data,tr,B1,2836,Tagung,sēde,Posiedzenie,FAMILY_COPY_STRICT,pl+sk+sq+tr
data,hr,B1,2837,Takt,takts,Такт,SCRIPT_MISMATCH,
data,hr,B1,2837,Takt,takts,Такт,MARKER_LEAK,foreign_script
data,it,B1,2837,Takt,takts,Takts,SAME_AS_LV_CASEFOLD,casefold_only
data,lb,B1,2837,Takt,takts,Takts,SAME_AS_LV_CASEFOLD,casefold_only
data,nl,B1,2837,Takt,takts,Takts,SAME_AS_LV_CASEFOLD,casefold_only
data,sl,B1,2837,Takt,takts,takts,SAME_AS_LV_CASEFOLD,exact
data,bg,B1,2837,Takt,takts,Такт,FAMILY_COPY_STRICT,bg+hr+mk+ru+sr
data,hr,B1,2837,Takt,takts,Такт,FAMILY_COPY_STRICT,bg+hr+mk+ru+sr
data,mk,B1,2837,Takt,takts,Такт,FAMILY_COPY_STRICT,bg+hr+mk+ru+sr
data,ru,B1,2837,Takt,takts,Такт,FAMILY_COPY_STRICT,bg+hr+mk+ru+sr
data,sr,B1,2837,Takt,takts,Такт,FAMILY_COPY_STRICT,bg+hr+mk+ru+sr
data,en,B1,2837,Takt,takts,Tact,FAMILY_COPY_STRICT,en+fr+ro
data,fr,B1,2837,Takt,takts,Tact,FAMILY_COPY_STRICT,en+fr+ro
data,ro,B1,2837,Takt,takts,Tact,FAMILY_COPY_STRICT,en+fr+ro
data,it,B1,2837,Takt,takts,Takts,FAMILY_COPY_STRICT,it+lb+nl
data,lb,B1,2837,Takt,takts,Takts,FAMILY_COPY_STRICT,it+lb+nl
data,nl,B1,2837,Takt,takts,Takts,FAMILY_COPY_STRICT,it+lb+nl
data,bs,B1,2838,Taktik,taktika,Taktika,SAME_AS_LV_CASEFOLD,casefold_only
data,cs,B1,2838,Taktik,taktika,Taktika,SAME_AS_LV_CASEFOLD,casefold_only
data,et,B1,2838,Taktik,taktika,taktika,SAME_AS_LV_CASEFOLD,exact
data,fi,B1,2838,Taktik,taktika,Taktika,SAME_AS_LV_CASEFOLD,casefold_only
data,hr,B1,2838,Taktik,taktika,Тактика,SCRIPT_MISMATCH,
data,hr,B1,2838,Taktik,taktika,Тактика,MARKER_LEAK,foreign_script
data,is,B1,2838,Taktik,taktika,Taktika,SAME_AS_LV_CASEFOLD,casefold_only
data,it,B1,2838,Taktik,taktika,Taktika,SAME_AS_LV_CASEFOLD,casefold_only
data,lb,B1,2838,Taktik,taktika,Taktika,SAME_AS_LV_CASEFOLD,casefold_only
data,lt,B1,2838,Taktik,taktika,taktika,SAME_AS_LV_CASEFOLD,exact
data,nb,B1,2838,Taktik,taktika,Taktika,SAME_AS_LV_CASEFOLD,casefold_only
data,nl,B1,2838,Taktik,taktika,Taktika,SAME_AS_LV_CASEFOLD,casefold_only
data,nn,B1,2838,Taktik,taktika,Taktika,SAME_AS_LV_CASEFOLD,casefold_only
data,sl,B1,2838,Taktik,taktika,taktika,SAME_AS_LV_CASEFOLD,exact
data,sv,B1,2838,Taktik,taktika,Taktika,SAME_AS_LV_CASEFOLD,casefold_only
data,bg,B1,2838,Taktik,taktika,Тактика,FAMILY_COPY_STRICT,bg+hr+mk+ru+sr
data,hr,B1,2838,Taktik,taktika,Тактика,FAMILY_COPY_STRICT,bg+hr+mk+ru+sr
data,mk,B1,2838,Taktik,taktika,Тактика,FAMILY_COPY_STRICT,bg+hr+mk+ru+sr
data,ru,B1,2838,Taktik,taktika,Тактика,FAMILY_COPY_STRICT,bg+hr+mk+ru+sr
data,sr,B1,2838,Taktik,taktika,Тактика,FAMILY_COPY_STRICT,bg+hr+mk+ru+sr
data,pl,B1,2838,Taktik,taktika,Taktyka,FAMILY_COPY_STRICT,pl+sk+sq+tr
data,sk,B1,2838,Taktik,taktika,Taktyka,FAMILY_COPY_STRICT,pl+sk+sq+tr
data,sq,B1,2838,Taktik,taktika,Taktyka,FAMILY_COPY_STRICT,pl+sk+sq+tr
data,tr,B1,2838,Taktik,taktika,Taktyka,FAMILY_COPY_STRICT,pl+sk+sq+tr
data,hr,B1,2839,Talent,talants,Талант,SCRIPT_MISMATCH,
data,hr,B1,2839,Talent,talants,Талант,MARKER_LEAK,foreign_script
data,lb,B1,2839,Talent,talants,Talants,SAME_AS_LV_CASEFOLD,casefold_only
data,nl,B1,2839,Talent,talants,Talants,SAME_AS_LV_CASEFOLD,casefold_only
data,sl,B1,2839,Talent,talants,talants,SAME_AS_LV_CASEFOLD,exact
data,bg,B1,2839,Talent,talants,Талант,FAMILY_COPY_STRICT,bg+hr+mk+ru+sr
data,hr,B1,2839,Talent,talants,Талант,FAMILY_COPY_STRICT,bg+hr+mk+ru+sr
data,mk,B1,2839,Talent,talants,Талант,FAMILY_COPY_STRICT,bg+hr+mk+ru+sr
data,ru,B1,2839,Talent,talants,Талант,FAMILY_COPY_STRICT,bg+hr+mk+ru+sr
data,sr,B1,2839,Talent,talants,Талант,FAMILY_COPY_STRICT,bg+hr+mk+ru+sr
data,lb,B1,2839,Talent,talants,Talants,FAMILY_COPY_STRICT,lb+nl
data,nl,B1,2839,Talent,talants,Talants,FAMILY_COPY_STRICT,lb+nl
data,sq,B1,2839,Talent,talants,Yetenek,FAMILY_COPY_STRICT,sq+tr
data,tr,B1,2839,Talent,talants,Yetenek,FAMILY_COPY_STRICT,sq+tr
data,hr,B1,2840,Tampon,tampons,Тампон,SCRIPT_MISMATCH,
data,hr,B1,2840,Tampon,tampons,Тампон,MARKER_LEAK,foreign_script
data,it,B1,2840,Tampon,tampons,Tampons,SAME_AS_LV_CASEFOLD,casefold_only
data,lb,B1,2840,Tampon,tampons,Tampons,SAME_AS_LV_CASEFOLD,casefold_only
data,nl,B1,2840,Tampon,tampons,Tampons,SAME_AS_LV_CASEFOLD,casefold_only
data,sl,B1,2840,Tampon,tampons,tampons,SAME_AS_LV_CASEFOLD,exact
data,uk,B1,2840,Tampon,tampons,tampons,SAME_AS_LV_CASEFOLD,exact
data,uk,B1,2840,Tampon,tampons,tampons,SCRIPT_MISMATCH,
data,uk,B1,2840,Tampon,tampons,tampons,MARKER_LEAK,latin_in_cyrillic
data,bg,B1,2840,Tampon,tampons,Тампон,FAMILY_COPY_STRICT,bg+hr+mk+ru+sr
data,hr,B1,2840,Tampon,tampons,Тампон,FAMILY_COPY_STRICT,bg+hr+mk+ru+sr
data,mk,B1,2840,Tampon,tampons,Тампон,FAMILY_COPY_STRICT,bg+hr+mk+ru+sr
data,ru,B1,2840,Tampon,tampons,Тампон,FAMILY_COPY_STRICT,bg+hr+mk+ru+sr
data,sr,B1,2840,Tampon,tampons,Тампон,FAMILY_COPY_STRICT,bg+hr+mk+ru+sr
data,fi,B1,2840,Tampon,tampons,Tampoon,FAMILY_COPY_STRICT,fi+is+nb+nn+sv
data,is,B1,2840,Tampon,tampons,Tampoon,FAMILY_COPY_STRICT,fi+is+nb+nn+sv
data,nb,B1,2840,Tampon,tampons,Tampoon,FAMILY_COPY_STRICT,fi+is+nb+nn+sv
data,nn,B1,2840,Tampon,tampons,Tampoon,FAMILY_COPY_STRICT,fi+is+nb+nn+sv
data,sv,B1,2840,Tampon,tampons,Tampoon,FAMILY_COPY_STRICT,fi+is+nb+nn+sv
data,it,B1,2840,Tampon,tampons,Tampons,FAMILY_COPY_STRICT,it+lb+nl
data,lb,B1,2840,Tampon,tampons,Tampons,FAMILY_COPY_STRICT,it+lb+nl
data,nl,B1,2840,Tampon,tampons,Tampons,FAMILY_COPY_STRICT,it+lb+nl
data,hr,B1,2841,Tank,tvertne,Резервоар,SCRIPT_MISMATCH,
data,hr,B1,2841,Tank,tvertne,Резервоар,MARKER_LEAK,foreign_script
data,it,B1,2841,Tank,tvertne,Tvertne,SAME_AS_LV_CASEFOLD,casefold_only
data,lb,B1,2841,Tank,tvertne,Tvertne,SAME_AS_LV_CASEFOLD,casefold_only
data,nl,B1,2841,Tank,tvertne,Tvertne,SAME_AS_LV_CASEFOLD,casefold_only
data,pt,B1,2841,Tank,tvertne,Tvertne,SAME_AS_LV_CASEFOLD,casefold_only
data,sl,B1,2841,Tank,tvertne,tvertne,SAME_AS_LV_CASEFOLD,exact
data,sq,B1,2841,Tank,tvertne,Tankı,MARKER_LEAK,tr_soft
data,bg,B1,2841,Tank,tvertne,Резервоар,FAMILY_COPY_STRICT,bg+hr+mk+sr
data,hr,B1,2841,Tank,tvertne,Резервоар,FAMILY_COPY_STRICT,bg+hr+mk+sr
data,mk,B1,2841,Tank,tvertne,Резервоар,FAMILY_COPY_STRICT,bg+hr+mk+sr
data,sr,B1,2841,Tank,tvertne,Резервоар,FAMILY_COPY_STRICT,bg+hr+mk+sr
data,fi,B1,2841,Tank,tvertne,Paak,FAMILY_COPY_STRICT,fi+is+nb+nn+sv
data,is,B1,2841,Tank,tvertne,Paak,FAMILY_COPY_STRICT,fi+is+nb+nn+sv
data,nb,B1,2841,Tank,tvertne,Paak,FAMILY_COPY_STRICT,fi+is+nb+nn+sv
data,nn,B1,2841,Tank,tvertne,Paak,FAMILY_COPY_STRICT,fi+is+nb+nn+sv
data,sv,B1,2841,Tank,tvertne,Paak,FAMILY_COPY_STRICT,fi+is+nb+nn+sv
data,it,B1,2841,Tank,tvertne,Tvertne,FAMILY_COPY_STRICT,it+lb+nl+pt
data,lb,B1,2841,Tank,tvertne,Tvertne,FAMILY_COPY_STRICT,it+lb+nl+pt
data,nl,B1,2841,Tank,tvertne,Tvertne,FAMILY_COPY_STRICT,it+lb+nl+pt
data,pt,B1,2841,Tank,tvertne,Tvertne,FAMILY_COPY_STRICT,it+lb+nl+pt
data,pl,B1,2841,Tank,tvertne,Zbiornik,FAMILY_COPY_STRICT,pl+sk
data,sk,B1,2841,Tank,tvertne,Zbiornik,FAMILY_COPY_STRICT,pl+sk
data,sq,B1,2841,Tank,tvertne,Tankı,FAMILY_COPY_STRICT,sq+tr
data,tr,B1,2841,Tank,tvertne,Tankı,FAMILY_COPY_STRICT,sq+tr
data,hr,B1,2842,tapezieren,tapsēt,Станете,SCRIPT_MISMATCH,
data,hr,B1,2842,tapezieren,tapsēt,Станете,MARKER_LEAK,foreign_script
data,it,B1,2842,tapezieren,tapsēt,Tapsēt,SAME_AS_LV_CASEFOLD,casefold_only
data,it,B1,2842,tapezieren,tapsēt,Tapsēt,LV_DIACRITIC,
data,it,B1,2842,tapezieren,tapsēt,Tapsēt,MARKER_LEAK,lv_macron_consonant
data,lb,B1,2842,tapezieren,tapsēt,Tapsēt,SAME_AS_LV_CASEFOLD,casefold_only
data,lb,B1,2842,tapezieren,tapsēt,Tapsēt,LV_DIACRITIC,
data,lb,B1,2842,tapezieren,tapsēt,Tapsēt,MARKER_LEAK,lv_macron_consonant
data,nl,B1,2842,tapezieren,tapsēt,Tapsēt,SAME_AS_LV_CASEFOLD,casefold_only
data,nl,B1,2842,tapezieren,tapsēt,Tapsēt,LV_DIACRITIC,
data,nl,B1,2842,tapezieren,tapsēt,Tapsēt,MARKER_LEAK,lv_macron_consonant
data,sl,B1,2842,tapezieren,tapsēt,tapsēt,SAME_AS_LV_CASEFOLD,exact
data,sl,B1,2842,tapezieren,tapsēt,tapsēt,LV_DIACRITIC,
data,sl,B1,2842,tapezieren,tapsēt,tapsēt,MARKER_LEAK,lv_macron_consonant
data,bg,B1,2842,tapezieren,tapsēt,Станете,FAMILY_COPY_STRICT,bg+hr+mk+sr
data,hr,B1,2842,tapezieren,tapsēt,Станете,FAMILY_COPY_STRICT,bg+hr+mk+sr
data,mk,B1,2842,tapezieren,tapsēt,Станете,FAMILY_COPY_STRICT,bg+hr+mk+sr
data,sr,B1,2842,tapezieren,tapsēt,Станете,FAMILY_COPY_STRICT,bg+hr+mk+sr
data,fi,B1,2842,tapezieren,tapsēt,Tapetseerima,FAMILY_COPY_STRICT,fi+is+nb+nn+sv
data,is,B1,2842,tapezieren,tapsēt,Tapetseerima,FAMILY_COPY_STRICT,fi+is+nb+nn+sv
data,nb,B1,2842,tapezieren,tapsēt,Tapetseerima,FAMILY_COPY_STRICT,fi+is+nb+nn+sv
data,nn,B1,2842,tapezieren,tapsēt,Tapetseerima,FAMILY_COPY_STRICT,fi+is+nb+nn+sv
data,sv,B1,2842,tapezieren,tapsēt,Tapetseerima,FAMILY_COPY_STRICT,fi+is+nb+nn+sv
data,it,B1,2842,tapezieren,tapsēt,Tapsēt,FAMILY_COPY_STRICT,it+lb+nl
data,lb,B1,2842,tapezieren,tapsēt,Tapsēt,FAMILY_COPY_STRICT,it+lb+nl
data,nl,B1,2842,tapezieren,tapsēt,Tapsēt,FAMILY_COPY_STRICT,it+lb+nl
data,hr,B1,2843,tapfer,drosmīgs,Храбар,SCRIPT_MISMATCH,
data,hr,B1,2843,tapfer,drosmīgs,Храбар,MARKER_LEAK,foreign_script
data,sl,B1,2843,tapfer,drosmīgs,drosmīgs,SAME_AS_LV_CASEFOLD,exact
data,sl,B1,2843,tapfer,drosmīgs,drosmīgs,LV_DIACRITIC,
data,sl,B1,2843,tapfer,drosmīgs,drosmīgs,MARKER_LEAK,lv_macron_consonant
data,fi,B1,2843,tapfer,drosmīgs,Vapper,FAMILY_COPY_STRICT,fi+is+nb+nn+sv
data,is,B1,2843,tapfer,drosmīgs,Vapper,FAMILY_COPY_STRICT,fi+is+nb+nn+sv
data,nb,B1,2843,tapfer,drosmīgs,Vapper,FAMILY_COPY_STRICT,fi+is+nb+nn+sv
data,nn,B1,2843,tapfer,drosmīgs,Vapper,FAMILY_COPY_STRICT,fi+is+nb+nn+sv
data,sv,B1,2843,tapfer,drosmīgs,Vapper,FAMILY_COPY_STRICT,fi+is+nb+nn+sv
data,hr,B1,2843,tapfer,drosmīgs,Храбар,FAMILY_COPY_STRICT,hr+mk+sr
data,mk,B1,2843,tapfer,drosmīgs,Храбар,FAMILY_COPY_STRICT,hr+mk+sr
data,sr,B1,2843,tapfer,drosmīgs,Храбар,FAMILY_COPY_STRICT,hr+mk+sr
data,lb,B1,2843,tapfer,drosmīgs,Moedig,FAMILY_COPY_STRICT,lb+nl
data,nl,B1,2843,tapfer,drosmīgs,Moedig,FAMILY_COPY_STRICT,lb+nl
data,sq,B1,2843,tapfer,drosmīgs,Cesur,FAMILY_COPY_STRICT,sq+tr
data,tr,B1,2843,tapfer,drosmīgs,Cesur,FAMILY_COPY_STRICT,sq+tr
data,hr,B1,2844,Tarif,tarifs,Оценете,SCRIPT_MISMATCH,
data,hr,B1,2844,Tarif,tarifs,Оценете,MARKER_LEAK,foreign_script
data,it,B1,2844,Tarif,tarifs,Tarifs,SAME_AS_LV_CASEFOLD,casefold_only
data,lb,B1,2844,Tarif,tarifs,Tarifs,SAME_AS_LV_CASEFOLD,casefold_only
data,nl,B1,2844,Tarif,tarifs,Tarifs,SAME_AS_LV_CASEFOLD,casefold_only
data,sl,B1,2844,Tarif,tarifs,tarifs,SAME_AS_LV_CASEFOLD,exact
data,bg,B1,2844,Tarif,tarifs,Оценете,FAMILY_COPY_STRICT,bg+hr+mk+sr
data,hr,B1,2844,Tarif,tarifs,Оценете,FAMILY_COPY_STRICT,bg+hr+mk+sr
data,mk,B1,2844,Tarif,tarifs,Оценете,FAMILY_COPY_STRICT,bg+hr+mk+sr
data,sr,B1,2844,Tarif,tarifs,Оценете,FAMILY_COPY_STRICT,bg+hr+mk+sr
data,bs,B1,2844,Tarif,tarifs,Tarifa,FAMILY_COPY_STRICT,bs+hu
data,hu,B1,2844,Tarif,tarifs,Tarifa,FAMILY_COPY_STRICT,bs+hu
data,fi,B1,2844,Tarif,tarifs,Tariif,FAMILY_COPY_STRICT,fi+is+nb+nn+sv
data,is,B1,2844,Tarif,tarifs,Tariif,FAMILY_COPY_STRICT,fi+is+nb+nn+sv
data,nb,B1,2844,Tarif,tarifs,Tariif,FAMILY_COPY_STRICT,fi+is+nb+nn+sv
data,nn,B1,2844,Tarif,tarifs,Tariif,FAMILY_COPY_STRICT,fi+is+nb+nn+sv
data,sv,B1,2844,Tarif,tarifs,Tariif,FAMILY_COPY_STRICT,fi+is+nb+nn+sv
data,it,B1,2844,Tarif,tarifs,Tarifs,FAMILY_COPY_STRICT,it+lb+nl
data,lb,B1,2844,Tarif,tarifs,Tarifs,FAMILY_COPY_STRICT,it+lb+nl
data,nl,B1,2844,Tarif,tarifs,Tarifs,FAMILY_COPY_STRICT,it+lb+nl
data,pl,B1,2844,Tarif,tarifs,Taryfa,FAMILY_COPY_STRICT,pl+sk+sq+tr
data,sk,B1,2844,Tarif,tarifs,Taryfa,FAMILY_COPY_STRICT,pl+sk+sq+tr
data,sq,B1,2844,Tarif,tarifs,Taryfa,FAMILY_COPY_STRICT,pl+sk+sq+tr
data,tr,B1,2844,Tarif,tarifs,Taryfa,FAMILY_COPY_STRICT,pl+sk+sq+tr
data,hr,B1,2845,tarnen,maskēt,Прикриване,SCRIPT_MISMATCH,
data,hr,B1,2845,tarnen,maskēt,Прикриване,MARKER_LEAK,foreign_script
data,it,B1,2845,tarnen,maskēt,Maskēt,SAME_AS_LV_CASEFOLD,casefold_only
data,it,B1,2845,tarnen,maskēt,Maskēt,LV_DIACRITIC,
data,it,B1,2845,tarnen,maskēt,Maskēt,MARKER_LEAK,lv_macron_consonant
data,lb,B1,2845,tarnen,maskēt,Maskēt,SAME_AS_LV_CASEFOLD,casefold_only
data,lb,B1,2845,tarnen,maskēt,Maskēt,LV_DIACRITIC,
data,lb,B1,2845,tarnen,maskēt,Maskēt,MARKER_LEAK,lv_macron_consonant
data,nl,B1,2845,tarnen,maskēt,Maskēt,SAME_AS_LV_CASEFOLD,casefold_only
data,nl,B1,2845,tarnen,maskēt,Maskēt,LV_DIACRITIC,
data,nl,B1,2845,tarnen,maskēt,Maskēt,MARKER_LEAK,lv_macron_consonant
data,sk,B1,2845,tarnen,maskēt,Przebrać się,MARKER_LEAK,pl_lt_nasal
data,sl,B1,2845,tarnen,maskēt,maskēt,SAME_AS_LV_CASEFOLD,exact
data,sl,B1,2845,tarnen,maskēt,maskēt,LV_DIACRITIC,
data,sl,B1,2845,tarnen,maskēt,maskēt,MARKER_LEAK,lv_macron_consonant
data,sq,B1,2845,tarnen,maskēt,Kıyafetleri değiştir,MARKER_LEAK,tr_soft
data,bg,B1,2845,tarnen,maskēt,Прикриване,FAMILY_COPY_STRICT,bg+hr+mk+sr
data,hr,B1,2845,tarnen,maskēt,Прикриване,FAMILY_COPY_STRICT,bg+hr+mk+sr
data,mk,B1,2845,tarnen,maskēt,Прикриване,FAMILY_COPY_STRICT,bg+hr+mk+sr
data,sr,B1,2845,tarnen,maskēt,Прикриване,FAMILY_COPY_STRICT,bg+hr+mk+sr
data,fi,B1,2845,tarnen,maskēt,Maskeerima,FAMILY_COPY_STRICT,fi+is+nb+nn+sv
data,is,B1,2845,tarnen,maskēt,Maskeerima,FAMILY_COPY_STRICT,fi+is+nb+nn+sv
data,nb,B1,2845,tarnen,maskēt,Maskeerima,FAMILY_COPY_STRICT,fi+is+nb+nn+sv
data,nn,B1,2845,tarnen,maskēt,Maskeerima,FAMILY_COPY_STRICT,fi+is+nb+nn+sv
data,sv,B1,2845,tarnen,maskēt,Maskeerima,FAMILY_COPY_STRICT,fi+is+nb+nn+sv
data,it,B1,2845,tarnen,maskēt,Maskēt,FAMILY_COPY_STRICT,it+lb+nl
data,lb,B1,2845,tarnen,maskēt,Maskēt,FAMILY_COPY_STRICT,it+lb+nl
data,nl,B1,2845,tarnen,maskēt,Maskēt,FAMILY_COPY_STRICT,it+lb+nl
data,pl,B1,2845,tarnen,maskēt,Przebrać się,FAMILY_COPY_STRICT,pl+sk
data,sk,B1,2845,tarnen,maskēt,Przebrać się,FAMILY_COPY_STRICT,pl+sk
data,sq,B1,2845,tarnen,maskēt,Kıyafetleri değiştir,FAMILY_COPY_STRICT,sq+tr
data,tr,B1,2845,tarnen,maskēt,Kıyafetleri değiştir,FAMILY_COPY_STRICT,sq+tr
data,it,B1,2846,Taste,taustiņš,Taustiņš,SAME_AS_LV_CASEFOLD,casefold_only
data,it,B1,2846,Taste,taustiņš,Taustiņš,LV_DIACRITIC,
data,it,B1,2846,Taste,taustiņš,Taustiņš,MARKER_LEAK,lv_macron_consonant
data,lb,B1,2846,Taste,taustiņš,Taustiņš,SAME_AS_LV_CASEFOLD,casefold_only
data,lb,B1,2846,Taste,taustiņš,Taustiņš,LV_DIACRITIC,
data,lb,B1,2846,Taste,taustiņš,Taustiņš,MARKER_LEAK,lv_macron_consonant
data,nl,B1,2846,Taste,taustiņš,Taustiņš,SAME_AS_LV_CASEFOLD,casefold_only
data,nl,B1,2846,Taste,taustiņš,Taustiņš,LV_DIACRITIC,
data,nl,B1,2846,Taste,taustiņš,Taustiņš,MARKER_LEAK,lv_macron_consonant
data,pt,B1,2846,Taste,taustiņš,Taustiņš,SAME_AS_LV_CASEFOLD,casefold_only
data,pt,B1,2846,Taste,taustiņš,Taustiņš,LV_DIACRITIC,
data,pt,B1,2846,Taste,taustiņš,Taustiņš,MARKER_LEAK,lv_macron_consonant
data,sl,B1,2846,Taste,taustiņš,taustiņš,SAME_AS_LV_CASEFOLD,exact
data,sl,B1,2846,Taste,taustiņš,taustiņš,LV_DIACRITIC,
data,sl,B1,2846,Taste,taustiņš,taustiņš,MARKER_LEAK,lv_macron_consonant
data,sr,B1,2846,Taste,taustiņš,Ključ,LV_DIACRITIC,
data,sr,B1,2846,Taste,taustiņš,Ključ,SCRIPT_MISMATCH,sr_as_cyrillic
data,sr,B1,2846,Taste,taustiņš,Ključ,MARKER_LEAK,latin_in_cyrillic
data,bg,B1,2846,Taste,taustiņš,Ключ,FAMILY_COPY_STRICT,bg+ru
data,ru,B1,2846,Taste,taustiņš,Ключ,FAMILY_COPY_STRICT,bg+ru
data,fi,B1,2846,Taste,taustiņš,Klahv,FAMILY_COPY_STRICT,fi+is+nb+nn+sv
data,is,B1,2846,Taste,taustiņš,Klahv,FAMILY_COPY_STRICT,fi+is+nb+nn+sv
data,nb,B1,2846,Taste,taustiņš,Klahv,FAMILY_COPY_STRICT,fi+is+nb+nn+sv
data,nn,B1,2846,Taste,taustiņš,Klahv,FAMILY_COPY_STRICT,fi+is+nb+nn+sv
data,sv,B1,2846,Taste,taustiņš,Klahv,FAMILY_COPY_STRICT,fi+is+nb+nn+sv
data,hr,B1,2846,Taste,taustiņš,Ključ,FAMILY_COPY_STRICT,hr+sr
data,sr,B1,2846,Taste,taustiņš,Ključ,FAMILY_COPY_STRICT,hr+sr
data,it,B1,2846,Taste,taustiņš,Taustiņš,FAMILY_COPY_STRICT,it+lb+nl+pt
data,lb,B1,2846,Taste,taustiņš,Taustiņš,FAMILY_COPY_STRICT,it+lb+nl+pt
data,nl,B1,2846,Taste,taustiņš,Taustiņš,FAMILY_COPY_STRICT,it+lb+nl+pt
data,pt,B1,2846,Taste,taustiņš,Taustiņš,FAMILY_COPY_STRICT,it+lb+nl+pt
data,pl,B1,2846,Taste,taustiņš,Klawisz,FAMILY_COPY_STRICT,pl+sk+sq+tr
data,sk,B1,2846,Taste,taustiņš,Klawisz,FAMILY_COPY_STRICT,pl+sk+sq+tr
data,sq,B1,2846,Taste,taustiņš,Klawisz,FAMILY_COPY_STRICT,pl+sk+sq+tr
data,tr,B1,2846,Taste,taustiņš,Klawisz,FAMILY_COPY_STRICT,pl+sk+sq+tr
data,hr,B1,2847,tasten,taustīt,Почувствайте,SCRIPT_MISMATCH,
data,hr,B1,2847,tasten,taustīt,Почувствайте,MARKER_LEAK,foreign_script
data,it,B1,2847,tasten,taustīt,Taustīt,SAME_AS_LV_CASEFOLD,casefold_only
data,it,B1,2847,tasten,taustīt,Taustīt,LV_DIACRITIC,
data,it,B1,2847,tasten,taustīt,Taustīt,MARKER_LEAK,lv_macron_consonant
data,lb,B1,2847,tasten,taustīt,Taustīt,SAME_AS_LV_CASEFOLD,casefold_only
data,lb,B1,2847,tasten,taustīt,Taustīt,LV_DIACRITIC,
data,lb,B1,2847,tasten,taustīt,Taustīt,MARKER_LEAK,lv_macron_consonant
data,nl,B1,2847,tasten,taustīt,Taustīt,SAME_AS_LV_CASEFOLD,casefold_only
data,nl,B1,2847,tasten,taustīt,Taustīt,LV_DIACRITIC,
data,nl,B1,2847,tasten,taustīt,Taustīt,MARKER_LEAK,lv_macron_consonant
data,pt,B1,2847,tasten,taustīt,Taustīt,SAME_AS_LV_CASEFOLD,casefold_only
data,pt,B1,2847,tasten,taustīt,Taustīt,LV_DIACRITIC,
data,pt,B1,2847,tasten,taustīt,Taustīt,MARKER_LEAK,lv_macron_consonant
data,sl,B1,2847,tasten,taustīt,taustīt,SAME_AS_LV_CASEFOLD,exact
data,sl,B1,2847,tasten,taustīt,taustīt,LV_DIACRITIC,
data,sl,B1,2847,tasten,taustīt,taustīt,MARKER_LEAK,lv_macron_consonant
data,bg,B1,2847,tasten,taustīt,Почувствайте,FAMILY_COPY_STRICT,bg+hr+mk+sr
data,hr,B1,2847,tasten,taustīt,Почувствайте,FAMILY_COPY_STRICT,bg+hr+mk+sr
data,mk,B1,2847,tasten,taustīt,Почувствайте,FAMILY_COPY_STRICT,bg+hr+mk+sr
data,sr,B1,2847,tasten,taustīt,Почувствайте,FAMILY_COPY_STRICT,bg+hr+mk+sr
data,fi,B1,2847,tasten,taustīt,Kompama,FAMILY_COPY_STRICT,fi+sv
data,sv,B1,2847,tasten,taustīt,Kompama,FAMILY_COPY_STRICT,fi+sv
data,is,B1,2847,tasten,taustīt,Kompa,FAMILY_COPY_STRICT,is+nb+nn
data,nb,B1,2847,tasten,taustīt,Kompa,FAMILY_COPY_STRICT,is+nb+nn
data,nn,B1,2847,tasten,taustīt,Kompa,FAMILY_COPY_STRICT,is+nb+nn
data,it,B1,2847,tasten,taustīt,Taustīt,FAMILY_COPY_STRICT,it+lb+nl+pt
data,lb,B1,2847,tasten,taustīt,Taustīt,FAMILY_COPY_STRICT,it+lb+nl+pt
data,nl,B1,2847,tasten,taustīt,Taustīt,FAMILY_COPY_STRICT,it+lb+nl+pt
data,pt,B1,2847,tasten,taustīt,Taustīt,FAMILY_COPY_STRICT,it+lb+nl+pt
data,pl,B1,2847,tasten,taustīt,Czuć,FAMILY_COPY_STRICT,pl+sk+sq+tr
data,sk,B1,2847,tasten,taustīt,Czuć,FAMILY_COPY_STRICT,pl+sk+sq+tr
data,sq,B1,2847,tasten,taustīt,Czuć,FAMILY_COPY_STRICT,pl+sk+sq+tr
data,tr,B1,2847,tasten,taustīt,Czuć,FAMILY_COPY_STRICT,pl+sk+sq+tr
data,hr,B1,2848,Tat,rīcība,Акција,SCRIPT_MISMATCH,
data,hr,B1,2848,Tat,rīcība,Акција,MARKER_LEAK,foreign_script
data,it,B1,2848,Tat,rīcība,Rīcība,SAME_AS_LV_CASEFOLD,casefold_only
data,it,B1,2848,Tat,rīcība,Rīcība,LV_DIACRITIC,
data,it,B1,2848,Tat,rīcība,Rīcība,MARKER_LEAK,lv_macron_consonant
data,lb,B1,2848,Tat,rīcība,Rīcība,SAME_AS_LV_CASEFOLD,casefold_only
data,lb,B1,2848,Tat,rīcība,Rīcība,LV_DIACRITIC,
data,lb,B1,2848,Tat,rīcība,Rīcība,MARKER_LEAK,lv_macron_consonant
data,nl,B1,2848,Tat,rīcība,Rīcība,SAME_AS_LV_CASEFOLD,casefold_only
data,nl,B1,2848,Tat,rīcība,Rīcība,LV_DIACRITIC,
data,nl,B1,2848,Tat,rīcība,Rīcība,MARKER_LEAK,lv_macron_consonant
data,pt,B1,2848,Tat,rīcība,Rīciba,LV_DIACRITIC,
data,pt,B1,2848,Tat,rīcība,Rīciba,MARKER_LEAK,lv_macron_consonant
data,sk,B1,2848,Tat,rīcība,Działanie,MARKER_LEAK,pl_l_s_z
data,sl,B1,2848,Tat,rīcība,rīcība,SAME_AS_LV_CASEFOLD,exact
data,sl,B1,2848,Tat,rīcība,rīcība,LV_DIACRITIC,
data,sl,B1,2848,Tat,rīcība,rīcība,MARKER_LEAK,lv_macron_consonant
data,bg,B1,2848,Tat,rīcība,Действие,FAMILY_COPY_STRICT,bg+ru
data,ru,B1,2848,Tat,rīcība,Действие,FAMILY_COPY_STRICT,bg+ru
data,bs,B1,2848,Tat,rīcība,Čin,FAMILY_COPY_STRICT,bs+cs
data,cs,B1,2848,Tat,rīcība,Čin,FAMILY_COPY_STRICT,bs+cs
data,en,B1,2848,Tat,rīcība,Action,FAMILY_COPY_STRICT,en+fr
data,fr,B1,2848,Tat,rīcība,Action,FAMILY_COPY_STRICT,en+fr
data,fi,B1,2848,Tat,rīcība,Tegu,FAMILY_COPY_STRICT,fi+is+nb+nn+sv
data,is,B1,2848,Tat,rīcība,Tegu,FAMILY_COPY_STRICT,fi+is+nb+nn+sv
data,nb,B1,2848,Tat,rīcība,Tegu,FAMILY_COPY_STRICT,fi+is+nb+nn+sv
data,nn,B1,2848,Tat,rīcība,Tegu,FAMILY_COPY_STRICT,fi+is+nb+nn+sv
data,sv,B1,2848,Tat,rīcība,Tegu,FAMILY_COPY_STRICT,fi+is+nb+nn+sv
data,hr,B1,2848,Tat,rīcība,Акција,FAMILY_COPY_STRICT,hr+mk+sr
data,mk,B1,2848,Tat,rīcība,Акција,FAMILY_COPY_STRICT,hr+mk+sr
data,sr,B1,2848,Tat,rīcība,Акција,FAMILY_COPY_STRICT,hr+mk+sr
data,it,B1,2848,Tat,rīcība,Rīcība,FAMILY_COPY_STRICT,it+lb+nl
data,lb,B1,2848,Tat,rīcība,Rīcība,FAMILY_COPY_STRICT,it+lb+nl
data,nl,B1,2848,Tat,rīcība,Rīcība,FAMILY_COPY_STRICT,it+lb+nl
data,pl,B1,2848,Tat,rīcība,Działanie,FAMILY_COPY_STRICT,pl+sk
data,sk,B1,2848,Tat,rīcība,Działanie,FAMILY_COPY_STRICT,pl+sk
data,sq,B1,2848,Tat,rīcība,Aksiyon,FAMILY_COPY_STRICT,sq+tr
data,tr,B1,2848,Tat,rīcība,Aksiyon,FAMILY_COPY_STRICT,sq+tr
data,hr,B1,2849,Täter,noziedznieks,Криминален,SCRIPT_MISMATCH,
data,hr,B1,2849,Täter,noziedznieks,Криминален,MARKER_LEAK,foreign_script
data,it,B1,2849,Täter,noziedznieks,Noziedznieks,SAME_AS_LV_CASEFOLD,casefold_only
data,lb,B1,2849,Täter,noziedznieks,Noziedznieks,SAME_AS_LV_CASEFOLD,casefold_only
data,nl,B1,2849,Täter,noziedznieks,Noziedznieks,SAME_AS_LV_CASEFOLD,casefold_only
data,pt,B1,2849,Täter,noziedznieks,Noziedznieks,SAME_AS_LV_CASEFOLD,casefold_only
data,sk,B1,2849,Täter,noziedznieks,Przestępca,MARKER_LEAK,pl_lt_nasal
data,sl,B1,2849,Täter,noziedznieks,noziedznieks,SAME_AS_LV_CASEFOLD,exact
data,bg,B1,2849,Täter,noziedznieks,Криминален,FAMILY_COPY_STRICT,bg+hr+mk+sr
data,hr,B1,2849,Täter,noziedznieks,Криминален,FAMILY_COPY_STRICT,bg+hr+mk+sr
data,mk,B1,2849,Täter,noziedznieks,Криминален,FAMILY_COPY_STRICT,bg+hr+mk+sr
data,sr,B1,2849,Täter,noziedznieks,Криминален,FAMILY_COPY_STRICT,bg+hr+mk+sr
data,fi,B1,2849,Täter,noziedznieks,Kurjategija,FAMILY_COPY_STRICT,fi+is+nb+nn+sv
data,is,B1,2849,Täter,noziedznieks,Kurjategija,FAMILY_COPY_STRICT,fi+is+nb+nn+sv
data,nb,B1,2849,Täter,noziedznieks,Kurjategija,FAMILY_COPY_STRICT,fi+is+nb+nn+sv
data,nn,B1,2849,Täter,noziedznieks,Kurjategija,FAMILY_COPY_STRICT,fi+is+nb+nn+sv
data,sv,B1,2849,Täter,noziedznieks,Kurjategija,FAMILY_COPY_STRICT,fi+is+nb+nn+sv
data,it,B1,2849,Täter,noziedznieks,Noziedznieks,FAMILY_COPY_STRICT,it+lb+nl+pt
data,lb,B1,2849,Täter,noziedznieks,Noziedznieks,FAMILY_COPY_STRICT,it+lb+nl+pt
data,nl,B1,2849,Täter,noziedznieks,Noziedznieks,FAMILY_COPY_STRICT,it+lb+nl+pt
data,pt,B1,2849,Täter,noziedznieks,Noziedznieks,FAMILY_COPY_STRICT,it+lb+nl+pt
data,pl,B1,2849,Täter,noziedznieks,Przestępca,FAMILY_COPY_STRICT,pl+sk
data,sk,B1,2849,Täter,noziedznieks,Przestępca,FAMILY_COPY_STRICT,pl+sk
data,sq,B1,2849,Täter,noziedznieks,Suçlu,FAMILY_COPY_STRICT,sq+tr
data,tr,B1,2849,Täter,noziedznieks,Suçlu,FAMILY_COPY_STRICT,sq+tr
data,hr,B1,2850,tätig,aktīvs,Активен,SCRIPT_MISMATCH,
data,hr,B1,2850,tätig,aktīvs,Активен,MARKER_LEAK,foreign_script
data,it,B1,2850,tätig,aktīvs,Aktīvs,SAME_AS_LV_CASEFOLD,casefold_only
data,it,B1,2850,tätig,aktīvs,Aktīvs,LV_DIACRITIC,
data,it,B1,2850,tätig,aktīvs,Aktīvs,MARKER_LEAK,lv_macron_consonant
data,lb,B1,2850,tätig,aktīvs,Aktīvs,SAME_AS_LV_CASEFOLD,casefold_only
data,lb,B1,2850,tätig,aktīvs,Aktīvs,LV_DIACRITIC,
data,lb,B1,2850,tätig,aktīvs,Aktīvs,MARKER_LEAK,lv_macron_consonant
data,nl,B1,2850,tätig,aktīvs,Aktīvs,SAME_AS_LV_CASEFOLD,casefold_only
data,nl,B1,2850,tätig,aktīvs,Aktīvs,LV_DIACRITIC,
data,nl,B1,2850,tätig,aktīvs,Aktīvs,MARKER_LEAK,lv_macron_consonant
data,sl,B1,2850,tätig,aktīvs,aktīvs,SAME_AS_LV_CASEFOLD,exact
data,sl,B1,2850,tätig,aktīvs,aktīvs,LV_DIACRITIC,
data,sl,B1,2850,tätig,aktīvs,aktīvs,MARKER_LEAK,lv_macron_consonant
data,bg,B1,2850,tätig,aktīvs,Активен,FAMILY_COPY_STRICT,bg+hr+mk+sr
data,hr,B1,2850,tätig,aktīvs,Активен,FAMILY_COPY_STRICT,bg+hr+mk+sr
data,mk,B1,2850,tätig,aktīvs,Активен,FAMILY_COPY_STRICT,bg+hr+mk+sr
data,sr,B1,2850,tätig,aktīvs,Активен,FAMILY_COPY_STRICT,bg+hr+mk+sr
data,fi,B1,2850,tätig,aktīvs,Aktiivne,FAMILY_COPY_STRICT,fi+is+nb+nn+sv
data,is,B1,2850,tätig,aktīvs,Aktiivne,FAMILY_COPY_STRICT,fi+is+nb+nn+sv
data,nb,B1,2850,tätig,aktīvs,Aktiivne,FAMILY_COPY_STRICT,fi+is+nb+nn+sv
data,nn,B1,2850,tätig,aktīvs,Aktiivne,FAMILY_COPY_STRICT,fi+is+nb+nn+sv
data,sv,B1,2850,tätig,aktīvs,Aktiivne,FAMILY_COPY_STRICT,fi+is+nb+nn+sv
data,it,B1,2850,tätig,aktīvs,Aktīvs,FAMILY_COPY_STRICT,it+lb+nl
data,lb,B1,2850,tätig,aktīvs,Aktīvs,FAMILY_COPY_STRICT,it+lb+nl
data,nl,B1,2850,tätig,aktīvs,Aktīvs,FAMILY_COPY_STRICT,it+lb+nl
data,pl,B1,2850,tätig,aktīvs,Aktywny,FAMILY_COPY_STRICT,pl+sk+sq+tr
data,sk,B1,2850,tätig,aktīvs,Aktywny,FAMILY_COPY_STRICT,pl+sk+sq+tr
data,sq,B1,2850,tätig,aktīvs,Aktywny,FAMILY_COPY_STRICT,pl+sk+sq+tr
data,tr,B1,2850,tätig,aktīvs,Aktywny,FAMILY_COPY_STRICT,pl+sk+sq+tr
data,hr,B1,2851,Tätigkeit,darbība,Акција,SCRIPT_MISMATCH,
data,hr,B1,2851,Tätigkeit,darbība,Акција,MARKER_LEAK,foreign_script
data,it,B1,2851,Tätigkeit,darbība,Darbība,SAME_AS_LV_CASEFOLD,casefold_only
data,it,B1,2851,Tätigkeit,darbība,Darbība,LV_DIACRITIC,
data,it,B1,2851,Tätigkeit,darbība,Darbība,MARKER_LEAK,lv_macron_consonant
data,lb,B1,2851,Tätigkeit,darbība,Darbība,SAME_AS_LV_CASEFOLD,casefold_only
data,lb,B1,2851,Tätigkeit,darbība,Darbība,LV_DIACRITIC,
data,lb,B1,2851,Tätigkeit,darbība,Darbība,MARKER_LEAK,lv_macron_consonant
data,nl,B1,2851,Tätigkeit,darbība,Darbība,SAME_AS_LV_CASEFOLD,casefold_only
data,nl,B1,2851,Tätigkeit,darbība,Darbība,LV_DIACRITIC,
data,nl,B1,2851,Tätigkeit,darbība,Darbība,MARKER_LEAK,lv_macron_consonant
data,sk,B1,2851,Tätigkeit,darbība,Działanie,MARKER_LEAK,pl_l_s_z
data,sl,B1,2851,Tätigkeit,darbība,darbība,SAME_AS_LV_CASEFOLD,exact
data,sl,B1,2851,Tätigkeit,darbība,darbība,LV_DIACRITIC,
data,sl,B1,2851,Tätigkeit,darbība,darbība,MARKER_LEAK,lv_macron_consonant
data,bg,B1,2851,Tätigkeit,darbība,Действие,FAMILY_COPY_STRICT,bg+ru
data,ru,B1,2851,Tätigkeit,darbība,Действие,FAMILY_COPY_STRICT,bg+ru
data,da,B1,2851,Tätigkeit,darbība,Handling,FAMILY_COPY_STRICT,da+is+nb+nn
data,is,B1,2851,Tätigkeit,darbība,Handling,FAMILY_COPY_STRICT,da+is+nb+nn
data,nb,B1,2851,Tätigkeit,darbība,Handling,FAMILY_COPY_STRICT,da+is+nb+nn
data,nn,B1,2851,Tätigkeit,darbība,Handling,FAMILY_COPY_STRICT,da+is+nb+nn
data,en,B1,2851,Tätigkeit,darbība,Action,FAMILY_COPY_STRICT,en+fr
data,fr,B1,2851,Tätigkeit,darbība,Action,FAMILY_COPY_STRICT,en+fr
data,fi,B1,2851,Tätigkeit,darbība,Tegevus,FAMILY_COPY_STRICT,fi+sv
data,sv,B1,2851,Tätigkeit,darbība,Tegevus,FAMILY_COPY_STRICT,fi+sv
data,hr,B1,2851,Tätigkeit,darbība,Акција,FAMILY_COPY_STRICT,hr+mk+sr
data,mk,B1,2851,Tätigkeit,darbība,Акција,FAMILY_COPY_STRICT,hr+mk+sr
data,sr,B1,2851,Tätigkeit,darbība,Акција,FAMILY_COPY_STRICT,hr+mk+sr
data,it,B1,2851,Tätigkeit,darbība,Darbība,FAMILY_COPY_STRICT,it+lb+nl
data,lb,B1,2851,Tätigkeit,darbība,Darbība,FAMILY_COPY_STRICT,it+lb+nl
data,nl,B1,2851,Tätigkeit,darbība,Darbība,FAMILY_COPY_STRICT,it+lb+nl
data,pl,B1,2851,Tätigkeit,darbība,Działanie,FAMILY_COPY_STRICT,pl+sk
data,sk,B1,2851,Tätigkeit,darbība,Działanie,FAMILY_COPY_STRICT,pl+sk
data,sq,B1,2851,Tätigkeit,darbība,Aksiyon,FAMILY_COPY_STRICT,sq+tr
data,tr,B1,2851,Tätigkeit,darbība,Aksiyon,FAMILY_COPY_STRICT,sq+tr
data,hr,B1,2852,Tatort,nozieguma vieta,Местопрестъплението,SCRIPT_MISMATCH,
data,hr,B1,2852,Tatort,nozieguma vieta,Местопрестъплението,MARKER_LEAK,foreign_script
data,it,B1,2852,Tatort,nozieguma vieta,Nozieguma vieta,SAME_AS_LV_CASEFOLD,casefold_only
data,lb,B1,2852,Tatort,nozieguma vieta,Nozieguma vieta,SAME_AS_LV_CASEFOLD,casefold_only
data,nl,B1,2852,Tatort,nozieguma vieta,Nozieguma vieta,SAME_AS_LV_CASEFOLD,casefold_only
data,sl,B1,2852,Tatort,nozieguma vieta,nozieguma vieta,SAME_AS_LV_CASEFOLD,exact
data,bg,B1,2852,Tatort,nozieguma vieta,Местопрестъплението,FAMILY_COPY_STRICT,bg+hr+mk+sr
data,hr,B1,2852,Tatort,nozieguma vieta,Местопрестъплението,FAMILY_COPY_STRICT,bg+hr+mk+sr
data,mk,B1,2852,Tatort,nozieguma vieta,Местопрестъплението,FAMILY_COPY_STRICT,bg+hr+mk+sr
data,sr,B1,2852,Tatort,nozieguma vieta,Местопрестъплението,FAMILY_COPY_STRICT,bg+hr+mk+sr
data,fi,B1,2852,Tatort,nozieguma vieta,Kuriteopaik,FAMILY_COPY_STRICT,fi+is+nb+nn+sv
data,is,B1,2852,Tatort,nozieguma vieta,Kuriteopaik,FAMILY_COPY_STRICT,fi+is+nb+nn+sv
data,nb,B1,2852,Tatort,nozieguma vieta,Kuriteopaik,FAMILY_COPY_STRICT,fi+is+nb+nn+sv
data,nn,B1,2852,Tatort,nozieguma vieta,Kuriteopaik,FAMILY_COPY_STRICT,fi+is+nb+nn+sv
data,sv,B1,2852,Tatort,nozieguma vieta,Kuriteopaik,FAMILY_COPY_STRICT,fi+is+nb+nn+sv
data,it,B1,2852,Tatort,nozieguma vieta,Nozieguma vieta,FAMILY_COPY_STRICT,it+lb+nl
data,lb,B1,2852,Tatort,nozieguma vieta,Nozieguma vieta,FAMILY_COPY_STRICT,it+lb+nl
data,nl,B1,2852,Tatort,nozieguma vieta,Nozieguma vieta,FAMILY_COPY_STRICT,it+lb+nl
data,pl,B1,2852,Tatort,nozieguma vieta,Miejsce zbrodni,FAMILY_COPY_STRICT,pl+sk+sq+tr
data,sk,B1,2852,Tatort,nozieguma vieta,Miejsce zbrodni,FAMILY_COPY_STRICT,pl+sk+sq+tr
data,sq,B1,2852,Tatort,nozieguma vieta,Miejsce zbrodni,FAMILY_COPY_STRICT,pl+sk+sq+tr
data,tr,B1,2852,Tatort,nozieguma vieta,Miejsce zbrodni,FAMILY_COPY_STRICT,pl+sk+sq+tr
data,hr,B1,2853,Tatsache,fakts,Факт,SCRIPT_MISMATCH,
data,hr,B1,2853,Tatsache,fakts,Факт,MARKER_LEAK,foreign_script
data,lb,B1,2853,Tatsache,fakts,Fakts,SAME_AS_LV_CASEFOLD,casefold_only
data,nl,B1,2853,Tatsache,fakts,Fakts,SAME_AS_LV_CASEFOLD,casefold_only
data,sl,B1,2853,Tatsache,fakts,fakts,SAME_AS_LV_CASEFOLD,exact
data,bg,B1,2853,Tatsache,fakts,Факт,FAMILY_COPY_STRICT,bg+hr+mk+ru+sr
data,hr,B1,2853,Tatsache,fakts,Факт,FAMILY_COPY_STRICT,bg+hr+mk+ru+sr
data,mk,B1,2853,Tatsache,fakts,Факт,FAMILY_COPY_STRICT,bg+hr+mk+ru+sr
data,ru,B1,2853,Tatsache,fakts,Факт,FAMILY_COPY_STRICT,bg+hr+mk+ru+sr
data,sr,B1,2853,Tatsache,fakts,Факт,FAMILY_COPY_STRICT,bg+hr+mk+ru+sr
data,lb,B1,2853,Tatsache,fakts,Fakts,FAMILY_COPY_STRICT,lb+nl
data,nl,B1,2853,Tatsache,fakts,Fakts,FAMILY_COPY_STRICT,lb+nl
data,hr,B1,2854,tatsächlich,patiesībā,Всъщност,SCRIPT_MISMATCH,
data,hr,B1,2854,tatsächlich,patiesībā,Всъщност,MARKER_LEAK,foreign_script
data,lb,B1,2854,tatsächlich,patiesībā,Patiesībā,SAME_AS_LV_CASEFOLD,casefold_only
data,lb,B1,2854,tatsächlich,patiesībā,Patiesībā,LV_DIACRITIC,
data,lb,B1,2854,tatsächlich,patiesībā,Patiesībā,MARKER_LEAK,lv_macron_consonant
data,nl,B1,2854,tatsächlich,patiesībā,Patiesībā,SAME_AS_LV_CASEFOLD,casefold_only
data,nl,B1,2854,tatsächlich,patiesībā,Patiesībā,LV_DIACRITIC,
data,nl,B1,2854,tatsächlich,patiesībā,Patiesībā,MARKER_LEAK,lv_macron_consonant
data,sl,B1,2854,tatsächlich,patiesībā,patiesībā,SAME_AS_LV_CASEFOLD,exact
data,sl,B1,2854,tatsächlich,patiesībā,patiesībā,LV_DIACRITIC,
data,sl,B1,2854,tatsächlich,patiesībā,patiesībā,MARKER_LEAK,lv_macron_consonant
data,sq,B1,2854,tatsächlich,patiesībā,Aslında,MARKER_LEAK,tr_soft
data,bg,B1,2854,tatsächlich,patiesībā,Всъщност,FAMILY_COPY_STRICT,bg+hr+mk+sr
data,hr,B1,2854,tatsächlich,patiesībā,Всъщност,FAMILY_COPY_STRICT,bg+hr+mk+sr
data,mk,B1,2854,tatsächlich,patiesībā,Всъщност,FAMILY_COPY_STRICT,bg+hr+mk+sr
data,sr,B1,2854,tatsächlich,patiesībā,Всъщност,FAMILY_COPY_STRICT,bg+hr+mk+sr
data,da,B1,2854,tatsächlich,patiesībā,Faktisk,FAMILY_COPY_STRICT,da+is+nb+nn
data,is,B1,2854,tatsächlich,patiesībā,Faktisk,FAMILY_COPY_STRICT,da+is+nb+nn
data,nb,B1,2854,tatsächlich,patiesībā,Faktisk,FAMILY_COPY_STRICT,da+is+nb+nn
data,nn,B1,2854,tatsächlich,patiesībā,Faktisk,FAMILY_COPY_STRICT,da+is+nb+nn
data,fi,B1,2854,tatsächlich,patiesībā,Tegelikult,FAMILY_COPY_STRICT,fi+sv
data,sv,B1,2854,tatsächlich,patiesībā,Tegelikult,FAMILY_COPY_STRICT,fi+sv
data,it,B1,2854,tatsächlich,patiesībā,Patiesiba,FAMILY_COPY_STRICT,it+pt
data,pt,B1,2854,tatsächlich,patiesībā,Patiesiba,FAMILY_COPY_STRICT,it+pt
data,lb,B1,2854,tatsächlich,patiesībā,Patiesībā,FAMILY_COPY_STRICT,lb+nl
data,nl,B1,2854,tatsächlich,patiesībā,Patiesībā,FAMILY_COPY_STRICT,lb+nl
data,sq,B1,2854,tatsächlich,patiesībā,Aslında,FAMILY_COPY_STRICT,sq+tr
data,tr,B1,2854,tatsächlich,patiesībā,Aslında,FAMILY_COPY_STRICT,sq+tr
data,hr,B1,2855,Tatze,ķepa,Лапа,SCRIPT_MISMATCH,
data,hr,B1,2855,Tatze,ķepa,Лапа,MARKER_LEAK,foreign_script
data,it,B1,2855,Tatze,ķepa,Ķepa,SAME_AS_LV_CASEFOLD,casefold_only
data,it,B1,2855,Tatze,ķepa,Ķepa,LV_DIACRITIC,
data,it,B1,2855,Tatze,ķepa,Ķepa,MARKER_LEAK,lv_macron_consonant
data,lb,B1,2855,Tatze,ķepa,Ķepa,SAME_AS_LV_CASEFOLD,casefold_only
data,lb,B1,2855,Tatze,ķepa,Ķepa,LV_DIACRITIC,
data,lb,B1,2855,Tatze,ķepa,Ķepa,MARKER_LEAK,lv_macron_consonant
data,nl,B1,2855,Tatze,ķepa,Ķepa,SAME_AS_LV_CASEFOLD,casefold_only
data,nl,B1,2855,Tatze,ķepa,Ķepa,LV_DIACRITIC,
data,nl,B1,2855,Tatze,ķepa,Ķepa,MARKER_LEAK,lv_macron_consonant
data,pt,B1,2855,Tatze,ķepa,Ķepa,SAME_AS_LV_CASEFOLD,casefold_only
data,pt,B1,2855,Tatze,ķepa,Ķepa,LV_DIACRITIC,
data,pt,B1,2855,Tatze,ķepa,Ķepa,MARKER_LEAK,lv_macron_consonant
data,sk,B1,2855,Tatze,ķepa,Łapa,MARKER_LEAK,pl_l_s_z
data,sl,B1,2855,Tatze,ķepa,ķepa,SAME_AS_LV_CASEFOLD,exact
data,sl,B1,2855,Tatze,ķepa,ķepa,LV_DIACRITIC,
data,sl,B1,2855,Tatze,ķepa,ķepa,MARKER_LEAK,lv_macron_consonant
data,sq,B1,2855,Tatze,ķepa,Łapa,MARKER_LEAK,pl_l_s_z
data,tr,B1,2855,Tatze,ķepa,Łapa,MARKER_LEAK,pl_l_s_z
data,bg,B1,2855,Tatze,ķepa,Лапа,FAMILY_COPY_STRICT,bg+hr+mk+ru+sr
data,hr,B1,2855,Tatze,ķepa,Лапа,FAMILY_COPY_STRICT,bg+hr+mk+ru+sr
data,mk,B1,2855,Tatze,ķepa,Лапа,FAMILY_COPY_STRICT,bg+hr+mk+ru+sr
data,ru,B1,2855,Tatze,ķepa,Лапа,FAMILY_COPY_STRICT,bg+hr+mk+ru+sr
data,sr,B1,2855,Tatze,ķepa,Лапа,FAMILY_COPY_STRICT,bg+hr+mk+ru+sr
data,fi,B1,2855,Tatze,ķepa,Käpp,FAMILY_COPY_STRICT,fi+is+nb+nn+sv
data,is,B1,2855,Tatze,ķepa,Käpp,FAMILY_COPY_STRICT,fi+is+nb+nn+sv
data,nb,B1,2855,Tatze,ķepa,Käpp,FAMILY_COPY_STRICT,fi+is+nb+nn+sv
data,nn,B1,2855,Tatze,ķepa,Käpp,FAMILY_COPY_STRICT,fi+is+nb+nn+sv
data,sv,B1,2855,Tatze,ķepa,Käpp,FAMILY_COPY_STRICT,fi+is+nb+nn+sv
data,it,B1,2855,Tatze,ķepa,Ķepa,FAMILY_COPY_STRICT,it+lb+nl+pt
data,lb,B1,2855,Tatze,ķepa,Ķepa,FAMILY_COPY_STRICT,it+lb+nl+pt
data,nl,B1,2855,Tatze,ķepa,Ķepa,FAMILY_COPY_STRICT,it+lb+nl+pt
data,pt,B1,2855,Tatze,ķepa,Ķepa,FAMILY_COPY_STRICT,it+lb+nl+pt
data,pl,B1,2855,Tatze,ķepa,Łapa,FAMILY_COPY_STRICT,pl+sk+sq+tr
data,sk,B1,2855,Tatze,ķepa,Łapa,FAMILY_COPY_STRICT,pl+sk+sq+tr
data,sq,B1,2855,Tatze,ķepa,Łapa,FAMILY_COPY_STRICT,pl+sk+sq+tr
data,tr,B1,2855,Tatze,ķepa,Łapa,FAMILY_COPY_STRICT,pl+sk+sq+tr
data,hr,B1,2856,Tau,rasa,Роса,SCRIPT_MISMATCH,
data,hr,B1,2856,Tau,rasa,Роса,MARKER_LEAK,foreign_script
data,it,B1,2856,Tau,rasa,Rasa,SAME_AS_LV_CASEFOLD,casefold_only
data,lb,B1,2856,Tau,rasa,Rasa,SAME_AS_LV_CASEFOLD,casefold_only
data,lt,B1,2856,Tau,rasa,rasa,SAME_AS_LV_CASEFOLD,exact
data,nl,B1,2856,Tau,rasa,Rasa,SAME_AS_LV_CASEFOLD,casefold_only
data,pt,B1,2856,Tau,rasa,Rasa,SAME_AS_LV_CASEFOLD,casefold_only
data,sl,B1,2856,Tau,rasa,rasa,SAME_AS_LV_CASEFOLD,exact
data,bg,B1,2856,Tau,rasa,Роса,FAMILY_COPY_STRICT,bg+hr+mk+ru+sr
data,hr,B1,2856,Tau,rasa,Роса,FAMILY_COPY_STRICT,bg+hr+mk+ru+sr
data,mk,B1,2856,Tau,rasa,Роса,FAMILY_COPY_STRICT,bg+hr+mk+ru+sr
data,ru,B1,2856,Tau,rasa,Роса,FAMILY_COPY_STRICT,bg+hr+mk+ru+sr
data,sr,B1,2856,Tau,rasa,Роса,FAMILY_COPY_STRICT,bg+hr+mk+ru+sr
data,fi,B1,2856,Tau,rasa,Kaste,FAMILY_COPY_STRICT,fi+is+nb+nn+sv
data,is,B1,2856,Tau,rasa,Kaste,FAMILY_COPY_STRICT,fi+is+nb+nn+sv
data,nb,B1,2856,Tau,rasa,Kaste,FAMILY_COPY_STRICT,fi+is+nb+nn+sv
data,nn,B1,2856,Tau,rasa,Kaste,FAMILY_COPY_STRICT,fi+is+nb+nn+sv
data,sv,B1,2856,Tau,rasa,Kaste,FAMILY_COPY_STRICT,fi+is+nb+nn+sv
data,it,B1,2856,Tau,rasa,Rasa,FAMILY_COPY_STRICT,it+lb+nl+pt
data,lb,B1,2856,Tau,rasa,Rasa,FAMILY_COPY_STRICT,it+lb+nl+pt
data,nl,B1,2856,Tau,rasa,Rasa,FAMILY_COPY_STRICT,it+lb+nl+pt
data,pt,B1,2856,Tau,rasa,Rasa,FAMILY_COPY_STRICT,it+lb+nl+pt
data,hr,B1,2857,Tau,kuģa tauva,Корабен влекач,SCRIPT_MISMATCH,
data,hr,B1,2857,Tau,kuģa tauva,Корабен влекач,MARKER_LEAK,foreign_script
data,it,B1,2857,Tau,kuģa tauva,Kuģa tauva,SAME_AS_LV_CASEFOLD,casefold_only
data,it,B1,2857,Tau,kuģa tauva,Kuģa tauva,LV_DIACRITIC,
data,it,B1,2857,Tau,kuģa tauva,Kuģa tauva,MARKER_LEAK,lv_macron_consonant
data,lb,B1,2857,Tau,kuģa tauva,Kuģa tauva,SAME_AS_LV_CASEFOLD,casefold_only
data,lb,B1,2857,Tau,kuģa tauva,Kuģa tauva,LV_DIACRITIC,
data,lb,B1,2857,Tau,kuģa tauva,Kuģa tauva,MARKER_LEAK,lv_macron_consonant
data,nl,B1,2857,Tau,kuģa tauva,Kuģa tauva,SAME_AS_LV_CASEFOLD,casefold_only
data,nl,B1,2857,Tau,kuģa tauva,Kuģa tauva,LV_DIACRITIC,
data,nl,B1,2857,Tau,kuģa tauva,Kuģa tauva,MARKER_LEAK,lv_macron_consonant
data,pt,B1,2857,Tau,kuģa tauva,Kuģa tauva,SAME_AS_LV_CASEFOLD,casefold_only
data,pt,B1,2857,Tau,kuģa tauva,Kuģa tauva,LV_DIACRITIC,
data,pt,B1,2857,Tau,kuģa tauva,Kuģa tauva,MARKER_LEAK,lv_macron_consonant
data,sl,B1,2857,Tau,kuģa tauva,kuģa tauva,SAME_AS_LV_CASEFOLD,exact
data,sl,B1,2857,Tau,kuģa tauva,kuģa tauva,LV_DIACRITIC,
data,sl,B1,2857,Tau,kuģa tauva,kuģa tauva,MARKER_LEAK,lv_macron_consonant
data,bg,B1,2857,Tau,kuģa tauva,Корабен влекач,FAMILY_COPY_STRICT,bg+hr+mk+sr
data,hr,B1,2857,Tau,kuģa tauva,Корабен влекач,FAMILY_COPY_STRICT,bg+hr+mk+sr
data,mk,B1,2857,Tau,kuģa tauva,Корабен влекач,FAMILY_COPY_STRICT,bg+hr+mk+sr
data,sr,B1,2857,Tau,kuģa tauva,Корабен влекач,FAMILY_COPY_STRICT,bg+hr+mk+sr
data,fi,B1,2857,Tau,kuģa tauva,Köis,FAMILY_COPY_STRICT,fi+sv
data,sv,B1,2857,Tau,kuģa tauva,Köis,FAMILY_COPY_STRICT,fi+sv
data,is,B1,2857,Tau,kuģa tauva,Kø is,FAMILY_COPY_STRICT,is+nb+nn
data,nb,B1,2857,Tau,kuģa tauva,Kø is,FAMILY_COPY_STRICT,is+nb+nn
data,nn,B1,2857,Tau,kuģa tauva,Kø is,FAMILY_COPY_STRICT,is+nb+nn
data,it,B1,2857,Tau,kuģa tauva,Kuģa tauva,FAMILY_COPY_STRICT,it+lb+nl+pt
data,lb,B1,2857,Tau,kuģa tauva,Kuģa tauva,FAMILY_COPY_STRICT,it+lb+nl+pt
data,nl,B1,2857,Tau,kuģa tauva,Kuģa tauva,FAMILY_COPY_STRICT,it+lb+nl+pt
data,pt,B1,2857,Tau,kuģa tauva,Kuģa tauva,FAMILY_COPY_STRICT,it+lb+nl+pt
data,pl,B1,2857,Tau,kuģa tauva,Hol statku,FAMILY_COPY_STRICT,pl+sq+tr
data,sq,B1,2857,Tau,kuģa tauva,Hol statku,FAMILY_COPY_STRICT,pl+sq+tr
data,tr,B1,2857,Tau,kuģa tauva,Hol statku,FAMILY_COPY_STRICT,pl+sq+tr
data,hr,B1,2858,Taubenschlag,baložu mājiņa,Гълъбарник,SCRIPT_MISMATCH,
data,hr,B1,2858,Taubenschlag,baložu mājiņa,Гълъбарник,MARKER_LEAK,foreign_script
data,it,B1,2858,Taubenschlag,baložu mājiņa,Baložu mājiņa,SAME_AS_LV_CASEFOLD,casefold_only
data,it,B1,2858,Taubenschlag,baložu mājiņa,Baložu mājiņa,LV_DIACRITIC,
data,it,B1,2858,Taubenschlag,baložu mājiņa,Baložu mājiņa,MARKER_LEAK,lv_macron_consonant
data,lb,B1,2858,Taubenschlag,baložu mājiņa,Baložu mājiņa,SAME_AS_LV_CASEFOLD,casefold_only
data,lb,B1,2858,Taubenschlag,baložu mājiņa,Baložu mājiņa,LV_DIACRITIC,
data,lb,B1,2858,Taubenschlag,baložu mājiņa,Baložu mājiņa,MARKER_LEAK,lv_macron_consonant
data,nl,B1,2858,Taubenschlag,baložu mājiņa,Baložu mājiņa,SAME_AS_LV_CASEFOLD,casefold_only
data,nl,B1,2858,Taubenschlag,baložu mājiņa,Baložu mājiņa,LV_DIACRITIC,
data,nl,B1,2858,Taubenschlag,baložu mājiņa,Baložu mājiņa,MARKER_LEAK,lv_macron_consonant
data,pt,B1,2858,Taubenschlag,baložu mājiņa,Baložu majiņa,LV_DIACRITIC,
data,pt,B1,2858,Taubenschlag,baložu mājiņa,Baložu majiņa,MARKER_LEAK,lv_macron_consonant
data,sk,B1,2858,Taubenschlag,baložu mājiņa,Gołębnik,MARKER_LEAK,pl_l_s_z+pl_lt_nasal
data,sl,B1,2858,Taubenschlag,baložu mājiņa,baložu mājiņa,SAME_AS_LV_CASEFOLD,exact
data,sl,B1,2858,Taubenschlag,baložu mājiņa,baložu mājiņa,LV_DIACRITIC,
data,sl,B1,2858,Taubenschlag,baložu mājiņa,baložu mājiņa,MARKER_LEAK,lv_macron_consonant
data,bg,B1,2858,Taubenschlag,baložu mājiņa,Гълъбарник,FAMILY_COPY_STRICT,bg+hr+mk+sr
data,hr,B1,2858,Taubenschlag,baložu mājiņa,Гълъбарник,FAMILY_COPY_STRICT,bg+hr+mk+sr
data,mk,B1,2858,Taubenschlag,baložu mājiņa,Гълъбарник,FAMILY_COPY_STRICT,bg+hr+mk+sr
data,sr,B1,2858,Taubenschlag,baložu mājiņa,Гълъбарник,FAMILY_COPY_STRICT,bg+hr+mk+sr
data,fi,B1,2858,Taubenschlag,baložu mājiņa,Tuvimaja,FAMILY_COPY_STRICT,fi+is+nb+nn+sv
data,is,B1,2858,Taubenschlag,baložu mājiņa,Tuvimaja,FAMILY_COPY_STRICT,fi+is+nb+nn+sv
data,nb,B1,2858,Taubenschlag,baložu mājiņa,Tuvimaja,FAMILY_COPY_STRICT,fi+is+nb+nn+sv
data,nn,B1,2858,Taubenschlag,baložu mājiņa,Tuvimaja,FAMILY_COPY_STRICT,fi+is+nb+nn+sv
data,sv,B1,2858,Taubenschlag,baložu mājiņa,Tuvimaja,FAMILY_COPY_STRICT,fi+is+nb+nn+sv
data,it,B1,2858,Taubenschlag,baložu mājiņa,Baložu mājiņa,FAMILY_COPY_STRICT,it+lb+nl
data,lb,B1,2858,Taubenschlag,baložu mājiņa,Baložu mājiņa,FAMILY_COPY_STRICT,it+lb+nl
data,nl,B1,2858,Taubenschlag,baložu mājiņa,Baložu mājiņa,FAMILY_COPY_STRICT,it+lb+nl
data,pl,B1,2858,Taubenschlag,baložu mājiņa,Gołębnik,FAMILY_COPY_STRICT,pl+sk
data,sk,B1,2858,Taubenschlag,baložu mājiņa,Gołębnik,FAMILY_COPY_STRICT,pl+sk
data,sq,B1,2858,Taubenschlag,baložu mājiņa,Güvercinlik,FAMILY_COPY_STRICT,sq+tr
data,tr,B1,2858,Taubenschlag,baložu mājiņa,Güvercinlik,FAMILY_COPY_STRICT,sq+tr
data,hr,B1,2859,taubstumm,kurlmēms,Глухонями,SCRIPT_MISMATCH,
data,hr,B1,2859,taubstumm,kurlmēms,Глухонями,MARKER_LEAK,foreign_script
data,it,B1,2859,taubstumm,kurlmēms,Kurlmēms,SAME_AS_LV_CASEFOLD,casefold_only
data,it,B1,2859,taubstumm,kurlmēms,Kurlmēms,LV_DIACRITIC,
data,it,B1,2859,taubstumm,kurlmēms,Kurlmēms,MARKER_LEAK,lv_macron_consonant
data,lb,B1,2859,taubstumm,kurlmēms,Kurlmēms,SAME_AS_LV_CASEFOLD,casefold_only
data,lb,B1,2859,taubstumm,kurlmēms,Kurlmēms,LV_DIACRITIC,
data,lb,B1,2859,taubstumm,kurlmēms,Kurlmēms,MARKER_LEAK,lv_macron_consonant
data,nl,B1,2859,taubstumm,kurlmēms,Kurlmēms,SAME_AS_LV_CASEFOLD,casefold_only
data,nl,B1,2859,taubstumm,kurlmēms,Kurlmēms,LV_DIACRITIC,
data,nl,B1,2859,taubstumm,kurlmēms,Kurlmēms,MARKER_LEAK,lv_macron_consonant
data,pt,B1,2859,taubstumm,kurlmēms,Kurlmēms,SAME_AS_LV_CASEFOLD,casefold_only
data,pt,B1,2859,taubstumm,kurlmēms,Kurlmēms,LV_DIACRITIC,
data,pt,B1,2859,taubstumm,kurlmēms,Kurlmēms,MARKER_LEAK,lv_macron_consonant
data,sk,B1,2859,taubstumm,kurlmēms,Głuchy i niemy,MARKER_LEAK,pl_l_s_z
data,sl,B1,2859,taubstumm,kurlmēms,kurlmēms,SAME_AS_LV_CASEFOLD,exact
data,sl,B1,2859,taubstumm,kurlmēms,kurlmēms,LV_DIACRITIC,
data,sl,B1,2859,taubstumm,kurlmēms,kurlmēms,MARKER_LEAK,lv_macron_consonant
data,sq,B1,2859,taubstumm,kurlmēms,Sağır ve dilsiz,MARKER_LEAK,tr_soft
data,bg,B1,2859,taubstumm,kurlmēms,Глухонями,FAMILY_COPY_STRICT,bg+hr+mk+sr
data,hr,B1,2859,taubstumm,kurlmēms,Глухонями,FAMILY_COPY_STRICT,bg+hr+mk+sr
data,mk,B1,2859,taubstumm,kurlmēms,Глухонями,FAMILY_COPY_STRICT,bg+hr+mk+sr
data,sr,B1,2859,taubstumm,kurlmēms,Глухонями,FAMILY_COPY_STRICT,bg+hr+mk+sr
data,fi,B1,2859,taubstumm,kurlmēms,Kurttumm,FAMILY_COPY_STRICT,fi+is+nb+nn+sv
data,is,B1,2859,taubstumm,kurlmēms,Kurttumm,FAMILY_COPY_STRICT,fi+is+nb+nn+sv
data,nb,B1,2859,taubstumm,kurlmēms,Kurttumm,FAMILY_COPY_STRICT,fi+is+nb+nn+sv
data,nn,B1,2859,taubstumm,kurlmēms,Kurttumm,FAMILY_COPY_STRICT,fi+is+nb+nn+sv
data,sv,B1,2859,taubstumm,kurlmēms,Kurttumm,FAMILY_COPY_STRICT,fi+is+nb+nn+sv
data,it,B1,2859,taubstumm,kurlmēms,Kurlmēms,FAMILY_COPY_STRICT,it+lb+nl+pt
data,lb,B1,2859,taubstumm,kurlmēms,Kurlmēms,FAMILY_COPY_STRICT,it+lb+nl+pt
data,nl,B1,2859,taubstumm,kurlmēms,Kurlmēms,FAMILY_COPY_STRICT,it+lb+nl+pt
data,pt,B1,2859,taubstumm,kurlmēms,Kurlmēms,FAMILY_COPY_STRICT,it+lb+nl+pt
data,pl,B1,2859,taubstumm,kurlmēms,Głuchy i niemy,FAMILY_COPY_STRICT,pl+sk
data,sk,B1,2859,taubstumm,kurlmēms,Głuchy i niemy,FAMILY_COPY_STRICT,pl+sk
data,sq,B1,2859,taubstumm,kurlmēms,Sağır ve dilsiz,FAMILY_COPY_STRICT,sq+tr
data,tr,B1,2859,taubstumm,kurlmēms,Sağır ve dilsiz,FAMILY_COPY_STRICT,sq+tr
data,hr,B1,2860,tauchen,nirt,Гмуркане,SCRIPT_MISMATCH,
data,hr,B1,2860,tauchen,nirt,Гмуркане,MARKER_LEAK,foreign_script
data,it,B1,2860,tauchen,nirt,Nirt,SAME_AS_LV_CASEFOLD,casefold_only
data,lb,B1,2860,tauchen,nirt,Nirt,SAME_AS_LV_CASEFOLD,casefold_only
data,nl,B1,2860,tauchen,nirt,Nirt,SAME_AS_LV_CASEFOLD,casefold_only
data,pt,B1,2860,tauchen,nirt,Nirt,SAME_AS_LV_CASEFOLD,casefold_only
data,sl,B1,2860,tauchen,nirt,nirt,SAME_AS_LV_CASEFOLD,exact
data,bg,B1,2860,tauchen,nirt,Гмуркане,FAMILY_COPY_STRICT,bg+hr+mk+sr
data,hr,B1,2860,tauchen,nirt,Гмуркане,FAMILY_COPY_STRICT,bg+hr+mk+sr
data,mk,B1,2860,tauchen,nirt,Гмуркане,FAMILY_COPY_STRICT,bg+hr+mk+sr
data,sr,B1,2860,tauchen,nirt,Гмуркане,FAMILY_COPY_STRICT,bg+hr+mk+sr
data,fi,B1,2860,tauchen,nirt,Sukelduma,FAMILY_COPY_STRICT,fi+is+nb+nn+sv
data,is,B1,2860,tauchen,nirt,Sukelduma,FAMILY_COPY_STRICT,fi+is+nb+nn+sv
data,nb,B1,2860,tauchen,nirt,Sukelduma,FAMILY_COPY_STRICT,fi+is+nb+nn+sv
data,nn,B1,2860,tauchen,nirt,Sukelduma,FAMILY_COPY_STRICT,fi+is+nb+nn+sv
data,sv,B1,2860,tauchen,nirt,Sukelduma,FAMILY_COPY_STRICT,fi+is+nb+nn+sv
data,it,B1,2860,tauchen,nirt,Nirt,FAMILY_COPY_STRICT,it+lb+nl+pt
data,lb,B1,2860,tauchen,nirt,Nirt,FAMILY_COPY_STRICT,it+lb+nl+pt
data,nl,B1,2860,tauchen,nirt,Nirt,FAMILY_COPY_STRICT,it+lb+nl+pt
data,pt,B1,2860,tauchen,nirt,Nirt,FAMILY_COPY_STRICT,it+lb+nl+pt
data,pl,B1,2860,tauchen,nirt,Nurkować,FAMILY_COPY_STRICT,pl+sk
data,sk,B1,2860,tauchen,nirt,Nurkować,FAMILY_COPY_STRICT,pl+sk
data,sq,B1,2860,tauchen,nirt,Dalmak,FAMILY_COPY_STRICT,sq+tr
data,tr,B1,2860,tauchen,nirt,Dalmak,FAMILY_COPY_STRICT,sq+tr
data,hr,B1,2861,Taucher,nirējs,Нуркач,SCRIPT_MISMATCH,
data,hr,B1,2861,Taucher,nirējs,Нуркач,MARKER_LEAK,foreign_script
data,it,B1,2861,Taucher,nirējs,Nirējs,SAME_AS_LV_CASEFOLD,casefold_only
data,it,B1,2861,Taucher,nirējs,Nirējs,LV_DIACRITIC,
data,it,B1,2861,Taucher,nirējs,Nirējs,MARKER_LEAK,lv_macron_consonant
data,lb,B1,2861,Taucher,nirējs,Nirējs,SAME_AS_LV_CASEFOLD,casefold_only
data,lb,B1,2861,Taucher,nirējs,Nirējs,LV_DIACRITIC,
data,lb,B1,2861,Taucher,nirējs,Nirējs,MARKER_LEAK,lv_macron_consonant
data,nl,B1,2861,Taucher,nirējs,Nirējs,SAME_AS_LV_CASEFOLD,casefold_only
data,nl,B1,2861,Taucher,nirējs,Nirējs,LV_DIACRITIC,
data,nl,B1,2861,Taucher,nirējs,Nirējs,MARKER_LEAK,lv_macron_consonant
data,sl,B1,2861,Taucher,nirējs,nirējs,SAME_AS_LV_CASEFOLD,exact
data,sl,B1,2861,Taucher,nirējs,nirējs,LV_DIACRITIC,
data,sl,B1,2861,Taucher,nirējs,nirējs,MARKER_LEAK,lv_macron_consonant
data,fi,B1,2861,Taucher,nirējs,Sukelduja,FAMILY_COPY_STRICT,fi+is+nb+nn+sv
data,is,B1,2861,Taucher,nirējs,Sukelduja,FAMILY_COPY_STRICT,fi+is+nb+nn+sv
data,nb,B1,2861,Taucher,nirējs,Sukelduja,FAMILY_COPY_STRICT,fi+is+nb+nn+sv
data,nn,B1,2861,Taucher,nirējs,Sukelduja,FAMILY_COPY_STRICT,fi+is+nb+nn+sv
data,sv,B1,2861,Taucher,nirējs,Sukelduja,FAMILY_COPY_STRICT,fi+is+nb+nn+sv
data,hr,B1,2861,Taucher,nirējs,Нуркач,FAMILY_COPY_STRICT,hr+mk+sr
data,mk,B1,2861,Taucher,nirējs,Нуркач,FAMILY_COPY_STRICT,hr+mk+sr
data,sr,B1,2861,Taucher,nirējs,Нуркач,FAMILY_COPY_STRICT,hr+mk+sr
data,it,B1,2861,Taucher,nirējs,Nirējs,FAMILY_COPY_STRICT,it+lb+nl
data,lb,B1,2861,Taucher,nirējs,Nirējs,FAMILY_COPY_STRICT,it+lb+nl
data,nl,B1,2861,Taucher,nirējs,Nirējs,FAMILY_COPY_STRICT,it+lb+nl
data,pl,B1,2861,Taucher,nirējs,Nurek,FAMILY_COPY_STRICT,pl+sk+sq+tr
data,sk,B1,2861,Taucher,nirējs,Nurek,FAMILY_COPY_STRICT,pl+sk+sq+tr
data,sq,B1,2861,Taucher,nirējs,Nurek,FAMILY_COPY_STRICT,pl+sk+sq+tr
data,tr,B1,2861,Taucher,nirējs,Nurek,FAMILY_COPY_STRICT,pl+sk+sq+tr
data,hr,B1,2862,Taufe,kristības,Крштевањето,SCRIPT_MISMATCH,
data,hr,B1,2862,Taufe,kristības,Крштевањето,MARKER_LEAK,foreign_script
data,it,B1,2862,Taufe,kristības,Kristības,SAME_AS_LV_CASEFOLD,casefold_only
data,it,B1,2862,Taufe,kristības,Kristības,LV_DIACRITIC,
data,it,B1,2862,Taufe,kristības,Kristības,MARKER_LEAK,lv_macron_consonant
data,lb,B1,2862,Taufe,kristības,Kristības,SAME_AS_LV_CASEFOLD,casefold_only
data,lb,B1,2862,Taufe,kristības,Kristības,LV_DIACRITIC,
data,lb,B1,2862,Taufe,kristības,Kristības,MARKER_LEAK,lv_macron_consonant
data,nl,B1,2862,Taufe,kristības,Kristības,SAME_AS_LV_CASEFOLD,casefold_only
data,nl,B1,2862,Taufe,kristības,Kristības,LV_DIACRITIC,
data,nl,B1,2862,Taufe,kristības,Kristības,MARKER_LEAK,lv_macron_consonant
data,sl,B1,2862,Taufe,kristības,kristības,SAME_AS_LV_CASEFOLD,exact
data,sl,B1,2862,Taufe,kristības,kristības,LV_DIACRITIC,
data,sl,B1,2862,Taufe,kristības,kristības,MARKER_LEAK,lv_macron_consonant
data,fi,B1,2862,Taufe,kristības,Ristimine,FAMILY_COPY_STRICT,fi+is+nb+nn+sv
data,is,B1,2862,Taufe,kristības,Ristimine,FAMILY_COPY_STRICT,fi+is+nb+nn+sv
data,nb,B1,2862,Taufe,kristības,Ristimine,FAMILY_COPY_STRICT,fi+is+nb+nn+sv
data,nn,B1,2862,Taufe,kristības,Ristimine,FAMILY_COPY_STRICT,fi+is+nb+nn+sv
data,sv,B1,2862,Taufe,kristības,Ristimine,FAMILY_COPY_STRICT,fi+is+nb+nn+sv
data,hr,B1,2862,Taufe,kristības,Крштевањето,FAMILY_COPY_STRICT,hr+mk+sr
data,mk,B1,2862,Taufe,kristības,Крштевањето,FAMILY_COPY_STRICT,hr+mk+sr
data,sr,B1,2862,Taufe,kristības,Крштевањето,FAMILY_COPY_STRICT,hr+mk+sr
data,it,B1,2862,Taufe,kristības,Kristības,FAMILY_COPY_STRICT,it+lb+nl
data,lb,B1,2862,Taufe,kristības,Kristības,FAMILY_COPY_STRICT,it+lb+nl
data,nl,B1,2862,Taufe,kristības,Kristības,FAMILY_COPY_STRICT,it+lb+nl
data,pl,B1,2862,Taufe,kristības,Chrzest,FAMILY_COPY_STRICT,pl+sk+sq+tr
data,sk,B1,2862,Taufe,kristības,Chrzest,FAMILY_COPY_STRICT,pl+sk+sq+tr
data,sq,B1,2862,Taufe,kristības,Chrzest,FAMILY_COPY_STRICT,pl+sk+sq+tr
data,tr,B1,2862,Taufe,kristības,Chrzest,FAMILY_COPY_STRICT,pl+sk+sq+tr
data,hr,B1,2863,taufen,kristīt,Кръщавайте,SCRIPT_MISMATCH,
data,hr,B1,2863,taufen,kristīt,Кръщавайте,MARKER_LEAK,foreign_script
data,it,B1,2863,taufen,kristīt,Kristīt,SAME_AS_LV_CASEFOLD,casefold_only
data,it,B1,2863,taufen,kristīt,Kristīt,LV_DIACRITIC,
data,it,B1,2863,taufen,kristīt,Kristīt,MARKER_LEAK,lv_macron_consonant
data,lb,B1,2863,taufen,kristīt,Kristīt,SAME_AS_LV_CASEFOLD,casefold_only
data,lb,B1,2863,taufen,kristīt,Kristīt,LV_DIACRITIC,
data,lb,B1,2863,taufen,kristīt,Kristīt,MARKER_LEAK,lv_macron_consonant
data,nl,B1,2863,taufen,kristīt,Kristīt,SAME_AS_LV_CASEFOLD,casefold_only
data,nl,B1,2863,taufen,kristīt,Kristīt,LV_DIACRITIC,
data,nl,B1,2863,taufen,kristīt,Kristīt,MARKER_LEAK,lv_macron_consonant
data,pt,B1,2863,taufen,kristīt,Kristīt,SAME_AS_LV_CASEFOLD,casefold_only
data,pt,B1,2863,taufen,kristīt,Kristīt,LV_DIACRITIC,
data,pt,B1,2863,taufen,kristīt,Kristīt,MARKER_LEAK,lv_macron_consonant
data,sl,B1,2863,taufen,kristīt,kristīt,SAME_AS_LV_CASEFOLD,exact
data,sl,B1,2863,taufen,kristīt,kristīt,LV_DIACRITIC,
data,sl,B1,2863,taufen,kristīt,kristīt,MARKER_LEAK,lv_macron_consonant
data,bg,B1,2863,taufen,kristīt,Кръщавайте,FAMILY_COPY_STRICT,bg+hr+mk+sr
data,hr,B1,2863,taufen,kristīt,Кръщавайте,FAMILY_COPY_STRICT,bg+hr+mk+sr
data,mk,B1,2863,taufen,kristīt,Кръщавайте,FAMILY_COPY_STRICT,bg+hr+mk+sr
data,sr,B1,2863,taufen,kristīt,Кръщавайте,FAMILY_COPY_STRICT,bg+hr+mk+sr
data,fi,B1,2863,taufen,kristīt,Ristima,FAMILY_COPY_STRICT,fi+is+nb+nn+sv
data,is,B1,2863,taufen,kristīt,Ristima,FAMILY_COPY_STRICT,fi+is+nb+nn+sv
data,nb,B1,2863,taufen,kristīt,Ristima,FAMILY_COPY_STRICT,fi+is+nb+nn+sv
data,nn,B1,2863,taufen,kristīt,Ristima,FAMILY_COPY_STRICT,fi+is+nb+nn+sv
data,sv,B1,2863,taufen,kristīt,Ristima,FAMILY_COPY_STRICT,fi+is+nb+nn+sv
data,it,B1,2863,taufen,kristīt,Kristīt,FAMILY_COPY_STRICT,it+lb+nl+pt
data,lb,B1,2863,taufen,kristīt,Kristīt,FAMILY_COPY_STRICT,it+lb+nl+pt
data,nl,B1,2863,taufen,kristīt,Kristīt,FAMILY_COPY_STRICT,it+lb+nl+pt
data,pt,B1,2863,taufen,kristīt,Kristīt,FAMILY_COPY_STRICT,it+lb+nl+pt
data,pl,B1,2863,taufen,kristīt,Chrzcić,FAMILY_COPY_STRICT,pl+sk
data,sk,B1,2863,taufen,kristīt,Chrzcić,FAMILY_COPY_STRICT,pl+sk
data,sq,B1,2863,taufen,kristīt,Vaftiz et,FAMILY_COPY_STRICT,sq+tr
data,tr,B1,2863,taufen,kristīt,Vaftiz et,FAMILY_COPY_STRICT,sq+tr
data,fi,B1,2864,tauglich,derīgs,Kõlbulik,MARKER_LEAK,et_otilde
data,hr,B1,2864,tauglich,derīgs,Валиден,SCRIPT_MISMATCH,
data,hr,B1,2864,tauglich,derīgs,Валиден,MARKER_LEAK,foreign_script
data,is,B1,2864,tauglich,derīgs,Kõlbulik,MARKER_LEAK,et_otilde
data,it,B1,2864,tauglich,derīgs,Derīgs,SAME_AS_LV_CASEFOLD,casefold_only
data,it,B1,2864,tauglich,derīgs,Derīgs,LV_DIACRITIC,
data,it,B1,2864,tauglich,derīgs,Derīgs,MARKER_LEAK,lv_macron_consonant
data,lb,B1,2864,tauglich,derīgs,Derīgs,SAME_AS_LV_CASEFOLD,casefold_only
data,lb,B1,2864,tauglich,derīgs,Derīgs,LV_DIACRITIC,
data,lb,B1,2864,tauglich,derīgs,Derīgs,MARKER_LEAK,lv_macron_consonant
data,nb,B1,2864,tauglich,derīgs,Kõlbulik,MARKER_LEAK,et_otilde
data,nl,B1,2864,tauglich,derīgs,Derīgs,SAME_AS_LV_CASEFOLD,casefold_only
data,nl,B1,2864,tauglich,derīgs,Derīgs,LV_DIACRITIC,
data,nl,B1,2864,tauglich,derīgs,Derīgs,MARKER_LEAK,lv_macron_consonant
data,nn,B1,2864,tauglich,derīgs,Kõlbulik,MARKER_LEAK,et_otilde
data,pt,B1,2864,tauglich,derīgs,Derīgs,SAME_AS_LV_CASEFOLD,casefold_only
data,pt,B1,2864,tauglich,derīgs,Derīgs,LV_DIACRITIC,
data,pt,B1,2864,tauglich,derīgs,Derīgs,MARKER_LEAK,lv_macron_consonant
data,sl,B1,2864,tauglich,derīgs,derīgs,SAME_AS_LV_CASEFOLD,exact
data,sl,B1,2864,tauglich,derīgs,derīgs,LV_DIACRITIC,
data,sl,B1,2864,tauglich,derīgs,derīgs,MARKER_LEAK,lv_macron_consonant
data,sv,B1,2864,tauglich,derīgs,Kõlbulik,MARKER_LEAK,et_otilde
data,bg,B1,2864,tauglich,derīgs,Валиден,FAMILY_COPY_STRICT,bg+hr+mk+sr
data,hr,B1,2864,tauglich,derīgs,Валиден,FAMILY_COPY_STRICT,bg+hr+mk+sr
data,mk,B1,2864,tauglich,derīgs,Валиден,FAMILY_COPY_STRICT,bg+hr+mk+sr
data,sr,B1,2864,tauglich,derīgs,Валиден,FAMILY_COPY_STRICT,bg+hr+mk+sr
data,fi,B1,2864,tauglich,derīgs,Kõlbulik,FAMILY_COPY_STRICT,fi+is+nb+nn+sv
data,is,B1,2864,tauglich,derīgs,Kõlbulik,FAMILY_COPY_STRICT,fi+is+nb+nn+sv
data,nb,B1,2864,tauglich,derīgs,Kõlbulik,FAMILY_COPY_STRICT,fi+is+nb+nn+sv
data,nn,B1,2864,tauglich,derīgs,Kõlbulik,FAMILY_COPY_STRICT,fi+is+nb+nn+sv
data,sv,B1,2864,tauglich,derīgs,Kõlbulik,FAMILY_COPY_STRICT,fi+is+nb+nn+sv
data,it,B1,2864,tauglich,derīgs,Derīgs,FAMILY_COPY_STRICT,it+lb+nl+pt
data,lb,B1,2864,tauglich,derīgs,Derīgs,FAMILY_COPY_STRICT,it+lb+nl+pt
data,nl,B1,2864,tauglich,derīgs,Derīgs,FAMILY_COPY_STRICT,it+lb+nl+pt
data,pt,B1,2864,tauglich,derīgs,Derīgs,FAMILY_COPY_STRICT,it+lb+nl+pt
data,hr,B1,2865,taumeln,streipuļot,Пругасти,SCRIPT_MISMATCH,
data,hr,B1,2865,taumeln,streipuļot,Пругасти,MARKER_LEAK,foreign_script
data,it,B1,2865,taumeln,streipuļot,Streipuļot,SAME_AS_LV_CASEFOLD,casefold_only
data,it,B1,2865,taumeln,streipuļot,Streipuļot,LV_DIACRITIC,
data,it,B1,2865,taumeln,streipuļot,Streipuļot,MARKER_LEAK,lv_macron_consonant
data,lb,B1,2865,taumeln,streipuļot,Streipuļot,SAME_AS_LV_CASEFOLD,casefold_only
data,lb,B1,2865,taumeln,streipuļot,Streipuļot,LV_DIACRITIC,
data,lb,B1,2865,taumeln,streipuļot,Streipuļot,MARKER_LEAK,lv_macron_consonant
data,nl,B1,2865,taumeln,streipuļot,Streipuļot,SAME_AS_LV_CASEFOLD,casefold_only
data,nl,B1,2865,taumeln,streipuļot,Streipuļot,LV_DIACRITIC,
data,nl,B1,2865,taumeln,streipuļot,Streipuļot,MARKER_LEAK,lv_macron_consonant
data,pt,B1,2865,taumeln,streipuļot,Streipuļot,SAME_AS_LV_CASEFOLD,casefold_only
data,pt,B1,2865,taumeln,streipuļot,Streipuļot,LV_DIACRITIC,
data,pt,B1,2865,taumeln,streipuļot,Streipuļot,MARKER_LEAK,lv_macron_consonant
data,sl,B1,2865,taumeln,streipuļot,streipuļot,SAME_AS_LV_CASEFOLD,exact
data,sl,B1,2865,taumeln,streipuļot,streipuļot,LV_DIACRITIC,
data,sl,B1,2865,taumeln,streipuļot,streipuļot,MARKER_LEAK,lv_macron_consonant
data,fi,B1,2865,taumeln,streipuļot,Vaaruma,FAMILY_COPY_STRICT,fi+is+nb+nn+sv
data,is,B1,2865,taumeln,streipuļot,Vaaruma,FAMILY_COPY_STRICT,fi+is+nb+nn+sv
data,nb,B1,2865,taumeln,streipuļot,Vaaruma,FAMILY_COPY_STRICT,fi+is+nb+nn+sv
data,nn,B1,2865,taumeln,streipuļot,Vaaruma,FAMILY_COPY_STRICT,fi+is+nb+nn+sv
data,sv,B1,2865,taumeln,streipuļot,Vaaruma,FAMILY_COPY_STRICT,fi+is+nb+nn+sv
data,hr,B1,2865,taumeln,streipuļot,Пругасти,FAMILY_COPY_STRICT,hr+mk+sr
data,mk,B1,2865,taumeln,streipuļot,Пругасти,FAMILY_COPY_STRICT,hr+mk+sr
data,sr,B1,2865,taumeln,streipuļot,Пругасти,FAMILY_COPY_STRICT,hr+mk+sr
data,it,B1,2865,taumeln,streipuļot,Streipuļot,FAMILY_COPY_STRICT,it+lb+nl+pt
data,lb,B1,2865,taumeln,streipuļot,Streipuļot,FAMILY_COPY_STRICT,it+lb+nl+pt
data,nl,B1,2865,taumeln,streipuļot,Streipuļot,FAMILY_COPY_STRICT,it+lb+nl+pt
data,pt,B1,2865,taumeln,streipuļot,Streipuļot,FAMILY_COPY_STRICT,it+lb+nl+pt
data,pl,B1,2865,taumeln,streipuļot,Smugi,FAMILY_COPY_STRICT,pl+sk+sq+tr
data,sk,B1,2865,taumeln,streipuļot,Smugi,FAMILY_COPY_STRICT,pl+sk+sq+tr
data,sq,B1,2865,taumeln,streipuļot,Smugi,FAMILY_COPY_STRICT,pl+sk+sq+tr
data,tr,B1,2865,taumeln,streipuļot,Smugi,FAMILY_COPY_STRICT,pl+sk+sq+tr
data,hr,B1,2866,Tausch,[ap]maiņa,[около] смяна,SCRIPT_MISMATCH,
data,hr,B1,2866,Tausch,[ap]maiņa,[около] смяна,MARKER_LEAK,foreign_script
data,it,B1,2866,Tausch,[ap]maiņa,[ap]maiņa,SAME_AS_LV_CASEFOLD,exact
data,it,B1,2866,Tausch,[ap]maiņa,[ap]maiņa,LV_DIACRITIC,
data,it,B1,2866,Tausch,[ap]maiņa,[ap]maiņa,MARKER_LEAK,lv_macron_consonant
data,lb,B1,2866,Tausch,[ap]maiņa,[ap]maiņa,SAME_AS_LV_CASEFOLD,exact
data,lb,B1,2866,Tausch,[ap]maiņa,[ap]maiņa,LV_DIACRITIC,
data,lb,B1,2866,Tausch,[ap]maiņa,[ap]maiņa,MARKER_LEAK,lv_macron_consonant
data,nl,B1,2866,Tausch,[ap]maiņa,[ap]maiņa,SAME_AS_LV_CASEFOLD,exact
data,nl,B1,2866,Tausch,[ap]maiņa,[ap]maiņa,LV_DIACRITIC,
data,nl,B1,2866,Tausch,[ap]maiņa,[ap]maiņa,MARKER_LEAK,lv_macron_consonant
data,sk,B1,2866,Tausch,[ap]maiņa,[około] zmiany,MARKER_LEAK,pl_l_s_z
data,sq,B1,2866,Tausch,[ap]maiņa,[hakkında] değişiklik,MARKER_LEAK,tr_soft
data,bg,B1,2866,Tausch,[ap]maiņa,[около] смяна,FAMILY_COPY_STRICT,bg+hr+mk+sr
data,hr,B1,2866,Tausch,[ap]maiņa,[около] смяна,FAMILY_COPY_STRICT,bg+hr+mk+sr
data,mk,B1,2866,Tausch,[ap]maiņa,[около] смяна,FAMILY_COPY_STRICT,bg+hr+mk+sr
data,sr,B1,2866,Tausch,[ap]maiņa,[около] смяна,FAMILY_COPY_STRICT,bg+hr+mk+sr
data,fi,B1,2866,Tausch,[ap]maiņa,Vahetus,FAMILY_COPY_STRICT,fi+is+nb+nn+sv
data,is,B1,2866,Tausch,[ap]maiņa,Vahetus,FAMILY_COPY_STRICT,fi+is+nb+nn+sv
data,nb,B1,2866,Tausch,[ap]maiņa,Vahetus,FAMILY_COPY_STRICT,fi+is+nb+nn+sv
data,nn,B1,2866,Tausch,[ap]maiņa,Vahetus,FAMILY_COPY_STRICT,fi+is+nb+nn+sv
data,sv,B1,2866,Tausch,[ap]maiņa,Vahetus,FAMILY_COPY_STRICT,fi+is+nb+nn+sv
data,pl,B1,2866,Tausch,[ap]maiņa,[około] zmiany,FAMILY_COPY_STRICT,pl+sk
data,sk,B1,2866,Tausch,[ap]maiņa,[około] zmiany,FAMILY_COPY_STRICT,pl+sk
data,sq,B1,2866,Tausch,[ap]maiņa,[hakkında] değişiklik,FAMILY_COPY_STRICT,sq+tr
data,tr,B1,2866,Tausch,[ap]maiņa,[hakkında] değişiklik,FAMILY_COPY_STRICT,sq+tr
data,hr,B1,2867,täuschen,maldināt,Мамят,SCRIPT_MISMATCH,
data,hr,B1,2867,täuschen,maldināt,Мамят,MARKER_LEAK,foreign_script
data,it,B1,2867,täuschen,maldināt,Maldināt,SAME_AS_LV_CASEFOLD,casefold_only
data,it,B1,2867,täuschen,maldināt,Maldināt,LV_DIACRITIC,
data,it,B1,2867,täuschen,maldināt,Maldināt,MARKER_LEAK,lv_macron_consonant
data,lb,B1,2867,täuschen,maldināt,Maldināt,SAME_AS_LV_CASEFOLD,casefold_only
data,lb,B1,2867,täuschen,maldināt,Maldināt,LV_DIACRITIC,
data,lb,B1,2867,täuschen,maldināt,Maldināt,MARKER_LEAK,lv_macron_consonant
data,nl,B1,2867,täuschen,maldināt,Maldināt,SAME_AS_LV_CASEFOLD,casefold_only
data,nl,B1,2867,täuschen,maldināt,Maldināt,LV_DIACRITIC,
data,nl,B1,2867,täuschen,maldināt,Maldināt,MARKER_LEAK,lv_macron_consonant
data,sl,B1,2867,täuschen,maldināt,maldināt,SAME_AS_LV_CASEFOLD,exact
data,sl,B1,2867,täuschen,maldināt,maldināt,LV_DIACRITIC,
data,sl,B1,2867,täuschen,maldināt,maldināt,MARKER_LEAK,lv_macron_consonant
data,bg,B1,2867,täuschen,maldināt,Мамят,FAMILY_COPY_STRICT,bg+hr+mk+sr
data,hr,B1,2867,täuschen,maldināt,Мамят,FAMILY_COPY_STRICT,bg+hr+mk+sr
data,mk,B1,2867,täuschen,maldināt,Мамят,FAMILY_COPY_STRICT,bg+hr+mk+sr
data,sr,B1,2867,täuschen,maldināt,Мамят,FAMILY_COPY_STRICT,bg+hr+mk+sr
data,fi,B1,2867,täuschen,maldināt,Petma,FAMILY_COPY_STRICT,fi+is+nb+nn+sv
data,is,B1,2867,täuschen,maldināt,Petma,FAMILY_COPY_STRICT,fi+is+nb+nn+sv
data,nb,B1,2867,täuschen,maldināt,Petma,FAMILY_COPY_STRICT,fi+is+nb+nn+sv
data,nn,B1,2867,täuschen,maldināt,Petma,FAMILY_COPY_STRICT,fi+is+nb+nn+sv
data,sv,B1,2867,täuschen,maldināt,Petma,FAMILY_COPY_STRICT,fi+is+nb+nn+sv
data,it,B1,2867,täuschen,maldināt,Maldināt,FAMILY_COPY_STRICT,it+lb+nl
data,lb,B1,2867,täuschen,maldināt,Maldināt,FAMILY_COPY_STRICT,it+lb+nl
data,nl,B1,2867,täuschen,maldināt,Maldināt,FAMILY_COPY_STRICT,it+lb+nl
data,pl,B1,2867,täuschen,maldināt,Zwodzić,FAMILY_COPY_STRICT,pl+sk
data,sk,B1,2867,täuschen,maldināt,Zwodzić,FAMILY_COPY_STRICT,pl+sk
data,sq,B1,2867,täuschen,maldināt,Aldatmak,FAMILY_COPY_STRICT,sq+tr
data,tr,B1,2867,täuschen,maldināt,Aldatmak,FAMILY_COPY_STRICT,sq+tr
data,hr,B1,2868,Tauwetter,atkusnis,Одмрзнати,SCRIPT_MISMATCH,
data,hr,B1,2868,Tauwetter,atkusnis,Одмрзнати,MARKER_LEAK,foreign_script
data,it,B1,2868,Tauwetter,atkusnis,Atkusnis,SAME_AS_LV_CASEFOLD,casefold_only
data,lb,B1,2868,Tauwetter,atkusnis,Atkusnis,SAME_AS_LV_CASEFOLD,casefold_only
data,nl,B1,2868,Tauwetter,atkusnis,Atkusnis,SAME_AS_LV_CASEFOLD,casefold_only
data,pt,B1,2868,Tauwetter,atkusnis,Atkusnis,SAME_AS_LV_CASEFOLD,casefold_only
data,sk,B1,2868,Tauwetter,atkusnis,Rozmrożone,MARKER_LEAK,pl_l_s_z
data,sl,B1,2868,Tauwetter,atkusnis,atkusnis,SAME_AS_LV_CASEFOLD,exact
data,fi,B1,2868,Tauwetter,atkusnis,Sula,FAMILY_COPY_STRICT,fi+is+nb+nn+sv
data,is,B1,2868,Tauwetter,atkusnis,Sula,FAMILY_COPY_STRICT,fi+is+nb+nn+sv
data,nb,B1,2868,Tauwetter,atkusnis,Sula,FAMILY_COPY_STRICT,fi+is+nb+nn+sv
data,nn,B1,2868,Tauwetter,atkusnis,Sula,FAMILY_COPY_STRICT,fi+is+nb+nn+sv
data,sv,B1,2868,Tauwetter,atkusnis,Sula,FAMILY_COPY_STRICT,fi+is+nb+nn+sv
data,hr,B1,2868,Tauwetter,atkusnis,Одмрзнати,FAMILY_COPY_STRICT,hr+mk+sr
data,mk,B1,2868,Tauwetter,atkusnis,Одмрзнати,FAMILY_COPY_STRICT,hr+mk+sr
data,sr,B1,2868,Tauwetter,atkusnis,Одмрзнати,FAMILY_COPY_STRICT,hr+mk+sr
data,it,B1,2868,Tauwetter,atkusnis,Atkusnis,FAMILY_COPY_STRICT,it+lb+nl+pt
data,lb,B1,2868,Tauwetter,atkusnis,Atkusnis,FAMILY_COPY_STRICT,it+lb+nl+pt
data,nl,B1,2868,Tauwetter,atkusnis,Atkusnis,FAMILY_COPY_STRICT,it+lb+nl+pt
data,pt,B1,2868,Tauwetter,atkusnis,Atkusnis,FAMILY_COPY_STRICT,it+lb+nl+pt
data,pl,B1,2868,Tauwetter,atkusnis,Rozmrożone,FAMILY_COPY_STRICT,pl+sk
data,sk,B1,2868,Tauwetter,atkusnis,Rozmrożone,FAMILY_COPY_STRICT,pl+sk
data,sq,B1,2868,Tauwetter,atkusnis,Buzu çözülmüş,FAMILY_COPY_STRICT,sq+tr
data,tr,B1,2868,Tauwetter,atkusnis,Buzu çözülmüş,FAMILY_COPY_STRICT,sq+tr
data,hr,B1,2869,Teich,dīķis,Езерце,SCRIPT_MISMATCH,
data,hr,B1,2869,Teich,dīķis,Езерце,MARKER_LEAK,foreign_script
data,it,B1,2869,Teich,dīķis,Dīķis,SAME_AS_LV_CASEFOLD,casefold_only
data,it,B1,2869,Teich,dīķis,Dīķis,LV_DIACRITIC,
data,it,B1,2869,Teich,dīķis,Dīķis,MARKER_LEAK,lv_macron_consonant
data,lb,B1,2869,Teich,dīķis,Dīķis,SAME_AS_LV_CASEFOLD,casefold_only
data,lb,B1,2869,Teich,dīķis,Dīķis,LV_DIACRITIC,
data,lb,B1,2869,Teich,dīķis,Dīķis,MARKER_LEAK,lv_macron_consonant
data,nl,B1,2869,Teich,dīķis,Dīķis,SAME_AS_LV_CASEFOLD,casefold_only
data,nl,B1,2869,Teich,dīķis,Dīķis,LV_DIACRITIC,
data,nl,B1,2869,Teich,dīķis,Dīķis,MARKER_LEAK,lv_macron_consonant
data,pt,B1,2869,Teich,dīķis,Diķis,LV_DIACRITIC,
data,pt,B1,2869,Teich,dīķis,Diķis,MARKER_LEAK,lv_macron_consonant
data,sl,B1,2869,Teich,dīķis,dīķis,SAME_AS_LV_CASEFOLD,exact
data,sl,B1,2869,Teich,dīķis,dīķis,LV_DIACRITIC,
data,sl,B1,2869,Teich,dīķis,dīķis,MARKER_LEAK,lv_macron_consonant
data,bg,B1,2869,Teich,dīķis,Езерце,FAMILY_COPY_STRICT,bg+hr+mk+sr
data,hr,B1,2869,Teich,dīķis,Езерце,FAMILY_COPY_STRICT,bg+hr+mk+sr
data,mk,B1,2869,Teich,dīķis,Езерце,FAMILY_COPY_STRICT,bg+hr+mk+sr
data,sr,B1,2869,Teich,dīķis,Езерце,FAMILY_COPY_STRICT,bg+hr+mk+sr
data,fi,B1,2869,Teich,dīķis,Tiik,FAMILY_COPY_STRICT,fi+is+nb+nn+sv
data,is,B1,2869,Teich,dīķis,Tiik,FAMILY_COPY_STRICT,fi+is+nb+nn+sv
data,nb,B1,2869,Teich,dīķis,Tiik,FAMILY_COPY_STRICT,fi+is+nb+nn+sv
data,nn,B1,2869,Teich,dīķis,Tiik,FAMILY_COPY_STRICT,fi+is+nb+nn+sv
data,sv,B1,2869,Teich,dīķis,Tiik,FAMILY_COPY_STRICT,fi+is+nb+nn+sv
data,it,B1,2869,Teich,dīķis,Dīķis,FAMILY_COPY_STRICT,it+lb+nl
data,lb,B1,2869,Teich,dīķis,Dīķis,FAMILY_COPY_STRICT,it+lb+nl
data,nl,B1,2869,Teich,dīķis,Dīķis,FAMILY_COPY_STRICT,it+lb+nl
data,pl,B1,2869,Teich,dīķis,Staw,FAMILY_COPY_STRICT,pl+sk+sq+tr
data,sk,B1,2869,Teich,dīķis,Staw,FAMILY_COPY_STRICT,pl+sk+sq+tr
data,sq,B1,2869,Teich,dīķis,Staw,FAMILY_COPY_STRICT,pl+sk+sq+tr
data,tr,B1,2869,Teich,dīķis,Staw,FAMILY_COPY_STRICT,pl+sk+sq+tr
data,hr,B1,2870,Teig,mīkla,Загатка,SCRIPT_MISMATCH,
data,hr,B1,2870,Teig,mīkla,Загатка,MARKER_LEAK,foreign_script
data,lb,B1,2870,Teig,mīkla,Mīkla,SAME_AS_LV_CASEFOLD,casefold_only
data,lb,B1,2870,Teig,mīkla,Mīkla,LV_DIACRITIC,
data,lb,B1,2870,Teig,mīkla,Mīkla,MARKER_LEAK,lv_macron_consonant
data,nl,B1,2870,Teig,mīkla,Mīkla,SAME_AS_LV_CASEFOLD,casefold_only
data,nl,B1,2870,Teig,mīkla,Mīkla,LV_DIACRITIC,
data,nl,B1,2870,Teig,mīkla,Mīkla,MARKER_LEAK,lv_macron_consonant
data,sl,B1,2870,Teig,mīkla,mīkla,SAME_AS_LV_CASEFOLD,exact
data,sl,B1,2870,Teig,mīkla,mīkla,LV_DIACRITIC,
data,sl,B1,2870,Teig,mīkla,mīkla,MARKER_LEAK,lv_macron_consonant
data,fi,B1,2870,Teig,mīkla,Tainas,FAMILY_COPY_STRICT,fi+is+nb+nn+sv
data,is,B1,2870,Teig,mīkla,Tainas,FAMILY_COPY_STRICT,fi+is+nb+nn+sv
data,nb,B1,2870,Teig,mīkla,Tainas,FAMILY_COPY_STRICT,fi+is+nb+nn+sv
data,nn,B1,2870,Teig,mīkla,Tainas,FAMILY_COPY_STRICT,fi+is+nb+nn+sv
data,sv,B1,2870,Teig,mīkla,Tainas,FAMILY_COPY_STRICT,fi+is+nb+nn+sv
data,hr,B1,2870,Teig,mīkla,Загатка,FAMILY_COPY_STRICT,hr+mk+sr
data,mk,B1,2870,Teig,mīkla,Загатка,FAMILY_COPY_STRICT,hr+mk+sr
data,sr,B1,2870,Teig,mīkla,Загатка,FAMILY_COPY_STRICT,hr+mk+sr
data,it,B1,2870,Teig,mīkla,Mikla,FAMILY_COPY_STRICT,it+pt
data,pt,B1,2870,Teig,mīkla,Mikla,FAMILY_COPY_STRICT,it+pt
data,lb,B1,2870,Teig,mīkla,Mīkla,FAMILY_COPY_STRICT,lb+nl
data,nl,B1,2870,Teig,mīkla,Mīkla,FAMILY_COPY_STRICT,lb+nl
data,hr,B1,2871,Teilnahme,piedalīšanās,Участие,SCRIPT_MISMATCH,
data,hr,B1,2871,Teilnahme,piedalīšanās,Участие,MARKER_LEAK,foreign_script
data,it,B1,2871,Teilnahme,piedalīšanās,Piedalīšanās,SAME_AS_LV_CASEFOLD,casefold_only
data,it,B1,2871,Teilnahme,piedalīšanās,Piedalīšanās,LV_DIACRITIC,
data,it,B1,2871,Teilnahme,piedalīšanās,Piedalīšanās,MARKER_LEAK,lv_macron_consonant
data,lb,B1,2871,Teilnahme,piedalīšanās,Piedalīšanās,SAME_AS_LV_CASEFOLD,casefold_only
data,lb,B1,2871,Teilnahme,piedalīšanās,Piedalīšanās,LV_DIACRITIC,
data,lb,B1,2871,Teilnahme,piedalīšanās,Piedalīšanās,MARKER_LEAK,lv_macron_consonant
data,nl,B1,2871,Teilnahme,piedalīšanās,Piedalīšanās,SAME_AS_LV_CASEFOLD,casefold_only
data,nl,B1,2871,Teilnahme,piedalīšanās,Piedalīšanās,LV_DIACRITIC,
data,nl,B1,2871,Teilnahme,piedalīšanās,Piedalīšanās,MARKER_LEAK,lv_macron_consonant
data,pt,B1,2871,Teilnahme,piedalīšanās,Piedalīšanas,LV_DIACRITIC,
data,pt,B1,2871,Teilnahme,piedalīšanās,Piedalīšanas,MARKER_LEAK,lv_macron_consonant
data,sk,B1,2871,Teilnahme,piedalīšanās,Udział,MARKER_LEAK,pl_l_s_z
data,sl,B1,2871,Teilnahme,piedalīšanās,piedalīšanās,SAME_AS_LV_CASEFOLD,exact
data,sl,B1,2871,Teilnahme,piedalīšanās,piedalīšanās,LV_DIACRITIC,
data,sl,B1,2871,Teilnahme,piedalīšanās,piedalīšanās,MARKER_LEAK,lv_macron_consonant
data,sq,B1,2871,Teilnahme,piedalīšanās,Katılım,MARKER_LEAK,tr_soft
data,bg,B1,2871,Teilnahme,piedalīšanās,Участие,FAMILY_COPY_STRICT,bg+hr+mk+ru+sr
data,hr,B1,2871,Teilnahme,piedalīšanās,Участие,FAMILY_COPY_STRICT,bg+hr+mk+ru+sr
data,mk,B1,2871,Teilnahme,piedalīšanās,Участие,FAMILY_COPY_STRICT,bg+hr+mk+ru+sr
data,ru,B1,2871,Teilnahme,piedalīšanās,Участие,FAMILY_COPY_STRICT,bg+hr+mk+ru+sr
data,sr,B1,2871,Teilnahme,piedalīšanās,Участие,FAMILY_COPY_STRICT,bg+hr+mk+ru+sr
data,en,B1,2871,Teilnahme,piedalīšanās,Participation,FAMILY_COPY_STRICT,en+fr
data,fr,B1,2871,Teilnahme,piedalīšanās,Participation,FAMILY_COPY_STRICT,en+fr
data,fi,B1,2871,Teilnahme,piedalīšanās,Osalemine,FAMILY_COPY_STRICT,fi+is+nb+nn+sv
data,is,B1,2871,Teilnahme,piedalīšanās,Osalemine,FAMILY_COPY_STRICT,fi+is+nb+nn+sv
data,nb,B1,2871,Teilnahme,piedalīšanās,Osalemine,FAMILY_COPY_STRICT,fi+is+nb+nn+sv
data,nn,B1,2871,Teilnahme,piedalīšanās,Osalemine,FAMILY_COPY_STRICT,fi+is+nb+nn+sv
data,sv,B1,2871,Teilnahme,piedalīšanās,Osalemine,FAMILY_COPY_STRICT,fi+is+nb+nn+sv
data,it,B1,2871,Teilnahme,piedalīšanās,Piedalīšanās,FAMILY_COPY_STRICT,it+lb+nl
data,lb,B1,2871,Teilnahme,piedalīšanās,Piedalīšanās,FAMILY_COPY_STRICT,it+lb+nl
data,nl,B1,2871,Teilnahme,piedalīšanās,Piedalīšanās,FAMILY_COPY_STRICT,it+lb+nl
data,pl,B1,2871,Teilnahme,piedalīšanās,Udział,FAMILY_COPY_STRICT,pl+sk
data,sk,B1,2871,Teilnahme,piedalīšanās,Udział,FAMILY_COPY_STRICT,pl+sk
data,sq,B1,2871,Teilnahme,piedalīšanās,Katılım,FAMILY_COPY_STRICT,sq+tr
data,tr,B1,2871,Teilnahme,piedalīšanās,Katılım,FAMILY_COPY_STRICT,sq+tr
data,hr,B1,2872,teilnehmen,piedalīties,Учествувајте,SCRIPT_MISMATCH,
data,hr,B1,2872,teilnehmen,piedalīties,Учествувајте,MARKER_LEAK,foreign_script
data,lb,B1,2872,teilnehmen,piedalīties,Piedalīties,SAME_AS_LV_CASEFOLD,casefold_only
data,lb,B1,2872,teilnehmen,piedalīties,Piedalīties,LV_DIACRITIC,
data,lb,B1,2872,teilnehmen,piedalīties,Piedalīties,MARKER_LEAK,lv_macron_consonant
data,nl,B1,2872,teilnehmen,piedalīties,Piedalīties,SAME_AS_LV_CASEFOLD,casefold_only
data,nl,B1,2872,teilnehmen,piedalīties,Piedalīties,LV_DIACRITIC,
data,nl,B1,2872,teilnehmen,piedalīties,Piedalīties,MARKER_LEAK,lv_macron_consonant
data,sl,B1,2872,teilnehmen,piedalīties,piedalīties,SAME_AS_LV_CASEFOLD,exact
data,sl,B1,2872,teilnehmen,piedalīties,piedalīties,LV_DIACRITIC,
data,sl,B1,2872,teilnehmen,piedalīties,piedalīties,MARKER_LEAK,lv_macron_consonant
data,sq,B1,2872,teilnehmen,piedalīties,Katıl,MARKER_LEAK,tr_soft
data,fi,B1,2872,teilnehmen,piedalīties,Osalema,FAMILY_COPY_STRICT,fi+is+nb+nn+sv
data,is,B1,2872,teilnehmen,piedalīties,Osalema,FAMILY_COPY_STRICT,fi+is+nb+nn+sv
data,nb,B1,2872,teilnehmen,piedalīties,Osalema,FAMILY_COPY_STRICT,fi+is+nb+nn+sv
data,nn,B1,2872,teilnehmen,piedalīties,Osalema,FAMILY_COPY_STRICT,fi+is+nb+nn+sv
data,sv,B1,2872,teilnehmen,piedalīties,Osalema,FAMILY_COPY_STRICT,fi+is+nb+nn+sv
data,hr,B1,2872,teilnehmen,piedalīties,Учествувајте,FAMILY_COPY_STRICT,hr+mk+sr
data,mk,B1,2872,teilnehmen,piedalīties,Учествувајте,FAMILY_COPY_STRICT,hr+mk+sr
data,sr,B1,2872,teilnehmen,piedalīties,Учествувајте,FAMILY_COPY_STRICT,hr+mk+sr
data,lb,B1,2872,teilnehmen,piedalīties,Piedalīties,FAMILY_COPY_STRICT,lb+nl
data,nl,B1,2872,teilnehmen,piedalīties,Piedalīties,FAMILY_COPY_STRICT,lb+nl
data,sq,B1,2872,teilnehmen,piedalīties,Katıl,FAMILY_COPY_STRICT,sq+tr
data,tr,B1,2872,teilnehmen,piedalīties,Katıl,FAMILY_COPY_STRICT,sq+tr
data,hr,B1,2873,Teilnehmer,dalībnieks,Участник,SCRIPT_MISMATCH,
data,hr,B1,2873,Teilnehmer,dalībnieks,Участник,MARKER_LEAK,foreign_script
data,sl,B1,2873,Teilnehmer,dalībnieks,dalībnieks,SAME_AS_LV_CASEFOLD,exact
data,sl,B1,2873,Teilnehmer,dalībnieks,dalībnieks,LV_DIACRITIC,
data,sl,B1,2873,Teilnehmer,dalībnieks,dalībnieks,MARKER_LEAK,lv_macron_consonant
data,bg,B1,2873,Teilnehmer,dalībnieks,Участник,FAMILY_COPY_STRICT,bg+hr+mk+ru+sr
data,hr,B1,2873,Teilnehmer,dalībnieks,Участник,FAMILY_COPY_STRICT,bg+hr+mk+ru+sr
data,mk,B1,2873,Teilnehmer,dalībnieks,Участник,FAMILY_COPY_STRICT,bg+hr+mk+ru+sr
data,ru,B1,2873,Teilnehmer,dalībnieks,Участник,FAMILY_COPY_STRICT,bg+hr+mk+ru+sr
data,sr,B1,2873,Teilnehmer,dalībnieks,Участник,FAMILY_COPY_STRICT,bg+hr+mk+ru+sr
data,en,B1,2873,Teilnehmer,dalībnieks,Participant,FAMILY_COPY_STRICT,en+ro
data,ro,B1,2873,Teilnehmer,dalībnieks,Participant,FAMILY_COPY_STRICT,en+ro
data,fi,B1,2873,Teilnehmer,dalībnieks,Osaleja,FAMILY_COPY_STRICT,fi+is+nb+nn+sv
data,is,B1,2873,Teilnehmer,dalībnieks,Osaleja,FAMILY_COPY_STRICT,fi+is+nb+nn+sv
data,nb,B1,2873,Teilnehmer,dalībnieks,Osaleja,FAMILY_COPY_STRICT,fi+is+nb+nn+sv
data,nn,B1,2873,Teilnehmer,dalībnieks,Osaleja,FAMILY_COPY_STRICT,fi+is+nb+nn+sv
data,sv,B1,2873,Teilnehmer,dalībnieks,Osaleja,FAMILY_COPY_STRICT,fi+is+nb+nn+sv
data,it,B1,2873,Teilnehmer,dalībnieks,Deelnemer,FAMILY_COPY_STRICT,it+lb+nl+pt
data,lb,B1,2873,Teilnehmer,dalībnieks,Deelnemer,FAMILY_COPY_STRICT,it+lb+nl+pt
data,nl,B1,2873,Teilnehmer,dalībnieks,Deelnemer,FAMILY_COPY_STRICT,it+lb+nl+pt
data,pt,B1,2873,Teilnehmer,dalībnieks,Deelnemer,FAMILY_COPY_STRICT,it+lb+nl+pt
data,pl,B1,2873,Teilnehmer,dalībnieks,Uczestnik,FAMILY_COPY_STRICT,pl+sk+sq+tr
data,sk,B1,2873,Teilnehmer,dalībnieks,Uczestnik,FAMILY_COPY_STRICT,pl+sk+sq+tr
data,sq,B1,2873,Teilnehmer,dalībnieks,Uczestnik,FAMILY_COPY_STRICT,pl+sk+sq+tr
data,tr,B1,2873,Teilnehmer,dalībnieks,Uczestnik,FAMILY_COPY_STRICT,pl+sk+sq+tr
data,hr,B1,2874,teils,daļēji,Делумно,SCRIPT_MISMATCH,
data,hr,B1,2874,teils,daļēji,Делумно,MARKER_LEAK,foreign_script
data,it,B1,2874,teils,daļēji,Daļēji,SAME_AS_LV_CASEFOLD,casefold_only
data,it,B1,2874,teils,daļēji,Daļēji,LV_DIACRITIC,
data,it,B1,2874,teils,daļēji,Daļēji,MARKER_LEAK,lv_macron_consonant
data,lb,B1,2874,teils,daļēji,Daļēji,SAME_AS_LV_CASEFOLD,casefold_only
data,lb,B1,2874,teils,daļēji,Daļēji,LV_DIACRITIC,
data,lb,B1,2874,teils,daļēji,Daļēji,MARKER_LEAK,lv_macron_consonant
data,nl,B1,2874,teils,daļēji,Daļēji,SAME_AS_LV_CASEFOLD,casefold_only
data,nl,B1,2874,teils,daļēji,Daļēji,LV_DIACRITIC,
data,nl,B1,2874,teils,daļēji,Daļēji,MARKER_LEAK,lv_macron_consonant
data,pt,B1,2874,teils,daļēji,Daļēji,SAME_AS_LV_CASEFOLD,casefold_only
data,pt,B1,2874,teils,daļēji,Daļēji,LV_DIACRITIC,
data,pt,B1,2874,teils,daļēji,Daļēji,MARKER_LEAK,lv_macron_consonant
data,sk,B1,2874,teils,daļēji,Częściowo,MARKER_LEAK,pl_l_s_z+pl_lt_nasal
data,sl,B1,2874,teils,daļēji,daļēji,SAME_AS_LV_CASEFOLD,exact
data,sl,B1,2874,teils,daļēji,daļēji,LV_DIACRITIC,
data,sl,B1,2874,teils,daļēji,daļēji,MARKER_LEAK,lv_macron_consonant
data,sq,B1,2874,teils,daļēji,Kısmi,MARKER_LEAK,tr_soft
data,bg,B1,2874,teils,daļēji,Частично,FAMILY_COPY_STRICT,bg+ru
data,ru,B1,2874,teils,daļēji,Частично,FAMILY_COPY_STRICT,bg+ru
data,fi,B1,2874,teils,daļēji,Osaliselt,FAMILY_COPY_STRICT,fi+is+nb+nn+sv
data,is,B1,2874,teils,daļēji,Osaliselt,FAMILY_COPY_STRICT,fi+is+nb+nn+sv
data,nb,B1,2874,teils,daļēji,Osaliselt,FAMILY_COPY_STRICT,fi+is+nb+nn+sv
data,nn,B1,2874,teils,daļēji,Osaliselt,FAMILY_COPY_STRICT,fi+is+nb+nn+sv
data,sv,B1,2874,teils,daļēji,Osaliselt,FAMILY_COPY_STRICT,fi+is+nb+nn+sv
data,hr,B1,2874,teils,daļēji,Делумно,FAMILY_COPY_STRICT,hr+mk+sr
data,mk,B1,2874,teils,daļēji,Делумно,FAMILY_COPY_STRICT,hr+mk+sr
data,sr,B1,2874,teils,daļēji,Делумно,FAMILY_COPY_STRICT,hr+mk+sr
data,it,B1,2874,teils,daļēji,Daļēji,FAMILY_COPY_STRICT,it+lb+nl+pt
data,lb,B1,2874,teils,daļēji,Daļēji,FAMILY_COPY_STRICT,it+lb+nl+pt
data,nl,B1,2874,teils,daļēji,Daļēji,FAMILY_COPY_STRICT,it+lb+nl+pt
data,pt,B1,2874,teils,daļēji,Daļēji,FAMILY_COPY_STRICT,it+lb+nl+pt
data,pl,B1,2874,teils,daļēji,Częściowo,FAMILY_COPY_STRICT,pl+sk
data,sk,B1,2874,teils,daļēji,Częściowo,FAMILY_COPY_STRICT,pl+sk
data,sq,B1,2874,teils,daļēji,Kısmi,FAMILY_COPY_STRICT,sq+tr
data,tr,B1,2874,teils,daļēji,Kısmi,FAMILY_COPY_STRICT,sq+tr
data,hr,B1,2875,teilweise,daļēji,Делумно,SCRIPT_MISMATCH,
data,hr,B1,2875,teilweise,daļēji,Делумно,MARKER_LEAK,foreign_script
data,it,B1,2875,teilweise,daļēji,Daļēji,SAME_AS_LV_CASEFOLD,casefold_only
data,it,B1,2875,teilweise,daļēji,Daļēji,LV_DIACRITIC,
data,it,B1,2875,teilweise,daļēji,Daļēji,MARKER_LEAK,lv_macron_consonant
data,lb,B1,2875,teilweise,daļēji,Daļēji,SAME_AS_LV_CASEFOLD,casefold_only
data,lb,B1,2875,teilweise,daļēji,Daļēji,LV_DIACRITIC,
data,lb,B1,2875,teilweise,daļēji,Daļēji,MARKER_LEAK,lv_macron_consonant
data,nl,B1,2875,teilweise,daļēji,Daļēji,SAME_AS_LV_CASEFOLD,casefold_only
data,nl,B1,2875,teilweise,daļēji,Daļēji,LV_DIACRITIC,
data,nl,B1,2875,teilweise,daļēji,Daļēji,MARKER_LEAK,lv_macron_consonant
data,pt,B1,2875,teilweise,daļēji,Daļēji,SAME_AS_LV_CASEFOLD,casefold_only
data,pt,B1,2875,teilweise,daļēji,Daļēji,LV_DIACRITIC,
data,pt,B1,2875,teilweise,daļēji,Daļēji,MARKER_LEAK,lv_macron_consonant
data,sk,B1,2875,teilweise,daļēji,Częściowo,MARKER_LEAK,pl_l_s_z+pl_lt_nasal
data,sl,B1,2875,teilweise,daļēji,daļēji,SAME_AS_LV_CASEFOLD,exact
data,sl,B1,2875,teilweise,daļēji,daļēji,LV_DIACRITIC,
data,sl,B1,2875,teilweise,daļēji,daļēji,MARKER_LEAK,lv_macron_consonant
data,sq,B1,2875,teilweise,daļēji,Kısmi,MARKER_LEAK,tr_soft
data,bg,B1,2875,teilweise,daļēji,Частично,FAMILY_COPY_STRICT,bg+ru
data,ru,B1,2875,teilweise,daļēji,Частично,FAMILY_COPY_STRICT,bg+ru
data,fi,B1,2875,teilweise,daļēji,Osaliselt,FAMILY_COPY_STRICT,fi+is+nb+nn+sv
data,is,B1,2875,teilweise,daļēji,Osaliselt,FAMILY_COPY_STRICT,fi+is+nb+nn+sv
data,nb,B1,2875,teilweise,daļēji,Osaliselt,FAMILY_COPY_STRICT,fi+is+nb+nn+sv
data,nn,B1,2875,teilweise,daļēji,Osaliselt,FAMILY_COPY_STRICT,fi+is+nb+nn+sv
data,sv,B1,2875,teilweise,daļēji,Osaliselt,FAMILY_COPY_STRICT,fi+is+nb+nn+sv
data,hr,B1,2875,teilweise,daļēji,Делумно,FAMILY_COPY_STRICT,hr+mk+sr
data,mk,B1,2875,teilweise,daļēji,Делумно,FAMILY_COPY_STRICT,hr+mk+sr
data,sr,B1,2875,teilweise,daļēji,Делумно,FAMILY_COPY_STRICT,hr+mk+sr
data,it,B1,2875,teilweise,daļēji,Daļēji,FAMILY_COPY_STRICT,it+lb+nl+pt
data,lb,B1,2875,teilweise,daļēji,Daļēji,FAMILY_COPY_STRICT,it+lb+nl+pt
data,nl,B1,2875,teilweise,daļēji,Daļēji,FAMILY_COPY_STRICT,it+lb+nl+pt
data,pt,B1,2875,teilweise,daļēji,Daļēji,FAMILY_COPY_STRICT,it+lb+nl+pt
data,pl,B1,2875,teilweise,daļēji,Częściowo,FAMILY_COPY_STRICT,pl+sk
data,sk,B1,2875,teilweise,daļēji,Częściowo,FAMILY_COPY_STRICT,pl+sk
data,sq,B1,2875,teilweise,daļēji,Kısmi,FAMILY_COPY_STRICT,sq+tr
data,tr,B1,2875,teilweise,daļēji,Kısmi,FAMILY_COPY_STRICT,sq+tr
data,hr,B1,2876,Teilzahlung,nomaksa pa daļām,Плащане на вноски,SCRIPT_MISMATCH,
data,hr,B1,2876,Teilzahlung,nomaksa pa daļām,Плащане на вноски,MARKER_LEAK,foreign_script
data,it,B1,2876,Teilzahlung,nomaksa pa daļām,Nomaksa pa daļām,SAME_AS_LV_CASEFOLD,casefold_only
data,it,B1,2876,Teilzahlung,nomaksa pa daļām,Nomaksa pa daļām,LV_DIACRITIC,
data,it,B1,2876,Teilzahlung,nomaksa pa daļām,Nomaksa pa daļām,MARKER_LEAK,lv_macron_consonant
data,lb,B1,2876,Teilzahlung,nomaksa pa daļām,Nomaksa pa daļām,SAME_AS_LV_CASEFOLD,casefold_only
data,lb,B1,2876,Teilzahlung,nomaksa pa daļām,Nomaksa pa daļām,LV_DIACRITIC,
data,lb,B1,2876,Teilzahlung,nomaksa pa daļām,Nomaksa pa daļām,MARKER_LEAK,lv_macron_consonant
data,nl,B1,2876,Teilzahlung,nomaksa pa daļām,Nomaksa pa daļām,SAME_AS_LV_CASEFOLD,casefold_only
data,nl,B1,2876,Teilzahlung,nomaksa pa daļām,Nomaksa pa daļām,LV_DIACRITIC,
data,nl,B1,2876,Teilzahlung,nomaksa pa daļām,Nomaksa pa daļām,MARKER_LEAK,lv_macron_consonant
data,pt,B1,2876,Teilzahlung,nomaksa pa daļām,Nomaksa pa daļām,SAME_AS_LV_CASEFOLD,casefold_only
data,pt,B1,2876,Teilzahlung,nomaksa pa daļām,Nomaksa pa daļām,LV_DIACRITIC,
data,pt,B1,2876,Teilzahlung,nomaksa pa daļām,Nomaksa pa daļām,MARKER_LEAK,lv_macron_consonant
data,sk,B1,2876,Teilzahlung,nomaksa pa daļām,Płatność w ratach,MARKER_LEAK,pl_l_s_z
data,sl,B1,2876,Teilzahlung,nomaksa pa daļām,nomaksa pa daļām,SAME_AS_LV_CASEFOLD,exact
data,sl,B1,2876,Teilzahlung,nomaksa pa daļām,nomaksa pa daļām,LV_DIACRITIC,
data,sl,B1,2876,Teilzahlung,nomaksa pa daļām,nomaksa pa daļām,MARKER_LEAK,lv_macron_consonant
data,bg,B1,2876,Teilzahlung,nomaksa pa daļām,Плащане на вноски,FAMILY_COPY_STRICT,bg+hr+mk+sr
data,hr,B1,2876,Teilzahlung,nomaksa pa daļām,Плащане на вноски,FAMILY_COPY_STRICT,bg+hr+mk+sr
data,mk,B1,2876,Teilzahlung,nomaksa pa daļām,Плащане на вноски,FAMILY_COPY_STRICT,bg+hr+mk+sr
data,sr,B1,2876,Teilzahlung,nomaksa pa daļām,Плащане на вноски,FAMILY_COPY_STRICT,bg+hr+mk+sr
data,fi,B1,2876,Teilzahlung,nomaksa pa daļām,Järelmaks,FAMILY_COPY_STRICT,fi+is+nb+nn+sv
data,is,B1,2876,Teilzahlung,nomaksa pa daļām,Järelmaks,FAMILY_COPY_STRICT,fi+is+nb+nn+sv
data,nb,B1,2876,Teilzahlung,nomaksa pa daļām,Järelmaks,FAMILY_COPY_STRICT,fi+is+nb+nn+sv
data,nn,B1,2876,Teilzahlung,nomaksa pa daļām,Järelmaks,FAMILY_COPY_STRICT,fi+is+nb+nn+sv
data,sv,B1,2876,Teilzahlung,nomaksa pa daļām,Järelmaks,FAMILY_COPY_STRICT,fi+is+nb+nn+sv
data,it,B1,2876,Teilzahlung,nomaksa pa daļām,Nomaksa pa daļām,FAMILY_COPY_STRICT,it+lb+nl+pt
data,lb,B1,2876,Teilzahlung,nomaksa pa daļām,Nomaksa pa daļām,FAMILY_COPY_STRICT,it+lb+nl+pt
data,nl,B1,2876,Teilzahlung,nomaksa pa daļām,Nomaksa pa daļām,FAMILY_COPY_STRICT,it+lb+nl+pt
data,pt,B1,2876,Teilzahlung,nomaksa pa daļām,Nomaksa pa daļām,FAMILY_COPY_STRICT,it+lb+nl+pt
data,pl,B1,2876,Teilzahlung,nomaksa pa daļām,Płatność w ratach,FAMILY_COPY_STRICT,pl+sk
data,sk,B1,2876,Teilzahlung,nomaksa pa daļām,Płatność w ratach,FAMILY_COPY_STRICT,pl+sk
data,sq,B1,2876,Teilzahlung,nomaksa pa daļām,Taksitle ödeme,FAMILY_COPY_STRICT,sq+tr
data,tr,B1,2876,Teilzahlung,nomaksa pa daļām,Taksitle ödeme,FAMILY_COPY_STRICT,sq+tr
data,hr,B1,2877,Telefax,fakss,Факс,SCRIPT_MISMATCH,
data,hr,B1,2877,Telefax,fakss,Факс,MARKER_LEAK,foreign_script
data,it,B1,2877,Telefax,fakss,Fakss,SAME_AS_LV_CASEFOLD,casefold_only
data,lb,B1,2877,Telefax,fakss,Fakss,SAME_AS_LV_CASEFOLD,casefold_only
data,nl,B1,2877,Telefax,fakss,Fakss,SAME_AS_LV_CASEFOLD,casefold_only
data,sl,B1,2877,Telefax,fakss,fakss,SAME_AS_LV_CASEFOLD,exact
data,bg,B1,2877,Telefax,fakss,Факс,FAMILY_COPY_STRICT,bg+hr+mk+ru+sr
data,hr,B1,2877,Telefax,fakss,Факс,FAMILY_COPY_STRICT,bg+hr+mk+ru+sr
data,mk,B1,2877,Telefax,fakss,Факс,FAMILY_COPY_STRICT,bg+hr+mk+ru+sr
data,ru,B1,2877,Telefax,fakss,Факс,FAMILY_COPY_STRICT,bg+hr+mk+ru+sr
data,sr,B1,2877,Telefax,fakss,Факс,FAMILY_COPY_STRICT,bg+hr+mk+ru+sr
data,it,B1,2877,Telefax,fakss,Fakss,FAMILY_COPY_STRICT,it+lb+nl
data,lb,B1,2877,Telefax,fakss,Fakss,FAMILY_COPY_STRICT,it+lb+nl
data,nl,B1,2877,Telefax,fakss,Fakss,FAMILY_COPY_STRICT,it+lb+nl
data,hr,B1,2878,Telefonkarte,telekarte,Телекарта,SCRIPT_MISMATCH,
data,hr,B1,2878,Telefonkarte,telekarte,Телекарта,MARKER_LEAK,foreign_script
data,it,B1,2878,Telefonkarte,telekarte,Telekarte,SAME_AS_LV_CASEFOLD,casefold_only
data,lb,B1,2878,Telefonkarte,telekarte,Telekarte,SAME_AS_LV_CASEFOLD,casefold_only
data,nl,B1,2878,Telefonkarte,telekarte,Telekarte,SAME_AS_LV_CASEFOLD,casefold_only
data,sl,B1,2878,Telefonkarte,telekarte,telekarte,SAME_AS_LV_CASEFOLD,exact
data,bg,B1,2878,Telefonkarte,telekarte,Телекарта,FAMILY_COPY_STRICT,bg+hr+mk+ru+sr
data,hr,B1,2878,Telefonkarte,telekarte,Телекарта,FAMILY_COPY_STRICT,bg+hr+mk+ru+sr
data,mk,B1,2878,Telefonkarte,telekarte,Телекарта,FAMILY_COPY_STRICT,bg+hr+mk+ru+sr
data,ru,B1,2878,Telefonkarte,telekarte,Телекарта,FAMILY_COPY_STRICT,bg+hr+mk+ru+sr
data,sr,B1,2878,Telefonkarte,telekarte,Телекарта,FAMILY_COPY_STRICT,bg+hr+mk+ru+sr
data,en,B1,2878,Telefonkarte,telekarte,Telecard,FAMILY_COPY_STRICT,en+ro
data,ro,B1,2878,Telefonkarte,telekarte,Telecard,FAMILY_COPY_STRICT,en+ro
data,fi,B1,2878,Telefonkarte,telekarte,Telefonikaart,FAMILY_COPY_STRICT,fi+is+nb+nn+sv
data,is,B1,2878,Telefonkarte,telekarte,Telefonikaart,FAMILY_COPY_STRICT,fi+is+nb+nn+sv
data,nb,B1,2878,Telefonkarte,telekarte,Telefonikaart,FAMILY_COPY_STRICT,fi+is+nb+nn+sv
data,nn,B1,2878,Telefonkarte,telekarte,Telefonikaart,FAMILY_COPY_STRICT,fi+is+nb+nn+sv
data,sv,B1,2878,Telefonkarte,telekarte,Telefonikaart,FAMILY_COPY_STRICT,fi+is+nb+nn+sv
data,it,B1,2878,Telefonkarte,telekarte,Telekarte,FAMILY_COPY_STRICT,it+lb+nl
data,lb,B1,2878,Telefonkarte,telekarte,Telekarte,FAMILY_COPY_STRICT,it+lb+nl
data,nl,B1,2878,Telefonkarte,telekarte,Telekarte,FAMILY_COPY_STRICT,it+lb+nl
data,pl,B1,2878,Telefonkarte,telekarte,Telekarta,FAMILY_COPY_STRICT,pl+sk+sq+tr
data,sk,B1,2878,Telefonkarte,telekarte,Telekarta,FAMILY_COPY_STRICT,pl+sk+sq+tr
data,sq,B1,2878,Telefonkarte,telekarte,Telekarta,FAMILY_COPY_STRICT,pl+sk+sq+tr
data,tr,B1,2878,Telefonkarte,telekarte,Telekarta,FAMILY_COPY_STRICT,pl+sk+sq+tr
data,hr,B1,2879,Telefonzelle,tālruņa būdiņa,Телефонска говорница,SCRIPT_MISMATCH,
data,hr,B1,2879,Telefonzelle,tālruņa būdiņa,Телефонска говорница,MARKER_LEAK,foreign_script
data,it,B1,2879,Telefonzelle,tālruņa būdiņa,Tālruņa būdiņa,SAME_AS_LV_CASEFOLD,casefold_only
data,it,B1,2879,Telefonzelle,tālruņa būdiņa,Tālruņa būdiņa,LV_DIACRITIC,
data,it,B1,2879,Telefonzelle,tālruņa būdiņa,Tālruņa būdiņa,MARKER_LEAK,lv_macron_consonant+lv_u_macron
data,lb,B1,2879,Telefonzelle,tālruņa būdiņa,Tālruņa būdiņa,SAME_AS_LV_CASEFOLD,casefold_only
data,lb,B1,2879,Telefonzelle,tālruņa būdiņa,Tālruņa būdiņa,LV_DIACRITIC,
data,lb,B1,2879,Telefonzelle,tālruņa būdiņa,Tālruņa būdiņa,MARKER_LEAK,lv_macron_consonant+lv_u_macron
data,nl,B1,2879,Telefonzelle,tālruņa būdiņa,Tālruņa būdiņa,SAME_AS_LV_CASEFOLD,casefold_only
data,nl,B1,2879,Telefonzelle,tālruņa būdiņa,Tālruņa būdiņa,LV_DIACRITIC,
data,nl,B1,2879,Telefonzelle,tālruņa būdiņa,Tālruņa būdiņa,MARKER_LEAK,lv_macron_consonant+lv_u_macron
data,pt,B1,2879,Telefonzelle,tālruņa būdiņa,Talruņa būdiņa,LV_DIACRITIC,
data,pt,B1,2879,Telefonzelle,tālruņa būdiņa,Talruņa būdiņa,MARKER_LEAK,lv_macron_consonant+lv_u_macron
data,sl,B1,2879,Telefonzelle,tālruņa būdiņa,tālruņa būdiņa,SAME_AS_LV_CASEFOLD,exact
data,sl,B1,2879,Telefonzelle,tālruņa būdiņa,tālruņa būdiņa,LV_DIACRITIC,
data,sl,B1,2879,Telefonzelle,tālruņa būdiņa,tālruņa būdiņa,MARKER_LEAK,lv_macron_consonant+lv_u_macron
data,fi,B1,2879,Telefonzelle,tālruņa būdiņa,Telefonikiosk,FAMILY_COPY_STRICT,fi+is+nb+nn+sv
data,is,B1,2879,Telefonzelle,tālruņa būdiņa,Telefonikiosk,FAMILY_COPY_STRICT,fi+is+nb+nn+sv
data,nb,B1,2879,Telefonzelle,tālruņa būdiņa,Telefonikiosk,FAMILY_COPY_STRICT,fi+is+nb+nn+sv
data,nn,B1,2879,Telefonzelle,tālruņa būdiņa,Telefonikiosk,FAMILY_COPY_STRICT,fi+is+nb+nn+sv
data,sv,B1,2879,Telefonzelle,tālruņa būdiņa,Telefonikiosk,FAMILY_COPY_STRICT,fi+is+nb+nn+sv
data,hr,B1,2879,Telefonzelle,tālruņa būdiņa,Телефонска говорница,FAMILY_COPY_STRICT,hr+mk+sr
data,mk,B1,2879,Telefonzelle,tālruņa būdiņa,Телефонска говорница,FAMILY_COPY_STRICT,hr+mk+sr
data,sr,B1,2879,Telefonzelle,tālruņa būdiņa,Телефонска говорница,FAMILY_COPY_STRICT,hr+mk+sr
data,it,B1,2879,Telefonzelle,tālruņa būdiņa,Tālruņa būdiņa,FAMILY_COPY_STRICT,it+lb+nl
data,lb,B1,2879,Telefonzelle,tālruņa būdiņa,Tālruņa būdiņa,FAMILY_COPY_STRICT,it+lb+nl
data,nl,B1,2879,Telefonzelle,tālruņa būdiņa,Tālruņa būdiņa,FAMILY_COPY_STRICT,it+lb+nl
data,pl,B1,2879,Telefonzelle,tālruņa būdiņa,Budka telefoniczna,FAMILY_COPY_STRICT,pl+sk+sq+tr
data,sk,B1,2879,Telefonzelle,tālruņa būdiņa,Budka telefoniczna,FAMILY_COPY_STRICT,pl+sk+sq+tr
data,sq,B1,2879,Telefonzelle,tālruņa būdiņa,Budka telefoniczna,FAMILY_COPY_STRICT,pl+sk+sq+tr
data,tr,B1,2879,Telefonzelle,tālruņa būdiņa,Budka telefoniczna,FAMILY_COPY_STRICT,pl+sk+sq+tr
data,hr,B1,2880,Telegramm,telegramma,Телеграма,SCRIPT_MISMATCH,
data,hr,B1,2880,Telegramm,telegramma,Телеграма,MARKER_LEAK,foreign_script
data,it,B1,2880,Telegramm,telegramma,Telegramma,SAME_AS_LV_CASEFOLD,casefold_only
data,lb,B1,2880,Telegramm,telegramma,Telegramma,SAME_AS_LV_CASEFOLD,casefold_only
data,nl,B1,2880,Telegramm,telegramma,Telegramma,SAME_AS_LV_CASEFOLD,casefold_only
data,sl,B1,2880,Telegramm,telegramma,telegramma,SAME_AS_LV_CASEFOLD,exact
data,bg,B1,2880,Telegramm,telegramma,Телеграма,FAMILY_COPY_STRICT,bg+hr+mk+sr
data,hr,B1,2880,Telegramm,telegramma,Телеграма,FAMILY_COPY_STRICT,bg+hr+mk+sr
data,mk,B1,2880,Telegramm,telegramma,Телеграма,FAMILY_COPY_STRICT,bg+hr+mk+sr
data,sr,B1,2880,Telegramm,telegramma,Телеграма,FAMILY_COPY_STRICT,bg+hr+mk+sr
data,es,B1,2880,Telegramm,telegramma,telegrama,FAMILY_COPY_STRICT,es+lt
data,lt,B1,2880,Telegramm,telegramma,telegrama,FAMILY_COPY_STRICT,es+lt
data,it,B1,2880,Telegramm,telegramma,Telegramma,FAMILY_COPY_STRICT,it+lb+nl
data,lb,B1,2880,Telegramm,telegramma,Telegramma,FAMILY_COPY_STRICT,it+lb+nl
data,nl,B1,2880,Telegramm,telegramma,Telegramma,FAMILY_COPY_STRICT,it+lb+nl
data,hr,B1,2881,Tempo,temps,Температура,SCRIPT_MISMATCH,
data,hr,B1,2881,Tempo,temps,Температура,MARKER_LEAK,foreign_script
data,it,B1,2881,Tempo,temps,Temps,SAME_AS_LV_CASEFOLD,casefold_only
data,lb,B1,2881,Tempo,temps,Temps,SAME_AS_LV_CASEFOLD,casefold_only
data,nl,B1,2881,Tempo,temps,Temps,SAME_AS_LV_CASEFOLD,casefold_only
data,sl,B1,2881,Tempo,temps,temps,SAME_AS_LV_CASEFOLD,exact
data,bg,B1,2881,Tempo,temps,Температура,FAMILY_COPY_STRICT,bg+hr+mk+ru+sr
data,hr,B1,2881,Tempo,temps,Температура,FAMILY_COPY_STRICT,bg+hr+mk+ru+sr
data,mk,B1,2881,Tempo,temps,Температура,FAMILY_COPY_STRICT,bg+hr+mk+ru+sr
data,ru,B1,2881,Tempo,temps,Температура,FAMILY_COPY_STRICT,bg+hr+mk+ru+sr
data,sr,B1,2881,Tempo,temps,Температура,FAMILY_COPY_STRICT,bg+hr+mk+ru+sr
data,it,B1,2881,Tempo,temps,Temps,FAMILY_COPY_STRICT,it+lb+nl
data,lb,B1,2881,Tempo,temps,Temps,FAMILY_COPY_STRICT,it+lb+nl
data,nl,B1,2881,Tempo,temps,Temps,FAMILY_COPY_STRICT,it+lb+nl
data,hr,B1,2882,Testament,testaments,Уил,SCRIPT_MISMATCH,
data,hr,B1,2882,Testament,testaments,Уил,MARKER_LEAK,foreign_script
data,it,B1,2882,Testament,testaments,Testaments,SAME_AS_LV_CASEFOLD,casefold_only
data,lb,B1,2882,Testament,testaments,Testaments,SAME_AS_LV_CASEFOLD,casefold_only
data,nl,B1,2882,Testament,testaments,Testaments,SAME_AS_LV_CASEFOLD,casefold_only
data,sl,B1,2882,Testament,testaments,testaments,SAME_AS_LV_CASEFOLD,exact
data,bg,B1,2882,Testament,testaments,Уил,FAMILY_COPY_STRICT,bg+hr+mk+sr
data,hr,B1,2882,Testament,testaments,Уил,FAMILY_COPY_STRICT,bg+hr+mk+sr
data,mk,B1,2882,Testament,testaments,Уил,FAMILY_COPY_STRICT,bg+hr+mk+sr
data,sr,B1,2882,Testament,testaments,Уил,FAMILY_COPY_STRICT,bg+hr+mk+sr
data,it,B1,2882,Testament,testaments,Testaments,FAMILY_COPY_STRICT,it+lb+nl
data,lb,B1,2882,Testament,testaments,Testaments,FAMILY_COPY_STRICT,it+lb+nl
data,nl,B1,2882,Testament,testaments,Testaments,FAMILY_COPY_STRICT,it+lb+nl
data,hr,B1,2883,testen,izmēģināt,Опитайте го,SCRIPT_MISMATCH,
data,hr,B1,2883,testen,izmēģināt,Опитайте го,MARKER_LEAK,foreign_script
data,it,B1,2883,testen,izmēģināt,Izmēģināt,SAME_AS_LV_CASEFOLD,casefold_only
data,it,B1,2883,testen,izmēģināt,Izmēģināt,LV_DIACRITIC,
data,it,B1,2883,testen,izmēģināt,Izmēģināt,MARKER_LEAK,lv_macron_consonant
data,lb,B1,2883,testen,izmēģināt,Izmēģināt,SAME_AS_LV_CASEFOLD,casefold_only
data,lb,B1,2883,testen,izmēģināt,Izmēģināt,LV_DIACRITIC,
data,lb,B1,2883,testen,izmēģināt,Izmēģināt,MARKER_LEAK,lv_macron_consonant
data,nl,B1,2883,testen,izmēģināt,Izmēģināt,SAME_AS_LV_CASEFOLD,casefold_only
data,nl,B1,2883,testen,izmēģināt,Izmēģināt,LV_DIACRITIC,
data,nl,B1,2883,testen,izmēģināt,Izmēģināt,MARKER_LEAK,lv_macron_consonant
data,pt,B1,2883,testen,izmēģināt,Izmēģinat,LV_DIACRITIC,
data,pt,B1,2883,testen,izmēģināt,Izmēģinat,MARKER_LEAK,lv_macron_consonant
data,sl,B1,2883,testen,izmēģināt,izmēģināt,SAME_AS_LV_CASEFOLD,exact
data,sl,B1,2883,testen,izmēģināt,izmēģināt,LV_DIACRITIC,
data,sl,B1,2883,testen,izmēģināt,izmēģināt,MARKER_LEAK,lv_macron_consonant
data,bg,B1,2883,testen,izmēģināt,Опитайте го,FAMILY_COPY_STRICT,bg+hr+mk+sr
data,hr,B1,2883,testen,izmēģināt,Опитайте го,FAMILY_COPY_STRICT,bg+hr+mk+sr
data,mk,B1,2883,testen,izmēģināt,Опитайте го,FAMILY_COPY_STRICT,bg+hr+mk+sr
data,sr,B1,2883,testen,izmēģināt,Опитайте го,FAMILY_COPY_STRICT,bg+hr+mk+sr
data,fi,B1,2883,testen,izmēģināt,Proovima,FAMILY_COPY_STRICT,fi+is+nb+nn+sv
data,is,B1,2883,testen,izmēģināt,Proovima,FAMILY_COPY_STRICT,fi+is+nb+nn+sv
data,nb,B1,2883,testen,izmēģināt,Proovima,FAMILY_COPY_STRICT,fi+is+nb+nn+sv
data,nn,B1,2883,testen,izmēģināt,Proovima,FAMILY_COPY_STRICT,fi+is+nb+nn+sv
data,sv,B1,2883,testen,izmēģināt,Proovima,FAMILY_COPY_STRICT,fi+is+nb+nn+sv
data,it,B1,2883,testen,izmēģināt,Izmēģināt,FAMILY_COPY_STRICT,it+lb+nl
data,lb,B1,2883,testen,izmēģināt,Izmēģināt,FAMILY_COPY_STRICT,it+lb+nl
data,nl,B1,2883,testen,izmēģināt,Izmēģināt,FAMILY_COPY_STRICT,it+lb+nl
data,hr,B1,2884,Textilwaren,tekstilpreces,Текстилни стоки,SCRIPT_MISMATCH,
data,hr,B1,2884,Textilwaren,tekstilpreces,Текстилни стоки,MARKER_LEAK,foreign_script
data,it,B1,2884,Textilwaren,tekstilpreces,Tekstilpreces,SAME_AS_LV_CASEFOLD,casefold_only
data,lb,B1,2884,Textilwaren,tekstilpreces,Tekstilpreces,SAME_AS_LV_CASEFOLD,casefold_only
data,nl,B1,2884,Textilwaren,tekstilpreces,Tekstilpreces,SAME_AS_LV_CASEFOLD,casefold_only
data,sl,B1,2884,Textilwaren,tekstilpreces,tekstilpreces,SAME_AS_LV_CASEFOLD,exact
data,bg,B1,2884,Textilwaren,tekstilpreces,Текстилни стоки,FAMILY_COPY_STRICT,bg+hr+mk+sr
data,hr,B1,2884,Textilwaren,tekstilpreces,Текстилни стоки,FAMILY_COPY_STRICT,bg+hr+mk+sr
data,mk,B1,2884,Textilwaren,tekstilpreces,Текстилни стоки,FAMILY_COPY_STRICT,bg+hr+mk+sr
data,sr,B1,2884,Textilwaren,tekstilpreces,Текстилни стоки,FAMILY_COPY_STRICT,bg+hr+mk+sr
data,fi,B1,2884,Textilwaren,tekstilpreces,Tekstiilikaubad,FAMILY_COPY_STRICT,fi+is+nb+nn+sv
data,is,B1,2884,Textilwaren,tekstilpreces,Tekstiilikaubad,FAMILY_COPY_STRICT,fi+is+nb+nn+sv
data,nb,B1,2884,Textilwaren,tekstilpreces,Tekstiilikaubad,FAMILY_COPY_STRICT,fi+is+nb+nn+sv
data,nn,B1,2884,Textilwaren,tekstilpreces,Tekstiilikaubad,FAMILY_COPY_STRICT,fi+is+nb+nn+sv
data,sv,B1,2884,Textilwaren,tekstilpreces,Tekstiilikaubad,FAMILY_COPY_STRICT,fi+is+nb+nn+sv
data,it,B1,2884,Textilwaren,tekstilpreces,Tekstilpreces,FAMILY_COPY_STRICT,it+lb+nl
data,lb,B1,2884,Textilwaren,tekstilpreces,Tekstilpreces,FAMILY_COPY_STRICT,it+lb+nl
data,nl,B1,2884,Textilwaren,tekstilpreces,Tekstilpreces,FAMILY_COPY_STRICT,it+lb+nl
data,pl,B1,2884,Textilwaren,tekstilpreces,Towary tekstylne,FAMILY_COPY_STRICT,pl+sk+sq+tr
data,sk,B1,2884,Textilwaren,tekstilpreces,Towary tekstylne,FAMILY_COPY_STRICT,pl+sk+sq+tr
data,sq,B1,2884,Textilwaren,tekstilpreces,Towary tekstylne,FAMILY_COPY_STRICT,pl+sk+sq+tr
data,tr,B1,2884,Textilwaren,tekstilpreces,Towary tekstylne,FAMILY_COPY_STRICT,pl+sk+sq+tr
data,hr,B1,2885,Theke,lete,Брояч,SCRIPT_MISMATCH,
data,hr,B1,2885,Theke,lete,Брояч,MARKER_LEAK,foreign_script
data,it,B1,2885,Theke,lete,Lete,SAME_AS_LV_CASEFOLD,casefold_only
data,lb,B1,2885,Theke,lete,Lete,SAME_AS_LV_CASEFOLD,casefold_only
data,nl,B1,2885,Theke,lete,Lete,SAME_AS_LV_CASEFOLD,casefold_only
data,pt,B1,2885,Theke,lete,Lete,SAME_AS_LV_CASEFOLD,casefold_only
data,sl,B1,2885,Theke,lete,lete,SAME_AS_LV_CASEFOLD,exact
data,bg,B1,2885,Theke,lete,Брояч,FAMILY_COPY_STRICT,bg+hr+mk+sr
data,hr,B1,2885,Theke,lete,Брояч,FAMILY_COPY_STRICT,bg+hr+mk+sr
data,mk,B1,2885,Theke,lete,Брояч,FAMILY_COPY_STRICT,bg+hr+mk+sr
data,sr,B1,2885,Theke,lete,Брояч,FAMILY_COPY_STRICT,bg+hr+mk+sr
data,fi,B1,2885,Theke,lete,Lett,FAMILY_COPY_STRICT,fi+is+nb+nn+sv
data,is,B1,2885,Theke,lete,Lett,FAMILY_COPY_STRICT,fi+is+nb+nn+sv
data,nb,B1,2885,Theke,lete,Lett,FAMILY_COPY_STRICT,fi+is+nb+nn+sv
data,nn,B1,2885,Theke,lete,Lett,FAMILY_COPY_STRICT,fi+is+nb+nn+sv
data,sv,B1,2885,Theke,lete,Lett,FAMILY_COPY_STRICT,fi+is+nb+nn+sv
data,it,B1,2885,Theke,lete,Lete,FAMILY_COPY_STRICT,it+lb+nl+pt
data,lb,B1,2885,Theke,lete,Lete,FAMILY_COPY_STRICT,it+lb+nl+pt
data,nl,B1,2885,Theke,lete,Lete,FAMILY_COPY_STRICT,it+lb+nl+pt
data,pt,B1,2885,Theke,lete,Lete,FAMILY_COPY_STRICT,it+lb+nl+pt
data,pl,B1,2885,Theke,lete,Lada,FAMILY_COPY_STRICT,pl+sk+sq+tr
data,sk,B1,2885,Theke,lete,Lada,FAMILY_COPY_STRICT,pl+sk+sq+tr
data,sq,B1,2885,Theke,lete,Lada,FAMILY_COPY_STRICT,pl+sk+sq+tr
data,tr,B1,2885,Theke,lete,Lada,FAMILY_COPY_STRICT,pl+sk+sq+tr
data,hr,B1,2886,Tiefe,dziļums,Длабочина,SCRIPT_MISMATCH,
data,hr,B1,2886,Tiefe,dziļums,Длабочина,MARKER_LEAK,foreign_script
data,it,B1,2886,Tiefe,dziļums,Dziļums,SAME_AS_LV_CASEFOLD,casefold_only
data,it,B1,2886,Tiefe,dziļums,Dziļums,LV_DIACRITIC,
data,it,B1,2886,Tiefe,dziļums,Dziļums,MARKER_LEAK,lv_macron_consonant
data,lb,B1,2886,Tiefe,dziļums,Dziļums,SAME_AS_LV_CASEFOLD,casefold_only
data,lb,B1,2886,Tiefe,dziļums,Dziļums,LV_DIACRITIC,
data,lb,B1,2886,Tiefe,dziļums,Dziļums,MARKER_LEAK,lv_macron_consonant
data,nl,B1,2886,Tiefe,dziļums,Dziļums,SAME_AS_LV_CASEFOLD,casefold_only
data,nl,B1,2886,Tiefe,dziļums,Dziļums,LV_DIACRITIC,
data,nl,B1,2886,Tiefe,dziļums,Dziļums,MARKER_LEAK,lv_macron_consonant
data,pt,B1,2886,Tiefe,dziļums,Dziļums,SAME_AS_LV_CASEFOLD,casefold_only
data,pt,B1,2886,Tiefe,dziļums,Dziļums,LV_DIACRITIC,
data,pt,B1,2886,Tiefe,dziļums,Dziļums,MARKER_LEAK,lv_macron_consonant
data,sk,B1,2886,Tiefe,dziļums,Głębokość,MARKER_LEAK,pl_l_s_z+pl_lt_nasal
data,sl,B1,2886,Tiefe,dziļums,dziļums,SAME_AS_LV_CASEFOLD,exact
data,sl,B1,2886,Tiefe,dziļums,dziļums,LV_DIACRITIC,
data,sl,B1,2886,Tiefe,dziļums,dziļums,MARKER_LEAK,lv_macron_consonant
data,fi,B1,2886,Tiefe,dziļums,Sügavus,FAMILY_COPY_STRICT,fi+is+nb+nn+sv
data,is,B1,2886,Tiefe,dziļums,Sügavus,FAMILY_COPY_STRICT,fi+is+nb+nn+sv
data,nb,B1,2886,Tiefe,dziļums,Sügavus,FAMILY_COPY_STRICT,fi+is+nb+nn+sv
data,nn,B1,2886,Tiefe,dziļums,Sügavus,FAMILY_COPY_STRICT,fi+is+nb+nn+sv
data,sv,B1,2886,Tiefe,dziļums,Sügavus,FAMILY_COPY_STRICT,fi+is+nb+nn+sv
data,hr,B1,2886,Tiefe,dziļums,Длабочина,FAMILY_COPY_STRICT,hr+mk+sr
data,mk,B1,2886,Tiefe,dziļums,Длабочина,FAMILY_COPY_STRICT,hr+mk+sr
data,sr,B1,2886,Tiefe,dziļums,Длабочина,FAMILY_COPY_STRICT,hr+mk+sr
data,it,B1,2886,Tiefe,dziļums,Dziļums,FAMILY_COPY_STRICT,it+lb+nl+pt
data,lb,B1,2886,Tiefe,dziļums,Dziļums,FAMILY_COPY_STRICT,it+lb+nl+pt
data,nl,B1,2886,Tiefe,dziļums,Dziļums,FAMILY_COPY_STRICT,it+lb+nl+pt
data,pt,B1,2886,Tiefe,dziļums,Dziļums,FAMILY_COPY_STRICT,it+lb+nl+pt
data,pl,B1,2886,Tiefe,dziļums,Głębokość,FAMILY_COPY_STRICT,pl+sk
data,sk,B1,2886,Tiefe,dziļums,Głębokość,FAMILY_COPY_STRICT,pl+sk
data,sq,B1,2886,Tiefe,dziļums,Derinlik,FAMILY_COPY_STRICT,sq+tr
data,tr,B1,2886,Tiefe,dziļums,Derinlik,FAMILY_COPY_STRICT,sq+tr
data,et,B1,2887,Tiefgarage,pazemes garāža,maa-alune garaaž,LV_DIACRITIC,
data,fi,B1,2887,Tiefgarage,pazemes garāža,Maa-alune garaaž,LV_DIACRITIC,
data,hr,B1,2887,Tiefgarage,pazemes garāža,Подземен гараж,SCRIPT_MISMATCH,
data,hr,B1,2887,Tiefgarage,pazemes garāža,Подземен гараж,MARKER_LEAK,foreign_script
data,is,B1,2887,Tiefgarage,pazemes garāža,Maa-alune garaaž,LV_DIACRITIC,
data,it,B1,2887,Tiefgarage,pazemes garāža,Pazemes garāža,SAME_AS_LV_CASEFOLD,casefold_only
data,it,B1,2887,Tiefgarage,pazemes garāža,Pazemes garāža,LV_DIACRITIC,
data,it,B1,2887,Tiefgarage,pazemes garāža,Pazemes garāža,MARKER_LEAK,lv_macron_consonant
data,lb,B1,2887,Tiefgarage,pazemes garāža,Pazemes garāža,SAME_AS_LV_CASEFOLD,casefold_only
data,lb,B1,2887,Tiefgarage,pazemes garāža,Pazemes garāža,LV_DIACRITIC,
data,lb,B1,2887,Tiefgarage,pazemes garāža,Pazemes garāža,MARKER_LEAK,lv_macron_consonant
data,nb,B1,2887,Tiefgarage,pazemes garāža,Maa-alune garaaž,LV_DIACRITIC,
data,nl,B1,2887,Tiefgarage,pazemes garāža,Pazemes garāža,SAME_AS_LV_CASEFOLD,casefold_only
data,nl,B1,2887,Tiefgarage,pazemes garāža,Pazemes garāža,LV_DIACRITIC,
data,nl,B1,2887,Tiefgarage,pazemes garāža,Pazemes garāža,MARKER_LEAK,lv_macron_consonant
data,nn,B1,2887,Tiefgarage,pazemes garāža,Maa-alune garaaž,LV_DIACRITIC,
data,pt,B1,2887,Tiefgarage,pazemes garāža,Pazemes garāža,SAME_AS_LV_CASEFOLD,casefold_only
data,pt,B1,2887,Tiefgarage,pazemes garāža,Pazemes garāža,LV_DIACRITIC,
data,pt,B1,2887,Tiefgarage,pazemes garāža,Pazemes garāža,MARKER_LEAK,lv_macron_consonant
data,sl,B1,2887,Tiefgarage,pazemes garāža,pazemes garāža,SAME_AS_LV_CASEFOLD,exact
data,sl,B1,2887,Tiefgarage,pazemes garāža,pazemes garāža,LV_DIACRITIC,
data,sl,B1,2887,Tiefgarage,pazemes garāža,pazemes garāža,MARKER_LEAK,lv_macron_consonant
data,sq,B1,2887,Tiefgarage,pazemes garāža,Yeraltı garajı,MARKER_LEAK,tr_soft
data,sv,B1,2887,Tiefgarage,pazemes garāža,Maa-alune garaaž,LV_DIACRITIC,
data,bg,B1,2887,Tiefgarage,pazemes garāža,Подземен гараж,FAMILY_COPY_STRICT,bg+hr+mk+sr
data,hr,B1,2887,Tiefgarage,pazemes garāža,Подземен гараж,FAMILY_COPY_STRICT,bg+hr+mk+sr
data,mk,B1,2887,Tiefgarage,pazemes garāža,Подземен гараж,FAMILY_COPY_STRICT,bg+hr+mk+sr
data,sr,B1,2887,Tiefgarage,pazemes garāža,Подземен гараж,FAMILY_COPY_STRICT,bg+hr+mk+sr
data,fi,B1,2887,Tiefgarage,pazemes garāža,Maa-alune garaaž,FAMILY_COPY_STRICT,fi+is+nb+nn+sv
data,is,B1,2887,Tiefgarage,pazemes garāža,Maa-alune garaaž,FAMILY_COPY_STRICT,fi+is+nb+nn+sv
data,nb,B1,2887,Tiefgarage,pazemes garāža,Maa-alune garaaž,FAMILY_COPY_STRICT,fi+is+nb+nn+sv
data,nn,B1,2887,Tiefgarage,pazemes garāža,Maa-alune garaaž,FAMILY_COPY_STRICT,fi+is+nb+nn+sv
data,sv,B1,2887,Tiefgarage,pazemes garāža,Maa-alune garaaž,FAMILY_COPY_STRICT,fi+is+nb+nn+sv
data,it,B1,2887,Tiefgarage,pazemes garāža,Pazemes garāža,FAMILY_COPY_STRICT,it+lb+nl+pt
data,lb,B1,2887,Tiefgarage,pazemes garāža,Pazemes garāža,FAMILY_COPY_STRICT,it+lb+nl+pt
data,nl,B1,2887,Tiefgarage,pazemes garāža,Pazemes garāža,FAMILY_COPY_STRICT,it+lb+nl+pt
data,pt,B1,2887,Tiefgarage,pazemes garāža,Pazemes garāža,FAMILY_COPY_STRICT,it+lb+nl+pt
data,sq,B1,2887,Tiefgarage,pazemes garāža,Yeraltı garajı,FAMILY_COPY_STRICT,sq+tr
data,tr,B1,2887,Tiefgarage,pazemes garāža,Yeraltı garajı,FAMILY_COPY_STRICT,sq+tr
data,hr,B1,2888,Tiefkühlfach,saldētājkamera,Фризер,SCRIPT_MISMATCH,
data,hr,B1,2888,Tiefkühlfach,saldētājkamera,Фризер,MARKER_LEAK,foreign_script
data,it,B1,2888,Tiefkühlfach,saldētājkamera,Saldētājkamera,SAME_AS_LV_CASEFOLD,casefold_only
data,it,B1,2888,Tiefkühlfach,saldētājkamera,Saldētājkamera,LV_DIACRITIC,
data,it,B1,2888,Tiefkühlfach,saldētājkamera,Saldētājkamera,MARKER_LEAK,lv_macron_consonant
data,lb,B1,2888,Tiefkühlfach,saldētājkamera,Saldētājkamera,SAME_AS_LV_CASEFOLD,casefold_only
data,lb,B1,2888,Tiefkühlfach,saldētājkamera,Saldētājkamera,LV_DIACRITIC,
data,lb,B1,2888,Tiefkühlfach,saldētājkamera,Saldētājkamera,MARKER_LEAK,lv_macron_consonant
data,nl,B1,2888,Tiefkühlfach,saldētājkamera,Saldētājkamera,SAME_AS_LV_CASEFOLD,casefold_only
data,nl,B1,2888,Tiefkühlfach,saldētājkamera,Saldētājkamera,LV_DIACRITIC,
data,nl,B1,2888,Tiefkühlfach,saldētājkamera,Saldētājkamera,MARKER_LEAK,lv_macron_consonant
data,pt,B1,2888,Tiefkühlfach,saldētājkamera,Saldetājkamera,LV_DIACRITIC,
data,pt,B1,2888,Tiefkühlfach,saldētājkamera,Saldetājkamera,MARKER_LEAK,lv_macron_consonant
data,sk,B1,2888,Tiefkühlfach,saldētājkamera,Zamrażarka,MARKER_LEAK,pl_l_s_z
data,sl,B1,2888,Tiefkühlfach,saldētājkamera,saldētājkamera,SAME_AS_LV_CASEFOLD,exact
data,sl,B1,2888,Tiefkühlfach,saldētājkamera,saldētājkamera,LV_DIACRITIC,
data,sl,B1,2888,Tiefkühlfach,saldētājkamera,saldētājkamera,MARKER_LEAK,lv_macron_consonant
data,bg,B1,2888,Tiefkühlfach,saldētājkamera,Фризер,FAMILY_COPY_STRICT,bg+hr+mk+sr
data,hr,B1,2888,Tiefkühlfach,saldētājkamera,Фризер,FAMILY_COPY_STRICT,bg+hr+mk+sr
data,mk,B1,2888,Tiefkühlfach,saldētājkamera,Фризер,FAMILY_COPY_STRICT,bg+hr+mk+sr
data,sr,B1,2888,Tiefkühlfach,saldētājkamera,Фризер,FAMILY_COPY_STRICT,bg+hr+mk+sr
data,fi,B1,2888,Tiefkühlfach,saldētājkamera,Sügavkülmik,FAMILY_COPY_STRICT,fi+is+nb+nn+sv
data,is,B1,2888,Tiefkühlfach,saldētājkamera,Sügavkülmik,FAMILY_COPY_STRICT,fi+is+nb+nn+sv
data,nb,B1,2888,Tiefkühlfach,saldētājkamera,Sügavkülmik,FAMILY_COPY_STRICT,fi+is+nb+nn+sv
data,nn,B1,2888,Tiefkühlfach,saldētājkamera,Sügavkülmik,FAMILY_COPY_STRICT,fi+is+nb+nn+sv
data,sv,B1,2888,Tiefkühlfach,saldētājkamera,Sügavkülmik,FAMILY_COPY_STRICT,fi+is+nb+nn+sv
data,it,B1,2888,Tiefkühlfach,saldētājkamera,Saldētājkamera,FAMILY_COPY_STRICT,it+lb+nl
data,lb,B1,2888,Tiefkühlfach,saldētājkamera,Saldētājkamera,FAMILY_COPY_STRICT,it+lb+nl
data,nl,B1,2888,Tiefkühlfach,saldētājkamera,Saldētājkamera,FAMILY_COPY_STRICT,it+lb+nl
data,pl,B1,2888,Tiefkühlfach,saldētājkamera,Zamrażarka,FAMILY_COPY_STRICT,pl+sk
data,sk,B1,2888,Tiefkühlfach,saldētājkamera,Zamrażarka,FAMILY_COPY_STRICT,pl+sk
data,sq,B1,2888,Tiefkühlfach,saldētājkamera,Dondurucu,FAMILY_COPY_STRICT,sq+tr
data,tr,B1,2888,Tiefkühlfach,saldētājkamera,Dondurucu,FAMILY_COPY_STRICT,sq+tr
data,hr,B1,2889,Tiefland,zemiene,Низина,SCRIPT_MISMATCH,
data,hr,B1,2889,Tiefland,zemiene,Низина,MARKER_LEAK,foreign_script
data,it,B1,2889,Tiefland,zemiene,Zemiene,SAME_AS_LV_CASEFOLD,casefold_only
data,lb,B1,2889,Tiefland,zemiene,Zemiene,SAME_AS_LV_CASEFOLD,casefold_only
data,nl,B1,2889,Tiefland,zemiene,Zemiene,SAME_AS_LV_CASEFOLD,casefold_only
data,pt,B1,2889,Tiefland,zemiene,Zemiene,SAME_AS_LV_CASEFOLD,casefold_only
data,sl,B1,2889,Tiefland,zemiene,zemiene,SAME_AS_LV_CASEFOLD,exact
data,bg,B1,2889,Tiefland,zemiene,Низина,FAMILY_COPY_STRICT,bg+hr+mk+sr
data,hr,B1,2889,Tiefland,zemiene,Низина,FAMILY_COPY_STRICT,bg+hr+mk+sr
data,mk,B1,2889,Tiefland,zemiene,Низина,FAMILY_COPY_STRICT,bg+hr+mk+sr
data,sr,B1,2889,Tiefland,zemiene,Низина,FAMILY_COPY_STRICT,bg+hr+mk+sr
data,fi,B1,2889,Tiefland,zemiene,Madalik,FAMILY_COPY_STRICT,fi+is+nb+nn+sv
data,is,B1,2889,Tiefland,zemiene,Madalik,FAMILY_COPY_STRICT,fi+is+nb+nn+sv
data,nb,B1,2889,Tiefland,zemiene,Madalik,FAMILY_COPY_STRICT,fi+is+nb+nn+sv
data,nn,B1,2889,Tiefland,zemiene,Madalik,FAMILY_COPY_STRICT,fi+is+nb+nn+sv
data,sv,B1,2889,Tiefland,zemiene,Madalik,FAMILY_COPY_STRICT,fi+is+nb+nn+sv
data,it,B1,2889,Tiefland,zemiene,Zemiene,FAMILY_COPY_STRICT,it+lb+nl+pt
data,lb,B1,2889,Tiefland,zemiene,Zemiene,FAMILY_COPY_STRICT,it+lb+nl+pt
data,nl,B1,2889,Tiefland,zemiene,Zemiene,FAMILY_COPY_STRICT,it+lb+nl+pt
data,pt,B1,2889,Tiefland,zemiene,Zemiene,FAMILY_COPY_STRICT,it+lb+nl+pt
data,pl,B1,2889,Tiefland,zemiene,Nizinny,FAMILY_COPY_STRICT,pl+sk+sq+tr
data,sk,B1,2889,Tiefland,zemiene,Nizinny,FAMILY_COPY_STRICT,pl+sk+sq+tr
data,sq,B1,2889,Tiefland,zemiene,Nizinny,FAMILY_COPY_STRICT,pl+sk+sq+tr
data,tr,B1,2889,Tiefland,zemiene,Nizinny,FAMILY_COPY_STRICT,pl+sk+sq+tr
data,hr,B1,2890,Tierhandlung,zooveikals,Зоомагазин,SCRIPT_MISMATCH,
data,hr,B1,2890,Tierhandlung,zooveikals,Зоомагазин,MARKER_LEAK,foreign_script
data,it,B1,2890,Tierhandlung,zooveikals,Zooveikals,SAME_AS_LV_CASEFOLD,casefold_only
data,lb,B1,2890,Tierhandlung,zooveikals,Zooveikals,SAME_AS_LV_CASEFOLD,casefold_only
data,nl,B1,2890,Tierhandlung,zooveikals,Zooveikals,SAME_AS_LV_CASEFOLD,casefold_only
data,sl,B1,2890,Tierhandlung,zooveikals,zooveikals,SAME_AS_LV_CASEFOLD,exact
data,bg,B1,2890,Tierhandlung,zooveikals,Зоомагазин,FAMILY_COPY_STRICT,bg+hr+mk+ru+sr
data,hr,B1,2890,Tierhandlung,zooveikals,Зоомагазин,FAMILY_COPY_STRICT,bg+hr+mk+ru+sr
data,mk,B1,2890,Tierhandlung,zooveikals,Зоомагазин,FAMILY_COPY_STRICT,bg+hr+mk+ru+sr
data,ru,B1,2890,Tierhandlung,zooveikals,Зоомагазин,FAMILY_COPY_STRICT,bg+hr+mk+ru+sr
data,sr,B1,2890,Tierhandlung,zooveikals,Зоомагазин,FAMILY_COPY_STRICT,bg+hr+mk+ru+sr
data,fi,B1,2890,Tierhandlung,zooveikals,Loomapood,FAMILY_COPY_STRICT,fi+is+nb+nn+sv
data,is,B1,2890,Tierhandlung,zooveikals,Loomapood,FAMILY_COPY_STRICT,fi+is+nb+nn+sv
data,nb,B1,2890,Tierhandlung,zooveikals,Loomapood,FAMILY_COPY_STRICT,fi+is+nb+nn+sv
data,nn,B1,2890,Tierhandlung,zooveikals,Loomapood,FAMILY_COPY_STRICT,fi+is+nb+nn+sv
data,sv,B1,2890,Tierhandlung,zooveikals,Loomapood,FAMILY_COPY_STRICT,fi+is+nb+nn+sv
data,it,B1,2890,Tierhandlung,zooveikals,Zooveikals,FAMILY_COPY_STRICT,it+lb+nl
data,lb,B1,2890,Tierhandlung,zooveikals,Zooveikals,FAMILY_COPY_STRICT,it+lb+nl
data,nl,B1,2890,Tierhandlung,zooveikals,Zooveikals,FAMILY_COPY_STRICT,it+lb+nl
data,pl,B1,2890,Tierhandlung,zooveikals,Sklep zoologiczny,FAMILY_COPY_STRICT,pl+sk+sq+tr
data,sk,B1,2890,Tierhandlung,zooveikals,Sklep zoologiczny,FAMILY_COPY_STRICT,pl+sk+sq+tr
data,sq,B1,2890,Tierhandlung,zooveikals,Sklep zoologiczny,FAMILY_COPY_STRICT,pl+sk+sq+tr
data,tr,B1,2890,Tierhandlung,zooveikals,Sklep zoologiczny,FAMILY_COPY_STRICT,pl+sk+sq+tr
data,it,B1,2891,Titel,nosaukums,Nosaukums,SAME_AS_LV_CASEFOLD,casefold_only
data,lb,B1,2891,Titel,nosaukums,Nosaukums,SAME_AS_LV_CASEFOLD,casefold_only
data,nl,B1,2891,Titel,nosaukums,Nosaukums,SAME_AS_LV_CASEFOLD,casefold_only
data,pt,B1,2891,Titel,nosaukums,Nosaukums,SAME_AS_LV_CASEFOLD,casefold_only
data,sl,B1,2891,Titel,nosaukums,nosaukums,SAME_AS_LV_CASEFOLD,exact
data,sq,B1,2891,Titel,nosaukums,İsim,MARKER_LEAK,tr_soft
data,sr,B1,2891,Titel,nosaukums,Ime,SCRIPT_MISMATCH,sr_as_cyrillic
data,sr,B1,2891,Titel,nosaukums,Ime,MARKER_LEAK,latin_in_cyrillic
data,bg,B1,2891,Titel,nosaukums,Име,FAMILY_COPY_STRICT,bg+mk
data,mk,B1,2891,Titel,nosaukums,Име,FAMILY_COPY_STRICT,bg+mk
data,bs,B1,2891,Titel,nosaukums,Ime,FAMILY_COPY_STRICT,bs+hr+sr
data,hr,B1,2891,Titel,nosaukums,Ime,FAMILY_COPY_STRICT,bs+hr+sr
data,sr,B1,2891,Titel,nosaukums,Ime,FAMILY_COPY_STRICT,bs+hr+sr
data,fi,B1,2891,Titel,nosaukums,Pealkiri,FAMILY_COPY_STRICT,fi+is+nb+nn+sv
data,is,B1,2891,Titel,nosaukums,Pealkiri,FAMILY_COPY_STRICT,fi+is+nb+nn+sv
data,nb,B1,2891,Titel,nosaukums,Pealkiri,FAMILY_COPY_STRICT,fi+is+nb+nn+sv
data,nn,B1,2891,Titel,nosaukums,Pealkiri,FAMILY_COPY_STRICT,fi+is+nb+nn+sv
data,sv,B1,2891,Titel,nosaukums,Pealkiri,FAMILY_COPY_STRICT,fi+is+nb+nn+sv
data,it,B1,2891,Titel,nosaukums,Nosaukums,FAMILY_COPY_STRICT,it+lb+nl+pt
data,lb,B1,2891,Titel,nosaukums,Nosaukums,FAMILY_COPY_STRICT,it+lb+nl+pt
data,nl,B1,2891,Titel,nosaukums,Nosaukums,FAMILY_COPY_STRICT,it+lb+nl+pt
data,pt,B1,2891,Titel,nosaukums,Nosaukums,FAMILY_COPY_STRICT,it+lb+nl+pt
data,pl,B1,2891,Titel,nosaukums,Nazwa,FAMILY_COPY_STRICT,pl+sk
data,sk,B1,2891,Titel,nosaukums,Nazwa,FAMILY_COPY_STRICT,pl+sk
data,sq,B1,2891,Titel,nosaukums,İsim,FAMILY_COPY_STRICT,sq+tr
data,tr,B1,2891,Titel,nosaukums,İsim,FAMILY_COPY_STRICT,sq+tr
data,hr,B1,2892,toasten,grauzdēt maizītes,Тост кифлички,SCRIPT_MISMATCH,
data,hr,B1,2892,toasten,grauzdēt maizītes,Тост кифлички,MARKER_LEAK,foreign_script
data,it,B1,2892,toasten,grauzdēt maizītes,Grauzdēt maizītes,SAME_AS_LV_CASEFOLD,casefold_only
data,it,B1,2892,toasten,grauzdēt maizītes,Grauzdēt maizītes,LV_DIACRITIC,
data,it,B1,2892,toasten,grauzdēt maizītes,Grauzdēt maizītes,MARKER_LEAK,lv_macron_consonant
data,lb,B1,2892,toasten,grauzdēt maizītes,Grauzdēt maizītes,SAME_AS_LV_CASEFOLD,casefold_only
data,lb,B1,2892,toasten,grauzdēt maizītes,Grauzdēt maizītes,LV_DIACRITIC,
data,lb,B1,2892,toasten,grauzdēt maizītes,Grauzdēt maizītes,MARKER_LEAK,lv_macron_consonant
data,nl,B1,2892,toasten,grauzdēt maizītes,Grauzdēt maizītes,SAME_AS_LV_CASEFOLD,casefold_only
data,nl,B1,2892,toasten,grauzdēt maizītes,Grauzdēt maizītes,LV_DIACRITIC,
data,nl,B1,2892,toasten,grauzdēt maizītes,Grauzdēt maizītes,MARKER_LEAK,lv_macron_consonant
data,pt,B1,2892,toasten,grauzdēt maizītes,Grauzdēt maizītes,SAME_AS_LV_CASEFOLD,casefold_only
data,pt,B1,2892,toasten,grauzdēt maizītes,Grauzdēt maizītes,LV_DIACRITIC,
data,pt,B1,2892,toasten,grauzdēt maizītes,Grauzdēt maizītes,MARKER_LEAK,lv_macron_consonant
data,sk,B1,2892,toasten,grauzdēt maizītes,Bułki tostowe,MARKER_LEAK,pl_l_s_z
data,sl,B1,2892,toasten,grauzdēt maizītes,grauzdēt maizītes,SAME_AS_LV_CASEFOLD,exact
data,sl,B1,2892,toasten,grauzdēt maizītes,grauzdēt maizītes,LV_DIACRITIC,
data,sl,B1,2892,toasten,grauzdēt maizītes,grauzdēt maizītes,MARKER_LEAK,lv_macron_consonant
data,sq,B1,2892,toasten,grauzdēt maizītes,Tost ruloları,MARKER_LEAK,tr_soft
data,bg,B1,2892,toasten,grauzdēt maizītes,Тост кифлички,FAMILY_COPY_STRICT,bg+hr+mk+sr
data,hr,B1,2892,toasten,grauzdēt maizītes,Тост кифлички,FAMILY_COPY_STRICT,bg+hr+mk+sr
data,mk,B1,2892,toasten,grauzdēt maizītes,Тост кифлички,FAMILY_COPY_STRICT,bg+hr+mk+sr
data,sr,B1,2892,toasten,grauzdēt maizītes,Тост кифлички,FAMILY_COPY_STRICT,bg+hr+mk+sr
data,fi,B1,2892,toasten,grauzdēt maizītes,Röstsaia röstima,FAMILY_COPY_STRICT,fi+is+nb+nn+sv
data,is,B1,2892,toasten,grauzdēt maizītes,Röstsaia röstima,FAMILY_COPY_STRICT,fi+is+nb+nn+sv
data,nb,B1,2892,toasten,grauzdēt maizītes,Röstsaia röstima,FAMILY_COPY_STRICT,fi+is+nb+nn+sv
data,nn,B1,2892,toasten,grauzdēt maizītes,Röstsaia röstima,FAMILY_COPY_STRICT,fi+is+nb+nn+sv
data,sv,B1,2892,toasten,grauzdēt maizītes,Röstsaia röstima,FAMILY_COPY_STRICT,fi+is+nb+nn+sv
data,it,B1,2892,toasten,grauzdēt maizītes,Grauzdēt maizītes,FAMILY_COPY_STRICT,it+lb+nl+pt
data,lb,B1,2892,toasten,grauzdēt maizītes,Grauzdēt maizītes,FAMILY_COPY_STRICT,it+lb+nl+pt
data,nl,B1,2892,toasten,grauzdēt maizītes,Grauzdēt maizītes,FAMILY_COPY_STRICT,it+lb+nl+pt
data,pt,B1,2892,toasten,grauzdēt maizītes,Grauzdēt maizītes,FAMILY_COPY_STRICT,it+lb+nl+pt
data,pl,B1,2892,toasten,grauzdēt maizītes,Bułki tostowe,FAMILY_COPY_STRICT,pl+sk
data,sk,B1,2892,toasten,grauzdēt maizītes,Bułki tostowe,FAMILY_COPY_STRICT,pl+sk
data,sq,B1,2892,toasten,grauzdēt maizītes,Tost ruloları,FAMILY_COPY_STRICT,sq+tr
data,tr,B1,2892,toasten,grauzdēt maizītes,Tost ruloları,FAMILY_COPY_STRICT,sq+tr
data,hr,B1,2893,tödlich,nāvējošs,Смъртоносен,SCRIPT_MISMATCH,
data,hr,B1,2893,tödlich,nāvējošs,Смъртоносен,MARKER_LEAK,foreign_script
data,it,B1,2893,tödlich,nāvējošs,Nāvējošs,SAME_AS_LV_CASEFOLD,casefold_only
data,it,B1,2893,tödlich,nāvējošs,Nāvējošs,LV_DIACRITIC,
data,it,B1,2893,tödlich,nāvējošs,Nāvējošs,MARKER_LEAK,lv_macron_consonant
data,lb,B1,2893,tödlich,nāvējošs,Nāvējošs,SAME_AS_LV_CASEFOLD,casefold_only
data,lb,B1,2893,tödlich,nāvējošs,Nāvējošs,LV_DIACRITIC,
data,lb,B1,2893,tödlich,nāvējošs,Nāvējošs,MARKER_LEAK,lv_macron_consonant
data,nl,B1,2893,tödlich,nāvējošs,Nāvējošs,SAME_AS_LV_CASEFOLD,casefold_only
data,nl,B1,2893,tödlich,nāvējošs,Nāvējošs,LV_DIACRITIC,
data,nl,B1,2893,tödlich,nāvējošs,Nāvējošs,MARKER_LEAK,lv_macron_consonant
data,pt,B1,2893,tödlich,nāvējošs,Navejošs,LV_DIACRITIC,
data,sk,B1,2893,tödlich,nāvējošs,Śmiertelnie,MARKER_LEAK,pl_l_s_z
data,sl,B1,2893,tödlich,nāvējošs,nāvējošs,SAME_AS_LV_CASEFOLD,exact
data,sl,B1,2893,tödlich,nāvējošs,nāvējošs,LV_DIACRITIC,
data,sl,B1,2893,tödlich,nāvējošs,nāvējošs,MARKER_LEAK,lv_macron_consonant
data,sq,B1,2893,tödlich,nāvējošs,Śmiertelnie,MARKER_LEAK,pl_l_s_z
data,tr,B1,2893,tödlich,nāvējošs,Śmiertelnie,MARKER_LEAK,pl_l_s_z
data,bg,B1,2893,tödlich,nāvējošs,Смъртоносен,FAMILY_COPY_STRICT,bg+hr+mk+sr
data,hr,B1,2893,tödlich,nāvējošs,Смъртоносен,FAMILY_COPY_STRICT,bg+hr+mk+sr
data,mk,B1,2893,tödlich,nāvējošs,Смъртоносен,FAMILY_COPY_STRICT,bg+hr+mk+sr
data,sr,B1,2893,tödlich,nāvējošs,Смъртоносен,FAMILY_COPY_STRICT,bg+hr+mk+sr
data,fi,B1,2893,tödlich,nāvējošs,Surmav,FAMILY_COPY_STRICT,fi+is+nb+nn+sv
data,is,B1,2893,tödlich,nāvējošs,Surmav,FAMILY_COPY_STRICT,fi+is+nb+nn+sv
data,nb,B1,2893,tödlich,nāvējošs,Surmav,FAMILY_COPY_STRICT,fi+is+nb+nn+sv
data,nn,B1,2893,tödlich,nāvējošs,Surmav,FAMILY_COPY_STRICT,fi+is+nb+nn+sv
data,sv,B1,2893,tödlich,nāvējošs,Surmav,FAMILY_COPY_STRICT,fi+is+nb+nn+sv
data,it,B1,2893,tödlich,nāvējošs,Nāvējošs,FAMILY_COPY_STRICT,it+lb+nl
data,lb,B1,2893,tödlich,nāvējošs,Nāvējošs,FAMILY_COPY_STRICT,it+lb+nl
data,nl,B1,2893,tödlich,nāvējošs,Nāvējošs,FAMILY_COPY_STRICT,it+lb+nl
data,pl,B1,2893,tödlich,nāvējošs,Śmiertelnie,FAMILY_COPY_STRICT,pl+sk+sq+tr
data,sk,B1,2893,tödlich,nāvējošs,Śmiertelnie,FAMILY_COPY_STRICT,pl+sk+sq+tr
data,sq,B1,2893,tödlich,nāvējošs,Śmiertelnie,FAMILY_COPY_STRICT,pl+sk+sq+tr
data,tr,B1,2893,tödlich,nāvējošs,Śmiertelnie,FAMILY_COPY_STRICT,pl+sk+sq+tr
data,hr,B1,2894,tolerant,iecietīgs,Толерантен,SCRIPT_MISMATCH,
data,hr,B1,2894,tolerant,iecietīgs,Толерантен,MARKER_LEAK,foreign_script
data,it,B1,2894,tolerant,iecietīgs,Iecietīgs,SAME_AS_LV_CASEFOLD,casefold_only
data,it,B1,2894,tolerant,iecietīgs,Iecietīgs,LV_DIACRITIC,
data,it,B1,2894,tolerant,iecietīgs,Iecietīgs,MARKER_LEAK,lv_macron_consonant
data,lb,B1,2894,tolerant,iecietīgs,Iecietīgs,SAME_AS_LV_CASEFOLD,casefold_only
data,lb,B1,2894,tolerant,iecietīgs,Iecietīgs,LV_DIACRITIC,
data,lb,B1,2894,tolerant,iecietīgs,Iecietīgs,MARKER_LEAK,lv_macron_consonant
data,nl,B1,2894,tolerant,iecietīgs,Iecietīgs,SAME_AS_LV_CASEFOLD,casefold_only
data,nl,B1,2894,tolerant,iecietīgs,Iecietīgs,LV_DIACRITIC,
data,nl,B1,2894,tolerant,iecietīgs,Iecietīgs,MARKER_LEAK,lv_macron_consonant
data,sl,B1,2894,tolerant,iecietīgs,iecietīgs,SAME_AS_LV_CASEFOLD,exact
data,sl,B1,2894,tolerant,iecietīgs,iecietīgs,LV_DIACRITIC,
data,sl,B1,2894,tolerant,iecietīgs,iecietīgs,MARKER_LEAK,lv_macron_consonant
data,bg,B1,2894,tolerant,iecietīgs,Толерантен,FAMILY_COPY_STRICT,bg+hr+mk+sr
data,hr,B1,2894,tolerant,iecietīgs,Толерантен,FAMILY_COPY_STRICT,bg+hr+mk+sr
data,mk,B1,2894,tolerant,iecietīgs,Толерантен,FAMILY_COPY_STRICT,bg+hr+mk+sr
data,sr,B1,2894,tolerant,iecietīgs,Толерантен,FAMILY_COPY_STRICT,bg+hr+mk+sr
data,fi,B1,2894,tolerant,iecietīgs,Tolerantne,FAMILY_COPY_STRICT,fi+is+nb+nn+sv
data,is,B1,2894,tolerant,iecietīgs,Tolerantne,FAMILY_COPY_STRICT,fi+is+nb+nn+sv
data,nb,B1,2894,tolerant,iecietīgs,Tolerantne,FAMILY_COPY_STRICT,fi+is+nb+nn+sv
data,nn,B1,2894,tolerant,iecietīgs,Tolerantne,FAMILY_COPY_STRICT,fi+is+nb+nn+sv
data,sv,B1,2894,tolerant,iecietīgs,Tolerantne,FAMILY_COPY_STRICT,fi+is+nb+nn+sv
data,it,B1,2894,tolerant,iecietīgs,Iecietīgs,FAMILY_COPY_STRICT,it+lb+nl
data,lb,B1,2894,tolerant,iecietīgs,Iecietīgs,FAMILY_COPY_STRICT,it+lb+nl
data,nl,B1,2894,tolerant,iecietīgs,Iecietīgs,FAMILY_COPY_STRICT,it+lb+nl
data,pl,B1,2894,tolerant,iecietīgs,Tolerancyjny,FAMILY_COPY_STRICT,pl+sk+sq+tr
data,sk,B1,2894,tolerant,iecietīgs,Tolerancyjny,FAMILY_COPY_STRICT,pl+sk+sq+tr
data,sq,B1,2894,tolerant,iecietīgs,Tolerancyjny,FAMILY_COPY_STRICT,pl+sk+sq+tr
data,tr,B1,2894,tolerant,iecietīgs,Tolerancyjny,FAMILY_COPY_STRICT,pl+sk+sq+tr
data,hr,B1,2895,Tomatenmark,tomātu biezenis,Доматено пюре,SCRIPT_MISMATCH,
data,hr,B1,2895,Tomatenmark,tomātu biezenis,Доматено пюре,MARKER_LEAK,foreign_script
data,it,B1,2895,Tomatenmark,tomātu biezenis,Tomātu biezenis,SAME_AS_LV_CASEFOLD,casefold_only
data,it,B1,2895,Tomatenmark,tomātu biezenis,Tomātu biezenis,LV_DIACRITIC,
data,it,B1,2895,Tomatenmark,tomātu biezenis,Tomātu biezenis,MARKER_LEAK,lv_macron_consonant
data,lb,B1,2895,Tomatenmark,tomātu biezenis,Tomātu biezenis,SAME_AS_LV_CASEFOLD,casefold_only
data,lb,B1,2895,Tomatenmark,tomātu biezenis,Tomātu biezenis,LV_DIACRITIC,
data,lb,B1,2895,Tomatenmark,tomātu biezenis,Tomātu biezenis,MARKER_LEAK,lv_macron_consonant
data,nl,B1,2895,Tomatenmark,tomātu biezenis,Tomātu biezenis,SAME_AS_LV_CASEFOLD,casefold_only
data,nl,B1,2895,Tomatenmark,tomātu biezenis,Tomātu biezenis,LV_DIACRITIC,
data,nl,B1,2895,Tomatenmark,tomātu biezenis,Tomātu biezenis,MARKER_LEAK,lv_macron_consonant
data,sl,B1,2895,Tomatenmark,tomātu biezenis,tomātu biezenis,SAME_AS_LV_CASEFOLD,exact
data,sl,B1,2895,Tomatenmark,tomātu biezenis,tomātu biezenis,LV_DIACRITIC,
data,sl,B1,2895,Tomatenmark,tomātu biezenis,tomātu biezenis,MARKER_LEAK,lv_macron_consonant
data,bg,B1,2895,Tomatenmark,tomātu biezenis,Доматено пюре,FAMILY_COPY_STRICT,bg+hr+mk+sr
data,hr,B1,2895,Tomatenmark,tomātu biezenis,Доматено пюре,FAMILY_COPY_STRICT,bg+hr+mk+sr
data,mk,B1,2895,Tomatenmark,tomātu biezenis,Доматено пюре,FAMILY_COPY_STRICT,bg+hr+mk+sr
data,sr,B1,2895,Tomatenmark,tomātu biezenis,Доматено пюре,FAMILY_COPY_STRICT,bg+hr+mk+sr
data,fi,B1,2895,Tomatenmark,tomātu biezenis,Tomatipasta,FAMILY_COPY_STRICT,fi+is+nb+nn+sv
data,is,B1,2895,Tomatenmark,tomātu biezenis,Tomatipasta,FAMILY_COPY_STRICT,fi+is+nb+nn+sv
data,nb,B1,2895,Tomatenmark,tomātu biezenis,Tomatipasta,FAMILY_COPY_STRICT,fi+is+nb+nn+sv
data,nn,B1,2895,Tomatenmark,tomātu biezenis,Tomatipasta,FAMILY_COPY_STRICT,fi+is+nb+nn+sv
data,sv,B1,2895,Tomatenmark,tomātu biezenis,Tomatipasta,FAMILY_COPY_STRICT,fi+is+nb+nn+sv
data,it,B1,2895,Tomatenmark,tomātu biezenis,Tomātu biezenis,FAMILY_COPY_STRICT,it+lb+nl
data,lb,B1,2895,Tomatenmark,tomātu biezenis,Tomātu biezenis,FAMILY_COPY_STRICT,it+lb+nl
data,nl,B1,2895,Tomatenmark,tomātu biezenis,Tomātu biezenis,FAMILY_COPY_STRICT,it+lb+nl
data,pl,B1,2895,Tomatenmark,tomātu biezenis,Przecier pomidorowy,FAMILY_COPY_STRICT,pl+sk+sq+tr
data,sk,B1,2895,Tomatenmark,tomātu biezenis,Przecier pomidorowy,FAMILY_COPY_STRICT,pl+sk+sq+tr
data,sq,B1,2895,Tomatenmark,tomātu biezenis,Przecier pomidorowy,FAMILY_COPY_STRICT,pl+sk+sq+tr
data,tr,B1,2895,Tomatenmark,tomātu biezenis,Przecier pomidorowy,FAMILY_COPY_STRICT,pl+sk+sq+tr
data,hr,B1,2896,Ton,skaņa,Звук,SCRIPT_MISMATCH,
data,hr,B1,2896,Ton,skaņa,Звук,MARKER_LEAK,foreign_script
data,it,B1,2896,Ton,skaņa,Skaņa,SAME_AS_LV_CASEFOLD,casefold_only
data,it,B1,2896,Ton,skaņa,Skaņa,LV_DIACRITIC,
data,it,B1,2896,Ton,skaņa,Skaņa,MARKER_LEAK,lv_macron_consonant
data,nl,B1,2896,Ton,skaņa,Skaņa,SAME_AS_LV_CASEFOLD,casefold_only
data,nl,B1,2896,Ton,skaņa,Skaņa,LV_DIACRITIC,
data,nl,B1,2896,Ton,skaņa,Skaņa,MARKER_LEAK,lv_macron_consonant
data,sl,B1,2896,Ton,skaņa,skaņa,SAME_AS_LV_CASEFOLD,exact
data,sl,B1,2896,Ton,skaņa,skaņa,LV_DIACRITIC,
data,sl,B1,2896,Ton,skaņa,skaņa,MARKER_LEAK,lv_macron_consonant
data,bg,B1,2896,Ton,skaņa,Звук,FAMILY_COPY_STRICT,bg+hr+mk+ru+sr
data,hr,B1,2896,Ton,skaņa,Звук,FAMILY_COPY_STRICT,bg+hr+mk+ru+sr
data,mk,B1,2896,Ton,skaņa,Звук,FAMILY_COPY_STRICT,bg+hr+mk+ru+sr
data,ru,B1,2896,Ton,skaņa,Звук,FAMILY_COPY_STRICT,bg+hr+mk+ru+sr
data,sr,B1,2896,Ton,skaņa,Звук,FAMILY_COPY_STRICT,bg+hr+mk+ru+sr
data,bs,B1,2896,Ton,skaņa,Zvuk,FAMILY_COPY_STRICT,bs+cs+sk
data,cs,B1,2896,Ton,skaņa,Zvuk,FAMILY_COPY_STRICT,bs+cs+sk
data,sk,B1,2896,Ton,skaņa,Zvuk,FAMILY_COPY_STRICT,bs+cs+sk
data,fi,B1,2896,Ton,skaņa,Heli,FAMILY_COPY_STRICT,fi+is+nb+nn+sv
data,is,B1,2896,Ton,skaņa,Heli,FAMILY_COPY_STRICT,fi+is+nb+nn+sv
data,nb,B1,2896,Ton,skaņa,Heli,FAMILY_COPY_STRICT,fi+is+nb+nn+sv
data,nn,B1,2896,Ton,skaņa,Heli,FAMILY_COPY_STRICT,fi+is+nb+nn+sv
data,sv,B1,2896,Ton,skaņa,Heli,FAMILY_COPY_STRICT,fi+is+nb+nn+sv
data,it,B1,2896,Ton,skaņa,Skaņa,FAMILY_COPY_STRICT,it+nl
data,nl,B1,2896,Ton,skaņa,Skaņa,FAMILY_COPY_STRICT,it+nl
data,hr,B1,2897,Tonne,tonna,Тон,SCRIPT_MISMATCH,
data,hr,B1,2897,Tonne,tonna,Тон,MARKER_LEAK,foreign_script
data,hu,B1,2897,Tonne,tonna,Tonna,SAME_AS_LV_CASEFOLD,casefold_only
data,it,B1,2897,Tonne,tonna,Tonna,SAME_AS_LV_CASEFOLD,casefold_only
data,lb,B1,2897,Tonne,tonna,Tonna,SAME_AS_LV_CASEFOLD,casefold_only
data,nl,B1,2897,Tonne,tonna,Tonna,SAME_AS_LV_CASEFOLD,casefold_only
data,sl,B1,2897,Tonne,tonna,tonna,SAME_AS_LV_CASEFOLD,exact
data,bg,B1,2897,Tonne,tonna,Тон,FAMILY_COPY_STRICT,bg+hr+mk+sr
data,hr,B1,2897,Tonne,tonna,Тон,FAMILY_COPY_STRICT,bg+hr+mk+sr
data,mk,B1,2897,Tonne,tonna,Тон,FAMILY_COPY_STRICT,bg+hr+mk+sr
data,sr,B1,2897,Tonne,tonna,Тон,FAMILY_COPY_STRICT,bg+hr+mk+sr
data,bs,B1,2897,Tonne,tonna,Tona,FAMILY_COPY_STRICT,bs+pl+sk+sq+tr
data,pl,B1,2897,Tonne,tonna,Tona,FAMILY_COPY_STRICT,bs+pl+sk+sq+tr
data,sk,B1,2897,Tonne,tonna,Tona,FAMILY_COPY_STRICT,bs+pl+sk+sq+tr
data,sq,B1,2897,Tonne,tonna,Tona,FAMILY_COPY_STRICT,bs+pl+sk+sq+tr
data,tr,B1,2897,Tonne,tonna,Tona,FAMILY_COPY_STRICT,bs+pl+sk+sq+tr
data,da,B1,2897,Tonne,tonna,Ton,FAMILY_COPY_STRICT,da+en
data,en,B1,2897,Tonne,tonna,Ton,FAMILY_COPY_STRICT,da+en
data,fi,B1,2897,Tonne,tonna,Tonn,FAMILY_COPY_STRICT,fi+is+nb+nn+sv
data,is,B1,2897,Tonne,tonna,Tonn,FAMILY_COPY_STRICT,fi+is+nb+nn+sv
data,nb,B1,2897,Tonne,tonna,Tonn,FAMILY_COPY_STRICT,fi+is+nb+nn+sv
data,nn,B1,2897,Tonne,tonna,Tonn,FAMILY_COPY_STRICT,fi+is+nb+nn+sv
data,sv,B1,2897,Tonne,tonna,Tonn,FAMILY_COPY_STRICT,fi+is+nb+nn+sv
data,hu,B1,2897,Tonne,tonna,Tonna,FAMILY_COPY_STRICT,hu+it+lb+nl
data,it,B1,2897,Tonne,tonna,Tonna,FAMILY_COPY_STRICT,hu+it+lb+nl
data,lb,B1,2897,Tonne,tonna,Tonna,FAMILY_COPY_STRICT,hu+it+lb+nl
data,nl,B1,2897,Tonne,tonna,Tonna,FAMILY_COPY_STRICT,hu+it+lb+nl
data,hr,B1,2898,Töpfer,podnieks,Потър,SCRIPT_MISMATCH,
data,hr,B1,2898,Töpfer,podnieks,Потър,MARKER_LEAK,foreign_script
data,it,B1,2898,Töpfer,podnieks,Podnieks,SAME_AS_LV_CASEFOLD,casefold_only
data,lb,B1,2898,Töpfer,podnieks,Podnieks,SAME_AS_LV_CASEFOLD,casefold_only
data,nl,B1,2898,Töpfer,podnieks,Podnieks,SAME_AS_LV_CASEFOLD,casefold_only
data,pt,B1,2898,Töpfer,podnieks,Podnieks,SAME_AS_LV_CASEFOLD,casefold_only
data,sl,B1,2898,Töpfer,podnieks,podnieks,SAME_AS_LV_CASEFOLD,exact
data,bg,B1,2898,Töpfer,podnieks,Потър,FAMILY_COPY_STRICT,bg+hr+mk+sr
data,hr,B1,2898,Töpfer,podnieks,Потър,FAMILY_COPY_STRICT,bg+hr+mk+sr
data,mk,B1,2898,Töpfer,podnieks,Потър,FAMILY_COPY_STRICT,bg+hr+mk+sr
data,sr,B1,2898,Töpfer,podnieks,Потър,FAMILY_COPY_STRICT,bg+hr+mk+sr
data,fi,B1,2898,Töpfer,podnieks,Pottsepp,FAMILY_COPY_STRICT,fi+is+nb+nn+sv
data,is,B1,2898,Töpfer,podnieks,Pottsepp,FAMILY_COPY_STRICT,fi+is+nb+nn+sv
data,nb,B1,2898,Töpfer,podnieks,Pottsepp,FAMILY_COPY_STRICT,fi+is+nb+nn+sv
data,nn,B1,2898,Töpfer,podnieks,Pottsepp,FAMILY_COPY_STRICT,fi+is+nb+nn+sv
data,sv,B1,2898,Töpfer,podnieks,Pottsepp,FAMILY_COPY_STRICT,fi+is+nb+nn+sv
data,it,B1,2898,Töpfer,podnieks,Podnieks,FAMILY_COPY_STRICT,it+lb+nl+pt
data,lb,B1,2898,Töpfer,podnieks,Podnieks,FAMILY_COPY_STRICT,it+lb+nl+pt
data,nl,B1,2898,Töpfer,podnieks,Podnieks,FAMILY_COPY_STRICT,it+lb+nl+pt
data,pt,B1,2898,Töpfer,podnieks,Podnieks,FAMILY_COPY_STRICT,it+lb+nl+pt
data,pl,B1,2898,Töpfer,podnieks,Garncarz,FAMILY_COPY_STRICT,pl+sk+sq+tr
data,sk,B1,2898,Töpfer,podnieks,Garncarz,FAMILY_COPY_STRICT,pl+sk+sq+tr
data,sq,B1,2898,Töpfer,podnieks,Garncarz,FAMILY_COPY_STRICT,pl+sk+sq+tr
data,tr,B1,2898,Töpfer,podnieks,Garncarz,FAMILY_COPY_STRICT,pl+sk+sq+tr
data,hr,B1,2899,töten,nogalināt,Убиј,SCRIPT_MISMATCH,
data,hr,B1,2899,töten,nogalināt,Убиј,MARKER_LEAK,foreign_script
data,it,B1,2899,töten,nogalināt,Nogalināt,SAME_AS_LV_CASEFOLD,casefold_only
data,it,B1,2899,töten,nogalināt,Nogalināt,LV_DIACRITIC,
data,it,B1,2899,töten,nogalināt,Nogalināt,MARKER_LEAK,lv_macron_consonant
data,lb,B1,2899,töten,nogalināt,Nogalināt,SAME_AS_LV_CASEFOLD,casefold_only
data,lb,B1,2899,töten,nogalināt,Nogalināt,LV_DIACRITIC,
data,lb,B1,2899,töten,nogalināt,Nogalināt,MARKER_LEAK,lv_macron_consonant
data,nl,B1,2899,töten,nogalināt,Nogalināt,SAME_AS_LV_CASEFOLD,casefold_only
data,nl,B1,2899,töten,nogalināt,Nogalināt,LV_DIACRITIC,
data,nl,B1,2899,töten,nogalināt,Nogalināt,MARKER_LEAK,lv_macron_consonant
data,sl,B1,2899,töten,nogalināt,nogalināt,SAME_AS_LV_CASEFOLD,exact
data,sl,B1,2899,töten,nogalināt,nogalināt,LV_DIACRITIC,
data,sl,B1,2899,töten,nogalināt,nogalināt,MARKER_LEAK,lv_macron_consonant
data,fi,B1,2899,töten,nogalināt,Tapma,FAMILY_COPY_STRICT,fi+is+nb+nn+sv
data,is,B1,2899,töten,nogalināt,Tapma,FAMILY_COPY_STRICT,fi+is+nb+nn+sv
data,nb,B1,2899,töten,nogalināt,Tapma,FAMILY_COPY_STRICT,fi+is+nb+nn+sv
data,nn,B1,2899,töten,nogalināt,Tapma,FAMILY_COPY_STRICT,fi+is+nb+nn+sv
data,sv,B1,2899,töten,nogalināt,Tapma,FAMILY_COPY_STRICT,fi+is+nb+nn+sv
data,hr,B1,2899,töten,nogalināt,Убиј,FAMILY_COPY_STRICT,hr+mk+sr
data,mk,B1,2899,töten,nogalināt,Убиј,FAMILY_COPY_STRICT,hr+mk+sr
data,sr,B1,2899,töten,nogalināt,Убиј,FAMILY_COPY_STRICT,hr+mk+sr
data,it,B1,2899,töten,nogalināt,Nogalināt,FAMILY_COPY_STRICT,it+lb+nl
data,lb,B1,2899,töten,nogalināt,Nogalināt,FAMILY_COPY_STRICT,it+lb+nl
data,nl,B1,2899,töten,nogalināt,Nogalināt,FAMILY_COPY_STRICT,it+lb+nl
data,pl,B1,2899,töten,nogalināt,Zabić,FAMILY_COPY_STRICT,pl+sk
data,sk,B1,2899,töten,nogalināt,Zabić,FAMILY_COPY_STRICT,pl+sk
data,sq,B1,2899,töten,nogalināt,Öldürmek,FAMILY_COPY_STRICT,sq+tr
data,tr,B1,2899,töten,nogalināt,Öldürmek,FAMILY_COPY_STRICT,sq+tr
data,fi,B1,2900,Tour,brauciens,Sõit,MARKER_LEAK,et_otilde
data,hr,B1,2900,Tour,brauciens,Пътуване,SCRIPT_MISMATCH,
data,hr,B1,2900,Tour,brauciens,Пътуване,MARKER_LEAK,foreign_script
data,is,B1,2900,Tour,brauciens,Sõit,MARKER_LEAK,et_otilde
data,it,B1,2900,Tour,brauciens,Brauciens,SAME_AS_LV_CASEFOLD,casefold_only
data,lb,B1,2900,Tour,brauciens,Brauciens,SAME_AS_LV_CASEFOLD,casefold_only
data,nb,B1,2900,Tour,brauciens,Sõit,MARKER_LEAK,et_otilde
data,nl,B1,2900,Tour,brauciens,Brauciens,SAME_AS_LV_CASEFOLD,casefold_only
data,nn,B1,2900,Tour,brauciens,Sõit,MARKER_LEAK,et_otilde
data,pt,B1,2900,Tour,brauciens,Brauciens,SAME_AS_LV_CASEFOLD,casefold_only
data,sl,B1,2900,Tour,brauciens,brauciens,SAME_AS_LV_CASEFOLD,exact
data,sv,B1,2900,Tour,brauciens,Sõit,MARKER_LEAK,et_otilde
data,bg,B1,2900,Tour,brauciens,Пътуване,FAMILY_COPY_STRICT,bg+hr+mk+sr
data,hr,B1,2900,Tour,brauciens,Пътуване,FAMILY_COPY_STRICT,bg+hr+mk+sr
data,mk,B1,2900,Tour,brauciens,Пътуване,FAMILY_COPY_STRICT,bg+hr+mk+sr
data,sr,B1,2900,Tour,brauciens,Пътуване,FAMILY_COPY_STRICT,bg+hr+mk+sr
data,fi,B1,2900,Tour,brauciens,Sõit,FAMILY_COPY_STRICT,fi+is+nb+nn+sv
data,is,B1,2900,Tour,brauciens,Sõit,FAMILY_COPY_STRICT,fi+is+nb+nn+sv
data,nb,B1,2900,Tour,brauciens,Sõit,FAMILY_COPY_STRICT,fi+is+nb+nn+sv
data,nn,B1,2900,Tour,brauciens,Sõit,FAMILY_COPY_STRICT,fi+is+nb+nn+sv
data,sv,B1,2900,Tour,brauciens,Sõit,FAMILY_COPY_STRICT,fi+is+nb+nn+sv
data,it,B1,2900,Tour,brauciens,Brauciens,FAMILY_COPY_STRICT,it+lb+nl+pt
data,lb,B1,2900,Tour,brauciens,Brauciens,FAMILY_COPY_STRICT,it+lb+nl+pt
data,nl,B1,2900,Tour,brauciens,Brauciens,FAMILY_COPY_STRICT,it+lb+nl+pt
data,pt,B1,2900,Tour,brauciens,Brauciens,FAMILY_COPY_STRICT,it+lb+nl+pt
data,pl,B1,2900,Tour,brauciens,Wycieczka,FAMILY_COPY_STRICT,pl+sk+sq+tr
data,sk,B1,2900,Tour,brauciens,Wycieczka,FAMILY_COPY_STRICT,pl+sk+sq+tr
data,sq,B1,2900,Tour,brauciens,Wycieczka,FAMILY_COPY_STRICT,pl+sk+sq+tr
data,tr,B1,2900,Tour,brauciens,Wycieczka,FAMILY_COPY_STRICT,pl+sk+sq+tr
data,fi,B1,2901,Tracht,tautastērps,Rahvarõivas,MARKER_LEAK,et_otilde
data,hr,B1,2901,Tracht,tautastērps,Народна носия,SCRIPT_MISMATCH,
data,hr,B1,2901,Tracht,tautastērps,Народна носия,MARKER_LEAK,foreign_script
data,is,B1,2901,Tracht,tautastērps,Rahvarõivas,MARKER_LEAK,et_otilde
data,it,B1,2901,Tracht,tautastērps,Tautastērps,SAME_AS_LV_CASEFOLD,casefold_only
data,it,B1,2901,Tracht,tautastērps,Tautastērps,LV_DIACRITIC,
data,it,B1,2901,Tracht,tautastērps,Tautastērps,MARKER_LEAK,lv_macron_consonant
data,lb,B1,2901,Tracht,tautastērps,Tautastērps,SAME_AS_LV_CASEFOLD,casefold_only
data,lb,B1,2901,Tracht,tautastērps,Tautastērps,LV_DIACRITIC,
data,lb,B1,2901,Tracht,tautastērps,Tautastērps,MARKER_LEAK,lv_macron_consonant
data,nb,B1,2901,Tracht,tautastērps,Rahvarõivas,MARKER_LEAK,et_otilde
data,nl,B1,2901,Tracht,tautastērps,Tautastērps,SAME_AS_LV_CASEFOLD,casefold_only
data,nl,B1,2901,Tracht,tautastērps,Tautastērps,LV_DIACRITIC,
data,nl,B1,2901,Tracht,tautastērps,Tautastērps,MARKER_LEAK,lv_macron_consonant
data,nn,B1,2901,Tracht,tautastērps,Rahvarõivas,MARKER_LEAK,et_otilde
data,pt,B1,2901,Tracht,tautastērps,Tautastērps,SAME_AS_LV_CASEFOLD,casefold_only
data,pt,B1,2901,Tracht,tautastērps,Tautastērps,LV_DIACRITIC,
data,pt,B1,2901,Tracht,tautastērps,Tautastērps,MARKER_LEAK,lv_macron_consonant
data,sl,B1,2901,Tracht,tautastērps,tautastērps,SAME_AS_LV_CASEFOLD,exact
data,sl,B1,2901,Tracht,tautastērps,tautastērps,LV_DIACRITIC,
data,sl,B1,2901,Tracht,tautastērps,tautastērps,MARKER_LEAK,lv_macron_consonant
data,sv,B1,2901,Tracht,tautastērps,Rahvarõivas,MARKER_LEAK,et_otilde
data,bg,B1,2901,Tracht,tautastērps,Народна носия,FAMILY_COPY_STRICT,bg+hr+mk+sr
data,hr,B1,2901,Tracht,tautastērps,Народна носия,FAMILY_COPY_STRICT,bg+hr+mk+sr
data,mk,B1,2901,Tracht,tautastērps,Народна носия,FAMILY_COPY_STRICT,bg+hr+mk+sr
data,sr,B1,2901,Tracht,tautastērps,Народна носия,FAMILY_COPY_STRICT,bg+hr+mk+sr
data,fi,B1,2901,Tracht,tautastērps,Rahvarõivas,FAMILY_COPY_STRICT,fi+is+nb+nn+sv
data,is,B1,2901,Tracht,tautastērps,Rahvarõivas,FAMILY_COPY_STRICT,fi+is+nb+nn+sv
data,nb,B1,2901,Tracht,tautastērps,Rahvarõivas,FAMILY_COPY_STRICT,fi+is+nb+nn+sv
data,nn,B1,2901,Tracht,tautastērps,Rahvarõivas,FAMILY_COPY_STRICT,fi+is+nb+nn+sv
data,sv,B1,2901,Tracht,tautastērps,Rahvarõivas,FAMILY_COPY_STRICT,fi+is+nb+nn+sv
data,it,B1,2901,Tracht,tautastērps,Tautastērps,FAMILY_COPY_STRICT,it+lb+nl+pt
data,lb,B1,2901,Tracht,tautastērps,Tautastērps,FAMILY_COPY_STRICT,it+lb+nl+pt
data,nl,B1,2901,Tracht,tautastērps,Tautastērps,FAMILY_COPY_STRICT,it+lb+nl+pt
data,pt,B1,2901,Tracht,tautastērps,Tautastērps,FAMILY_COPY_STRICT,it+lb+nl+pt
data,pl,B1,2901,Tracht,tautastērps,Strój narodowy,FAMILY_COPY_STRICT,pl+sk
data,sk,B1,2901,Tracht,tautastērps,Strój narodowy,FAMILY_COPY_STRICT,pl+sk
data,sq,B1,2901,Tracht,tautastērps,Ulusal kostüm,FAMILY_COPY_STRICT,sq+tr
data,tr,B1,2901,Tracht,tautastērps,Ulusal kostüm,FAMILY_COPY_STRICT,sq+tr
data,hr,B1,2902,träge,kūtrs,Мързелив,SCRIPT_MISMATCH,
data,hr,B1,2902,träge,kūtrs,Мързелив,MARKER_LEAK,foreign_script
data,it,B1,2902,träge,kūtrs,Kūtrs,SAME_AS_LV_CASEFOLD,casefold_only
data,it,B1,2902,träge,kūtrs,Kūtrs,LV_DIACRITIC,
data,it,B1,2902,träge,kūtrs,Kūtrs,MARKER_LEAK,lv_u_macron
data,lb,B1,2902,träge,kūtrs,Kūtrs,SAME_AS_LV_CASEFOLD,casefold_only
data,lb,B1,2902,träge,kūtrs,Kūtrs,LV_DIACRITIC,
data,lb,B1,2902,träge,kūtrs,Kūtrs,MARKER_LEAK,lv_u_macron
data,nl,B1,2902,träge,kūtrs,Kūtrs,SAME_AS_LV_CASEFOLD,casefold_only
data,nl,B1,2902,träge,kūtrs,Kūtrs,LV_DIACRITIC,
data,nl,B1,2902,träge,kūtrs,Kūtrs,MARKER_LEAK,lv_u_macron
data,sl,B1,2902,träge,kūtrs,kūtrs,SAME_AS_LV_CASEFOLD,exact
data,sl,B1,2902,träge,kūtrs,kūtrs,LV_DIACRITIC,
data,sl,B1,2902,träge,kūtrs,kūtrs,MARKER_LEAK,lv_u_macron
data,bg,B1,2902,träge,kūtrs,Мързелив,FAMILY_COPY_STRICT,bg+hr+mk+sr
data,hr,B1,2902,träge,kūtrs,Мързелив,FAMILY_COPY_STRICT,bg+hr+mk+sr
data,mk,B1,2902,träge,kūtrs,Мързелив,FAMILY_COPY_STRICT,bg+hr+mk+sr
data,sr,B1,2902,träge,kūtrs,Мързелив,FAMILY_COPY_STRICT,bg+hr+mk+sr
data,fi,B1,2902,träge,kūtrs,Loid,FAMILY_COPY_STRICT,fi+is+nb+nn+sv
data,is,B1,2902,träge,kūtrs,Loid,FAMILY_COPY_STRICT,fi+is+nb+nn+sv
data,nb,B1,2902,träge,kūtrs,Loid,FAMILY_COPY_STRICT,fi+is+nb+nn+sv
data,nn,B1,2902,träge,kūtrs,Loid,FAMILY_COPY_STRICT,fi+is+nb+nn+sv
data,sv,B1,2902,träge,kūtrs,Loid,FAMILY_COPY_STRICT,fi+is+nb+nn+sv
data,it,B1,2902,träge,kūtrs,Kūtrs,FAMILY_COPY_STRICT,it+lb+nl
data,lb,B1,2902,träge,kūtrs,Kūtrs,FAMILY_COPY_STRICT,it+lb+nl
data,nl,B1,2902,träge,kūtrs,Kūtrs,FAMILY_COPY_STRICT,it+lb+nl
data,pl,B1,2902,träge,kūtrs,Leniwy,FAMILY_COPY_STRICT,pl+sk+sq+tr
data,sk,B1,2902,träge,kūtrs,Leniwy,FAMILY_COPY_STRICT,pl+sk+sq+tr
data,sq,B1,2902,träge,kūtrs,Leniwy,FAMILY_COPY_STRICT,pl+sk+sq+tr
data,tr,B1,2902,träge,kūtrs,Leniwy,FAMILY_COPY_STRICT,pl+sk+sq+tr
data,hr,B1,2903,Träger,nesējs,Превозвач,SCRIPT_MISMATCH,
data,hr,B1,2903,Träger,nesējs,Превозвач,MARKER_LEAK,foreign_script
data,it,B1,2903,Träger,nesējs,Nesējs,SAME_AS_LV_CASEFOLD,casefold_only
data,it,B1,2903,Träger,nesējs,Nesējs,LV_DIACRITIC,
data,it,B1,2903,Träger,nesējs,Nesējs,MARKER_LEAK,lv_macron_consonant
data,lb,B1,2903,Träger,nesējs,Nesējs,SAME_AS_LV_CASEFOLD,casefold_only
data,lb,B1,2903,Träger,nesējs,Nesējs,LV_DIACRITIC,
data,lb,B1,2903,Träger,nesējs,Nesējs,MARKER_LEAK,lv_macron_consonant
data,nl,B1,2903,Träger,nesējs,Nesējs,SAME_AS_LV_CASEFOLD,casefold_only
data,nl,B1,2903,Träger,nesējs,Nesējs,LV_DIACRITIC,
data,nl,B1,2903,Träger,nesējs,Nesējs,MARKER_LEAK,lv_macron_consonant
data,pt,B1,2903,Träger,nesējs,Nesējs,SAME_AS_LV_CASEFOLD,casefold_only
data,pt,B1,2903,Träger,nesējs,Nesējs,LV_DIACRITIC,
data,pt,B1,2903,Träger,nesējs,Nesējs,MARKER_LEAK,lv_macron_consonant
data,sl,B1,2903,Träger,nesējs,nesējs,SAME_AS_LV_CASEFOLD,exact
data,sl,B1,2903,Träger,nesējs,nesējs,LV_DIACRITIC,
data,sl,B1,2903,Träger,nesējs,nesējs,MARKER_LEAK,lv_macron_consonant
data,sq,B1,2903,Träger,nesējs,Taşıyıcı,MARKER_LEAK,tr_soft
data,bg,B1,2903,Träger,nesējs,Превозвач,FAMILY_COPY_STRICT,bg+hr+mk+sr
data,hr,B1,2903,Träger,nesējs,Превозвач,FAMILY_COPY_STRICT,bg+hr+mk+sr
data,mk,B1,2903,Träger,nesējs,Превозвач,FAMILY_COPY_STRICT,bg+hr+mk+sr
data,sr,B1,2903,Träger,nesējs,Превозвач,FAMILY_COPY_STRICT,bg+hr+mk+sr
data,fi,B1,2903,Träger,nesējs,Kandja,FAMILY_COPY_STRICT,fi+is+nb+nn+sv
data,is,B1,2903,Träger,nesējs,Kandja,FAMILY_COPY_STRICT,fi+is+nb+nn+sv
data,nb,B1,2903,Träger,nesējs,Kandja,FAMILY_COPY_STRICT,fi+is+nb+nn+sv
data,nn,B1,2903,Träger,nesējs,Kandja,FAMILY_COPY_STRICT,fi+is+nb+nn+sv
data,sv,B1,2903,Träger,nesējs,Kandja,FAMILY_COPY_STRICT,fi+is+nb+nn+sv
data,it,B1,2903,Träger,nesējs,Nesējs,FAMILY_COPY_STRICT,it+lb+nl+pt
data,lb,B1,2903,Träger,nesējs,Nesējs,FAMILY_COPY_STRICT,it+lb+nl+pt
data,nl,B1,2903,Träger,nesējs,Nesējs,FAMILY_COPY_STRICT,it+lb+nl+pt
data,pt,B1,2903,Träger,nesējs,Nesējs,FAMILY_COPY_STRICT,it+lb+nl+pt
data,sq,B1,2903,Träger,nesējs,Taşıyıcı,FAMILY_COPY_STRICT,sq+tr
data,tr,B1,2903,Träger,nesējs,Taşıyıcı,FAMILY_COPY_STRICT,sq+tr
data,hr,B1,2904,trampen,ceļot ar autostopu,Автостоп,SCRIPT_MISMATCH,
data,hr,B1,2904,trampen,ceļot ar autostopu,Автостоп,MARKER_LEAK,foreign_script
data,it,B1,2904,trampen,ceļot ar autostopu,Ceļot ar autostopu,SAME_AS_LV_CASEFOLD,casefold_only
data,it,B1,2904,trampen,ceļot ar autostopu,Ceļot ar autostopu,LV_DIACRITIC,
data,it,B1,2904,trampen,ceļot ar autostopu,Ceļot ar autostopu,MARKER_LEAK,lv_macron_consonant
data,lb,B1,2904,trampen,ceļot ar autostopu,Ceļot ar autostopu,SAME_AS_LV_CASEFOLD,casefold_only
data,lb,B1,2904,trampen,ceļot ar autostopu,Ceļot ar autostopu,LV_DIACRITIC,
data,lb,B1,2904,trampen,ceļot ar autostopu,Ceļot ar autostopu,MARKER_LEAK,lv_macron_consonant
data,nl,B1,2904,trampen,ceļot ar autostopu,Ceļot ar autostopu,SAME_AS_LV_CASEFOLD,casefold_only
data,nl,B1,2904,trampen,ceļot ar autostopu,Ceļot ar autostopu,LV_DIACRITIC,
data,nl,B1,2904,trampen,ceļot ar autostopu,Ceļot ar autostopu,MARKER_LEAK,lv_macron_consonant
data,sl,B1,2904,trampen,ceļot ar autostopu,ceļot ar autostopu,SAME_AS_LV_CASEFOLD,exact
data,sl,B1,2904,trampen,ceļot ar autostopu,ceļot ar autostopu,LV_DIACRITIC,
data,sl,B1,2904,trampen,ceļot ar autostopu,ceļot ar autostopu,MARKER_LEAK,lv_macron_consonant
data,bg,B1,2904,trampen,ceļot ar autostopu,Автостоп,FAMILY_COPY_STRICT,bg+hr+mk+sr
data,hr,B1,2904,trampen,ceļot ar autostopu,Автостоп,FAMILY_COPY_STRICT,bg+hr+mk+sr
data,mk,B1,2904,trampen,ceļot ar autostopu,Автостоп,FAMILY_COPY_STRICT,bg+hr+mk+sr
data,sr,B1,2904,trampen,ceļot ar autostopu,Автостоп,FAMILY_COPY_STRICT,bg+hr+mk+sr
data,fi,B1,2904,trampen,ceļot ar autostopu,Autostopiga rändama,FAMILY_COPY_STRICT,fi+is+nb+nn+sv
data,is,B1,2904,trampen,ceļot ar autostopu,Autostopiga rändama,FAMILY_COPY_STRICT,fi+is+nb+nn+sv
data,nb,B1,2904,trampen,ceļot ar autostopu,Autostopiga rändama,FAMILY_COPY_STRICT,fi+is+nb+nn+sv
data,nn,B1,2904,trampen,ceļot ar autostopu,Autostopiga rändama,FAMILY_COPY_STRICT,fi+is+nb+nn+sv
data,sv,B1,2904,trampen,ceļot ar autostopu,Autostopiga rändama,FAMILY_COPY_STRICT,fi+is+nb+nn+sv
data,it,B1,2904,trampen,ceļot ar autostopu,Ceļot ar autostopu,FAMILY_COPY_STRICT,it+lb+nl
data,lb,B1,2904,trampen,ceļot ar autostopu,Ceļot ar autostopu,FAMILY_COPY_STRICT,it+lb+nl
data,nl,B1,2904,trampen,ceļot ar autostopu,Ceļot ar autostopu,FAMILY_COPY_STRICT,it+lb+nl
data,pl,B1,2904,trampen,ceļot ar autostopu,Autostopem,FAMILY_COPY_STRICT,pl+sk+sq+tr
data,sk,B1,2904,trampen,ceļot ar autostopu,Autostopem,FAMILY_COPY_STRICT,pl+sk+sq+tr
data,sq,B1,2904,trampen,ceļot ar autostopu,Autostopem,FAMILY_COPY_STRICT,pl+sk+sq+tr
data,tr,B1,2904,trampen,ceļot ar autostopu,Autostopem,FAMILY_COPY_STRICT,pl+sk+sq+tr
data,hr,B1,2905,Tramper,ceļotājs ar autostopu,Стопаджия,SCRIPT_MISMATCH,
data,hr,B1,2905,Tramper,ceļotājs ar autostopu,Стопаджия,MARKER_LEAK,foreign_script
data,it,B1,2905,Tramper,ceļotājs ar autostopu,Ceļotājs ar autostopu,SAME_AS_LV_CASEFOLD,casefold_only
data,it,B1,2905,Tramper,ceļotājs ar autostopu,Ceļotājs ar autostopu,LV_DIACRITIC,
data,it,B1,2905,Tramper,ceļotājs ar autostopu,Ceļotājs ar autostopu,MARKER_LEAK,lv_macron_consonant
data,lb,B1,2905,Tramper,ceļotājs ar autostopu,Ceļotājs ar autostopu,SAME_AS_LV_CASEFOLD,casefold_only
data,lb,B1,2905,Tramper,ceļotājs ar autostopu,Ceļotājs ar autostopu,LV_DIACRITIC,
data,lb,B1,2905,Tramper,ceļotājs ar autostopu,Ceļotājs ar autostopu,MARKER_LEAK,lv_macron_consonant
data,nl,B1,2905,Tramper,ceļotājs ar autostopu,Ceļotājs ar autostopu,SAME_AS_LV_CASEFOLD,casefold_only
data,nl,B1,2905,Tramper,ceļotājs ar autostopu,Ceļotājs ar autostopu,LV_DIACRITIC,
data,nl,B1,2905,Tramper,ceļotājs ar autostopu,Ceļotājs ar autostopu,MARKER_LEAK,lv_macron_consonant
data,sl,B1,2905,Tramper,ceļotājs ar autostopu,ceļotājs ar autostopu,SAME_AS_LV_CASEFOLD,exact
data,sl,B1,2905,Tramper,ceļotājs ar autostopu,ceļotājs ar autostopu,LV_DIACRITIC,
data,sl,B1,2905,Tramper,ceļotājs ar autostopu,ceļotājs ar autostopu,MARKER_LEAK,lv_macron_consonant
data,bg,B1,2905,Tramper,ceļotājs ar autostopu,Стопаджия,FAMILY_COPY_STRICT,bg+hr+mk+sr
data,hr,B1,2905,Tramper,ceļotājs ar autostopu,Стопаджия,FAMILY_COPY_STRICT,bg+hr+mk+sr
data,mk,B1,2905,Tramper,ceļotājs ar autostopu,Стопаджия,FAMILY_COPY_STRICT,bg+hr+mk+sr
data,sr,B1,2905,Tramper,ceļotājs ar autostopu,Стопаджия,FAMILY_COPY_STRICT,bg+hr+mk+sr
data,fi,B1,2905,Tramper,ceļotājs ar autostopu,Autostopiga rändaja,FAMILY_COPY_STRICT,fi+is+nb+nn+sv
data,is,B1,2905,Tramper,ceļotājs ar autostopu,Autostopiga rändaja,FAMILY_COPY_STRICT,fi+is+nb+nn+sv
data,nb,B1,2905,Tramper,ceļotājs ar autostopu,Autostopiga rändaja,FAMILY_COPY_STRICT,fi+is+nb+nn+sv
data,nn,B1,2905,Tramper,ceļotājs ar autostopu,Autostopiga rändaja,FAMILY_COPY_STRICT,fi+is+nb+nn+sv
data,sv,B1,2905,Tramper,ceļotājs ar autostopu,Autostopiga rändaja,FAMILY_COPY_STRICT,fi+is+nb+nn+sv
data,it,B1,2905,Tramper,ceļotājs ar autostopu,Ceļotājs ar autostopu,FAMILY_COPY_STRICT,it+lb+nl
data,lb,B1,2905,Tramper,ceļotājs ar autostopu,Ceļotājs ar autostopu,FAMILY_COPY_STRICT,it+lb+nl
data,nl,B1,2905,Tramper,ceļotājs ar autostopu,Ceļotājs ar autostopu,FAMILY_COPY_STRICT,it+lb+nl
data,pl,B1,2905,Tramper,ceļotājs ar autostopu,Autostopowicz,FAMILY_COPY_STRICT,pl+sk+sq+tr
data,sk,B1,2905,Tramper,ceļotājs ar autostopu,Autostopowicz,FAMILY_COPY_STRICT,pl+sk+sq+tr
data,sq,B1,2905,Tramper,ceļotājs ar autostopu,Autostopowicz,FAMILY_COPY_STRICT,pl+sk+sq+tr
data,tr,B1,2905,Tramper,ceļotājs ar autostopu,Autostopowicz,FAMILY_COPY_STRICT,pl+sk+sq+tr
data,hr,B1,2906,trauen,uzticēties,Доверие,SCRIPT_MISMATCH,
data,hr,B1,2906,trauen,uzticēties,Доверие,MARKER_LEAK,foreign_script
data,it,B1,2906,trauen,uzticēties,Uzticēties,SAME_AS_LV_CASEFOLD,casefold_only
data,it,B1,2906,trauen,uzticēties,Uzticēties,LV_DIACRITIC,
data,it,B1,2906,trauen,uzticēties,Uzticēties,MARKER_LEAK,lv_macron_consonant
data,lb,B1,2906,trauen,uzticēties,Uzticēties,SAME_AS_LV_CASEFOLD,casefold_only
data,lb,B1,2906,trauen,uzticēties,Uzticēties,LV_DIACRITIC,
data,lb,B1,2906,trauen,uzticēties,Uzticēties,MARKER_LEAK,lv_macron_consonant
data,nl,B1,2906,trauen,uzticēties,Uzticēties,SAME_AS_LV_CASEFOLD,casefold_only
data,nl,B1,2906,trauen,uzticēties,Uzticēties,LV_DIACRITIC,
data,nl,B1,2906,trauen,uzticēties,Uzticēties,MARKER_LEAK,lv_macron_consonant
data,pt,B1,2906,trauen,uzticēties,Uzticēties,SAME_AS_LV_CASEFOLD,casefold_only
data,pt,B1,2906,trauen,uzticēties,Uzticēties,LV_DIACRITIC,
data,pt,B1,2906,trauen,uzticēties,Uzticēties,MARKER_LEAK,lv_macron_consonant
data,sl,B1,2906,trauen,uzticēties,uzticēties,SAME_AS_LV_CASEFOLD,exact
data,sl,B1,2906,trauen,uzticēties,uzticēties,LV_DIACRITIC,
data,sl,B1,2906,trauen,uzticēties,uzticēties,MARKER_LEAK,lv_macron_consonant
data,bg,B1,2906,trauen,uzticēties,Доверие,FAMILY_COPY_STRICT,bg+hr+mk+sr
data,hr,B1,2906,trauen,uzticēties,Доверие,FAMILY_COPY_STRICT,bg+hr+mk+sr
data,mk,B1,2906,trauen,uzticēties,Доверие,FAMILY_COPY_STRICT,bg+hr+mk+sr
data,sr,B1,2906,trauen,uzticēties,Доверие,FAMILY_COPY_STRICT,bg+hr+mk+sr
data,fi,B1,2906,trauen,uzticēties,Usaldama,FAMILY_COPY_STRICT,fi+is+nb+nn+sv
data,is,B1,2906,trauen,uzticēties,Usaldama,FAMILY_COPY_STRICT,fi+is+nb+nn+sv
data,nb,B1,2906,trauen,uzticēties,Usaldama,FAMILY_COPY_STRICT,fi+is+nb+nn+sv
data,nn,B1,2906,trauen,uzticēties,Usaldama,FAMILY_COPY_STRICT,fi+is+nb+nn+sv
data,sv,B1,2906,trauen,uzticēties,Usaldama,FAMILY_COPY_STRICT,fi+is+nb+nn+sv
data,it,B1,2906,trauen,uzticēties,Uzticēties,FAMILY_COPY_STRICT,it+lb+nl+pt
data,lb,B1,2906,trauen,uzticēties,Uzticēties,FAMILY_COPY_STRICT,it+lb+nl+pt
data,nl,B1,2906,trauen,uzticēties,Uzticēties,FAMILY_COPY_STRICT,it+lb+nl+pt
data,pt,B1,2906,trauen,uzticēties,Uzticēties,FAMILY_COPY_STRICT,it+lb+nl+pt
data,pl,B1,2906,trauen,uzticēties,Zaufać,FAMILY_COPY_STRICT,pl+sk
data,sk,B1,2906,trauen,uzticēties,Zaufać,FAMILY_COPY_STRICT,pl+sk
data,sq,B1,2906,trauen,uzticēties,Güven,FAMILY_COPY_STRICT,sq+tr
data,tr,B1,2906,trauen,uzticēties,Güven,FAMILY_COPY_STRICT,sq+tr
data,hr,B1,2907,Trauer,sēras,Траур,SCRIPT_MISMATCH,
data,hr,B1,2907,Trauer,sēras,Траур,MARKER_LEAK,foreign_script
data,it,B1,2907,Trauer,sēras,Sēras,SAME_AS_LV_CASEFOLD,casefold_only
data,it,B1,2907,Trauer,sēras,Sēras,LV_DIACRITIC,
data,it,B1,2907,Trauer,sēras,Sēras,MARKER_LEAK,lv_macron_consonant
data,lb,B1,2907,Trauer,sēras,Sēras,SAME_AS_LV_CASEFOLD,casefold_only
data,lb,B1,2907,Trauer,sēras,Sēras,LV_DIACRITIC,
data,lb,B1,2907,Trauer,sēras,Sēras,MARKER_LEAK,lv_macron_consonant
data,nl,B1,2907,Trauer,sēras,Sēras,SAME_AS_LV_CASEFOLD,casefold_only
data,nl,B1,2907,Trauer,sēras,Sēras,LV_DIACRITIC,
data,nl,B1,2907,Trauer,sēras,Sēras,MARKER_LEAK,lv_macron_consonant
data,sk,B1,2907,Trauer,sēras,Żałoba,MARKER_LEAK,pl_l_s_z
data,sl,B1,2907,Trauer,sēras,sēras,SAME_AS_LV_CASEFOLD,exact
data,sl,B1,2907,Trauer,sēras,sēras,LV_DIACRITIC,
data,sl,B1,2907,Trauer,sēras,sēras,MARKER_LEAK,lv_macron_consonant
data,bg,B1,2907,Trauer,sēras,Траур,FAMILY_COPY_STRICT,bg+hr+mk+ru+sr
data,hr,B1,2907,Trauer,sēras,Траур,FAMILY_COPY_STRICT,bg+hr+mk+ru+sr
data,mk,B1,2907,Trauer,sēras,Траур,FAMILY_COPY_STRICT,bg+hr+mk+ru+sr
data,ru,B1,2907,Trauer,sēras,Траур,FAMILY_COPY_STRICT,bg+hr+mk+ru+sr
data,sr,B1,2907,Trauer,sēras,Траур,FAMILY_COPY_STRICT,bg+hr+mk+ru+sr
data,fi,B1,2907,Trauer,sēras,Lein,FAMILY_COPY_STRICT,fi+is+nb+nn+sv
data,is,B1,2907,Trauer,sēras,Lein,FAMILY_COPY_STRICT,fi+is+nb+nn+sv
data,nb,B1,2907,Trauer,sēras,Lein,FAMILY_COPY_STRICT,fi+is+nb+nn+sv
data,nn,B1,2907,Trauer,sēras,Lein,FAMILY_COPY_STRICT,fi+is+nb+nn+sv
data,sv,B1,2907,Trauer,sēras,Lein,FAMILY_COPY_STRICT,fi+is+nb+nn+sv
data,it,B1,2907,Trauer,sēras,Sēras,FAMILY_COPY_STRICT,it+lb+nl
data,lb,B1,2907,Trauer,sēras,Sēras,FAMILY_COPY_STRICT,it+lb+nl
data,nl,B1,2907,Trauer,sēras,Sēras,FAMILY_COPY_STRICT,it+lb+nl
data,pl,B1,2907,Trauer,sēras,Żałoba,FAMILY_COPY_STRICT,pl+sk
data,sk,B1,2907,Trauer,sēras,Żałoba,FAMILY_COPY_STRICT,pl+sk
data,sq,B1,2907,Trauer,sēras,Yas,FAMILY_COPY_STRICT,sq+tr
data,tr,B1,2907,Trauer,sēras,Yas,FAMILY_COPY_STRICT,sq+tr
data,hr,B1,2908,trauern,sērot,Скърбя,SCRIPT_MISMATCH,
data,hr,B1,2908,trauern,sērot,Скърбя,MARKER_LEAK,foreign_script
data,it,B1,2908,trauern,sērot,Sērot,SAME_AS_LV_CASEFOLD,casefold_only
data,it,B1,2908,trauern,sērot,Sērot,LV_DIACRITIC,
data,it,B1,2908,trauern,sērot,Sērot,MARKER_LEAK,lv_macron_consonant
data,lb,B1,2908,trauern,sērot,Sērot,SAME_AS_LV_CASEFOLD,casefold_only
data,lb,B1,2908,trauern,sērot,Sērot,LV_DIACRITIC,
data,lb,B1,2908,trauern,sērot,Sērot,MARKER_LEAK,lv_macron_consonant
data,nl,B1,2908,trauern,sērot,Sērot,SAME_AS_LV_CASEFOLD,casefold_only
data,nl,B1,2908,trauern,sērot,Sērot,LV_DIACRITIC,
data,nl,B1,2908,trauern,sērot,Sērot,MARKER_LEAK,lv_macron_consonant
data,sk,B1,2908,trauern,sērot,Opłakiwać,MARKER_LEAK,pl_l_s_z
data,sl,B1,2908,trauern,sērot,sērot,SAME_AS_LV_CASEFOLD,exact
data,sl,B1,2908,trauern,sērot,sērot,LV_DIACRITIC,
data,sl,B1,2908,trauern,sērot,sērot,MARKER_LEAK,lv_macron_consonant
data,bg,B1,2908,trauern,sērot,Скърбя,FAMILY_COPY_STRICT,bg+hr+mk+sr
data,hr,B1,2908,trauern,sērot,Скърбя,FAMILY_COPY_STRICT,bg+hr+mk+sr
data,mk,B1,2908,trauern,sērot,Скърбя,FAMILY_COPY_STRICT,bg+hr+mk+sr
data,sr,B1,2908,trauern,sērot,Скърбя,FAMILY_COPY_STRICT,bg+hr+mk+sr
data,fi,B1,2908,trauern,sērot,Leinama,FAMILY_COPY_STRICT,fi+is+nb+nn+sv
data,is,B1,2908,trauern,sērot,Leinama,FAMILY_COPY_STRICT,fi+is+nb+nn+sv
data,nb,B1,2908,trauern,sērot,Leinama,FAMILY_COPY_STRICT,fi+is+nb+nn+sv
data,nn,B1,2908,trauern,sērot,Leinama,FAMILY_COPY_STRICT,fi+is+nb+nn+sv
data,sv,B1,2908,trauern,sērot,Leinama,FAMILY_COPY_STRICT,fi+is+nb+nn+sv
data,it,B1,2908,trauern,sērot,Sērot,FAMILY_COPY_STRICT,it+lb+nl
data,lb,B1,2908,trauern,sērot,Sērot,FAMILY_COPY_STRICT,it+lb+nl
data,nl,B1,2908,trauern,sērot,Sērot,FAMILY_COPY_STRICT,it+lb+nl
data,pl,B1,2908,trauern,sērot,Opłakiwać,FAMILY_COPY_STRICT,pl+sk
data,sk,B1,2908,trauern,sērot,Opłakiwać,FAMILY_COPY_STRICT,pl+sk
data,hr,B1,2909,Trauung,laulību ceremonija,Свадбена церемонија,SCRIPT_MISMATCH,
data,hr,B1,2909,Trauung,laulību ceremonija,Свадбена церемонија,MARKER_LEAK,foreign_script
data,it,B1,2909,Trauung,laulību ceremonija,Laulību ceremonija,SAME_AS_LV_CASEFOLD,casefold_only
data,it,B1,2909,Trauung,laulību ceremonija,Laulību ceremonija,LV_DIACRITIC,
data,it,B1,2909,Trauung,laulību ceremonija,Laulību ceremonija,MARKER_LEAK,lv_macron_consonant
data,lb,B1,2909,Trauung,laulību ceremonija,Laulību ceremonija,SAME_AS_LV_CASEFOLD,casefold_only
data,lb,B1,2909,Trauung,laulību ceremonija,Laulību ceremonija,LV_DIACRITIC,
data,lb,B1,2909,Trauung,laulību ceremonija,Laulību ceremonija,MARKER_LEAK,lv_macron_consonant
data,nl,B1,2909,Trauung,laulību ceremonija,Laulību ceremonija,SAME_AS_LV_CASEFOLD,casefold_only
data,nl,B1,2909,Trauung,laulību ceremonija,Laulību ceremonija,LV_DIACRITIC,
data,nl,B1,2909,Trauung,laulību ceremonija,Laulību ceremonija,MARKER_LEAK,lv_macron_consonant
data,sk,B1,2909,Trauung,laulību ceremonija,Ceremonia zaślubin,MARKER_LEAK,pl_l_s_z
data,sl,B1,2909,Trauung,laulību ceremonija,laulību ceremonija,SAME_AS_LV_CASEFOLD,exact
data,sl,B1,2909,Trauung,laulību ceremonija,laulību ceremonija,LV_DIACRITIC,
data,sl,B1,2909,Trauung,laulību ceremonija,laulību ceremonija,MARKER_LEAK,lv_macron_consonant
data,sq,B1,2909,Trauung,laulību ceremonija,Düğün töreni,MARKER_LEAK,tr_soft
data,fi,B1,2909,Trauung,laulību ceremonija,Laulatus,FAMILY_COPY_STRICT,fi+is+nb+nn+sv
data,is,B1,2909,Trauung,laulību ceremonija,Laulatus,FAMILY_COPY_STRICT,fi+is+nb+nn+sv
data,nb,B1,2909,Trauung,laulību ceremonija,Laulatus,FAMILY_COPY_STRICT,fi+is+nb+nn+sv
data,nn,B1,2909,Trauung,laulību ceremonija,Laulatus,FAMILY_COPY_STRICT,fi+is+nb+nn+sv
data,sv,B1,2909,Trauung,laulību ceremonija,Laulatus,FAMILY_COPY_STRICT,fi+is+nb+nn+sv
data,hr,B1,2909,Trauung,laulību ceremonija,Свадбена церемонија,FAMILY_COPY_STRICT,hr+mk+sr
data,mk,B1,2909,Trauung,laulību ceremonija,Свадбена церемонија,FAMILY_COPY_STRICT,hr+mk+sr
data,sr,B1,2909,Trauung,laulību ceremonija,Свадбена церемонија,FAMILY_COPY_STRICT,hr+mk+sr
data,it,B1,2909,Trauung,laulību ceremonija,Laulību ceremonija,FAMILY_COPY_STRICT,it+lb+nl
data,lb,B1,2909,Trauung,laulību ceremonija,Laulību ceremonija,FAMILY_COPY_STRICT,it+lb+nl
data,nl,B1,2909,Trauung,laulību ceremonija,Laulību ceremonija,FAMILY_COPY_STRICT,it+lb+nl
data,pl,B1,2909,Trauung,laulību ceremonija,Ceremonia zaślubin,FAMILY_COPY_STRICT,pl+sk
data,sk,B1,2909,Trauung,laulību ceremonija,Ceremonia zaślubin,FAMILY_COPY_STRICT,pl+sk
data,sq,B1,2909,Trauung,laulību ceremonija,Düğün töreni,FAMILY_COPY_STRICT,sq+tr
data,tr,B1,2909,Trauung,laulību ceremonija,Düğün töreni,FAMILY_COPY_STRICT,sq+tr
data,hr,B1,2910,Treffen,tikšanās,Среща,SCRIPT_MISMATCH,
data,hr,B1,2910,Treffen,tikšanās,Среща,MARKER_LEAK,foreign_script
data,lb,B1,2910,Treffen,tikšanās,Tikšanās,SAME_AS_LV_CASEFOLD,casefold_only
data,lb,B1,2910,Treffen,tikšanās,Tikšanās,LV_DIACRITIC,
data,lb,B1,2910,Treffen,tikšanās,Tikšanās,MARKER_LEAK,lv_macron_consonant
data,nl,B1,2910,Treffen,tikšanās,Tikšanās,SAME_AS_LV_CASEFOLD,casefold_only
data,nl,B1,2910,Treffen,tikšanās,Tikšanās,LV_DIACRITIC,
data,nl,B1,2910,Treffen,tikšanās,Tikšanās,MARKER_LEAK,lv_macron_consonant
data,sl,B1,2910,Treffen,tikšanās,tikšanās,SAME_AS_LV_CASEFOLD,exact
data,sl,B1,2910,Treffen,tikšanās,tikšanās,LV_DIACRITIC,
data,sl,B1,2910,Treffen,tikšanās,tikšanās,MARKER_LEAK,lv_macron_consonant
data,sq,B1,2910,Treffen,tikšanās,Toplantı@ item,MARKER_LEAK,tr_soft
data,bg,B1,2910,Treffen,tikšanās,Среща,FAMILY_COPY_STRICT,bg+hr+mk+sr
data,hr,B1,2910,Treffen,tikšanās,Среща,FAMILY_COPY_STRICT,bg+hr+mk+sr
data,mk,B1,2910,Treffen,tikšanās,Среща,FAMILY_COPY_STRICT,bg+hr+mk+sr
data,sr,B1,2910,Treffen,tikšanās,Среща,FAMILY_COPY_STRICT,bg+hr+mk+sr
data,fi,B1,2910,Treffen,tikšanās,Kohtumine,FAMILY_COPY_STRICT,fi+sv
data,sv,B1,2910,Treffen,tikšanās,Kohtumine,FAMILY_COPY_STRICT,fi+sv
data,is,B1,2910,Treffen,tikšanās,Dom,FAMILY_COPY_STRICT,is+nb+nn
data,nb,B1,2910,Treffen,tikšanās,Dom,FAMILY_COPY_STRICT,is+nb+nn
data,nn,B1,2910,Treffen,tikšanās,Dom,FAMILY_COPY_STRICT,is+nb+nn
data,it,B1,2910,Treffen,tikšanās,Tiksanas,FAMILY_COPY_STRICT,it+pt
data,pt,B1,2910,Treffen,tikšanās,Tiksanas,FAMILY_COPY_STRICT,it+pt
data,lb,B1,2910,Treffen,tikšanās,Tikšanās,FAMILY_COPY_STRICT,lb+nl
data,nl,B1,2910,Treffen,tikšanās,Tikšanās,FAMILY_COPY_STRICT,lb+nl
data,sq,B1,2910,Treffen,tikšanās,Toplantı@ item,FAMILY_COPY_STRICT,sq+tr
data,tr,B1,2910,Treffen,tikšanās,Toplantı@ item,FAMILY_COPY_STRICT,sq+tr
data,hr,B1,2911,Treffer,trāpījums,Хит,SCRIPT_MISMATCH,
data,hr,B1,2911,Treffer,trāpījums,Хит,MARKER_LEAK,foreign_script
data,it,B1,2911,Treffer,trāpījums,Trāpījums,SAME_AS_LV_CASEFOLD,casefold_only
data,it,B1,2911,Treffer,trāpījums,Trāpījums,LV_DIACRITIC,
data,it,B1,2911,Treffer,trāpījums,Trāpījums,MARKER_LEAK,lv_macron_consonant
data,lb,B1,2911,Treffer,trāpījums,Trāpījums,SAME_AS_LV_CASEFOLD,casefold_only
data,lb,B1,2911,Treffer,trāpījums,Trāpījums,LV_DIACRITIC,
data,lb,B1,2911,Treffer,trāpījums,Trāpījums,MARKER_LEAK,lv_macron_consonant
data,nl,B1,2911,Treffer,trāpījums,Trāpījums,SAME_AS_LV_CASEFOLD,casefold_only
data,nl,B1,2911,Treffer,trāpījums,Trāpījums,LV_DIACRITIC,
data,nl,B1,2911,Treffer,trāpījums,Trāpījums,MARKER_LEAK,lv_macron_consonant
data,sl,B1,2911,Treffer,trāpījums,trāpījums,SAME_AS_LV_CASEFOLD,exact
data,sl,B1,2911,Treffer,trāpījums,trāpījums,LV_DIACRITIC,
data,sl,B1,2911,Treffer,trāpījums,trāpījums,MARKER_LEAK,lv_macron_consonant
data,bg,B1,2911,Treffer,trāpījums,Хит,FAMILY_COPY_STRICT,bg+hr+mk+ru+sr
data,hr,B1,2911,Treffer,trāpījums,Хит,FAMILY_COPY_STRICT,bg+hr+mk+ru+sr
data,mk,B1,2911,Treffer,trāpījums,Хит,FAMILY_COPY_STRICT,bg+hr+mk+ru+sr
data,ru,B1,2911,Treffer,trāpījums,Хит,FAMILY_COPY_STRICT,bg+hr+mk+ru+sr
data,sr,B1,2911,Treffer,trāpījums,Хит,FAMILY_COPY_STRICT,bg+hr+mk+ru+sr
data,cs,B1,2911,Treffer,trāpījums,Hit,FAMILY_COPY_STRICT,cs+pl+sk+sq+tr
data,pl,B1,2911,Treffer,trāpījums,Hit,FAMILY_COPY_STRICT,cs+pl+sk+sq+tr
data,sk,B1,2911,Treffer,trāpījums,Hit,FAMILY_COPY_STRICT,cs+pl+sk+sq+tr
data,sq,B1,2911,Treffer,trāpījums,Hit,FAMILY_COPY_STRICT,cs+pl+sk+sq+tr
data,tr,B1,2911,Treffer,trāpījums,Hit,FAMILY_COPY_STRICT,cs+pl+sk+sq+tr
data,fi,B1,2911,Treffer,trāpījums,Tabamus,FAMILY_COPY_STRICT,fi+is+nb+nn+sv
data,is,B1,2911,Treffer,trāpījums,Tabamus,FAMILY_COPY_STRICT,fi+is+nb+nn+sv
data,nb,B1,2911,Treffer,trāpījums,Tabamus,FAMILY_COPY_STRICT,fi+is+nb+nn+sv
data,nn,B1,2911,Treffer,trāpījums,Tabamus,FAMILY_COPY_STRICT,fi+is+nb+nn+sv
data,sv,B1,2911,Treffer,trāpījums,Tabamus,FAMILY_COPY_STRICT,fi+is+nb+nn+sv
data,it,B1,2911,Treffer,trāpījums,Trāpījums,FAMILY_COPY_STRICT,it+lb+nl
data,lb,B1,2911,Treffer,trāpījums,Trāpījums,FAMILY_COPY_STRICT,it+lb+nl
data,nl,B1,2911,Treffer,trāpījums,Trāpījums,FAMILY_COPY_STRICT,it+lb+nl
data,hr,B1,2912,treiben,nodarboties,Окупирай,SCRIPT_MISMATCH,
data,hr,B1,2912,treiben,nodarboties,Окупирай,MARKER_LEAK,foreign_script
data,it,B1,2912,treiben,nodarboties,Nodarboties,SAME_AS_LV_CASEFOLD,casefold_only
data,lb,B1,2912,treiben,nodarboties,Nodarboties,SAME_AS_LV_CASEFOLD,casefold_only
data,nl,B1,2912,treiben,nodarboties,Nodarboties,SAME_AS_LV_CASEFOLD,casefold_only
data,pt,B1,2912,treiben,nodarboties,Nodarboties,SAME_AS_LV_CASEFOLD,casefold_only
data,sl,B1,2912,treiben,nodarboties,nodarboties,SAME_AS_LV_CASEFOLD,exact
data,bg,B1,2912,treiben,nodarboties,Окупирай,FAMILY_COPY_STRICT,bg+hr+mk+sr
data,hr,B1,2912,treiben,nodarboties,Окупирай,FAMILY_COPY_STRICT,bg+hr+mk+sr
data,mk,B1,2912,treiben,nodarboties,Окупирай,FAMILY_COPY_STRICT,bg+hr+mk+sr
data,sr,B1,2912,treiben,nodarboties,Окупирай,FAMILY_COPY_STRICT,bg+hr+mk+sr
data,fi,B1,2912,treiben,nodarboties,Tegelema,FAMILY_COPY_STRICT,fi+is+nb+nn+sv
data,is,B1,2912,treiben,nodarboties,Tegelema,FAMILY_COPY_STRICT,fi+is+nb+nn+sv
data,nb,B1,2912,treiben,nodarboties,Tegelema,FAMILY_COPY_STRICT,fi+is+nb+nn+sv
data,nn,B1,2912,treiben,nodarboties,Tegelema,FAMILY_COPY_STRICT,fi+is+nb+nn+sv
data,sv,B1,2912,treiben,nodarboties,Tegelema,FAMILY_COPY_STRICT,fi+is+nb+nn+sv
data,it,B1,2912,treiben,nodarboties,Nodarboties,FAMILY_COPY_STRICT,it+lb+nl+pt
data,lb,B1,2912,treiben,nodarboties,Nodarboties,FAMILY_COPY_STRICT,it+lb+nl+pt
data,nl,B1,2912,treiben,nodarboties,Nodarboties,FAMILY_COPY_STRICT,it+lb+nl+pt
data,pt,B1,2912,treiben,nodarboties,Nodarboties,FAMILY_COPY_STRICT,it+lb+nl+pt
data,pl,B1,2912,treiben,nodarboties,Zajmować,FAMILY_COPY_STRICT,pl+sk
data,sk,B1,2912,treiben,nodarboties,Zajmować,FAMILY_COPY_STRICT,pl+sk
data,sq,B1,2912,treiben,nodarboties,Işgal,FAMILY_COPY_STRICT,sq+tr
data,tr,B1,2912,treiben,nodarboties,Işgal,FAMILY_COPY_STRICT,sq+tr
data,hr,B1,2913,Treibstoff,degviela,Гориво,SCRIPT_MISMATCH,
data,hr,B1,2913,Treibstoff,degviela,Гориво,MARKER_LEAK,foreign_script
data,it,B1,2913,Treibstoff,degviela,Degviela,SAME_AS_LV_CASEFOLD,casefold_only
data,lb,B1,2913,Treibstoff,degviela,Degviela,SAME_AS_LV_CASEFOLD,casefold_only
data,nl,B1,2913,Treibstoff,degviela,Degviela,SAME_AS_LV_CASEFOLD,casefold_only
data,pt,B1,2913,Treibstoff,degviela,Degviela,SAME_AS_LV_CASEFOLD,casefold_only
data,sl,B1,2913,Treibstoff,degviela,degviela,SAME_AS_LV_CASEFOLD,exact
data,sq,B1,2913,Treibstoff,degviela,Yakıt,MARKER_LEAK,tr_soft
data,bg,B1,2913,Treibstoff,degviela,Гориво,FAMILY_COPY_STRICT,bg+hr+mk+sr
data,hr,B1,2913,Treibstoff,degviela,Гориво,FAMILY_COPY_STRICT,bg+hr+mk+sr
data,mk,B1,2913,Treibstoff,degviela,Гориво,FAMILY_COPY_STRICT,bg+hr+mk+sr
data,sr,B1,2913,Treibstoff,degviela,Гориво,FAMILY_COPY_STRICT,bg+hr+mk+sr
data,fi,B1,2913,Treibstoff,degviela,Kütus,FAMILY_COPY_STRICT,fi+is+nb+nn+sv
data,is,B1,2913,Treibstoff,degviela,Kütus,FAMILY_COPY_STRICT,fi+is+nb+nn+sv
data,nb,B1,2913,Treibstoff,degviela,Kütus,FAMILY_COPY_STRICT,fi+is+nb+nn+sv
data,nn,B1,2913,Treibstoff,degviela,Kütus,FAMILY_COPY_STRICT,fi+is+nb+nn+sv
data,sv,B1,2913,Treibstoff,degviela,Kütus,FAMILY_COPY_STRICT,fi+is+nb+nn+sv
data,it,B1,2913,Treibstoff,degviela,Degviela,FAMILY_COPY_STRICT,it+lb+nl+pt
data,lb,B1,2913,Treibstoff,degviela,Degviela,FAMILY_COPY_STRICT,it+lb+nl+pt
data,nl,B1,2913,Treibstoff,degviela,Degviela,FAMILY_COPY_STRICT,it+lb+nl+pt
data,pt,B1,2913,Treibstoff,degviela,Degviela,FAMILY_COPY_STRICT,it+lb+nl+pt
data,pl,B1,2913,Treibstoff,degviela,Paliwo,FAMILY_COPY_STRICT,pl+sk
data,sk,B1,2913,Treibstoff,degviela,Paliwo,FAMILY_COPY_STRICT,pl+sk
data,sq,B1,2913,Treibstoff,degviela,Yakıt,FAMILY_COPY_STRICT,sq+tr
data,tr,B1,2913,Treibstoff,degviela,Yakıt,FAMILY_COPY_STRICT,sq+tr
data,hr,B1,2914,trennen,atdalīt,Отделно,SCRIPT_MISMATCH,
data,hr,B1,2914,trennen,atdalīt,Отделно,MARKER_LEAK,foreign_script
data,it,B1,2914,trennen,atdalīt,Atdalīt,SAME_AS_LV_CASEFOLD,casefold_only
data,it,B1,2914,trennen,atdalīt,Atdalīt,LV_DIACRITIC,
data,it,B1,2914,trennen,atdalīt,Atdalīt,MARKER_LEAK,lv_macron_consonant
data,lb,B1,2914,trennen,atdalīt,Atdalīt,SAME_AS_LV_CASEFOLD,casefold_only
data,lb,B1,2914,trennen,atdalīt,Atdalīt,LV_DIACRITIC,
data,lb,B1,2914,trennen,atdalīt,Atdalīt,MARKER_LEAK,lv_macron_consonant
data,nl,B1,2914,trennen,atdalīt,Atdalīt,SAME_AS_LV_CASEFOLD,casefold_only
data,nl,B1,2914,trennen,atdalīt,Atdalīt,LV_DIACRITIC,
data,nl,B1,2914,trennen,atdalīt,Atdalīt,MARKER_LEAK,lv_macron_consonant
data,sl,B1,2914,trennen,atdalīt,atdalīt,SAME_AS_LV_CASEFOLD,exact
data,sl,B1,2914,trennen,atdalīt,atdalīt,LV_DIACRITIC,
data,sl,B1,2914,trennen,atdalīt,atdalīt,MARKER_LEAK,lv_macron_consonant
data,sq,B1,2914,trennen,atdalīt,Ayırmak,MARKER_LEAK,tr_soft
data,bg,B1,2914,trennen,atdalīt,Отделно,FAMILY_COPY_STRICT,bg+hr+mk+sr
data,hr,B1,2914,trennen,atdalīt,Отделно,FAMILY_COPY_STRICT,bg+hr+mk+sr
data,mk,B1,2914,trennen,atdalīt,Отделно,FAMILY_COPY_STRICT,bg+hr+mk+sr
data,sr,B1,2914,trennen,atdalīt,Отделно,FAMILY_COPY_STRICT,bg+hr+mk+sr
data,fi,B1,2914,trennen,atdalīt,Eraldama,FAMILY_COPY_STRICT,fi+is+nb+nn+sv
data,is,B1,2914,trennen,atdalīt,Eraldama,FAMILY_COPY_STRICT,fi+is+nb+nn+sv
data,nb,B1,2914,trennen,atdalīt,Eraldama,FAMILY_COPY_STRICT,fi+is+nb+nn+sv
data,nn,B1,2914,trennen,atdalīt,Eraldama,FAMILY_COPY_STRICT,fi+is+nb+nn+sv
data,sv,B1,2914,trennen,atdalīt,Eraldama,FAMILY_COPY_STRICT,fi+is+nb+nn+sv
data,it,B1,2914,trennen,atdalīt,Atdalīt,FAMILY_COPY_STRICT,it+lb+nl
data,lb,B1,2914,trennen,atdalīt,Atdalīt,FAMILY_COPY_STRICT,it+lb+nl
data,nl,B1,2914,trennen,atdalīt,Atdalīt,FAMILY_COPY_STRICT,it+lb+nl
data,pl,B1,2914,trennen,atdalīt,Rozdzielić,FAMILY_COPY_STRICT,pl+sk
data,sk,B1,2914,trennen,atdalīt,Rozdzielić,FAMILY_COPY_STRICT,pl+sk
data,sq,B1,2914,trennen,atdalīt,Ayırmak,FAMILY_COPY_STRICT,sq+tr
data,tr,B1,2914,trennen,atdalīt,Ayırmak,FAMILY_COPY_STRICT,sq+tr
data,hr,B1,2915,Tresor,seifs,Безопасно,SCRIPT_MISMATCH,
data,hr,B1,2915,Tresor,seifs,Безопасно,MARKER_LEAK,foreign_script
data,it,B1,2915,Tresor,seifs,Seifs,SAME_AS_LV_CASEFOLD,casefold_only
data,lb,B1,2915,Tresor,seifs,Seifs,SAME_AS_LV_CASEFOLD,casefold_only
data,nl,B1,2915,Tresor,seifs,Seifs,SAME_AS_LV_CASEFOLD,casefold_only
data,pt,B1,2915,Tresor,seifs,Seifs,SAME_AS_LV_CASEFOLD,casefold_only
data,sl,B1,2915,Tresor,seifs,seifs,SAME_AS_LV_CASEFOLD,exact
data,bg,B1,2915,Tresor,seifs,Безопасно,FAMILY_COPY_STRICT,bg+hr+mk+sr
data,hr,B1,2915,Tresor,seifs,Безопасно,FAMILY_COPY_STRICT,bg+hr+mk+sr
data,mk,B1,2915,Tresor,seifs,Безопасно,FAMILY_COPY_STRICT,bg+hr+mk+sr
data,sr,B1,2915,Tresor,seifs,Безопасно,FAMILY_COPY_STRICT,bg+hr+mk+sr
data,fi,B1,2915,Tresor,seifs,Seif,FAMILY_COPY_STRICT,fi+is+nb+nn+sv
data,is,B1,2915,Tresor,seifs,Seif,FAMILY_COPY_STRICT,fi+is+nb+nn+sv
data,nb,B1,2915,Tresor,seifs,Seif,FAMILY_COPY_STRICT,fi+is+nb+nn+sv
data,nn,B1,2915,Tresor,seifs,Seif,FAMILY_COPY_STRICT,fi+is+nb+nn+sv
data,sv,B1,2915,Tresor,seifs,Seif,FAMILY_COPY_STRICT,fi+is+nb+nn+sv
data,it,B1,2915,Tresor,seifs,Seifs,FAMILY_COPY_STRICT,it+lb+nl+pt
data,lb,B1,2915,Tresor,seifs,Seifs,FAMILY_COPY_STRICT,it+lb+nl+pt
data,nl,B1,2915,Tresor,seifs,Seifs,FAMILY_COPY_STRICT,it+lb+nl+pt
data,pt,B1,2915,Tresor,seifs,Seifs,FAMILY_COPY_STRICT,it+lb+nl+pt
data,pl,B1,2915,Tresor,seifs,Sejf,FAMILY_COPY_STRICT,pl+sk+sq+tr
data,sk,B1,2915,Tresor,seifs,Sejf,FAMILY_COPY_STRICT,pl+sk+sq+tr
data,sq,B1,2915,Tresor,seifs,Sejf,FAMILY_COPY_STRICT,pl+sk+sq+tr
data,tr,B1,2915,Tresor,seifs,Sejf,FAMILY_COPY_STRICT,pl+sk+sq+tr
data,hr,B1,2916,treten,spert,Ритник,SCRIPT_MISMATCH,
data,hr,B1,2916,treten,spert,Ритник,MARKER_LEAK,foreign_script
data,it,B1,2916,treten,spert,Spert,SAME_AS_LV_CASEFOLD,casefold_only
data,lb,B1,2916,treten,spert,Spert,SAME_AS_LV_CASEFOLD,casefold_only
data,nl,B1,2916,treten,spert,Spert,SAME_AS_LV_CASEFOLD,casefold_only
data,sl,B1,2916,treten,spert,spert,SAME_AS_LV_CASEFOLD,exact
data,bg,B1,2916,treten,spert,Ритник,FAMILY_COPY_STRICT,bg+hr+mk+sr
data,hr,B1,2916,treten,spert,Ритник,FAMILY_COPY_STRICT,bg+hr+mk+sr
data,mk,B1,2916,treten,spert,Ритник,FAMILY_COPY_STRICT,bg+hr+mk+sr
data,sr,B1,2916,treten,spert,Ритник,FAMILY_COPY_STRICT,bg+hr+mk+sr
data,fi,B1,2916,treten,spert,Lööma jalaga,FAMILY_COPY_STRICT,fi+is+nb+nn+sv
data,is,B1,2916,treten,spert,Lööma jalaga,FAMILY_COPY_STRICT,fi+is+nb+nn+sv
data,nb,B1,2916,treten,spert,Lööma jalaga,FAMILY_COPY_STRICT,fi+is+nb+nn+sv
data,nn,B1,2916,treten,spert,Lööma jalaga,FAMILY_COPY_STRICT,fi+is+nb+nn+sv
data,sv,B1,2916,treten,spert,Lööma jalaga,FAMILY_COPY_STRICT,fi+is+nb+nn+sv
data,it,B1,2916,treten,spert,Spert,FAMILY_COPY_STRICT,it+lb+nl
data,lb,B1,2916,treten,spert,Spert,FAMILY_COPY_STRICT,it+lb+nl
data,nl,B1,2916,treten,spert,Spert,FAMILY_COPY_STRICT,it+lb+nl
data,sq,B1,2916,treten,spert,Kazmak,FAMILY_COPY_STRICT,sq+tr
data,tr,B1,2916,treten,spert,Kazmak,FAMILY_COPY_STRICT,sq+tr
data,hr,B1,2917,treu,uzticīgs,Лоялен,SCRIPT_MISMATCH,
data,hr,B1,2917,treu,uzticīgs,Лоялен,MARKER_LEAK,foreign_script
data,sl,B1,2917,treu,uzticīgs,uzticīgs,SAME_AS_LV_CASEFOLD,exact
data,sl,B1,2917,treu,uzticīgs,uzticīgs,LV_DIACRITIC,
data,sl,B1,2917,treu,uzticīgs,uzticīgs,MARKER_LEAK,lv_macron_consonant
data,bg,B1,2917,treu,uzticīgs,Лоялен,FAMILY_COPY_STRICT,bg+hr+mk+sr
data,hr,B1,2917,treu,uzticīgs,Лоялен,FAMILY_COPY_STRICT,bg+hr+mk+sr
data,mk,B1,2917,treu,uzticīgs,Лоялен,FAMILY_COPY_STRICT,bg+hr+mk+sr
data,sr,B1,2917,treu,uzticīgs,Лоялен,FAMILY_COPY_STRICT,bg+hr+mk+sr
data,fi,B1,2917,treu,uzticīgs,Ustav,FAMILY_COPY_STRICT,fi+is+nb+nn+sv
data,is,B1,2917,treu,uzticīgs,Ustav,FAMILY_COPY_STRICT,fi+is+nb+nn+sv
data,nb,B1,2917,treu,uzticīgs,Ustav,FAMILY_COPY_STRICT,fi+is+nb+nn+sv
data,nn,B1,2917,treu,uzticīgs,Ustav,FAMILY_COPY_STRICT,fi+is+nb+nn+sv
data,sv,B1,2917,treu,uzticīgs,Ustav,FAMILY_COPY_STRICT,fi+is+nb+nn+sv
data,it,B1,2917,treu,uzticīgs,Trouw,FAMILY_COPY_STRICT,it+lb+nl
data,lb,B1,2917,treu,uzticīgs,Trouw,FAMILY_COPY_STRICT,it+lb+nl
data,nl,B1,2917,treu,uzticīgs,Trouw,FAMILY_COPY_STRICT,it+lb+nl
data,pl,B1,2917,treu,uzticīgs,Wierny,FAMILY_COPY_STRICT,pl+sk+sq+tr
data,sk,B1,2917,treu,uzticīgs,Wierny,FAMILY_COPY_STRICT,pl+sk+sq+tr
data,sq,B1,2917,treu,uzticīgs,Wierny,FAMILY_COPY_STRICT,pl+sk+sq+tr
data,tr,B1,2917,treu,uzticīgs,Wierny,FAMILY_COPY_STRICT,pl+sk+sq+tr
data,hr,B1,2918,Treue,uzticība,Доверие,SCRIPT_MISMATCH,
data,hr,B1,2918,Treue,uzticība,Доверие,MARKER_LEAK,foreign_script
data,it,B1,2918,Treue,uzticība,Uzticība,SAME_AS_LV_CASEFOLD,casefold_only
data,it,B1,2918,Treue,uzticība,Uzticība,LV_DIACRITIC,
data,it,B1,2918,Treue,uzticība,Uzticība,MARKER_LEAK,lv_macron_consonant
data,lb,B1,2918,Treue,uzticība,Uzticība,SAME_AS_LV_CASEFOLD,casefold_only
data,lb,B1,2918,Treue,uzticība,Uzticība,LV_DIACRITIC,
data,lb,B1,2918,Treue,uzticība,Uzticība,MARKER_LEAK,lv_macron_consonant
data,nl,B1,2918,Treue,uzticība,Uzticība,SAME_AS_LV_CASEFOLD,casefold_only
data,nl,B1,2918,Treue,uzticība,Uzticība,LV_DIACRITIC,
data,nl,B1,2918,Treue,uzticība,Uzticība,MARKER_LEAK,lv_macron_consonant
data,sl,B1,2918,Treue,uzticība,uzticība,SAME_AS_LV_CASEFOLD,exact
data,sl,B1,2918,Treue,uzticība,uzticība,LV_DIACRITIC,
data,sl,B1,2918,Treue,uzticība,uzticība,MARKER_LEAK,lv_macron_consonant
data,bg,B1,2918,Treue,uzticība,Доверие,FAMILY_COPY_STRICT,bg+hr+mk+sr
data,hr,B1,2918,Treue,uzticība,Доверие,FAMILY_COPY_STRICT,bg+hr+mk+sr
data,mk,B1,2918,Treue,uzticība,Доверие,FAMILY_COPY_STRICT,bg+hr+mk+sr
data,sr,B1,2918,Treue,uzticība,Доверие,FAMILY_COPY_STRICT,bg+hr+mk+sr
data,fi,B1,2918,Treue,uzticība,Ustavus,FAMILY_COPY_STRICT,fi+is+nb+nn+sv
data,is,B1,2918,Treue,uzticība,Ustavus,FAMILY_COPY_STRICT,fi+is+nb+nn+sv
data,nb,B1,2918,Treue,uzticība,Ustavus,FAMILY_COPY_STRICT,fi+is+nb+nn+sv
data,nn,B1,2918,Treue,uzticība,Ustavus,FAMILY_COPY_STRICT,fi+is+nb+nn+sv
data,sv,B1,2918,Treue,uzticība,Ustavus,FAMILY_COPY_STRICT,fi+is+nb+nn+sv
data,it,B1,2918,Treue,uzticība,Uzticība,FAMILY_COPY_STRICT,it+lb+nl
data,lb,B1,2918,Treue,uzticība,Uzticība,FAMILY_COPY_STRICT,it+lb+nl
data,nl,B1,2918,Treue,uzticība,Uzticība,FAMILY_COPY_STRICT,it+lb+nl
data,pl,B1,2918,Treue,uzticība,Zaufanie,FAMILY_COPY_STRICT,pl+sk+sq+tr
data,sk,B1,2918,Treue,uzticība,Zaufanie,FAMILY_COPY_STRICT,pl+sk+sq+tr
data,sq,B1,2918,Treue,uzticība,Zaufanie,FAMILY_COPY_STRICT,pl+sk+sq+tr
data,tr,B1,2918,Treue,uzticība,Zaufanie,FAMILY_COPY_STRICT,pl+sk+sq+tr
data,hr,B1,2919,Tribüne,tribīne,Трибуна,SCRIPT_MISMATCH,
data,hr,B1,2919,Tribüne,tribīne,Трибуна,MARKER_LEAK,foreign_script
data,it,B1,2919,Tribüne,tribīne,Tribīne,SAME_AS_LV_CASEFOLD,casefold_only
data,it,B1,2919,Tribüne,tribīne,Tribīne,LV_DIACRITIC,
data,it,B1,2919,Tribüne,tribīne,Tribīne,MARKER_LEAK,lv_macron_consonant
data,lb,B1,2919,Tribüne,tribīne,Tribīne,SAME_AS_LV_CASEFOLD,casefold_only
data,lb,B1,2919,Tribüne,tribīne,Tribīne,LV_DIACRITIC,
data,lb,B1,2919,Tribüne,tribīne,Tribīne,MARKER_LEAK,lv_macron_consonant
data,nl,B1,2919,Tribüne,tribīne,Tribīne,SAME_AS_LV_CASEFOLD,casefold_only
data,nl,B1,2919,Tribüne,tribīne,Tribīne,LV_DIACRITIC,
data,nl,B1,2919,Tribüne,tribīne,Tribīne,MARKER_LEAK,lv_macron_consonant
data,sl,B1,2919,Tribüne,tribīne,tribīne,SAME_AS_LV_CASEFOLD,exact
data,sl,B1,2919,Tribüne,tribīne,tribīne,LV_DIACRITIC,
data,sl,B1,2919,Tribüne,tribīne,tribīne,MARKER_LEAK,lv_macron_consonant
data,bg,B1,2919,Tribüne,tribīne,Трибуна,FAMILY_COPY_STRICT,bg+hr+mk+ru+sr
data,hr,B1,2919,Tribüne,tribīne,Трибуна,FAMILY_COPY_STRICT,bg+hr+mk+ru+sr
data,mk,B1,2919,Tribüne,tribīne,Трибуна,FAMILY_COPY_STRICT,bg+hr+mk+ru+sr
data,ru,B1,2919,Tribüne,tribīne,Трибуна,FAMILY_COPY_STRICT,bg+hr+mk+ru+sr
data,sr,B1,2919,Tribüne,tribīne,Трибуна,FAMILY_COPY_STRICT,bg+hr+mk+ru+sr
data,da,B1,2919,Tribüne,tribīne,Tribune,FAMILY_COPY_STRICT,da+fr
data,fr,B1,2919,Tribüne,tribīne,Tribune,FAMILY_COPY_STRICT,da+fr
data,fi,B1,2919,Tribüne,tribīne,Tribüün,FAMILY_COPY_STRICT,fi+is+nb+nn+sv
data,is,B1,2919,Tribüne,tribīne,Tribüün,FAMILY_COPY_STRICT,fi+is+nb+nn+sv
data,nb,B1,2919,Tribüne,tribīne,Tribüün,FAMILY_COPY_STRICT,fi+is+nb+nn+sv
data,nn,B1,2919,Tribüne,tribīne,Tribüün,FAMILY_COPY_STRICT,fi+is+nb+nn+sv
data,sv,B1,2919,Tribüne,tribīne,Tribüün,FAMILY_COPY_STRICT,fi+is+nb+nn+sv
data,it,B1,2919,Tribüne,tribīne,Tribīne,FAMILY_COPY_STRICT,it+lb+nl
data,lb,B1,2919,Tribüne,tribīne,Tribīne,FAMILY_COPY_STRICT,it+lb+nl
data,nl,B1,2919,Tribüne,tribīne,Tribīne,FAMILY_COPY_STRICT,it+lb+nl
data,pl,B1,2919,Tribüne,tribīne,Trybuna,FAMILY_COPY_STRICT,pl+sk+sq+tr
data,sk,B1,2919,Tribüne,tribīne,Trybuna,FAMILY_COPY_STRICT,pl+sk+sq+tr
data,sq,B1,2919,Tribüne,tribīne,Trybuna,FAMILY_COPY_STRICT,pl+sk+sq+tr
data,tr,B1,2919,Tribüne,tribīne,Trybuna,FAMILY_COPY_STRICT,pl+sk+sq+tr
data,hr,B1,2920,Trieb,dziņa,Возам автомобил,SCRIPT_MISMATCH,
data,hr,B1,2920,Trieb,dziņa,Возам автомобил,MARKER_LEAK,foreign_script
data,it,B1,2920,Trieb,dziņa,Dziņa,SAME_AS_LV_CASEFOLD,casefold_only
data,it,B1,2920,Trieb,dziņa,Dziņa,LV_DIACRITIC,
data,it,B1,2920,Trieb,dziņa,Dziņa,MARKER_LEAK,lv_macron_consonant
data,lb,B1,2920,Trieb,dziņa,Dziņa,SAME_AS_LV_CASEFOLD,casefold_only
data,lb,B1,2920,Trieb,dziņa,Dziņa,LV_DIACRITIC,
data,lb,B1,2920,Trieb,dziņa,Dziņa,MARKER_LEAK,lv_macron_consonant
data,nl,B1,2920,Trieb,dziņa,Dziņa,SAME_AS_LV_CASEFOLD,casefold_only
data,nl,B1,2920,Trieb,dziņa,Dziņa,LV_DIACRITIC,
data,nl,B1,2920,Trieb,dziņa,Dziņa,MARKER_LEAK,lv_macron_consonant
data,pt,B1,2920,Trieb,dziņa,Dziņa,SAME_AS_LV_CASEFOLD,casefold_only
data,pt,B1,2920,Trieb,dziņa,Dziņa,LV_DIACRITIC,
data,pt,B1,2920,Trieb,dziņa,Dziņa,MARKER_LEAK,lv_macron_consonant
data,sl,B1,2920,Trieb,dziņa,dziņa,SAME_AS_LV_CASEFOLD,exact
data,sl,B1,2920,Trieb,dziņa,dziņa,LV_DIACRITIC,
data,sl,B1,2920,Trieb,dziņa,dziņa,MARKER_LEAK,lv_macron_consonant
data,fi,B1,2920,Trieb,dziņa,Tung,FAMILY_COPY_STRICT,fi+is+nb+nn+sv
data,is,B1,2920,Trieb,dziņa,Tung,FAMILY_COPY_STRICT,fi+is+nb+nn+sv
data,nb,B1,2920,Trieb,dziņa,Tung,FAMILY_COPY_STRICT,fi+is+nb+nn+sv
data,nn,B1,2920,Trieb,dziņa,Tung,FAMILY_COPY_STRICT,fi+is+nb+nn+sv
data,sv,B1,2920,Trieb,dziņa,Tung,FAMILY_COPY_STRICT,fi+is+nb+nn+sv
data,hr,B1,2920,Trieb,dziņa,Возам автомобил,FAMILY_COPY_STRICT,hr+mk+sr
data,mk,B1,2920,Trieb,dziņa,Возам автомобил,FAMILY_COPY_STRICT,hr+mk+sr
data,sr,B1,2920,Trieb,dziņa,Возам автомобил,FAMILY_COPY_STRICT,hr+mk+sr
data,it,B1,2920,Trieb,dziņa,Dziņa,FAMILY_COPY_STRICT,it+lb+nl+pt
data,lb,B1,2920,Trieb,dziņa,Dziņa,FAMILY_COPY_STRICT,it+lb+nl+pt
data,nl,B1,2920,Trieb,dziņa,Dziņa,FAMILY_COPY_STRICT,it+lb+nl+pt
data,pt,B1,2920,Trieb,dziņa,Dziņa,FAMILY_COPY_STRICT,it+lb+nl+pt
data,sq,B1,2920,Trieb,dziņa,Liderlik etmek,FAMILY_COPY_STRICT,sq+tr
data,tr,B1,2920,Trieb,dziņa,Liderlik etmek,FAMILY_COPY_STRICT,sq+tr
data,hr,B1,2921,Tritt,solis,Стъпка,SCRIPT_MISMATCH,
data,hr,B1,2921,Tritt,solis,Стъпка,MARKER_LEAK,foreign_script
data,lb,B1,2921,Tritt,solis,Solis,SAME_AS_LV_CASEFOLD,casefold_only
data,nl,B1,2921,Tritt,solis,Solis,SAME_AS_LV_CASEFOLD,casefold_only
data,pt,B1,2921,Tritt,solis,Solis,SAME_AS_LV_CASEFOLD,casefold_only
data,sl,B1,2921,Tritt,solis,solis,SAME_AS_LV_CASEFOLD,exact
data,bg,B1,2921,Tritt,solis,Стъпка,FAMILY_COPY_STRICT,bg+hr+mk+sr
data,hr,B1,2921,Tritt,solis,Стъпка,FAMILY_COPY_STRICT,bg+hr+mk+sr
data,mk,B1,2921,Tritt,solis,Стъпка,FAMILY_COPY_STRICT,bg+hr+mk+sr
data,sr,B1,2921,Tritt,solis,Стъпка,FAMILY_COPY_STRICT,bg+hr+mk+sr
data,cs,B1,2921,Tritt,solis,Krok,FAMILY_COPY_STRICT,cs+pl+sk+sq+tr
data,pl,B1,2921,Tritt,solis,Krok,FAMILY_COPY_STRICT,cs+pl+sk+sq+tr
data,sk,B1,2921,Tritt,solis,Krok,FAMILY_COPY_STRICT,cs+pl+sk+sq+tr
data,sq,B1,2921,Tritt,solis,Krok,FAMILY_COPY_STRICT,cs+pl+sk+sq+tr
data,tr,B1,2921,Tritt,solis,Krok,FAMILY_COPY_STRICT,cs+pl+sk+sq+tr
data,fi,B1,2921,Tritt,solis,Samm,FAMILY_COPY_STRICT,fi+sv
data,sv,B1,2921,Tritt,solis,Samm,FAMILY_COPY_STRICT,fi+sv
data,is,B1,2921,Tritt,solis,Sum,FAMILY_COPY_STRICT,is+nb+nn
data,nb,B1,2921,Tritt,solis,Sum,FAMILY_COPY_STRICT,is+nb+nn
data,nn,B1,2921,Tritt,solis,Sum,FAMILY_COPY_STRICT,is+nb+nn
data,lb,B1,2921,Tritt,solis,Solis,FAMILY_COPY_STRICT,lb+nl+pt
data,nl,B1,2921,Tritt,solis,Solis,FAMILY_COPY_STRICT,lb+nl+pt
data,pt,B1,2921,Tritt,solis,Solis,FAMILY_COPY_STRICT,lb+nl+pt
data,hr,B1,2922,Trittbrett,kāpslis,Скала,SCRIPT_MISMATCH,
data,hr,B1,2922,Trittbrett,kāpslis,Скала,MARKER_LEAK,foreign_script
data,it,B1,2922,Trittbrett,kāpslis,Kāpslis,SAME_AS_LV_CASEFOLD,casefold_only
data,it,B1,2922,Trittbrett,kāpslis,Kāpslis,LV_DIACRITIC,
data,it,B1,2922,Trittbrett,kāpslis,Kāpslis,MARKER_LEAK,lv_macron_consonant
data,lb,B1,2922,Trittbrett,kāpslis,Kāpslis,SAME_AS_LV_CASEFOLD,casefold_only
data,lb,B1,2922,Trittbrett,kāpslis,Kāpslis,LV_DIACRITIC,
data,lb,B1,2922,Trittbrett,kāpslis,Kāpslis,MARKER_LEAK,lv_macron_consonant
data,nl,B1,2922,Trittbrett,kāpslis,Kāpslis,SAME_AS_LV_CASEFOLD,casefold_only
data,nl,B1,2922,Trittbrett,kāpslis,Kāpslis,LV_DIACRITIC,
data,nl,B1,2922,Trittbrett,kāpslis,Kāpslis,MARKER_LEAK,lv_macron_consonant
data,sk,B1,2922,Trittbrett,kāpslis,Drabina składana,MARKER_LEAK,pl_l_s_z
data,sl,B1,2922,Trittbrett,kāpslis,kāpslis,SAME_AS_LV_CASEFOLD,exact
data,sl,B1,2922,Trittbrett,kāpslis,kāpslis,LV_DIACRITIC,
data,sl,B1,2922,Trittbrett,kāpslis,kāpslis,MARKER_LEAK,lv_macron_consonant
data,fi,B1,2922,Trittbrett,kāpslis,Aste,FAMILY_COPY_STRICT,fi+is+nb+nn+sv
data,is,B1,2922,Trittbrett,kāpslis,Aste,FAMILY_COPY_STRICT,fi+is+nb+nn+sv
data,nb,B1,2922,Trittbrett,kāpslis,Aste,FAMILY_COPY_STRICT,fi+is+nb+nn+sv
data,nn,B1,2922,Trittbrett,kāpslis,Aste,FAMILY_COPY_STRICT,fi+is+nb+nn+sv
data,sv,B1,2922,Trittbrett,kāpslis,Aste,FAMILY_COPY_STRICT,fi+is+nb+nn+sv
data,hr,B1,2922,Trittbrett,kāpslis,Скала,FAMILY_COPY_STRICT,hr+mk+sr
data,mk,B1,2922,Trittbrett,kāpslis,Скала,FAMILY_COPY_STRICT,hr+mk+sr
data,sr,B1,2922,Trittbrett,kāpslis,Скала,FAMILY_COPY_STRICT,hr+mk+sr
data,it,B1,2922,Trittbrett,kāpslis,Kāpslis,FAMILY_COPY_STRICT,it+lb+nl
data,lb,B1,2922,Trittbrett,kāpslis,Kāpslis,FAMILY_COPY_STRICT,it+lb+nl
data,nl,B1,2922,Trittbrett,kāpslis,Kāpslis,FAMILY_COPY_STRICT,it+lb+nl
data,pl,B1,2922,Trittbrett,kāpslis,Drabina składana,FAMILY_COPY_STRICT,pl+sk
data,sk,B1,2922,Trittbrett,kāpslis,Drabina składana,FAMILY_COPY_STRICT,pl+sk
data,sq,B1,2922,Trittbrett,kāpslis,Seyyar merdiven,FAMILY_COPY_STRICT,sq+tr
data,tr,B1,2922,Trittbrett,kāpslis,Seyyar merdiven,FAMILY_COPY_STRICT,sq+tr
data,it,B1,2923,Triumph,triumfs,Triumfs,SAME_AS_LV_CASEFOLD,casefold_only
data,lb,B1,2923,Triumph,triumfs,Triumfs,SAME_AS_LV_CASEFOLD,casefold_only
data,nl,B1,2923,Triumph,triumfs,Triumfs,SAME_AS_LV_CASEFOLD,casefold_only
data,sl,B1,2923,Triumph,triumfs,triumfs,SAME_AS_LV_CASEFOLD,exact
data,sr,B1,2923,Triumph,triumfs,Zmagoslavje.,SCRIPT_MISMATCH,sr_as_cyrillic
data,sr,B1,2923,Triumph,triumfs,Zmagoslavje.,MARKER_LEAK,latin_in_cyrillic
data,bg,B1,2923,Triumph,triumfs,Триумф,FAMILY_COPY_STRICT,bg+mk+ru
data,mk,B1,2923,Triumph,triumfs,Триумф,FAMILY_COPY_STRICT,bg+mk+ru
data,ru,B1,2923,Triumph,triumfs,Триумф,FAMILY_COPY_STRICT,bg+mk+ru
data,hr,B1,2923,Triumph,triumfs,Zmagoslavje.,FAMILY_COPY_STRICT,hr+sr
data,sr,B1,2923,Triumph,triumfs,Zmagoslavje.,FAMILY_COPY_STRICT,hr+sr
data,it,B1,2923,Triumph,triumfs,Triumfs,FAMILY_COPY_STRICT,it+lb+nl
data,lb,B1,2923,Triumph,triumfs,Triumfs,FAMILY_COPY_STRICT,it+lb+nl
data,nl,B1,2923,Triumph,triumfs,Triumfs,FAMILY_COPY_STRICT,it+lb+nl
data,hr,B1,2924,Trödelmarkt,krāmu tirgus,Битпазар,SCRIPT_MISMATCH,
data,hr,B1,2924,Trödelmarkt,krāmu tirgus,Битпазар,MARKER_LEAK,foreign_script
data,lb,B1,2924,Trödelmarkt,krāmu tirgus,Krāmu tirgus,SAME_AS_LV_CASEFOLD,casefold_only
data,lb,B1,2924,Trödelmarkt,krāmu tirgus,Krāmu tirgus,LV_DIACRITIC,
data,lb,B1,2924,Trödelmarkt,krāmu tirgus,Krāmu tirgus,MARKER_LEAK,lv_macron_consonant
data,nl,B1,2924,Trödelmarkt,krāmu tirgus,Krāmu tirgus,SAME_AS_LV_CASEFOLD,casefold_only
data,nl,B1,2924,Trödelmarkt,krāmu tirgus,Krāmu tirgus,LV_DIACRITIC,
data,nl,B1,2924,Trödelmarkt,krāmu tirgus,Krāmu tirgus,MARKER_LEAK,lv_macron_consonant
data,sl,B1,2924,Trödelmarkt,krāmu tirgus,krāmu tirgus,SAME_AS_LV_CASEFOLD,exact
data,sl,B1,2924,Trödelmarkt,krāmu tirgus,krāmu tirgus,LV_DIACRITIC,
data,sl,B1,2924,Trödelmarkt,krāmu tirgus,krāmu tirgus,MARKER_LEAK,lv_macron_consonant
data,sq,B1,2924,Trödelmarkt,krāmu tirgus,Bit pazarı,MARKER_LEAK,tr_soft
data,bg,B1,2924,Trödelmarkt,krāmu tirgus,Битпазар,FAMILY_COPY_STRICT,bg+hr+mk+sr
data,hr,B1,2924,Trödelmarkt,krāmu tirgus,Битпазар,FAMILY_COPY_STRICT,bg+hr+mk+sr
data,mk,B1,2924,Trödelmarkt,krāmu tirgus,Битпазар,FAMILY_COPY_STRICT,bg+hr+mk+sr
data,sr,B1,2924,Trödelmarkt,krāmu tirgus,Битпазар,FAMILY_COPY_STRICT,bg+hr+mk+sr
data,fi,B1,2924,Trödelmarkt,krāmu tirgus,Kirbuturg,FAMILY_COPY_STRICT,fi+is+nb+nn+sv
data,is,B1,2924,Trödelmarkt,krāmu tirgus,Kirbuturg,FAMILY_COPY_STRICT,fi+is+nb+nn+sv
data,nb,B1,2924,Trödelmarkt,krāmu tirgus,Kirbuturg,FAMILY_COPY_STRICT,fi+is+nb+nn+sv
data,nn,B1,2924,Trödelmarkt,krāmu tirgus,Kirbuturg,FAMILY_COPY_STRICT,fi+is+nb+nn+sv
data,sv,B1,2924,Trödelmarkt,krāmu tirgus,Kirbuturg,FAMILY_COPY_STRICT,fi+is+nb+nn+sv
data,it,B1,2924,Trödelmarkt,krāmu tirgus,Kramu tirgus,FAMILY_COPY_STRICT,it+pt
data,pt,B1,2924,Trödelmarkt,krāmu tirgus,Kramu tirgus,FAMILY_COPY_STRICT,it+pt
data,lb,B1,2924,Trödelmarkt,krāmu tirgus,Krāmu tirgus,FAMILY_COPY_STRICT,lb+nl
data,nl,B1,2924,Trödelmarkt,krāmu tirgus,Krāmu tirgus,FAMILY_COPY_STRICT,lb+nl
data,pl,B1,2924,Trödelmarkt,krāmu tirgus,Pchli targ,FAMILY_COPY_STRICT,pl+sk
data,sk,B1,2924,Trödelmarkt,krāmu tirgus,Pchli targ,FAMILY_COPY_STRICT,pl+sk
data,sq,B1,2924,Trödelmarkt,krāmu tirgus,Bit pazarı,FAMILY_COPY_STRICT,sq+tr
data,tr,B1,2924,Trödelmarkt,krāmu tirgus,Bit pazarı,FAMILY_COPY_STRICT,sq+tr
data,hr,B1,2925,trommeln,bungot,Барабан,SCRIPT_MISMATCH,
data,hr,B1,2925,trommeln,bungot,Барабан,MARKER_LEAK,foreign_script
data,it,B1,2925,trommeln,bungot,Bungot,SAME_AS_LV_CASEFOLD,casefold_only
data,lb,B1,2925,trommeln,bungot,Bungot,SAME_AS_LV_CASEFOLD,casefold_only
data,nl,B1,2925,trommeln,bungot,Bungot,SAME_AS_LV_CASEFOLD,casefold_only
data,pt,B1,2925,trommeln,bungot,Bungot,SAME_AS_LV_CASEFOLD,casefold_only
data,sk,B1,2925,trommeln,bungot,Bębnić,MARKER_LEAK,pl_lt_nasal
data,sl,B1,2925,trommeln,bungot,bungot,SAME_AS_LV_CASEFOLD,exact
data,bg,B1,2925,trommeln,bungot,Барабан,FAMILY_COPY_STRICT,bg+hr+mk+sr
data,hr,B1,2925,trommeln,bungot,Барабан,FAMILY_COPY_STRICT,bg+hr+mk+sr
data,mk,B1,2925,trommeln,bungot,Барабан,FAMILY_COPY_STRICT,bg+hr+mk+sr
data,sr,B1,2925,trommeln,bungot,Барабан,FAMILY_COPY_STRICT,bg+hr+mk+sr
data,fi,B1,2925,trommeln,bungot,Trummeldama,FAMILY_COPY_STRICT,fi+is+nb+nn+sv
data,is,B1,2925,trommeln,bungot,Trummeldama,FAMILY_COPY_STRICT,fi+is+nb+nn+sv
data,nb,B1,2925,trommeln,bungot,Trummeldama,FAMILY_COPY_STRICT,fi+is+nb+nn+sv
data,nn,B1,2925,trommeln,bungot,Trummeldama,FAMILY_COPY_STRICT,fi+is+nb+nn+sv
data,sv,B1,2925,trommeln,bungot,Trummeldama,FAMILY_COPY_STRICT,fi+is+nb+nn+sv
data,it,B1,2925,trommeln,bungot,Bungot,FAMILY_COPY_STRICT,it+lb+nl+pt
data,lb,B1,2925,trommeln,bungot,Bungot,FAMILY_COPY_STRICT,it+lb+nl+pt
data,nl,B1,2925,trommeln,bungot,Bungot,FAMILY_COPY_STRICT,it+lb+nl+pt
data,pt,B1,2925,trommeln,bungot,Bungot,FAMILY_COPY_STRICT,it+lb+nl+pt
data,pl,B1,2925,trommeln,bungot,Bębnić,FAMILY_COPY_STRICT,pl+sk
data,sk,B1,2925,trommeln,bungot,Bębnić,FAMILY_COPY_STRICT,pl+sk
data,sq,B1,2925,trommeln,bungot,Vurmak,FAMILY_COPY_STRICT,sq+tr
data,tr,B1,2925,trommeln,bungot,Vurmak,FAMILY_COPY_STRICT,sq+tr
data,hr,B1,2926,Tropen,ģeogr. tropi,Геогр. тропиците,SCRIPT_MISMATCH,
data,hr,B1,2926,Tropen,ģeogr. tropi,Геогр. тропиците,MARKER_LEAK,foreign_script
data,it,B1,2926,Tropen,ģeogr. tropi,Ģeogr. tropi,SAME_AS_LV_CASEFOLD,casefold_only
data,it,B1,2926,Tropen,ģeogr. tropi,Ģeogr. tropi,LV_DIACRITIC,
data,it,B1,2926,Tropen,ģeogr. tropi,Ģeogr. tropi,MARKER_LEAK,lv_macron_consonant
data,lb,B1,2926,Tropen,ģeogr. tropi,Ģeogr. tropi,SAME_AS_LV_CASEFOLD,casefold_only
data,lb,B1,2926,Tropen,ģeogr. tropi,Ģeogr. tropi,LV_DIACRITIC,
data,lb,B1,2926,Tropen,ģeogr. tropi,Ģeogr. tropi,MARKER_LEAK,lv_macron_consonant
data,nl,B1,2926,Tropen,ģeogr. tropi,Ģeogr. tropi,SAME_AS_LV_CASEFOLD,casefold_only
data,nl,B1,2926,Tropen,ģeogr. tropi,Ģeogr. tropi,LV_DIACRITIC,
data,nl,B1,2926,Tropen,ģeogr. tropi,Ģeogr. tropi,MARKER_LEAK,lv_macron_consonant
data,sl,B1,2926,Tropen,ģeogr. tropi,ģeogr. tropi,SAME_AS_LV_CASEFOLD,exact
data,sl,B1,2926,Tropen,ģeogr. tropi,ģeogr. tropi,LV_DIACRITIC,
data,sl,B1,2926,Tropen,ģeogr. tropi,ģeogr. tropi,MARKER_LEAK,lv_macron_consonant
data,bg,B1,2926,Tropen,ģeogr. tropi,Геогр. тропиците,FAMILY_COPY_STRICT,bg+hr+mk+sr
data,hr,B1,2926,Tropen,ģeogr. tropi,Геогр. тропиците,FAMILY_COPY_STRICT,bg+hr+mk+sr
data,mk,B1,2926,Tropen,ģeogr. tropi,Геогр. тропиците,FAMILY_COPY_STRICT,bg+hr+mk+sr
data,sr,B1,2926,Tropen,ģeogr. tropi,Геогр. тропиците,FAMILY_COPY_STRICT,bg+hr+mk+sr
data,fi,B1,2926,Tropen,ģeogr. tropi,Troopika,FAMILY_COPY_STRICT,fi+is+nb+nn+sv
data,is,B1,2926,Tropen,ģeogr. tropi,Troopika,FAMILY_COPY_STRICT,fi+is+nb+nn+sv
data,nb,B1,2926,Tropen,ģeogr. tropi,Troopika,FAMILY_COPY_STRICT,fi+is+nb+nn+sv
data,nn,B1,2926,Tropen,ģeogr. tropi,Troopika,FAMILY_COPY_STRICT,fi+is+nb+nn+sv
data,sv,B1,2926,Tropen,ģeogr. tropi,Troopika,FAMILY_COPY_STRICT,fi+is+nb+nn+sv
data,it,B1,2926,Tropen,ģeogr. tropi,Ģeogr. tropi,FAMILY_COPY_STRICT,it+lb+nl
data,lb,B1,2926,Tropen,ģeogr. tropi,Ģeogr. tropi,FAMILY_COPY_STRICT,it+lb+nl
data,nl,B1,2926,Tropen,ģeogr. tropi,Ģeogr. tropi,FAMILY_COPY_STRICT,it+lb+nl
data,pl,B1,2926,Tropen,ģeogr. tropi,Geograf. tropiki,FAMILY_COPY_STRICT,pl+sq+tr
data,sq,B1,2926,Tropen,ģeogr. tropi,Geograf. tropiki,FAMILY_COPY_STRICT,pl+sq+tr
data,tr,B1,2926,Tropen,ģeogr. tropi,Geograf. tropiki,FAMILY_COPY_STRICT,pl+sq+tr
data,hr,B1,2927,Tropfen,piliens,Капка,SCRIPT_MISMATCH,
data,hr,B1,2927,Tropfen,piliens,Капка,MARKER_LEAK,foreign_script
data,it,B1,2927,Tropfen,piliens,Piliens,SAME_AS_LV_CASEFOLD,casefold_only
data,lb,B1,2927,Tropfen,piliens,Piliens,SAME_AS_LV_CASEFOLD,casefold_only
data,nl,B1,2927,Tropfen,piliens,Piliens,SAME_AS_LV_CASEFOLD,casefold_only
data,pt,B1,2927,Tropfen,piliens,Piliens,SAME_AS_LV_CASEFOLD,casefold_only
data,sl,B1,2927,Tropfen,piliens,piliens,SAME_AS_LV_CASEFOLD,exact
data,bg,B1,2927,Tropfen,piliens,Капка,FAMILY_COPY_STRICT,bg+hr+mk+sr
data,hr,B1,2927,Tropfen,piliens,Капка,FAMILY_COPY_STRICT,bg+hr+mk+sr
data,mk,B1,2927,Tropfen,piliens,Капка,FAMILY_COPY_STRICT,bg+hr+mk+sr
data,sr,B1,2927,Tropfen,piliens,Капка,FAMILY_COPY_STRICT,bg+hr+mk+sr
data,fi,B1,2927,Tropfen,piliens,Tilk,FAMILY_COPY_STRICT,fi+sv
data,sv,B1,2927,Tropfen,piliens,Tilk,FAMILY_COPY_STRICT,fi+sv
data,is,B1,2927,Tropfen,piliens,Bompenger,FAMILY_COPY_STRICT,is+nb+nn
data,nb,B1,2927,Tropfen,piliens,Bompenger,FAMILY_COPY_STRICT,is+nb+nn
data,nn,B1,2927,Tropfen,piliens,Bompenger,FAMILY_COPY_STRICT,is+nb+nn
data,it,B1,2927,Tropfen,piliens,Piliens,FAMILY_COPY_STRICT,it+lb+nl+pt
data,lb,B1,2927,Tropfen,piliens,Piliens,FAMILY_COPY_STRICT,it+lb+nl+pt
data,nl,B1,2927,Tropfen,piliens,Piliens,FAMILY_COPY_STRICT,it+lb+nl+pt
data,pt,B1,2927,Tropfen,piliens,Piliens,FAMILY_COPY_STRICT,it+lb+nl+pt
data,pl,B1,2927,Tropfen,piliens,Kropla,FAMILY_COPY_STRICT,pl+sk
data,sk,B1,2927,Tropfen,piliens,Kropla,FAMILY_COPY_STRICT,pl+sk
data,sq,B1,2927,Tropfen,piliens,Düşürmek,FAMILY_COPY_STRICT,sq+tr
data,tr,B1,2927,Tropfen,piliens,Düşürmek,FAMILY_COPY_STRICT,sq+tr
data,hr,B1,2928,Trost,mierinājums,Комфорт,SCRIPT_MISMATCH,
data,hr,B1,2928,Trost,mierinājums,Комфорт,MARKER_LEAK,foreign_script
data,it,B1,2928,Trost,mierinājums,Mierinājums,SAME_AS_LV_CASEFOLD,casefold_only
data,it,B1,2928,Trost,mierinājums,Mierinājums,LV_DIACRITIC,
data,it,B1,2928,Trost,mierinājums,Mierinājums,MARKER_LEAK,lv_macron_consonant
data,lb,B1,2928,Trost,mierinājums,Mierinājums,SAME_AS_LV_CASEFOLD,casefold_only
data,lb,B1,2928,Trost,mierinājums,Mierinājums,LV_DIACRITIC,
data,lb,B1,2928,Trost,mierinājums,Mierinājums,MARKER_LEAK,lv_macron_consonant
data,nl,B1,2928,Trost,mierinājums,Mierinājums,SAME_AS_LV_CASEFOLD,casefold_only
data,nl,B1,2928,Trost,mierinājums,Mierinājums,LV_DIACRITIC,
data,nl,B1,2928,Trost,mierinājums,Mierinājums,MARKER_LEAK,lv_macron_consonant
data,sl,B1,2928,Trost,mierinājums,mierinājums,SAME_AS_LV_CASEFOLD,exact
data,sl,B1,2928,Trost,mierinājums,mierinājums,LV_DIACRITIC,
data,sl,B1,2928,Trost,mierinājums,mierinājums,MARKER_LEAK,lv_macron_consonant
data,bg,B1,2928,Trost,mierinājums,Комфорт,FAMILY_COPY_STRICT,bg+hr+mk+sr
data,hr,B1,2928,Trost,mierinājums,Комфорт,FAMILY_COPY_STRICT,bg+hr+mk+sr
data,mk,B1,2928,Trost,mierinājums,Комфорт,FAMILY_COPY_STRICT,bg+hr+mk+sr
data,sr,B1,2928,Trost,mierinājums,Комфорт,FAMILY_COPY_STRICT,bg+hr+mk+sr
data,fi,B1,2928,Trost,mierinājums,Lohutus,FAMILY_COPY_STRICT,fi+is+nb+nn+sv
data,is,B1,2928,Trost,mierinājums,Lohutus,FAMILY_COPY_STRICT,fi+is+nb+nn+sv
data,nb,B1,2928,Trost,mierinājums,Lohutus,FAMILY_COPY_STRICT,fi+is+nb+nn+sv
data,nn,B1,2928,Trost,mierinājums,Lohutus,FAMILY_COPY_STRICT,fi+is+nb+nn+sv
data,sv,B1,2928,Trost,mierinājums,Lohutus,FAMILY_COPY_STRICT,fi+is+nb+nn+sv
data,it,B1,2928,Trost,mierinājums,Mierinājums,FAMILY_COPY_STRICT,it+lb+nl
data,lb,B1,2928,Trost,mierinājums,Mierinājums,FAMILY_COPY_STRICT,it+lb+nl
data,nl,B1,2928,Trost,mierinājums,Mierinājums,FAMILY_COPY_STRICT,it+lb+nl
data,pl,B1,2928,Trost,mierinājums,Pocieszenie,FAMILY_COPY_STRICT,pl+sq+tr
data,sq,B1,2928,Trost,mierinājums,Pocieszenie,FAMILY_COPY_STRICT,pl+sq+tr
data,tr,B1,2928,Trost,mierinājums,Pocieszenie,FAMILY_COPY_STRICT,pl+sq+tr
data,hr,B1,2929,trösten,mierināt,Комфорт,SCRIPT_MISMATCH,
data,hr,B1,2929,trösten,mierināt,Комфорт,MARKER_LEAK,foreign_script
data,it,B1,2929,trösten,mierināt,Mierināt,SAME_AS_LV_CASEFOLD,casefold_only
data,it,B1,2929,trösten,mierināt,Mierināt,LV_DIACRITIC,
data,it,B1,2929,trösten,mierināt,Mierināt,MARKER_LEAK,lv_macron_consonant
data,lb,B1,2929,trösten,mierināt,Mierināt,SAME_AS_LV_CASEFOLD,casefold_only
data,lb,B1,2929,trösten,mierināt,Mierināt,LV_DIACRITIC,
data,lb,B1,2929,trösten,mierināt,Mierināt,MARKER_LEAK,lv_macron_consonant
data,nl,B1,2929,trösten,mierināt,Mierināt,SAME_AS_LV_CASEFOLD,casefold_only
data,nl,B1,2929,trösten,mierināt,Mierināt,LV_DIACRITIC,
data,nl,B1,2929,trösten,mierināt,Mierināt,MARKER_LEAK,lv_macron_consonant
data,sl,B1,2929,trösten,mierināt,mierināt,SAME_AS_LV_CASEFOLD,exact
data,sl,B1,2929,trösten,mierināt,mierināt,LV_DIACRITIC,
data,sl,B1,2929,trösten,mierināt,mierināt,MARKER_LEAK,lv_macron_consonant
data,bg,B1,2929,trösten,mierināt,Комфорт,FAMILY_COPY_STRICT,bg+hr+mk+ru+sr
data,hr,B1,2929,trösten,mierināt,Комфорт,FAMILY_COPY_STRICT,bg+hr+mk+ru+sr
data,mk,B1,2929,trösten,mierināt,Комфорт,FAMILY_COPY_STRICT,bg+hr+mk+ru+sr
data,ru,B1,2929,trösten,mierināt,Комфорт,FAMILY_COPY_STRICT,bg+hr+mk+ru+sr
data,sr,B1,2929,trösten,mierināt,Комфорт,FAMILY_COPY_STRICT,bg+hr+mk+ru+sr
data,da,B1,2929,trösten,mierināt,Komfort,FAMILY_COPY_STRICT,da+pl+sk+sq+tr
data,pl,B1,2929,trösten,mierināt,Komfort,FAMILY_COPY_STRICT,da+pl+sk+sq+tr
data,sk,B1,2929,trösten,mierināt,Komfort,FAMILY_COPY_STRICT,da+pl+sk+sq+tr
data,sq,B1,2929,trösten,mierināt,Komfort,FAMILY_COPY_STRICT,da+pl+sk+sq+tr
data,tr,B1,2929,trösten,mierināt,Komfort,FAMILY_COPY_STRICT,da+pl+sk+sq+tr
data,fi,B1,2929,trösten,mierināt,Lohutama,FAMILY_COPY_STRICT,fi+is+nb+nn+sv
data,is,B1,2929,trösten,mierināt,Lohutama,FAMILY_COPY_STRICT,fi+is+nb+nn+sv
data,nb,B1,2929,trösten,mierināt,Lohutama,FAMILY_COPY_STRICT,fi+is+nb+nn+sv
data,nn,B1,2929,trösten,mierināt,Lohutama,FAMILY_COPY_STRICT,fi+is+nb+nn+sv
data,sv,B1,2929,trösten,mierināt,Lohutama,FAMILY_COPY_STRICT,fi+is+nb+nn+sv
data,fr,B1,2929,trösten,mierināt,Confort,FAMILY_COPY_STRICT,fr+ro
data,ro,B1,2929,trösten,mierināt,Confort,FAMILY_COPY_STRICT,fr+ro
data,it,B1,2929,trösten,mierināt,Mierināt,FAMILY_COPY_STRICT,it+lb+nl
data,lb,B1,2929,trösten,mierināt,Mierināt,FAMILY_COPY_STRICT,it+lb+nl
data,nl,B1,2929,trösten,mierināt,Mierināt,FAMILY_COPY_STRICT,it+lb+nl
data,it,B1,2930,trotzig,spītīgs,Spītīgs,SAME_AS_LV_CASEFOLD,casefold_only
data,it,B1,2930,trotzig,spītīgs,Spītīgs,LV_DIACRITIC,
data,it,B1,2930,trotzig,spītīgs,Spītīgs,MARKER_LEAK,lv_macron_consonant
data,lb,B1,2930,trotzig,spītīgs,Spītīgs,SAME_AS_LV_CASEFOLD,casefold_only
data,lb,B1,2930,trotzig,spītīgs,Spītīgs,LV_DIACRITIC,
data,lb,B1,2930,trotzig,spītīgs,Spītīgs,MARKER_LEAK,lv_macron_consonant
data,nl,B1,2930,trotzig,spītīgs,Spītīgs,SAME_AS_LV_CASEFOLD,casefold_only
data,nl,B1,2930,trotzig,spītīgs,Spītīgs,LV_DIACRITIC,
data,nl,B1,2930,trotzig,spītīgs,Spītīgs,MARKER_LEAK,lv_macron_consonant
data,sl,B1,2930,trotzig,spītīgs,spītīgs,SAME_AS_LV_CASEFOLD,exact
data,sl,B1,2930,trotzig,spītīgs,spītīgs,LV_DIACRITIC,
data,sl,B1,2930,trotzig,spītīgs,spītīgs,MARKER_LEAK,lv_macron_consonant
data,sr,B1,2930,trotzig,spītīgs,Trmast,SCRIPT_MISMATCH,sr_as_cyrillic
data,sr,B1,2930,trotzig,spītīgs,Trmast,MARKER_LEAK,latin_in_cyrillic
data,bg,B1,2930,trotzig,spītīgs,Упорит,FAMILY_COPY_STRICT,bg+mk
data,mk,B1,2930,trotzig,spītīgs,Упорит,FAMILY_COPY_STRICT,bg+mk
data,fi,B1,2930,trotzig,spītīgs,Kangekaelne,FAMILY_COPY_STRICT,fi+is+nb+nn+sv
data,is,B1,2930,trotzig,spītīgs,Kangekaelne,FAMILY_COPY_STRICT,fi+is+nb+nn+sv
data,nb,B1,2930,trotzig,spītīgs,Kangekaelne,FAMILY_COPY_STRICT,fi+is+nb+nn+sv
data,nn,B1,2930,trotzig,spītīgs,Kangekaelne,FAMILY_COPY_STRICT,fi+is+nb+nn+sv
data,sv,B1,2930,trotzig,spītīgs,Kangekaelne,FAMILY_COPY_STRICT,fi+is+nb+nn+sv
data,hr,B1,2930,trotzig,spītīgs,Trmast,FAMILY_COPY_STRICT,hr+sr
data,sr,B1,2930,trotzig,spītīgs,Trmast,FAMILY_COPY_STRICT,hr+sr
data,it,B1,2930,trotzig,spītīgs,Spītīgs,FAMILY_COPY_STRICT,it+lb+nl
data,lb,B1,2930,trotzig,spītīgs,Spītīgs,FAMILY_COPY_STRICT,it+lb+nl
data,nl,B1,2930,trotzig,spītīgs,Spītīgs,FAMILY_COPY_STRICT,it+lb+nl
data,pl,B1,2930,trotzig,spītīgs,Uparty,FAMILY_COPY_STRICT,pl+sk+sq+tr
data,sk,B1,2930,trotzig,spītīgs,Uparty,FAMILY_COPY_STRICT,pl+sk+sq+tr
data,sq,B1,2930,trotzig,spītīgs,Uparty,FAMILY_COPY_STRICT,pl+sk+sq+tr
data,tr,B1,2930,trotzig,spītīgs,Uparty,FAMILY_COPY_STRICT,pl+sk+sq+tr
data,hr,B1,2931,trübe,duļķains,Облачно,SCRIPT_MISMATCH,
data,hr,B1,2931,trübe,duļķains,Облачно,MARKER_LEAK,foreign_script
data,sk,B1,2931,trübe,duļķains,Mętny,MARKER_LEAK,pl_lt_nasal
data,sl,B1,2931,trübe,duļķains,duļķains,SAME_AS_LV_CASEFOLD,exact
data,sl,B1,2931,trübe,duļķains,duļķains,LV_DIACRITIC,
data,sl,B1,2931,trübe,duļķains,duļķains,MARKER_LEAK,lv_macron_consonant
data,bg,B1,2931,trübe,duļķains,Облачно,FAMILY_COPY_STRICT,bg+hr+mk+sr
data,hr,B1,2931,trübe,duļķains,Облачно,FAMILY_COPY_STRICT,bg+hr+mk+sr
data,mk,B1,2931,trübe,duļķains,Облачно,FAMILY_COPY_STRICT,bg+hr+mk+sr
data,sr,B1,2931,trübe,duļķains,Облачно,FAMILY_COPY_STRICT,bg+hr+mk+sr
data,fi,B1,2931,trübe,duļķains,Sogane,FAMILY_COPY_STRICT,fi+is+nb+nn+sv
data,is,B1,2931,trübe,duļķains,Sogane,FAMILY_COPY_STRICT,fi+is+nb+nn+sv
data,nb,B1,2931,trübe,duļķains,Sogane,FAMILY_COPY_STRICT,fi+is+nb+nn+sv
data,nn,B1,2931,trübe,duļķains,Sogane,FAMILY_COPY_STRICT,fi+is+nb+nn+sv
data,sv,B1,2931,trübe,duļķains,Sogane,FAMILY_COPY_STRICT,fi+is+nb+nn+sv
data,it,B1,2931,trübe,duļķains,Bewolkt,FAMILY_COPY_STRICT,it+lb+nl+pt
data,lb,B1,2931,trübe,duļķains,Bewolkt,FAMILY_COPY_STRICT,it+lb+nl+pt
data,nl,B1,2931,trübe,duļķains,Bewolkt,FAMILY_COPY_STRICT,it+lb+nl+pt
data,pt,B1,2931,trübe,duļķains,Bewolkt,FAMILY_COPY_STRICT,it+lb+nl+pt
data,pl,B1,2931,trübe,duļķains,Mętny,FAMILY_COPY_STRICT,pl+sk
data,sk,B1,2931,trübe,duļķains,Mętny,FAMILY_COPY_STRICT,pl+sk
data,sq,B1,2931,trübe,duļķains,Bulutlu,FAMILY_COPY_STRICT,sq+tr
data,tr,B1,2931,trübe,duļķains,Bulutlu,FAMILY_COPY_STRICT,sq+tr
data,hr,B1,2932,Trümmer,drupas,Разруха,SCRIPT_MISMATCH,
data,hr,B1,2932,Trümmer,drupas,Разруха,MARKER_LEAK,foreign_script
data,it,B1,2932,Trümmer,drupas,Drupas,SAME_AS_LV_CASEFOLD,casefold_only
data,lb,B1,2932,Trümmer,drupas,Drupas,SAME_AS_LV_CASEFOLD,casefold_only
data,nl,B1,2932,Trümmer,drupas,Drupas,SAME_AS_LV_CASEFOLD,casefold_only
data,pt,B1,2932,Trümmer,drupas,Drupas,SAME_AS_LV_CASEFOLD,casefold_only
data,sl,B1,2932,Trümmer,drupas,drupas,SAME_AS_LV_CASEFOLD,exact
data,bg,B1,2932,Trümmer,drupas,Разруха,FAMILY_COPY_STRICT,bg+hr+mk+sr
data,hr,B1,2932,Trümmer,drupas,Разруха,FAMILY_COPY_STRICT,bg+hr+mk+sr
data,mk,B1,2932,Trümmer,drupas,Разруха,FAMILY_COPY_STRICT,bg+hr+mk+sr
data,sr,B1,2932,Trümmer,drupas,Разруха,FAMILY_COPY_STRICT,bg+hr+mk+sr
data,fi,B1,2932,Trümmer,drupas,Varemed,FAMILY_COPY_STRICT,fi+is+nb+nn+sv
data,is,B1,2932,Trümmer,drupas,Varemed,FAMILY_COPY_STRICT,fi+is+nb+nn+sv
data,nb,B1,2932,Trümmer,drupas,Varemed,FAMILY_COPY_STRICT,fi+is+nb+nn+sv
data,nn,B1,2932,Trümmer,drupas,Varemed,FAMILY_COPY_STRICT,fi+is+nb+nn+sv
data,sv,B1,2932,Trümmer,drupas,Varemed,FAMILY_COPY_STRICT,fi+is+nb+nn+sv
data,it,B1,2932,Trümmer,drupas,Drupas,FAMILY_COPY_STRICT,it+lb+nl+pt
data,lb,B1,2932,Trümmer,drupas,Drupas,FAMILY_COPY_STRICT,it+lb+nl+pt
data,nl,B1,2932,Trümmer,drupas,Drupas,FAMILY_COPY_STRICT,it+lb+nl+pt
data,pt,B1,2932,Trümmer,drupas,Drupas,FAMILY_COPY_STRICT,it+lb+nl+pt
data,pl,B1,2932,Trümmer,drupas,Gruzy,FAMILY_COPY_STRICT,pl+sk+sq+tr
data,sk,B1,2932,Trümmer,drupas,Gruzy,FAMILY_COPY_STRICT,pl+sk+sq+tr
data,sq,B1,2932,Trümmer,drupas,Gruzy,FAMILY_COPY_STRICT,pl+sk+sq+tr
data,tr,B1,2932,Trümmer,drupas,Gruzy,FAMILY_COPY_STRICT,pl+sk+sq+tr
data,hr,B1,2933,Trumpf,trumpis,Тръмп,SCRIPT_MISMATCH,
data,hr,B1,2933,Trumpf,trumpis,Тръмп,MARKER_LEAK,foreign_script
data,it,B1,2933,Trumpf,trumpis,Trumpis,SAME_AS_LV_CASEFOLD,casefold_only
data,lb,B1,2933,Trumpf,trumpis,Trumpis,SAME_AS_LV_CASEFOLD,casefold_only
data,nl,B1,2933,Trumpf,trumpis,Trumpis,SAME_AS_LV_CASEFOLD,casefold_only
data,pt,B1,2933,Trumpf,trumpis,Trumpis,SAME_AS_LV_CASEFOLD,casefold_only
data,sl,B1,2933,Trumpf,trumpis,trumpis,SAME_AS_LV_CASEFOLD,exact
data,bg,B1,2933,Trumpf,trumpis,Тръмп,FAMILY_COPY_STRICT,bg+hr+mk+sr
data,hr,B1,2933,Trumpf,trumpis,Тръмп,FAMILY_COPY_STRICT,bg+hr+mk+sr
data,mk,B1,2933,Trumpf,trumpis,Тръмп,FAMILY_COPY_STRICT,bg+hr+mk+sr
data,sr,B1,2933,Trumpf,trumpis,Тръмп,FAMILY_COPY_STRICT,bg+hr+mk+sr
data,fi,B1,2933,Trumpf,trumpis,Trump,FAMILY_COPY_STRICT,fi+is+nb+nn+sv
data,is,B1,2933,Trumpf,trumpis,Trump,FAMILY_COPY_STRICT,fi+is+nb+nn+sv
data,nb,B1,2933,Trumpf,trumpis,Trump,FAMILY_COPY_STRICT,fi+is+nb+nn+sv
data,nn,B1,2933,Trumpf,trumpis,Trump,FAMILY_COPY_STRICT,fi+is+nb+nn+sv
data,sv,B1,2933,Trumpf,trumpis,Trump,FAMILY_COPY_STRICT,fi+is+nb+nn+sv
data,it,B1,2933,Trumpf,trumpis,Trumpis,FAMILY_COPY_STRICT,it+lb+nl+pt
data,lb,B1,2933,Trumpf,trumpis,Trumpis,FAMILY_COPY_STRICT,it+lb+nl+pt
data,nl,B1,2933,Trumpf,trumpis,Trumpis,FAMILY_COPY_STRICT,it+lb+nl+pt
data,pt,B1,2933,Trumpf,trumpis,Trumpis,FAMILY_COPY_STRICT,it+lb+nl+pt
data,pl,B1,2933,Trumpf,trumpis,Karta atutowa,FAMILY_COPY_STRICT,pl+sk+sq+tr
data,sk,B1,2933,Trumpf,trumpis,Karta atutowa,FAMILY_COPY_STRICT,pl+sk+sq+tr
data,sq,B1,2933,Trumpf,trumpis,Karta atutowa,FAMILY_COPY_STRICT,pl+sk+sq+tr
data,tr,B1,2933,Trumpf,trumpis,Karta atutowa,FAMILY_COPY_STRICT,pl+sk+sq+tr
data,hr,B1,2934,Trupp,vienība,Единица,SCRIPT_MISMATCH,
data,hr,B1,2934,Trupp,vienība,Единица,MARKER_LEAK,foreign_script
data,it,B1,2934,Trupp,vienība,Vienība,SAME_AS_LV_CASEFOLD,casefold_only
data,it,B1,2934,Trupp,vienība,Vienība,LV_DIACRITIC,
data,it,B1,2934,Trupp,vienība,Vienība,MARKER_LEAK,lv_macron_consonant
data,lb,B1,2934,Trupp,vienība,Vienība,SAME_AS_LV_CASEFOLD,casefold_only
data,lb,B1,2934,Trupp,vienība,Vienība,LV_DIACRITIC,
data,lb,B1,2934,Trupp,vienība,Vienība,MARKER_LEAK,lv_macron_consonant
data,nl,B1,2934,Trupp,vienība,Vienība,SAME_AS_LV_CASEFOLD,casefold_only
data,nl,B1,2934,Trupp,vienība,Vienība,LV_DIACRITIC,
data,nl,B1,2934,Trupp,vienība,Vienība,MARKER_LEAK,lv_macron_consonant
data,sl,B1,2934,Trupp,vienība,vienība,SAME_AS_LV_CASEFOLD,exact
data,sl,B1,2934,Trupp,vienība,vienība,LV_DIACRITIC,
data,sl,B1,2934,Trupp,vienība,vienība,MARKER_LEAK,lv_macron_consonant
data,bg,B1,2934,Trupp,vienība,Единица,FAMILY_COPY_STRICT,bg+hr+mk+ru+sr
data,hr,B1,2934,Trupp,vienība,Единица,FAMILY_COPY_STRICT,bg+hr+mk+ru+sr
data,mk,B1,2934,Trupp,vienība,Единица,FAMILY_COPY_STRICT,bg+hr+mk+ru+sr
data,ru,B1,2934,Trupp,vienība,Единица,FAMILY_COPY_STRICT,bg+hr+mk+ru+sr
data,sr,B1,2934,Trupp,vienība,Единица,FAMILY_COPY_STRICT,bg+hr+mk+ru+sr
data,fi,B1,2934,Trupp,vienība,Üksus,FAMILY_COPY_STRICT,fi+is+nb+nn+sv
data,is,B1,2934,Trupp,vienība,Üksus,FAMILY_COPY_STRICT,fi+is+nb+nn+sv
data,nb,B1,2934,Trupp,vienība,Üksus,FAMILY_COPY_STRICT,fi+is+nb+nn+sv
data,nn,B1,2934,Trupp,vienība,Üksus,FAMILY_COPY_STRICT,fi+is+nb+nn+sv
data,sv,B1,2934,Trupp,vienība,Üksus,FAMILY_COPY_STRICT,fi+is+nb+nn+sv
data,it,B1,2934,Trupp,vienība,Vienība,FAMILY_COPY_STRICT,it+lb+nl
data,lb,B1,2934,Trupp,vienība,Vienība,FAMILY_COPY_STRICT,it+lb+nl
data,nl,B1,2934,Trupp,vienība,Vienība,FAMILY_COPY_STRICT,it+lb+nl
data,pl,B1,2934,Trupp,vienība,Jednostka,FAMILY_COPY_STRICT,pl+sk+sq+tr
data,sk,B1,2934,Trupp,vienība,Jednostka,FAMILY_COPY_STRICT,pl+sk+sq+tr
data,sq,B1,2934,Trupp,vienība,Jednostka,FAMILY_COPY_STRICT,pl+sk+sq+tr
data,tr,B1,2934,Trupp,vienība,Jednostka,FAMILY_COPY_STRICT,pl+sk+sq+tr
data,bs,B1,2935,Truppe,trupa,Trupa,SAME_AS_LV_CASEFOLD,casefold_only
data,hr,B1,2935,Truppe,trupa,Труп,SCRIPT_MISMATCH,
data,hr,B1,2935,Truppe,trupa,Труп,MARKER_LEAK,foreign_script
data,it,B1,2935,Truppe,trupa,Trupa,SAME_AS_LV_CASEFOLD,casefold_only
data,lb,B1,2935,Truppe,trupa,Trupa,SAME_AS_LV_CASEFOLD,casefold_only
data,nl,B1,2935,Truppe,trupa,Trupa,SAME_AS_LV_CASEFOLD,casefold_only
data,pl,B1,2935,Truppe,trupa,Trupa,SAME_AS_LV_CASEFOLD,casefold_only
data,pt,B1,2935,Truppe,trupa,Trupa,SAME_AS_LV_CASEFOLD,casefold_only
data,ro,B1,2935,Truppe,trupa,Trupa,SAME_AS_LV_CASEFOLD,casefold_only
data,sk,B1,2935,Truppe,trupa,Trupa,SAME_AS_LV_CASEFOLD,casefold_only
data,sl,B1,2935,Truppe,trupa,trupa,SAME_AS_LV_CASEFOLD,exact
data,sq,B1,2935,Truppe,trupa,Trupa,SAME_AS_LV_CASEFOLD,casefold_only
data,tr,B1,2935,Truppe,trupa,Trupa,SAME_AS_LV_CASEFOLD,casefold_only
data,en,B1,2935,Truppe,trupa,Troupe,FAMILY_COPY_STRICT,en+fr
data,fr,B1,2935,Truppe,trupa,Troupe,FAMILY_COPY_STRICT,en+fr
data,fi,B1,2935,Truppe,trupa,Trupp,FAMILY_COPY_STRICT,fi+is+nb+nn+sv
data,is,B1,2935,Truppe,trupa,Trupp,FAMILY_COPY_STRICT,fi+is+nb+nn+sv
data,nb,B1,2935,Truppe,trupa,Trupp,FAMILY_COPY_STRICT,fi+is+nb+nn+sv
data,nn,B1,2935,Truppe,trupa,Trupp,FAMILY_COPY_STRICT,fi+is+nb+nn+sv
data,sv,B1,2935,Truppe,trupa,Trupp,FAMILY_COPY_STRICT,fi+is+nb+nn+sv
data,hr,B1,2935,Truppe,trupa,Труп,FAMILY_COPY_STRICT,hr+mk+sr
data,mk,B1,2935,Truppe,trupa,Труп,FAMILY_COPY_STRICT,hr+mk+sr
data,sr,B1,2935,Truppe,trupa,Труп,FAMILY_COPY_STRICT,hr+mk+sr
data,hr,B1,2936,Truthahn,tītars,Турция,SCRIPT_MISMATCH,
data,hr,B1,2936,Truthahn,tītars,Турция,MARKER_LEAK,foreign_script
data,it,B1,2936,Truthahn,tītars,Tītars,SAME_AS_LV_CASEFOLD,casefold_only
data,it,B1,2936,Truthahn,tītars,Tītars,LV_DIACRITIC,
data,it,B1,2936,Truthahn,tītars,Tītars,MARKER_LEAK,lv_macron_consonant
data,lb,B1,2936,Truthahn,tītars,Tītars,SAME_AS_LV_CASEFOLD,casefold_only
data,lb,B1,2936,Truthahn,tītars,Tītars,LV_DIACRITIC,
data,lb,B1,2936,Truthahn,tītars,Tītars,MARKER_LEAK,lv_macron_consonant
data,nl,B1,2936,Truthahn,tītars,Tītars,SAME_AS_LV_CASEFOLD,casefold_only
data,nl,B1,2936,Truthahn,tītars,Tītars,LV_DIACRITIC,
data,nl,B1,2936,Truthahn,tītars,Tītars,MARKER_LEAK,lv_macron_consonant
data,sl,B1,2936,Truthahn,tītars,tītars,SAME_AS_LV_CASEFOLD,exact
data,sl,B1,2936,Truthahn,tītars,tītars,LV_DIACRITIC,
data,sl,B1,2936,Truthahn,tītars,tītars,MARKER_LEAK,lv_macron_consonant
data,bg,B1,2936,Truthahn,tītars,Турция,FAMILY_COPY_STRICT,bg+hr+mk+ru+sr
data,hr,B1,2936,Truthahn,tītars,Турция,FAMILY_COPY_STRICT,bg+hr+mk+ru+sr
data,mk,B1,2936,Truthahn,tītars,Турция,FAMILY_COPY_STRICT,bg+hr+mk+ru+sr
data,ru,B1,2936,Truthahn,tītars,Турция,FAMILY_COPY_STRICT,bg+hr+mk+ru+sr
data,sr,B1,2936,Truthahn,tītars,Турция,FAMILY_COPY_STRICT,bg+hr+mk+ru+sr
data,it,B1,2936,Truthahn,tītars,Tītars,FAMILY_COPY_STRICT,it+lb+nl
data,lb,B1,2936,Truthahn,tītars,Tītars,FAMILY_COPY_STRICT,it+lb+nl
data,nl,B1,2936,Truthahn,tītars,Tītars,FAMILY_COPY_STRICT,it+lb+nl
data,pl,B1,2936,Truthahn,tītars,Indyk,FAMILY_COPY_STRICT,pl+sk+sq+tr
data,sk,B1,2936,Truthahn,tītars,Indyk,FAMILY_COPY_STRICT,pl+sk+sq+tr
data,sq,B1,2936,Truthahn,tītars,Indyk,FAMILY_COPY_STRICT,pl+sk+sq+tr
data,tr,B1,2936,Truthahn,tītars,Indyk,FAMILY_COPY_STRICT,pl+sk+sq+tr
data,hr,B1,2937,Truthenne,tītaru mātīte,Женска пуйка,SCRIPT_MISMATCH,
data,hr,B1,2937,Truthenne,tītaru mātīte,Женска пуйка,MARKER_LEAK,foreign_script
data,it,B1,2937,Truthenne,tītaru mātīte,Tītaru mātīte,SAME_AS_LV_CASEFOLD,casefold_only
data,it,B1,2937,Truthenne,tītaru mātīte,Tītaru mātīte,LV_DIACRITIC,
data,it,B1,2937,Truthenne,tītaru mātīte,Tītaru mātīte,MARKER_LEAK,lv_macron_consonant
data,lb,B1,2937,Truthenne,tītaru mātīte,Tītaru mātīte,SAME_AS_LV_CASEFOLD,casefold_only
data,lb,B1,2937,Truthenne,tītaru mātīte,Tītaru mātīte,LV_DIACRITIC,
data,lb,B1,2937,Truthenne,tītaru mātīte,Tītaru mātīte,MARKER_LEAK,lv_macron_consonant
data,nl,B1,2937,Truthenne,tītaru mātīte,Tītaru mātīte,SAME_AS_LV_CASEFOLD,casefold_only
data,nl,B1,2937,Truthenne,tītaru mātīte,Tītaru mātīte,LV_DIACRITIC,
data,nl,B1,2937,Truthenne,tītaru mātīte,Tītaru mātīte,MARKER_LEAK,lv_macron_consonant
data,sl,B1,2937,Truthenne,tītaru mātīte,tītaru mātīte,SAME_AS_LV_CASEFOLD,exact
data,sl,B1,2937,Truthenne,tītaru mātīte,tītaru mātīte,LV_DIACRITIC,
data,sl,B1,2937,Truthenne,tītaru mātīte,tītaru mātīte,MARKER_LEAK,lv_macron_consonant
data,bg,B1,2937,Truthenne,tītaru mātīte,Женска пуйка,FAMILY_COPY_STRICT,bg+hr+mk+sr
data,hr,B1,2937,Truthenne,tītaru mātīte,Женска пуйка,FAMILY_COPY_STRICT,bg+hr+mk+sr
data,mk,B1,2937,Truthenne,tītaru mātīte,Женска пуйка,FAMILY_COPY_STRICT,bg+hr+mk+sr
data,sr,B1,2937,Truthenne,tītaru mātīte,Женска пуйка,FAMILY_COPY_STRICT,bg+hr+mk+sr
data,fi,B1,2937,Truthenne,tītaru mātīte,Kalkuniemis,FAMILY_COPY_STRICT,fi+is+nb+nn+sv
data,is,B1,2937,Truthenne,tītaru mātīte,Kalkuniemis,FAMILY_COPY_STRICT,fi+is+nb+nn+sv
data,nb,B1,2937,Truthenne,tītaru mātīte,Kalkuniemis,FAMILY_COPY_STRICT,fi+is+nb+nn+sv
data,nn,B1,2937,Truthenne,tītaru mātīte,Kalkuniemis,FAMILY_COPY_STRICT,fi+is+nb+nn+sv
data,sv,B1,2937,Truthenne,tītaru mātīte,Kalkuniemis,FAMILY_COPY_STRICT,fi+is+nb+nn+sv
data,it,B1,2937,Truthenne,tītaru mātīte,Tītaru mātīte,FAMILY_COPY_STRICT,it+lb+nl
data,lb,B1,2937,Truthenne,tītaru mātīte,Tītaru mātīte,FAMILY_COPY_STRICT,it+lb+nl
data,nl,B1,2937,Truthenne,tītaru mātīte,Tītaru mātīte,FAMILY_COPY_STRICT,it+lb+nl
data,pl,B1,2937,Truthenne,tītaru mātīte,Samica indyka,FAMILY_COPY_STRICT,pl+sk+sq+tr
data,sk,B1,2937,Truthenne,tītaru mātīte,Samica indyka,FAMILY_COPY_STRICT,pl+sk+sq+tr
data,sq,B1,2937,Truthenne,tītaru mātīte,Samica indyka,FAMILY_COPY_STRICT,pl+sk+sq+tr
data,tr,B1,2937,Truthenne,tītaru mātīte,Samica indyka,FAMILY_COPY_STRICT,pl+sk+sq+tr
data,fi,B1,2938,tüchtig,spējīgs,Võimekas,MARKER_LEAK,et_otilde
data,hr,B1,2938,tüchtig,spējīgs,Способен,SCRIPT_MISMATCH,
data,hr,B1,2938,tüchtig,spējīgs,Способен,MARKER_LEAK,foreign_script
data,is,B1,2938,tüchtig,spējīgs,Võimekas,MARKER_LEAK,et_otilde
data,it,B1,2938,tüchtig,spējīgs,Spējīgs,SAME_AS_LV_CASEFOLD,casefold_only
data,it,B1,2938,tüchtig,spējīgs,Spējīgs,LV_DIACRITIC,
data,it,B1,2938,tüchtig,spējīgs,Spējīgs,MARKER_LEAK,lv_macron_consonant
data,lb,B1,2938,tüchtig,spējīgs,Spējīgs,SAME_AS_LV_CASEFOLD,casefold_only
data,lb,B1,2938,tüchtig,spējīgs,Spējīgs,LV_DIACRITIC,
data,lb,B1,2938,tüchtig,spējīgs,Spējīgs,MARKER_LEAK,lv_macron_consonant
data,nb,B1,2938,tüchtig,spējīgs,Võimekas,MARKER_LEAK,et_otilde
data,nl,B1,2938,tüchtig,spējīgs,Spējīgs,SAME_AS_LV_CASEFOLD,casefold_only
data,nl,B1,2938,tüchtig,spējīgs,Spējīgs,LV_DIACRITIC,
data,nl,B1,2938,tüchtig,spējīgs,Spējīgs,MARKER_LEAK,lv_macron_consonant
data,nn,B1,2938,tüchtig,spējīgs,Võimekas,MARKER_LEAK,et_otilde
data,sl,B1,2938,tüchtig,spējīgs,spējīgs,SAME_AS_LV_CASEFOLD,exact
data,sl,B1,2938,tüchtig,spējīgs,spējīgs,LV_DIACRITIC,
data,sl,B1,2938,tüchtig,spējīgs,spējīgs,MARKER_LEAK,lv_macron_consonant
data,sv,B1,2938,tüchtig,spējīgs,Võimekas,MARKER_LEAK,et_otilde
data,bg,B1,2938,tüchtig,spējīgs,Способен,FAMILY_COPY_STRICT,bg+hr+mk+sr
data,hr,B1,2938,tüchtig,spējīgs,Способен,FAMILY_COPY_STRICT,bg+hr+mk+sr
data,mk,B1,2938,tüchtig,spējīgs,Способен,FAMILY_COPY_STRICT,bg+hr+mk+sr
data,sr,B1,2938,tüchtig,spējīgs,Способен,FAMILY_COPY_STRICT,bg+hr+mk+sr
data,fi,B1,2938,tüchtig,spējīgs,Võimekas,FAMILY_COPY_STRICT,fi+is+nb+nn+sv
data,is,B1,2938,tüchtig,spējīgs,Võimekas,FAMILY_COPY_STRICT,fi+is+nb+nn+sv
data,nb,B1,2938,tüchtig,spējīgs,Võimekas,FAMILY_COPY_STRICT,fi+is+nb+nn+sv
data,nn,B1,2938,tüchtig,spējīgs,Võimekas,FAMILY_COPY_STRICT,fi+is+nb+nn+sv
data,sv,B1,2938,tüchtig,spējīgs,Võimekas,FAMILY_COPY_STRICT,fi+is+nb+nn+sv
data,it,B1,2938,tüchtig,spējīgs,Spējīgs,FAMILY_COPY_STRICT,it+lb+nl
data,lb,B1,2938,tüchtig,spējīgs,Spējīgs,FAMILY_COPY_STRICT,it+lb+nl
data,nl,B1,2938,tüchtig,spējīgs,Spējīgs,FAMILY_COPY_STRICT,it+lb+nl
data,pl,B1,2938,tüchtig,spējīgs,Zdolny,FAMILY_COPY_STRICT,pl+sk+sq+tr
data,sk,B1,2938,tüchtig,spējīgs,Zdolny,FAMILY_COPY_STRICT,pl+sk+sq+tr
data,sq,B1,2938,tüchtig,spējīgs,Zdolny,FAMILY_COPY_STRICT,pl+sk+sq+tr
data,tr,B1,2938,tüchtig,spējīgs,Zdolny,FAMILY_COPY_STRICT,pl+sk+sq+tr
data,fi,B1,2939,Turner,vingrotājs,Võimleja,MARKER_LEAK,et_otilde
data,hr,B1,2939,Turner,vingrotājs,Гимнастичка,SCRIPT_MISMATCH,
data,hr,B1,2939,Turner,vingrotājs,Гимнастичка,MARKER_LEAK,foreign_script
data,is,B1,2939,Turner,vingrotājs,Võimleja,MARKER_LEAK,et_otilde
data,it,B1,2939,Turner,vingrotājs,Vingrotājs,SAME_AS_LV_CASEFOLD,casefold_only
data,it,B1,2939,Turner,vingrotājs,Vingrotājs,LV_DIACRITIC,
data,it,B1,2939,Turner,vingrotājs,Vingrotājs,MARKER_LEAK,lv_macron_consonant
data,lb,B1,2939,Turner,vingrotājs,Vingrotājs,SAME_AS_LV_CASEFOLD,casefold_only
data,lb,B1,2939,Turner,vingrotājs,Vingrotājs,LV_DIACRITIC,
data,lb,B1,2939,Turner,vingrotājs,Vingrotājs,MARKER_LEAK,lv_macron_consonant
data,nb,B1,2939,Turner,vingrotājs,Võimleja,MARKER_LEAK,et_otilde
data,nl,B1,2939,Turner,vingrotājs,Vingrotājs,SAME_AS_LV_CASEFOLD,casefold_only
data,nl,B1,2939,Turner,vingrotājs,Vingrotājs,LV_DIACRITIC,
data,nl,B1,2939,Turner,vingrotājs,Vingrotājs,MARKER_LEAK,lv_macron_consonant
data,nn,B1,2939,Turner,vingrotājs,Võimleja,MARKER_LEAK,et_otilde
data,pt,B1,2939,Turner,vingrotājs,Vingrotājs,SAME_AS_LV_CASEFOLD,casefold_only
data,pt,B1,2939,Turner,vingrotājs,Vingrotājs,LV_DIACRITIC,
data,pt,B1,2939,Turner,vingrotājs,Vingrotājs,MARKER_LEAK,lv_macron_consonant
data,sl,B1,2939,Turner,vingrotājs,vingrotājs,SAME_AS_LV_CASEFOLD,exact
data,sl,B1,2939,Turner,vingrotājs,vingrotājs,LV_DIACRITIC,
data,sl,B1,2939,Turner,vingrotājs,vingrotājs,MARKER_LEAK,lv_macron_consonant
data,sv,B1,2939,Turner,vingrotājs,Võimleja,MARKER_LEAK,et_otilde
data,bg,B1,2939,Turner,vingrotājs,Гимнастичка,FAMILY_COPY_STRICT,bg+hr+mk+sr
data,hr,B1,2939,Turner,vingrotājs,Гимнастичка,FAMILY_COPY_STRICT,bg+hr+mk+sr
data,mk,B1,2939,Turner,vingrotājs,Гимнастичка,FAMILY_COPY_STRICT,bg+hr+mk+sr
data,sr,B1,2939,Turner,vingrotājs,Гимнастичка,FAMILY_COPY_STRICT,bg+hr+mk+sr
data,fi,B1,2939,Turner,vingrotājs,Võimleja,FAMILY_COPY_STRICT,fi+is+nb+nn+sv
data,is,B1,2939,Turner,vingrotājs,Võimleja,FAMILY_COPY_STRICT,fi+is+nb+nn+sv
data,nb,B1,2939,Turner,vingrotājs,Võimleja,FAMILY_COPY_STRICT,fi+is+nb+nn+sv
data,nn,B1,2939,Turner,vingrotājs,Võimleja,FAMILY_COPY_STRICT,fi+is+nb+nn+sv
data,sv,B1,2939,Turner,vingrotājs,Võimleja,FAMILY_COPY_STRICT,fi+is+nb+nn+sv
data,it,B1,2939,Turner,vingrotājs,Vingrotājs,FAMILY_COPY_STRICT,it+lb+nl+pt
data,lb,B1,2939,Turner,vingrotājs,Vingrotājs,FAMILY_COPY_STRICT,it+lb+nl+pt
data,nl,B1,2939,Turner,vingrotājs,Vingrotājs,FAMILY_COPY_STRICT,it+lb+nl+pt
data,pt,B1,2939,Turner,vingrotājs,Vingrotājs,FAMILY_COPY_STRICT,it+lb+nl+pt
data,pl,B1,2939,Turner,vingrotājs,Gimnastyczka,FAMILY_COPY_STRICT,pl+sq+tr
data,sq,B1,2939,Turner,vingrotājs,Gimnastyczka,FAMILY_COPY_STRICT,pl+sq+tr
data,tr,B1,2939,Turner,vingrotājs,Gimnastyczka,FAMILY_COPY_STRICT,pl+sq+tr
data,fi,B1,2940,Turnhalle,vingrotava,Võimlemissaal,MARKER_LEAK,et_otilde
data,hr,B1,2940,Turnhalle,vingrotava,Фитнес зала,SCRIPT_MISMATCH,
data,hr,B1,2940,Turnhalle,vingrotava,Фитнес зала,MARKER_LEAK,foreign_script
data,is,B1,2940,Turnhalle,vingrotava,Võimlemissaal,MARKER_LEAK,et_otilde
data,it,B1,2940,Turnhalle,vingrotava,Vingrotava,SAME_AS_LV_CASEFOLD,casefold_only
data,lb,B1,2940,Turnhalle,vingrotava,Vingrotava,SAME_AS_LV_CASEFOLD,casefold_only
data,nb,B1,2940,Turnhalle,vingrotava,Võimlemissaal,MARKER_LEAK,et_otilde
data,nl,B1,2940,Turnhalle,vingrotava,Vingrotava,SAME_AS_LV_CASEFOLD,casefold_only
data,nn,B1,2940,Turnhalle,vingrotava,Võimlemissaal,MARKER_LEAK,et_otilde
data,pt,B1,2940,Turnhalle,vingrotava,Vingrotava,SAME_AS_LV_CASEFOLD,casefold_only
data,sk,B1,2940,Turnhalle,vingrotava,Siłownia,MARKER_LEAK,pl_l_s_z
data,sl,B1,2940,Turnhalle,vingrotava,vingrotava,SAME_AS_LV_CASEFOLD,exact
data,sv,B1,2940,Turnhalle,vingrotava,Võimlemissaal,MARKER_LEAK,et_otilde
data,bg,B1,2940,Turnhalle,vingrotava,Фитнес зала,FAMILY_COPY_STRICT,bg+hr+mk+sr
data,hr,B1,2940,Turnhalle,vingrotava,Фитнес зала,FAMILY_COPY_STRICT,bg+hr+mk+sr
data,mk,B1,2940,Turnhalle,vingrotava,Фитнес зала,FAMILY_COPY_STRICT,bg+hr+mk+sr
data,sr,B1,2940,Turnhalle,vingrotava,Фитнес зала,FAMILY_COPY_STRICT,bg+hr+mk+sr
data,fi,B1,2940,Turnhalle,vingrotava,Võimlemissaal,FAMILY_COPY_STRICT,fi+is+nb+nn+sv
data,is,B1,2940,Turnhalle,vingrotava,Võimlemissaal,FAMILY_COPY_STRICT,fi+is+nb+nn+sv
data,nb,B1,2940,Turnhalle,vingrotava,Võimlemissaal,FAMILY_COPY_STRICT,fi+is+nb+nn+sv
data,nn,B1,2940,Turnhalle,vingrotava,Võimlemissaal,FAMILY_COPY_STRICT,fi+is+nb+nn+sv
data,sv,B1,2940,Turnhalle,vingrotava,Võimlemissaal,FAMILY_COPY_STRICT,fi+is+nb+nn+sv
data,it,B1,2940,Turnhalle,vingrotava,Vingrotava,FAMILY_COPY_STRICT,it+lb+nl+pt
data,lb,B1,2940,Turnhalle,vingrotava,Vingrotava,FAMILY_COPY_STRICT,it+lb+nl+pt
data,nl,B1,2940,Turnhalle,vingrotava,Vingrotava,FAMILY_COPY_STRICT,it+lb+nl+pt
data,pt,B1,2940,Turnhalle,vingrotava,Vingrotava,FAMILY_COPY_STRICT,it+lb+nl+pt
data,pl,B1,2940,Turnhalle,vingrotava,Siłownia,FAMILY_COPY_STRICT,pl+sk
data,sk,B1,2940,Turnhalle,vingrotava,Siłownia,FAMILY_COPY_STRICT,pl+sk
data,sq,B1,2940,Turnhalle,vingrotava,Spor salonu,FAMILY_COPY_STRICT,sq+tr
data,tr,B1,2940,Turnhalle,vingrotava,Spor salonu,FAMILY_COPY_STRICT,sq+tr
data,hr,B1,2941,Turnübung,vingrojums,Упражнение,SCRIPT_MISMATCH,
data,hr,B1,2941,Turnübung,vingrojums,Упражнение,MARKER_LEAK,foreign_script
data,it,B1,2941,Turnübung,vingrojums,Vingrojums,SAME_AS_LV_CASEFOLD,casefold_only
data,lb,B1,2941,Turnübung,vingrojums,Vingrojums,SAME_AS_LV_CASEFOLD,casefold_only
data,nl,B1,2941,Turnübung,vingrojums,Vingrojums,SAME_AS_LV_CASEFOLD,casefold_only
data,pt,B1,2941,Turnübung,vingrojums,Vingrojums,SAME_AS_LV_CASEFOLD,casefold_only
data,sl,B1,2941,Turnübung,vingrojums,vingrojums,SAME_AS_LV_CASEFOLD,exact
data,bg,B1,2941,Turnübung,vingrojums,Упражнение,FAMILY_COPY_STRICT,bg+hr+mk+ru+sr
data,hr,B1,2941,Turnübung,vingrojums,Упражнение,FAMILY_COPY_STRICT,bg+hr+mk+ru+sr
data,mk,B1,2941,Turnübung,vingrojums,Упражнение,FAMILY_COPY_STRICT,bg+hr+mk+ru+sr
data,ru,B1,2941,Turnübung,vingrojums,Упражнение,FAMILY_COPY_STRICT,bg+hr+mk+ru+sr
data,sr,B1,2941,Turnübung,vingrojums,Упражнение,FAMILY_COPY_STRICT,bg+hr+mk+ru+sr
data,fi,B1,2941,Turnübung,vingrojums,Harjutus,FAMILY_COPY_STRICT,fi+is+nb+nn+sv
data,is,B1,2941,Turnübung,vingrojums,Harjutus,FAMILY_COPY_STRICT,fi+is+nb+nn+sv
data,nb,B1,2941,Turnübung,vingrojums,Harjutus,FAMILY_COPY_STRICT,fi+is+nb+nn+sv
data,nn,B1,2941,Turnübung,vingrojums,Harjutus,FAMILY_COPY_STRICT,fi+is+nb+nn+sv
data,sv,B1,2941,Turnübung,vingrojums,Harjutus,FAMILY_COPY_STRICT,fi+is+nb+nn+sv
data,it,B1,2941,Turnübung,vingrojums,Vingrojums,FAMILY_COPY_STRICT,it+lb+nl+pt
data,lb,B1,2941,Turnübung,vingrojums,Vingrojums,FAMILY_COPY_STRICT,it+lb+nl+pt
data,nl,B1,2941,Turnübung,vingrojums,Vingrojums,FAMILY_COPY_STRICT,it+lb+nl+pt
data,pt,B1,2941,Turnübung,vingrojums,Vingrojums,FAMILY_COPY_STRICT,it+lb+nl+pt
data,pl,B1,2941,Turnübung,vingrojums,Ćwiczenia,FAMILY_COPY_STRICT,pl+sk+sq+tr
data,sk,B1,2941,Turnübung,vingrojums,Ćwiczenia,FAMILY_COPY_STRICT,pl+sk+sq+tr
data,sq,B1,2941,Turnübung,vingrojums,Ćwiczenia,FAMILY_COPY_STRICT,pl+sk+sq+tr
data,tr,B1,2941,Turnübung,vingrojums,Ćwiczenia,FAMILY_COPY_STRICT,pl+sk+sq+tr
data,hr,B1,2942,übel,slikts,Лошо,SCRIPT_MISMATCH,
data,hr,B1,2942,übel,slikts,Лошо,MARKER_LEAK,foreign_script
data,nl,B1,2942,übel,slikts,Slikts,SAME_AS_LV_CASEFOLD,casefold_only
data,sl,B1,2942,übel,slikts,slikts,SAME_AS_LV_CASEFOLD,exact
data,bg,B1,2942,übel,slikts,Лошо,FAMILY_COPY_STRICT,bg+hr+mk+sr
data,hr,B1,2942,übel,slikts,Лошо,FAMILY_COPY_STRICT,bg+hr+mk+sr
data,mk,B1,2942,übel,slikts,Лошо,FAMILY_COPY_STRICT,bg+hr+mk+sr
data,sr,B1,2942,übel,slikts,Лошо,FAMILY_COPY_STRICT,bg+hr+mk+sr
data,fi,B1,2942,übel,slikts,Halb,FAMILY_COPY_STRICT,fi+is+nb+nn+sv
data,is,B1,2942,übel,slikts,Halb,FAMILY_COPY_STRICT,fi+is+nb+nn+sv
data,nb,B1,2942,übel,slikts,Halb,FAMILY_COPY_STRICT,fi+is+nb+nn+sv
data,nn,B1,2942,übel,slikts,Halb,FAMILY_COPY_STRICT,fi+is+nb+nn+sv
data,sv,B1,2942,übel,slikts,Halb,FAMILY_COPY_STRICT,fi+is+nb+nn+sv
data,hr,B1,2943,Überblick,pārskats,Преглед,SCRIPT_MISMATCH,
data,hr,B1,2943,Überblick,pārskats,Преглед,MARKER_LEAK,foreign_script
data,sk,B1,2943,Überblick,pārskats,Przegląd,MARKER_LEAK,pl_lt_nasal
data,sl,B1,2943,Überblick,pārskats,pārskats,SAME_AS_LV_CASEFOLD,exact
data,sl,B1,2943,Überblick,pārskats,pārskats,LV_DIACRITIC,
data,sl,B1,2943,Überblick,pārskats,pārskats,MARKER_LEAK,lv_macron_consonant
data,bg,B1,2943,Überblick,pārskats,Преглед,FAMILY_COPY_STRICT,bg+hr+mk+sr
data,hr,B1,2943,Überblick,pārskats,Преглед,FAMILY_COPY_STRICT,bg+hr+mk+sr
data,mk,B1,2943,Überblick,pārskats,Преглед,FAMILY_COPY_STRICT,bg+hr+mk+sr
data,sr,B1,2943,Überblick,pārskats,Преглед,FAMILY_COPY_STRICT,bg+hr+mk+sr
data,fi,B1,2943,Überblick,pārskats,Ülevaade,FAMILY_COPY_STRICT,fi+is+nb+nn+sv
data,is,B1,2943,Überblick,pārskats,Ülevaade,FAMILY_COPY_STRICT,fi+is+nb+nn+sv
data,nb,B1,2943,Überblick,pārskats,Ülevaade,FAMILY_COPY_STRICT,fi+is+nb+nn+sv
data,nn,B1,2943,Überblick,pārskats,Ülevaade,FAMILY_COPY_STRICT,fi+is+nb+nn+sv
data,sv,B1,2943,Überblick,pārskats,Ülevaade,FAMILY_COPY_STRICT,fi+is+nb+nn+sv
data,it,B1,2943,Überblick,pārskats,Overzicht,FAMILY_COPY_STRICT,it+lb+nl
data,lb,B1,2943,Überblick,pārskats,Overzicht,FAMILY_COPY_STRICT,it+lb+nl
data,nl,B1,2943,Überblick,pārskats,Overzicht,FAMILY_COPY_STRICT,it+lb+nl
data,pl,B1,2943,Überblick,pārskats,Przegląd,FAMILY_COPY_STRICT,pl+sk
data,sk,B1,2943,Überblick,pārskats,Przegląd,FAMILY_COPY_STRICT,pl+sk
data,sq,B1,2943,Überblick,pārskats,Gözden geçirmek,FAMILY_COPY_STRICT,sq+tr
data,tr,B1,2943,Überblick,pārskats,Gözden geçirmek,FAMILY_COPY_STRICT,sq+tr
data,hr,B1,2944,übereinander,viens virs otra,Еден врз друг,SCRIPT_MISMATCH,
data,hr,B1,2944,übereinander,viens virs otra,Еден врз друг,MARKER_LEAK,foreign_script
data,it,B1,2944,übereinander,viens virs otra,Viens virs otra,SAME_AS_LV_CASEFOLD,casefold_only
data,lb,B1,2944,übereinander,viens virs otra,Viens virs otra,SAME_AS_LV_CASEFOLD,casefold_only
data,nl,B1,2944,übereinander,viens virs otra,Viens virs otra,SAME_AS_LV_CASEFOLD,casefold_only
data,sl,B1,2944,übereinander,viens virs otra,viens virs otra,SAME_AS_LV_CASEFOLD,exact
data,fi,B1,2944,übereinander,viens virs otra,Üksteise peal,FAMILY_COPY_STRICT,fi+is+nb+nn+sv
data,is,B1,2944,übereinander,viens virs otra,Üksteise peal,FAMILY_COPY_STRICT,fi+is+nb+nn+sv
data,nb,B1,2944,übereinander,viens virs otra,Üksteise peal,FAMILY_COPY_STRICT,fi+is+nb+nn+sv
data,nn,B1,2944,übereinander,viens virs otra,Üksteise peal,FAMILY_COPY_STRICT,fi+is+nb+nn+sv
data,sv,B1,2944,übereinander,viens virs otra,Üksteise peal,FAMILY_COPY_STRICT,fi+is+nb+nn+sv
data,hr,B1,2944,übereinander,viens virs otra,Еден врз друг,FAMILY_COPY_STRICT,hr+mk+sr
data,mk,B1,2944,übereinander,viens virs otra,Еден врз друг,FAMILY_COPY_STRICT,hr+mk+sr
data,sr,B1,2944,übereinander,viens virs otra,Еден врз друг,FAMILY_COPY_STRICT,hr+mk+sr
data,it,B1,2944,übereinander,viens virs otra,Viens virs otra,FAMILY_COPY_STRICT,it+lb+nl
data,lb,B1,2944,übereinander,viens virs otra,Viens virs otra,FAMILY_COPY_STRICT,it+lb+nl
data,nl,B1,2944,übereinander,viens virs otra,Viens virs otra,FAMILY_COPY_STRICT,it+lb+nl
data,pl,B1,2944,übereinander,viens virs otra,Jeden nad drugim,FAMILY_COPY_STRICT,pl+sk+sq+tr
data,sk,B1,2944,übereinander,viens virs otra,Jeden nad drugim,FAMILY_COPY_STRICT,pl+sk+sq+tr
data,sq,B1,2944,übereinander,viens virs otra,Jeden nad drugim,FAMILY_COPY_STRICT,pl+sk+sq+tr
data,tr,B1,2944,übereinander,viens virs otra,Jeden nad drugim,FAMILY_COPY_STRICT,pl+sk+sq+tr
data,fi,B1,2945,Überfahrt,pārbrauciens,Ülesõit,MARKER_LEAK,et_otilde
data,hr,B1,2945,Überfahrt,pārbrauciens,Пресечна точка,SCRIPT_MISMATCH,
data,hr,B1,2945,Überfahrt,pārbrauciens,Пресечна точка,MARKER_LEAK,foreign_script
data,is,B1,2945,Überfahrt,pārbrauciens,Ülesõit,MARKER_LEAK,et_otilde
data,it,B1,2945,Überfahrt,pārbrauciens,Pārbrauciens,SAME_AS_LV_CASEFOLD,casefold_only
data,it,B1,2945,Überfahrt,pārbrauciens,Pārbrauciens,LV_DIACRITIC,
data,it,B1,2945,Überfahrt,pārbrauciens,Pārbrauciens,MARKER_LEAK,lv_macron_consonant
data,lb,B1,2945,Überfahrt,pārbrauciens,Pārbrauciens,SAME_AS_LV_CASEFOLD,casefold_only
data,lb,B1,2945,Überfahrt,pārbrauciens,Pārbrauciens,LV_DIACRITIC,
data,lb,B1,2945,Überfahrt,pārbrauciens,Pārbrauciens,MARKER_LEAK,lv_macron_consonant
data,nb,B1,2945,Überfahrt,pārbrauciens,Ülesõit,MARKER_LEAK,et_otilde
data,nl,B1,2945,Überfahrt,pārbrauciens,Pārbrauciens,SAME_AS_LV_CASEFOLD,casefold_only
data,nl,B1,2945,Überfahrt,pārbrauciens,Pārbrauciens,LV_DIACRITIC,
data,nl,B1,2945,Überfahrt,pārbrauciens,Pārbrauciens,MARKER_LEAK,lv_macron_consonant
data,nn,B1,2945,Überfahrt,pārbrauciens,Ülesõit,MARKER_LEAK,et_otilde
data,sk,B1,2945,Überfahrt,pārbrauciens,Przejście,MARKER_LEAK,pl_l_s_z
data,sl,B1,2945,Überfahrt,pārbrauciens,pārbrauciens,SAME_AS_LV_CASEFOLD,exact
data,sl,B1,2945,Überfahrt,pārbrauciens,pārbrauciens,LV_DIACRITIC,
data,sl,B1,2945,Überfahrt,pārbrauciens,pārbrauciens,MARKER_LEAK,lv_macron_consonant
data,sv,B1,2945,Überfahrt,pārbrauciens,Ülesõit,MARKER_LEAK,et_otilde
data,bg,B1,2945,Überfahrt,pārbrauciens,Пресечна точка,FAMILY_COPY_STRICT,bg+hr+mk+sr
data,hr,B1,2945,Überfahrt,pārbrauciens,Пресечна точка,FAMILY_COPY_STRICT,bg+hr+mk+sr
data,mk,B1,2945,Überfahrt,pārbrauciens,Пресечна точка,FAMILY_COPY_STRICT,bg+hr+mk+sr
data,sr,B1,2945,Überfahrt,pārbrauciens,Пресечна точка,FAMILY_COPY_STRICT,bg+hr+mk+sr
data,fi,B1,2945,Überfahrt,pārbrauciens,Ülesõit,FAMILY_COPY_STRICT,fi+is+nb+nn+sv
data,is,B1,2945,Überfahrt,pārbrauciens,Ülesõit,FAMILY_COPY_STRICT,fi+is+nb+nn+sv
data,nb,B1,2945,Überfahrt,pārbrauciens,Ülesõit,FAMILY_COPY_STRICT,fi+is+nb+nn+sv
data,nn,B1,2945,Überfahrt,pārbrauciens,Ülesõit,FAMILY_COPY_STRICT,fi+is+nb+nn+sv
data,sv,B1,2945,Überfahrt,pārbrauciens,Ülesõit,FAMILY_COPY_STRICT,fi+is+nb+nn+sv
data,it,B1,2945,Überfahrt,pārbrauciens,Pārbrauciens,FAMILY_COPY_STRICT,it+lb+nl
data,lb,B1,2945,Überfahrt,pārbrauciens,Pārbrauciens,FAMILY_COPY_STRICT,it+lb+nl
data,nl,B1,2945,Überfahrt,pārbrauciens,Pārbrauciens,FAMILY_COPY_STRICT,it+lb+nl
data,pl,B1,2945,Überfahrt,pārbrauciens,Przejście,FAMILY_COPY_STRICT,pl+sk
data,sk,B1,2945,Überfahrt,pārbrauciens,Przejście,FAMILY_COPY_STRICT,pl+sk
data,sq,B1,2945,Überfahrt,pārbrauciens,Geçiş,FAMILY_COPY_STRICT,sq+tr
data,tr,B1,2945,Überfahrt,pārbrauciens,Geçiş,FAMILY_COPY_STRICT,sq+tr
data,hr,B1,2946,überflüssig,lieks,Излишък,SCRIPT_MISMATCH,
data,hr,B1,2946,überflüssig,lieks,Излишък,MARKER_LEAK,foreign_script
data,it,B1,2946,überflüssig,lieks,Lieks,SAME_AS_LV_CASEFOLD,casefold_only
data,lb,B1,2946,überflüssig,lieks,Lieks,SAME_AS_LV_CASEFOLD,casefold_only
data,nl,B1,2946,überflüssig,lieks,Lieks,SAME_AS_LV_CASEFOLD,casefold_only
data,pt,B1,2946,überflüssig,lieks,Lieks,SAME_AS_LV_CASEFOLD,casefold_only
data,sk,B1,2946,überflüssig,lieks,Zbędny,MARKER_LEAK,pl_lt_nasal
data,sl,B1,2946,überflüssig,lieks,lieks,SAME_AS_LV_CASEFOLD,exact
data,bg,B1,2946,überflüssig,lieks,Излишък,FAMILY_COPY_STRICT,bg+hr+mk+sr
data,hr,B1,2946,überflüssig,lieks,Излишък,FAMILY_COPY_STRICT,bg+hr+mk+sr
data,mk,B1,2946,überflüssig,lieks,Излишък,FAMILY_COPY_STRICT,bg+hr+mk+sr
data,sr,B1,2946,überflüssig,lieks,Излишък,FAMILY_COPY_STRICT,bg+hr+mk+sr
data,en,B1,2946,überflüssig,lieks,Redundant,FAMILY_COPY_STRICT,en+ro
data,ro,B1,2946,überflüssig,lieks,Redundant,FAMILY_COPY_STRICT,en+ro
data,fi,B1,2946,überflüssig,lieks,Üleliigne,FAMILY_COPY_STRICT,fi+is+nb+nn+sv
data,is,B1,2946,überflüssig,lieks,Üleliigne,FAMILY_COPY_STRICT,fi+is+nb+nn+sv
data,nb,B1,2946,überflüssig,lieks,Üleliigne,FAMILY_COPY_STRICT,fi+is+nb+nn+sv
data,nn,B1,2946,überflüssig,lieks,Üleliigne,FAMILY_COPY_STRICT,fi+is+nb+nn+sv
data,sv,B1,2946,überflüssig,lieks,Üleliigne,FAMILY_COPY_STRICT,fi+is+nb+nn+sv
data,it,B1,2946,überflüssig,lieks,Lieks,FAMILY_COPY_STRICT,it+lb+nl+pt
data,lb,B1,2946,überflüssig,lieks,Lieks,FAMILY_COPY_STRICT,it+lb+nl+pt
data,nl,B1,2946,überflüssig,lieks,Lieks,FAMILY_COPY_STRICT,it+lb+nl+pt
data,pt,B1,2946,überflüssig,lieks,Lieks,FAMILY_COPY_STRICT,it+lb+nl+pt
data,pl,B1,2946,überflüssig,lieks,Zbędny,FAMILY_COPY_STRICT,pl+sk
data,sk,B1,2946,überflüssig,lieks,Zbędny,FAMILY_COPY_STRICT,pl+sk
data,sq,B1,2946,überflüssig,lieks,Gereksiz,FAMILY_COPY_STRICT,sq+tr
data,tr,B1,2946,überflüssig,lieks,Gereksiz,FAMILY_COPY_STRICT,sq+tr
data,hr,B1,2947,überfüllt,pārpildīts,Пренаселено,SCRIPT_MISMATCH,
data,hr,B1,2947,überfüllt,pārpildīts,Пренаселено,MARKER_LEAK,foreign_script
data,it,B1,2947,überfüllt,pārpildīts,Pārpildīts,SAME_AS_LV_CASEFOLD,casefold_only
data,it,B1,2947,überfüllt,pārpildīts,Pārpildīts,LV_DIACRITIC,
data,it,B1,2947,überfüllt,pārpildīts,Pārpildīts,MARKER_LEAK,lv_macron_consonant
data,lb,B1,2947,überfüllt,pārpildīts,Pārpildīts,SAME_AS_LV_CASEFOLD,casefold_only
data,lb,B1,2947,überfüllt,pārpildīts,Pārpildīts,LV_DIACRITIC,
data,lb,B1,2947,überfüllt,pārpildīts,Pārpildīts,MARKER_LEAK,lv_macron_consonant
data,nl,B1,2947,überfüllt,pārpildīts,Pārpildīts,SAME_AS_LV_CASEFOLD,casefold_only
data,nl,B1,2947,überfüllt,pārpildīts,Pārpildīts,LV_DIACRITIC,
data,nl,B1,2947,überfüllt,pārpildīts,Pārpildīts,MARKER_LEAK,lv_macron_consonant
data,sk,B1,2947,überfüllt,pārpildīts,Zatłoczony,MARKER_LEAK,pl_l_s_z
data,sl,B1,2947,überfüllt,pārpildīts,pārpildīts,SAME_AS_LV_CASEFOLD,exact
data,sl,B1,2947,überfüllt,pārpildīts,pārpildīts,LV_DIACRITIC,
data,sl,B1,2947,überfüllt,pārpildīts,pārpildīts,MARKER_LEAK,lv_macron_consonant
data,sq,B1,2947,überfüllt,pārpildīts,Kalabalık,MARKER_LEAK,tr_soft
data,bg,B1,2947,überfüllt,pārpildīts,Пренаселено,FAMILY_COPY_STRICT,bg+hr+mk+sr
data,hr,B1,2947,überfüllt,pārpildīts,Пренаселено,FAMILY_COPY_STRICT,bg+hr+mk+sr
data,mk,B1,2947,überfüllt,pārpildīts,Пренаселено,FAMILY_COPY_STRICT,bg+hr+mk+sr
data,sr,B1,2947,überfüllt,pārpildīts,Пренаселено,FAMILY_COPY_STRICT,bg+hr+mk+sr
data,fi,B1,2947,überfüllt,pārpildīts,Ülerahvastatud,FAMILY_COPY_STRICT,fi+is+nb+nn+sv
data,is,B1,2947,überfüllt,pārpildīts,Ülerahvastatud,FAMILY_COPY_STRICT,fi+is+nb+nn+sv
data,nb,B1,2947,überfüllt,pārpildīts,Ülerahvastatud,FAMILY_COPY_STRICT,fi+is+nb+nn+sv
data,nn,B1,2947,überfüllt,pārpildīts,Ülerahvastatud,FAMILY_COPY_STRICT,fi+is+nb+nn+sv
data,sv,B1,2947,überfüllt,pārpildīts,Ülerahvastatud,FAMILY_COPY_STRICT,fi+is+nb+nn+sv
data,it,B1,2947,überfüllt,pārpildīts,Pārpildīts,FAMILY_COPY_STRICT,it+lb+nl
data,lb,B1,2947,überfüllt,pārpildīts,Pārpildīts,FAMILY_COPY_STRICT,it+lb+nl
data,nl,B1,2947,überfüllt,pārpildīts,Pārpildīts,FAMILY_COPY_STRICT,it+lb+nl
data,pl,B1,2947,überfüllt,pārpildīts,Zatłoczony,FAMILY_COPY_STRICT,pl+sk
data,sk,B1,2947,überfüllt,pārpildīts,Zatłoczony,FAMILY_COPY_STRICT,pl+sk
data,sq,B1,2947,überfüllt,pārpildīts,Kalabalık,FAMILY_COPY_STRICT,sq+tr
data,tr,B1,2947,überfüllt,pārpildīts,Kalabalık,FAMILY_COPY_STRICT,sq+tr
data,hr,B1,2948,Übergang,pāreja,Преход,SCRIPT_MISMATCH,
data,hr,B1,2948,Übergang,pāreja,Преход,MARKER_LEAK,foreign_script
data,it,B1,2948,Übergang,pāreja,Pāreja,SAME_AS_LV_CASEFOLD,casefold_only
data,it,B1,2948,Übergang,pāreja,Pāreja,LV_DIACRITIC,
data,it,B1,2948,Übergang,pāreja,Pāreja,MARKER_LEAK,lv_macron_consonant
data,lb,B1,2948,Übergang,pāreja,Pāreja,SAME_AS_LV_CASEFOLD,casefold_only
data,lb,B1,2948,Übergang,pāreja,Pāreja,LV_DIACRITIC,
data,lb,B1,2948,Übergang,pāreja,Pāreja,MARKER_LEAK,lv_macron_consonant
data,nl,B1,2948,Übergang,pāreja,Pāreja,SAME_AS_LV_CASEFOLD,casefold_only
data,nl,B1,2948,Übergang,pāreja,Pāreja,LV_DIACRITIC,
data,nl,B1,2948,Übergang,pāreja,Pāreja,MARKER_LEAK,lv_macron_consonant
data,sl,B1,2948,Übergang,pāreja,pāreja,SAME_AS_LV_CASEFOLD,exact
data,sl,B1,2948,Übergang,pāreja,pāreja,LV_DIACRITIC,
data,sl,B1,2948,Übergang,pāreja,pāreja,MARKER_LEAK,lv_macron_consonant
data,bg,B1,2948,Übergang,pāreja,Преход,FAMILY_COPY_STRICT,bg+hr+mk+sr
data,hr,B1,2948,Übergang,pāreja,Преход,FAMILY_COPY_STRICT,bg+hr+mk+sr
data,mk,B1,2948,Übergang,pāreja,Преход,FAMILY_COPY_STRICT,bg+hr+mk+sr
data,sr,B1,2948,Übergang,pāreja,Преход,FAMILY_COPY_STRICT,bg+hr+mk+sr
data,en,B1,2948,Übergang,pāreja,Transition,FAMILY_COPY_STRICT,en+fr
data,fr,B1,2948,Übergang,pāreja,Transition,FAMILY_COPY_STRICT,en+fr
data,fi,B1,2948,Übergang,pāreja,Üleminek,FAMILY_COPY_STRICT,fi+is+nb+nn+sv
data,is,B1,2948,Übergang,pāreja,Üleminek,FAMILY_COPY_STRICT,fi+is+nb+nn+sv
data,nb,B1,2948,Übergang,pāreja,Üleminek,FAMILY_COPY_STRICT,fi+is+nb+nn+sv
data,nn,B1,2948,Übergang,pāreja,Üleminek,FAMILY_COPY_STRICT,fi+is+nb+nn+sv
data,sv,B1,2948,Übergang,pāreja,Üleminek,FAMILY_COPY_STRICT,fi+is+nb+nn+sv
data,it,B1,2948,Übergang,pāreja,Pāreja,FAMILY_COPY_STRICT,it+lb+nl
data,lb,B1,2948,Übergang,pāreja,Pāreja,FAMILY_COPY_STRICT,it+lb+nl
data,nl,B1,2948,Übergang,pāreja,Pāreja,FAMILY_COPY_STRICT,it+lb+nl
data,pl,B1,2948,Übergang,pāreja,Przemiana,FAMILY_COPY_STRICT,pl+sk+sq+tr
data,sk,B1,2948,Übergang,pāreja,Przemiana,FAMILY_COPY_STRICT,pl+sk+sq+tr
data,sq,B1,2948,Übergang,pāreja,Przemiana,FAMILY_COPY_STRICT,pl+sk+sq+tr
data,tr,B1,2948,Übergang,pāreja,Przemiana,FAMILY_COPY_STRICT,pl+sk+sq+tr
data,hr,B1,2949,übergeben,nodot,Предай,SCRIPT_MISMATCH,
data,hr,B1,2949,übergeben,nodot,Предай,MARKER_LEAK,foreign_script
data,it,B1,2949,übergeben,nodot,Nodot,SAME_AS_LV_CASEFOLD,casefold_only
data,lb,B1,2949,übergeben,nodot,Nodot,SAME_AS_LV_CASEFOLD,casefold_only
data,nl,B1,2949,übergeben,nodot,Nodot,SAME_AS_LV_CASEFOLD,casefold_only
data,pt,B1,2949,übergeben,nodot,Nodot,SAME_AS_LV_CASEFOLD,casefold_only
data,sl,B1,2949,übergeben,nodot,nodot,SAME_AS_LV_CASEFOLD,exact
data,bg,B1,2949,übergeben,nodot,Предай,FAMILY_COPY_STRICT,bg+hr+mk+sr
data,hr,B1,2949,übergeben,nodot,Предай,FAMILY_COPY_STRICT,bg+hr+mk+sr
data,mk,B1,2949,übergeben,nodot,Предай,FAMILY_COPY_STRICT,bg+hr+mk+sr
data,sr,B1,2949,übergeben,nodot,Предай,FAMILY_COPY_STRICT,bg+hr+mk+sr
data,fi,B1,2949,übergeben,nodot,Üle andma,FAMILY_COPY_STRICT,fi+is+nb+nn+sv
data,is,B1,2949,übergeben,nodot,Üle andma,FAMILY_COPY_STRICT,fi+is+nb+nn+sv
data,nb,B1,2949,übergeben,nodot,Üle andma,FAMILY_COPY_STRICT,fi+is+nb+nn+sv
data,nn,B1,2949,übergeben,nodot,Üle andma,FAMILY_COPY_STRICT,fi+is+nb+nn+sv
data,sv,B1,2949,übergeben,nodot,Üle andma,FAMILY_COPY_STRICT,fi+is+nb+nn+sv
data,it,B1,2949,übergeben,nodot,Nodot,FAMILY_COPY_STRICT,it+lb+nl+pt
data,lb,B1,2949,übergeben,nodot,Nodot,FAMILY_COPY_STRICT,it+lb+nl+pt
data,nl,B1,2949,übergeben,nodot,Nodot,FAMILY_COPY_STRICT,it+lb+nl+pt
data,pt,B1,2949,übergeben,nodot,Nodot,FAMILY_COPY_STRICT,it+lb+nl+pt
data,pl,B1,2949,übergeben,nodot,Przekazać,FAMILY_COPY_STRICT,pl+sk
data,sk,B1,2949,übergeben,nodot,Przekazać,FAMILY_COPY_STRICT,pl+sk
data,sq,B1,2949,übergeben,nodot,Geçmek,FAMILY_COPY_STRICT,sq+tr
data,tr,B1,2949,übergeben,nodot,Geçmek,FAMILY_COPY_STRICT,sq+tr
data,hr,B1,2950,überhaupt,vispār,Изобщо,SCRIPT_MISMATCH,
data,hr,B1,2950,überhaupt,vispār,Изобщо,MARKER_LEAK,foreign_script
data,it,B1,2950,überhaupt,vispār,Vispār,SAME_AS_LV_CASEFOLD,casefold_only
data,it,B1,2950,überhaupt,vispār,Vispār,LV_DIACRITIC,
data,it,B1,2950,überhaupt,vispār,Vispār,MARKER_LEAK,lv_macron_consonant
data,lb,B1,2950,überhaupt,vispār,Vispār,SAME_AS_LV_CASEFOLD,casefold_only
data,lb,B1,2950,überhaupt,vispār,Vispār,LV_DIACRITIC,
data,lb,B1,2950,überhaupt,vispār,Vispār,MARKER_LEAK,lv_macron_consonant
data,nl,B1,2950,überhaupt,vispār,Vispār,SAME_AS_LV_CASEFOLD,casefold_only
data,nl,B1,2950,überhaupt,vispār,Vispār,LV_DIACRITIC,
data,nl,B1,2950,überhaupt,vispār,Vispār,MARKER_LEAK,lv_macron_consonant
data,sl,B1,2950,überhaupt,vispār,vispār,SAME_AS_LV_CASEFOLD,exact
data,sl,B1,2950,überhaupt,vispār,vispār,LV_DIACRITIC,
data,sl,B1,2950,überhaupt,vispār,vispār,MARKER_LEAK,lv_macron_consonant
data,bg,B1,2950,überhaupt,vispār,Изобщо,FAMILY_COPY_STRICT,bg+hr+mk+sr
data,hr,B1,2950,überhaupt,vispār,Изобщо,FAMILY_COPY_STRICT,bg+hr+mk+sr
data,mk,B1,2950,überhaupt,vispār,Изобщо,FAMILY_COPY_STRICT,bg+hr+mk+sr
data,sr,B1,2950,überhaupt,vispār,Изобщо,FAMILY_COPY_STRICT,bg+hr+mk+sr
data,fi,B1,2950,überhaupt,vispār,Üldse,FAMILY_COPY_STRICT,fi+is+nb+nn+sv
data,is,B1,2950,überhaupt,vispār,Üldse,FAMILY_COPY_STRICT,fi+is+nb+nn+sv
data,nb,B1,2950,überhaupt,vispār,Üldse,FAMILY_COPY_STRICT,fi+is+nb+nn+sv
data,nn,B1,2950,überhaupt,vispār,Üldse,FAMILY_COPY_STRICT,fi+is+nb+nn+sv
data,sv,B1,2950,überhaupt,vispār,Üldse,FAMILY_COPY_STRICT,fi+is+nb+nn+sv
data,it,B1,2950,überhaupt,vispār,Vispār,FAMILY_COPY_STRICT,it+lb+nl
data,lb,B1,2950,überhaupt,vispār,Vispār,FAMILY_COPY_STRICT,it+lb+nl
data,nl,B1,2950,überhaupt,vispār,Vispār,FAMILY_COPY_STRICT,it+lb+nl
data,pl,B1,2950,überhaupt,vispār,W ogóle,FAMILY_COPY_STRICT,pl+sk
data,sk,B1,2950,überhaupt,vispār,W ogóle,FAMILY_COPY_STRICT,pl+sk
data,sq,B1,2950,überhaupt,vispār,Hiç,FAMILY_COPY_STRICT,sq+tr
data,tr,B1,2950,überhaupt,vispār,Hiç,FAMILY_COPY_STRICT,sq+tr
data,hr,B1,2951,überholen,apdzīt,Изпреварване,SCRIPT_MISMATCH,
data,hr,B1,2951,überholen,apdzīt,Изпреварване,MARKER_LEAK,foreign_script
data,it,B1,2951,überholen,apdzīt,Apdzīt,SAME_AS_LV_CASEFOLD,casefold_only
data,it,B1,2951,überholen,apdzīt,Apdzīt,LV_DIACRITIC,
data,it,B1,2951,überholen,apdzīt,Apdzīt,MARKER_LEAK,lv_macron_consonant
data,lb,B1,2951,überholen,apdzīt,Apdzīt,SAME_AS_LV_CASEFOLD,casefold_only
data,lb,B1,2951,überholen,apdzīt,Apdzīt,LV_DIACRITIC,
data,lb,B1,2951,überholen,apdzīt,Apdzīt,MARKER_LEAK,lv_macron_consonant
data,nl,B1,2951,überholen,apdzīt,Apdzīt,SAME_AS_LV_CASEFOLD,casefold_only
data,nl,B1,2951,überholen,apdzīt,Apdzīt,LV_DIACRITIC,
data,nl,B1,2951,überholen,apdzīt,Apdzīt,MARKER_LEAK,lv_macron_consonant
data,pt,B1,2951,überholen,apdzīt,Apdzīt,SAME_AS_LV_CASEFOLD,casefold_only
data,pt,B1,2951,überholen,apdzīt,Apdzīt,LV_DIACRITIC,
data,pt,B1,2951,überholen,apdzīt,Apdzīt,MARKER_LEAK,lv_macron_consonant
data,sl,B1,2951,überholen,apdzīt,apdzīt,SAME_AS_LV_CASEFOLD,exact
data,sl,B1,2951,überholen,apdzīt,apdzīt,LV_DIACRITIC,
data,sl,B1,2951,überholen,apdzīt,apdzīt,MARKER_LEAK,lv_macron_consonant
data,bg,B1,2951,überholen,apdzīt,Изпреварване,FAMILY_COPY_STRICT,bg+hr+mk+sr
data,hr,B1,2951,überholen,apdzīt,Изпреварване,FAMILY_COPY_STRICT,bg+hr+mk+sr
data,mk,B1,2951,überholen,apdzīt,Изпреварване,FAMILY_COPY_STRICT,bg+hr+mk+sr
data,sr,B1,2951,überholen,apdzīt,Изпреварване,FAMILY_COPY_STRICT,bg+hr+mk+sr
data,fi,B1,2951,überholen,apdzīt,Mööduma,FAMILY_COPY_STRICT,fi+is+nb+nn+sv
data,is,B1,2951,überholen,apdzīt,Mööduma,FAMILY_COPY_STRICT,fi+is+nb+nn+sv
data,nb,B1,2951,überholen,apdzīt,Mööduma,FAMILY_COPY_STRICT,fi+is+nb+nn+sv
data,nn,B1,2951,überholen,apdzīt,Mööduma,FAMILY_COPY_STRICT,fi+is+nb+nn+sv
data,sv,B1,2951,überholen,apdzīt,Mööduma,FAMILY_COPY_STRICT,fi+is+nb+nn+sv
data,it,B1,2951,überholen,apdzīt,Apdzīt,FAMILY_COPY_STRICT,it+lb+nl+pt
data,lb,B1,2951,überholen,apdzīt,Apdzīt,FAMILY_COPY_STRICT,it+lb+nl+pt
data,nl,B1,2951,überholen,apdzīt,Apdzīt,FAMILY_COPY_STRICT,it+lb+nl+pt
data,pt,B1,2951,überholen,apdzīt,Apdzīt,FAMILY_COPY_STRICT,it+lb+nl+pt
data,pl,B1,2951,überholen,apdzīt,Wyprzedzić,FAMILY_COPY_STRICT,pl+sk
data,sk,B1,2951,überholen,apdzīt,Wyprzedzić,FAMILY_COPY_STRICT,pl+sk
data,sq,B1,2951,überholen,apdzīt,Sollamak,FAMILY_COPY_STRICT,sq+tr
data,tr,B1,2951,überholen,apdzīt,Sollamak,FAMILY_COPY_STRICT,sq+tr
data,hr,B1,2952,überleben,izdzīvot,Тој преживеа,SCRIPT_MISMATCH,
data,hr,B1,2952,überleben,izdzīvot,Тој преживеа,MARKER_LEAK,foreign_script
data,sl,B1,2952,überleben,izdzīvot,izdzīvot,SAME_AS_LV_CASEFOLD,exact
data,sl,B1,2952,überleben,izdzīvot,izdzīvot,LV_DIACRITIC,
data,sl,B1,2952,überleben,izdzīvot,izdzīvot,MARKER_LEAK,lv_macron_consonant
data,fi,B1,2952,überleben,izdzīvot,Ellu jääma,FAMILY_COPY_STRICT,fi+is+nb+nn+sv
data,is,B1,2952,überleben,izdzīvot,Ellu jääma,FAMILY_COPY_STRICT,fi+is+nb+nn+sv
data,nb,B1,2952,überleben,izdzīvot,Ellu jääma,FAMILY_COPY_STRICT,fi+is+nb+nn+sv
data,nn,B1,2952,überleben,izdzīvot,Ellu jääma,FAMILY_COPY_STRICT,fi+is+nb+nn+sv
data,sv,B1,2952,überleben,izdzīvot,Ellu jääma,FAMILY_COPY_STRICT,fi+is+nb+nn+sv
data,hr,B1,2952,überleben,izdzīvot,Тој преживеа,FAMILY_COPY_STRICT,hr+mk+sr
data,mk,B1,2952,überleben,izdzīvot,Тој преживеа,FAMILY_COPY_STRICT,hr+mk+sr
data,sr,B1,2952,überleben,izdzīvot,Тој преживеа,FAMILY_COPY_STRICT,hr+mk+sr
data,it,B1,2952,überleben,izdzīvot,Overleven,FAMILY_COPY_STRICT,it+lb+nl
data,lb,B1,2952,überleben,izdzīvot,Overleven,FAMILY_COPY_STRICT,it+lb+nl
data,nl,B1,2952,überleben,izdzīvot,Overleven,FAMILY_COPY_STRICT,it+lb+nl
data,pl,B1,2952,überleben,izdzīvot,Przetrwać,FAMILY_COPY_STRICT,pl+sk
data,sk,B1,2952,überleben,izdzīvot,Przetrwać,FAMILY_COPY_STRICT,pl+sk
data,sq,B1,2952,überleben,izdzīvot,Hayatta kalmak,FAMILY_COPY_STRICT,sq+tr
data,tr,B1,2952,überleben,izdzīvot,Hayatta kalmak,FAMILY_COPY_STRICT,sq+tr
data,fi,B1,2953,überlegen,apdomāt,Järele mõtlema,MARKER_LEAK,et_otilde
data,hr,B1,2953,überlegen,apdomāt,Размишлявам,SCRIPT_MISMATCH,
data,hr,B1,2953,überlegen,apdomāt,Размишлявам,MARKER_LEAK,foreign_script
data,it,B1,2953,überlegen,apdomāt,Apdomāt,SAME_AS_LV_CASEFOLD,casefold_only
data,it,B1,2953,überlegen,apdomāt,Apdomāt,LV_DIACRITIC,
data,it,B1,2953,überlegen,apdomāt,Apdomāt,MARKER_LEAK,lv_macron_consonant
data,lb,B1,2953,überlegen,apdomāt,Apdomāt,SAME_AS_LV_CASEFOLD,casefold_only
data,lb,B1,2953,überlegen,apdomāt,Apdomāt,LV_DIACRITIC,
data,lb,B1,2953,überlegen,apdomāt,Apdomāt,MARKER_LEAK,lv_macron_consonant
data,nl,B1,2953,überlegen,apdomāt,Apdomāt,SAME_AS_LV_CASEFOLD,casefold_only
data,nl,B1,2953,überlegen,apdomāt,Apdomāt,LV_DIACRITIC,
data,nl,B1,2953,überlegen,apdomāt,Apdomāt,MARKER_LEAK,lv_macron_consonant
data,sk,B1,2953,überlegen,apdomāt,Zastanawiać się,MARKER_LEAK,pl_lt_nasal
data,sl,B1,2953,überlegen,apdomāt,apdomāt,SAME_AS_LV_CASEFOLD,exact
data,sl,B1,2953,überlegen,apdomāt,apdomāt,LV_DIACRITIC,
data,sl,B1,2953,überlegen,apdomāt,apdomāt,MARKER_LEAK,lv_macron_consonant
data,sq,B1,2953,überlegen,apdomāt,Yansıt,MARKER_LEAK,tr_soft
data,sv,B1,2953,überlegen,apdomāt,Järele mõtlema,MARKER_LEAK,et_otilde
data,bg,B1,2953,überlegen,apdomāt,Размишлявам,FAMILY_COPY_STRICT,bg+hr+mk+sr
data,hr,B1,2953,überlegen,apdomāt,Размишлявам,FAMILY_COPY_STRICT,bg+hr+mk+sr
data,mk,B1,2953,überlegen,apdomāt,Размишлявам,FAMILY_COPY_STRICT,bg+hr+mk+sr
data,sr,B1,2953,überlegen,apdomāt,Размишлявам,FAMILY_COPY_STRICT,bg+hr+mk+sr
data,fi,B1,2953,überlegen,apdomāt,Järele mõtlema,FAMILY_COPY_STRICT,fi+sv
data,sv,B1,2953,überlegen,apdomāt,Järele mõtlema,FAMILY_COPY_STRICT,fi+sv
data,is,B1,2953,überlegen,apdomāt,Tenk på det,FAMILY_COPY_STRICT,is+nb+nn
data,nb,B1,2953,überlegen,apdomāt,Tenk på det,FAMILY_COPY_STRICT,is+nb+nn
data,nn,B1,2953,überlegen,apdomāt,Tenk på det,FAMILY_COPY_STRICT,is+nb+nn
data,it,B1,2953,überlegen,apdomāt,Apdomāt,FAMILY_COPY_STRICT,it+lb+nl
data,lb,B1,2953,überlegen,apdomāt,Apdomāt,FAMILY_COPY_STRICT,it+lb+nl
data,nl,B1,2953,überlegen,apdomāt,Apdomāt,FAMILY_COPY_STRICT,it+lb+nl
data,pl,B1,2953,überlegen,apdomāt,Zastanawiać się,FAMILY_COPY_STRICT,pl+sk
data,sk,B1,2953,überlegen,apdomāt,Zastanawiać się,FAMILY_COPY_STRICT,pl+sk
data,sq,B1,2953,überlegen,apdomāt,Yansıt,FAMILY_COPY_STRICT,sq+tr
data,tr,B1,2953,überlegen,apdomāt,Yansıt,FAMILY_COPY_STRICT,sq+tr
data,fi,B1,2954,übernehmen,pārņemt,Üle võtma,MARKER_LEAK,et_otilde
data,hr,B1,2954,übernehmen,pārņemt,Осиновете,SCRIPT_MISMATCH,
data,hr,B1,2954,übernehmen,pārņemt,Осиновете,MARKER_LEAK,foreign_script
data,is,B1,2954,übernehmen,pārņemt,Üle võtma,MARKER_LEAK,et_otilde
data,it,B1,2954,übernehmen,pārņemt,Pārņemt,SAME_AS_LV_CASEFOLD,casefold_only
data,it,B1,2954,übernehmen,pārņemt,Pārņemt,LV_DIACRITIC,
data,it,B1,2954,übernehmen,pārņemt,Pārņemt,MARKER_LEAK,lv_macron_consonant
data,lb,B1,2954,übernehmen,pārņemt,Pārņemt,SAME_AS_LV_CASEFOLD,casefold_only
data,lb,B1,2954,übernehmen,pārņemt,Pārņemt,LV_DIACRITIC,
data,lb,B1,2954,übernehmen,pārņemt,Pārņemt,MARKER_LEAK,lv_macron_consonant
data,nb,B1,2954,übernehmen,pārņemt,Üle võtma,MARKER_LEAK,et_otilde
data,nl,B1,2954,übernehmen,pārņemt,Pārņemt,SAME_AS_LV_CASEFOLD,casefold_only
data,nl,B1,2954,übernehmen,pārņemt,Pārņemt,LV_DIACRITIC,
data,nl,B1,2954,übernehmen,pārņemt,Pārņemt,MARKER_LEAK,lv_macron_consonant
data,nn,B1,2954,übernehmen,pārņemt,Üle võtma,MARKER_LEAK,et_otilde
data,pt,B1,2954,übernehmen,pārņemt,Parņemt,LV_DIACRITIC,
data,pt,B1,2954,übernehmen,pārņemt,Parņemt,MARKER_LEAK,lv_macron_consonant
data,sk,B1,2954,übernehmen,pārņemt,Przejąć,MARKER_LEAK,pl_lt_nasal
data,sl,B1,2954,übernehmen,pārņemt,pārņemt,SAME_AS_LV_CASEFOLD,exact
data,sl,B1,2954,übernehmen,pārņemt,pārņemt,LV_DIACRITIC,
data,sl,B1,2954,übernehmen,pārņemt,pārņemt,MARKER_LEAK,lv_macron_consonant
data,sv,B1,2954,übernehmen,pārņemt,Üle võtma,MARKER_LEAK,et_otilde
data,bg,B1,2954,übernehmen,pārņemt,Осиновете,FAMILY_COPY_STRICT,bg+hr+mk+sr
data,hr,B1,2954,übernehmen,pārņemt,Осиновете,FAMILY_COPY_STRICT,bg+hr+mk+sr
data,mk,B1,2954,übernehmen,pārņemt,Осиновете,FAMILY_COPY_STRICT,bg+hr+mk+sr
data,sr,B1,2954,übernehmen,pārņemt,Осиновете,FAMILY_COPY_STRICT,bg+hr+mk+sr
data,fi,B1,2954,übernehmen,pārņemt,Üle võtma,FAMILY_COPY_STRICT,fi+is+nb+nn+sv
data,is,B1,2954,übernehmen,pārņemt,Üle võtma,FAMILY_COPY_STRICT,fi+is+nb+nn+sv
data,nb,B1,2954,übernehmen,pārņemt,Üle võtma,FAMILY_COPY_STRICT,fi+is+nb+nn+sv
data,nn,B1,2954,übernehmen,pārņemt,Üle võtma,FAMILY_COPY_STRICT,fi+is+nb+nn+sv
data,sv,B1,2954,übernehmen,pārņemt,Üle võtma,FAMILY_COPY_STRICT,fi+is+nb+nn+sv
