tree,lang,level,index,de,lv,value,check,detail
data,pl,B1,2545,Schwangerschaftstest,grūtniecības tests,Test ciążowy,FAMILY_COPY_STRICT,pl+sk
data,sk,B1,2545,Schwangerschaftstest,grūtniecības tests,Test ciążowy,FAMILY_COPY_STRICT,pl+sk
data,sq,B1,2545,Schwangerschaftstest,grūtniecības tests,Hamilelik testi,FAMILY_COPY_STRICT,sq+tr
data,tr,B1,2545,Schwangerschaftstest,grūtniecības tests,Hamilelik testi,FAMILY_COPY_STRICT,sq+tr
data,fi,B1,2546,schwanken,svārstīties,Kõikuma,MARKER_LEAK,et_otilde
data,hr,B1,2546,schwanken,svārstīties,Колебайте се,SCRIPT_MISMATCH,
data,hr,B1,2546,schwanken,svārstīties,Колебайте се,MARKER_LEAK,foreign_script
data,is,B1,2546,schwanken,svārstīties,Kõikuma,MARKER_LEAK,et_otilde
data,it,B1,2546,schwanken,svārstīties,Svārstīties,SAME_AS_LV_CASEFOLD,casefold_only
data,it,B1,2546,schwanken,svārstīties,Svārstīties,LV_DIACRITIC,
data,it,B1,2546,schwanken,svārstīties,Svārstīties,MARKER_LEAK,lv_macron_consonant
data,lb,B1,2546,schwanken,svārstīties,Svārstīties,SAME_AS_LV_CASEFOLD,casefold_only
data,lb,B1,2546,schwanken,svārstīties,Svārstīties,LV_DIACRITIC,
data,lb,B1,2546,schwanken,svārstīties,Svārstīties,MARKER_LEAK,lv_macron_consonant
data,nb,B1,2546,schwanken,svārstīties,Kõikuma,MARKER_LEAK,et_otilde
data,nl,B1,2546,schwanken,svārstīties,Svārstīties,SAME_AS_LV_CASEFOLD,casefold_only
data,nl,B1,2546,schwanken,svārstīties,Svārstīties,LV_DIACRITIC,
data,nl,B1,2546,schwanken,svārstīties,Svārstīties,MARKER_LEAK,lv_macron_consonant
data,nn,B1,2546,schwanken,svārstīties,Kõikuma,MARKER_LEAK,et_otilde
data,pt,B1,2546,schwanken,svārstīties,Svārstīties,SAME_AS_LV_CASEFOLD,casefold_only
data,pt,B1,2546,schwanken,svārstīties,Svārstīties,LV_DIACRITIC,
data,pt,B1,2546,schwanken,svārstīties,Svārstīties,MARKER_LEAK,lv_macron_consonant
data,sk,B1,2546,schwanken,svārstīties,Wahać się,MARKER_LEAK,pl_lt_nasal
data,sl,B1,2546,schwanken,svārstīties,svārstīties,SAME_AS_LV_CASEFOLD,exact
data,sl,B1,2546,schwanken,svārstīties,svārstīties,LV_DIACRITIC,
data,sl,B1,2546,schwanken,svārstīties,svārstīties,MARKER_LEAK,lv_macron_consonant
data,sv,B1,2546,schwanken,svārstīties,Kõikuma,MARKER_LEAK,et_otilde
data,bg,B1,2546,schwanken,svārstīties,Колебайте се,FAMILY_COPY_STRICT,bg+hr+mk+sr
data,hr,B1,2546,schwanken,svārstīties,Колебайте се,FAMILY_COPY_STRICT,bg+hr+mk+sr
data,mk,B1,2546,schwanken,svārstīties,Колебайте се,FAMILY_COPY_STRICT,bg+hr+mk+sr
data,sr,B1,2546,schwanken,svārstīties,Колебайте се,FAMILY_COPY_STRICT,bg+hr+mk+sr
data,fi,B1,2546,schwanken,svārstīties,Kõikuma,FAMILY_COPY_STRICT,fi+is+nb+nn+sv
data,is,B1,2546,schwanken,svārstīties,Kõikuma,FAMILY_COPY_STRICT,fi+is+nb+nn+sv
data,nb,B1,2546,schwanken,svārstīties,Kõikuma,FAMILY_COPY_STRICT,fi+is+nb+nn+sv
data,nn,B1,2546,schwanken,svārstīties,Kõikuma,FAMILY_COPY_STRICT,fi+is+nb+nn+sv
data,sv,B1,2546,schwanken,svārstīties,Kõikuma,FAMILY_COPY_STRICT,fi+is+nb+nn+sv
data,it,B1,2546,schwanken,svārstīties,Svārstīties,FAMILY_COPY_STRICT,it+lb+nl+pt
data,lb,B1,2546,schwanken,svārstīties,Svārstīties,FAMILY_COPY_STRICT,it+lb+nl+pt
data,nl,B1,2546,schwanken,svārstīties,Svārstīties,FAMILY_COPY_STRICT,it+lb+nl+pt
data,pt,B1,2546,schwanken,svārstīties,Svārstīties,FAMILY_COPY_STRICT,it+lb+nl+pt
data,pl,B1,2546,schwanken,svārstīties,Wahać się,FAMILY_COPY_STRICT,pl+sk
data,sk,B1,2546,schwanken,svārstīties,Wahać się,FAMILY_COPY_STRICT,pl+sk
data,sq,B1,2546,schwanken,svārstīties,Tereddüt etmek,FAMILY_COPY_STRICT,sq+tr
data,tr,B1,2546,schwanken,svārstīties,Tereddüt etmek,FAMILY_COPY_STRICT,sq+tr
data,hr,B1,2547,Schwanz,aste,Опашка,SCRIPT_MISMATCH,
data,hr,B1,2547,Schwanz,aste,Опашка,MARKER_LEAK,foreign_script
data,it,B1,2547,Schwanz,aste,Aste,SAME_AS_LV_CASEFOLD,casefold_only
data,lb,B1,2547,Schwanz,aste,Aste,SAME_AS_LV_CASEFOLD,casefold_only
data,nl,B1,2547,Schwanz,aste,Aste,SAME_AS_LV_CASEFOLD,casefold_only
data,sl,B1,2547,Schwanz,aste,aste,SAME_AS_LV_CASEFOLD,exact
data,bg,B1,2547,Schwanz,aste,Опашка,FAMILY_COPY_STRICT,bg+hr+mk+sr
data,hr,B1,2547,Schwanz,aste,Опашка,FAMILY_COPY_STRICT,bg+hr+mk+sr
data,mk,B1,2547,Schwanz,aste,Опашка,FAMILY_COPY_STRICT,bg+hr+mk+sr
data,sr,B1,2547,Schwanz,aste,Опашка,FAMILY_COPY_STRICT,bg+hr+mk+sr
data,fi,B1,2547,Schwanz,aste,Saba,FAMILY_COPY_STRICT,fi+is+nb+nn+sv
data,is,B1,2547,Schwanz,aste,Saba,FAMILY_COPY_STRICT,fi+is+nb+nn+sv
data,nb,B1,2547,Schwanz,aste,Saba,FAMILY_COPY_STRICT,fi+is+nb+nn+sv
data,nn,B1,2547,Schwanz,aste,Saba,FAMILY_COPY_STRICT,fi+is+nb+nn+sv
data,sv,B1,2547,Schwanz,aste,Saba,FAMILY_COPY_STRICT,fi+is+nb+nn+sv
data,it,B1,2547,Schwanz,aste,Aste,FAMILY_COPY_STRICT,it+lb+nl
data,lb,B1,2547,Schwanz,aste,Aste,FAMILY_COPY_STRICT,it+lb+nl
data,nl,B1,2547,Schwanz,aste,Aste,FAMILY_COPY_STRICT,it+lb+nl
data,pl,B1,2547,Schwanz,aste,Ogon,FAMILY_COPY_STRICT,pl+sk+sq+tr
data,sk,B1,2547,Schwanz,aste,Ogon,FAMILY_COPY_STRICT,pl+sk+sq+tr
data,sq,B1,2547,Schwanz,aste,Ogon,FAMILY_COPY_STRICT,pl+sk+sq+tr
data,tr,B1,2547,Schwanz,aste,Ogon,FAMILY_COPY_STRICT,pl+sk+sq+tr
data,fi,B1,2548,schwarzfahren,braukt vilcienā vai autobusā bez biļetes,Piletita sõitma,MARKER_LEAK,et_otilde
data,hr,B1,2548,schwarzfahren,braukt vilcienā vai autobusā bez biļetes,Пътуване с влак или автобус без билет,SCRIPT_MISMATCH,
data,hr,B1,2548,schwarzfahren,braukt vilcienā vai autobusā bez biļetes,Пътуване с влак или автобус без билет,MARKER_LEAK,foreign_script
data,is,B1,2548,schwarzfahren,braukt vilcienā vai autobusā bez biļetes,Piletita sõitma,MARKER_LEAK,et_otilde
data,it,B1,2548,schwarzfahren,braukt vilcienā vai autobusā bez biļetes,Brews vilcienā vai autobusā bez biųetes,LV_DIACRITIC,
data,it,B1,2548,schwarzfahren,braukt vilcienā vai autobusā bez biļetes,Brews vilcienā vai autobusā bez biųetes,MARKER_LEAK,lv_macron_consonant
data,lb,B1,2548,schwarzfahren,braukt vilcienā vai autobusā bez biļetes,Braukt vilcienā vai autobusā bez biļetes,SAME_AS_LV_CASEFOLD,casefold_only
data,lb,B1,2548,schwarzfahren,braukt vilcienā vai autobusā bez biļetes,Braukt vilcienā vai autobusā bez biļetes,LV_DIACRITIC,
data,lb,B1,2548,schwarzfahren,braukt vilcienā vai autobusā bez biļetes,Braukt vilcienā vai autobusā bez biļetes,MARKER_LEAK,lv_macron_consonant
data,nb,B1,2548,schwarzfahren,braukt vilcienā vai autobusā bez biļetes,Piletita sõitma,MARKER_LEAK,et_otilde
data,nl,B1,2548,schwarzfahren,braukt vilcienā vai autobusā bez biļetes,Braukt vilcienā vai autobusā bez biļetes,SAME_AS_LV_CASEFOLD,casefold_only
data,nl,B1,2548,schwarzfahren,braukt vilcienā vai autobusā bez biļetes,Braukt vilcienā vai autobusā bez biļetes,LV_DIACRITIC,
data,nl,B1,2548,schwarzfahren,braukt vilcienā vai autobusā bez biļetes,Braukt vilcienā vai autobusā bez biļetes,MARKER_LEAK,lv_macron_consonant
data,nn,B1,2548,schwarzfahren,braukt vilcienā vai autobusā bez biļetes,Piletita sõitma,MARKER_LEAK,et_otilde
data,pt,B1,2548,schwarzfahren,braukt vilcienā vai autobusā bez biļetes,Cerveja Vilcienā vai busā bez biųetes,LV_DIACRITIC,
data,pt,B1,2548,schwarzfahren,braukt vilcienā vai autobusā bez biļetes,Cerveja Vilcienā vai busā bez biųetes,MARKER_LEAK,lv_macron_consonant
data,sk,B1,2548,schwarzfahren,braukt vilcienā vai autobusā bez biļetes,Jeździć pociągiem lub autobusem bez biletu,MARKER_LEAK,pl_l_s_z+pl_lt_nasal
data,sl,B1,2548,schwarzfahren,braukt vilcienā vai autobusā bez biļetes,braukt vilcienā vai autobusā bez biļetes,SAME_AS_LV_CASEFOLD,exact
data,sl,B1,2548,schwarzfahren,braukt vilcienā vai autobusā bez biļetes,braukt vilcienā vai autobusā bez biļetes,LV_DIACRITIC,
data,sl,B1,2548,schwarzfahren,braukt vilcienā vai autobusā bez biļetes,braukt vilcienā vai autobusā bez biļetes,MARKER_LEAK,lv_macron_consonant
data,sv,B1,2548,schwarzfahren,braukt vilcienā vai autobusā bez biļetes,Piletita sõitma,MARKER_LEAK,et_otilde
data,bg,B1,2548,schwarzfahren,braukt vilcienā vai autobusā bez biļetes,Пътуване с влак или автобус без билет,FAMILY_COPY_STRICT,bg+hr+mk+sr
data,hr,B1,2548,schwarzfahren,braukt vilcienā vai autobusā bez biļetes,Пътуване с влак или автобус без билет,FAMILY_COPY_STRICT,bg+hr+mk+sr
data,mk,B1,2548,schwarzfahren,braukt vilcienā vai autobusā bez biļetes,Пътуване с влак или автобус без билет,FAMILY_COPY_STRICT,bg+hr+mk+sr
data,sr,B1,2548,schwarzfahren,braukt vilcienā vai autobusā bez biļetes,Пътуване с влак или автобус без билет,FAMILY_COPY_STRICT,bg+hr+mk+sr
data,fi,B1,2548,schwarzfahren,braukt vilcienā vai autobusā bez biļetes,Piletita sõitma,FAMILY_COPY_STRICT,fi+is+nb+nn+sv
data,is,B1,2548,schwarzfahren,braukt vilcienā vai autobusā bez biļetes,Piletita sõitma,FAMILY_COPY_STRICT,fi+is+nb+nn+sv
data,nb,B1,2548,schwarzfahren,braukt vilcienā vai autobusā bez biļetes,Piletita sõitma,FAMILY_COPY_STRICT,fi+is+nb+nn+sv
data,nn,B1,2548,schwarzfahren,braukt vilcienā vai autobusā bez biļetes,Piletita sõitma,FAMILY_COPY_STRICT,fi+is+nb+nn+sv
data,sv,B1,2548,schwarzfahren,braukt vilcienā vai autobusā bez biļetes,Piletita sõitma,FAMILY_COPY_STRICT,fi+is+nb+nn+sv
data,lb,B1,2548,schwarzfahren,braukt vilcienā vai autobusā bez biļetes,Braukt vilcienā vai autobusā bez biļetes,FAMILY_COPY_STRICT,lb+nl
data,nl,B1,2548,schwarzfahren,braukt vilcienā vai autobusā bez biļetes,Braukt vilcienā vai autobusā bez biļetes,FAMILY_COPY_STRICT,lb+nl
data,pl,B1,2548,schwarzfahren,braukt vilcienā vai autobusā bez biļetes,Jeździć pociągiem lub autobusem bez biletu,FAMILY_COPY_STRICT,pl+sk
data,sk,B1,2548,schwarzfahren,braukt vilcienā vai autobusā bez biļetes,Jeździć pociągiem lub autobusem bez biletu,FAMILY_COPY_STRICT,pl+sk
data,sq,B1,2548,schwarzfahren,braukt vilcienā vai autobusā bez biļetes,Biletsiz trene veya otobüse binmek,FAMILY_COPY_STRICT,sq+tr
data,tr,B1,2548,schwarzfahren,braukt vilcienā vai autobusā bez biļetes,Biletsiz trene veya otobüse binmek,FAMILY_COPY_STRICT,sq+tr
data,hr,B1,2549,schwatzen,pļāpāt,Чат,SCRIPT_MISMATCH,
data,hr,B1,2549,schwatzen,pļāpāt,Чат,MARKER_LEAK,foreign_script
data,it,B1,2549,schwatzen,pļāpāt,Pļāpāt,SAME_AS_LV_CASEFOLD,casefold_only
data,it,B1,2549,schwatzen,pļāpāt,Pļāpāt,LV_DIACRITIC,
data,it,B1,2549,schwatzen,pļāpāt,Pļāpāt,MARKER_LEAK,lv_macron_consonant
data,lb,B1,2549,schwatzen,pļāpāt,Pļāpāt,SAME_AS_LV_CASEFOLD,casefold_only
data,lb,B1,2549,schwatzen,pļāpāt,Pļāpāt,LV_DIACRITIC,
data,lb,B1,2549,schwatzen,pļāpāt,Pļāpāt,MARKER_LEAK,lv_macron_consonant
data,nl,B1,2549,schwatzen,pļāpāt,Pļāpāt,SAME_AS_LV_CASEFOLD,casefold_only
data,nl,B1,2549,schwatzen,pļāpāt,Pļāpāt,LV_DIACRITIC,
data,nl,B1,2549,schwatzen,pļāpāt,Pļāpāt,MARKER_LEAK,lv_macron_consonant
data,pt,B1,2549,schwatzen,pļāpāt,Pļāpat,LV_DIACRITIC,
data,pt,B1,2549,schwatzen,pļāpāt,Pļāpat,MARKER_LEAK,lv_macron_consonant
data,sl,B1,2549,schwatzen,pļāpāt,pļāpāt,SAME_AS_LV_CASEFOLD,exact
data,sl,B1,2549,schwatzen,pļāpāt,pļāpāt,LV_DIACRITIC,
data,sl,B1,2549,schwatzen,pļāpāt,pļāpāt,MARKER_LEAK,lv_macron_consonant
data,bg,B1,2549,schwatzen,pļāpāt,Чат,FAMILY_COPY_STRICT,bg+hr+mk+sr
data,hr,B1,2549,schwatzen,pļāpāt,Чат,FAMILY_COPY_STRICT,bg+hr+mk+sr
data,mk,B1,2549,schwatzen,pļāpāt,Чат,FAMILY_COPY_STRICT,bg+hr+mk+sr
data,sr,B1,2549,schwatzen,pļāpāt,Чат,FAMILY_COPY_STRICT,bg+hr+mk+sr
data,fi,B1,2549,schwatzen,pļāpāt,Lobisema,FAMILY_COPY_STRICT,fi+is+nb+nn+sv
data,is,B1,2549,schwatzen,pļāpāt,Lobisema,FAMILY_COPY_STRICT,fi+is+nb+nn+sv
data,nb,B1,2549,schwatzen,pļāpāt,Lobisema,FAMILY_COPY_STRICT,fi+is+nb+nn+sv
data,nn,B1,2549,schwatzen,pļāpāt,Lobisema,FAMILY_COPY_STRICT,fi+is+nb+nn+sv
data,sv,B1,2549,schwatzen,pļāpāt,Lobisema,FAMILY_COPY_STRICT,fi+is+nb+nn+sv
data,it,B1,2549,schwatzen,pļāpāt,Pļāpāt,FAMILY_COPY_STRICT,it+lb+nl
data,lb,B1,2549,schwatzen,pļāpāt,Pļāpāt,FAMILY_COPY_STRICT,it+lb+nl
data,nl,B1,2549,schwatzen,pļāpāt,Pļāpāt,FAMILY_COPY_STRICT,it+lb+nl
data,pl,B1,2549,schwatzen,pļāpāt,Porozmawiać,FAMILY_COPY_STRICT,pl+sk
data,sk,B1,2549,schwatzen,pļāpāt,Porozmawiać,FAMILY_COPY_STRICT,pl+sk
data,sq,B1,2549,schwatzen,pļāpāt,Konuşmak,FAMILY_COPY_STRICT,sq+tr
data,tr,B1,2549,schwatzen,pļāpāt,Konuşmak,FAMILY_COPY_STRICT,sq+tr
data,hr,B1,2550,schwätzen,pļāpāt,Чат,SCRIPT_MISMATCH,
data,hr,B1,2550,schwätzen,pļāpāt,Чат,MARKER_LEAK,foreign_script
data,it,B1,2550,schwätzen,pļāpāt,Pļāpāt,SAME_AS_LV_CASEFOLD,casefold_only
data,it,B1,2550,schwätzen,pļāpāt,Pļāpāt,LV_DIACRITIC,
data,it,B1,2550,schwätzen,pļāpāt,Pļāpāt,MARKER_LEAK,lv_macron_consonant
data,lb,B1,2550,schwätzen,pļāpāt,Pļāpāt,SAME_AS_LV_CASEFOLD,casefold_only
data,lb,B1,2550,schwätzen,pļāpāt,Pļāpāt,LV_DIACRITIC,
data,lb,B1,2550,schwätzen,pļāpāt,Pļāpāt,MARKER_LEAK,lv_macron_consonant
data,nl,B1,2550,schwätzen,pļāpāt,Pļāpāt,SAME_AS_LV_CASEFOLD,casefold_only
data,nl,B1,2550,schwätzen,pļāpāt,Pļāpāt,LV_DIACRITIC,
data,nl,B1,2550,schwätzen,pļāpāt,Pļāpāt,MARKER_LEAK,lv_macron_consonant
data,pt,B1,2550,schwätzen,pļāpāt,Pļāpat,LV_DIACRITIC,
data,pt,B1,2550,schwätzen,pļāpāt,Pļāpat,MARKER_LEAK,lv_macron_consonant
data,sl,B1,2550,schwätzen,pļāpāt,pļāpāt,SAME_AS_LV_CASEFOLD,exact
data,sl,B1,2550,schwätzen,pļāpāt,pļāpāt,LV_DIACRITIC,
data,sl,B1,2550,schwätzen,pļāpāt,pļāpāt,MARKER_LEAK,lv_macron_consonant
data,bg,B1,2550,schwätzen,pļāpāt,Чат,FAMILY_COPY_STRICT,bg+hr+mk+sr
data,hr,B1,2550,schwätzen,pļāpāt,Чат,FAMILY_COPY_STRICT,bg+hr+mk+sr
data,mk,B1,2550,schwätzen,pļāpāt,Чат,FAMILY_COPY_STRICT,bg+hr+mk+sr
data,sr,B1,2550,schwätzen,pļāpāt,Чат,FAMILY_COPY_STRICT,bg+hr+mk+sr
data,fi,B1,2550,schwätzen,pļāpāt,Lobisema,FAMILY_COPY_STRICT,fi+is+nb+nn+sv
data,is,B1,2550,schwätzen,pļāpāt,Lobisema,FAMILY_COPY_STRICT,fi+is+nb+nn+sv
data,nb,B1,2550,schwätzen,pļāpāt,Lobisema,FAMILY_COPY_STRICT,fi+is+nb+nn+sv
data,nn,B1,2550,schwätzen,pļāpāt,Lobisema,FAMILY_COPY_STRICT,fi+is+nb+nn+sv
data,sv,B1,2550,schwätzen,pļāpāt,Lobisema,FAMILY_COPY_STRICT,fi+is+nb+nn+sv
data,it,B1,2550,schwätzen,pļāpāt,Pļāpāt,FAMILY_COPY_STRICT,it+lb+nl
data,lb,B1,2550,schwätzen,pļāpāt,Pļāpāt,FAMILY_COPY_STRICT,it+lb+nl
data,nl,B1,2550,schwätzen,pļāpāt,Pļāpāt,FAMILY_COPY_STRICT,it+lb+nl
data,pl,B1,2550,schwätzen,pļāpāt,Porozmawiać,FAMILY_COPY_STRICT,pl+sk
data,sk,B1,2550,schwätzen,pļāpāt,Porozmawiać,FAMILY_COPY_STRICT,pl+sk
data,sq,B1,2550,schwätzen,pļāpāt,Konuşmak,FAMILY_COPY_STRICT,sq+tr
data,tr,B1,2550,schwätzen,pļāpāt,Konuşmak,FAMILY_COPY_STRICT,sq+tr
data,fi,B1,2551,schweben,lidināties,Hõljuma,MARKER_LEAK,et_otilde
data,hr,B1,2551,schweben,lidināties,Ховър,SCRIPT_MISMATCH,
data,hr,B1,2551,schweben,lidināties,Ховър,MARKER_LEAK,foreign_script
data,is,B1,2551,schweben,lidināties,Hõljuma,MARKER_LEAK,et_otilde
data,it,B1,2551,schweben,lidināties,Lidināties,SAME_AS_LV_CASEFOLD,casefold_only
data,it,B1,2551,schweben,lidināties,Lidināties,LV_DIACRITIC,
data,it,B1,2551,schweben,lidināties,Lidināties,MARKER_LEAK,lv_macron_consonant
data,lb,B1,2551,schweben,lidināties,Lidināties,SAME_AS_LV_CASEFOLD,casefold_only
data,lb,B1,2551,schweben,lidināties,Lidināties,LV_DIACRITIC,
data,lb,B1,2551,schweben,lidināties,Lidināties,MARKER_LEAK,lv_macron_consonant
data,nb,B1,2551,schweben,lidināties,Hõljuma,MARKER_LEAK,et_otilde
data,nl,B1,2551,schweben,lidināties,Lidināties,SAME_AS_LV_CASEFOLD,casefold_only
data,nl,B1,2551,schweben,lidināties,Lidināties,LV_DIACRITIC,
data,nl,B1,2551,schweben,lidināties,Lidināties,MARKER_LEAK,lv_macron_consonant
data,nn,B1,2551,schweben,lidināties,Hõljuma,MARKER_LEAK,et_otilde
data,sk,B1,2551,schweben,lidināties,Wahać się,MARKER_LEAK,pl_lt_nasal
data,sl,B1,2551,schweben,lidināties,lidināties,SAME_AS_LV_CASEFOLD,exact
data,sl,B1,2551,schweben,lidināties,lidināties,LV_DIACRITIC,
data,sl,B1,2551,schweben,lidināties,lidināties,MARKER_LEAK,lv_macron_consonant
data,sv,B1,2551,schweben,lidināties,Hõljuma,MARKER_LEAK,et_otilde
data,bg,B1,2551,schweben,lidināties,Ховър,FAMILY_COPY_STRICT,bg+hr+mk+sr
data,hr,B1,2551,schweben,lidināties,Ховър,FAMILY_COPY_STRICT,bg+hr+mk+sr
data,mk,B1,2551,schweben,lidināties,Ховър,FAMILY_COPY_STRICT,bg+hr+mk+sr
data,sr,B1,2551,schweben,lidināties,Ховър,FAMILY_COPY_STRICT,bg+hr+mk+sr
data,fi,B1,2551,schweben,lidināties,Hõljuma,FAMILY_COPY_STRICT,fi+is+nb+nn+sv
data,is,B1,2551,schweben,lidināties,Hõljuma,FAMILY_COPY_STRICT,fi+is+nb+nn+sv
data,nb,B1,2551,schweben,lidināties,Hõljuma,FAMILY_COPY_STRICT,fi+is+nb+nn+sv
data,nn,B1,2551,schweben,lidināties,Hõljuma,FAMILY_COPY_STRICT,fi+is+nb+nn+sv
data,sv,B1,2551,schweben,lidināties,Hõljuma,FAMILY_COPY_STRICT,fi+is+nb+nn+sv
data,it,B1,2551,schweben,lidināties,Lidināties,FAMILY_COPY_STRICT,it+lb+nl
data,lb,B1,2551,schweben,lidināties,Lidināties,FAMILY_COPY_STRICT,it+lb+nl
data,nl,B1,2551,schweben,lidināties,Lidināties,FAMILY_COPY_STRICT,it+lb+nl
data,pl,B1,2551,schweben,lidināties,Wahać się,FAMILY_COPY_STRICT,pl+sk
data,sk,B1,2551,schweben,lidināties,Wahać się,FAMILY_COPY_STRICT,pl+sk
data,sq,B1,2551,schweben,lidināties,Tereddüt etmek,FAMILY_COPY_STRICT,sq+tr
data,tr,B1,2551,schweben,lidināties,Tereddüt etmek,FAMILY_COPY_STRICT,sq+tr
data,hr,B1,2552,Schwefel,sērs,Сяра,SCRIPT_MISMATCH,
data,hr,B1,2552,Schwefel,sērs,Сяра,MARKER_LEAK,foreign_script
data,it,B1,2552,Schwefel,sērs,Sērs,SAME_AS_LV_CASEFOLD,casefold_only
data,it,B1,2552,Schwefel,sērs,Sērs,LV_DIACRITIC,
data,it,B1,2552,Schwefel,sērs,Sērs,MARKER_LEAK,lv_macron_consonant
data,lb,B1,2552,Schwefel,sērs,Sērs,SAME_AS_LV_CASEFOLD,casefold_only
data,lb,B1,2552,Schwefel,sērs,Sērs,LV_DIACRITIC,
data,lb,B1,2552,Schwefel,sērs,Sērs,MARKER_LEAK,lv_macron_consonant
data,nl,B1,2552,Schwefel,sērs,Sērs,SAME_AS_LV_CASEFOLD,casefold_only
data,nl,B1,2552,Schwefel,sērs,Sērs,LV_DIACRITIC,
data,nl,B1,2552,Schwefel,sērs,Sērs,MARKER_LEAK,lv_macron_consonant
data,sl,B1,2552,Schwefel,sērs,sērs,SAME_AS_LV_CASEFOLD,exact
data,sl,B1,2552,Schwefel,sērs,sērs,LV_DIACRITIC,
data,sl,B1,2552,Schwefel,sērs,sērs,MARKER_LEAK,lv_macron_consonant
data,bg,B1,2552,Schwefel,sērs,Сяра,FAMILY_COPY_STRICT,bg+hr+mk+sr
data,hr,B1,2552,Schwefel,sērs,Сяра,FAMILY_COPY_STRICT,bg+hr+mk+sr
data,mk,B1,2552,Schwefel,sērs,Сяра,FAMILY_COPY_STRICT,bg+hr+mk+sr
data,sr,B1,2552,Schwefel,sērs,Сяра,FAMILY_COPY_STRICT,bg+hr+mk+sr
data,fi,B1,2552,Schwefel,sērs,Väävel,FAMILY_COPY_STRICT,fi+is+nb+nn+sv
data,is,B1,2552,Schwefel,sērs,Väävel,FAMILY_COPY_STRICT,fi+is+nb+nn+sv
data,nb,B1,2552,Schwefel,sērs,Väävel,FAMILY_COPY_STRICT,fi+is+nb+nn+sv
data,nn,B1,2552,Schwefel,sērs,Väävel,FAMILY_COPY_STRICT,fi+is+nb+nn+sv
data,sv,B1,2552,Schwefel,sērs,Väävel,FAMILY_COPY_STRICT,fi+is+nb+nn+sv
data,it,B1,2552,Schwefel,sērs,Sērs,FAMILY_COPY_STRICT,it+lb+nl
data,lb,B1,2552,Schwefel,sērs,Sērs,FAMILY_COPY_STRICT,it+lb+nl
data,nl,B1,2552,Schwefel,sērs,Sērs,FAMILY_COPY_STRICT,it+lb+nl
data,pl,B1,2552,Schwefel,sērs,Siarka,FAMILY_COPY_STRICT,pl+sk+sq+tr
data,sk,B1,2552,Schwefel,sērs,Siarka,FAMILY_COPY_STRICT,pl+sk+sq+tr
data,sq,B1,2552,Schwefel,sērs,Siarka,FAMILY_COPY_STRICT,pl+sk+sq+tr
data,tr,B1,2552,Schwefel,sērs,Siarka,FAMILY_COPY_STRICT,pl+sk+sq+tr
data,it,B1,2553,schweigsam,kluss,Kluss,SAME_AS_LV_CASEFOLD,casefold_only
data,nl,B1,2553,schweigsam,kluss,Kluss,SAME_AS_LV_CASEFOLD,casefold_only
data,pt,B1,2553,schweigsam,kluss,Kluss,SAME_AS_LV_CASEFOLD,casefold_only
data,sl,B1,2553,schweigsam,kluss,kluss,SAME_AS_LV_CASEFOLD,exact
data,sr,B1,2553,schweigsam,kluss,Tiho,SCRIPT_MISMATCH,sr_as_cyrillic
data,sr,B1,2553,schweigsam,kluss,Tiho,MARKER_LEAK,latin_in_cyrillic
data,fi,B1,2553,schweigsam,kluss,Vaikne,FAMILY_COPY_STRICT,fi+sv
data,sv,B1,2553,schweigsam,kluss,Vaikne,FAMILY_COPY_STRICT,fi+sv
data,hr,B1,2553,schweigsam,kluss,Tiho,FAMILY_COPY_STRICT,hr+sr
data,sr,B1,2553,schweigsam,kluss,Tiho,FAMILY_COPY_STRICT,hr+sr
data,is,B1,2553,schweigsam,kluss,Våkn opp,FAMILY_COPY_STRICT,is+nb+nn
data,nb,B1,2553,schweigsam,kluss,Våkn opp,FAMILY_COPY_STRICT,is+nb+nn
data,nn,B1,2553,schweigsam,kluss,Våkn opp,FAMILY_COPY_STRICT,is+nb+nn
data,it,B1,2553,schweigsam,kluss,Kluss,FAMILY_COPY_STRICT,it+nl+pt
data,nl,B1,2553,schweigsam,kluss,Kluss,FAMILY_COPY_STRICT,it+nl+pt
data,pt,B1,2553,schweigsam,kluss,Kluss,FAMILY_COPY_STRICT,it+nl+pt
data,hr,B1,2554,Schwelle,slieksnis,Праг,SCRIPT_MISMATCH,
data,hr,B1,2554,Schwelle,slieksnis,Праг,MARKER_LEAK,foreign_script
data,it,B1,2554,Schwelle,slieksnis,Slieksnis,SAME_AS_LV_CASEFOLD,casefold_only
data,lb,B1,2554,Schwelle,slieksnis,Slieksnis,SAME_AS_LV_CASEFOLD,casefold_only
data,nl,B1,2554,Schwelle,slieksnis,Slieksnis,SAME_AS_LV_CASEFOLD,casefold_only
data,pt,B1,2554,Schwelle,slieksnis,Slieksnis,SAME_AS_LV_CASEFOLD,casefold_only
data,sl,B1,2554,Schwelle,slieksnis,slieksnis,SAME_AS_LV_CASEFOLD,exact
data,bg,B1,2554,Schwelle,slieksnis,Праг,FAMILY_COPY_STRICT,bg+hr+mk+sr
data,hr,B1,2554,Schwelle,slieksnis,Праг,FAMILY_COPY_STRICT,bg+hr+mk+sr
data,mk,B1,2554,Schwelle,slieksnis,Праг,FAMILY_COPY_STRICT,bg+hr+mk+sr
data,sr,B1,2554,Schwelle,slieksnis,Праг,FAMILY_COPY_STRICT,bg+hr+mk+sr
data,bs,B1,2554,Schwelle,slieksnis,Prag,FAMILY_COPY_STRICT,bs+ro
data,ro,B1,2554,Schwelle,slieksnis,Prag,FAMILY_COPY_STRICT,bs+ro
data,fi,B1,2554,Schwelle,slieksnis,Lävi,FAMILY_COPY_STRICT,fi+is+nb+nn+sv
data,is,B1,2554,Schwelle,slieksnis,Lävi,FAMILY_COPY_STRICT,fi+is+nb+nn+sv
data,nb,B1,2554,Schwelle,slieksnis,Lävi,FAMILY_COPY_STRICT,fi+is+nb+nn+sv
data,nn,B1,2554,Schwelle,slieksnis,Lävi,FAMILY_COPY_STRICT,fi+is+nb+nn+sv
data,sv,B1,2554,Schwelle,slieksnis,Lävi,FAMILY_COPY_STRICT,fi+is+nb+nn+sv
data,it,B1,2554,Schwelle,slieksnis,Slieksnis,FAMILY_COPY_STRICT,it+lb+nl+pt
data,lb,B1,2554,Schwelle,slieksnis,Slieksnis,FAMILY_COPY_STRICT,it+lb+nl+pt
data,nl,B1,2554,Schwelle,slieksnis,Slieksnis,FAMILY_COPY_STRICT,it+lb+nl+pt
data,pt,B1,2554,Schwelle,slieksnis,Slieksnis,FAMILY_COPY_STRICT,it+lb+nl+pt
data,pl,B1,2554,Schwelle,slieksnis,Próg,FAMILY_COPY_STRICT,pl+sk
data,sk,B1,2554,Schwelle,slieksnis,Próg,FAMILY_COPY_STRICT,pl+sk
data,sq,B1,2554,Schwelle,slieksnis,Eşik,FAMILY_COPY_STRICT,sq+tr
data,tr,B1,2554,Schwelle,slieksnis,Eşik,FAMILY_COPY_STRICT,sq+tr
data,hr,B1,2555,schwellen,pampt,Помпа,SCRIPT_MISMATCH,
data,hr,B1,2555,schwellen,pampt,Помпа,MARKER_LEAK,foreign_script
data,sl,B1,2555,schwellen,pampt,pampt,SAME_AS_LV_CASEFOLD,exact
data,bg,B1,2555,schwellen,pampt,Помпа,FAMILY_COPY_STRICT,bg+hr+mk+sr
data,hr,B1,2555,schwellen,pampt,Помпа,FAMILY_COPY_STRICT,bg+hr+mk+sr
data,mk,B1,2555,schwellen,pampt,Помпа,FAMILY_COPY_STRICT,bg+hr+mk+sr
data,sr,B1,2555,schwellen,pampt,Помпа,FAMILY_COPY_STRICT,bg+hr+mk+sr
data,da,B1,2555,schwellen,pampt,Pamp,FAMILY_COPY_STRICT,da+hu+ro
data,hu,B1,2555,schwellen,pampt,Pamp,FAMILY_COPY_STRICT,da+hu+ro
data,ro,B1,2555,schwellen,pampt,Pamp,FAMILY_COPY_STRICT,da+hu+ro
data,fi,B1,2555,schwellen,pampt,Paisuma,FAMILY_COPY_STRICT,fi+is+nb+nn+sv
data,is,B1,2555,schwellen,pampt,Paisuma,FAMILY_COPY_STRICT,fi+is+nb+nn+sv
data,nb,B1,2555,schwellen,pampt,Paisuma,FAMILY_COPY_STRICT,fi+is+nb+nn+sv
data,nn,B1,2555,schwellen,pampt,Paisuma,FAMILY_COPY_STRICT,fi+is+nb+nn+sv
data,sv,B1,2555,schwellen,pampt,Paisuma,FAMILY_COPY_STRICT,fi+is+nb+nn+sv
data,it,B1,2555,schwellen,pampt,Verwen,FAMILY_COPY_STRICT,it+lb+nl+pt
data,lb,B1,2555,schwellen,pampt,Verwen,FAMILY_COPY_STRICT,it+lb+nl+pt
data,nl,B1,2555,schwellen,pampt,Verwen,FAMILY_COPY_STRICT,it+lb+nl+pt
data,pt,B1,2555,schwellen,pampt,Verwen,FAMILY_COPY_STRICT,it+lb+nl+pt
data,pl,B1,2555,schwellen,pampt,Pompa,FAMILY_COPY_STRICT,pl+sk+sq+tr
data,sk,B1,2555,schwellen,pampt,Pompa,FAMILY_COPY_STRICT,pl+sk+sq+tr
data,sq,B1,2555,schwellen,pampt,Pompa,FAMILY_COPY_STRICT,pl+sk+sq+tr
data,tr,B1,2555,schwellen,pampt,Pompa,FAMILY_COPY_STRICT,pl+sk+sq+tr
data,hr,B1,2556,Schwellung,pietūkums,Подуване,SCRIPT_MISMATCH,
data,hr,B1,2556,Schwellung,pietūkums,Подуване,MARKER_LEAK,foreign_script
data,it,B1,2556,Schwellung,pietūkums,Pietūkums,SAME_AS_LV_CASEFOLD,casefold_only
data,it,B1,2556,Schwellung,pietūkums,Pietūkums,LV_DIACRITIC,
data,it,B1,2556,Schwellung,pietūkums,Pietūkums,MARKER_LEAK,lv_u_macron
data,lb,B1,2556,Schwellung,pietūkums,Pietūkums,SAME_AS_LV_CASEFOLD,casefold_only
data,lb,B1,2556,Schwellung,pietūkums,Pietūkums,LV_DIACRITIC,
data,lb,B1,2556,Schwellung,pietūkums,Pietūkums,MARKER_LEAK,lv_u_macron
data,nl,B1,2556,Schwellung,pietūkums,Pietūkums,SAME_AS_LV_CASEFOLD,casefold_only
data,nl,B1,2556,Schwellung,pietūkums,Pietūkums,LV_DIACRITIC,
data,nl,B1,2556,Schwellung,pietūkums,Pietūkums,MARKER_LEAK,lv_u_macron
data,sk,B1,2556,Schwellung,pietūkums,Obrzęk,MARKER_LEAK,pl_lt_nasal
data,sl,B1,2556,Schwellung,pietūkums,pietūkums,SAME_AS_LV_CASEFOLD,exact
data,sl,B1,2556,Schwellung,pietūkums,pietūkums,LV_DIACRITIC,
data,sl,B1,2556,Schwellung,pietūkums,pietūkums,MARKER_LEAK,lv_u_macron
data,bg,B1,2556,Schwellung,pietūkums,Подуване,FAMILY_COPY_STRICT,bg+hr+mk+sr
data,hr,B1,2556,Schwellung,pietūkums,Подуване,FAMILY_COPY_STRICT,bg+hr+mk+sr
data,mk,B1,2556,Schwellung,pietūkums,Подуване,FAMILY_COPY_STRICT,bg+hr+mk+sr
data,sr,B1,2556,Schwellung,pietūkums,Подуване,FAMILY_COPY_STRICT,bg+hr+mk+sr
data,bs,B1,2556,Schwellung,pietūkums,Otok,FAMILY_COPY_STRICT,bs+cs
data,cs,B1,2556,Schwellung,pietūkums,Otok,FAMILY_COPY_STRICT,bs+cs
data,fi,B1,2556,Schwellung,pietūkums,Turse,FAMILY_COPY_STRICT,fi+is+nb+nn+sv
data,is,B1,2556,Schwellung,pietūkums,Turse,FAMILY_COPY_STRICT,fi+is+nb+nn+sv
data,nb,B1,2556,Schwellung,pietūkums,Turse,FAMILY_COPY_STRICT,fi+is+nb+nn+sv
data,nn,B1,2556,Schwellung,pietūkums,Turse,FAMILY_COPY_STRICT,fi+is+nb+nn+sv
data,sv,B1,2556,Schwellung,pietūkums,Turse,FAMILY_COPY_STRICT,fi+is+nb+nn+sv
data,it,B1,2556,Schwellung,pietūkums,Pietūkums,FAMILY_COPY_STRICT,it+lb+nl
data,lb,B1,2556,Schwellung,pietūkums,Pietūkums,FAMILY_COPY_STRICT,it+lb+nl
data,nl,B1,2556,Schwellung,pietūkums,Pietūkums,FAMILY_COPY_STRICT,it+lb+nl
data,pl,B1,2556,Schwellung,pietūkums,Obrzęk,FAMILY_COPY_STRICT,pl+sk
data,sk,B1,2556,Schwellung,pietūkums,Obrzęk,FAMILY_COPY_STRICT,pl+sk
data,sq,B1,2556,Schwellung,pietūkums,Ödem,FAMILY_COPY_STRICT,sq+tr
data,tr,B1,2556,Schwellung,pietūkums,Ödem,FAMILY_COPY_STRICT,sq+tr
data,hr,B1,2557,schwer fallen,sagādāt grūtības,Причинява трудности,SCRIPT_MISMATCH,
data,hr,B1,2557,schwer fallen,sagādāt grūtības,Причинява трудности,MARKER_LEAK,foreign_script
data,it,B1,2557,schwer fallen,sagādāt grūtības,Sagādāt grūtības,SAME_AS_LV_CASEFOLD,casefold_only
data,it,B1,2557,schwer fallen,sagādāt grūtības,Sagādāt grūtības,LV_DIACRITIC,
data,it,B1,2557,schwer fallen,sagādāt grūtības,Sagādāt grūtības,MARKER_LEAK,lv_macron_consonant+lv_u_macron
data,lb,B1,2557,schwer fallen,sagādāt grūtības,Sagādāt grūtības,SAME_AS_LV_CASEFOLD,casefold_only
data,lb,B1,2557,schwer fallen,sagādāt grūtības,Sagādāt grūtības,LV_DIACRITIC,
data,lb,B1,2557,schwer fallen,sagādāt grūtības,Sagādāt grūtības,MARKER_LEAK,lv_macron_consonant+lv_u_macron
data,nl,B1,2557,schwer fallen,sagādāt grūtības,Sagādāt grūtības,SAME_AS_LV_CASEFOLD,casefold_only
data,nl,B1,2557,schwer fallen,sagādāt grūtības,Sagādāt grūtības,LV_DIACRITIC,
data,nl,B1,2557,schwer fallen,sagādāt grūtības,Sagādāt grūtības,MARKER_LEAK,lv_macron_consonant+lv_u_macron
data,pt,B1,2557,schwer fallen,sagādāt grūtības,Sagādāt grūtības,SAME_AS_LV_CASEFOLD,casefold_only
data,pt,B1,2557,schwer fallen,sagādāt grūtības,Sagādāt grūtības,LV_DIACRITIC,
data,pt,B1,2557,schwer fallen,sagādāt grūtības,Sagādāt grūtības,MARKER_LEAK,lv_macron_consonant+lv_u_macron
data,sk,B1,2557,schwer fallen,sagādāt grūtības,Powodować trudności,MARKER_LEAK,pl_l_s_z
data,sl,B1,2557,schwer fallen,sagādāt grūtības,sagādāt grūtības,SAME_AS_LV_CASEFOLD,exact
data,sl,B1,2557,schwer fallen,sagādāt grūtības,sagādāt grūtības,LV_DIACRITIC,
data,sl,B1,2557,schwer fallen,sagādāt grūtības,sagādāt grūtības,MARKER_LEAK,lv_macron_consonant+lv_u_macron
data,bg,B1,2557,schwer fallen,sagādāt grūtības,Причинява трудности,FAMILY_COPY_STRICT,bg+hr+mk+sr
data,hr,B1,2557,schwer fallen,sagādāt grūtības,Причинява трудности,FAMILY_COPY_STRICT,bg+hr+mk+sr
data,mk,B1,2557,schwer fallen,sagādāt grūtības,Причинява трудности,FAMILY_COPY_STRICT,bg+hr+mk+sr
data,sr,B1,2557,schwer fallen,sagādāt grūtības,Причинява трудности,FAMILY_COPY_STRICT,bg+hr+mk+sr
data,fi,B1,2557,schwer fallen,sagādāt grūtības,Raskusi tekitama,FAMILY_COPY_STRICT,fi+is+nb+nn+sv
data,is,B1,2557,schwer fallen,sagādāt grūtības,Raskusi tekitama,FAMILY_COPY_STRICT,fi+is+nb+nn+sv
data,nb,B1,2557,schwer fallen,sagādāt grūtības,Raskusi tekitama,FAMILY_COPY_STRICT,fi+is+nb+nn+sv
data,nn,B1,2557,schwer fallen,sagādāt grūtības,Raskusi tekitama,FAMILY_COPY_STRICT,fi+is+nb+nn+sv
data,sv,B1,2557,schwer fallen,sagādāt grūtības,Raskusi tekitama,FAMILY_COPY_STRICT,fi+is+nb+nn+sv
data,it,B1,2557,schwer fallen,sagādāt grūtības,Sagādāt grūtības,FAMILY_COPY_STRICT,it+lb+nl+pt
data,lb,B1,2557,schwer fallen,sagādāt grūtības,Sagādāt grūtības,FAMILY_COPY_STRICT,it+lb+nl+pt
data,nl,B1,2557,schwer fallen,sagādāt grūtības,Sagādāt grūtības,FAMILY_COPY_STRICT,it+lb+nl+pt
data,pt,B1,2557,schwer fallen,sagādāt grūtības,Sagādāt grūtības,FAMILY_COPY_STRICT,it+lb+nl+pt
data,pl,B1,2557,schwer fallen,sagādāt grūtības,Powodować trudności,FAMILY_COPY_STRICT,pl+sk
data,sk,B1,2557,schwer fallen,sagādāt grūtības,Powodować trudności,FAMILY_COPY_STRICT,pl+sk
data,sq,B1,2557,schwer fallen,sagādāt grūtības,Zorluklara neden olmak,FAMILY_COPY_STRICT,sq+tr
data,tr,B1,2557,schwer fallen,sagādāt grūtības,Zorluklara neden olmak,FAMILY_COPY_STRICT,sq+tr
data,hr,B1,2558,schwerhörig,vājdzirdīgs,С увреден слух,SCRIPT_MISMATCH,
data,hr,B1,2558,schwerhörig,vājdzirdīgs,С увреден слух,MARKER_LEAK,foreign_script
data,it,B1,2558,schwerhörig,vājdzirdīgs,Vājdzirdīgs,SAME_AS_LV_CASEFOLD,casefold_only
data,it,B1,2558,schwerhörig,vājdzirdīgs,Vājdzirdīgs,LV_DIACRITIC,
data,it,B1,2558,schwerhörig,vājdzirdīgs,Vājdzirdīgs,MARKER_LEAK,lv_macron_consonant
data,lb,B1,2558,schwerhörig,vājdzirdīgs,Vājdzirdīgs,SAME_AS_LV_CASEFOLD,casefold_only
data,lb,B1,2558,schwerhörig,vājdzirdīgs,Vājdzirdīgs,LV_DIACRITIC,
data,lb,B1,2558,schwerhörig,vājdzirdīgs,Vājdzirdīgs,MARKER_LEAK,lv_macron_consonant
data,nl,B1,2558,schwerhörig,vājdzirdīgs,Vājdzirdīgs,SAME_AS_LV_CASEFOLD,casefold_only
data,nl,B1,2558,schwerhörig,vājdzirdīgs,Vājdzirdīgs,LV_DIACRITIC,
data,nl,B1,2558,schwerhörig,vājdzirdīgs,Vājdzirdīgs,MARKER_LEAK,lv_macron_consonant
data,pt,B1,2558,schwerhörig,vājdzirdīgs,Vājdzirdīgs,SAME_AS_LV_CASEFOLD,casefold_only
data,pt,B1,2558,schwerhörig,vājdzirdīgs,Vājdzirdīgs,LV_DIACRITIC,
data,pt,B1,2558,schwerhörig,vājdzirdīgs,Vājdzirdīgs,MARKER_LEAK,lv_macron_consonant
data,sk,B1,2558,schwerhörig,vājdzirdīgs,Słabo słyszący,MARKER_LEAK,pl_l_s_z+pl_lt_nasal
data,sl,B1,2558,schwerhörig,vājdzirdīgs,vājdzirdīgs,SAME_AS_LV_CASEFOLD,exact
data,sl,B1,2558,schwerhörig,vājdzirdīgs,vājdzirdīgs,LV_DIACRITIC,
data,sl,B1,2558,schwerhörig,vājdzirdīgs,vājdzirdīgs,MARKER_LEAK,lv_macron_consonant
data,sq,B1,2558,schwerhörig,vājdzirdīgs,İşitme güçlüğü,MARKER_LEAK,tr_soft
data,bg,B1,2558,schwerhörig,vājdzirdīgs,С увреден слух,FAMILY_COPY_STRICT,bg+hr+mk+sr
data,hr,B1,2558,schwerhörig,vājdzirdīgs,С увреден слух,FAMILY_COPY_STRICT,bg+hr+mk+sr
data,mk,B1,2558,schwerhörig,vājdzirdīgs,С увреден слух,FAMILY_COPY_STRICT,bg+hr+mk+sr
data,sr,B1,2558,schwerhörig,vājdzirdīgs,С увреден слух,FAMILY_COPY_STRICT,bg+hr+mk+sr
data,fi,B1,2558,schwerhörig,vājdzirdīgs,Vaegkuulja,FAMILY_COPY_STRICT,fi+is+nb+nn+sv
data,is,B1,2558,schwerhörig,vājdzirdīgs,Vaegkuulja,FAMILY_COPY_STRICT,fi+is+nb+nn+sv
data,nb,B1,2558,schwerhörig,vājdzirdīgs,Vaegkuulja,FAMILY_COPY_STRICT,fi+is+nb+nn+sv
data,nn,B1,2558,schwerhörig,vājdzirdīgs,Vaegkuulja,FAMILY_COPY_STRICT,fi+is+nb+nn+sv
data,sv,B1,2558,schwerhörig,vājdzirdīgs,Vaegkuulja,FAMILY_COPY_STRICT,fi+is+nb+nn+sv
data,it,B1,2558,schwerhörig,vājdzirdīgs,Vājdzirdīgs,FAMILY_COPY_STRICT,it+lb+nl+pt
data,lb,B1,2558,schwerhörig,vājdzirdīgs,Vājdzirdīgs,FAMILY_COPY_STRICT,it+lb+nl+pt
data,nl,B1,2558,schwerhörig,vājdzirdīgs,Vājdzirdīgs,FAMILY_COPY_STRICT,it+lb+nl+pt
data,pt,B1,2558,schwerhörig,vājdzirdīgs,Vājdzirdīgs,FAMILY_COPY_STRICT,it+lb+nl+pt
data,pl,B1,2558,schwerhörig,vājdzirdīgs,Słabo słyszący,FAMILY_COPY_STRICT,pl+sk
data,sk,B1,2558,schwerhörig,vājdzirdīgs,Słabo słyszący,FAMILY_COPY_STRICT,pl+sk
data,sq,B1,2558,schwerhörig,vājdzirdīgs,İşitme güçlüğü,FAMILY_COPY_STRICT,sq+tr
data,tr,B1,2558,schwerhörig,vājdzirdīgs,İşitme güçlüğü,FAMILY_COPY_STRICT,sq+tr
data,hr,B1,2559,Schwiegersohn,znots,Зет,SCRIPT_MISMATCH,
data,hr,B1,2559,Schwiegersohn,znots,Зет,MARKER_LEAK,foreign_script
data,it,B1,2559,Schwiegersohn,znots,Znots,SAME_AS_LV_CASEFOLD,casefold_only
data,lb,B1,2559,Schwiegersohn,znots,Znots,SAME_AS_LV_CASEFOLD,casefold_only
data,nl,B1,2559,Schwiegersohn,znots,Znots,SAME_AS_LV_CASEFOLD,casefold_only
data,pt,B1,2559,Schwiegersohn,znots,Znots,SAME_AS_LV_CASEFOLD,casefold_only
data,sl,B1,2559,Schwiegersohn,znots,znots,SAME_AS_LV_CASEFOLD,exact
data,bg,B1,2559,Schwiegersohn,znots,Зет,FAMILY_COPY_STRICT,bg+hr+mk+sr
data,hr,B1,2559,Schwiegersohn,znots,Зет,FAMILY_COPY_STRICT,bg+hr+mk+sr
data,mk,B1,2559,Schwiegersohn,znots,Зет,FAMILY_COPY_STRICT,bg+hr+mk+sr
data,sr,B1,2559,Schwiegersohn,znots,Зет,FAMILY_COPY_STRICT,bg+hr+mk+sr
data,fi,B1,2559,Schwiegersohn,znots,Väimees,FAMILY_COPY_STRICT,fi+is+nb+nn+sv
data,is,B1,2559,Schwiegersohn,znots,Väimees,FAMILY_COPY_STRICT,fi+is+nb+nn+sv
data,nb,B1,2559,Schwiegersohn,znots,Väimees,FAMILY_COPY_STRICT,fi+is+nb+nn+sv
data,nn,B1,2559,Schwiegersohn,znots,Väimees,FAMILY_COPY_STRICT,fi+is+nb+nn+sv
data,sv,B1,2559,Schwiegersohn,znots,Väimees,FAMILY_COPY_STRICT,fi+is+nb+nn+sv
data,it,B1,2559,Schwiegersohn,znots,Znots,FAMILY_COPY_STRICT,it+lb+nl+pt
data,lb,B1,2559,Schwiegersohn,znots,Znots,FAMILY_COPY_STRICT,it+lb+nl+pt
data,nl,B1,2559,Schwiegersohn,znots,Znots,FAMILY_COPY_STRICT,it+lb+nl+pt
data,pt,B1,2559,Schwiegersohn,znots,Znots,FAMILY_COPY_STRICT,it+lb+nl+pt
data,sq,B1,2559,Schwiegersohn,znots,Damat,FAMILY_COPY_STRICT,sq+tr
data,tr,B1,2559,Schwiegersohn,znots,Damat,FAMILY_COPY_STRICT,sq+tr
data,hr,B1,2560,Schwiele,tulzna,Блистер,SCRIPT_MISMATCH,
data,hr,B1,2560,Schwiele,tulzna,Блистер,MARKER_LEAK,foreign_script
data,it,B1,2560,Schwiele,tulzna,Tulzna,SAME_AS_LV_CASEFOLD,casefold_only
data,lb,B1,2560,Schwiele,tulzna,Tulzna,SAME_AS_LV_CASEFOLD,casefold_only
data,nl,B1,2560,Schwiele,tulzna,Tulzna,SAME_AS_LV_CASEFOLD,casefold_only
data,pt,B1,2560,Schwiele,tulzna,Tulzna,SAME_AS_LV_CASEFOLD,casefold_only
data,sl,B1,2560,Schwiele,tulzna,tulzna,SAME_AS_LV_CASEFOLD,exact
data,bg,B1,2560,Schwiele,tulzna,Блистер,FAMILY_COPY_STRICT,bg+hr+mk+sr
data,hr,B1,2560,Schwiele,tulzna,Блистер,FAMILY_COPY_STRICT,bg+hr+mk+sr
data,mk,B1,2560,Schwiele,tulzna,Блистер,FAMILY_COPY_STRICT,bg+hr+mk+sr
data,sr,B1,2560,Schwiele,tulzna,Блистер,FAMILY_COPY_STRICT,bg+hr+mk+sr
data,fi,B1,2560,Schwiele,tulzna,Vill,FAMILY_COPY_STRICT,fi+is+nb+nn+sv
data,is,B1,2560,Schwiele,tulzna,Vill,FAMILY_COPY_STRICT,fi+is+nb+nn+sv
data,nb,B1,2560,Schwiele,tulzna,Vill,FAMILY_COPY_STRICT,fi+is+nb+nn+sv
data,nn,B1,2560,Schwiele,tulzna,Vill,FAMILY_COPY_STRICT,fi+is+nb+nn+sv
data,sv,B1,2560,Schwiele,tulzna,Vill,FAMILY_COPY_STRICT,fi+is+nb+nn+sv
data,it,B1,2560,Schwiele,tulzna,Tulzna,FAMILY_COPY_STRICT,it+lb+nl+pt
data,lb,B1,2560,Schwiele,tulzna,Tulzna,FAMILY_COPY_STRICT,it+lb+nl+pt
data,nl,B1,2560,Schwiele,tulzna,Tulzna,FAMILY_COPY_STRICT,it+lb+nl+pt
data,pt,B1,2560,Schwiele,tulzna,Tulzna,FAMILY_COPY_STRICT,it+lb+nl+pt
data,sq,B1,2560,Schwiele,tulzna,Mesane,FAMILY_COPY_STRICT,sq+tr
data,tr,B1,2560,Schwiele,tulzna,Mesane,FAMILY_COPY_STRICT,sq+tr
data,hr,B1,2561,Schwierigkeit,grūtības,Трудности,SCRIPT_MISMATCH,
data,hr,B1,2561,Schwierigkeit,grūtības,Трудности,MARKER_LEAK,foreign_script
data,it,B1,2561,Schwierigkeit,grūtības,Grūtības,SAME_AS_LV_CASEFOLD,casefold_only
data,it,B1,2561,Schwierigkeit,grūtības,Grūtības,LV_DIACRITIC,
data,it,B1,2561,Schwierigkeit,grūtības,Grūtības,MARKER_LEAK,lv_macron_consonant+lv_u_macron
data,lb,B1,2561,Schwierigkeit,grūtības,Grūtības,SAME_AS_LV_CASEFOLD,casefold_only
data,lb,B1,2561,Schwierigkeit,grūtības,Grūtības,LV_DIACRITIC,
data,lb,B1,2561,Schwierigkeit,grūtības,Grūtības,MARKER_LEAK,lv_macron_consonant+lv_u_macron
data,nl,B1,2561,Schwierigkeit,grūtības,Grūtības,SAME_AS_LV_CASEFOLD,casefold_only
data,nl,B1,2561,Schwierigkeit,grūtības,Grūtības,LV_DIACRITIC,
data,nl,B1,2561,Schwierigkeit,grūtības,Grūtības,MARKER_LEAK,lv_macron_consonant+lv_u_macron
data,sk,B1,2561,Schwierigkeit,grūtības,Trudności,MARKER_LEAK,pl_l_s_z
data,sl,B1,2561,Schwierigkeit,grūtības,grūtības,SAME_AS_LV_CASEFOLD,exact
data,sl,B1,2561,Schwierigkeit,grūtības,grūtības,LV_DIACRITIC,
data,sl,B1,2561,Schwierigkeit,grūtības,grūtības,MARKER_LEAK,lv_macron_consonant+lv_u_macron
data,bg,B1,2561,Schwierigkeit,grūtības,Трудности,FAMILY_COPY_STRICT,bg+hr+mk+ru+sr
data,hr,B1,2561,Schwierigkeit,grūtības,Трудности,FAMILY_COPY_STRICT,bg+hr+mk+ru+sr
data,mk,B1,2561,Schwierigkeit,grūtības,Трудности,FAMILY_COPY_STRICT,bg+hr+mk+ru+sr
data,ru,B1,2561,Schwierigkeit,grūtības,Трудности,FAMILY_COPY_STRICT,bg+hr+mk+ru+sr
data,sr,B1,2561,Schwierigkeit,grūtības,Трудности,FAMILY_COPY_STRICT,bg+hr+mk+ru+sr
data,fi,B1,2561,Schwierigkeit,grūtības,Raskused,FAMILY_COPY_STRICT,fi+is+nb+nn+sv
data,is,B1,2561,Schwierigkeit,grūtības,Raskused,FAMILY_COPY_STRICT,fi+is+nb+nn+sv
data,nb,B1,2561,Schwierigkeit,grūtības,Raskused,FAMILY_COPY_STRICT,fi+is+nb+nn+sv
data,nn,B1,2561,Schwierigkeit,grūtības,Raskused,FAMILY_COPY_STRICT,fi+is+nb+nn+sv
data,sv,B1,2561,Schwierigkeit,grūtības,Raskused,FAMILY_COPY_STRICT,fi+is+nb+nn+sv
data,it,B1,2561,Schwierigkeit,grūtības,Grūtības,FAMILY_COPY_STRICT,it+lb+nl
data,lb,B1,2561,Schwierigkeit,grūtības,Grūtības,FAMILY_COPY_STRICT,it+lb+nl
data,nl,B1,2561,Schwierigkeit,grūtības,Grūtības,FAMILY_COPY_STRICT,it+lb+nl
data,pl,B1,2561,Schwierigkeit,grūtības,Trudności,FAMILY_COPY_STRICT,pl+sk
data,sk,B1,2561,Schwierigkeit,grūtības,Trudności,FAMILY_COPY_STRICT,pl+sk
data,sq,B1,2561,Schwierigkeit,grūtības,Zorluklar,FAMILY_COPY_STRICT,sq+tr
data,tr,B1,2561,Schwierigkeit,grūtības,Zorluklar,FAMILY_COPY_STRICT,sq+tr
data,hr,B1,2562,Schwimmsport,peldēšanas sports,Спорт по плуване,SCRIPT_MISMATCH,
data,hr,B1,2562,Schwimmsport,peldēšanas sports,Спорт по плуване,MARKER_LEAK,foreign_script
data,it,B1,2562,Schwimmsport,peldēšanas sports,Peldēšanas sports,SAME_AS_LV_CASEFOLD,casefold_only
data,it,B1,2562,Schwimmsport,peldēšanas sports,Peldēšanas sports,LV_DIACRITIC,
data,it,B1,2562,Schwimmsport,peldēšanas sports,Peldēšanas sports,MARKER_LEAK,lv_macron_consonant
data,lb,B1,2562,Schwimmsport,peldēšanas sports,Peldēšanas sports,SAME_AS_LV_CASEFOLD,casefold_only
data,lb,B1,2562,Schwimmsport,peldēšanas sports,Peldēšanas sports,LV_DIACRITIC,
data,lb,B1,2562,Schwimmsport,peldēšanas sports,Peldēšanas sports,MARKER_LEAK,lv_macron_consonant
data,nl,B1,2562,Schwimmsport,peldēšanas sports,Peldēšanas sports,SAME_AS_LV_CASEFOLD,casefold_only
data,nl,B1,2562,Schwimmsport,peldēšanas sports,Peldēšanas sports,LV_DIACRITIC,
data,nl,B1,2562,Schwimmsport,peldēšanas sports,Peldēšanas sports,MARKER_LEAK,lv_macron_consonant
data,sk,B1,2562,Schwimmsport,peldēšanas sports,Sport pływacki,MARKER_LEAK,pl_l_s_z
data,sl,B1,2562,Schwimmsport,peldēšanas sports,peldēšanas sports,SAME_AS_LV_CASEFOLD,exact
data,sl,B1,2562,Schwimmsport,peldēšanas sports,peldēšanas sports,LV_DIACRITIC,
data,sl,B1,2562,Schwimmsport,peldēšanas sports,peldēšanas sports,MARKER_LEAK,lv_macron_consonant
data,sq,B1,2562,Schwimmsport,peldēšanas sports,Sport pływacki,MARKER_LEAK,pl_l_s_z
data,tr,B1,2562,Schwimmsport,peldēšanas sports,Sport pływacki,MARKER_LEAK,pl_l_s_z
data,bg,B1,2562,Schwimmsport,peldēšanas sports,Спорт по плуване,FAMILY_COPY_STRICT,bg+hr+mk+sr
data,hr,B1,2562,Schwimmsport,peldēšanas sports,Спорт по плуване,FAMILY_COPY_STRICT,bg+hr+mk+sr
data,mk,B1,2562,Schwimmsport,peldēšanas sports,Спорт по плуване,FAMILY_COPY_STRICT,bg+hr+mk+sr
data,sr,B1,2562,Schwimmsport,peldēšanas sports,Спорт по плуване,FAMILY_COPY_STRICT,bg+hr+mk+sr
data,fi,B1,2562,Schwimmsport,peldēšanas sports,Ujumissport,FAMILY_COPY_STRICT,fi+is+nb+nn+sv
data,is,B1,2562,Schwimmsport,peldēšanas sports,Ujumissport,FAMILY_COPY_STRICT,fi+is+nb+nn+sv
data,nb,B1,2562,Schwimmsport,peldēšanas sports,Ujumissport,FAMILY_COPY_STRICT,fi+is+nb+nn+sv
data,nn,B1,2562,Schwimmsport,peldēšanas sports,Ujumissport,FAMILY_COPY_STRICT,fi+is+nb+nn+sv
data,sv,B1,2562,Schwimmsport,peldēšanas sports,Ujumissport,FAMILY_COPY_STRICT,fi+is+nb+nn+sv
data,it,B1,2562,Schwimmsport,peldēšanas sports,Peldēšanas sports,FAMILY_COPY_STRICT,it+lb+nl
data,lb,B1,2562,Schwimmsport,peldēšanas sports,Peldēšanas sports,FAMILY_COPY_STRICT,it+lb+nl
data,nl,B1,2562,Schwimmsport,peldēšanas sports,Peldēšanas sports,FAMILY_COPY_STRICT,it+lb+nl
data,pl,B1,2562,Schwimmsport,peldēšanas sports,Sport pływacki,FAMILY_COPY_STRICT,pl+sk+sq+tr
data,sk,B1,2562,Schwimmsport,peldēšanas sports,Sport pływacki,FAMILY_COPY_STRICT,pl+sk+sq+tr
data,sq,B1,2562,Schwimmsport,peldēšanas sports,Sport pływacki,FAMILY_COPY_STRICT,pl+sk+sq+tr
data,tr,B1,2562,Schwimmsport,peldēšanas sports,Sport pływacki,FAMILY_COPY_STRICT,pl+sk+sq+tr
data,it,B1,2563,Schwindel,reibonis,Reibonis,SAME_AS_LV_CASEFOLD,casefold_only
data,lb,B1,2563,Schwindel,reibonis,Reibonis,SAME_AS_LV_CASEFOLD,casefold_only
data,nl,B1,2563,Schwindel,reibonis,Reibonis,SAME_AS_LV_CASEFOLD,casefold_only
data,pt,B1,2563,Schwindel,reibonis,Reibonis,SAME_AS_LV_CASEFOLD,casefold_only
data,sk,B1,2563,Schwindel,reibonis,Zawrót głowy,MARKER_LEAK,pl_l_s_z
data,sl,B1,2563,Schwindel,reibonis,reibonis,SAME_AS_LV_CASEFOLD,exact
data,sr,B1,2563,Schwindel,reibonis,Omotica,SCRIPT_MISMATCH,sr_as_cyrillic
data,sr,B1,2563,Schwindel,reibonis,Omotica,MARKER_LEAK,latin_in_cyrillic
data,bg,B1,2563,Schwindel,reibonis,Замаяност,FAMILY_COPY_STRICT,bg+mk
data,mk,B1,2563,Schwindel,reibonis,Замаяност,FAMILY_COPY_STRICT,bg+mk
data,fi,B1,2563,Schwindel,reibonis,Peapööritus,FAMILY_COPY_STRICT,fi+is+nb+nn+sv
data,is,B1,2563,Schwindel,reibonis,Peapööritus,FAMILY_COPY_STRICT,fi+is+nb+nn+sv
data,nb,B1,2563,Schwindel,reibonis,Peapööritus,FAMILY_COPY_STRICT,fi+is+nb+nn+sv
data,nn,B1,2563,Schwindel,reibonis,Peapööritus,FAMILY_COPY_STRICT,fi+is+nb+nn+sv
data,sv,B1,2563,Schwindel,reibonis,Peapööritus,FAMILY_COPY_STRICT,fi+is+nb+nn+sv
data,hr,B1,2563,Schwindel,reibonis,Omotica,FAMILY_COPY_STRICT,hr+sr
data,sr,B1,2563,Schwindel,reibonis,Omotica,FAMILY_COPY_STRICT,hr+sr
data,it,B1,2563,Schwindel,reibonis,Reibonis,FAMILY_COPY_STRICT,it+lb+nl+pt
data,lb,B1,2563,Schwindel,reibonis,Reibonis,FAMILY_COPY_STRICT,it+lb+nl+pt
data,nl,B1,2563,Schwindel,reibonis,Reibonis,FAMILY_COPY_STRICT,it+lb+nl+pt
data,pt,B1,2563,Schwindel,reibonis,Reibonis,FAMILY_COPY_STRICT,it+lb+nl+pt
data,pl,B1,2563,Schwindel,reibonis,Zawrót głowy,FAMILY_COPY_STRICT,pl+sk
data,sk,B1,2563,Schwindel,reibonis,Zawrót głowy,FAMILY_COPY_STRICT,pl+sk
data,sq,B1,2563,Schwindel,reibonis,Baş dönmesi,FAMILY_COPY_STRICT,sq+tr
data,tr,B1,2563,Schwindel,reibonis,Baş dönmesi,FAMILY_COPY_STRICT,sq+tr
data,hr,B1,2564,schwindeln,reibt,Световъртеж,SCRIPT_MISMATCH,
data,hr,B1,2564,schwindeln,reibt,Световъртеж,MARKER_LEAK,foreign_script
data,it,B1,2564,schwindeln,reibt,Reibt,SAME_AS_LV_CASEFOLD,casefold_only
data,lb,B1,2564,schwindeln,reibt,Reibt,SAME_AS_LV_CASEFOLD,casefold_only
data,nl,B1,2564,schwindeln,reibt,Reibt,SAME_AS_LV_CASEFOLD,casefold_only
data,sk,B1,2564,schwindeln,reibt,Oszołomiony,MARKER_LEAK,pl_l_s_z
data,sl,B1,2564,schwindeln,reibt,reibt,SAME_AS_LV_CASEFOLD,exact
data,uk,B1,2564,schwindeln,reibt,reibt,SAME_AS_LV_CASEFOLD,exact
data,uk,B1,2564,schwindeln,reibt,reibt,SCRIPT_MISMATCH,
data,uk,B1,2564,schwindeln,reibt,reibt,MARKER_LEAK,latin_in_cyrillic
data,bg,B1,2564,schwindeln,reibt,Световъртеж,FAMILY_COPY_STRICT,bg+hr+mk+sr
data,hr,B1,2564,schwindeln,reibt,Световъртеж,FAMILY_COPY_STRICT,bg+hr+mk+sr
data,mk,B1,2564,schwindeln,reibt,Световъртеж,FAMILY_COPY_STRICT,bg+hr+mk+sr
data,sr,B1,2564,schwindeln,reibt,Световъртеж,FAMILY_COPY_STRICT,bg+hr+mk+sr
data,fi,B1,2564,schwindeln,reibt,Peapööritust tundma,FAMILY_COPY_STRICT,fi+is+nb+nn+sv
data,is,B1,2564,schwindeln,reibt,Peapööritust tundma,FAMILY_COPY_STRICT,fi+is+nb+nn+sv
data,nb,B1,2564,schwindeln,reibt,Peapööritust tundma,FAMILY_COPY_STRICT,fi+is+nb+nn+sv
data,nn,B1,2564,schwindeln,reibt,Peapööritust tundma,FAMILY_COPY_STRICT,fi+is+nb+nn+sv
data,sv,B1,2564,schwindeln,reibt,Peapööritust tundma,FAMILY_COPY_STRICT,fi+is+nb+nn+sv
data,it,B1,2564,schwindeln,reibt,Reibt,FAMILY_COPY_STRICT,it+lb+nl
data,lb,B1,2564,schwindeln,reibt,Reibt,FAMILY_COPY_STRICT,it+lb+nl
data,nl,B1,2564,schwindeln,reibt,Reibt,FAMILY_COPY_STRICT,it+lb+nl
data,pl,B1,2564,schwindeln,reibt,Oszołomiony,FAMILY_COPY_STRICT,pl+sk
data,sk,B1,2564,schwindeln,reibt,Oszołomiony,FAMILY_COPY_STRICT,pl+sk
data,sq,B1,2564,schwindeln,reibt,Sersemlemiş,FAMILY_COPY_STRICT,sq+tr
data,tr,B1,2564,schwindeln,reibt,Sersemlemiş,FAMILY_COPY_STRICT,sq+tr
data,hr,B1,2565,schwingen,šūpoties,Люлеене,SCRIPT_MISMATCH,
data,hr,B1,2565,schwingen,šūpoties,Люлеене,MARKER_LEAK,foreign_script
data,it,B1,2565,schwingen,šūpoties,Šūpoties,SAME_AS_LV_CASEFOLD,casefold_only
data,it,B1,2565,schwingen,šūpoties,Šūpoties,LV_DIACRITIC,
data,it,B1,2565,schwingen,šūpoties,Šūpoties,MARKER_LEAK,lv_u_macron
data,nl,B1,2565,schwingen,šūpoties,Šūpoties,SAME_AS_LV_CASEFOLD,casefold_only
data,nl,B1,2565,schwingen,šūpoties,Šūpoties,LV_DIACRITIC,
data,nl,B1,2565,schwingen,šūpoties,Šūpoties,MARKER_LEAK,lv_u_macron
data,pt,B1,2565,schwingen,šūpoties,Šūpoties,SAME_AS_LV_CASEFOLD,casefold_only
data,pt,B1,2565,schwingen,šūpoties,Šūpoties,LV_DIACRITIC,
data,pt,B1,2565,schwingen,šūpoties,Šūpoties,MARKER_LEAK,lv_u_macron
data,sk,B1,2565,schwingen,šūpoties,Huśtać się,MARKER_LEAK,pl_l_s_z+pl_lt_nasal
data,sl,B1,2565,schwingen,šūpoties,šūpoties,SAME_AS_LV_CASEFOLD,exact
data,sl,B1,2565,schwingen,šūpoties,šūpoties,LV_DIACRITIC,
data,sl,B1,2565,schwingen,šūpoties,šūpoties,MARKER_LEAK,lv_u_macron
data,bg,B1,2565,schwingen,šūpoties,Люлеене,FAMILY_COPY_STRICT,bg+hr+mk+sr
data,hr,B1,2565,schwingen,šūpoties,Люлеене,FAMILY_COPY_STRICT,bg+hr+mk+sr
data,mk,B1,2565,schwingen,šūpoties,Люлеене,FAMILY_COPY_STRICT,bg+hr+mk+sr
data,sr,B1,2565,schwingen,šūpoties,Люлеене,FAMILY_COPY_STRICT,bg+hr+mk+sr
data,fi,B1,2565,schwingen,šūpoties,Kiikuma,FAMILY_COPY_STRICT,fi+is+nb+nn+sv
data,is,B1,2565,schwingen,šūpoties,Kiikuma,FAMILY_COPY_STRICT,fi+is+nb+nn+sv
data,nb,B1,2565,schwingen,šūpoties,Kiikuma,FAMILY_COPY_STRICT,fi+is+nb+nn+sv
data,nn,B1,2565,schwingen,šūpoties,Kiikuma,FAMILY_COPY_STRICT,fi+is+nb+nn+sv
data,sv,B1,2565,schwingen,šūpoties,Kiikuma,FAMILY_COPY_STRICT,fi+is+nb+nn+sv
data,it,B1,2565,schwingen,šūpoties,Šūpoties,FAMILY_COPY_STRICT,it+nl+pt
data,nl,B1,2565,schwingen,šūpoties,Šūpoties,FAMILY_COPY_STRICT,it+nl+pt
data,pt,B1,2565,schwingen,šūpoties,Šūpoties,FAMILY_COPY_STRICT,it+nl+pt
data,pl,B1,2565,schwingen,šūpoties,Huśtać się,FAMILY_COPY_STRICT,pl+sk
data,sk,B1,2565,schwingen,šūpoties,Huśtać się,FAMILY_COPY_STRICT,pl+sk
data,sq,B1,2565,schwingen,šūpoties,Sallanmak,FAMILY_COPY_STRICT,sq+tr
data,tr,B1,2565,schwingen,šūpoties,Sallanmak,FAMILY_COPY_STRICT,sq+tr
data,hr,B1,2566,schwören,zvērēt,Заклевам се,SCRIPT_MISMATCH,
data,hr,B1,2566,schwören,zvērēt,Заклевам се,MARKER_LEAK,foreign_script
data,it,B1,2566,schwören,zvērēt,Zvērēt,SAME_AS_LV_CASEFOLD,casefold_only
data,it,B1,2566,schwören,zvērēt,Zvērēt,LV_DIACRITIC,
data,it,B1,2566,schwören,zvērēt,Zvērēt,MARKER_LEAK,lv_macron_consonant
data,lb,B1,2566,schwören,zvērēt,Zvērēt,SAME_AS_LV_CASEFOLD,casefold_only
data,lb,B1,2566,schwören,zvērēt,Zvērēt,LV_DIACRITIC,
data,lb,B1,2566,schwören,zvērēt,Zvērēt,MARKER_LEAK,lv_macron_consonant
data,nl,B1,2566,schwören,zvērēt,Zvērēt,SAME_AS_LV_CASEFOLD,casefold_only
data,nl,B1,2566,schwören,zvērēt,Zvērēt,LV_DIACRITIC,
data,nl,B1,2566,schwören,zvērēt,Zvērēt,MARKER_LEAK,lv_macron_consonant
data,pt,B1,2566,schwören,zvērēt,Zvērēt,SAME_AS_LV_CASEFOLD,casefold_only
data,pt,B1,2566,schwören,zvērēt,Zvērēt,LV_DIACRITIC,
data,pt,B1,2566,schwören,zvērēt,Zvērēt,MARKER_LEAK,lv_macron_consonant
data,sk,B1,2566,schwören,zvērēt,Przysięgać,MARKER_LEAK,pl_lt_nasal
data,sl,B1,2566,schwören,zvērēt,zvērēt,SAME_AS_LV_CASEFOLD,exact
data,sl,B1,2566,schwören,zvērēt,zvērēt,LV_DIACRITIC,
data,sl,B1,2566,schwören,zvērēt,zvērēt,MARKER_LEAK,lv_macron_consonant
data,bg,B1,2566,schwören,zvērēt,Заклевам се,FAMILY_COPY_STRICT,bg+hr+mk+sr
data,hr,B1,2566,schwören,zvērēt,Заклевам се,FAMILY_COPY_STRICT,bg+hr+mk+sr
data,mk,B1,2566,schwören,zvērēt,Заклевам се,FAMILY_COPY_STRICT,bg+hr+mk+sr
data,sr,B1,2566,schwören,zvērēt,Заклевам се,FAMILY_COPY_STRICT,bg+hr+mk+sr
data,fi,B1,2566,schwören,zvērēt,Vanduma,FAMILY_COPY_STRICT,fi+is+nb+nn+sv
data,is,B1,2566,schwören,zvērēt,Vanduma,FAMILY_COPY_STRICT,fi+is+nb+nn+sv
data,nb,B1,2566,schwören,zvērēt,Vanduma,FAMILY_COPY_STRICT,fi+is+nb+nn+sv
data,nn,B1,2566,schwören,zvērēt,Vanduma,FAMILY_COPY_STRICT,fi+is+nb+nn+sv
data,sv,B1,2566,schwören,zvērēt,Vanduma,FAMILY_COPY_STRICT,fi+is+nb+nn+sv
data,it,B1,2566,schwören,zvērēt,Zvērēt,FAMILY_COPY_STRICT,it+lb+nl+pt
data,lb,B1,2566,schwören,zvērēt,Zvērēt,FAMILY_COPY_STRICT,it+lb+nl+pt
data,nl,B1,2566,schwören,zvērēt,Zvērēt,FAMILY_COPY_STRICT,it+lb+nl+pt
data,pt,B1,2566,schwören,zvērēt,Zvērēt,FAMILY_COPY_STRICT,it+lb+nl+pt
data,pl,B1,2566,schwören,zvērēt,Przysięgać,FAMILY_COPY_STRICT,pl+sk
data,sk,B1,2566,schwören,zvērēt,Przysięgać,FAMILY_COPY_STRICT,pl+sk
data,sq,B1,2566,schwören,zvērēt,Küfür,FAMILY_COPY_STRICT,sq+tr
data,tr,B1,2566,schwören,zvērēt,Küfür,FAMILY_COPY_STRICT,sq+tr
data,gr,B1,2567,schwul,sar. homoseksuāls,Σειρά homo,SCRIPT_MISMATCH,
data,gr,B1,2567,schwul,sar. homoseksuāls,Σειρά homo,MARKER_LEAK,latin_in_greek
data,hr,B1,2567,schwul,sar. homoseksuāls,Ср. хомосексуален,SCRIPT_MISMATCH,
data,hr,B1,2567,schwul,sar. homoseksuāls,Ср. хомосексуален,MARKER_LEAK,foreign_script
data,it,B1,2567,schwul,sar. homoseksuāls,Sar. homoseksuāls,SAME_AS_LV_CASEFOLD,casefold_only
data,it,B1,2567,schwul,sar. homoseksuāls,Sar. homoseksuāls,LV_DIACRITIC,
data,it,B1,2567,schwul,sar. homoseksuāls,Sar. homoseksuāls,MARKER_LEAK,lv_macron_consonant
data,lb,B1,2567,schwul,sar. homoseksuāls,Sar. homoseksuāls,SAME_AS_LV_CASEFOLD,casefold_only
data,lb,B1,2567,schwul,sar. homoseksuāls,Sar. homoseksuāls,LV_DIACRITIC,
data,lb,B1,2567,schwul,sar. homoseksuāls,Sar. homoseksuāls,MARKER_LEAK,lv_macron_consonant
data,nl,B1,2567,schwul,sar. homoseksuāls,Sar. homoseksuāls,SAME_AS_LV_CASEFOLD,casefold_only
data,nl,B1,2567,schwul,sar. homoseksuāls,Sar. homoseksuāls,LV_DIACRITIC,
data,nl,B1,2567,schwul,sar. homoseksuāls,Sar. homoseksuāls,MARKER_LEAK,lv_macron_consonant
data,sl,B1,2567,schwul,sar. homoseksuāls,sar. homoseksuāls,SAME_AS_LV_CASEFOLD,exact
data,sl,B1,2567,schwul,sar. homoseksuāls,sar. homoseksuāls,LV_DIACRITIC,
data,sl,B1,2567,schwul,sar. homoseksuāls,sar. homoseksuāls,MARKER_LEAK,lv_macron_consonant
data,bg,B1,2567,schwul,sar. homoseksuāls,Ср. хомосексуален,FAMILY_COPY_STRICT,bg+hr+mk+sr
data,hr,B1,2567,schwul,sar. homoseksuāls,Ср. хомосексуален,FAMILY_COPY_STRICT,bg+hr+mk+sr
data,mk,B1,2567,schwul,sar. homoseksuāls,Ср. хомосексуален,FAMILY_COPY_STRICT,bg+hr+mk+sr
data,sr,B1,2567,schwul,sar. homoseksuāls,Ср. хомосексуален,FAMILY_COPY_STRICT,bg+hr+mk+sr
data,fi,B1,2567,schwul,sar. homoseksuāls,Sar. homo,FAMILY_COPY_STRICT,fi+is+nb+nn+sv
data,is,B1,2567,schwul,sar. homoseksuāls,Sar. homo,FAMILY_COPY_STRICT,fi+is+nb+nn+sv
data,nb,B1,2567,schwul,sar. homoseksuāls,Sar. homo,FAMILY_COPY_STRICT,fi+is+nb+nn+sv
data,nn,B1,2567,schwul,sar. homoseksuāls,Sar. homo,FAMILY_COPY_STRICT,fi+is+nb+nn+sv
data,sv,B1,2567,schwul,sar. homoseksuāls,Sar. homo,FAMILY_COPY_STRICT,fi+is+nb+nn+sv
data,it,B1,2567,schwul,sar. homoseksuāls,Sar. homoseksuāls,FAMILY_COPY_STRICT,it+lb+nl
data,lb,B1,2567,schwul,sar. homoseksuāls,Sar. homoseksuāls,FAMILY_COPY_STRICT,it+lb+nl
data,nl,B1,2567,schwul,sar. homoseksuāls,Sar. homoseksuāls,FAMILY_COPY_STRICT,it+lb+nl
data,pl,B1,2567,schwul,sar. homoseksuāls,Por. homoseksualny,FAMILY_COPY_STRICT,pl+sk+sq+tr
data,sk,B1,2567,schwul,sar. homoseksuāls,Por. homoseksualny,FAMILY_COPY_STRICT,pl+sk+sq+tr
data,sq,B1,2567,schwul,sar. homoseksuāls,Por. homoseksualny,FAMILY_COPY_STRICT,pl+sk+sq+tr
data,tr,B1,2567,schwul,sar. homoseksuāls,Por. homoseksualny,FAMILY_COPY_STRICT,pl+sk+sq+tr
data,hr,B1,2568,Schwule,homoseksuālis,Хомосексуален,SCRIPT_MISMATCH,
data,hr,B1,2568,Schwule,homoseksuālis,Хомосексуален,MARKER_LEAK,foreign_script
data,it,B1,2568,Schwule,homoseksuālis,Homoseksuālis,SAME_AS_LV_CASEFOLD,casefold_only
data,it,B1,2568,Schwule,homoseksuālis,Homoseksuālis,LV_DIACRITIC,
data,it,B1,2568,Schwule,homoseksuālis,Homoseksuālis,MARKER_LEAK,lv_macron_consonant
data,lb,B1,2568,Schwule,homoseksuālis,Homoseksuālis,SAME_AS_LV_CASEFOLD,casefold_only
data,lb,B1,2568,Schwule,homoseksuālis,Homoseksuālis,LV_DIACRITIC,
data,lb,B1,2568,Schwule,homoseksuālis,Homoseksuālis,MARKER_LEAK,lv_macron_consonant
data,nl,B1,2568,Schwule,homoseksuālis,Homoseksuālis,SAME_AS_LV_CASEFOLD,casefold_only
data,nl,B1,2568,Schwule,homoseksuālis,Homoseksuālis,LV_DIACRITIC,
data,nl,B1,2568,Schwule,homoseksuālis,Homoseksuālis,MARKER_LEAK,lv_macron_consonant
data,sl,B1,2568,Schwule,homoseksuālis,homoseksuālis,SAME_AS_LV_CASEFOLD,exact
data,sl,B1,2568,Schwule,homoseksuālis,homoseksuālis,LV_DIACRITIC,
data,sl,B1,2568,Schwule,homoseksuālis,homoseksuālis,MARKER_LEAK,lv_macron_consonant
data,bg,B1,2568,Schwule,homoseksuālis,Хомосексуален,FAMILY_COPY_STRICT,bg+hr+mk+sr
data,hr,B1,2568,Schwule,homoseksuālis,Хомосексуален,FAMILY_COPY_STRICT,bg+hr+mk+sr
data,mk,B1,2568,Schwule,homoseksuālis,Хомосексуален,FAMILY_COPY_STRICT,bg+hr+mk+sr
data,sr,B1,2568,Schwule,homoseksuālis,Хомосексуален,FAMILY_COPY_STRICT,bg+hr+mk+sr
data,en,B1,2568,Schwule,homoseksuālis,Homosexual,FAMILY_COPY_STRICT,en+ro
data,ro,B1,2568,Schwule,homoseksuālis,Homosexual,FAMILY_COPY_STRICT,en+ro
data,fi,B1,2568,Schwule,homoseksuālis,Homoseksuaal,FAMILY_COPY_STRICT,fi+is+nb+nn+sv
data,is,B1,2568,Schwule,homoseksuālis,Homoseksuaal,FAMILY_COPY_STRICT,fi+is+nb+nn+sv
data,nb,B1,2568,Schwule,homoseksuālis,Homoseksuaal,FAMILY_COPY_STRICT,fi+is+nb+nn+sv
data,nn,B1,2568,Schwule,homoseksuālis,Homoseksuaal,FAMILY_COPY_STRICT,fi+is+nb+nn+sv
data,sv,B1,2568,Schwule,homoseksuālis,Homoseksuaal,FAMILY_COPY_STRICT,fi+is+nb+nn+sv
data,it,B1,2568,Schwule,homoseksuālis,Homoseksuālis,FAMILY_COPY_STRICT,it+lb+nl
data,lb,B1,2568,Schwule,homoseksuālis,Homoseksuālis,FAMILY_COPY_STRICT,it+lb+nl
data,nl,B1,2568,Schwule,homoseksuālis,Homoseksuālis,FAMILY_COPY_STRICT,it+lb+nl
data,pl,B1,2568,Schwule,homoseksuālis,Homoseksualny,FAMILY_COPY_STRICT,pl+sk
data,sk,B1,2568,Schwule,homoseksuālis,Homoseksualny,FAMILY_COPY_STRICT,pl+sk
data,sq,B1,2568,Schwule,homoseksuālis,Homoseksüel,FAMILY_COPY_STRICT,sq+tr
data,tr,B1,2568,Schwule,homoseksuālis,Homoseksüel,FAMILY_COPY_STRICT,sq+tr
data,hr,B1,2569,schwül,smacīgs,Задушаващо,SCRIPT_MISMATCH,
data,hr,B1,2569,schwül,smacīgs,Задушаващо,MARKER_LEAK,foreign_script
data,it,B1,2569,schwül,smacīgs,Smacīgs,SAME_AS_LV_CASEFOLD,casefold_only
data,it,B1,2569,schwül,smacīgs,Smacīgs,LV_DIACRITIC,
data,it,B1,2569,schwül,smacīgs,Smacīgs,MARKER_LEAK,lv_macron_consonant
data,lb,B1,2569,schwül,smacīgs,Smacīgs,SAME_AS_LV_CASEFOLD,casefold_only
data,lb,B1,2569,schwül,smacīgs,Smacīgs,LV_DIACRITIC,
data,lb,B1,2569,schwül,smacīgs,Smacīgs,MARKER_LEAK,lv_macron_consonant
data,nl,B1,2569,schwül,smacīgs,Smacīgs,SAME_AS_LV_CASEFOLD,casefold_only
data,nl,B1,2569,schwül,smacīgs,Smacīgs,LV_DIACRITIC,
data,nl,B1,2569,schwül,smacīgs,Smacīgs,MARKER_LEAK,lv_macron_consonant
data,pt,B1,2569,schwül,smacīgs,Smacīgs,SAME_AS_LV_CASEFOLD,casefold_only
data,pt,B1,2569,schwül,smacīgs,Smacīgs,LV_DIACRITIC,
data,pt,B1,2569,schwül,smacīgs,Smacīgs,MARKER_LEAK,lv_macron_consonant
data,sk,B1,2569,schwül,smacīgs,Duszący,MARKER_LEAK,pl_lt_nasal
data,sl,B1,2569,schwül,smacīgs,smacīgs,SAME_AS_LV_CASEFOLD,exact
data,sl,B1,2569,schwül,smacīgs,smacīgs,LV_DIACRITIC,
data,sl,B1,2569,schwül,smacīgs,smacīgs,MARKER_LEAK,lv_macron_consonant
data,sq,B1,2569,schwül,smacīgs,Boğucu,MARKER_LEAK,tr_soft
data,bg,B1,2569,schwül,smacīgs,Задушаващо,FAMILY_COPY_STRICT,bg+hr+mk+sr
data,hr,B1,2569,schwül,smacīgs,Задушаващо,FAMILY_COPY_STRICT,bg+hr+mk+sr
data,mk,B1,2569,schwül,smacīgs,Задушаващо,FAMILY_COPY_STRICT,bg+hr+mk+sr
data,sr,B1,2569,schwül,smacīgs,Задушаващо,FAMILY_COPY_STRICT,bg+hr+mk+sr
data,fi,B1,2569,schwül,smacīgs,Lämbe,FAMILY_COPY_STRICT,fi+is+nb+nn+sv
data,is,B1,2569,schwül,smacīgs,Lämbe,FAMILY_COPY_STRICT,fi+is+nb+nn+sv
data,nb,B1,2569,schwül,smacīgs,Lämbe,FAMILY_COPY_STRICT,fi+is+nb+nn+sv
data,nn,B1,2569,schwül,smacīgs,Lämbe,FAMILY_COPY_STRICT,fi+is+nb+nn+sv
data,sv,B1,2569,schwül,smacīgs,Lämbe,FAMILY_COPY_STRICT,fi+is+nb+nn+sv
data,it,B1,2569,schwül,smacīgs,Smacīgs,FAMILY_COPY_STRICT,it+lb+nl+pt
data,lb,B1,2569,schwül,smacīgs,Smacīgs,FAMILY_COPY_STRICT,it+lb+nl+pt
data,nl,B1,2569,schwül,smacīgs,Smacīgs,FAMILY_COPY_STRICT,it+lb+nl+pt
data,pt,B1,2569,schwül,smacīgs,Smacīgs,FAMILY_COPY_STRICT,it+lb+nl+pt
data,pl,B1,2569,schwül,smacīgs,Duszący,FAMILY_COPY_STRICT,pl+sk
data,sk,B1,2569,schwül,smacīgs,Duszący,FAMILY_COPY_STRICT,pl+sk
data,sq,B1,2569,schwül,smacīgs,Boğucu,FAMILY_COPY_STRICT,sq+tr
data,tr,B1,2569,schwül,smacīgs,Boğucu,FAMILY_COPY_STRICT,sq+tr
data,hr,B1,2570,Schwung,spars,Енергия,SCRIPT_MISMATCH,
data,hr,B1,2570,Schwung,spars,Енергия,MARKER_LEAK,foreign_script
data,it,B1,2570,Schwung,spars,Spars,SAME_AS_LV_CASEFOLD,casefold_only
data,lb,B1,2570,Schwung,spars,Spars,SAME_AS_LV_CASEFOLD,casefold_only
data,nl,B1,2570,Schwung,spars,Spars,SAME_AS_LV_CASEFOLD,casefold_only
data,sl,B1,2570,Schwung,spars,spars,SAME_AS_LV_CASEFOLD,exact
data,bg,B1,2570,Schwung,spars,Енергия,FAMILY_COPY_STRICT,bg+hr+mk+sr
data,hr,B1,2570,Schwung,spars,Енергия,FAMILY_COPY_STRICT,bg+hr+mk+sr
data,mk,B1,2570,Schwung,spars,Енергия,FAMILY_COPY_STRICT,bg+hr+mk+sr
data,sr,B1,2570,Schwung,spars,Енергия,FAMILY_COPY_STRICT,bg+hr+mk+sr
data,da,B1,2570,Schwung,spars,Vigor,FAMILY_COPY_STRICT,da+en
data,en,B1,2570,Schwung,spars,Vigor,FAMILY_COPY_STRICT,da+en
data,fi,B1,2570,Schwung,spars,Hoog,FAMILY_COPY_STRICT,fi+is+nb+nn+sv
data,is,B1,2570,Schwung,spars,Hoog,FAMILY_COPY_STRICT,fi+is+nb+nn+sv
data,nb,B1,2570,Schwung,spars,Hoog,FAMILY_COPY_STRICT,fi+is+nb+nn+sv
data,nn,B1,2570,Schwung,spars,Hoog,FAMILY_COPY_STRICT,fi+is+nb+nn+sv
data,sv,B1,2570,Schwung,spars,Hoog,FAMILY_COPY_STRICT,fi+is+nb+nn+sv
data,it,B1,2570,Schwung,spars,Spars,FAMILY_COPY_STRICT,it+lb+nl
data,lb,B1,2570,Schwung,spars,Spars,FAMILY_COPY_STRICT,it+lb+nl
data,nl,B1,2570,Schwung,spars,Spars,FAMILY_COPY_STRICT,it+lb+nl
data,pl,B1,2570,Schwung,spars,Wigor,FAMILY_COPY_STRICT,pl+sk+sq+tr
data,sk,B1,2570,Schwung,spars,Wigor,FAMILY_COPY_STRICT,pl+sk+sq+tr
data,sq,B1,2570,Schwung,spars,Wigor,FAMILY_COPY_STRICT,pl+sk+sq+tr
data,tr,B1,2570,Schwung,spars,Wigor,FAMILY_COPY_STRICT,pl+sk+sq+tr
data,hr,B1,2571,Schwur,zvērests,Клетва,SCRIPT_MISMATCH,
data,hr,B1,2571,Schwur,zvērests,Клетва,MARKER_LEAK,foreign_script
data,it,B1,2571,Schwur,zvērests,Zvērests,SAME_AS_LV_CASEFOLD,casefold_only
data,it,B1,2571,Schwur,zvērests,Zvērests,LV_DIACRITIC,
data,it,B1,2571,Schwur,zvērests,Zvērests,MARKER_LEAK,lv_macron_consonant
data,lb,B1,2571,Schwur,zvērests,Zvērests,SAME_AS_LV_CASEFOLD,casefold_only
data,lb,B1,2571,Schwur,zvērests,Zvērests,LV_DIACRITIC,
data,lb,B1,2571,Schwur,zvērests,Zvērests,MARKER_LEAK,lv_macron_consonant
data,nl,B1,2571,Schwur,zvērests,Zvērests,SAME_AS_LV_CASEFOLD,casefold_only
data,nl,B1,2571,Schwur,zvērests,Zvērests,LV_DIACRITIC,
data,nl,B1,2571,Schwur,zvērests,Zvērests,MARKER_LEAK,lv_macron_consonant
data,pt,B1,2571,Schwur,zvērests,Zvērests,SAME_AS_LV_CASEFOLD,casefold_only
data,pt,B1,2571,Schwur,zvērests,Zvērests,LV_DIACRITIC,
data,pt,B1,2571,Schwur,zvērests,Zvērests,MARKER_LEAK,lv_macron_consonant
data,sk,B1,2571,Schwur,zvērests,Przysięga,MARKER_LEAK,pl_lt_nasal
data,sl,B1,2571,Schwur,zvērests,zvērests,SAME_AS_LV_CASEFOLD,exact
data,sl,B1,2571,Schwur,zvērests,zvērests,LV_DIACRITIC,
data,sl,B1,2571,Schwur,zvērests,zvērests,MARKER_LEAK,lv_macron_consonant
data,bg,B1,2571,Schwur,zvērests,Клетва,FAMILY_COPY_STRICT,bg+hr+mk+sr
data,hr,B1,2571,Schwur,zvērests,Клетва,FAMILY_COPY_STRICT,bg+hr+mk+sr
data,mk,B1,2571,Schwur,zvērests,Клетва,FAMILY_COPY_STRICT,bg+hr+mk+sr
data,sr,B1,2571,Schwur,zvērests,Клетва,FAMILY_COPY_STRICT,bg+hr+mk+sr
data,fi,B1,2571,Schwur,zvērests,Vanne,FAMILY_COPY_STRICT,fi+is+nb+nn+sv
data,is,B1,2571,Schwur,zvērests,Vanne,FAMILY_COPY_STRICT,fi+is+nb+nn+sv
data,nb,B1,2571,Schwur,zvērests,Vanne,FAMILY_COPY_STRICT,fi+is+nb+nn+sv
data,nn,B1,2571,Schwur,zvērests,Vanne,FAMILY_COPY_STRICT,fi+is+nb+nn+sv
data,sv,B1,2571,Schwur,zvērests,Vanne,FAMILY_COPY_STRICT,fi+is+nb+nn+sv
data,it,B1,2571,Schwur,zvērests,Zvērests,FAMILY_COPY_STRICT,it+lb+nl+pt
data,lb,B1,2571,Schwur,zvērests,Zvērests,FAMILY_COPY_STRICT,it+lb+nl+pt
data,nl,B1,2571,Schwur,zvērests,Zvērests,FAMILY_COPY_STRICT,it+lb+nl+pt
data,pt,B1,2571,Schwur,zvērests,Zvērests,FAMILY_COPY_STRICT,it+lb+nl+pt
data,pl,B1,2571,Schwur,zvērests,Przysięga,FAMILY_COPY_STRICT,pl+sk
data,sk,B1,2571,Schwur,zvērests,Przysięga,FAMILY_COPY_STRICT,pl+sk
data,sq,B1,2571,Schwur,zvērests,Yemin,FAMILY_COPY_STRICT,sq+tr
data,tr,B1,2571,Schwur,zvērests,Yemin,FAMILY_COPY_STRICT,sq+tr
data,hr,B1,2572,See,jūra,Море,SCRIPT_MISMATCH,
data,hr,B1,2572,See,jūra,Море,MARKER_LEAK,foreign_script
data,lt,B1,2572,See,jūra,jūra,SAME_AS_LV_CASEFOLD,exact
data,nl,B1,2572,See,jūra,Jūra,SAME_AS_LV_CASEFOLD,casefold_only
data,nl,B1,2572,See,jūra,Jūra,LV_DIACRITIC,
data,nl,B1,2572,See,jūra,Jūra,MARKER_LEAK,lv_u_macron
data,sl,B1,2572,See,jūra,jūra,SAME_AS_LV_CASEFOLD,exact
data,sl,B1,2572,See,jūra,jūra,LV_DIACRITIC,
data,sl,B1,2572,See,jūra,jūra,MARKER_LEAK,lv_u_macron
data,bg,B1,2572,See,jūra,Море,FAMILY_COPY_STRICT,bg+hr+mk+ru+sr
data,hr,B1,2572,See,jūra,Море,FAMILY_COPY_STRICT,bg+hr+mk+ru+sr
data,mk,B1,2572,See,jūra,Море,FAMILY_COPY_STRICT,bg+hr+mk+ru+sr
data,ru,B1,2572,See,jūra,Море,FAMILY_COPY_STRICT,bg+hr+mk+ru+sr
data,sr,B1,2572,See,jūra,Море,FAMILY_COPY_STRICT,bg+hr+mk+ru+sr
data,bs,B1,2572,See,jūra,More,FAMILY_COPY_STRICT,bs+sk
data,sk,B1,2572,See,jūra,More,FAMILY_COPY_STRICT,bs+sk
data,fi,B1,2572,See,jūra,Meri,FAMILY_COPY_STRICT,fi+sv
data,sv,B1,2572,See,jūra,Meri,FAMILY_COPY_STRICT,fi+sv
data,is,B1,2572,See,jūra,Mary,FAMILY_COPY_STRICT,is+nb+nn
data,nb,B1,2572,See,jūra,Mary,FAMILY_COPY_STRICT,is+nb+nn
data,nn,B1,2572,See,jūra,Mary,FAMILY_COPY_STRICT,is+nb+nn
data,hr,B1,2573,Seegang,jūras viļņošanās,Морски вълни,SCRIPT_MISMATCH,
data,hr,B1,2573,Seegang,jūras viļņošanās,Морски вълни,MARKER_LEAK,foreign_script
data,it,B1,2573,Seegang,jūras viļņošanās,Jūras viļņošanās,SAME_AS_LV_CASEFOLD,casefold_only
data,it,B1,2573,Seegang,jūras viļņošanās,Jūras viļņošanās,LV_DIACRITIC,
data,it,B1,2573,Seegang,jūras viļņošanās,Jūras viļņošanās,MARKER_LEAK,lv_macron_consonant+lv_u_macron
data,lb,B1,2573,Seegang,jūras viļņošanās,Jūras viļņošanās,SAME_AS_LV_CASEFOLD,casefold_only
data,lb,B1,2573,Seegang,jūras viļņošanās,Jūras viļņošanās,LV_DIACRITIC,
data,lb,B1,2573,Seegang,jūras viļņošanās,Jūras viļņošanās,MARKER_LEAK,lv_macron_consonant+lv_u_macron
data,nl,B1,2573,Seegang,jūras viļņošanās,Jūras viļņošanās,SAME_AS_LV_CASEFOLD,casefold_only
data,nl,B1,2573,Seegang,jūras viļņošanās,Jūras viļņošanās,LV_DIACRITIC,
data,nl,B1,2573,Seegang,jūras viļņošanās,Jūras viļņošanās,MARKER_LEAK,lv_macron_consonant+lv_u_macron
data,pt,B1,2573,Seegang,jūras viļņošanās,Jūras viļņošanas,LV_DIACRITIC,
data,pt,B1,2573,Seegang,jūras viļņošanās,Jūras viļņošanas,MARKER_LEAK,lv_macron_consonant+lv_u_macron
data,sl,B1,2573,Seegang,jūras viļņošanās,jūras viļņošanās,SAME_AS_LV_CASEFOLD,exact
data,sl,B1,2573,Seegang,jūras viļņošanās,jūras viļņošanās,LV_DIACRITIC,
data,sl,B1,2573,Seegang,jūras viļņošanās,jūras viļņošanās,MARKER_LEAK,lv_macron_consonant+lv_u_macron
data,bg,B1,2573,Seegang,jūras viļņošanās,Морски вълни,FAMILY_COPY_STRICT,bg+hr+mk+sr
data,hr,B1,2573,Seegang,jūras viļņošanās,Морски вълни,FAMILY_COPY_STRICT,bg+hr+mk+sr
data,mk,B1,2573,Seegang,jūras viļņošanās,Морски вълни,FAMILY_COPY_STRICT,bg+hr+mk+sr
data,sr,B1,2573,Seegang,jūras viļņošanās,Морски вълни,FAMILY_COPY_STRICT,bg+hr+mk+sr
data,fi,B1,2573,Seegang,jūras viļņošanās,Merelaine,FAMILY_COPY_STRICT,fi+is+nb+nn+sv
data,is,B1,2573,Seegang,jūras viļņošanās,Merelaine,FAMILY_COPY_STRICT,fi+is+nb+nn+sv
data,nb,B1,2573,Seegang,jūras viļņošanās,Merelaine,FAMILY_COPY_STRICT,fi+is+nb+nn+sv
data,nn,B1,2573,Seegang,jūras viļņošanās,Merelaine,FAMILY_COPY_STRICT,fi+is+nb+nn+sv
data,sv,B1,2573,Seegang,jūras viļņošanās,Merelaine,FAMILY_COPY_STRICT,fi+is+nb+nn+sv
data,it,B1,2573,Seegang,jūras viļņošanās,Jūras viļņošanās,FAMILY_COPY_STRICT,it+lb+nl
data,lb,B1,2573,Seegang,jūras viļņošanās,Jūras viļņošanās,FAMILY_COPY_STRICT,it+lb+nl
data,nl,B1,2573,Seegang,jūras viļņošanās,Jūras viļņošanās,FAMILY_COPY_STRICT,it+lb+nl
data,pl,B1,2573,Seegang,jūras viļņošanās,Fale morskie,FAMILY_COPY_STRICT,pl+sk+sq+tr
data,sk,B1,2573,Seegang,jūras viļņošanās,Fale morskie,FAMILY_COPY_STRICT,pl+sk+sq+tr
data,sq,B1,2573,Seegang,jūras viļņošanās,Fale morskie,FAMILY_COPY_STRICT,pl+sk+sq+tr
data,tr,B1,2573,Seegang,jūras viļņošanās,Fale morskie,FAMILY_COPY_STRICT,pl+sk+sq+tr
data,fi,B1,2574,Seefahrt,kuģošana,Laevasõit,MARKER_LEAK,et_otilde
data,hr,B1,2574,Seefahrt,kuģošana,Транспорт,SCRIPT_MISMATCH,
data,hr,B1,2574,Seefahrt,kuģošana,Транспорт,MARKER_LEAK,foreign_script
data,is,B1,2574,Seefahrt,kuģošana,Laevasõit,MARKER_LEAK,et_otilde
data,it,B1,2574,Seefahrt,kuģošana,Kuģošana,SAME_AS_LV_CASEFOLD,casefold_only
data,it,B1,2574,Seefahrt,kuģošana,Kuģošana,LV_DIACRITIC,
data,it,B1,2574,Seefahrt,kuģošana,Kuģošana,MARKER_LEAK,lv_macron_consonant
data,lb,B1,2574,Seefahrt,kuģošana,Kuģošana,SAME_AS_LV_CASEFOLD,casefold_only
data,lb,B1,2574,Seefahrt,kuģošana,Kuģošana,LV_DIACRITIC,
data,lb,B1,2574,Seefahrt,kuģošana,Kuģošana,MARKER_LEAK,lv_macron_consonant
data,nb,B1,2574,Seefahrt,kuģošana,Laevasõit,MARKER_LEAK,et_otilde
data,nl,B1,2574,Seefahrt,kuģošana,Kuģošana,SAME_AS_LV_CASEFOLD,casefold_only
data,nl,B1,2574,Seefahrt,kuģošana,Kuģošana,LV_DIACRITIC,
data,nl,B1,2574,Seefahrt,kuģošana,Kuģošana,MARKER_LEAK,lv_macron_consonant
data,nn,B1,2574,Seefahrt,kuģošana,Laevasõit,MARKER_LEAK,et_otilde
data,pt,B1,2574,Seefahrt,kuģošana,Kuģošana,SAME_AS_LV_CASEFOLD,casefold_only
data,pt,B1,2574,Seefahrt,kuģošana,Kuģošana,LV_DIACRITIC,
data,pt,B1,2574,Seefahrt,kuģošana,Kuģošana,MARKER_LEAK,lv_macron_consonant
data,sk,B1,2574,Seefahrt,kuģošana,Wysyłka,MARKER_LEAK,pl_l_s_z
data,sl,B1,2574,Seefahrt,kuģošana,kuģošana,SAME_AS_LV_CASEFOLD,exact
data,sl,B1,2574,Seefahrt,kuģošana,kuģošana,LV_DIACRITIC,
data,sl,B1,2574,Seefahrt,kuģošana,kuģošana,MARKER_LEAK,lv_macron_consonant
data,sv,B1,2574,Seefahrt,kuģošana,Laevasõit,MARKER_LEAK,et_otilde
data,bg,B1,2574,Seefahrt,kuģošana,Транспорт,FAMILY_COPY_STRICT,bg+hr+mk+sr
data,hr,B1,2574,Seefahrt,kuģošana,Транспорт,FAMILY_COPY_STRICT,bg+hr+mk+sr
data,mk,B1,2574,Seefahrt,kuģošana,Транспорт,FAMILY_COPY_STRICT,bg+hr+mk+sr
data,sr,B1,2574,Seefahrt,kuģošana,Транспорт,FAMILY_COPY_STRICT,bg+hr+mk+sr
data,fi,B1,2574,Seefahrt,kuģošana,Laevasõit,FAMILY_COPY_STRICT,fi+is+nb+nn+sv
data,is,B1,2574,Seefahrt,kuģošana,Laevasõit,FAMILY_COPY_STRICT,fi+is+nb+nn+sv
data,nb,B1,2574,Seefahrt,kuģošana,Laevasõit,FAMILY_COPY_STRICT,fi+is+nb+nn+sv
data,nn,B1,2574,Seefahrt,kuģošana,Laevasõit,FAMILY_COPY_STRICT,fi+is+nb+nn+sv
data,sv,B1,2574,Seefahrt,kuģošana,Laevasõit,FAMILY_COPY_STRICT,fi+is+nb+nn+sv
data,it,B1,2574,Seefahrt,kuģošana,Kuģošana,FAMILY_COPY_STRICT,it+lb+nl+pt
data,lb,B1,2574,Seefahrt,kuģošana,Kuģošana,FAMILY_COPY_STRICT,it+lb+nl+pt
data,nl,B1,2574,Seefahrt,kuģošana,Kuģošana,FAMILY_COPY_STRICT,it+lb+nl+pt
data,pt,B1,2574,Seefahrt,kuģošana,Kuģošana,FAMILY_COPY_STRICT,it+lb+nl+pt
data,pl,B1,2574,Seefahrt,kuģošana,Wysyłka,FAMILY_COPY_STRICT,pl+sk
data,sk,B1,2574,Seefahrt,kuģošana,Wysyłka,FAMILY_COPY_STRICT,pl+sk
data,sq,B1,2574,Seefahrt,kuģošana,Sevkiyat,FAMILY_COPY_STRICT,sq+tr
data,tr,B1,2574,Seefahrt,kuģošana,Sevkiyat,FAMILY_COPY_STRICT,sq+tr
data,hr,B1,2575,seekrank,slims ar jūras slimību,Морска болест,SCRIPT_MISMATCH,
data,hr,B1,2575,seekrank,slims ar jūras slimību,Морска болест,MARKER_LEAK,foreign_script
data,it,B1,2575,seekrank,slims ar jūras slimību,Slims ar jūras slimību,SAME_AS_LV_CASEFOLD,casefold_only
data,it,B1,2575,seekrank,slims ar jūras slimību,Slims ar jūras slimību,LV_DIACRITIC,
data,it,B1,2575,seekrank,slims ar jūras slimību,Slims ar jūras slimību,MARKER_LEAK,lv_macron_consonant+lv_u_macron
data,lb,B1,2575,seekrank,slims ar jūras slimību,Slims ar jūras slimību,SAME_AS_LV_CASEFOLD,casefold_only
data,lb,B1,2575,seekrank,slims ar jūras slimību,Slims ar jūras slimību,LV_DIACRITIC,
data,lb,B1,2575,seekrank,slims ar jūras slimību,Slims ar jūras slimību,MARKER_LEAK,lv_macron_consonant+lv_u_macron
data,nl,B1,2575,seekrank,slims ar jūras slimību,Slims ar jūras slimību,SAME_AS_LV_CASEFOLD,casefold_only
data,nl,B1,2575,seekrank,slims ar jūras slimību,Slims ar jūras slimību,LV_DIACRITIC,
data,nl,B1,2575,seekrank,slims ar jūras slimību,Slims ar jūras slimību,MARKER_LEAK,lv_macron_consonant+lv_u_macron
data,pt,B1,2575,seekrank,slims ar jūras slimību,Slims ar juras slimību,LV_DIACRITIC,
data,pt,B1,2575,seekrank,slims ar jūras slimību,Slims ar juras slimību,MARKER_LEAK,lv_macron_consonant
data,sk,B1,2575,seekrank,slims ar jūras slimību,Chory na chorobę morską,MARKER_LEAK,pl_lt_nasal
data,sl,B1,2575,seekrank,slims ar jūras slimību,slims ar jūras slimību,SAME_AS_LV_CASEFOLD,exact
data,sl,B1,2575,seekrank,slims ar jūras slimību,slims ar jūras slimību,LV_DIACRITIC,
data,sl,B1,2575,seekrank,slims ar jūras slimību,slims ar jūras slimību,MARKER_LEAK,lv_macron_consonant+lv_u_macron
data,sq,B1,2575,seekrank,slims ar jūras slimību,Deniz tutması,MARKER_LEAK,tr_soft
data,bg,B1,2575,seekrank,slims ar jūras slimību,Морска болест,FAMILY_COPY_STRICT,bg+hr+mk+sr
data,hr,B1,2575,seekrank,slims ar jūras slimību,Морска болест,FAMILY_COPY_STRICT,bg+hr+mk+sr
data,mk,B1,2575,seekrank,slims ar jūras slimību,Морска болест,FAMILY_COPY_STRICT,bg+hr+mk+sr
data,sr,B1,2575,seekrank,slims ar jūras slimību,Морска болест,FAMILY_COPY_STRICT,bg+hr+mk+sr
data,fi,B1,2575,seekrank,slims ar jūras slimību,Merehaige,FAMILY_COPY_STRICT,fi+is+nb+nn+sv
data,is,B1,2575,seekrank,slims ar jūras slimību,Merehaige,FAMILY_COPY_STRICT,fi+is+nb+nn+sv
data,nb,B1,2575,seekrank,slims ar jūras slimību,Merehaige,FAMILY_COPY_STRICT,fi+is+nb+nn+sv
data,nn,B1,2575,seekrank,slims ar jūras slimību,Merehaige,FAMILY_COPY_STRICT,fi+is+nb+nn+sv
data,sv,B1,2575,seekrank,slims ar jūras slimību,Merehaige,FAMILY_COPY_STRICT,fi+is+nb+nn+sv
data,it,B1,2575,seekrank,slims ar jūras slimību,Slims ar jūras slimību,FAMILY_COPY_STRICT,it+lb+nl
data,lb,B1,2575,seekrank,slims ar jūras slimību,Slims ar jūras slimību,FAMILY_COPY_STRICT,it+lb+nl
data,nl,B1,2575,seekrank,slims ar jūras slimību,Slims ar jūras slimību,FAMILY_COPY_STRICT,it+lb+nl
data,pl,B1,2575,seekrank,slims ar jūras slimību,Chory na chorobę morską,FAMILY_COPY_STRICT,pl+sk
data,sk,B1,2575,seekrank,slims ar jūras slimību,Chory na chorobę morską,FAMILY_COPY_STRICT,pl+sk
data,sq,B1,2575,seekrank,slims ar jūras slimību,Deniz tutması,FAMILY_COPY_STRICT,sq+tr
data,tr,B1,2575,seekrank,slims ar jūras slimību,Deniz tutması,FAMILY_COPY_STRICT,sq+tr
data,hr,B1,2576,Seele,dvēsele,Душа,SCRIPT_MISMATCH,
data,hr,B1,2576,Seele,dvēsele,Душа,MARKER_LEAK,foreign_script
data,it,B1,2576,Seele,dvēsele,Dvēsele,SAME_AS_LV_CASEFOLD,casefold_only
data,it,B1,2576,Seele,dvēsele,Dvēsele,LV_DIACRITIC,
data,it,B1,2576,Seele,dvēsele,Dvēsele,MARKER_LEAK,lv_macron_consonant
data,lb,B1,2576,Seele,dvēsele,Dvēsele,SAME_AS_LV_CASEFOLD,casefold_only
data,lb,B1,2576,Seele,dvēsele,Dvēsele,LV_DIACRITIC,
data,lb,B1,2576,Seele,dvēsele,Dvēsele,MARKER_LEAK,lv_macron_consonant
data,nl,B1,2576,Seele,dvēsele,Dvēsele,SAME_AS_LV_CASEFOLD,casefold_only
data,nl,B1,2576,Seele,dvēsele,Dvēsele,LV_DIACRITIC,
data,nl,B1,2576,Seele,dvēsele,Dvēsele,MARKER_LEAK,lv_macron_consonant
data,sl,B1,2576,Seele,dvēsele,dvēsele,SAME_AS_LV_CASEFOLD,exact
data,sl,B1,2576,Seele,dvēsele,dvēsele,LV_DIACRITIC,
data,sl,B1,2576,Seele,dvēsele,dvēsele,MARKER_LEAK,lv_macron_consonant
data,bg,B1,2576,Seele,dvēsele,Душа,FAMILY_COPY_STRICT,bg+hr+mk+ru+sr
data,hr,B1,2576,Seele,dvēsele,Душа,FAMILY_COPY_STRICT,bg+hr+mk+ru+sr
data,mk,B1,2576,Seele,dvēsele,Душа,FAMILY_COPY_STRICT,bg+hr+mk+ru+sr
data,ru,B1,2576,Seele,dvēsele,Душа,FAMILY_COPY_STRICT,bg+hr+mk+ru+sr
data,sr,B1,2576,Seele,dvēsele,Душа,FAMILY_COPY_STRICT,bg+hr+mk+ru+sr
data,fi,B1,2576,Seele,dvēsele,Hing,FAMILY_COPY_STRICT,fi+is+nb+nn+sv
data,is,B1,2576,Seele,dvēsele,Hing,FAMILY_COPY_STRICT,fi+is+nb+nn+sv
data,nb,B1,2576,Seele,dvēsele,Hing,FAMILY_COPY_STRICT,fi+is+nb+nn+sv
data,nn,B1,2576,Seele,dvēsele,Hing,FAMILY_COPY_STRICT,fi+is+nb+nn+sv
data,sv,B1,2576,Seele,dvēsele,Hing,FAMILY_COPY_STRICT,fi+is+nb+nn+sv
data,it,B1,2576,Seele,dvēsele,Dvēsele,FAMILY_COPY_STRICT,it+lb+nl
data,lb,B1,2576,Seele,dvēsele,Dvēsele,FAMILY_COPY_STRICT,it+lb+nl
data,nl,B1,2576,Seele,dvēsele,Dvēsele,FAMILY_COPY_STRICT,it+lb+nl
data,pl,B1,2576,Seele,dvēsele,Dusza,FAMILY_COPY_STRICT,pl+sk+sq+tr
data,sk,B1,2576,Seele,dvēsele,Dusza,FAMILY_COPY_STRICT,pl+sk+sq+tr
data,sq,B1,2576,Seele,dvēsele,Dusza,FAMILY_COPY_STRICT,pl+sk+sq+tr
data,tr,B1,2576,Seele,dvēsele,Dusza,FAMILY_COPY_STRICT,pl+sk+sq+tr
data,hr,B1,2577,Seemann,jūrnieks,Морнар,SCRIPT_MISMATCH,
data,hr,B1,2577,Seemann,jūrnieks,Морнар,MARKER_LEAK,foreign_script
data,it,B1,2577,Seemann,jūrnieks,Jūrnieks,SAME_AS_LV_CASEFOLD,casefold_only
data,it,B1,2577,Seemann,jūrnieks,Jūrnieks,LV_DIACRITIC,
data,it,B1,2577,Seemann,jūrnieks,Jūrnieks,MARKER_LEAK,lv_u_macron
data,lb,B1,2577,Seemann,jūrnieks,Jūrnieks,SAME_AS_LV_CASEFOLD,casefold_only
data,lb,B1,2577,Seemann,jūrnieks,Jūrnieks,LV_DIACRITIC,
data,lb,B1,2577,Seemann,jūrnieks,Jūrnieks,MARKER_LEAK,lv_u_macron
data,nl,B1,2577,Seemann,jūrnieks,Jūrnieks,SAME_AS_LV_CASEFOLD,casefold_only
data,nl,B1,2577,Seemann,jūrnieks,Jūrnieks,LV_DIACRITIC,
data,nl,B1,2577,Seemann,jūrnieks,Jūrnieks,MARKER_LEAK,lv_u_macron
data,sl,B1,2577,Seemann,jūrnieks,jūrnieks,SAME_AS_LV_CASEFOLD,exact
data,sl,B1,2577,Seemann,jūrnieks,jūrnieks,LV_DIACRITIC,
data,sl,B1,2577,Seemann,jūrnieks,jūrnieks,MARKER_LEAK,lv_u_macron
data,fi,B1,2577,Seemann,jūrnieks,Meremees,FAMILY_COPY_STRICT,fi+is+nb+nn+sv
data,is,B1,2577,Seemann,jūrnieks,Meremees,FAMILY_COPY_STRICT,fi+is+nb+nn+sv
data,nb,B1,2577,Seemann,jūrnieks,Meremees,FAMILY_COPY_STRICT,fi+is+nb+nn+sv
data,nn,B1,2577,Seemann,jūrnieks,Meremees,FAMILY_COPY_STRICT,fi+is+nb+nn+sv
data,sv,B1,2577,Seemann,jūrnieks,Meremees,FAMILY_COPY_STRICT,fi+is+nb+nn+sv
data,hr,B1,2577,Seemann,jūrnieks,Морнар,FAMILY_COPY_STRICT,hr+mk+sr
data,mk,B1,2577,Seemann,jūrnieks,Морнар,FAMILY_COPY_STRICT,hr+mk+sr
data,sr,B1,2577,Seemann,jūrnieks,Морнар,FAMILY_COPY_STRICT,hr+mk+sr
data,it,B1,2577,Seemann,jūrnieks,Jūrnieks,FAMILY_COPY_STRICT,it+lb+nl
data,lb,B1,2577,Seemann,jūrnieks,Jūrnieks,FAMILY_COPY_STRICT,it+lb+nl
data,nl,B1,2577,Seemann,jūrnieks,Jūrnieks,FAMILY_COPY_STRICT,it+lb+nl
data,pl,B1,2577,Seemann,jūrnieks,Marynarz,FAMILY_COPY_STRICT,pl+sk+sq+tr
data,sk,B1,2577,Seemann,jūrnieks,Marynarz,FAMILY_COPY_STRICT,pl+sk+sq+tr
data,sq,B1,2577,Seemann,jūrnieks,Marynarz,FAMILY_COPY_STRICT,pl+sk+sq+tr
data,tr,B1,2577,Seemann,jūrnieks,Marynarz,FAMILY_COPY_STRICT,pl+sk+sq+tr
data,hr,B1,2578,Segelboot,buru laiva,Платноходка,SCRIPT_MISMATCH,
data,hr,B1,2578,Segelboot,buru laiva,Платноходка,MARKER_LEAK,foreign_script
data,it,B1,2578,Segelboot,buru laiva,Buru laiva,SAME_AS_LV_CASEFOLD,casefold_only
data,lb,B1,2578,Segelboot,buru laiva,Buru laiva,SAME_AS_LV_CASEFOLD,casefold_only
data,nl,B1,2578,Segelboot,buru laiva,Buru laiva,SAME_AS_LV_CASEFOLD,casefold_only
data,pt,B1,2578,Segelboot,buru laiva,Buru laiva,SAME_AS_LV_CASEFOLD,casefold_only
data,sk,B1,2578,Segelboot,buru laiva,Żaglówka,MARKER_LEAK,pl_l_s_z
data,sl,B1,2578,Segelboot,buru laiva,buru laiva,SAME_AS_LV_CASEFOLD,exact
data,bg,B1,2578,Segelboot,buru laiva,Платноходка,FAMILY_COPY_STRICT,bg+hr+mk+sr
data,hr,B1,2578,Segelboot,buru laiva,Платноходка,FAMILY_COPY_STRICT,bg+hr+mk+sr
data,mk,B1,2578,Segelboot,buru laiva,Платноходка,FAMILY_COPY_STRICT,bg+hr+mk+sr
data,sr,B1,2578,Segelboot,buru laiva,Платноходка,FAMILY_COPY_STRICT,bg+hr+mk+sr
data,fi,B1,2578,Segelboot,buru laiva,Purjekas,FAMILY_COPY_STRICT,fi+is+nb+nn+sv
data,is,B1,2578,Segelboot,buru laiva,Purjekas,FAMILY_COPY_STRICT,fi+is+nb+nn+sv
data,nb,B1,2578,Segelboot,buru laiva,Purjekas,FAMILY_COPY_STRICT,fi+is+nb+nn+sv
data,nn,B1,2578,Segelboot,buru laiva,Purjekas,FAMILY_COPY_STRICT,fi+is+nb+nn+sv
data,sv,B1,2578,Segelboot,buru laiva,Purjekas,FAMILY_COPY_STRICT,fi+is+nb+nn+sv
data,it,B1,2578,Segelboot,buru laiva,Buru laiva,FAMILY_COPY_STRICT,it+lb+nl+pt
data,lb,B1,2578,Segelboot,buru laiva,Buru laiva,FAMILY_COPY_STRICT,it+lb+nl+pt
data,nl,B1,2578,Segelboot,buru laiva,Buru laiva,FAMILY_COPY_STRICT,it+lb+nl+pt
data,pt,B1,2578,Segelboot,buru laiva,Buru laiva,FAMILY_COPY_STRICT,it+lb+nl+pt
data,pl,B1,2578,Segelboot,buru laiva,Żaglówka,FAMILY_COPY_STRICT,pl+sk
data,sk,B1,2578,Segelboot,buru laiva,Żaglówka,FAMILY_COPY_STRICT,pl+sk
data,sq,B1,2578,Segelboot,buru laiva,Yelkenli,FAMILY_COPY_STRICT,sq+tr
data,tr,B1,2578,Segelboot,buru laiva,Yelkenli,FAMILY_COPY_STRICT,sq+tr
data,hr,B1,2579,Segelsport,burāšana,Плаване,SCRIPT_MISMATCH,
data,hr,B1,2579,Segelsport,burāšana,Плаване,MARKER_LEAK,foreign_script
data,it,B1,2579,Segelsport,burāšana,Burāšana,SAME_AS_LV_CASEFOLD,casefold_only
data,it,B1,2579,Segelsport,burāšana,Burāšana,LV_DIACRITIC,
data,it,B1,2579,Segelsport,burāšana,Burāšana,MARKER_LEAK,lv_macron_consonant
data,lb,B1,2579,Segelsport,burāšana,Burāšana,SAME_AS_LV_CASEFOLD,casefold_only
data,lb,B1,2579,Segelsport,burāšana,Burāšana,LV_DIACRITIC,
data,lb,B1,2579,Segelsport,burāšana,Burāšana,MARKER_LEAK,lv_macron_consonant
data,nl,B1,2579,Segelsport,burāšana,Burāšana,SAME_AS_LV_CASEFOLD,casefold_only
data,nl,B1,2579,Segelsport,burāšana,Burāšana,LV_DIACRITIC,
data,nl,B1,2579,Segelsport,burāšana,Burāšana,MARKER_LEAK,lv_macron_consonant
data,pt,B1,2579,Segelsport,burāšana,Burāšana,SAME_AS_LV_CASEFOLD,casefold_only
data,pt,B1,2579,Segelsport,burāšana,Burāšana,LV_DIACRITIC,
data,pt,B1,2579,Segelsport,burāšana,Burāšana,MARKER_LEAK,lv_macron_consonant
data,sk,B1,2579,Segelsport,burāšana,Żeglarstwo,MARKER_LEAK,pl_l_s_z
data,sl,B1,2579,Segelsport,burāšana,burāšana,SAME_AS_LV_CASEFOLD,exact
data,sl,B1,2579,Segelsport,burāšana,burāšana,LV_DIACRITIC,
data,sl,B1,2579,Segelsport,burāšana,burāšana,MARKER_LEAK,lv_macron_consonant
data,sq,B1,2579,Segelsport,burāšana,Żeglarstwo,MARKER_LEAK,pl_l_s_z
data,tr,B1,2579,Segelsport,burāšana,Żeglarstwo,MARKER_LEAK,pl_l_s_z
data,bg,B1,2579,Segelsport,burāšana,Плаване,FAMILY_COPY_STRICT,bg+hr+mk+sr
data,hr,B1,2579,Segelsport,burāšana,Плаване,FAMILY_COPY_STRICT,bg+hr+mk+sr
data,mk,B1,2579,Segelsport,burāšana,Плаване,FAMILY_COPY_STRICT,bg+hr+mk+sr
data,sr,B1,2579,Segelsport,burāšana,Плаване,FAMILY_COPY_STRICT,bg+hr+mk+sr
data,fi,B1,2579,Segelsport,burāšana,Purjetamine,FAMILY_COPY_STRICT,fi+is+nb+nn+sv
data,is,B1,2579,Segelsport,burāšana,Purjetamine,FAMILY_COPY_STRICT,fi+is+nb+nn+sv
data,nb,B1,2579,Segelsport,burāšana,Purjetamine,FAMILY_COPY_STRICT,fi+is+nb+nn+sv
data,nn,B1,2579,Segelsport,burāšana,Purjetamine,FAMILY_COPY_STRICT,fi+is+nb+nn+sv
data,sv,B1,2579,Segelsport,burāšana,Purjetamine,FAMILY_COPY_STRICT,fi+is+nb+nn+sv
data,it,B1,2579,Segelsport,burāšana,Burāšana,FAMILY_COPY_STRICT,it+lb+nl+pt
data,lb,B1,2579,Segelsport,burāšana,Burāšana,FAMILY_COPY_STRICT,it+lb+nl+pt
data,nl,B1,2579,Segelsport,burāšana,Burāšana,FAMILY_COPY_STRICT,it+lb+nl+pt
data,pt,B1,2579,Segelsport,burāšana,Burāšana,FAMILY_COPY_STRICT,it+lb+nl+pt
data,pl,B1,2579,Segelsport,burāšana,Żeglarstwo,FAMILY_COPY_STRICT,pl+sk+sq+tr
data,sk,B1,2579,Segelsport,burāšana,Żeglarstwo,FAMILY_COPY_STRICT,pl+sk+sq+tr
data,sq,B1,2579,Segelsport,burāšana,Żeglarstwo,FAMILY_COPY_STRICT,pl+sk+sq+tr
data,tr,B1,2579,Segelsport,burāšana,Żeglarstwo,FAMILY_COPY_STRICT,pl+sk+sq+tr
data,hr,B1,2580,segeln,burāt,Плаване,SCRIPT_MISMATCH,
data,hr,B1,2580,segeln,burāt,Плаване,MARKER_LEAK,foreign_script
data,it,B1,2580,segeln,burāt,Burāt,SAME_AS_LV_CASEFOLD,casefold_only
data,it,B1,2580,segeln,burāt,Burāt,LV_DIACRITIC,
data,it,B1,2580,segeln,burāt,Burāt,MARKER_LEAK,lv_macron_consonant
data,lb,B1,2580,segeln,burāt,Burāt,SAME_AS_LV_CASEFOLD,casefold_only
data,lb,B1,2580,segeln,burāt,Burāt,LV_DIACRITIC,
data,lb,B1,2580,segeln,burāt,Burāt,MARKER_LEAK,lv_macron_consonant
data,nl,B1,2580,segeln,burāt,Burāt,SAME_AS_LV_CASEFOLD,casefold_only
data,nl,B1,2580,segeln,burāt,Burāt,LV_DIACRITIC,
data,nl,B1,2580,segeln,burāt,Burāt,MARKER_LEAK,lv_macron_consonant
data,sk,B1,2580,segeln,burāt,Żeglować,MARKER_LEAK,pl_l_s_z
data,sl,B1,2580,segeln,burāt,burāt,SAME_AS_LV_CASEFOLD,exact
data,sl,B1,2580,segeln,burāt,burāt,LV_DIACRITIC,
data,sl,B1,2580,segeln,burāt,burāt,MARKER_LEAK,lv_macron_consonant
data,sq,B1,2580,segeln,burāt,Denize açılmak,MARKER_LEAK,tr_soft
data,bg,B1,2580,segeln,burāt,Плаване,FAMILY_COPY_STRICT,bg+hr+mk+sr
data,hr,B1,2580,segeln,burāt,Плаване,FAMILY_COPY_STRICT,bg+hr+mk+sr
data,mk,B1,2580,segeln,burāt,Плаване,FAMILY_COPY_STRICT,bg+hr+mk+sr
data,sr,B1,2580,segeln,burāt,Плаване,FAMILY_COPY_STRICT,bg+hr+mk+sr
data,fi,B1,2580,segeln,burāt,Purjetama,FAMILY_COPY_STRICT,fi+is+nb+nn+sv
data,is,B1,2580,segeln,burāt,Purjetama,FAMILY_COPY_STRICT,fi+is+nb+nn+sv
data,nb,B1,2580,segeln,burāt,Purjetama,FAMILY_COPY_STRICT,fi+is+nb+nn+sv
data,nn,B1,2580,segeln,burāt,Purjetama,FAMILY_COPY_STRICT,fi+is+nb+nn+sv
data,sv,B1,2580,segeln,burāt,Purjetama,FAMILY_COPY_STRICT,fi+is+nb+nn+sv
data,it,B1,2580,segeln,burāt,Burāt,FAMILY_COPY_STRICT,it+lb+nl
data,lb,B1,2580,segeln,burāt,Burāt,FAMILY_COPY_STRICT,it+lb+nl
data,nl,B1,2580,segeln,burāt,Burāt,FAMILY_COPY_STRICT,it+lb+nl
data,pl,B1,2580,segeln,burāt,Żeglować,FAMILY_COPY_STRICT,pl+sk
data,sk,B1,2580,segeln,burāt,Żeglować,FAMILY_COPY_STRICT,pl+sk
data,sq,B1,2580,segeln,burāt,Denize açılmak,FAMILY_COPY_STRICT,sq+tr
data,tr,B1,2580,segeln,burāt,Denize açılmak,FAMILY_COPY_STRICT,sq+tr
data,fi,B1,2581,Sehne,cīpsla,Kõõlus,MARKER_LEAK,et_otilde
data,hr,B1,2581,Sehne,cīpsla,Сухожилие,SCRIPT_MISMATCH,
data,hr,B1,2581,Sehne,cīpsla,Сухожилие,MARKER_LEAK,foreign_script
data,is,B1,2581,Sehne,cīpsla,Kõõlus,MARKER_LEAK,et_otilde
data,it,B1,2581,Sehne,cīpsla,Cīpsla,SAME_AS_LV_CASEFOLD,casefold_only
data,it,B1,2581,Sehne,cīpsla,Cīpsla,LV_DIACRITIC,
data,it,B1,2581,Sehne,cīpsla,Cīpsla,MARKER_LEAK,lv_macron_consonant
data,lb,B1,2581,Sehne,cīpsla,Cīpsla,SAME_AS_LV_CASEFOLD,casefold_only
data,lb,B1,2581,Sehne,cīpsla,Cīpsla,LV_DIACRITIC,
data,lb,B1,2581,Sehne,cīpsla,Cīpsla,MARKER_LEAK,lv_macron_consonant
data,nb,B1,2581,Sehne,cīpsla,Kõõlus,MARKER_LEAK,et_otilde
data,nl,B1,2581,Sehne,cīpsla,Cīpsla,SAME_AS_LV_CASEFOLD,casefold_only
data,nl,B1,2581,Sehne,cīpsla,Cīpsla,LV_DIACRITIC,
data,nl,B1,2581,Sehne,cīpsla,Cīpsla,MARKER_LEAK,lv_macron_consonant
data,nn,B1,2581,Sehne,cīpsla,Kõõlus,MARKER_LEAK,et_otilde
data,sk,B1,2581,Sehne,cīpsla,Ścięgno,MARKER_LEAK,pl_l_s_z+pl_lt_nasal
data,sl,B1,2581,Sehne,cīpsla,cīpsla,SAME_AS_LV_CASEFOLD,exact
data,sl,B1,2581,Sehne,cīpsla,cīpsla,LV_DIACRITIC,
data,sl,B1,2581,Sehne,cīpsla,cīpsla,MARKER_LEAK,lv_macron_consonant
data,sv,B1,2581,Sehne,cīpsla,Kõõlus,MARKER_LEAK,et_otilde
data,bg,B1,2581,Sehne,cīpsla,Сухожилие,FAMILY_COPY_STRICT,bg+hr+mk+ru+sr
data,hr,B1,2581,Sehne,cīpsla,Сухожилие,FAMILY_COPY_STRICT,bg+hr+mk+ru+sr
data,mk,B1,2581,Sehne,cīpsla,Сухожилие,FAMILY_COPY_STRICT,bg+hr+mk+ru+sr
data,ru,B1,2581,Sehne,cīpsla,Сухожилие,FAMILY_COPY_STRICT,bg+hr+mk+ru+sr
data,sr,B1,2581,Sehne,cīpsla,Сухожилие,FAMILY_COPY_STRICT,bg+hr+mk+ru+sr
data,en,B1,2581,Sehne,cīpsla,Tendon,FAMILY_COPY_STRICT,en+fr+ro+sq+tr
data,fr,B1,2581,Sehne,cīpsla,Tendon,FAMILY_COPY_STRICT,en+fr+ro+sq+tr
data,ro,B1,2581,Sehne,cīpsla,Tendon,FAMILY_COPY_STRICT,en+fr+ro+sq+tr
data,sq,B1,2581,Sehne,cīpsla,Tendon,FAMILY_COPY_STRICT,en+fr+ro+sq+tr
data,tr,B1,2581,Sehne,cīpsla,Tendon,FAMILY_COPY_STRICT,en+fr+ro+sq+tr
data,fi,B1,2581,Sehne,cīpsla,Kõõlus,FAMILY_COPY_STRICT,fi+is+nb+nn+sv
data,is,B1,2581,Sehne,cīpsla,Kõõlus,FAMILY_COPY_STRICT,fi+is+nb+nn+sv
data,nb,B1,2581,Sehne,cīpsla,Kõõlus,FAMILY_COPY_STRICT,fi+is+nb+nn+sv
data,nn,B1,2581,Sehne,cīpsla,Kõõlus,FAMILY_COPY_STRICT,fi+is+nb+nn+sv
data,sv,B1,2581,Sehne,cīpsla,Kõõlus,FAMILY_COPY_STRICT,fi+is+nb+nn+sv
data,it,B1,2581,Sehne,cīpsla,Cīpsla,FAMILY_COPY_STRICT,it+lb+nl
data,lb,B1,2581,Sehne,cīpsla,Cīpsla,FAMILY_COPY_STRICT,it+lb+nl
data,nl,B1,2581,Sehne,cīpsla,Cīpsla,FAMILY_COPY_STRICT,it+lb+nl
data,pl,B1,2581,Sehne,cīpsla,Ścięgno,FAMILY_COPY_STRICT,pl+sk
data,sk,B1,2581,Sehne,cīpsla,Ścięgno,FAMILY_COPY_STRICT,pl+sk
data,hr,B1,2582,Sehnsucht,ilgas,Копнеж,SCRIPT_MISMATCH,
data,hr,B1,2582,Sehnsucht,ilgas,Копнеж,MARKER_LEAK,foreign_script
data,it,B1,2582,Sehnsucht,ilgas,Ilgas,SAME_AS_LV_CASEFOLD,casefold_only
data,lb,B1,2582,Sehnsucht,ilgas,Ilgas,SAME_AS_LV_CASEFOLD,casefold_only
data,nl,B1,2582,Sehnsucht,ilgas,Ilgas,SAME_AS_LV_CASEFOLD,casefold_only
data,pt,B1,2582,Sehnsucht,ilgas,Ilgas,SAME_AS_LV_CASEFOLD,casefold_only
data,sk,B1,2582,Sehnsucht,ilgas,Tęsknota,MARKER_LEAK,pl_lt_nasal
data,sl,B1,2582,Sehnsucht,ilgas,ilgas,SAME_AS_LV_CASEFOLD,exact
data,bg,B1,2582,Sehnsucht,ilgas,Копнеж,FAMILY_COPY_STRICT,bg+hr+mk+sr
data,hr,B1,2582,Sehnsucht,ilgas,Копнеж,FAMILY_COPY_STRICT,bg+hr+mk+sr
data,mk,B1,2582,Sehnsucht,ilgas,Копнеж,FAMILY_COPY_STRICT,bg+hr+mk+sr
data,sr,B1,2582,Sehnsucht,ilgas,Копнеж,FAMILY_COPY_STRICT,bg+hr+mk+sr
data,fi,B1,2582,Sehnsucht,ilgas,Igatsus,FAMILY_COPY_STRICT,fi+is+nb+nn+sv
data,is,B1,2582,Sehnsucht,ilgas,Igatsus,FAMILY_COPY_STRICT,fi+is+nb+nn+sv
data,nb,B1,2582,Sehnsucht,ilgas,Igatsus,FAMILY_COPY_STRICT,fi+is+nb+nn+sv
data,nn,B1,2582,Sehnsucht,ilgas,Igatsus,FAMILY_COPY_STRICT,fi+is+nb+nn+sv
data,sv,B1,2582,Sehnsucht,ilgas,Igatsus,FAMILY_COPY_STRICT,fi+is+nb+nn+sv
data,it,B1,2582,Sehnsucht,ilgas,Ilgas,FAMILY_COPY_STRICT,it+lb+nl+pt
data,lb,B1,2582,Sehnsucht,ilgas,Ilgas,FAMILY_COPY_STRICT,it+lb+nl+pt
data,nl,B1,2582,Sehnsucht,ilgas,Ilgas,FAMILY_COPY_STRICT,it+lb+nl+pt
data,pt,B1,2582,Sehnsucht,ilgas,Ilgas,FAMILY_COPY_STRICT,it+lb+nl+pt
data,pl,B1,2582,Sehnsucht,ilgas,Tęsknota,FAMILY_COPY_STRICT,pl+sk
data,sk,B1,2582,Sehnsucht,ilgas,Tęsknota,FAMILY_COPY_STRICT,pl+sk
data,sq,B1,2582,Sehnsucht,ilgas,Özlem,FAMILY_COPY_STRICT,sq+tr
data,tr,B1,2582,Sehnsucht,ilgas,Özlem,FAMILY_COPY_STRICT,sq+tr
data,hr,B1,2583,Seide,zīds,Коприна,SCRIPT_MISMATCH,
data,hr,B1,2583,Seide,zīds,Коприна,MARKER_LEAK,foreign_script
data,it,B1,2583,Seide,zīds,Zīds,SAME_AS_LV_CASEFOLD,casefold_only
data,it,B1,2583,Seide,zīds,Zīds,LV_DIACRITIC,
data,it,B1,2583,Seide,zīds,Zīds,MARKER_LEAK,lv_macron_consonant
data,lb,B1,2583,Seide,zīds,Zīds,SAME_AS_LV_CASEFOLD,casefold_only
data,lb,B1,2583,Seide,zīds,Zīds,LV_DIACRITIC,
data,lb,B1,2583,Seide,zīds,Zīds,MARKER_LEAK,lv_macron_consonant
data,nl,B1,2583,Seide,zīds,Zīds,SAME_AS_LV_CASEFOLD,casefold_only
data,nl,B1,2583,Seide,zīds,Zīds,LV_DIACRITIC,
data,nl,B1,2583,Seide,zīds,Zīds,MARKER_LEAK,lv_macron_consonant
data,pt,B1,2583,Seide,zīds,Zīds,SAME_AS_LV_CASEFOLD,casefold_only
data,pt,B1,2583,Seide,zīds,Zīds,LV_DIACRITIC,
data,pt,B1,2583,Seide,zīds,Zīds,MARKER_LEAK,lv_macron_consonant
data,sl,B1,2583,Seide,zīds,zīds,SAME_AS_LV_CASEFOLD,exact
data,sl,B1,2583,Seide,zīds,zīds,LV_DIACRITIC,
data,sl,B1,2583,Seide,zīds,zīds,MARKER_LEAK,lv_macron_consonant
data,bg,B1,2583,Seide,zīds,Коприна,FAMILY_COPY_STRICT,bg+hr+mk+sr
data,hr,B1,2583,Seide,zīds,Коприна,FAMILY_COPY_STRICT,bg+hr+mk+sr
data,mk,B1,2583,Seide,zīds,Коприна,FAMILY_COPY_STRICT,bg+hr+mk+sr
data,sr,B1,2583,Seide,zīds,Коприна,FAMILY_COPY_STRICT,bg+hr+mk+sr
data,fi,B1,2583,Seide,zīds,Siid,FAMILY_COPY_STRICT,fi+is+nb+nn+sv
data,is,B1,2583,Seide,zīds,Siid,FAMILY_COPY_STRICT,fi+is+nb+nn+sv
data,nb,B1,2583,Seide,zīds,Siid,FAMILY_COPY_STRICT,fi+is+nb+nn+sv
data,nn,B1,2583,Seide,zīds,Siid,FAMILY_COPY_STRICT,fi+is+nb+nn+sv
data,sv,B1,2583,Seide,zīds,Siid,FAMILY_COPY_STRICT,fi+is+nb+nn+sv
data,it,B1,2583,Seide,zīds,Zīds,FAMILY_COPY_STRICT,it+lb+nl+pt
data,lb,B1,2583,Seide,zīds,Zīds,FAMILY_COPY_STRICT,it+lb+nl+pt
data,nl,B1,2583,Seide,zīds,Zīds,FAMILY_COPY_STRICT,it+lb+nl+pt
data,pt,B1,2583,Seide,zīds,Zīds,FAMILY_COPY_STRICT,it+lb+nl+pt
data,pl,B1,2583,Seide,zīds,Jedwab,FAMILY_COPY_STRICT,pl+sq+tr
data,sq,B1,2583,Seide,zīds,Jedwab,FAMILY_COPY_STRICT,pl+sq+tr
data,tr,B1,2583,Seide,zīds,Jedwab,FAMILY_COPY_STRICT,pl+sq+tr
data,hr,B1,2584,seiden,zīda-,Свила-,SCRIPT_MISMATCH,
data,hr,B1,2584,seiden,zīda-,Свила-,MARKER_LEAK,foreign_script
data,it,B1,2584,seiden,zīda-,Zīda-,SAME_AS_LV_CASEFOLD,casefold_only
data,it,B1,2584,seiden,zīda-,Zīda-,LV_DIACRITIC,
data,it,B1,2584,seiden,zīda-,Zīda-,MARKER_LEAK,lv_macron_consonant
data,lb,B1,2584,seiden,zīda-,Zīda-,SAME_AS_LV_CASEFOLD,casefold_only
data,lb,B1,2584,seiden,zīda-,Zīda-,LV_DIACRITIC,
data,lb,B1,2584,seiden,zīda-,Zīda-,MARKER_LEAK,lv_macron_consonant
data,nl,B1,2584,seiden,zīda-,Zīda-,SAME_AS_LV_CASEFOLD,casefold_only
data,nl,B1,2584,seiden,zīda-,Zīda-,LV_DIACRITIC,
data,nl,B1,2584,seiden,zīda-,Zīda-,MARKER_LEAK,lv_macron_consonant
data,sl,B1,2584,seiden,zīda-,zīda-,SAME_AS_LV_CASEFOLD,exact
data,sl,B1,2584,seiden,zīda-,zīda-,LV_DIACRITIC,
data,sl,B1,2584,seiden,zīda-,zīda-,MARKER_LEAK,lv_macron_consonant
data,fi,B1,2584,seiden,zīda-,Siid-,FAMILY_COPY_STRICT,fi+is+nb+nn+sv
data,is,B1,2584,seiden,zīda-,Siid-,FAMILY_COPY_STRICT,fi+is+nb+nn+sv
data,nb,B1,2584,seiden,zīda-,Siid-,FAMILY_COPY_STRICT,fi+is+nb+nn+sv
data,nn,B1,2584,seiden,zīda-,Siid-,FAMILY_COPY_STRICT,fi+is+nb+nn+sv
data,sv,B1,2584,seiden,zīda-,Siid-,FAMILY_COPY_STRICT,fi+is+nb+nn+sv
data,hr,B1,2584,seiden,zīda-,Свила-,FAMILY_COPY_STRICT,hr+mk+sr
data,mk,B1,2584,seiden,zīda-,Свила-,FAMILY_COPY_STRICT,hr+mk+sr
data,sr,B1,2584,seiden,zīda-,Свила-,FAMILY_COPY_STRICT,hr+mk+sr
data,it,B1,2584,seiden,zīda-,Zīda-,FAMILY_COPY_STRICT,it+lb+nl
data,lb,B1,2584,seiden,zīda-,Zīda-,FAMILY_COPY_STRICT,it+lb+nl
data,nl,B1,2584,seiden,zīda-,Zīda-,FAMILY_COPY_STRICT,it+lb+nl
data,pl,B1,2584,seiden,zīda-,Jedwab-,FAMILY_COPY_STRICT,pl+sk+sq+tr
data,sk,B1,2584,seiden,zīda-,Jedwab-,FAMILY_COPY_STRICT,pl+sk+sq+tr
data,sq,B1,2584,seiden,zīda-,Jedwab-,FAMILY_COPY_STRICT,pl+sk+sq+tr
data,tr,B1,2584,seiden,zīda-,Jedwab-,FAMILY_COPY_STRICT,pl+sk+sq+tr
data,sl,B1,2585,Seifenblase,ziepju burbulis,ziepju burbulis,SAME_AS_LV_CASEFOLD,exact
data,sq,B1,2585,Seifenblase,ziepju burbulis,Sabun köpüğü,MARKER_LEAK,tr_soft
data,sr,B1,2585,Seifenblase,ziepju burbulis,Balon,SCRIPT_MISMATCH,sr_as_cyrillic
data,sr,B1,2585,Seifenblase,ziepju burbulis,Balon,MARKER_LEAK,latin_in_cyrillic
data,bg,B1,2585,Seifenblase,ziepju burbulis,Балон,FAMILY_COPY_STRICT,bg+mk
data,mk,B1,2585,Seifenblase,ziepju burbulis,Балон,FAMILY_COPY_STRICT,bg+mk
data,fi,B1,2585,Seifenblase,ziepju burbulis,Seebimull,FAMILY_COPY_STRICT,fi+is+nb+nn+sv
data,is,B1,2585,Seifenblase,ziepju burbulis,Seebimull,FAMILY_COPY_STRICT,fi+is+nb+nn+sv
data,nb,B1,2585,Seifenblase,ziepju burbulis,Seebimull,FAMILY_COPY_STRICT,fi+is+nb+nn+sv
data,nn,B1,2585,Seifenblase,ziepju burbulis,Seebimull,FAMILY_COPY_STRICT,fi+is+nb+nn+sv
data,sv,B1,2585,Seifenblase,ziepju burbulis,Seebimull,FAMILY_COPY_STRICT,fi+is+nb+nn+sv
data,hr,B1,2585,Seifenblase,ziepju burbulis,Balon,FAMILY_COPY_STRICT,hr+sr
data,sr,B1,2585,Seifenblase,ziepju burbulis,Balon,FAMILY_COPY_STRICT,hr+sr
data,it,B1,2585,Seifenblase,ziepju burbulis,Zeepbel,FAMILY_COPY_STRICT,it+lb+nl
data,lb,B1,2585,Seifenblase,ziepju burbulis,Zeepbel,FAMILY_COPY_STRICT,it+lb+nl
data,nl,B1,2585,Seifenblase,ziepju burbulis,Zeepbel,FAMILY_COPY_STRICT,it+lb+nl
data,pl,B1,2585,Seifenblase,ziepju burbulis,Bańka mydlana,FAMILY_COPY_STRICT,pl+sk
data,sk,B1,2585,Seifenblase,ziepju burbulis,Bańka mydlana,FAMILY_COPY_STRICT,pl+sk
data,sq,B1,2585,Seifenblase,ziepju burbulis,Sabun köpüğü,FAMILY_COPY_STRICT,sq+tr
data,tr,B1,2585,Seifenblase,ziepju burbulis,Sabun köpüğü,FAMILY_COPY_STRICT,sq+tr
data,hr,B1,2586,Seifenoper,televīzijas seriāls,Телевизионен сериал,SCRIPT_MISMATCH,
data,hr,B1,2586,Seifenoper,televīzijas seriāls,Телевизионен сериал,MARKER_LEAK,foreign_script
data,it,B1,2586,Seifenoper,televīzijas seriāls,Televīzijas seriāls,SAME_AS_LV_CASEFOLD,casefold_only
data,it,B1,2586,Seifenoper,televīzijas seriāls,Televīzijas seriāls,LV_DIACRITIC,
data,it,B1,2586,Seifenoper,televīzijas seriāls,Televīzijas seriāls,MARKER_LEAK,lv_macron_consonant
data,lb,B1,2586,Seifenoper,televīzijas seriāls,Televīzijas seriāls,SAME_AS_LV_CASEFOLD,casefold_only
data,lb,B1,2586,Seifenoper,televīzijas seriāls,Televīzijas seriāls,LV_DIACRITIC,
data,lb,B1,2586,Seifenoper,televīzijas seriāls,Televīzijas seriāls,MARKER_LEAK,lv_macron_consonant
data,nl,B1,2586,Seifenoper,televīzijas seriāls,Televīzijas seriāls,SAME_AS_LV_CASEFOLD,casefold_only
data,nl,B1,2586,Seifenoper,televīzijas seriāls,Televīzijas seriāls,LV_DIACRITIC,
data,nl,B1,2586,Seifenoper,televīzijas seriāls,Televīzijas seriāls,MARKER_LEAK,lv_macron_consonant
data,sl,B1,2586,Seifenoper,televīzijas seriāls,televīzijas seriāls,SAME_AS_LV_CASEFOLD,exact
data,sl,B1,2586,Seifenoper,televīzijas seriāls,televīzijas seriāls,LV_DIACRITIC,
data,sl,B1,2586,Seifenoper,televīzijas seriāls,televīzijas seriāls,MARKER_LEAK,lv_macron_consonant
data,bg,B1,2586,Seifenoper,televīzijas seriāls,Телевизионен сериал,FAMILY_COPY_STRICT,bg+hr+mk+sr
data,hr,B1,2586,Seifenoper,televīzijas seriāls,Телевизионен сериал,FAMILY_COPY_STRICT,bg+hr+mk+sr
data,mk,B1,2586,Seifenoper,televīzijas seriāls,Телевизионен сериал,FAMILY_COPY_STRICT,bg+hr+mk+sr
data,sr,B1,2586,Seifenoper,televīzijas seriāls,Телевизионен сериал,FAMILY_COPY_STRICT,bg+hr+mk+sr
data,fi,B1,2586,Seifenoper,televīzijas seriāls,Seebiooper,FAMILY_COPY_STRICT,fi+is+nb+nn+sv
data,is,B1,2586,Seifenoper,televīzijas seriāls,Seebiooper,FAMILY_COPY_STRICT,fi+is+nb+nn+sv
data,nb,B1,2586,Seifenoper,televīzijas seriāls,Seebiooper,FAMILY_COPY_STRICT,fi+is+nb+nn+sv
data,nn,B1,2586,Seifenoper,televīzijas seriāls,Seebiooper,FAMILY_COPY_STRICT,fi+is+nb+nn+sv
data,sv,B1,2586,Seifenoper,televīzijas seriāls,Seebiooper,FAMILY_COPY_STRICT,fi+is+nb+nn+sv
data,it,B1,2586,Seifenoper,televīzijas seriāls,Televīzijas seriāls,FAMILY_COPY_STRICT,it+lb+nl
data,lb,B1,2586,Seifenoper,televīzijas seriāls,Televīzijas seriāls,FAMILY_COPY_STRICT,it+lb+nl
data,nl,B1,2586,Seifenoper,televīzijas seriāls,Televīzijas seriāls,FAMILY_COPY_STRICT,it+lb+nl
data,pl,B1,2586,Seifenoper,televīzijas seriāls,Serial telewizyjny,FAMILY_COPY_STRICT,pl+sk+sq+tr
data,sk,B1,2586,Seifenoper,televīzijas seriāls,Serial telewizyjny,FAMILY_COPY_STRICT,pl+sk+sq+tr
data,sq,B1,2586,Seifenoper,televīzijas seriāls,Serial telewizyjny,FAMILY_COPY_STRICT,pl+sk+sq+tr
data,tr,B1,2586,Seifenoper,televīzijas seriāls,Serial telewizyjny,FAMILY_COPY_STRICT,pl+sk+sq+tr
data,hr,B1,2587,Seifenschale,ziepju trauciņš,Кутия за сапун,SCRIPT_MISMATCH,
data,hr,B1,2587,Seifenschale,ziepju trauciņš,Кутия за сапун,MARKER_LEAK,foreign_script
data,it,B1,2587,Seifenschale,ziepju trauciņš,Ziepju trauciņš,SAME_AS_LV_CASEFOLD,casefold_only
data,it,B1,2587,Seifenschale,ziepju trauciņš,Ziepju trauciņš,LV_DIACRITIC,
data,it,B1,2587,Seifenschale,ziepju trauciņš,Ziepju trauciņš,MARKER_LEAK,lv_macron_consonant
data,lb,B1,2587,Seifenschale,ziepju trauciņš,Ziepju trauciņš,SAME_AS_LV_CASEFOLD,casefold_only
data,lb,B1,2587,Seifenschale,ziepju trauciņš,Ziepju trauciņš,LV_DIACRITIC,
data,lb,B1,2587,Seifenschale,ziepju trauciņš,Ziepju trauciņš,MARKER_LEAK,lv_macron_consonant
data,nl,B1,2587,Seifenschale,ziepju trauciņš,Ziepju trauciņš,SAME_AS_LV_CASEFOLD,casefold_only
data,nl,B1,2587,Seifenschale,ziepju trauciņš,Ziepju trauciņš,LV_DIACRITIC,
data,nl,B1,2587,Seifenschale,ziepju trauciņš,Ziepju trauciņš,MARKER_LEAK,lv_macron_consonant
data,pt,B1,2587,Seifenschale,ziepju trauciņš,Ziepju trauciņš,SAME_AS_LV_CASEFOLD,casefold_only
data,pt,B1,2587,Seifenschale,ziepju trauciņš,Ziepju trauciņš,LV_DIACRITIC,
data,pt,B1,2587,Seifenschale,ziepju trauciņš,Ziepju trauciņš,MARKER_LEAK,lv_macron_consonant
data,sl,B1,2587,Seifenschale,ziepju trauciņš,ziepju trauciņš,SAME_AS_LV_CASEFOLD,exact
data,sl,B1,2587,Seifenschale,ziepju trauciņš,ziepju trauciņš,LV_DIACRITIC,
data,sl,B1,2587,Seifenschale,ziepju trauciņš,ziepju trauciņš,MARKER_LEAK,lv_macron_consonant
data,bg,B1,2587,Seifenschale,ziepju trauciņš,Кутия за сапун,FAMILY_COPY_STRICT,bg+hr+mk+sr
data,hr,B1,2587,Seifenschale,ziepju trauciņš,Кутия за сапун,FAMILY_COPY_STRICT,bg+hr+mk+sr
data,mk,B1,2587,Seifenschale,ziepju trauciņš,Кутия за сапун,FAMILY_COPY_STRICT,bg+hr+mk+sr
data,sr,B1,2587,Seifenschale,ziepju trauciņš,Кутия за сапун,FAMILY_COPY_STRICT,bg+hr+mk+sr
data,fi,B1,2587,Seifenschale,ziepju trauciņš,Seebikarp,FAMILY_COPY_STRICT,fi+is+nb+nn+sv
data,is,B1,2587,Seifenschale,ziepju trauciņš,Seebikarp,FAMILY_COPY_STRICT,fi+is+nb+nn+sv
data,nb,B1,2587,Seifenschale,ziepju trauciņš,Seebikarp,FAMILY_COPY_STRICT,fi+is+nb+nn+sv
data,nn,B1,2587,Seifenschale,ziepju trauciņš,Seebikarp,FAMILY_COPY_STRICT,fi+is+nb+nn+sv
data,sv,B1,2587,Seifenschale,ziepju trauciņš,Seebikarp,FAMILY_COPY_STRICT,fi+is+nb+nn+sv
data,it,B1,2587,Seifenschale,ziepju trauciņš,Ziepju trauciņš,FAMILY_COPY_STRICT,it+lb+nl+pt
data,lb,B1,2587,Seifenschale,ziepju trauciņš,Ziepju trauciņš,FAMILY_COPY_STRICT,it+lb+nl+pt
data,nl,B1,2587,Seifenschale,ziepju trauciņš,Ziepju trauciņš,FAMILY_COPY_STRICT,it+lb+nl+pt
data,pt,B1,2587,Seifenschale,ziepju trauciņš,Ziepju trauciņš,FAMILY_COPY_STRICT,it+lb+nl+pt
data,pl,B1,2587,Seifenschale,ziepju trauciņš,Mydelniczka,FAMILY_COPY_STRICT,pl+sk+sq+tr
data,sk,B1,2587,Seifenschale,ziepju trauciņš,Mydelniczka,FAMILY_COPY_STRICT,pl+sk+sq+tr
data,sq,B1,2587,Seifenschale,ziepju trauciņš,Mydelniczka,FAMILY_COPY_STRICT,pl+sk+sq+tr
data,tr,B1,2587,Seifenschale,ziepju trauciņš,Mydelniczka,FAMILY_COPY_STRICT,pl+sk+sq+tr
data,hr,B1,2588,Seilbahn,trošu dzelzceļš,Жичарница,SCRIPT_MISMATCH,
data,hr,B1,2588,Seilbahn,trošu dzelzceļš,Жичарница,MARKER_LEAK,foreign_script
data,it,B1,2588,Seilbahn,trošu dzelzceļš,Trošu dzelzceļš,SAME_AS_LV_CASEFOLD,casefold_only
data,it,B1,2588,Seilbahn,trošu dzelzceļš,Trošu dzelzceļš,LV_DIACRITIC,
data,it,B1,2588,Seilbahn,trošu dzelzceļš,Trošu dzelzceļš,MARKER_LEAK,lv_macron_consonant
data,lb,B1,2588,Seilbahn,trošu dzelzceļš,Trošu dzelzceļš,SAME_AS_LV_CASEFOLD,casefold_only
data,lb,B1,2588,Seilbahn,trošu dzelzceļš,Trošu dzelzceļš,LV_DIACRITIC,
data,lb,B1,2588,Seilbahn,trošu dzelzceļš,Trošu dzelzceļš,MARKER_LEAK,lv_macron_consonant
data,nl,B1,2588,Seilbahn,trošu dzelzceļš,Trošu dzelzceļš,SAME_AS_LV_CASEFOLD,casefold_only
data,nl,B1,2588,Seilbahn,trošu dzelzceļš,Trošu dzelzceļš,LV_DIACRITIC,
data,nl,B1,2588,Seilbahn,trošu dzelzceļš,Trošu dzelzceļš,MARKER_LEAK,lv_macron_consonant
data,pt,B1,2588,Seilbahn,trošu dzelzceļš,Trošu dzelzceļš,SAME_AS_LV_CASEFOLD,casefold_only
data,pt,B1,2588,Seilbahn,trošu dzelzceļš,Trošu dzelzceļš,LV_DIACRITIC,
data,pt,B1,2588,Seilbahn,trošu dzelzceļš,Trošu dzelzceļš,MARKER_LEAK,lv_macron_consonant
data,sl,B1,2588,Seilbahn,trošu dzelzceļš,trošu dzelzceļš,SAME_AS_LV_CASEFOLD,exact
data,sl,B1,2588,Seilbahn,trošu dzelzceļš,trošu dzelzceļš,LV_DIACRITIC,
data,sl,B1,2588,Seilbahn,trošu dzelzceļš,trošu dzelzceļš,MARKER_LEAK,lv_macron_consonant
data,fi,B1,2588,Seilbahn,trošu dzelzceļš,Köisraudtee,FAMILY_COPY_STRICT,fi+is+nb+nn+sv
data,is,B1,2588,Seilbahn,trošu dzelzceļš,Köisraudtee,FAMILY_COPY_STRICT,fi+is+nb+nn+sv
data,nb,B1,2588,Seilbahn,trošu dzelzceļš,Köisraudtee,FAMILY_COPY_STRICT,fi+is+nb+nn+sv
data,nn,B1,2588,Seilbahn,trošu dzelzceļš,Köisraudtee,FAMILY_COPY_STRICT,fi+is+nb+nn+sv
data,sv,B1,2588,Seilbahn,trošu dzelzceļš,Köisraudtee,FAMILY_COPY_STRICT,fi+is+nb+nn+sv
data,hr,B1,2588,Seilbahn,trošu dzelzceļš,Жичарница,FAMILY_COPY_STRICT,hr+mk+sr
data,mk,B1,2588,Seilbahn,trošu dzelzceļš,Жичарница,FAMILY_COPY_STRICT,hr+mk+sr
data,sr,B1,2588,Seilbahn,trošu dzelzceļš,Жичарница,FAMILY_COPY_STRICT,hr+mk+sr
data,it,B1,2588,Seilbahn,trošu dzelzceļš,Trošu dzelzceļš,FAMILY_COPY_STRICT,it+lb+nl+pt
data,lb,B1,2588,Seilbahn,trošu dzelzceļš,Trošu dzelzceļš,FAMILY_COPY_STRICT,it+lb+nl+pt
data,nl,B1,2588,Seilbahn,trošu dzelzceļš,Trošu dzelzceļš,FAMILY_COPY_STRICT,it+lb+nl+pt
data,pt,B1,2588,Seilbahn,trošu dzelzceļš,Trošu dzelzceļš,FAMILY_COPY_STRICT,it+lb+nl+pt
data,pl,B1,2588,Seilbahn,trošu dzelzceļš,Kolejka linowa,FAMILY_COPY_STRICT,pl+sk+sq+tr
data,sk,B1,2588,Seilbahn,trošu dzelzceļš,Kolejka linowa,FAMILY_COPY_STRICT,pl+sk+sq+tr
data,sq,B1,2588,Seilbahn,trošu dzelzceļš,Kolejka linowa,FAMILY_COPY_STRICT,pl+sk+sq+tr
data,tr,B1,2588,Seilbahn,trošu dzelzceļš,Kolejka linowa,FAMILY_COPY_STRICT,pl+sk+sq+tr
data,hr,B1,2589,seinetwegen,viņa dēļ,Заради него,SCRIPT_MISMATCH,
data,hr,B1,2589,seinetwegen,viņa dēļ,Заради него,MARKER_LEAK,foreign_script
data,it,B1,2589,seinetwegen,viņa dēļ,Viņa dēļ,SAME_AS_LV_CASEFOLD,casefold_only
data,it,B1,2589,seinetwegen,viņa dēļ,Viņa dēļ,LV_DIACRITIC,
data,it,B1,2589,seinetwegen,viņa dēļ,Viņa dēļ,MARKER_LEAK,lv_macron_consonant
data,lb,B1,2589,seinetwegen,viņa dēļ,Viņa dēļ,SAME_AS_LV_CASEFOLD,casefold_only
data,lb,B1,2589,seinetwegen,viņa dēļ,Viņa dēļ,LV_DIACRITIC,
data,lb,B1,2589,seinetwegen,viņa dēļ,Viņa dēļ,MARKER_LEAK,lv_macron_consonant
data,nl,B1,2589,seinetwegen,viņa dēļ,Viņa dēļ,SAME_AS_LV_CASEFOLD,casefold_only
data,nl,B1,2589,seinetwegen,viņa dēļ,Viņa dēļ,LV_DIACRITIC,
data,nl,B1,2589,seinetwegen,viņa dēļ,Viņa dēļ,MARKER_LEAK,lv_macron_consonant
data,pt,B1,2589,seinetwegen,viņa dēļ,Viņa dēļ,SAME_AS_LV_CASEFOLD,casefold_only
data,pt,B1,2589,seinetwegen,viņa dēļ,Viņa dēļ,LV_DIACRITIC,
data,pt,B1,2589,seinetwegen,viņa dēļ,Viņa dēļ,MARKER_LEAK,lv_macron_consonant
data,sl,B1,2589,seinetwegen,viņa dēļ,viņa dēļ,SAME_AS_LV_CASEFOLD,exact
data,sl,B1,2589,seinetwegen,viņa dēļ,viņa dēļ,LV_DIACRITIC,
data,sl,B1,2589,seinetwegen,viņa dēļ,viņa dēļ,MARKER_LEAK,lv_macron_consonant
data,bg,B1,2589,seinetwegen,viņa dēļ,Заради него,FAMILY_COPY_STRICT,bg+hr+mk+sr
data,hr,B1,2589,seinetwegen,viņa dēļ,Заради него,FAMILY_COPY_STRICT,bg+hr+mk+sr
data,mk,B1,2589,seinetwegen,viņa dēļ,Заради него,FAMILY_COPY_STRICT,bg+hr+mk+sr
data,sr,B1,2589,seinetwegen,viņa dēļ,Заради него,FAMILY_COPY_STRICT,bg+hr+mk+sr
data,fi,B1,2589,seinetwegen,viņa dēļ,Tema pärast,FAMILY_COPY_STRICT,fi+is+nb+nn+sv
data,is,B1,2589,seinetwegen,viņa dēļ,Tema pärast,FAMILY_COPY_STRICT,fi+is+nb+nn+sv
data,nb,B1,2589,seinetwegen,viņa dēļ,Tema pärast,FAMILY_COPY_STRICT,fi+is+nb+nn+sv
data,nn,B1,2589,seinetwegen,viņa dēļ,Tema pärast,FAMILY_COPY_STRICT,fi+is+nb+nn+sv
data,sv,B1,2589,seinetwegen,viņa dēļ,Tema pärast,FAMILY_COPY_STRICT,fi+is+nb+nn+sv
data,it,B1,2589,seinetwegen,viņa dēļ,Viņa dēļ,FAMILY_COPY_STRICT,it+lb+nl+pt
data,lb,B1,2589,seinetwegen,viņa dēļ,Viņa dēļ,FAMILY_COPY_STRICT,it+lb+nl+pt
data,nl,B1,2589,seinetwegen,viņa dēļ,Viņa dēļ,FAMILY_COPY_STRICT,it+lb+nl+pt
data,pt,B1,2589,seinetwegen,viņa dēļ,Viņa dēļ,FAMILY_COPY_STRICT,it+lb+nl+pt
data,pl,B1,2589,seinetwegen,viņa dēļ,Z jego powodu,FAMILY_COPY_STRICT,pl+sk+sq+tr
data,sk,B1,2589,seinetwegen,viņa dēļ,Z jego powodu,FAMILY_COPY_STRICT,pl+sk+sq+tr
data,sq,B1,2589,seinetwegen,viņa dēļ,Z jego powodu,FAMILY_COPY_STRICT,pl+sk+sq+tr
data,tr,B1,2589,seinetwegen,viņa dēļ,Z jego powodu,FAMILY_COPY_STRICT,pl+sk+sq+tr
data,fi,B1,2590,seitwärts,uz sāniem,Kõrvale,MARKER_LEAK,et_otilde
data,hr,B1,2590,seitwärts,uz sāniem,На страна,SCRIPT_MISMATCH,
data,hr,B1,2590,seitwärts,uz sāniem,На страна,MARKER_LEAK,foreign_script
data,is,B1,2590,seitwärts,uz sāniem,Kõrvale,MARKER_LEAK,et_otilde
data,it,B1,2590,seitwärts,uz sāniem,Uz sāniem,SAME_AS_LV_CASEFOLD,casefold_only
data,it,B1,2590,seitwärts,uz sāniem,Uz sāniem,LV_DIACRITIC,
data,it,B1,2590,seitwärts,uz sāniem,Uz sāniem,MARKER_LEAK,lv_macron_consonant
data,lb,B1,2590,seitwärts,uz sāniem,Uz sāniem,SAME_AS_LV_CASEFOLD,casefold_only
data,lb,B1,2590,seitwärts,uz sāniem,Uz sāniem,LV_DIACRITIC,
data,lb,B1,2590,seitwärts,uz sāniem,Uz sāniem,MARKER_LEAK,lv_macron_consonant
data,nb,B1,2590,seitwärts,uz sāniem,Kõrvale,MARKER_LEAK,et_otilde
data,nl,B1,2590,seitwärts,uz sāniem,Uz sāniem,SAME_AS_LV_CASEFOLD,casefold_only
data,nl,B1,2590,seitwärts,uz sāniem,Uz sāniem,LV_DIACRITIC,
data,nl,B1,2590,seitwärts,uz sāniem,Uz sāniem,MARKER_LEAK,lv_macron_consonant
data,nn,B1,2590,seitwärts,uz sāniem,Kõrvale,MARKER_LEAK,et_otilde
data,pt,B1,2590,seitwärts,uz sāniem,Uz sāniem,SAME_AS_LV_CASEFOLD,casefold_only
data,pt,B1,2590,seitwärts,uz sāniem,Uz sāniem,LV_DIACRITIC,
data,pt,B1,2590,seitwärts,uz sāniem,Uz sāniem,MARKER_LEAK,lv_macron_consonant
data,sl,B1,2590,seitwärts,uz sāniem,uz sāniem,SAME_AS_LV_CASEFOLD,exact
data,sl,B1,2590,seitwärts,uz sāniem,uz sāniem,LV_DIACRITIC,
data,sl,B1,2590,seitwärts,uz sāniem,uz sāniem,MARKER_LEAK,lv_macron_consonant
data,sv,B1,2590,seitwärts,uz sāniem,Kõrvale,MARKER_LEAK,et_otilde
data,fi,B1,2590,seitwärts,uz sāniem,Kõrvale,FAMILY_COPY_STRICT,fi+is+nb+nn+sv
data,is,B1,2590,seitwärts,uz sāniem,Kõrvale,FAMILY_COPY_STRICT,fi+is+nb+nn+sv
data,nb,B1,2590,seitwärts,uz sāniem,Kõrvale,FAMILY_COPY_STRICT,fi+is+nb+nn+sv
data,nn,B1,2590,seitwärts,uz sāniem,Kõrvale,FAMILY_COPY_STRICT,fi+is+nb+nn+sv
data,sv,B1,2590,seitwärts,uz sāniem,Kõrvale,FAMILY_COPY_STRICT,fi+is+nb+nn+sv
data,hr,B1,2590,seitwärts,uz sāniem,На страна,FAMILY_COPY_STRICT,hr+mk+sr
data,mk,B1,2590,seitwärts,uz sāniem,На страна,FAMILY_COPY_STRICT,hr+mk+sr
data,sr,B1,2590,seitwärts,uz sāniem,На страна,FAMILY_COPY_STRICT,hr+mk+sr
data,it,B1,2590,seitwärts,uz sāniem,Uz sāniem,FAMILY_COPY_STRICT,it+lb+nl+pt
data,lb,B1,2590,seitwärts,uz sāniem,Uz sāniem,FAMILY_COPY_STRICT,it+lb+nl+pt
data,nl,B1,2590,seitwärts,uz sāniem,Uz sāniem,FAMILY_COPY_STRICT,it+lb+nl+pt
data,pt,B1,2590,seitwärts,uz sāniem,Uz sāniem,FAMILY_COPY_STRICT,it+lb+nl+pt
data,pl,B1,2590,seitwärts,uz sāniem,Na bok,FAMILY_COPY_STRICT,pl+sk
data,sk,B1,2590,seitwärts,uz sāniem,Na bok,FAMILY_COPY_STRICT,pl+sk
data,sq,B1,2590,seitwärts,uz sāniem,Bir kenara,FAMILY_COPY_STRICT,sq+tr
data,tr,B1,2590,seitwärts,uz sāniem,Bir kenara,FAMILY_COPY_STRICT,sq+tr
data,hr,B1,2591,Sekt,dzirkstošais vīns,Пенливо вино,SCRIPT_MISMATCH,
data,hr,B1,2591,Sekt,dzirkstošais vīns,Пенливо вино,MARKER_LEAK,foreign_script
data,it,B1,2591,Sekt,dzirkstošais vīns,Dzirkstošais vīns,SAME_AS_LV_CASEFOLD,casefold_only
data,it,B1,2591,Sekt,dzirkstošais vīns,Dzirkstošais vīns,LV_DIACRITIC,
data,it,B1,2591,Sekt,dzirkstošais vīns,Dzirkstošais vīns,MARKER_LEAK,lv_macron_consonant
data,lb,B1,2591,Sekt,dzirkstošais vīns,Dzirkstošais vīns,SAME_AS_LV_CASEFOLD,casefold_only
data,lb,B1,2591,Sekt,dzirkstošais vīns,Dzirkstošais vīns,LV_DIACRITIC,
data,lb,B1,2591,Sekt,dzirkstošais vīns,Dzirkstošais vīns,MARKER_LEAK,lv_macron_consonant
data,nl,B1,2591,Sekt,dzirkstošais vīns,Dzirkstošais vīns,SAME_AS_LV_CASEFOLD,casefold_only
data,nl,B1,2591,Sekt,dzirkstošais vīns,Dzirkstošais vīns,LV_DIACRITIC,
data,nl,B1,2591,Sekt,dzirkstošais vīns,Dzirkstošais vīns,MARKER_LEAK,lv_macron_consonant
data,pt,B1,2591,Sekt,dzirkstošais vīns,Vinhos Dzirkstošais,LV_DIACRITIC,
data,sk,B1,2591,Sekt,dzirkstošais vīns,Wino musujące,MARKER_LEAK,pl_lt_nasal
data,sl,B1,2591,Sekt,dzirkstošais vīns,dzirkstošais vīns,SAME_AS_LV_CASEFOLD,exact
data,sl,B1,2591,Sekt,dzirkstošais vīns,dzirkstošais vīns,LV_DIACRITIC,
data,sl,B1,2591,Sekt,dzirkstošais vīns,dzirkstošais vīns,MARKER_LEAK,lv_macron_consonant
data,bg,B1,2591,Sekt,dzirkstošais vīns,Пенливо вино,FAMILY_COPY_STRICT,bg+hr+mk+sr
data,hr,B1,2591,Sekt,dzirkstošais vīns,Пенливо вино,FAMILY_COPY_STRICT,bg+hr+mk+sr
data,mk,B1,2591,Sekt,dzirkstošais vīns,Пенливо вино,FAMILY_COPY_STRICT,bg+hr+mk+sr
data,sr,B1,2591,Sekt,dzirkstošais vīns,Пенливо вино,FAMILY_COPY_STRICT,bg+hr+mk+sr
data,fi,B1,2591,Sekt,dzirkstošais vīns,Vahuvein,FAMILY_COPY_STRICT,fi+is+nb+nn+sv
data,is,B1,2591,Sekt,dzirkstošais vīns,Vahuvein,FAMILY_COPY_STRICT,fi+is+nb+nn+sv
data,nb,B1,2591,Sekt,dzirkstošais vīns,Vahuvein,FAMILY_COPY_STRICT,fi+is+nb+nn+sv
data,nn,B1,2591,Sekt,dzirkstošais vīns,Vahuvein,FAMILY_COPY_STRICT,fi+is+nb+nn+sv
data,sv,B1,2591,Sekt,dzirkstošais vīns,Vahuvein,FAMILY_COPY_STRICT,fi+is+nb+nn+sv
data,it,B1,2591,Sekt,dzirkstošais vīns,Dzirkstošais vīns,FAMILY_COPY_STRICT,it+lb+nl
data,lb,B1,2591,Sekt,dzirkstošais vīns,Dzirkstošais vīns,FAMILY_COPY_STRICT,it+lb+nl
data,nl,B1,2591,Sekt,dzirkstošais vīns,Dzirkstošais vīns,FAMILY_COPY_STRICT,it+lb+nl
data,pl,B1,2591,Sekt,dzirkstošais vīns,Wino musujące,FAMILY_COPY_STRICT,pl+sk
data,sk,B1,2591,Sekt,dzirkstošais vīns,Wino musujące,FAMILY_COPY_STRICT,pl+sk
data,sq,B1,2591,Sekt,dzirkstošais vīns,Köpüklü şarap,FAMILY_COPY_STRICT,sq+tr
data,tr,B1,2591,Sekt,dzirkstošais vīns,Köpüklü şarap,FAMILY_COPY_STRICT,sq+tr
data,lt,B1,2592,Sektion,sekcija,sekcija,SAME_AS_LV_CASEFOLD,exact
data,sl,B1,2592,Sektion,sekcija,sekcija,SAME_AS_LV_CASEFOLD,exact
data,sr,B1,2592,Sektion,sekcija,-Glava.,SCRIPT_MISMATCH,sr_as_cyrillic
data,sr,B1,2592,Sektion,sekcija,-Glava.,MARKER_LEAK,latin_in_cyrillic
data,bg,B1,2592,Sektion,sekcija,Глава,FAMILY_COPY_STRICT,bg+mk
data,mk,B1,2592,Sektion,sekcija,Глава,FAMILY_COPY_STRICT,bg+mk
data,en,B1,2592,Sektion,sekcija,Section,FAMILY_COPY_STRICT,en+fr
data,fr,B1,2592,Sektion,sekcija,Section,FAMILY_COPY_STRICT,en+fr
data,fi,B1,2592,Sektion,sekcija,Sektsioon,FAMILY_COPY_STRICT,fi+is+nb+nn+sv
data,is,B1,2592,Sektion,sekcija,Sektsioon,FAMILY_COPY_STRICT,fi+is+nb+nn+sv
data,nb,B1,2592,Sektion,sekcija,Sektsioon,FAMILY_COPY_STRICT,fi+is+nb+nn+sv
data,nn,B1,2592,Sektion,sekcija,Sektsioon,FAMILY_COPY_STRICT,fi+is+nb+nn+sv
data,sv,B1,2592,Sektion,sekcija,Sektsioon,FAMILY_COPY_STRICT,fi+is+nb+nn+sv
data,hr,B1,2592,Sektion,sekcija,-Glava.,FAMILY_COPY_STRICT,hr+sr
data,sr,B1,2592,Sektion,sekcija,-Glava.,FAMILY_COPY_STRICT,hr+sr
data,it,B1,2592,Sektion,sekcija,Sectie,FAMILY_COPY_STRICT,it+lb+nl
data,lb,B1,2592,Sektion,sekcija,Sectie,FAMILY_COPY_STRICT,it+lb+nl
data,nl,B1,2592,Sektion,sekcija,Sectie,FAMILY_COPY_STRICT,it+lb+nl
data,pl,B1,2592,Sektion,sekcija,Sekcja,FAMILY_COPY_STRICT,pl+sk+sq+tr
data,sk,B1,2592,Sektion,sekcija,Sekcja,FAMILY_COPY_STRICT,pl+sk+sq+tr
data,sq,B1,2592,Sektion,sekcija,Sekcja,FAMILY_COPY_STRICT,pl+sk+sq+tr
data,tr,B1,2592,Sektion,sekcija,Sekcja,FAMILY_COPY_STRICT,pl+sk+sq+tr
data,hr,B1,2593,selbständig,patstāvīgs,Независим,SCRIPT_MISMATCH,
data,hr,B1,2593,selbständig,patstāvīgs,Независим,MARKER_LEAK,foreign_script
data,it,B1,2593,selbständig,patstāvīgs,Patstāvīgs,SAME_AS_LV_CASEFOLD,casefold_only
data,it,B1,2593,selbständig,patstāvīgs,Patstāvīgs,LV_DIACRITIC,
data,it,B1,2593,selbständig,patstāvīgs,Patstāvīgs,MARKER_LEAK,lv_macron_consonant
data,lb,B1,2593,selbständig,patstāvīgs,Patstāvīgs,SAME_AS_LV_CASEFOLD,casefold_only
data,lb,B1,2593,selbständig,patstāvīgs,Patstāvīgs,LV_DIACRITIC,
data,lb,B1,2593,selbständig,patstāvīgs,Patstāvīgs,MARKER_LEAK,lv_macron_consonant
data,nl,B1,2593,selbständig,patstāvīgs,Patstāvīgs,SAME_AS_LV_CASEFOLD,casefold_only
data,nl,B1,2593,selbständig,patstāvīgs,Patstāvīgs,LV_DIACRITIC,
data,nl,B1,2593,selbständig,patstāvīgs,Patstāvīgs,MARKER_LEAK,lv_macron_consonant
data,sk,B1,2593,selbständig,patstāvīgs,Niezależny,MARKER_LEAK,pl_l_s_z
data,sl,B1,2593,selbständig,patstāvīgs,patstāvīgs,SAME_AS_LV_CASEFOLD,exact
data,sl,B1,2593,selbständig,patstāvīgs,patstāvīgs,LV_DIACRITIC,
data,sl,B1,2593,selbständig,patstāvīgs,patstāvīgs,MARKER_LEAK,lv_macron_consonant
data,sq,B1,2593,selbständig,patstāvīgs,Bağımsız,MARKER_LEAK,tr_soft
data,bg,B1,2593,selbständig,patstāvīgs,Независим,FAMILY_COPY_STRICT,bg+hr+mk+sr
data,hr,B1,2593,selbständig,patstāvīgs,Независим,FAMILY_COPY_STRICT,bg+hr+mk+sr
data,mk,B1,2593,selbständig,patstāvīgs,Независим,FAMILY_COPY_STRICT,bg+hr+mk+sr
data,sr,B1,2593,selbständig,patstāvīgs,Независим,FAMILY_COPY_STRICT,bg+hr+mk+sr
data,en,B1,2593,selbständig,patstāvīgs,Independent,FAMILY_COPY_STRICT,en+ro
data,ro,B1,2593,selbständig,patstāvīgs,Independent,FAMILY_COPY_STRICT,en+ro
data,fi,B1,2593,selbständig,patstāvīgs,Iseseisev,FAMILY_COPY_STRICT,fi+is+nb+nn+sv
data,is,B1,2593,selbständig,patstāvīgs,Iseseisev,FAMILY_COPY_STRICT,fi+is+nb+nn+sv
data,nb,B1,2593,selbständig,patstāvīgs,Iseseisev,FAMILY_COPY_STRICT,fi+is+nb+nn+sv
data,nn,B1,2593,selbständig,patstāvīgs,Iseseisev,FAMILY_COPY_STRICT,fi+is+nb+nn+sv
data,sv,B1,2593,selbständig,patstāvīgs,Iseseisev,FAMILY_COPY_STRICT,fi+is+nb+nn+sv
data,it,B1,2593,selbständig,patstāvīgs,Patstāvīgs,FAMILY_COPY_STRICT,it+lb+nl
data,lb,B1,2593,selbständig,patstāvīgs,Patstāvīgs,FAMILY_COPY_STRICT,it+lb+nl
data,nl,B1,2593,selbständig,patstāvīgs,Patstāvīgs,FAMILY_COPY_STRICT,it+lb+nl
data,pl,B1,2593,selbständig,patstāvīgs,Niezależny,FAMILY_COPY_STRICT,pl+sk
data,sk,B1,2593,selbständig,patstāvīgs,Niezależny,FAMILY_COPY_STRICT,pl+sk
data,sq,B1,2593,selbständig,patstāvīgs,Bağımsız,FAMILY_COPY_STRICT,sq+tr
data,tr,B1,2593,selbständig,patstāvīgs,Bağımsız,FAMILY_COPY_STRICT,sq+tr
data,hr,B1,2594,selbstständig,patstāvīgs,Независим,SCRIPT_MISMATCH,
data,hr,B1,2594,selbstständig,patstāvīgs,Независим,MARKER_LEAK,foreign_script
data,it,B1,2594,selbstständig,patstāvīgs,Patstāvīgs,SAME_AS_LV_CASEFOLD,casefold_only
data,it,B1,2594,selbstständig,patstāvīgs,Patstāvīgs,LV_DIACRITIC,
data,it,B1,2594,selbstständig,patstāvīgs,Patstāvīgs,MARKER_LEAK,lv_macron_consonant
data,lb,B1,2594,selbstständig,patstāvīgs,Patstāvīgs,SAME_AS_LV_CASEFOLD,casefold_only
data,lb,B1,2594,selbstständig,patstāvīgs,Patstāvīgs,LV_DIACRITIC,
data,lb,B1,2594,selbstständig,patstāvīgs,Patstāvīgs,MARKER_LEAK,lv_macron_consonant
data,nl,B1,2594,selbstständig,patstāvīgs,Patstāvīgs,SAME_AS_LV_CASEFOLD,casefold_only
data,nl,B1,2594,selbstständig,patstāvīgs,Patstāvīgs,LV_DIACRITIC,
data,nl,B1,2594,selbstständig,patstāvīgs,Patstāvīgs,MARKER_LEAK,lv_macron_consonant
data,sk,B1,2594,selbstständig,patstāvīgs,Niezależny,MARKER_LEAK,pl_l_s_z
data,sl,B1,2594,selbstständig,patstāvīgs,patstāvīgs,SAME_AS_LV_CASEFOLD,exact
data,sl,B1,2594,selbstständig,patstāvīgs,patstāvīgs,LV_DIACRITIC,
data,sl,B1,2594,selbstständig,patstāvīgs,patstāvīgs,MARKER_LEAK,lv_macron_consonant
data,sq,B1,2594,selbstständig,patstāvīgs,Bağımsız,MARKER_LEAK,tr_soft
data,bg,B1,2594,selbstständig,patstāvīgs,Независим,FAMILY_COPY_STRICT,bg+hr+mk+sr
data,hr,B1,2594,selbstständig,patstāvīgs,Независим,FAMILY_COPY_STRICT,bg+hr+mk+sr
data,mk,B1,2594,selbstständig,patstāvīgs,Независим,FAMILY_COPY_STRICT,bg+hr+mk+sr
data,sr,B1,2594,selbstständig,patstāvīgs,Независим,FAMILY_COPY_STRICT,bg+hr+mk+sr
data,en,B1,2594,selbstständig,patstāvīgs,Independent,FAMILY_COPY_STRICT,en+ro
data,ro,B1,2594,selbstständig,patstāvīgs,Independent,FAMILY_COPY_STRICT,en+ro
data,fi,B1,2594,selbstständig,patstāvīgs,Iseseisev,FAMILY_COPY_STRICT,fi+is+nb+nn+sv
data,is,B1,2594,selbstständig,patstāvīgs,Iseseisev,FAMILY_COPY_STRICT,fi+is+nb+nn+sv
data,nb,B1,2594,selbstständig,patstāvīgs,Iseseisev,FAMILY_COPY_STRICT,fi+is+nb+nn+sv
data,nn,B1,2594,selbstständig,patstāvīgs,Iseseisev,FAMILY_COPY_STRICT,fi+is+nb+nn+sv
data,sv,B1,2594,selbstständig,patstāvīgs,Iseseisev,FAMILY_COPY_STRICT,fi+is+nb+nn+sv
data,it,B1,2594,selbstständig,patstāvīgs,Patstāvīgs,FAMILY_COPY_STRICT,it+lb+nl
data,lb,B1,2594,selbstständig,patstāvīgs,Patstāvīgs,FAMILY_COPY_STRICT,it+lb+nl
data,nl,B1,2594,selbstständig,patstāvīgs,Patstāvīgs,FAMILY_COPY_STRICT,it+lb+nl
data,pl,B1,2594,selbstständig,patstāvīgs,Niezależny,FAMILY_COPY_STRICT,pl+sk
data,sk,B1,2594,selbstständig,patstāvīgs,Niezależny,FAMILY_COPY_STRICT,pl+sk
data,sq,B1,2594,selbstständig,patstāvīgs,Bağımsız,FAMILY_COPY_STRICT,sq+tr
data,tr,B1,2594,selbstständig,patstāvīgs,Bağımsız,FAMILY_COPY_STRICT,sq+tr
data,hr,B1,2595,selbstbewusst,pašapzinīgs,Самоуверен,SCRIPT_MISMATCH,
data,hr,B1,2595,selbstbewusst,pašapzinīgs,Самоуверен,MARKER_LEAK,foreign_script
data,it,B1,2595,selbstbewusst,pašapzinīgs,Pašapzinīgs,SAME_AS_LV_CASEFOLD,casefold_only
data,it,B1,2595,selbstbewusst,pašapzinīgs,Pašapzinīgs,LV_DIACRITIC,
data,it,B1,2595,selbstbewusst,pašapzinīgs,Pašapzinīgs,MARKER_LEAK,lv_macron_consonant
data,lb,B1,2595,selbstbewusst,pašapzinīgs,Pašapzinīgs,SAME_AS_LV_CASEFOLD,casefold_only
data,lb,B1,2595,selbstbewusst,pašapzinīgs,Pašapzinīgs,LV_DIACRITIC,
data,lb,B1,2595,selbstbewusst,pašapzinīgs,Pašapzinīgs,MARKER_LEAK,lv_macron_consonant
data,nl,B1,2595,selbstbewusst,pašapzinīgs,Pašapzinīgs,SAME_AS_LV_CASEFOLD,casefold_only
data,nl,B1,2595,selbstbewusst,pašapzinīgs,Pašapzinīgs,LV_DIACRITIC,
data,nl,B1,2595,selbstbewusst,pašapzinīgs,Pašapzinīgs,MARKER_LEAK,lv_macron_consonant
data,sl,B1,2595,selbstbewusst,pašapzinīgs,pašapzinīgs,SAME_AS_LV_CASEFOLD,exact
data,sl,B1,2595,selbstbewusst,pašapzinīgs,pašapzinīgs,LV_DIACRITIC,
data,sl,B1,2595,selbstbewusst,pašapzinīgs,pašapzinīgs,MARKER_LEAK,lv_macron_consonant
data,bg,B1,2595,selbstbewusst,pašapzinīgs,Самоуверен,FAMILY_COPY_STRICT,bg+hr+mk+sr
data,hr,B1,2595,selbstbewusst,pašapzinīgs,Самоуверен,FAMILY_COPY_STRICT,bg+hr+mk+sr
data,mk,B1,2595,selbstbewusst,pašapzinīgs,Самоуверен,FAMILY_COPY_STRICT,bg+hr+mk+sr
data,sr,B1,2595,selbstbewusst,pašapzinīgs,Самоуверен,FAMILY_COPY_STRICT,bg+hr+mk+sr
data,fi,B1,2595,selbstbewusst,pašapzinīgs,Enesekindel,FAMILY_COPY_STRICT,fi+is+nb+nn+sv
data,is,B1,2595,selbstbewusst,pašapzinīgs,Enesekindel,FAMILY_COPY_STRICT,fi+is+nb+nn+sv
data,nb,B1,2595,selbstbewusst,pašapzinīgs,Enesekindel,FAMILY_COPY_STRICT,fi+is+nb+nn+sv
data,nn,B1,2595,selbstbewusst,pašapzinīgs,Enesekindel,FAMILY_COPY_STRICT,fi+is+nb+nn+sv
data,sv,B1,2595,selbstbewusst,pašapzinīgs,Enesekindel,FAMILY_COPY_STRICT,fi+is+nb+nn+sv
data,it,B1,2595,selbstbewusst,pašapzinīgs,Pašapzinīgs,FAMILY_COPY_STRICT,it+lb+nl
data,lb,B1,2595,selbstbewusst,pašapzinīgs,Pašapzinīgs,FAMILY_COPY_STRICT,it+lb+nl
data,nl,B1,2595,selbstbewusst,pašapzinīgs,Pašapzinīgs,FAMILY_COPY_STRICT,it+lb+nl
data,pl,B1,2595,selbstbewusst,pašapzinīgs,Pewny siebie,FAMILY_COPY_STRICT,pl+sk+sq+tr
data,sk,B1,2595,selbstbewusst,pašapzinīgs,Pewny siebie,FAMILY_COPY_STRICT,pl+sk+sq+tr
data,sq,B1,2595,selbstbewusst,pašapzinīgs,Pewny siebie,FAMILY_COPY_STRICT,pl+sk+sq+tr
data,tr,B1,2595,selbstbewusst,pašapzinīgs,Pewny siebie,FAMILY_COPY_STRICT,pl+sk+sq+tr
data,hr,B1,2596,Selbstbinder,kaklasaite,Вратоврска,SCRIPT_MISMATCH,
data,hr,B1,2596,Selbstbinder,kaklasaite,Вратоврска,MARKER_LEAK,foreign_script
data,it,B1,2596,Selbstbinder,kaklasaite,Kaklasaite,SAME_AS_LV_CASEFOLD,casefold_only
data,lb,B1,2596,Selbstbinder,kaklasaite,Kaklasaite,SAME_AS_LV_CASEFOLD,casefold_only
data,nl,B1,2596,Selbstbinder,kaklasaite,Kaklasaite,SAME_AS_LV_CASEFOLD,casefold_only
data,pt,B1,2596,Selbstbinder,kaklasaite,Kaklasaite,SAME_AS_LV_CASEFOLD,casefold_only
data,sl,B1,2596,Selbstbinder,kaklasaite,kaklasaite,SAME_AS_LV_CASEFOLD,exact
data,bs,B1,2596,Selbstbinder,kaklasaite,Kravata,FAMILY_COPY_STRICT,bs+cs
data,cs,B1,2596,Selbstbinder,kaklasaite,Kravata,FAMILY_COPY_STRICT,bs+cs
data,fi,B1,2596,Selbstbinder,kaklasaite,Lips,FAMILY_COPY_STRICT,fi+sv
data,sv,B1,2596,Selbstbinder,kaklasaite,Lips,FAMILY_COPY_STRICT,fi+sv
data,hr,B1,2596,Selbstbinder,kaklasaite,Вратоврска,FAMILY_COPY_STRICT,hr+mk+sr
data,mk,B1,2596,Selbstbinder,kaklasaite,Вратоврска,FAMILY_COPY_STRICT,hr+mk+sr
data,sr,B1,2596,Selbstbinder,kaklasaite,Вратоврска,FAMILY_COPY_STRICT,hr+mk+sr
data,is,B1,2596,Selbstbinder,kaklasaite,Lepper,FAMILY_COPY_STRICT,is+nb+nn
data,nb,B1,2596,Selbstbinder,kaklasaite,Lepper,FAMILY_COPY_STRICT,is+nb+nn
data,nn,B1,2596,Selbstbinder,kaklasaite,Lepper,FAMILY_COPY_STRICT,is+nb+nn
data,it,B1,2596,Selbstbinder,kaklasaite,Kaklasaite,FAMILY_COPY_STRICT,it+lb+nl+pt
data,lb,B1,2596,Selbstbinder,kaklasaite,Kaklasaite,FAMILY_COPY_STRICT,it+lb+nl+pt
data,nl,B1,2596,Selbstbinder,kaklasaite,Kaklasaite,FAMILY_COPY_STRICT,it+lb+nl+pt
data,pt,B1,2596,Selbstbinder,kaklasaite,Kaklasaite,FAMILY_COPY_STRICT,it+lb+nl+pt
data,pl,B1,2596,Selbstbinder,kaklasaite,Krawat,FAMILY_COPY_STRICT,pl+sk+sq+tr
data,sk,B1,2596,Selbstbinder,kaklasaite,Krawat,FAMILY_COPY_STRICT,pl+sk+sq+tr
data,sq,B1,2596,Selbstbinder,kaklasaite,Krawat,FAMILY_COPY_STRICT,pl+sk+sq+tr
data,tr,B1,2596,Selbstbinder,kaklasaite,Krawat,FAMILY_COPY_STRICT,pl+sk+sq+tr
data,hr,B1,2597,seltsam,savāds,Странно,SCRIPT_MISMATCH,
data,hr,B1,2597,seltsam,savāds,Странно,MARKER_LEAK,foreign_script
data,it,B1,2597,seltsam,savāds,Savāds,SAME_AS_LV_CASEFOLD,casefold_only
data,it,B1,2597,seltsam,savāds,Savāds,LV_DIACRITIC,
data,it,B1,2597,seltsam,savāds,Savāds,MARKER_LEAK,lv_macron_consonant
data,lb,B1,2597,seltsam,savāds,Savāds,SAME_AS_LV_CASEFOLD,casefold_only
data,lb,B1,2597,seltsam,savāds,Savāds,LV_DIACRITIC,
data,lb,B1,2597,seltsam,savāds,Savāds,MARKER_LEAK,lv_macron_consonant
data,nl,B1,2597,seltsam,savāds,Savāds,SAME_AS_LV_CASEFOLD,casefold_only
data,nl,B1,2597,seltsam,savāds,Savāds,LV_DIACRITIC,
data,nl,B1,2597,seltsam,savāds,Savāds,MARKER_LEAK,lv_macron_consonant
data,sl,B1,2597,seltsam,savāds,savāds,SAME_AS_LV_CASEFOLD,exact
data,sl,B1,2597,seltsam,savāds,savāds,LV_DIACRITIC,
data,sl,B1,2597,seltsam,savāds,savāds,MARKER_LEAK,lv_macron_consonant
data,bg,B1,2597,seltsam,savāds,Странно,FAMILY_COPY_STRICT,bg+hr+mk+sr
data,hr,B1,2597,seltsam,savāds,Странно,FAMILY_COPY_STRICT,bg+hr+mk+sr
data,mk,B1,2597,seltsam,savāds,Странно,FAMILY_COPY_STRICT,bg+hr+mk+sr
data,sr,B1,2597,seltsam,savāds,Странно,FAMILY_COPY_STRICT,bg+hr+mk+sr
data,fi,B1,2597,seltsam,savāds,Kummaline,FAMILY_COPY_STRICT,fi+is+nb+nn+sv
data,is,B1,2597,seltsam,savāds,Kummaline,FAMILY_COPY_STRICT,fi+is+nb+nn+sv
data,nb,B1,2597,seltsam,savāds,Kummaline,FAMILY_COPY_STRICT,fi+is+nb+nn+sv
data,nn,B1,2597,seltsam,savāds,Kummaline,FAMILY_COPY_STRICT,fi+is+nb+nn+sv
data,sv,B1,2597,seltsam,savāds,Kummaline,FAMILY_COPY_STRICT,fi+is+nb+nn+sv
data,it,B1,2597,seltsam,savāds,Savāds,FAMILY_COPY_STRICT,it+lb+nl
data,lb,B1,2597,seltsam,savāds,Savāds,FAMILY_COPY_STRICT,it+lb+nl
data,nl,B1,2597,seltsam,savāds,Savāds,FAMILY_COPY_STRICT,it+lb+nl
data,pl,B1,2597,seltsam,savāds,Dziwny,FAMILY_COPY_STRICT,pl+sk+sq+tr
data,sk,B1,2597,seltsam,savāds,Dziwny,FAMILY_COPY_STRICT,pl+sk+sq+tr
data,sq,B1,2597,seltsam,savāds,Dziwny,FAMILY_COPY_STRICT,pl+sk+sq+tr
data,tr,B1,2597,seltsam,savāds,Dziwny,FAMILY_COPY_STRICT,pl+sk+sq+tr
data,hr,B1,2598,Semester,semestris,Семестър,SCRIPT_MISMATCH,
data,hr,B1,2598,Semester,semestris,Семестър,MARKER_LEAK,foreign_script
data,it,B1,2598,Semester,semestris,Semestris,SAME_AS_LV_CASEFOLD,casefold_only
data,lb,B1,2598,Semester,semestris,Semestris,SAME_AS_LV_CASEFOLD,casefold_only
data,nl,B1,2598,Semester,semestris,Semestris,SAME_AS_LV_CASEFOLD,casefold_only
data,sl,B1,2598,Semester,semestris,semestris,SAME_AS_LV_CASEFOLD,exact
data,bg,B1,2598,Semester,semestris,Семестър,FAMILY_COPY_STRICT,bg+hr+mk+sr
data,hr,B1,2598,Semester,semestris,Семестър,FAMILY_COPY_STRICT,bg+hr+mk+sr
data,mk,B1,2598,Semester,semestris,Семестър,FAMILY_COPY_STRICT,bg+hr+mk+sr
data,sr,B1,2598,Semester,semestris,Семестър,FAMILY_COPY_STRICT,bg+hr+mk+sr
data,cs,B1,2598,Semester,semestris,Semestr,FAMILY_COPY_STRICT,cs+pl+sk+sq+tr
data,pl,B1,2598,Semester,semestris,Semestr,FAMILY_COPY_STRICT,cs+pl+sk+sq+tr
data,sk,B1,2598,Semester,semestris,Semestr,FAMILY_COPY_STRICT,cs+pl+sk+sq+tr
data,sq,B1,2598,Semester,semestris,Semestr,FAMILY_COPY_STRICT,cs+pl+sk+sq+tr
data,tr,B1,2598,Semester,semestris,Semestr,FAMILY_COPY_STRICT,cs+pl+sk+sq+tr
data,fr,B1,2598,Semester,semestris,Semestre,FAMILY_COPY_STRICT,fr+pt
data,pt,B1,2598,Semester,semestris,Semestre,FAMILY_COPY_STRICT,fr+pt
data,it,B1,2598,Semester,semestris,Semestris,FAMILY_COPY_STRICT,it+lb+nl
data,lb,B1,2598,Semester,semestris,Semestris,FAMILY_COPY_STRICT,it+lb+nl
data,nl,B1,2598,Semester,semestris,Semestris,FAMILY_COPY_STRICT,it+lb+nl
data,hr,B1,2599,senden,sūtīt,Изпратете,SCRIPT_MISMATCH,
data,hr,B1,2599,senden,sūtīt,Изпратете,MARKER_LEAK,foreign_script
data,nl,B1,2599,senden,sūtīt,Sūtīt,SAME_AS_LV_CASEFOLD,casefold_only
data,nl,B1,2599,senden,sūtīt,Sūtīt,LV_DIACRITIC,
data,nl,B1,2599,senden,sūtīt,Sūtīt,MARKER_LEAK,lv_macron_consonant+lv_u_macron
data,sl,B1,2599,senden,sūtīt,sūtīt,SAME_AS_LV_CASEFOLD,exact
data,sl,B1,2599,senden,sūtīt,sūtīt,LV_DIACRITIC,
data,sl,B1,2599,senden,sūtīt,sūtīt,MARKER_LEAK,lv_macron_consonant+lv_u_macron
data,bg,B1,2599,senden,sūtīt,Изпратете,FAMILY_COPY_STRICT,bg+hr+mk+sr
data,hr,B1,2599,senden,sūtīt,Изпратете,FAMILY_COPY_STRICT,bg+hr+mk+sr
data,mk,B1,2599,senden,sūtīt,Изпратете,FAMILY_COPY_STRICT,bg+hr+mk+sr
data,sr,B1,2599,senden,sūtīt,Изпратете,FAMILY_COPY_STRICT,bg+hr+mk+sr
data,fi,B1,2599,senden,sūtīt,Saatma,FAMILY_COPY_STRICT,fi+is+nb+nn+sv
data,is,B1,2599,senden,sūtīt,Saatma,FAMILY_COPY_STRICT,fi+is+nb+nn+sv
data,nb,B1,2599,senden,sūtīt,Saatma,FAMILY_COPY_STRICT,fi+is+nb+nn+sv
data,nn,B1,2599,senden,sūtīt,Saatma,FAMILY_COPY_STRICT,fi+is+nb+nn+sv
data,sv,B1,2599,senden,sūtīt,Saatma,FAMILY_COPY_STRICT,fi+is+nb+nn+sv
data,sq,B1,2599,senden,sūtīt,Göndermek,FAMILY_COPY_STRICT,sq+tr
data,tr,B1,2599,senden,sūtīt,Göndermek,FAMILY_COPY_STRICT,sq+tr
data,hr,B1,2600,Sender,raidītājs,Предавател,SCRIPT_MISMATCH,
data,hr,B1,2600,Sender,raidītājs,Предавател,MARKER_LEAK,foreign_script
data,it,B1,2600,Sender,raidītājs,Raidītājs,SAME_AS_LV_CASEFOLD,casefold_only
data,it,B1,2600,Sender,raidītājs,Raidītājs,LV_DIACRITIC,
data,it,B1,2600,Sender,raidītājs,Raidītājs,MARKER_LEAK,lv_macron_consonant
data,lb,B1,2600,Sender,raidītājs,Raidītājs,SAME_AS_LV_CASEFOLD,casefold_only
data,lb,B1,2600,Sender,raidītājs,Raidītājs,LV_DIACRITIC,
data,lb,B1,2600,Sender,raidītājs,Raidītājs,MARKER_LEAK,lv_macron_consonant
data,nl,B1,2600,Sender,raidītājs,Raidītājs,SAME_AS_LV_CASEFOLD,casefold_only
data,nl,B1,2600,Sender,raidītājs,Raidītājs,LV_DIACRITIC,
data,nl,B1,2600,Sender,raidītājs,Raidītājs,MARKER_LEAK,lv_macron_consonant
data,pt,B1,2600,Sender,raidītājs,Raidītājs,SAME_AS_LV_CASEFOLD,casefold_only
data,pt,B1,2600,Sender,raidītājs,Raidītājs,LV_DIACRITIC,
data,pt,B1,2600,Sender,raidītājs,Raidītājs,MARKER_LEAK,lv_macron_consonant
data,sl,B1,2600,Sender,raidītājs,raidītājs,SAME_AS_LV_CASEFOLD,exact
data,sl,B1,2600,Sender,raidītājs,raidītājs,LV_DIACRITIC,
data,sl,B1,2600,Sender,raidītājs,raidītājs,MARKER_LEAK,lv_macron_consonant
data,bg,B1,2600,Sender,raidītājs,Предавател,FAMILY_COPY_STRICT,bg+hr+mk+sr
data,hr,B1,2600,Sender,raidītājs,Предавател,FAMILY_COPY_STRICT,bg+hr+mk+sr
data,mk,B1,2600,Sender,raidītājs,Предавател,FAMILY_COPY_STRICT,bg+hr+mk+sr
data,sr,B1,2600,Sender,raidītājs,Предавател,FAMILY_COPY_STRICT,bg+hr+mk+sr
data,fi,B1,2600,Sender,raidītājs,Saatja,FAMILY_COPY_STRICT,fi+is+nb+nn+sv
data,is,B1,2600,Sender,raidītājs,Saatja,FAMILY_COPY_STRICT,fi+is+nb+nn+sv
data,nb,B1,2600,Sender,raidītājs,Saatja,FAMILY_COPY_STRICT,fi+is+nb+nn+sv
data,nn,B1,2600,Sender,raidītājs,Saatja,FAMILY_COPY_STRICT,fi+is+nb+nn+sv
data,sv,B1,2600,Sender,raidītājs,Saatja,FAMILY_COPY_STRICT,fi+is+nb+nn+sv
data,it,B1,2600,Sender,raidītājs,Raidītājs,FAMILY_COPY_STRICT,it+lb+nl+pt
data,lb,B1,2600,Sender,raidītājs,Raidītājs,FAMILY_COPY_STRICT,it+lb+nl+pt
data,nl,B1,2600,Sender,raidītājs,Raidītājs,FAMILY_COPY_STRICT,it+lb+nl+pt
data,pt,B1,2600,Sender,raidītājs,Raidītājs,FAMILY_COPY_STRICT,it+lb+nl+pt
data,pl,B1,2600,Sender,raidītājs,Nadajnik,FAMILY_COPY_STRICT,pl+sk
data,sk,B1,2600,Sender,raidītājs,Nadajnik,FAMILY_COPY_STRICT,pl+sk
data,sq,B1,2600,Sender,raidītājs,Verici,FAMILY_COPY_STRICT,sq+tr
data,tr,B1,2600,Sender,raidītājs,Verici,FAMILY_COPY_STRICT,sq+tr
data,hr,B1,2601,Sendung,sūtījums,Парти,SCRIPT_MISMATCH,
data,hr,B1,2601,Sendung,sūtījums,Парти,MARKER_LEAK,foreign_script
data,it,B1,2601,Sendung,sūtījums,Sūtījums,SAME_AS_LV_CASEFOLD,casefold_only
data,it,B1,2601,Sendung,sūtījums,Sūtījums,LV_DIACRITIC,
data,it,B1,2601,Sendung,sūtījums,Sūtījums,MARKER_LEAK,lv_macron_consonant+lv_u_macron
data,lb,B1,2601,Sendung,sūtījums,Sūtījums,SAME_AS_LV_CASEFOLD,casefold_only
data,lb,B1,2601,Sendung,sūtījums,Sūtījums,LV_DIACRITIC,
data,lb,B1,2601,Sendung,sūtījums,Sūtījums,MARKER_LEAK,lv_macron_consonant+lv_u_macron
data,nl,B1,2601,Sendung,sūtījums,Sūtījums,SAME_AS_LV_CASEFOLD,casefold_only
data,nl,B1,2601,Sendung,sūtījums,Sūtījums,LV_DIACRITIC,
data,nl,B1,2601,Sendung,sūtījums,Sūtījums,MARKER_LEAK,lv_macron_consonant+lv_u_macron
data,sk,B1,2601,Sendung,sūtījums,Przesyłka,MARKER_LEAK,pl_l_s_z
data,sl,B1,2601,Sendung,sūtījums,sūtījums,SAME_AS_LV_CASEFOLD,exact
data,sl,B1,2601,Sendung,sūtījums,sūtījums,LV_DIACRITIC,
data,sl,B1,2601,Sendung,sūtījums,sūtījums,MARKER_LEAK,lv_macron_consonant+lv_u_macron
data,bg,B1,2601,Sendung,sūtījums,Парти,FAMILY_COPY_STRICT,bg+hr+mk+sr
data,hr,B1,2601,Sendung,sūtījums,Парти,FAMILY_COPY_STRICT,bg+hr+mk+sr
data,mk,B1,2601,Sendung,sūtījums,Парти,FAMILY_COPY_STRICT,bg+hr+mk+sr
data,sr,B1,2601,Sendung,sūtījums,Парти,FAMILY_COPY_STRICT,bg+hr+mk+sr
data,fi,B1,2601,Sendung,sūtījums,Saadetis,FAMILY_COPY_STRICT,fi+is+nb+nn+sv
data,is,B1,2601,Sendung,sūtījums,Saadetis,FAMILY_COPY_STRICT,fi+is+nb+nn+sv
data,nb,B1,2601,Sendung,sūtījums,Saadetis,FAMILY_COPY_STRICT,fi+is+nb+nn+sv
data,nn,B1,2601,Sendung,sūtījums,Saadetis,FAMILY_COPY_STRICT,fi+is+nb+nn+sv
data,sv,B1,2601,Sendung,sūtījums,Saadetis,FAMILY_COPY_STRICT,fi+is+nb+nn+sv
data,it,B1,2601,Sendung,sūtījums,Sūtījums,FAMILY_COPY_STRICT,it+lb+nl
data,lb,B1,2601,Sendung,sūtījums,Sūtījums,FAMILY_COPY_STRICT,it+lb+nl
data,nl,B1,2601,Sendung,sūtījums,Sūtījums,FAMILY_COPY_STRICT,it+lb+nl
data,pl,B1,2601,Sendung,sūtījums,Przesyłka,FAMILY_COPY_STRICT,pl+sk
data,sk,B1,2601,Sendung,sūtījums,Przesyłka,FAMILY_COPY_STRICT,pl+sk
data,sq,B1,2601,Sendung,sūtījums,Teslimat,FAMILY_COPY_STRICT,sq+tr
data,tr,B1,2601,Sendung,sūtījums,Teslimat,FAMILY_COPY_STRICT,sq+tr
data,hr,B1,2602,Senior,seniors,Старши,SCRIPT_MISMATCH,
data,hr,B1,2602,Senior,seniors,Старши,MARKER_LEAK,foreign_script
data,it,B1,2602,Senior,seniors,Seniors,SAME_AS_LV_CASEFOLD,casefold_only
data,lb,B1,2602,Senior,seniors,Seniors,SAME_AS_LV_CASEFOLD,casefold_only
data,nl,B1,2602,Senior,seniors,Seniors,SAME_AS_LV_CASEFOLD,casefold_only
data,sl,B1,2602,Senior,seniors,seniors,SAME_AS_LV_CASEFOLD,exact
data,bg,B1,2602,Senior,seniors,Старши,FAMILY_COPY_STRICT,bg+hr+mk+sr
data,hr,B1,2602,Senior,seniors,Старши,FAMILY_COPY_STRICT,bg+hr+mk+sr
data,mk,B1,2602,Senior,seniors,Старши,FAMILY_COPY_STRICT,bg+hr+mk+sr
data,sr,B1,2602,Senior,seniors,Старши,FAMILY_COPY_STRICT,bg+hr+mk+sr
data,fi,B1,2602,Senior,seniors,Seenior,FAMILY_COPY_STRICT,fi+is+nb+nn+sv
data,is,B1,2602,Senior,seniors,Seenior,FAMILY_COPY_STRICT,fi+is+nb+nn+sv
data,nb,B1,2602,Senior,seniors,Seenior,FAMILY_COPY_STRICT,fi+is+nb+nn+sv
data,nn,B1,2602,Senior,seniors,Seenior,FAMILY_COPY_STRICT,fi+is+nb+nn+sv
data,sv,B1,2602,Senior,seniors,Seenior,FAMILY_COPY_STRICT,fi+is+nb+nn+sv
data,it,B1,2602,Senior,seniors,Seniors,FAMILY_COPY_STRICT,it+lb+nl
data,lb,B1,2602,Senior,seniors,Seniors,FAMILY_COPY_STRICT,it+lb+nl
data,nl,B1,2602,Senior,seniors,Seniors,FAMILY_COPY_STRICT,it+lb+nl
data,hr,B1,2603,senken,pazemināt,По-ниска,SCRIPT_MISMATCH,
data,hr,B1,2603,senken,pazemināt,По-ниска,MARKER_LEAK,foreign_script
data,it,B1,2603,senken,pazemināt,Pazemināt,SAME_AS_LV_CASEFOLD,casefold_only
data,it,B1,2603,senken,pazemināt,Pazemināt,LV_DIACRITIC,
data,it,B1,2603,senken,pazemināt,Pazemināt,MARKER_LEAK,lv_macron_consonant
data,lb,B1,2603,senken,pazemināt,Pazemināt,SAME_AS_LV_CASEFOLD,casefold_only
data,lb,B1,2603,senken,pazemināt,Pazemināt,LV_DIACRITIC,
data,lb,B1,2603,senken,pazemināt,Pazemināt,MARKER_LEAK,lv_macron_consonant
data,nl,B1,2603,senken,pazemināt,Pazemināt,SAME_AS_LV_CASEFOLD,casefold_only
data,nl,B1,2603,senken,pazemināt,Pazemināt,LV_DIACRITIC,
data,nl,B1,2603,senken,pazemināt,Pazemināt,MARKER_LEAK,lv_macron_consonant
data,sk,B1,2603,senken,pazemināt,Obniżyć,MARKER_LEAK,pl_l_s_z
data,sl,B1,2603,senken,pazemināt,pazemināt,SAME_AS_LV_CASEFOLD,exact
data,sl,B1,2603,senken,pazemināt,pazemināt,LV_DIACRITIC,
data,sl,B1,2603,senken,pazemināt,pazemināt,MARKER_LEAK,lv_macron_consonant
data,sq,B1,2603,senken,pazemināt,İndirmek için,MARKER_LEAK,tr_soft
data,bg,B1,2603,senken,pazemināt,По-ниска,FAMILY_COPY_STRICT,bg+hr+mk+sr
data,hr,B1,2603,senken,pazemināt,По-ниска,FAMILY_COPY_STRICT,bg+hr+mk+sr
data,mk,B1,2603,senken,pazemināt,По-ниска,FAMILY_COPY_STRICT,bg+hr+mk+sr
data,sr,B1,2603,senken,pazemināt,По-ниска,FAMILY_COPY_STRICT,bg+hr+mk+sr
data,fi,B1,2603,senken,pazemināt,Langetama,FAMILY_COPY_STRICT,fi+is+nb+nn+sv
data,is,B1,2603,senken,pazemināt,Langetama,FAMILY_COPY_STRICT,fi+is+nb+nn+sv
data,nb,B1,2603,senken,pazemināt,Langetama,FAMILY_COPY_STRICT,fi+is+nb+nn+sv
data,nn,B1,2603,senken,pazemināt,Langetama,FAMILY_COPY_STRICT,fi+is+nb+nn+sv
data,sv,B1,2603,senken,pazemināt,Langetama,FAMILY_COPY_STRICT,fi+is+nb+nn+sv
data,it,B1,2603,senken,pazemināt,Pazemināt,FAMILY_COPY_STRICT,it+lb+nl
data,lb,B1,2603,senken,pazemināt,Pazemināt,FAMILY_COPY_STRICT,it+lb+nl
data,nl,B1,2603,senken,pazemināt,Pazemināt,FAMILY_COPY_STRICT,it+lb+nl
data,pl,B1,2603,senken,pazemināt,Obniżyć,FAMILY_COPY_STRICT,pl+sk
data,sk,B1,2603,senken,pazemināt,Obniżyć,FAMILY_COPY_STRICT,pl+sk
data,sq,B1,2603,senken,pazemināt,İndirmek için,FAMILY_COPY_STRICT,sq+tr
data,tr,B1,2603,senken,pazemināt,İndirmek için,FAMILY_COPY_STRICT,sq+tr
data,hr,B1,2604,sich senken,kristies,Паѓање,SCRIPT_MISMATCH,
data,hr,B1,2604,sich senken,kristies,Паѓање,MARKER_LEAK,foreign_script
data,it,B1,2604,sich senken,kristies,Kristies,SAME_AS_LV_CASEFOLD,casefold_only
data,lb,B1,2604,sich senken,kristies,Kristies,SAME_AS_LV_CASEFOLD,casefold_only
data,nl,B1,2604,sich senken,kristies,Kristies,SAME_AS_LV_CASEFOLD,casefold_only
data,pt,B1,2604,sich senken,kristies,Kristies,SAME_AS_LV_CASEFOLD,casefold_only
data,sk,B1,2604,sich senken,kristies,Upaść,MARKER_LEAK,pl_l_s_z
data,sl,B1,2604,sich senken,kristies,kristies,SAME_AS_LV_CASEFOLD,exact
data,fi,B1,2604,sich senken,kristies,Langema,FAMILY_COPY_STRICT,fi+is+nb+nn+sv
data,is,B1,2604,sich senken,kristies,Langema,FAMILY_COPY_STRICT,fi+is+nb+nn+sv
data,nb,B1,2604,sich senken,kristies,Langema,FAMILY_COPY_STRICT,fi+is+nb+nn+sv
data,nn,B1,2604,sich senken,kristies,Langema,FAMILY_COPY_STRICT,fi+is+nb+nn+sv
data,sv,B1,2604,sich senken,kristies,Langema,FAMILY_COPY_STRICT,fi+is+nb+nn+sv
data,hr,B1,2604,sich senken,kristies,Паѓање,FAMILY_COPY_STRICT,hr+mk+sr
data,mk,B1,2604,sich senken,kristies,Паѓање,FAMILY_COPY_STRICT,hr+mk+sr
data,sr,B1,2604,sich senken,kristies,Паѓање,FAMILY_COPY_STRICT,hr+mk+sr
data,it,B1,2604,sich senken,kristies,Kristies,FAMILY_COPY_STRICT,it+lb+nl+pt
data,lb,B1,2604,sich senken,kristies,Kristies,FAMILY_COPY_STRICT,it+lb+nl+pt
data,nl,B1,2604,sich senken,kristies,Kristies,FAMILY_COPY_STRICT,it+lb+nl+pt
data,pt,B1,2604,sich senken,kristies,Kristies,FAMILY_COPY_STRICT,it+lb+nl+pt
data,pl,B1,2604,sich senken,kristies,Upaść,FAMILY_COPY_STRICT,pl+sk
data,sk,B1,2604,sich senken,kristies,Upaść,FAMILY_COPY_STRICT,pl+sk
data,sq,B1,2604,sich senken,kristies,Düşmek,FAMILY_COPY_STRICT,sq+tr
data,tr,B1,2604,sich senken,kristies,Düşmek,FAMILY_COPY_STRICT,sq+tr
data,hr,B1,2605,senkrecht,vertikāls,Вертикална,SCRIPT_MISMATCH,
data,hr,B1,2605,senkrecht,vertikāls,Вертикална,MARKER_LEAK,foreign_script
data,it,B1,2605,senkrecht,vertikāls,Vertikāls,SAME_AS_LV_CASEFOLD,casefold_only
data,it,B1,2605,senkrecht,vertikāls,Vertikāls,LV_DIACRITIC,
data,it,B1,2605,senkrecht,vertikāls,Vertikāls,MARKER_LEAK,lv_macron_consonant
data,lb,B1,2605,senkrecht,vertikāls,Vertikāls,SAME_AS_LV_CASEFOLD,casefold_only
data,lb,B1,2605,senkrecht,vertikāls,Vertikāls,LV_DIACRITIC,
data,lb,B1,2605,senkrecht,vertikāls,Vertikāls,MARKER_LEAK,lv_macron_consonant
data,nl,B1,2605,senkrecht,vertikāls,Vertikāls,SAME_AS_LV_CASEFOLD,casefold_only
data,nl,B1,2605,senkrecht,vertikāls,Vertikāls,LV_DIACRITIC,
data,nl,B1,2605,senkrecht,vertikāls,Vertikāls,MARKER_LEAK,lv_macron_consonant
data,sl,B1,2605,senkrecht,vertikāls,vertikāls,SAME_AS_LV_CASEFOLD,exact
data,sl,B1,2605,senkrecht,vertikāls,vertikāls,LV_DIACRITIC,
data,sl,B1,2605,senkrecht,vertikāls,vertikāls,MARKER_LEAK,lv_macron_consonant
data,bg,B1,2605,senkrecht,vertikāls,Вертикална,FAMILY_COPY_STRICT,bg+hr+mk+sr
data,hr,B1,2605,senkrecht,vertikāls,Вертикална,FAMILY_COPY_STRICT,bg+hr+mk+sr
data,mk,B1,2605,senkrecht,vertikāls,Вертикална,FAMILY_COPY_STRICT,bg+hr+mk+sr
data,sr,B1,2605,senkrecht,vertikāls,Вертикална,FAMILY_COPY_STRICT,bg+hr+mk+sr
data,en,B1,2605,senkrecht,vertikāls,Vertical,FAMILY_COPY_STRICT,en+pt+ro
data,pt,B1,2605,senkrecht,vertikāls,Vertical,FAMILY_COPY_STRICT,en+pt+ro
data,ro,B1,2605,senkrecht,vertikāls,Vertical,FAMILY_COPY_STRICT,en+pt+ro
data,fi,B1,2605,senkrecht,vertikāls,Vertikaalne,FAMILY_COPY_STRICT,fi+is+nb+nn+sv
data,is,B1,2605,senkrecht,vertikāls,Vertikaalne,FAMILY_COPY_STRICT,fi+is+nb+nn+sv
data,nb,B1,2605,senkrecht,vertikāls,Vertikaalne,FAMILY_COPY_STRICT,fi+is+nb+nn+sv
data,nn,B1,2605,senkrecht,vertikāls,Vertikaalne,FAMILY_COPY_STRICT,fi+is+nb+nn+sv
data,sv,B1,2605,senkrecht,vertikāls,Vertikaalne,FAMILY_COPY_STRICT,fi+is+nb+nn+sv
data,it,B1,2605,senkrecht,vertikāls,Vertikāls,FAMILY_COPY_STRICT,it+lb+nl
data,lb,B1,2605,senkrecht,vertikāls,Vertikāls,FAMILY_COPY_STRICT,it+lb+nl
data,nl,B1,2605,senkrecht,vertikāls,Vertikāls,FAMILY_COPY_STRICT,it+lb+nl
data,pl,B1,2605,senkrecht,vertikāls,Pionowy,FAMILY_COPY_STRICT,pl+sk+sq+tr
data,sk,B1,2605,senkrecht,vertikāls,Pionowy,FAMILY_COPY_STRICT,pl+sk+sq+tr
data,sq,B1,2605,senkrecht,vertikāls,Pionowy,FAMILY_COPY_STRICT,pl+sk+sq+tr
data,tr,B1,2605,senkrecht,vertikāls,Pionowy,FAMILY_COPY_STRICT,pl+sk+sq+tr
data,hr,B1,2606,Sensation,sensācija,Сензация,SCRIPT_MISMATCH,
data,hr,B1,2606,Sensation,sensācija,Сензация,MARKER_LEAK,foreign_script
data,it,B1,2606,Sensation,sensācija,Sensācija,SAME_AS_LV_CASEFOLD,casefold_only
data,it,B1,2606,Sensation,sensācija,Sensācija,LV_DIACRITIC,
data,it,B1,2606,Sensation,sensācija,Sensācija,MARKER_LEAK,lv_macron_consonant
data,lb,B1,2606,Sensation,sensācija,Sensācija,SAME_AS_LV_CASEFOLD,casefold_only
data,lb,B1,2606,Sensation,sensācija,Sensācija,LV_DIACRITIC,
data,lb,B1,2606,Sensation,sensācija,Sensācija,MARKER_LEAK,lv_macron_consonant
data,nl,B1,2606,Sensation,sensācija,Sensācija,SAME_AS_LV_CASEFOLD,casefold_only
data,nl,B1,2606,Sensation,sensācija,Sensācija,LV_DIACRITIC,
data,nl,B1,2606,Sensation,sensācija,Sensācija,MARKER_LEAK,lv_macron_consonant
data,sl,B1,2606,Sensation,sensācija,sensācija,SAME_AS_LV_CASEFOLD,exact
data,sl,B1,2606,Sensation,sensācija,sensācija,LV_DIACRITIC,
data,sl,B1,2606,Sensation,sensācija,sensācija,MARKER_LEAK,lv_macron_consonant
data,bg,B1,2606,Sensation,sensācija,Сензация,FAMILY_COPY_STRICT,bg+hr+mk+sr
data,hr,B1,2606,Sensation,sensācija,Сензация,FAMILY_COPY_STRICT,bg+hr+mk+sr
data,mk,B1,2606,Sensation,sensācija,Сензация,FAMILY_COPY_STRICT,bg+hr+mk+sr
data,sr,B1,2606,Sensation,sensācija,Сензация,FAMILY_COPY_STRICT,bg+hr+mk+sr
data,fi,B1,2606,Sensation,sensācija,Sensatsioon,FAMILY_COPY_STRICT,fi+is+nb+nn+sv
data,is,B1,2606,Sensation,sensācija,Sensatsioon,FAMILY_COPY_STRICT,fi+is+nb+nn+sv
data,nb,B1,2606,Sensation,sensācija,Sensatsioon,FAMILY_COPY_STRICT,fi+is+nb+nn+sv
data,nn,B1,2606,Sensation,sensācija,Sensatsioon,FAMILY_COPY_STRICT,fi+is+nb+nn+sv
data,sv,B1,2606,Sensation,sensācija,Sensatsioon,FAMILY_COPY_STRICT,fi+is+nb+nn+sv
data,it,B1,2606,Sensation,sensācija,Sensācija,FAMILY_COPY_STRICT,it+lb+nl
data,lb,B1,2606,Sensation,sensācija,Sensācija,FAMILY_COPY_STRICT,it+lb+nl
data,nl,B1,2606,Sensation,sensācija,Sensācija,FAMILY_COPY_STRICT,it+lb+nl
data,pl,B1,2606,Sensation,sensācija,Sensacja,FAMILY_COPY_STRICT,pl+sk+sq+tr
data,sk,B1,2606,Sensation,sensācija,Sensacja,FAMILY_COPY_STRICT,pl+sk+sq+tr
data,sq,B1,2606,Sensation,sensācija,Sensacja,FAMILY_COPY_STRICT,pl+sk+sq+tr
data,tr,B1,2606,Sensation,sensācija,Sensacja,FAMILY_COPY_STRICT,pl+sk+sq+tr
data,hr,B1,2607,Sense,izkapts,Ятаган,SCRIPT_MISMATCH,
data,hr,B1,2607,Sense,izkapts,Ятаган,MARKER_LEAK,foreign_script
data,it,B1,2607,Sense,izkapts,Izkapts,SAME_AS_LV_CASEFOLD,casefold_only
data,lb,B1,2607,Sense,izkapts,Izkapts,SAME_AS_LV_CASEFOLD,casefold_only
data,nl,B1,2607,Sense,izkapts,Izkapts,SAME_AS_LV_CASEFOLD,casefold_only
data,pt,B1,2607,Sense,izkapts,Izkapts,SAME_AS_LV_CASEFOLD,casefold_only
data,sl,B1,2607,Sense,izkapts,izkapts,SAME_AS_LV_CASEFOLD,exact
data,bg,B1,2607,Sense,izkapts,Ятаган,FAMILY_COPY_STRICT,bg+hr+mk+sr
data,hr,B1,2607,Sense,izkapts,Ятаган,FAMILY_COPY_STRICT,bg+hr+mk+sr
data,mk,B1,2607,Sense,izkapts,Ятаган,FAMILY_COPY_STRICT,bg+hr+mk+sr
data,sr,B1,2607,Sense,izkapts,Ятаган,FAMILY_COPY_STRICT,bg+hr+mk+sr
data,da,B1,2607,Sense,izkapts,Scythe,FAMILY_COPY_STRICT,da+en
data,en,B1,2607,Sense,izkapts,Scythe,FAMILY_COPY_STRICT,da+en
data,fi,B1,2607,Sense,izkapts,Vikat,FAMILY_COPY_STRICT,fi+is+nb+nn+sv
data,is,B1,2607,Sense,izkapts,Vikat,FAMILY_COPY_STRICT,fi+is+nb+nn+sv
data,nb,B1,2607,Sense,izkapts,Vikat,FAMILY_COPY_STRICT,fi+is+nb+nn+sv
data,nn,B1,2607,Sense,izkapts,Vikat,FAMILY_COPY_STRICT,fi+is+nb+nn+sv
data,sv,B1,2607,Sense,izkapts,Vikat,FAMILY_COPY_STRICT,fi+is+nb+nn+sv
data,it,B1,2607,Sense,izkapts,Izkapts,FAMILY_COPY_STRICT,it+lb+nl+pt
data,lb,B1,2607,Sense,izkapts,Izkapts,FAMILY_COPY_STRICT,it+lb+nl+pt
data,nl,B1,2607,Sense,izkapts,Izkapts,FAMILY_COPY_STRICT,it+lb+nl+pt
data,pt,B1,2607,Sense,izkapts,Izkapts,FAMILY_COPY_STRICT,it+lb+nl+pt
data,hr,B1,2608,Server,serveris,Сървър,SCRIPT_MISMATCH,
data,hr,B1,2608,Server,serveris,Сървър,MARKER_LEAK,foreign_script
data,it,B1,2608,Server,serveris,Serveris,SAME_AS_LV_CASEFOLD,casefold_only
data,lb,B1,2608,Server,serveris,Serveris,SAME_AS_LV_CASEFOLD,casefold_only
data,lt,B1,2608,Server,serveris,serveris,SAME_AS_LV_CASEFOLD,exact
data,nl,B1,2608,Server,serveris,Serveris,SAME_AS_LV_CASEFOLD,casefold_only
data,sl,B1,2608,Server,serveris,serveris,SAME_AS_LV_CASEFOLD,exact
data,bg,B1,2608,Server,serveris,Сървър,FAMILY_COPY_STRICT,bg+hr+mk+sr
data,hr,B1,2608,Server,serveris,Сървър,FAMILY_COPY_STRICT,bg+hr+mk+sr
data,mk,B1,2608,Server,serveris,Сървър,FAMILY_COPY_STRICT,bg+hr+mk+sr
data,sr,B1,2608,Server,serveris,Сървър,FAMILY_COPY_STRICT,bg+hr+mk+sr
data,it,B1,2608,Server,serveris,Serveris,FAMILY_COPY_STRICT,it+lb+nl
data,lb,B1,2608,Server,serveris,Serveris,FAMILY_COPY_STRICT,it+lb+nl
data,nl,B1,2608,Server,serveris,Serveris,FAMILY_COPY_STRICT,it+lb+nl
data,pl,B1,2608,Server,serveris,Serwer,FAMILY_COPY_STRICT,pl+sq+tr
data,sq,B1,2608,Server,serveris,Serwer,FAMILY_COPY_STRICT,pl+sq+tr
data,tr,B1,2608,Server,serveris,Serwer,FAMILY_COPY_STRICT,pl+sq+tr
data,hr,B1,2609,Setzei,vēršacs,Булсай,SCRIPT_MISMATCH,
data,hr,B1,2609,Setzei,vēršacs,Булсай,MARKER_LEAK,foreign_script
data,it,B1,2609,Setzei,vēršacs,Vēršacs,SAME_AS_LV_CASEFOLD,casefold_only
data,it,B1,2609,Setzei,vēršacs,Vēršacs,LV_DIACRITIC,
data,it,B1,2609,Setzei,vēršacs,Vēršacs,MARKER_LEAK,lv_macron_consonant
data,lb,B1,2609,Setzei,vēršacs,Vēršacs,SAME_AS_LV_CASEFOLD,casefold_only
data,lb,B1,2609,Setzei,vēršacs,Vēršacs,LV_DIACRITIC,
data,lb,B1,2609,Setzei,vēršacs,Vēršacs,MARKER_LEAK,lv_macron_consonant
data,nl,B1,2609,Setzei,vēršacs,Vēršacs,SAME_AS_LV_CASEFOLD,casefold_only
data,nl,B1,2609,Setzei,vēršacs,Vēršacs,LV_DIACRITIC,
data,nl,B1,2609,Setzei,vēršacs,Vēršacs,MARKER_LEAK,lv_macron_consonant
data,pt,B1,2609,Setzei,vēršacs,Vēršacs,SAME_AS_LV_CASEFOLD,casefold_only
data,pt,B1,2609,Setzei,vēršacs,Vēršacs,LV_DIACRITIC,
data,pt,B1,2609,Setzei,vēršacs,Vēršacs,MARKER_LEAK,lv_macron_consonant
data,sl,B1,2609,Setzei,vēršacs,vēršacs,SAME_AS_LV_CASEFOLD,exact
data,sl,B1,2609,Setzei,vēršacs,vēršacs,LV_DIACRITIC,
data,sl,B1,2609,Setzei,vēršacs,vēršacs,MARKER_LEAK,lv_macron_consonant
data,sq,B1,2609,Setzei,vēršacs,Boğa Gözü,MARKER_LEAK,tr_soft
data,bg,B1,2609,Setzei,vēršacs,Булсай,FAMILY_COPY_STRICT,bg+hr+mk+sr
data,hr,B1,2609,Setzei,vēršacs,Булсай,FAMILY_COPY_STRICT,bg+hr+mk+sr
data,mk,B1,2609,Setzei,vēršacs,Булсай,FAMILY_COPY_STRICT,bg+hr+mk+sr
data,sr,B1,2609,Setzei,vēršacs,Булсай,FAMILY_COPY_STRICT,bg+hr+mk+sr
data,da,B1,2609,Setzei,vēršacs,Bull's eye,FAMILY_COPY_STRICT,da+en
data,en,B1,2609,Setzei,vēršacs,Bull's eye,FAMILY_COPY_STRICT,da+en
data,fi,B1,2609,Setzei,vēršacs,Praemuna,FAMILY_COPY_STRICT,fi+is+nb+nn+sv
data,is,B1,2609,Setzei,vēršacs,Praemuna,FAMILY_COPY_STRICT,fi+is+nb+nn+sv
data,nb,B1,2609,Setzei,vēršacs,Praemuna,FAMILY_COPY_STRICT,fi+is+nb+nn+sv
data,nn,B1,2609,Setzei,vēršacs,Praemuna,FAMILY_COPY_STRICT,fi+is+nb+nn+sv
data,sv,B1,2609,Setzei,vēršacs,Praemuna,FAMILY_COPY_STRICT,fi+is+nb+nn+sv
data,it,B1,2609,Setzei,vēršacs,Vēršacs,FAMILY_COPY_STRICT,it+lb+nl+pt
data,lb,B1,2609,Setzei,vēršacs,Vēršacs,FAMILY_COPY_STRICT,it+lb+nl+pt
data,nl,B1,2609,Setzei,vēršacs,Vēršacs,FAMILY_COPY_STRICT,it+lb+nl+pt
data,pt,B1,2609,Setzei,vēršacs,Vēršacs,FAMILY_COPY_STRICT,it+lb+nl+pt
data,pl,B1,2609,Setzei,vēršacs,Oko byka,FAMILY_COPY_STRICT,pl+sk
data,sk,B1,2609,Setzei,vēršacs,Oko byka,FAMILY_COPY_STRICT,pl+sk
data,sq,B1,2609,Setzei,vēršacs,Boğa Gözü,FAMILY_COPY_STRICT,sq+tr
data,tr,B1,2609,Setzei,vēršacs,Boğa Gözü,FAMILY_COPY_STRICT,sq+tr
data,hr,B1,2610,seufzen,nopūsties,Въздишка,SCRIPT_MISMATCH,
data,hr,B1,2610,seufzen,nopūsties,Въздишка,MARKER_LEAK,foreign_script
data,it,B1,2610,seufzen,nopūsties,Nopūsties,SAME_AS_LV_CASEFOLD,casefold_only
data,it,B1,2610,seufzen,nopūsties,Nopūsties,LV_DIACRITIC,
data,it,B1,2610,seufzen,nopūsties,Nopūsties,MARKER_LEAK,lv_u_macron
data,lb,B1,2610,seufzen,nopūsties,Nopūsties,SAME_AS_LV_CASEFOLD,casefold_only
data,lb,B1,2610,seufzen,nopūsties,Nopūsties,LV_DIACRITIC,
data,lb,B1,2610,seufzen,nopūsties,Nopūsties,MARKER_LEAK,lv_u_macron
data,nl,B1,2610,seufzen,nopūsties,Nopūsties,SAME_AS_LV_CASEFOLD,casefold_only
data,nl,B1,2610,seufzen,nopūsties,Nopūsties,LV_DIACRITIC,
data,nl,B1,2610,seufzen,nopūsties,Nopūsties,MARKER_LEAK,lv_u_macron
data,sl,B1,2610,seufzen,nopūsties,nopūsties,SAME_AS_LV_CASEFOLD,exact
data,sl,B1,2610,seufzen,nopūsties,nopūsties,LV_DIACRITIC,
data,sl,B1,2610,seufzen,nopūsties,nopūsties,MARKER_LEAK,lv_u_macron
data,bg,B1,2610,seufzen,nopūsties,Въздишка,FAMILY_COPY_STRICT,bg+hr+mk+sr
data,hr,B1,2610,seufzen,nopūsties,Въздишка,FAMILY_COPY_STRICT,bg+hr+mk+sr
data,mk,B1,2610,seufzen,nopūsties,Въздишка,FAMILY_COPY_STRICT,bg+hr+mk+sr
data,sr,B1,2610,seufzen,nopūsties,Въздишка,FAMILY_COPY_STRICT,bg+hr+mk+sr
data,fi,B1,2610,seufzen,nopūsties,Ohkama,FAMILY_COPY_STRICT,fi+is+nb+nn+sv
data,is,B1,2610,seufzen,nopūsties,Ohkama,FAMILY_COPY_STRICT,fi+is+nb+nn+sv
data,nb,B1,2610,seufzen,nopūsties,Ohkama,FAMILY_COPY_STRICT,fi+is+nb+nn+sv
data,nn,B1,2610,seufzen,nopūsties,Ohkama,FAMILY_COPY_STRICT,fi+is+nb+nn+sv
data,sv,B1,2610,seufzen,nopūsties,Ohkama,FAMILY_COPY_STRICT,fi+is+nb+nn+sv
data,it,B1,2610,seufzen,nopūsties,Nopūsties,FAMILY_COPY_STRICT,it+lb+nl
data,lb,B1,2610,seufzen,nopūsties,Nopūsties,FAMILY_COPY_STRICT,it+lb+nl
data,nl,B1,2610,seufzen,nopūsties,Nopūsties,FAMILY_COPY_STRICT,it+lb+nl
data,pl,B1,2610,seufzen,nopūsties,Westchnienie,FAMILY_COPY_STRICT,pl+sk+sq+tr
data,sk,B1,2610,seufzen,nopūsties,Westchnienie,FAMILY_COPY_STRICT,pl+sk+sq+tr
data,sq,B1,2610,seufzen,nopūsties,Westchnienie,FAMILY_COPY_STRICT,pl+sk+sq+tr
data,tr,B1,2610,seufzen,nopūsties,Westchnienie,FAMILY_COPY_STRICT,pl+sk+sq+tr
data,hr,B1,2611,Sex,sekss,Секс,SCRIPT_MISMATCH,
data,hr,B1,2611,Sex,sekss,Секс,MARKER_LEAK,foreign_script
data,it,B1,2611,Sex,sekss,Sekss,SAME_AS_LV_CASEFOLD,casefold_only
data,lb,B1,2611,Sex,sekss,Sekss,SAME_AS_LV_CASEFOLD,casefold_only
data,nl,B1,2611,Sex,sekss,Sekss,SAME_AS_LV_CASEFOLD,casefold_only
data,sl,B1,2611,Sex,sekss,sekss,SAME_AS_LV_CASEFOLD,exact
data,bg,B1,2611,Sex,sekss,Секс,FAMILY_COPY_STRICT,bg+hr+mk+ru+sr
data,hr,B1,2611,Sex,sekss,Секс,FAMILY_COPY_STRICT,bg+hr+mk+ru+sr
data,mk,B1,2611,Sex,sekss,Секс,FAMILY_COPY_STRICT,bg+hr+mk+ru+sr
data,ru,B1,2611,Sex,sekss,Секс,FAMILY_COPY_STRICT,bg+hr+mk+ru+sr
data,sr,B1,2611,Sex,sekss,Секс,FAMILY_COPY_STRICT,bg+hr+mk+ru+sr
data,it,B1,2611,Sex,sekss,Sekss,FAMILY_COPY_STRICT,it+lb+nl
data,lb,B1,2611,Sex,sekss,Sekss,FAMILY_COPY_STRICT,it+lb+nl
data,nl,B1,2611,Sex,sekss,Sekss,FAMILY_COPY_STRICT,it+lb+nl
data,hr,B1,2612,sexy,seksīgs,Сексуален,SCRIPT_MISMATCH,
data,hr,B1,2612,sexy,seksīgs,Сексуален,MARKER_LEAK,foreign_script
data,it,B1,2612,sexy,seksīgs,Seksīgs,SAME_AS_LV_CASEFOLD,casefold_only
data,it,B1,2612,sexy,seksīgs,Seksīgs,LV_DIACRITIC,
data,it,B1,2612,sexy,seksīgs,Seksīgs,MARKER_LEAK,lv_macron_consonant
data,lb,B1,2612,sexy,seksīgs,Seksīgs,SAME_AS_LV_CASEFOLD,casefold_only
data,lb,B1,2612,sexy,seksīgs,Seksīgs,LV_DIACRITIC,
data,lb,B1,2612,sexy,seksīgs,Seksīgs,MARKER_LEAK,lv_macron_consonant
data,nl,B1,2612,sexy,seksīgs,Seksīgs,SAME_AS_LV_CASEFOLD,casefold_only
data,nl,B1,2612,sexy,seksīgs,Seksīgs,LV_DIACRITIC,
data,nl,B1,2612,sexy,seksīgs,Seksīgs,MARKER_LEAK,lv_macron_consonant
data,sl,B1,2612,sexy,seksīgs,seksīgs,SAME_AS_LV_CASEFOLD,exact
data,sl,B1,2612,sexy,seksīgs,seksīgs,LV_DIACRITIC,
data,sl,B1,2612,sexy,seksīgs,seksīgs,MARKER_LEAK,lv_macron_consonant
data,bg,B1,2612,sexy,seksīgs,Сексуален,FAMILY_COPY_STRICT,bg+hr+mk+sr
data,hr,B1,2612,sexy,seksīgs,Сексуален,FAMILY_COPY_STRICT,bg+hr+mk+sr
data,mk,B1,2612,sexy,seksīgs,Сексуален,FAMILY_COPY_STRICT,bg+hr+mk+sr
data,sr,B1,2612,sexy,seksīgs,Сексуален,FAMILY_COPY_STRICT,bg+hr+mk+sr
data,fi,B1,2612,sexy,seksīgs,Seksikas,FAMILY_COPY_STRICT,fi+is+nb+nn+sv
data,is,B1,2612,sexy,seksīgs,Seksikas,FAMILY_COPY_STRICT,fi+is+nb+nn+sv
data,nb,B1,2612,sexy,seksīgs,Seksikas,FAMILY_COPY_STRICT,fi+is+nb+nn+sv
data,nn,B1,2612,sexy,seksīgs,Seksikas,FAMILY_COPY_STRICT,fi+is+nb+nn+sv
data,sv,B1,2612,sexy,seksīgs,Seksikas,FAMILY_COPY_STRICT,fi+is+nb+nn+sv
data,it,B1,2612,sexy,seksīgs,Seksīgs,FAMILY_COPY_STRICT,it+lb+nl
data,lb,B1,2612,sexy,seksīgs,Seksīgs,FAMILY_COPY_STRICT,it+lb+nl
data,nl,B1,2612,sexy,seksīgs,Seksīgs,FAMILY_COPY_STRICT,it+lb+nl
data,pl,B1,2612,sexy,seksīgs,Seksowny,FAMILY_COPY_STRICT,pl+sk+sq+tr
data,sk,B1,2612,sexy,seksīgs,Seksowny,FAMILY_COPY_STRICT,pl+sk+sq+tr
data,sq,B1,2612,sexy,seksīgs,Seksowny,FAMILY_COPY_STRICT,pl+sk+sq+tr
data,tr,B1,2612,sexy,seksīgs,Seksowny,FAMILY_COPY_STRICT,pl+sk+sq+tr
data,hr,B1,2613,Sichel,sirpis,Сърп,SCRIPT_MISMATCH,
data,hr,B1,2613,Sichel,sirpis,Сърп,MARKER_LEAK,foreign_script
data,it,B1,2613,Sichel,sirpis,Sirpis,SAME_AS_LV_CASEFOLD,casefold_only
data,lb,B1,2613,Sichel,sirpis,Sirpis,SAME_AS_LV_CASEFOLD,casefold_only
data,nl,B1,2613,Sichel,sirpis,Sirpis,SAME_AS_LV_CASEFOLD,casefold_only
data,pt,B1,2613,Sichel,sirpis,Sirpis,SAME_AS_LV_CASEFOLD,casefold_only
data,sl,B1,2613,Sichel,sirpis,sirpis,SAME_AS_LV_CASEFOLD,exact
data,bg,B1,2613,Sichel,sirpis,Сърп,FAMILY_COPY_STRICT,bg+hr+mk+sr
data,hr,B1,2613,Sichel,sirpis,Сърп,FAMILY_COPY_STRICT,bg+hr+mk+sr
data,mk,B1,2613,Sichel,sirpis,Сърп,FAMILY_COPY_STRICT,bg+hr+mk+sr
data,sr,B1,2613,Sichel,sirpis,Сърп,FAMILY_COPY_STRICT,bg+hr+mk+sr
data,bs,B1,2613,Sichel,sirpis,Srp,FAMILY_COPY_STRICT,bs+cs
data,cs,B1,2613,Sichel,sirpis,Srp,FAMILY_COPY_STRICT,bs+cs
data,fi,B1,2613,Sichel,sirpis,Sirp,FAMILY_COPY_STRICT,fi+is+nb+nn+sv
data,is,B1,2613,Sichel,sirpis,Sirp,FAMILY_COPY_STRICT,fi+is+nb+nn+sv
data,nb,B1,2613,Sichel,sirpis,Sirp,FAMILY_COPY_STRICT,fi+is+nb+nn+sv
data,nn,B1,2613,Sichel,sirpis,Sirp,FAMILY_COPY_STRICT,fi+is+nb+nn+sv
data,sv,B1,2613,Sichel,sirpis,Sirp,FAMILY_COPY_STRICT,fi+is+nb+nn+sv
data,it,B1,2613,Sichel,sirpis,Sirpis,FAMILY_COPY_STRICT,it+lb+nl+pt
data,lb,B1,2613,Sichel,sirpis,Sirpis,FAMILY_COPY_STRICT,it+lb+nl+pt
data,nl,B1,2613,Sichel,sirpis,Sirpis,FAMILY_COPY_STRICT,it+lb+nl+pt
data,pt,B1,2613,Sichel,sirpis,Sirpis,FAMILY_COPY_STRICT,it+lb+nl+pt
data,pl,B1,2613,Sichel,sirpis,Sierp,FAMILY_COPY_STRICT,pl+sq+tr
data,sq,B1,2613,Sichel,sirpis,Sierp,FAMILY_COPY_STRICT,pl+sq+tr
data,tr,B1,2613,Sichel,sirpis,Sierp,FAMILY_COPY_STRICT,pl+sq+tr
data,hr,B1,2614,sichern,nodrošināt,Осигурете,SCRIPT_MISMATCH,
data,hr,B1,2614,sichern,nodrošināt,Осигурете,MARKER_LEAK,foreign_script
data,it,B1,2614,sichern,nodrošināt,Nodrošināt,SAME_AS_LV_CASEFOLD,casefold_only
data,it,B1,2614,sichern,nodrošināt,Nodrošināt,LV_DIACRITIC,
data,it,B1,2614,sichern,nodrošināt,Nodrošināt,MARKER_LEAK,lv_macron_consonant
data,lb,B1,2614,sichern,nodrošināt,Nodrošināt,SAME_AS_LV_CASEFOLD,casefold_only
data,lb,B1,2614,sichern,nodrošināt,Nodrošināt,LV_DIACRITIC,
data,lb,B1,2614,sichern,nodrošināt,Nodrošināt,MARKER_LEAK,lv_macron_consonant
data,nl,B1,2614,sichern,nodrošināt,Nodrošināt,SAME_AS_LV_CASEFOLD,casefold_only
data,nl,B1,2614,sichern,nodrošināt,Nodrošināt,LV_DIACRITIC,
data,nl,B1,2614,sichern,nodrošināt,Nodrošināt,MARKER_LEAK,lv_macron_consonant
data,pt,B1,2614,sichern,nodrošināt,Nodrošinat,LV_DIACRITIC,
data,sl,B1,2614,sichern,nodrošināt,nodrošināt,SAME_AS_LV_CASEFOLD,exact
data,sl,B1,2614,sichern,nodrošināt,nodrošināt,LV_DIACRITIC,
data,sl,B1,2614,sichern,nodrošināt,nodrošināt,MARKER_LEAK,lv_macron_consonant
data,sq,B1,2614,sichern,nodrošināt,Sağlamak için,MARKER_LEAK,tr_soft
data,bg,B1,2614,sichern,nodrošināt,Осигурете,FAMILY_COPY_STRICT,bg+hr+mk+sr
data,hr,B1,2614,sichern,nodrošināt,Осигурете,FAMILY_COPY_STRICT,bg+hr+mk+sr
data,mk,B1,2614,sichern,nodrošināt,Осигурете,FAMILY_COPY_STRICT,bg+hr+mk+sr
data,sr,B1,2614,sichern,nodrošināt,Осигурете,FAMILY_COPY_STRICT,bg+hr+mk+sr
data,fi,B1,2614,sichern,nodrošināt,Kindlustama,FAMILY_COPY_STRICT,fi+is+nb+nn+sv
data,is,B1,2614,sichern,nodrošināt,Kindlustama,FAMILY_COPY_STRICT,fi+is+nb+nn+sv
data,nb,B1,2614,sichern,nodrošināt,Kindlustama,FAMILY_COPY_STRICT,fi+is+nb+nn+sv
data,nn,B1,2614,sichern,nodrošināt,Kindlustama,FAMILY_COPY_STRICT,fi+is+nb+nn+sv
data,sv,B1,2614,sichern,nodrošināt,Kindlustama,FAMILY_COPY_STRICT,fi+is+nb+nn+sv
data,it,B1,2614,sichern,nodrošināt,Nodrošināt,FAMILY_COPY_STRICT,it+lb+nl
data,lb,B1,2614,sichern,nodrošināt,Nodrošināt,FAMILY_COPY_STRICT,it+lb+nl
data,nl,B1,2614,sichern,nodrošināt,Nodrošināt,FAMILY_COPY_STRICT,it+lb+nl
data,pl,B1,2614,sichern,nodrošināt,Zapewnić,FAMILY_COPY_STRICT,pl+sk
data,sk,B1,2614,sichern,nodrošināt,Zapewnić,FAMILY_COPY_STRICT,pl+sk
data,sq,B1,2614,sichern,nodrošināt,Sağlamak için,FAMILY_COPY_STRICT,sq+tr
data,tr,B1,2614,sichern,nodrošināt,Sağlamak için,FAMILY_COPY_STRICT,sq+tr
data,hr,B1,2615,sichtbar,redzams,Видими,SCRIPT_MISMATCH,
data,hr,B1,2615,sichtbar,redzams,Видими,MARKER_LEAK,foreign_script
data,it,B1,2615,sichtbar,redzams,Redzams,SAME_AS_LV_CASEFOLD,casefold_only
data,lb,B1,2615,sichtbar,redzams,Redzams,SAME_AS_LV_CASEFOLD,casefold_only
data,nl,B1,2615,sichtbar,redzams,Redzams,SAME_AS_LV_CASEFOLD,casefold_only
data,pt,B1,2615,sichtbar,redzams,Redzams,SAME_AS_LV_CASEFOLD,casefold_only
data,sl,B1,2615,sichtbar,redzams,redzams,SAME_AS_LV_CASEFOLD,exact
data,bg,B1,2615,sichtbar,redzams,Видими,FAMILY_COPY_STRICT,bg+hr+mk+sr
data,hr,B1,2615,sichtbar,redzams,Видими,FAMILY_COPY_STRICT,bg+hr+mk+sr
data,mk,B1,2615,sichtbar,redzams,Видими,FAMILY_COPY_STRICT,bg+hr+mk+sr
data,sr,B1,2615,sichtbar,redzams,Видими,FAMILY_COPY_STRICT,bg+hr+mk+sr
data,fi,B1,2615,sichtbar,redzams,Nähtav,FAMILY_COPY_STRICT,fi+is+nb+nn+sv
data,is,B1,2615,sichtbar,redzams,Nähtav,FAMILY_COPY_STRICT,fi+is+nb+nn+sv
data,nb,B1,2615,sichtbar,redzams,Nähtav,FAMILY_COPY_STRICT,fi+is+nb+nn+sv
data,nn,B1,2615,sichtbar,redzams,Nähtav,FAMILY_COPY_STRICT,fi+is+nb+nn+sv
data,sv,B1,2615,sichtbar,redzams,Nähtav,FAMILY_COPY_STRICT,fi+is+nb+nn+sv
data,it,B1,2615,sichtbar,redzams,Redzams,FAMILY_COPY_STRICT,it+lb+nl+pt
data,lb,B1,2615,sichtbar,redzams,Redzams,FAMILY_COPY_STRICT,it+lb+nl+pt
data,nl,B1,2615,sichtbar,redzams,Redzams,FAMILY_COPY_STRICT,it+lb+nl+pt
data,pt,B1,2615,sichtbar,redzams,Redzams,FAMILY_COPY_STRICT,it+lb+nl+pt
data,pl,B1,2615,sichtbar,redzams,Widoczny,FAMILY_COPY_STRICT,pl+sk+sq+tr
data,sk,B1,2615,sichtbar,redzams,Widoczny,FAMILY_COPY_STRICT,pl+sk+sq+tr
data,sq,B1,2615,sichtbar,redzams,Widoczny,FAMILY_COPY_STRICT,pl+sk+sq+tr
data,tr,B1,2615,sichtbar,redzams,Widoczny,FAMILY_COPY_STRICT,pl+sk+sq+tr
data,fi,B1,2616,Sieb,siets,Sõel,MARKER_LEAK,et_otilde
data,hr,B1,2616,Sieb,siets,Сито,SCRIPT_MISMATCH,
data,hr,B1,2616,Sieb,siets,Сито,MARKER_LEAK,foreign_script
data,is,B1,2616,Sieb,siets,Sõel,MARKER_LEAK,et_otilde
data,it,B1,2616,Sieb,siets,Siets,SAME_AS_LV_CASEFOLD,casefold_only
data,lb,B1,2616,Sieb,siets,Siets,SAME_AS_LV_CASEFOLD,casefold_only
data,nb,B1,2616,Sieb,siets,Sõel,MARKER_LEAK,et_otilde
data,nl,B1,2616,Sieb,siets,Siets,SAME_AS_LV_CASEFOLD,casefold_only
data,nn,B1,2616,Sieb,siets,Sõel,MARKER_LEAK,et_otilde
data,sl,B1,2616,Sieb,siets,siets,SAME_AS_LV_CASEFOLD,exact
data,sv,B1,2616,Sieb,siets,Sõel,MARKER_LEAK,et_otilde
data,bg,B1,2616,Sieb,siets,Сито,FAMILY_COPY_STRICT,bg+hr+mk+ru+sr
data,hr,B1,2616,Sieb,siets,Сито,FAMILY_COPY_STRICT,bg+hr+mk+ru+sr
data,mk,B1,2616,Sieb,siets,Сито,FAMILY_COPY_STRICT,bg+hr+mk+ru+sr
data,ru,B1,2616,Sieb,siets,Сито,FAMILY_COPY_STRICT,bg+hr+mk+ru+sr
data,sr,B1,2616,Sieb,siets,Сито,FAMILY_COPY_STRICT,bg+hr+mk+ru+sr
data,bs,B1,2616,Sieb,siets,Sito,FAMILY_COPY_STRICT,bs+pl+sk
data,pl,B1,2616,Sieb,siets,Sito,FAMILY_COPY_STRICT,bs+pl+sk
data,sk,B1,2616,Sieb,siets,Sito,FAMILY_COPY_STRICT,bs+pl+sk
data,fi,B1,2616,Sieb,siets,Sõel,FAMILY_COPY_STRICT,fi+is+nb+nn+sv
data,is,B1,2616,Sieb,siets,Sõel,FAMILY_COPY_STRICT,fi+is+nb+nn+sv
data,nb,B1,2616,Sieb,siets,Sõel,FAMILY_COPY_STRICT,fi+is+nb+nn+sv
data,nn,B1,2616,Sieb,siets,Sõel,FAMILY_COPY_STRICT,fi+is+nb+nn+sv
data,sv,B1,2616,Sieb,siets,Sõel,FAMILY_COPY_STRICT,fi+is+nb+nn+sv
data,it,B1,2616,Sieb,siets,Siets,FAMILY_COPY_STRICT,it+lb+nl
data,lb,B1,2616,Sieb,siets,Siets,FAMILY_COPY_STRICT,it+lb+nl
data,nl,B1,2616,Sieb,siets,Siets,FAMILY_COPY_STRICT,it+lb+nl
data,sq,B1,2616,Sieb,siets,Elek,FAMILY_COPY_STRICT,sq+tr
data,tr,B1,2616,Sieb,siets,Elek,FAMILY_COPY_STRICT,sq+tr
data,fi,B1,2617,sieben,sijāt,Sõeluma,MARKER_LEAK,et_otilde
data,hr,B1,2617,sieben,sijāt,Пресейте,SCRIPT_MISMATCH,
data,hr,B1,2617,sieben,sijāt,Пресейте,MARKER_LEAK,foreign_script
data,is,B1,2617,sieben,sijāt,Sõeluma,MARKER_LEAK,et_otilde
data,it,B1,2617,sieben,sijāt,Sijāt,SAME_AS_LV_CASEFOLD,casefold_only
data,it,B1,2617,sieben,sijāt,Sijāt,LV_DIACRITIC,
data,it,B1,2617,sieben,sijāt,Sijāt,MARKER_LEAK,lv_macron_consonant
data,lb,B1,2617,sieben,sijāt,Sijāt,SAME_AS_LV_CASEFOLD,casefold_only
data,lb,B1,2617,sieben,sijāt,Sijāt,LV_DIACRITIC,
data,lb,B1,2617,sieben,sijāt,Sijāt,MARKER_LEAK,lv_macron_consonant
data,nb,B1,2617,sieben,sijāt,Sõeluma,MARKER_LEAK,et_otilde
data,nl,B1,2617,sieben,sijāt,Sijāt,SAME_AS_LV_CASEFOLD,casefold_only
data,nl,B1,2617,sieben,sijāt,Sijāt,LV_DIACRITIC,
data,nl,B1,2617,sieben,sijāt,Sijāt,MARKER_LEAK,lv_macron_consonant
data,nn,B1,2617,sieben,sijāt,Sõeluma,MARKER_LEAK,et_otilde
data,sl,B1,2617,sieben,sijāt,sijāt,SAME_AS_LV_CASEFOLD,exact
data,sl,B1,2617,sieben,sijāt,sijāt,LV_DIACRITIC,
data,sl,B1,2617,sieben,sijāt,sijāt,MARKER_LEAK,lv_macron_consonant
data,sv,B1,2617,sieben,sijāt,Sõeluma,MARKER_LEAK,et_otilde
data,bg,B1,2617,sieben,sijāt,Пресейте,FAMILY_COPY_STRICT,bg+hr+mk+sr
data,hr,B1,2617,sieben,sijāt,Пресейте,FAMILY_COPY_STRICT,bg+hr+mk+sr
data,mk,B1,2617,sieben,sijāt,Пресейте,FAMILY_COPY_STRICT,bg+hr+mk+sr
data,sr,B1,2617,sieben,sijāt,Пресейте,FAMILY_COPY_STRICT,bg+hr+mk+sr
data,fi,B1,2617,sieben,sijāt,Sõeluma,FAMILY_COPY_STRICT,fi+is+nb+nn+sv
data,is,B1,2617,sieben,sijāt,Sõeluma,FAMILY_COPY_STRICT,fi+is+nb+nn+sv
data,nb,B1,2617,sieben,sijāt,Sõeluma,FAMILY_COPY_STRICT,fi+is+nb+nn+sv
data,nn,B1,2617,sieben,sijāt,Sõeluma,FAMILY_COPY_STRICT,fi+is+nb+nn+sv
data,sv,B1,2617,sieben,sijāt,Sõeluma,FAMILY_COPY_STRICT,fi+is+nb+nn+sv
data,it,B1,2617,sieben,sijāt,Sijāt,FAMILY_COPY_STRICT,it+lb+nl
data,lb,B1,2617,sieben,sijāt,Sijāt,FAMILY_COPY_STRICT,it+lb+nl
data,nl,B1,2617,sieben,sijāt,Sijāt,FAMILY_COPY_STRICT,it+lb+nl
data,pl,B1,2617,sieben,sijāt,Przesiać,FAMILY_COPY_STRICT,pl+sk
data,sk,B1,2617,sieben,sijāt,Przesiać,FAMILY_COPY_STRICT,pl+sk
data,sq,B1,2617,sieben,sijāt,Ele,FAMILY_COPY_STRICT,sq+tr
data,tr,B1,2617,sieben,sijāt,Ele,FAMILY_COPY_STRICT,sq+tr
data,hr,B1,2618,sieden,vārīties,Се вари,SCRIPT_MISMATCH,
data,hr,B1,2618,sieden,vārīties,Се вари,MARKER_LEAK,foreign_script
data,it,B1,2618,sieden,vārīties,Vārīties,SAME_AS_LV_CASEFOLD,casefold_only
data,it,B1,2618,sieden,vārīties,Vārīties,LV_DIACRITIC,
data,it,B1,2618,sieden,vārīties,Vārīties,MARKER_LEAK,lv_macron_consonant
data,lb,B1,2618,sieden,vārīties,Vārīties,SAME_AS_LV_CASEFOLD,casefold_only
data,lb,B1,2618,sieden,vārīties,Vārīties,LV_DIACRITIC,
data,lb,B1,2618,sieden,vārīties,Vārīties,MARKER_LEAK,lv_macron_consonant
data,nl,B1,2618,sieden,vārīties,Vārīties,SAME_AS_LV_CASEFOLD,casefold_only
data,nl,B1,2618,sieden,vārīties,Vārīties,LV_DIACRITIC,
data,nl,B1,2618,sieden,vārīties,Vārīties,MARKER_LEAK,lv_macron_consonant
data,sl,B1,2618,sieden,vārīties,vārīties,SAME_AS_LV_CASEFOLD,exact
data,sl,B1,2618,sieden,vārīties,vārīties,LV_DIACRITIC,
data,sl,B1,2618,sieden,vārīties,vārīties,MARKER_LEAK,lv_macron_consonant
data,fi,B1,2618,sieden,vārīties,Keema,FAMILY_COPY_STRICT,fi+is+nb+nn+sv
data,is,B1,2618,sieden,vārīties,Keema,FAMILY_COPY_STRICT,fi+is+nb+nn+sv
data,nb,B1,2618,sieden,vārīties,Keema,FAMILY_COPY_STRICT,fi+is+nb+nn+sv
data,nn,B1,2618,sieden,vārīties,Keema,FAMILY_COPY_STRICT,fi+is+nb+nn+sv
data,sv,B1,2618,sieden,vārīties,Keema,FAMILY_COPY_STRICT,fi+is+nb+nn+sv
data,hr,B1,2618,sieden,vārīties,Се вари,FAMILY_COPY_STRICT,hr+mk+sr
data,mk,B1,2618,sieden,vārīties,Се вари,FAMILY_COPY_STRICT,hr+mk+sr
data,sr,B1,2618,sieden,vārīties,Се вари,FAMILY_COPY_STRICT,hr+mk+sr
data,it,B1,2618,sieden,vārīties,Vārīties,FAMILY_COPY_STRICT,it+lb+nl
data,lb,B1,2618,sieden,vārīties,Vārīties,FAMILY_COPY_STRICT,it+lb+nl
data,nl,B1,2618,sieden,vārīties,Vārīties,FAMILY_COPY_STRICT,it+lb+nl
data,hr,B1,2619,Siedlung,ciemats,Село,SCRIPT_MISMATCH,
data,hr,B1,2619,Siedlung,ciemats,Село,MARKER_LEAK,foreign_script
data,it,B1,2619,Siedlung,ciemats,Ciemats,SAME_AS_LV_CASEFOLD,casefold_only
data,lb,B1,2619,Siedlung,ciemats,Ciemats,SAME_AS_LV_CASEFOLD,casefold_only
data,nl,B1,2619,Siedlung,ciemats,Ciemats,SAME_AS_LV_CASEFOLD,casefold_only
data,pt,B1,2619,Siedlung,ciemats,Ciemats,SAME_AS_LV_CASEFOLD,casefold_only
data,sl,B1,2619,Siedlung,ciemats,ciemats,SAME_AS_LV_CASEFOLD,exact
data,bg,B1,2619,Siedlung,ciemats,Село,FAMILY_COPY_STRICT,bg+hr+mk+sr
data,hr,B1,2619,Siedlung,ciemats,Село,FAMILY_COPY_STRICT,bg+hr+mk+sr
data,mk,B1,2619,Siedlung,ciemats,Село,FAMILY_COPY_STRICT,bg+hr+mk+sr
data,sr,B1,2619,Siedlung,ciemats,Село,FAMILY_COPY_STRICT,bg+hr+mk+sr
data,en,B1,2619,Siedlung,ciemats,Village,FAMILY_COPY_STRICT,en+fr
data,fr,B1,2619,Siedlung,ciemats,Village,FAMILY_COPY_STRICT,en+fr
data,fi,B1,2619,Siedlung,ciemats,Asula,FAMILY_COPY_STRICT,fi+is+nb+nn+sv
data,is,B1,2619,Siedlung,ciemats,Asula,FAMILY_COPY_STRICT,fi+is+nb+nn+sv
data,nb,B1,2619,Siedlung,ciemats,Asula,FAMILY_COPY_STRICT,fi+is+nb+nn+sv
data,nn,B1,2619,Siedlung,ciemats,Asula,FAMILY_COPY_STRICT,fi+is+nb+nn+sv
data,sv,B1,2619,Siedlung,ciemats,Asula,FAMILY_COPY_STRICT,fi+is+nb+nn+sv
data,it,B1,2619,Siedlung,ciemats,Ciemats,FAMILY_COPY_STRICT,it+lb+nl+pt
data,lb,B1,2619,Siedlung,ciemats,Ciemats,FAMILY_COPY_STRICT,it+lb+nl+pt
data,nl,B1,2619,Siedlung,ciemats,Ciemats,FAMILY_COPY_STRICT,it+lb+nl+pt
data,pt,B1,2619,Siedlung,ciemats,Ciemats,FAMILY_COPY_STRICT,it+lb+nl+pt
data,hr,B1,2620,Siegel,zīmogs,Печат,SCRIPT_MISMATCH,
data,hr,B1,2620,Siegel,zīmogs,Печат,MARKER_LEAK,foreign_script
data,it,B1,2620,Siegel,zīmogs,Zīmogs,SAME_AS_LV_CASEFOLD,casefold_only
data,it,B1,2620,Siegel,zīmogs,Zīmogs,LV_DIACRITIC,
data,it,B1,2620,Siegel,zīmogs,Zīmogs,MARKER_LEAK,lv_macron_consonant
data,lb,B1,2620,Siegel,zīmogs,Zīmogs,SAME_AS_LV_CASEFOLD,casefold_only
data,lb,B1,2620,Siegel,zīmogs,Zīmogs,LV_DIACRITIC,
data,lb,B1,2620,Siegel,zīmogs,Zīmogs,MARKER_LEAK,lv_macron_consonant
data,nl,B1,2620,Siegel,zīmogs,Zīmogs,SAME_AS_LV_CASEFOLD,casefold_only
data,nl,B1,2620,Siegel,zīmogs,Zīmogs,LV_DIACRITIC,
data,nl,B1,2620,Siegel,zīmogs,Zīmogs,MARKER_LEAK,lv_macron_consonant
data,sl,B1,2620,Siegel,zīmogs,zīmogs,SAME_AS_LV_CASEFOLD,exact
data,sl,B1,2620,Siegel,zīmogs,zīmogs,LV_DIACRITIC,
data,sl,B1,2620,Siegel,zīmogs,zīmogs,MARKER_LEAK,lv_macron_consonant
data,bg,B1,2620,Siegel,zīmogs,Печат,FAMILY_COPY_STRICT,bg+hr+mk+sr
data,hr,B1,2620,Siegel,zīmogs,Печат,FAMILY_COPY_STRICT,bg+hr+mk+sr
data,mk,B1,2620,Siegel,zīmogs,Печат,FAMILY_COPY_STRICT,bg+hr+mk+sr
data,sr,B1,2620,Siegel,zīmogs,Печат,FAMILY_COPY_STRICT,bg+hr+mk+sr
data,da,B1,2620,Siegel,zīmogs,Stempel,FAMILY_COPY_STRICT,da+pl
data,pl,B1,2620,Siegel,zīmogs,Stempel,FAMILY_COPY_STRICT,da+pl
data,fi,B1,2620,Siegel,zīmogs,Tempel,FAMILY_COPY_STRICT,fi+is+nb+nn+sv
data,is,B1,2620,Siegel,zīmogs,Tempel,FAMILY_COPY_STRICT,fi+is+nb+nn+sv
data,nb,B1,2620,Siegel,zīmogs,Tempel,FAMILY_COPY_STRICT,fi+is+nb+nn+sv
data,nn,B1,2620,Siegel,zīmogs,Tempel,FAMILY_COPY_STRICT,fi+is+nb+nn+sv
data,sv,B1,2620,Siegel,zīmogs,Tempel,FAMILY_COPY_STRICT,fi+is+nb+nn+sv
data,it,B1,2620,Siegel,zīmogs,Zīmogs,FAMILY_COPY_STRICT,it+lb+nl
data,lb,B1,2620,Siegel,zīmogs,Zīmogs,FAMILY_COPY_STRICT,it+lb+nl
data,nl,B1,2620,Siegel,zīmogs,Zīmogs,FAMILY_COPY_STRICT,it+lb+nl
data,sq,B1,2620,Siegel,zīmogs,Damga vurmak,FAMILY_COPY_STRICT,sq+tr
data,tr,B1,2620,Siegel,zīmogs,Damga vurmak,FAMILY_COPY_STRICT,sq+tr
data,fi,B1,2621,siegen,uzvarēt,Võitma,MARKER_LEAK,et_otilde
data,hr,B1,2621,siegen,uzvarēt,Победи,SCRIPT_MISMATCH,
data,hr,B1,2621,siegen,uzvarēt,Победи,MARKER_LEAK,foreign_script
data,lb,B1,2621,siegen,uzvarēt,Uzvarēt,SAME_AS_LV_CASEFOLD,casefold_only
data,lb,B1,2621,siegen,uzvarēt,Uzvarēt,LV_DIACRITIC,
data,lb,B1,2621,siegen,uzvarēt,Uzvarēt,MARKER_LEAK,lv_macron_consonant
data,nl,B1,2621,siegen,uzvarēt,Uzvarēt,SAME_AS_LV_CASEFOLD,casefold_only
data,nl,B1,2621,siegen,uzvarēt,Uzvarēt,LV_DIACRITIC,
data,nl,B1,2621,siegen,uzvarēt,Uzvarēt,MARKER_LEAK,lv_macron_consonant
data,sl,B1,2621,siegen,uzvarēt,uzvarēt,SAME_AS_LV_CASEFOLD,exact
data,sl,B1,2621,siegen,uzvarēt,uzvarēt,LV_DIACRITIC,
data,sl,B1,2621,siegen,uzvarēt,uzvarēt,MARKER_LEAK,lv_macron_consonant
data,sv,B1,2621,siegen,uzvarēt,Võitma,MARKER_LEAK,et_otilde
data,fi,B1,2621,siegen,uzvarēt,Võitma,FAMILY_COPY_STRICT,fi+sv
data,sv,B1,2621,siegen,uzvarēt,Võitma,FAMILY_COPY_STRICT,fi+sv
data,hr,B1,2621,siegen,uzvarēt,Победи,FAMILY_COPY_STRICT,hr+mk+sr
data,mk,B1,2621,siegen,uzvarēt,Победи,FAMILY_COPY_STRICT,hr+mk+sr
data,sr,B1,2621,siegen,uzvarēt,Победи,FAMILY_COPY_STRICT,hr+mk+sr
data,is,B1,2621,siegen,uzvarēt,Seier,FAMILY_COPY_STRICT,is+nb+nn
data,nb,B1,2621,siegen,uzvarēt,Seier,FAMILY_COPY_STRICT,is+nb+nn
data,nn,B1,2621,siegen,uzvarēt,Seier,FAMILY_COPY_STRICT,is+nb+nn
data,lb,B1,2621,siegen,uzvarēt,Uzvarēt,FAMILY_COPY_STRICT,lb+nl
data,nl,B1,2621,siegen,uzvarēt,Uzvarēt,FAMILY_COPY_STRICT,lb+nl
data,pl,B1,2621,siegen,uzvarēt,Wygrać,FAMILY_COPY_STRICT,pl+sk
data,sk,B1,2621,siegen,uzvarēt,Wygrać,FAMILY_COPY_STRICT,pl+sk
data,sq,B1,2621,siegen,uzvarēt,Kazanç,FAMILY_COPY_STRICT,sq+tr
data,tr,B1,2621,siegen,uzvarēt,Kazanç,FAMILY_COPY_STRICT,sq+tr
data,hr,B1,2622,Alarmsignal,trauksmes signāls,Предупреждение,SCRIPT_MISMATCH,
data,hr,B1,2622,Alarmsignal,trauksmes signāls,Предупреждение,MARKER_LEAK,foreign_script
data,it,B1,2622,Alarmsignal,trauksmes signāls,Trauksmes signāls,SAME_AS_LV_CASEFOLD,casefold_only
data,it,B1,2622,Alarmsignal,trauksmes signāls,Trauksmes signāls,LV_DIACRITIC,
data,it,B1,2622,Alarmsignal,trauksmes signāls,Trauksmes signāls,MARKER_LEAK,lv_macron_consonant
data,lb,B1,2622,Alarmsignal,trauksmes signāls,Trauksmes signāls,SAME_AS_LV_CASEFOLD,casefold_only
data,lb,B1,2622,Alarmsignal,trauksmes signāls,Trauksmes signāls,LV_DIACRITIC,
data,lb,B1,2622,Alarmsignal,trauksmes signāls,Trauksmes signāls,MARKER_LEAK,lv_macron_consonant
data,nl,B1,2622,Alarmsignal,trauksmes signāls,Trauksmes signāls,SAME_AS_LV_CASEFOLD,casefold_only
data,nl,B1,2622,Alarmsignal,trauksmes signāls,Trauksmes signāls,LV_DIACRITIC,
data,nl,B1,2622,Alarmsignal,trauksmes signāls,Trauksmes signāls,MARKER_LEAK,lv_macron_consonant
data,sk,B1,2622,Alarmsignal,trauksmes signāls,Sygnał alarmowy,MARKER_LEAK,pl_l_s_z
data,sl,B1,2622,Alarmsignal,trauksmes signāls,trauksmes signāls,SAME_AS_LV_CASEFOLD,exact
data,sl,B1,2622,Alarmsignal,trauksmes signāls,trauksmes signāls,LV_DIACRITIC,
data,sl,B1,2622,Alarmsignal,trauksmes signāls,trauksmes signāls,MARKER_LEAK,lv_macron_consonant
data,sq,B1,2622,Alarmsignal,trauksmes signāls,Sygnał alarmowy,MARKER_LEAK,pl_l_s_z
data,tr,B1,2622,Alarmsignal,trauksmes signāls,Sygnał alarmowy,MARKER_LEAK,pl_l_s_z
data,bg,B1,2622,Alarmsignal,trauksmes signāls,Предупреждение,FAMILY_COPY_STRICT,bg+hr+mk+sr
data,hr,B1,2622,Alarmsignal,trauksmes signāls,Предупреждение,FAMILY_COPY_STRICT,bg+hr+mk+sr
data,mk,B1,2622,Alarmsignal,trauksmes signāls,Предупреждение,FAMILY_COPY_STRICT,bg+hr+mk+sr
data,sr,B1,2622,Alarmsignal,trauksmes signāls,Предупреждение,FAMILY_COPY_STRICT,bg+hr+mk+sr
data,fi,B1,2622,Alarmsignal,trauksmes signāls,Häiresignaal,FAMILY_COPY_STRICT,fi+is+nb+nn+sv
data,is,B1,2622,Alarmsignal,trauksmes signāls,Häiresignaal,FAMILY_COPY_STRICT,fi+is+nb+nn+sv
data,nb,B1,2622,Alarmsignal,trauksmes signāls,Häiresignaal,FAMILY_COPY_STRICT,fi+is+nb+nn+sv
data,nn,B1,2622,Alarmsignal,trauksmes signāls,Häiresignaal,FAMILY_COPY_STRICT,fi+is+nb+nn+sv
data,sv,B1,2622,Alarmsignal,trauksmes signāls,Häiresignaal,FAMILY_COPY_STRICT,fi+is+nb+nn+sv
data,it,B1,2622,Alarmsignal,trauksmes signāls,Trauksmes signāls,FAMILY_COPY_STRICT,it+lb+nl
data,lb,B1,2622,Alarmsignal,trauksmes signāls,Trauksmes signāls,FAMILY_COPY_STRICT,it+lb+nl
data,nl,B1,2622,Alarmsignal,trauksmes signāls,Trauksmes signāls,FAMILY_COPY_STRICT,it+lb+nl
data,pl,B1,2622,Alarmsignal,trauksmes signāls,Sygnał alarmowy,FAMILY_COPY_STRICT,pl+sk+sq+tr
data,sk,B1,2622,Alarmsignal,trauksmes signāls,Sygnał alarmowy,FAMILY_COPY_STRICT,pl+sk+sq+tr
data,sq,B1,2622,Alarmsignal,trauksmes signāls,Sygnał alarmowy,FAMILY_COPY_STRICT,pl+sk+sq+tr
data,tr,B1,2622,Alarmsignal,trauksmes signāls,Sygnał alarmowy,FAMILY_COPY_STRICT,pl+sk+sq+tr
data,hr,B1,2623,Warnsignal,brīdinājuma signāls,Предупредителен сигнал,SCRIPT_MISMATCH,
data,hr,B1,2623,Warnsignal,brīdinājuma signāls,Предупредителен сигнал,MARKER_LEAK,foreign_script
data,it,B1,2623,Warnsignal,brīdinājuma signāls,Brīdinājuma signāls,SAME_AS_LV_CASEFOLD,casefold_only
data,it,B1,2623,Warnsignal,brīdinājuma signāls,Brīdinājuma signāls,LV_DIACRITIC,
data,it,B1,2623,Warnsignal,brīdinājuma signāls,Brīdinājuma signāls,MARKER_LEAK,lv_macron_consonant
data,lb,B1,2623,Warnsignal,brīdinājuma signāls,Brīdinājuma signāls,SAME_AS_LV_CASEFOLD,casefold_only
data,lb,B1,2623,Warnsignal,brīdinājuma signāls,Brīdinājuma signāls,LV_DIACRITIC,
data,lb,B1,2623,Warnsignal,brīdinājuma signāls,Brīdinājuma signāls,MARKER_LEAK,lv_macron_consonant
data,nl,B1,2623,Warnsignal,brīdinājuma signāls,Brīdinājuma signāls,SAME_AS_LV_CASEFOLD,casefold_only
data,nl,B1,2623,Warnsignal,brīdinājuma signāls,Brīdinājuma signāls,LV_DIACRITIC,
data,nl,B1,2623,Warnsignal,brīdinājuma signāls,Brīdinājuma signāls,MARKER_LEAK,lv_macron_consonant
data,pt,B1,2623,Warnsignal,brīdinājuma signāls,Sinais de Brīdinajuma,LV_DIACRITIC,
data,pt,B1,2623,Warnsignal,brīdinājuma signāls,Sinais de Brīdinajuma,MARKER_LEAK,lv_macron_consonant
data,sk,B1,2623,Warnsignal,brīdinājuma signāls,Sygnał ostrzegawczy,MARKER_LEAK,pl_l_s_z
data,sl,B1,2623,Warnsignal,brīdinājuma signāls,brīdinājuma signāls,SAME_AS_LV_CASEFOLD,exact
data,sl,B1,2623,Warnsignal,brīdinājuma signāls,brīdinājuma signāls,LV_DIACRITIC,
data,sl,B1,2623,Warnsignal,brīdinājuma signāls,brīdinājuma signāls,MARKER_LEAK,lv_macron_consonant
data,sq,B1,2623,Warnsignal,brīdinājuma signāls,Uyarı sinyali,MARKER_LEAK,tr_soft
data,bg,B1,2623,Warnsignal,brīdinājuma signāls,Предупредителен сигнал,FAMILY_COPY_STRICT,bg+hr+mk+sr
data,hr,B1,2623,Warnsignal,brīdinājuma signāls,Предупредителен сигнал,FAMILY_COPY_STRICT,bg+hr+mk+sr
data,mk,B1,2623,Warnsignal,brīdinājuma signāls,Предупредителен сигнал,FAMILY_COPY_STRICT,bg+hr+mk+sr
data,sr,B1,2623,Warnsignal,brīdinājuma signāls,Предупредителен сигнал,FAMILY_COPY_STRICT,bg+hr+mk+sr
data,fi,B1,2623,Warnsignal,brīdinājuma signāls,Hoiatussignaal,FAMILY_COPY_STRICT,fi+is+nb+nn+sv
data,is,B1,2623,Warnsignal,brīdinājuma signāls,Hoiatussignaal,FAMILY_COPY_STRICT,fi+is+nb+nn+sv
data,nb,B1,2623,Warnsignal,brīdinājuma signāls,Hoiatussignaal,FAMILY_COPY_STRICT,fi+is+nb+nn+sv
data,nn,B1,2623,Warnsignal,brīdinājuma signāls,Hoiatussignaal,FAMILY_COPY_STRICT,fi+is+nb+nn+sv
data,sv,B1,2623,Warnsignal,brīdinājuma signāls,Hoiatussignaal,FAMILY_COPY_STRICT,fi+is+nb+nn+sv
data,it,B1,2623,Warnsignal,brīdinājuma signāls,Brīdinājuma signāls,FAMILY_COPY_STRICT,it+lb+nl
data,lb,B1,2623,Warnsignal,brīdinājuma signāls,Brīdinājuma signāls,FAMILY_COPY_STRICT,it+lb+nl
data,nl,B1,2623,Warnsignal,brīdinājuma signāls,Brīdinājuma signāls,FAMILY_COPY_STRICT,it+lb+nl
data,pl,B1,2623,Warnsignal,brīdinājuma signāls,Sygnał ostrzegawczy,FAMILY_COPY_STRICT,pl+sk
data,sk,B1,2623,Warnsignal,brīdinājuma signāls,Sygnał ostrzegawczy,FAMILY_COPY_STRICT,pl+sk
data,sq,B1,2623,Warnsignal,brīdinājuma signāls,Uyarı sinyali,FAMILY_COPY_STRICT,sq+tr
data,tr,B1,2623,Warnsignal,brīdinājuma signāls,Uyarı sinyali,FAMILY_COPY_STRICT,sq+tr
data,hr,B1,2624,Blinksignal,gaismas signāls,Светлинен сигнал,SCRIPT_MISMATCH,
data,hr,B1,2624,Blinksignal,gaismas signāls,Светлинен сигнал,MARKER_LEAK,foreign_script
data,sk,B1,2624,Blinksignal,gaismas signāls,Sygnał świetlny,MARKER_LEAK,pl_l_s_z
data,sl,B1,2624,Blinksignal,gaismas signāls,gaismas signāls,SAME_AS_LV_CASEFOLD,exact
data,sl,B1,2624,Blinksignal,gaismas signāls,gaismas signāls,LV_DIACRITIC,
data,sl,B1,2624,Blinksignal,gaismas signāls,gaismas signāls,MARKER_LEAK,lv_macron_consonant
data,sq,B1,2624,Blinksignal,gaismas signāls,Işık sinyali,MARKER_LEAK,tr_soft
data,bg,B1,2624,Blinksignal,gaismas signāls,Светлинен сигнал,FAMILY_COPY_STRICT,bg+hr+mk+sr
data,hr,B1,2624,Blinksignal,gaismas signāls,Светлинен сигнал,FAMILY_COPY_STRICT,bg+hr+mk+sr
data,mk,B1,2624,Blinksignal,gaismas signāls,Светлинен сигнал,FAMILY_COPY_STRICT,bg+hr+mk+sr
data,sr,B1,2624,Blinksignal,gaismas signāls,Светлинен сигнал,FAMILY_COPY_STRICT,bg+hr+mk+sr
data,fi,B1,2624,Blinksignal,gaismas signāls,Valgussignaal,FAMILY_COPY_STRICT,fi+is+nb+nn+sv
data,is,B1,2624,Blinksignal,gaismas signāls,Valgussignaal,FAMILY_COPY_STRICT,fi+is+nb+nn+sv
data,nb,B1,2624,Blinksignal,gaismas signāls,Valgussignaal,FAMILY_COPY_STRICT,fi+is+nb+nn+sv
data,nn,B1,2624,Blinksignal,gaismas signāls,Valgussignaal,FAMILY_COPY_STRICT,fi+is+nb+nn+sv
data,sv,B1,2624,Blinksignal,gaismas signāls,Valgussignaal,FAMILY_COPY_STRICT,fi+is+nb+nn+sv
data,it,B1,2624,Blinksignal,gaismas signāls,Licht signaal,FAMILY_COPY_STRICT,it+lb+nl
data,lb,B1,2624,Blinksignal,gaismas signāls,Licht signaal,FAMILY_COPY_STRICT,it+lb+nl
data,nl,B1,2624,Blinksignal,gaismas signāls,Licht signaal,FAMILY_COPY_STRICT,it+lb+nl
data,pl,B1,2624,Blinksignal,gaismas signāls,Sygnał świetlny,FAMILY_COPY_STRICT,pl+sk
data,sk,B1,2624,Blinksignal,gaismas signāls,Sygnał świetlny,FAMILY_COPY_STRICT,pl+sk
data,sq,B1,2624,Blinksignal,gaismas signāls,Işık sinyali,FAMILY_COPY_STRICT,sq+tr
data,tr,B1,2624,Blinksignal,gaismas signāls,Işık sinyali,FAMILY_COPY_STRICT,sq+tr
data,hr,B1,2625,Rauchsignal,dūmu signāls,Сигнал за дим,SCRIPT_MISMATCH,
data,hr,B1,2625,Rauchsignal,dūmu signāls,Сигнал за дим,MARKER_LEAK,foreign_script
data,it,B1,2625,Rauchsignal,dūmu signāls,Dūmu signāls,SAME_AS_LV_CASEFOLD,casefold_only
data,it,B1,2625,Rauchsignal,dūmu signāls,Dūmu signāls,LV_DIACRITIC,
data,it,B1,2625,Rauchsignal,dūmu signāls,Dūmu signāls,MARKER_LEAK,lv_macron_consonant+lv_u_macron
data,lb,B1,2625,Rauchsignal,dūmu signāls,Dūmu signāls,SAME_AS_LV_CASEFOLD,casefold_only
data,lb,B1,2625,Rauchsignal,dūmu signāls,Dūmu signāls,LV_DIACRITIC,
data,lb,B1,2625,Rauchsignal,dūmu signāls,Dūmu signāls,MARKER_LEAK,lv_macron_consonant+lv_u_macron
data,nl,B1,2625,Rauchsignal,dūmu signāls,Dūmu signāls,SAME_AS_LV_CASEFOLD,casefold_only
data,nl,B1,2625,Rauchsignal,dūmu signāls,Dūmu signāls,LV_DIACRITIC,
data,nl,B1,2625,Rauchsignal,dūmu signāls,Dūmu signāls,MARKER_LEAK,lv_macron_consonant+lv_u_macron
data,sk,B1,2625,Rauchsignal,dūmu signāls,Sygnał dymny,MARKER_LEAK,pl_l_s_z
data,sl,B1,2625,Rauchsignal,dūmu signāls,dūmu signāls,SAME_AS_LV_CASEFOLD,exact
data,sl,B1,2625,Rauchsignal,dūmu signāls,dūmu signāls,LV_DIACRITIC,
data,sl,B1,2625,Rauchsignal,dūmu signāls,dūmu signāls,MARKER_LEAK,lv_macron_consonant+lv_u_macron
data,bg,B1,2625,Rauchsignal,dūmu signāls,Сигнал за дим,FAMILY_COPY_STRICT,bg+hr+mk+sr
data,hr,B1,2625,Rauchsignal,dūmu signāls,Сигнал за дим,FAMILY_COPY_STRICT,bg+hr+mk+sr
data,mk,B1,2625,Rauchsignal,dūmu signāls,Сигнал за дим,FAMILY_COPY_STRICT,bg+hr+mk+sr
data,sr,B1,2625,Rauchsignal,dūmu signāls,Сигнал за дим,FAMILY_COPY_STRICT,bg+hr+mk+sr
data,fi,B1,2625,Rauchsignal,dūmu signāls,Suitsusignaal,FAMILY_COPY_STRICT,fi+is+nb+nn+sv
data,is,B1,2625,Rauchsignal,dūmu signāls,Suitsusignaal,FAMILY_COPY_STRICT,fi+is+nb+nn+sv
data,nb,B1,2625,Rauchsignal,dūmu signāls,Suitsusignaal,FAMILY_COPY_STRICT,fi+is+nb+nn+sv
data,nn,B1,2625,Rauchsignal,dūmu signāls,Suitsusignaal,FAMILY_COPY_STRICT,fi+is+nb+nn+sv
data,sv,B1,2625,Rauchsignal,dūmu signāls,Suitsusignaal,FAMILY_COPY_STRICT,fi+is+nb+nn+sv
data,it,B1,2625,Rauchsignal,dūmu signāls,Dūmu signāls,FAMILY_COPY_STRICT,it+lb+nl
data,lb,B1,2625,Rauchsignal,dūmu signāls,Dūmu signāls,FAMILY_COPY_STRICT,it+lb+nl
data,nl,B1,2625,Rauchsignal,dūmu signāls,Dūmu signāls,FAMILY_COPY_STRICT,it+lb+nl
data,pl,B1,2625,Rauchsignal,dūmu signāls,Sygnał dymny,FAMILY_COPY_STRICT,pl+sk
data,sk,B1,2625,Rauchsignal,dūmu signāls,Sygnał dymny,FAMILY_COPY_STRICT,pl+sk
data,sq,B1,2625,Rauchsignal,dūmu signāls,Duman sinyali,FAMILY_COPY_STRICT,sq+tr
data,tr,B1,2625,Rauchsignal,dūmu signāls,Duman sinyali,FAMILY_COPY_STRICT,sq+tr
data,hr,B1,2626,Silbe,zilbe,Сричка,SCRIPT_MISMATCH,
data,hr,B1,2626,Silbe,zilbe,Сричка,MARKER_LEAK,foreign_script
data,it,B1,2626,Silbe,zilbe,Zilbe,SAME_AS_LV_CASEFOLD,casefold_only
data,lb,B1,2626,Silbe,zilbe,Zilbe,SAME_AS_LV_CASEFOLD,casefold_only
data,nl,B1,2626,Silbe,zilbe,Zilbe,SAME_AS_LV_CASEFOLD,casefold_only
data,pt,B1,2626,Silbe,zilbe,Zilbe,SAME_AS_LV_CASEFOLD,casefold_only
data,sl,B1,2626,Silbe,zilbe,zilbe,SAME_AS_LV_CASEFOLD,exact
data,bg,B1,2626,Silbe,zilbe,Сричка,FAMILY_COPY_STRICT,bg+hr+mk+sr
data,hr,B1,2626,Silbe,zilbe,Сричка,FAMILY_COPY_STRICT,bg+hr+mk+sr
data,mk,B1,2626,Silbe,zilbe,Сричка,FAMILY_COPY_STRICT,bg+hr+mk+sr
data,sr,B1,2626,Silbe,zilbe,Сричка,FAMILY_COPY_STRICT,bg+hr+mk+sr
data,fi,B1,2626,Silbe,zilbe,Silp,FAMILY_COPY_STRICT,fi+is+nb+nn+sv
data,is,B1,2626,Silbe,zilbe,Silp,FAMILY_COPY_STRICT,fi+is+nb+nn+sv
data,nb,B1,2626,Silbe,zilbe,Silp,FAMILY_COPY_STRICT,fi+is+nb+nn+sv
data,nn,B1,2626,Silbe,zilbe,Silp,FAMILY_COPY_STRICT,fi+is+nb+nn+sv
data,sv,B1,2626,Silbe,zilbe,Silp,FAMILY_COPY_STRICT,fi+is+nb+nn+sv
data,it,B1,2626,Silbe,zilbe,Zilbe,FAMILY_COPY_STRICT,it+lb+nl+pt
data,lb,B1,2626,Silbe,zilbe,Zilbe,FAMILY_COPY_STRICT,it+lb+nl+pt
data,nl,B1,2626,Silbe,zilbe,Zilbe,FAMILY_COPY_STRICT,it+lb+nl+pt
data,pt,B1,2626,Silbe,zilbe,Zilbe,FAMILY_COPY_STRICT,it+lb+nl+pt
data,pl,B1,2626,Silbe,zilbe,Sylaba,FAMILY_COPY_STRICT,pl+sk+sq+tr
data,sk,B1,2626,Silbe,zilbe,Sylaba,FAMILY_COPY_STRICT,pl+sk+sq+tr
data,sq,B1,2626,Silbe,zilbe,Sylaba,FAMILY_COPY_STRICT,pl+sk+sq+tr
data,tr,B1,2626,Silbe,zilbe,Sylaba,FAMILY_COPY_STRICT,pl+sk+sq+tr
data,fi,B1,2627,silbern,sudraba-,Hõbe-,MARKER_LEAK,et_otilde
data,hr,B1,2627,silbern,sudraba-,Сребро-,SCRIPT_MISMATCH,
data,hr,B1,2627,silbern,sudraba-,Сребро-,MARKER_LEAK,foreign_script
data,is,B1,2627,silbern,sudraba-,Hõbe-,MARKER_LEAK,et_otilde
data,it,B1,2627,silbern,sudraba-,Sudraba-,SAME_AS_LV_CASEFOLD,casefold_only
data,lb,B1,2627,silbern,sudraba-,Sudraba-,SAME_AS_LV_CASEFOLD,casefold_only
data,nb,B1,2627,silbern,sudraba-,Hõbe-,MARKER_LEAK,et_otilde
data,nl,B1,2627,silbern,sudraba-,Sudraba-,SAME_AS_LV_CASEFOLD,casefold_only
data,nn,B1,2627,silbern,sudraba-,Hõbe-,MARKER_LEAK,et_otilde
data,pt,B1,2627,silbern,sudraba-,Sudraba-,SAME_AS_LV_CASEFOLD,casefold_only
data,sl,B1,2627,silbern,sudraba-,sudraba-,SAME_AS_LV_CASEFOLD,exact
data,sv,B1,2627,silbern,sudraba-,Hõbe-,MARKER_LEAK,et_otilde
data,bg,B1,2627,silbern,sudraba-,Сребро-,FAMILY_COPY_STRICT,bg+hr+mk+sr
data,hr,B1,2627,silbern,sudraba-,Сребро-,FAMILY_COPY_STRICT,bg+hr+mk+sr
data,mk,B1,2627,silbern,sudraba-,Сребро-,FAMILY_COPY_STRICT,bg+hr+mk+sr
data,sr,B1,2627,silbern,sudraba-,Сребро-,FAMILY_COPY_STRICT,bg+hr+mk+sr
data,fi,B1,2627,silbern,sudraba-,Hõbe-,FAMILY_COPY_STRICT,fi+is+nb+nn+sv
data,is,B1,2627,silbern,sudraba-,Hõbe-,FAMILY_COPY_STRICT,fi+is+nb+nn+sv
data,nb,B1,2627,silbern,sudraba-,Hõbe-,FAMILY_COPY_STRICT,fi+is+nb+nn+sv
data,nn,B1,2627,silbern,sudraba-,Hõbe-,FAMILY_COPY_STRICT,fi+is+nb+nn+sv
data,sv,B1,2627,silbern,sudraba-,Hõbe-,FAMILY_COPY_STRICT,fi+is+nb+nn+sv
data,it,B1,2627,silbern,sudraba-,Sudraba-,FAMILY_COPY_STRICT,it+lb+nl+pt
data,lb,B1,2627,silbern,sudraba-,Sudraba-,FAMILY_COPY_STRICT,it+lb+nl+pt
data,nl,B1,2627,silbern,sudraba-,Sudraba-,FAMILY_COPY_STRICT,it+lb+nl+pt
data,pt,B1,2627,silbern,sudraba-,Sudraba-,FAMILY_COPY_STRICT,it+lb+nl+pt
data,pl,B1,2627,silbern,sudraba-,Srebrny-,FAMILY_COPY_STRICT,pl+sk+sq+tr
data,sk,B1,2627,silbern,sudraba-,Srebrny-,FAMILY_COPY_STRICT,pl+sk+sq+tr
data,sq,B1,2627,silbern,sudraba-,Srebrny-,FAMILY_COPY_STRICT,pl+sk+sq+tr
data,tr,B1,2627,silbern,sudraba-,Srebrny-,FAMILY_COPY_STRICT,pl+sk+sq+tr
data,bs,B1,2628,Sinfonie,simfonija,Simfonija,SAME_AS_LV_CASEFOLD,casefold_only
data,hr,B1,2628,Sinfonie,simfonija,Симфонија,SCRIPT_MISMATCH,
data,hr,B1,2628,Sinfonie,simfonija,Симфонија,MARKER_LEAK,foreign_script
data,it,B1,2628,Sinfonie,simfonija,Simfonija,SAME_AS_LV_CASEFOLD,casefold_only
data,lb,B1,2628,Sinfonie,simfonija,Simfonija,SAME_AS_LV_CASEFOLD,casefold_only
data,lt,B1,2628,Sinfonie,simfonija,simfonija,SAME_AS_LV_CASEFOLD,exact
data,nl,B1,2628,Sinfonie,simfonija,Simfonija,SAME_AS_LV_CASEFOLD,casefold_only
data,sl,B1,2628,Sinfonie,simfonija,simfonija,SAME_AS_LV_CASEFOLD,exact
data,bg,B1,2628,Sinfonie,simfonija,Симфония,FAMILY_COPY_STRICT,bg+ru
data,ru,B1,2628,Sinfonie,simfonija,Симфония,FAMILY_COPY_STRICT,bg+ru
data,bs,B1,2628,Sinfonie,simfonija,Simfonija,FAMILY_COPY_STRICT,bs+it+lb+nl
data,it,B1,2628,Sinfonie,simfonija,Simfonija,FAMILY_COPY_STRICT,bs+it+lb+nl
data,lb,B1,2628,Sinfonie,simfonija,Simfonija,FAMILY_COPY_STRICT,bs+it+lb+nl
data,nl,B1,2628,Sinfonie,simfonija,Simfonija,FAMILY_COPY_STRICT,bs+it+lb+nl
data,fi,B1,2628,Sinfonie,simfonija,Sümfoonia,FAMILY_COPY_STRICT,fi+is+nb+nn+sv
data,is,B1,2628,Sinfonie,simfonija,Sümfoonia,FAMILY_COPY_STRICT,fi+is+nb+nn+sv
data,nb,B1,2628,Sinfonie,simfonija,Sümfoonia,FAMILY_COPY_STRICT,fi+is+nb+nn+sv
data,nn,B1,2628,Sinfonie,simfonija,Sümfoonia,FAMILY_COPY_STRICT,fi+is+nb+nn+sv
data,sv,B1,2628,Sinfonie,simfonija,Sümfoonia,FAMILY_COPY_STRICT,fi+is+nb+nn+sv
data,hr,B1,2628,Sinfonie,simfonija,Симфонија,FAMILY_COPY_STRICT,hr+mk+sr
data,mk,B1,2628,Sinfonie,simfonija,Симфонија,FAMILY_COPY_STRICT,hr+mk+sr
data,sr,B1,2628,Sinfonie,simfonija,Симфонија,FAMILY_COPY_STRICT,hr+mk+sr
data,pl,B1,2628,Sinfonie,simfonija,Symfonia,FAMILY_COPY_STRICT,pl+sk+sq+tr
data,sk,B1,2628,Sinfonie,simfonija,Symfonia,FAMILY_COPY_STRICT,pl+sk+sq+tr
data,sq,B1,2628,Sinfonie,simfonija,Symfonia,FAMILY_COPY_STRICT,pl+sk+sq+tr
data,tr,B1,2628,Sinfonie,simfonija,Symfonia,FAMILY_COPY_STRICT,pl+sk+sq+tr
data,hr,B1,2629,sinken,grimt,Удави се,SCRIPT_MISMATCH,
data,hr,B1,2629,sinken,grimt,Удави се,MARKER_LEAK,foreign_script
data,it,B1,2629,sinken,grimt,Grimt,SAME_AS_LV_CASEFOLD,casefold_only
data,lb,B1,2629,sinken,grimt,Grimt,SAME_AS_LV_CASEFOLD,casefold_only
data,nl,B1,2629,sinken,grimt,Grimt,SAME_AS_LV_CASEFOLD,casefold_only
data,pt,B1,2629,sinken,grimt,Grimt,SAME_AS_LV_CASEFOLD,casefold_only
data,sk,B1,2629,sinken,grimt,Zatonąć,MARKER_LEAK,pl_lt_nasal
data,sl,B1,2629,sinken,grimt,grimt,SAME_AS_LV_CASEFOLD,exact
data,bg,B1,2629,sinken,grimt,Удави се,FAMILY_COPY_STRICT,bg+hr+mk+sr
data,hr,B1,2629,sinken,grimt,Удави се,FAMILY_COPY_STRICT,bg+hr+mk+sr
data,mk,B1,2629,sinken,grimt,Удави се,FAMILY_COPY_STRICT,bg+hr+mk+sr
data,sr,B1,2629,sinken,grimt,Удави се,FAMILY_COPY_STRICT,bg+hr+mk+sr
data,fi,B1,2629,sinken,grimt,Vajuma,FAMILY_COPY_STRICT,fi+is+nb+nn+sv
data,is,B1,2629,sinken,grimt,Vajuma,FAMILY_COPY_STRICT,fi+is+nb+nn+sv
data,nb,B1,2629,sinken,grimt,Vajuma,FAMILY_COPY_STRICT,fi+is+nb+nn+sv
data,nn,B1,2629,sinken,grimt,Vajuma,FAMILY_COPY_STRICT,fi+is+nb+nn+sv
data,sv,B1,2629,sinken,grimt,Vajuma,FAMILY_COPY_STRICT,fi+is+nb+nn+sv
data,it,B1,2629,sinken,grimt,Grimt,FAMILY_COPY_STRICT,it+lb+nl+pt
data,lb,B1,2629,sinken,grimt,Grimt,FAMILY_COPY_STRICT,it+lb+nl+pt
data,nl,B1,2629,sinken,grimt,Grimt,FAMILY_COPY_STRICT,it+lb+nl+pt
data,pt,B1,2629,sinken,grimt,Grimt,FAMILY_COPY_STRICT,it+lb+nl+pt
data,pl,B1,2629,sinken,grimt,Zatonąć,FAMILY_COPY_STRICT,pl+sk
data,sk,B1,2629,sinken,grimt,Zatonąć,FAMILY_COPY_STRICT,pl+sk
data,sq,B1,2629,sinken,grimt,Atmak,FAMILY_COPY_STRICT,sq+tr
data,tr,B1,2629,sinken,grimt,Atmak,FAMILY_COPY_STRICT,sq+tr
data,fi,B1,2630,Sinn,jēga,Mõte,MARKER_LEAK,et_otilde
data,hr,B1,2630,Sinn,jēga,Значение,SCRIPT_MISMATCH,
data,hr,B1,2630,Sinn,jēga,Значение,MARKER_LEAK,foreign_script
data,is,B1,2630,Sinn,jēga,Mõte,MARKER_LEAK,et_otilde
data,it,B1,2630,Sinn,jēga,Jēga,SAME_AS_LV_CASEFOLD,casefold_only
data,it,B1,2630,Sinn,jēga,Jēga,LV_DIACRITIC,
data,it,B1,2630,Sinn,jēga,Jēga,MARKER_LEAK,lv_macron_consonant
data,lb,B1,2630,Sinn,jēga,Jēga,SAME_AS_LV_CASEFOLD,casefold_only
data,lb,B1,2630,Sinn,jēga,Jēga,LV_DIACRITIC,
data,lb,B1,2630,Sinn,jēga,Jēga,MARKER_LEAK,lv_macron_consonant
data,nb,B1,2630,Sinn,jēga,Mõte,MARKER_LEAK,et_otilde
data,nl,B1,2630,Sinn,jēga,Jēga,SAME_AS_LV_CASEFOLD,casefold_only
data,nl,B1,2630,Sinn,jēga,Jēga,LV_DIACRITIC,
data,nl,B1,2630,Sinn,jēga,Jēga,MARKER_LEAK,lv_macron_consonant
data,nn,B1,2630,Sinn,jēga,Mõte,MARKER_LEAK,et_otilde
data,sl,B1,2630,Sinn,jēga,jēga,SAME_AS_LV_CASEFOLD,exact
data,sl,B1,2630,Sinn,jēga,jēga,LV_DIACRITIC,
data,sl,B1,2630,Sinn,jēga,jēga,MARKER_LEAK,lv_macron_consonant
data,sv,B1,2630,Sinn,jēga,Mõte,MARKER_LEAK,et_otilde
data,bg,B1,2630,Sinn,jēga,Значение,FAMILY_COPY_STRICT,bg+hr+mk+ru+sr
data,hr,B1,2630,Sinn,jēga,Значение,FAMILY_COPY_STRICT,bg+hr+mk+ru+sr
data,mk,B1,2630,Sinn,jēga,Значение,FAMILY_COPY_STRICT,bg+hr+mk+ru+sr
data,ru,B1,2630,Sinn,jēga,Значение,FAMILY_COPY_STRICT,bg+hr+mk+ru+sr
data,sr,B1,2630,Sinn,jēga,Значение,FAMILY_COPY_STRICT,bg+hr+mk+ru+sr
data,fi,B1,2630,Sinn,jēga,Mõte,FAMILY_COPY_STRICT,fi+is+nb+nn+sv
data,is,B1,2630,Sinn,jēga,Mõte,FAMILY_COPY_STRICT,fi+is+nb+nn+sv
data,nb,B1,2630,Sinn,jēga,Mõte,FAMILY_COPY_STRICT,fi+is+nb+nn+sv
data,nn,B1,2630,Sinn,jēga,Mõte,FAMILY_COPY_STRICT,fi+is+nb+nn+sv
data,sv,B1,2630,Sinn,jēga,Mõte,FAMILY_COPY_STRICT,fi+is+nb+nn+sv
data,it,B1,2630,Sinn,jēga,Jēga,FAMILY_COPY_STRICT,it+lb+nl
data,lb,B1,2630,Sinn,jēga,Jēga,FAMILY_COPY_STRICT,it+lb+nl
data,nl,B1,2630,Sinn,jēga,Jēga,FAMILY_COPY_STRICT,it+lb+nl
data,sq,B1,2630,Sinn,jēga,Anlam,FAMILY_COPY_STRICT,sq+tr
data,tr,B1,2630,Sinn,jēga,Anlam,FAMILY_COPY_STRICT,sq+tr
data,fi,B1,2631,sinnlos,bezjēdzīgs,Mõttetu,MARKER_LEAK,et_otilde
data,hr,B1,2631,sinnlos,bezjēdzīgs,Безполезна,SCRIPT_MISMATCH,
data,hr,B1,2631,sinnlos,bezjēdzīgs,Безполезна,MARKER_LEAK,foreign_script
data,is,B1,2631,sinnlos,bezjēdzīgs,Mõttetu,MARKER_LEAK,et_otilde
data,it,B1,2631,sinnlos,bezjēdzīgs,Bezjēdzīgs,SAME_AS_LV_CASEFOLD,casefold_only
data,it,B1,2631,sinnlos,bezjēdzīgs,Bezjēdzīgs,LV_DIACRITIC,
data,it,B1,2631,sinnlos,bezjēdzīgs,Bezjēdzīgs,MARKER_LEAK,lv_macron_consonant
data,lb,B1,2631,sinnlos,bezjēdzīgs,Bezjēdzīgs,SAME_AS_LV_CASEFOLD,casefold_only
data,lb,B1,2631,sinnlos,bezjēdzīgs,Bezjēdzīgs,LV_DIACRITIC,
data,lb,B1,2631,sinnlos,bezjēdzīgs,Bezjēdzīgs,MARKER_LEAK,lv_macron_consonant
data,nb,B1,2631,sinnlos,bezjēdzīgs,Mõttetu,MARKER_LEAK,et_otilde
data,nl,B1,2631,sinnlos,bezjēdzīgs,Bezjēdzīgs,SAME_AS_LV_CASEFOLD,casefold_only
data,nl,B1,2631,sinnlos,bezjēdzīgs,Bezjēdzīgs,LV_DIACRITIC,
data,nl,B1,2631,sinnlos,bezjēdzīgs,Bezjēdzīgs,MARKER_LEAK,lv_macron_consonant
data,nn,B1,2631,sinnlos,bezjēdzīgs,Mõttetu,MARKER_LEAK,et_otilde
data,pt,B1,2631,sinnlos,bezjēdzīgs,Bezjēdzīgs,SAME_AS_LV_CASEFOLD,casefold_only
data,pt,B1,2631,sinnlos,bezjēdzīgs,Bezjēdzīgs,LV_DIACRITIC,
data,pt,B1,2631,sinnlos,bezjēdzīgs,Bezjēdzīgs,MARKER_LEAK,lv_macron_consonant
data,sl,B1,2631,sinnlos,bezjēdzīgs,bezjēdzīgs,SAME_AS_LV_CASEFOLD,exact
data,sl,B1,2631,sinnlos,bezjēdzīgs,bezjēdzīgs,LV_DIACRITIC,
data,sl,B1,2631,sinnlos,bezjēdzīgs,bezjēdzīgs,MARKER_LEAK,lv_macron_consonant
data,sq,B1,2631,sinnlos,bezjēdzīgs,Kullanışsız,MARKER_LEAK,tr_soft
data,sv,B1,2631,sinnlos,bezjēdzīgs,Mõttetu,MARKER_LEAK,et_otilde
data,bg,B1,2631,sinnlos,bezjēdzīgs,Безполезна,FAMILY_COPY_STRICT,bg+hr+mk+sr
data,hr,B1,2631,sinnlos,bezjēdzīgs,Безполезна,FAMILY_COPY_STRICT,bg+hr+mk+sr
data,mk,B1,2631,sinnlos,bezjēdzīgs,Безполезна,FAMILY_COPY_STRICT,bg+hr+mk+sr
data,sr,B1,2631,sinnlos,bezjēdzīgs,Безполезна,FAMILY_COPY_STRICT,bg+hr+mk+sr
data,fi,B1,2631,sinnlos,bezjēdzīgs,Mõttetu,FAMILY_COPY_STRICT,fi+is+nb+nn+sv
data,is,B1,2631,sinnlos,bezjēdzīgs,Mõttetu,FAMILY_COPY_STRICT,fi+is+nb+nn+sv
data,nb,B1,2631,sinnlos,bezjēdzīgs,Mõttetu,FAMILY_COPY_STRICT,fi+is+nb+nn+sv
data,nn,B1,2631,sinnlos,bezjēdzīgs,Mõttetu,FAMILY_COPY_STRICT,fi+is+nb+nn+sv
data,sv,B1,2631,sinnlos,bezjēdzīgs,Mõttetu,FAMILY_COPY_STRICT,fi+is+nb+nn+sv
data,it,B1,2631,sinnlos,bezjēdzīgs,Bezjēdzīgs,FAMILY_COPY_STRICT,it+lb+nl+pt
data,lb,B1,2631,sinnlos,bezjēdzīgs,Bezjēdzīgs,FAMILY_COPY_STRICT,it+lb+nl+pt
data,nl,B1,2631,sinnlos,bezjēdzīgs,Bezjēdzīgs,FAMILY_COPY_STRICT,it+lb+nl+pt
data,pt,B1,2631,sinnlos,bezjēdzīgs,Bezjēdzīgs,FAMILY_COPY_STRICT,it+lb+nl+pt
data,sq,B1,2631,sinnlos,bezjēdzīgs,Kullanışsız,FAMILY_COPY_STRICT,sq+tr
data,tr,B1,2631,sinnlos,bezjēdzīgs,Kullanışsız,FAMILY_COPY_STRICT,sq+tr
data,hr,B1,2632,Sitte,paraža,По поръчка,SCRIPT_MISMATCH,
data,hr,B1,2632,Sitte,paraža,По поръчка,MARKER_LEAK,foreign_script
data,it,B1,2632,Sitte,paraža,Paraža,SAME_AS_LV_CASEFOLD,casefold_only
data,it,B1,2632,Sitte,paraža,Paraža,LV_DIACRITIC,
data,nl,B1,2632,Sitte,paraža,Paraža,SAME_AS_LV_CASEFOLD,casefold_only
data,nl,B1,2632,Sitte,paraža,Paraža,LV_DIACRITIC,
data,pt,B1,2632,Sitte,paraža,Paraža,SAME_AS_LV_CASEFOLD,casefold_only
data,pt,B1,2632,Sitte,paraža,Paraža,LV_DIACRITIC,
data,sl,B1,2632,Sitte,paraža,paraža,SAME_AS_LV_CASEFOLD,exact
data,sq,B1,2632,Sitte,paraža,Alışkanlık,MARKER_LEAK,tr_soft
data,bg,B1,2632,Sitte,paraža,По поръчка,FAMILY_COPY_STRICT,bg+hr+mk+sr
data,hr,B1,2632,Sitte,paraža,По поръчка,FAMILY_COPY_STRICT,bg+hr+mk+sr
data,mk,B1,2632,Sitte,paraža,По поръчка,FAMILY_COPY_STRICT,bg+hr+mk+sr
data,sr,B1,2632,Sitte,paraža,По поръчка,FAMILY_COPY_STRICT,bg+hr+mk+sr
data,cs,B1,2632,Sitte,paraža,Zvyk,FAMILY_COPY_STRICT,cs+sk
data,sk,B1,2632,Sitte,paraža,Zvyk,FAMILY_COPY_STRICT,cs+sk
data,fi,B1,2632,Sitte,paraža,Komme,FAMILY_COPY_STRICT,fi+is+nb+nn+sv
data,is,B1,2632,Sitte,paraža,Komme,FAMILY_COPY_STRICT,fi+is+nb+nn+sv
data,nb,B1,2632,Sitte,paraža,Komme,FAMILY_COPY_STRICT,fi+is+nb+nn+sv
data,nn,B1,2632,Sitte,paraža,Komme,FAMILY_COPY_STRICT,fi+is+nb+nn+sv
data,sv,B1,2632,Sitte,paraža,Komme,FAMILY_COPY_STRICT,fi+is+nb+nn+sv
data,it,B1,2632,Sitte,paraža,Paraža,FAMILY_COPY_STRICT,it+nl+pt
data,nl,B1,2632,Sitte,paraža,Paraža,FAMILY_COPY_STRICT,it+nl+pt
data,pt,B1,2632,Sitte,paraža,Paraža,FAMILY_COPY_STRICT,it+nl+pt
data,sq,B1,2632,Sitte,paraža,Alışkanlık,FAMILY_COPY_STRICT,sq+tr
data,tr,B1,2632,Sitte,paraža,Alışkanlık,FAMILY_COPY_STRICT,sq+tr
data,hr,B1,2633,Sitten,paražas,Митници,SCRIPT_MISMATCH,
data,hr,B1,2633,Sitten,paražas,Митници,MARKER_LEAK,foreign_script
data,it,B1,2633,Sitten,paražas,Paražas,SAME_AS_LV_CASEFOLD,casefold_only
data,it,B1,2633,Sitten,paražas,Paražas,LV_DIACRITIC,
data,lb,B1,2633,Sitten,paražas,Paražas,SAME_AS_LV_CASEFOLD,casefold_only
data,lb,B1,2633,Sitten,paražas,Paražas,LV_DIACRITIC,
data,nl,B1,2633,Sitten,paražas,Paražas,SAME_AS_LV_CASEFOLD,casefold_only
data,nl,B1,2633,Sitten,paražas,Paražas,LV_DIACRITIC,
data,pt,B1,2633,Sitten,paražas,Paražas,SAME_AS_LV_CASEFOLD,casefold_only
data,pt,B1,2633,Sitten,paražas,Paražas,LV_DIACRITIC,
data,sl,B1,2633,Sitten,paražas,paražas,SAME_AS_LV_CASEFOLD,exact
data,bg,B1,2633,Sitten,paražas,Митници,FAMILY_COPY_STRICT,bg+hr+mk+sr
data,hr,B1,2633,Sitten,paražas,Митници,FAMILY_COPY_STRICT,bg+hr+mk+sr
data,mk,B1,2633,Sitten,paražas,Митници,FAMILY_COPY_STRICT,bg+hr+mk+sr
data,sr,B1,2633,Sitten,paražas,Митници,FAMILY_COPY_STRICT,bg+hr+mk+sr
data,fi,B1,2633,Sitten,paražas,Kombed,FAMILY_COPY_STRICT,fi+is+nb+nn+sv
data,is,B1,2633,Sitten,paražas,Kombed,FAMILY_COPY_STRICT,fi+is+nb+nn+sv
data,nb,B1,2633,Sitten,paražas,Kombed,FAMILY_COPY_STRICT,fi+is+nb+nn+sv
data,nn,B1,2633,Sitten,paražas,Kombed,FAMILY_COPY_STRICT,fi+is+nb+nn+sv
data,sv,B1,2633,Sitten,paražas,Kombed,FAMILY_COPY_STRICT,fi+is+nb+nn+sv
data,it,B1,2633,Sitten,paražas,Paražas,FAMILY_COPY_STRICT,it+lb+nl+pt
data,lb,B1,2633,Sitten,paražas,Paražas,FAMILY_COPY_STRICT,it+lb+nl+pt
data,nl,B1,2633,Sitten,paražas,Paražas,FAMILY_COPY_STRICT,it+lb+nl+pt
data,pt,B1,2633,Sitten,paražas,Paražas,FAMILY_COPY_STRICT,it+lb+nl+pt
data,pl,B1,2633,Sitten,paražas,Odprawa celna,FAMILY_COPY_STRICT,pl+sk+sq+tr
data,sk,B1,2633,Sitten,paražas,Odprawa celna,FAMILY_COPY_STRICT,pl+sk+sq+tr
data,sq,B1,2633,Sitten,paražas,Odprawa celna,FAMILY_COPY_STRICT,pl+sk+sq+tr
data,tr,B1,2633,Sitten,paražas,Odprawa celna,FAMILY_COPY_STRICT,pl+sk+sq+tr
data,hr,B1,2634,Sitz,sēdeklis,Седалка,SCRIPT_MISMATCH,
data,hr,B1,2634,Sitz,sēdeklis,Седалка,MARKER_LEAK,foreign_script
data,it,B1,2634,Sitz,sēdeklis,Sēdeklis,SAME_AS_LV_CASEFOLD,casefold_only
data,it,B1,2634,Sitz,sēdeklis,Sēdeklis,LV_DIACRITIC,
data,it,B1,2634,Sitz,sēdeklis,Sēdeklis,MARKER_LEAK,lv_macron_consonant
data,lb,B1,2634,Sitz,sēdeklis,Sēdeklis,SAME_AS_LV_CASEFOLD,casefold_only
data,lb,B1,2634,Sitz,sēdeklis,Sēdeklis,LV_DIACRITIC,
data,lb,B1,2634,Sitz,sēdeklis,Sēdeklis,MARKER_LEAK,lv_macron_consonant
data,nl,B1,2634,Sitz,sēdeklis,Sēdeklis,SAME_AS_LV_CASEFOLD,casefold_only
data,nl,B1,2634,Sitz,sēdeklis,Sēdeklis,LV_DIACRITIC,
data,nl,B1,2634,Sitz,sēdeklis,Sēdeklis,MARKER_LEAK,lv_macron_consonant
data,sl,B1,2634,Sitz,sēdeklis,sēdeklis,SAME_AS_LV_CASEFOLD,exact
data,sl,B1,2634,Sitz,sēdeklis,sēdeklis,LV_DIACRITIC,
data,sl,B1,2634,Sitz,sēdeklis,sēdeklis,MARKER_LEAK,lv_macron_consonant
data,bg,B1,2634,Sitz,sēdeklis,Седалка,FAMILY_COPY_STRICT,bg+hr+mk+sr
data,hr,B1,2634,Sitz,sēdeklis,Седалка,FAMILY_COPY_STRICT,bg+hr+mk+sr
data,mk,B1,2634,Sitz,sēdeklis,Седалка,FAMILY_COPY_STRICT,bg+hr+mk+sr
data,sr,B1,2634,Sitz,sēdeklis,Седалка,FAMILY_COPY_STRICT,bg+hr+mk+sr
data,fi,B1,2634,Sitz,sēdeklis,Iste,FAMILY_COPY_STRICT,fi+is+nb+nn+sv
data,is,B1,2634,Sitz,sēdeklis,Iste,FAMILY_COPY_STRICT,fi+is+nb+nn+sv
data,nb,B1,2634,Sitz,sēdeklis,Iste,FAMILY_COPY_STRICT,fi+is+nb+nn+sv
data,nn,B1,2634,Sitz,sēdeklis,Iste,FAMILY_COPY_STRICT,fi+is+nb+nn+sv
data,sv,B1,2634,Sitz,sēdeklis,Iste,FAMILY_COPY_STRICT,fi+is+nb+nn+sv
data,it,B1,2634,Sitz,sēdeklis,Sēdeklis,FAMILY_COPY_STRICT,it+lb+nl
data,lb,B1,2634,Sitz,sēdeklis,Sēdeklis,FAMILY_COPY_STRICT,it+lb+nl
data,nl,B1,2634,Sitz,sēdeklis,Sēdeklis,FAMILY_COPY_STRICT,it+lb+nl
data,pl,B1,2634,Sitz,sēdeklis,Siedziba,FAMILY_COPY_STRICT,pl+sk+sq+tr
data,sk,B1,2634,Sitz,sēdeklis,Siedziba,FAMILY_COPY_STRICT,pl+sk+sq+tr
data,sq,B1,2634,Sitz,sēdeklis,Siedziba,FAMILY_COPY_STRICT,pl+sk+sq+tr
data,tr,B1,2634,Sitz,sēdeklis,Siedziba,FAMILY_COPY_STRICT,pl+sk+sq+tr
data,hr,B1,2635,Sitzung,sēde,Седнал,SCRIPT_MISMATCH,
data,hr,B1,2635,Sitzung,sēde,Седнал,MARKER_LEAK,foreign_script
data,it,B1,2635,Sitzung,sēde,Sēde,SAME_AS_LV_CASEFOLD,casefold_only
data,it,B1,2635,Sitzung,sēde,Sēde,LV_DIACRITIC,
data,it,B1,2635,Sitzung,sēde,Sēde,MARKER_LEAK,lv_macron_consonant
data,lb,B1,2635,Sitzung,sēde,Sēde,SAME_AS_LV_CASEFOLD,casefold_only
data,lb,B1,2635,Sitzung,sēde,Sēde,LV_DIACRITIC,
data,lb,B1,2635,Sitzung,sēde,Sēde,MARKER_LEAK,lv_macron_consonant
data,nl,B1,2635,Sitzung,sēde,Sēde,SAME_AS_LV_CASEFOLD,casefold_only
data,nl,B1,2635,Sitzung,sēde,Sēde,LV_DIACRITIC,
data,nl,B1,2635,Sitzung,sēde,Sēde,MARKER_LEAK,lv_macron_consonant
data,sl,B1,2635,Sitzung,sēde,sēde,SAME_AS_LV_CASEFOLD,exact
data,sl,B1,2635,Sitzung,sēde,sēde,LV_DIACRITIC,
data,sl,B1,2635,Sitzung,sēde,sēde,MARKER_LEAK,lv_macron_consonant
data,bg,B1,2635,Sitzung,sēde,Седнал,FAMILY_COPY_STRICT,bg+hr+mk+sr
data,hr,B1,2635,Sitzung,sēde,Седнал,FAMILY_COPY_STRICT,bg+hr+mk+sr
data,mk,B1,2635,Sitzung,sēde,Седнал,FAMILY_COPY_STRICT,bg+hr+mk+sr
data,sr,B1,2635,Sitzung,sēde,Седнал,FAMILY_COPY_STRICT,bg+hr+mk+sr
data,fi,B1,2635,Sitzung,sēde,Istung,FAMILY_COPY_STRICT,fi+is+nb+nn+sv
data,is,B1,2635,Sitzung,sēde,Istung,FAMILY_COPY_STRICT,fi+is+nb+nn+sv
data,nb,B1,2635,Sitzung,sēde,Istung,FAMILY_COPY_STRICT,fi+is+nb+nn+sv
data,nn,B1,2635,Sitzung,sēde,Istung,FAMILY_COPY_STRICT,fi+is+nb+nn+sv
data,sv,B1,2635,Sitzung,sēde,Istung,FAMILY_COPY_STRICT,fi+is+nb+nn+sv
data,it,B1,2635,Sitzung,sēde,Sēde,FAMILY_COPY_STRICT,it+lb+nl
data,lb,B1,2635,Sitzung,sēde,Sēde,FAMILY_COPY_STRICT,it+lb+nl
data,nl,B1,2635,Sitzung,sēde,Sēde,FAMILY_COPY_STRICT,it+lb+nl
data,pl,B1,2635,Sitzung,sēde,Posiedzenie,FAMILY_COPY_STRICT,pl+sk+sq+tr
data,sk,B1,2635,Sitzung,sēde,Posiedzenie,FAMILY_COPY_STRICT,pl+sk+sq+tr
data,sq,B1,2635,Sitzung,sēde,Posiedzenie,FAMILY_COPY_STRICT,pl+sk+sq+tr
data,tr,B1,2635,Sitzung,sēde,Posiedzenie,FAMILY_COPY_STRICT,pl+sk+sq+tr
data,hr,B1,2636,Skandal,skandāls,Скандал,SCRIPT_MISMATCH,
data,hr,B1,2636,Skandal,skandāls,Скандал,MARKER_LEAK,foreign_script
data,it,B1,2636,Skandal,skandāls,Skandāls,SAME_AS_LV_CASEFOLD,casefold_only
data,it,B1,2636,Skandal,skandāls,Skandāls,LV_DIACRITIC,
data,it,B1,2636,Skandal,skandāls,Skandāls,MARKER_LEAK,lv_macron_consonant
data,lb,B1,2636,Skandal,skandāls,Skandāls,SAME_AS_LV_CASEFOLD,casefold_only
data,lb,B1,2636,Skandal,skandāls,Skandāls,LV_DIACRITIC,
data,lb,B1,2636,Skandal,skandāls,Skandāls,MARKER_LEAK,lv_macron_consonant
data,nl,B1,2636,Skandal,skandāls,Skandāls,SAME_AS_LV_CASEFOLD,casefold_only
data,nl,B1,2636,Skandal,skandāls,Skandāls,LV_DIACRITIC,
data,nl,B1,2636,Skandal,skandāls,Skandāls,MARKER_LEAK,lv_macron_consonant
data,sl,B1,2636,Skandal,skandāls,skandāls,SAME_AS_LV_CASEFOLD,exact
data,sl,B1,2636,Skandal,skandāls,skandāls,LV_DIACRITIC,
data,sl,B1,2636,Skandal,skandāls,skandāls,MARKER_LEAK,lv_macron_consonant
data,bg,B1,2636,Skandal,skandāls,Скандал,FAMILY_COPY_STRICT,bg+hr+mk+ru+sr
data,hr,B1,2636,Skandal,skandāls,Скандал,FAMILY_COPY_STRICT,bg+hr+mk+ru+sr
data,mk,B1,2636,Skandal,skandāls,Скандал,FAMILY_COPY_STRICT,bg+hr+mk+ru+sr
data,ru,B1,2636,Skandal,skandāls,Скандал,FAMILY_COPY_STRICT,bg+hr+mk+ru+sr
data,sr,B1,2636,Skandal,skandāls,Скандал,FAMILY_COPY_STRICT,bg+hr+mk+ru+sr
data,en,B1,2636,Skandal,skandāls,Scandal,FAMILY_COPY_STRICT,en+ro
data,ro,B1,2636,Skandal,skandāls,Scandal,FAMILY_COPY_STRICT,en+ro
data,fi,B1,2636,Skandal,skandāls,Skandaal,FAMILY_COPY_STRICT,fi+is+nb+nn+sv
data,is,B1,2636,Skandal,skandāls,Skandaal,FAMILY_COPY_STRICT,fi+is+nb+nn+sv
data,nb,B1,2636,Skandal,skandāls,Skandaal,FAMILY_COPY_STRICT,fi+is+nb+nn+sv
data,nn,B1,2636,Skandal,skandāls,Skandaal,FAMILY_COPY_STRICT,fi+is+nb+nn+sv
data,sv,B1,2636,Skandal,skandāls,Skandaal,FAMILY_COPY_STRICT,fi+is+nb+nn+sv
data,it,B1,2636,Skandal,skandāls,Skandāls,FAMILY_COPY_STRICT,it+lb+nl
data,lb,B1,2636,Skandal,skandāls,Skandāls,FAMILY_COPY_STRICT,it+lb+nl
data,nl,B1,2636,Skandal,skandāls,Skandāls,FAMILY_COPY_STRICT,it+lb+nl
data,hr,B1,2637,Skispringen,lēkšana no tramplīna,Ски скокове,SCRIPT_MISMATCH,
data,hr,B1,2637,Skispringen,lēkšana no tramplīna,Ски скокове,MARKER_LEAK,foreign_script
data,it,B1,2637,Skispringen,lēkšana no tramplīna,Lēkšana no tramplīna,SAME_AS_LV_CASEFOLD,casefold_only
data,it,B1,2637,Skispringen,lēkšana no tramplīna,Lēkšana no tramplīna,LV_DIACRITIC,
data,it,B1,2637,Skispringen,lēkšana no tramplīna,Lēkšana no tramplīna,MARKER_LEAK,lv_macron_consonant
data,lb,B1,2637,Skispringen,lēkšana no tramplīna,Lēkšana no tramplīna,SAME_AS_LV_CASEFOLD,casefold_only
data,lb,B1,2637,Skispringen,lēkšana no tramplīna,Lēkšana no tramplīna,LV_DIACRITIC,
data,lb,B1,2637,Skispringen,lēkšana no tramplīna,Lēkšana no tramplīna,MARKER_LEAK,lv_macron_consonant
data,nl,B1,2637,Skispringen,lēkšana no tramplīna,Lēkšana no tramplīna,SAME_AS_LV_CASEFOLD,casefold_only
data,nl,B1,2637,Skispringen,lēkšana no tramplīna,Lēkšana no tramplīna,LV_DIACRITIC,
data,nl,B1,2637,Skispringen,lēkšana no tramplīna,Lēkšana no tramplīna,MARKER_LEAK,lv_macron_consonant
data,pt,B1,2637,Skispringen,lēkšana no tramplīna,Lēkšana no tramplīna,SAME_AS_LV_CASEFOLD,casefold_only
data,pt,B1,2637,Skispringen,lēkšana no tramplīna,Lēkšana no tramplīna,LV_DIACRITIC,
data,pt,B1,2637,Skispringen,lēkšana no tramplīna,Lēkšana no tramplīna,MARKER_LEAK,lv_macron_consonant
data,sl,B1,2637,Skispringen,lēkšana no tramplīna,lēkšana no tramplīna,SAME_AS_LV_CASEFOLD,exact
data,sl,B1,2637,Skispringen,lēkšana no tramplīna,lēkšana no tramplīna,LV_DIACRITIC,
data,sl,B1,2637,Skispringen,lēkšana no tramplīna,lēkšana no tramplīna,MARKER_LEAK,lv_macron_consonant
data,bg,B1,2637,Skispringen,lēkšana no tramplīna,Ски скокове,FAMILY_COPY_STRICT,bg+hr+mk+sr
data,hr,B1,2637,Skispringen,lēkšana no tramplīna,Ски скокове,FAMILY_COPY_STRICT,bg+hr+mk+sr
data,mk,B1,2637,Skispringen,lēkšana no tramplīna,Ски скокове,FAMILY_COPY_STRICT,bg+hr+mk+sr
data,sr,B1,2637,Skispringen,lēkšana no tramplīna,Ски скокове,FAMILY_COPY_STRICT,bg+hr+mk+sr
data,fi,B1,2637,Skispringen,lēkšana no tramplīna,Suusahüpped,FAMILY_COPY_STRICT,fi+is+nb+nn+sv
data,is,B1,2637,Skispringen,lēkšana no tramplīna,Suusahüpped,FAMILY_COPY_STRICT,fi+is+nb+nn+sv
data,nb,B1,2637,Skispringen,lēkšana no tramplīna,Suusahüpped,FAMILY_COPY_STRICT,fi+is+nb+nn+sv
data,nn,B1,2637,Skispringen,lēkšana no tramplīna,Suusahüpped,FAMILY_COPY_STRICT,fi+is+nb+nn+sv
data,sv,B1,2637,Skispringen,lēkšana no tramplīna,Suusahüpped,FAMILY_COPY_STRICT,fi+is+nb+nn+sv
data,it,B1,2637,Skispringen,lēkšana no tramplīna,Lēkšana no tramplīna,FAMILY_COPY_STRICT,it+lb+nl+pt
data,lb,B1,2637,Skispringen,lēkšana no tramplīna,Lēkšana no tramplīna,FAMILY_COPY_STRICT,it+lb+nl+pt
data,nl,B1,2637,Skispringen,lēkšana no tramplīna,Lēkšana no tramplīna,FAMILY_COPY_STRICT,it+lb+nl+pt
data,pt,B1,2637,Skispringen,lēkšana no tramplīna,Lēkšana no tramplīna,FAMILY_COPY_STRICT,it+lb+nl+pt
data,pl,B1,2637,Skispringen,lēkšana no tramplīna,Skoki na trampolinie,FAMILY_COPY_STRICT,pl+sk+sq+tr
data,sk,B1,2637,Skispringen,lēkšana no tramplīna,Skoki na trampolinie,FAMILY_COPY_STRICT,pl+sk+sq+tr
data,sq,B1,2637,Skispringen,lēkšana no tramplīna,Skoki na trampolinie,FAMILY_COPY_STRICT,pl+sk+sq+tr
data,tr,B1,2637,Skispringen,lēkšana no tramplīna,Skoki na trampolinie,FAMILY_COPY_STRICT,pl+sk+sq+tr
data,hr,B1,2638,Sklave,vergs,Роб,SCRIPT_MISMATCH,
data,hr,B1,2638,Sklave,vergs,Роб,MARKER_LEAK,foreign_script
data,it,B1,2638,Sklave,vergs,Vergs,SAME_AS_LV_CASEFOLD,casefold_only
data,lb,B1,2638,Sklave,vergs,Vergs,SAME_AS_LV_CASEFOLD,casefold_only
data,nl,B1,2638,Sklave,vergs,Vergs,SAME_AS_LV_CASEFOLD,casefold_only
data,pt,B1,2638,Sklave,vergs,Vergs,SAME_AS_LV_CASEFOLD,casefold_only
data,sl,B1,2638,Sklave,vergs,vergs,SAME_AS_LV_CASEFOLD,exact
data,bg,B1,2638,Sklave,vergs,Роб,FAMILY_COPY_STRICT,bg+hr+mk+sr
data,hr,B1,2638,Sklave,vergs,Роб,FAMILY_COPY_STRICT,bg+hr+mk+sr
data,mk,B1,2638,Sklave,vergs,Роб,FAMILY_COPY_STRICT,bg+hr+mk+sr
data,sr,B1,2638,Sklave,vergs,Роб,FAMILY_COPY_STRICT,bg+hr+mk+sr
data,cs,B1,2638,Sklave,vergs,Otrok,FAMILY_COPY_STRICT,cs+sk
data,sk,B1,2638,Sklave,vergs,Otrok,FAMILY_COPY_STRICT,cs+sk
data,da,B1,2638,Sklave,vergs,Slave,FAMILY_COPY_STRICT,da+en
data,en,B1,2638,Sklave,vergs,Slave,FAMILY_COPY_STRICT,da+en
data,fi,B1,2638,Sklave,vergs,Ori,FAMILY_COPY_STRICT,fi+is+nb+nn+sv
data,is,B1,2638,Sklave,vergs,Ori,FAMILY_COPY_STRICT,fi+is+nb+nn+sv
data,nb,B1,2638,Sklave,vergs,Ori,FAMILY_COPY_STRICT,fi+is+nb+nn+sv
data,nn,B1,2638,Sklave,vergs,Ori,FAMILY_COPY_STRICT,fi+is+nb+nn+sv
data,sv,B1,2638,Sklave,vergs,Ori,FAMILY_COPY_STRICT,fi+is+nb+nn+sv
data,it,B1,2638,Sklave,vergs,Vergs,FAMILY_COPY_STRICT,it+lb+nl+pt
data,lb,B1,2638,Sklave,vergs,Vergs,FAMILY_COPY_STRICT,it+lb+nl+pt
data,nl,B1,2638,Sklave,vergs,Vergs,FAMILY_COPY_STRICT,it+lb+nl+pt
data,pt,B1,2638,Sklave,vergs,Vergs,FAMILY_COPY_STRICT,it+lb+nl+pt
data,pl,B1,2638,Sklave,vergs,Niewolnik,FAMILY_COPY_STRICT,pl+sq+tr
data,sq,B1,2638,Sklave,vergs,Niewolnik,FAMILY_COPY_STRICT,pl+sq+tr
data,tr,B1,2638,Sklave,vergs,Niewolnik,FAMILY_COPY_STRICT,pl+sq+tr
data,hr,B1,2639,Slalom,slaloms,Слалом,SCRIPT_MISMATCH,
data,hr,B1,2639,Slalom,slaloms,Слалом,MARKER_LEAK,foreign_script
data,it,B1,2639,Slalom,slaloms,Slaloms,SAME_AS_LV_CASEFOLD,casefold_only
data,lb,B1,2639,Slalom,slaloms,Slaloms,SAME_AS_LV_CASEFOLD,casefold_only
data,nl,B1,2639,Slalom,slaloms,Slaloms,SAME_AS_LV_CASEFOLD,casefold_only
data,pt,B1,2639,Slalom,slaloms,Slaloms,SAME_AS_LV_CASEFOLD,casefold_only
data,sl,B1,2639,Slalom,slaloms,slaloms,SAME_AS_LV_CASEFOLD,exact
data,uk,B1,2639,Slalom,slaloms,slaloms,SAME_AS_LV_CASEFOLD,exact
data,uk,B1,2639,Slalom,slaloms,slaloms,SCRIPT_MISMATCH,
data,uk,B1,2639,Slalom,slaloms,slaloms,MARKER_LEAK,latin_in_cyrillic
data,bg,B1,2639,Slalom,slaloms,Слалом,FAMILY_COPY_STRICT,bg+hr+mk+ru+sr
data,hr,B1,2639,Slalom,slaloms,Слалом,FAMILY_COPY_STRICT,bg+hr+mk+ru+sr
data,mk,B1,2639,Slalom,slaloms,Слалом,FAMILY_COPY_STRICT,bg+hr+mk+ru+sr
data,ru,B1,2639,Slalom,slaloms,Слалом,FAMILY_COPY_STRICT,bg+hr+mk+ru+sr
data,sr,B1,2639,Slalom,slaloms,Слалом,FAMILY_COPY_STRICT,bg+hr+mk+ru+sr
data,fi,B1,2639,Slalom,slaloms,Slaalom,FAMILY_COPY_STRICT,fi+is+nb+nn+sv
data,is,B1,2639,Slalom,slaloms,Slaalom,FAMILY_COPY_STRICT,fi+is+nb+nn+sv
data,nb,B1,2639,Slalom,slaloms,Slaalom,FAMILY_COPY_STRICT,fi+is+nb+nn+sv
data,nn,B1,2639,Slalom,slaloms,Slaalom,FAMILY_COPY_STRICT,fi+is+nb+nn+sv
data,sv,B1,2639,Slalom,slaloms,Slaalom,FAMILY_COPY_STRICT,fi+is+nb+nn+sv
data,it,B1,2639,Slalom,slaloms,Slaloms,FAMILY_COPY_STRICT,it+lb+nl+pt
data,lb,B1,2639,Slalom,slaloms,Slaloms,FAMILY_COPY_STRICT,it+lb+nl+pt
data,nl,B1,2639,Slalom,slaloms,Slaloms,FAMILY_COPY_STRICT,it+lb+nl+pt
data,pt,B1,2639,Slalom,slaloms,Slaloms,FAMILY_COPY_STRICT,it+lb+nl+pt
data,hr,B1,2640,Slalomlauf,slaloms,Слалом,SCRIPT_MISMATCH,
data,hr,B1,2640,Slalomlauf,slaloms,Слалом,MARKER_LEAK,foreign_script
data,it,B1,2640,Slalomlauf,slaloms,Slaloms,SAME_AS_LV_CASEFOLD,casefold_only
data,lb,B1,2640,Slalomlauf,slaloms,Slaloms,SAME_AS_LV_CASEFOLD,casefold_only
data,nl,B1,2640,Slalomlauf,slaloms,Slaloms,SAME_AS_LV_CASEFOLD,casefold_only
data,pt,B1,2640,Slalomlauf,slaloms,Slaloms,SAME_AS_LV_CASEFOLD,casefold_only
data,sl,B1,2640,Slalomlauf,slaloms,slaloms,SAME_AS_LV_CASEFOLD,exact
data,uk,B1,2640,Slalomlauf,slaloms,slaloms,SAME_AS_LV_CASEFOLD,exact
data,uk,B1,2640,Slalomlauf,slaloms,slaloms,SCRIPT_MISMATCH,
data,uk,B1,2640,Slalomlauf,slaloms,slaloms,MARKER_LEAK,latin_in_cyrillic
data,bg,B1,2640,Slalomlauf,slaloms,Слалом,FAMILY_COPY_STRICT,bg+hr+mk+ru+sr
data,hr,B1,2640,Slalomlauf,slaloms,Слалом,FAMILY_COPY_STRICT,bg+hr+mk+ru+sr
data,mk,B1,2640,Slalomlauf,slaloms,Слалом,FAMILY_COPY_STRICT,bg+hr+mk+ru+sr
data,ru,B1,2640,Slalomlauf,slaloms,Слалом,FAMILY_COPY_STRICT,bg+hr+mk+ru+sr
data,sr,B1,2640,Slalomlauf,slaloms,Слалом,FAMILY_COPY_STRICT,bg+hr+mk+ru+sr
data,fi,B1,2640,Slalomlauf,slaloms,Slaalom,FAMILY_COPY_STRICT,fi+is+nb+nn+sv
data,is,B1,2640,Slalomlauf,slaloms,Slaalom,FAMILY_COPY_STRICT,fi+is+nb+nn+sv
data,nb,B1,2640,Slalomlauf,slaloms,Slaalom,FAMILY_COPY_STRICT,fi+is+nb+nn+sv
data,nn,B1,2640,Slalomlauf,slaloms,Slaalom,FAMILY_COPY_STRICT,fi+is+nb+nn+sv
data,sv,B1,2640,Slalomlauf,slaloms,Slaalom,FAMILY_COPY_STRICT,fi+is+nb+nn+sv
data,it,B1,2640,Slalomlauf,slaloms,Slaloms,FAMILY_COPY_STRICT,it+lb+nl+pt
data,lb,B1,2640,Slalomlauf,slaloms,Slaloms,FAMILY_COPY_STRICT,it+lb+nl+pt
data,nl,B1,2640,Slalomlauf,slaloms,Slaloms,FAMILY_COPY_STRICT,it+lb+nl+pt
data,pt,B1,2640,Slalomlauf,slaloms,Slaloms,FAMILY_COPY_STRICT,it+lb+nl+pt
data,hr,B1,2641,Slipper,kurpe bez aukliņām,Чевли без врвки,SCRIPT_MISMATCH,
data,hr,B1,2641,Slipper,kurpe bez aukliņām,Чевли без врвки,MARKER_LEAK,foreign_script
data,it,B1,2641,Slipper,kurpe bez aukliņām,Kurpe bez aukliņām,SAME_AS_LV_CASEFOLD,casefold_only
data,it,B1,2641,Slipper,kurpe bez aukliņām,Kurpe bez aukliņām,LV_DIACRITIC,
data,it,B1,2641,Slipper,kurpe bez aukliņām,Kurpe bez aukliņām,MARKER_LEAK,lv_macron_consonant
data,lb,B1,2641,Slipper,kurpe bez aukliņām,Kurpe bez aukliņām,SAME_AS_LV_CASEFOLD,casefold_only
data,lb,B1,2641,Slipper,kurpe bez aukliņām,Kurpe bez aukliņām,LV_DIACRITIC,
data,lb,B1,2641,Slipper,kurpe bez aukliņām,Kurpe bez aukliņām,MARKER_LEAK,lv_macron_consonant
data,nl,B1,2641,Slipper,kurpe bez aukliņām,Kurpe bez aukliņām,SAME_AS_LV_CASEFOLD,casefold_only
data,nl,B1,2641,Slipper,kurpe bez aukliņām,Kurpe bez aukliņām,LV_DIACRITIC,
data,nl,B1,2641,Slipper,kurpe bez aukliņām,Kurpe bez aukliņām,MARKER_LEAK,lv_macron_consonant
data,pt,B1,2641,Slipper,kurpe bez aukliņām,Kurpe bez aukliņām,SAME_AS_LV_CASEFOLD,casefold_only
data,pt,B1,2641,Slipper,kurpe bez aukliņām,Kurpe bez aukliņām,LV_DIACRITIC,
data,pt,B1,2641,Slipper,kurpe bez aukliņām,Kurpe bez aukliņām,MARKER_LEAK,lv_macron_consonant
data,sl,B1,2641,Slipper,kurpe bez aukliņām,kurpe bez aukliņām,SAME_AS_LV_CASEFOLD,exact
data,sl,B1,2641,Slipper,kurpe bez aukliņām,kurpe bez aukliņām,LV_DIACRITIC,
data,sl,B1,2641,Slipper,kurpe bez aukliņām,kurpe bez aukliņām,MARKER_LEAK,lv_macron_consonant
data,sq,B1,2641,Slipper,kurpe bez aukliņām,Bağcıksız ayakkabı,MARKER_LEAK,tr_soft
data,fi,B1,2641,Slipper,kurpe bez aukliņām,Sussid,FAMILY_COPY_STRICT,fi+is+nb+nn+sv
data,is,B1,2641,Slipper,kurpe bez aukliņām,Sussid,FAMILY_COPY_STRICT,fi+is+nb+nn+sv
data,nb,B1,2641,Slipper,kurpe bez aukliņām,Sussid,FAMILY_COPY_STRICT,fi+is+nb+nn+sv
data,nn,B1,2641,Slipper,kurpe bez aukliņām,Sussid,FAMILY_COPY_STRICT,fi+is+nb+nn+sv
data,sv,B1,2641,Slipper,kurpe bez aukliņām,Sussid,FAMILY_COPY_STRICT,fi+is+nb+nn+sv
data,hr,B1,2641,Slipper,kurpe bez aukliņām,Чевли без врвки,FAMILY_COPY_STRICT,hr+mk+sr
data,mk,B1,2641,Slipper,kurpe bez aukliņām,Чевли без врвки,FAMILY_COPY_STRICT,hr+mk+sr
data,sr,B1,2641,Slipper,kurpe bez aukliņām,Чевли без врвки,FAMILY_COPY_STRICT,hr+mk+sr
data,it,B1,2641,Slipper,kurpe bez aukliņām,Kurpe bez aukliņām,FAMILY_COPY_STRICT,it+lb+nl+pt
data,lb,B1,2641,Slipper,kurpe bez aukliņām,Kurpe bez aukliņām,FAMILY_COPY_STRICT,it+lb+nl+pt
data,nl,B1,2641,Slipper,kurpe bez aukliņām,Kurpe bez aukliņām,FAMILY_COPY_STRICT,it+lb+nl+pt
data,pt,B1,2641,Slipper,kurpe bez aukliņām,Kurpe bez aukliņām,FAMILY_COPY_STRICT,it+lb+nl+pt
data,pl,B1,2641,Slipper,kurpe bez aukliņām,But bez sznurówek,FAMILY_COPY_STRICT,pl+sk
data,sk,B1,2641,Slipper,kurpe bez aukliņām,But bez sznurówek,FAMILY_COPY_STRICT,pl+sk
data,sq,B1,2641,Slipper,kurpe bez aukliņām,Bağcıksız ayakkabı,FAMILY_COPY_STRICT,sq+tr
data,tr,B1,2641,Slipper,kurpe bez aukliņām,Bağcıksız ayakkabı,FAMILY_COPY_STRICT,sq+tr
data,hr,B1,2642,Smog,smogs,Смог,SCRIPT_MISMATCH,
data,hr,B1,2642,Smog,smogs,Смог,MARKER_LEAK,foreign_script
data,it,B1,2642,Smog,smogs,Smogs,SAME_AS_LV_CASEFOLD,casefold_only
data,lb,B1,2642,Smog,smogs,Smogs,SAME_AS_LV_CASEFOLD,casefold_only
data,nl,B1,2642,Smog,smogs,Smogs,SAME_AS_LV_CASEFOLD,casefold_only
data,sl,B1,2642,Smog,smogs,smogs,SAME_AS_LV_CASEFOLD,exact
data,uk,B1,2642,Smog,smogs,smogs,SAME_AS_LV_CASEFOLD,exact
data,uk,B1,2642,Smog,smogs,smogs,SCRIPT_MISMATCH,
data,uk,B1,2642,Smog,smogs,smogs,MARKER_LEAK,latin_in_cyrillic
data,bg,B1,2642,Smog,smogs,Смог,FAMILY_COPY_STRICT,bg+hr+mk+ru+sr
data,hr,B1,2642,Smog,smogs,Смог,FAMILY_COPY_STRICT,bg+hr+mk+ru+sr
data,mk,B1,2642,Smog,smogs,Смог,FAMILY_COPY_STRICT,bg+hr+mk+ru+sr
data,ru,B1,2642,Smog,smogs,Смог,FAMILY_COPY_STRICT,bg+hr+mk+ru+sr
data,sr,B1,2642,Smog,smogs,Смог,FAMILY_COPY_STRICT,bg+hr+mk+ru+sr
data,it,B1,2642,Smog,smogs,Smogs,FAMILY_COPY_STRICT,it+lb+nl
data,lb,B1,2642,Smog,smogs,Smogs,FAMILY_COPY_STRICT,it+lb+nl
data,nl,B1,2642,Smog,smogs,Smogs,FAMILY_COPY_STRICT,it+lb+nl
data,hr,B1,2643,soeben,tikko,Точно сега,SCRIPT_MISMATCH,
data,hr,B1,2643,soeben,tikko,Точно сега,MARKER_LEAK,foreign_script
data,it,B1,2643,soeben,tikko,Tikko,SAME_AS_LV_CASEFOLD,casefold_only
data,lb,B1,2643,soeben,tikko,Tikko,SAME_AS_LV_CASEFOLD,casefold_only
data,nl,B1,2643,soeben,tikko,Tikko,SAME_AS_LV_CASEFOLD,casefold_only
data,pt,B1,2643,soeben,tikko,Tikko,SAME_AS_LV_CASEFOLD,casefold_only
data,sl,B1,2643,soeben,tikko,tikko,SAME_AS_LV_CASEFOLD,exact
data,bg,B1,2643,soeben,tikko,Точно сега,FAMILY_COPY_STRICT,bg+hr+mk+sr
data,hr,B1,2643,soeben,tikko,Точно сега,FAMILY_COPY_STRICT,bg+hr+mk+sr
data,mk,B1,2643,soeben,tikko,Точно сега,FAMILY_COPY_STRICT,bg+hr+mk+sr
data,sr,B1,2643,soeben,tikko,Точно сега,FAMILY_COPY_STRICT,bg+hr+mk+sr
data,fi,B1,2643,soeben,tikko,Äsja,FAMILY_COPY_STRICT,fi+is+nb+nn+sv
data,is,B1,2643,soeben,tikko,Äsja,FAMILY_COPY_STRICT,fi+is+nb+nn+sv
data,nb,B1,2643,soeben,tikko,Äsja,FAMILY_COPY_STRICT,fi+is+nb+nn+sv
data,nn,B1,2643,soeben,tikko,Äsja,FAMILY_COPY_STRICT,fi+is+nb+nn+sv
data,sv,B1,2643,soeben,tikko,Äsja,FAMILY_COPY_STRICT,fi+is+nb+nn+sv
data,it,B1,2643,soeben,tikko,Tikko,FAMILY_COPY_STRICT,it+lb+nl+pt
data,lb,B1,2643,soeben,tikko,Tikko,FAMILY_COPY_STRICT,it+lb+nl+pt
data,nl,B1,2643,soeben,tikko,Tikko,FAMILY_COPY_STRICT,it+lb+nl+pt
data,pt,B1,2643,soeben,tikko,Tikko,FAMILY_COPY_STRICT,it+lb+nl+pt
data,hr,B1,2644,sogenannt,tā saucamais,Т.нар,SCRIPT_MISMATCH,
data,hr,B1,2644,sogenannt,tā saucamais,Т.нар,MARKER_LEAK,foreign_script
data,it,B1,2644,sogenannt,tā saucamais,Tā saucamais,SAME_AS_LV_CASEFOLD,casefold_only
data,it,B1,2644,sogenannt,tā saucamais,Tā saucamais,LV_DIACRITIC,
data,it,B1,2644,sogenannt,tā saucamais,Tā saucamais,MARKER_LEAK,lv_macron_consonant
data,lb,B1,2644,sogenannt,tā saucamais,Tā saucamais,SAME_AS_LV_CASEFOLD,casefold_only
data,lb,B1,2644,sogenannt,tā saucamais,Tā saucamais,LV_DIACRITIC,
data,lb,B1,2644,sogenannt,tā saucamais,Tā saucamais,MARKER_LEAK,lv_macron_consonant
data,nl,B1,2644,sogenannt,tā saucamais,Tā saucamais,SAME_AS_LV_CASEFOLD,casefold_only
data,nl,B1,2644,sogenannt,tā saucamais,Tā saucamais,LV_DIACRITIC,
data,nl,B1,2644,sogenannt,tā saucamais,Tā saucamais,MARKER_LEAK,lv_macron_consonant
data,sl,B1,2644,sogenannt,tā saucamais,tā saucamais,SAME_AS_LV_CASEFOLD,exact
data,sl,B1,2644,sogenannt,tā saucamais,tā saucamais,LV_DIACRITIC,
data,sl,B1,2644,sogenannt,tā saucamais,tā saucamais,MARKER_LEAK,lv_macron_consonant
data,bg,B1,2644,sogenannt,tā saucamais,Т.нар,FAMILY_COPY_STRICT,bg+hr+mk+sr
data,hr,B1,2644,sogenannt,tā saucamais,Т.нар,FAMILY_COPY_STRICT,bg+hr+mk+sr
data,mk,B1,2644,sogenannt,tā saucamais,Т.нар,FAMILY_COPY_STRICT,bg+hr+mk+sr
data,sr,B1,2644,sogenannt,tā saucamais,Т.нар,FAMILY_COPY_STRICT,bg+hr+mk+sr
data,bs,B1,2644,sogenannt,tā saucamais,Tzv.,FAMILY_COPY_STRICT,bs+cs
data,cs,B1,2644,sogenannt,tā saucamais,Tzv.,FAMILY_COPY_STRICT,bs+cs
data,fi,B1,2644,sogenannt,tā saucamais,Nn.,FAMILY_COPY_STRICT,fi+is+nb+nn+sv
data,is,B1,2644,sogenannt,tā saucamais,Nn.,FAMILY_COPY_STRICT,fi+is+nb+nn+sv
data,nb,B1,2644,sogenannt,tā saucamais,Nn.,FAMILY_COPY_STRICT,fi+is+nb+nn+sv
data,nn,B1,2644,sogenannt,tā saucamais,Nn.,FAMILY_COPY_STRICT,fi+is+nb+nn+sv
data,sv,B1,2644,sogenannt,tā saucamais,Nn.,FAMILY_COPY_STRICT,fi+is+nb+nn+sv
data,it,B1,2644,sogenannt,tā saucamais,Tā saucamais,FAMILY_COPY_STRICT,it+lb+nl
data,lb,B1,2644,sogenannt,tā saucamais,Tā saucamais,FAMILY_COPY_STRICT,it+lb+nl
data,nl,B1,2644,sogenannt,tā saucamais,Tā saucamais,FAMILY_COPY_STRICT,it+lb+nl
data,pl,B1,2644,sogenannt,tā saucamais,Tzw,FAMILY_COPY_STRICT,pl+sk+sq+tr
data,sk,B1,2644,sogenannt,tā saucamais,Tzw,FAMILY_COPY_STRICT,pl+sk+sq+tr
data,sq,B1,2644,sogenannt,tā saucamais,Tzw,FAMILY_COPY_STRICT,pl+sk+sq+tr
data,tr,B1,2644,sogenannt,tā saucamais,Tzw,FAMILY_COPY_STRICT,pl+sk+sq+tr
data,hr,B1,2645,Solarium,solārijs,Солариум,SCRIPT_MISMATCH,
data,hr,B1,2645,Solarium,solārijs,Солариум,MARKER_LEAK,foreign_script
data,it,B1,2645,Solarium,solārijs,Solārijs,SAME_AS_LV_CASEFOLD,casefold_only
data,it,B1,2645,Solarium,solārijs,Solārijs,LV_DIACRITIC,
data,it,B1,2645,Solarium,solārijs,Solārijs,MARKER_LEAK,lv_macron_consonant
data,lb,B1,2645,Solarium,solārijs,Solārijs,SAME_AS_LV_CASEFOLD,casefold_only
data,lb,B1,2645,Solarium,solārijs,Solārijs,LV_DIACRITIC,
data,lb,B1,2645,Solarium,solārijs,Solārijs,MARKER_LEAK,lv_macron_consonant
data,nl,B1,2645,Solarium,solārijs,Solārijs,SAME_AS_LV_CASEFOLD,casefold_only
data,nl,B1,2645,Solarium,solārijs,Solārijs,LV_DIACRITIC,
data,nl,B1,2645,Solarium,solārijs,Solārijs,MARKER_LEAK,lv_macron_consonant
data,sl,B1,2645,Solarium,solārijs,solārijs,SAME_AS_LV_CASEFOLD,exact
data,sl,B1,2645,Solarium,solārijs,solārijs,LV_DIACRITIC,
data,sl,B1,2645,Solarium,solārijs,solārijs,MARKER_LEAK,lv_macron_consonant
data,bg,B1,2645,Solarium,solārijs,Солариум,FAMILY_COPY_STRICT,bg+hr+mk+sr
data,hr,B1,2645,Solarium,solārijs,Солариум,FAMILY_COPY_STRICT,bg+hr+mk+sr
data,mk,B1,2645,Solarium,solārijs,Солариум,FAMILY_COPY_STRICT,bg+hr+mk+sr
data,sr,B1,2645,Solarium,solārijs,Солариум,FAMILY_COPY_STRICT,bg+hr+mk+sr
data,fi,B1,2645,Solarium,solārijs,Solaarium,FAMILY_COPY_STRICT,fi+is+nb+nn+sv
data,is,B1,2645,Solarium,solārijs,Solaarium,FAMILY_COPY_STRICT,fi+is+nb+nn+sv
data,nb,B1,2645,Solarium,solārijs,Solaarium,FAMILY_COPY_STRICT,fi+is+nb+nn+sv
data,nn,B1,2645,Solarium,solārijs,Solaarium,FAMILY_COPY_STRICT,fi+is+nb+nn+sv
data,sv,B1,2645,Solarium,solārijs,Solaarium,FAMILY_COPY_STRICT,fi+is+nb+nn+sv
data,it,B1,2645,Solarium,solārijs,Solārijs,FAMILY_COPY_STRICT,it+lb+nl
data,lb,B1,2645,Solarium,solārijs,Solārijs,FAMILY_COPY_STRICT,it+lb+nl
data,nl,B1,2645,Solarium,solārijs,Solārijs,FAMILY_COPY_STRICT,it+lb+nl
data,hr,B1,2646,solide,solīds,Твърди,SCRIPT_MISMATCH,
data,hr,B1,2646,solide,solīds,Твърди,MARKER_LEAK,foreign_script
data,sl,B1,2646,solide,solīds,solīds,SAME_AS_LV_CASEFOLD,exact
data,sl,B1,2646,solide,solīds,solīds,LV_DIACRITIC,
data,sl,B1,2646,solide,solīds,solīds,MARKER_LEAK,lv_macron_consonant
data,bg,B1,2646,solide,solīds,Твърди,FAMILY_COPY_STRICT,bg+hr+mk+sr
data,hr,B1,2646,solide,solīds,Твърди,FAMILY_COPY_STRICT,bg+hr+mk+sr
data,mk,B1,2646,solide,solīds,Твърди,FAMILY_COPY_STRICT,bg+hr+mk+sr
data,sr,B1,2646,solide,solīds,Твърди,FAMILY_COPY_STRICT,bg+hr+mk+sr
data,da,B1,2646,solide,solīds,Solid,FAMILY_COPY_STRICT,da+en+ro
data,en,B1,2646,solide,solīds,Solid,FAMILY_COPY_STRICT,da+en+ro
data,ro,B1,2646,solide,solīds,Solid,FAMILY_COPY_STRICT,da+en+ro
data,fi,B1,2646,solide,solīds,Korralik,FAMILY_COPY_STRICT,fi+sv
data,sv,B1,2646,solide,solīds,Korralik,FAMILY_COPY_STRICT,fi+sv
data,is,B1,2646,solide,solīds,Corrallike,FAMILY_COPY_STRICT,is+nb+nn
data,nb,B1,2646,solide,solīds,Corrallike,FAMILY_COPY_STRICT,is+nb+nn
data,nn,B1,2646,solide,solīds,Corrallike,FAMILY_COPY_STRICT,is+nb+nn
data,it,B1,2646,solide,solīds,Stevig,FAMILY_COPY_STRICT,it+lb+nl
data,lb,B1,2646,solide,solīds,Stevig,FAMILY_COPY_STRICT,it+lb+nl
data,nl,B1,2646,solide,solīds,Stevig,FAMILY_COPY_STRICT,it+lb+nl
data,pl,B1,2646,solide,solīds,Solidny,FAMILY_COPY_STRICT,pl+sk
data,sk,B1,2646,solide,solīds,Solidny,FAMILY_COPY_STRICT,pl+sk
data,sq,B1,2646,solide,solīds,Güvenilir,FAMILY_COPY_STRICT,sq+tr
data,tr,B1,2646,solide,solīds,Güvenilir,FAMILY_COPY_STRICT,sq+tr
data,hr,B1,2647,somit,tādējādi,Така,SCRIPT_MISMATCH,
data,hr,B1,2647,somit,tādējādi,Така,MARKER_LEAK,foreign_script
data,it,B1,2647,somit,tādējādi,Tādējādi,SAME_AS_LV_CASEFOLD,casefold_only
data,it,B1,2647,somit,tādējādi,Tādējādi,LV_DIACRITIC,
data,it,B1,2647,somit,tādējādi,Tādējādi,MARKER_LEAK,lv_macron_consonant
data,lb,B1,2647,somit,tādējādi,Tādējādi,SAME_AS_LV_CASEFOLD,casefold_only
data,lb,B1,2647,somit,tādējādi,Tādējādi,LV_DIACRITIC,
data,lb,B1,2647,somit,tādējādi,Tādējādi,MARKER_LEAK,lv_macron_consonant
data,nl,B1,2647,somit,tādējādi,Tādējādi,SAME_AS_LV_CASEFOLD,casefold_only
data,nl,B1,2647,somit,tādējādi,Tādējādi,LV_DIACRITIC,
data,nl,B1,2647,somit,tādējādi,Tādējādi,MARKER_LEAK,lv_macron_consonant
data,pt,B1,2647,somit,tādējādi,Tādējādi,SAME_AS_LV_CASEFOLD,casefold_only
data,pt,B1,2647,somit,tādējādi,Tādējādi,LV_DIACRITIC,
data,pt,B1,2647,somit,tādējādi,Tādējādi,MARKER_LEAK,lv_macron_consonant
data,sl,B1,2647,somit,tādējādi,tādējādi,SAME_AS_LV_CASEFOLD,exact
data,sl,B1,2647,somit,tādējādi,tādējādi,LV_DIACRITIC,
data,sl,B1,2647,somit,tādējādi,tādējādi,MARKER_LEAK,lv_macron_consonant
data,bg,B1,2647,somit,tādējādi,Така,FAMILY_COPY_STRICT,bg+hr+mk+sr
data,hr,B1,2647,somit,tādējādi,Така,FAMILY_COPY_STRICT,bg+hr+mk+sr
data,mk,B1,2647,somit,tādējādi,Така,FAMILY_COPY_STRICT,bg+hr+mk+sr
data,sr,B1,2647,somit,tādējādi,Така,FAMILY_COPY_STRICT,bg+hr+mk+sr
data,fi,B1,2647,somit,tādējādi,Seega,FAMILY_COPY_STRICT,fi+is+nb+nn+sv
data,is,B1,2647,somit,tādējādi,Seega,FAMILY_COPY_STRICT,fi+is+nb+nn+sv
data,nb,B1,2647,somit,tādējādi,Seega,FAMILY_COPY_STRICT,fi+is+nb+nn+sv
data,nn,B1,2647,somit,tādējādi,Seega,FAMILY_COPY_STRICT,fi+is+nb+nn+sv
data,sv,B1,2647,somit,tādējādi,Seega,FAMILY_COPY_STRICT,fi+is+nb+nn+sv
data,it,B1,2647,somit,tādējādi,Tādējādi,FAMILY_COPY_STRICT,it+lb+nl+pt
data,lb,B1,2647,somit,tādējādi,Tādējādi,FAMILY_COPY_STRICT,it+lb+nl+pt
data,nl,B1,2647,somit,tādējādi,Tādējādi,FAMILY_COPY_STRICT,it+lb+nl+pt
data,pt,B1,2647,somit,tādējādi,Tādējādi,FAMILY_COPY_STRICT,it+lb+nl+pt
data,pl,B1,2647,somit,tādējādi,Zatem,FAMILY_COPY_STRICT,pl+sk
data,sk,B1,2647,somit,tādējādi,Zatem,FAMILY_COPY_STRICT,pl+sk
data,sq,B1,2647,somit,tādējādi,Öyleyse,FAMILY_COPY_STRICT,sq+tr
data,tr,B1,2647,somit,tādējādi,Öyleyse,FAMILY_COPY_STRICT,sq+tr
data,hr,B1,2648,Sommerhitze,vasaras svelme,Лятна жега,SCRIPT_MISMATCH,
data,hr,B1,2648,Sommerhitze,vasaras svelme,Лятна жега,MARKER_LEAK,foreign_script
data,it,B1,2648,Sommerhitze,vasaras svelme,Vasaras svelme,SAME_AS_LV_CASEFOLD,casefold_only
data,lb,B1,2648,Sommerhitze,vasaras svelme,Vasaras svelme,SAME_AS_LV_CASEFOLD,casefold_only
data,nl,B1,2648,Sommerhitze,vasaras svelme,Vasaras svelme,SAME_AS_LV_CASEFOLD,casefold_only
data,sk,B1,2648,Sommerhitze,vasaras svelme,Letni upał,MARKER_LEAK,pl_l_s_z
data,sl,B1,2648,Sommerhitze,vasaras svelme,vasaras svelme,SAME_AS_LV_CASEFOLD,exact
data,sq,B1,2648,Sommerhitze,vasaras svelme,Yaz sıcağı,MARKER_LEAK,tr_soft
data,bg,B1,2648,Sommerhitze,vasaras svelme,Лятна жега,FAMILY_COPY_STRICT,bg+hr+mk+sr
data,hr,B1,2648,Sommerhitze,vasaras svelme,Лятна жега,FAMILY_COPY_STRICT,bg+hr+mk+sr
data,mk,B1,2648,Sommerhitze,vasaras svelme,Лятна жега,FAMILY_COPY_STRICT,bg+hr+mk+sr
data,sr,B1,2648,Sommerhitze,vasaras svelme,Лятна жега,FAMILY_COPY_STRICT,bg+hr+mk+sr
data,fi,B1,2648,Sommerhitze,vasaras svelme,Suvekuumus,FAMILY_COPY_STRICT,fi+is+nb+nn+sv
data,is,B1,2648,Sommerhitze,vasaras svelme,Suvekuumus,FAMILY_COPY_STRICT,fi+is+nb+nn+sv
data,nb,B1,2648,Sommerhitze,vasaras svelme,Suvekuumus,FAMILY_COPY_STRICT,fi+is+nb+nn+sv
data,nn,B1,2648,Sommerhitze,vasaras svelme,Suvekuumus,FAMILY_COPY_STRICT,fi+is+nb+nn+sv
data,sv,B1,2648,Sommerhitze,vasaras svelme,Suvekuumus,FAMILY_COPY_STRICT,fi+is+nb+nn+sv
data,it,B1,2648,Sommerhitze,vasaras svelme,Vasaras svelme,FAMILY_COPY_STRICT,it+lb+nl
data,lb,B1,2648,Sommerhitze,vasaras svelme,Vasaras svelme,FAMILY_COPY_STRICT,it+lb+nl
data,nl,B1,2648,Sommerhitze,vasaras svelme,Vasaras svelme,FAMILY_COPY_STRICT,it+lb+nl
data,pl,B1,2648,Sommerhitze,vasaras svelme,Letni upał,FAMILY_COPY_STRICT,pl+sk
data,sk,B1,2648,Sommerhitze,vasaras svelme,Letni upał,FAMILY_COPY_STRICT,pl+sk
data,sq,B1,2648,Sommerhitze,vasaras svelme,Yaz sıcağı,FAMILY_COPY_STRICT,sq+tr
data,tr,B1,2648,Sommerhitze,vasaras svelme,Yaz sıcağı,FAMILY_COPY_STRICT,sq+tr
data,hr,B1,2649,Sommersprosse,vasarraibums,Лятно място,SCRIPT_MISMATCH,
data,hr,B1,2649,Sommersprosse,vasarraibums,Лятно място,MARKER_LEAK,foreign_script
data,it,B1,2649,Sommersprosse,vasarraibums,Vasarraibums,SAME_AS_LV_CASEFOLD,casefold_only
data,lb,B1,2649,Sommersprosse,vasarraibums,Vasarraibums,SAME_AS_LV_CASEFOLD,casefold_only
data,nl,B1,2649,Sommersprosse,vasarraibums,Vasarraibums,SAME_AS_LV_CASEFOLD,casefold_only
data,pt,B1,2649,Sommersprosse,vasarraibums,Vasarraibums,SAME_AS_LV_CASEFOLD,casefold_only
data,sl,B1,2649,Sommersprosse,vasarraibums,vasarraibums,SAME_AS_LV_CASEFOLD,exact
data,bg,B1,2649,Sommersprosse,vasarraibums,Лятно място,FAMILY_COPY_STRICT,bg+hr+mk+sr
data,hr,B1,2649,Sommersprosse,vasarraibums,Лятно място,FAMILY_COPY_STRICT,bg+hr+mk+sr
data,mk,B1,2649,Sommersprosse,vasarraibums,Лятно място,FAMILY_COPY_STRICT,bg+hr+mk+sr
data,sr,B1,2649,Sommersprosse,vasarraibums,Лятно място,FAMILY_COPY_STRICT,bg+hr+mk+sr
data,fi,B1,2649,Sommersprosse,vasarraibums,Tedretähn,FAMILY_COPY_STRICT,fi+is+nb+nn+sv
data,is,B1,2649,Sommersprosse,vasarraibums,Tedretähn,FAMILY_COPY_STRICT,fi+is+nb+nn+sv
data,nb,B1,2649,Sommersprosse,vasarraibums,Tedretähn,FAMILY_COPY_STRICT,fi+is+nb+nn+sv
data,nn,B1,2649,Sommersprosse,vasarraibums,Tedretähn,FAMILY_COPY_STRICT,fi+is+nb+nn+sv
data,sv,B1,2649,Sommersprosse,vasarraibums,Tedretähn,FAMILY_COPY_STRICT,fi+is+nb+nn+sv
data,it,B1,2649,Sommersprosse,vasarraibums,Vasarraibums,FAMILY_COPY_STRICT,it+lb+nl+pt
data,lb,B1,2649,Sommersprosse,vasarraibums,Vasarraibums,FAMILY_COPY_STRICT,it+lb+nl+pt
data,nl,B1,2649,Sommersprosse,vasarraibums,Vasarraibums,FAMILY_COPY_STRICT,it+lb+nl+pt
data,pt,B1,2649,Sommersprosse,vasarraibums,Vasarraibums,FAMILY_COPY_STRICT,it+lb+nl+pt
data,pl,B1,2649,Sommersprosse,vasarraibums,Letnie miejsce,FAMILY_COPY_STRICT,pl+sk+sq+tr
data,sk,B1,2649,Sommersprosse,vasarraibums,Letnie miejsce,FAMILY_COPY_STRICT,pl+sk+sq+tr
data,sq,B1,2649,Sommersprosse,vasarraibums,Letnie miejsce,FAMILY_COPY_STRICT,pl+sk+sq+tr
data,tr,B1,2649,Sommersprosse,vasarraibums,Letnie miejsce,FAMILY_COPY_STRICT,pl+sk+sq+tr
data,hr,B1,2650,sonderbar,savāds,Странно,SCRIPT_MISMATCH,
data,hr,B1,2650,sonderbar,savāds,Странно,MARKER_LEAK,foreign_script
data,it,B1,2650,sonderbar,savāds,Savāds,SAME_AS_LV_CASEFOLD,casefold_only
data,it,B1,2650,sonderbar,savāds,Savāds,LV_DIACRITIC,
data,it,B1,2650,sonderbar,savāds,Savāds,MARKER_LEAK,lv_macron_consonant
data,lb,B1,2650,sonderbar,savāds,Savāds,SAME_AS_LV_CASEFOLD,casefold_only
data,lb,B1,2650,sonderbar,savāds,Savāds,LV_DIACRITIC,
data,lb,B1,2650,sonderbar,savāds,Savāds,MARKER_LEAK,lv_macron_consonant
data,nl,B1,2650,sonderbar,savāds,Savāds,SAME_AS_LV_CASEFOLD,casefold_only
data,nl,B1,2650,sonderbar,savāds,Savāds,LV_DIACRITIC,
data,nl,B1,2650,sonderbar,savāds,Savāds,MARKER_LEAK,lv_macron_consonant
data,sl,B1,2650,sonderbar,savāds,savāds,SAME_AS_LV_CASEFOLD,exact
data,sl,B1,2650,sonderbar,savāds,savāds,LV_DIACRITIC,
data,sl,B1,2650,sonderbar,savāds,savāds,MARKER_LEAK,lv_macron_consonant
data,bg,B1,2650,sonderbar,savāds,Странно,FAMILY_COPY_STRICT,bg+hr+mk+sr
data,hr,B1,2650,sonderbar,savāds,Странно,FAMILY_COPY_STRICT,bg+hr+mk+sr
data,mk,B1,2650,sonderbar,savāds,Странно,FAMILY_COPY_STRICT,bg+hr+mk+sr
data,sr,B1,2650,sonderbar,savāds,Странно,FAMILY_COPY_STRICT,bg+hr+mk+sr
data,fi,B1,2650,sonderbar,savāds,Kummaline,FAMILY_COPY_STRICT,fi+is+nb+nn+sv
data,is,B1,2650,sonderbar,savāds,Kummaline,FAMILY_COPY_STRICT,fi+is+nb+nn+sv
data,nb,B1,2650,sonderbar,savāds,Kummaline,FAMILY_COPY_STRICT,fi+is+nb+nn+sv
data,nn,B1,2650,sonderbar,savāds,Kummaline,FAMILY_COPY_STRICT,fi+is+nb+nn+sv
data,sv,B1,2650,sonderbar,savāds,Kummaline,FAMILY_COPY_STRICT,fi+is+nb+nn+sv
data,it,B1,2650,sonderbar,savāds,Savāds,FAMILY_COPY_STRICT,it+lb+nl
data,lb,B1,2650,sonderbar,savāds,Savāds,FAMILY_COPY_STRICT,it+lb+nl
data,nl,B1,2650,sonderbar,savāds,Savāds,FAMILY_COPY_STRICT,it+lb+nl
data,pl,B1,2650,sonderbar,savāds,Dziwny,FAMILY_COPY_STRICT,pl+sk+sq+tr
data,sk,B1,2650,sonderbar,savāds,Dziwny,FAMILY_COPY_STRICT,pl+sk+sq+tr
data,sq,B1,2650,sonderbar,savāds,Dziwny,FAMILY_COPY_STRICT,pl+sk+sq+tr
data,tr,B1,2650,sonderbar,savāds,Dziwny,FAMILY_COPY_STRICT,pl+sk+sq+tr
data,fi,B1,2651,Sonnenbrand,saules apdegums,Päikesepõletus,MARKER_LEAK,et_otilde
data,hr,B1,2651,Sonnenbrand,saules apdegums,Слънчево изгаряне,SCRIPT_MISMATCH,
data,hr,B1,2651,Sonnenbrand,saules apdegums,Слънчево изгаряне,MARKER_LEAK,foreign_script
data,is,B1,2651,Sonnenbrand,saules apdegums,Päikesepõletus,MARKER_LEAK,et_otilde
data,it,B1,2651,Sonnenbrand,saules apdegums,Saules apdegums,SAME_AS_LV_CASEFOLD,casefold_only
data,lb,B1,2651,Sonnenbrand,saules apdegums,Saules apdegums,SAME_AS_LV_CASEFOLD,casefold_only
data,nb,B1,2651,Sonnenbrand,saules apdegums,Päikesepõletus,MARKER_LEAK,et_otilde
data,nl,B1,2651,Sonnenbrand,saules apdegums,Saules apdegums,SAME_AS_LV_CASEFOLD,casefold_only
data,nn,B1,2651,Sonnenbrand,saules apdegums,Päikesepõletus,MARKER_LEAK,et_otilde
data,sk,B1,2651,Sonnenbrand,saules apdegums,Oparzenie słoneczne,MARKER_LEAK,pl_l_s_z
data,sl,B1,2651,Sonnenbrand,saules apdegums,saules apdegums,SAME_AS_LV_CASEFOLD,exact
data,sq,B1,2651,Sonnenbrand,saules apdegums,Güneş yanığı,MARKER_LEAK,tr_soft
data,sv,B1,2651,Sonnenbrand,saules apdegums,Päikesepõletus,MARKER_LEAK,et_otilde
data,bg,B1,2651,Sonnenbrand,saules apdegums,Слънчево изгаряне,FAMILY_COPY_STRICT,bg+hr+mk+sr
data,hr,B1,2651,Sonnenbrand,saules apdegums,Слънчево изгаряне,FAMILY_COPY_STRICT,bg+hr+mk+sr
data,mk,B1,2651,Sonnenbrand,saules apdegums,Слънчево изгаряне,FAMILY_COPY_STRICT,bg+hr+mk+sr
data,sr,B1,2651,Sonnenbrand,saules apdegums,Слънчево изгаряне,FAMILY_COPY_STRICT,bg+hr+mk+sr
data,fi,B1,2651,Sonnenbrand,saules apdegums,Päikesepõletus,FAMILY_COPY_STRICT,fi+is+nb+nn+sv
data,is,B1,2651,Sonnenbrand,saules apdegums,Päikesepõletus,FAMILY_COPY_STRICT,fi+is+nb+nn+sv
data,nb,B1,2651,Sonnenbrand,saules apdegums,Päikesepõletus,FAMILY_COPY_STRICT,fi+is+nb+nn+sv
data,nn,B1,2651,Sonnenbrand,saules apdegums,Päikesepõletus,FAMILY_COPY_STRICT,fi+is+nb+nn+sv
data,sv,B1,2651,Sonnenbrand,saules apdegums,Päikesepõletus,FAMILY_COPY_STRICT,fi+is+nb+nn+sv
data,it,B1,2651,Sonnenbrand,saules apdegums,Saules apdegums,FAMILY_COPY_STRICT,it+lb+nl
data,lb,B1,2651,Sonnenbrand,saules apdegums,Saules apdegums,FAMILY_COPY_STRICT,it+lb+nl
data,nl,B1,2651,Sonnenbrand,saules apdegums,Saules apdegums,FAMILY_COPY_STRICT,it+lb+nl
data,pl,B1,2651,Sonnenbrand,saules apdegums,Oparzenie słoneczne,FAMILY_COPY_STRICT,pl+sk
data,sk,B1,2651,Sonnenbrand,saules apdegums,Oparzenie słoneczne,FAMILY_COPY_STRICT,pl+sk
data,sq,B1,2651,Sonnenbrand,saules apdegums,Güneş yanığı,FAMILY_COPY_STRICT,sq+tr
data,tr,B1,2651,Sonnenbrand,saules apdegums,Güneş yanığı,FAMILY_COPY_STRICT,sq+tr
data,it,B1,2652,Sonnenschirm,saulsargs,Saulsargs,SAME_AS_LV_CASEFOLD,casefold_only
data,lb,B1,2652,Sonnenschirm,saulsargs,Saulsargs,SAME_AS_LV_CASEFOLD,casefold_only
data,nl,B1,2652,Sonnenschirm,saulsargs,Saulsargs,SAME_AS_LV_CASEFOLD,casefold_only
data,pt,B1,2652,Sonnenschirm,saulsargs,Saulsargs,SAME_AS_LV_CASEFOLD,casefold_only
data,sl,B1,2652,Sonnenschirm,saulsargs,saulsargs,SAME_AS_LV_CASEFOLD,exact
data,sr,B1,2652,Sonnenschirm,saulsargs,Kišobran,LV_DIACRITIC,
data,sr,B1,2652,Sonnenschirm,saulsargs,Kišobran,SCRIPT_MISMATCH,sr_as_cyrillic
data,sr,B1,2652,Sonnenschirm,saulsargs,Kišobran,MARKER_LEAK,latin_in_cyrillic
data,da,B1,2652,Sonnenschirm,saulsargs,Parasol,FAMILY_COPY_STRICT,da+en+pl
data,en,B1,2652,Sonnenschirm,saulsargs,Parasol,FAMILY_COPY_STRICT,da+en+pl
data,pl,B1,2652,Sonnenschirm,saulsargs,Parasol,FAMILY_COPY_STRICT,da+en+pl
data,fi,B1,2652,Sonnenschirm,saulsargs,Päikesevari,FAMILY_COPY_STRICT,fi+is+nb+nn+sv
data,is,B1,2652,Sonnenschirm,saulsargs,Päikesevari,FAMILY_COPY_STRICT,fi+is+nb+nn+sv
data,nb,B1,2652,Sonnenschirm,saulsargs,Päikesevari,FAMILY_COPY_STRICT,fi+is+nb+nn+sv
data,nn,B1,2652,Sonnenschirm,saulsargs,Päikesevari,FAMILY_COPY_STRICT,fi+is+nb+nn+sv
data,sv,B1,2652,Sonnenschirm,saulsargs,Päikesevari,FAMILY_COPY_STRICT,fi+is+nb+nn+sv
data,hr,B1,2652,Sonnenschirm,saulsargs,Kišobran,FAMILY_COPY_STRICT,hr+sr
data,sr,B1,2652,Sonnenschirm,saulsargs,Kišobran,FAMILY_COPY_STRICT,hr+sr
data,it,B1,2652,Sonnenschirm,saulsargs,Saulsargs,FAMILY_COPY_STRICT,it+lb+nl+pt
data,lb,B1,2652,Sonnenschirm,saulsargs,Saulsargs,FAMILY_COPY_STRICT,it+lb+nl+pt
data,nl,B1,2652,Sonnenschirm,saulsargs,Saulsargs,FAMILY_COPY_STRICT,it+lb+nl+pt
data,pt,B1,2652,Sonnenschirm,saulsargs,Saulsargs,FAMILY_COPY_STRICT,it+lb+nl+pt
data,hr,B1,2653,Sonnenstich,saulesdūriens,Слънчев удар,SCRIPT_MISMATCH,
data,hr,B1,2653,Sonnenstich,saulesdūriens,Слънчев удар,MARKER_LEAK,foreign_script
data,it,B1,2653,Sonnenstich,saulesdūriens,Saulesdūriens,SAME_AS_LV_CASEFOLD,casefold_only
data,it,B1,2653,Sonnenstich,saulesdūriens,Saulesdūriens,LV_DIACRITIC,
data,it,B1,2653,Sonnenstich,saulesdūriens,Saulesdūriens,MARKER_LEAK,lv_u_macron
data,lb,B1,2653,Sonnenstich,saulesdūriens,Saulesdūriens,SAME_AS_LV_CASEFOLD,casefold_only
data,lb,B1,2653,Sonnenstich,saulesdūriens,Saulesdūriens,LV_DIACRITIC,
data,lb,B1,2653,Sonnenstich,saulesdūriens,Saulesdūriens,MARKER_LEAK,lv_u_macron
data,nl,B1,2653,Sonnenstich,saulesdūriens,Saulesdūriens,SAME_AS_LV_CASEFOLD,casefold_only
data,nl,B1,2653,Sonnenstich,saulesdūriens,Saulesdūriens,LV_DIACRITIC,
data,nl,B1,2653,Sonnenstich,saulesdūriens,Saulesdūriens,MARKER_LEAK,lv_u_macron
data,sk,B1,2653,Sonnenstich,saulesdūriens,Porażenie słoneczne,MARKER_LEAK,pl_l_s_z
data,sl,B1,2653,Sonnenstich,saulesdūriens,saulesdūriens,SAME_AS_LV_CASEFOLD,exact
data,sl,B1,2653,Sonnenstich,saulesdūriens,saulesdūriens,LV_DIACRITIC,
data,sl,B1,2653,Sonnenstich,saulesdūriens,saulesdūriens,MARKER_LEAK,lv_u_macron
data,sq,B1,2653,Sonnenstich,saulesdūriens,Güneş çarpması,MARKER_LEAK,tr_soft
data,bg,B1,2653,Sonnenstich,saulesdūriens,Слънчев удар,FAMILY_COPY_STRICT,bg+hr+mk+sr
data,hr,B1,2653,Sonnenstich,saulesdūriens,Слънчев удар,FAMILY_COPY_STRICT,bg+hr+mk+sr
data,mk,B1,2653,Sonnenstich,saulesdūriens,Слънчев удар,FAMILY_COPY_STRICT,bg+hr+mk+sr
data,sr,B1,2653,Sonnenstich,saulesdūriens,Слънчев удар,FAMILY_COPY_STRICT,bg+hr+mk+sr
data,fi,B1,2653,Sonnenstich,saulesdūriens,Päikesepiste,FAMILY_COPY_STRICT,fi+is+nb+nn+sv
data,is,B1,2653,Sonnenstich,saulesdūriens,Päikesepiste,FAMILY_COPY_STRICT,fi+is+nb+nn+sv
data,nb,B1,2653,Sonnenstich,saulesdūriens,Päikesepiste,FAMILY_COPY_STRICT,fi+is+nb+nn+sv
data,nn,B1,2653,Sonnenstich,saulesdūriens,Päikesepiste,FAMILY_COPY_STRICT,fi+is+nb+nn+sv
data,sv,B1,2653,Sonnenstich,saulesdūriens,Päikesepiste,FAMILY_COPY_STRICT,fi+is+nb+nn+sv
data,it,B1,2653,Sonnenstich,saulesdūriens,Saulesdūriens,FAMILY_COPY_STRICT,it+lb+nl
data,lb,B1,2653,Sonnenstich,saulesdūriens,Saulesdūriens,FAMILY_COPY_STRICT,it+lb+nl
data,nl,B1,2653,Sonnenstich,saulesdūriens,Saulesdūriens,FAMILY_COPY_STRICT,it+lb+nl
data,pl,B1,2653,Sonnenstich,saulesdūriens,Porażenie słoneczne,FAMILY_COPY_STRICT,pl+sk
data,sk,B1,2653,Sonnenstich,saulesdūriens,Porażenie słoneczne,FAMILY_COPY_STRICT,pl+sk
data,sq,B1,2653,Sonnenstich,saulesdūriens,Güneş çarpması,FAMILY_COPY_STRICT,sq+tr
data,tr,B1,2653,Sonnenstich,saulesdūriens,Güneş çarpması,FAMILY_COPY_STRICT,sq+tr
data,hr,B1,2654,Sorge,rūpes,Грижа,SCRIPT_MISMATCH,
data,hr,B1,2654,Sorge,rūpes,Грижа,MARKER_LEAK,foreign_script
data,it,B1,2654,Sorge,rūpes,Rūpes,SAME_AS_LV_CASEFOLD,casefold_only
data,it,B1,2654,Sorge,rūpes,Rūpes,LV_DIACRITIC,
data,it,B1,2654,Sorge,rūpes,Rūpes,MARKER_LEAK,lv_u_macron
data,lb,B1,2654,Sorge,rūpes,Rūpes,SAME_AS_LV_CASEFOLD,casefold_only
data,lb,B1,2654,Sorge,rūpes,Rūpes,LV_DIACRITIC,
data,lb,B1,2654,Sorge,rūpes,Rūpes,MARKER_LEAK,lv_u_macron
data,nl,B1,2654,Sorge,rūpes,Rūpes,SAME_AS_LV_CASEFOLD,casefold_only
data,nl,B1,2654,Sorge,rūpes,Rūpes,LV_DIACRITIC,
data,nl,B1,2654,Sorge,rūpes,Rūpes,MARKER_LEAK,lv_u_macron
data,sk,B1,2654,Sorge,rūpes,Pielęgnacja,MARKER_LEAK,pl_lt_nasal
data,sl,B1,2654,Sorge,rūpes,rūpes,SAME_AS_LV_CASEFOLD,exact
data,sl,B1,2654,Sorge,rūpes,rūpes,LV_DIACRITIC,
data,sl,B1,2654,Sorge,rūpes,rūpes,MARKER_LEAK,lv_u_macron
data,sq,B1,2654,Sorge,rūpes,Bakım,MARKER_LEAK,tr_soft
data,bg,B1,2654,Sorge,rūpes,Грижа,FAMILY_COPY_STRICT,bg+hr+mk+sr
data,hr,B1,2654,Sorge,rūpes,Грижа,FAMILY_COPY_STRICT,bg+hr+mk+sr
data,mk,B1,2654,Sorge,rūpes,Грижа,FAMILY_COPY_STRICT,bg+hr+mk+sr
data,sr,B1,2654,Sorge,rūpes,Грижа,FAMILY_COPY_STRICT,bg+hr+mk+sr
data,fi,B1,2654,Sorge,rūpes,Mured,FAMILY_COPY_STRICT,fi+is+nb+nn+sv
data,is,B1,2654,Sorge,rūpes,Mured,FAMILY_COPY_STRICT,fi+is+nb+nn+sv
data,nb,B1,2654,Sorge,rūpes,Mured,FAMILY_COPY_STRICT,fi+is+nb+nn+sv
data,nn,B1,2654,Sorge,rūpes,Mured,FAMILY_COPY_STRICT,fi+is+nb+nn+sv
data,sv,B1,2654,Sorge,rūpes,Mured,FAMILY_COPY_STRICT,fi+is+nb+nn+sv
data,it,B1,2654,Sorge,rūpes,Rūpes,FAMILY_COPY_STRICT,it+lb+nl
data,lb,B1,2654,Sorge,rūpes,Rūpes,FAMILY_COPY_STRICT,it+lb+nl
data,nl,B1,2654,Sorge,rūpes,Rūpes,FAMILY_COPY_STRICT,it+lb+nl
data,pl,B1,2654,Sorge,rūpes,Pielęgnacja,FAMILY_COPY_STRICT,pl+sk
data,sk,B1,2654,Sorge,rūpes,Pielęgnacja,FAMILY_COPY_STRICT,pl+sk
data,sq,B1,2654,Sorge,rūpes,Bakım,FAMILY_COPY_STRICT,sq+tr
data,tr,B1,2654,Sorge,rūpes,Bakım,FAMILY_COPY_STRICT,sq+tr
data,hr,B1,2655,sich sorgen,raizēties,Тревожи се,SCRIPT_MISMATCH,
data,hr,B1,2655,sich sorgen,raizēties,Тревожи се,MARKER_LEAK,foreign_script
data,it,B1,2655,sich sorgen,raizēties,Raizēties,SAME_AS_LV_CASEFOLD,casefold_only
data,it,B1,2655,sich sorgen,raizēties,Raizēties,LV_DIACRITIC,
data,it,B1,2655,sich sorgen,raizēties,Raizēties,MARKER_LEAK,lv_macron_consonant
data,lb,B1,2655,sich sorgen,raizēties,Raizēties,SAME_AS_LV_CASEFOLD,casefold_only
data,lb,B1,2655,sich sorgen,raizēties,Raizēties,LV_DIACRITIC,
data,lb,B1,2655,sich sorgen,raizēties,Raizēties,MARKER_LEAK,lv_macron_consonant
data,nl,B1,2655,sich sorgen,raizēties,Raizēties,SAME_AS_LV_CASEFOLD,casefold_only
data,nl,B1,2655,sich sorgen,raizēties,Raizēties,LV_DIACRITIC,
data,nl,B1,2655,sich sorgen,raizēties,Raizēties,MARKER_LEAK,lv_macron_consonant
data,sl,B1,2655,sich sorgen,raizēties,raizēties,SAME_AS_LV_CASEFOLD,exact
data,sl,B1,2655,sich sorgen,raizēties,raizēties,LV_DIACRITIC,
data,sl,B1,2655,sich sorgen,raizēties,raizēties,MARKER_LEAK,lv_macron_consonant
data,bg,B1,2655,sich sorgen,raizēties,Тревожи се,FAMILY_COPY_STRICT,bg+hr+mk+sr
data,hr,B1,2655,sich sorgen,raizēties,Тревожи се,FAMILY_COPY_STRICT,bg+hr+mk+sr
data,mk,B1,2655,sich sorgen,raizēties,Тревожи се,FAMILY_COPY_STRICT,bg+hr+mk+sr
data,sr,B1,2655,sich sorgen,raizēties,Тревожи се,FAMILY_COPY_STRICT,bg+hr+mk+sr
data,fi,B1,2655,sich sorgen,raizēties,Muretsema,FAMILY_COPY_STRICT,fi+is+nb+nn+sv
data,is,B1,2655,sich sorgen,raizēties,Muretsema,FAMILY_COPY_STRICT,fi+is+nb+nn+sv
data,nb,B1,2655,sich sorgen,raizēties,Muretsema,FAMILY_COPY_STRICT,fi+is+nb+nn+sv
data,nn,B1,2655,sich sorgen,raizēties,Muretsema,FAMILY_COPY_STRICT,fi+is+nb+nn+sv
data,sv,B1,2655,sich sorgen,raizēties,Muretsema,FAMILY_COPY_STRICT,fi+is+nb+nn+sv
data,it,B1,2655,sich sorgen,raizēties,Raizēties,FAMILY_COPY_STRICT,it+lb+nl
data,lb,B1,2655,sich sorgen,raizēties,Raizēties,FAMILY_COPY_STRICT,it+lb+nl
data,nl,B1,2655,sich sorgen,raizēties,Raizēties,FAMILY_COPY_STRICT,it+lb+nl
data,hr,B1,2656,sorgfältig,rūpīgs,Внимателно,SCRIPT_MISMATCH,
data,hr,B1,2656,sorgfältig,rūpīgs,Внимателно,MARKER_LEAK,foreign_script
data,it,B1,2656,sorgfältig,rūpīgs,Rūpīgs,SAME_AS_LV_CASEFOLD,casefold_only
data,it,B1,2656,sorgfältig,rūpīgs,Rūpīgs,LV_DIACRITIC,
data,it,B1,2656,sorgfältig,rūpīgs,Rūpīgs,MARKER_LEAK,lv_macron_consonant+lv_u_macron
data,lb,B1,2656,sorgfältig,rūpīgs,Rūpīgs,SAME_AS_LV_CASEFOLD,casefold_only
data,lb,B1,2656,sorgfältig,rūpīgs,Rūpīgs,LV_DIACRITIC,
data,lb,B1,2656,sorgfältig,rūpīgs,Rūpīgs,MARKER_LEAK,lv_macron_consonant+lv_u_macron
data,nl,B1,2656,sorgfältig,rūpīgs,Rūpīgs,SAME_AS_LV_CASEFOLD,casefold_only
data,nl,B1,2656,sorgfältig,rūpīgs,Rūpīgs,LV_DIACRITIC,
data,nl,B1,2656,sorgfältig,rūpīgs,Rūpīgs,MARKER_LEAK,lv_macron_consonant+lv_u_macron
data,sl,B1,2656,sorgfältig,rūpīgs,rūpīgs,SAME_AS_LV_CASEFOLD,exact
data,sl,B1,2656,sorgfältig,rūpīgs,rūpīgs,LV_DIACRITIC,
data,sl,B1,2656,sorgfältig,rūpīgs,rūpīgs,MARKER_LEAK,lv_macron_consonant+lv_u_macron
data,bg,B1,2656,sorgfältig,rūpīgs,Внимателно,FAMILY_COPY_STRICT,bg+hr+mk+sr
data,hr,B1,2656,sorgfältig,rūpīgs,Внимателно,FAMILY_COPY_STRICT,bg+hr+mk+sr
data,mk,B1,2656,sorgfältig,rūpīgs,Внимателно,FAMILY_COPY_STRICT,bg+hr+mk+sr
data,sr,B1,2656,sorgfältig,rūpīgs,Внимателно,FAMILY_COPY_STRICT,bg+hr+mk+sr
data,fi,B1,2656,sorgfältig,rūpīgs,Hoolikas,FAMILY_COPY_STRICT,fi+is+nb+nn+sv
data,is,B1,2656,sorgfältig,rūpīgs,Hoolikas,FAMILY_COPY_STRICT,fi+is+nb+nn+sv
data,nb,B1,2656,sorgfältig,rūpīgs,Hoolikas,FAMILY_COPY_STRICT,fi+is+nb+nn+sv
data,nn,B1,2656,sorgfältig,rūpīgs,Hoolikas,FAMILY_COPY_STRICT,fi+is+nb+nn+sv
data,sv,B1,2656,sorgfältig,rūpīgs,Hoolikas,FAMILY_COPY_STRICT,fi+is+nb+nn+sv
data,it,B1,2656,sorgfältig,rūpīgs,Rūpīgs,FAMILY_COPY_STRICT,it+lb+nl
data,lb,B1,2656,sorgfältig,rūpīgs,Rūpīgs,FAMILY_COPY_STRICT,it+lb+nl
data,nl,B1,2656,sorgfältig,rūpīgs,Rūpīgs,FAMILY_COPY_STRICT,it+lb+nl
data,sq,B1,2656,sorgfältig,rūpīgs,Dikkatli olmak,FAMILY_COPY_STRICT,sq+tr
data,tr,B1,2656,sorgfältig,rūpīgs,Dikkatli olmak,FAMILY_COPY_STRICT,sq+tr
data,hr,B1,2657,sorglos,bezrūpīgs,Безгрижен,SCRIPT_MISMATCH,
data,hr,B1,2657,sorglos,bezrūpīgs,Безгрижен,MARKER_LEAK,foreign_script
data,it,B1,2657,sorglos,bezrūpīgs,Bezrūpīgs,SAME_AS_LV_CASEFOLD,casefold_only
data,it,B1,2657,sorglos,bezrūpīgs,Bezrūpīgs,LV_DIACRITIC,
data,it,B1,2657,sorglos,bezrūpīgs,Bezrūpīgs,MARKER_LEAK,lv_macron_consonant+lv_u_macron
data,lb,B1,2657,sorglos,bezrūpīgs,Bezrūpīgs,SAME_AS_LV_CASEFOLD,casefold_only
data,lb,B1,2657,sorglos,bezrūpīgs,Bezrūpīgs,LV_DIACRITIC,
data,lb,B1,2657,sorglos,bezrūpīgs,Bezrūpīgs,MARKER_LEAK,lv_macron_consonant+lv_u_macron
data,nl,B1,2657,sorglos,bezrūpīgs,Bezrūpīgs,SAME_AS_LV_CASEFOLD,casefold_only
data,nl,B1,2657,sorglos,bezrūpīgs,Bezrūpīgs,LV_DIACRITIC,
data,nl,B1,2657,sorglos,bezrūpīgs,Bezrūpīgs,MARKER_LEAK,lv_macron_consonant+lv_u_macron
data,sl,B1,2657,sorglos,bezrūpīgs,bezrūpīgs,SAME_AS_LV_CASEFOLD,exact
data,sl,B1,2657,sorglos,bezrūpīgs,bezrūpīgs,LV_DIACRITIC,
data,sl,B1,2657,sorglos,bezrūpīgs,bezrūpīgs,MARKER_LEAK,lv_macron_consonant+lv_u_macron
data,bg,B1,2657,sorglos,bezrūpīgs,Безгрижен,FAMILY_COPY_STRICT,bg+hr+mk+sr
data,hr,B1,2657,sorglos,bezrūpīgs,Безгрижен,FAMILY_COPY_STRICT,bg+hr+mk+sr
data,mk,B1,2657,sorglos,bezrūpīgs,Безгрижен,FAMILY_COPY_STRICT,bg+hr+mk+sr
data,sr,B1,2657,sorglos,bezrūpīgs,Безгрижен,FAMILY_COPY_STRICT,bg+hr+mk+sr
data,fi,B1,2657,sorglos,bezrūpīgs,Muretu,FAMILY_COPY_STRICT,fi+is+nb+nn+sv
data,is,B1,2657,sorglos,bezrūpīgs,Muretu,FAMILY_COPY_STRICT,fi+is+nb+nn+sv
data,nb,B1,2657,sorglos,bezrūpīgs,Muretu,FAMILY_COPY_STRICT,fi+is+nb+nn+sv
data,nn,B1,2657,sorglos,bezrūpīgs,Muretu,FAMILY_COPY_STRICT,fi+is+nb+nn+sv
data,sv,B1,2657,sorglos,bezrūpīgs,Muretu,FAMILY_COPY_STRICT,fi+is+nb+nn+sv
data,it,B1,2657,sorglos,bezrūpīgs,Bezrūpīgs,FAMILY_COPY_STRICT,it+lb+nl
data,lb,B1,2657,sorglos,bezrūpīgs,Bezrūpīgs,FAMILY_COPY_STRICT,it+lb+nl
data,nl,B1,2657,sorglos,bezrūpīgs,Bezrūpīgs,FAMILY_COPY_STRICT,it+lb+nl
data,pl,B1,2657,sorglos,bezrūpīgs,Beztroski,FAMILY_COPY_STRICT,pl+sk+sq+tr
data,sk,B1,2657,sorglos,bezrūpīgs,Beztroski,FAMILY_COPY_STRICT,pl+sk+sq+tr
data,sq,B1,2657,sorglos,bezrūpīgs,Beztroski,FAMILY_COPY_STRICT,pl+sk+sq+tr
data,tr,B1,2657,sorglos,bezrūpīgs,Beztroski,FAMILY_COPY_STRICT,pl+sk+sq+tr
data,hr,B1,2658,Sorte,šķirne,Порода,SCRIPT_MISMATCH,
data,hr,B1,2658,Sorte,šķirne,Порода,MARKER_LEAK,foreign_script
data,it,B1,2658,Sorte,šķirne,Šķirne,SAME_AS_LV_CASEFOLD,casefold_only
data,it,B1,2658,Sorte,šķirne,Šķirne,LV_DIACRITIC,
data,it,B1,2658,Sorte,šķirne,Šķirne,MARKER_LEAK,lv_macron_consonant
data,lb,B1,2658,Sorte,šķirne,Šķirne,SAME_AS_LV_CASEFOLD,casefold_only
data,lb,B1,2658,Sorte,šķirne,Šķirne,LV_DIACRITIC,
data,lb,B1,2658,Sorte,šķirne,Šķirne,MARKER_LEAK,lv_macron_consonant
data,nl,B1,2658,Sorte,šķirne,Šķirne,SAME_AS_LV_CASEFOLD,casefold_only
data,nl,B1,2658,Sorte,šķirne,Šķirne,LV_DIACRITIC,
data,nl,B1,2658,Sorte,šķirne,Šķirne,MARKER_LEAK,lv_macron_consonant
data,pt,B1,2658,Sorte,šķirne,Šķirne,SAME_AS_LV_CASEFOLD,casefold_only
data,pt,B1,2658,Sorte,šķirne,Šķirne,LV_DIACRITIC,
data,pt,B1,2658,Sorte,šķirne,Šķirne,MARKER_LEAK,lv_macron_consonant
data,sl,B1,2658,Sorte,šķirne,šķirne,SAME_AS_LV_CASEFOLD,exact
data,sl,B1,2658,Sorte,šķirne,šķirne,LV_DIACRITIC,
data,sl,B1,2658,Sorte,šķirne,šķirne,MARKER_LEAK,lv_macron_consonant
data,bg,B1,2658,Sorte,šķirne,Порода,FAMILY_COPY_STRICT,bg+hr+mk+ru+sr
data,hr,B1,2658,Sorte,šķirne,Порода,FAMILY_COPY_STRICT,bg+hr+mk+ru+sr
data,mk,B1,2658,Sorte,šķirne,Порода,FAMILY_COPY_STRICT,bg+hr+mk+ru+sr
data,ru,B1,2658,Sorte,šķirne,Порода,FAMILY_COPY_STRICT,bg+hr+mk+ru+sr
data,sr,B1,2658,Sorte,šķirne,Порода,FAMILY_COPY_STRICT,bg+hr+mk+ru+sr
data,da,B1,2658,Sorte,šķirne,Race,FAMILY_COPY_STRICT,da+fr
data,fr,B1,2658,Sorte,šķirne,Race,FAMILY_COPY_STRICT,da+fr
data,fi,B1,2658,Sorte,šķirne,Sort,FAMILY_COPY_STRICT,fi+is+nb+nn+sv
data,is,B1,2658,Sorte,šķirne,Sort,FAMILY_COPY_STRICT,fi+is+nb+nn+sv
data,nb,B1,2658,Sorte,šķirne,Sort,FAMILY_COPY_STRICT,fi+is+nb+nn+sv
data,nn,B1,2658,Sorte,šķirne,Sort,FAMILY_COPY_STRICT,fi+is+nb+nn+sv
data,sv,B1,2658,Sorte,šķirne,Sort,FAMILY_COPY_STRICT,fi+is+nb+nn+sv
data,it,B1,2658,Sorte,šķirne,Šķirne,FAMILY_COPY_STRICT,it+lb+nl+pt
data,lb,B1,2658,Sorte,šķirne,Šķirne,FAMILY_COPY_STRICT,it+lb+nl+pt
data,nl,B1,2658,Sorte,šķirne,Šķirne,FAMILY_COPY_STRICT,it+lb+nl+pt
data,pt,B1,2658,Sorte,šķirne,Šķirne,FAMILY_COPY_STRICT,it+lb+nl+pt
data,pl,B1,2658,Sorte,šķirne,Rasa,FAMILY_COPY_STRICT,pl+sk+sq+tr
data,sk,B1,2658,Sorte,šķirne,Rasa,FAMILY_COPY_STRICT,pl+sk+sq+tr
data,sq,B1,2658,Sorte,šķirne,Rasa,FAMILY_COPY_STRICT,pl+sk+sq+tr
data,tr,B1,2658,Sorte,šķirne,Rasa,FAMILY_COPY_STRICT,pl+sk+sq+tr
data,fi,B1,2659,so weit,tiktāl,Niivõrd,MARKER_LEAK,et_otilde
data,hr,B1,2659,so weit,tiktāl,До такава степен,SCRIPT_MISMATCH,
data,hr,B1,2659,so weit,tiktāl,До такава степен,MARKER_LEAK,foreign_script
data,is,B1,2659,so weit,tiktāl,Niivõrd,MARKER_LEAK,et_otilde
data,it,B1,2659,so weit,tiktāl,Tiktāl,SAME_AS_LV_CASEFOLD,casefold_only
data,it,B1,2659,so weit,tiktāl,Tiktāl,LV_DIACRITIC,
data,it,B1,2659,so weit,tiktāl,Tiktāl,MARKER_LEAK,lv_macron_consonant
data,lb,B1,2659,so weit,tiktāl,Tiktāl,SAME_AS_LV_CASEFOLD,casefold_only
data,lb,B1,2659,so weit,tiktāl,Tiktāl,LV_DIACRITIC,
data,lb,B1,2659,so weit,tiktāl,Tiktāl,MARKER_LEAK,lv_macron_consonant
data,nb,B1,2659,so weit,tiktāl,Niivõrd,MARKER_LEAK,et_otilde
data,nl,B1,2659,so weit,tiktāl,Tiktāl,SAME_AS_LV_CASEFOLD,casefold_only
data,nl,B1,2659,so weit,tiktāl,Tiktāl,LV_DIACRITIC,
data,nl,B1,2659,so weit,tiktāl,Tiktāl,MARKER_LEAK,lv_macron_consonant
data,nn,B1,2659,so weit,tiktāl,Niivõrd,MARKER_LEAK,et_otilde
data,sl,B1,2659,so weit,tiktāl,tiktāl,SAME_AS_LV_CASEFOLD,exact
data,sl,B1,2659,so weit,tiktāl,tiktāl,LV_DIACRITIC,
data,sl,B1,2659,so weit,tiktāl,tiktāl,MARKER_LEAK,lv_macron_consonant
data,sv,B1,2659,so weit,tiktāl,Niivõrd,MARKER_LEAK,et_otilde
data,bg,B1,2659,so weit,tiktāl,До такава степен,FAMILY_COPY_STRICT,bg+hr+mk+sr
data,hr,B1,2659,so weit,tiktāl,До такава степен,FAMILY_COPY_STRICT,bg+hr+mk+sr
data,mk,B1,2659,so weit,tiktāl,До такава степен,FAMILY_COPY_STRICT,bg+hr+mk+sr
data,sr,B1,2659,so weit,tiktāl,До такава степен,FAMILY_COPY_STRICT,bg+hr+mk+sr
data,fi,B1,2659,so weit,tiktāl,Niivõrd,FAMILY_COPY_STRICT,fi+is+nb+nn+sv
data,is,B1,2659,so weit,tiktāl,Niivõrd,FAMILY_COPY_STRICT,fi+is+nb+nn+sv
data,nb,B1,2659,so weit,tiktāl,Niivõrd,FAMILY_COPY_STRICT,fi+is+nb+nn+sv
data,nn,B1,2659,so weit,tiktāl,Niivõrd,FAMILY_COPY_STRICT,fi+is+nb+nn+sv
data,sv,B1,2659,so weit,tiktāl,Niivõrd,FAMILY_COPY_STRICT,fi+is+nb+nn+sv
data,it,B1,2659,so weit,tiktāl,Tiktāl,FAMILY_COPY_STRICT,it+lb+nl
data,lb,B1,2659,so weit,tiktāl,Tiktāl,FAMILY_COPY_STRICT,it+lb+nl
data,nl,B1,2659,so weit,tiktāl,Tiktāl,FAMILY_COPY_STRICT,it+lb+nl
data,pl,B1,2659,so weit,tiktāl,Do tego stopnia,FAMILY_COPY_STRICT,pl+sk+sq+tr
data,sk,B1,2659,so weit,tiktāl,Do tego stopnia,FAMILY_COPY_STRICT,pl+sk+sq+tr
data,sq,B1,2659,so weit,tiktāl,Do tego stopnia,FAMILY_COPY_STRICT,pl+sk+sq+tr
data,tr,B1,2659,so weit,tiktāl,Do tego stopnia,FAMILY_COPY_STRICT,pl+sk+sq+tr
data,hr,B1,2660,sowie,kā arī,И също,SCRIPT_MISMATCH,
data,hr,B1,2660,sowie,kā arī,И също,MARKER_LEAK,foreign_script
data,it,B1,2660,sowie,kā arī,Kā arī,SAME_AS_LV_CASEFOLD,casefold_only
data,it,B1,2660,sowie,kā arī,Kā arī,LV_DIACRITIC,
data,it,B1,2660,sowie,kā arī,Kā arī,MARKER_LEAK,lv_macron_consonant
data,lb,B1,2660,sowie,kā arī,Kā arī,SAME_AS_LV_CASEFOLD,casefold_only
data,lb,B1,2660,sowie,kā arī,Kā arī,LV_DIACRITIC,
data,lb,B1,2660,sowie,kā arī,Kā arī,MARKER_LEAK,lv_macron_consonant
data,nl,B1,2660,sowie,kā arī,Kā arī,SAME_AS_LV_CASEFOLD,casefold_only
data,nl,B1,2660,sowie,kā arī,Kā arī,LV_DIACRITIC,
data,nl,B1,2660,sowie,kā arī,Kā arī,MARKER_LEAK,lv_macron_consonant
data,sk,B1,2660,sowie,kā arī,Jak również,MARKER_LEAK,pl_l_s_z
data,sl,B1,2660,sowie,kā arī,kā arī,SAME_AS_LV_CASEFOLD,exact
data,sl,B1,2660,sowie,kā arī,kā arī,LV_DIACRITIC,
data,sl,B1,2660,sowie,kā arī,kā arī,MARKER_LEAK,lv_macron_consonant
data,sq,B1,2660,sowie,kā arī,Jak również,MARKER_LEAK,pl_l_s_z
data,tr,B1,2660,sowie,kā arī,Jak również,MARKER_LEAK,pl_l_s_z
data,bg,B1,2660,sowie,kā arī,И също,FAMILY_COPY_STRICT,bg+hr+mk+sr
data,hr,B1,2660,sowie,kā arī,И също,FAMILY_COPY_STRICT,bg+hr+mk+sr
data,mk,B1,2660,sowie,kā arī,И също,FAMILY_COPY_STRICT,bg+hr+mk+sr
data,sr,B1,2660,sowie,kā arī,И също,FAMILY_COPY_STRICT,bg+hr+mk+sr
data,fi,B1,2660,sowie,kā arī,Samuti kui,FAMILY_COPY_STRICT,fi+is+nb+nn+sv
data,is,B1,2660,sowie,kā arī,Samuti kui,FAMILY_COPY_STRICT,fi+is+nb+nn+sv
data,nb,B1,2660,sowie,kā arī,Samuti kui,FAMILY_COPY_STRICT,fi+is+nb+nn+sv
data,nn,B1,2660,sowie,kā arī,Samuti kui,FAMILY_COPY_STRICT,fi+is+nb+nn+sv
data,sv,B1,2660,sowie,kā arī,Samuti kui,FAMILY_COPY_STRICT,fi+is+nb+nn+sv
data,it,B1,2660,sowie,kā arī,Kā arī,FAMILY_COPY_STRICT,it+lb+nl
data,lb,B1,2660,sowie,kā arī,Kā arī,FAMILY_COPY_STRICT,it+lb+nl
data,nl,B1,2660,sowie,kā arī,Kā arī,FAMILY_COPY_STRICT,it+lb+nl
data,pl,B1,2660,sowie,kā arī,Jak również,FAMILY_COPY_STRICT,pl+sk+sq+tr
data,sk,B1,2660,sowie,kā arī,Jak również,FAMILY_COPY_STRICT,pl+sk+sq+tr
data,sq,B1,2660,sowie,kā arī,Jak również,FAMILY_COPY_STRICT,pl+sk+sq+tr
data,tr,B1,2660,sowie,kā arī,Jak również,FAMILY_COPY_STRICT,pl+sk+sq+tr
data,hr,B1,2661,sowieso,tik un tā,Както и да е,SCRIPT_MISMATCH,
data,hr,B1,2661,sowieso,tik un tā,Както и да е,MARKER_LEAK,foreign_script
data,it,B1,2661,sowieso,tik un tā,Tik un tā,SAME_AS_LV_CASEFOLD,casefold_only
data,it,B1,2661,sowieso,tik un tā,Tik un tā,LV_DIACRITIC,
data,it,B1,2661,sowieso,tik un tā,Tik un tā,MARKER_LEAK,lv_macron_consonant
data,lb,B1,2661,sowieso,tik un tā,Tik un tā,SAME_AS_LV_CASEFOLD,casefold_only
data,lb,B1,2661,sowieso,tik un tā,Tik un tā,LV_DIACRITIC,
data,lb,B1,2661,sowieso,tik un tā,Tik un tā,MARKER_LEAK,lv_macron_consonant
data,nl,B1,2661,sowieso,tik un tā,Tik un tā,SAME_AS_LV_CASEFOLD,casefold_only
data,nl,B1,2661,sowieso,tik un tā,Tik un tā,LV_DIACRITIC,
data,nl,B1,2661,sowieso,tik un tā,Tik un tā,MARKER_LEAK,lv_macron_consonant
data,sl,B1,2661,sowieso,tik un tā,tik un tā,SAME_AS_LV_CASEFOLD,exact
data,sl,B1,2661,sowieso,tik un tā,tik un tā,LV_DIACRITIC,
data,sl,B1,2661,sowieso,tik un tā,tik un tā,MARKER_LEAK,lv_macron_consonant
data,bg,B1,2661,sowieso,tik un tā,Както и да е,FAMILY_COPY_STRICT,bg+hr+mk+sr
data,hr,B1,2661,sowieso,tik un tā,Както и да е,FAMILY_COPY_STRICT,bg+hr+mk+sr
data,mk,B1,2661,sowieso,tik un tā,Както и да е,FAMILY_COPY_STRICT,bg+hr+mk+sr
data,sr,B1,2661,sowieso,tik un tā,Както и да е,FAMILY_COPY_STRICT,bg+hr+mk+sr
data,fi,B1,2661,sowieso,tik un tā,Niikuinii,FAMILY_COPY_STRICT,fi+is+nb+nn+sv
data,is,B1,2661,sowieso,tik un tā,Niikuinii,FAMILY_COPY_STRICT,fi+is+nb+nn+sv
data,nb,B1,2661,sowieso,tik un tā,Niikuinii,FAMILY_COPY_STRICT,fi+is+nb+nn+sv
data,nn,B1,2661,sowieso,tik un tā,Niikuinii,FAMILY_COPY_STRICT,fi+is+nb+nn+sv
data,sv,B1,2661,sowieso,tik un tā,Niikuinii,FAMILY_COPY_STRICT,fi+is+nb+nn+sv
data,it,B1,2661,sowieso,tik un tā,Tik un tā,FAMILY_COPY_STRICT,it+lb+nl
data,lb,B1,2661,sowieso,tik un tā,Tik un tā,FAMILY_COPY_STRICT,it+lb+nl
data,nl,B1,2661,sowieso,tik un tā,Tik un tā,FAMILY_COPY_STRICT,it+lb+nl
data,sq,B1,2661,sowieso,tik un tā,Her neyse,FAMILY_COPY_STRICT,sq+tr
data,tr,B1,2661,sowieso,tik un tā,Her neyse,FAMILY_COPY_STRICT,sq+tr
data,hr,B1,2662,sowohl,gan... gan,И двете... и двете,SCRIPT_MISMATCH,
data,hr,B1,2662,sowohl,gan... gan,И двете... и двете,MARKER_LEAK,foreign_script
data,it,B1,2662,sowohl,gan... gan,Gan... gan,SAME_AS_LV_CASEFOLD,casefold_only
data,lb,B1,2662,sowohl,gan... gan,Gan... gan,SAME_AS_LV_CASEFOLD,casefold_only
data,nl,B1,2662,sowohl,gan... gan,Gan... gan,SAME_AS_LV_CASEFOLD,casefold_only
data,sl,B1,2662,sowohl,gan... gan,gan... gan,SAME_AS_LV_CASEFOLD,exact
data,bg,B1,2662,sowohl,gan... gan,И двете... и двете,FAMILY_COPY_STRICT,bg+hr+mk+sr
data,hr,B1,2662,sowohl,gan... gan,И двете... и двете,FAMILY_COPY_STRICT,bg+hr+mk+sr
data,mk,B1,2662,sowohl,gan... gan,И двете... и двете,FAMILY_COPY_STRICT,bg+hr+mk+sr
data,sr,B1,2662,sowohl,gan... gan,И двете... и двете,FAMILY_COPY_STRICT,bg+hr+mk+sr
data,fi,B1,2662,sowohl,gan... gan,Nii... kui ka,FAMILY_COPY_STRICT,fi+is+nb+nn+sv
data,is,B1,2662,sowohl,gan... gan,Nii... kui ka,FAMILY_COPY_STRICT,fi+is+nb+nn+sv
data,nb,B1,2662,sowohl,gan... gan,Nii... kui ka,FAMILY_COPY_STRICT,fi+is+nb+nn+sv
data,nn,B1,2662,sowohl,gan... gan,Nii... kui ka,FAMILY_COPY_STRICT,fi+is+nb+nn+sv
data,sv,B1,2662,sowohl,gan... gan,Nii... kui ka,FAMILY_COPY_STRICT,fi+is+nb+nn+sv
data,it,B1,2662,sowohl,gan... gan,Gan... gan,FAMILY_COPY_STRICT,it+lb+nl
data,lb,B1,2662,sowohl,gan... gan,Gan... gan,FAMILY_COPY_STRICT,it+lb+nl
data,nl,B1,2662,sowohl,gan... gan,Gan... gan,FAMILY_COPY_STRICT,it+lb+nl
data,pl,B1,2662,sowohl,gan... gan,Oba... oba,FAMILY_COPY_STRICT,pl+sk+sq+tr
data,sk,B1,2662,sowohl,gan... gan,Oba... oba,FAMILY_COPY_STRICT,pl+sk+sq+tr
data,sq,B1,2662,sowohl,gan... gan,Oba... oba,FAMILY_COPY_STRICT,pl+sk+sq+tr
data,tr,B1,2662,sowohl,gan... gan,Oba... oba,FAMILY_COPY_STRICT,pl+sk+sq+tr
data,hr,B1,2663,sozusagen,tā sakot,Така да се каже,SCRIPT_MISMATCH,
data,hr,B1,2663,sozusagen,tā sakot,Така да се каже,MARKER_LEAK,foreign_script
data,it,B1,2663,sozusagen,tā sakot,Tā sakot,SAME_AS_LV_CASEFOLD,casefold_only
data,it,B1,2663,sozusagen,tā sakot,Tā sakot,LV_DIACRITIC,
data,it,B1,2663,sozusagen,tā sakot,Tā sakot,MARKER_LEAK,lv_macron_consonant
data,lb,B1,2663,sozusagen,tā sakot,Tā sakot,SAME_AS_LV_CASEFOLD,casefold_only
data,lb,B1,2663,sozusagen,tā sakot,Tā sakot,LV_DIACRITIC,
data,lb,B1,2663,sozusagen,tā sakot,Tā sakot,MARKER_LEAK,lv_macron_consonant
data,nl,B1,2663,sozusagen,tā sakot,Tā sakot,SAME_AS_LV_CASEFOLD,casefold_only
data,nl,B1,2663,sozusagen,tā sakot,Tā sakot,LV_DIACRITIC,
data,nl,B1,2663,sozusagen,tā sakot,Tā sakot,MARKER_LEAK,lv_macron_consonant
data,sk,B1,2663,sozusagen,tā sakot,Że tak powiem,MARKER_LEAK,pl_l_s_z
data,sl,B1,2663,sozusagen,tā sakot,tā sakot,SAME_AS_LV_CASEFOLD,exact
data,sl,B1,2663,sozusagen,tā sakot,tā sakot,LV_DIACRITIC,
data,sl,B1,2663,sozusagen,tā sakot,tā sakot,MARKER_LEAK,lv_macron_consonant
data,sq,B1,2663,sozusagen,tā sakot,Że tak powiem,MARKER_LEAK,pl_l_s_z
data,tr,B1,2663,sozusagen,tā sakot,Że tak powiem,MARKER_LEAK,pl_l_s_z
data,bg,B1,2663,sozusagen,tā sakot,Така да се каже,FAMILY_COPY_STRICT,bg+hr+mk+sr
data,hr,B1,2663,sozusagen,tā sakot,Така да се каже,FAMILY_COPY_STRICT,bg+hr+mk+sr
data,mk,B1,2663,sozusagen,tā sakot,Така да се каже,FAMILY_COPY_STRICT,bg+hr+mk+sr
data,sr,B1,2663,sozusagen,tā sakot,Така да се каже,FAMILY_COPY_STRICT,bg+hr+mk+sr
data,fi,B1,2663,sozusagen,tā sakot,Nii-öelda,FAMILY_COPY_STRICT,fi+is+nb+nn+sv
data,is,B1,2663,sozusagen,tā sakot,Nii-öelda,FAMILY_COPY_STRICT,fi+is+nb+nn+sv
data,nb,B1,2663,sozusagen,tā sakot,Nii-öelda,FAMILY_COPY_STRICT,fi+is+nb+nn+sv
data,nn,B1,2663,sozusagen,tā sakot,Nii-öelda,FAMILY_COPY_STRICT,fi+is+nb+nn+sv
data,sv,B1,2663,sozusagen,tā sakot,Nii-öelda,FAMILY_COPY_STRICT,fi+is+nb+nn+sv
data,it,B1,2663,sozusagen,tā sakot,Tā sakot,FAMILY_COPY_STRICT,it+lb+nl
data,lb,B1,2663,sozusagen,tā sakot,Tā sakot,FAMILY_COPY_STRICT,it+lb+nl
data,nl,B1,2663,sozusagen,tā sakot,Tā sakot,FAMILY_COPY_STRICT,it+lb+nl
data,pl,B1,2663,sozusagen,tā sakot,Że tak powiem,FAMILY_COPY_STRICT,pl+sk+sq+tr
data,sk,B1,2663,sozusagen,tā sakot,Że tak powiem,FAMILY_COPY_STRICT,pl+sk+sq+tr
data,sq,B1,2663,sozusagen,tā sakot,Że tak powiem,FAMILY_COPY_STRICT,pl+sk+sq+tr
data,tr,B1,2663,sozusagen,tā sakot,Że tak powiem,FAMILY_COPY_STRICT,pl+sk+sq+tr
data,hr,B1,2664,Spalte,sleja,Колона,SCRIPT_MISMATCH,
data,hr,B1,2664,Spalte,sleja,Колона,MARKER_LEAK,foreign_script
data,it,B1,2664,Spalte,sleja,Sleja,SAME_AS_LV_CASEFOLD,casefold_only
data,lb,B1,2664,Spalte,sleja,Sleja,SAME_AS_LV_CASEFOLD,casefold_only
data,nl,B1,2664,Spalte,sleja,Sleja,SAME_AS_LV_CASEFOLD,casefold_only
data,pt,B1,2664,Spalte,sleja,Sleja,SAME_AS_LV_CASEFOLD,casefold_only
data,sl,B1,2664,Spalte,sleja,sleja,SAME_AS_LV_CASEFOLD,exact
data,bg,B1,2664,Spalte,sleja,Колона,FAMILY_COPY_STRICT,bg+hr+mk+sr
data,hr,B1,2664,Spalte,sleja,Колона,FAMILY_COPY_STRICT,bg+hr+mk+sr
data,mk,B1,2664,Spalte,sleja,Колона,FAMILY_COPY_STRICT,bg+hr+mk+sr
data,sr,B1,2664,Spalte,sleja,Колона,FAMILY_COPY_STRICT,bg+hr+mk+sr
data,fi,B1,2664,Spalte,sleja,Veerg,FAMILY_COPY_STRICT,fi+is+nb+nn+sv
data,is,B1,2664,Spalte,sleja,Veerg,FAMILY_COPY_STRICT,fi+is+nb+nn+sv
data,nb,B1,2664,Spalte,sleja,Veerg,FAMILY_COPY_STRICT,fi+is+nb+nn+sv
data,nn,B1,2664,Spalte,sleja,Veerg,FAMILY_COPY_STRICT,fi+is+nb+nn+sv
data,sv,B1,2664,Spalte,sleja,Veerg,FAMILY_COPY_STRICT,fi+is+nb+nn+sv
data,it,B1,2664,Spalte,sleja,Sleja,FAMILY_COPY_STRICT,it+lb+nl+pt
data,lb,B1,2664,Spalte,sleja,Sleja,FAMILY_COPY_STRICT,it+lb+nl+pt
data,nl,B1,2664,Spalte,sleja,Sleja,FAMILY_COPY_STRICT,it+lb+nl+pt
data,pt,B1,2664,Spalte,sleja,Sleja,FAMILY_COPY_STRICT,it+lb+nl+pt
data,pl,B1,2664,Spalte,sleja,Kolumna,FAMILY_COPY_STRICT,pl+sk+sq+tr
data,sk,B1,2664,Spalte,sleja,Kolumna,FAMILY_COPY_STRICT,pl+sk+sq+tr
data,sq,B1,2664,Spalte,sleja,Kolumna,FAMILY_COPY_STRICT,pl+sk+sq+tr
data,tr,B1,2664,Spalte,sleja,Kolumna,FAMILY_COPY_STRICT,pl+sk+sq+tr
data,fi,B1,2665,spalten,sašķelt,Lõhestama,MARKER_LEAK,et_otilde
data,hr,B1,2665,spalten,sašķelt,Разделување,SCRIPT_MISMATCH,
data,hr,B1,2665,spalten,sašķelt,Разделување,MARKER_LEAK,foreign_script
data,is,B1,2665,spalten,sašķelt,Lõhestama,MARKER_LEAK,et_otilde
data,it,B1,2665,spalten,sašķelt,Sašķelt,SAME_AS_LV_CASEFOLD,casefold_only
data,it,B1,2665,spalten,sašķelt,Sašķelt,LV_DIACRITIC,
data,it,B1,2665,spalten,sašķelt,Sašķelt,MARKER_LEAK,lv_macron_consonant
data,lb,B1,2665,spalten,sašķelt,Sašķelt,SAME_AS_LV_CASEFOLD,casefold_only
data,lb,B1,2665,spalten,sašķelt,Sašķelt,LV_DIACRITIC,
data,lb,B1,2665,spalten,sašķelt,Sašķelt,MARKER_LEAK,lv_macron_consonant
data,nb,B1,2665,spalten,sašķelt,Lõhestama,MARKER_LEAK,et_otilde
data,nl,B1,2665,spalten,sašķelt,Sašķelt,SAME_AS_LV_CASEFOLD,casefold_only
data,nl,B1,2665,spalten,sašķelt,Sašķelt,LV_DIACRITIC,
data,nl,B1,2665,spalten,sašķelt,Sašķelt,MARKER_LEAK,lv_macron_consonant
data,nn,B1,2665,spalten,sašķelt,Lõhestama,MARKER_LEAK,et_otilde
data,pt,B1,2665,spalten,sašķelt,Sašķelt,SAME_AS_LV_CASEFOLD,casefold_only
data,pt,B1,2665,spalten,sašķelt,Sašķelt,LV_DIACRITIC,
data,pt,B1,2665,spalten,sašķelt,Sašķelt,MARKER_LEAK,lv_macron_consonant
data,sl,B1,2665,spalten,sašķelt,sašķelt,SAME_AS_LV_CASEFOLD,exact
data,sl,B1,2665,spalten,sašķelt,sašķelt,LV_DIACRITIC,
data,sl,B1,2665,spalten,sašķelt,sašķelt,MARKER_LEAK,lv_macron_consonant
data,sv,B1,2665,spalten,sašķelt,Lõhestama,MARKER_LEAK,et_otilde
data,fi,B1,2665,spalten,sašķelt,Lõhestama,FAMILY_COPY_STRICT,fi+is+nb+nn+sv
data,is,B1,2665,spalten,sašķelt,Lõhestama,FAMILY_COPY_STRICT,fi+is+nb+nn+sv
data,nb,B1,2665,spalten,sašķelt,Lõhestama,FAMILY_COPY_STRICT,fi+is+nb+nn+sv
data,nn,B1,2665,spalten,sašķelt,Lõhestama,FAMILY_COPY_STRICT,fi+is+nb+nn+sv
data,sv,B1,2665,spalten,sašķelt,Lõhestama,FAMILY_COPY_STRICT,fi+is+nb+nn+sv
data,hr,B1,2665,spalten,sašķelt,Разделување,FAMILY_COPY_STRICT,hr+mk+sr
data,mk,B1,2665,spalten,sašķelt,Разделување,FAMILY_COPY_STRICT,hr+mk+sr
data,sr,B1,2665,spalten,sašķelt,Разделување,FAMILY_COPY_STRICT,hr+mk+sr
data,it,B1,2665,spalten,sašķelt,Sašķelt,FAMILY_COPY_STRICT,it+lb+nl+pt
data,lb,B1,2665,spalten,sašķelt,Sašķelt,FAMILY_COPY_STRICT,it+lb+nl+pt
data,nl,B1,2665,spalten,sašķelt,Sašķelt,FAMILY_COPY_STRICT,it+lb+nl+pt
data,pt,B1,2665,spalten,sašķelt,Sašķelt,FAMILY_COPY_STRICT,it+lb+nl+pt
data,pl,B1,2665,spalten,sašķelt,Podzielić,FAMILY_COPY_STRICT,pl+sk
data,sk,B1,2665,spalten,sašķelt,Podzielić,FAMILY_COPY_STRICT,pl+sk
data,sq,B1,2665,spalten,sašķelt,Bölmek,FAMILY_COPY_STRICT,sq+tr
data,tr,B1,2665,spalten,sašķelt,Bölmek,FAMILY_COPY_STRICT,sq+tr
data,hr,B1,2666,Spange,sprādze,Катарама,SCRIPT_MISMATCH,
data,hr,B1,2666,Spange,sprādze,Катарама,MARKER_LEAK,foreign_script
data,it,B1,2666,Spange,sprādze,Sprādze,SAME_AS_LV_CASEFOLD,casefold_only
data,it,B1,2666,Spange,sprādze,Sprādze,LV_DIACRITIC,
data,it,B1,2666,Spange,sprādze,Sprādze,MARKER_LEAK,lv_macron_consonant
data,lb,B1,2666,Spange,sprādze,Sprādze,SAME_AS_LV_CASEFOLD,casefold_only
data,lb,B1,2666,Spange,sprādze,Sprādze,LV_DIACRITIC,
data,lb,B1,2666,Spange,sprādze,Sprādze,MARKER_LEAK,lv_macron_consonant
data,nl,B1,2666,Spange,sprādze,Sprādze,SAME_AS_LV_CASEFOLD,casefold_only
data,nl,B1,2666,Spange,sprādze,Sprādze,LV_DIACRITIC,
data,nl,B1,2666,Spange,sprādze,Sprādze,MARKER_LEAK,lv_macron_consonant
data,sl,B1,2666,Spange,sprādze,sprādze,SAME_AS_LV_CASEFOLD,exact
data,sl,B1,2666,Spange,sprādze,sprādze,LV_DIACRITIC,
data,sl,B1,2666,Spange,sprādze,sprādze,MARKER_LEAK,lv_macron_consonant
data,bg,B1,2666,Spange,sprādze,Катарама,FAMILY_COPY_STRICT,bg+hr+mk+sr
data,hr,B1,2666,Spange,sprādze,Катарама,FAMILY_COPY_STRICT,bg+hr+mk+sr
data,mk,B1,2666,Spange,sprādze,Катарама,FAMILY_COPY_STRICT,bg+hr+mk+sr
data,sr,B1,2666,Spange,sprādze,Катарама,FAMILY_COPY_STRICT,bg+hr+mk+sr
data,fi,B1,2666,Spange,sprādze,Pandel,FAMILY_COPY_STRICT,fi+is+nb+nn+sv
data,is,B1,2666,Spange,sprādze,Pandel,FAMILY_COPY_STRICT,fi+is+nb+nn+sv
data,nb,B1,2666,Spange,sprādze,Pandel,FAMILY_COPY_STRICT,fi+is+nb+nn+sv
data,nn,B1,2666,Spange,sprādze,Pandel,FAMILY_COPY_STRICT,fi+is+nb+nn+sv
data,sv,B1,2666,Spange,sprādze,Pandel,FAMILY_COPY_STRICT,fi+is+nb+nn+sv
data,it,B1,2666,Spange,sprādze,Sprādze,FAMILY_COPY_STRICT,it+lb+nl
data,lb,B1,2666,Spange,sprādze,Sprādze,FAMILY_COPY_STRICT,it+lb+nl
data,nl,B1,2666,Spange,sprādze,Sprādze,FAMILY_COPY_STRICT,it+lb+nl
data,pl,B1,2666,Spange,sprādze,Klamra,FAMILY_COPY_STRICT,pl+sk+sq+tr
data,sk,B1,2666,Spange,sprādze,Klamra,FAMILY_COPY_STRICT,pl+sk+sq+tr
data,sq,B1,2666,Spange,sprādze,Klamra,FAMILY_COPY_STRICT,pl+sk+sq+tr
data,tr,B1,2666,Spange,sprādze,Klamra,FAMILY_COPY_STRICT,pl+sk+sq+tr
data,hr,B1,2667,spannen,stiept,Разтягане,SCRIPT_MISMATCH,
data,hr,B1,2667,spannen,stiept,Разтягане,MARKER_LEAK,foreign_script
data,lb,B1,2667,spannen,stiept,Stiept,SAME_AS_LV_CASEFOLD,casefold_only
data,nl,B1,2667,spannen,stiept,Stiept,SAME_AS_LV_CASEFOLD,casefold_only
data,sk,B1,2667,spannen,stiept,Rozciągnąć,MARKER_LEAK,pl_lt_nasal
data,sl,B1,2667,spannen,stiept,stiept,SAME_AS_LV_CASEFOLD,exact
data,bg,B1,2667,spannen,stiept,Разтягане,FAMILY_COPY_STRICT,bg+hr+mk+sr
data,hr,B1,2667,spannen,stiept,Разтягане,FAMILY_COPY_STRICT,bg+hr+mk+sr
data,mk,B1,2667,spannen,stiept,Разтягане,FAMILY_COPY_STRICT,bg+hr+mk+sr
data,sr,B1,2667,spannen,stiept,Разтягане,FAMILY_COPY_STRICT,bg+hr+mk+sr
data,fi,B1,2667,spannen,stiept,Venitama,FAMILY_COPY_STRICT,fi+is+nb+nn+sv
data,is,B1,2667,spannen,stiept,Venitama,FAMILY_COPY_STRICT,fi+is+nb+nn+sv
data,nb,B1,2667,spannen,stiept,Venitama,FAMILY_COPY_STRICT,fi+is+nb+nn+sv
data,nn,B1,2667,spannen,stiept,Venitama,FAMILY_COPY_STRICT,fi+is+nb+nn+sv
data,sv,B1,2667,spannen,stiept,Venitama,FAMILY_COPY_STRICT,fi+is+nb+nn+sv
data,lb,B1,2667,spannen,stiept,Stiept,FAMILY_COPY_STRICT,lb+nl
data,nl,B1,2667,spannen,stiept,Stiept,FAMILY_COPY_STRICT,lb+nl
data,pl,B1,2667,spannen,stiept,Rozciągnąć,FAMILY_COPY_STRICT,pl+sk
data,sk,B1,2667,spannen,stiept,Rozciągnąć,FAMILY_COPY_STRICT,pl+sk
data,sq,B1,2667,spannen,stiept,Uzatmak,FAMILY_COPY_STRICT,sq+tr
data,tr,B1,2667,spannen,stiept,Uzatmak,FAMILY_COPY_STRICT,sq+tr
data,hr,B1,2668,Spannung,spriedze,Напрежение,SCRIPT_MISMATCH,
data,hr,B1,2668,Spannung,spriedze,Напрежение,MARKER_LEAK,foreign_script
data,it,B1,2668,Spannung,spriedze,Spriedze,SAME_AS_LV_CASEFOLD,casefold_only
data,lb,B1,2668,Spannung,spriedze,Spriedze,SAME_AS_LV_CASEFOLD,casefold_only
data,nl,B1,2668,Spannung,spriedze,Spriedze,SAME_AS_LV_CASEFOLD,casefold_only
data,pt,B1,2668,Spannung,spriedze,Spriedze,SAME_AS_LV_CASEFOLD,casefold_only
data,sk,B1,2668,Spannung,spriedze,Napięcie,MARKER_LEAK,pl_lt_nasal
data,sl,B1,2668,Spannung,spriedze,spriedze,SAME_AS_LV_CASEFOLD,exact
data,bg,B1,2668,Spannung,spriedze,Напрежение,FAMILY_COPY_STRICT,bg+hr+mk+sr
data,hr,B1,2668,Spannung,spriedze,Напрежение,FAMILY_COPY_STRICT,bg+hr+mk+sr
data,mk,B1,2668,Spannung,spriedze,Напрежение,FAMILY_COPY_STRICT,bg+hr+mk+sr
data,sr,B1,2668,Spannung,spriedze,Напрежение,FAMILY_COPY_STRICT,bg+hr+mk+sr
data,en,B1,2668,Spannung,spriedze,Tension,FAMILY_COPY_STRICT,en+fr
data,fr,B1,2668,Spannung,spriedze,Tension,FAMILY_COPY_STRICT,en+fr
data,fi,B1,2668,Spannung,spriedze,Pinge,FAMILY_COPY_STRICT,fi+is+nb+nn+sv
data,is,B1,2668,Spannung,spriedze,Pinge,FAMILY_COPY_STRICT,fi+is+nb+nn+sv
data,nb,B1,2668,Spannung,spriedze,Pinge,FAMILY_COPY_STRICT,fi+is+nb+nn+sv
data,nn,B1,2668,Spannung,spriedze,Pinge,FAMILY_COPY_STRICT,fi+is+nb+nn+sv
data,sv,B1,2668,Spannung,spriedze,Pinge,FAMILY_COPY_STRICT,fi+is+nb+nn+sv
data,it,B1,2668,Spannung,spriedze,Spriedze,FAMILY_COPY_STRICT,it+lb+nl+pt
data,lb,B1,2668,Spannung,spriedze,Spriedze,FAMILY_COPY_STRICT,it+lb+nl+pt
data,nl,B1,2668,Spannung,spriedze,Spriedze,FAMILY_COPY_STRICT,it+lb+nl+pt
data,pt,B1,2668,Spannung,spriedze,Spriedze,FAMILY_COPY_STRICT,it+lb+nl+pt
data,pl,B1,2668,Spannung,spriedze,Napięcie,FAMILY_COPY_STRICT,pl+sk
data,sk,B1,2668,Spannung,spriedze,Napięcie,FAMILY_COPY_STRICT,pl+sk
data,sq,B1,2668,Spannung,spriedze,Tansiyon,FAMILY_COPY_STRICT,sq+tr
data,tr,B1,2668,Spannung,spriedze,Tansiyon,FAMILY_COPY_STRICT,sq+tr
data,hr,B1,2669,sparsam,taupīgs,Штедлив,SCRIPT_MISMATCH,
data,hr,B1,2669,sparsam,taupīgs,Штедлив,MARKER_LEAK,foreign_script
data,it,B1,2669,sparsam,taupīgs,Taupīgs,SAME_AS_LV_CASEFOLD,casefold_only
data,it,B1,2669,sparsam,taupīgs,Taupīgs,LV_DIACRITIC,
data,it,B1,2669,sparsam,taupīgs,Taupīgs,MARKER_LEAK,lv_macron_consonant
data,lb,B1,2669,sparsam,taupīgs,Taupīgs,SAME_AS_LV_CASEFOLD,casefold_only
data,lb,B1,2669,sparsam,taupīgs,Taupīgs,LV_DIACRITIC,
data,lb,B1,2669,sparsam,taupīgs,Taupīgs,MARKER_LEAK,lv_macron_consonant
data,nl,B1,2669,sparsam,taupīgs,Taupīgs,SAME_AS_LV_CASEFOLD,casefold_only
data,nl,B1,2669,sparsam,taupīgs,Taupīgs,LV_DIACRITIC,
data,nl,B1,2669,sparsam,taupīgs,Taupīgs,MARKER_LEAK,lv_macron_consonant
data,sk,B1,2669,sparsam,taupīgs,Oszczędny,MARKER_LEAK,pl_lt_nasal
data,sl,B1,2669,sparsam,taupīgs,taupīgs,SAME_AS_LV_CASEFOLD,exact
data,sl,B1,2669,sparsam,taupīgs,taupīgs,LV_DIACRITIC,
data,sl,B1,2669,sparsam,taupīgs,taupīgs,MARKER_LEAK,lv_macron_consonant
data,fi,B1,2669,sparsam,taupīgs,Kokkuhoidlik,FAMILY_COPY_STRICT,fi+is+nb+nn+sv
data,is,B1,2669,sparsam,taupīgs,Kokkuhoidlik,FAMILY_COPY_STRICT,fi+is+nb+nn+sv
data,nb,B1,2669,sparsam,taupīgs,Kokkuhoidlik,FAMILY_COPY_STRICT,fi+is+nb+nn+sv
data,nn,B1,2669,sparsam,taupīgs,Kokkuhoidlik,FAMILY_COPY_STRICT,fi+is+nb+nn+sv
data,sv,B1,2669,sparsam,taupīgs,Kokkuhoidlik,FAMILY_COPY_STRICT,fi+is+nb+nn+sv
data,hr,B1,2669,sparsam,taupīgs,Штедлив,FAMILY_COPY_STRICT,hr+mk+sr
data,mk,B1,2669,sparsam,taupīgs,Штедлив,FAMILY_COPY_STRICT,hr+mk+sr
data,sr,B1,2669,sparsam,taupīgs,Штедлив,FAMILY_COPY_STRICT,hr+mk+sr
data,it,B1,2669,sparsam,taupīgs,Taupīgs,FAMILY_COPY_STRICT,it+lb+nl
data,lb,B1,2669,sparsam,taupīgs,Taupīgs,FAMILY_COPY_STRICT,it+lb+nl
data,nl,B1,2669,sparsam,taupīgs,Taupīgs,FAMILY_COPY_STRICT,it+lb+nl
data,pl,B1,2669,sparsam,taupīgs,Oszczędny,FAMILY_COPY_STRICT,pl+sk
data,sk,B1,2669,sparsam,taupīgs,Oszczędny,FAMILY_COPY_STRICT,pl+sk
data,sq,B1,2669,sparsam,taupīgs,Tutumlu,FAMILY_COPY_STRICT,sq+tr
data,tr,B1,2669,sparsam,taupīgs,Tutumlu,FAMILY_COPY_STRICT,sq+tr
data,hr,B1,2670,spaßen,jokot[ies],Шега,SCRIPT_MISMATCH,
data,hr,B1,2670,spaßen,jokot[ies],Шега,MARKER_LEAK,foreign_script
data,it,B1,2670,spaßen,jokot[ies],Jokot[ies],SAME_AS_LV_CASEFOLD,casefold_only
data,lb,B1,2670,spaßen,jokot[ies],Jokot[ies],SAME_AS_LV_CASEFOLD,casefold_only
data,nl,B1,2670,spaßen,jokot[ies],Jokot[ies],SAME_AS_LV_CASEFOLD,casefold_only
data,sk,B1,2670,spaßen,jokot[ies],Żartować,MARKER_LEAK,pl_l_s_z
data,sl,B1,2670,spaßen,jokot[ies],jokot[ies],SAME_AS_LV_CASEFOLD,exact
data,sq,B1,2670,spaßen,jokot[ies],Żartować,MARKER_LEAK,pl_l_s_z
data,tr,B1,2670,spaßen,jokot[ies],Żartować,MARKER_LEAK,pl_l_s_z
data,bg,B1,2670,spaßen,jokot[ies],Шега,FAMILY_COPY_STRICT,bg+hr+mk+sr
data,hr,B1,2670,spaßen,jokot[ies],Шега,FAMILY_COPY_STRICT,bg+hr+mk+sr
data,mk,B1,2670,spaßen,jokot[ies],Шега,FAMILY_COPY_STRICT,bg+hr+mk+sr
data,sr,B1,2670,spaßen,jokot[ies],Шега,FAMILY_COPY_STRICT,bg+hr+mk+sr
data,fi,B1,2670,spaßen,jokot[ies],Nalja tegema,FAMILY_COPY_STRICT,fi+is+nb+nn+sv
data,is,B1,2670,spaßen,jokot[ies],Nalja tegema,FAMILY_COPY_STRICT,fi+is+nb+nn+sv
data,nb,B1,2670,spaßen,jokot[ies],Nalja tegema,FAMILY_COPY_STRICT,fi+is+nb+nn+sv
data,nn,B1,2670,spaßen,jokot[ies],Nalja tegema,FAMILY_COPY_STRICT,fi+is+nb+nn+sv
data,sv,B1,2670,spaßen,jokot[ies],Nalja tegema,FAMILY_COPY_STRICT,fi+is+nb+nn+sv
data,it,B1,2670,spaßen,jokot[ies],Jokot[ies],FAMILY_COPY_STRICT,it+lb+nl
data,lb,B1,2670,spaßen,jokot[ies],Jokot[ies],FAMILY_COPY_STRICT,it+lb+nl
data,nl,B1,2670,spaßen,jokot[ies],Jokot[ies],FAMILY_COPY_STRICT,it+lb+nl
data,pl,B1,2670,spaßen,jokot[ies],Żartować,FAMILY_COPY_STRICT,pl+sk+sq+tr
data,sk,B1,2670,spaßen,jokot[ies],Żartować,FAMILY_COPY_STRICT,pl+sk+sq+tr
data,sq,B1,2670,spaßen,jokot[ies],Żartować,FAMILY_COPY_STRICT,pl+sk+sq+tr
data,tr,B1,2670,spaßen,jokot[ies],Żartować,FAMILY_COPY_STRICT,pl+sk+sq+tr
data,hr,B1,2671,spaßig,jocīgs,Смешно,SCRIPT_MISMATCH,
data,hr,B1,2671,spaßig,jocīgs,Смешно,MARKER_LEAK,foreign_script
data,it,B1,2671,spaßig,jocīgs,Jocīgs,SAME_AS_LV_CASEFOLD,casefold_only
data,it,B1,2671,spaßig,jocīgs,Jocīgs,LV_DIACRITIC,
data,it,B1,2671,spaßig,jocīgs,Jocīgs,MARKER_LEAK,lv_macron_consonant
data,lb,B1,2671,spaßig,jocīgs,Jocīgs,SAME_AS_LV_CASEFOLD,casefold_only
data,lb,B1,2671,spaßig,jocīgs,Jocīgs,LV_DIACRITIC,
data,lb,B1,2671,spaßig,jocīgs,Jocīgs,MARKER_LEAK,lv_macron_consonant
data,nl,B1,2671,spaßig,jocīgs,Jocīgs,SAME_AS_LV_CASEFOLD,casefold_only
data,nl,B1,2671,spaßig,jocīgs,Jocīgs,LV_DIACRITIC,
data,nl,B1,2671,spaßig,jocīgs,Jocīgs,MARKER_LEAK,lv_macron_consonant
data,pt,B1,2671,spaßig,jocīgs,Jocīgs,SAME_AS_LV_CASEFOLD,casefold_only
data,pt,B1,2671,spaßig,jocīgs,Jocīgs,LV_DIACRITIC,
data,pt,B1,2671,spaßig,jocīgs,Jocīgs,MARKER_LEAK,lv_macron_consonant
data,sk,B1,2671,spaßig,jocīgs,Śmieszny,MARKER_LEAK,pl_l_s_z
data,sl,B1,2671,spaßig,jocīgs,jocīgs,SAME_AS_LV_CASEFOLD,exact
data,sl,B1,2671,spaßig,jocīgs,jocīgs,LV_DIACRITIC,
data,sl,B1,2671,spaßig,jocīgs,jocīgs,MARKER_LEAK,lv_macron_consonant
data,sq,B1,2671,spaßig,jocīgs,Śmieszny,MARKER_LEAK,pl_l_s_z
data,tr,B1,2671,spaßig,jocīgs,Śmieszny,MARKER_LEAK,pl_l_s_z
data,bg,B1,2671,spaßig,jocīgs,Смешно,FAMILY_COPY_STRICT,bg+hr+mk+sr
data,hr,B1,2671,spaßig,jocīgs,Смешно,FAMILY_COPY_STRICT,bg+hr+mk+sr
data,mk,B1,2671,spaßig,jocīgs,Смешно,FAMILY_COPY_STRICT,bg+hr+mk+sr
data,sr,B1,2671,spaßig,jocīgs,Смешно,FAMILY_COPY_STRICT,bg+hr+mk+sr
data,fi,B1,2671,spaßig,jocīgs,Naljakas,FAMILY_COPY_STRICT,fi+is+nb+nn+sv
data,is,B1,2671,spaßig,jocīgs,Naljakas,FAMILY_COPY_STRICT,fi+is+nb+nn+sv
data,nb,B1,2671,spaßig,jocīgs,Naljakas,FAMILY_COPY_STRICT,fi+is+nb+nn+sv
data,nn,B1,2671,spaßig,jocīgs,Naljakas,FAMILY_COPY_STRICT,fi+is+nb+nn+sv
data,sv,B1,2671,spaßig,jocīgs,Naljakas,FAMILY_COPY_STRICT,fi+is+nb+nn+sv
data,it,B1,2671,spaßig,jocīgs,Jocīgs,FAMILY_COPY_STRICT,it+lb+nl+pt
data,lb,B1,2671,spaßig,jocīgs,Jocīgs,FAMILY_COPY_STRICT,it+lb+nl+pt
data,nl,B1,2671,spaßig,jocīgs,Jocīgs,FAMILY_COPY_STRICT,it+lb+nl+pt
data,pt,B1,2671,spaßig,jocīgs,Jocīgs,FAMILY_COPY_STRICT,it+lb+nl+pt
data,pl,B1,2671,spaßig,jocīgs,Śmieszny,FAMILY_COPY_STRICT,pl+sk+sq+tr
data,sk,B1,2671,spaßig,jocīgs,Śmieszny,FAMILY_COPY_STRICT,pl+sk+sq+tr
data,sq,B1,2671,spaßig,jocīgs,Śmieszny,FAMILY_COPY_STRICT,pl+sk+sq+tr
data,tr,B1,2671,spaßig,jocīgs,Śmieszny,FAMILY_COPY_STRICT,pl+sk+sq+tr
data,hr,B1,2672,Spaten,lāpsta,Лопата,SCRIPT_MISMATCH,
data,hr,B1,2672,Spaten,lāpsta,Лопата,MARKER_LEAK,foreign_script
data,it,B1,2672,Spaten,lāpsta,Lāpsta,SAME_AS_LV_CASEFOLD,casefold_only
data,it,B1,2672,Spaten,lāpsta,Lāpsta,LV_DIACRITIC,
data,it,B1,2672,Spaten,lāpsta,Lāpsta,MARKER_LEAK,lv_macron_consonant
data,lb,B1,2672,Spaten,lāpsta,Lāpsta,SAME_AS_LV_CASEFOLD,casefold_only
data,lb,B1,2672,Spaten,lāpsta,Lāpsta,LV_DIACRITIC,
data,lb,B1,2672,Spaten,lāpsta,Lāpsta,MARKER_LEAK,lv_macron_consonant
data,nl,B1,2672,Spaten,lāpsta,Lāpsta,SAME_AS_LV_CASEFOLD,casefold_only
data,nl,B1,2672,Spaten,lāpsta,Lāpsta,LV_DIACRITIC,
data,nl,B1,2672,Spaten,lāpsta,Lāpsta,MARKER_LEAK,lv_macron_consonant
data,sk,B1,2672,Spaten,lāpsta,Łopata,MARKER_LEAK,pl_l_s_z
data,sl,B1,2672,Spaten,lāpsta,lāpsta,SAME_AS_LV_CASEFOLD,exact
data,sl,B1,2672,Spaten,lāpsta,lāpsta,LV_DIACRITIC,
data,sl,B1,2672,Spaten,lāpsta,lāpsta,MARKER_LEAK,lv_macron_consonant
data,bg,B1,2672,Spaten,lāpsta,Лопата,FAMILY_COPY_STRICT,bg+hr+mk+ru+sr
data,hr,B1,2672,Spaten,lāpsta,Лопата,FAMILY_COPY_STRICT,bg+hr+mk+ru+sr
data,mk,B1,2672,Spaten,lāpsta,Лопата,FAMILY_COPY_STRICT,bg+hr+mk+ru+sr
data,ru,B1,2672,Spaten,lāpsta,Лопата,FAMILY_COPY_STRICT,bg+hr+mk+ru+sr
data,sr,B1,2672,Spaten,lāpsta,Лопата,FAMILY_COPY_STRICT,bg+hr+mk+ru+sr
data,fi,B1,2672,Spaten,lāpsta,Labidas,FAMILY_COPY_STRICT,fi+is+nb+nn+sv
data,is,B1,2672,Spaten,lāpsta,Labidas,FAMILY_COPY_STRICT,fi+is+nb+nn+sv
data,nb,B1,2672,Spaten,lāpsta,Labidas,FAMILY_COPY_STRICT,fi+is+nb+nn+sv
data,nn,B1,2672,Spaten,lāpsta,Labidas,FAMILY_COPY_STRICT,fi+is+nb+nn+sv
data,sv,B1,2672,Spaten,lāpsta,Labidas,FAMILY_COPY_STRICT,fi+is+nb+nn+sv
data,it,B1,2672,Spaten,lāpsta,Lāpsta,FAMILY_COPY_STRICT,it+lb+nl
data,lb,B1,2672,Spaten,lāpsta,Lāpsta,FAMILY_COPY_STRICT,it+lb+nl
data,nl,B1,2672,Spaten,lāpsta,Lāpsta,FAMILY_COPY_STRICT,it+lb+nl
data,pl,B1,2672,Spaten,lāpsta,Łopata,FAMILY_COPY_STRICT,pl+sk
data,sk,B1,2672,Spaten,lāpsta,Łopata,FAMILY_COPY_STRICT,pl+sk
data,hr,B1,2673,Speer,šķēps,Копие,SCRIPT_MISMATCH,
data,hr,B1,2673,Speer,šķēps,Копие,MARKER_LEAK,foreign_script
data,it,B1,2673,Speer,šķēps,Šķēps,SAME_AS_LV_CASEFOLD,casefold_only
data,it,B1,2673,Speer,šķēps,Šķēps,LV_DIACRITIC,
data,it,B1,2673,Speer,šķēps,Šķēps,MARKER_LEAK,lv_macron_consonant
data,lb,B1,2673,Speer,šķēps,Šķēps,SAME_AS_LV_CASEFOLD,casefold_only
data,lb,B1,2673,Speer,šķēps,Šķēps,LV_DIACRITIC,
data,lb,B1,2673,Speer,šķēps,Šķēps,MARKER_LEAK,lv_macron_consonant
data,nl,B1,2673,Speer,šķēps,Šķēps,SAME_AS_LV_CASEFOLD,casefold_only
data,nl,B1,2673,Speer,šķēps,Šķēps,LV_DIACRITIC,
data,nl,B1,2673,Speer,šķēps,Šķēps,MARKER_LEAK,lv_macron_consonant
data,pt,B1,2673,Speer,šķēps,Šķēps,SAME_AS_LV_CASEFOLD,casefold_only
data,pt,B1,2673,Speer,šķēps,Šķēps,LV_DIACRITIC,
data,pt,B1,2673,Speer,šķēps,Šķēps,MARKER_LEAK,lv_macron_consonant
data,sk,B1,2673,Speer,šķēps,Włócznia,MARKER_LEAK,pl_l_s_z
data,sl,B1,2673,Speer,šķēps,šķēps,SAME_AS_LV_CASEFOLD,exact
data,sl,B1,2673,Speer,šķēps,šķēps,LV_DIACRITIC,
data,sl,B1,2673,Speer,šķēps,šķēps,MARKER_LEAK,lv_macron_consonant
data,sq,B1,2673,Speer,šķēps,Mızrak,MARKER_LEAK,tr_soft
data,bg,B1,2673,Speer,šķēps,Копие,FAMILY_COPY_STRICT,bg+hr+mk+sr
data,hr,B1,2673,Speer,šķēps,Копие,FAMILY_COPY_STRICT,bg+hr+mk+sr
data,mk,B1,2673,Speer,šķēps,Копие,FAMILY_COPY_STRICT,bg+hr+mk+sr
data,sr,B1,2673,Speer,šķēps,Копие,FAMILY_COPY_STRICT,bg+hr+mk+sr
data,fi,B1,2673,Speer,šķēps,Oda,FAMILY_COPY_STRICT,fi+is+nb+nn+sv
data,is,B1,2673,Speer,šķēps,Oda,FAMILY_COPY_STRICT,fi+is+nb+nn+sv
data,nb,B1,2673,Speer,šķēps,Oda,FAMILY_COPY_STRICT,fi+is+nb+nn+sv
data,nn,B1,2673,Speer,šķēps,Oda,FAMILY_COPY_STRICT,fi+is+nb+nn+sv
data,sv,B1,2673,Speer,šķēps,Oda,FAMILY_COPY_STRICT,fi+is+nb+nn+sv
data,it,B1,2673,Speer,šķēps,Šķēps,FAMILY_COPY_STRICT,it+lb+nl+pt
data,lb,B1,2673,Speer,šķēps,Šķēps,FAMILY_COPY_STRICT,it+lb+nl+pt
data,nl,B1,2673,Speer,šķēps,Šķēps,FAMILY_COPY_STRICT,it+lb+nl+pt
data,pt,B1,2673,Speer,šķēps,Šķēps,FAMILY_COPY_STRICT,it+lb+nl+pt
data,pl,B1,2673,Speer,šķēps,Włócznia,FAMILY_COPY_STRICT,pl+sk
data,sk,B1,2673,Speer,šķēps,Włócznia,FAMILY_COPY_STRICT,pl+sk
data,sq,B1,2673,Speer,šķēps,Mızrak,FAMILY_COPY_STRICT,sq+tr
data,tr,B1,2673,Speer,šķēps,Mızrak,FAMILY_COPY_STRICT,sq+tr
data,hr,B1,2674,Speerwerfen,šķēpa mešana,Хвърляне на копие,SCRIPT_MISMATCH,
data,hr,B1,2674,Speerwerfen,šķēpa mešana,Хвърляне на копие,MARKER_LEAK,foreign_script
data,it,B1,2674,Speerwerfen,šķēpa mešana,Šķēpa mešana,SAME_AS_LV_CASEFOLD,casefold_only
data,it,B1,2674,Speerwerfen,šķēpa mešana,Šķēpa mešana,LV_DIACRITIC,
data,it,B1,2674,Speerwerfen,šķēpa mešana,Šķēpa mešana,MARKER_LEAK,lv_macron_consonant
data,lb,B1,2674,Speerwerfen,šķēpa mešana,Šķēpa mešana,SAME_AS_LV_CASEFOLD,casefold_only
data,lb,B1,2674,Speerwerfen,šķēpa mešana,Šķēpa mešana,LV_DIACRITIC,
data,lb,B1,2674,Speerwerfen,šķēpa mešana,Šķēpa mešana,MARKER_LEAK,lv_macron_consonant
data,nl,B1,2674,Speerwerfen,šķēpa mešana,Šķēpa mešana,SAME_AS_LV_CASEFOLD,casefold_only
data,nl,B1,2674,Speerwerfen,šķēpa mešana,Šķēpa mešana,LV_DIACRITIC,
data,nl,B1,2674,Speerwerfen,šķēpa mešana,Šķēpa mešana,MARKER_LEAK,lv_macron_consonant
data,pt,B1,2674,Speerwerfen,šķēpa mešana,Šķēpa mezena,LV_DIACRITIC,
data,pt,B1,2674,Speerwerfen,šķēpa mešana,Šķēpa mezena,MARKER_LEAK,lv_macron_consonant
data,sl,B1,2674,Speerwerfen,šķēpa mešana,šķēpa mešana,SAME_AS_LV_CASEFOLD,exact
data,sl,B1,2674,Speerwerfen,šķēpa mešana,šķēpa mešana,LV_DIACRITIC,
data,sl,B1,2674,Speerwerfen,šķēpa mešana,šķēpa mešana,MARKER_LEAK,lv_macron_consonant
data,bg,B1,2674,Speerwerfen,šķēpa mešana,Хвърляне на копие,FAMILY_COPY_STRICT,bg+hr+mk+sr
data,hr,B1,2674,Speerwerfen,šķēpa mešana,Хвърляне на копие,FAMILY_COPY_STRICT,bg+hr+mk+sr
data,mk,B1,2674,Speerwerfen,šķēpa mešana,Хвърляне на копие,FAMILY_COPY_STRICT,bg+hr+mk+sr
data,sr,B1,2674,Speerwerfen,šķēpa mešana,Хвърляне на копие,FAMILY_COPY_STRICT,bg+hr+mk+sr
data,fi,B1,2674,Speerwerfen,šķēpa mešana,Odavise,FAMILY_COPY_STRICT,fi+is+nb+nn+sv
data,is,B1,2674,Speerwerfen,šķēpa mešana,Odavise,FAMILY_COPY_STRICT,fi+is+nb+nn+sv
data,nb,B1,2674,Speerwerfen,šķēpa mešana,Odavise,FAMILY_COPY_STRICT,fi+is+nb+nn+sv
data,nn,B1,2674,Speerwerfen,šķēpa mešana,Odavise,FAMILY_COPY_STRICT,fi+is+nb+nn+sv
data,sv,B1,2674,Speerwerfen,šķēpa mešana,Odavise,FAMILY_COPY_STRICT,fi+is+nb+nn+sv
data,it,B1,2674,Speerwerfen,šķēpa mešana,Šķēpa mešana,FAMILY_COPY_STRICT,it+lb+nl
data,lb,B1,2674,Speerwerfen,šķēpa mešana,Šķēpa mešana,FAMILY_COPY_STRICT,it+lb+nl
data,nl,B1,2674,Speerwerfen,šķēpa mešana,Šķēpa mešana,FAMILY_COPY_STRICT,it+lb+nl
data,pl,B1,2674,Speerwerfen,šķēpa mešana,Rzucanie oszczepem,FAMILY_COPY_STRICT,pl+sk+sq+tr
data,sk,B1,2674,Speerwerfen,šķēpa mešana,Rzucanie oszczepem,FAMILY_COPY_STRICT,pl+sk+sq+tr
data,sq,B1,2674,Speerwerfen,šķēpa mešana,Rzucanie oszczepem,FAMILY_COPY_STRICT,pl+sk+sq+tr
data,tr,B1,2674,Speerwerfen,šķēpa mešana,Rzucanie oszczepem,FAMILY_COPY_STRICT,pl+sk+sq+tr
data,hr,B1,2675,Speichel,siekalas,Слюнка,SCRIPT_MISMATCH,
data,hr,B1,2675,Speichel,siekalas,Слюнка,MARKER_LEAK,foreign_script
data,it,B1,2675,Speichel,siekalas,Siekalas,SAME_AS_LV_CASEFOLD,casefold_only
data,lb,B1,2675,Speichel,siekalas,Siekalas,SAME_AS_LV_CASEFOLD,casefold_only
data,nl,B1,2675,Speichel,siekalas,Siekalas,SAME_AS_LV_CASEFOLD,casefold_only
data,pt,B1,2675,Speichel,siekalas,Siekalas,SAME_AS_LV_CASEFOLD,casefold_only
data,sk,B1,2675,Speichel,siekalas,Ślina,MARKER_LEAK,pl_l_s_z
data,sl,B1,2675,Speichel,siekalas,siekalas,SAME_AS_LV_CASEFOLD,exact
data,sq,B1,2675,Speichel,siekalas,Ślina,MARKER_LEAK,pl_l_s_z
data,tr,B1,2675,Speichel,siekalas,Ślina,MARKER_LEAK,pl_l_s_z
data,bg,B1,2675,Speichel,siekalas,Слюнка,FAMILY_COPY_STRICT,bg+hr+mk+sr
data,hr,B1,2675,Speichel,siekalas,Слюнка,FAMILY_COPY_STRICT,bg+hr+mk+sr
data,mk,B1,2675,Speichel,siekalas,Слюнка,FAMILY_COPY_STRICT,bg+hr+mk+sr
data,sr,B1,2675,Speichel,siekalas,Слюнка,FAMILY_COPY_STRICT,bg+hr+mk+sr
data,fi,B1,2675,Speichel,siekalas,Sülg,FAMILY_COPY_STRICT,fi+is+nb+nn+sv
data,is,B1,2675,Speichel,siekalas,Sülg,FAMILY_COPY_STRICT,fi+is+nb+nn+sv
data,nb,B1,2675,Speichel,siekalas,Sülg,FAMILY_COPY_STRICT,fi+is+nb+nn+sv
data,nn,B1,2675,Speichel,siekalas,Sülg,FAMILY_COPY_STRICT,fi+is+nb+nn+sv
data,sv,B1,2675,Speichel,siekalas,Sülg,FAMILY_COPY_STRICT,fi+is+nb+nn+sv
data,it,B1,2675,Speichel,siekalas,Siekalas,FAMILY_COPY_STRICT,it+lb+nl+pt
data,lb,B1,2675,Speichel,siekalas,Siekalas,FAMILY_COPY_STRICT,it+lb+nl+pt
data,nl,B1,2675,Speichel,siekalas,Siekalas,FAMILY_COPY_STRICT,it+lb+nl+pt
data,pt,B1,2675,Speichel,siekalas,Siekalas,FAMILY_COPY_STRICT,it+lb+nl+pt
data,pl,B1,2675,Speichel,siekalas,Ślina,FAMILY_COPY_STRICT,pl+sk+sq+tr
data,sk,B1,2675,Speichel,siekalas,Ślina,FAMILY_COPY_STRICT,pl+sk+sq+tr
data,sq,B1,2675,Speichel,siekalas,Ślina,FAMILY_COPY_STRICT,pl+sk+sq+tr
data,tr,B1,2675,Speichel,siekalas,Ślina,FAMILY_COPY_STRICT,pl+sk+sq+tr
data,hr,B1,2676,speichern,saglabāt,Запазване,SCRIPT_MISMATCH,
data,hr,B1,2676,speichern,saglabāt,Запазване,MARKER_LEAK,foreign_script
data,it,B1,2676,speichern,saglabāt,Saglabāt,SAME_AS_LV_CASEFOLD,casefold_only
data,it,B1,2676,speichern,saglabāt,Saglabāt,LV_DIACRITIC,
data,it,B1,2676,speichern,saglabāt,Saglabāt,MARKER_LEAK,lv_macron_consonant
data,lb,B1,2676,speichern,saglabāt,Saglabāt,SAME_AS_LV_CASEFOLD,casefold_only
data,lb,B1,2676,speichern,saglabāt,Saglabāt,LV_DIACRITIC,
data,lb,B1,2676,speichern,saglabāt,Saglabāt,MARKER_LEAK,lv_macron_consonant
data,nl,B1,2676,speichern,saglabāt,Saglabāt,SAME_AS_LV_CASEFOLD,casefold_only
data,nl,B1,2676,speichern,saglabāt,Saglabāt,LV_DIACRITIC,
data,nl,B1,2676,speichern,saglabāt,Saglabāt,MARKER_LEAK,lv_macron_consonant
data,sl,B1,2676,speichern,saglabāt,saglabāt,SAME_AS_LV_CASEFOLD,exact
data,sl,B1,2676,speichern,saglabāt,saglabāt,LV_DIACRITIC,
data,sl,B1,2676,speichern,saglabāt,saglabāt,MARKER_LEAK,lv_macron_consonant
data,bg,B1,2676,speichern,saglabāt,Запазване,FAMILY_COPY_STRICT,bg+hr+mk+sr
data,hr,B1,2676,speichern,saglabāt,Запазване,FAMILY_COPY_STRICT,bg+hr+mk+sr
data,mk,B1,2676,speichern,saglabāt,Запазване,FAMILY_COPY_STRICT,bg+hr+mk+sr
data,sr,B1,2676,speichern,saglabāt,Запазване,FAMILY_COPY_STRICT,bg+hr+mk+sr
data,fi,B1,2676,speichern,saglabāt,Salvestama,FAMILY_COPY_STRICT,fi+sv
data,sv,B1,2676,speichern,saglabāt,Salvestama,FAMILY_COPY_STRICT,fi+sv
data,is,B1,2676,speichern,saglabāt,Salvestamme,FAMILY_COPY_STRICT,is+nb+nn
data,nb,B1,2676,speichern,saglabāt,Salvestamme,FAMILY_COPY_STRICT,is+nb+nn
data,nn,B1,2676,speichern,saglabāt,Salvestamme,FAMILY_COPY_STRICT,is+nb+nn
data,it,B1,2676,speichern,saglabāt,Saglabāt,FAMILY_COPY_STRICT,it+lb+nl
data,lb,B1,2676,speichern,saglabāt,Saglabāt,FAMILY_COPY_STRICT,it+lb+nl
data,nl,B1,2676,speichern,saglabāt,Saglabāt,FAMILY_COPY_STRICT,it+lb+nl
data,pl,B1,2676,speichern,saglabāt,Ratować,FAMILY_COPY_STRICT,pl+sk
data,sk,B1,2676,speichern,saglabāt,Ratować,FAMILY_COPY_STRICT,pl+sk
data,sq,B1,2676,speichern,saglabāt,Kaydetmek,FAMILY_COPY_STRICT,sq+tr
data,tr,B1,2676,speichern,saglabāt,Kaydetmek,FAMILY_COPY_STRICT,sq+tr
data,hr,B1,2677,speien,spļaut,Плюнка,SCRIPT_MISMATCH,
data,hr,B1,2677,speien,spļaut,Плюнка,MARKER_LEAK,foreign_script
data,it,B1,2677,speien,spļaut,Spļaut,SAME_AS_LV_CASEFOLD,casefold_only
data,it,B1,2677,speien,spļaut,Spļaut,LV_DIACRITIC,
data,it,B1,2677,speien,spļaut,Spļaut,MARKER_LEAK,lv_macron_consonant
data,lb,B1,2677,speien,spļaut,Spļaut,SAME_AS_LV_CASEFOLD,casefold_only
data,lb,B1,2677,speien,spļaut,Spļaut,LV_DIACRITIC,
data,lb,B1,2677,speien,spļaut,Spļaut,MARKER_LEAK,lv_macron_consonant
data,nl,B1,2677,speien,spļaut,Spļaut,SAME_AS_LV_CASEFOLD,casefold_only
data,nl,B1,2677,speien,spļaut,Spļaut,LV_DIACRITIC,
data,nl,B1,2677,speien,spļaut,Spļaut,MARKER_LEAK,lv_macron_consonant
data,pt,B1,2677,speien,spļaut,Spļaut,SAME_AS_LV_CASEFOLD,casefold_only
data,pt,B1,2677,speien,spļaut,Spļaut,LV_DIACRITIC,
data,pt,B1,2677,speien,spļaut,Spļaut,MARKER_LEAK,lv_macron_consonant
data,sl,B1,2677,speien,spļaut,spļaut,SAME_AS_LV_CASEFOLD,exact
data,sl,B1,2677,speien,spļaut,spļaut,LV_DIACRITIC,
data,sl,B1,2677,speien,spļaut,spļaut,MARKER_LEAK,lv_macron_consonant
data,bg,B1,2677,speien,spļaut,Плюнка,FAMILY_COPY_STRICT,bg+hr+mk+sr
data,hr,B1,2677,speien,spļaut,Плюнка,FAMILY_COPY_STRICT,bg+hr+mk+sr
data,mk,B1,2677,speien,spļaut,Плюнка,FAMILY_COPY_STRICT,bg+hr+mk+sr
data,sr,B1,2677,speien,spļaut,Плюнка,FAMILY_COPY_STRICT,bg+hr+mk+sr
data,fi,B1,2677,speien,spļaut,Sülitama,FAMILY_COPY_STRICT,fi+is+nb+nn+sv
data,is,B1,2677,speien,spļaut,Sülitama,FAMILY_COPY_STRICT,fi+is+nb+nn+sv
data,nb,B1,2677,speien,spļaut,Sülitama,FAMILY_COPY_STRICT,fi+is+nb+nn+sv
data,nn,B1,2677,speien,spļaut,Sülitama,FAMILY_COPY_STRICT,fi+is+nb+nn+sv
data,sv,B1,2677,speien,spļaut,Sülitama,FAMILY_COPY_STRICT,fi+is+nb+nn+sv
data,it,B1,2677,speien,spļaut,Spļaut,FAMILY_COPY_STRICT,it+lb+nl+pt
data,lb,B1,2677,speien,spļaut,Spļaut,FAMILY_COPY_STRICT,it+lb+nl+pt
data,nl,B1,2677,speien,spļaut,Spļaut,FAMILY_COPY_STRICT,it+lb+nl+pt
data,pt,B1,2677,speien,spļaut,Spļaut,FAMILY_COPY_STRICT,it+lb+nl+pt
data,pl,B1,2677,speien,spļaut,Pluć,FAMILY_COPY_STRICT,pl+sk
data,sk,B1,2677,speien,spļaut,Pluć,FAMILY_COPY_STRICT,pl+sk
data,sq,B1,2677,speien,spļaut,Tükürmek,FAMILY_COPY_STRICT,sq+tr
data,tr,B1,2677,speien,spļaut,Tükürmek,FAMILY_COPY_STRICT,sq+tr
data,it,B1,2678,Speise,ēdiens,Ēdiens,SAME_AS_LV_CASEFOLD,casefold_only
data,it,B1,2678,Speise,ēdiens,Ēdiens,LV_DIACRITIC,
data,it,B1,2678,Speise,ēdiens,Ēdiens,MARKER_LEAK,lv_macron_consonant
data,lb,B1,2678,Speise,ēdiens,Ēdiens,SAME_AS_LV_CASEFOLD,casefold_only
data,lb,B1,2678,Speise,ēdiens,Ēdiens,LV_DIACRITIC,
data,lb,B1,2678,Speise,ēdiens,Ēdiens,MARKER_LEAK,lv_macron_consonant
data,nl,B1,2678,Speise,ēdiens,Ēdiens,SAME_AS_LV_CASEFOLD,casefold_only
data,nl,B1,2678,Speise,ēdiens,Ēdiens,LV_DIACRITIC,
data,nl,B1,2678,Speise,ēdiens,Ēdiens,MARKER_LEAK,lv_macron_consonant
data,pt,B1,2678,Speise,ēdiens,Ēdiens,SAME_AS_LV_CASEFOLD,casefold_only
data,pt,B1,2678,Speise,ēdiens,Ēdiens,LV_DIACRITIC,
data,pt,B1,2678,Speise,ēdiens,Ēdiens,MARKER_LEAK,lv_macron_consonant
data,sk,B1,2678,Speise,ēdiens,Żywność,MARKER_LEAK,pl_l_s_z
data,sl,B1,2678,Speise,ēdiens,ēdiens,SAME_AS_LV_CASEFOLD,exact
data,sl,B1,2678,Speise,ēdiens,ēdiens,LV_DIACRITIC,
data,sl,B1,2678,Speise,ēdiens,ēdiens,MARKER_LEAK,lv_macron_consonant
data,sr,B1,2678,Speise,ēdiens,Hrana,SCRIPT_MISMATCH,sr_as_cyrillic
data,sr,B1,2678,Speise,ēdiens,Hrana,MARKER_LEAK,latin_in_cyrillic
data,bg,B1,2678,Speise,ēdiens,Храна,FAMILY_COPY_STRICT,bg+mk
data,mk,B1,2678,Speise,ēdiens,Храна,FAMILY_COPY_STRICT,bg+mk
data,bs,B1,2678,Speise,ēdiens,Hrana,FAMILY_COPY_STRICT,bs+hr+sr
data,hr,B1,2678,Speise,ēdiens,Hrana,FAMILY_COPY_STRICT,bs+hr+sr
data,sr,B1,2678,Speise,ēdiens,Hrana,FAMILY_COPY_STRICT,bs+hr+sr
data,fi,B1,2678,Speise,ēdiens,Roog,FAMILY_COPY_STRICT,fi+is+nb+nn+sv
data,is,B1,2678,Speise,ēdiens,Roog,FAMILY_COPY_STRICT,fi+is+nb+nn+sv
data,nb,B1,2678,Speise,ēdiens,Roog,FAMILY_COPY_STRICT,fi+is+nb+nn+sv
data,nn,B1,2678,Speise,ēdiens,Roog,FAMILY_COPY_STRICT,fi+is+nb+nn+sv
data,sv,B1,2678,Speise,ēdiens,Roog,FAMILY_COPY_STRICT,fi+is+nb+nn+sv
data,it,B1,2678,Speise,ēdiens,Ēdiens,FAMILY_COPY_STRICT,it+lb+nl+pt
data,lb,B1,2678,Speise,ēdiens,Ēdiens,FAMILY_COPY_STRICT,it+lb+nl+pt
data,nl,B1,2678,Speise,ēdiens,Ēdiens,FAMILY_COPY_STRICT,it+lb+nl+pt
data,pt,B1,2678,Speise,ēdiens,Ēdiens,FAMILY_COPY_STRICT,it+lb+nl+pt
data,pl,B1,2678,Speise,ēdiens,Żywność,FAMILY_COPY_STRICT,pl+sk
data,sk,B1,2678,Speise,ēdiens,Żywność,FAMILY_COPY_STRICT,pl+sk
data,sq,B1,2678,Speise,ēdiens,Yiyecek,FAMILY_COPY_STRICT,sq+tr
data,tr,B1,2678,Speise,ēdiens,Yiyecek,FAMILY_COPY_STRICT,sq+tr
data,hr,B1,2679,speisen,ēst,Яжте,SCRIPT_MISMATCH,
data,hr,B1,2679,speisen,ēst,Яжте,MARKER_LEAK,foreign_script
data,lb,B1,2679,speisen,ēst,Ēst,SAME_AS_LV_CASEFOLD,casefold_only
data,lb,B1,2679,speisen,ēst,Ēst,LV_DIACRITIC,
data,lb,B1,2679,speisen,ēst,Ēst,MARKER_LEAK,lv_macron_consonant
data,nl,B1,2679,speisen,ēst,Ēst,SAME_AS_LV_CASEFOLD,casefold_only
data,nl,B1,2679,speisen,ēst,Ēst,LV_DIACRITIC,
data,nl,B1,2679,speisen,ēst,Ēst,MARKER_LEAK,lv_macron_consonant
data,sl,B1,2679,speisen,ēst,ēst,SAME_AS_LV_CASEFOLD,exact
data,sl,B1,2679,speisen,ēst,ēst,LV_DIACRITIC,
data,sl,B1,2679,speisen,ēst,ēst,MARKER_LEAK,lv_macron_consonant
data,bg,B1,2679,speisen,ēst,Яжте,FAMILY_COPY_STRICT,bg+hr+mk+sr
data,hr,B1,2679,speisen,ēst,Яжте,FAMILY_COPY_STRICT,bg+hr+mk+sr
data,mk,B1,2679,speisen,ēst,Яжте,FAMILY_COPY_STRICT,bg+hr+mk+sr
data,sr,B1,2679,speisen,ēst,Яжте,FAMILY_COPY_STRICT,bg+hr+mk+sr
data,fi,B1,2679,speisen,ēst,Sööma,FAMILY_COPY_STRICT,fi+sv
data,sv,B1,2679,speisen,ēst,Sööma,FAMILY_COPY_STRICT,fi+sv
data,is,B1,2679,speisen,ēst,Sy,FAMILY_COPY_STRICT,is+nb+nn
data,nb,B1,2679,speisen,ēst,Sy,FAMILY_COPY_STRICT,is+nb+nn
data,nn,B1,2679,speisen,ēst,Sy,FAMILY_COPY_STRICT,is+nb+nn
data,lb,B1,2679,speisen,ēst,Ēst,FAMILY_COPY_STRICT,lb+nl
data,nl,B1,2679,speisen,ēst,Ēst,FAMILY_COPY_STRICT,lb+nl
data,hr,B1,2680,Speisesaal,ēdamzāle,Трапезария,SCRIPT_MISMATCH,
data,hr,B1,2680,Speisesaal,ēdamzāle,Трапезария,MARKER_LEAK,foreign_script
data,it,B1,2680,Speisesaal,ēdamzāle,Ēdamzāle,SAME_AS_LV_CASEFOLD,casefold_only
data,it,B1,2680,Speisesaal,ēdamzāle,Ēdamzāle,LV_DIACRITIC,
data,it,B1,2680,Speisesaal,ēdamzāle,Ēdamzāle,MARKER_LEAK,lv_macron_consonant
data,lb,B1,2680,Speisesaal,ēdamzāle,Ēdamzāle,SAME_AS_LV_CASEFOLD,casefold_only
data,lb,B1,2680,Speisesaal,ēdamzāle,Ēdamzāle,LV_DIACRITIC,
data,lb,B1,2680,Speisesaal,ēdamzāle,Ēdamzāle,MARKER_LEAK,lv_macron_consonant
data,nl,B1,2680,Speisesaal,ēdamzāle,Ēdamzāle,SAME_AS_LV_CASEFOLD,casefold_only
data,nl,B1,2680,Speisesaal,ēdamzāle,Ēdamzāle,LV_DIACRITIC,
data,nl,B1,2680,Speisesaal,ēdamzāle,Ēdamzāle,MARKER_LEAK,lv_macron_consonant
data,sl,B1,2680,Speisesaal,ēdamzāle,ēdamzāle,SAME_AS_LV_CASEFOLD,exact
data,sl,B1,2680,Speisesaal,ēdamzāle,ēdamzāle,LV_DIACRITIC,
data,sl,B1,2680,Speisesaal,ēdamzāle,ēdamzāle,MARKER_LEAK,lv_macron_consonant
data,bg,B1,2680,Speisesaal,ēdamzāle,Трапезария,FAMILY_COPY_STRICT,bg+hr+mk+sr
data,hr,B1,2680,Speisesaal,ēdamzāle,Трапезария,FAMILY_COPY_STRICT,bg+hr+mk+sr
data,mk,B1,2680,Speisesaal,ēdamzāle,Трапезария,FAMILY_COPY_STRICT,bg+hr+mk+sr
data,sr,B1,2680,Speisesaal,ēdamzāle,Трапезария,FAMILY_COPY_STRICT,bg+hr+mk+sr
data,fi,B1,2680,Speisesaal,ēdamzāle,Söögisaal,FAMILY_COPY_STRICT,fi+is+nb+nn+sv
data,is,B1,2680,Speisesaal,ēdamzāle,Söögisaal,FAMILY_COPY_STRICT,fi+is+nb+nn+sv
data,nb,B1,2680,Speisesaal,ēdamzāle,Söögisaal,FAMILY_COPY_STRICT,fi+is+nb+nn+sv
data,nn,B1,2680,Speisesaal,ēdamzāle,Söögisaal,FAMILY_COPY_STRICT,fi+is+nb+nn+sv
data,sv,B1,2680,Speisesaal,ēdamzāle,Söögisaal,FAMILY_COPY_STRICT,fi+is+nb+nn+sv
data,it,B1,2680,Speisesaal,ēdamzāle,Ēdamzāle,FAMILY_COPY_STRICT,it+lb+nl
data,lb,B1,2680,Speisesaal,ēdamzāle,Ēdamzāle,FAMILY_COPY_STRICT,it+lb+nl
data,nl,B1,2680,Speisesaal,ēdamzāle,Ēdamzāle,FAMILY_COPY_STRICT,it+lb+nl
data,pl,B1,2680,Speisesaal,ēdamzāle,Jadalnia,FAMILY_COPY_STRICT,pl+sk+sq+tr
data,sk,B1,2680,Speisesaal,ēdamzāle,Jadalnia,FAMILY_COPY_STRICT,pl+sk+sq+tr
data,sq,B1,2680,Speisesaal,ēdamzāle,Jadalnia,FAMILY_COPY_STRICT,pl+sk+sq+tr
data,tr,B1,2680,Speisesaal,ēdamzāle,Jadalnia,FAMILY_COPY_STRICT,pl+sk+sq+tr
data,hr,B1,2681,Speisewagen,restorānvagons,Вагон-ресторант,SCRIPT_MISMATCH,
data,hr,B1,2681,Speisewagen,restorānvagons,Вагон-ресторант,MARKER_LEAK,foreign_script
data,it,B1,2681,Speisewagen,restorānvagons,Restorānvagons,SAME_AS_LV_CASEFOLD,casefold_only
data,it,B1,2681,Speisewagen,restorānvagons,Restorānvagons,LV_DIACRITIC,
data,it,B1,2681,Speisewagen,restorānvagons,Restorānvagons,MARKER_LEAK,lv_macron_consonant
data,lb,B1,2681,Speisewagen,restorānvagons,Restorānvagons,SAME_AS_LV_CASEFOLD,casefold_only
data,lb,B1,2681,Speisewagen,restorānvagons,Restorānvagons,LV_DIACRITIC,
data,lb,B1,2681,Speisewagen,restorānvagons,Restorānvagons,MARKER_LEAK,lv_macron_consonant
data,nl,B1,2681,Speisewagen,restorānvagons,Restorānvagons,SAME_AS_LV_CASEFOLD,casefold_only
data,nl,B1,2681,Speisewagen,restorānvagons,Restorānvagons,LV_DIACRITIC,
data,nl,B1,2681,Speisewagen,restorānvagons,Restorānvagons,MARKER_LEAK,lv_macron_consonant
data,pt,B1,2681,Speisewagen,restorānvagons,Restorānvagons,SAME_AS_LV_CASEFOLD,casefold_only
data,pt,B1,2681,Speisewagen,restorānvagons,Restorānvagons,LV_DIACRITIC,
data,pt,B1,2681,Speisewagen,restorānvagons,Restorānvagons,MARKER_LEAK,lv_macron_consonant
data,sl,B1,2681,Speisewagen,restorānvagons,restorānvagons,SAME_AS_LV_CASEFOLD,exact
data,sl,B1,2681,Speisewagen,restorānvagons,restorānvagons,LV_DIACRITIC,
data,sl,B1,2681,Speisewagen,restorānvagons,restorānvagons,MARKER_LEAK,lv_macron_consonant
data,bg,B1,2681,Speisewagen,restorānvagons,Вагон-ресторант,FAMILY_COPY_STRICT,bg+hr+mk+sr
data,hr,B1,2681,Speisewagen,restorānvagons,Вагон-ресторант,FAMILY_COPY_STRICT,bg+hr+mk+sr
data,mk,B1,2681,Speisewagen,restorānvagons,Вагон-ресторант,FAMILY_COPY_STRICT,bg+hr+mk+sr
data,sr,B1,2681,Speisewagen,restorānvagons,Вагон-ресторант,FAMILY_COPY_STRICT,bg+hr+mk+sr
data,fi,B1,2681,Speisewagen,restorānvagons,Vagunrestoran,FAMILY_COPY_STRICT,fi+is+nb+nn+sv
data,is,B1,2681,Speisewagen,restorānvagons,Vagunrestoran,FAMILY_COPY_STRICT,fi+is+nb+nn+sv
data,nb,B1,2681,Speisewagen,restorānvagons,Vagunrestoran,FAMILY_COPY_STRICT,fi+is+nb+nn+sv
data,nn,B1,2681,Speisewagen,restorānvagons,Vagunrestoran,FAMILY_COPY_STRICT,fi+is+nb+nn+sv
data,sv,B1,2681,Speisewagen,restorānvagons,Vagunrestoran,FAMILY_COPY_STRICT,fi+is+nb+nn+sv
data,it,B1,2681,Speisewagen,restorānvagons,Restorānvagons,FAMILY_COPY_STRICT,it+lb+nl+pt
data,lb,B1,2681,Speisewagen,restorānvagons,Restorānvagons,FAMILY_COPY_STRICT,it+lb+nl+pt
data,nl,B1,2681,Speisewagen,restorānvagons,Restorānvagons,FAMILY_COPY_STRICT,it+lb+nl+pt
data,pt,B1,2681,Speisewagen,restorānvagons,Restorānvagons,FAMILY_COPY_STRICT,it+lb+nl+pt
data,pl,B1,2681,Speisewagen,restorānvagons,Wagon restauracyjny,FAMILY_COPY_STRICT,pl+sk+sq+tr
data,sk,B1,2681,Speisewagen,restorānvagons,Wagon restauracyjny,FAMILY_COPY_STRICT,pl+sk+sq+tr
data,sq,B1,2681,Speisewagen,restorānvagons,Wagon restauracyjny,FAMILY_COPY_STRICT,pl+sk+sq+tr
data,tr,B1,2681,Speisewagen,restorānvagons,Wagon restauracyjny,FAMILY_COPY_STRICT,pl+sk+sq+tr
data,hr,B1,2682,Speisezimmer,ēdamistaba,Трапезария,SCRIPT_MISMATCH,
data,hr,B1,2682,Speisezimmer,ēdamistaba,Трапезария,MARKER_LEAK,foreign_script
data,it,B1,2682,Speisezimmer,ēdamistaba,Ēdamistaba,SAME_AS_LV_CASEFOLD,casefold_only
data,it,B1,2682,Speisezimmer,ēdamistaba,Ēdamistaba,LV_DIACRITIC,
data,it,B1,2682,Speisezimmer,ēdamistaba,Ēdamistaba,MARKER_LEAK,lv_macron_consonant
data,lb,B1,2682,Speisezimmer,ēdamistaba,Ēdamistaba,SAME_AS_LV_CASEFOLD,casefold_only
data,lb,B1,2682,Speisezimmer,ēdamistaba,Ēdamistaba,LV_DIACRITIC,
data,lb,B1,2682,Speisezimmer,ēdamistaba,Ēdamistaba,MARKER_LEAK,lv_macron_consonant
data,nl,B1,2682,Speisezimmer,ēdamistaba,Ēdamistaba,SAME_AS_LV_CASEFOLD,casefold_only
data,nl,B1,2682,Speisezimmer,ēdamistaba,Ēdamistaba,LV_DIACRITIC,
data,nl,B1,2682,Speisezimmer,ēdamistaba,Ēdamistaba,MARKER_LEAK,lv_macron_consonant
data,pt,B1,2682,Speisezimmer,ēdamistaba,Ēdamistaba,SAME_AS_LV_CASEFOLD,casefold_only
data,pt,B1,2682,Speisezimmer,ēdamistaba,Ēdamistaba,LV_DIACRITIC,
data,pt,B1,2682,Speisezimmer,ēdamistaba,Ēdamistaba,MARKER_LEAK,lv_macron_consonant
data,sl,B1,2682,Speisezimmer,ēdamistaba,ēdamistaba,SAME_AS_LV_CASEFOLD,exact
data,sl,B1,2682,Speisezimmer,ēdamistaba,ēdamistaba,LV_DIACRITIC,
data,sl,B1,2682,Speisezimmer,ēdamistaba,ēdamistaba,MARKER_LEAK,lv_macron_consonant
data,bg,B1,2682,Speisezimmer,ēdamistaba,Трапезария,FAMILY_COPY_STRICT,bg+hr+mk+sr
data,hr,B1,2682,Speisezimmer,ēdamistaba,Трапезария,FAMILY_COPY_STRICT,bg+hr+mk+sr
data,mk,B1,2682,Speisezimmer,ēdamistaba,Трапезария,FAMILY_COPY_STRICT,bg+hr+mk+sr
data,sr,B1,2682,Speisezimmer,ēdamistaba,Трапезария,FAMILY_COPY_STRICT,bg+hr+mk+sr
data,fi,B1,2682,Speisezimmer,ēdamistaba,Söögituba,FAMILY_COPY_STRICT,fi+is+nb+nn+sv
data,is,B1,2682,Speisezimmer,ēdamistaba,Söögituba,FAMILY_COPY_STRICT,fi+is+nb+nn+sv
data,nb,B1,2682,Speisezimmer,ēdamistaba,Söögituba,FAMILY_COPY_STRICT,fi+is+nb+nn+sv
data,nn,B1,2682,Speisezimmer,ēdamistaba,Söögituba,FAMILY_COPY_STRICT,fi+is+nb+nn+sv
data,sv,B1,2682,Speisezimmer,ēdamistaba,Söögituba,FAMILY_COPY_STRICT,fi+is+nb+nn+sv
data,it,B1,2682,Speisezimmer,ēdamistaba,Ēdamistaba,FAMILY_COPY_STRICT,it+lb+nl+pt
data,lb,B1,2682,Speisezimmer,ēdamistaba,Ēdamistaba,FAMILY_COPY_STRICT,it+lb+nl+pt
data,nl,B1,2682,Speisezimmer,ēdamistaba,Ēdamistaba,FAMILY_COPY_STRICT,it+lb+nl+pt
data,pt,B1,2682,Speisezimmer,ēdamistaba,Ēdamistaba,FAMILY_COPY_STRICT,it+lb+nl+pt
data,pl,B1,2682,Speisezimmer,ēdamistaba,Jadalnia,FAMILY_COPY_STRICT,pl+sk+sq+tr
data,sk,B1,2682,Speisezimmer,ēdamistaba,Jadalnia,FAMILY_COPY_STRICT,pl+sk+sq+tr
data,sq,B1,2682,Speisezimmer,ēdamistaba,Jadalnia,FAMILY_COPY_STRICT,pl+sk+sq+tr
data,tr,B1,2682,Speisezimmer,ēdamistaba,Jadalnia,FAMILY_COPY_STRICT,pl+sk+sq+tr
data,hr,B1,2683,Spende,ziedojums,Дарение,SCRIPT_MISMATCH,
data,hr,B1,2683,Spende,ziedojums,Дарение,MARKER_LEAK,foreign_script
data,it,B1,2683,Spende,ziedojums,Ziedojums,SAME_AS_LV_CASEFOLD,casefold_only
data,lb,B1,2683,Spende,ziedojums,Ziedojums,SAME_AS_LV_CASEFOLD,casefold_only
data,nl,B1,2683,Spende,ziedojums,Ziedojums,SAME_AS_LV_CASEFOLD,casefold_only
data,pt,B1,2683,Spende,ziedojums,Ziedojums,SAME_AS_LV_CASEFOLD,casefold_only
data,sl,B1,2683,Spende,ziedojums,ziedojums,SAME_AS_LV_CASEFOLD,exact
data,bg,B1,2683,Spende,ziedojums,Дарение,FAMILY_COPY_STRICT,bg+hr+mk+sr
data,hr,B1,2683,Spende,ziedojums,Дарение,FAMILY_COPY_STRICT,bg+hr+mk+sr
data,mk,B1,2683,Spende,ziedojums,Дарение,FAMILY_COPY_STRICT,bg+hr+mk+sr
data,sr,B1,2683,Spende,ziedojums,Дарение,FAMILY_COPY_STRICT,bg+hr+mk+sr
data,da,B1,2683,Spende,ziedojums,Donation,FAMILY_COPY_STRICT,da+en
data,en,B1,2683,Spende,ziedojums,Donation,FAMILY_COPY_STRICT,da+en
data,fi,B1,2683,Spende,ziedojums,Annetus,FAMILY_COPY_STRICT,fi+is+nb+nn+sv
data,is,B1,2683,Spende,ziedojums,Annetus,FAMILY_COPY_STRICT,fi+is+nb+nn+sv
data,nb,B1,2683,Spende,ziedojums,Annetus,FAMILY_COPY_STRICT,fi+is+nb+nn+sv
data,nn,B1,2683,Spende,ziedojums,Annetus,FAMILY_COPY_STRICT,fi+is+nb+nn+sv
data,sv,B1,2683,Spende,ziedojums,Annetus,FAMILY_COPY_STRICT,fi+is+nb+nn+sv
data,it,B1,2683,Spende,ziedojums,Ziedojums,FAMILY_COPY_STRICT,it+lb+nl+pt
data,lb,B1,2683,Spende,ziedojums,Ziedojums,FAMILY_COPY_STRICT,it+lb+nl+pt
data,nl,B1,2683,Spende,ziedojums,Ziedojums,FAMILY_COPY_STRICT,it+lb+nl+pt
data,pt,B1,2683,Spende,ziedojums,Ziedojums,FAMILY_COPY_STRICT,it+lb+nl+pt
data,pl,B1,2683,Spende,ziedojums,Darowizna,FAMILY_COPY_STRICT,pl+sk+sq+tr
data,sk,B1,2683,Spende,ziedojums,Darowizna,FAMILY_COPY_STRICT,pl+sk+sq+tr
data,sq,B1,2683,Spende,ziedojums,Darowizna,FAMILY_COPY_STRICT,pl+sk+sq+tr
data,tr,B1,2683,Spende,ziedojums,Darowizna,FAMILY_COPY_STRICT,pl+sk+sq+tr
data,hr,B1,2684,sperren,bloķēt,Блокирайте,SCRIPT_MISMATCH,
data,hr,B1,2684,sperren,bloķēt,Блокирайте,MARKER_LEAK,foreign_script
data,it,B1,2684,sperren,bloķēt,Blo .ēēt,LV_DIACRITIC,
data,it,B1,2684,sperren,bloķēt,Blo .ēēt,MARKER_LEAK,lv_macron_consonant
data,lb,B1,2684,sperren,bloķēt,Bloķēt,SAME_AS_LV_CASEFOLD,casefold_only
data,lb,B1,2684,sperren,bloķēt,Bloķēt,LV_DIACRITIC,
data,lb,B1,2684,sperren,bloķēt,Bloķēt,MARKER_LEAK,lv_macron_consonant
data,nl,B1,2684,sperren,bloķēt,Bloķēt,SAME_AS_LV_CASEFOLD,casefold_only
data,nl,B1,2684,sperren,bloķēt,Bloķēt,LV_DIACRITIC,
data,nl,B1,2684,sperren,bloķēt,Bloķēt,MARKER_LEAK,lv_macron_consonant
data,pt,B1,2684,sperren,bloķēt,Blo .ēēt,LV_DIACRITIC,
data,pt,B1,2684,sperren,bloķēt,Blo .ēēt,MARKER_LEAK,lv_macron_consonant
data,sl,B1,2684,sperren,bloķēt,bloķēt,SAME_AS_LV_CASEFOLD,exact
data,sl,B1,2684,sperren,bloķēt,bloķēt,LV_DIACRITIC,
data,sl,B1,2684,sperren,bloķēt,bloķēt,MARKER_LEAK,lv_macron_consonant
data,bg,B1,2684,sperren,bloķēt,Блокирайте,FAMILY_COPY_STRICT,bg+hr+mk+sr
data,hr,B1,2684,sperren,bloķēt,Блокирайте,FAMILY_COPY_STRICT,bg+hr+mk+sr
data,mk,B1,2684,sperren,bloķēt,Блокирайте,FAMILY_COPY_STRICT,bg+hr+mk+sr
data,sr,B1,2684,sperren,bloķēt,Блокирайте,FAMILY_COPY_STRICT,bg+hr+mk+sr
data,fi,B1,2684,sperren,bloķēt,Blokeerima,FAMILY_COPY_STRICT,fi+is+nb+nn+sv
data,is,B1,2684,sperren,bloķēt,Blokeerima,FAMILY_COPY_STRICT,fi+is+nb+nn+sv
data,nb,B1,2684,sperren,bloķēt,Blokeerima,FAMILY_COPY_STRICT,fi+is+nb+nn+sv
data,nn,B1,2684,sperren,bloķēt,Blokeerima,FAMILY_COPY_STRICT,fi+is+nb+nn+sv
data,sv,B1,2684,sperren,bloķēt,Blokeerima,FAMILY_COPY_STRICT,fi+is+nb+nn+sv
data,it,B1,2684,sperren,bloķēt,Blo .ēēt,FAMILY_COPY_STRICT,it+pt
data,pt,B1,2684,sperren,bloķēt,Blo .ēēt,FAMILY_COPY_STRICT,it+pt
data,lb,B1,2684,sperren,bloķēt,Bloķēt,FAMILY_COPY_STRICT,lb+nl
data,nl,B1,2684,sperren,bloķēt,Bloķēt,FAMILY_COPY_STRICT,lb+nl
data,pl,B1,2684,sperren,bloķēt,Blokować,FAMILY_COPY_STRICT,pl+sk
data,sk,B1,2684,sperren,bloķēt,Blokować,FAMILY_COPY_STRICT,pl+sk
data,sq,B1,2684,sperren,bloķēt,Engellemek,FAMILY_COPY_STRICT,sq+tr
data,tr,B1,2684,sperren,bloķēt,Engellemek,FAMILY_COPY_STRICT,sq+tr
data,hr,B1,2685,Spezialist,speciālists,Специалист,SCRIPT_MISMATCH,
data,hr,B1,2685,Spezialist,speciālists,Специалист,MARKER_LEAK,foreign_script
data,it,B1,2685,Spezialist,speciālists,Speciālists,SAME_AS_LV_CASEFOLD,casefold_only
data,it,B1,2685,Spezialist,speciālists,Speciālists,LV_DIACRITIC,
data,it,B1,2685,Spezialist,speciālists,Speciālists,MARKER_LEAK,lv_macron_consonant
data,lb,B1,2685,Spezialist,speciālists,Speciālists,SAME_AS_LV_CASEFOLD,casefold_only
data,lb,B1,2685,Spezialist,speciālists,Speciālists,LV_DIACRITIC,
data,lb,B1,2685,Spezialist,speciālists,Speciālists,MARKER_LEAK,lv_macron_consonant
data,nl,B1,2685,Spezialist,speciālists,Speciālists,SAME_AS_LV_CASEFOLD,casefold_only
data,nl,B1,2685,Spezialist,speciālists,Speciālists,LV_DIACRITIC,
data,nl,B1,2685,Spezialist,speciālists,Speciālists,MARKER_LEAK,lv_macron_consonant
data,sl,B1,2685,Spezialist,speciālists,speciālists,SAME_AS_LV_CASEFOLD,exact
data,sl,B1,2685,Spezialist,speciālists,speciālists,LV_DIACRITIC,
data,sl,B1,2685,Spezialist,speciālists,speciālists,MARKER_LEAK,lv_macron_consonant
data,bg,B1,2685,Spezialist,speciālists,Специалист,FAMILY_COPY_STRICT,bg+hr+mk+ru+sr
data,hr,B1,2685,Spezialist,speciālists,Специалист,FAMILY_COPY_STRICT,bg+hr+mk+ru+sr
data,mk,B1,2685,Spezialist,speciālists,Специалист,FAMILY_COPY_STRICT,bg+hr+mk+ru+sr
data,ru,B1,2685,Spezialist,speciālists,Специалист,FAMILY_COPY_STRICT,bg+hr+mk+ru+sr
data,sr,B1,2685,Spezialist,speciālists,Специалист,FAMILY_COPY_STRICT,bg+hr+mk+ru+sr
data,fi,B1,2685,Spezialist,speciālists,Spetsialist,FAMILY_COPY_STRICT,fi+is+nb+nn+sv
data,is,B1,2685,Spezialist,speciālists,Spetsialist,FAMILY_COPY_STRICT,fi+is+nb+nn+sv
data,nb,B1,2685,Spezialist,speciālists,Spetsialist,FAMILY_COPY_STRICT,fi+is+nb+nn+sv
data,nn,B1,2685,Spezialist,speciālists,Spetsialist,FAMILY_COPY_STRICT,fi+is+nb+nn+sv
data,sv,B1,2685,Spezialist,speciālists,Spetsialist,FAMILY_COPY_STRICT,fi+is+nb+nn+sv
data,it,B1,2685,Spezialist,speciālists,Speciālists,FAMILY_COPY_STRICT,it+lb+nl
data,lb,B1,2685,Spezialist,speciālists,Speciālists,FAMILY_COPY_STRICT,it+lb+nl
data,nl,B1,2685,Spezialist,speciālists,Speciālists,FAMILY_COPY_STRICT,it+lb+nl
data,pl,B1,2685,Spezialist,speciālists,Specjalista,FAMILY_COPY_STRICT,pl+sk+sq+tr
data,sk,B1,2685,Spezialist,speciālists,Specjalista,FAMILY_COPY_STRICT,pl+sk+sq+tr
data,sq,B1,2685,Spezialist,speciālists,Specjalista,FAMILY_COPY_STRICT,pl+sk+sq+tr
data,tr,B1,2685,Spezialist,speciālists,Specjalista,FAMILY_COPY_STRICT,pl+sk+sq+tr
data,hr,B1,2686,Spielplan,teātra repertuārs,Театрален репертоар,SCRIPT_MISMATCH,
data,hr,B1,2686,Spielplan,teātra repertuārs,Театрален репертоар,MARKER_LEAK,foreign_script
data,it,B1,2686,Spielplan,teātra repertuārs,Teātra repertuārs,SAME_AS_LV_CASEFOLD,casefold_only
data,it,B1,2686,Spielplan,teātra repertuārs,Teātra repertuārs,LV_DIACRITIC,
data,it,B1,2686,Spielplan,teātra repertuārs,Teātra repertuārs,MARKER_LEAK,lv_macron_consonant
data,lb,B1,2686,Spielplan,teātra repertuārs,Teātra repertuārs,SAME_AS_LV_CASEFOLD,casefold_only
data,lb,B1,2686,Spielplan,teātra repertuārs,Teātra repertuārs,LV_DIACRITIC,
data,lb,B1,2686,Spielplan,teātra repertuārs,Teātra repertuārs,MARKER_LEAK,lv_macron_consonant
data,nl,B1,2686,Spielplan,teātra repertuārs,Teātra repertuārs,SAME_AS_LV_CASEFOLD,casefold_only
data,nl,B1,2686,Spielplan,teātra repertuārs,Teātra repertuārs,LV_DIACRITIC,
data,nl,B1,2686,Spielplan,teātra repertuārs,Teātra repertuārs,MARKER_LEAK,lv_macron_consonant
data,sl,B1,2686,Spielplan,teātra repertuārs,teātra repertuārs,SAME_AS_LV_CASEFOLD,exact
data,sl,B1,2686,Spielplan,teātra repertuārs,teātra repertuārs,LV_DIACRITIC,
data,sl,B1,2686,Spielplan,teātra repertuārs,teātra repertuārs,MARKER_LEAK,lv_macron_consonant
data,bg,B1,2686,Spielplan,teātra repertuārs,Театрален репертоар,FAMILY_COPY_STRICT,bg+hr+mk+sr
data,hr,B1,2686,Spielplan,teātra repertuārs,Театрален репертоар,FAMILY_COPY_STRICT,bg+hr+mk+sr
data,mk,B1,2686,Spielplan,teātra repertuārs,Театрален репертоар,FAMILY_COPY_STRICT,bg+hr+mk+sr
data,sr,B1,2686,Spielplan,teātra repertuārs,Театрален репертоар,FAMILY_COPY_STRICT,bg+hr+mk+sr
data,fi,B1,2686,Spielplan,teātra repertuārs,Teatrikava,FAMILY_COPY_STRICT,fi+is+nb+nn+sv
data,is,B1,2686,Spielplan,teātra repertuārs,Teatrikava,FAMILY_COPY_STRICT,fi+is+nb+nn+sv
data,nb,B1,2686,Spielplan,teātra repertuārs,Teatrikava,FAMILY_COPY_STRICT,fi+is+nb+nn+sv
data,nn,B1,2686,Spielplan,teātra repertuārs,Teatrikava,FAMILY_COPY_STRICT,fi+is+nb+nn+sv
data,sv,B1,2686,Spielplan,teātra repertuārs,Teatrikava,FAMILY_COPY_STRICT,fi+is+nb+nn+sv
data,it,B1,2686,Spielplan,teātra repertuārs,Teātra repertuārs,FAMILY_COPY_STRICT,it+lb+nl
data,lb,B1,2686,Spielplan,teātra repertuārs,Teātra repertuārs,FAMILY_COPY_STRICT,it+lb+nl
data,nl,B1,2686,Spielplan,teātra repertuārs,Teātra repertuārs,FAMILY_COPY_STRICT,it+lb+nl
data,pl,B1,2686,Spielplan,teātra repertuārs,Repertuar teatralny,FAMILY_COPY_STRICT,pl+sk+sq+tr
data,sk,B1,2686,Spielplan,teātra repertuārs,Repertuar teatralny,FAMILY_COPY_STRICT,pl+sk+sq+tr
data,sq,B1,2686,Spielplan,teātra repertuārs,Repertuar teatralny,FAMILY_COPY_STRICT,pl+sk+sq+tr
data,tr,B1,2686,Spielplan,teātra repertuārs,Repertuar teatralny,FAMILY_COPY_STRICT,pl+sk+sq+tr
data,hr,B1,2687,spinnen,vērpt,Завъртете,SCRIPT_MISMATCH,
data,hr,B1,2687,spinnen,vērpt,Завъртете,MARKER_LEAK,foreign_script
data,it,B1,2687,spinnen,vērpt,Vērpt,SAME_AS_LV_CASEFOLD,casefold_only
data,it,B1,2687,spinnen,vērpt,Vērpt,LV_DIACRITIC,
data,it,B1,2687,spinnen,vērpt,Vērpt,MARKER_LEAK,lv_macron_consonant
data,lb,B1,2687,spinnen,vērpt,Vērpt,SAME_AS_LV_CASEFOLD,casefold_only
data,lb,B1,2687,spinnen,vērpt,Vērpt,LV_DIACRITIC,
data,lb,B1,2687,spinnen,vērpt,Vērpt,MARKER_LEAK,lv_macron_consonant
data,nl,B1,2687,spinnen,vērpt,Vērpt,SAME_AS_LV_CASEFOLD,casefold_only
data,nl,B1,2687,spinnen,vērpt,Vērpt,LV_DIACRITIC,
data,nl,B1,2687,spinnen,vērpt,Vērpt,MARKER_LEAK,lv_macron_consonant
data,sk,B1,2687,spinnen,vērpt,Kręcić się,MARKER_LEAK,pl_lt_nasal
data,sl,B1,2687,spinnen,vērpt,vērpt,SAME_AS_LV_CASEFOLD,exact
data,sl,B1,2687,spinnen,vērpt,vērpt,LV_DIACRITIC,
data,sl,B1,2687,spinnen,vērpt,vērpt,MARKER_LEAK,lv_macron_consonant
data,sq,B1,2687,spinnen,vērpt,Etrafta takıl,MARKER_LEAK,tr_soft
data,bg,B1,2687,spinnen,vērpt,Завъртете,FAMILY_COPY_STRICT,bg+hr+mk+sr
data,hr,B1,2687,spinnen,vērpt,Завъртете,FAMILY_COPY_STRICT,bg+hr+mk+sr
data,mk,B1,2687,spinnen,vērpt,Завъртете,FAMILY_COPY_STRICT,bg+hr+mk+sr
data,sr,B1,2687,spinnen,vērpt,Завъртете,FAMILY_COPY_STRICT,bg+hr+mk+sr
data,da,B1,2687,spinnen,vērpt,Spin,FAMILY_COPY_STRICT,da+en+hu
data,en,B1,2687,spinnen,vērpt,Spin,FAMILY_COPY_STRICT,da+en+hu
data,hu,B1,2687,spinnen,vērpt,Spin,FAMILY_COPY_STRICT,da+en+hu
data,fi,B1,2687,spinnen,vērpt,Ketrama,FAMILY_COPY_STRICT,fi+is+nb+nn+sv
data,is,B1,2687,spinnen,vērpt,Ketrama,FAMILY_COPY_STRICT,fi+is+nb+nn+sv
data,nb,B1,2687,spinnen,vērpt,Ketrama,FAMILY_COPY_STRICT,fi+is+nb+nn+sv
data,nn,B1,2687,spinnen,vērpt,Ketrama,FAMILY_COPY_STRICT,fi+is+nb+nn+sv
data,sv,B1,2687,spinnen,vērpt,Ketrama,FAMILY_COPY_STRICT,fi+is+nb+nn+sv
data,it,B1,2687,spinnen,vērpt,Vērpt,FAMILY_COPY_STRICT,it+lb+nl
data,lb,B1,2687,spinnen,vērpt,Vērpt,FAMILY_COPY_STRICT,it+lb+nl
data,nl,B1,2687,spinnen,vērpt,Vērpt,FAMILY_COPY_STRICT,it+lb+nl
data,pl,B1,2687,spinnen,vērpt,Kręcić się,FAMILY_COPY_STRICT,pl+sk
data,sk,B1,2687,spinnen,vērpt,Kręcić się,FAMILY_COPY_STRICT,pl+sk
data,sq,B1,2687,spinnen,vērpt,Etrafta takıl,FAMILY_COPY_STRICT,sq+tr
data,tr,B1,2687,spinnen,vērpt,Etrafta takıl,FAMILY_COPY_STRICT,sq+tr
data,hr,B1,2688,spitz,smails,Заострен,SCRIPT_MISMATCH,
data,hr,B1,2688,spitz,smails,Заострен,MARKER_LEAK,foreign_script
data,it,B1,2688,spitz,smails,Smails,SAME_AS_LV_CASEFOLD,casefold_only
data,lb,B1,2688,spitz,smails,Smails,SAME_AS_LV_CASEFOLD,casefold_only
data,nl,B1,2688,spitz,smails,Smails,SAME_AS_LV_CASEFOLD,casefold_only
data,sl,B1,2688,spitz,smails,smails,SAME_AS_LV_CASEFOLD,exact
data,bg,B1,2688,spitz,smails,Заострен,FAMILY_COPY_STRICT,bg+hr+mk+sr
data,hr,B1,2688,spitz,smails,Заострен,FAMILY_COPY_STRICT,bg+hr+mk+sr
data,mk,B1,2688,spitz,smails,Заострен,FAMILY_COPY_STRICT,bg+hr+mk+sr
data,sr,B1,2688,spitz,smails,Заострен,FAMILY_COPY_STRICT,bg+hr+mk+sr
data,fi,B1,2688,spitz,smails,Terav,FAMILY_COPY_STRICT,fi+is+nb+nn+sv
data,is,B1,2688,spitz,smails,Terav,FAMILY_COPY_STRICT,fi+is+nb+nn+sv
data,nb,B1,2688,spitz,smails,Terav,FAMILY_COPY_STRICT,fi+is+nb+nn+sv
data,nn,B1,2688,spitz,smails,Terav,FAMILY_COPY_STRICT,fi+is+nb+nn+sv
data,sv,B1,2688,spitz,smails,Terav,FAMILY_COPY_STRICT,fi+is+nb+nn+sv
data,it,B1,2688,spitz,smails,Smails,FAMILY_COPY_STRICT,it+lb+nl
data,lb,B1,2688,spitz,smails,Smails,FAMILY_COPY_STRICT,it+lb+nl
data,nl,B1,2688,spitz,smails,Smails,FAMILY_COPY_STRICT,it+lb+nl
data,pl,B1,2688,spitz,smails,Spiczasty,FAMILY_COPY_STRICT,pl+sk+sq+tr
data,sk,B1,2688,spitz,smails,Spiczasty,FAMILY_COPY_STRICT,pl+sk+sq+tr
data,sq,B1,2688,spitz,smails,Spiczasty,FAMILY_COPY_STRICT,pl+sk+sq+tr
data,tr,B1,2688,spitz,smails,Spiczasty,FAMILY_COPY_STRICT,pl+sk+sq+tr
data,hr,B1,2689,Spitze,smaile,Трън,SCRIPT_MISMATCH,
data,hr,B1,2689,Spitze,smaile,Трън,MARKER_LEAK,foreign_script
data,it,B1,2689,Spitze,smaile,Smaile,SAME_AS_LV_CASEFOLD,casefold_only
data,lb,B1,2689,Spitze,smaile,Smaile,SAME_AS_LV_CASEFOLD,casefold_only
data,nl,B1,2689,Spitze,smaile,Smaile,SAME_AS_LV_CASEFOLD,casefold_only
data,pt,B1,2689,Spitze,smaile,Smaile,SAME_AS_LV_CASEFOLD,casefold_only
data,sl,B1,2689,Spitze,smaile,smaile,SAME_AS_LV_CASEFOLD,exact
data,bg,B1,2689,Spitze,smaile,Трън,FAMILY_COPY_STRICT,bg+hr+mk+sr
data,hr,B1,2689,Spitze,smaile,Трън,FAMILY_COPY_STRICT,bg+hr+mk+sr
data,mk,B1,2689,Spitze,smaile,Трън,FAMILY_COPY_STRICT,bg+hr+mk+sr
data,sr,B1,2689,Spitze,smaile,Трън,FAMILY_COPY_STRICT,bg+hr+mk+sr
data,bs,B1,2689,Spitze,smaile,Spike,FAMILY_COPY_STRICT,bs+da
data,da,B1,2689,Spitze,smaile,Spike,FAMILY_COPY_STRICT,bs+da
data,fi,B1,2689,Spitze,smaile,Tipp,FAMILY_COPY_STRICT,fi+is+nb+nn+sv
data,is,B1,2689,Spitze,smaile,Tipp,FAMILY_COPY_STRICT,fi+is+nb+nn+sv
data,nb,B1,2689,Spitze,smaile,Tipp,FAMILY_COPY_STRICT,fi+is+nb+nn+sv
data,nn,B1,2689,Spitze,smaile,Tipp,FAMILY_COPY_STRICT,fi+is+nb+nn+sv
data,sv,B1,2689,Spitze,smaile,Tipp,FAMILY_COPY_STRICT,fi+is+nb+nn+sv
data,it,B1,2689,Spitze,smaile,Smaile,FAMILY_COPY_STRICT,it+lb+nl+pt
data,lb,B1,2689,Spitze,smaile,Smaile,FAMILY_COPY_STRICT,it+lb+nl+pt
data,nl,B1,2689,Spitze,smaile,Smaile,FAMILY_COPY_STRICT,it+lb+nl+pt
data,pt,B1,2689,Spitze,smaile,Smaile,FAMILY_COPY_STRICT,it+lb+nl+pt
data,pl,B1,2689,Spitze,smaile,Kolec,FAMILY_COPY_STRICT,pl+sk+sq+tr
data,sk,B1,2689,Spitze,smaile,Kolec,FAMILY_COPY_STRICT,pl+sk+sq+tr
data,sq,B1,2689,Spitze,smaile,Kolec,FAMILY_COPY_STRICT,pl+sk+sq+tr
data,tr,B1,2689,Spitze,smaile,Kolec,FAMILY_COPY_STRICT,pl+sk+sq+tr
data,hr,B1,2690,spitzen,uzasināt,Изостряне,SCRIPT_MISMATCH,
data,hr,B1,2690,spitzen,uzasināt,Изостряне,MARKER_LEAK,foreign_script
data,it,B1,2690,spitzen,uzasināt,Uzasināt,SAME_AS_LV_CASEFOLD,casefold_only
data,it,B1,2690,spitzen,uzasināt,Uzasināt,LV_DIACRITIC,
data,it,B1,2690,spitzen,uzasināt,Uzasināt,MARKER_LEAK,lv_macron_consonant
data,lb,B1,2690,spitzen,uzasināt,Uzasināt,SAME_AS_LV_CASEFOLD,casefold_only
data,lb,B1,2690,spitzen,uzasināt,Uzasināt,LV_DIACRITIC,
data,lb,B1,2690,spitzen,uzasināt,Uzasināt,MARKER_LEAK,lv_macron_consonant
data,nl,B1,2690,spitzen,uzasināt,Uzasināt,SAME_AS_LV_CASEFOLD,casefold_only
data,nl,B1,2690,spitzen,uzasināt,Uzasināt,LV_DIACRITIC,
data,nl,B1,2690,spitzen,uzasināt,Uzasināt,MARKER_LEAK,lv_macron_consonant
data,sl,B1,2690,spitzen,uzasināt,uzasināt,SAME_AS_LV_CASEFOLD,exact
data,sl,B1,2690,spitzen,uzasināt,uzasināt,LV_DIACRITIC,
data,sl,B1,2690,spitzen,uzasināt,uzasināt,MARKER_LEAK,lv_macron_consonant
data,bg,B1,2690,spitzen,uzasināt,Изостряне,FAMILY_COPY_STRICT,bg+hr+mk+sr
data,hr,B1,2690,spitzen,uzasināt,Изостряне,FAMILY_COPY_STRICT,bg+hr+mk+sr
data,mk,B1,2690,spitzen,uzasināt,Изостряне,FAMILY_COPY_STRICT,bg+hr+mk+sr
data,sr,B1,2690,spitzen,uzasināt,Изостряне,FAMILY_COPY_STRICT,bg+hr+mk+sr
data,fi,B1,2690,spitzen,uzasināt,Teritama,FAMILY_COPY_STRICT,fi+is+nb+nn+sv
data,is,B1,2690,spitzen,uzasināt,Teritama,FAMILY_COPY_STRICT,fi+is+nb+nn+sv
data,nb,B1,2690,spitzen,uzasināt,Teritama,FAMILY_COPY_STRICT,fi+is+nb+nn+sv
data,nn,B1,2690,spitzen,uzasināt,Teritama,FAMILY_COPY_STRICT,fi+is+nb+nn+sv
data,sv,B1,2690,spitzen,uzasināt,Teritama,FAMILY_COPY_STRICT,fi+is+nb+nn+sv
data,it,B1,2690,spitzen,uzasināt,Uzasināt,FAMILY_COPY_STRICT,it+lb+nl
data,lb,B1,2690,spitzen,uzasināt,Uzasināt,FAMILY_COPY_STRICT,it+lb+nl
data,nl,B1,2690,spitzen,uzasināt,Uzasināt,FAMILY_COPY_STRICT,it+lb+nl
data,pl,B1,2690,spitzen,uzasināt,Ostrzyć,FAMILY_COPY_STRICT,pl+sk
data,sk,B1,2690,spitzen,uzasināt,Ostrzyć,FAMILY_COPY_STRICT,pl+sk
data,sq,B1,2690,spitzen,uzasināt,Keskinleştir,FAMILY_COPY_STRICT,sq+tr
data,tr,B1,2690,spitzen,uzasināt,Keskinleştir,FAMILY_COPY_STRICT,sq+tr
data,bg,B1,2691,Splitter,šķemba,Shard,SCRIPT_MISMATCH,
data,bg,B1,2691,Splitter,šķemba,Shard,MARKER_LEAK,latin_in_cyrillic
data,it,B1,2691,Splitter,šķemba,Šķemba,SAME_AS_LV_CASEFOLD,casefold_only
data,it,B1,2691,Splitter,šķemba,Šķemba,LV_DIACRITIC,
data,it,B1,2691,Splitter,šķemba,Šķemba,MARKER_LEAK,lv_macron_consonant
data,lb,B1,2691,Splitter,šķemba,Šķemba,SAME_AS_LV_CASEFOLD,casefold_only
data,lb,B1,2691,Splitter,šķemba,Šķemba,LV_DIACRITIC,
data,lb,B1,2691,Splitter,šķemba,Šķemba,MARKER_LEAK,lv_macron_consonant
data,mk,B1,2691,Splitter,šķemba,Shard,SCRIPT_MISMATCH,
data,mk,B1,2691,Splitter,šķemba,Shard,MARKER_LEAK,latin_in_cyrillic
data,nl,B1,2691,Splitter,šķemba,Šķemba,SAME_AS_LV_CASEFOLD,casefold_only
data,nl,B1,2691,Splitter,šķemba,Šķemba,LV_DIACRITIC,
data,nl,B1,2691,Splitter,šķemba,Šķemba,MARKER_LEAK,lv_macron_consonant
data,pt,B1,2691,Splitter,šķemba,Šķemba,SAME_AS_LV_CASEFOLD,casefold_only
data,pt,B1,2691,Splitter,šķemba,Šķemba,LV_DIACRITIC,
data,pt,B1,2691,Splitter,šķemba,Šķemba,MARKER_LEAK,lv_macron_consonant
data,sl,B1,2691,Splitter,šķemba,šķemba,SAME_AS_LV_CASEFOLD,exact
data,sl,B1,2691,Splitter,šķemba,šķemba,LV_DIACRITIC,
data,sl,B1,2691,Splitter,šķemba,šķemba,MARKER_LEAK,lv_macron_consonant
data,sr,B1,2691,Splitter,šķemba,Shard,SCRIPT_MISMATCH,sr_as_cyrillic
data,sr,B1,2691,Splitter,šķemba,Shard,MARKER_LEAK,latin_in_cyrillic
data,bg,B1,2691,Splitter,šķemba,Shard,FAMILY_COPY_STRICT,bg+hr+mk+sr
data,hr,B1,2691,Splitter,šķemba,Shard,FAMILY_COPY_STRICT,bg+hr+mk+sr
data,mk,B1,2691,Splitter,šķemba,Shard,FAMILY_COPY_STRICT,bg+hr+mk+sr
data,sr,B1,2691,Splitter,šķemba,Shard,FAMILY_COPY_STRICT,bg+hr+mk+sr
data,fi,B1,2691,Splitter,šķemba,Kild,FAMILY_COPY_STRICT,fi+is+nb+nn+sv
data,is,B1,2691,Splitter,šķemba,Kild,FAMILY_COPY_STRICT,fi+is+nb+nn+sv
data,nb,B1,2691,Splitter,šķemba,Kild,FAMILY_COPY_STRICT,fi+is+nb+nn+sv
data,nn,B1,2691,Splitter,šķemba,Kild,FAMILY_COPY_STRICT,fi+is+nb+nn+sv
data,sv,B1,2691,Splitter,šķemba,Kild,FAMILY_COPY_STRICT,fi+is+nb+nn+sv
data,it,B1,2691,Splitter,šķemba,Šķemba,FAMILY_COPY_STRICT,it+lb+nl+pt
data,lb,B1,2691,Splitter,šķemba,Šķemba,FAMILY_COPY_STRICT,it+lb+nl+pt
data,nl,B1,2691,Splitter,šķemba,Šķemba,FAMILY_COPY_STRICT,it+lb+nl+pt
data,pt,B1,2691,Splitter,šķemba,Šķemba,FAMILY_COPY_STRICT,it+lb+nl+pt
data,pl,B1,2691,Splitter,šķemba,Drzazga,FAMILY_COPY_STRICT,pl+sk+sq+tr
data,sk,B1,2691,Splitter,šķemba,Drzazga,FAMILY_COPY_STRICT,pl+sk+sq+tr
data,sq,B1,2691,Splitter,šķemba,Drzazga,FAMILY_COPY_STRICT,pl+sk+sq+tr
data,tr,B1,2691,Splitter,šķemba,Drzazga,FAMILY_COPY_STRICT,pl+sk+sq+tr
data,hr,B1,2692,sponsern,sponsorēt,Спонсор,SCRIPT_MISMATCH,
data,hr,B1,2692,sponsern,sponsorēt,Спонсор,MARKER_LEAK,foreign_script
data,it,B1,2692,sponsern,sponsorēt,Sponsorēt,SAME_AS_LV_CASEFOLD,casefold_only
data,it,B1,2692,sponsern,sponsorēt,Sponsorēt,LV_DIACRITIC,
data,it,B1,2692,sponsern,sponsorēt,Sponsorēt,MARKER_LEAK,lv_macron_consonant
data,lb,B1,2692,sponsern,sponsorēt,Sponsorēt,SAME_AS_LV_CASEFOLD,casefold_only
data,lb,B1,2692,sponsern,sponsorēt,Sponsorēt,LV_DIACRITIC,
data,lb,B1,2692,sponsern,sponsorēt,Sponsorēt,MARKER_LEAK,lv_macron_consonant
data,nl,B1,2692,sponsern,sponsorēt,Sponsorēt,SAME_AS_LV_CASEFOLD,casefold_only
data,nl,B1,2692,sponsern,sponsorēt,Sponsorēt,LV_DIACRITIC,
data,nl,B1,2692,sponsern,sponsorēt,Sponsorēt,MARKER_LEAK,lv_macron_consonant
data,sl,B1,2692,sponsern,sponsorēt,sponsorēt,SAME_AS_LV_CASEFOLD,exact
data,sl,B1,2692,sponsern,sponsorēt,sponsorēt,LV_DIACRITIC,
data,sl,B1,2692,sponsern,sponsorēt,sponsorēt,MARKER_LEAK,lv_macron_consonant
data,bg,B1,2692,sponsern,sponsorēt,Спонсор,FAMILY_COPY_STRICT,bg+hr+mk+sr
data,hr,B1,2692,sponsern,sponsorēt,Спонсор,FAMILY_COPY_STRICT,bg+hr+mk+sr
data,mk,B1,2692,sponsern,sponsorēt,Спонсор,FAMILY_COPY_STRICT,bg+hr+mk+sr
data,sr,B1,2692,sponsern,sponsorēt,Спонсор,FAMILY_COPY_STRICT,bg+hr+mk+sr
data,fi,B1,2692,sponsern,sponsorēt,Sponsoreerima,FAMILY_COPY_STRICT,fi+is+nb+nn+sv
data,is,B1,2692,sponsern,sponsorēt,Sponsoreerima,FAMILY_COPY_STRICT,fi+is+nb+nn+sv
data,nb,B1,2692,sponsern,sponsorēt,Sponsoreerima,FAMILY_COPY_STRICT,fi+is+nb+nn+sv
data,nn,B1,2692,sponsern,sponsorēt,Sponsoreerima,FAMILY_COPY_STRICT,fi+is+nb+nn+sv
data,sv,B1,2692,sponsern,sponsorēt,Sponsoreerima,FAMILY_COPY_STRICT,fi+is+nb+nn+sv
data,it,B1,2692,sponsern,sponsorēt,Sponsorēt,FAMILY_COPY_STRICT,it+lb+nl
data,lb,B1,2692,sponsern,sponsorēt,Sponsorēt,FAMILY_COPY_STRICT,it+lb+nl
data,nl,B1,2692,sponsern,sponsorēt,Sponsorēt,FAMILY_COPY_STRICT,it+lb+nl
data,pl,B1,2692,sponsern,sponsorēt,Sponsorować,FAMILY_COPY_STRICT,pl+sk
data,sk,B1,2692,sponsern,sponsorēt,Sponsorować,FAMILY_COPY_STRICT,pl+sk
data,sq,B1,2692,sponsern,sponsorēt,Sponsor,FAMILY_COPY_STRICT,sq+tr
data,tr,B1,2692,sponsern,sponsorēt,Sponsor,FAMILY_COPY_STRICT,sq+tr
data,hr,B1,2693,spontan,spontāns,Спонтанно,SCRIPT_MISMATCH,
data,hr,B1,2693,spontan,spontāns,Спонтанно,MARKER_LEAK,foreign_script
data,it,B1,2693,spontan,spontāns,Spontāns,SAME_AS_LV_CASEFOLD,casefold_only
data,it,B1,2693,spontan,spontāns,Spontāns,LV_DIACRITIC,
data,it,B1,2693,spontan,spontāns,Spontāns,MARKER_LEAK,lv_macron_consonant
data,lb,B1,2693,spontan,spontāns,Spontāns,SAME_AS_LV_CASEFOLD,casefold_only
data,lb,B1,2693,spontan,spontāns,Spontāns,LV_DIACRITIC,
data,lb,B1,2693,spontan,spontāns,Spontāns,MARKER_LEAK,lv_macron_consonant
data,nl,B1,2693,spontan,spontāns,Spontāns,SAME_AS_LV_CASEFOLD,casefold_only
data,nl,B1,2693,spontan,spontāns,Spontāns,LV_DIACRITIC,
data,nl,B1,2693,spontan,spontāns,Spontāns,MARKER_LEAK,lv_macron_consonant
data,sl,B1,2693,spontan,spontāns,spontāns,SAME_AS_LV_CASEFOLD,exact
data,sl,B1,2693,spontan,spontāns,spontāns,LV_DIACRITIC,
data,sl,B1,2693,spontan,spontāns,spontāns,MARKER_LEAK,lv_macron_consonant
data,bg,B1,2693,spontan,spontāns,Спонтанно,FAMILY_COPY_STRICT,bg+hr+mk+sr
data,hr,B1,2693,spontan,spontāns,Спонтанно,FAMILY_COPY_STRICT,bg+hr+mk+sr
data,mk,B1,2693,spontan,spontāns,Спонтанно,FAMILY_COPY_STRICT,bg+hr+mk+sr
data,sr,B1,2693,spontan,spontāns,Спонтанно,FAMILY_COPY_STRICT,bg+hr+mk+sr
data,fi,B1,2693,spontan,spontāns,Spontaanne,FAMILY_COPY_STRICT,fi+is+nb+nn+sv
data,is,B1,2693,spontan,spontāns,Spontaanne,FAMILY_COPY_STRICT,fi+is+nb+nn+sv
data,nb,B1,2693,spontan,spontāns,Spontaanne,FAMILY_COPY_STRICT,fi+is+nb+nn+sv
data,nn,B1,2693,spontan,spontāns,Spontaanne,FAMILY_COPY_STRICT,fi+is+nb+nn+sv
data,sv,B1,2693,spontan,spontāns,Spontaanne,FAMILY_COPY_STRICT,fi+is+nb+nn+sv
data,it,B1,2693,spontan,spontāns,Spontāns,FAMILY_COPY_STRICT,it+lb+nl
data,lb,B1,2693,spontan,spontāns,Spontāns,FAMILY_COPY_STRICT,it+lb+nl
data,nl,B1,2693,spontan,spontāns,Spontāns,FAMILY_COPY_STRICT,it+lb+nl
data,pl,B1,2693,spontan,spontāns,Spontaniczny,FAMILY_COPY_STRICT,pl+sq+tr
data,sq,B1,2693,spontan,spontāns,Spontaniczny,FAMILY_COPY_STRICT,pl+sq+tr
data,tr,B1,2693,spontan,spontāns,Spontaniczny,FAMILY_COPY_STRICT,pl+sq+tr
data,hr,B1,2694,Sportfunk,sporta raidījumi,Спортски програми,SCRIPT_MISMATCH,
data,hr,B1,2694,Sportfunk,sporta raidījumi,Спортски програми,MARKER_LEAK,foreign_script
data,it,B1,2694,Sportfunk,sporta raidījumi,Sporta raidījumi,SAME_AS_LV_CASEFOLD,casefold_only
data,it,B1,2694,Sportfunk,sporta raidījumi,Sporta raidījumi,LV_DIACRITIC,
data,it,B1,2694,Sportfunk,sporta raidījumi,Sporta raidījumi,MARKER_LEAK,lv_macron_consonant
data,lb,B1,2694,Sportfunk,sporta raidījumi,Sporta raidījumi,SAME_AS_LV_CASEFOLD,casefold_only
data,lb,B1,2694,Sportfunk,sporta raidījumi,Sporta raidījumi,LV_DIACRITIC,
data,lb,B1,2694,Sportfunk,sporta raidījumi,Sporta raidījumi,MARKER_LEAK,lv_macron_consonant
data,nl,B1,2694,Sportfunk,sporta raidījumi,Sporta raidījumi,SAME_AS_LV_CASEFOLD,casefold_only
data,nl,B1,2694,Sportfunk,sporta raidījumi,Sporta raidījumi,LV_DIACRITIC,
data,nl,B1,2694,Sportfunk,sporta raidījumi,Sporta raidījumi,MARKER_LEAK,lv_macron_consonant
data,pt,B1,2694,Sportfunk,sporta raidījumi,Esporte raidījumi,LV_DIACRITIC,
data,pt,B1,2694,Sportfunk,sporta raidījumi,Esporte raidījumi,MARKER_LEAK,lv_macron_consonant
data,sl,B1,2694,Sportfunk,sporta raidījumi,sporta raidījumi,SAME_AS_LV_CASEFOLD,exact
data,sl,B1,2694,Sportfunk,sporta raidījumi,sporta raidījumi,LV_DIACRITIC,
data,sl,B1,2694,Sportfunk,sporta raidījumi,sporta raidījumi,MARKER_LEAK,lv_macron_consonant
data,fi,B1,2694,Sportfunk,sporta raidījumi,Spordisaated,FAMILY_COPY_STRICT,fi+is+nb+nn+sv
data,is,B1,2694,Sportfunk,sporta raidījumi,Spordisaated,FAMILY_COPY_STRICT,fi+is+nb+nn+sv
data,nb,B1,2694,Sportfunk,sporta raidījumi,Spordisaated,FAMILY_COPY_STRICT,fi+is+nb+nn+sv
data,nn,B1,2694,Sportfunk,sporta raidījumi,Spordisaated,FAMILY_COPY_STRICT,fi+is+nb+nn+sv
data,sv,B1,2694,Sportfunk,sporta raidījumi,Spordisaated,FAMILY_COPY_STRICT,fi+is+nb+nn+sv
data,hr,B1,2694,Sportfunk,sporta raidījumi,Спортски програми,FAMILY_COPY_STRICT,hr+mk+sr
data,mk,B1,2694,Sportfunk,sporta raidījumi,Спортски програми,FAMILY_COPY_STRICT,hr+mk+sr
data,sr,B1,2694,Sportfunk,sporta raidījumi,Спортски програми,FAMILY_COPY_STRICT,hr+mk+sr
data,it,B1,2694,Sportfunk,sporta raidījumi,Sporta raidījumi,FAMILY_COPY_STRICT,it+lb+nl
data,lb,B1,2694,Sportfunk,sporta raidījumi,Sporta raidījumi,FAMILY_COPY_STRICT,it+lb+nl
data,nl,B1,2694,Sportfunk,sporta raidījumi,Sporta raidījumi,FAMILY_COPY_STRICT,it+lb+nl
data,pl,B1,2694,Sportfunk,sporta raidījumi,Programy sportowe,FAMILY_COPY_STRICT,pl+sk+sq+tr
data,sk,B1,2694,Sportfunk,sporta raidījumi,Programy sportowe,FAMILY_COPY_STRICT,pl+sk+sq+tr
data,sq,B1,2694,Sportfunk,sporta raidījumi,Programy sportowe,FAMILY_COPY_STRICT,pl+sk+sq+tr
data,tr,B1,2694,Sportfunk,sporta raidījumi,Programy sportowe,FAMILY_COPY_STRICT,pl+sk+sq+tr
data,hr,B1,2695,Sprachführer,sarunvārdnīca,Разговорен речник,SCRIPT_MISMATCH,
data,hr,B1,2695,Sprachführer,sarunvārdnīca,Разговорен речник,MARKER_LEAK,foreign_script
data,it,B1,2695,Sprachführer,sarunvārdnīca,Sarunvārdnīca,SAME_AS_LV_CASEFOLD,casefold_only
data,it,B1,2695,Sprachführer,sarunvārdnīca,Sarunvārdnīca,LV_DIACRITIC,
data,it,B1,2695,Sprachführer,sarunvārdnīca,Sarunvārdnīca,MARKER_LEAK,lv_macron_consonant
data,lb,B1,2695,Sprachführer,sarunvārdnīca,Sarunvārdnīca,SAME_AS_LV_CASEFOLD,casefold_only
data,lb,B1,2695,Sprachführer,sarunvārdnīca,Sarunvārdnīca,LV_DIACRITIC,
data,lb,B1,2695,Sprachführer,sarunvārdnīca,Sarunvārdnīca,MARKER_LEAK,lv_macron_consonant
data,nl,B1,2695,Sprachführer,sarunvārdnīca,Sarunvārdnīca,SAME_AS_LV_CASEFOLD,casefold_only
data,nl,B1,2695,Sprachführer,sarunvārdnīca,Sarunvārdnīca,LV_DIACRITIC,
data,nl,B1,2695,Sprachführer,sarunvārdnīca,Sarunvārdnīca,MARKER_LEAK,lv_macron_consonant
data,pt,B1,2695,Sprachführer,sarunvārdnīca,Sarunvārdnica,LV_DIACRITIC,
data,pt,B1,2695,Sprachführer,sarunvārdnīca,Sarunvārdnica,MARKER_LEAK,lv_macron_consonant
data,sl,B1,2695,Sprachführer,sarunvārdnīca,sarunvārdnīca,SAME_AS_LV_CASEFOLD,exact
data,sl,B1,2695,Sprachführer,sarunvārdnīca,sarunvārdnīca,LV_DIACRITIC,
data,sl,B1,2695,Sprachführer,sarunvārdnīca,sarunvārdnīca,MARKER_LEAK,lv_macron_consonant
data,sq,B1,2695,Sprachführer,sarunvārdnīca,Konuşma sözlüğü,MARKER_LEAK,tr_soft
data,bg,B1,2695,Sprachführer,sarunvārdnīca,Разговорен речник,FAMILY_COPY_STRICT,bg+hr+mk+sr
data,hr,B1,2695,Sprachführer,sarunvārdnīca,Разговорен речник,FAMILY_COPY_STRICT,bg+hr+mk+sr
data,mk,B1,2695,Sprachführer,sarunvārdnīca,Разговорен речник,FAMILY_COPY_STRICT,bg+hr+mk+sr
data,sr,B1,2695,Sprachführer,sarunvārdnīca,Разговорен речник,FAMILY_COPY_STRICT,bg+hr+mk+sr
data,fi,B1,2695,Sprachführer,sarunvārdnīca,Vestmik,FAMILY_COPY_STRICT,fi+is+nb+nn+sv
data,is,B1,2695,Sprachführer,sarunvārdnīca,Vestmik,FAMILY_COPY_STRICT,fi+is+nb+nn+sv
data,nb,B1,2695,Sprachführer,sarunvārdnīca,Vestmik,FAMILY_COPY_STRICT,fi+is+nb+nn+sv
data,nn,B1,2695,Sprachführer,sarunvārdnīca,Vestmik,FAMILY_COPY_STRICT,fi+is+nb+nn+sv
data,sv,B1,2695,Sprachführer,sarunvārdnīca,Vestmik,FAMILY_COPY_STRICT,fi+is+nb+nn+sv
data,it,B1,2695,Sprachführer,sarunvārdnīca,Sarunvārdnīca,FAMILY_COPY_STRICT,it+lb+nl
data,lb,B1,2695,Sprachführer,sarunvārdnīca,Sarunvārdnīca,FAMILY_COPY_STRICT,it+lb+nl
data,nl,B1,2695,Sprachführer,sarunvārdnīca,Sarunvārdnīca,FAMILY_COPY_STRICT,it+lb+nl
data,sq,B1,2695,Sprachführer,sarunvārdnīca,Konuşma sözlüğü,FAMILY_COPY_STRICT,sq+tr
data,tr,B1,2695,Sprachführer,sarunvārdnīca,Konuşma sözlüğü,FAMILY_COPY_STRICT,sq+tr
data,fi,B1,2696,Sprecher,runātājs,Kõneleja,MARKER_LEAK,et_otilde
data,hr,B1,2696,Sprecher,runātājs,Говорител,SCRIPT_MISMATCH,
data,hr,B1,2696,Sprecher,runātājs,Говорител,MARKER_LEAK,foreign_script
data,is,B1,2696,Sprecher,runātājs,Kõneleja,MARKER_LEAK,et_otilde
data,it,B1,2696,Sprecher,runātājs,Runātājs,SAME_AS_LV_CASEFOLD,casefold_only
data,it,B1,2696,Sprecher,runātājs,Runātājs,LV_DIACRITIC,
data,it,B1,2696,Sprecher,runātājs,Runātājs,MARKER_LEAK,lv_macron_consonant
data,lb,B1,2696,Sprecher,runātājs,Runātājs,SAME_AS_LV_CASEFOLD,casefold_only
data,lb,B1,2696,Sprecher,runātājs,Runātājs,LV_DIACRITIC,
data,lb,B1,2696,Sprecher,runātājs,Runātājs,MARKER_LEAK,lv_macron_consonant
data,nb,B1,2696,Sprecher,runātājs,Kõneleja,MARKER_LEAK,et_otilde
data,nl,B1,2696,Sprecher,runātājs,Runātājs,SAME_AS_LV_CASEFOLD,casefold_only
data,nl,B1,2696,Sprecher,runātājs,Runātājs,LV_DIACRITIC,
data,nl,B1,2696,Sprecher,runātājs,Runātājs,MARKER_LEAK,lv_macron_consonant
data,nn,B1,2696,Sprecher,runātājs,Kõneleja,MARKER_LEAK,et_otilde
data,pt,B1,2696,Sprecher,runātājs,Runātājs,SAME_AS_LV_CASEFOLD,casefold_only
data,pt,B1,2696,Sprecher,runātājs,Runātājs,LV_DIACRITIC,
data,pt,B1,2696,Sprecher,runātājs,Runātājs,MARKER_LEAK,lv_macron_consonant
data,sk,B1,2696,Sprecher,runātājs,Głośnik,MARKER_LEAK,pl_l_s_z
data,sl,B1,2696,Sprecher,runātājs,runātājs,SAME_AS_LV_CASEFOLD,exact
data,sl,B1,2696,Sprecher,runātājs,runātājs,LV_DIACRITIC,
data,sl,B1,2696,Sprecher,runātājs,runātājs,MARKER_LEAK,lv_macron_consonant
data,sv,B1,2696,Sprecher,runātājs,Kõneleja,MARKER_LEAK,et_otilde
data,bg,B1,2696,Sprecher,runātājs,Говорител,FAMILY_COPY_STRICT,bg+hr+mk+sr
data,hr,B1,2696,Sprecher,runātājs,Говорител,FAMILY_COPY_STRICT,bg+hr+mk+sr
data,mk,B1,2696,Sprecher,runātājs,Говорител,FAMILY_COPY_STRICT,bg+hr+mk+sr
data,sr,B1,2696,Sprecher,runātājs,Говорител,FAMILY_COPY_STRICT,bg+hr+mk+sr
data,fi,B1,2696,Sprecher,runātājs,Kõneleja,FAMILY_COPY_STRICT,fi+is+nb+nn+sv
data,is,B1,2696,Sprecher,runātājs,Kõneleja,FAMILY_COPY_STRICT,fi+is+nb+nn+sv
data,nb,B1,2696,Sprecher,runātājs,Kõneleja,FAMILY_COPY_STRICT,fi+is+nb+nn+sv
data,nn,B1,2696,Sprecher,runātājs,Kõneleja,FAMILY_COPY_STRICT,fi+is+nb+nn+sv
data,sv,B1,2696,Sprecher,runātājs,Kõneleja,FAMILY_COPY_STRICT,fi+is+nb+nn+sv
data,it,B1,2696,Sprecher,runātājs,Runātājs,FAMILY_COPY_STRICT,it+lb+nl+pt
data,lb,B1,2696,Sprecher,runātājs,Runātājs,FAMILY_COPY_STRICT,it+lb+nl+pt
data,nl,B1,2696,Sprecher,runātājs,Runātājs,FAMILY_COPY_STRICT,it+lb+nl+pt
data,pt,B1,2696,Sprecher,runātājs,Runātājs,FAMILY_COPY_STRICT,it+lb+nl+pt
data,pl,B1,2696,Sprecher,runātājs,Głośnik,FAMILY_COPY_STRICT,pl+sk
data,sk,B1,2696,Sprecher,runātājs,Głośnik,FAMILY_COPY_STRICT,pl+sk
data,sq,B1,2696,Sprecher,runātājs,Hoparlör,FAMILY_COPY_STRICT,sq+tr
data,tr,B1,2696,Sprecher,runātājs,Hoparlör,FAMILY_COPY_STRICT,sq+tr
data,fi,B1,2697,Sprechstunde,pieņemšanas laiks,Vastuvõtuaeg,MARKER_LEAK,et_otilde
data,hr,B1,2697,Sprechstunde,pieņemšanas laiks,Време за уговорка,SCRIPT_MISMATCH,
data,hr,B1,2697,Sprechstunde,pieņemšanas laiks,Време за уговорка,MARKER_LEAK,foreign_script
data,is,B1,2697,Sprechstunde,pieņemšanas laiks,Vastuvõtuaeg,MARKER_LEAK,et_otilde
data,it,B1,2697,Sprechstunde,pieņemšanas laiks,Pieņemšanas laiks,SAME_AS_LV_CASEFOLD,casefold_only
data,it,B1,2697,Sprechstunde,pieņemšanas laiks,Pieņemšanas laiks,LV_DIACRITIC,
data,it,B1,2697,Sprechstunde,pieņemšanas laiks,Pieņemšanas laiks,MARKER_LEAK,lv_macron_consonant
data,lb,B1,2697,Sprechstunde,pieņemšanas laiks,Pieņemšanas laiks,SAME_AS_LV_CASEFOLD,casefold_only
data,lb,B1,2697,Sprechstunde,pieņemšanas laiks,Pieņemšanas laiks,LV_DIACRITIC,
data,lb,B1,2697,Sprechstunde,pieņemšanas laiks,Pieņemšanas laiks,MARKER_LEAK,lv_macron_consonant
data,nb,B1,2697,Sprechstunde,pieņemšanas laiks,Vastuvõtuaeg,MARKER_LEAK,et_otilde
data,nl,B1,2697,Sprechstunde,pieņemšanas laiks,Pieņemšanas laiks,SAME_AS_LV_CASEFOLD,casefold_only
data,nl,B1,2697,Sprechstunde,pieņemšanas laiks,Pieņemšanas laiks,LV_DIACRITIC,
data,nl,B1,2697,Sprechstunde,pieņemšanas laiks,Pieņemšanas laiks,MARKER_LEAK,lv_macron_consonant
data,nn,B1,2697,Sprechstunde,pieņemšanas laiks,Vastuvõtuaeg,MARKER_LEAK,et_otilde
data,pt,B1,2697,Sprechstunde,pieņemšanas laiks,Pieņemšanas laiks,SAME_AS_LV_CASEFOLD,casefold_only
data,pt,B1,2697,Sprechstunde,pieņemšanas laiks,Pieņemšanas laiks,LV_DIACRITIC,
data,pt,B1,2697,Sprechstunde,pieņemšanas laiks,Pieņemšanas laiks,MARKER_LEAK,lv_macron_consonant
data,sl,B1,2697,Sprechstunde,pieņemšanas laiks,pieņemšanas laiks,SAME_AS_LV_CASEFOLD,exact
data,sl,B1,2697,Sprechstunde,pieņemšanas laiks,pieņemšanas laiks,LV_DIACRITIC,
data,sl,B1,2697,Sprechstunde,pieņemšanas laiks,pieņemšanas laiks,MARKER_LEAK,lv_macron_consonant
data,sv,B1,2697,Sprechstunde,pieņemšanas laiks,Vastuvõtuaeg,MARKER_LEAK,et_otilde
data,bg,B1,2697,Sprechstunde,pieņemšanas laiks,Време за уговорка,FAMILY_COPY_STRICT,bg+hr+mk+sr
data,hr,B1,2697,Sprechstunde,pieņemšanas laiks,Време за уговорка,FAMILY_COPY_STRICT,bg+hr+mk+sr
data,mk,B1,2697,Sprechstunde,pieņemšanas laiks,Време за уговорка,FAMILY_COPY_STRICT,bg+hr+mk+sr
data,sr,B1,2697,Sprechstunde,pieņemšanas laiks,Време за уговорка,FAMILY_COPY_STRICT,bg+hr+mk+sr
data,fi,B1,2697,Sprechstunde,pieņemšanas laiks,Vastuvõtuaeg,FAMILY_COPY_STRICT,fi+is+nb+nn+sv
data,is,B1,2697,Sprechstunde,pieņemšanas laiks,Vastuvõtuaeg,FAMILY_COPY_STRICT,fi+is+nb+nn+sv
data,nb,B1,2697,Sprechstunde,pieņemšanas laiks,Vastuvõtuaeg,FAMILY_COPY_STRICT,fi+is+nb+nn+sv
data,nn,B1,2697,Sprechstunde,pieņemšanas laiks,Vastuvõtuaeg,FAMILY_COPY_STRICT,fi+is+nb+nn+sv
data,sv,B1,2697,Sprechstunde,pieņemšanas laiks,Vastuvõtuaeg,FAMILY_COPY_STRICT,fi+is+nb+nn+sv
data,it,B1,2697,Sprechstunde,pieņemšanas laiks,Pieņemšanas laiks,FAMILY_COPY_STRICT,it+lb+nl+pt
data,lb,B1,2697,Sprechstunde,pieņemšanas laiks,Pieņemšanas laiks,FAMILY_COPY_STRICT,it+lb+nl+pt
data,nl,B1,2697,Sprechstunde,pieņemšanas laiks,Pieņemšanas laiks,FAMILY_COPY_STRICT,it+lb+nl+pt
data,pt,B1,2697,Sprechstunde,pieņemšanas laiks,Pieņemšanas laiks,FAMILY_COPY_STRICT,it+lb+nl+pt
data,pl,B1,2697,Sprechstunde,pieņemšanas laiks,Czas odbioru,FAMILY_COPY_STRICT,pl+sk+sq+tr
data,sk,B1,2697,Sprechstunde,pieņemšanas laiks,Czas odbioru,FAMILY_COPY_STRICT,pl+sk+sq+tr
data,sq,B1,2697,Sprechstunde,pieņemšanas laiks,Czas odbioru,FAMILY_COPY_STRICT,pl+sk+sq+tr
data,tr,B1,2697,Sprechstunde,pieņemšanas laiks,Czas odbioru,FAMILY_COPY_STRICT,pl+sk+sq+tr
data,fi,B1,2698,Sprechzimmer,pieņemamā istaba,Vastuvõturuum,MARKER_LEAK,et_otilde
data,hr,B1,2698,Sprechzimmer,pieņemamā istaba,Приемлива стая,SCRIPT_MISMATCH,
data,hr,B1,2698,Sprechzimmer,pieņemamā istaba,Приемлива стая,MARKER_LEAK,foreign_script
data,is,B1,2698,Sprechzimmer,pieņemamā istaba,Vastuvõturuum,MARKER_LEAK,et_otilde
data,it,B1,2698,Sprechzimmer,pieņemamā istaba,Pieņemamā istaba,SAME_AS_LV_CASEFOLD,casefold_only
data,it,B1,2698,Sprechzimmer,pieņemamā istaba,Pieņemamā istaba,LV_DIACRITIC,
data,it,B1,2698,Sprechzimmer,pieņemamā istaba,Pieņemamā istaba,MARKER_LEAK,lv_macron_consonant
data,lb,B1,2698,Sprechzimmer,pieņemamā istaba,Pieņemamā istaba,SAME_AS_LV_CASEFOLD,casefold_only
data,lb,B1,2698,Sprechzimmer,pieņemamā istaba,Pieņemamā istaba,LV_DIACRITIC,
data,lb,B1,2698,Sprechzimmer,pieņemamā istaba,Pieņemamā istaba,MARKER_LEAK,lv_macron_consonant
data,nb,B1,2698,Sprechzimmer,pieņemamā istaba,Vastuvõturuum,MARKER_LEAK,et_otilde
data,nl,B1,2698,Sprechzimmer,pieņemamā istaba,Pieņemamā istaba,SAME_AS_LV_CASEFOLD,casefold_only
data,nl,B1,2698,Sprechzimmer,pieņemamā istaba,Pieņemamā istaba,LV_DIACRITIC,
data,nl,B1,2698,Sprechzimmer,pieņemamā istaba,Pieņemamā istaba,MARKER_LEAK,lv_macron_consonant
data,nn,B1,2698,Sprechzimmer,pieņemamā istaba,Vastuvõturuum,MARKER_LEAK,et_otilde
data,pt,B1,2698,Sprechzimmer,pieņemamā istaba,Pieņemama wastaba,LV_DIACRITIC,
data,pt,B1,2698,Sprechzimmer,pieņemamā istaba,Pieņemama wastaba,MARKER_LEAK,lv_macron_consonant
data,sl,B1,2698,Sprechzimmer,pieņemamā istaba,pieņemamā istaba,SAME_AS_LV_CASEFOLD,exact
data,sl,B1,2698,Sprechzimmer,pieņemamā istaba,pieņemamā istaba,LV_DIACRITIC,
data,sl,B1,2698,Sprechzimmer,pieņemamā istaba,pieņemamā istaba,MARKER_LEAK,lv_macron_consonant
data,sv,B1,2698,Sprechzimmer,pieņemamā istaba,Vastuvõturuum,MARKER_LEAK,et_otilde
data,bg,B1,2698,Sprechzimmer,pieņemamā istaba,Приемлива стая,FAMILY_COPY_STRICT,bg+hr+mk+sr
data,hr,B1,2698,Sprechzimmer,pieņemamā istaba,Приемлива стая,FAMILY_COPY_STRICT,bg+hr+mk+sr
data,mk,B1,2698,Sprechzimmer,pieņemamā istaba,Приемлива стая,FAMILY_COPY_STRICT,bg+hr+mk+sr
data,sr,B1,2698,Sprechzimmer,pieņemamā istaba,Приемлива стая,FAMILY_COPY_STRICT,bg+hr+mk+sr
data,fi,B1,2698,Sprechzimmer,pieņemamā istaba,Vastuvõturuum,FAMILY_COPY_STRICT,fi+is+nb+nn+sv
data,is,B1,2698,Sprechzimmer,pieņemamā istaba,Vastuvõturuum,FAMILY_COPY_STRICT,fi+is+nb+nn+sv
data,nb,B1,2698,Sprechzimmer,pieņemamā istaba,Vastuvõturuum,FAMILY_COPY_STRICT,fi+is+nb+nn+sv
data,nn,B1,2698,Sprechzimmer,pieņemamā istaba,Vastuvõturuum,FAMILY_COPY_STRICT,fi+is+nb+nn+sv
data,sv,B1,2698,Sprechzimmer,pieņemamā istaba,Vastuvõturuum,FAMILY_COPY_STRICT,fi+is+nb+nn+sv
data,it,B1,2698,Sprechzimmer,pieņemamā istaba,Pieņemamā istaba,FAMILY_COPY_STRICT,it+lb+nl
data,lb,B1,2698,Sprechzimmer,pieņemamā istaba,Pieņemamā istaba,FAMILY_COPY_STRICT,it+lb+nl
data,nl,B1,2698,Sprechzimmer,pieņemamā istaba,Pieņemamā istaba,FAMILY_COPY_STRICT,it+lb+nl
data,pl,B1,2698,Sprechzimmer,pieņemamā istaba,Akceptowalny pokój,FAMILY_COPY_STRICT,pl+sk
data,sk,B1,2698,Sprechzimmer,pieņemamā istaba,Akceptowalny pokój,FAMILY_COPY_STRICT,pl+sk
data,sq,B1,2698,Sprechzimmer,pieņemamā istaba,Kabul edilebilir oda,FAMILY_COPY_STRICT,sq+tr
data,tr,B1,2698,Sprechzimmer,pieņemamā istaba,Kabul edilebilir oda,FAMILY_COPY_STRICT,sq+tr
data,fi,B1,2699,Sprichwort,sakāmvārds,Vanasõna,MARKER_LEAK,et_otilde
data,hr,B1,2699,Sprichwort,sakāmvārds,Поговорка,SCRIPT_MISMATCH,
data,hr,B1,2699,Sprichwort,sakāmvārds,Поговорка,MARKER_LEAK,foreign_script
data,is,B1,2699,Sprichwort,sakāmvārds,Vanasõna,MARKER_LEAK,et_otilde
data,it,B1,2699,Sprichwort,sakāmvārds,Sakāmvārds,SAME_AS_LV_CASEFOLD,casefold_only
data,it,B1,2699,Sprichwort,sakāmvārds,Sakāmvārds,LV_DIACRITIC,
data,it,B1,2699,Sprichwort,sakāmvārds,Sakāmvārds,MARKER_LEAK,lv_macron_consonant
data,lb,B1,2699,Sprichwort,sakāmvārds,Sakāmvārds,SAME_AS_LV_CASEFOLD,casefold_only
data,lb,B1,2699,Sprichwort,sakāmvārds,Sakāmvārds,LV_DIACRITIC,
data,lb,B1,2699,Sprichwort,sakāmvārds,Sakāmvārds,MARKER_LEAK,lv_macron_consonant
data,nb,B1,2699,Sprichwort,sakāmvārds,Vanasõna,MARKER_LEAK,et_otilde
data,nl,B1,2699,Sprichwort,sakāmvārds,Sakāmvārds,SAME_AS_LV_CASEFOLD,casefold_only
data,nl,B1,2699,Sprichwort,sakāmvārds,Sakāmvārds,LV_DIACRITIC,
data,nl,B1,2699,Sprichwort,sakāmvārds,Sakāmvārds,MARKER_LEAK,lv_macron_consonant
data,nn,B1,2699,Sprichwort,sakāmvārds,Vanasõna,MARKER_LEAK,et_otilde
data,pt,B1,2699,Sprichwort,sakāmvārds,Sakāmvārds,SAME_AS_LV_CASEFOLD,casefold_only
data,pt,B1,2699,Sprichwort,sakāmvārds,Sakāmvārds,LV_DIACRITIC,
data,pt,B1,2699,Sprichwort,sakāmvārds,Sakāmvārds,MARKER_LEAK,lv_macron_consonant
data,sk,B1,2699,Sprichwort,sakāmvārds,Przysłowie,MARKER_LEAK,pl_l_s_z
data,sl,B1,2699,Sprichwort,sakāmvārds,sakāmvārds,SAME_AS_LV_CASEFOLD,exact
data,sl,B1,2699,Sprichwort,sakāmvārds,sakāmvārds,LV_DIACRITIC,
data,sl,B1,2699,Sprichwort,sakāmvārds,sakāmvārds,MARKER_LEAK,lv_macron_consonant
data,sv,B1,2699,Sprichwort,sakāmvārds,Vanasõna,MARKER_LEAK,et_otilde
data,bg,B1,2699,Sprichwort,sakāmvārds,Поговорка,FAMILY_COPY_STRICT,bg+hr+mk+sr
data,hr,B1,2699,Sprichwort,sakāmvārds,Поговорка,FAMILY_COPY_STRICT,bg+hr+mk+sr
data,mk,B1,2699,Sprichwort,sakāmvārds,Поговорка,FAMILY_COPY_STRICT,bg+hr+mk+sr
data,sr,B1,2699,Sprichwort,sakāmvārds,Поговорка,FAMILY_COPY_STRICT,bg+hr+mk+sr
data,fi,B1,2699,Sprichwort,sakāmvārds,Vanasõna,FAMILY_COPY_STRICT,fi+is+nb+nn+sv
data,is,B1,2699,Sprichwort,sakāmvārds,Vanasõna,FAMILY_COPY_STRICT,fi+is+nb+nn+sv
data,nb,B1,2699,Sprichwort,sakāmvārds,Vanasõna,FAMILY_COPY_STRICT,fi+is+nb+nn+sv
data,nn,B1,2699,Sprichwort,sakāmvārds,Vanasõna,FAMILY_COPY_STRICT,fi+is+nb+nn+sv
data,sv,B1,2699,Sprichwort,sakāmvārds,Vanasõna,FAMILY_COPY_STRICT,fi+is+nb+nn+sv
data,it,B1,2699,Sprichwort,sakāmvārds,Sakāmvārds,FAMILY_COPY_STRICT,it+lb+nl+pt
data,lb,B1,2699,Sprichwort,sakāmvārds,Sakāmvārds,FAMILY_COPY_STRICT,it+lb+nl+pt
data,nl,B1,2699,Sprichwort,sakāmvārds,Sakāmvārds,FAMILY_COPY_STRICT,it+lb+nl+pt
data,pt,B1,2699,Sprichwort,sakāmvārds,Sakāmvārds,FAMILY_COPY_STRICT,it+lb+nl+pt
data,pl,B1,2699,Sprichwort,sakāmvārds,Przysłowie,FAMILY_COPY_STRICT,pl+sk
data,sk,B1,2699,Sprichwort,sakāmvārds,Przysłowie,FAMILY_COPY_STRICT,pl+sk
data,sq,B1,2699,Sprichwort,sakāmvārds,Atasözü,FAMILY_COPY_STRICT,sq+tr
data,tr,B1,2699,Sprichwort,sakāmvārds,Atasözü,FAMILY_COPY_STRICT,sq+tr
data,hr,B1,2700,sprießen,dīgt,Покълнете,SCRIPT_MISMATCH,
data,hr,B1,2700,sprießen,dīgt,Покълнете,MARKER_LEAK,foreign_script
data,it,B1,2700,sprießen,dīgt,Dīgt,SAME_AS_LV_CASEFOLD,casefold_only
data,it,B1,2700,sprießen,dīgt,Dīgt,LV_DIACRITIC,
data,it,B1,2700,sprießen,dīgt,Dīgt,MARKER_LEAK,lv_macron_consonant
data,lb,B1,2700,sprießen,dīgt,Dīgt,SAME_AS_LV_CASEFOLD,casefold_only
data,lb,B1,2700,sprießen,dīgt,Dīgt,LV_DIACRITIC,
data,lb,B1,2700,sprießen,dīgt,Dīgt,MARKER_LEAK,lv_macron_consonant
data,nl,B1,2700,sprießen,dīgt,Dīgt,SAME_AS_LV_CASEFOLD,casefold_only
data,nl,B1,2700,sprießen,dīgt,Dīgt,LV_DIACRITIC,
data,nl,B1,2700,sprießen,dīgt,Dīgt,MARKER_LEAK,lv_macron_consonant
data,sk,B1,2700,sprießen,dīgt,Wykiełkować,MARKER_LEAK,pl_l_s_z
data,sl,B1,2700,sprießen,dīgt,dīgt,SAME_AS_LV_CASEFOLD,exact
data,sl,B1,2700,sprießen,dīgt,dīgt,LV_DIACRITIC,
data,sl,B1,2700,sprießen,dīgt,dīgt,MARKER_LEAK,lv_macron_consonant
data,bg,B1,2700,sprießen,dīgt,Покълнете,FAMILY_COPY_STRICT,bg+hr+mk+sr
data,hr,B1,2700,sprießen,dīgt,Покълнете,FAMILY_COPY_STRICT,bg+hr+mk+sr
data,mk,B1,2700,sprießen,dīgt,Покълнете,FAMILY_COPY_STRICT,bg+hr+mk+sr
data,sr,B1,2700,sprießen,dīgt,Покълнете,FAMILY_COPY_STRICT,bg+hr+mk+sr
data,fi,B1,2700,sprießen,dīgt,Idanema,FAMILY_COPY_STRICT,fi+is+nb+nn+sv
data,is,B1,2700,sprießen,dīgt,Idanema,FAMILY_COPY_STRICT,fi+is+nb+nn+sv
data,nb,B1,2700,sprießen,dīgt,Idanema,FAMILY_COPY_STRICT,fi+is+nb+nn+sv
data,nn,B1,2700,sprießen,dīgt,Idanema,FAMILY_COPY_STRICT,fi+is+nb+nn+sv
data,sv,B1,2700,sprießen,dīgt,Idanema,FAMILY_COPY_STRICT,fi+is+nb+nn+sv
data,it,B1,2700,sprießen,dīgt,Dīgt,FAMILY_COPY_STRICT,it+lb+nl
data,lb,B1,2700,sprießen,dīgt,Dīgt,FAMILY_COPY_STRICT,it+lb+nl
data,nl,B1,2700,sprießen,dīgt,Dīgt,FAMILY_COPY_STRICT,it+lb+nl
data,pl,B1,2700,sprießen,dīgt,Wykiełkować,FAMILY_COPY_STRICT,pl+sk
data,sk,B1,2700,sprießen,dīgt,Wykiełkować,FAMILY_COPY_STRICT,pl+sk
data,sq,B1,2700,sprießen,dīgt,Çimlenme,FAMILY_COPY_STRICT,sq+tr
data,tr,B1,2700,sprießen,dīgt,Çimlenme,FAMILY_COPY_STRICT,sq+tr
data,hr,B1,2701,Springbrunnen,strūklaka,Фонтан,SCRIPT_MISMATCH,
data,hr,B1,2701,Springbrunnen,strūklaka,Фонтан,MARKER_LEAK,foreign_script
data,it,B1,2701,Springbrunnen,strūklaka,Strūklaka,SAME_AS_LV_CASEFOLD,casefold_only
data,it,B1,2701,Springbrunnen,strūklaka,Strūklaka,LV_DIACRITIC,
data,it,B1,2701,Springbrunnen,strūklaka,Strūklaka,MARKER_LEAK,lv_u_macron
data,lb,B1,2701,Springbrunnen,strūklaka,Strūklaka,SAME_AS_LV_CASEFOLD,casefold_only
data,lb,B1,2701,Springbrunnen,strūklaka,Strūklaka,LV_DIACRITIC,
data,lb,B1,2701,Springbrunnen,strūklaka,Strūklaka,MARKER_LEAK,lv_u_macron
data,nl,B1,2701,Springbrunnen,strūklaka,Strūklaka,SAME_AS_LV_CASEFOLD,casefold_only
data,nl,B1,2701,Springbrunnen,strūklaka,Strūklaka,LV_DIACRITIC,
data,nl,B1,2701,Springbrunnen,strūklaka,Strūklaka,MARKER_LEAK,lv_u_macron
data,sl,B1,2701,Springbrunnen,strūklaka,strūklaka,SAME_AS_LV_CASEFOLD,exact
data,sl,B1,2701,Springbrunnen,strūklaka,strūklaka,LV_DIACRITIC,
data,sl,B1,2701,Springbrunnen,strūklaka,strūklaka,MARKER_LEAK,lv_u_macron
data,bg,B1,2701,Springbrunnen,strūklaka,Фонтан,FAMILY_COPY_STRICT,bg+hr+mk+ru+sr
data,hr,B1,2701,Springbrunnen,strūklaka,Фонтан,FAMILY_COPY_STRICT,bg+hr+mk+ru+sr
data,mk,B1,2701,Springbrunnen,strūklaka,Фонтан,FAMILY_COPY_STRICT,bg+hr+mk+ru+sr
data,ru,B1,2701,Springbrunnen,strūklaka,Фонтан,FAMILY_COPY_STRICT,bg+hr+mk+ru+sr
data,sr,B1,2701,Springbrunnen,strūklaka,Фонтан,FAMILY_COPY_STRICT,bg+hr+mk+ru+sr
data,fi,B1,2701,Springbrunnen,strūklaka,Purskkaev,FAMILY_COPY_STRICT,fi+is+nb+nn+sv
data,is,B1,2701,Springbrunnen,strūklaka,Purskkaev,FAMILY_COPY_STRICT,fi+is+nb+nn+sv
data,nb,B1,2701,Springbrunnen,strūklaka,Purskkaev,FAMILY_COPY_STRICT,fi+is+nb+nn+sv
data,nn,B1,2701,Springbrunnen,strūklaka,Purskkaev,FAMILY_COPY_STRICT,fi+is+nb+nn+sv
data,sv,B1,2701,Springbrunnen,strūklaka,Purskkaev,FAMILY_COPY_STRICT,fi+is+nb+nn+sv
data,it,B1,2701,Springbrunnen,strūklaka,Strūklaka,FAMILY_COPY_STRICT,it+lb+nl
data,lb,B1,2701,Springbrunnen,strūklaka,Strūklaka,FAMILY_COPY_STRICT,it+lb+nl
data,nl,B1,2701,Springbrunnen,strūklaka,Strūklaka,FAMILY_COPY_STRICT,it+lb+nl
data,pl,B1,2701,Springbrunnen,strūklaka,Fontanna,FAMILY_COPY_STRICT,pl+sk+sq+tr
data,sk,B1,2701,Springbrunnen,strūklaka,Fontanna,FAMILY_COPY_STRICT,pl+sk+sq+tr
data,sq,B1,2701,Springbrunnen,strūklaka,Fontanna,FAMILY_COPY_STRICT,pl+sk+sq+tr
data,tr,B1,2701,Springbrunnen,strūklaka,Fontanna,FAMILY_COPY_STRICT,pl+sk+sq+tr
data,hr,B1,2702,Springer,zirdziņš,Кон,SCRIPT_MISMATCH,
data,hr,B1,2702,Springer,zirdziņš,Кон,MARKER_LEAK,foreign_script
data,it,B1,2702,Springer,zirdziņš,Zirdziņš,SAME_AS_LV_CASEFOLD,casefold_only
data,it,B1,2702,Springer,zirdziņš,Zirdziņš,LV_DIACRITIC,
data,it,B1,2702,Springer,zirdziņš,Zirdziņš,MARKER_LEAK,lv_macron_consonant
data,lb,B1,2702,Springer,zirdziņš,Zirdziņš,SAME_AS_LV_CASEFOLD,casefold_only
data,lb,B1,2702,Springer,zirdziņš,Zirdziņš,LV_DIACRITIC,
data,lb,B1,2702,Springer,zirdziņš,Zirdziņš,MARKER_LEAK,lv_macron_consonant
data,nl,B1,2702,Springer,zirdziņš,Zirdziņš,SAME_AS_LV_CASEFOLD,casefold_only
data,nl,B1,2702,Springer,zirdziņš,Zirdziņš,LV_DIACRITIC,
data,nl,B1,2702,Springer,zirdziņš,Zirdziņš,MARKER_LEAK,lv_macron_consonant
data,pt,B1,2702,Springer,zirdziņš,Zirdziņš,SAME_AS_LV_CASEFOLD,casefold_only
data,pt,B1,2702,Springer,zirdziņš,Zirdziņš,LV_DIACRITIC,
data,pt,B1,2702,Springer,zirdziņš,Zirdziņš,MARKER_LEAK,lv_macron_consonant
data,sl,B1,2702,Springer,zirdziņš,zirdziņš,SAME_AS_LV_CASEFOLD,exact
data,sl,B1,2702,Springer,zirdziņš,zirdziņš,LV_DIACRITIC,
data,sl,B1,2702,Springer,zirdziņš,zirdziņš,MARKER_LEAK,lv_macron_consonant
data,bg,B1,2702,Springer,zirdziņš,Кон,FAMILY_COPY_STRICT,bg+hr+mk+sr
data,hr,B1,2702,Springer,zirdziņš,Кон,FAMILY_COPY_STRICT,bg+hr+mk+sr
data,mk,B1,2702,Springer,zirdziņš,Кон,FAMILY_COPY_STRICT,bg+hr+mk+sr
data,sr,B1,2702,Springer,zirdziņš,Кон,FAMILY_COPY_STRICT,bg+hr+mk+sr
data,fi,B1,2702,Springer,zirdziņš,Ratsu,FAMILY_COPY_STRICT,fi+is+nb+nn+sv
data,is,B1,2702,Springer,zirdziņš,Ratsu,FAMILY_COPY_STRICT,fi+is+nb+nn+sv
data,nb,B1,2702,Springer,zirdziņš,Ratsu,FAMILY_COPY_STRICT,fi+is+nb+nn+sv
data,nn,B1,2702,Springer,zirdziņš,Ratsu,FAMILY_COPY_STRICT,fi+is+nb+nn+sv
data,sv,B1,2702,Springer,zirdziņš,Ratsu,FAMILY_COPY_STRICT,fi+is+nb+nn+sv
data,it,B1,2702,Springer,zirdziņš,Zirdziņš,FAMILY_COPY_STRICT,it+lb+nl+pt
data,lb,B1,2702,Springer,zirdziņš,Zirdziņš,FAMILY_COPY_STRICT,it+lb+nl+pt
data,nl,B1,2702,Springer,zirdziņš,Zirdziņš,FAMILY_COPY_STRICT,it+lb+nl+pt
data,pt,B1,2702,Springer,zirdziņš,Zirdziņš,FAMILY_COPY_STRICT,it+lb+nl+pt
data,hr,B1,2703,Spritze,šļirce,Спринцовка,SCRIPT_MISMATCH,
data,hr,B1,2703,Spritze,šļirce,Спринцовка,MARKER_LEAK,foreign_script
data,it,B1,2703,Spritze,šļirce,Šļirce,SAME_AS_LV_CASEFOLD,casefold_only
data,it,B1,2703,Spritze,šļirce,Šļirce,LV_DIACRITIC,
data,it,B1,2703,Spritze,šļirce,Šļirce,MARKER_LEAK,lv_macron_consonant
data,lb,B1,2703,Spritze,šļirce,Šļirce,SAME_AS_LV_CASEFOLD,casefold_only
data,lb,B1,2703,Spritze,šļirce,Šļirce,LV_DIACRITIC,
data,lb,B1,2703,Spritze,šļirce,Šļirce,MARKER_LEAK,lv_macron_consonant
data,nl,B1,2703,Spritze,šļirce,Šļirce,SAME_AS_LV_CASEFOLD,casefold_only
data,nl,B1,2703,Spritze,šļirce,Šļirce,LV_DIACRITIC,
data,nl,B1,2703,Spritze,šļirce,Šļirce,MARKER_LEAK,lv_macron_consonant
data,pt,B1,2703,Spritze,šļirce,Šļirce,SAME_AS_LV_CASEFOLD,casefold_only
data,pt,B1,2703,Spritze,šļirce,Šļirce,LV_DIACRITIC,
data,pt,B1,2703,Spritze,šļirce,Šļirce,MARKER_LEAK,lv_macron_consonant
data,sl,B1,2703,Spritze,šļirce,šļirce,SAME_AS_LV_CASEFOLD,exact
data,sl,B1,2703,Spritze,šļirce,šļirce,LV_DIACRITIC,
data,sl,B1,2703,Spritze,šļirce,šļirce,MARKER_LEAK,lv_macron_consonant
data,bg,B1,2703,Spritze,šļirce,Спринцовка,FAMILY_COPY_STRICT,bg+hr+mk+sr
data,hr,B1,2703,Spritze,šļirce,Спринцовка,FAMILY_COPY_STRICT,bg+hr+mk+sr
data,mk,B1,2703,Spritze,šļirce,Спринцовка,FAMILY_COPY_STRICT,bg+hr+mk+sr
data,sr,B1,2703,Spritze,šļirce,Спринцовка,FAMILY_COPY_STRICT,bg+hr+mk+sr
data,fi,B1,2703,Spritze,šļirce,Süstal,FAMILY_COPY_STRICT,fi+is+nb+nn+sv
data,is,B1,2703,Spritze,šļirce,Süstal,FAMILY_COPY_STRICT,fi+is+nb+nn+sv
data,nb,B1,2703,Spritze,šļirce,Süstal,FAMILY_COPY_STRICT,fi+is+nb+nn+sv
data,nn,B1,2703,Spritze,šļirce,Süstal,FAMILY_COPY_STRICT,fi+is+nb+nn+sv
data,sv,B1,2703,Spritze,šļirce,Süstal,FAMILY_COPY_STRICT,fi+is+nb+nn+sv
data,it,B1,2703,Spritze,šļirce,Šļirce,FAMILY_COPY_STRICT,it+lb+nl+pt
data,lb,B1,2703,Spritze,šļirce,Šļirce,FAMILY_COPY_STRICT,it+lb+nl+pt
data,nl,B1,2703,Spritze,šļirce,Šļirce,FAMILY_COPY_STRICT,it+lb+nl+pt
data,pt,B1,2703,Spritze,šļirce,Šļirce,FAMILY_COPY_STRICT,it+lb+nl+pt
data,pl,B1,2703,Spritze,šļirce,Strzykawka,FAMILY_COPY_STRICT,pl+sk+sq+tr
data,sk,B1,2703,Spritze,šļirce,Strzykawka,FAMILY_COPY_STRICT,pl+sk+sq+tr
data,sq,B1,2703,Spritze,šļirce,Strzykawka,FAMILY_COPY_STRICT,pl+sk+sq+tr
data,tr,B1,2703,Spritze,šļirce,Strzykawka,FAMILY_COPY_STRICT,pl+sk+sq+tr
data,hr,B1,2704,spritzen,šļakstīt,Пръскане,SCRIPT_MISMATCH,
data,hr,B1,2704,spritzen,šļakstīt,Пръскане,MARKER_LEAK,foreign_script
data,it,B1,2704,spritzen,šļakstīt,Šļakstīt,SAME_AS_LV_CASEFOLD,casefold_only
data,it,B1,2704,spritzen,šļakstīt,Šļakstīt,LV_DIACRITIC,
data,it,B1,2704,spritzen,šļakstīt,Šļakstīt,MARKER_LEAK,lv_macron_consonant
data,lb,B1,2704,spritzen,šļakstīt,Šļakstīt,SAME_AS_LV_CASEFOLD,casefold_only
data,lb,B1,2704,spritzen,šļakstīt,Šļakstīt,LV_DIACRITIC,
data,lb,B1,2704,spritzen,šļakstīt,Šļakstīt,MARKER_LEAK,lv_macron_consonant
data,nl,B1,2704,spritzen,šļakstīt,Šļakstīt,SAME_AS_LV_CASEFOLD,casefold_only
data,nl,B1,2704,spritzen,šļakstīt,Šļakstīt,LV_DIACRITIC,
data,nl,B1,2704,spritzen,šļakstīt,Šļakstīt,MARKER_LEAK,lv_macron_consonant
data,pt,B1,2704,spritzen,šļakstīt,Šļakstīt,SAME_AS_LV_CASEFOLD,casefold_only
data,pt,B1,2704,spritzen,šļakstīt,Šļakstīt,LV_DIACRITIC,
data,pt,B1,2704,spritzen,šļakstīt,Šļakstīt,MARKER_LEAK,lv_macron_consonant
data,sl,B1,2704,spritzen,šļakstīt,šļakstīt,SAME_AS_LV_CASEFOLD,exact
data,sl,B1,2704,spritzen,šļakstīt,šļakstīt,LV_DIACRITIC,
data,sl,B1,2704,spritzen,šļakstīt,šļakstīt,MARKER_LEAK,lv_macron_consonant
data,sq,B1,2704,spritzen,šļakstīt,Sıçrama,MARKER_LEAK,tr_soft
data,bg,B1,2704,spritzen,šļakstīt,Пръскане,FAMILY_COPY_STRICT,bg+hr+mk+sr
data,hr,B1,2704,spritzen,šļakstīt,Пръскане,FAMILY_COPY_STRICT,bg+hr+mk+sr
data,mk,B1,2704,spritzen,šļakstīt,Пръскане,FAMILY_COPY_STRICT,bg+hr+mk+sr
data,sr,B1,2704,spritzen,šļakstīt,Пръскане,FAMILY_COPY_STRICT,bg+hr+mk+sr
data,fi,B1,2704,spritzen,šļakstīt,Pritsima,FAMILY_COPY_STRICT,fi+is+nb+nn+sv
data,is,B1,2704,spritzen,šļakstīt,Pritsima,FAMILY_COPY_STRICT,fi+is+nb+nn+sv
data,nb,B1,2704,spritzen,šļakstīt,Pritsima,FAMILY_COPY_STRICT,fi+is+nb+nn+sv
data,nn,B1,2704,spritzen,šļakstīt,Pritsima,FAMILY_COPY_STRICT,fi+is+nb+nn+sv
data,sv,B1,2704,spritzen,šļakstīt,Pritsima,FAMILY_COPY_STRICT,fi+is+nb+nn+sv
data,it,B1,2704,spritzen,šļakstīt,Šļakstīt,FAMILY_COPY_STRICT,it+lb+nl+pt
data,lb,B1,2704,spritzen,šļakstīt,Šļakstīt,FAMILY_COPY_STRICT,it+lb+nl+pt
data,nl,B1,2704,spritzen,šļakstīt,Šļakstīt,FAMILY_COPY_STRICT,it+lb+nl+pt
data,pt,B1,2704,spritzen,šļakstīt,Šļakstīt,FAMILY_COPY_STRICT,it+lb+nl+pt
data,pl,B1,2704,spritzen,šļakstīt,Pryskać,FAMILY_COPY_STRICT,pl+sk
data,sk,B1,2704,spritzen,šļakstīt,Pryskać,FAMILY_COPY_STRICT,pl+sk
data,sq,B1,2704,spritzen,šļakstīt,Sıçrama,FAMILY_COPY_STRICT,sq+tr
data,tr,B1,2704,spritzen,šļakstīt,Sıçrama,FAMILY_COPY_STRICT,sq+tr
data,hr,B1,2705,Sprudel,minerālūdens,Минерална вода,SCRIPT_MISMATCH,
data,hr,B1,2705,Sprudel,minerālūdens,Минерална вода,MARKER_LEAK,foreign_script
data,it,B1,2705,Sprudel,minerālūdens,Minerālūdens,SAME_AS_LV_CASEFOLD,casefold_only
data,it,B1,2705,Sprudel,minerālūdens,Minerālūdens,LV_DIACRITIC,
data,it,B1,2705,Sprudel,minerālūdens,Minerālūdens,MARKER_LEAK,lv_macron_consonant+lv_u_macron
data,lb,B1,2705,Sprudel,minerālūdens,Minerālūdens,SAME_AS_LV_CASEFOLD,casefold_only
data,lb,B1,2705,Sprudel,minerālūdens,Minerālūdens,LV_DIACRITIC,
data,lb,B1,2705,Sprudel,minerālūdens,Minerālūdens,MARKER_LEAK,lv_macron_consonant+lv_u_macron
data,nl,B1,2705,Sprudel,minerālūdens,Minerālūdens,SAME_AS_LV_CASEFOLD,casefold_only
data,nl,B1,2705,Sprudel,minerālūdens,Minerālūdens,LV_DIACRITIC,
data,nl,B1,2705,Sprudel,minerālūdens,Minerālūdens,MARKER_LEAK,lv_macron_consonant+lv_u_macron
data,pt,B1,2705,Sprudel,minerālūdens,Minerālūdens,SAME_AS_LV_CASEFOLD,casefold_only
data,pt,B1,2705,Sprudel,minerālūdens,Minerālūdens,LV_DIACRITIC,
data,pt,B1,2705,Sprudel,minerālūdens,Minerālūdens,MARKER_LEAK,lv_macron_consonant+lv_u_macron
data,sl,B1,2705,Sprudel,minerālūdens,minerālūdens,SAME_AS_LV_CASEFOLD,exact
data,sl,B1,2705,Sprudel,minerālūdens,minerālūdens,LV_DIACRITIC,
data,sl,B1,2705,Sprudel,minerālūdens,minerālūdens,MARKER_LEAK,lv_macron_consonant+lv_u_macron
data,bg,B1,2705,Sprudel,minerālūdens,Минерална вода,FAMILY_COPY_STRICT,bg+hr+mk+sr
data,hr,B1,2705,Sprudel,minerālūdens,Минерална вода,FAMILY_COPY_STRICT,bg+hr+mk+sr
data,mk,B1,2705,Sprudel,minerālūdens,Минерална вода,FAMILY_COPY_STRICT,bg+hr+mk+sr
data,sr,B1,2705,Sprudel,minerālūdens,Минерална вода,FAMILY_COPY_STRICT,bg+hr+mk+sr
data,fi,B1,2705,Sprudel,minerālūdens,Mineraalvesi,FAMILY_COPY_STRICT,fi+is+nb+nn+sv
data,is,B1,2705,Sprudel,minerālūdens,Mineraalvesi,FAMILY_COPY_STRICT,fi+is+nb+nn+sv
data,nb,B1,2705,Sprudel,minerālūdens,Mineraalvesi,FAMILY_COPY_STRICT,fi+is+nb+nn+sv
data,nn,B1,2705,Sprudel,minerālūdens,Mineraalvesi,FAMILY_COPY_STRICT,fi+is+nb+nn+sv
data,sv,B1,2705,Sprudel,minerālūdens,Mineraalvesi,FAMILY_COPY_STRICT,fi+is+nb+nn+sv
data,it,B1,2705,Sprudel,minerālūdens,Minerālūdens,FAMILY_COPY_STRICT,it+lb+nl+pt
data,lb,B1,2705,Sprudel,minerālūdens,Minerālūdens,FAMILY_COPY_STRICT,it+lb+nl+pt
data,nl,B1,2705,Sprudel,minerālūdens,Minerālūdens,FAMILY_COPY_STRICT,it+lb+nl+pt
data,pt,B1,2705,Sprudel,minerālūdens,Minerālūdens,FAMILY_COPY_STRICT,it+lb+nl+pt
data,pl,B1,2705,Sprudel,minerālūdens,Woda mineralna,FAMILY_COPY_STRICT,pl+sk+sq+tr
data,sk,B1,2705,Sprudel,minerālūdens,Woda mineralna,FAMILY_COPY_STRICT,pl+sk+sq+tr
data,sq,B1,2705,Sprudel,minerālūdens,Woda mineralna,FAMILY_COPY_STRICT,pl+sk+sq+tr
data,tr,B1,2705,Sprudel,minerālūdens,Woda mineralna,FAMILY_COPY_STRICT,pl+sk+sq+tr
data,it,B1,2706,Sprung,lēciens,Lēciens,SAME_AS_LV_CASEFOLD,casefold_only
data,it,B1,2706,Sprung,lēciens,Lēciens,LV_DIACRITIC,
data,it,B1,2706,Sprung,lēciens,Lēciens,MARKER_LEAK,lv_macron_consonant
data,lb,B1,2706,Sprung,lēciens,Lēciens,SAME_AS_LV_CASEFOLD,casefold_only
data,lb,B1,2706,Sprung,lēciens,Lēciens,LV_DIACRITIC,
data,lb,B1,2706,Sprung,lēciens,Lēciens,MARKER_LEAK,lv_macron_consonant
data,nl,B1,2706,Sprung,lēciens,Lēciens,SAME_AS_LV_CASEFOLD,casefold_only
data,nl,B1,2706,Sprung,lēciens,Lēciens,LV_DIACRITIC,
data,nl,B1,2706,Sprung,lēciens,Lēciens,MARKER_LEAK,lv_macron_consonant
data,pt,B1,2706,Sprung,lēciens,Lēciens,SAME_AS_LV_CASEFOLD,casefold_only
data,pt,B1,2706,Sprung,lēciens,Lēciens,LV_DIACRITIC,
data,pt,B1,2706,Sprung,lēciens,Lēciens,MARKER_LEAK,lv_macron_consonant
data,sl,B1,2706,Sprung,lēciens,lēciens,SAME_AS_LV_CASEFOLD,exact
data,sl,B1,2706,Sprung,lēciens,lēciens,LV_DIACRITIC,
data,sl,B1,2706,Sprung,lēciens,lēciens,MARKER_LEAK,lv_macron_consonant
data,sr,B1,2706,Sprung,lēciens,Jump,SCRIPT_MISMATCH,sr_as_cyrillic
data,sr,B1,2706,Sprung,lēciens,Jump,MARKER_LEAK,latin_in_cyrillic
data,bg,B1,2706,Sprung,lēciens,Скочи,FAMILY_COPY_STRICT,bg+mk
data,mk,B1,2706,Sprung,lēciens,Скочи,FAMILY_COPY_STRICT,bg+mk
data,en,B1,2706,Sprung,lēciens,Jump,FAMILY_COPY_STRICT,en+hr+sr
data,hr,B1,2706,Sprung,lēciens,Jump,FAMILY_COPY_STRICT,en+hr+sr
data,sr,B1,2706,Sprung,lēciens,Jump,FAMILY_COPY_STRICT,en+hr+sr
data,fi,B1,2706,Sprung,lēciens,Hüpe,FAMILY_COPY_STRICT,fi+is+nb+nn+sv
data,is,B1,2706,Sprung,lēciens,Hüpe,FAMILY_COPY_STRICT,fi+is+nb+nn+sv
data,nb,B1,2706,Sprung,lēciens,Hüpe,FAMILY_COPY_STRICT,fi+is+nb+nn+sv
data,nn,B1,2706,Sprung,lēciens,Hüpe,FAMILY_COPY_STRICT,fi+is+nb+nn+sv
data,sv,B1,2706,Sprung,lēciens,Hüpe,FAMILY_COPY_STRICT,fi+is+nb+nn+sv
data,it,B1,2706,Sprung,lēciens,Lēciens,FAMILY_COPY_STRICT,it+lb+nl+pt
data,lb,B1,2706,Sprung,lēciens,Lēciens,FAMILY_COPY_STRICT,it+lb+nl+pt
data,nl,B1,2706,Sprung,lēciens,Lēciens,FAMILY_COPY_STRICT,it+lb+nl+pt
data,pt,B1,2706,Sprung,lēciens,Lēciens,FAMILY_COPY_STRICT,it+lb+nl+pt
data,hr,B1,2707,Sprungbrett,tramplīns,Отскочна даска,SCRIPT_MISMATCH,
data,hr,B1,2707,Sprungbrett,tramplīns,Отскочна даска,MARKER_LEAK,foreign_script
data,it,B1,2707,Sprungbrett,tramplīns,Tramplīns,SAME_AS_LV_CASEFOLD,casefold_only
data,it,B1,2707,Sprungbrett,tramplīns,Tramplīns,LV_DIACRITIC,
data,it,B1,2707,Sprungbrett,tramplīns,Tramplīns,MARKER_LEAK,lv_macron_consonant
data,lb,B1,2707,Sprungbrett,tramplīns,Tramplīns,SAME_AS_LV_CASEFOLD,casefold_only
data,lb,B1,2707,Sprungbrett,tramplīns,Tramplīns,LV_DIACRITIC,
data,lb,B1,2707,Sprungbrett,tramplīns,Tramplīns,MARKER_LEAK,lv_macron_consonant
data,nl,B1,2707,Sprungbrett,tramplīns,Tramplīns,SAME_AS_LV_CASEFOLD,casefold_only
data,nl,B1,2707,Sprungbrett,tramplīns,Tramplīns,LV_DIACRITIC,
data,nl,B1,2707,Sprungbrett,tramplīns,Tramplīns,MARKER_LEAK,lv_macron_consonant
data,sl,B1,2707,Sprungbrett,tramplīns,tramplīns,SAME_AS_LV_CASEFOLD,exact
data,sl,B1,2707,Sprungbrett,tramplīns,tramplīns,LV_DIACRITIC,
data,sl,B1,2707,Sprungbrett,tramplīns,tramplīns,MARKER_LEAK,lv_macron_consonant
data,bg,B1,2707,Sprungbrett,tramplīns,Трамплин,FAMILY_COPY_STRICT,bg+ru
data,ru,B1,2707,Sprungbrett,tramplīns,Трамплин,FAMILY_COPY_STRICT,bg+ru
data,fi,B1,2707,Sprungbrett,tramplīns,Hüppelaud,FAMILY_COPY_STRICT,fi+is+nb+nn+sv
data,is,B1,2707,Sprungbrett,tramplīns,Hüppelaud,FAMILY_COPY_STRICT,fi+is+nb+nn+sv
data,nb,B1,2707,Sprungbrett,tramplīns,Hüppelaud,FAMILY_COPY_STRICT,fi+is+nb+nn+sv
data,nn,B1,2707,Sprungbrett,tramplīns,Hüppelaud,FAMILY_COPY_STRICT,fi+is+nb+nn+sv
data,sv,B1,2707,Sprungbrett,tramplīns,Hüppelaud,FAMILY_COPY_STRICT,fi+is+nb+nn+sv
data,hr,B1,2707,Sprungbrett,tramplīns,Отскочна даска,FAMILY_COPY_STRICT,hr+mk+sr
data,mk,B1,2707,Sprungbrett,tramplīns,Отскочна даска,FAMILY_COPY_STRICT,hr+mk+sr
data,sr,B1,2707,Sprungbrett,tramplīns,Отскочна даска,FAMILY_COPY_STRICT,hr+mk+sr
data,it,B1,2707,Sprungbrett,tramplīns,Tramplīns,FAMILY_COPY_STRICT,it+lb+nl
data,lb,B1,2707,Sprungbrett,tramplīns,Tramplīns,FAMILY_COPY_STRICT,it+lb+nl
data,nl,B1,2707,Sprungbrett,tramplīns,Tramplīns,FAMILY_COPY_STRICT,it+lb+nl
data,pl,B1,2707,Sprungbrett,tramplīns,Trampolina,FAMILY_COPY_STRICT,pl+sk+sq+tr
data,sk,B1,2707,Sprungbrett,tramplīns,Trampolina,FAMILY_COPY_STRICT,pl+sk+sq+tr
data,sq,B1,2707,Sprungbrett,tramplīns,Trampolina,FAMILY_COPY_STRICT,pl+sk+sq+tr
data,tr,B1,2707,Sprungbrett,tramplīns,Trampolina,FAMILY_COPY_STRICT,pl+sk+sq+tr
data,it,B1,2708,Sprungfeder,atspere,Atspere,SAME_AS_LV_CASEFOLD,casefold_only
data,lb,B1,2708,Sprungfeder,atspere,Atspere,SAME_AS_LV_CASEFOLD,casefold_only
data,nl,B1,2708,Sprungfeder,atspere,Atspere,SAME_AS_LV_CASEFOLD,casefold_only
data,sl,B1,2708,Sprungfeder,atspere,atspere,SAME_AS_LV_CASEFOLD,exact
data,sr,B1,2708,Sprungfeder,atspere,Pomlad,SCRIPT_MISMATCH,sr_as_cyrillic
data,sr,B1,2708,Sprungfeder,atspere,Pomlad,MARKER_LEAK,latin_in_cyrillic
data,bg,B1,2708,Sprungfeder,atspere,Пролет,FAMILY_COPY_STRICT,bg+mk
data,mk,B1,2708,Sprungfeder,atspere,Пролет,FAMILY_COPY_STRICT,bg+mk
data,fi,B1,2708,Sprungfeder,atspere,Vedru,FAMILY_COPY_STRICT,fi+is+nb+nn+sv
data,is,B1,2708,Sprungfeder,atspere,Vedru,FAMILY_COPY_STRICT,fi+is+nb+nn+sv
data,nb,B1,2708,Sprungfeder,atspere,Vedru,FAMILY_COPY_STRICT,fi+is+nb+nn+sv
data,nn,B1,2708,Sprungfeder,atspere,Vedru,FAMILY_COPY_STRICT,fi+is+nb+nn+sv
data,sv,B1,2708,Sprungfeder,atspere,Vedru,FAMILY_COPY_STRICT,fi+is+nb+nn+sv
data,hr,B1,2708,Sprungfeder,atspere,Pomlad,FAMILY_COPY_STRICT,hr+sr
data,sr,B1,2708,Sprungfeder,atspere,Pomlad,FAMILY_COPY_STRICT,hr+sr
data,it,B1,2708,Sprungfeder,atspere,Atspere,FAMILY_COPY_STRICT,it+lb+nl
data,lb,B1,2708,Sprungfeder,atspere,Atspere,FAMILY_COPY_STRICT,it+lb+nl
data,nl,B1,2708,Sprungfeder,atspere,Atspere,FAMILY_COPY_STRICT,it+lb+nl
data,hr,B1,2709,Sprungschanze,tramplīns,Отскочна даска,SCRIPT_MISMATCH,
data,hr,B1,2709,Sprungschanze,tramplīns,Отскочна даска,MARKER_LEAK,foreign_script
data,it,B1,2709,Sprungschanze,tramplīns,Tramplīns,SAME_AS_LV_CASEFOLD,casefold_only
data,it,B1,2709,Sprungschanze,tramplīns,Tramplīns,LV_DIACRITIC,
data,it,B1,2709,Sprungschanze,tramplīns,Tramplīns,MARKER_LEAK,lv_macron_consonant
data,lb,B1,2709,Sprungschanze,tramplīns,Tramplīns,SAME_AS_LV_CASEFOLD,casefold_only
data,lb,B1,2709,Sprungschanze,tramplīns,Tramplīns,LV_DIACRITIC,
data,lb,B1,2709,Sprungschanze,tramplīns,Tramplīns,MARKER_LEAK,lv_macron_consonant
data,nl,B1,2709,Sprungschanze,tramplīns,Tramplīns,SAME_AS_LV_CASEFOLD,casefold_only
data,nl,B1,2709,Sprungschanze,tramplīns,Tramplīns,LV_DIACRITIC,
data,nl,B1,2709,Sprungschanze,tramplīns,Tramplīns,MARKER_LEAK,lv_macron_consonant
data,sl,B1,2709,Sprungschanze,tramplīns,tramplīns,SAME_AS_LV_CASEFOLD,exact
data,sl,B1,2709,Sprungschanze,tramplīns,tramplīns,LV_DIACRITIC,
data,sl,B1,2709,Sprungschanze,tramplīns,tramplīns,MARKER_LEAK,lv_macron_consonant
data,bg,B1,2709,Sprungschanze,tramplīns,Трамплин,FAMILY_COPY_STRICT,bg+ru
data,ru,B1,2709,Sprungschanze,tramplīns,Трамплин,FAMILY_COPY_STRICT,bg+ru
data,fi,B1,2709,Sprungschanze,tramplīns,Hüppelaud,FAMILY_COPY_STRICT,fi+is+nb+nn+sv
data,is,B1,2709,Sprungschanze,tramplīns,Hüppelaud,FAMILY_COPY_STRICT,fi+is+nb+nn+sv
data,nb,B1,2709,Sprungschanze,tramplīns,Hüppelaud,FAMILY_COPY_STRICT,fi+is+nb+nn+sv
data,nn,B1,2709,Sprungschanze,tramplīns,Hüppelaud,FAMILY_COPY_STRICT,fi+is+nb+nn+sv
data,sv,B1,2709,Sprungschanze,tramplīns,Hüppelaud,FAMILY_COPY_STRICT,fi+is+nb+nn+sv
data,hr,B1,2709,Sprungschanze,tramplīns,Отскочна даска,FAMILY_COPY_STRICT,hr+mk+sr
data,mk,B1,2709,Sprungschanze,tramplīns,Отскочна даска,FAMILY_COPY_STRICT,hr+mk+sr
data,sr,B1,2709,Sprungschanze,tramplīns,Отскочна даска,FAMILY_COPY_STRICT,hr+mk+sr
data,it,B1,2709,Sprungschanze,tramplīns,Tramplīns,FAMILY_COPY_STRICT,it+lb+nl
data,lb,B1,2709,Sprungschanze,tramplīns,Tramplīns,FAMILY_COPY_STRICT,it+lb+nl
data,nl,B1,2709,Sprungschanze,tramplīns,Tramplīns,FAMILY_COPY_STRICT,it+lb+nl
data,pl,B1,2709,Sprungschanze,tramplīns,Trampolina,FAMILY_COPY_STRICT,pl+sk+sq+tr
data,sk,B1,2709,Sprungschanze,tramplīns,Trampolina,FAMILY_COPY_STRICT,pl+sk+sq+tr
data,sq,B1,2709,Sprungschanze,tramplīns,Trampolina,FAMILY_COPY_STRICT,pl+sk+sq+tr
data,tr,B1,2709,Sprungschanze,tramplīns,Trampolina,FAMILY_COPY_STRICT,pl+sk+sq+tr
data,hr,B1,2710,spucken,spļaut,Плюнка,SCRIPT_MISMATCH,
data,hr,B1,2710,spucken,spļaut,Плюнка,MARKER_LEAK,foreign_script
data,it,B1,2710,spucken,spļaut,Spļaut,SAME_AS_LV_CASEFOLD,casefold_only
data,it,B1,2710,spucken,spļaut,Spļaut,LV_DIACRITIC,
data,it,B1,2710,spucken,spļaut,Spļaut,MARKER_LEAK,lv_macron_consonant
data,lb,B1,2710,spucken,spļaut,Spļaut,SAME_AS_LV_CASEFOLD,casefold_only
data,lb,B1,2710,spucken,spļaut,Spļaut,LV_DIACRITIC,
data,lb,B1,2710,spucken,spļaut,Spļaut,MARKER_LEAK,lv_macron_consonant
data,nl,B1,2710,spucken,spļaut,Spļaut,SAME_AS_LV_CASEFOLD,casefold_only
data,nl,B1,2710,spucken,spļaut,Spļaut,LV_DIACRITIC,
data,nl,B1,2710,spucken,spļaut,Spļaut,MARKER_LEAK,lv_macron_consonant
data,pt,B1,2710,spucken,spļaut,Spļaut,SAME_AS_LV_CASEFOLD,casefold_only
data,pt,B1,2710,spucken,spļaut,Spļaut,LV_DIACRITIC,
data,pt,B1,2710,spucken,spļaut,Spļaut,MARKER_LEAK,lv_macron_consonant
data,sl,B1,2710,spucken,spļaut,spļaut,SAME_AS_LV_CASEFOLD,exact
data,sl,B1,2710,spucken,spļaut,spļaut,LV_DIACRITIC,
data,sl,B1,2710,spucken,spļaut,spļaut,MARKER_LEAK,lv_macron_consonant
data,bg,B1,2710,spucken,spļaut,Плюнка,FAMILY_COPY_STRICT,bg+hr+mk+sr
data,hr,B1,2710,spucken,spļaut,Плюнка,FAMILY_COPY_STRICT,bg+hr+mk+sr
data,mk,B1,2710,spucken,spļaut,Плюнка,FAMILY_COPY_STRICT,bg+hr+mk+sr
data,sr,B1,2710,spucken,spļaut,Плюнка,FAMILY_COPY_STRICT,bg+hr+mk+sr
data,fi,B1,2710,spucken,spļaut,Sülitama,FAMILY_COPY_STRICT,fi+is+nb+nn+sv
data,is,B1,2710,spucken,spļaut,Sülitama,FAMILY_COPY_STRICT,fi+is+nb+nn+sv
data,nb,B1,2710,spucken,spļaut,Sülitama,FAMILY_COPY_STRICT,fi+is+nb+nn+sv
data,nn,B1,2710,spucken,spļaut,Sülitama,FAMILY_COPY_STRICT,fi+is+nb+nn+sv
data,sv,B1,2710,spucken,spļaut,Sülitama,FAMILY_COPY_STRICT,fi+is+nb+nn+sv
data,it,B1,2710,spucken,spļaut,Spļaut,FAMILY_COPY_STRICT,it+lb+nl+pt
data,lb,B1,2710,spucken,spļaut,Spļaut,FAMILY_COPY_STRICT,it+lb+nl+pt
data,nl,B1,2710,spucken,spļaut,Spļaut,FAMILY_COPY_STRICT,it+lb+nl+pt
data,pt,B1,2710,spucken,spļaut,Spļaut,FAMILY_COPY_STRICT,it+lb+nl+pt
data,pl,B1,2710,spucken,spļaut,Pluć,FAMILY_COPY_STRICT,pl+sk
data,sk,B1,2710,spucken,spļaut,Pluć,FAMILY_COPY_STRICT,pl+sk
data,sq,B1,2710,spucken,spļaut,Tükürmek,FAMILY_COPY_STRICT,sq+tr
data,tr,B1,2710,spucken,spļaut,Tükürmek,FAMILY_COPY_STRICT,sq+tr
data,da,B1,2711,Spule,spole,Spole,SAME_AS_LV_CASEFOLD,casefold_only
data,hr,B1,2711,Spule,spole,Намотка,SCRIPT_MISMATCH,
data,hr,B1,2711,Spule,spole,Намотка,MARKER_LEAK,foreign_script
data,it,B1,2711,Spule,spole,Spole,SAME_AS_LV_CASEFOLD,casefold_only
data,lb,B1,2711,Spule,spole,Spole,SAME_AS_LV_CASEFOLD,casefold_only
data,nl,B1,2711,Spule,spole,Spole,SAME_AS_LV_CASEFOLD,casefold_only
data,sl,B1,2711,Spule,spole,spole,SAME_AS_LV_CASEFOLD,exact
data,bg,B1,2711,Spule,spole,Намотка,FAMILY_COPY_STRICT,bg+hr+mk+sr
data,hr,B1,2711,Spule,spole,Намотка,FAMILY_COPY_STRICT,bg+hr+mk+sr
data,mk,B1,2711,Spule,spole,Намотка,FAMILY_COPY_STRICT,bg+hr+mk+sr
data,sr,B1,2711,Spule,spole,Намотка,FAMILY_COPY_STRICT,bg+hr+mk+sr
data,da,B1,2711,Spule,spole,Spole,FAMILY_COPY_STRICT,da+it+lb+nl
data,it,B1,2711,Spule,spole,Spole,FAMILY_COPY_STRICT,da+it+lb+nl
data,lb,B1,2711,Spule,spole,Spole,FAMILY_COPY_STRICT,da+it+lb+nl
data,nl,B1,2711,Spule,spole,Spole,FAMILY_COPY_STRICT,da+it+lb+nl
data,fi,B1,2711,Spule,spole,Pool,FAMILY_COPY_STRICT,fi+sv
data,sv,B1,2711,Spule,spole,Pool,FAMILY_COPY_STRICT,fi+sv
data,is,B1,2711,Spule,spole,Basseng,FAMILY_COPY_STRICT,is+nb+nn
data,nb,B1,2711,Spule,spole,Basseng,FAMILY_COPY_STRICT,is+nb+nn
data,nn,B1,2711,Spule,spole,Basseng,FAMILY_COPY_STRICT,is+nb+nn
data,pl,B1,2711,Spule,spole,Rolka,FAMILY_COPY_STRICT,pl+sk+sq+tr
data,sk,B1,2711,Spule,spole,Rolka,FAMILY_COPY_STRICT,pl+sk+sq+tr
data,sq,B1,2711,Spule,spole,Rolka,FAMILY_COPY_STRICT,pl+sk+sq+tr
data,tr,B1,2711,Spule,spole,Rolka,FAMILY_COPY_STRICT,pl+sk+sq+tr
data,hr,B1,2712,Spur,pēdas,Крака,SCRIPT_MISMATCH,
data,hr,B1,2712,Spur,pēdas,Крака,MARKER_LEAK,foreign_script
data,it,B1,2712,Spur,pēdas,Pēdas,SAME_AS_LV_CASEFOLD,casefold_only
data,it,B1,2712,Spur,pēdas,Pēdas,LV_DIACRITIC,
data,it,B1,2712,Spur,pēdas,Pēdas,MARKER_LEAK,lv_macron_consonant
data,lb,B1,2712,Spur,pēdas,Pēdas,SAME_AS_LV_CASEFOLD,casefold_only
data,lb,B1,2712,Spur,pēdas,Pēdas,LV_DIACRITIC,
data,lb,B1,2712,Spur,pēdas,Pēdas,MARKER_LEAK,lv_macron_consonant
data,nl,B1,2712,Spur,pēdas,Pēdas,SAME_AS_LV_CASEFOLD,casefold_only
data,nl,B1,2712,Spur,pēdas,Pēdas,LV_DIACRITIC,
data,nl,B1,2712,Spur,pēdas,Pēdas,MARKER_LEAK,lv_macron_consonant
data,sl,B1,2712,Spur,pēdas,pēdas,SAME_AS_LV_CASEFOLD,exact
data,sl,B1,2712,Spur,pēdas,pēdas,LV_DIACRITIC,
data,sl,B1,2712,Spur,pēdas,pēdas,MARKER_LEAK,lv_macron_consonant
data,bg,B1,2712,Spur,pēdas,Крака,FAMILY_COPY_STRICT,bg+hr+mk+sr
data,hr,B1,2712,Spur,pēdas,Крака,FAMILY_COPY_STRICT,bg+hr+mk+sr
data,mk,B1,2712,Spur,pēdas,Крака,FAMILY_COPY_STRICT,bg+hr+mk+sr
data,sr,B1,2712,Spur,pēdas,Крака,FAMILY_COPY_STRICT,bg+hr+mk+sr
data,fi,B1,2712,Spur,pēdas,Jälg,FAMILY_COPY_STRICT,fi+is+nb+nn+sv
data,is,B1,2712,Spur,pēdas,Jälg,FAMILY_COPY_STRICT,fi+is+nb+nn+sv
data,nb,B1,2712,Spur,pēdas,Jälg,FAMILY_COPY_STRICT,fi+is+nb+nn+sv
data,nn,B1,2712,Spur,pēdas,Jälg,FAMILY_COPY_STRICT,fi+is+nb+nn+sv
data,sv,B1,2712,Spur,pēdas,Jälg,FAMILY_COPY_STRICT,fi+is+nb+nn+sv
data,it,B1,2712,Spur,pēdas,Pēdas,FAMILY_COPY_STRICT,it+lb+nl
data,lb,B1,2712,Spur,pēdas,Pēdas,FAMILY_COPY_STRICT,it+lb+nl
data,nl,B1,2712,Spur,pēdas,Pēdas,FAMILY_COPY_STRICT,it+lb+nl
data,pl,B1,2712,Spur,pēdas,Stopy,FAMILY_COPY_STRICT,pl+sk+sq+tr
data,sk,B1,2712,Spur,pēdas,Stopy,FAMILY_COPY_STRICT,pl+sk+sq+tr
data,sq,B1,2712,Spur,pēdas,Stopy,FAMILY_COPY_STRICT,pl+sk+sq+tr
data,tr,B1,2712,Spur,pēdas,Stopy,FAMILY_COPY_STRICT,pl+sk+sq+tr
data,hr,B1,2713,Stab,kārts,Карта,SCRIPT_MISMATCH,
data,hr,B1,2713,Stab,kārts,Карта,MARKER_LEAK,foreign_script
data,it,B1,2713,Stab,kārts,Kārts,SAME_AS_LV_CASEFOLD,casefold_only
data,it,B1,2713,Stab,kārts,Kārts,LV_DIACRITIC,
data,it,B1,2713,Stab,kārts,Kārts,MARKER_LEAK,lv_macron_consonant
data,lb,B1,2713,Stab,kārts,Kārts,SAME_AS_LV_CASEFOLD,casefold_only
data,lb,B1,2713,Stab,kārts,Kārts,LV_DIACRITIC,
data,lb,B1,2713,Stab,kārts,Kārts,MARKER_LEAK,lv_macron_consonant
data,nl,B1,2713,Stab,kārts,Kārts,SAME_AS_LV_CASEFOLD,casefold_only
data,nl,B1,2713,Stab,kārts,Kārts,LV_DIACRITIC,
data,nl,B1,2713,Stab,kārts,Kārts,MARKER_LEAK,lv_macron_consonant
data,sl,B1,2713,Stab,kārts,kārts,SAME_AS_LV_CASEFOLD,exact
data,sl,B1,2713,Stab,kārts,kārts,LV_DIACRITIC,
data,sl,B1,2713,Stab,kārts,kārts,MARKER_LEAK,lv_macron_consonant
data,bg,B1,2713,Stab,kārts,Карта,FAMILY_COPY_STRICT,bg+hr+mk+ru+sr
data,hr,B1,2713,Stab,kārts,Карта,FAMILY_COPY_STRICT,bg+hr+mk+ru+sr
data,mk,B1,2713,Stab,kārts,Карта,FAMILY_COPY_STRICT,bg+hr+mk+ru+sr
data,ru,B1,2713,Stab,kārts,Карта,FAMILY_COPY_STRICT,bg+hr+mk+ru+sr
data,sr,B1,2713,Stab,kārts,Карта,FAMILY_COPY_STRICT,bg+hr+mk+ru+sr
data,fi,B1,2713,Stab,kārts,Latt,FAMILY_COPY_STRICT,fi+is+nb+nn+sv
data,is,B1,2713,Stab,kārts,Latt,FAMILY_COPY_STRICT,fi+is+nb+nn+sv
data,nb,B1,2713,Stab,kārts,Latt,FAMILY_COPY_STRICT,fi+is+nb+nn+sv
data,nn,B1,2713,Stab,kārts,Latt,FAMILY_COPY_STRICT,fi+is+nb+nn+sv
data,sv,B1,2713,Stab,kārts,Latt,FAMILY_COPY_STRICT,fi+is+nb+nn+sv
data,it,B1,2713,Stab,kārts,Kārts,FAMILY_COPY_STRICT,it+lb+nl
data,lb,B1,2713,Stab,kārts,Kārts,FAMILY_COPY_STRICT,it+lb+nl
data,nl,B1,2713,Stab,kārts,Kārts,FAMILY_COPY_STRICT,it+lb+nl
data,pl,B1,2713,Stab,kārts,Karta,FAMILY_COPY_STRICT,pl+sk+sq+tr
data,sk,B1,2713,Stab,kārts,Karta,FAMILY_COPY_STRICT,pl+sk+sq+tr
data,sq,B1,2713,Stab,kārts,Karta,FAMILY_COPY_STRICT,pl+sk+sq+tr
data,tr,B1,2713,Stab,kārts,Karta,FAMILY_COPY_STRICT,pl+sk+sq+tr
data,hr,B1,2714,stabil,stabils,Стабилен,SCRIPT_MISMATCH,
data,hr,B1,2714,stabil,stabils,Стабилен,MARKER_LEAK,foreign_script
data,it,B1,2714,stabil,stabils,Stabils,SAME_AS_LV_CASEFOLD,casefold_only
data,lb,B1,2714,stabil,stabils,Stabils,SAME_AS_LV_CASEFOLD,casefold_only
data,nl,B1,2714,stabil,stabils,Stabils,SAME_AS_LV_CASEFOLD,casefold_only
data,sl,B1,2714,stabil,stabils,stabils,SAME_AS_LV_CASEFOLD,exact
data,bg,B1,2714,stabil,stabils,Стабилен,FAMILY_COPY_STRICT,bg+hr+mk+sr
data,hr,B1,2714,stabil,stabils,Стабилен,FAMILY_COPY_STRICT,bg+hr+mk+sr
data,mk,B1,2714,stabil,stabils,Стабилен,FAMILY_COPY_STRICT,bg+hr+mk+sr
data,sr,B1,2714,stabil,stabils,Стабилен,FAMILY_COPY_STRICT,bg+hr+mk+sr
data,fi,B1,2714,stabil,stabils,Stabiilne,FAMILY_COPY_STRICT,fi+is+nb+nn+sv
data,is,B1,2714,stabil,stabils,Stabiilne,FAMILY_COPY_STRICT,fi+is+nb+nn+sv
data,nb,B1,2714,stabil,stabils,Stabiilne,FAMILY_COPY_STRICT,fi+is+nb+nn+sv
data,nn,B1,2714,stabil,stabils,Stabiilne,FAMILY_COPY_STRICT,fi+is+nb+nn+sv
data,sv,B1,2714,stabil,stabils,Stabiilne,FAMILY_COPY_STRICT,fi+is+nb+nn+sv
data,it,B1,2714,stabil,stabils,Stabils,FAMILY_COPY_STRICT,it+lb+nl
data,lb,B1,2714,stabil,stabils,Stabils,FAMILY_COPY_STRICT,it+lb+nl
data,nl,B1,2714,stabil,stabils,Stabils,FAMILY_COPY_STRICT,it+lb+nl
data,pl,B1,2714,stabil,stabils,Stabilny,FAMILY_COPY_STRICT,pl+sk+sq+tr
data,sk,B1,2714,stabil,stabils,Stabilny,FAMILY_COPY_STRICT,pl+sk+sq+tr
data,sq,B1,2714,stabil,stabils,Stabilny,FAMILY_COPY_STRICT,pl+sk+sq+tr
data,tr,B1,2714,stabil,stabils,Stabilny,FAMILY_COPY_STRICT,pl+sk+sq+tr
data,hr,B1,2715,Stachel,dzelonis,Жило,SCRIPT_MISMATCH,
data,hr,B1,2715,Stachel,dzelonis,Жило,MARKER_LEAK,foreign_script
data,it,B1,2715,Stachel,dzelonis,Dzelonis,SAME_AS_LV_CASEFOLD,casefold_only
data,lb,B1,2715,Stachel,dzelonis,Dzelonis,SAME_AS_LV_CASEFOLD,casefold_only
data,nl,B1,2715,Stachel,dzelonis,Dzelonis,SAME_AS_LV_CASEFOLD,casefold_only
data,pt,B1,2715,Stachel,dzelonis,Dzelonis,SAME_AS_LV_CASEFOLD,casefold_only
data,sk,B1,2715,Stachel,dzelonis,Żądło,MARKER_LEAK,pl_l_s_z+pl_lt_nasal
data,sl,B1,2715,Stachel,dzelonis,dzelonis,SAME_AS_LV_CASEFOLD,exact
data,sq,B1,2715,Stachel,dzelonis,Acı,MARKER_LEAK,tr_soft
data,bg,B1,2715,Stachel,dzelonis,Жило,FAMILY_COPY_STRICT,bg+hr+mk+sr
data,hr,B1,2715,Stachel,dzelonis,Жило,FAMILY_COPY_STRICT,bg+hr+mk+sr
data,mk,B1,2715,Stachel,dzelonis,Жило,FAMILY_COPY_STRICT,bg+hr+mk+sr
data,sr,B1,2715,Stachel,dzelonis,Жило,FAMILY_COPY_STRICT,bg+hr+mk+sr
data,fi,B1,2715,Stachel,dzelonis,Astel,FAMILY_COPY_STRICT,fi+is+nb+nn+sv
data,is,B1,2715,Stachel,dzelonis,Astel,FAMILY_COPY_STRICT,fi+is+nb+nn+sv
data,nb,B1,2715,Stachel,dzelonis,Astel,FAMILY_COPY_STRICT,fi+is+nb+nn+sv
data,nn,B1,2715,Stachel,dzelonis,Astel,FAMILY_COPY_STRICT,fi+is+nb+nn+sv
data,sv,B1,2715,Stachel,dzelonis,Astel,FAMILY_COPY_STRICT,fi+is+nb+nn+sv
data,it,B1,2715,Stachel,dzelonis,Dzelonis,FAMILY_COPY_STRICT,it+lb+nl+pt
data,lb,B1,2715,Stachel,dzelonis,Dzelonis,FAMILY_COPY_STRICT,it+lb+nl+pt
data,nl,B1,2715,Stachel,dzelonis,Dzelonis,FAMILY_COPY_STRICT,it+lb+nl+pt
data,pt,B1,2715,Stachel,dzelonis,Dzelonis,FAMILY_COPY_STRICT,it+lb+nl+pt
data,pl,B1,2715,Stachel,dzelonis,Żądło,FAMILY_COPY_STRICT,pl+sk
data,sk,B1,2715,Stachel,dzelonis,Żądło,FAMILY_COPY_STRICT,pl+sk
data,hr,B1,2716,Stachelbeere,ērkšķoga,Цариградско грозде,SCRIPT_MISMATCH,
data,hr,B1,2716,Stachelbeere,ērkšķoga,Цариградско грозде,MARKER_LEAK,foreign_script
data,it,B1,2716,Stachelbeere,ērkšķoga,Ērkšķoga,SAME_AS_LV_CASEFOLD,casefold_only
data,it,B1,2716,Stachelbeere,ērkšķoga,Ērkšķoga,LV_DIACRITIC,
data,it,B1,2716,Stachelbeere,ērkšķoga,Ērkšķoga,MARKER_LEAK,lv_macron_consonant
data,lb,B1,2716,Stachelbeere,ērkšķoga,Ērkšķoga,SAME_AS_LV_CASEFOLD,casefold_only
data,lb,B1,2716,Stachelbeere,ērkšķoga,Ērkšķoga,LV_DIACRITIC,
data,lb,B1,2716,Stachelbeere,ērkšķoga,Ērkšķoga,MARKER_LEAK,lv_macron_consonant
data,nl,B1,2716,Stachelbeere,ērkšķoga,Ērkšķoga,SAME_AS_LV_CASEFOLD,casefold_only
data,nl,B1,2716,Stachelbeere,ērkšķoga,Ērkšķoga,LV_DIACRITIC,
data,nl,B1,2716,Stachelbeere,ērkšķoga,Ērkšķoga,MARKER_LEAK,lv_macron_consonant
data,pt,B1,2716,Stachelbeere,ērkšķoga,Ērkšķoga,SAME_AS_LV_CASEFOLD,casefold_only
data,pt,B1,2716,Stachelbeere,ērkšķoga,Ērkšķoga,LV_DIACRITIC,
data,pt,B1,2716,Stachelbeere,ērkšķoga,Ērkšķoga,MARKER_LEAK,lv_macron_consonant
data,sl,B1,2716,Stachelbeere,ērkšķoga,ērkšķoga,SAME_AS_LV_CASEFOLD,exact
data,sl,B1,2716,Stachelbeere,ērkšķoga,ērkšķoga,LV_DIACRITIC,
data,sl,B1,2716,Stachelbeere,ērkšķoga,ērkšķoga,MARKER_LEAK,lv_macron_consonant
data,bg,B1,2716,Stachelbeere,ērkšķoga,Цариградско грозде,FAMILY_COPY_STRICT,bg+hr+mk+sr
data,hr,B1,2716,Stachelbeere,ērkšķoga,Цариградско грозде,FAMILY_COPY_STRICT,bg+hr+mk+sr
data,mk,B1,2716,Stachelbeere,ērkšķoga,Цариградско грозде,FAMILY_COPY_STRICT,bg+hr+mk+sr
data,sr,B1,2716,Stachelbeere,ērkšķoga,Цариградско грозде,FAMILY_COPY_STRICT,bg+hr+mk+sr
data,fi,B1,2716,Stachelbeere,ērkšķoga,Karusmari,FAMILY_COPY_STRICT,fi+is+nb+nn+sv
data,is,B1,2716,Stachelbeere,ērkšķoga,Karusmari,FAMILY_COPY_STRICT,fi+is+nb+nn+sv
data,nb,B1,2716,Stachelbeere,ērkšķoga,Karusmari,FAMILY_COPY_STRICT,fi+is+nb+nn+sv
data,nn,B1,2716,Stachelbeere,ērkšķoga,Karusmari,FAMILY_COPY_STRICT,fi+is+nb+nn+sv
data,sv,B1,2716,Stachelbeere,ērkšķoga,Karusmari,FAMILY_COPY_STRICT,fi+is+nb+nn+sv
data,it,B1,2716,Stachelbeere,ērkšķoga,Ērkšķoga,FAMILY_COPY_STRICT,it+lb+nl+pt
data,lb,B1,2716,Stachelbeere,ērkšķoga,Ērkšķoga,FAMILY_COPY_STRICT,it+lb+nl+pt
data,nl,B1,2716,Stachelbeere,ērkšķoga,Ērkšķoga,FAMILY_COPY_STRICT,it+lb+nl+pt
data,pt,B1,2716,Stachelbeere,ērkšķoga,Ērkšķoga,FAMILY_COPY_STRICT,it+lb+nl+pt
data,pl,B1,2716,Stachelbeere,ērkšķoga,Agrest,FAMILY_COPY_STRICT,pl+sk+sq+tr
data,sk,B1,2716,Stachelbeere,ērkšķoga,Agrest,FAMILY_COPY_STRICT,pl+sk+sq+tr
data,sq,B1,2716,Stachelbeere,ērkšķoga,Agrest,FAMILY_COPY_STRICT,pl+sk+sq+tr
data,tr,B1,2716,Stachelbeere,ērkšķoga,Agrest,FAMILY_COPY_STRICT,pl+sk+sq+tr
data,hr,B1,2717,Stadtbahn,elektriskais dzelzceļš pilsētas robežās,Електрическа железница в рамките на града,SCRIPT_MISMATCH,
data,hr,B1,2717,Stadtbahn,elektriskais dzelzceļš pilsētas robežās,Електрическа железница в рамките на града,MARKER_LEAK,foreign_script
data,sl,B1,2717,Stadtbahn,elektriskais dzelzceļš pilsētas robežās,elektriskais dzelzceļš pilsētas robežās,SAME_AS_LV_CASEFOLD,exact
data,sl,B1,2717,Stadtbahn,elektriskais dzelzceļš pilsētas robežās,elektriskais dzelzceļš pilsētas robežās,LV_DIACRITIC,
data,sl,B1,2717,Stadtbahn,elektriskais dzelzceļš pilsētas robežās,elektriskais dzelzceļš pilsētas robežās,MARKER_LEAK,lv_macron_consonant
data,bg,B1,2717,Stadtbahn,elektriskais dzelzceļš pilsētas robežās,Електрическа железница в рамките на града,FAMILY_COPY_STRICT,bg+hr+mk+sr
data,hr,B1,2717,Stadtbahn,elektriskais dzelzceļš pilsētas robežās,Електрическа железница в рамките на града,FAMILY_COPY_STRICT,bg+hr+mk+sr
data,mk,B1,2717,Stadtbahn,elektriskais dzelzceļš pilsētas robežās,Електрическа железница в рамките на града,FAMILY_COPY_STRICT,bg+hr+mk+sr
data,sr,B1,2717,Stadtbahn,elektriskais dzelzceļš pilsētas robežās,Електрическа железница в рамките на града,FAMILY_COPY_STRICT,bg+hr+mk+sr
data,fi,B1,2717,Stadtbahn,elektriskais dzelzceļš pilsētas robežās,Linnalähirong,FAMILY_COPY_STRICT,fi+is+nb+nn+sv
data,is,B1,2717,Stadtbahn,elektriskais dzelzceļš pilsētas robežās,Linnalähirong,FAMILY_COPY_STRICT,fi+is+nb+nn+sv
data,nb,B1,2717,Stadtbahn,elektriskais dzelzceļš pilsētas robežās,Linnalähirong,FAMILY_COPY_STRICT,fi+is+nb+nn+sv
data,nn,B1,2717,Stadtbahn,elektriskais dzelzceļš pilsētas robežās,Linnalähirong,FAMILY_COPY_STRICT,fi+is+nb+nn+sv
data,sv,B1,2717,Stadtbahn,elektriskais dzelzceļš pilsētas robežās,Linnalähirong,FAMILY_COPY_STRICT,fi+is+nb+nn+sv
data,it,B1,2717,Stadtbahn,elektriskais dzelzceļš pilsētas robežās,Elektrische spoorlijn binnen de stadsgrenzen,FAMILY_COPY_STRICT,it+lb+nl+pt
data,lb,B1,2717,Stadtbahn,elektriskais dzelzceļš pilsētas robežās,Elektrische spoorlijn binnen de stadsgrenzen,FAMILY_COPY_STRICT,it+lb+nl+pt
data,nl,B1,2717,Stadtbahn,elektriskais dzelzceļš pilsētas robežās,Elektrische spoorlijn binnen de stadsgrenzen,FAMILY_COPY_STRICT,it+lb+nl+pt
data,pt,B1,2717,Stadtbahn,elektriskais dzelzceļš pilsētas robežās,Elektrische spoorlijn binnen de stadsgrenzen,FAMILY_COPY_STRICT,it+lb+nl+pt
data,pl,B1,2717,Stadtbahn,elektriskais dzelzceļš pilsētas robežās,Kolej elektryczna w granicach miasta,FAMILY_COPY_STRICT,pl+sk+sq+tr
data,sk,B1,2717,Stadtbahn,elektriskais dzelzceļš pilsētas robežās,Kolej elektryczna w granicach miasta,FAMILY_COPY_STRICT,pl+sk+sq+tr
data,sq,B1,2717,Stadtbahn,elektriskais dzelzceļš pilsētas robežās,Kolej elektryczna w granicach miasta,FAMILY_COPY_STRICT,pl+sk+sq+tr
data,tr,B1,2717,Stadtbahn,elektriskais dzelzceļš pilsētas robežās,Kolej elektryczna w granicach miasta,FAMILY_COPY_STRICT,pl+sk+sq+tr
data,hr,B1,2718,Städter,pilsētnieks,Жител на града,SCRIPT_MISMATCH,
data,hr,B1,2718,Städter,pilsētnieks,Жител на града,MARKER_LEAK,foreign_script
data,it,B1,2718,Städter,pilsētnieks,Pilsētnieks,SAME_AS_LV_CASEFOLD,casefold_only
data,it,B1,2718,Städter,pilsētnieks,Pilsētnieks,LV_DIACRITIC,
data,it,B1,2718,Städter,pilsētnieks,Pilsētnieks,MARKER_LEAK,lv_macron_consonant
data,lb,B1,2718,Städter,pilsētnieks,Pilsētnieks,SAME_AS_LV_CASEFOLD,casefold_only
data,lb,B1,2718,Städter,pilsētnieks,Pilsētnieks,LV_DIACRITIC,
data,lb,B1,2718,Städter,pilsētnieks,Pilsētnieks,MARKER_LEAK,lv_macron_consonant
data,nl,B1,2718,Städter,pilsētnieks,Pilsētnieks,SAME_AS_LV_CASEFOLD,casefold_only
data,nl,B1,2718,Städter,pilsētnieks,Pilsētnieks,LV_DIACRITIC,
data,nl,B1,2718,Städter,pilsētnieks,Pilsētnieks,MARKER_LEAK,lv_macron_consonant
data,pt,B1,2718,Städter,pilsētnieks,Pilsētnieks,SAME_AS_LV_CASEFOLD,casefold_only
data,pt,B1,2718,Städter,pilsētnieks,Pilsētnieks,LV_DIACRITIC,
data,pt,B1,2718,Städter,pilsētnieks,Pilsētnieks,MARKER_LEAK,lv_macron_consonant
data,sl,B1,2718,Städter,pilsētnieks,pilsētnieks,SAME_AS_LV_CASEFOLD,exact
data,sl,B1,2718,Städter,pilsētnieks,pilsētnieks,LV_DIACRITIC,
data,sl,B1,2718,Städter,pilsētnieks,pilsētnieks,MARKER_LEAK,lv_macron_consonant
data,bg,B1,2718,Städter,pilsētnieks,Жител на града,FAMILY_COPY_STRICT,bg+hr+mk+sr
data,hr,B1,2718,Städter,pilsētnieks,Жител на града,FAMILY_COPY_STRICT,bg+hr+mk+sr
data,mk,B1,2718,Städter,pilsētnieks,Жител на града,FAMILY_COPY_STRICT,bg+hr+mk+sr
data,sr,B1,2718,Städter,pilsētnieks,Жител на града,FAMILY_COPY_STRICT,bg+hr+mk+sr
data,fi,B1,2718,Städter,pilsētnieks,Linlane,FAMILY_COPY_STRICT,fi+is+nb+nn+sv
data,is,B1,2718,Städter,pilsētnieks,Linlane,FAMILY_COPY_STRICT,fi+is+nb+nn+sv
data,nb,B1,2718,Städter,pilsētnieks,Linlane,FAMILY_COPY_STRICT,fi+is+nb+nn+sv
data,nn,B1,2718,Städter,pilsētnieks,Linlane,FAMILY_COPY_STRICT,fi+is+nb+nn+sv
data,sv,B1,2718,Städter,pilsētnieks,Linlane,FAMILY_COPY_STRICT,fi+is+nb+nn+sv
data,it,B1,2718,Städter,pilsētnieks,Pilsētnieks,FAMILY_COPY_STRICT,it+lb+nl+pt
data,lb,B1,2718,Städter,pilsētnieks,Pilsētnieks,FAMILY_COPY_STRICT,it+lb+nl+pt
data,nl,B1,2718,Städter,pilsētnieks,Pilsētnieks,FAMILY_COPY_STRICT,it+lb+nl+pt
data,pt,B1,2718,Städter,pilsētnieks,Pilsētnieks,FAMILY_COPY_STRICT,it+lb+nl+pt
data,pl,B1,2718,Städter,pilsētnieks,Mieszkaniec miasta,FAMILY_COPY_STRICT,pl+sk+sq+tr
data,sk,B1,2718,Städter,pilsētnieks,Mieszkaniec miasta,FAMILY_COPY_STRICT,pl+sk+sq+tr
data,sq,B1,2718,Städter,pilsētnieks,Mieszkaniec miasta,FAMILY_COPY_STRICT,pl+sk+sq+tr
data,tr,B1,2718,Städter,pilsētnieks,Mieszkaniec miasta,FAMILY_COPY_STRICT,pl+sk+sq+tr
data,it,B1,2719,Stahl,tērauds,Tērauds,SAME_AS_LV_CASEFOLD,casefold_only
data,it,B1,2719,Stahl,tērauds,Tērauds,LV_DIACRITIC,
data,it,B1,2719,Stahl,tērauds,Tērauds,MARKER_LEAK,lv_macron_consonant
data,lb,B1,2719,Stahl,tērauds,Tērauds,SAME_AS_LV_CASEFOLD,casefold_only
data,lb,B1,2719,Stahl,tērauds,Tērauds,LV_DIACRITIC,
data,lb,B1,2719,Stahl,tērauds,Tērauds,MARKER_LEAK,lv_macron_consonant
data,nl,B1,2719,Stahl,tērauds,Tērauds,SAME_AS_LV_CASEFOLD,casefold_only
data,nl,B1,2719,Stahl,tērauds,Tērauds,LV_DIACRITIC,
data,nl,B1,2719,Stahl,tērauds,Tērauds,MARKER_LEAK,lv_macron_consonant
data,pt,B1,2719,Stahl,tērauds,Tērauds,SAME_AS_LV_CASEFOLD,casefold_only
data,pt,B1,2719,Stahl,tērauds,Tērauds,LV_DIACRITIC,
data,pt,B1,2719,Stahl,tērauds,Tērauds,MARKER_LEAK,lv_macron_consonant
data,sl,B1,2719,Stahl,tērauds,tērauds,SAME_AS_LV_CASEFOLD,exact
data,sl,B1,2719,Stahl,tērauds,tērauds,LV_DIACRITIC,
data,sl,B1,2719,Stahl,tērauds,tērauds,MARKER_LEAK,lv_macron_consonant
data,sr,B1,2719,Stahl,tērauds,Jeklo.,SCRIPT_MISMATCH,sr_as_cyrillic
data,sr,B1,2719,Stahl,tērauds,Jeklo.,MARKER_LEAK,latin_in_cyrillic
data,fi,B1,2719,Stahl,tērauds,Teras,FAMILY_COPY_STRICT,fi+is+nb+nn+sv
data,is,B1,2719,Stahl,tērauds,Teras,FAMILY_COPY_STRICT,fi+is+nb+nn+sv
data,nb,B1,2719,Stahl,tērauds,Teras,FAMILY_COPY_STRICT,fi+is+nb+nn+sv
data,nn,B1,2719,Stahl,tērauds,Teras,FAMILY_COPY_STRICT,fi+is+nb+nn+sv
data,sv,B1,2719,Stahl,tērauds,Teras,FAMILY_COPY_STRICT,fi+is+nb+nn+sv
data,hr,B1,2719,Stahl,tērauds,Jeklo.,FAMILY_COPY_STRICT,hr+sr
data,sr,B1,2719,Stahl,tērauds,Jeklo.,FAMILY_COPY_STRICT,hr+sr
data,it,B1,2719,Stahl,tērauds,Tērauds,FAMILY_COPY_STRICT,it+lb+nl+pt
data,lb,B1,2719,Stahl,tērauds,Tērauds,FAMILY_COPY_STRICT,it+lb+nl+pt
data,nl,B1,2719,Stahl,tērauds,Tērauds,FAMILY_COPY_STRICT,it+lb+nl+pt
data,pt,B1,2719,Stahl,tērauds,Tērauds,FAMILY_COPY_STRICT,it+lb+nl+pt
data,pl,B1,2719,Stahl,tērauds,Stal,FAMILY_COPY_STRICT,pl+sk+sq+tr
data,sk,B1,2719,Stahl,tērauds,Stal,FAMILY_COPY_STRICT,pl+sk+sq+tr
data,sq,B1,2719,Stahl,tērauds,Stal,FAMILY_COPY_STRICT,pl+sk+sq+tr
data,tr,B1,2719,Stahl,tērauds,Stal,FAMILY_COPY_STRICT,pl+sk+sq+tr
data,hr,B1,2720,Stall,kūts,Плевня,SCRIPT_MISMATCH,
data,hr,B1,2720,Stall,kūts,Плевня,MARKER_LEAK,foreign_script
data,it,B1,2720,Stall,kūts,Kūts,SAME_AS_LV_CASEFOLD,casefold_only
data,it,B1,2720,Stall,kūts,Kūts,LV_DIACRITIC,
data,it,B1,2720,Stall,kūts,Kūts,MARKER_LEAK,lv_u_macron
data,lb,B1,2720,Stall,kūts,Kūts,SAME_AS_LV_CASEFOLD,casefold_only
data,lb,B1,2720,Stall,kūts,Kūts,LV_DIACRITIC,
data,lb,B1,2720,Stall,kūts,Kūts,MARKER_LEAK,lv_u_macron
data,nl,B1,2720,Stall,kūts,Kūts,SAME_AS_LV_CASEFOLD,casefold_only
data,nl,B1,2720,Stall,kūts,Kūts,LV_DIACRITIC,
data,nl,B1,2720,Stall,kūts,Kūts,MARKER_LEAK,lv_u_macron
data,sk,B1,2720,Stall,kūts,Stodoła,MARKER_LEAK,pl_l_s_z
data,sl,B1,2720,Stall,kūts,kūts,SAME_AS_LV_CASEFOLD,exact
data,sl,B1,2720,Stall,kūts,kūts,LV_DIACRITIC,
data,sl,B1,2720,Stall,kūts,kūts,MARKER_LEAK,lv_u_macron
data,sq,B1,2720,Stall,kūts,Ahır,MARKER_LEAK,tr_soft
data,bg,B1,2720,Stall,kūts,Плевня,FAMILY_COPY_STRICT,bg+hr+mk+sr
data,hr,B1,2720,Stall,kūts,Плевня,FAMILY_COPY_STRICT,bg+hr+mk+sr
data,mk,B1,2720,Stall,kūts,Плевня,FAMILY_COPY_STRICT,bg+hr+mk+sr
data,sr,B1,2720,Stall,kūts,Плевня,FAMILY_COPY_STRICT,bg+hr+mk+sr
data,fi,B1,2720,Stall,kūts,Laut,FAMILY_COPY_STRICT,fi+is+nb+nn+sv
data,is,B1,2720,Stall,kūts,Laut,FAMILY_COPY_STRICT,fi+is+nb+nn+sv
data,nb,B1,2720,Stall,kūts,Laut,FAMILY_COPY_STRICT,fi+is+nb+nn+sv
data,nn,B1,2720,Stall,kūts,Laut,FAMILY_COPY_STRICT,fi+is+nb+nn+sv
data,sv,B1,2720,Stall,kūts,Laut,FAMILY_COPY_STRICT,fi+is+nb+nn+sv
data,it,B1,2720,Stall,kūts,Kūts,FAMILY_COPY_STRICT,it+lb+nl
data,lb,B1,2720,Stall,kūts,Kūts,FAMILY_COPY_STRICT,it+lb+nl
data,nl,B1,2720,Stall,kūts,Kūts,FAMILY_COPY_STRICT,it+lb+nl
data,pl,B1,2720,Stall,kūts,Stodoła,FAMILY_COPY_STRICT,pl+sk
data,sk,B1,2720,Stall,kūts,Stodoła,FAMILY_COPY_STRICT,pl+sk
data,sq,B1,2720,Stall,kūts,Ahır,FAMILY_COPY_STRICT,sq+tr
data,tr,B1,2720,Stall,kūts,Ahır,FAMILY_COPY_STRICT,sq+tr
data,hr,B1,2721,Stamm,stumbrs,Багажник,SCRIPT_MISMATCH,
data,hr,B1,2721,Stamm,stumbrs,Багажник,MARKER_LEAK,foreign_script
data,it,B1,2721,Stamm,stumbrs,Stumbrs,SAME_AS_LV_CASEFOLD,casefold_only
data,lb,B1,2721,Stamm,stumbrs,Stumbrs,SAME_AS_LV_CASEFOLD,casefold_only
data,nl,B1,2721,Stamm,stumbrs,Stumbrs,SAME_AS_LV_CASEFOLD,casefold_only
data,sl,B1,2721,Stamm,stumbrs,stumbrs,SAME_AS_LV_CASEFOLD,exact
data,bg,B1,2721,Stamm,stumbrs,Багажник,FAMILY_COPY_STRICT,bg+hr+mk+sr
data,hr,B1,2721,Stamm,stumbrs,Багажник,FAMILY_COPY_STRICT,bg+hr+mk+sr
data,mk,B1,2721,Stamm,stumbrs,Багажник,FAMILY_COPY_STRICT,bg+hr+mk+sr
data,sr,B1,2721,Stamm,stumbrs,Багажник,FAMILY_COPY_STRICT,bg+hr+mk+sr
data,fi,B1,2721,Stamm,stumbrs,Tüvi,FAMILY_COPY_STRICT,fi+is+nb+nn+sv
data,is,B1,2721,Stamm,stumbrs,Tüvi,FAMILY_COPY_STRICT,fi+is+nb+nn+sv
data,nb,B1,2721,Stamm,stumbrs,Tüvi,FAMILY_COPY_STRICT,fi+is+nb+nn+sv
data,nn,B1,2721,Stamm,stumbrs,Tüvi,FAMILY_COPY_STRICT,fi+is+nb+nn+sv
data,sv,B1,2721,Stamm,stumbrs,Tüvi,FAMILY_COPY_STRICT,fi+is+nb+nn+sv
data,it,B1,2721,Stamm,stumbrs,Stumbrs,FAMILY_COPY_STRICT,it+lb+nl
data,lb,B1,2721,Stamm,stumbrs,Stumbrs,FAMILY_COPY_STRICT,it+lb+nl
data,nl,B1,2721,Stamm,stumbrs,Stumbrs,FAMILY_COPY_STRICT,it+lb+nl
data,pl,B1,2721,Stamm,stumbrs,Pień,FAMILY_COPY_STRICT,pl+sk
data,sk,B1,2721,Stamm,stumbrs,Pień,FAMILY_COPY_STRICT,pl+sk
data,it,B1,2722,stammen,celties,Celties,SAME_AS_LV_CASEFOLD,casefold_only
data,lb,B1,2722,stammen,celties,Celties,SAME_AS_LV_CASEFOLD,casefold_only
data,nl,B1,2722,stammen,celties,Celties,SAME_AS_LV_CASEFOLD,casefold_only
data,sl,B1,2722,stammen,celties,celties,SAME_AS_LV_CASEFOLD,exact
data,sr,B1,2722,stammen,celties,Drži se.,LV_DIACRITIC,
data,sr,B1,2722,stammen,celties,Drži se.,SCRIPT_MISMATCH,sr_as_cyrillic
data,sr,B1,2722,stammen,celties,Drži se.,MARKER_LEAK,latin_in_cyrillic
data,bg,B1,2722,stammen,celties,Стани,FAMILY_COPY_STRICT,bg+mk
data,mk,B1,2722,stammen,celties,Стани,FAMILY_COPY_STRICT,bg+mk
data,fi,B1,2722,stammen,celties,Pärinema,FAMILY_COPY_STRICT,fi+is+nb+nn+sv
data,is,B1,2722,stammen,celties,Pärinema,FAMILY_COPY_STRICT,fi+is+nb+nn+sv
data,nb,B1,2722,stammen,celties,Pärinema,FAMILY_COPY_STRICT,fi+is+nb+nn+sv
data,nn,B1,2722,stammen,celties,Pärinema,FAMILY_COPY_STRICT,fi+is+nb+nn+sv
data,sv,B1,2722,stammen,celties,Pärinema,FAMILY_COPY_STRICT,fi+is+nb+nn+sv
data,hr,B1,2722,stammen,celties,Drži se.,FAMILY_COPY_STRICT,hr+sr
data,sr,B1,2722,stammen,celties,Drži se.,FAMILY_COPY_STRICT,hr+sr
data,it,B1,2722,stammen,celties,Celties,FAMILY_COPY_STRICT,it+lb+nl
data,lb,B1,2722,stammen,celties,Celties,FAMILY_COPY_STRICT,it+lb+nl
data,nl,B1,2722,stammen,celties,Celties,FAMILY_COPY_STRICT,it+lb+nl
data,pl,B1,2722,stammen,celties,Wstawać,FAMILY_COPY_STRICT,pl+sk
data,sk,B1,2722,stammen,celties,Wstawać,FAMILY_COPY_STRICT,pl+sk
data,hr,B1,2723,Stand,stāvoklis,Състояние,SCRIPT_MISMATCH,
data,hr,B1,2723,Stand,stāvoklis,Състояние,MARKER_LEAK,foreign_script
data,lb,B1,2723,Stand,stāvoklis,Stāvoklis,SAME_AS_LV_CASEFOLD,casefold_only
data,lb,B1,2723,Stand,stāvoklis,Stāvoklis,LV_DIACRITIC,
data,lb,B1,2723,Stand,stāvoklis,Stāvoklis,MARKER_LEAK,lv_macron_consonant
data,nl,B1,2723,Stand,stāvoklis,Stāvoklis,SAME_AS_LV_CASEFOLD,casefold_only
data,nl,B1,2723,Stand,stāvoklis,Stāvoklis,LV_DIACRITIC,
data,nl,B1,2723,Stand,stāvoklis,Stāvoklis,MARKER_LEAK,lv_macron_consonant
data,sl,B1,2723,Stand,stāvoklis,stāvoklis,SAME_AS_LV_CASEFOLD,exact
data,sl,B1,2723,Stand,stāvoklis,stāvoklis,LV_DIACRITIC,
data,sl,B1,2723,Stand,stāvoklis,stāvoklis,MARKER_LEAK,lv_macron_consonant
data,bg,B1,2723,Stand,stāvoklis,Състояние,FAMILY_COPY_STRICT,bg+hr+mk+sr
data,hr,B1,2723,Stand,stāvoklis,Състояние,FAMILY_COPY_STRICT,bg+hr+mk+sr
data,mk,B1,2723,Stand,stāvoklis,Състояние,FAMILY_COPY_STRICT,bg+hr+mk+sr
data,sr,B1,2723,Stand,stāvoklis,Състояние,FAMILY_COPY_STRICT,bg+hr+mk+sr
data,cs,B1,2723,Stand,stāvoklis,Stav,FAMILY_COPY_STRICT,cs+sk
data,sk,B1,2723,Stand,stāvoklis,Stav,FAMILY_COPY_STRICT,cs+sk
data,fi,B1,2723,Stand,stāvoklis,Seis,FAMILY_COPY_STRICT,fi+is+nb+nn+sv
data,is,B1,2723,Stand,stāvoklis,Seis,FAMILY_COPY_STRICT,fi+is+nb+nn+sv
data,nb,B1,2723,Stand,stāvoklis,Seis,FAMILY_COPY_STRICT,fi+is+nb+nn+sv
data,nn,B1,2723,Stand,stāvoklis,Seis,FAMILY_COPY_STRICT,fi+is+nb+nn+sv
data,sv,B1,2723,Stand,stāvoklis,Seis,FAMILY_COPY_STRICT,fi+is+nb+nn+sv
data,it,B1,2723,Stand,stāvoklis,Stavoklis,FAMILY_COPY_STRICT,it+pt
data,pt,B1,2723,Stand,stāvoklis,Stavoklis,FAMILY_COPY_STRICT,it+pt
data,lb,B1,2723,Stand,stāvoklis,Stāvoklis,FAMILY_COPY_STRICT,lb+nl
data,nl,B1,2723,Stand,stāvoklis,Stāvoklis,FAMILY_COPY_STRICT,lb+nl
data,sq,B1,2723,Stand,stāvoklis,Durum,FAMILY_COPY_STRICT,sq+tr
data,tr,B1,2723,Stand,stāvoklis,Durum,FAMILY_COPY_STRICT,sq+tr
data,hr,B1,2724,Standesamt,dzimtsarakstu birojs,БРАЧЕН РЕГИСТЪР,SCRIPT_MISMATCH,
data,hr,B1,2724,Standesamt,dzimtsarakstu birojs,БРАЧЕН РЕГИСТЪР,MARKER_LEAK,foreign_script
data,it,B1,2724,Standesamt,dzimtsarakstu birojs,Dzimtsarakstu birojs,SAME_AS_LV_CASEFOLD,casefold_only
data,lb,B1,2724,Standesamt,dzimtsarakstu birojs,Dzimtsarakstu birojs,SAME_AS_LV_CASEFOLD,casefold_only
data,nl,B1,2724,Standesamt,dzimtsarakstu birojs,Dzimtsarakstu birojs,SAME_AS_LV_CASEFOLD,casefold_only
data,sk,B1,2724,Standesamt,dzimtsarakstu birojs,Urząd stanu cywilnego,MARKER_LEAK,pl_lt_nasal
data,sl,B1,2724,Standesamt,dzimtsarakstu birojs,dzimtsarakstu birojs,SAME_AS_LV_CASEFOLD,exact
data,bg,B1,2724,Standesamt,dzimtsarakstu birojs,БРАЧЕН РЕГИСТЪР,FAMILY_COPY_STRICT,bg+hr+mk+sr
data,hr,B1,2724,Standesamt,dzimtsarakstu birojs,БРАЧЕН РЕГИСТЪР,FAMILY_COPY_STRICT,bg+hr+mk+sr
data,mk,B1,2724,Standesamt,dzimtsarakstu birojs,БРАЧЕН РЕГИСТЪР,FAMILY_COPY_STRICT,bg+hr+mk+sr
data,sr,B1,2724,Standesamt,dzimtsarakstu birojs,БРАЧЕН РЕГИСТЪР,FAMILY_COPY_STRICT,bg+hr+mk+sr
data,fi,B1,2724,Standesamt,dzimtsarakstu birojs,Perekonnaseisuamet,FAMILY_COPY_STRICT,fi+is+nb+nn+sv
data,is,B1,2724,Standesamt,dzimtsarakstu birojs,Perekonnaseisuamet,FAMILY_COPY_STRICT,fi+is+nb+nn+sv
data,nb,B1,2724,Standesamt,dzimtsarakstu birojs,Perekonnaseisuamet,FAMILY_COPY_STRICT,fi+is+nb+nn+sv
data,nn,B1,2724,Standesamt,dzimtsarakstu birojs,Perekonnaseisuamet,FAMILY_COPY_STRICT,fi+is+nb+nn+sv
data,sv,B1,2724,Standesamt,dzimtsarakstu birojs,Perekonnaseisuamet,FAMILY_COPY_STRICT,fi+is+nb+nn+sv
data,it,B1,2724,Standesamt,dzimtsarakstu birojs,Dzimtsarakstu birojs,FAMILY_COPY_STRICT,it+lb+nl
data,lb,B1,2724,Standesamt,dzimtsarakstu birojs,Dzimtsarakstu birojs,FAMILY_COPY_STRICT,it+lb+nl
data,nl,B1,2724,Standesamt,dzimtsarakstu birojs,Dzimtsarakstu birojs,FAMILY_COPY_STRICT,it+lb+nl
data,pl,B1,2724,Standesamt,dzimtsarakstu birojs,Urząd stanu cywilnego,FAMILY_COPY_STRICT,pl+sk
data,sk,B1,2724,Standesamt,dzimtsarakstu birojs,Urząd stanu cywilnego,FAMILY_COPY_STRICT,pl+sk
data,sq,B1,2724,Standesamt,dzimtsarakstu birojs,Nüfus dairesi,FAMILY_COPY_STRICT,sq+tr
data,tr,B1,2724,Standesamt,dzimtsarakstu birojs,Nüfus dairesi,FAMILY_COPY_STRICT,sq+tr
data,hr,B1,2725,ständig,pastāvīgs,Константа,SCRIPT_MISMATCH,
data,hr,B1,2725,ständig,pastāvīgs,Константа,MARKER_LEAK,foreign_script
data,sk,B1,2725,ständig,pastāvīgs,Stały,MARKER_LEAK,pl_l_s_z
data,sl,B1,2725,ständig,pastāvīgs,pastāvīgs,SAME_AS_LV_CASEFOLD,exact
data,sl,B1,2725,ständig,pastāvīgs,pastāvīgs,LV_DIACRITIC,
data,sl,B1,2725,ständig,pastāvīgs,pastāvīgs,MARKER_LEAK,lv_macron_consonant
data,sq,B1,2725,ständig,pastāvīgs,Devamlı,MARKER_LEAK,tr_soft
data,bg,B1,2725,ständig,pastāvīgs,Константа,FAMILY_COPY_STRICT,bg+hr+mk+sr
data,hr,B1,2725,ständig,pastāvīgs,Константа,FAMILY_COPY_STRICT,bg+hr+mk+sr
data,mk,B1,2725,ständig,pastāvīgs,Константа,FAMILY_COPY_STRICT,bg+hr+mk+sr
data,sr,B1,2725,ständig,pastāvīgs,Константа,FAMILY_COPY_STRICT,bg+hr+mk+sr
data,fi,B1,2725,ständig,pastāvīgs,Pidev,FAMILY_COPY_STRICT,fi+is+nb+nn+sv
data,is,B1,2725,ständig,pastāvīgs,Pidev,FAMILY_COPY_STRICT,fi+is+nb+nn+sv
data,nb,B1,2725,ständig,pastāvīgs,Pidev,FAMILY_COPY_STRICT,fi+is+nb+nn+sv
data,nn,B1,2725,ständig,pastāvīgs,Pidev,FAMILY_COPY_STRICT,fi+is+nb+nn+sv
data,sv,B1,2725,ständig,pastāvīgs,Pidev,FAMILY_COPY_STRICT,fi+is+nb+nn+sv
data,pl,B1,2725,ständig,pastāvīgs,Stały,FAMILY_COPY_STRICT,pl+sk
data,sk,B1,2725,ständig,pastāvīgs,Stały,FAMILY_COPY_STRICT,pl+sk
data,sq,B1,2725,ständig,pastāvīgs,Devamlı,FAMILY_COPY_STRICT,sq+tr
data,tr,B1,2725,ständig,pastāvīgs,Devamlı,FAMILY_COPY_STRICT,sq+tr
data,hr,B1,2726,Standlicht,gabarītugunis automašīnām,Пожарен датчик за автомобили,SCRIPT_MISMATCH,
data,hr,B1,2726,Standlicht,gabarītugunis automašīnām,Пожарен датчик за автомобили,MARKER_LEAK,foreign_script
data,it,B1,2726,Standlicht,gabarītugunis automašīnām,Gabarītugunis automašīnām,SAME_AS_LV_CASEFOLD,casefold_only
data,it,B1,2726,Standlicht,gabarītugunis automašīnām,Gabarītugunis automašīnām,LV_DIACRITIC,
data,it,B1,2726,Standlicht,gabarītugunis automašīnām,Gabarītugunis automašīnām,MARKER_LEAK,lv_macron_consonant
data,lb,B1,2726,Standlicht,gabarītugunis automašīnām,Gabarītugunis automašīnām,SAME_AS_LV_CASEFOLD,casefold_only
data,lb,B1,2726,Standlicht,gabarītugunis automašīnām,Gabarītugunis automašīnām,LV_DIACRITIC,
data,lb,B1,2726,Standlicht,gabarītugunis automašīnām,Gabarītugunis automašīnām,MARKER_LEAK,lv_macron_consonant
data,nl,B1,2726,Standlicht,gabarītugunis automašīnām,Gabarītugunis automašīnām,SAME_AS_LV_CASEFOLD,casefold_only
data,nl,B1,2726,Standlicht,gabarītugunis automašīnām,Gabarītugunis automašīnām,LV_DIACRITIC,
data,nl,B1,2726,Standlicht,gabarītugunis automašīnām,Gabarītugunis automašīnām,MARKER_LEAK,lv_macron_consonant
data,pt,B1,2726,Standlicht,gabarītugunis automašīnām,Gabarītugunis automasīnām,LV_DIACRITIC,
data,pt,B1,2726,Standlicht,gabarītugunis automašīnām,Gabarītugunis automasīnām,MARKER_LEAK,lv_macron_consonant
data,sk,B1,2726,Standlicht,gabarītugunis automašīnām,Wskaźnik pożaru dla samochodów,MARKER_LEAK,pl_l_s_z
data,sl,B1,2726,Standlicht,gabarītugunis automašīnām,gabarītugunis automašīnām,SAME_AS_LV_CASEFOLD,exact
data,sl,B1,2726,Standlicht,gabarītugunis automašīnām,gabarītugunis automašīnām,LV_DIACRITIC,
data,sl,B1,2726,Standlicht,gabarītugunis automašīnām,gabarītugunis automašīnām,MARKER_LEAK,lv_macron_consonant
data,sq,B1,2726,Standlicht,gabarītugunis automašīnām,Arabalar için yangın göstergesi,MARKER_LEAK,tr_soft
data,bg,B1,2726,Standlicht,gabarītugunis automašīnām,Пожарен датчик за автомобили,FAMILY_COPY_STRICT,bg+hr+mk+sr
data,hr,B1,2726,Standlicht,gabarītugunis automašīnām,Пожарен датчик за автомобили,FAMILY_COPY_STRICT,bg+hr+mk+sr
data,mk,B1,2726,Standlicht,gabarītugunis automašīnām,Пожарен датчик за автомобили,FAMILY_COPY_STRICT,bg+hr+mk+sr
data,sr,B1,2726,Standlicht,gabarītugunis automašīnām,Пожарен датчик за автомобили,FAMILY_COPY_STRICT,bg+hr+mk+sr
data,fi,B1,2726,Standlicht,gabarītugunis automašīnām,Seisutuled,FAMILY_COPY_STRICT,fi+is+nb+nn+sv
data,is,B1,2726,Standlicht,gabarītugunis automašīnām,Seisutuled,FAMILY_COPY_STRICT,fi+is+nb+nn+sv
data,nb,B1,2726,Standlicht,gabarītugunis automašīnām,Seisutuled,FAMILY_COPY_STRICT,fi+is+nb+nn+sv
data,nn,B1,2726,Standlicht,gabarītugunis automašīnām,Seisutuled,FAMILY_COPY_STRICT,fi+is+nb+nn+sv
data,sv,B1,2726,Standlicht,gabarītugunis automašīnām,Seisutuled,FAMILY_COPY_STRICT,fi+is+nb+nn+sv
data,it,B1,2726,Standlicht,gabarītugunis automašīnām,Gabarītugunis automašīnām,FAMILY_COPY_STRICT,it+lb+nl
data,lb,B1,2726,Standlicht,gabarītugunis automašīnām,Gabarītugunis automašīnām,FAMILY_COPY_STRICT,it+lb+nl
data,nl,B1,2726,Standlicht,gabarītugunis automašīnām,Gabarītugunis automašīnām,FAMILY_COPY_STRICT,it+lb+nl
data,pl,B1,2726,Standlicht,gabarītugunis automašīnām,Wskaźnik pożaru dla samochodów,FAMILY_COPY_STRICT,pl+sk
data,sk,B1,2726,Standlicht,gabarītugunis automašīnām,Wskaźnik pożaru dla samochodów,FAMILY_COPY_STRICT,pl+sk
data,sq,B1,2726,Standlicht,gabarītugunis automašīnām,Arabalar için yangın göstergesi,FAMILY_COPY_STRICT,sq+tr
data,tr,B1,2726,Standlicht,gabarītugunis automašīnām,Arabalar için yangın göstergesi,FAMILY_COPY_STRICT,sq+tr
data,it,B1,2727,Standpunkt,viedoklis,Viedoklis,SAME_AS_LV_CASEFOLD,casefold_only
data,lb,B1,2727,Standpunkt,viedoklis,Viedoklis,SAME_AS_LV_CASEFOLD,casefold_only
data,nl,B1,2727,Standpunkt,viedoklis,Viedoklis,SAME_AS_LV_CASEFOLD,casefold_only
data,pt,B1,2727,Standpunkt,viedoklis,Viedoklis,SAME_AS_LV_CASEFOLD,casefold_only
data,sl,B1,2727,Standpunkt,viedoklis,viedoklis,SAME_AS_LV_CASEFOLD,exact
data,sr,B1,2727,Standpunkt,viedoklis,Jernigan?,SCRIPT_MISMATCH,sr_as_cyrillic
data,sr,B1,2727,Standpunkt,viedoklis,Jernigan?,MARKER_LEAK,latin_in_cyrillic
data,bg,B1,2727,Standpunkt,viedoklis,Мнение,FAMILY_COPY_STRICT,bg+ru
data,ru,B1,2727,Standpunkt,viedoklis,Мнение,FAMILY_COPY_STRICT,bg+ru
data,fi,B1,2727,Standpunkt,viedoklis,Seisukoht,FAMILY_COPY_STRICT,fi+is+nb+nn+sv
data,is,B1,2727,Standpunkt,viedoklis,Seisukoht,FAMILY_COPY_STRICT,fi+is+nb+nn+sv
data,nb,B1,2727,Standpunkt,viedoklis,Seisukoht,FAMILY_COPY_STRICT,fi+is+nb+nn+sv
data,nn,B1,2727,Standpunkt,viedoklis,Seisukoht,FAMILY_COPY_STRICT,fi+is+nb+nn+sv
data,sv,B1,2727,Standpunkt,viedoklis,Seisukoht,FAMILY_COPY_STRICT,fi+is+nb+nn+sv
data,hr,B1,2727,Standpunkt,viedoklis,Jernigan?,FAMILY_COPY_STRICT,hr+sr
data,sr,B1,2727,Standpunkt,viedoklis,Jernigan?,FAMILY_COPY_STRICT,hr+sr
data,it,B1,2727,Standpunkt,viedoklis,Viedoklis,FAMILY_COPY_STRICT,it+lb+nl+pt
data,lb,B1,2727,Standpunkt,viedoklis,Viedoklis,FAMILY_COPY_STRICT,it+lb+nl+pt
data,nl,B1,2727,Standpunkt,viedoklis,Viedoklis,FAMILY_COPY_STRICT,it+lb+nl+pt
data,pt,B1,2727,Standpunkt,viedoklis,Viedoklis,FAMILY_COPY_STRICT,it+lb+nl+pt
data,pl,B1,2727,Standpunkt,viedoklis,Opinia,FAMILY_COPY_STRICT,pl+sk
data,sk,B1,2727,Standpunkt,viedoklis,Opinia,FAMILY_COPY_STRICT,pl+sk
data,sq,B1,2727,Standpunkt,viedoklis,Fikir,FAMILY_COPY_STRICT,sq+tr
data,tr,B1,2727,Standpunkt,viedoklis,Fikir,FAMILY_COPY_STRICT,sq+tr
data,hr,B1,2728,Stange,kārts,Карта,SCRIPT_MISMATCH,
data,hr,B1,2728,Stange,kārts,Карта,MARKER_LEAK,foreign_script
data,it,B1,2728,Stange,kārts,Kārts,SAME_AS_LV_CASEFOLD,casefold_only
data,it,B1,2728,Stange,kārts,Kārts,LV_DIACRITIC,
data,it,B1,2728,Stange,kārts,Kārts,MARKER_LEAK,lv_macron_consonant
data,lb,B1,2728,Stange,kārts,Kārts,SAME_AS_LV_CASEFOLD,casefold_only
data,lb,B1,2728,Stange,kārts,Kārts,LV_DIACRITIC,
data,lb,B1,2728,Stange,kārts,Kārts,MARKER_LEAK,lv_macron_consonant
data,nl,B1,2728,Stange,kārts,Kārts,SAME_AS_LV_CASEFOLD,casefold_only
data,nl,B1,2728,Stange,kārts,Kārts,LV_DIACRITIC,
data,nl,B1,2728,Stange,kārts,Kārts,MARKER_LEAK,lv_macron_consonant
data,sl,B1,2728,Stange,kārts,kārts,SAME_AS_LV_CASEFOLD,exact
data,sl,B1,2728,Stange,kārts,kārts,LV_DIACRITIC,
data,sl,B1,2728,Stange,kārts,kārts,MARKER_LEAK,lv_macron_consonant
data,bg,B1,2728,Stange,kārts,Карта,FAMILY_COPY_STRICT,bg+hr+mk+ru+sr
data,hr,B1,2728,Stange,kārts,Карта,FAMILY_COPY_STRICT,bg+hr+mk+ru+sr
data,mk,B1,2728,Stange,kārts,Карта,FAMILY_COPY_STRICT,bg+hr+mk+ru+sr
data,ru,B1,2728,Stange,kārts,Карта,FAMILY_COPY_STRICT,bg+hr+mk+ru+sr
data,sr,B1,2728,Stange,kārts,Карта,FAMILY_COPY_STRICT,bg+hr+mk+ru+sr
data,en,B1,2728,Stange,kārts,Card,FAMILY_COPY_STRICT,en+ro
data,ro,B1,2728,Stange,kārts,Card,FAMILY_COPY_STRICT,en+ro
data,fi,B1,2728,Stange,kārts,Latt,FAMILY_COPY_STRICT,fi+is+nb+nn+sv
data,is,B1,2728,Stange,kārts,Latt,FAMILY_COPY_STRICT,fi+is+nb+nn+sv
data,nb,B1,2728,Stange,kārts,Latt,FAMILY_COPY_STRICT,fi+is+nb+nn+sv
data,nn,B1,2728,Stange,kārts,Latt,FAMILY_COPY_STRICT,fi+is+nb+nn+sv
data,sv,B1,2728,Stange,kārts,Latt,FAMILY_COPY_STRICT,fi+is+nb+nn+sv
data,it,B1,2728,Stange,kārts,Kārts,FAMILY_COPY_STRICT,it+lb+nl
data,lb,B1,2728,Stange,kārts,Kārts,FAMILY_COPY_STRICT,it+lb+nl
data,nl,B1,2728,Stange,kārts,Kārts,FAMILY_COPY_STRICT,it+lb+nl
data,pl,B1,2728,Stange,kārts,Karta,FAMILY_COPY_STRICT,pl+sk+sq+tr
data,sk,B1,2728,Stange,kārts,Karta,FAMILY_COPY_STRICT,pl+sk+sq+tr
data,sq,B1,2728,Stange,kārts,Karta,FAMILY_COPY_STRICT,pl+sk+sq+tr
data,tr,B1,2728,Stange,kārts,Karta,FAMILY_COPY_STRICT,pl+sk+sq+tr
data,it,B1,2729,Stärke,stiprums,Stiprums,SAME_AS_LV_CASEFOLD,casefold_only
data,lb,B1,2729,Stärke,stiprums,Stiprums,SAME_AS_LV_CASEFOLD,casefold_only
data,nl,B1,2729,Stärke,stiprums,Stiprums,SAME_AS_LV_CASEFOLD,casefold_only
data,sl,B1,2729,Stärke,stiprums,stiprums,SAME_AS_LV_CASEFOLD,exact
data,sq,B1,2729,Stärke,stiprums,Wytrzymałość,MARKER_LEAK,pl_l_s_z
data,sr,B1,2729,Stärke,stiprums,Moč.,LV_DIACRITIC,
data,sr,B1,2729,Stärke,stiprums,Moč.,SCRIPT_MISMATCH,sr_as_cyrillic
data,sr,B1,2729,Stärke,stiprums,Moč.,MARKER_LEAK,latin_in_cyrillic
data,tr,B1,2729,Stärke,stiprums,Wytrzymałość,MARKER_LEAK,pl_l_s_z
data,bg,B1,2729,Stärke,stiprums,Сила,FAMILY_COPY_STRICT,bg+mk+ru
data,mk,B1,2729,Stärke,stiprums,Сила,FAMILY_COPY_STRICT,bg+mk+ru
data,ru,B1,2729,Stärke,stiprums,Сила,FAMILY_COPY_STRICT,bg+mk+ru
data,fi,B1,2729,Stärke,stiprums,Tugevus,FAMILY_COPY_STRICT,fi+is+nb+nn+sv
data,is,B1,2729,Stärke,stiprums,Tugevus,FAMILY_COPY_STRICT,fi+is+nb+nn+sv
data,nb,B1,2729,Stärke,stiprums,Tugevus,FAMILY_COPY_STRICT,fi+is+nb+nn+sv
data,nn,B1,2729,Stärke,stiprums,Tugevus,FAMILY_COPY_STRICT,fi+is+nb+nn+sv
data,sv,B1,2729,Stärke,stiprums,Tugevus,FAMILY_COPY_STRICT,fi+is+nb+nn+sv
data,hr,B1,2729,Stärke,stiprums,Moč.,FAMILY_COPY_STRICT,hr+sr
data,sr,B1,2729,Stärke,stiprums,Moč.,FAMILY_COPY_STRICT,hr+sr
data,it,B1,2729,Stärke,stiprums,Stiprums,FAMILY_COPY_STRICT,it+lb+nl
data,lb,B1,2729,Stärke,stiprums,Stiprums,FAMILY_COPY_STRICT,it+lb+nl
data,nl,B1,2729,Stärke,stiprums,Stiprums,FAMILY_COPY_STRICT,it+lb+nl
data,pl,B1,2729,Stärke,stiprums,Wytrzymałość,FAMILY_COPY_STRICT,pl+sq+tr
data,sq,B1,2729,Stärke,stiprums,Wytrzymałość,FAMILY_COPY_STRICT,pl+sq+tr
data,tr,B1,2729,Stärke,stiprums,Wytrzymałość,FAMILY_COPY_STRICT,pl+sq+tr
data,hr,B1,2730,stärken,stiprināt,Укрепване,SCRIPT_MISMATCH,
data,hr,B1,2730,stärken,stiprināt,Укрепване,MARKER_LEAK,foreign_script
data,it,B1,2730,stärken,stiprināt,Stiprināt,SAME_AS_LV_CASEFOLD,casefold_only
data,it,B1,2730,stärken,stiprināt,Stiprināt,LV_DIACRITIC,
data,it,B1,2730,stärken,stiprināt,Stiprināt,MARKER_LEAK,lv_macron_consonant
data,lb,B1,2730,stärken,stiprināt,Stiprināt,SAME_AS_LV_CASEFOLD,casefold_only
data,lb,B1,2730,stärken,stiprināt,Stiprināt,LV_DIACRITIC,
data,lb,B1,2730,stärken,stiprināt,Stiprināt,MARKER_LEAK,lv_macron_consonant
data,nl,B1,2730,stärken,stiprināt,Stiprināt,SAME_AS_LV_CASEFOLD,casefold_only
data,nl,B1,2730,stärken,stiprināt,Stiprināt,LV_DIACRITIC,
data,nl,B1,2730,stärken,stiprināt,Stiprināt,MARKER_LEAK,lv_macron_consonant
data,sl,B1,2730,stärken,stiprināt,stiprināt,SAME_AS_LV_CASEFOLD,exact
data,sl,B1,2730,stärken,stiprināt,stiprināt,LV_DIACRITIC,
data,sl,B1,2730,stärken,stiprināt,stiprināt,MARKER_LEAK,lv_macron_consonant
data,bg,B1,2730,stärken,stiprināt,Укрепване,FAMILY_COPY_STRICT,bg+hr+mk+sr
data,hr,B1,2730,stärken,stiprināt,Укрепване,FAMILY_COPY_STRICT,bg+hr+mk+sr
data,mk,B1,2730,stärken,stiprināt,Укрепване,FAMILY_COPY_STRICT,bg+hr+mk+sr
data,sr,B1,2730,stärken,stiprināt,Укрепване,FAMILY_COPY_STRICT,bg+hr+mk+sr
data,fi,B1,2730,stärken,stiprināt,Tugevdama,FAMILY_COPY_STRICT,fi+is+nb+nn+sv
data,is,B1,2730,stärken,stiprināt,Tugevdama,FAMILY_COPY_STRICT,fi+is+nb+nn+sv
data,nb,B1,2730,stärken,stiprināt,Tugevdama,FAMILY_COPY_STRICT,fi+is+nb+nn+sv
data,nn,B1,2730,stärken,stiprināt,Tugevdama,FAMILY_COPY_STRICT,fi+is+nb+nn+sv
data,sv,B1,2730,stärken,stiprināt,Tugevdama,FAMILY_COPY_STRICT,fi+is+nb+nn+sv
data,it,B1,2730,stärken,stiprināt,Stiprināt,FAMILY_COPY_STRICT,it+lb+nl
data,lb,B1,2730,stärken,stiprināt,Stiprināt,FAMILY_COPY_STRICT,it+lb+nl
data,nl,B1,2730,stärken,stiprināt,Stiprināt,FAMILY_COPY_STRICT,it+lb+nl
data,pl,B1,2730,stärken,stiprināt,Wzmacniać,FAMILY_COPY_STRICT,pl+sk
data,sk,B1,2730,stärken,stiprināt,Wzmacniać,FAMILY_COPY_STRICT,pl+sk
data,sq,B1,2730,stärken,stiprināt,Güçlendirmek,FAMILY_COPY_STRICT,sq+tr
data,tr,B1,2730,stärken,stiprināt,Güçlendirmek,FAMILY_COPY_STRICT,sq+tr
data,hr,B1,2731,statt,vietā,Вместо да,SCRIPT_MISMATCH,
data,hr,B1,2731,statt,vietā,Вместо да,MARKER_LEAK,foreign_script
data,it,B1,2731,statt,vietā,Vietā,SAME_AS_LV_CASEFOLD,casefold_only
data,it,B1,2731,statt,vietā,Vietā,LV_DIACRITIC,
data,it,B1,2731,statt,vietā,Vietā,MARKER_LEAK,lv_macron_consonant
data,lb,B1,2731,statt,vietā,Vietā,SAME_AS_LV_CASEFOLD,casefold_only
data,lb,B1,2731,statt,vietā,Vietā,LV_DIACRITIC,
data,lb,B1,2731,statt,vietā,Vietā,MARKER_LEAK,lv_macron_consonant
data,nl,B1,2731,statt,vietā,Vietā,SAME_AS_LV_CASEFOLD,casefold_only
data,nl,B1,2731,statt,vietā,Vietā,LV_DIACRITIC,
data,nl,B1,2731,statt,vietā,Vietā,MARKER_LEAK,lv_macron_consonant
data,sl,B1,2731,statt,vietā,vietā,SAME_AS_LV_CASEFOLD,exact
data,sl,B1,2731,statt,vietā,vietā,LV_DIACRITIC,
data,sl,B1,2731,statt,vietā,vietā,MARKER_LEAK,lv_macron_consonant
data,bg,B1,2731,statt,vietā,Вместо да,FAMILY_COPY_STRICT,bg+hr+mk+sr
data,hr,B1,2731,statt,vietā,Вместо да,FAMILY_COPY_STRICT,bg+hr+mk+sr
data,mk,B1,2731,statt,vietā,Вместо да,FAMILY_COPY_STRICT,bg+hr+mk+sr
data,sr,B1,2731,statt,vietā,Вместо да,FAMILY_COPY_STRICT,bg+hr+mk+sr
data,fi,B1,2731,statt,vietā,Asemel,FAMILY_COPY_STRICT,fi+is+nb+nn+sv
data,is,B1,2731,statt,vietā,Asemel,FAMILY_COPY_STRICT,fi+is+nb+nn+sv
data,nb,B1,2731,statt,vietā,Asemel,FAMILY_COPY_STRICT,fi+is+nb+nn+sv
data,nn,B1,2731,statt,vietā,Asemel,FAMILY_COPY_STRICT,fi+is+nb+nn+sv
data,sv,B1,2731,statt,vietā,Asemel,FAMILY_COPY_STRICT,fi+is+nb+nn+sv
data,it,B1,2731,statt,vietā,Vietā,FAMILY_COPY_STRICT,it+lb+nl
data,lb,B1,2731,statt,vietā,Vietā,FAMILY_COPY_STRICT,it+lb+nl
data,nl,B1,2731,statt,vietā,Vietā,FAMILY_COPY_STRICT,it+lb+nl
data,pl,B1,2731,statt,vietā,Zamiast,FAMILY_COPY_STRICT,pl+sk+sq+tr
data,sk,B1,2731,statt,vietā,Zamiast,FAMILY_COPY_STRICT,pl+sk+sq+tr
data,sq,B1,2731,statt,vietā,Zamiast,FAMILY_COPY_STRICT,pl+sk+sq+tr
data,tr,B1,2731,statt,vietā,Zamiast,FAMILY_COPY_STRICT,pl+sk+sq+tr
data,hr,B1,2732,Staudamm,dambis,Язовир,SCRIPT_MISMATCH,
data,hr,B1,2732,Staudamm,dambis,Язовир,MARKER_LEAK,foreign_script
data,it,B1,2732,Staudamm,dambis,Dambis,SAME_AS_LV_CASEFOLD,casefold_only
data,lb,B1,2732,Staudamm,dambis,Dambis,SAME_AS_LV_CASEFOLD,casefold_only
data,nl,B1,2732,Staudamm,dambis,Dambis,SAME_AS_LV_CASEFOLD,casefold_only
data,pt,B1,2732,Staudamm,dambis,Dambis,SAME_AS_LV_CASEFOLD,casefold_only
data,sl,B1,2732,Staudamm,dambis,dambis,SAME_AS_LV_CASEFOLD,exact
data,bg,B1,2732,Staudamm,dambis,Язовир,FAMILY_COPY_STRICT,bg+hr+mk+sr
data,hr,B1,2732,Staudamm,dambis,Язовир,FAMILY_COPY_STRICT,bg+hr+mk+sr
data,mk,B1,2732,Staudamm,dambis,Язовир,FAMILY_COPY_STRICT,bg+hr+mk+sr
data,sr,B1,2732,Staudamm,dambis,Язовир,FAMILY_COPY_STRICT,bg+hr+mk+sr
data,fi,B1,2732,Staudamm,dambis,Tamm,FAMILY_COPY_STRICT,fi+is+nb+nn+sv
data,is,B1,2732,Staudamm,dambis,Tamm,FAMILY_COPY_STRICT,fi+is+nb+nn+sv
data,nb,B1,2732,Staudamm,dambis,Tamm,FAMILY_COPY_STRICT,fi+is+nb+nn+sv
data,nn,B1,2732,Staudamm,dambis,Tamm,FAMILY_COPY_STRICT,fi+is+nb+nn+sv
data,sv,B1,2732,Staudamm,dambis,Tamm,FAMILY_COPY_STRICT,fi+is+nb+nn+sv
data,it,B1,2732,Staudamm,dambis,Dambis,FAMILY_COPY_STRICT,it+lb+nl+pt
data,lb,B1,2732,Staudamm,dambis,Dambis,FAMILY_COPY_STRICT,it+lb+nl+pt
data,nl,B1,2732,Staudamm,dambis,Dambis,FAMILY_COPY_STRICT,it+lb+nl+pt
data,pt,B1,2732,Staudamm,dambis,Dambis,FAMILY_COPY_STRICT,it+lb+nl+pt
data,pl,B1,2732,Staudamm,dambis,Zapora,FAMILY_COPY_STRICT,pl+sk+sq+tr
data,sk,B1,2732,Staudamm,dambis,Zapora,FAMILY_COPY_STRICT,pl+sk+sq+tr
data,sq,B1,2732,Staudamm,dambis,Zapora,FAMILY_COPY_STRICT,pl+sk+sq+tr
data,tr,B1,2732,Staudamm,dambis,Zapora,FAMILY_COPY_STRICT,pl+sk+sq+tr
data,hr,B1,2733,stechen,durt,Стачка,SCRIPT_MISMATCH,
data,hr,B1,2733,stechen,durt,Стачка,MARKER_LEAK,foreign_script
data,it,B1,2733,stechen,durt,Durt,SAME_AS_LV_CASEFOLD,casefold_only
data,lb,B1,2733,stechen,durt,Durt,SAME_AS_LV_CASEFOLD,casefold_only
data,nl,B1,2733,stechen,durt,Durt,SAME_AS_LV_CASEFOLD,casefold_only
data,pt,B1,2733,stechen,durt,Durt,SAME_AS_LV_CASEFOLD,casefold_only
data,sl,B1,2733,stechen,durt,durt,SAME_AS_LV_CASEFOLD,exact
data,sq,B1,2733,stechen,durt,Bıçaklama,MARKER_LEAK,tr_soft
data,bg,B1,2733,stechen,durt,Стачка,FAMILY_COPY_STRICT,bg+hr+mk+sr
data,hr,B1,2733,stechen,durt,Стачка,FAMILY_COPY_STRICT,bg+hr+mk+sr
data,mk,B1,2733,stechen,durt,Стачка,FAMILY_COPY_STRICT,bg+hr+mk+sr
data,sr,B1,2733,stechen,durt,Стачка,FAMILY_COPY_STRICT,bg+hr+mk+sr
data,fi,B1,2733,stechen,durt,Torkama,FAMILY_COPY_STRICT,fi+is+nb+nn+sv
data,is,B1,2733,stechen,durt,Torkama,FAMILY_COPY_STRICT,fi+is+nb+nn+sv
data,nb,B1,2733,stechen,durt,Torkama,FAMILY_COPY_STRICT,fi+is+nb+nn+sv
data,nn,B1,2733,stechen,durt,Torkama,FAMILY_COPY_STRICT,fi+is+nb+nn+sv
data,sv,B1,2733,stechen,durt,Torkama,FAMILY_COPY_STRICT,fi+is+nb+nn+sv
data,it,B1,2733,stechen,durt,Durt,FAMILY_COPY_STRICT,it+lb+nl+pt
data,lb,B1,2733,stechen,durt,Durt,FAMILY_COPY_STRICT,it+lb+nl+pt
data,nl,B1,2733,stechen,durt,Durt,FAMILY_COPY_STRICT,it+lb+nl+pt
data,pt,B1,2733,stechen,durt,Durt,FAMILY_COPY_STRICT,it+lb+nl+pt
data,pl,B1,2733,stechen,durt,Zasztyletować,FAMILY_COPY_STRICT,pl+sk
data,sk,B1,2733,stechen,durt,Zasztyletować,FAMILY_COPY_STRICT,pl+sk
data,sq,B1,2733,stechen,durt,Bıçaklama,FAMILY_COPY_STRICT,sq+tr
data,tr,B1,2733,stechen,durt,Bıçaklama,FAMILY_COPY_STRICT,sq+tr
data,hr,B1,2734,stecken,iespraust,Свържете се,SCRIPT_MISMATCH,
data,hr,B1,2734,stecken,iespraust,Свържете се,MARKER_LEAK,foreign_script
data,it,B1,2734,stecken,iespraust,Iespraust,SAME_AS_LV_CASEFOLD,casefold_only
data,nl,B1,2734,stecken,iespraust,Iespraust,SAME_AS_LV_CASEFOLD,casefold_only
data,pt,B1,2734,stecken,iespraust,Iespraust,SAME_AS_LV_CASEFOLD,casefold_only
data,sk,B1,2734,stecken,iespraust,Włączać do kontaktu,MARKER_LEAK,pl_l_s_z+pl_lt_nasal
data,sl,B1,2734,stecken,iespraust,iespraust,SAME_AS_LV_CASEFOLD,exact
data,bg,B1,2734,stecken,iespraust,Свържете се,FAMILY_COPY_STRICT,bg+hr+mk+sr
data,hr,B1,2734,stecken,iespraust,Свържете се,FAMILY_COPY_STRICT,bg+hr+mk+sr
data,mk,B1,2734,stecken,iespraust,Свържете се,FAMILY_COPY_STRICT,bg+hr+mk+sr
data,sr,B1,2734,stecken,iespraust,Свържете се,FAMILY_COPY_STRICT,bg+hr+mk+sr
data,fi,B1,2734,stecken,iespraust,Sisse pistma,FAMILY_COPY_STRICT,fi+is+nb+nn+sv
data,is,B1,2734,stecken,iespraust,Sisse pistma,FAMILY_COPY_STRICT,fi+is+nb+nn+sv
data,nb,B1,2734,stecken,iespraust,Sisse pistma,FAMILY_COPY_STRICT,fi+is+nb+nn+sv
data,nn,B1,2734,stecken,iespraust,Sisse pistma,FAMILY_COPY_STRICT,fi+is+nb+nn+sv
data,sv,B1,2734,stecken,iespraust,Sisse pistma,FAMILY_COPY_STRICT,fi+is+nb+nn+sv
data,it,B1,2734,stecken,iespraust,Iespraust,FAMILY_COPY_STRICT,it+nl+pt
data,nl,B1,2734,stecken,iespraust,Iespraust,FAMILY_COPY_STRICT,it+nl+pt
data,pt,B1,2734,stecken,iespraust,Iespraust,FAMILY_COPY_STRICT,it+nl+pt
data,pl,B1,2734,stecken,iespraust,Włączać do kontaktu,FAMILY_COPY_STRICT,pl+sk
data,sk,B1,2734,stecken,iespraust,Włączać do kontaktu,FAMILY_COPY_STRICT,pl+sk
data,sq,B1,2734,stecken,iespraust,Tak,FAMILY_COPY_STRICT,sq+tr
data,tr,B1,2734,stecken,iespraust,Tak,FAMILY_COPY_STRICT,sq+tr
data,fi,B1,2735,Stecknadel,kniepadata,Nõel,MARKER_LEAK,et_otilde
data,hr,B1,2735,Stecknadel,kniepadata,ПИН,SCRIPT_MISMATCH,
data,hr,B1,2735,Stecknadel,kniepadata,ПИН,MARKER_LEAK,foreign_script
data,it,B1,2735,Stecknadel,kniepadata,Kniepadata,SAME_AS_LV_CASEFOLD,casefold_only
data,lb,B1,2735,Stecknadel,kniepadata,Kniepadata,SAME_AS_LV_CASEFOLD,casefold_only
data,nl,B1,2735,Stecknadel,kniepadata,Kniepadata,SAME_AS_LV_CASEFOLD,casefold_only
data,pt,B1,2735,Stecknadel,kniepadata,Kniepadata,SAME_AS_LV_CASEFOLD,casefold_only
data,sl,B1,2735,Stecknadel,kniepadata,kniepadata,SAME_AS_LV_CASEFOLD,exact
data,sv,B1,2735,Stecknadel,kniepadata,Nõel,MARKER_LEAK,et_otilde
data,bg,B1,2735,Stecknadel,kniepadata,ПИН,FAMILY_COPY_STRICT,bg+hr+mk+sr
data,hr,B1,2735,Stecknadel,kniepadata,ПИН,FAMILY_COPY_STRICT,bg+hr+mk+sr
data,mk,B1,2735,Stecknadel,kniepadata,ПИН,FAMILY_COPY_STRICT,bg+hr+mk+sr
data,sr,B1,2735,Stecknadel,kniepadata,ПИН,FAMILY_COPY_STRICT,bg+hr+mk+sr
data,en,B1,2735,Stecknadel,kniepadata,Pin,FAMILY_COPY_STRICT,en+hu+ro
data,hu,B1,2735,Stecknadel,kniepadata,Pin,FAMILY_COPY_STRICT,en+hu+ro
data,ro,B1,2735,Stecknadel,kniepadata,Pin,FAMILY_COPY_STRICT,en+hu+ro
data,fi,B1,2735,Stecknadel,kniepadata,Nõel,FAMILY_COPY_STRICT,fi+sv
data,sv,B1,2735,Stecknadel,kniepadata,Nõel,FAMILY_COPY_STRICT,fi+sv
data,is,B1,2735,Stecknadel,kniepadata,Nålen,FAMILY_COPY_STRICT,is+nb+nn
data,nb,B1,2735,Stecknadel,kniepadata,Nålen,FAMILY_COPY_STRICT,is+nb+nn
data,nn,B1,2735,Stecknadel,kniepadata,Nålen,FAMILY_COPY_STRICT,is+nb+nn
data,it,B1,2735,Stecknadel,kniepadata,Kniepadata,FAMILY_COPY_STRICT,it+lb+nl+pt
data,lb,B1,2735,Stecknadel,kniepadata,Kniepadata,FAMILY_COPY_STRICT,it+lb+nl+pt
data,nl,B1,2735,Stecknadel,kniepadata,Kniepadata,FAMILY_COPY_STRICT,it+lb+nl+pt
data,pt,B1,2735,Stecknadel,kniepadata,Kniepadata,FAMILY_COPY_STRICT,it+lb+nl+pt
data,pl,B1,2735,Stecknadel,kniepadata,Szpilka,FAMILY_COPY_STRICT,pl+sk
data,sk,B1,2735,Stecknadel,kniepadata,Szpilka,FAMILY_COPY_STRICT,pl+sk
data,sq,B1,2735,Stecknadel,kniepadata,Sabitle,FAMILY_COPY_STRICT,sq+tr
data,tr,B1,2735,Stecknadel,kniepadata,Sabitle,FAMILY_COPY_STRICT,sq+tr
data,hr,B1,2736,steif,stīvs,Трудно,SCRIPT_MISMATCH,
data,hr,B1,2736,steif,stīvs,Трудно,MARKER_LEAK,foreign_script
data,it,B1,2736,steif,stīvs,Stīvs,SAME_AS_LV_CASEFOLD,casefold_only
data,it,B1,2736,steif,stīvs,Stīvs,LV_DIACRITIC,
data,it,B1,2736,steif,stīvs,Stīvs,MARKER_LEAK,lv_macron_consonant
data,lb,B1,2736,steif,stīvs,Stīvs,SAME_AS_LV_CASEFOLD,casefold_only
data,lb,B1,2736,steif,stīvs,Stīvs,LV_DIACRITIC,
data,lb,B1,2736,steif,stīvs,Stīvs,MARKER_LEAK,lv_macron_consonant
data,nl,B1,2736,steif,stīvs,Stīvs,SAME_AS_LV_CASEFOLD,casefold_only
data,nl,B1,2736,steif,stīvs,Stīvs,LV_DIACRITIC,
data,nl,B1,2736,steif,stīvs,Stīvs,MARKER_LEAK,lv_macron_consonant
data,sl,B1,2736,steif,stīvs,stīvs,SAME_AS_LV_CASEFOLD,exact
data,sl,B1,2736,steif,stīvs,stīvs,LV_DIACRITIC,
data,sl,B1,2736,steif,stīvs,stīvs,MARKER_LEAK,lv_macron_consonant
data,bg,B1,2736,steif,stīvs,Трудно,FAMILY_COPY_STRICT,bg+hr+mk+sr
data,hr,B1,2736,steif,stīvs,Трудно,FAMILY_COPY_STRICT,bg+hr+mk+sr
data,mk,B1,2736,steif,stīvs,Трудно,FAMILY_COPY_STRICT,bg+hr+mk+sr
data,sr,B1,2736,steif,stīvs,Трудно,FAMILY_COPY_STRICT,bg+hr+mk+sr
data,fi,B1,2736,steif,stīvs,Jäik,FAMILY_COPY_STRICT,fi+is+nb+nn+sv
data,is,B1,2736,steif,stīvs,Jäik,FAMILY_COPY_STRICT,fi+is+nb+nn+sv
data,nb,B1,2736,steif,stīvs,Jäik,FAMILY_COPY_STRICT,fi+is+nb+nn+sv
data,nn,B1,2736,steif,stīvs,Jäik,FAMILY_COPY_STRICT,fi+is+nb+nn+sv
data,sv,B1,2736,steif,stīvs,Jäik,FAMILY_COPY_STRICT,fi+is+nb+nn+sv
data,it,B1,2736,steif,stīvs,Stīvs,FAMILY_COPY_STRICT,it+lb+nl
data,lb,B1,2736,steif,stīvs,Stīvs,FAMILY_COPY_STRICT,it+lb+nl
data,nl,B1,2736,steif,stīvs,Stīvs,FAMILY_COPY_STRICT,it+lb+nl
data,pl,B1,2736,steif,stīvs,Sztywny,FAMILY_COPY_STRICT,pl+sk+sq+tr
data,sk,B1,2736,steif,stīvs,Sztywny,FAMILY_COPY_STRICT,pl+sk+sq+tr
data,sq,B1,2736,steif,stīvs,Sztywny,FAMILY_COPY_STRICT,pl+sk+sq+tr
data,tr,B1,2736,steif,stīvs,Sztywny,FAMILY_COPY_STRICT,pl+sk+sq+tr
data,hr,B1,2737,steigern,palielināt,Увеличете,SCRIPT_MISMATCH,
data,hr,B1,2737,steigern,palielināt,Увеличете,MARKER_LEAK,foreign_script
data,it,B1,2737,steigern,palielināt,Palielināt,SAME_AS_LV_CASEFOLD,casefold_only
data,it,B1,2737,steigern,palielināt,Palielināt,LV_DIACRITIC,
data,it,B1,2737,steigern,palielināt,Palielināt,MARKER_LEAK,lv_macron_consonant
data,lb,B1,2737,steigern,palielināt,Palielināt,SAME_AS_LV_CASEFOLD,casefold_only
data,lb,B1,2737,steigern,palielināt,Palielināt,LV_DIACRITIC,
data,lb,B1,2737,steigern,palielināt,Palielināt,MARKER_LEAK,lv_macron_consonant
data,nl,B1,2737,steigern,palielināt,Palielināt,SAME_AS_LV_CASEFOLD,casefold_only
data,nl,B1,2737,steigern,palielināt,Palielināt,LV_DIACRITIC,
data,nl,B1,2737,steigern,palielināt,Palielināt,MARKER_LEAK,lv_macron_consonant
data,sk,B1,2737,steigern,palielināt,Zwiększyć,MARKER_LEAK,pl_lt_nasal
data,sl,B1,2737,steigern,palielināt,palielināt,SAME_AS_LV_CASEFOLD,exact
data,sl,B1,2737,steigern,palielināt,palielināt,LV_DIACRITIC,
data,sl,B1,2737,steigern,palielināt,palielināt,MARKER_LEAK,lv_macron_consonant
data,sq,B1,2737,steigern,palielināt,Arttırmak,MARKER_LEAK,tr_soft
data,bg,B1,2737,steigern,palielināt,Увеличете,FAMILY_COPY_STRICT,bg+hr+mk+sr
data,hr,B1,2737,steigern,palielināt,Увеличете,FAMILY_COPY_STRICT,bg+hr+mk+sr
data,mk,B1,2737,steigern,palielināt,Увеличете,FAMILY_COPY_STRICT,bg+hr+mk+sr
data,sr,B1,2737,steigern,palielināt,Увеличете,FAMILY_COPY_STRICT,bg+hr+mk+sr
data,fi,B1,2737,steigern,palielināt,Suurendama,FAMILY_COPY_STRICT,fi+is+nb+nn+sv
data,is,B1,2737,steigern,palielināt,Suurendama,FAMILY_COPY_STRICT,fi+is+nb+nn+sv
data,nb,B1,2737,steigern,palielināt,Suurendama,FAMILY_COPY_STRICT,fi+is+nb+nn+sv
data,nn,B1,2737,steigern,palielināt,Suurendama,FAMILY_COPY_STRICT,fi+is+nb+nn+sv
data,sv,B1,2737,steigern,palielināt,Suurendama,FAMILY_COPY_STRICT,fi+is+nb+nn+sv
data,it,B1,2737,steigern,palielināt,Palielināt,FAMILY_COPY_STRICT,it+lb+nl
data,lb,B1,2737,steigern,palielināt,Palielināt,FAMILY_COPY_STRICT,it+lb+nl
data,nl,B1,2737,steigern,palielināt,Palielināt,FAMILY_COPY_STRICT,it+lb+nl
data,pl,B1,2737,steigern,palielināt,Zwiększyć,FAMILY_COPY_STRICT,pl+sk
data,sk,B1,2737,steigern,palielināt,Zwiększyć,FAMILY_COPY_STRICT,pl+sk
data,sq,B1,2737,steigern,palielināt,Arttırmak,FAMILY_COPY_STRICT,sq+tr
data,tr,B1,2737,steigern,palielināt,Arttırmak,FAMILY_COPY_STRICT,sq+tr
data,hr,B1,2738,steil,stāvs,Кат,SCRIPT_MISMATCH,
data,hr,B1,2738,steil,stāvs,Кат,MARKER_LEAK,foreign_script
data,lb,B1,2738,steil,stāvs,Stāvs,SAME_AS_LV_CASEFOLD,casefold_only
data,lb,B1,2738,steil,stāvs,Stāvs,LV_DIACRITIC,
data,lb,B1,2738,steil,stāvs,Stāvs,MARKER_LEAK,lv_macron_consonant
data,nl,B1,2738,steil,stāvs,Stāvs,SAME_AS_LV_CASEFOLD,casefold_only
data,nl,B1,2738,steil,stāvs,Stāvs,LV_DIACRITIC,
data,nl,B1,2738,steil,stāvs,Stāvs,MARKER_LEAK,lv_macron_consonant
data,sl,B1,2738,steil,stāvs,stāvs,SAME_AS_LV_CASEFOLD,exact
data,sl,B1,2738,steil,stāvs,stāvs,LV_DIACRITIC,
data,sl,B1,2738,steil,stāvs,stāvs,MARKER_LEAK,lv_macron_consonant
data,fi,B1,2738,steil,stāvs,Järsk,FAMILY_COPY_STRICT,fi+is+nb+nn+sv
data,is,B1,2738,steil,stāvs,Järsk,FAMILY_COPY_STRICT,fi+is+nb+nn+sv
data,nb,B1,2738,steil,stāvs,Järsk,FAMILY_COPY_STRICT,fi+is+nb+nn+sv
data,nn,B1,2738,steil,stāvs,Järsk,FAMILY_COPY_STRICT,fi+is+nb+nn+sv
data,sv,B1,2738,steil,stāvs,Järsk,FAMILY_COPY_STRICT,fi+is+nb+nn+sv
data,hr,B1,2738,steil,stāvs,Кат,FAMILY_COPY_STRICT,hr+mk+sr
data,mk,B1,2738,steil,stāvs,Кат,FAMILY_COPY_STRICT,hr+mk+sr
data,sr,B1,2738,steil,stāvs,Кат,FAMILY_COPY_STRICT,hr+mk+sr
data,lb,B1,2738,steil,stāvs,Stāvs,FAMILY_COPY_STRICT,lb+nl
data,nl,B1,2738,steil,stāvs,Stāvs,FAMILY_COPY_STRICT,lb+nl
data,bs,B1,2739,Steingut,keramika,Keramika,SAME_AS_LV_CASEFOLD,casefold_only
data,hr,B1,2739,Steingut,keramika,Керамика,SCRIPT_MISMATCH,
data,hr,B1,2739,Steingut,keramika,Керамика,MARKER_LEAK,foreign_script
data,it,B1,2739,Steingut,keramika,Keramika,SAME_AS_LV_CASEFOLD,casefold_only
data,lb,B1,2739,Steingut,keramika,Keramika,SAME_AS_LV_CASEFOLD,casefold_only
data,lt,B1,2739,Steingut,keramika,keramika,SAME_AS_LV_CASEFOLD,exact
data,nl,B1,2739,Steingut,keramika,Keramika,SAME_AS_LV_CASEFOLD,casefold_only
data,sl,B1,2739,Steingut,keramika,keramika,SAME_AS_LV_CASEFOLD,exact
data,bg,B1,2739,Steingut,keramika,Керамика,FAMILY_COPY_STRICT,bg+hr+mk+ru+sr
data,hr,B1,2739,Steingut,keramika,Керамика,FAMILY_COPY_STRICT,bg+hr+mk+ru+sr
data,mk,B1,2739,Steingut,keramika,Керамика,FAMILY_COPY_STRICT,bg+hr+mk+ru+sr
data,ru,B1,2739,Steingut,keramika,Керамика,FAMILY_COPY_STRICT,bg+hr+mk+ru+sr
data,sr,B1,2739,Steingut,keramika,Керамика,FAMILY_COPY_STRICT,bg+hr+mk+ru+sr
data,bs,B1,2739,Steingut,keramika,Keramika,FAMILY_COPY_STRICT,bs+it+lb+nl
data,it,B1,2739,Steingut,keramika,Keramika,FAMILY_COPY_STRICT,bs+it+lb+nl
data,lb,B1,2739,Steingut,keramika,Keramika,FAMILY_COPY_STRICT,bs+it+lb+nl
data,nl,B1,2739,Steingut,keramika,Keramika,FAMILY_COPY_STRICT,bs+it+lb+nl
data,fi,B1,2739,Steingut,keramika,Keraamika,FAMILY_COPY_STRICT,fi+is+nb+nn+sv
data,is,B1,2739,Steingut,keramika,Keraamika,FAMILY_COPY_STRICT,fi+is+nb+nn+sv
data,nb,B1,2739,Steingut,keramika,Keraamika,FAMILY_COPY_STRICT,fi+is+nb+nn+sv
data,nn,B1,2739,Steingut,keramika,Keraamika,FAMILY_COPY_STRICT,fi+is+nb+nn+sv
data,sv,B1,2739,Steingut,keramika,Keraamika,FAMILY_COPY_STRICT,fi+is+nb+nn+sv
data,pl,B1,2739,Steingut,keramika,Ceramika,FAMILY_COPY_STRICT,pl+sk+sq+tr
data,sk,B1,2739,Steingut,keramika,Ceramika,FAMILY_COPY_STRICT,pl+sk+sq+tr
data,sq,B1,2739,Steingut,keramika,Ceramika,FAMILY_COPY_STRICT,pl+sk+sq+tr
data,tr,B1,2739,Steingut,keramika,Ceramika,FAMILY_COPY_STRICT,pl+sk+sq+tr
data,hr,B1,2740,steinig,akmeņains,Роки,SCRIPT_MISMATCH,
data,hr,B1,2740,steinig,akmeņains,Роки,MARKER_LEAK,foreign_script
data,it,B1,2740,steinig,akmeņains,Akmeņains,SAME_AS_LV_CASEFOLD,casefold_only
data,it,B1,2740,steinig,akmeņains,Akmeņains,LV_DIACRITIC,
data,it,B1,2740,steinig,akmeņains,Akmeņains,MARKER_LEAK,lv_macron_consonant
data,lb,B1,2740,steinig,akmeņains,Akmeņains,SAME_AS_LV_CASEFOLD,casefold_only
data,lb,B1,2740,steinig,akmeņains,Akmeņains,LV_DIACRITIC,
data,lb,B1,2740,steinig,akmeņains,Akmeņains,MARKER_LEAK,lv_macron_consonant
data,nl,B1,2740,steinig,akmeņains,Akmeņains,SAME_AS_LV_CASEFOLD,casefold_only
data,nl,B1,2740,steinig,akmeņains,Akmeņains,LV_DIACRITIC,
data,nl,B1,2740,steinig,akmeņains,Akmeņains,MARKER_LEAK,lv_macron_consonant
data,pt,B1,2740,steinig,akmeņains,Akmeņains,SAME_AS_LV_CASEFOLD,casefold_only
data,pt,B1,2740,steinig,akmeņains,Akmeņains,LV_DIACRITIC,
data,pt,B1,2740,steinig,akmeņains,Akmeņains,MARKER_LEAK,lv_macron_consonant
data,sl,B1,2740,steinig,akmeņains,akmeņains,SAME_AS_LV_CASEFOLD,exact
data,sl,B1,2740,steinig,akmeņains,akmeņains,LV_DIACRITIC,
data,sl,B1,2740,steinig,akmeņains,akmeņains,MARKER_LEAK,lv_macron_consonant
data,bg,B1,2740,steinig,akmeņains,Роки,FAMILY_COPY_STRICT,bg+hr+mk+sr
data,hr,B1,2740,steinig,akmeņains,Роки,FAMILY_COPY_STRICT,bg+hr+mk+sr
data,mk,B1,2740,steinig,akmeņains,Роки,FAMILY_COPY_STRICT,bg+hr+mk+sr
data,sr,B1,2740,steinig,akmeņains,Роки,FAMILY_COPY_STRICT,bg+hr+mk+sr
data,fi,B1,2740,steinig,akmeņains,Kivine,FAMILY_COPY_STRICT,fi+is+nb+nn+sv
data,is,B1,2740,steinig,akmeņains,Kivine,FAMILY_COPY_STRICT,fi+is+nb+nn+sv
data,nb,B1,2740,steinig,akmeņains,Kivine,FAMILY_COPY_STRICT,fi+is+nb+nn+sv
data,nn,B1,2740,steinig,akmeņains,Kivine,FAMILY_COPY_STRICT,fi+is+nb+nn+sv
data,sv,B1,2740,steinig,akmeņains,Kivine,FAMILY_COPY_STRICT,fi+is+nb+nn+sv
data,it,B1,2740,steinig,akmeņains,Akmeņains,FAMILY_COPY_STRICT,it+lb+nl+pt
data,lb,B1,2740,steinig,akmeņains,Akmeņains,FAMILY_COPY_STRICT,it+lb+nl+pt
data,nl,B1,2740,steinig,akmeņains,Akmeņains,FAMILY_COPY_STRICT,it+lb+nl+pt
data,pt,B1,2740,steinig,akmeņains,Akmeņains,FAMILY_COPY_STRICT,it+lb+nl+pt
data,pl,B1,2740,steinig,akmeņains,Skalisty,FAMILY_COPY_STRICT,pl+sk+sq+tr
data,sk,B1,2740,steinig,akmeņains,Skalisty,FAMILY_COPY_STRICT,pl+sk+sq+tr
data,sq,B1,2740,steinig,akmeņains,Skalisty,FAMILY_COPY_STRICT,pl+sk+sq+tr
data,tr,B1,2740,steinig,akmeņains,Skalisty,FAMILY_COPY_STRICT,pl+sk+sq+tr
data,hr,B1,2741,Steinkohle,akmeņogles,Въглища,SCRIPT_MISMATCH,
data,hr,B1,2741,Steinkohle,akmeņogles,Въглища,MARKER_LEAK,foreign_script
data,it,B1,2741,Steinkohle,akmeņogles,Akmeņogles,SAME_AS_LV_CASEFOLD,casefold_only
data,it,B1,2741,Steinkohle,akmeņogles,Akmeņogles,LV_DIACRITIC,
data,it,B1,2741,Steinkohle,akmeņogles,Akmeņogles,MARKER_LEAK,lv_macron_consonant
data,lb,B1,2741,Steinkohle,akmeņogles,Akmeņogles,SAME_AS_LV_CASEFOLD,casefold_only
data,lb,B1,2741,Steinkohle,akmeņogles,Akmeņogles,LV_DIACRITIC,
data,lb,B1,2741,Steinkohle,akmeņogles,Akmeņogles,MARKER_LEAK,lv_macron_consonant
data,nl,B1,2741,Steinkohle,akmeņogles,Akmeņogles,SAME_AS_LV_CASEFOLD,casefold_only
data,nl,B1,2741,Steinkohle,akmeņogles,Akmeņogles,LV_DIACRITIC,
data,nl,B1,2741,Steinkohle,akmeņogles,Akmeņogles,MARKER_LEAK,lv_macron_consonant
data,sk,B1,2741,Steinkohle,akmeņogles,Węgiel,MARKER_LEAK,pl_lt_nasal
data,sl,B1,2741,Steinkohle,akmeņogles,akmeņogles,SAME_AS_LV_CASEFOLD,exact
data,sl,B1,2741,Steinkohle,akmeņogles,akmeņogles,LV_DIACRITIC,
data,sl,B1,2741,Steinkohle,akmeņogles,akmeņogles,MARKER_LEAK,lv_macron_consonant
data,bg,B1,2741,Steinkohle,akmeņogles,Въглища,FAMILY_COPY_STRICT,bg+hr+mk+sr
data,hr,B1,2741,Steinkohle,akmeņogles,Въглища,FAMILY_COPY_STRICT,bg+hr+mk+sr
data,mk,B1,2741,Steinkohle,akmeņogles,Въглища,FAMILY_COPY_STRICT,bg+hr+mk+sr
data,sr,B1,2741,Steinkohle,akmeņogles,Въглища,FAMILY_COPY_STRICT,bg+hr+mk+sr
data,fi,B1,2741,Steinkohle,akmeņogles,Kivisüsi,FAMILY_COPY_STRICT,fi+is+nb+nn+sv
data,is,B1,2741,Steinkohle,akmeņogles,Kivisüsi,FAMILY_COPY_STRICT,fi+is+nb+nn+sv
data,nb,B1,2741,Steinkohle,akmeņogles,Kivisüsi,FAMILY_COPY_STRICT,fi+is+nb+nn+sv
data,nn,B1,2741,Steinkohle,akmeņogles,Kivisüsi,FAMILY_COPY_STRICT,fi+is+nb+nn+sv
data,sv,B1,2741,Steinkohle,akmeņogles,Kivisüsi,FAMILY_COPY_STRICT,fi+is+nb+nn+sv
data,it,B1,2741,Steinkohle,akmeņogles,Akmeņogles,FAMILY_COPY_STRICT,it+lb+nl
data,lb,B1,2741,Steinkohle,akmeņogles,Akmeņogles,FAMILY_COPY_STRICT,it+lb+nl
data,nl,B1,2741,Steinkohle,akmeņogles,Akmeņogles,FAMILY_COPY_STRICT,it+lb+nl
data,pl,B1,2741,Steinkohle,akmeņogles,Węgiel,FAMILY_COPY_STRICT,pl+sk
data,sk,B1,2741,Steinkohle,akmeņogles,Węgiel,FAMILY_COPY_STRICT,pl+sk
data,sq,B1,2741,Steinkohle,akmeņogles,Kömür,FAMILY_COPY_STRICT,sq+tr
data,tr,B1,2741,Steinkohle,akmeņogles,Kömür,FAMILY_COPY_STRICT,sq+tr
data,gr,B1,2742,Steinpilz,baravika,Βράχος boletus,SCRIPT_MISMATCH,
data,gr,B1,2742,Steinpilz,baravika,Βράχος boletus,MARKER_LEAK,latin_in_greek
data,hr,B1,2742,Steinpilz,baravika,Манатарка,SCRIPT_MISMATCH,
data,hr,B1,2742,Steinpilz,baravika,Манатарка,MARKER_LEAK,foreign_script
data,it,B1,2742,Steinpilz,baravika,Baravika,SAME_AS_LV_CASEFOLD,casefold_only
data,lb,B1,2742,Steinpilz,baravika,Baravika,SAME_AS_LV_CASEFOLD,casefold_only
data,nl,B1,2742,Steinpilz,baravika,Baravika,SAME_AS_LV_CASEFOLD,casefold_only
data,pt,B1,2742,Steinpilz,baravika,Baravika,SAME_AS_LV_CASEFOLD,casefold_only
data,sl,B1,2742,Steinpilz,baravika,baravika,SAME_AS_LV_CASEFOLD,exact
data,bg,B1,2742,Steinpilz,baravika,Манатарка,FAMILY_COPY_STRICT,bg+hr+mk+sr
data,hr,B1,2742,Steinpilz,baravika,Манатарка,FAMILY_COPY_STRICT,bg+hr+mk+sr
data,mk,B1,2742,Steinpilz,baravika,Манатарка,FAMILY_COPY_STRICT,bg+hr+mk+sr
data,sr,B1,2742,Steinpilz,baravika,Манатарка,FAMILY_COPY_STRICT,bg+hr+mk+sr
data,da,B1,2742,Steinpilz,baravika,Boletus,FAMILY_COPY_STRICT,da+en+ro
data,en,B1,2742,Steinpilz,baravika,Boletus,FAMILY_COPY_STRICT,da+en+ro
data,ro,B1,2742,Steinpilz,baravika,Boletus,FAMILY_COPY_STRICT,da+en+ro
data,fi,B1,2742,Steinpilz,baravika,Kivipuravik,FAMILY_COPY_STRICT,fi+is+nb+nn+sv
data,is,B1,2742,Steinpilz,baravika,Kivipuravik,FAMILY_COPY_STRICT,fi+is+nb+nn+sv
data,nb,B1,2742,Steinpilz,baravika,Kivipuravik,FAMILY_COPY_STRICT,fi+is+nb+nn+sv
data,nn,B1,2742,Steinpilz,baravika,Kivipuravik,FAMILY_COPY_STRICT,fi+is+nb+nn+sv
data,sv,B1,2742,Steinpilz,baravika,Kivipuravik,FAMILY_COPY_STRICT,fi+is+nb+nn+sv
data,it,B1,2742,Steinpilz,baravika,Baravika,FAMILY_COPY_STRICT,it+lb+nl+pt
data,lb,B1,2742,Steinpilz,baravika,Baravika,FAMILY_COPY_STRICT,it+lb+nl+pt
data,nl,B1,2742,Steinpilz,baravika,Baravika,FAMILY_COPY_STRICT,it+lb+nl+pt
data,pt,B1,2742,Steinpilz,baravika,Baravika,FAMILY_COPY_STRICT,it+lb+nl+pt
data,pl,B1,2742,Steinpilz,baravika,Borowik,FAMILY_COPY_STRICT,pl+sk+sq+tr
data,sk,B1,2742,Steinpilz,baravika,Borowik,FAMILY_COPY_STRICT,pl+sk+sq+tr
data,sq,B1,2742,Steinpilz,baravika,Borowik,FAMILY_COPY_STRICT,pl+sk+sq+tr
data,tr,B1,2742,Steinpilz,baravika,Borowik,FAMILY_COPY_STRICT,pl+sk+sq+tr
data,hr,B1,2743,Stellung,stāvoklis,Състояние,SCRIPT_MISMATCH,
data,hr,B1,2743,Stellung,stāvoklis,Състояние,MARKER_LEAK,foreign_script
data,lb,B1,2743,Stellung,stāvoklis,Stāvoklis,SAME_AS_LV_CASEFOLD,casefold_only
data,lb,B1,2743,Stellung,stāvoklis,Stāvoklis,LV_DIACRITIC,
data,lb,B1,2743,Stellung,stāvoklis,Stāvoklis,MARKER_LEAK,lv_macron_consonant
data,nl,B1,2743,Stellung,stāvoklis,Stāvoklis,SAME_AS_LV_CASEFOLD,casefold_only
data,nl,B1,2743,Stellung,stāvoklis,Stāvoklis,LV_DIACRITIC,
data,nl,B1,2743,Stellung,stāvoklis,Stāvoklis,MARKER_LEAK,lv_macron_consonant
data,sl,B1,2743,Stellung,stāvoklis,stāvoklis,SAME_AS_LV_CASEFOLD,exact
data,sl,B1,2743,Stellung,stāvoklis,stāvoklis,LV_DIACRITIC,
data,sl,B1,2743,Stellung,stāvoklis,stāvoklis,MARKER_LEAK,lv_macron_consonant
data,bg,B1,2743,Stellung,stāvoklis,Състояние,FAMILY_COPY_STRICT,bg+hr+mk+sr
data,hr,B1,2743,Stellung,stāvoklis,Състояние,FAMILY_COPY_STRICT,bg+hr+mk+sr
data,mk,B1,2743,Stellung,stāvoklis,Състояние,FAMILY_COPY_STRICT,bg+hr+mk+sr
data,sr,B1,2743,Stellung,stāvoklis,Състояние,FAMILY_COPY_STRICT,bg+hr+mk+sr
data,cs,B1,2743,Stellung,stāvoklis,Stav,FAMILY_COPY_STRICT,cs+sk
data,sk,B1,2743,Stellung,stāvoklis,Stav,FAMILY_COPY_STRICT,cs+sk
data,fi,B1,2743,Stellung,stāvoklis,Positsioon,FAMILY_COPY_STRICT,fi+is+nb+nn+sv
data,is,B1,2743,Stellung,stāvoklis,Positsioon,FAMILY_COPY_STRICT,fi+is+nb+nn+sv
data,nb,B1,2743,Stellung,stāvoklis,Positsioon,FAMILY_COPY_STRICT,fi+is+nb+nn+sv
data,nn,B1,2743,Stellung,stāvoklis,Positsioon,FAMILY_COPY_STRICT,fi+is+nb+nn+sv
data,sv,B1,2743,Stellung,stāvoklis,Positsioon,FAMILY_COPY_STRICT,fi+is+nb+nn+sv
data,it,B1,2743,Stellung,stāvoklis,Stavoklis,FAMILY_COPY_STRICT,it+pt
data,pt,B1,2743,Stellung,stāvoklis,Stavoklis,FAMILY_COPY_STRICT,it+pt
data,lb,B1,2743,Stellung,stāvoklis,Stāvoklis,FAMILY_COPY_STRICT,lb+nl
data,nl,B1,2743,Stellung,stāvoklis,Stāvoklis,FAMILY_COPY_STRICT,lb+nl
data,sq,B1,2743,Stellung,stāvoklis,Durum,FAMILY_COPY_STRICT,sq+tr
data,tr,B1,2743,Stellung,stāvoklis,Durum,FAMILY_COPY_STRICT,sq+tr
data,hr,B1,2744,sterblich,mirstīgs,Смъртен,SCRIPT_MISMATCH,
data,hr,B1,2744,sterblich,mirstīgs,Смъртен,MARKER_LEAK,foreign_script
data,sk,B1,2744,sterblich,mirstīgs,Śmiertelny,MARKER_LEAK,pl_l_s_z
data,sl,B1,2744,sterblich,mirstīgs,mirstīgs,SAME_AS_LV_CASEFOLD,exact
data,sl,B1,2744,sterblich,mirstīgs,mirstīgs,LV_DIACRITIC,
data,sl,B1,2744,sterblich,mirstīgs,mirstīgs,MARKER_LEAK,lv_macron_consonant
data,sq,B1,2744,sterblich,mirstīgs,Śmiertelny,MARKER_LEAK,pl_l_s_z
data,tr,B1,2744,sterblich,mirstīgs,Śmiertelny,MARKER_LEAK,pl_l_s_z
data,bg,B1,2744,sterblich,mirstīgs,Смъртен,FAMILY_COPY_STRICT,bg+hr+mk+sr
data,hr,B1,2744,sterblich,mirstīgs,Смъртен,FAMILY_COPY_STRICT,bg+hr+mk+sr
data,mk,B1,2744,sterblich,mirstīgs,Смъртен,FAMILY_COPY_STRICT,bg+hr+mk+sr
data,sr,B1,2744,sterblich,mirstīgs,Смъртен,FAMILY_COPY_STRICT,bg+hr+mk+sr
data,fi,B1,2744,sterblich,mirstīgs,Surelik,FAMILY_COPY_STRICT,fi+is+nb+nn+sv
data,is,B1,2744,sterblich,mirstīgs,Surelik,FAMILY_COPY_STRICT,fi+is+nb+nn+sv
data,nb,B1,2744,sterblich,mirstīgs,Surelik,FAMILY_COPY_STRICT,fi+is+nb+nn+sv
data,nn,B1,2744,sterblich,mirstīgs,Surelik,FAMILY_COPY_STRICT,fi+is+nb+nn+sv
data,sv,B1,2744,sterblich,mirstīgs,Surelik,FAMILY_COPY_STRICT,fi+is+nb+nn+sv
data,it,B1,2744,sterblich,mirstīgs,Sterfelijk,FAMILY_COPY_STRICT,it+lb+nl+pt
data,lb,B1,2744,sterblich,mirstīgs,Sterfelijk,FAMILY_COPY_STRICT,it+lb+nl+pt
data,nl,B1,2744,sterblich,mirstīgs,Sterfelijk,FAMILY_COPY_STRICT,it+lb+nl+pt
data,pt,B1,2744,sterblich,mirstīgs,Sterfelijk,FAMILY_COPY_STRICT,it+lb+nl+pt
data,pl,B1,2744,sterblich,mirstīgs,Śmiertelny,FAMILY_COPY_STRICT,pl+sk+sq+tr
data,sk,B1,2744,sterblich,mirstīgs,Śmiertelny,FAMILY_COPY_STRICT,pl+sk+sq+tr
data,sq,B1,2744,sterblich,mirstīgs,Śmiertelny,FAMILY_COPY_STRICT,pl+sk+sq+tr
data,tr,B1,2744,sterblich,mirstīgs,Śmiertelny,FAMILY_COPY_STRICT,pl+sk+sq+tr
data,hr,B1,2745,Sternbild,zvaigznājs,Съзвездие,SCRIPT_MISMATCH,
data,hr,B1,2745,Sternbild,zvaigznājs,Съзвездие,MARKER_LEAK,foreign_script
