tree,lang,level,index,de,lv,value,check,detail
data,en,A1,425,Mütze,cepure,Hat,FAMILY_COPY_STRICT,da+en
data,fi,A1,425,Mütze,cepure,Müts,FAMILY_COPY_STRICT,fi+sv
data,sv,A1,425,Mütze,cepure,Müts,FAMILY_COPY_STRICT,fi+sv
data,is,A1,425,Mütze,cepure,Tupp,FAMILY_COPY_STRICT,is+nb+nn
data,nb,A1,425,Mütze,cepure,Tupp,FAMILY_COPY_STRICT,is+nb+nn
data,nn,A1,425,Mütze,cepure,Tupp,FAMILY_COPY_STRICT,is+nb+nn
data,it,A1,425,Mütze,cepure,Vipure,FAMILY_COPY_STRICT,it+pt
data,pt,A1,425,Mütze,cepure,Vipure,FAMILY_COPY_STRICT,it+pt
data,hr,A1,426,nach,uz • pēc,Преди • След,SCRIPT_MISMATCH,
data,hr,A1,426,nach,uz • pēc,Преди • След,MARKER_LEAK,foreign_script
data,it,A1,426,nach,uz • pēc,Uz • Pēc,SAME_AS_LV_CASEFOLD,casefold_only
data,it,A1,426,nach,uz • pēc,Uz • Pēc,LV_DIACRITIC,
data,it,A1,426,nach,uz • pēc,Uz • Pēc,MARKER_LEAK,lv_macron_consonant
data,nl,A1,426,nach,uz • pēc,Uz • Pēc,SAME_AS_LV_CASEFOLD,casefold_only
data,nl,A1,426,nach,uz • pēc,Uz • Pēc,LV_DIACRITIC,
data,nl,A1,426,nach,uz • pēc,Uz • Pēc,MARKER_LEAK,lv_macron_consonant
data,pt,A1,426,nach,uz • pēc,Uz • Pēc,SAME_AS_LV_CASEFOLD,casefold_only
data,pt,A1,426,nach,uz • pēc,Uz • Pēc,LV_DIACRITIC,
data,pt,A1,426,nach,uz • pēc,Uz • Pēc,MARKER_LEAK,lv_macron_consonant
data,bg,A1,426,nach,uz • pēc,Преди • След,FAMILY_COPY_STRICT,bg+hr+mk+sr
data,hr,A1,426,nach,uz • pēc,Преди • След,FAMILY_COPY_STRICT,bg+hr+mk+sr
data,mk,A1,426,nach,uz • pēc,Преди • След,FAMILY_COPY_STRICT,bg+hr+mk+sr
data,sr,A1,426,nach,uz • pēc,Преди • След,FAMILY_COPY_STRICT,bg+hr+mk+sr
data,cs,A1,426,nach,uz • pēc,Do • Po,FAMILY_COPY_STRICT,cs+pl
data,pl,A1,426,nach,uz • pēc,Do • Po,FAMILY_COPY_STRICT,cs+pl
data,fi,A1,426,nach,uz • pēc,-sse • Pärast,FAMILY_COPY_STRICT,fi+sv
data,sv,A1,426,nach,uz • pēc,-sse • Pärast,FAMILY_COPY_STRICT,fi+sv
data,is,A1,426,nach,uz • pēc,-sse • ​​etter,FAMILY_COPY_STRICT,is+nb+nn
data,nb,A1,426,nach,uz • pēc,-sse • ​​etter,FAMILY_COPY_STRICT,is+nb+nn
data,nn,A1,426,nach,uz • pēc,-sse • ​​etter,FAMILY_COPY_STRICT,is+nb+nn
data,it,A1,426,nach,uz • pēc,Uz • Pēc,FAMILY_COPY_STRICT,it+nl+pt
data,nl,A1,426,nach,uz • pēc,Uz • Pēc,FAMILY_COPY_STRICT,it+nl+pt
data,pt,A1,426,nach,uz • pēc,Uz • Pēc,FAMILY_COPY_STRICT,it+nl+pt
data,fi,A1,427,Nachmittag,pēcpusdiena,Pärastlõuna,MARKER_LEAK,et_otilde
data,hr,A1,427,Nachmittag,pēcpusdiena,Ручек,SCRIPT_MISMATCH,
data,hr,A1,427,Nachmittag,pēcpusdiena,Ручек,MARKER_LEAK,foreign_script
data,it,A1,427,Nachmittag,pēcpusdiena,Pēcpusdiena,SAME_AS_LV_CASEFOLD,casefold_only
data,it,A1,427,Nachmittag,pēcpusdiena,Pēcpusdiena,LV_DIACRITIC,
data,it,A1,427,Nachmittag,pēcpusdiena,Pēcpusdiena,MARKER_LEAK,lv_macron_consonant
data,nl,A1,427,Nachmittag,pēcpusdiena,Pēcpusdiena,SAME_AS_LV_CASEFOLD,casefold_only
data,nl,A1,427,Nachmittag,pēcpusdiena,Pēcpusdiena,LV_DIACRITIC,
data,nl,A1,427,Nachmittag,pēcpusdiena,Pēcpusdiena,MARKER_LEAK,lv_macron_consonant
data,pt,A1,427,Nachmittag,pēcpusdiena,Pēcpusdiena,SAME_AS_LV_CASEFOLD,casefold_only
data,pt,A1,427,Nachmittag,pēcpusdiena,Pēcpusdiena,LV_DIACRITIC,
data,pt,A1,427,Nachmittag,pēcpusdiena,Pēcpusdiena,MARKER_LEAK,lv_macron_consonant
data,sv,A1,427,Nachmittag,pēcpusdiena,Pärastlõuna,MARKER_LEAK,et_otilde
data,fi,A1,427,Nachmittag,pēcpusdiena,Pärastlõuna,FAMILY_COPY_STRICT,fi+sv
data,sv,A1,427,Nachmittag,pēcpusdiena,Pärastlõuna,FAMILY_COPY_STRICT,fi+sv
data,hr,A1,427,Nachmittag,pēcpusdiena,Ручек,FAMILY_COPY_STRICT,hr+mk+sr
data,mk,A1,427,Nachmittag,pēcpusdiena,Ручек,FAMILY_COPY_STRICT,hr+mk+sr
data,sr,A1,427,Nachmittag,pēcpusdiena,Ручек,FAMILY_COPY_STRICT,hr+mk+sr
data,is,A1,427,Nachmittag,pēcpusdiena,Ettermiddag,FAMILY_COPY_STRICT,is+nb+nn
data,nb,A1,427,Nachmittag,pēcpusdiena,Ettermiddag,FAMILY_COPY_STRICT,is+nb+nn
data,nn,A1,427,Nachmittag,pēcpusdiena,Ettermiddag,FAMILY_COPY_STRICT,is+nb+nn
data,it,A1,427,Nachmittag,pēcpusdiena,Pēcpusdiena,FAMILY_COPY_STRICT,it+nl+pt
data,nl,A1,427,Nachmittag,pēcpusdiena,Pēcpusdiena,FAMILY_COPY_STRICT,it+nl+pt
data,pt,A1,427,Nachmittag,pēcpusdiena,Pēcpusdiena,FAMILY_COPY_STRICT,it+nl+pt
data,fi,A1,428,nachmittags,pēcpusdienā,Pärastlõunal,MARKER_LEAK,et_otilde
data,hr,A1,428,nachmittags,pēcpusdienā,Во текот на денот,SCRIPT_MISMATCH,
data,hr,A1,428,nachmittags,pēcpusdienā,Во текот на денот,MARKER_LEAK,foreign_script
data,it,A1,428,nachmittags,pēcpusdienā,Pēcpusdienā,SAME_AS_LV_CASEFOLD,casefold_only
data,it,A1,428,nachmittags,pēcpusdienā,Pēcpusdienā,LV_DIACRITIC,
data,it,A1,428,nachmittags,pēcpusdienā,Pēcpusdienā,MARKER_LEAK,lv_macron_consonant
data,nl,A1,428,nachmittags,pēcpusdienā,Pēcpusdienā,SAME_AS_LV_CASEFOLD,casefold_only
data,nl,A1,428,nachmittags,pēcpusdienā,Pēcpusdienā,LV_DIACRITIC,
data,nl,A1,428,nachmittags,pēcpusdienā,Pēcpusdienā,MARKER_LEAK,lv_macron_consonant
data,pt,A1,428,nachmittags,pēcpusdienā,Pēcpusdiena,LV_DIACRITIC,
data,pt,A1,428,nachmittags,pēcpusdienā,Pēcpusdiena,MARKER_LEAK,lv_macron_consonant
data,sv,A1,428,nachmittags,pēcpusdienā,Pärastlõunal,MARKER_LEAK,et_otilde
data,fi,A1,428,nachmittags,pēcpusdienā,Pärastlõunal,FAMILY_COPY_STRICT,fi+sv
data,sv,A1,428,nachmittags,pēcpusdienā,Pärastlõunal,FAMILY_COPY_STRICT,fi+sv
data,hr,A1,428,nachmittags,pēcpusdienā,Во текот на денот,FAMILY_COPY_STRICT,hr+mk+sr
data,mk,A1,428,nachmittags,pēcpusdienā,Во текот на денот,FAMILY_COPY_STRICT,hr+mk+sr
data,sr,A1,428,nachmittags,pēcpusdienā,Во текот на денот,FAMILY_COPY_STRICT,hr+mk+sr
data,is,A1,428,nachmittags,pēcpusdienā,Post-lúnal,FAMILY_COPY_STRICT,is+nb+nn
data,nb,A1,428,nachmittags,pēcpusdienā,Post-lúnal,FAMILY_COPY_STRICT,is+nb+nn
data,nn,A1,428,nachmittags,pēcpusdienā,Post-lúnal,FAMILY_COPY_STRICT,is+nb+nn
data,it,A1,428,nachmittags,pēcpusdienā,Pēcpusdienā,FAMILY_COPY_STRICT,it+nl
data,nl,A1,428,nachmittags,pēcpusdienā,Pēcpusdienā,FAMILY_COPY_STRICT,it+nl
data,sq,A1,428,nachmittags,pēcpusdienā,PM,FAMILY_COPY_STRICT,sq+tr
data,tr,A1,428,nachmittags,pēcpusdienā,PM,FAMILY_COPY_STRICT,sq+tr
data,hr,A1,429,Nacht,nakts,Нощ,SCRIPT_MISMATCH,
data,hr,A1,429,Nacht,nakts,Нощ,MARKER_LEAK,foreign_script
data,nl,A1,429,Nacht,nakts,Nakts,SAME_AS_LV_CASEFOLD,casefold_only
data,bg,A1,429,Nacht,nakts,Нощ,FAMILY_COPY_STRICT,bg+hr+mk+sr
data,hr,A1,429,Nacht,nakts,Нощ,FAMILY_COPY_STRICT,bg+hr+mk+sr
data,mk,A1,429,Nacht,nakts,Нощ,FAMILY_COPY_STRICT,bg+hr+mk+sr
data,sr,A1,429,Nacht,nakts,Нощ,FAMILY_COPY_STRICT,bg+hr+mk+sr
data,cs,A1,429,Nacht,nakts,Noc,FAMILY_COPY_STRICT,cs+pl+sk
data,pl,A1,429,Nacht,nakts,Noc,FAMILY_COPY_STRICT,cs+pl+sk
data,sk,A1,429,Nacht,nakts,Noc,FAMILY_COPY_STRICT,cs+pl+sk
data,fi,A1,429,Nacht,nakts,Öö,FAMILY_COPY_STRICT,fi+sv
data,sv,A1,429,Nacht,nakts,Öö,FAMILY_COPY_STRICT,fi+sv
data,is,A1,429,Nacht,nakts,Øy,FAMILY_COPY_STRICT,is+nb+nn
data,nb,A1,429,Nacht,nakts,Øy,FAMILY_COPY_STRICT,is+nb+nn
data,nn,A1,429,Nacht,nakts,Øy,FAMILY_COPY_STRICT,is+nb+nn
data,hr,A1,430,Nase,deguns,Нос,SCRIPT_MISMATCH,
data,hr,A1,430,Nase,deguns,Нос,MARKER_LEAK,foreign_script
data,nl,A1,430,Nase,deguns,Deguns,SAME_AS_LV_CASEFOLD,casefold_only
data,bg,A1,430,Nase,deguns,Нос,FAMILY_COPY_STRICT,bg+hr+mk+ru+sr
data,hr,A1,430,Nase,deguns,Нос,FAMILY_COPY_STRICT,bg+hr+mk+ru+sr
data,mk,A1,430,Nase,deguns,Нос,FAMILY_COPY_STRICT,bg+hr+mk+ru+sr
data,ru,A1,430,Nase,deguns,Нос,FAMILY_COPY_STRICT,bg+hr+mk+ru+sr
data,sr,A1,430,Nase,deguns,Нос,FAMILY_COPY_STRICT,bg+hr+mk+ru+sr
data,bs,A1,430,Nase,deguns,nos,FAMILY_COPY_STRICT,bs+sl
data,sl,A1,430,Nase,deguns,nos,FAMILY_COPY_STRICT,bs+sl
data,cs,A1,430,Nase,deguns,Nos,FAMILY_COPY_STRICT,cs+pl+sk
data,pl,A1,430,Nase,deguns,Nos,FAMILY_COPY_STRICT,cs+pl+sk
data,sk,A1,430,Nase,deguns,Nos,FAMILY_COPY_STRICT,cs+pl+sk
data,fi,A1,430,Nase,deguns,Nina,FAMILY_COPY_STRICT,fi+is+nb+nn+sv
data,is,A1,430,Nase,deguns,Nina,FAMILY_COPY_STRICT,fi+is+nb+nn+sv
data,nb,A1,430,Nase,deguns,Nina,FAMILY_COPY_STRICT,fi+is+nb+nn+sv
data,nn,A1,430,Nase,deguns,Nina,FAMILY_COPY_STRICT,fi+is+nb+nn+sv
data,sv,A1,430,Nase,deguns,Nina,FAMILY_COPY_STRICT,fi+is+nb+nn+sv
data,it,A1,430,Nase,deguns,Déguns,FAMILY_COPY_STRICT,it+pt
data,pt,A1,430,Nase,deguns,Déguns,FAMILY_COPY_STRICT,it+pt
data,it,A1,431,nass,slapjš,Slapjš,SAME_AS_LV_CASEFOLD,casefold_only
data,it,A1,431,nass,slapjš,Slapjš,LV_DIACRITIC,
data,nl,A1,431,nass,slapjš,Slapjš,SAME_AS_LV_CASEFOLD,casefold_only
data,nl,A1,431,nass,slapjš,Slapjš,LV_DIACRITIC,
data,pt,A1,431,nass,slapjš,Slapjš,SAME_AS_LV_CASEFOLD,casefold_only
data,pt,A1,431,nass,slapjš,Slapjš,LV_DIACRITIC,
data,sr,A1,431,nass,slapjš,Mokro,SCRIPT_MISMATCH,sr_as_cyrillic
data,sr,A1,431,nass,slapjš,Mokro,MARKER_LEAK,latin_in_cyrillic
data,bg,A1,431,nass,slapjš,Мокър,FAMILY_COPY_STRICT,bg+mk
data,mk,A1,431,nass,slapjš,Мокър,FAMILY_COPY_STRICT,bg+mk
data,cs,A1,431,nass,slapjš,Mokrý,FAMILY_COPY_STRICT,cs+sk
data,sk,A1,431,nass,slapjš,Mokrý,FAMILY_COPY_STRICT,cs+sk
data,fi,A1,431,nass,slapjš,Märg,FAMILY_COPY_STRICT,fi+sv
data,sv,A1,431,nass,slapjš,Märg,FAMILY_COPY_STRICT,fi+sv
data,hr,A1,431,nass,slapjš,Mokro,FAMILY_COPY_STRICT,hr+sr
data,sr,A1,431,nass,slapjš,Mokro,FAMILY_COPY_STRICT,hr+sr
data,is,A1,431,nass,slapjš,Marg,FAMILY_COPY_STRICT,is+nb+nn
data,nb,A1,431,nass,slapjš,Marg,FAMILY_COPY_STRICT,is+nb+nn
data,nn,A1,431,nass,slapjš,Marg,FAMILY_COPY_STRICT,is+nb+nn
data,it,A1,431,nass,slapjš,Slapjš,FAMILY_COPY_STRICT,it+nl+pt
data,nl,A1,431,nass,slapjš,Slapjš,FAMILY_COPY_STRICT,it+nl+pt
data,pt,A1,431,nass,slapjš,Slapjš,FAMILY_COPY_STRICT,it+nl+pt
data,hr,A1,432,Natur,daba,Природата,SCRIPT_MISMATCH,
data,hr,A1,432,Natur,daba,Природата,MARKER_LEAK,foreign_script
data,it,A1,432,Natur,daba,Daba,SAME_AS_LV_CASEFOLD,casefold_only
data,nl,A1,432,Natur,daba,Daba,SAME_AS_LV_CASEFOLD,casefold_only
data,pt,A1,432,Natur,daba,Daba,SAME_AS_LV_CASEFOLD,casefold_only
data,bg,A1,432,Natur,daba,Природата,FAMILY_COPY_STRICT,bg+hr+mk+sr
data,hr,A1,432,Natur,daba,Природата,FAMILY_COPY_STRICT,bg+hr+mk+sr
data,mk,A1,432,Natur,daba,Природата,FAMILY_COPY_STRICT,bg+hr+mk+sr
data,sr,A1,432,Natur,daba,Природата,FAMILY_COPY_STRICT,bg+hr+mk+sr
data,fi,A1,432,Natur,daba,Loodus,FAMILY_COPY_STRICT,fi+is+nb+nn+sv
data,is,A1,432,Natur,daba,Loodus,FAMILY_COPY_STRICT,fi+is+nb+nn+sv
data,nb,A1,432,Natur,daba,Loodus,FAMILY_COPY_STRICT,fi+is+nb+nn+sv
data,nn,A1,432,Natur,daba,Loodus,FAMILY_COPY_STRICT,fi+is+nb+nn+sv
data,sv,A1,432,Natur,daba,Loodus,FAMILY_COPY_STRICT,fi+is+nb+nn+sv
data,it,A1,432,Natur,daba,Daba,FAMILY_COPY_STRICT,it+nl+pt
data,nl,A1,432,Natur,daba,Daba,FAMILY_COPY_STRICT,it+nl+pt
data,pt,A1,432,Natur,daba,Daba,FAMILY_COPY_STRICT,it+nl+pt
data,hr,A1,433,natürlich,protams • dabisks,Разбира се • Естествено,SCRIPT_MISMATCH,
data,hr,A1,433,natürlich,protams • dabisks,Разбира се • Естествено,MARKER_LEAK,foreign_script
data,it,A1,433,natürlich,protams • dabisks,Protams • Dabisks,SAME_AS_LV_CASEFOLD,casefold_only
data,lb,A1,433,natürlich,protams • dabisks,Protams • DABISKS,SAME_AS_LV_CASEFOLD,casefold_only
data,nl,A1,433,natürlich,protams • dabisks,Protams • Dabisks,SAME_AS_LV_CASEFOLD,casefold_only
data,bg,A1,433,natürlich,protams • dabisks,Разбира се • Естествено,FAMILY_COPY_STRICT,bg+hr+mk+sr
data,hr,A1,433,natürlich,protams • dabisks,Разбира се • Естествено,FAMILY_COPY_STRICT,bg+hr+mk+sr
data,mk,A1,433,natürlich,protams • dabisks,Разбира се • Естествено,FAMILY_COPY_STRICT,bg+hr+mk+sr
data,sr,A1,433,natürlich,protams • dabisks,Разбира се • Естествено,FAMILY_COPY_STRICT,bg+hr+mk+sr
data,fi,A1,433,natürlich,protams • dabisks,Muidugi • Loomulik,FAMILY_COPY_STRICT,fi+sv
data,sv,A1,433,natürlich,protams • dabisks,Muidugi • Loomulik,FAMILY_COPY_STRICT,fi+sv
data,is,A1,433,natürlich,protams • dabisks,Svezvoj • Loomulik,FAMILY_COPY_STRICT,is+nb+nn
data,nb,A1,433,natürlich,protams • dabisks,Svezvoj • Loomulik,FAMILY_COPY_STRICT,is+nb+nn
data,nn,A1,433,natürlich,protams • dabisks,Svezvoj • Loomulik,FAMILY_COPY_STRICT,is+nb+nn
data,it,A1,433,natürlich,protams • dabisks,Protams • Dabisks,FAMILY_COPY_STRICT,it+nl
data,nl,A1,433,natürlich,protams • dabisks,Protams • Dabisks,FAMILY_COPY_STRICT,it+nl
data,fi,A1,434,neben,blakus,Kõrval,MARKER_LEAK,et_otilde
data,hr,A1,434,neben,blakus,До,SCRIPT_MISMATCH,
data,hr,A1,434,neben,blakus,До,MARKER_LEAK,foreign_script
data,nl,A1,434,neben,blakus,Blakus,SAME_AS_LV_CASEFOLD,casefold_only
data,sv,A1,434,neben,blakus,Kõrval,MARKER_LEAK,et_otilde
data,bg,A1,434,neben,blakus,До,FAMILY_COPY_STRICT,bg+hr+mk+sr
data,hr,A1,434,neben,blakus,До,FAMILY_COPY_STRICT,bg+hr+mk+sr
data,mk,A1,434,neben,blakus,До,FAMILY_COPY_STRICT,bg+hr+mk+sr
data,sr,A1,434,neben,blakus,До,FAMILY_COPY_STRICT,bg+hr+mk+sr
data,fi,A1,434,neben,blakus,Kõrval,FAMILY_COPY_STRICT,fi+sv
data,sv,A1,434,neben,blakus,Kõrval,FAMILY_COPY_STRICT,fi+sv
data,is,A1,434,neben,blakus,Körval,FAMILY_COPY_STRICT,is+nb+nn
data,nb,A1,434,neben,blakus,Körval,FAMILY_COPY_STRICT,is+nb+nn
data,nn,A1,434,neben,blakus,Körval,FAMILY_COPY_STRICT,is+nb+nn
data,is,A1,435,nehmen,ņemt • paņemt,Võtma • Kätte vämä,MARKER_LEAK,et_otilde
data,it,A1,435,nehmen,ņemt • paņemt,Лemt • Paņemt,LV_DIACRITIC,
data,it,A1,435,nehmen,ņemt • paņemt,Лemt • Paņemt,SCRIPT_MISMATCH,
data,it,A1,435,nehmen,ņemt • paņemt,Лemt • Paņemt,MARKER_LEAK,lv_macron_consonant+foreign_script
data,nb,A1,435,nehmen,ņemt • paņemt,Võtma • Kätte vämä,MARKER_LEAK,et_otilde
data,nl,A1,435,nehmen,ņemt • paņemt,Ņemt • Paņemt,SAME_AS_LV_CASEFOLD,casefold_only
data,nl,A1,435,nehmen,ņemt • paņemt,Ņemt • Paņemt,LV_DIACRITIC,
data,nl,A1,435,nehmen,ņemt • paņemt,Ņemt • Paņemt,MARKER_LEAK,lv_macron_consonant
data,nn,A1,435,nehmen,ņemt • paņemt,Võtma • Kätte vämä,MARKER_LEAK,et_otilde
data,pt,A1,435,nehmen,ņemt • paņemt,Лemt • Paņemt,LV_DIACRITIC,
data,pt,A1,435,nehmen,ņemt • paņemt,Лemt • Paņemt,SCRIPT_MISMATCH,
data,pt,A1,435,nehmen,ņemt • paņemt,Лemt • Paņemt,MARKER_LEAK,lv_macron_consonant+foreign_script
data,sr,A1,435,nehmen,ņemt • paņemt,Uzmite • Uzmite,SCRIPT_MISMATCH,sr_as_cyrillic
data,sr,A1,435,nehmen,ņemt • paņemt,Uzmite • Uzmite,MARKER_LEAK,latin_in_cyrillic
data,sv,A1,435,nehmen,ņemt • paņemt,Võtma • Kätte võtma,MARKER_LEAK,et_otilde
data,bg,A1,435,nehmen,ņemt • paņemt,Вземете • Вземете,FAMILY_COPY_STRICT,bg+mk
data,mk,A1,435,nehmen,ņemt • paņemt,Вземете • Вземете,FAMILY_COPY_STRICT,bg+mk
data,hr,A1,435,nehmen,ņemt • paņemt,Uzmite • Uzmite,FAMILY_COPY_STRICT,hr+sr
data,sr,A1,435,nehmen,ņemt • paņemt,Uzmite • Uzmite,FAMILY_COPY_STRICT,hr+sr
data,is,A1,435,nehmen,ņemt • paņemt,Võtma • Kätte vämä,FAMILY_COPY_STRICT,is+nb+nn
data,nb,A1,435,nehmen,ņemt • paņemt,Võtma • Kätte vämä,FAMILY_COPY_STRICT,is+nb+nn
data,nn,A1,435,nehmen,ņemt • paņemt,Võtma • Kätte vämä,FAMILY_COPY_STRICT,is+nb+nn
data,it,A1,435,nehmen,ņemt • paņemt,Лemt • Paņemt,FAMILY_COPY_STRICT,it+pt
data,pt,A1,435,nehmen,ņemt • paņemt,Лemt • Paņemt,FAMILY_COPY_STRICT,it+pt
data,hr,A1,436,nein,nē,Не,SCRIPT_MISMATCH,
data,hr,A1,436,nein,nē,Не,MARKER_LEAK,foreign_script
data,it,A1,436,nein,nē,Nē,SAME_AS_LV_CASEFOLD,casefold_only
data,it,A1,436,nein,nē,Nē,LV_DIACRITIC,
data,it,A1,436,nein,nē,Nē,MARKER_LEAK,lv_macron_consonant
data,nl,A1,436,nein,nē,Nē,SAME_AS_LV_CASEFOLD,casefold_only
data,nl,A1,436,nein,nē,Nē,LV_DIACRITIC,
data,nl,A1,436,nein,nē,Nē,MARKER_LEAK,lv_macron_consonant
data,bg,A1,436,nein,nē,Не,FAMILY_COPY_STRICT,bg+hr+mk+sr
data,hr,A1,436,nein,nē,Не,FAMILY_COPY_STRICT,bg+hr+mk+sr
data,mk,A1,436,nein,nē,Не,FAMILY_COPY_STRICT,bg+hr+mk+sr
data,sr,A1,436,nein,nē,Не,FAMILY_COPY_STRICT,bg+hr+mk+sr
data,bs,A1,436,nein,nē,ne,FAMILY_COPY_STRICT,bs+lt+sl
data,lt,A1,436,nein,nē,ne,FAMILY_COPY_STRICT,bs+lt+sl
data,sl,A1,436,nein,nē,ne,FAMILY_COPY_STRICT,bs+lt+sl
data,da,A1,436,nein,nē,Ingen,FAMILY_COPY_STRICT,da+is+nb+nn
data,is,A1,436,nein,nē,Ingen,FAMILY_COPY_STRICT,da+is+nb+nn
data,nb,A1,436,nein,nē,Ingen,FAMILY_COPY_STRICT,da+is+nb+nn
data,nn,A1,436,nein,nē,Ingen,FAMILY_COPY_STRICT,da+is+nb+nn
data,en,A1,436,nein,nē,No,FAMILY_COPY_STRICT,en+es
data,es,A1,436,nein,nē,No,FAMILY_COPY_STRICT,en+es
data,fi,A1,436,nein,nē,Ei,FAMILY_COPY_STRICT,fi+sv
data,sv,A1,436,nein,nē,Ei,FAMILY_COPY_STRICT,fi+sv
data,it,A1,436,nein,nē,Nē,FAMILY_COPY_STRICT,it+nl
data,nl,A1,436,nein,nē,Nē,FAMILY_COPY_STRICT,it+nl
data,pl,A1,436,nein,nē,NIE,FAMILY_COPY_STRICT,pl+sk
data,sk,A1,436,nein,nē,NIE,FAMILY_COPY_STRICT,pl+sk
data,it,A1,437,nennen,nosaukt,Nosaukt,SAME_AS_LV_CASEFOLD,casefold_only
data,nl,A1,437,nennen,nosaukt,Nosaukt,SAME_AS_LV_CASEFOLD,casefold_only
data,pt,A1,437,nennen,nosaukt,Nosaukt,SAME_AS_LV_CASEFOLD,casefold_only
data,sr,A1,437,nennen,nosaukt,Ime,SCRIPT_MISMATCH,sr_as_cyrillic
data,sr,A1,437,nennen,nosaukt,Ime,MARKER_LEAK,latin_in_cyrillic
data,bg,A1,437,nennen,nosaukt,Име,FAMILY_COPY_STRICT,bg+mk
data,mk,A1,437,nennen,nosaukt,Име,FAMILY_COPY_STRICT,bg+mk
data,fi,A1,437,nennen,nosaukt,Nimetama,FAMILY_COPY_STRICT,fi+is+nb+nn+sv
data,is,A1,437,nennen,nosaukt,Nimetama,FAMILY_COPY_STRICT,fi+is+nb+nn+sv
data,nb,A1,437,nennen,nosaukt,Nimetama,FAMILY_COPY_STRICT,fi+is+nb+nn+sv
data,nn,A1,437,nennen,nosaukt,Nimetama,FAMILY_COPY_STRICT,fi+is+nb+nn+sv
data,sv,A1,437,nennen,nosaukt,Nimetama,FAMILY_COPY_STRICT,fi+is+nb+nn+sv
data,hr,A1,437,nennen,nosaukt,Ime,FAMILY_COPY_STRICT,hr+sr
data,sr,A1,437,nennen,nosaukt,Ime,FAMILY_COPY_STRICT,hr+sr
data,it,A1,437,nennen,nosaukt,Nosaukt,FAMILY_COPY_STRICT,it+nl+pt
data,nl,A1,437,nennen,nosaukt,Nosaukt,FAMILY_COPY_STRICT,it+nl+pt
data,pt,A1,437,nennen,nosaukt,Nosaukt,FAMILY_COPY_STRICT,it+nl+pt
data,it,A1,438,nett,jauks,Jauks,SAME_AS_LV_CASEFOLD,casefold_only
data,nl,A1,438,nett,jauks,Jauks,SAME_AS_LV_CASEFOLD,casefold_only
data,pt,A1,438,nett,jauks,Jauks,SAME_AS_LV_CASEFOLD,casefold_only
data,sr,A1,438,nett,jauks,U redu,SCRIPT_MISMATCH,sr_as_cyrillic
data,sr,A1,438,nett,jauks,U redu,MARKER_LEAK,latin_in_cyrillic
data,fi,A1,438,nett,jauks,Kena,FAMILY_COPY_STRICT,fi+is+nb+nn+sv
data,is,A1,438,nett,jauks,Kena,FAMILY_COPY_STRICT,fi+is+nb+nn+sv
data,nb,A1,438,nett,jauks,Kena,FAMILY_COPY_STRICT,fi+is+nb+nn+sv
data,nn,A1,438,nett,jauks,Kena,FAMILY_COPY_STRICT,fi+is+nb+nn+sv
data,sv,A1,438,nett,jauks,Kena,FAMILY_COPY_STRICT,fi+is+nb+nn+sv
data,hr,A1,438,nett,jauks,U redu,FAMILY_COPY_STRICT,hr+sr
data,sr,A1,438,nett,jauks,U redu,FAMILY_COPY_STRICT,hr+sr
data,it,A1,438,nett,jauks,Jauks,FAMILY_COPY_STRICT,it+nl+pt
data,nl,A1,438,nett,jauks,Jauks,FAMILY_COPY_STRICT,it+nl+pt
data,pt,A1,438,nett,jauks,Jauks,FAMILY_COPY_STRICT,it+nl+pt
data,hr,A1,439,neu,jauns (par lietām),Ново (за нещата),SCRIPT_MISMATCH,
data,hr,A1,439,neu,jauns (par lietām),Ново (за нещата),MARKER_LEAK,foreign_script
data,it,A1,439,neu,jauns (par lietām),Gialli (per latenām),LV_DIACRITIC,
data,it,A1,439,neu,jauns (par lietām),Gialli (per latenām),MARKER_LEAK,lv_macron_consonant
data,lb,A1,439,neu,jauns (par lietām),Jauns (par lietām),SAME_AS_LV_CASEFOLD,casefold_only
data,lb,A1,439,neu,jauns (par lietām),Jauns (par lietām),LV_DIACRITIC,
data,lb,A1,439,neu,jauns (par lietām),Jauns (par lietām),MARKER_LEAK,lv_macron_consonant
data,nl,A1,439,neu,jauns (par lietām),Jauns (par lietām),SAME_AS_LV_CASEFOLD,casefold_only
data,nl,A1,439,neu,jauns (par lietām),Jauns (par lietām),LV_DIACRITIC,
data,nl,A1,439,neu,jauns (par lietām),Jauns (par lietām),MARKER_LEAK,lv_macron_consonant
data,pt,A1,439,neu,jauns (par lietām),Amarelo (para latenām),LV_DIACRITIC,
data,pt,A1,439,neu,jauns (par lietām),Amarelo (para latenām),MARKER_LEAK,lv_macron_consonant
data,bg,A1,439,neu,jauns (par lietām),Ново (за нещата),FAMILY_COPY_STRICT,bg+hr+mk+sr
data,hr,A1,439,neu,jauns (par lietām),Ново (за нещата),FAMILY_COPY_STRICT,bg+hr+mk+sr
data,mk,A1,439,neu,jauns (par lietām),Ново (за нещата),FAMILY_COPY_STRICT,bg+hr+mk+sr
data,sr,A1,439,neu,jauns (par lietām),Ново (за нещата),FAMILY_COPY_STRICT,bg+hr+mk+sr
data,fi,A1,439,neu,jauns (par lietām),Uus (asjade kohta),FAMILY_COPY_STRICT,fi+is+nb+sv
data,is,A1,439,neu,jauns (par lietām),Uus (asjade kohta),FAMILY_COPY_STRICT,fi+is+nb+sv
data,nb,A1,439,neu,jauns (par lietām),Uus (asjade kohta),FAMILY_COPY_STRICT,fi+is+nb+sv
data,sv,A1,439,neu,jauns (par lietām),Uus (asjade kohta),FAMILY_COPY_STRICT,fi+is+nb+sv
data,lb,A1,439,neu,jauns (par lietām),Jauns (par lietām),FAMILY_COPY_STRICT,lb+nl
data,nl,A1,439,neu,jauns (par lietām),Jauns (par lietām),FAMILY_COPY_STRICT,lb+nl
data,hr,A1,440,neun,deviņi,Девет,SCRIPT_MISMATCH,
data,hr,A1,440,neun,deviņi,Девет,MARKER_LEAK,foreign_script
data,it,A1,440,neun,deviņi,Deviņi,SAME_AS_LV_CASEFOLD,casefold_only
data,it,A1,440,neun,deviņi,Deviņi,LV_DIACRITIC,
data,it,A1,440,neun,deviņi,Deviņi,MARKER_LEAK,lv_macron_consonant
data,nl,A1,440,neun,deviņi,Deviņi,SAME_AS_LV_CASEFOLD,casefold_only
data,nl,A1,440,neun,deviņi,Deviņi,LV_DIACRITIC,
data,nl,A1,440,neun,deviņi,Deviņi,MARKER_LEAK,lv_macron_consonant
data,pt,A1,440,neun,deviņi,Deviņi,SAME_AS_LV_CASEFOLD,casefold_only
data,pt,A1,440,neun,deviņi,Deviņi,LV_DIACRITIC,
data,pt,A1,440,neun,deviņi,Deviņi,MARKER_LEAK,lv_macron_consonant
data,bg,A1,440,neun,deviņi,Девет,FAMILY_COPY_STRICT,bg+hr+mk+sr
data,hr,A1,440,neun,deviņi,Девет,FAMILY_COPY_STRICT,bg+hr+mk+sr
data,mk,A1,440,neun,deviņi,Девет,FAMILY_COPY_STRICT,bg+hr+mk+sr
data,sr,A1,440,neun,deviņi,Девет,FAMILY_COPY_STRICT,bg+hr+mk+sr
data,bs,A1,440,neun,deviņi,devet,FAMILY_COPY_STRICT,bs+sl
data,sl,A1,440,neun,deviņi,devet,FAMILY_COPY_STRICT,bs+sl
data,fi,A1,440,neun,deviņi,Üheksa,FAMILY_COPY_STRICT,fi+sv
data,sv,A1,440,neun,deviņi,Üheksa,FAMILY_COPY_STRICT,fi+sv
data,is,A1,440,neun,deviņi,Sjekk det ut,FAMILY_COPY_STRICT,is+nb+nn
data,nb,A1,440,neun,deviņi,Sjekk det ut,FAMILY_COPY_STRICT,is+nb+nn
data,nn,A1,440,neun,deviņi,Sjekk det ut,FAMILY_COPY_STRICT,is+nb+nn
data,it,A1,440,neun,deviņi,Deviņi,FAMILY_COPY_STRICT,it+nl+pt
data,nl,A1,440,neun,deviņi,Deviņi,FAMILY_COPY_STRICT,it+nl+pt
data,pt,A1,440,neun,deviņi,Deviņi,FAMILY_COPY_STRICT,it+nl+pt
data,hr,A1,441,neunhundert,deviņsimt,Деветстотин,SCRIPT_MISMATCH,
data,hr,A1,441,neunhundert,deviņsimt,Деветстотин,MARKER_LEAK,foreign_script
data,it,A1,441,neunhundert,deviņsimt,Deviņsimt,SAME_AS_LV_CASEFOLD,casefold_only
data,it,A1,441,neunhundert,deviņsimt,Deviņsimt,LV_DIACRITIC,
data,it,A1,441,neunhundert,deviņsimt,Deviņsimt,MARKER_LEAK,lv_macron_consonant
data,nl,A1,441,neunhundert,deviņsimt,Deviņsimt,SAME_AS_LV_CASEFOLD,casefold_only
data,nl,A1,441,neunhundert,deviņsimt,Deviņsimt,LV_DIACRITIC,
data,nl,A1,441,neunhundert,deviņsimt,Deviņsimt,MARKER_LEAK,lv_macron_consonant
data,pt,A1,441,neunhundert,deviņsimt,Deviņsimt,SAME_AS_LV_CASEFOLD,casefold_only
data,pt,A1,441,neunhundert,deviņsimt,Deviņsimt,LV_DIACRITIC,
data,pt,A1,441,neunhundert,deviņsimt,Deviņsimt,MARKER_LEAK,lv_macron_consonant
data,bg,A1,441,neunhundert,deviņsimt,Деветстотин,FAMILY_COPY_STRICT,bg+hr+mk+sr
data,hr,A1,441,neunhundert,deviņsimt,Деветстотин,FAMILY_COPY_STRICT,bg+hr+mk+sr
data,mk,A1,441,neunhundert,deviņsimt,Деветстотин,FAMILY_COPY_STRICT,bg+hr+mk+sr
data,sr,A1,441,neunhundert,deviņsimt,Деветстотин,FAMILY_COPY_STRICT,bg+hr+mk+sr
data,bs,A1,441,neunhundert,deviņsimt,devetsto,FAMILY_COPY_STRICT,bs+sl
data,sl,A1,441,neunhundert,deviņsimt,devetsto,FAMILY_COPY_STRICT,bs+sl
data,fi,A1,441,neunhundert,deviņsimt,Üheksasada,FAMILY_COPY_STRICT,fi+is+nb+nn+sv
data,is,A1,441,neunhundert,deviņsimt,Üheksasada,FAMILY_COPY_STRICT,fi+is+nb+nn+sv
data,nb,A1,441,neunhundert,deviņsimt,Üheksasada,FAMILY_COPY_STRICT,fi+is+nb+nn+sv
data,nn,A1,441,neunhundert,deviņsimt,Üheksasada,FAMILY_COPY_STRICT,fi+is+nb+nn+sv
data,sv,A1,441,neunhundert,deviņsimt,Üheksasada,FAMILY_COPY_STRICT,fi+is+nb+nn+sv
data,it,A1,441,neunhundert,deviņsimt,Deviņsimt,FAMILY_COPY_STRICT,it+nl+pt
data,nl,A1,441,neunhundert,deviņsimt,Deviņsimt,FAMILY_COPY_STRICT,it+nl+pt
data,pt,A1,441,neunhundert,deviņsimt,Deviņsimt,FAMILY_COPY_STRICT,it+nl+pt
data,hr,A1,442,neunte,devītais,Девето,SCRIPT_MISMATCH,
data,hr,A1,442,neunte,devītais,Девето,MARKER_LEAK,foreign_script
data,nl,A1,442,neunte,devītais,Devītais,SAME_AS_LV_CASEFOLD,casefold_only
data,nl,A1,442,neunte,devītais,Devītais,LV_DIACRITIC,
data,nl,A1,442,neunte,devītais,Devītais,MARKER_LEAK,lv_macron_consonant
data,bg,A1,442,neunte,devītais,Девето,FAMILY_COPY_STRICT,bg+hr+mk+sr
data,hr,A1,442,neunte,devītais,Девето,FAMILY_COPY_STRICT,bg+hr+mk+sr
data,mk,A1,442,neunte,devītais,Девето,FAMILY_COPY_STRICT,bg+hr+mk+sr
data,sr,A1,442,neunte,devītais,Девето,FAMILY_COPY_STRICT,bg+hr+mk+sr
data,bs,A1,442,neunte,devītais,deveti,FAMILY_COPY_STRICT,bs+sl
data,sl,A1,442,neunte,devītais,deveti,FAMILY_COPY_STRICT,bs+sl
data,fi,A1,442,neunte,devītais,Üheksas,FAMILY_COPY_STRICT,fi+sv
data,sv,A1,442,neunte,devītais,Üheksas,FAMILY_COPY_STRICT,fi+sv
data,is,A1,442,neunte,devītais,Üeksas,FAMILY_COPY_STRICT,is+nb+nn
data,nb,A1,442,neunte,devītais,Üeksas,FAMILY_COPY_STRICT,is+nb+nn
data,nn,A1,442,neunte,devītais,Üeksas,FAMILY_COPY_STRICT,is+nb+nn
data,hr,A1,443,neunzehn,deviņpadsmit,Деветнадесет,SCRIPT_MISMATCH,
data,hr,A1,443,neunzehn,deviņpadsmit,Деветнадесет,MARKER_LEAK,foreign_script
data,it,A1,443,neunzehn,deviņpadsmit,Deviņpadswith,LV_DIACRITIC,
data,it,A1,443,neunzehn,deviņpadsmit,Deviņpadswith,MARKER_LEAK,lv_macron_consonant
data,nl,A1,443,neunzehn,deviņpadsmit,Deviņpadsmit,SAME_AS_LV_CASEFOLD,casefold_only
data,nl,A1,443,neunzehn,deviņpadsmit,Deviņpadsmit,LV_DIACRITIC,
data,nl,A1,443,neunzehn,deviņpadsmit,Deviņpadsmit,MARKER_LEAK,lv_macron_consonant
data,pt,A1,443,neunzehn,deviņpadsmit,Deviņpadscon,LV_DIACRITIC,
data,pt,A1,443,neunzehn,deviņpadsmit,Deviņpadscon,MARKER_LEAK,lv_macron_consonant
data,bg,A1,443,neunzehn,deviņpadsmit,Деветнадесет,FAMILY_COPY_STRICT,bg+hr+mk+sr
data,hr,A1,443,neunzehn,deviņpadsmit,Деветнадесет,FAMILY_COPY_STRICT,bg+hr+mk+sr
data,mk,A1,443,neunzehn,deviņpadsmit,Деветнадесет,FAMILY_COPY_STRICT,bg+hr+mk+sr
data,sr,A1,443,neunzehn,deviņpadsmit,Деветнадесет,FAMILY_COPY_STRICT,bg+hr+mk+sr
data,fi,A1,443,neunzehn,deviņpadsmit,Üheksateist,FAMILY_COPY_STRICT,fi+is+nb+nn+sv
data,is,A1,443,neunzehn,deviņpadsmit,Üheksateist,FAMILY_COPY_STRICT,fi+is+nb+nn+sv
data,nb,A1,443,neunzehn,deviņpadsmit,Üheksateist,FAMILY_COPY_STRICT,fi+is+nb+nn+sv
data,nn,A1,443,neunzehn,deviņpadsmit,Üheksateist,FAMILY_COPY_STRICT,fi+is+nb+nn+sv
data,sv,A1,443,neunzehn,deviņpadsmit,Üheksateist,FAMILY_COPY_STRICT,fi+is+nb+nn+sv
data,hr,A1,444,neunzehnte,deviņpadsmitais,Деветнадесети,SCRIPT_MISMATCH,
data,hr,A1,444,neunzehnte,deviņpadsmitais,Деветнадесети,MARKER_LEAK,foreign_script
data,is,A1,444,neunzehnte,deviņpadsmitais,Üheksaçılış,MARKER_LEAK,tr_soft
data,nb,A1,444,neunzehnte,deviņpadsmitais,Üheksaçılış,MARKER_LEAK,tr_soft
data,nn,A1,444,neunzehnte,deviņpadsmitais,Üheksaçılış,MARKER_LEAK,tr_soft
data,bg,A1,444,neunzehnte,deviņpadsmitais,Деветнадесети,FAMILY_COPY_STRICT,bg+hr+mk+sr
data,hr,A1,444,neunzehnte,deviņpadsmitais,Деветнадесети,FAMILY_COPY_STRICT,bg+hr+mk+sr
data,mk,A1,444,neunzehnte,deviņpadsmitais,Деветнадесети,FAMILY_COPY_STRICT,bg+hr+mk+sr
data,sr,A1,444,neunzehnte,deviņpadsmitais,Деветнадесети,FAMILY_COPY_STRICT,bg+hr+mk+sr
data,fi,A1,444,neunzehnte,deviņpadsmitais,Üheksateistkümnes,FAMILY_COPY_STRICT,fi+sv
data,sv,A1,444,neunzehnte,deviņpadsmitais,Üheksateistkümnes,FAMILY_COPY_STRICT,fi+sv
data,is,A1,444,neunzehnte,deviņpadsmitais,Üheksaçılış,FAMILY_COPY_STRICT,is+nb+nn
data,nb,A1,444,neunzehnte,deviņpadsmitais,Üheksaçılış,FAMILY_COPY_STRICT,is+nb+nn
data,nn,A1,444,neunzehnte,deviņpadsmitais,Üheksaçılış,FAMILY_COPY_STRICT,is+nb+nn
data,it,A1,445,neunzig,deviņdesmit,Deviņdesmit,SAME_AS_LV_CASEFOLD,casefold_only
data,it,A1,445,neunzig,deviņdesmit,Deviņdesmit,LV_DIACRITIC,
data,it,A1,445,neunzig,deviņdesmit,Deviņdesmit,MARKER_LEAK,lv_macron_consonant
data,nl,A1,445,neunzig,deviņdesmit,Deviņdesmit,SAME_AS_LV_CASEFOLD,casefold_only
data,nl,A1,445,neunzig,deviņdesmit,Deviņdesmit,LV_DIACRITIC,
data,nl,A1,445,neunzig,deviņdesmit,Deviņdesmit,MARKER_LEAK,lv_macron_consonant
data,pt,A1,445,neunzig,deviņdesmit,Deviņdesmit,SAME_AS_LV_CASEFOLD,casefold_only
data,pt,A1,445,neunzig,deviņdesmit,Deviņdesmit,LV_DIACRITIC,
data,pt,A1,445,neunzig,deviņdesmit,Deviņdesmit,MARKER_LEAK,lv_macron_consonant
data,sr,A1,445,neunzig,deviņdesmit,Devedeset,SCRIPT_MISMATCH,sr_as_cyrillic
data,sr,A1,445,neunzig,deviņdesmit,Devedeset,MARKER_LEAK,latin_in_cyrillic
data,bg,A1,445,neunzig,deviņdesmit,Деветдесет,FAMILY_COPY_STRICT,bg+mk
data,mk,A1,445,neunzig,deviņdesmit,Деветдесет,FAMILY_COPY_STRICT,bg+mk
data,fi,A1,445,neunzig,deviņdesmit,Üheksakümmend,FAMILY_COPY_STRICT,fi+sv
data,sv,A1,445,neunzig,deviņdesmit,Üheksakümmend,FAMILY_COPY_STRICT,fi+sv
data,hr,A1,445,neunzig,deviņdesmit,Devedeset,FAMILY_COPY_STRICT,hr+sr
data,sr,A1,445,neunzig,deviņdesmit,Devedeset,FAMILY_COPY_STRICT,hr+sr
data,is,A1,445,neunzig,deviņdesmit,Åtti,FAMILY_COPY_STRICT,is+nb+nn
data,nb,A1,445,neunzig,deviņdesmit,Åtti,FAMILY_COPY_STRICT,is+nb+nn
data,nn,A1,445,neunzig,deviņdesmit,Åtti,FAMILY_COPY_STRICT,is+nb+nn
data,it,A1,445,neunzig,deviņdesmit,Deviņdesmit,FAMILY_COPY_STRICT,it+nl+pt
data,nl,A1,445,neunzig,deviņdesmit,Deviņdesmit,FAMILY_COPY_STRICT,it+nl+pt
data,pt,A1,445,neunzig,deviņdesmit,Deviņdesmit,FAMILY_COPY_STRICT,it+nl+pt
data,hr,A1,446,neunzigste,deviņdesmitais,Деветдесета,SCRIPT_MISMATCH,
data,hr,A1,446,neunzigste,deviņdesmitais,Деветдесета,MARKER_LEAK,foreign_script
data,it,A1,446,neunzigste,deviņdesmitais,Deviņdesmitais,SAME_AS_LV_CASEFOLD,casefold_only
data,it,A1,446,neunzigste,deviņdesmitais,Deviņdesmitais,LV_DIACRITIC,
data,it,A1,446,neunzigste,deviņdesmitais,Deviņdesmitais,MARKER_LEAK,lv_macron_consonant
data,nl,A1,446,neunzigste,deviņdesmitais,Deviņdesmitais,SAME_AS_LV_CASEFOLD,casefold_only
data,nl,A1,446,neunzigste,deviņdesmitais,Deviņdesmitais,LV_DIACRITIC,
data,nl,A1,446,neunzigste,deviņdesmitais,Deviņdesmitais,MARKER_LEAK,lv_macron_consonant
data,pt,A1,446,neunzigste,deviņdesmitais,Deviņdesmitais,SAME_AS_LV_CASEFOLD,casefold_only
data,pt,A1,446,neunzigste,deviņdesmitais,Deviņdesmitais,LV_DIACRITIC,
data,pt,A1,446,neunzigste,deviņdesmitais,Deviņdesmitais,MARKER_LEAK,lv_macron_consonant
data,bg,A1,446,neunzigste,deviņdesmitais,Деветдесета,FAMILY_COPY_STRICT,bg+hr+mk+sr
data,hr,A1,446,neunzigste,deviņdesmitais,Деветдесета,FAMILY_COPY_STRICT,bg+hr+mk+sr
data,mk,A1,446,neunzigste,deviņdesmitais,Деветдесета,FAMILY_COPY_STRICT,bg+hr+mk+sr
data,sr,A1,446,neunzigste,deviņdesmitais,Деветдесета,FAMILY_COPY_STRICT,bg+hr+mk+sr
data,fi,A1,446,neunzigste,deviņdesmitais,Üheksakümnes,FAMILY_COPY_STRICT,fi+sv
data,sv,A1,446,neunzigste,deviņdesmitais,Üheksakümnes,FAMILY_COPY_STRICT,fi+sv
data,is,A1,446,neunzigste,deviņdesmitais,Üheksagümces,FAMILY_COPY_STRICT,is+nb+nn
data,nb,A1,446,neunzigste,deviņdesmitais,Üheksagümces,FAMILY_COPY_STRICT,is+nb+nn
data,nn,A1,446,neunzigste,deviņdesmitais,Üheksagümces,FAMILY_COPY_STRICT,is+nb+nn
data,it,A1,446,neunzigste,deviņdesmitais,Deviņdesmitais,FAMILY_COPY_STRICT,it+nl+pt
data,nl,A1,446,neunzigste,deviņdesmitais,Deviņdesmitais,FAMILY_COPY_STRICT,it+nl+pt
data,pt,A1,446,neunzigste,deviņdesmitais,Deviņdesmitais,FAMILY_COPY_STRICT,it+nl+pt
data,bs,A1,447,nicht,ne,ne,SAME_AS_LV_CASEFOLD,exact
data,cs,A1,447,nicht,ne,Ne,SAME_AS_LV_CASEFOLD,casefold_only
data,hr,A1,447,nicht,ne,Не,SCRIPT_MISMATCH,
data,hr,A1,447,nicht,ne,Не,MARKER_LEAK,foreign_script
data,lt,A1,447,nicht,ne,ne,SAME_AS_LV_CASEFOLD,exact
data,nl,A1,447,nicht,ne,Ne,SAME_AS_LV_CASEFOLD,casefold_only
data,sl,A1,447,nicht,ne,ne,SAME_AS_LV_CASEFOLD,exact
data,bg,A1,447,nicht,ne,Не,FAMILY_COPY_STRICT,bg+hr+mk+sr
data,hr,A1,447,nicht,ne,Не,FAMILY_COPY_STRICT,bg+hr+mk+sr
data,mk,A1,447,nicht,ne,Не,FAMILY_COPY_STRICT,bg+hr+mk+sr
data,sr,A1,447,nicht,ne,Не,FAMILY_COPY_STRICT,bg+hr+mk+sr
data,cs,A1,447,nicht,ne,Ne,FAMILY_COPY_STRICT,cs+nl
data,nl,A1,447,nicht,ne,Ne,FAMILY_COPY_STRICT,cs+nl
data,da,A1,447,nicht,ne,Ingen,FAMILY_COPY_STRICT,da+is+nb+nn
data,is,A1,447,nicht,ne,Ingen,FAMILY_COPY_STRICT,da+is+nb+nn
data,nb,A1,447,nicht,ne,Ingen,FAMILY_COPY_STRICT,da+is+nb+nn
data,nn,A1,447,nicht,ne,Ingen,FAMILY_COPY_STRICT,da+is+nb+nn
data,en,A1,447,nicht,ne,No,FAMILY_COPY_STRICT,en+es
data,es,A1,447,nicht,ne,No,FAMILY_COPY_STRICT,en+es
data,pl,A1,447,nicht,ne,NIE,FAMILY_COPY_STRICT,pl+sk
data,sk,A1,447,nicht,ne,NIE,FAMILY_COPY_STRICT,pl+sk
data,hr,A1,448,nichts,nekas,Нищо,SCRIPT_MISMATCH,
data,hr,A1,448,nichts,nekas,Нищо,MARKER_LEAK,foreign_script
data,bg,A1,448,nichts,nekas,Нищо,FAMILY_COPY_STRICT,bg+hr+mk+sr
data,hr,A1,448,nichts,nekas,Нищо,FAMILY_COPY_STRICT,bg+hr+mk+sr
data,mk,A1,448,nichts,nekas,Нищо,FAMILY_COPY_STRICT,bg+hr+mk+sr
data,sr,A1,448,nichts,nekas,Нищо,FAMILY_COPY_STRICT,bg+hr+mk+sr
data,cs,A1,448,nichts,nekas,Nic,FAMILY_COPY_STRICT,cs+pl
data,pl,A1,448,nichts,nekas,Nic,FAMILY_COPY_STRICT,cs+pl
data,fi,A1,448,nichts,nekas,Mitte midagi,FAMILY_COPY_STRICT,fi+sv
data,sv,A1,448,nichts,nekas,Mitte midagi,FAMILY_COPY_STRICT,fi+sv
data,is,A1,448,nichts,nekas,Ingenting i det hele tatt,FAMILY_COPY_STRICT,is+nb+nn
data,nb,A1,448,nichts,nekas,Ingenting i det hele tatt,FAMILY_COPY_STRICT,is+nb+nn
data,nn,A1,448,nichts,nekas,Ingenting i det hele tatt,FAMILY_COPY_STRICT,is+nb+nn
data,it,A1,449,nie,nekad,Nekad,SAME_AS_LV_CASEFOLD,casefold_only
data,nl,A1,449,nie,nekad,Nekad,SAME_AS_LV_CASEFOLD,casefold_only
data,pt,A1,449,nie,nekad,Nekad,SAME_AS_LV_CASEFOLD,casefold_only
data,sr,A1,449,nie,nekad,Nikoli mi ni bilo.,SCRIPT_MISMATCH,sr_as_cyrillic
data,sr,A1,449,nie,nekad,Nikoli mi ni bilo.,MARKER_LEAK,latin_in_cyrillic
data,bg,A1,449,nie,nekad,Никога,FAMILY_COPY_STRICT,bg+mk
data,mk,A1,449,nie,nekad,Никога,FAMILY_COPY_STRICT,bg+mk
data,cs,A1,449,nie,nekad,Nikdy,FAMILY_COPY_STRICT,cs+sk
data,sk,A1,449,nie,nekad,Nikdy,FAMILY_COPY_STRICT,cs+sk
data,fi,A1,449,nie,nekad,Mitte kunagi,FAMILY_COPY_STRICT,fi+sv
data,sv,A1,449,nie,nekad,Mitte kunagi,FAMILY_COPY_STRICT,fi+sv
data,hr,A1,449,nie,nekad,Nikoli mi ni bilo.,FAMILY_COPY_STRICT,hr+sr
data,sr,A1,449,nie,nekad,Nikoli mi ni bilo.,FAMILY_COPY_STRICT,hr+sr
data,is,A1,449,nie,nekad,Aldri,FAMILY_COPY_STRICT,is+nb+nn
data,nb,A1,449,nie,nekad,Aldri,FAMILY_COPY_STRICT,is+nb+nn
data,nn,A1,449,nie,nekad,Aldri,FAMILY_COPY_STRICT,is+nb+nn
data,it,A1,449,nie,nekad,Nekad,FAMILY_COPY_STRICT,it+nl+pt
data,nl,A1,449,nie,nekad,Nekad,FAMILY_COPY_STRICT,it+nl+pt
data,pt,A1,449,nie,nekad,Nekad,FAMILY_COPY_STRICT,it+nl+pt
data,hr,A1,450,niemand,neviens,Никой,SCRIPT_MISMATCH,
data,hr,A1,450,niemand,neviens,Никой,MARKER_LEAK,foreign_script
data,nl,A1,450,niemand,neviens,Neviens,SAME_AS_LV_CASEFOLD,casefold_only
data,bg,A1,450,niemand,neviens,Никой,FAMILY_COPY_STRICT,bg+hr+mk+sr
data,hr,A1,450,niemand,neviens,Никой,FAMILY_COPY_STRICT,bg+hr+mk+sr
data,mk,A1,450,niemand,neviens,Никой,FAMILY_COPY_STRICT,bg+hr+mk+sr
data,sr,A1,450,niemand,neviens,Никой,FAMILY_COPY_STRICT,bg+hr+mk+sr
data,fi,A1,450,niemand,neviens,Mitte keegi,FAMILY_COPY_STRICT,fi+sv
data,sv,A1,450,niemand,neviens,Mitte keegi,FAMILY_COPY_STRICT,fi+sv
data,is,A1,450,niemand,neviens,Mitte kaige,FAMILY_COPY_STRICT,is+nb+nn
data,nb,A1,450,niemand,neviens,Mitte kaige,FAMILY_COPY_STRICT,is+nb+nn
data,nn,A1,450,niemand,neviens,Mitte kaige,FAMILY_COPY_STRICT,is+nb+nn
data,it,A1,450,niemand,neviens,Neviani,FAMILY_COPY_STRICT,it+pt
data,pt,A1,450,niemand,neviens,Neviani,FAMILY_COPY_STRICT,it+pt
data,hr,A1,451,noch,vēl,Повече,SCRIPT_MISMATCH,
data,hr,A1,451,noch,vēl,Повече,MARKER_LEAK,foreign_script
data,nl,A1,451,noch,vēl,Vēl,SAME_AS_LV_CASEFOLD,casefold_only
data,nl,A1,451,noch,vēl,Vēl,LV_DIACRITIC,
data,nl,A1,451,noch,vēl,Vēl,MARKER_LEAK,lv_macron_consonant
data,bg,A1,451,noch,vēl,Повече,FAMILY_COPY_STRICT,bg+hr+mk+sr
data,hr,A1,451,noch,vēl,Повече,FAMILY_COPY_STRICT,bg+hr+mk+sr
data,mk,A1,451,noch,vēl,Повече,FAMILY_COPY_STRICT,bg+hr+mk+sr
data,sr,A1,451,noch,vēl,Повече,FAMILY_COPY_STRICT,bg+hr+mk+sr
data,fi,A1,451,noch,vēl,Veel,FAMILY_COPY_STRICT,fi+sv
data,sv,A1,451,noch,vēl,Veel,FAMILY_COPY_STRICT,fi+sv
data,is,A1,451,noch,vēl,Mye,FAMILY_COPY_STRICT,is+nb+nn
data,nb,A1,451,noch,vēl,Mye,FAMILY_COPY_STRICT,is+nb+nn
data,nn,A1,451,noch,vēl,Mye,FAMILY_COPY_STRICT,is+nb+nn
data,hr,A1,452,normal,normāls,Нормално,SCRIPT_MISMATCH,
data,hr,A1,452,normal,normāls,Нормално,MARKER_LEAK,foreign_script
data,nl,A1,452,normal,normāls,Normāls,SAME_AS_LV_CASEFOLD,casefold_only
data,nl,A1,452,normal,normāls,Normāls,LV_DIACRITIC,
data,nl,A1,452,normal,normāls,Normāls,MARKER_LEAK,lv_macron_consonant
data,bg,A1,452,normal,normāls,Нормално,FAMILY_COPY_STRICT,bg+hr+mk+sr
data,hr,A1,452,normal,normāls,Нормално,FAMILY_COPY_STRICT,bg+hr+mk+sr
data,mk,A1,452,normal,normāls,Нормално,FAMILY_COPY_STRICT,bg+hr+mk+sr
data,sr,A1,452,normal,normāls,Нормално,FAMILY_COPY_STRICT,bg+hr+mk+sr
data,fi,A1,452,normal,normāls,Normaalne,FAMILY_COPY_STRICT,fi+sv
data,sv,A1,452,normal,normāls,Normaalne,FAMILY_COPY_STRICT,fi+sv
data,fr,A1,452,normal,normāls,Normale,FAMILY_COPY_STRICT,fr+it
data,it,A1,452,normal,normāls,Normale,FAMILY_COPY_STRICT,fr+it
data,is,A1,452,normal,normāls,De normale,FAMILY_COPY_STRICT,is+nb+nn
data,nb,A1,452,normal,normāls,De normale,FAMILY_COPY_STRICT,is+nb+nn
data,nn,A1,452,normal,normāls,De normale,FAMILY_COPY_STRICT,is+nb+nn
data,hr,A1,453,November,novembris,Ноември,SCRIPT_MISMATCH,
data,hr,A1,453,November,novembris,Ноември,MARKER_LEAK,foreign_script
data,nl,A1,453,November,novembris,Novembris,SAME_AS_LV_CASEFOLD,casefold_only
data,bg,A1,453,November,novembris,Ноември,FAMILY_COPY_STRICT,bg+hr+mk+sr
data,hr,A1,453,November,novembris,Ноември,FAMILY_COPY_STRICT,bg+hr+mk+sr
data,mk,A1,453,November,novembris,Ноември,FAMILY_COPY_STRICT,bg+hr+mk+sr
data,sr,A1,453,November,novembris,Ноември,FAMILY_COPY_STRICT,bg+hr+mk+sr
data,cs,A1,453,November,novembris,Listopad,FAMILY_COPY_STRICT,cs+pl
data,pl,A1,453,November,novembris,Listopad,FAMILY_COPY_STRICT,cs+pl
data,fr,A1,453,November,novembris,Novembre,FAMILY_COPY_STRICT,fr+it
data,it,A1,453,November,novembris,Novembre,FAMILY_COPY_STRICT,fr+it
data,hr,A1,454,Null,nulle,Нула,SCRIPT_MISMATCH,
data,hr,A1,454,Null,nulle,Нула,MARKER_LEAK,foreign_script
data,nl,A1,454,Null,nulle,Nulle,SAME_AS_LV_CASEFOLD,casefold_only
data,bg,A1,454,Null,nulle,Нула,FAMILY_COPY_STRICT,bg+hr+mk+sr
data,hr,A1,454,Null,nulle,Нула,FAMILY_COPY_STRICT,bg+hr+mk+sr
data,mk,A1,454,Null,nulle,Нула,FAMILY_COPY_STRICT,bg+hr+mk+sr
data,sr,A1,454,Null,nulle,Нула,FAMILY_COPY_STRICT,bg+hr+mk+sr
data,cs,A1,454,Null,nulle,Nula,FAMILY_COPY_STRICT,cs+sk
data,sk,A1,454,Null,nulle,Nula,FAMILY_COPY_STRICT,cs+sk
data,en,A1,454,Null,nulle,Zero,FAMILY_COPY_STRICT,en+pl+ro
data,pl,A1,454,Null,nulle,Zero,FAMILY_COPY_STRICT,en+pl+ro
data,ro,A1,454,Null,nulle,Zero,FAMILY_COPY_STRICT,en+pl+ro
data,it,A1,454,Null,nulle,Zero.,FAMILY_COPY_STRICT,it+pt
data,pt,A1,454,Null,nulle,Zero.,FAMILY_COPY_STRICT,it+pt
data,hr,A1,455,Nummer,numurs,Број,SCRIPT_MISMATCH,
data,hr,A1,455,Nummer,numurs,Број,MARKER_LEAK,foreign_script
data,nl,A1,455,Nummer,numurs,Numurs,SAME_AS_LV_CASEFOLD,casefold_only
data,cs,A1,455,Nummer,numurs,Číslo,FAMILY_COPY_STRICT,cs+sk
data,sk,A1,455,Nummer,numurs,Číslo,FAMILY_COPY_STRICT,cs+sk
data,en,A1,455,Nummer,numurs,Number,FAMILY_COPY_STRICT,en+fi+sv
data,fi,A1,455,Nummer,numurs,Number,FAMILY_COPY_STRICT,en+fi+sv
data,sv,A1,455,Nummer,numurs,Number,FAMILY_COPY_STRICT,en+fi+sv
data,hr,A1,455,Nummer,numurs,Број,FAMILY_COPY_STRICT,hr+mk+sr
data,mk,A1,455,Nummer,numurs,Број,FAMILY_COPY_STRICT,hr+mk+sr
data,sr,A1,455,Nummer,numurs,Број,FAMILY_COPY_STRICT,hr+mk+sr
data,is,A1,455,Nummer,numurs,Tall,FAMILY_COPY_STRICT,is+nb+nn
data,nb,A1,455,Nummer,numurs,Tall,FAMILY_COPY_STRICT,is+nb+nn
data,nn,A1,455,Nummer,numurs,Tall,FAMILY_COPY_STRICT,is+nb+nn
data,hr,A1,456,nur,tikai • vienīgi,Само • Само,SCRIPT_MISMATCH,
data,hr,A1,456,nur,tikai • vienīgi,Само • Само,MARKER_LEAK,foreign_script
data,lb,A1,456,nur,tikai • vienīgi,Tikai • Wienīgi,LV_DIACRITIC,
data,lb,A1,456,nur,tikai • vienīgi,Tikai • Wienīgi,MARKER_LEAK,lv_macron_consonant
data,nl,A1,456,nur,tikai • vienīgi,Tikai • Vienīgi,SAME_AS_LV_CASEFOLD,casefold_only
data,nl,A1,456,nur,tikai • vienīgi,Tikai • Vienīgi,LV_DIACRITIC,
data,nl,A1,456,nur,tikai • vienīgi,Tikai • Vienīgi,MARKER_LEAK,lv_macron_consonant
data,bg,A1,456,nur,tikai • vienīgi,Само • Само,FAMILY_COPY_STRICT,bg+hr+mk+sr
data,hr,A1,456,nur,tikai • vienīgi,Само • Само,FAMILY_COPY_STRICT,bg+hr+mk+sr
data,mk,A1,456,nur,tikai • vienīgi,Само • Само,FAMILY_COPY_STRICT,bg+hr+mk+sr
data,sr,A1,456,nur,tikai • vienīgi,Само • Само,FAMILY_COPY_STRICT,bg+hr+mk+sr
data,fi,A1,456,nur,tikai • vienīgi,Ainult • Üksnes,FAMILY_COPY_STRICT,fi+sv
data,sv,A1,456,nur,tikai • vienīgi,Ainult • Üksnes,FAMILY_COPY_STRICT,fi+sv
data,is,A1,456,nur,tikai • vienīgi,Kun • Üksnes,FAMILY_COPY_STRICT,is+nb+nn
data,nb,A1,456,nur,tikai • vienīgi,Kun • Üksnes,FAMILY_COPY_STRICT,is+nb+nn
data,nn,A1,456,nur,tikai • vienīgi,Kun • Üksnes,FAMILY_COPY_STRICT,is+nb+nn
data,hr,A1,457,ob,vai,Или,SCRIPT_MISMATCH,
data,hr,A1,457,ob,vai,Или,MARKER_LEAK,foreign_script
data,bg,A1,457,ob,vai,Или,FAMILY_COPY_STRICT,bg+hr+mk+ru+sr
data,hr,A1,457,ob,vai,Или,FAMILY_COPY_STRICT,bg+hr+mk+ru+sr
data,mk,A1,457,ob,vai,Или,FAMILY_COPY_STRICT,bg+hr+mk+ru+sr
data,ru,A1,457,ob,vai,Или,FAMILY_COPY_STRICT,bg+hr+mk+ru+sr
data,sr,A1,457,ob,vai,Или,FAMILY_COPY_STRICT,bg+hr+mk+ru+sr
data,fi,A1,457,ob,vai,Kas,FAMILY_COPY_STRICT,fi+sv
data,sv,A1,457,ob,vai,Kas,FAMILY_COPY_STRICT,fi+sv
data,fr,A1,457,ob,vai,Ou,FAMILY_COPY_STRICT,fr+it
data,it,A1,457,ob,vai,Ou,FAMILY_COPY_STRICT,fr+it
data,is,A1,457,ob,vai,Cas,FAMILY_COPY_STRICT,is+nb+nn
data,nb,A1,457,ob,vai,Cas,FAMILY_COPY_STRICT,is+nb+nn
data,nn,A1,457,ob,vai,Cas,FAMILY_COPY_STRICT,is+nb+nn
data,it,A1,458,oben,augšā,Augša,LV_DIACRITIC,
data,nl,A1,458,oben,augšā,Augšā,SAME_AS_LV_CASEFOLD,casefold_only
data,nl,A1,458,oben,augšā,Augšā,LV_DIACRITIC,
data,nl,A1,458,oben,augšā,Augšā,MARKER_LEAK,lv_macron_consonant
data,sr,A1,458,oben,augšā,"Usmeri prste, prosim.",SCRIPT_MISMATCH,sr_as_cyrillic
data,sr,A1,458,oben,augšā,"Usmeri prste, prosim.",MARKER_LEAK,latin_in_cyrillic
data,fi,A1,458,oben,augšā,Üleval,FAMILY_COPY_STRICT,fi+is+nb+nn+sv
data,is,A1,458,oben,augšā,Üleval,FAMILY_COPY_STRICT,fi+is+nb+nn+sv
data,nb,A1,458,oben,augšā,Üleval,FAMILY_COPY_STRICT,fi+is+nb+nn+sv
data,nn,A1,458,oben,augšā,Üleval,FAMILY_COPY_STRICT,fi+is+nb+nn+sv
data,sv,A1,458,oben,augšā,Üleval,FAMILY_COPY_STRICT,fi+is+nb+nn+sv
data,hr,A1,458,oben,augšā,"Usmeri prste, prosim.",FAMILY_COPY_STRICT,hr+sr
data,sr,A1,458,oben,augšā,"Usmeri prste, prosim.",FAMILY_COPY_STRICT,hr+sr
data,fi,A1,459,oder,vai • jeb,Või • Ehk,MARKER_LEAK,et_otilde
data,hr,A1,459,oder,vai • jeb,Или • Или,SCRIPT_MISMATCH,
data,hr,A1,459,oder,vai • jeb,Или • Или,MARKER_LEAK,foreign_script
data,lb,A1,459,oder,vai • jeb,Vai • Jeb,SAME_AS_LV_CASEFOLD,casefold_only
data,nl,A1,459,oder,vai • jeb,Vai • Jeb,SAME_AS_LV_CASEFOLD,casefold_only
data,sv,A1,459,oder,vai • jeb,Või • Ehk,MARKER_LEAK,et_otilde
data,bg,A1,459,oder,vai • jeb,Или • Или,FAMILY_COPY_STRICT,bg+hr+mk+ru
data,hr,A1,459,oder,vai • jeb,Или • Или,FAMILY_COPY_STRICT,bg+hr+mk+ru
data,mk,A1,459,oder,vai • jeb,Или • Или,FAMILY_COPY_STRICT,bg+hr+mk+ru
data,ru,A1,459,oder,vai • jeb,Или • Или,FAMILY_COPY_STRICT,bg+hr+mk+ru
data,fi,A1,459,oder,vai • jeb,Või • Ehk,FAMILY_COPY_STRICT,fi+sv
data,sv,A1,459,oder,vai • jeb,Või • Ehk,FAMILY_COPY_STRICT,fi+sv
data,is,A1,459,oder,vai • jeb,Eller • Ehk,FAMILY_COPY_STRICT,is+nb+nn
data,nb,A1,459,oder,vai • jeb,Eller • Ehk,FAMILY_COPY_STRICT,is+nb+nn
data,nn,A1,459,oder,vai • jeb,Eller • Ehk,FAMILY_COPY_STRICT,is+nb+nn
data,lb,A1,459,oder,vai • jeb,Vai • Jeb,FAMILY_COPY_STRICT,lb+nl
data,nl,A1,459,oder,vai • jeb,Vai • Jeb,FAMILY_COPY_STRICT,lb+nl
data,nl,A1,460,öffnen,atvērt,Atvērt,SAME_AS_LV_CASEFOLD,casefold_only
data,nl,A1,460,öffnen,atvērt,Atvērt,LV_DIACRITIC,
data,nl,A1,460,öffnen,atvērt,Atvērt,MARKER_LEAK,lv_macron_consonant
data,sr,A1,460,öffnen,atvērt,Otvori,SCRIPT_MISMATCH,sr_as_cyrillic
data,sr,A1,460,öffnen,atvērt,Otvori,MARKER_LEAK,latin_in_cyrillic
data,bg,A1,460,öffnen,atvērt,Отворете,FAMILY_COPY_STRICT,bg+mk
data,mk,A1,460,öffnen,atvērt,Отворете,FAMILY_COPY_STRICT,bg+mk
data,fi,A1,460,öffnen,atvērt,Avama,FAMILY_COPY_STRICT,fi+is+nb+nn+sv
data,is,A1,460,öffnen,atvērt,Avama,FAMILY_COPY_STRICT,fi+is+nb+nn+sv
data,nb,A1,460,öffnen,atvērt,Avama,FAMILY_COPY_STRICT,fi+is+nb+nn+sv
data,nn,A1,460,öffnen,atvērt,Avama,FAMILY_COPY_STRICT,fi+is+nb+nn+sv
data,sv,A1,460,öffnen,atvērt,Avama,FAMILY_COPY_STRICT,fi+is+nb+nn+sv
data,hr,A1,460,öffnen,atvērt,Otvori,FAMILY_COPY_STRICT,hr+sr
data,sr,A1,460,öffnen,atvērt,Otvori,FAMILY_COPY_STRICT,hr+sr
data,hr,A1,461,oft,bieži,Често,SCRIPT_MISMATCH,
data,hr,A1,461,oft,bieži,Често,MARKER_LEAK,foreign_script
data,nl,A1,461,oft,bieži,Bieži,SAME_AS_LV_CASEFOLD,casefold_only
data,nl,A1,461,oft,bieži,Bieži,LV_DIACRITIC,
data,bg,A1,461,oft,bieži,Често,FAMILY_COPY_STRICT,bg+hr+mk+sr
data,hr,A1,461,oft,bieži,Често,FAMILY_COPY_STRICT,bg+hr+mk+sr
data,mk,A1,461,oft,bieži,Често,FAMILY_COPY_STRICT,bg+hr+mk+sr
data,sr,A1,461,oft,bieži,Често,FAMILY_COPY_STRICT,bg+hr+mk+sr
data,cs,A1,461,oft,bieži,Často,FAMILY_COPY_STRICT,cs+sk
data,sk,A1,461,oft,bieži,Často,FAMILY_COPY_STRICT,cs+sk
data,da,A1,461,oft,bieži,Ofte,FAMILY_COPY_STRICT,da+is+nb+nn
data,is,A1,461,oft,bieži,Ofte,FAMILY_COPY_STRICT,da+is+nb+nn
data,nb,A1,461,oft,bieži,Ofte,FAMILY_COPY_STRICT,da+is+nb+nn
data,nn,A1,461,oft,bieži,Ofte,FAMILY_COPY_STRICT,da+is+nb+nn
data,fi,A1,461,oft,bieži,Sageli,FAMILY_COPY_STRICT,fi+sv
data,sv,A1,461,oft,bieži,Sageli,FAMILY_COPY_STRICT,fi+sv
data,it,A1,461,oft,bieži,Biezi,FAMILY_COPY_STRICT,it+pt
data,pt,A1,461,oft,bieži,Biezi,FAMILY_COPY_STRICT,it+pt
data,bs,A1,462,ohne,bez,Bez,SAME_AS_LV_CASEFOLD,casefold_only
data,cs,A1,462,ohne,bez,Bez,SAME_AS_LV_CASEFOLD,casefold_only
data,hr,A1,462,ohne,bez,Без,SCRIPT_MISMATCH,
data,hr,A1,462,ohne,bez,Без,MARKER_LEAK,foreign_script
data,nl,A1,462,ohne,bez,Bez,SAME_AS_LV_CASEFOLD,casefold_only
data,pl,A1,462,ohne,bez,Bez,SAME_AS_LV_CASEFOLD,casefold_only
data,sk,A1,462,ohne,bez,Bez,SAME_AS_LV_CASEFOLD,casefold_only
data,bg,A1,462,ohne,bez,Без,FAMILY_COPY_STRICT,bg+hr+mk+ru+sr
data,hr,A1,462,ohne,bez,Без,FAMILY_COPY_STRICT,bg+hr+mk+ru+sr
data,mk,A1,462,ohne,bez,Без,FAMILY_COPY_STRICT,bg+hr+mk+ru+sr
data,ru,A1,462,ohne,bez,Без,FAMILY_COPY_STRICT,bg+hr+mk+ru+sr
data,sr,A1,462,ohne,bez,Без,FAMILY_COPY_STRICT,bg+hr+mk+ru+sr
data,bs,A1,462,ohne,bez,Bez,FAMILY_COPY_STRICT,bs+cs+nl+pl+sk
data,cs,A1,462,ohne,bez,Bez,FAMILY_COPY_STRICT,bs+cs+nl+pl+sk
data,nl,A1,462,ohne,bez,Bez,FAMILY_COPY_STRICT,bs+cs+nl+pl+sk
data,pl,A1,462,ohne,bez,Bez,FAMILY_COPY_STRICT,bs+cs+nl+pl+sk
data,sk,A1,462,ohne,bez,Bez,FAMILY_COPY_STRICT,bs+cs+nl+pl+sk
data,fi,A1,462,ohne,bez,Ilma,FAMILY_COPY_STRICT,fi+is+nb+nn+sv
data,is,A1,462,ohne,bez,Ilma,FAMILY_COPY_STRICT,fi+is+nb+nn+sv
data,nb,A1,462,ohne,bez,Ilma,FAMILY_COPY_STRICT,fi+is+nb+nn+sv
data,nn,A1,462,ohne,bez,Ilma,FAMILY_COPY_STRICT,fi+is+nb+nn+sv
data,sv,A1,462,ohne,bez,Ilma,FAMILY_COPY_STRICT,fi+is+nb+nn+sv
data,fi,A1,463,Ohr,auss,Kõrv,MARKER_LEAK,et_otilde
data,hr,A1,463,Ohr,auss,Уво,SCRIPT_MISMATCH,
data,hr,A1,463,Ohr,auss,Уво,MARKER_LEAK,foreign_script
data,is,A1,463,Ohr,auss,Kõrv,MARKER_LEAK,et_otilde
data,nb,A1,463,Ohr,auss,Kõrv,MARKER_LEAK,et_otilde
data,nl,A1,463,Ohr,auss,Auss,SAME_AS_LV_CASEFOLD,casefold_only
data,nn,A1,463,Ohr,auss,Kõrv,MARKER_LEAK,et_otilde
data,sv,A1,463,Ohr,auss,Kõrv,MARKER_LEAK,et_otilde
data,bg,A1,463,Ohr,auss,Ухо,FAMILY_COPY_STRICT,bg+ru
data,ru,A1,463,Ohr,auss,Ухо,FAMILY_COPY_STRICT,bg+ru
data,bs,A1,463,Ohr,auss,uho,FAMILY_COPY_STRICT,bs+sl
data,sl,A1,463,Ohr,auss,uho,FAMILY_COPY_STRICT,bs+sl
data,cs,A1,463,Ohr,auss,Ucho,FAMILY_COPY_STRICT,cs+pl
data,pl,A1,463,Ohr,auss,Ucho,FAMILY_COPY_STRICT,cs+pl
data,fi,A1,463,Ohr,auss,Kõrv,FAMILY_COPY_STRICT,fi+is+nb+nn+sv
data,is,A1,463,Ohr,auss,Kõrv,FAMILY_COPY_STRICT,fi+is+nb+nn+sv
data,nb,A1,463,Ohr,auss,Kõrv,FAMILY_COPY_STRICT,fi+is+nb+nn+sv
data,nn,A1,463,Ohr,auss,Kõrv,FAMILY_COPY_STRICT,fi+is+nb+nn+sv
data,sv,A1,463,Ohr,auss,Kõrv,FAMILY_COPY_STRICT,fi+is+nb+nn+sv
data,hr,A1,463,Ohr,auss,Уво,FAMILY_COPY_STRICT,hr+mk+sr
data,mk,A1,463,Ohr,auss,Уво,FAMILY_COPY_STRICT,hr+mk+sr
data,sr,A1,463,Ohr,auss,Уво,FAMILY_COPY_STRICT,hr+mk+sr
data,nl,A1,464,Oktober,oktobris,Oktobris,SAME_AS_LV_CASEFOLD,casefold_only
data,sr,A1,464,Oktober,oktobris,Okt.,SCRIPT_MISMATCH,sr_as_cyrillic
data,sr,A1,464,Oktober,oktobris,Okt.,MARKER_LEAK,latin_in_cyrillic
data,bg,A1,464,Oktober,oktobris,Октомври,FAMILY_COPY_STRICT,bg+mk
data,mk,A1,464,Oktober,oktobris,Октомври,FAMILY_COPY_STRICT,bg+mk
data,fi,A1,464,Oktober,oktobris,Oktoober,FAMILY_COPY_STRICT,fi+sv
data,sv,A1,464,Oktober,oktobris,Oktoober,FAMILY_COPY_STRICT,fi+sv
data,hr,A1,464,Oktober,oktobris,Okt.,FAMILY_COPY_STRICT,hr+sr
data,sr,A1,464,Oktober,oktobris,Okt.,FAMILY_COPY_STRICT,hr+sr
data,hr,A1,465,Onkel,tēvocis,Чичо,SCRIPT_MISMATCH,
data,hr,A1,465,Onkel,tēvocis,Чичо,MARKER_LEAK,foreign_script
data,nl,A1,465,Onkel,tēvocis,Tēvocis,SAME_AS_LV_CASEFOLD,casefold_only
data,nl,A1,465,Onkel,tēvocis,Tēvocis,LV_DIACRITIC,
data,nl,A1,465,Onkel,tēvocis,Tēvocis,MARKER_LEAK,lv_macron_consonant
data,bg,A1,465,Onkel,tēvocis,Чичо,FAMILY_COPY_STRICT,bg+hr+mk+sr
data,hr,A1,465,Onkel,tēvocis,Чичо,FAMILY_COPY_STRICT,bg+hr+mk+sr
data,mk,A1,465,Onkel,tēvocis,Чичо,FAMILY_COPY_STRICT,bg+hr+mk+sr
data,sr,A1,465,Onkel,tēvocis,Чичо,FAMILY_COPY_STRICT,bg+hr+mk+sr
data,fi,A1,465,Onkel,tēvocis,Onu,FAMILY_COPY_STRICT,fi+sv
data,sv,A1,465,Onkel,tēvocis,Onu,FAMILY_COPY_STRICT,fi+sv
data,is,A1,465,Onkel,tēvocis,Unu,FAMILY_COPY_STRICT,is+nb+nn
data,nb,A1,465,Onkel,tēvocis,Unu,FAMILY_COPY_STRICT,is+nb+nn
data,nn,A1,465,Onkel,tēvocis,Unu,FAMILY_COPY_STRICT,is+nb+nn
data,sr,A1,466,Orange,apelsīns,Narandžasta,LV_DIACRITIC,
data,sr,A1,466,Orange,apelsīns,Narandžasta,SCRIPT_MISMATCH,sr_as_cyrillic
data,sr,A1,466,Orange,apelsīns,Narandžasta,MARKER_LEAK,latin_in_cyrillic
data,bg,A1,466,Orange,apelsīns,Портокал,FAMILY_COPY_STRICT,bg+mk
data,mk,A1,466,Orange,apelsīns,Портокал,FAMILY_COPY_STRICT,bg+mk
data,fi,A1,466,Orange,apelsīns,Apelsin,FAMILY_COPY_STRICT,fi+sv
data,sv,A1,466,Orange,apelsīns,Apelsin,FAMILY_COPY_STRICT,fi+sv
data,hr,A1,466,Orange,apelsīns,Narandžasta,FAMILY_COPY_STRICT,hr+sr
data,sr,A1,466,Orange,apelsīns,Narandžasta,FAMILY_COPY_STRICT,hr+sr
data,is,A1,466,Orange,apelsīns,Oransje,FAMILY_COPY_STRICT,is+nb+nn
data,nb,A1,466,Orange,apelsīns,Oransje,FAMILY_COPY_STRICT,is+nb+nn
data,nn,A1,466,Orange,apelsīns,Oransje,FAMILY_COPY_STRICT,is+nb+nn
data,fi,A1,467,Ostern,Lieldienas,Lihavõtted,MARKER_LEAK,et_otilde
data,hr,A1,467,Ostern,Lieldienas,Велигден,SCRIPT_MISMATCH,
data,hr,A1,467,Ostern,Lieldienas,Велигден,MARKER_LEAK,foreign_script
data,sv,A1,467,Ostern,Lieldienas,Lihavõtted,MARKER_LEAK,et_otilde
data,fi,A1,467,Ostern,Lieldienas,Lihavõtted,FAMILY_COPY_STRICT,fi+sv
data,sv,A1,467,Ostern,Lieldienas,Lihavõtted,FAMILY_COPY_STRICT,fi+sv
data,hr,A1,467,Ostern,Lieldienas,Велигден,FAMILY_COPY_STRICT,hr+mk+sr
data,mk,A1,467,Ostern,Lieldienas,Велигден,FAMILY_COPY_STRICT,hr+mk+sr
data,sr,A1,467,Ostern,Lieldienas,Велигден,FAMILY_COPY_STRICT,hr+mk+sr
data,is,A1,467,Ostern,Lieldienas,Lihavögted,FAMILY_COPY_STRICT,is+nb+nn
data,nb,A1,467,Ostern,Lieldienas,Lihavögted,FAMILY_COPY_STRICT,is+nb+nn
data,nn,A1,467,Ostern,Lieldienas,Lihavögted,FAMILY_COPY_STRICT,is+nb+nn
data,hr,A1,468,Paar,pāris,Чифт,SCRIPT_MISMATCH,
data,hr,A1,468,Paar,pāris,Чифт,MARKER_LEAK,foreign_script
data,nl,A1,468,Paar,pāris,Pāris,SAME_AS_LV_CASEFOLD,casefold_only
data,nl,A1,468,Paar,pāris,Pāris,LV_DIACRITIC,
data,nl,A1,468,Paar,pāris,Pāris,MARKER_LEAK,lv_macron_consonant
data,bg,A1,468,Paar,pāris,Чифт,FAMILY_COPY_STRICT,bg+hr+mk+sr
data,hr,A1,468,Paar,pāris,Чифт,FAMILY_COPY_STRICT,bg+hr+mk+sr
data,mk,A1,468,Paar,pāris,Чифт,FAMILY_COPY_STRICT,bg+hr+mk+sr
data,sr,A1,468,Paar,pāris,Чифт,FAMILY_COPY_STRICT,bg+hr+mk+sr
data,bs,A1,468,Paar,pāris,par,FAMILY_COPY_STRICT,bs+sl
data,sl,A1,468,Paar,pāris,par,FAMILY_COPY_STRICT,bs+sl
data,cs,A1,468,Paar,pāris,Pár,FAMILY_COPY_STRICT,cs+sk
data,sk,A1,468,Paar,pāris,Pár,FAMILY_COPY_STRICT,cs+sk
data,is,A1,468,Paar,pāris,Par,FAMILY_COPY_STRICT,is+nb+nn
data,nb,A1,468,Paar,pāris,Par,FAMILY_COPY_STRICT,is+nb+nn
data,nn,A1,468,Paar,pāris,Par,FAMILY_COPY_STRICT,is+nb+nn
data,hr,A1,469,Papier,papīrs,Хартия,SCRIPT_MISMATCH,
data,hr,A1,469,Papier,papīrs,Хартия,MARKER_LEAK,foreign_script
data,nl,A1,469,Papier,papīrs,Papīrs,SAME_AS_LV_CASEFOLD,casefold_only
data,nl,A1,469,Papier,papīrs,Papīrs,LV_DIACRITIC,
data,nl,A1,469,Papier,papīrs,Papīrs,MARKER_LEAK,lv_macron_consonant
data,bg,A1,469,Papier,papīrs,Хартия,FAMILY_COPY_STRICT,bg+hr+mk+sr
data,hr,A1,469,Papier,papīrs,Хартия,FAMILY_COPY_STRICT,bg+hr+mk+sr
data,mk,A1,469,Papier,papīrs,Хартия,FAMILY_COPY_STRICT,bg+hr+mk+sr
data,sr,A1,469,Papier,papīrs,Хартия,FAMILY_COPY_STRICT,bg+hr+mk+sr
data,bs,A1,469,Papier,papīrs,papir,FAMILY_COPY_STRICT,bs+sl
data,sl,A1,469,Papier,papīrs,papir,FAMILY_COPY_STRICT,bs+sl
data,cs,A1,469,Papier,papīrs,Papír,FAMILY_COPY_STRICT,cs+hu
data,hu,A1,469,Papier,papīrs,Papír,FAMILY_COPY_STRICT,cs+hu
data,da,A1,469,Papier,papīrs,Papir,FAMILY_COPY_STRICT,da+is+nb+nn
data,is,A1,469,Papier,papīrs,Papir,FAMILY_COPY_STRICT,da+is+nb+nn
data,nb,A1,469,Papier,papīrs,Papir,FAMILY_COPY_STRICT,da+is+nb+nn
data,nn,A1,469,Papier,papīrs,Papir,FAMILY_COPY_STRICT,da+is+nb+nn
data,fi,A1,469,Papier,papīrs,Paber,FAMILY_COPY_STRICT,fi+sv
data,sv,A1,469,Papier,papīrs,Paber,FAMILY_COPY_STRICT,fi+sv
data,hr,A1,470,Park,parks,Паркирайте,SCRIPT_MISMATCH,
data,hr,A1,470,Park,parks,Паркирайте,MARKER_LEAK,foreign_script
data,nl,A1,470,Park,parks,Parks,SAME_AS_LV_CASEFOLD,casefold_only
data,bg,A1,470,Park,parks,Паркирайте,FAMILY_COPY_STRICT,bg+hr+mk+sr
data,hr,A1,470,Park,parks,Паркирайте,FAMILY_COPY_STRICT,bg+hr+mk+sr
data,mk,A1,470,Park,parks,Паркирайте,FAMILY_COPY_STRICT,bg+hr+mk+sr
data,sr,A1,470,Park,parks,Паркирайте,FAMILY_COPY_STRICT,bg+hr+mk+sr
data,da,A1,470,Park,parks,Parkere,FAMILY_COPY_STRICT,da+is+nb+nn
data,is,A1,470,Park,parks,Parkere,FAMILY_COPY_STRICT,da+is+nb+nn
data,nb,A1,470,Park,parks,Parkere,FAMILY_COPY_STRICT,da+is+nb+nn
data,nn,A1,470,Park,parks,Parkere,FAMILY_COPY_STRICT,da+is+nb+nn
data,fr,A1,470,Park,parks,Parc,FAMILY_COPY_STRICT,fr+ro
data,ro,A1,470,Park,parks,Parc,FAMILY_COPY_STRICT,fr+ro
data,hr,A1,471,passen,derēt • piestāvēt,Подходящ • Подходящ,SCRIPT_MISMATCH,
data,hr,A1,471,passen,derēt • piestāvēt,Подходящ • Подходящ,MARKER_LEAK,foreign_script
data,lb,A1,471,passen,derēt • piestāvēt,Derēt • Piestāvēt,SAME_AS_LV_CASEFOLD,casefold_only
data,lb,A1,471,passen,derēt • piestāvēt,Derēt • Piestāvēt,LV_DIACRITIC,
data,lb,A1,471,passen,derēt • piestāvēt,Derēt • Piestāvēt,MARKER_LEAK,lv_macron_consonant
data,nl,A1,471,passen,derēt • piestāvēt,Derēt • Piestāvēt,SAME_AS_LV_CASEFOLD,casefold_only
data,nl,A1,471,passen,derēt • piestāvēt,Derēt • Piestāvēt,LV_DIACRITIC,
data,nl,A1,471,passen,derēt • piestāvēt,Derēt • Piestāvēt,MARKER_LEAK,lv_macron_consonant
data,bg,A1,471,passen,derēt • piestāvēt,Подходящ • Подходящ,FAMILY_COPY_STRICT,bg+hr+mk+sr
data,hr,A1,471,passen,derēt • piestāvēt,Подходящ • Подходящ,FAMILY_COPY_STRICT,bg+hr+mk+sr
data,mk,A1,471,passen,derēt • piestāvēt,Подходящ • Подходящ,FAMILY_COPY_STRICT,bg+hr+mk+sr
data,sr,A1,471,passen,derēt • piestāvēt,Подходящ • Подходящ,FAMILY_COPY_STRICT,bg+hr+mk+sr
data,is,A1,471,passen,derēt • piestāvēt,Sobima • Hest sobima,FAMILY_COPY_STRICT,is+nb+nn
data,nb,A1,471,passen,derēt • piestāvēt,Sobima • Hest sobima,FAMILY_COPY_STRICT,is+nb+nn
data,nn,A1,471,passen,derēt • piestāvēt,Sobima • Hest sobima,FAMILY_COPY_STRICT,is+nb+nn
data,it,A1,471,passen,derēt • piestāvēt,Deret • Piestavet,FAMILY_COPY_STRICT,it+pt
data,pt,A1,471,passen,derēt • piestāvēt,Deret • Piestavet,FAMILY_COPY_STRICT,it+pt
data,lb,A1,471,passen,derēt • piestāvēt,Derēt • Piestāvēt,FAMILY_COPY_STRICT,lb+nl
data,nl,A1,471,passen,derēt • piestāvēt,Derēt • Piestāvēt,FAMILY_COPY_STRICT,lb+nl
data,hr,A1,472,Pause,pārtraukums,Почивка,SCRIPT_MISMATCH,
data,hr,A1,472,Pause,pārtraukums,Почивка,MARKER_LEAK,foreign_script
data,nl,A1,472,Pause,pārtraukums,Pārtraukums,SAME_AS_LV_CASEFOLD,casefold_only
data,nl,A1,472,Pause,pārtraukums,Pārtraukums,LV_DIACRITIC,
data,nl,A1,472,Pause,pārtraukums,Pārtraukums,MARKER_LEAK,lv_macron_consonant
data,bg,A1,472,Pause,pārtraukums,Почивка,FAMILY_COPY_STRICT,bg+hr+mk+sr
data,hr,A1,472,Pause,pārtraukums,Почивка,FAMILY_COPY_STRICT,bg+hr+mk+sr
data,mk,A1,472,Pause,pārtraukums,Почивка,FAMILY_COPY_STRICT,bg+hr+mk+sr
data,sr,A1,472,Pause,pārtraukums,Почивка,FAMILY_COPY_STRICT,bg+hr+mk+sr
data,fi,A1,472,Pause,pārtraukums,Vaheaeg,FAMILY_COPY_STRICT,fi+sv
data,sv,A1,472,Pause,pārtraukums,Vaheaeg,FAMILY_COPY_STRICT,fi+sv
data,is,A1,472,Pause,pārtraukums,Vaheag,FAMILY_COPY_STRICT,is+nb+nn
data,nb,A1,472,Pause,pārtraukums,Vaheag,FAMILY_COPY_STRICT,is+nb+nn
data,nn,A1,472,Pause,pārtraukums,Vaheag,FAMILY_COPY_STRICT,is+nb+nn
data,es,A1,473,Person,persona,persona,SAME_AS_LV_CASEFOLD,exact
data,hr,A1,473,Person,persona,Човешки,SCRIPT_MISMATCH,
data,hr,A1,473,Person,persona,Човешки,MARKER_LEAK,foreign_script
data,nl,A1,473,Person,persona,Persona,SAME_AS_LV_CASEFOLD,casefold_only
data,bg,A1,473,Person,persona,Човешки,FAMILY_COPY_STRICT,bg+hr+mk+sr
data,hr,A1,473,Person,persona,Човешки,FAMILY_COPY_STRICT,bg+hr+mk+sr
data,mk,A1,473,Person,persona,Човешки,FAMILY_COPY_STRICT,bg+hr+mk+sr
data,sr,A1,473,Person,persona,Човешки,FAMILY_COPY_STRICT,bg+hr+mk+sr
data,cs,A1,473,Person,persona,Osoba,FAMILY_COPY_STRICT,cs+pl+sk
data,pl,A1,473,Person,persona,Osoba,FAMILY_COPY_STRICT,cs+pl+sk
data,sk,A1,473,Person,persona,Osoba,FAMILY_COPY_STRICT,cs+pl+sk
data,fi,A1,473,Person,persona,Isik,FAMILY_COPY_STRICT,fi+is+nb+nn+sv
data,is,A1,473,Person,persona,Isik,FAMILY_COPY_STRICT,fi+is+nb+nn+sv
data,nb,A1,473,Person,persona,Isik,FAMILY_COPY_STRICT,fi+is+nb+nn+sv
data,nn,A1,473,Person,persona,Isik,FAMILY_COPY_STRICT,fi+is+nb+nn+sv
data,sv,A1,473,Person,persona,Isik,FAMILY_COPY_STRICT,fi+is+nb+nn+sv
data,hr,A1,474,Pferd,zirgs,Кон,SCRIPT_MISMATCH,
data,hr,A1,474,Pferd,zirgs,Кон,MARKER_LEAK,foreign_script
data,nl,A1,474,Pferd,zirgs,Zirgs,SAME_AS_LV_CASEFOLD,casefold_only
data,bg,A1,474,Pferd,zirgs,Кон,FAMILY_COPY_STRICT,bg+hr+mk+sr
data,hr,A1,474,Pferd,zirgs,Кон,FAMILY_COPY_STRICT,bg+hr+mk+sr
data,mk,A1,474,Pferd,zirgs,Кон,FAMILY_COPY_STRICT,bg+hr+mk+sr
data,sr,A1,474,Pferd,zirgs,Кон,FAMILY_COPY_STRICT,bg+hr+mk+sr
data,bs,A1,474,Pferd,zirgs,konj,FAMILY_COPY_STRICT,bs+sl
data,sl,A1,474,Pferd,zirgs,konj,FAMILY_COPY_STRICT,bs+sl
data,fi,A1,474,Pferd,zirgs,Hobune,FAMILY_COPY_STRICT,fi+is+nb+nn+sv
data,is,A1,474,Pferd,zirgs,Hobune,FAMILY_COPY_STRICT,fi+is+nb+nn+sv
data,nb,A1,474,Pferd,zirgs,Hobune,FAMILY_COPY_STRICT,fi+is+nb+nn+sv
data,nn,A1,474,Pferd,zirgs,Hobune,FAMILY_COPY_STRICT,fi+is+nb+nn+sv
data,sv,A1,474,Pferd,zirgs,Hobune,FAMILY_COPY_STRICT,fi+is+nb+nn+sv
data,hr,A1,475,Pflanze,augs,Растение,SCRIPT_MISMATCH,
data,hr,A1,475,Pflanze,augs,Растение,MARKER_LEAK,foreign_script
data,nl,A1,475,Pflanze,augs,Augs,SAME_AS_LV_CASEFOLD,casefold_only
data,bg,A1,475,Pflanze,augs,Растение,FAMILY_COPY_STRICT,bg+hr+mk+ru+sr
data,hr,A1,475,Pflanze,augs,Растение,FAMILY_COPY_STRICT,bg+hr+mk+ru+sr
data,mk,A1,475,Pflanze,augs,Растение,FAMILY_COPY_STRICT,bg+hr+mk+ru+sr
data,ru,A1,475,Pflanze,augs,Растение,FAMILY_COPY_STRICT,bg+hr+mk+ru+sr
data,sr,A1,475,Pflanze,augs,Растение,FAMILY_COPY_STRICT,bg+hr+mk+ru+sr
data,fi,A1,475,Pflanze,augs,Taim,FAMILY_COPY_STRICT,fi+is+nb+nn+sv
data,is,A1,475,Pflanze,augs,Taim,FAMILY_COPY_STRICT,fi+is+nb+nn+sv
data,nb,A1,475,Pflanze,augs,Taim,FAMILY_COPY_STRICT,fi+is+nb+nn+sv
data,nn,A1,475,Pflanze,augs,Taim,FAMILY_COPY_STRICT,fi+is+nb+nn+sv
data,sv,A1,475,Pflanze,augs,Taim,FAMILY_COPY_STRICT,fi+is+nb+nn+sv
data,it,A1,475,Pflanze,augs,Agosto,FAMILY_COPY_STRICT,it+pt
data,pt,A1,475,Pflanze,augs,Agosto,FAMILY_COPY_STRICT,it+pt
data,bs,A1,476,Pizza,pica,pica,SAME_AS_LV_CASEFOLD,exact
data,hr,A1,476,Pizza,pica,Пица,SCRIPT_MISMATCH,
data,hr,A1,476,Pizza,pica,Пица,MARKER_LEAK,foreign_script
data,lt,A1,476,Pizza,pica,pica,SAME_AS_LV_CASEFOLD,exact
data,nl,A1,476,Pizza,pica,Pica,SAME_AS_LV_CASEFOLD,casefold_only
data,sl,A1,476,Pizza,pica,pica,SAME_AS_LV_CASEFOLD,exact
data,bg,A1,476,Pizza,pica,Пица,FAMILY_COPY_STRICT,bg+hr+mk+sr
data,hr,A1,476,Pizza,pica,Пица,FAMILY_COPY_STRICT,bg+hr+mk+sr
data,mk,A1,476,Pizza,pica,Пица,FAMILY_COPY_STRICT,bg+hr+mk+sr
data,sr,A1,476,Pizza,pica,Пица,FAMILY_COPY_STRICT,bg+hr+mk+sr
data,et,A1,476,Pizza,pica,pitsa,FAMILY_COPY_STRICT,et+fi
data,fi,A1,476,Pizza,pica,pitsa,FAMILY_COPY_STRICT,et+fi
data,it,A1,476,Pizza,pica,Picacismo,FAMILY_COPY_STRICT,it+pt
data,pt,A1,476,Pizza,pica,Picacismo,FAMILY_COPY_STRICT,it+pt
data,nl,A1,477,Plan,plāns,Plāns,SAME_AS_LV_CASEFOLD,casefold_only
data,nl,A1,477,Plan,plāns,Plāns,LV_DIACRITIC,
data,nl,A1,477,Plan,plāns,Plāns,MARKER_LEAK,lv_macron_consonant
data,sr,A1,477,Plan,plāns,Plan,SCRIPT_MISMATCH,sr_as_cyrillic
data,sr,A1,477,Plan,plāns,Plan,MARKER_LEAK,latin_in_cyrillic
data,bg,A1,477,Plan,plāns,Планирайте,FAMILY_COPY_STRICT,bg+mk
data,mk,A1,477,Plan,plāns,Планирайте,FAMILY_COPY_STRICT,bg+mk
data,cs,A1,477,Plan,plāns,Plán,FAMILY_COPY_STRICT,cs+sk
data,sk,A1,477,Plan,plāns,Plán,FAMILY_COPY_STRICT,cs+sk
data,fi,A1,477,Plan,plāns,Plaan,FAMILY_COPY_STRICT,fi+sv
data,sv,A1,477,Plan,plāns,Plaan,FAMILY_COPY_STRICT,fi+sv
data,hr,A1,478,Platz,vieta,Место,SCRIPT_MISMATCH,
data,hr,A1,478,Platz,vieta,Место,MARKER_LEAK,foreign_script
data,it,A1,478,Platz,vieta,Vieta,SAME_AS_LV_CASEFOLD,casefold_only
data,lt,A1,478,Platz,vieta,vieta,SAME_AS_LV_CASEFOLD,exact
data,nl,A1,478,Platz,vieta,Vieta,SAME_AS_LV_CASEFOLD,casefold_only
data,fi,A1,478,Platz,vieta,Koht,FAMILY_COPY_STRICT,fi+is+nb+nn+sv
data,is,A1,478,Platz,vieta,Koht,FAMILY_COPY_STRICT,fi+is+nb+nn+sv
data,nb,A1,478,Platz,vieta,Koht,FAMILY_COPY_STRICT,fi+is+nb+nn+sv
data,nn,A1,478,Platz,vieta,Koht,FAMILY_COPY_STRICT,fi+is+nb+nn+sv
data,sv,A1,478,Platz,vieta,Koht,FAMILY_COPY_STRICT,fi+is+nb+nn+sv
data,hr,A1,478,Platz,vieta,Место,FAMILY_COPY_STRICT,hr+mk+ru+sr
data,mk,A1,478,Platz,vieta,Место,FAMILY_COPY_STRICT,hr+mk+ru+sr
data,ru,A1,478,Platz,vieta,Место,FAMILY_COPY_STRICT,hr+mk+ru+sr
data,sr,A1,478,Platz,vieta,Место,FAMILY_COPY_STRICT,hr+mk+ru+sr
data,it,A1,478,Platz,vieta,Vieta,FAMILY_COPY_STRICT,it+nl
data,nl,A1,478,Platz,vieta,Vieta,FAMILY_COPY_STRICT,it+nl
data,bs,A1,479,Polizei,policija,policija,SAME_AS_LV_CASEFOLD,exact
data,hr,A1,479,Polizei,policija,Полиция,SCRIPT_MISMATCH,
data,hr,A1,479,Polizei,policija,Полиция,MARKER_LEAK,foreign_script
data,lt,A1,479,Polizei,policija,policija,SAME_AS_LV_CASEFOLD,exact
data,nl,A1,479,Polizei,policija,Policija,SAME_AS_LV_CASEFOLD,casefold_only
data,sl,A1,479,Polizei,policija,policija,SAME_AS_LV_CASEFOLD,exact
data,bg,A1,479,Polizei,policija,Полиция,FAMILY_COPY_STRICT,bg+hr+mk+ru+sr
data,hr,A1,479,Polizei,policija,Полиция,FAMILY_COPY_STRICT,bg+hr+mk+ru+sr
data,mk,A1,479,Polizei,policija,Полиция,FAMILY_COPY_STRICT,bg+hr+mk+ru+sr
data,ru,A1,479,Polizei,policija,Полиция,FAMILY_COPY_STRICT,bg+hr+mk+ru+sr
data,sr,A1,479,Polizei,policija,Полиция,FAMILY_COPY_STRICT,bg+hr+mk+ru+sr
data,fi,A1,479,Polizei,policija,Politsei,FAMILY_COPY_STRICT,fi+sv
data,sv,A1,479,Polizei,policija,Politsei,FAMILY_COPY_STRICT,fi+sv
data,is,A1,479,Polizei,policija,Politiavdelingen,FAMILY_COPY_STRICT,is+nb+nn
data,nb,A1,479,Polizei,policija,Politiavdelingen,FAMILY_COPY_STRICT,is+nb+nn
data,nn,A1,479,Polizei,policija,Politiavdelingen,FAMILY_COPY_STRICT,is+nb+nn
data,hr,A1,480,Post,pasts,Поща,SCRIPT_MISMATCH,
data,hr,A1,480,Post,pasts,Поща,MARKER_LEAK,foreign_script
data,nl,A1,480,Post,pasts,Pasts,SAME_AS_LV_CASEFOLD,casefold_only
data,bg,A1,480,Post,pasts,Поща,FAMILY_COPY_STRICT,bg+hr+mk+sr
data,hr,A1,480,Post,pasts,Поща,FAMILY_COPY_STRICT,bg+hr+mk+sr
data,mk,A1,480,Post,pasts,Поща,FAMILY_COPY_STRICT,bg+hr+mk+sr
data,sr,A1,480,Post,pasts,Поща,FAMILY_COPY_STRICT,bg+hr+mk+sr
data,bs,A1,480,Post,pasts,pošta,FAMILY_COPY_STRICT,bs+sl
data,sl,A1,480,Post,pasts,pošta,FAMILY_COPY_STRICT,bs+sl
data,en,A1,480,Post,pasts,Mail,FAMILY_COPY_STRICT,en+ro
data,ro,A1,480,Post,pasts,Mail,FAMILY_COPY_STRICT,en+ro
data,cs,A1,481,Preis,cena,Cena,SAME_AS_LV_CASEFOLD,casefold_only
data,it,A1,481,Preis,cena,Cena,SAME_AS_LV_CASEFOLD,casefold_only
data,nl,A1,481,Preis,cena,Cena,SAME_AS_LV_CASEFOLD,casefold_only
data,pl,A1,481,Preis,cena,Cena,SAME_AS_LV_CASEFOLD,casefold_only
data,sk,A1,481,Preis,cena,Cena,SAME_AS_LV_CASEFOLD,casefold_only
data,sl,A1,481,Preis,cena,cena,SAME_AS_LV_CASEFOLD,exact
data,sr,A1,481,Preis,cena,Cijena,SCRIPT_MISMATCH,sr_as_cyrillic
data,sr,A1,481,Preis,cena,Cijena,MARKER_LEAK,latin_in_cyrillic
data,bg,A1,481,Preis,cena,Цена,FAMILY_COPY_STRICT,bg+mk+ru
data,mk,A1,481,Preis,cena,Цена,FAMILY_COPY_STRICT,bg+mk+ru
data,ru,A1,481,Preis,cena,Цена,FAMILY_COPY_STRICT,bg+mk+ru
data,cs,A1,481,Preis,cena,Cena,FAMILY_COPY_STRICT,cs+it+nl+pl+sk
data,it,A1,481,Preis,cena,Cena,FAMILY_COPY_STRICT,cs+it+nl+pl+sk
data,nl,A1,481,Preis,cena,Cena,FAMILY_COPY_STRICT,cs+it+nl+pl+sk
data,pl,A1,481,Preis,cena,Cena,FAMILY_COPY_STRICT,cs+it+nl+pl+sk
data,sk,A1,481,Preis,cena,Cena,FAMILY_COPY_STRICT,cs+it+nl+pl+sk
data,fi,A1,481,Preis,cena,Hind,FAMILY_COPY_STRICT,fi+is+nb+nn+sv
data,is,A1,481,Preis,cena,Hind,FAMILY_COPY_STRICT,fi+is+nb+nn+sv
data,nb,A1,481,Preis,cena,Hind,FAMILY_COPY_STRICT,fi+is+nb+nn+sv
data,nn,A1,481,Preis,cena,Hind,FAMILY_COPY_STRICT,fi+is+nb+nn+sv
data,sv,A1,481,Preis,cena,Hind,FAMILY_COPY_STRICT,fi+is+nb+nn+sv
data,hr,A1,481,Preis,cena,Cijena,FAMILY_COPY_STRICT,hr+sr
data,sr,A1,481,Preis,cena,Cijena,FAMILY_COPY_STRICT,hr+sr
data,hr,A1,482,probieren,izmēģināt • nogaršot,Опитайте • Опитайте,SCRIPT_MISMATCH,
data,hr,A1,482,probieren,izmēģināt • nogaršot,Опитайте • Опитайте,MARKER_LEAK,foreign_script
data,it,A1,482,probieren,izmēģināt • nogaršot,Izmēēināt • Nogaršot,LV_DIACRITIC,
data,it,A1,482,probieren,izmēģināt • nogaršot,Izmēēināt • Nogaršot,MARKER_LEAK,lv_macron_consonant
data,lb,A1,482,probieren,izmēģināt • nogaršot,Izmēṅināt • Nogaršot,LV_DIACRITIC,
data,lb,A1,482,probieren,izmēģināt • nogaršot,Izmēṅināt • Nogaršot,MARKER_LEAK,lv_macron_consonant
data,nl,A1,482,probieren,izmēģināt • nogaršot,Izmēģināt • Nogaršot,SAME_AS_LV_CASEFOLD,casefold_only
data,nl,A1,482,probieren,izmēģināt • nogaršot,Izmēģināt • Nogaršot,LV_DIACRITIC,
data,nl,A1,482,probieren,izmēģināt • nogaršot,Izmēģināt • Nogaršot,MARKER_LEAK,lv_macron_consonant
data,pt,A1,482,probieren,izmēģināt • nogaršot,Izmēēināt • Nogaršot,LV_DIACRITIC,
data,pt,A1,482,probieren,izmēģināt • nogaršot,Izmēēināt • Nogaršot,MARKER_LEAK,lv_macron_consonant
data,bg,A1,482,probieren,izmēģināt • nogaršot,Опитайте • Опитайте,FAMILY_COPY_STRICT,bg+hr+mk+sr
data,hr,A1,482,probieren,izmēģināt • nogaršot,Опитайте • Опитайте,FAMILY_COPY_STRICT,bg+hr+mk+sr
data,mk,A1,482,probieren,izmēģināt • nogaršot,Опитайте • Опитайте,FAMILY_COPY_STRICT,bg+hr+mk+sr
data,sr,A1,482,probieren,izmēģināt • nogaršot,Опитайте • Опитайте,FAMILY_COPY_STRICT,bg+hr+mk+sr
data,fi,A1,482,probieren,izmēģināt • nogaršot,Proovima • Maitsma,FAMILY_COPY_STRICT,fi+is+nb+nn+sv
data,is,A1,482,probieren,izmēģināt • nogaršot,Proovima • Maitsma,FAMILY_COPY_STRICT,fi+is+nb+nn+sv
data,nb,A1,482,probieren,izmēģināt • nogaršot,Proovima • Maitsma,FAMILY_COPY_STRICT,fi+is+nb+nn+sv
data,nn,A1,482,probieren,izmēģināt • nogaršot,Proovima • Maitsma,FAMILY_COPY_STRICT,fi+is+nb+nn+sv
data,sv,A1,482,probieren,izmēģināt • nogaršot,Proovima • Maitsma,FAMILY_COPY_STRICT,fi+is+nb+nn+sv
data,it,A1,482,probieren,izmēģināt • nogaršot,Izmēēināt • Nogaršot,FAMILY_COPY_STRICT,it+pt
data,pt,A1,482,probieren,izmēģināt • nogaršot,Izmēēināt • Nogaršot,FAMILY_COPY_STRICT,it+pt
data,hr,A1,483,Problem,problēma,Проблем,SCRIPT_MISMATCH,
data,hr,A1,483,Problem,problēma,Проблем,MARKER_LEAK,foreign_script
data,nl,A1,483,Problem,problēma,Problēma,SAME_AS_LV_CASEFOLD,casefold_only
data,nl,A1,483,Problem,problēma,Problēma,LV_DIACRITIC,
data,nl,A1,483,Problem,problēma,Problēma,MARKER_LEAK,lv_macron_consonant
data,bg,A1,483,Problem,problēma,Проблем,FAMILY_COPY_STRICT,bg+hr+mk+sr
data,hr,A1,483,Problem,problēma,Проблем,FAMILY_COPY_STRICT,bg+hr+mk+sr
data,mk,A1,483,Problem,problēma,Проблем,FAMILY_COPY_STRICT,bg+hr+mk+sr
data,sr,A1,483,Problem,problēma,Проблем,FAMILY_COPY_STRICT,bg+hr+mk+sr
data,cs,A1,483,Problem,problēma,Problém,FAMILY_COPY_STRICT,cs+sk
data,sk,A1,483,Problem,problēma,Problém,FAMILY_COPY_STRICT,cs+sk
data,es,A1,483,Problem,problēma,problema,FAMILY_COPY_STRICT,es+lt
data,lt,A1,483,Problem,problēma,problema,FAMILY_COPY_STRICT,es+lt
data,fi,A1,483,Problem,problēma,Probleem,FAMILY_COPY_STRICT,fi+sv
data,sv,A1,483,Problem,problēma,Probleem,FAMILY_COPY_STRICT,fi+sv
data,it,A1,483,Problem,problēma,Inconveniente,FAMILY_COPY_STRICT,it+pt
data,pt,A1,483,Problem,problēma,Inconveniente,FAMILY_COPY_STRICT,it+pt
data,hr,A1,484,Programm,programma,Програма,SCRIPT_MISMATCH,
data,hr,A1,484,Programm,programma,Програма,MARKER_LEAK,foreign_script
data,it,A1,484,Programm,programma,Programma,SAME_AS_LV_CASEFOLD,casefold_only
data,nl,A1,484,Programm,programma,Programma,SAME_AS_LV_CASEFOLD,casefold_only
data,bg,A1,484,Programm,programma,Програма,FAMILY_COPY_STRICT,bg+hr+mk+sr
data,hr,A1,484,Programm,programma,Програма,FAMILY_COPY_STRICT,bg+hr+mk+sr
data,mk,A1,484,Programm,programma,Програма,FAMILY_COPY_STRICT,bg+hr+mk+sr
data,sr,A1,484,Programm,programma,Програма,FAMILY_COPY_STRICT,bg+hr+mk+sr
data,bs,A1,484,Programm,programma,program,FAMILY_COPY_STRICT,bs+sl
data,sl,A1,484,Programm,programma,program,FAMILY_COPY_STRICT,bs+sl
data,es,A1,484,Programm,programma,programa,FAMILY_COPY_STRICT,es+lt
data,lt,A1,484,Programm,programma,programa,FAMILY_COPY_STRICT,es+lt
data,it,A1,484,Programm,programma,Programma,FAMILY_COPY_STRICT,it+nl
data,nl,A1,484,Programm,programma,Programma,FAMILY_COPY_STRICT,it+nl
data,lt,A1,485,Pullover,džemperis,džemperis,SAME_AS_LV_CASEFOLD,exact
data,nl,A1,485,Pullover,džemperis,Džemperis,SAME_AS_LV_CASEFOLD,casefold_only
data,nl,A1,485,Pullover,džemperis,Džemperis,LV_DIACRITIC,
data,sr,A1,485,Pullover,džemperis,Pulover,SCRIPT_MISMATCH,sr_as_cyrillic
data,sr,A1,485,Pullover,džemperis,Pulover,MARKER_LEAK,latin_in_cyrillic
data,bg,A1,485,Pullover,džemperis,Пуловер,FAMILY_COPY_STRICT,bg+mk
data,mk,A1,485,Pullover,džemperis,Пуловер,FAMILY_COPY_STRICT,bg+mk
data,da,A1,485,Pullover,džemperis,Sweater,FAMILY_COPY_STRICT,da+en
data,en,A1,485,Pullover,džemperis,Sweater,FAMILY_COPY_STRICT,da+en
data,fi,A1,485,Pullover,džemperis,Kampsun,FAMILY_COPY_STRICT,fi+is+nb+nn+sv
data,is,A1,485,Pullover,džemperis,Kampsun,FAMILY_COPY_STRICT,fi+is+nb+nn+sv
data,nb,A1,485,Pullover,džemperis,Kampsun,FAMILY_COPY_STRICT,fi+is+nb+nn+sv
data,nn,A1,485,Pullover,džemperis,Kampsun,FAMILY_COPY_STRICT,fi+is+nb+nn+sv
data,sv,A1,485,Pullover,džemperis,Kampsun,FAMILY_COPY_STRICT,fi+is+nb+nn+sv
data,hr,A1,485,Pullover,džemperis,Pulover,FAMILY_COPY_STRICT,hr+ro+sr
data,ro,A1,485,Pullover,džemperis,Pulover,FAMILY_COPY_STRICT,hr+ro+sr
data,sr,A1,485,Pullover,džemperis,Pulover,FAMILY_COPY_STRICT,hr+ro+sr
data,it,A1,485,Pullover,džemperis,Jemperis,FAMILY_COPY_STRICT,it+pt
data,pt,A1,485,Pullover,džemperis,Jemperis,FAMILY_COPY_STRICT,it+pt
data,hr,A1,486,Punkt,punkts,Точка,SCRIPT_MISMATCH,
data,hr,A1,486,Punkt,punkts,Точка,MARKER_LEAK,foreign_script
data,nl,A1,486,Punkt,punkts,Punkts,SAME_AS_LV_CASEFOLD,casefold_only
data,bg,A1,486,Punkt,punkts,Точка,FAMILY_COPY_STRICT,bg+hr+mk+ru+sr
data,hr,A1,486,Punkt,punkts,Точка,FAMILY_COPY_STRICT,bg+hr+mk+ru+sr
data,mk,A1,486,Punkt,punkts,Точка,FAMILY_COPY_STRICT,bg+hr+mk+ru+sr
data,ru,A1,486,Punkt,punkts,Точка,FAMILY_COPY_STRICT,bg+hr+mk+ru+sr
data,sr,A1,486,Punkt,punkts,Точка,FAMILY_COPY_STRICT,bg+hr+mk+ru+sr
data,cs,A1,486,Punkt,punkts,Bod,FAMILY_COPY_STRICT,cs+sk
data,sk,A1,486,Punkt,punkts,Bod,FAMILY_COPY_STRICT,cs+sk
data,hr,A1,487,putzen,tīrīt,Чисто,SCRIPT_MISMATCH,
data,hr,A1,487,putzen,tīrīt,Чисто,MARKER_LEAK,foreign_script
data,nl,A1,487,putzen,tīrīt,Tīrīt,SAME_AS_LV_CASEFOLD,casefold_only
data,nl,A1,487,putzen,tīrīt,Tīrīt,LV_DIACRITIC,
data,nl,A1,487,putzen,tīrīt,Tīrīt,MARKER_LEAK,lv_macron_consonant
data,bg,A1,487,putzen,tīrīt,Чисто,FAMILY_COPY_STRICT,bg+hr+mk+sr
data,hr,A1,487,putzen,tīrīt,Чисто,FAMILY_COPY_STRICT,bg+hr+mk+sr
data,mk,A1,487,putzen,tīrīt,Чисто,FAMILY_COPY_STRICT,bg+hr+mk+sr
data,sr,A1,487,putzen,tīrīt,Чисто,FAMILY_COPY_STRICT,bg+hr+mk+sr
data,bs,A1,487,putzen,tīrīt,čistiti,FAMILY_COPY_STRICT,bs+sl
data,sl,A1,487,putzen,tīrīt,čistiti,FAMILY_COPY_STRICT,bs+sl
data,fi,A1,487,putzen,tīrīt,Puhastama,FAMILY_COPY_STRICT,fi+sv
data,sv,A1,487,putzen,tīrīt,Puhastama,FAMILY_COPY_STRICT,fi+sv
data,is,A1,487,putzen,tīrīt,Puh-stammen,FAMILY_COPY_STRICT,is+nb+nn
data,nb,A1,487,putzen,tīrīt,Puh-stammen,FAMILY_COPY_STRICT,is+nb+nn
data,nn,A1,487,putzen,tīrīt,Puh-stammen,FAMILY_COPY_STRICT,is+nb+nn
data,fi,A1,488,Rad fahren,braukt ar divriteni,Jalgrattaga sõitma,MARKER_LEAK,et_otilde
data,hr,A1,488,Rad fahren,braukt ar divriteni,Карайте колело,SCRIPT_MISMATCH,
data,hr,A1,488,Rad fahren,braukt ar divriteni,Карайте колело,MARKER_LEAK,foreign_script
data,lb,A1,488,Rad fahren,braukt ar divriteni,Braukt ar divriteni,SAME_AS_LV_CASEFOLD,casefold_only
data,nl,A1,488,Rad fahren,braukt ar divriteni,Braukt ar divriteni,SAME_AS_LV_CASEFOLD,casefold_only
data,sv,A1,488,Rad fahren,braukt ar divriteni,Jalgrattaga sõitma,MARKER_LEAK,et_otilde
data,bg,A1,488,Rad fahren,braukt ar divriteni,Карайте колело,FAMILY_COPY_STRICT,bg+hr+mk+sr
data,hr,A1,488,Rad fahren,braukt ar divriteni,Карайте колело,FAMILY_COPY_STRICT,bg+hr+mk+sr
data,mk,A1,488,Rad fahren,braukt ar divriteni,Карайте колело,FAMILY_COPY_STRICT,bg+hr+mk+sr
data,sr,A1,488,Rad fahren,braukt ar divriteni,Карайте колело,FAMILY_COPY_STRICT,bg+hr+mk+sr
data,fi,A1,488,Rad fahren,braukt ar divriteni,Jalgrattaga sõitma,FAMILY_COPY_STRICT,fi+sv
data,sv,A1,488,Rad fahren,braukt ar divriteni,Jalgrattaga sõitma,FAMILY_COPY_STRICT,fi+sv
data,is,A1,488,Rad fahren,braukt ar divriteni,Jalgrattaga juidma,FAMILY_COPY_STRICT,is+nb+nn
data,nb,A1,488,Rad fahren,braukt ar divriteni,Jalgrattaga juidma,FAMILY_COPY_STRICT,is+nb+nn
data,nn,A1,488,Rad fahren,braukt ar divriteni,Jalgrattaga juidma,FAMILY_COPY_STRICT,is+nb+nn
data,lb,A1,488,Rad fahren,braukt ar divriteni,Braukt ar divriteni,FAMILY_COPY_STRICT,lb+nl
data,nl,A1,488,Rad fahren,braukt ar divriteni,Braukt ar divriteni,FAMILY_COPY_STRICT,lb+nl
data,hr,A1,489,Radiergummi,dzēšamgumija,Бришач,SCRIPT_MISMATCH,
data,hr,A1,489,Radiergummi,dzēšamgumija,Бришач,MARKER_LEAK,foreign_script
data,it,A1,489,Radiergummi,dzēšamgumija,Dzešamgumija,LV_DIACRITIC,
data,lb,A1,489,Radiergummi,dzēšamgumija,Dzēšamgumija,SAME_AS_LV_CASEFOLD,casefold_only
data,lb,A1,489,Radiergummi,dzēšamgumija,Dzēšamgumija,LV_DIACRITIC,
data,lb,A1,489,Radiergummi,dzēšamgumija,Dzēšamgumija,MARKER_LEAK,lv_macron_consonant
data,nl,A1,489,Radiergummi,dzēšamgumija,Dzēšamgumija,SAME_AS_LV_CASEFOLD,casefold_only
data,nl,A1,489,Radiergummi,dzēšamgumija,Dzēšamgumija,LV_DIACRITIC,
data,nl,A1,489,Radiergummi,dzēšamgumija,Dzēšamgumija,MARKER_LEAK,lv_macron_consonant
data,pt,A1,489,Radiergummi,dzēšamgumija,Dzešamgumija,LV_DIACRITIC,
data,cs,A1,489,Radiergummi,dzēšamgumija,Guma,FAMILY_COPY_STRICT,cs+sk
data,sk,A1,489,Radiergummi,dzēšamgumija,Guma,FAMILY_COPY_STRICT,cs+sk
data,fi,A1,489,Radiergummi,dzēšamgumija,Kustutuskumm,FAMILY_COPY_STRICT,fi+is+nb+nn+sv
data,is,A1,489,Radiergummi,dzēšamgumija,Kustutuskumm,FAMILY_COPY_STRICT,fi+is+nb+nn+sv
data,nb,A1,489,Radiergummi,dzēšamgumija,Kustutuskumm,FAMILY_COPY_STRICT,fi+is+nb+nn+sv
data,nn,A1,489,Radiergummi,dzēšamgumija,Kustutuskumm,FAMILY_COPY_STRICT,fi+is+nb+nn+sv
data,sv,A1,489,Radiergummi,dzēšamgumija,Kustutuskumm,FAMILY_COPY_STRICT,fi+is+nb+nn+sv
data,hr,A1,489,Radiergummi,dzēšamgumija,Бришач,FAMILY_COPY_STRICT,hr+mk+sr
data,mk,A1,489,Radiergummi,dzēšamgumija,Бришач,FAMILY_COPY_STRICT,hr+mk+sr
data,sr,A1,489,Radiergummi,dzēšamgumija,Бришач,FAMILY_COPY_STRICT,hr+mk+sr
data,it,A1,489,Radiergummi,dzēšamgumija,Dzešamgumija,FAMILY_COPY_STRICT,it+pt
data,pt,A1,489,Radiergummi,dzēšamgumija,Dzešamgumija,FAMILY_COPY_STRICT,it+pt
data,lb,A1,489,Radiergummi,dzēšamgumija,Dzēšamgumija,FAMILY_COPY_STRICT,lb+nl
data,nl,A1,489,Radiergummi,dzēšamgumija,Dzēšamgumija,FAMILY_COPY_STRICT,lb+nl
data,hr,A1,490,rauchen,smēķēt,Пушенето,SCRIPT_MISMATCH,
data,hr,A1,490,rauchen,smēķēt,Пушенето,MARKER_LEAK,foreign_script
data,it,A1,490,rauchen,smēķēt,Smēēēt,LV_DIACRITIC,
data,it,A1,490,rauchen,smēķēt,Smēēēt,MARKER_LEAK,lv_macron_consonant
data,nl,A1,490,rauchen,smēķēt,Smēķēt,SAME_AS_LV_CASEFOLD,casefold_only
data,nl,A1,490,rauchen,smēķēt,Smēķēt,LV_DIACRITIC,
data,nl,A1,490,rauchen,smēķēt,Smēķēt,MARKER_LEAK,lv_macron_consonant
data,pt,A1,490,rauchen,smēķēt,Smēēēt,LV_DIACRITIC,
data,pt,A1,490,rauchen,smēķēt,Smēēēt,MARKER_LEAK,lv_macron_consonant
data,bg,A1,490,rauchen,smēķēt,Пушенето,FAMILY_COPY_STRICT,bg+hr+mk+sr
data,hr,A1,490,rauchen,smēķēt,Пушенето,FAMILY_COPY_STRICT,bg+hr+mk+sr
data,mk,A1,490,rauchen,smēķēt,Пушенето,FAMILY_COPY_STRICT,bg+hr+mk+sr
data,sr,A1,490,rauchen,smēķēt,Пушенето,FAMILY_COPY_STRICT,bg+hr+mk+sr
data,fi,A1,490,rauchen,smēķēt,Suitsetama,FAMILY_COPY_STRICT,fi+sv
data,sv,A1,490,rauchen,smēķēt,Suitsetama,FAMILY_COPY_STRICT,fi+sv
data,is,A1,490,rauchen,smēķēt,Drakten setter,FAMILY_COPY_STRICT,is+nb+nn
data,nb,A1,490,rauchen,smēķēt,Drakten setter,FAMILY_COPY_STRICT,is+nb+nn
data,nn,A1,490,rauchen,smēķēt,Drakten setter,FAMILY_COPY_STRICT,is+nb+nn
data,it,A1,490,rauchen,smēķēt,Smēēēt,FAMILY_COPY_STRICT,it+pt
data,pt,A1,490,rauchen,smēķēt,Smēēēt,FAMILY_COPY_STRICT,it+pt
data,hr,A1,491,rechts,pa labi • labais,Право • Право,SCRIPT_MISMATCH,
data,hr,A1,491,rechts,pa labi • labais,Право • Право,MARKER_LEAK,foreign_script
data,it,A1,491,rechts,pa labi • labais,Pa labi • Labais,SAME_AS_LV_CASEFOLD,casefold_only
data,lb,A1,491,rechts,pa labi • labais,Pa labi • Labais,SAME_AS_LV_CASEFOLD,casefold_only
data,nl,A1,491,rechts,pa labi • labais,Pa labi • Labais,SAME_AS_LV_CASEFOLD,casefold_only
data,pt,A1,491,rechts,pa labi • labais,Pa labi • Labais,SAME_AS_LV_CASEFOLD,casefold_only
data,bg,A1,491,rechts,pa labi • labais,Право • Право,FAMILY_COPY_STRICT,bg+hr+mk+sr
data,hr,A1,491,rechts,pa labi • labais,Право • Право,FAMILY_COPY_STRICT,bg+hr+mk+sr
data,mk,A1,491,rechts,pa labi • labais,Право • Право,FAMILY_COPY_STRICT,bg+hr+mk+sr
data,sr,A1,491,rechts,pa labi • labais,Право • Право,FAMILY_COPY_STRICT,bg+hr+mk+sr
data,fi,A1,491,rechts,pa labi • labais,Paremale • Parem,FAMILY_COPY_STRICT,fi+is+nb+nn+sv
data,is,A1,491,rechts,pa labi • labais,Paremale • Parem,FAMILY_COPY_STRICT,fi+is+nb+nn+sv
data,nb,A1,491,rechts,pa labi • labais,Paremale • Parem,FAMILY_COPY_STRICT,fi+is+nb+nn+sv
data,nn,A1,491,rechts,pa labi • labais,Paremale • Parem,FAMILY_COPY_STRICT,fi+is+nb+nn+sv
data,sv,A1,491,rechts,pa labi • labais,Paremale • Parem,FAMILY_COPY_STRICT,fi+is+nb+nn+sv
data,it,A1,491,rechts,pa labi • labais,Pa labi • Labais,FAMILY_COPY_STRICT,it+lb+nl+pt
data,lb,A1,491,rechts,pa labi • labais,Pa labi • Labais,FAMILY_COPY_STRICT,it+lb+nl+pt
data,nl,A1,491,rechts,pa labi • labais,Pa labi • Labais,FAMILY_COPY_STRICT,it+lb+nl+pt
data,pt,A1,491,rechts,pa labi • labais,Pa labi • Labais,FAMILY_COPY_STRICT,it+lb+nl+pt
data,nl,A1,492,reden,runāt,Runāt,SAME_AS_LV_CASEFOLD,casefold_only
data,nl,A1,492,reden,runāt,Runāt,LV_DIACRITIC,
data,nl,A1,492,reden,runāt,Runāt,MARKER_LEAK,lv_macron_consonant
data,sr,A1,492,reden,runāt,Govor,SCRIPT_MISMATCH,sr_as_cyrillic
data,sr,A1,492,reden,runāt,Govor,MARKER_LEAK,latin_in_cyrillic
data,bs,A1,492,reden,runāt,govoriti,FAMILY_COPY_STRICT,bs+sl
data,sl,A1,492,reden,runāt,govoriti,FAMILY_COPY_STRICT,bs+sl
data,fi,A1,492,reden,runāt,Rääkima,FAMILY_COPY_STRICT,fi+sv
data,sv,A1,492,reden,runāt,Rääkima,FAMILY_COPY_STRICT,fi+sv
data,hr,A1,492,reden,runāt,Govor,FAMILY_COPY_STRICT,hr+sr
data,sr,A1,492,reden,runāt,Govor,FAMILY_COPY_STRICT,hr+sr
data,is,A1,492,reden,runāt,Pratsom,FAMILY_COPY_STRICT,is+nb+nn
data,nb,A1,492,reden,runāt,Pratsom,FAMILY_COPY_STRICT,is+nb+nn
data,nn,A1,492,reden,runāt,Pratsom,FAMILY_COPY_STRICT,is+nb+nn
data,it,A1,492,reden,runāt,Runat,FAMILY_COPY_STRICT,it+pt
data,pt,A1,492,reden,runāt,Runat,FAMILY_COPY_STRICT,it+pt
data,lt,A1,493,Regen,lietus,lietus,SAME_AS_LV_CASEFOLD,exact
data,nl,A1,493,Regen,lietus,Lietus,SAME_AS_LV_CASEFOLD,casefold_only
data,sr,A1,493,Regen,lietus,Kiša,LV_DIACRITIC,
data,sr,A1,493,Regen,lietus,Kiša,SCRIPT_MISMATCH,sr_as_cyrillic
data,sr,A1,493,Regen,lietus,Kiša,MARKER_LEAK,latin_in_cyrillic
data,bg,A1,493,Regen,lietus,Дъжд,FAMILY_COPY_STRICT,bg+mk
data,mk,A1,493,Regen,lietus,Дъжд,FAMILY_COPY_STRICT,bg+mk
data,fi,A1,493,Regen,lietus,Vihm,FAMILY_COPY_STRICT,fi+sv
data,sv,A1,493,Regen,lietus,Vihm,FAMILY_COPY_STRICT,fi+sv
data,hr,A1,493,Regen,lietus,Kiša,FAMILY_COPY_STRICT,hr+sr
data,sr,A1,493,Regen,lietus,Kiša,FAMILY_COPY_STRICT,hr+sr
data,is,A1,493,Regen,lietus,Hmm,FAMILY_COPY_STRICT,is+nb+nn
data,nb,A1,493,Regen,lietus,Hmm,FAMILY_COPY_STRICT,is+nb+nn
data,nn,A1,493,Regen,lietus,Hmm,FAMILY_COPY_STRICT,is+nb+nn
data,it,A1,494,Regenschirm,lietussargs,Lietussargs,SAME_AS_LV_CASEFOLD,casefold_only
data,nl,A1,494,Regenschirm,lietussargs,Lietussargs,SAME_AS_LV_CASEFOLD,casefold_only
data,pt,A1,494,Regenschirm,lietussargs,Lietussargs,SAME_AS_LV_CASEFOLD,casefold_only
data,sr,A1,494,Regenschirm,lietussargs,Kišobran,LV_DIACRITIC,
data,sr,A1,494,Regenschirm,lietussargs,Kišobran,SCRIPT_MISMATCH,sr_as_cyrillic
data,sr,A1,494,Regenschirm,lietussargs,Kišobran,MARKER_LEAK,latin_in_cyrillic
data,fi,A1,494,Regenschirm,lietussargs,Vihmavari,FAMILY_COPY_STRICT,fi+is+nb+nn+sv
data,is,A1,494,Regenschirm,lietussargs,Vihmavari,FAMILY_COPY_STRICT,fi+is+nb+nn+sv
data,nb,A1,494,Regenschirm,lietussargs,Vihmavari,FAMILY_COPY_STRICT,fi+is+nb+nn+sv
data,nn,A1,494,Regenschirm,lietussargs,Vihmavari,FAMILY_COPY_STRICT,fi+is+nb+nn+sv
data,sv,A1,494,Regenschirm,lietussargs,Vihmavari,FAMILY_COPY_STRICT,fi+is+nb+nn+sv
data,hr,A1,494,Regenschirm,lietussargs,Kišobran,FAMILY_COPY_STRICT,hr+sr
data,sr,A1,494,Regenschirm,lietussargs,Kišobran,FAMILY_COPY_STRICT,hr+sr
data,it,A1,494,Regenschirm,lietussargs,Lietussargs,FAMILY_COPY_STRICT,it+nl+pt
data,nl,A1,494,Regenschirm,lietussargs,Lietussargs,FAMILY_COPY_STRICT,it+nl+pt
data,pt,A1,494,Regenschirm,lietussargs,Lietussargs,FAMILY_COPY_STRICT,it+nl+pt
data,hr,A1,495,regnen,līt,Врне дожд,SCRIPT_MISMATCH,
data,hr,A1,495,regnen,līt,Врне дожд,MARKER_LEAK,foreign_script
data,nl,A1,495,regnen,līt,Līt,SAME_AS_LV_CASEFOLD,casefold_only
data,nl,A1,495,regnen,līt,Līt,LV_DIACRITIC,
data,nl,A1,495,regnen,līt,Līt,MARKER_LEAK,lv_macron_consonant
data,fi,A1,495,regnen,līt,Vihma sadama,FAMILY_COPY_STRICT,fi+is+nb+nn+sv
data,is,A1,495,regnen,līt,Vihma sadama,FAMILY_COPY_STRICT,fi+is+nb+nn+sv
data,nb,A1,495,regnen,līt,Vihma sadama,FAMILY_COPY_STRICT,fi+is+nb+nn+sv
data,nn,A1,495,regnen,līt,Vihma sadama,FAMILY_COPY_STRICT,fi+is+nb+nn+sv
data,sv,A1,495,regnen,līt,Vihma sadama,FAMILY_COPY_STRICT,fi+is+nb+nn+sv
data,hr,A1,495,regnen,līt,Врне дожд,FAMILY_COPY_STRICT,hr+mk+sr
data,mk,A1,495,regnen,līt,Врне дожд,FAMILY_COPY_STRICT,hr+mk+sr
data,sr,A1,495,regnen,līt,Врне дожд,FAMILY_COPY_STRICT,hr+mk+sr
data,nl,A1,496,Reis,rīsi,Rīsi,SAME_AS_LV_CASEFOLD,casefold_only
data,nl,A1,496,Reis,rīsi,Rīsi,LV_DIACRITIC,
data,nl,A1,496,Reis,rīsi,Rīsi,MARKER_LEAK,lv_macron_consonant
data,sr,A1,496,Reis,rīsi,Rice.,SCRIPT_MISMATCH,sr_as_cyrillic
data,sr,A1,496,Reis,rīsi,Rice.,MARKER_LEAK,latin_in_cyrillic
data,bg,A1,496,Reis,rīsi,Ориз,FAMILY_COPY_STRICT,bg+mk
data,mk,A1,496,Reis,rīsi,Ориз,FAMILY_COPY_STRICT,bg+mk
data,da,A1,496,Reis,rīsi,Ris,FAMILY_COPY_STRICT,da+is+nb+nn
data,is,A1,496,Reis,rīsi,Ris,FAMILY_COPY_STRICT,da+is+nb+nn
data,nb,A1,496,Reis,rīsi,Ris,FAMILY_COPY_STRICT,da+is+nb+nn
data,nn,A1,496,Reis,rīsi,Ris,FAMILY_COPY_STRICT,da+is+nb+nn
data,fi,A1,496,Reis,rīsi,Riis,FAMILY_COPY_STRICT,fi+sv
data,sv,A1,496,Reis,rīsi,Riis,FAMILY_COPY_STRICT,fi+sv
data,hr,A1,496,Reis,rīsi,Rice.,FAMILY_COPY_STRICT,hr+sr
data,sr,A1,496,Reis,rīsi,Rice.,FAMILY_COPY_STRICT,hr+sr
data,fi,A1,497,richtig,pareizs,Õige,MARKER_LEAK,et_otilde
data,hr,A1,497,richtig,pareizs,Правилно,SCRIPT_MISMATCH,
data,hr,A1,497,richtig,pareizs,Правилно,MARKER_LEAK,foreign_script
data,it,A1,497,richtig,pareizs,Pareizs,SAME_AS_LV_CASEFOLD,casefold_only
data,nl,A1,497,richtig,pareizs,Pareizs,SAME_AS_LV_CASEFOLD,casefold_only
data,sv,A1,497,richtig,pareizs,Õige,MARKER_LEAK,et_otilde
data,bg,A1,497,richtig,pareizs,Правилно,FAMILY_COPY_STRICT,bg+hr+mk+sr
data,hr,A1,497,richtig,pareizs,Правилно,FAMILY_COPY_STRICT,bg+hr+mk+sr
data,mk,A1,497,richtig,pareizs,Правилно,FAMILY_COPY_STRICT,bg+hr+mk+sr
data,sr,A1,497,richtig,pareizs,Правилно,FAMILY_COPY_STRICT,bg+hr+mk+sr
data,en,A1,497,richtig,pareizs,Correct,FAMILY_COPY_STRICT,en+fr
data,fr,A1,497,richtig,pareizs,Correct,FAMILY_COPY_STRICT,en+fr
data,fi,A1,497,richtig,pareizs,Õige,FAMILY_COPY_STRICT,fi+sv
data,sv,A1,497,richtig,pareizs,Õige,FAMILY_COPY_STRICT,fi+sv
data,is,A1,497,richtig,pareizs,Høyre,FAMILY_COPY_STRICT,is+nb+nn
data,nb,A1,497,richtig,pareizs,Høyre,FAMILY_COPY_STRICT,is+nb+nn
data,nn,A1,497,richtig,pareizs,Høyre,FAMILY_COPY_STRICT,is+nb+nn
data,it,A1,497,richtig,pareizs,Pareizs,FAMILY_COPY_STRICT,it+nl
data,nl,A1,497,richtig,pareizs,Pareizs,FAMILY_COPY_STRICT,it+nl
data,hr,A1,498,rosa,rozā,Розово,SCRIPT_MISMATCH,
data,hr,A1,498,rosa,rozā,Розово,MARKER_LEAK,foreign_script
data,nl,A1,498,rosa,rozā,Rozā,SAME_AS_LV_CASEFOLD,casefold_only
data,nl,A1,498,rosa,rozā,Rozā,LV_DIACRITIC,
data,nl,A1,498,rosa,rozā,Rozā,MARKER_LEAK,lv_macron_consonant
data,bg,A1,498,rosa,rozā,Розово,FAMILY_COPY_STRICT,bg+hr+mk+sr
data,hr,A1,498,rosa,rozā,Розово,FAMILY_COPY_STRICT,bg+hr+mk+sr
data,mk,A1,498,rosa,rozā,Розово,FAMILY_COPY_STRICT,bg+hr+mk+sr
data,sr,A1,498,rosa,rozā,Розово,FAMILY_COPY_STRICT,bg+hr+mk+sr
data,fi,A1,498,rosa,rozā,Roosa,FAMILY_COPY_STRICT,fi+sv
data,sv,A1,498,rosa,rozā,Roosa,FAMILY_COPY_STRICT,fi+sv
data,fr,A1,498,rosa,rozā,Rose,FAMILY_COPY_STRICT,fr+is+nb+nn
data,is,A1,498,rosa,rozā,Rose,FAMILY_COPY_STRICT,fr+is+nb+nn
data,nb,A1,498,rosa,rozā,Rose,FAMILY_COPY_STRICT,fr+is+nb+nn
data,nn,A1,498,rosa,rozā,Rose,FAMILY_COPY_STRICT,fr+is+nb+nn
data,sq,A1,498,rosa,rozā,Pembe,FAMILY_COPY_STRICT,sq+tr
data,tr,A1,498,rosa,rozā,Pembe,FAMILY_COPY_STRICT,sq+tr
data,hr,A1,499,rot,sarkans,Црвено,SCRIPT_MISMATCH,
data,hr,A1,499,rot,sarkans,Црвено,MARKER_LEAK,foreign_script
data,it,A1,499,rot,sarkans,Sarkans,SAME_AS_LV_CASEFOLD,casefold_only
data,nl,A1,499,rot,sarkans,Sarkans,SAME_AS_LV_CASEFOLD,casefold_only
data,pt,A1,499,rot,sarkans,Sarkans,SAME_AS_LV_CASEFOLD,casefold_only
data,fi,A1,499,rot,sarkans,Punane,FAMILY_COPY_STRICT,fi+is+nb+nn+sv
data,is,A1,499,rot,sarkans,Punane,FAMILY_COPY_STRICT,fi+is+nb+nn+sv
data,nb,A1,499,rot,sarkans,Punane,FAMILY_COPY_STRICT,fi+is+nb+nn+sv
data,nn,A1,499,rot,sarkans,Punane,FAMILY_COPY_STRICT,fi+is+nb+nn+sv
data,sv,A1,499,rot,sarkans,Punane,FAMILY_COPY_STRICT,fi+is+nb+nn+sv
data,hr,A1,499,rot,sarkans,Црвено,FAMILY_COPY_STRICT,hr+mk+sr
data,mk,A1,499,rot,sarkans,Црвено,FAMILY_COPY_STRICT,hr+mk+sr
data,sr,A1,499,rot,sarkans,Црвено,FAMILY_COPY_STRICT,hr+mk+sr
data,it,A1,499,rot,sarkans,Sarkans,FAMILY_COPY_STRICT,it+nl+pt
data,nl,A1,499,rot,sarkans,Sarkans,FAMILY_COPY_STRICT,it+nl+pt
data,pt,A1,499,rot,sarkans,Sarkans,FAMILY_COPY_STRICT,it+nl+pt
data,hr,A1,500,rufen,saukt,Јавете ми се,SCRIPT_MISMATCH,
data,hr,A1,500,rufen,saukt,Јавете ми се,MARKER_LEAK,foreign_script
data,it,A1,500,rufen,saukt,Saukt,SAME_AS_LV_CASEFOLD,casefold_only
data,nl,A1,500,rufen,saukt,Saukt,SAME_AS_LV_CASEFOLD,casefold_only
data,pt,A1,500,rufen,saukt,Saukt,SAME_AS_LV_CASEFOLD,casefold_only
data,fi,A1,500,rufen,saukt,Hüüdma,FAMILY_COPY_STRICT,fi+is+nb+nn+sv
data,is,A1,500,rufen,saukt,Hüüdma,FAMILY_COPY_STRICT,fi+is+nb+nn+sv
data,nb,A1,500,rufen,saukt,Hüüdma,FAMILY_COPY_STRICT,fi+is+nb+nn+sv
data,nn,A1,500,rufen,saukt,Hüüdma,FAMILY_COPY_STRICT,fi+is+nb+nn+sv
data,sv,A1,500,rufen,saukt,Hüüdma,FAMILY_COPY_STRICT,fi+is+nb+nn+sv
data,hr,A1,500,rufen,saukt,Јавете ми се,FAMILY_COPY_STRICT,hr+mk+sr
data,mk,A1,500,rufen,saukt,Јавете ми се,FAMILY_COPY_STRICT,hr+mk+sr
data,sr,A1,500,rufen,saukt,Јавете ми се,FAMILY_COPY_STRICT,hr+mk+sr
data,it,A1,500,rufen,saukt,Saukt,FAMILY_COPY_STRICT,it+nl+pt
data,nl,A1,500,rufen,saukt,Saukt,FAMILY_COPY_STRICT,it+nl+pt
data,pt,A1,500,rufen,saukt,Saukt,FAMILY_COPY_STRICT,it+nl+pt
data,nl,A1,501,rund,apaļš,Apaļš,SAME_AS_LV_CASEFOLD,casefold_only
data,nl,A1,501,rund,apaļš,Apaļš,LV_DIACRITIC,
data,nl,A1,501,rund,apaļš,Apaļš,MARKER_LEAK,lv_macron_consonant
data,sr,A1,501,rund,apaļš,Okrugli,SCRIPT_MISMATCH,sr_as_cyrillic
data,sr,A1,501,rund,apaļš,Okrugli,MARKER_LEAK,latin_in_cyrillic
data,bg,A1,501,rund,apaļš,Кръгъл,FAMILY_COPY_STRICT,bg+mk
data,mk,A1,501,rund,apaļš,Кръгъл,FAMILY_COPY_STRICT,bg+mk
data,fi,A1,501,rund,apaļš,Ümmargune,FAMILY_COPY_STRICT,fi+is+nb+nn+sv
data,is,A1,501,rund,apaļš,Ümmargune,FAMILY_COPY_STRICT,fi+is+nb+nn+sv
data,nb,A1,501,rund,apaļš,Ümmargune,FAMILY_COPY_STRICT,fi+is+nb+nn+sv
data,nn,A1,501,rund,apaļš,Ümmargune,FAMILY_COPY_STRICT,fi+is+nb+nn+sv
data,sv,A1,501,rund,apaļš,Ümmargune,FAMILY_COPY_STRICT,fi+is+nb+nn+sv
data,hr,A1,501,rund,apaļš,Okrugli,FAMILY_COPY_STRICT,hr+sr
data,sr,A1,501,rund,apaļš,Okrugli,FAMILY_COPY_STRICT,hr+sr
data,sq,A1,501,rund,apaļš,Yuvarlak,FAMILY_COPY_STRICT,sq+tr
data,tr,A1,501,rund,apaļš,Yuvarlak,FAMILY_COPY_STRICT,sq+tr
data,nl,A1,502,Rose,roze,Roze,SAME_AS_LV_CASEFOLD,casefold_only
data,sr,A1,502,Rose,roze,Rosa.,SCRIPT_MISMATCH,sr_as_cyrillic
data,sr,A1,502,Rose,roze,Rosa.,MARKER_LEAK,latin_in_cyrillic
data,bg,A1,502,Rose,roze,Роза,FAMILY_COPY_STRICT,bg+mk+ru
data,mk,A1,502,Rose,roze,Роза,FAMILY_COPY_STRICT,bg+mk+ru
data,ru,A1,502,Rose,roze,Роза,FAMILY_COPY_STRICT,bg+mk+ru
data,fi,A1,502,Rose,roze,Roos,FAMILY_COPY_STRICT,fi+sv
data,sv,A1,502,Rose,roze,Roos,FAMILY_COPY_STRICT,fi+sv
data,hr,A1,502,Rose,roze,Rosa.,FAMILY_COPY_STRICT,hr+sr
data,sr,A1,502,Rose,roze,Rosa.,FAMILY_COPY_STRICT,hr+sr
data,lb,A1,502,Rose,roze,Rosa,FAMILY_COPY_STRICT,lb+pt
data,pt,A1,502,Rose,roze,Rosa,FAMILY_COPY_STRICT,lb+pt
data,sq,A1,502,Rose,roze,Gül,FAMILY_COPY_STRICT,sq+tr
data,tr,A1,502,Rose,roze,Gül,FAMILY_COPY_STRICT,sq+tr
data,hr,A1,503,Sache,lieta,Нешто,SCRIPT_MISMATCH,
data,hr,A1,503,Sache,lieta,Нешто,MARKER_LEAK,foreign_script
data,nl,A1,503,Sache,lieta,Lieta,SAME_AS_LV_CASEFOLD,casefold_only
data,hr,A1,503,Sache,lieta,Нешто,FAMILY_COPY_STRICT,hr+mk+sr
data,mk,A1,503,Sache,lieta,Нешто,FAMILY_COPY_STRICT,hr+mk+sr
data,sr,A1,503,Sache,lieta,Нешто,FAMILY_COPY_STRICT,hr+mk+sr
data,is,A1,503,Sache,lieta,Asia,FAMILY_COPY_STRICT,is+nb+nn
data,nb,A1,503,Sache,lieta,Asia,FAMILY_COPY_STRICT,is+nb+nn
data,nn,A1,503,Sache,lieta,Asia,FAMILY_COPY_STRICT,is+nb+nn
data,hr,A1,504,Saft,sula,Сок,SCRIPT_MISMATCH,
data,hr,A1,504,Saft,sula,Сок,MARKER_LEAK,foreign_script
data,it,A1,504,Saft,sula,Sula,SAME_AS_LV_CASEFOLD,casefold_only
data,nl,A1,504,Saft,sula,Sula,SAME_AS_LV_CASEFOLD,casefold_only
data,pt,A1,504,Saft,sula,Sula,SAME_AS_LV_CASEFOLD,casefold_only
data,bg,A1,504,Saft,sula,Сок,FAMILY_COPY_STRICT,bg+hr+mk+ru+sr
data,hr,A1,504,Saft,sula,Сок,FAMILY_COPY_STRICT,bg+hr+mk+ru+sr
data,mk,A1,504,Saft,sula,Сок,FAMILY_COPY_STRICT,bg+hr+mk+ru+sr
data,ru,A1,504,Saft,sula,Сок,FAMILY_COPY_STRICT,bg+hr+mk+ru+sr
data,sr,A1,504,Saft,sula,Сок,FAMILY_COPY_STRICT,bg+hr+mk+ru+sr
data,bs,A1,504,Saft,sula,sok,FAMILY_COPY_STRICT,bs+sl
data,sl,A1,504,Saft,sula,sok,FAMILY_COPY_STRICT,bs+sl
data,da,A1,504,Saft,sula,Juice,FAMILY_COPY_STRICT,da+en
data,en,A1,504,Saft,sula,Juice,FAMILY_COPY_STRICT,da+en
data,fi,A1,504,Saft,sula,Mahl,FAMILY_COPY_STRICT,fi+sv
data,sv,A1,504,Saft,sula,Mahl,FAMILY_COPY_STRICT,fi+sv
data,is,A1,504,Saft,sula,Mat,FAMILY_COPY_STRICT,is+nb+nn
data,nb,A1,504,Saft,sula,Mat,FAMILY_COPY_STRICT,is+nb+nn
data,nn,A1,504,Saft,sula,Mat,FAMILY_COPY_STRICT,is+nb+nn
data,it,A1,504,Saft,sula,Sula,FAMILY_COPY_STRICT,it+nl+pt
data,nl,A1,504,Saft,sula,Sula,FAMILY_COPY_STRICT,it+nl+pt
data,pt,A1,504,Saft,sula,Sula,FAMILY_COPY_STRICT,it+nl+pt
data,hr,A1,505,sagen,teikt,Кажи,SCRIPT_MISMATCH,
data,hr,A1,505,sagen,teikt,Кажи,MARKER_LEAK,foreign_script
data,it,A1,505,sagen,teikt,Teikt,SAME_AS_LV_CASEFOLD,casefold_only
data,nl,A1,505,sagen,teikt,Teikt,SAME_AS_LV_CASEFOLD,casefold_only
data,pt,A1,505,sagen,teikt,Teikt,SAME_AS_LV_CASEFOLD,casefold_only
data,fi,A1,505,sagen,teikt,Ütlema,FAMILY_COPY_STRICT,fi+is+nb+nn+sv
data,is,A1,505,sagen,teikt,Ütlema,FAMILY_COPY_STRICT,fi+is+nb+nn+sv
data,nb,A1,505,sagen,teikt,Ütlema,FAMILY_COPY_STRICT,fi+is+nb+nn+sv
data,nn,A1,505,sagen,teikt,Ütlema,FAMILY_COPY_STRICT,fi+is+nb+nn+sv
data,sv,A1,505,sagen,teikt,Ütlema,FAMILY_COPY_STRICT,fi+is+nb+nn+sv
data,hr,A1,505,sagen,teikt,Кажи,FAMILY_COPY_STRICT,hr+mk+sr
data,mk,A1,505,sagen,teikt,Кажи,FAMILY_COPY_STRICT,hr+mk+sr
data,sr,A1,505,sagen,teikt,Кажи,FAMILY_COPY_STRICT,hr+mk+sr
data,it,A1,505,sagen,teikt,Teikt,FAMILY_COPY_STRICT,it+nl+pt
data,nl,A1,505,sagen,teikt,Teikt,FAMILY_COPY_STRICT,it+nl+pt
data,pt,A1,505,sagen,teikt,Teikt,FAMILY_COPY_STRICT,it+nl+pt
data,hr,A1,506,Salat,salāti,Салата,SCRIPT_MISMATCH,
data,hr,A1,506,Salat,salāti,Салата,MARKER_LEAK,foreign_script
data,bg,A1,506,Salat,salāti,Салата,FAMILY_COPY_STRICT,bg+hr+mk+sr
data,hr,A1,506,Salat,salāti,Салата,FAMILY_COPY_STRICT,bg+hr+mk+sr
data,mk,A1,506,Salat,salāti,Салата,FAMILY_COPY_STRICT,bg+hr+mk+sr
data,sr,A1,506,Salat,salāti,Салата,FAMILY_COPY_STRICT,bg+hr+mk+sr
data,fr,A1,506,Salat,salāti,Salade,FAMILY_COPY_STRICT,fr+nl
data,nl,A1,506,Salat,salāti,Salade,FAMILY_COPY_STRICT,fr+nl
data,sq,A1,506,Salat,salāti,Salata,FAMILY_COPY_STRICT,sq+tr
data,tr,A1,506,Salat,salāti,Salata,FAMILY_COPY_STRICT,sq+tr
data,hr,A1,507,Salz,sāls,Сол,SCRIPT_MISMATCH,
data,hr,A1,507,Salz,sāls,Сол,MARKER_LEAK,foreign_script
data,nl,A1,507,Salz,sāls,Sāls,SAME_AS_LV_CASEFOLD,casefold_only
data,nl,A1,507,Salz,sāls,Sāls,LV_DIACRITIC,
data,nl,A1,507,Salz,sāls,Sāls,MARKER_LEAK,lv_macron_consonant
data,bg,A1,507,Salz,sāls,Сол,FAMILY_COPY_STRICT,bg+hr+mk+sr
data,hr,A1,507,Salz,sāls,Сол,FAMILY_COPY_STRICT,bg+hr+mk+sr
data,mk,A1,507,Salz,sāls,Сол,FAMILY_COPY_STRICT,bg+hr+mk+sr
data,sr,A1,507,Salz,sāls,Сол,FAMILY_COPY_STRICT,bg+hr+mk+sr
data,da,A1,507,Salz,sāls,Salt,FAMILY_COPY_STRICT,da+en
data,en,A1,507,Salz,sāls,Salt,FAMILY_COPY_STRICT,da+en
data,fi,A1,507,Salz,sāls,Sool,FAMILY_COPY_STRICT,fi+sv
data,sv,A1,507,Salz,sāls,Sool,FAMILY_COPY_STRICT,fi+sv
data,is,A1,507,Salz,sāls,Sol,FAMILY_COPY_STRICT,is+nb+nn
data,nb,A1,507,Salz,sāls,Sol,FAMILY_COPY_STRICT,is+nb+nn
data,nn,A1,507,Salz,sāls,Sol,FAMILY_COPY_STRICT,is+nb+nn
data,hr,A1,508,sauber,tīrs,Чисто,SCRIPT_MISMATCH,
data,hr,A1,508,sauber,tīrs,Чисто,MARKER_LEAK,foreign_script
data,nl,A1,508,sauber,tīrs,Tīrs,SAME_AS_LV_CASEFOLD,casefold_only
data,nl,A1,508,sauber,tīrs,Tīrs,LV_DIACRITIC,
data,nl,A1,508,sauber,tīrs,Tīrs,MARKER_LEAK,lv_macron_consonant
data,bg,A1,508,sauber,tīrs,Чисто,FAMILY_COPY_STRICT,bg+hr+mk+sr
data,hr,A1,508,sauber,tīrs,Чисто,FAMILY_COPY_STRICT,bg+hr+mk+sr
data,mk,A1,508,sauber,tīrs,Чисто,FAMILY_COPY_STRICT,bg+hr+mk+sr
data,sr,A1,508,sauber,tīrs,Чисто,FAMILY_COPY_STRICT,bg+hr+mk+sr
data,bs,A1,508,sauber,tīrs,čist,FAMILY_COPY_STRICT,bs+sl
data,sl,A1,508,sauber,tīrs,čist,FAMILY_COPY_STRICT,bs+sl
data,cs,A1,508,sauber,tīrs,Čistý,FAMILY_COPY_STRICT,cs+sk
data,sk,A1,508,sauber,tīrs,Čistý,FAMILY_COPY_STRICT,cs+sk
data,fi,A1,508,sauber,tīrs,Puhas,FAMILY_COPY_STRICT,fi+sv
data,sv,A1,508,sauber,tīrs,Puhas,FAMILY_COPY_STRICT,fi+sv
data,is,A1,508,sauber,tīrs,Brumm,FAMILY_COPY_STRICT,is+nb+nn
data,nb,A1,508,sauber,tīrs,Brumm,FAMILY_COPY_STRICT,is+nb+nn
data,nn,A1,508,sauber,tīrs,Brumm,FAMILY_COPY_STRICT,is+nb+nn
data,sq,A1,508,sauber,tīrs,Temiz,FAMILY_COPY_STRICT,sq+tr
data,tr,A1,508,sauber,tīrs,Temiz,FAMILY_COPY_STRICT,sq+tr
data,nl,A1,509,Schaf,aita,Aita,SAME_AS_LV_CASEFOLD,casefold_only
data,pt,A1,509,Schaf,aita,Aita,SAME_AS_LV_CASEFOLD,casefold_only
data,sr,A1,509,Schaf,aita,Ovce,SCRIPT_MISMATCH,sr_as_cyrillic
data,sr,A1,509,Schaf,aita,Ovce,MARKER_LEAK,latin_in_cyrillic
data,bg,A1,509,Schaf,aita,Овце,FAMILY_COPY_STRICT,bg+mk
data,mk,A1,509,Schaf,aita,Овце,FAMILY_COPY_STRICT,bg+mk
data,bs,A1,509,Schaf,aita,ovca,FAMILY_COPY_STRICT,bs+sl
data,sl,A1,509,Schaf,aita,ovca,FAMILY_COPY_STRICT,bs+sl
data,cs,A1,509,Schaf,aita,Ovce,FAMILY_COPY_STRICT,cs+hr+sk+sr
data,hr,A1,509,Schaf,aita,Ovce,FAMILY_COPY_STRICT,cs+hr+sk+sr
data,sk,A1,509,Schaf,aita,Ovce,FAMILY_COPY_STRICT,cs+hr+sk+sr
data,sr,A1,509,Schaf,aita,Ovce,FAMILY_COPY_STRICT,cs+hr+sk+sr
data,fi,A1,509,Schaf,aita,Lammas,FAMILY_COPY_STRICT,fi+sv
data,sv,A1,509,Schaf,aita,Lammas,FAMILY_COPY_STRICT,fi+sv
data,is,A1,509,Schaf,aita,Lam,FAMILY_COPY_STRICT,is+nb+nn
data,nb,A1,509,Schaf,aita,Lam,FAMILY_COPY_STRICT,is+nb+nn
data,nn,A1,509,Schaf,aita,Lam,FAMILY_COPY_STRICT,is+nb+nn
data,nl,A1,509,Schaf,aita,Aita,FAMILY_COPY_STRICT,nl+pt
data,pt,A1,509,Schaf,aita,Aita,FAMILY_COPY_STRICT,nl+pt
data,sq,A1,509,Schaf,aita,Koyun,FAMILY_COPY_STRICT,sq+tr
data,tr,A1,509,Schaf,aita,Koyun,FAMILY_COPY_STRICT,sq+tr
data,nl,A1,510,schauen,skatīties,Skatīties,SAME_AS_LV_CASEFOLD,casefold_only
data,nl,A1,510,schauen,skatīties,Skatīties,LV_DIACRITIC,
data,nl,A1,510,schauen,skatīties,Skatīties,MARKER_LEAK,lv_macron_consonant
data,sr,A1,510,schauen,skatīties,Pogledaj,SCRIPT_MISMATCH,sr_as_cyrillic
data,sr,A1,510,schauen,skatīties,Pogledaj,MARKER_LEAK,latin_in_cyrillic
data,bs,A1,510,schauen,skatīties,gledati,FAMILY_COPY_STRICT,bs+sl
data,sl,A1,510,schauen,skatīties,gledati,FAMILY_COPY_STRICT,bs+sl
data,fi,A1,510,schauen,skatīties,Vaatama,FAMILY_COPY_STRICT,fi+sv
data,sv,A1,510,schauen,skatīties,Vaatama,FAMILY_COPY_STRICT,fi+sv
data,hr,A1,510,schauen,skatīties,Pogledaj,FAMILY_COPY_STRICT,hr+sr
data,sr,A1,510,schauen,skatīties,Pogledaj,FAMILY_COPY_STRICT,hr+sr
data,is,A1,510,schauen,skatīties,Klokke,FAMILY_COPY_STRICT,is+nb+nn
data,nb,A1,510,schauen,skatīties,Klokke,FAMILY_COPY_STRICT,is+nb+nn
data,nn,A1,510,schauen,skatīties,Klokke,FAMILY_COPY_STRICT,is+nb+nn
data,sq,A1,510,schauen,skatīties,Izlemek için,FAMILY_COPY_STRICT,sq+tr
data,tr,A1,510,schauen,skatīties,Izlemek için,FAMILY_COPY_STRICT,sq+tr
data,hr,A1,511,schicken,sūtīt,Изпратете,SCRIPT_MISMATCH,
data,hr,A1,511,schicken,sūtīt,Изпратете,MARKER_LEAK,foreign_script
data,nl,A1,511,schicken,sūtīt,Sūtīt,SAME_AS_LV_CASEFOLD,casefold_only
data,nl,A1,511,schicken,sūtīt,Sūtīt,LV_DIACRITIC,
data,nl,A1,511,schicken,sūtīt,Sūtīt,MARKER_LEAK,lv_macron_consonant+lv_u_macron
data,bg,A1,511,schicken,sūtīt,Изпратете,FAMILY_COPY_STRICT,bg+hr+mk+sr
data,hr,A1,511,schicken,sūtīt,Изпратете,FAMILY_COPY_STRICT,bg+hr+mk+sr
data,mk,A1,511,schicken,sūtīt,Изпратете,FAMILY_COPY_STRICT,bg+hr+mk+sr
data,sr,A1,511,schicken,sūtīt,Изпратете,FAMILY_COPY_STRICT,bg+hr+mk+sr
data,fi,A1,511,schicken,sūtīt,Saatma,FAMILY_COPY_STRICT,fi+is+nb+nn+sv
data,is,A1,511,schicken,sūtīt,Saatma,FAMILY_COPY_STRICT,fi+is+nb+nn+sv
data,nb,A1,511,schicken,sūtīt,Saatma,FAMILY_COPY_STRICT,fi+is+nb+nn+sv
data,nn,A1,511,schicken,sūtīt,Saatma,FAMILY_COPY_STRICT,fi+is+nb+nn+sv
data,sv,A1,511,schicken,sūtīt,Saatma,FAMILY_COPY_STRICT,fi+is+nb+nn+sv
data,sq,A1,511,schicken,sūtīt,Göndermek,FAMILY_COPY_STRICT,sq+tr
data,tr,A1,511,schicken,sūtīt,Göndermek,FAMILY_COPY_STRICT,sq+tr
data,hr,A1,512,schlafen,gulēt,Сън,SCRIPT_MISMATCH,
data,hr,A1,512,schlafen,gulēt,Сън,MARKER_LEAK,foreign_script
data,nl,A1,512,schlafen,gulēt,Gulēt,SAME_AS_LV_CASEFOLD,casefold_only
data,nl,A1,512,schlafen,gulēt,Gulēt,LV_DIACRITIC,
data,nl,A1,512,schlafen,gulēt,Gulēt,MARKER_LEAK,lv_macron_consonant
data,bg,A1,512,schlafen,gulēt,Сън,FAMILY_COPY_STRICT,bg+hr+mk+sr
data,hr,A1,512,schlafen,gulēt,Сън,FAMILY_COPY_STRICT,bg+hr+mk+sr
data,mk,A1,512,schlafen,gulēt,Сън,FAMILY_COPY_STRICT,bg+hr+mk+sr
data,sr,A1,512,schlafen,gulēt,Сън,FAMILY_COPY_STRICT,bg+hr+mk+sr
data,fi,A1,512,schlafen,gulēt,Magama,FAMILY_COPY_STRICT,fi+sv
data,sv,A1,512,schlafen,gulēt,Magama,FAMILY_COPY_STRICT,fi+sv
data,is,A1,512,schlafen,gulēt,Mage,FAMILY_COPY_STRICT,is+nb+nn
data,nb,A1,512,schlafen,gulēt,Mage,FAMILY_COPY_STRICT,is+nb+nn
data,nn,A1,512,schlafen,gulēt,Mage,FAMILY_COPY_STRICT,is+nb+nn
data,hr,A1,513,schlecht,slikts,Лошо,SCRIPT_MISMATCH,
data,hr,A1,513,schlecht,slikts,Лошо,MARKER_LEAK,foreign_script
data,nl,A1,513,schlecht,slikts,Slikts,SAME_AS_LV_CASEFOLD,casefold_only
data,bg,A1,513,schlecht,slikts,Лошо,FAMILY_COPY_STRICT,bg+hr+mk+sr
data,hr,A1,513,schlecht,slikts,Лошо,FAMILY_COPY_STRICT,bg+hr+mk+sr
data,mk,A1,513,schlecht,slikts,Лошо,FAMILY_COPY_STRICT,bg+hr+mk+sr
data,sr,A1,513,schlecht,slikts,Лошо,FAMILY_COPY_STRICT,bg+hr+mk+sr
data,fi,A1,513,schlecht,slikts,Halb,FAMILY_COPY_STRICT,fi+is+nb+nn+sv
data,is,A1,513,schlecht,slikts,Halb,FAMILY_COPY_STRICT,fi+is+nb+nn+sv
data,nb,A1,513,schlecht,slikts,Halb,FAMILY_COPY_STRICT,fi+is+nb+nn+sv
data,nn,A1,513,schlecht,slikts,Halb,FAMILY_COPY_STRICT,fi+is+nb+nn+sv
data,sv,A1,513,schlecht,slikts,Halb,FAMILY_COPY_STRICT,fi+is+nb+nn+sv
data,fi,A1,514,Schlüssel,atslēga,Võti,MARKER_LEAK,et_otilde
data,is,A1,514,Schlüssel,atslēga,Võti,MARKER_LEAK,et_otilde
data,nb,A1,514,Schlüssel,atslēga,Võti,MARKER_LEAK,et_otilde
data,nl,A1,514,Schlüssel,atslēga,Atslēga,SAME_AS_LV_CASEFOLD,casefold_only
data,nl,A1,514,Schlüssel,atslēga,Atslēga,LV_DIACRITIC,
data,nl,A1,514,Schlüssel,atslēga,Atslēga,MARKER_LEAK,lv_macron_consonant
data,nn,A1,514,Schlüssel,atslēga,Võti,MARKER_LEAK,et_otilde
data,sr,A1,514,Schlüssel,atslēga,Ključ,LV_DIACRITIC,
data,sr,A1,514,Schlüssel,atslēga,Ključ,SCRIPT_MISMATCH,sr_as_cyrillic
data,sr,A1,514,Schlüssel,atslēga,Ključ,MARKER_LEAK,latin_in_cyrillic
data,sv,A1,514,Schlüssel,atslēga,Võti,MARKER_LEAK,et_otilde
data,bg,A1,514,Schlüssel,atslēga,Ключ,FAMILY_COPY_STRICT,bg+ru
data,ru,A1,514,Schlüssel,atslēga,Ключ,FAMILY_COPY_STRICT,bg+ru
data,bs,A1,514,Schlüssel,atslēga,ključ,FAMILY_COPY_STRICT,bs+sl
data,sl,A1,514,Schlüssel,atslēga,ključ,FAMILY_COPY_STRICT,bs+sl
data,fi,A1,514,Schlüssel,atslēga,Võti,FAMILY_COPY_STRICT,fi+is+nb+nn+sv
data,is,A1,514,Schlüssel,atslēga,Võti,FAMILY_COPY_STRICT,fi+is+nb+nn+sv
data,nb,A1,514,Schlüssel,atslēga,Võti,FAMILY_COPY_STRICT,fi+is+nb+nn+sv
data,nn,A1,514,Schlüssel,atslēga,Võti,FAMILY_COPY_STRICT,fi+is+nb+nn+sv
data,sv,A1,514,Schlüssel,atslēga,Võti,FAMILY_COPY_STRICT,fi+is+nb+nn+sv
data,hr,A1,514,Schlüssel,atslēga,Ključ,FAMILY_COPY_STRICT,hr+sr
data,sr,A1,514,Schlüssel,atslēga,Ključ,FAMILY_COPY_STRICT,hr+sr
data,it,A1,514,Schlüssel,atslēga,Atslega,FAMILY_COPY_STRICT,it+pt
data,pt,A1,514,Schlüssel,atslēga,Atslega,FAMILY_COPY_STRICT,it+pt
data,sq,A1,514,Schlüssel,atslēga,Anahtar,FAMILY_COPY_STRICT,sq+tr
data,tr,A1,514,Schlüssel,atslēga,Anahtar,FAMILY_COPY_STRICT,sq+tr
data,hr,A1,515,schmecken,garšot,На вкус,SCRIPT_MISMATCH,
data,hr,A1,515,schmecken,garšot,На вкус,MARKER_LEAK,foreign_script
data,nl,A1,515,schmecken,garšot,Garšot,SAME_AS_LV_CASEFOLD,casefold_only
data,nl,A1,515,schmecken,garšot,Garšot,LV_DIACRITIC,
data,bg,A1,515,schmecken,garšot,На вкус,FAMILY_COPY_STRICT,bg+hr+mk+sr
data,hr,A1,515,schmecken,garšot,На вкус,FAMILY_COPY_STRICT,bg+hr+mk+sr
data,mk,A1,515,schmecken,garšot,На вкус,FAMILY_COPY_STRICT,bg+hr+mk+sr
data,sr,A1,515,schmecken,garšot,На вкус,FAMILY_COPY_STRICT,bg+hr+mk+sr
data,fi,A1,515,schmecken,garšot,Maitsema,FAMILY_COPY_STRICT,fi+sv
data,sv,A1,515,schmecken,garšot,Maitsema,FAMILY_COPY_STRICT,fi+sv
data,is,A1,515,schmecken,garšot,Maitsma,FAMILY_COPY_STRICT,is+nb+nn
data,nb,A1,515,schmecken,garšot,Maitsma,FAMILY_COPY_STRICT,is+nb+nn
data,nn,A1,515,schmecken,garšot,Maitsma,FAMILY_COPY_STRICT,is+nb+nn
data,it,A1,515,schmecken,garšot,Garchot,FAMILY_COPY_STRICT,it+pt
data,pt,A1,515,schmecken,garšot,Garchot,FAMILY_COPY_STRICT,it+pt
data,sq,A1,515,schmecken,garšot,Tatmak,FAMILY_COPY_STRICT,sq+tr
data,tr,A1,515,schmecken,garšot,Tatmak,FAMILY_COPY_STRICT,sq+tr
data,hr,A1,516,schmutzig,netīrs,Мръсен,SCRIPT_MISMATCH,
data,hr,A1,516,schmutzig,netīrs,Мръсен,MARKER_LEAK,foreign_script
data,nl,A1,516,schmutzig,netīrs,Netīrs,SAME_AS_LV_CASEFOLD,casefold_only
data,nl,A1,516,schmutzig,netīrs,Netīrs,LV_DIACRITIC,
data,nl,A1,516,schmutzig,netīrs,Netīrs,MARKER_LEAK,lv_macron_consonant
data,bg,A1,516,schmutzig,netīrs,Мръсен,FAMILY_COPY_STRICT,bg+hr+mk+sr
data,hr,A1,516,schmutzig,netīrs,Мръсен,FAMILY_COPY_STRICT,bg+hr+mk+sr
data,mk,A1,516,schmutzig,netīrs,Мръсен,FAMILY_COPY_STRICT,bg+hr+mk+sr
data,sr,A1,516,schmutzig,netīrs,Мръсен,FAMILY_COPY_STRICT,bg+hr+mk+sr
data,bs,A1,516,schmutzig,netīrs,prljav,FAMILY_COPY_STRICT,bs+sl
data,sl,A1,516,schmutzig,netīrs,prljav,FAMILY_COPY_STRICT,bs+sl
data,cs,A1,516,schmutzig,netīrs,Špinavý,FAMILY_COPY_STRICT,cs+sk
data,sk,A1,516,schmutzig,netīrs,Špinavý,FAMILY_COPY_STRICT,cs+sk
data,fi,A1,516,schmutzig,netīrs,Must,FAMILY_COPY_STRICT,fi+sv
data,sv,A1,516,schmutzig,netīrs,Must,FAMILY_COPY_STRICT,fi+sv
data,is,A1,516,schmutzig,netīrs,Må,FAMILY_COPY_STRICT,is+nb+nn
data,nb,A1,516,schmutzig,netīrs,Må,FAMILY_COPY_STRICT,is+nb+nn
data,nn,A1,516,schmutzig,netīrs,Må,FAMILY_COPY_STRICT,is+nb+nn
data,sq,A1,516,schmutzig,netīrs,Kirli,FAMILY_COPY_STRICT,sq+tr
data,tr,A1,516,schmutzig,netīrs,Kirli,FAMILY_COPY_STRICT,sq+tr
data,hr,A1,517,Schnee,sniegs,Ќе врне снег,SCRIPT_MISMATCH,
data,hr,A1,517,Schnee,sniegs,Ќе врне снег,MARKER_LEAK,foreign_script
data,it,A1,517,Schnee,sniegs,Sniegs,SAME_AS_LV_CASEFOLD,casefold_only
data,nl,A1,517,Schnee,sniegs,Sniegs,SAME_AS_LV_CASEFOLD,casefold_only
data,pt,A1,517,Schnee,sniegs,Sniegs,SAME_AS_LV_CASEFOLD,casefold_only
data,fi,A1,517,Schnee,sniegs,Lumi,FAMILY_COPY_STRICT,fi+is+nb+nn+sv
data,is,A1,517,Schnee,sniegs,Lumi,FAMILY_COPY_STRICT,fi+is+nb+nn+sv
data,nb,A1,517,Schnee,sniegs,Lumi,FAMILY_COPY_STRICT,fi+is+nb+nn+sv
data,nn,A1,517,Schnee,sniegs,Lumi,FAMILY_COPY_STRICT,fi+is+nb+nn+sv
data,sv,A1,517,Schnee,sniegs,Lumi,FAMILY_COPY_STRICT,fi+is+nb+nn+sv
data,hr,A1,517,Schnee,sniegs,Ќе врне снег,FAMILY_COPY_STRICT,hr+mk+sr
data,mk,A1,517,Schnee,sniegs,Ќе врне снег,FAMILY_COPY_STRICT,hr+mk+sr
data,sr,A1,517,Schnee,sniegs,Ќе врне снег,FAMILY_COPY_STRICT,hr+mk+sr
data,it,A1,517,Schnee,sniegs,Sniegs,FAMILY_COPY_STRICT,it+nl+pt
data,nl,A1,517,Schnee,sniegs,Sniegs,FAMILY_COPY_STRICT,it+nl+pt
data,pt,A1,517,Schnee,sniegs,Sniegs,FAMILY_COPY_STRICT,it+nl+pt
data,hr,A1,518,schneien,snigt,Снег врне,SCRIPT_MISMATCH,
data,hr,A1,518,schneien,snigt,Снег врне,MARKER_LEAK,foreign_script
data,nl,A1,518,schneien,snigt,Snigt,SAME_AS_LV_CASEFOLD,casefold_only
data,fi,A1,518,schneien,snigt,Lund sadama,FAMILY_COPY_STRICT,fi+is+nb+nn+sv
data,is,A1,518,schneien,snigt,Lund sadama,FAMILY_COPY_STRICT,fi+is+nb+nn+sv
data,nb,A1,518,schneien,snigt,Lund sadama,FAMILY_COPY_STRICT,fi+is+nb+nn+sv
data,nn,A1,518,schneien,snigt,Lund sadama,FAMILY_COPY_STRICT,fi+is+nb+nn+sv
data,sv,A1,518,schneien,snigt,Lund sadama,FAMILY_COPY_STRICT,fi+is+nb+nn+sv
data,hr,A1,518,schneien,snigt,Снег врне,FAMILY_COPY_STRICT,hr+mk+sr
data,mk,A1,518,schneien,snigt,Снег врне,FAMILY_COPY_STRICT,hr+mk+sr
data,sr,A1,518,schneien,snigt,Снег врне,FAMILY_COPY_STRICT,hr+mk+sr
data,hr,A1,519,schnell,ātrs,Бързо,SCRIPT_MISMATCH,
data,hr,A1,519,schnell,ātrs,Бързо,MARKER_LEAK,foreign_script
data,it,A1,519,schnell,ātrs,Ātrs,SAME_AS_LV_CASEFOLD,casefold_only
data,it,A1,519,schnell,ātrs,Ātrs,LV_DIACRITIC,
data,it,A1,519,schnell,ātrs,Ātrs,MARKER_LEAK,lv_macron_consonant
data,nl,A1,519,schnell,ātrs,Ātrs,SAME_AS_LV_CASEFOLD,casefold_only
data,nl,A1,519,schnell,ātrs,Ātrs,LV_DIACRITIC,
data,nl,A1,519,schnell,ātrs,Ātrs,MARKER_LEAK,lv_macron_consonant
data,bg,A1,519,schnell,ātrs,Бързо,FAMILY_COPY_STRICT,bg+hr+mk+sr
data,hr,A1,519,schnell,ātrs,Бързо,FAMILY_COPY_STRICT,bg+hr+mk+sr
data,mk,A1,519,schnell,ātrs,Бързо,FAMILY_COPY_STRICT,bg+hr+mk+sr
data,sr,A1,519,schnell,ātrs,Бързо,FAMILY_COPY_STRICT,bg+hr+mk+sr
data,fi,A1,519,schnell,ātrs,Kiire,FAMILY_COPY_STRICT,fi+sv
data,sv,A1,519,schnell,ātrs,Kiire,FAMILY_COPY_STRICT,fi+sv
data,is,A1,519,schnell,ātrs,Rask,FAMILY_COPY_STRICT,is+nb+nn
data,nb,A1,519,schnell,ātrs,Rask,FAMILY_COPY_STRICT,is+nb+nn
data,nn,A1,519,schnell,ātrs,Rask,FAMILY_COPY_STRICT,is+nb+nn
data,it,A1,519,schnell,ātrs,Ātrs,FAMILY_COPY_STRICT,it+nl
data,nl,A1,519,schnell,ātrs,Ātrs,FAMILY_COPY_STRICT,it+nl
data,et,A1,520,Schokolade,šokolāde,šokolaad,LV_DIACRITIC,
data,fi,A1,520,Schokolade,šokolāde,Šokolaad,LV_DIACRITIC,
data,hr,A1,520,Schokolade,šokolāde,Шоколад,SCRIPT_MISMATCH,
data,hr,A1,520,Schokolade,šokolāde,Шоколад,MARKER_LEAK,foreign_script
data,nl,A1,520,Schokolade,šokolāde,Šokolāde,SAME_AS_LV_CASEFOLD,casefold_only
data,nl,A1,520,Schokolade,šokolāde,Šokolāde,LV_DIACRITIC,
data,nl,A1,520,Schokolade,šokolāde,Šokolāde,MARKER_LEAK,lv_macron_consonant
data,sv,A1,520,Schokolade,šokolāde,Šokolaad,LV_DIACRITIC,
data,bg,A1,520,Schokolade,šokolāde,Шоколад,FAMILY_COPY_STRICT,bg+hr+mk+ru+sr
data,hr,A1,520,Schokolade,šokolāde,Шоколад,FAMILY_COPY_STRICT,bg+hr+mk+ru+sr
data,mk,A1,520,Schokolade,šokolāde,Шоколад,FAMILY_COPY_STRICT,bg+hr+mk+ru+sr
data,ru,A1,520,Schokolade,šokolāde,Шоколад,FAMILY_COPY_STRICT,bg+hr+mk+ru+sr
data,sr,A1,520,Schokolade,šokolāde,Шоколад,FAMILY_COPY_STRICT,bg+hr+mk+ru+sr
data,bs,A1,520,Schokolade,šokolāde,čokolada,FAMILY_COPY_STRICT,bs+sl
data,sl,A1,520,Schokolade,šokolāde,čokolada,FAMILY_COPY_STRICT,bs+sl
data,cs,A1,520,Schokolade,šokolāde,Čokoláda,FAMILY_COPY_STRICT,cs+sk
data,sk,A1,520,Schokolade,šokolāde,Čokoláda,FAMILY_COPY_STRICT,cs+sk
data,da,A1,520,Schokolade,šokolāde,Chokolade,FAMILY_COPY_STRICT,da+it
data,it,A1,520,Schokolade,šokolāde,Chokolade,FAMILY_COPY_STRICT,da+it
data,en,A1,520,Schokolade,šokolāde,Chocolate,FAMILY_COPY_STRICT,en+pt
data,pt,A1,520,Schokolade,šokolāde,Chocolate,FAMILY_COPY_STRICT,en+pt
data,fi,A1,520,Schokolade,šokolāde,Šokolaad,FAMILY_COPY_STRICT,fi+sv
data,sv,A1,520,Schokolade,šokolāde,Šokolaad,FAMILY_COPY_STRICT,fi+sv
data,is,A1,520,Schokolade,šokolāde,Sjokolade,FAMILY_COPY_STRICT,is+nb+nn
data,nb,A1,520,Schokolade,šokolāde,Sjokolade,FAMILY_COPY_STRICT,is+nb+nn
data,nn,A1,520,Schokolade,šokolāde,Sjokolade,FAMILY_COPY_STRICT,is+nb+nn
data,sq,A1,520,Schokolade,šokolāde,Çikolata,FAMILY_COPY_STRICT,sq+tr
data,tr,A1,520,Schokolade,šokolāde,Çikolata,FAMILY_COPY_STRICT,sq+tr
data,hr,A1,521,schon,jau,Вече,SCRIPT_MISMATCH,
data,hr,A1,521,schon,jau,Вече,MARKER_LEAK,foreign_script
data,lt,A1,521,schon,jau,jau,SAME_AS_LV_CASEFOLD,exact
data,nl,A1,521,schon,jau,Jau,SAME_AS_LV_CASEFOLD,casefold_only
data,bg,A1,521,schon,jau,Вече,FAMILY_COPY_STRICT,bg+hr+mk+sr
data,hr,A1,521,schon,jau,Вече,FAMILY_COPY_STRICT,bg+hr+mk+sr
data,mk,A1,521,schon,jau,Вече,FAMILY_COPY_STRICT,bg+hr+mk+sr
data,sr,A1,521,schon,jau,Вече,FAMILY_COPY_STRICT,bg+hr+mk+sr
data,fi,A1,521,schon,jau,Juba,FAMILY_COPY_STRICT,fi+is+nb+nn+sv
data,is,A1,521,schon,jau,Juba,FAMILY_COPY_STRICT,fi+is+nb+nn+sv
data,nb,A1,521,schon,jau,Juba,FAMILY_COPY_STRICT,fi+is+nb+nn+sv
data,nn,A1,521,schon,jau,Juba,FAMILY_COPY_STRICT,fi+is+nb+nn+sv
data,sv,A1,521,schon,jau,Juba,FAMILY_COPY_STRICT,fi+is+nb+nn+sv
data,hr,A1,522,schön,skaists,Красива,SCRIPT_MISMATCH,
data,hr,A1,522,schön,skaists,Красива,MARKER_LEAK,foreign_script
data,nl,A1,522,schön,skaists,Skaists,SAME_AS_LV_CASEFOLD,casefold_only
data,bg,A1,522,schön,skaists,Красива,FAMILY_COPY_STRICT,bg+hr+mk+sr
data,hr,A1,522,schön,skaists,Красива,FAMILY_COPY_STRICT,bg+hr+mk+sr
data,mk,A1,522,schön,skaists,Красива,FAMILY_COPY_STRICT,bg+hr+mk+sr
data,sr,A1,522,schön,skaists,Красива,FAMILY_COPY_STRICT,bg+hr+mk+sr
data,fi,A1,522,schön,skaists,Ilus,FAMILY_COPY_STRICT,fi+sv
data,sv,A1,522,schön,skaists,Ilus,FAMILY_COPY_STRICT,fi+sv
data,is,A1,522,schön,skaists,Illusjon,FAMILY_COPY_STRICT,is+nb+nn
data,nb,A1,522,schön,skaists,Illusjon,FAMILY_COPY_STRICT,is+nb+nn
data,nn,A1,522,schön,skaists,Illusjon,FAMILY_COPY_STRICT,is+nb+nn
data,nl,A1,523,Schrank,skapis,Skapis,SAME_AS_LV_CASEFOLD,casefold_only
data,sr,A1,523,Schrank,skapis,Keeler,SCRIPT_MISMATCH,sr_as_cyrillic
data,sr,A1,523,Schrank,skapis,Keeler,MARKER_LEAK,latin_in_cyrillic
data,bg,A1,523,Schrank,skapis,Килер,FAMILY_COPY_STRICT,bg+mk
data,mk,A1,523,Schrank,skapis,Килер,FAMILY_COPY_STRICT,bg+mk
data,fi,A1,523,Schrank,skapis,Kapp,FAMILY_COPY_STRICT,fi+sv
data,sv,A1,523,Schrank,skapis,Kapp,FAMILY_COPY_STRICT,fi+sv
data,hr,A1,523,Schrank,skapis,Keeler,FAMILY_COPY_STRICT,hr+sr
data,sr,A1,523,Schrank,skapis,Keeler,FAMILY_COPY_STRICT,hr+sr
data,is,A1,523,Schrank,skapis,Kappe,FAMILY_COPY_STRICT,is+nb+nn
data,nb,A1,523,Schrank,skapis,Kappe,FAMILY_COPY_STRICT,is+nb+nn
data,nn,A1,523,Schrank,skapis,Kappe,FAMILY_COPY_STRICT,is+nb+nn
data,nl,A1,524,schreiben,rakstīt,Rakstīt,SAME_AS_LV_CASEFOLD,casefold_only
data,nl,A1,524,schreiben,rakstīt,Rakstīt,LV_DIACRITIC,
data,nl,A1,524,schreiben,rakstīt,Rakstīt,MARKER_LEAK,lv_macron_consonant
data,sr,A1,524,schreiben,rakstīt,Vi pišete,LV_DIACRITIC,
data,sr,A1,524,schreiben,rakstīt,Vi pišete,SCRIPT_MISMATCH,sr_as_cyrillic
data,sr,A1,524,schreiben,rakstīt,Vi pišete,MARKER_LEAK,latin_in_cyrillic
data,bg,A1,524,schreiben,rakstīt,Пишете,FAMILY_COPY_STRICT,bg+mk
data,mk,A1,524,schreiben,rakstīt,Пишете,FAMILY_COPY_STRICT,bg+mk
data,bs,A1,524,schreiben,rakstīt,pisati,FAMILY_COPY_STRICT,bs+sl
data,sl,A1,524,schreiben,rakstīt,pisati,FAMILY_COPY_STRICT,bs+sl
data,fi,A1,524,schreiben,rakstīt,Kirjutama,FAMILY_COPY_STRICT,fi+sv
data,sv,A1,524,schreiben,rakstīt,Kirjutama,FAMILY_COPY_STRICT,fi+sv
data,hr,A1,524,schreiben,rakstīt,Vi pišete,FAMILY_COPY_STRICT,hr+sr
data,sr,A1,524,schreiben,rakstīt,Vi pišete,FAMILY_COPY_STRICT,hr+sr
data,is,A1,524,schreiben,rakstīt,Skriv dem,FAMILY_COPY_STRICT,is+nb+nn
data,nb,A1,524,schreiben,rakstīt,Skriv dem,FAMILY_COPY_STRICT,is+nb+nn
data,nn,A1,524,schreiben,rakstīt,Skriv dem,FAMILY_COPY_STRICT,is+nb+nn
data,it,A1,524,schreiben,rakstīt,Rakstit,FAMILY_COPY_STRICT,it+pt
data,pt,A1,524,schreiben,rakstīt,Rakstit,FAMILY_COPY_STRICT,it+pt
data,sq,A1,524,schreiben,rakstīt,Yazmak,FAMILY_COPY_STRICT,sq+tr
data,tr,A1,524,schreiben,rakstīt,Yazmak,FAMILY_COPY_STRICT,sq+tr
data,nl,A1,525,Schuh,kurpe,Kurpe,SAME_AS_LV_CASEFOLD,casefold_only
data,sr,A1,525,Schuh,kurpe,Cipela,SCRIPT_MISMATCH,sr_as_cyrillic
data,sr,A1,525,Schuh,kurpe,Cipela,MARKER_LEAK,latin_in_cyrillic
data,bg,A1,525,Schuh,kurpe,Обувка,FAMILY_COPY_STRICT,bg+mk
data,mk,A1,525,Schuh,kurpe,Обувка,FAMILY_COPY_STRICT,bg+mk
data,fi,A1,525,Schuh,kurpe,King,FAMILY_COPY_STRICT,fi+sv
data,sv,A1,525,Schuh,kurpe,King,FAMILY_COPY_STRICT,fi+sv
data,hr,A1,525,Schuh,kurpe,Cipela,FAMILY_COPY_STRICT,hr+sr
data,sr,A1,525,Schuh,kurpe,Cipela,FAMILY_COPY_STRICT,hr+sr
data,is,A1,525,Schuh,kurpe,Konge,FAMILY_COPY_STRICT,is+nb+nn
data,nb,A1,525,Schuh,kurpe,Konge,FAMILY_COPY_STRICT,is+nb+nn
data,nn,A1,525,Schuh,kurpe,Konge,FAMILY_COPY_STRICT,is+nb+nn
data,it,A1,525,Schuh,kurpe,Curpe,FAMILY_COPY_STRICT,it+pt
data,pt,A1,525,Schuh,kurpe,Curpe,FAMILY_COPY_STRICT,it+pt
data,it,A1,526,Schule,skola,Skola,SAME_AS_LV_CASEFOLD,casefold_only
data,nl,A1,526,Schule,skola,Skola,SAME_AS_LV_CASEFOLD,casefold_only
data,pt,A1,526,Schule,skola,Skola,SAME_AS_LV_CASEFOLD,casefold_only
data,sr,A1,526,Schule,skola,Šola,LV_DIACRITIC,
data,sr,A1,526,Schule,skola,Šola,SCRIPT_MISMATCH,sr_as_cyrillic
data,sr,A1,526,Schule,skola,Šola,MARKER_LEAK,latin_in_cyrillic
data,bg,A1,526,Schule,skola,Училище,FAMILY_COPY_STRICT,bg+mk
data,mk,A1,526,Schule,skola,Училище,FAMILY_COPY_STRICT,bg+mk
data,cs,A1,526,Schule,skola,Škola,FAMILY_COPY_STRICT,cs+sk
data,sk,A1,526,Schule,skola,Škola,FAMILY_COPY_STRICT,cs+sk
data,fi,A1,526,Schule,skola,Kool,FAMILY_COPY_STRICT,fi+is+nb+nn+sv
data,is,A1,526,Schule,skola,Kool,FAMILY_COPY_STRICT,fi+is+nb+nn+sv
data,nb,A1,526,Schule,skola,Kool,FAMILY_COPY_STRICT,fi+is+nb+nn+sv
data,nn,A1,526,Schule,skola,Kool,FAMILY_COPY_STRICT,fi+is+nb+nn+sv
data,sv,A1,526,Schule,skola,Kool,FAMILY_COPY_STRICT,fi+is+nb+nn+sv
data,hr,A1,526,Schule,skola,Šola,FAMILY_COPY_STRICT,hr+sr
data,sr,A1,526,Schule,skola,Šola,FAMILY_COPY_STRICT,hr+sr
data,it,A1,526,Schule,skola,Skola,FAMILY_COPY_STRICT,it+nl+pt
data,nl,A1,526,Schule,skola,Skola,FAMILY_COPY_STRICT,it+nl+pt
data,pt,A1,526,Schule,skola,Skola,FAMILY_COPY_STRICT,it+nl+pt
data,sq,A1,526,Schule,skola,Okul,FAMILY_COPY_STRICT,sq+tr
data,tr,A1,526,Schule,skola,Okul,FAMILY_COPY_STRICT,sq+tr
data,fi,A1,527,Schüler,skolnieks,Õpilane,MARKER_LEAK,et_otilde
data,hr,A1,527,Schüler,skolnieks,Студент,SCRIPT_MISMATCH,
data,hr,A1,527,Schüler,skolnieks,Студент,MARKER_LEAK,foreign_script
data,is,A1,527,Schüler,skolnieks,Õpilane,MARKER_LEAK,et_otilde
data,it,A1,527,Schüler,skolnieks,Skolnieks,SAME_AS_LV_CASEFOLD,casefold_only
data,nb,A1,527,Schüler,skolnieks,Õpilane,MARKER_LEAK,et_otilde
data,nl,A1,527,Schüler,skolnieks,Skolnieks,SAME_AS_LV_CASEFOLD,casefold_only
data,nn,A1,527,Schüler,skolnieks,Õpilane,MARKER_LEAK,et_otilde
data,pt,A1,527,Schüler,skolnieks,Skolnieks,SAME_AS_LV_CASEFOLD,casefold_only
data,sv,A1,527,Schüler,skolnieks,Õpilane,MARKER_LEAK,et_otilde
data,bg,A1,527,Schüler,skolnieks,Студент,FAMILY_COPY_STRICT,bg+hr+mk+ru+sr
data,hr,A1,527,Schüler,skolnieks,Студент,FAMILY_COPY_STRICT,bg+hr+mk+ru+sr
data,mk,A1,527,Schüler,skolnieks,Студент,FAMILY_COPY_STRICT,bg+hr+mk+ru+sr
data,ru,A1,527,Schüler,skolnieks,Студент,FAMILY_COPY_STRICT,bg+hr+mk+ru+sr
data,sr,A1,527,Schüler,skolnieks,Студент,FAMILY_COPY_STRICT,bg+hr+mk+ru+sr
data,fi,A1,527,Schüler,skolnieks,Õpilane,FAMILY_COPY_STRICT,fi+is+nb+nn+sv
data,is,A1,527,Schüler,skolnieks,Õpilane,FAMILY_COPY_STRICT,fi+is+nb+nn+sv
data,nb,A1,527,Schüler,skolnieks,Õpilane,FAMILY_COPY_STRICT,fi+is+nb+nn+sv
data,nn,A1,527,Schüler,skolnieks,Õpilane,FAMILY_COPY_STRICT,fi+is+nb+nn+sv
data,sv,A1,527,Schüler,skolnieks,Õpilane,FAMILY_COPY_STRICT,fi+is+nb+nn+sv
data,it,A1,527,Schüler,skolnieks,Skolnieks,FAMILY_COPY_STRICT,it+nl+pt
data,nl,A1,527,Schüler,skolnieks,Skolnieks,FAMILY_COPY_STRICT,it+nl+pt
data,pt,A1,527,Schüler,skolnieks,Skolnieks,FAMILY_COPY_STRICT,it+nl+pt
data,pl,A1,527,Schüler,skolnieks,Student,FAMILY_COPY_STRICT,pl+sq
data,sq,A1,527,Schüler,skolnieks,Student,FAMILY_COPY_STRICT,pl+sq
data,hr,A1,528,schwarz,melns,Црното,SCRIPT_MISMATCH,
data,hr,A1,528,schwarz,melns,Црното,MARKER_LEAK,foreign_script
data,it,A1,528,schwarz,melns,Melns,SAME_AS_LV_CASEFOLD,casefold_only
data,nl,A1,528,schwarz,melns,Melns,SAME_AS_LV_CASEFOLD,casefold_only
data,pt,A1,528,schwarz,melns,Melns,SAME_AS_LV_CASEFOLD,casefold_only
data,fi,A1,528,schwarz,melns,Must,FAMILY_COPY_STRICT,fi+sv
data,sv,A1,528,schwarz,melns,Must,FAMILY_COPY_STRICT,fi+sv
data,hr,A1,528,schwarz,melns,Црното,FAMILY_COPY_STRICT,hr+mk+sr
data,mk,A1,528,schwarz,melns,Црното,FAMILY_COPY_STRICT,hr+mk+sr
data,sr,A1,528,schwarz,melns,Црното,FAMILY_COPY_STRICT,hr+mk+sr
data,is,A1,528,schwarz,melns,Må,FAMILY_COPY_STRICT,is+nb+nn
data,nb,A1,528,schwarz,melns,Må,FAMILY_COPY_STRICT,is+nb+nn
data,nn,A1,528,schwarz,melns,Må,FAMILY_COPY_STRICT,is+nb+nn
data,it,A1,528,schwarz,melns,Melns,FAMILY_COPY_STRICT,it+nl+pt
data,nl,A1,528,schwarz,melns,Melns,FAMILY_COPY_STRICT,it+nl+pt
data,pt,A1,528,schwarz,melns,Melns,FAMILY_COPY_STRICT,it+nl+pt
data,sq,A1,528,schwarz,melns,Siyah,FAMILY_COPY_STRICT,sq+tr
data,tr,A1,528,schwarz,melns,Siyah,FAMILY_COPY_STRICT,sq+tr
data,hr,A1,529,Schwein,cūka,Прасе,SCRIPT_MISMATCH,
data,hr,A1,529,Schwein,cūka,Прасе,MARKER_LEAK,foreign_script
data,nl,A1,529,Schwein,cūka,Cūka,SAME_AS_LV_CASEFOLD,casefold_only
data,nl,A1,529,Schwein,cūka,Cūka,LV_DIACRITIC,
data,nl,A1,529,Schwein,cūka,Cūka,MARKER_LEAK,lv_u_macron
data,bg,A1,529,Schwein,cūka,Прасе,FAMILY_COPY_STRICT,bg+hr+mk+sr
data,hr,A1,529,Schwein,cūka,Прасе,FAMILY_COPY_STRICT,bg+hr+mk+sr
data,mk,A1,529,Schwein,cūka,Прасе,FAMILY_COPY_STRICT,bg+hr+mk+sr
data,sr,A1,529,Schwein,cūka,Прасе,FAMILY_COPY_STRICT,bg+hr+mk+sr
data,fi,A1,529,Schwein,cūka,Siga,FAMILY_COPY_STRICT,fi+sv
data,sv,A1,529,Schwein,cūka,Siga,FAMILY_COPY_STRICT,fi+sv
data,is,A1,529,Schwein,cūka,Sukk,FAMILY_COPY_STRICT,is+nb+nn
data,nb,A1,529,Schwein,cūka,Sukk,FAMILY_COPY_STRICT,is+nb+nn
data,nn,A1,529,Schwein,cūka,Sukk,FAMILY_COPY_STRICT,is+nb+nn
data,fi,A1,530,Schwester,māsa,Õde,MARKER_LEAK,et_otilde
data,is,A1,530,Schwester,māsa,Õde,MARKER_LEAK,et_otilde
data,nb,A1,530,Schwester,māsa,Õde,MARKER_LEAK,et_otilde
data,nl,A1,530,Schwester,māsa,Māsa,SAME_AS_LV_CASEFOLD,casefold_only
data,nl,A1,530,Schwester,māsa,Māsa,LV_DIACRITIC,
data,nl,A1,530,Schwester,māsa,Māsa,MARKER_LEAK,lv_macron_consonant
data,nn,A1,530,Schwester,māsa,Õde,MARKER_LEAK,et_otilde
data,sr,A1,530,Schwester,māsa,Sestro,SCRIPT_MISMATCH,sr_as_cyrillic
data,sr,A1,530,Schwester,māsa,Sestro,MARKER_LEAK,latin_in_cyrillic
data,sv,A1,530,Schwester,māsa,Õde,MARKER_LEAK,et_otilde
data,bg,A1,530,Schwester,māsa,Сестра,FAMILY_COPY_STRICT,bg+mk+ru
data,mk,A1,530,Schwester,māsa,Сестра,FAMILY_COPY_STRICT,bg+mk+ru
data,ru,A1,530,Schwester,māsa,Сестра,FAMILY_COPY_STRICT,bg+mk+ru
data,bs,A1,530,Schwester,māsa,sestra,FAMILY_COPY_STRICT,bs+sl
data,sl,A1,530,Schwester,māsa,sestra,FAMILY_COPY_STRICT,bs+sl
data,cs,A1,530,Schwester,māsa,Sestra,FAMILY_COPY_STRICT,cs+sk
data,sk,A1,530,Schwester,māsa,Sestra,FAMILY_COPY_STRICT,cs+sk
data,fi,A1,530,Schwester,māsa,Õde,FAMILY_COPY_STRICT,fi+is+nb+nn+sv
data,is,A1,530,Schwester,māsa,Õde,FAMILY_COPY_STRICT,fi+is+nb+nn+sv
data,nb,A1,530,Schwester,māsa,Õde,FAMILY_COPY_STRICT,fi+is+nb+nn+sv
data,nn,A1,530,Schwester,māsa,Õde,FAMILY_COPY_STRICT,fi+is+nb+nn+sv
data,sv,A1,530,Schwester,māsa,Õde,FAMILY_COPY_STRICT,fi+is+nb+nn+sv
data,hr,A1,530,Schwester,māsa,Sestro,FAMILY_COPY_STRICT,hr+sr
data,sr,A1,530,Schwester,māsa,Sestro,FAMILY_COPY_STRICT,hr+sr
data,hr,A1,531,schwimmen,peldēt,Пливање,SCRIPT_MISMATCH,
data,hr,A1,531,schwimmen,peldēt,Пливање,MARKER_LEAK,foreign_script
data,fi,A1,531,schwimmen,peldēt,Ujuma,FAMILY_COPY_STRICT,fi+is+nb+nn+sv
data,is,A1,531,schwimmen,peldēt,Ujuma,FAMILY_COPY_STRICT,fi+is+nb+nn+sv
data,nb,A1,531,schwimmen,peldēt,Ujuma,FAMILY_COPY_STRICT,fi+is+nb+nn+sv
data,nn,A1,531,schwimmen,peldēt,Ujuma,FAMILY_COPY_STRICT,fi+is+nb+nn+sv
data,sv,A1,531,schwimmen,peldēt,Ujuma,FAMILY_COPY_STRICT,fi+is+nb+nn+sv
data,hr,A1,531,schwimmen,peldēt,Пливање,FAMILY_COPY_STRICT,hr+mk
data,mk,A1,531,schwimmen,peldēt,Пливање,FAMILY_COPY_STRICT,hr+mk
data,it,A1,531,schwimmen,peldēt,Peldet,FAMILY_COPY_STRICT,it+pt
data,pt,A1,531,schwimmen,peldēt,Peldet,FAMILY_COPY_STRICT,it+pt
data,hr,A1,532,sechs,seši,Шест,SCRIPT_MISMATCH,
data,hr,A1,532,sechs,seši,Шест,MARKER_LEAK,foreign_script
data,nl,A1,532,sechs,seši,Seši,SAME_AS_LV_CASEFOLD,casefold_only
data,nl,A1,532,sechs,seši,Seši,LV_DIACRITIC,
data,bg,A1,532,sechs,seši,Шест,FAMILY_COPY_STRICT,bg+hr+mk+sr
data,hr,A1,532,sechs,seši,Шест,FAMILY_COPY_STRICT,bg+hr+mk+sr
data,mk,A1,532,sechs,seši,Шест,FAMILY_COPY_STRICT,bg+hr+mk+sr
data,sr,A1,532,sechs,seši,Шест,FAMILY_COPY_STRICT,bg+hr+mk+sr
data,bs,A1,532,sechs,seši,šest,FAMILY_COPY_STRICT,bs+sl
data,sl,A1,532,sechs,seši,šest,FAMILY_COPY_STRICT,bs+sl
data,en,A1,532,sechs,seši,Six,FAMILY_COPY_STRICT,en+fr
data,fr,A1,532,sechs,seši,Six,FAMILY_COPY_STRICT,en+fr
data,fi,A1,532,sechs,seši,Kuus,FAMILY_COPY_STRICT,fi+sv
data,sv,A1,532,sechs,seši,Kuus,FAMILY_COPY_STRICT,fi+sv
data,is,A1,532,sechs,seši,Kuss,FAMILY_COPY_STRICT,is+nb+nn
data,nb,A1,532,sechs,seši,Kuss,FAMILY_COPY_STRICT,is+nb+nn
data,nn,A1,532,sechs,seši,Kuss,FAMILY_COPY_STRICT,is+nb+nn
data,it,A1,532,sechs,seši,Sesi,FAMILY_COPY_STRICT,it+pt
data,pt,A1,532,sechs,seši,Sesi,FAMILY_COPY_STRICT,it+pt
data,nl,A1,533,sechshundert,sešsimt,Sešsimt,SAME_AS_LV_CASEFOLD,casefold_only
data,nl,A1,533,sechshundert,sešsimt,Sešsimt,LV_DIACRITIC,
data,sr,A1,533,sechshundert,sešsimt,Šeststo,LV_DIACRITIC,
data,sr,A1,533,sechshundert,sešsimt,Šeststo,SCRIPT_MISMATCH,sr_as_cyrillic
data,sr,A1,533,sechshundert,sešsimt,Šeststo,MARKER_LEAK,latin_in_cyrillic
data,bg,A1,533,sechshundert,sešsimt,Шестстотин,FAMILY_COPY_STRICT,bg+mk
data,mk,A1,533,sechshundert,sešsimt,Шестстотин,FAMILY_COPY_STRICT,bg+mk
data,fi,A1,533,sechshundert,sešsimt,Kuussada,FAMILY_COPY_STRICT,fi+is+nb+nn+sv
data,is,A1,533,sechshundert,sešsimt,Kuussada,FAMILY_COPY_STRICT,fi+is+nb+nn+sv
data,nb,A1,533,sechshundert,sešsimt,Kuussada,FAMILY_COPY_STRICT,fi+is+nb+nn+sv
data,nn,A1,533,sechshundert,sešsimt,Kuussada,FAMILY_COPY_STRICT,fi+is+nb+nn+sv
data,sv,A1,533,sechshundert,sešsimt,Kuussada,FAMILY_COPY_STRICT,fi+is+nb+nn+sv
data,hr,A1,533,sechshundert,sešsimt,Šeststo,FAMILY_COPY_STRICT,hr+sr
data,sr,A1,533,sechshundert,sešsimt,Šeststo,FAMILY_COPY_STRICT,hr+sr
data,hr,A1,534,sechste,sestais,Шесто,SCRIPT_MISMATCH,
data,hr,A1,534,sechste,sestais,Шесто,MARKER_LEAK,foreign_script
data,it,A1,534,sechste,sestais,Sestais,SAME_AS_LV_CASEFOLD,casefold_only
data,nl,A1,534,sechste,sestais,Sestais,SAME_AS_LV_CASEFOLD,casefold_only
data,pt,A1,534,sechste,sestais,Sestais,SAME_AS_LV_CASEFOLD,casefold_only
data,sq,A1,534,sechste,sestais,Altıncı,MARKER_LEAK,tr_soft
data,bg,A1,534,sechste,sestais,Шесто,FAMILY_COPY_STRICT,bg+hr+mk+sr
data,hr,A1,534,sechste,sestais,Шесто,FAMILY_COPY_STRICT,bg+hr+mk+sr
data,mk,A1,534,sechste,sestais,Шесто,FAMILY_COPY_STRICT,bg+hr+mk+sr
data,sr,A1,534,sechste,sestais,Шесто,FAMILY_COPY_STRICT,bg+hr+mk+sr
data,bs,A1,534,sechste,sestais,šesti,FAMILY_COPY_STRICT,bs+sl
data,sl,A1,534,sechste,sestais,šesti,FAMILY_COPY_STRICT,bs+sl
data,fi,A1,534,sechste,sestais,Kuues,FAMILY_COPY_STRICT,fi+sv
data,sv,A1,534,sechste,sestais,Kuues,FAMILY_COPY_STRICT,fi+sv
data,is,A1,534,sechste,sestais,Kues,FAMILY_COPY_STRICT,is+nb+nn
data,nb,A1,534,sechste,sestais,Kues,FAMILY_COPY_STRICT,is+nb+nn
data,nn,A1,534,sechste,sestais,Kues,FAMILY_COPY_STRICT,is+nb+nn
data,it,A1,534,sechste,sestais,Sestais,FAMILY_COPY_STRICT,it+nl+pt
data,nl,A1,534,sechste,sestais,Sestais,FAMILY_COPY_STRICT,it+nl+pt
data,pt,A1,534,sechste,sestais,Sestais,FAMILY_COPY_STRICT,it+nl+pt
data,sq,A1,534,sechste,sestais,Altıncı,FAMILY_COPY_STRICT,sq+tr
data,tr,A1,534,sechste,sestais,Altıncı,FAMILY_COPY_STRICT,sq+tr
data,hr,A1,535,sechzehn,sešpadsmit,Шестнадесет,SCRIPT_MISMATCH,
data,hr,A1,535,sechzehn,sešpadsmit,Шестнадесет,MARKER_LEAK,foreign_script
data,it,A1,535,sechzehn,sešpadsmit,Sešpadsmit,SAME_AS_LV_CASEFOLD,casefold_only
data,it,A1,535,sechzehn,sešpadsmit,Sešpadsmit,LV_DIACRITIC,
data,nl,A1,535,sechzehn,sešpadsmit,Sešpadsmit,SAME_AS_LV_CASEFOLD,casefold_only
data,nl,A1,535,sechzehn,sešpadsmit,Sešpadsmit,LV_DIACRITIC,
data,pt,A1,535,sechzehn,sešpadsmit,Sešpadsmit,SAME_AS_LV_CASEFOLD,casefold_only
data,pt,A1,535,sechzehn,sešpadsmit,Sešpadsmit,LV_DIACRITIC,
data,bg,A1,535,sechzehn,sešpadsmit,Шестнадесет,FAMILY_COPY_STRICT,bg+hr+mk+sr
data,hr,A1,535,sechzehn,sešpadsmit,Шестнадесет,FAMILY_COPY_STRICT,bg+hr+mk+sr
data,mk,A1,535,sechzehn,sešpadsmit,Шестнадесет,FAMILY_COPY_STRICT,bg+hr+mk+sr
data,sr,A1,535,sechzehn,sešpadsmit,Шестнадесет,FAMILY_COPY_STRICT,bg+hr+mk+sr
data,fi,A1,535,sechzehn,sešpadsmit,Kuusteist,FAMILY_COPY_STRICT,fi+is+nb+nn+sv
data,is,A1,535,sechzehn,sešpadsmit,Kuusteist,FAMILY_COPY_STRICT,fi+is+nb+nn+sv
data,nb,A1,535,sechzehn,sešpadsmit,Kuusteist,FAMILY_COPY_STRICT,fi+is+nb+nn+sv
data,nn,A1,535,sechzehn,sešpadsmit,Kuusteist,FAMILY_COPY_STRICT,fi+is+nb+nn+sv
data,sv,A1,535,sechzehn,sešpadsmit,Kuusteist,FAMILY_COPY_STRICT,fi+is+nb+nn+sv
data,it,A1,535,sechzehn,sešpadsmit,Sešpadsmit,FAMILY_COPY_STRICT,it+nl+pt
data,nl,A1,535,sechzehn,sešpadsmit,Sešpadsmit,FAMILY_COPY_STRICT,it+nl+pt
data,pt,A1,535,sechzehn,sešpadsmit,Sešpadsmit,FAMILY_COPY_STRICT,it+nl+pt
data,hr,A1,536,sechzehnte,sešpadsmitais,Шеснаесеттиот,SCRIPT_MISMATCH,
data,hr,A1,536,sechzehnte,sešpadsmitais,Шеснаесеттиот,MARKER_LEAK,foreign_script
data,it,A1,536,sechzehnte,sešpadsmitais,Sešpadsmitais,SAME_AS_LV_CASEFOLD,casefold_only
data,it,A1,536,sechzehnte,sešpadsmitais,Sešpadsmitais,LV_DIACRITIC,
data,nl,A1,536,sechzehnte,sešpadsmitais,Sešpadsmitais,SAME_AS_LV_CASEFOLD,casefold_only
data,nl,A1,536,sechzehnte,sešpadsmitais,Sešpadsmitais,LV_DIACRITIC,
data,pt,A1,536,sechzehnte,sešpadsmitais,Sešpadsmitais,SAME_AS_LV_CASEFOLD,casefold_only
data,pt,A1,536,sechzehnte,sešpadsmitais,Sešpadsmitais,LV_DIACRITIC,
data,sq,A1,536,sechzehnte,sešpadsmitais,On altıncı,MARKER_LEAK,tr_soft
data,fi,A1,536,sechzehnte,sešpadsmitais,Kuueteistkümnes,FAMILY_COPY_STRICT,fi+sv
data,sv,A1,536,sechzehnte,sešpadsmitais,Kuueteistkümnes,FAMILY_COPY_STRICT,fi+sv
data,hr,A1,536,sechzehnte,sešpadsmitais,Шеснаесеттиот,FAMILY_COPY_STRICT,hr+mk+sr
data,mk,A1,536,sechzehnte,sešpadsmitais,Шеснаесеттиот,FAMILY_COPY_STRICT,hr+mk+sr
data,sr,A1,536,sechzehnte,sešpadsmitais,Шеснаесеттиот,FAMILY_COPY_STRICT,hr+mk+sr
data,is,A1,536,sechzehnte,sešpadsmitais,Seksten,FAMILY_COPY_STRICT,is+nb+nn
data,nb,A1,536,sechzehnte,sešpadsmitais,Seksten,FAMILY_COPY_STRICT,is+nb+nn
data,nn,A1,536,sechzehnte,sešpadsmitais,Seksten,FAMILY_COPY_STRICT,is+nb+nn
data,it,A1,536,sechzehnte,sešpadsmitais,Sešpadsmitais,FAMILY_COPY_STRICT,it+nl+pt
data,nl,A1,536,sechzehnte,sešpadsmitais,Sešpadsmitais,FAMILY_COPY_STRICT,it+nl+pt
data,pt,A1,536,sechzehnte,sešpadsmitais,Sešpadsmitais,FAMILY_COPY_STRICT,it+nl+pt
data,sq,A1,536,sechzehnte,sešpadsmitais,On altıncı,FAMILY_COPY_STRICT,sq+tr
data,tr,A1,536,sechzehnte,sešpadsmitais,On altıncı,FAMILY_COPY_STRICT,sq+tr
data,hr,A1,537,sechzig,sešdesmit,Шейсет,SCRIPT_MISMATCH,
data,hr,A1,537,sechzig,sešdesmit,Шейсет,MARKER_LEAK,foreign_script
data,nl,A1,537,sechzig,sešdesmit,Sešdesmit,SAME_AS_LV_CASEFOLD,casefold_only
data,nl,A1,537,sechzig,sešdesmit,Sešdesmit,LV_DIACRITIC,
data,bg,A1,537,sechzig,sešdesmit,Шейсет,FAMILY_COPY_STRICT,bg+hr+mk+sr
data,hr,A1,537,sechzig,sešdesmit,Шейсет,FAMILY_COPY_STRICT,bg+hr+mk+sr
data,mk,A1,537,sechzig,sešdesmit,Шейсет,FAMILY_COPY_STRICT,bg+hr+mk+sr
data,sr,A1,537,sechzig,sešdesmit,Шейсет,FAMILY_COPY_STRICT,bg+hr+mk+sr
data,fi,A1,537,sechzig,sešdesmit,Kuuskümmend,FAMILY_COPY_STRICT,fi+sv
data,sv,A1,537,sechzig,sešdesmit,Kuuskümmend,FAMILY_COPY_STRICT,fi+sv
data,is,A1,537,sechzig,sešdesmit,Kuusyükmen,FAMILY_COPY_STRICT,is+nb+nn
data,nb,A1,537,sechzig,sešdesmit,Kuusyükmen,FAMILY_COPY_STRICT,is+nb+nn
data,nn,A1,537,sechzig,sešdesmit,Kuusyükmen,FAMILY_COPY_STRICT,is+nb+nn
data,it,A1,537,sechzig,sešdesmit,Sesdesmit,FAMILY_COPY_STRICT,it+pt
data,pt,A1,537,sechzig,sešdesmit,Sesdesmit,FAMILY_COPY_STRICT,it+pt
data,hr,A1,538,sechzigste,sešdesmitais,Шеесеттите години,SCRIPT_MISMATCH,
data,hr,A1,538,sechzigste,sešdesmitais,Шеесеттите години,MARKER_LEAK,foreign_script
data,nl,A1,538,sechzigste,sešdesmitais,Sešdesmitais,SAME_AS_LV_CASEFOLD,casefold_only
data,nl,A1,538,sechzigste,sešdesmitais,Sešdesmitais,LV_DIACRITIC,
data,sq,A1,538,sechzigste,sešdesmitais,Altmışıncı,MARKER_LEAK,tr_soft
data,fi,A1,538,sechzigste,sešdesmitais,Kuuekümnes,FAMILY_COPY_STRICT,fi+sv
data,sv,A1,538,sechzigste,sešdesmitais,Kuuekümnes,FAMILY_COPY_STRICT,fi+sv
data,hr,A1,538,sechzigste,sešdesmitais,Шеесеттите години,FAMILY_COPY_STRICT,hr+mk+sr
data,mk,A1,538,sechzigste,sešdesmitais,Шеесеттите години,FAMILY_COPY_STRICT,hr+mk+sr
data,sr,A1,538,sechzigste,sešdesmitais,Шеесеттите години,FAMILY_COPY_STRICT,hr+mk+sr
data,is,A1,538,sechzigste,sešdesmitais,Kuuedükümes,FAMILY_COPY_STRICT,is+nb+nn
data,nb,A1,538,sechzigste,sešdesmitais,Kuuedükümes,FAMILY_COPY_STRICT,is+nb+nn
data,nn,A1,538,sechzigste,sešdesmitais,Kuuedükümes,FAMILY_COPY_STRICT,is+nb+nn
data,it,A1,538,sechzigste,sešdesmitais,Sesdesmitais,FAMILY_COPY_STRICT,it+pt
data,pt,A1,538,sechzigste,sešdesmitais,Sesdesmitais,FAMILY_COPY_STRICT,it+pt
data,sq,A1,538,sechzigste,sešdesmitais,Altmışıncı,FAMILY_COPY_STRICT,sq+tr
data,tr,A1,538,sechzigste,sešdesmitais,Altmışıncı,FAMILY_COPY_STRICT,sq+tr
data,nl,A1,539,sehen,redzēt,Redzēt,SAME_AS_LV_CASEFOLD,casefold_only
data,nl,A1,539,sehen,redzēt,Redzēt,LV_DIACRITIC,
data,nl,A1,539,sehen,redzēt,Redzēt,MARKER_LEAK,lv_macron_consonant
data,bg,A1,539,sehen,redzēt,Да видя,FAMILY_COPY_STRICT,bg+mk
data,mk,A1,539,sehen,redzēt,Да видя,FAMILY_COPY_STRICT,bg+mk
data,fi,A1,539,sehen,redzēt,Nägema,FAMILY_COPY_STRICT,fi+sv
data,sv,A1,539,sehen,redzēt,Nägema,FAMILY_COPY_STRICT,fi+sv
data,is,A1,539,sehen,redzēt,Nagema,FAMILY_COPY_STRICT,is+nb+nn
data,nb,A1,539,sehen,redzēt,Nagema,FAMILY_COPY_STRICT,is+nb+nn
data,nn,A1,539,sehen,redzēt,Nagema,FAMILY_COPY_STRICT,is+nb+nn
data,it,A1,539,sehen,redzēt,Redzet,FAMILY_COPY_STRICT,it+pt
data,pt,A1,539,sehen,redzēt,Redzet,FAMILY_COPY_STRICT,it+pt
data,sq,A1,539,sehen,redzēt,Görmek,FAMILY_COPY_STRICT,sq+tr
data,tr,A1,539,sehen,redzēt,Görmek,FAMILY_COPY_STRICT,sq+tr
data,hr,A1,540,sehr,ļoti,Много,SCRIPT_MISMATCH,
data,hr,A1,540,sehr,ļoti,Много,MARKER_LEAK,foreign_script
data,nl,A1,540,sehr,ļoti,Ļoti,SAME_AS_LV_CASEFOLD,casefold_only
data,nl,A1,540,sehr,ļoti,Ļoti,LV_DIACRITIC,
data,nl,A1,540,sehr,ļoti,Ļoti,MARKER_LEAK,lv_macron_consonant
data,bg,A1,540,sehr,ļoti,Много,FAMILY_COPY_STRICT,bg+hr+mk+sr
data,hr,A1,540,sehr,ļoti,Много,FAMILY_COPY_STRICT,bg+hr+mk+sr
data,mk,A1,540,sehr,ļoti,Много,FAMILY_COPY_STRICT,bg+hr+mk+sr
data,sr,A1,540,sehr,ļoti,Много,FAMILY_COPY_STRICT,bg+hr+mk+sr
data,fi,A1,540,sehr,ļoti,Väga,FAMILY_COPY_STRICT,fi+sv
data,sv,A1,540,sehr,ļoti,Väga,FAMILY_COPY_STRICT,fi+sv
data,is,A1,540,sehr,ļoti,Veie,FAMILY_COPY_STRICT,is+nb+nn
data,nb,A1,540,sehr,ļoti,Veie,FAMILY_COPY_STRICT,is+nb+nn
data,nn,A1,540,sehr,ļoti,Veie,FAMILY_COPY_STRICT,is+nb+nn
data,it,A1,540,sehr,ļoti,Joti,FAMILY_COPY_STRICT,it+pt
data,pt,A1,540,sehr,ļoti,Joti,FAMILY_COPY_STRICT,it+pt
data,sq,A1,540,sehr,ļoti,Çok,FAMILY_COPY_STRICT,sq+tr
data,tr,A1,540,sehr,ļoti,Çok,FAMILY_COPY_STRICT,sq+tr
data,hr,A1,541,Seife,ziepes,Сапун,SCRIPT_MISMATCH,
data,hr,A1,541,Seife,ziepes,Сапун,MARKER_LEAK,foreign_script
data,it,A1,541,Seife,ziepes,Ziepes,SAME_AS_LV_CASEFOLD,casefold_only
data,nl,A1,541,Seife,ziepes,Ziepes,SAME_AS_LV_CASEFOLD,casefold_only
data,bg,A1,541,Seife,ziepes,Сапун,FAMILY_COPY_STRICT,bg+hr+mk+sr
data,hr,A1,541,Seife,ziepes,Сапун,FAMILY_COPY_STRICT,bg+hr+mk+sr
data,mk,A1,541,Seife,ziepes,Сапун,FAMILY_COPY_STRICT,bg+hr+mk+sr
data,sr,A1,541,Seife,ziepes,Сапун,FAMILY_COPY_STRICT,bg+hr+mk+sr
data,fi,A1,541,Seife,ziepes,Seep,FAMILY_COPY_STRICT,fi+sv
data,sv,A1,541,Seife,ziepes,Seep,FAMILY_COPY_STRICT,fi+sv
data,is,A1,541,Seife,ziepes,Sive,FAMILY_COPY_STRICT,is+nb+nn
data,nb,A1,541,Seife,ziepes,Sive,FAMILY_COPY_STRICT,is+nb+nn
data,nn,A1,541,Seife,ziepes,Sive,FAMILY_COPY_STRICT,is+nb+nn
data,it,A1,541,Seife,ziepes,Ziepes,FAMILY_COPY_STRICT,it+nl
data,nl,A1,541,Seife,ziepes,Ziepes,FAMILY_COPY_STRICT,it+nl
data,sq,A1,541,Seife,ziepes,Sabun,FAMILY_COPY_STRICT,sq+tr
data,tr,A1,541,Seife,ziepes,Sabun,FAMILY_COPY_STRICT,sq+tr
data,hr,A1,542,sein,būt,Бъди,SCRIPT_MISMATCH,
data,hr,A1,542,sein,būt,Бъди,MARKER_LEAK,foreign_script
data,bg,A1,542,sein,būt,Бъди,FAMILY_COPY_STRICT,bg+hr+mk
data,hr,A1,542,sein,būt,Бъди,FAMILY_COPY_STRICT,bg+hr+mk
data,mk,A1,542,sein,būt,Бъди,FAMILY_COPY_STRICT,bg+hr+mk
data,bs,A1,542,sein,būt,biti,FAMILY_COPY_STRICT,bs+sl
data,sl,A1,542,sein,būt,biti,FAMILY_COPY_STRICT,bs+sl
data,fi,A1,542,sein,būt,Olema,FAMILY_COPY_STRICT,fi+is+nb+nn+sv
data,is,A1,542,sein,būt,Olema,FAMILY_COPY_STRICT,fi+is+nb+nn+sv
data,nb,A1,542,sein,būt,Olema,FAMILY_COPY_STRICT,fi+is+nb+nn+sv
data,nn,A1,542,sein,būt,Olema,FAMILY_COPY_STRICT,fi+is+nb+nn+sv
data,sv,A1,542,sein,būt,Olema,FAMILY_COPY_STRICT,fi+is+nb+nn+sv
data,nl,A1,543,seit,kopš,Kopš,SAME_AS_LV_CASEFOLD,casefold_only
data,nl,A1,543,seit,kopš,Kopš,LV_DIACRITIC,
data,sr,A1,543,seit,kopš,ZV,SCRIPT_MISMATCH,sr_as_cyrillic
data,sr,A1,543,seit,kopš,ZV,MARKER_LEAK,latin_in_cyrillic
data,bs,A1,543,seit,kopš,od,FAMILY_COPY_STRICT,bs+sl
data,sl,A1,543,seit,kopš,od,FAMILY_COPY_STRICT,bs+sl
data,cs,A1,543,seit,kopš,Od,FAMILY_COPY_STRICT,cs+pl+sk
data,pl,A1,543,seit,kopš,Od,FAMILY_COPY_STRICT,cs+pl+sk
data,sk,A1,543,seit,kopš,Od,FAMILY_COPY_STRICT,cs+pl+sk
data,fi,A1,543,seit,kopš,Alates,FAMILY_COPY_STRICT,fi+is+nb+nn+sv
data,is,A1,543,seit,kopš,Alates,FAMILY_COPY_STRICT,fi+is+nb+nn+sv
data,nb,A1,543,seit,kopš,Alates,FAMILY_COPY_STRICT,fi+is+nb+nn+sv
data,nn,A1,543,seit,kopš,Alates,FAMILY_COPY_STRICT,fi+is+nb+nn+sv
data,sv,A1,543,seit,kopš,Alates,FAMILY_COPY_STRICT,fi+is+nb+nn+sv
data,hr,A1,543,seit,kopš,ZV,FAMILY_COPY_STRICT,hr+sr
data,sr,A1,543,seit,kopš,ZV,FAMILY_COPY_STRICT,hr+sr
data,hr,A1,544,Seite,lappuse • puse,Страница • Странично,SCRIPT_MISMATCH,
data,hr,A1,544,Seite,lappuse • puse,Страница • Странично,MARKER_LEAK,foreign_script
data,it,A1,544,Seite,lappuse • puse,Lappuse • Puse,SAME_AS_LV_CASEFOLD,casefold_only
data,lb,A1,544,Seite,lappuse • puse,Lappuse • Puse,SAME_AS_LV_CASEFOLD,casefold_only
data,nl,A1,544,Seite,lappuse • puse,Lappuse • Puse,SAME_AS_LV_CASEFOLD,casefold_only
data,bg,A1,544,Seite,lappuse • puse,Страница • Странично,FAMILY_COPY_STRICT,bg+hr+mk
data,hr,A1,544,Seite,lappuse • puse,Страница • Странично,FAMILY_COPY_STRICT,bg+hr+mk
data,mk,A1,544,Seite,lappuse • puse,Страница • Странично,FAMILY_COPY_STRICT,bg+hr+mk
data,fi,A1,544,Seite,lappuse • puse,Lehekülg • Külg,FAMILY_COPY_STRICT,fi+is+nb+nn+sv
data,is,A1,544,Seite,lappuse • puse,Lehekülg • Külg,FAMILY_COPY_STRICT,fi+is+nb+nn+sv
data,nb,A1,544,Seite,lappuse • puse,Lehekülg • Külg,FAMILY_COPY_STRICT,fi+is+nb+nn+sv
data,nn,A1,544,Seite,lappuse • puse,Lehekülg • Külg,FAMILY_COPY_STRICT,fi+is+nb+nn+sv
data,sv,A1,544,Seite,lappuse • puse,Lehekülg • Külg,FAMILY_COPY_STRICT,fi+is+nb+nn+sv
data,it,A1,544,Seite,lappuse • puse,Lappuse • Puse,FAMILY_COPY_STRICT,it+lb+nl
data,lb,A1,544,Seite,lappuse • puse,Lappuse • Puse,FAMILY_COPY_STRICT,it+lb+nl
data,nl,A1,544,Seite,lappuse • puse,Lappuse • Puse,FAMILY_COPY_STRICT,it+lb+nl
data,sq,A1,544,Seite,lappuse • puse,Sayfa • Sayfa,FAMILY_COPY_STRICT,sq+tr
data,tr,A1,544,Seite,lappuse • puse,Sayfa • Sayfa,FAMILY_COPY_STRICT,sq+tr
data,hr,A1,545,Sekunde,sekunde,Второ,SCRIPT_MISMATCH,
data,hr,A1,545,Sekunde,sekunde,Второ,MARKER_LEAK,foreign_script
data,nl,A1,545,Sekunde,sekunde,Sekunde,SAME_AS_LV_CASEFOLD,casefold_only
data,bg,A1,545,Sekunde,sekunde,Второ,FAMILY_COPY_STRICT,bg+hr+mk+sr
data,hr,A1,545,Sekunde,sekunde,Второ,FAMILY_COPY_STRICT,bg+hr+mk+sr
data,mk,A1,545,Sekunde,sekunde,Второ,FAMILY_COPY_STRICT,bg+hr+mk+sr
data,sr,A1,545,Sekunde,sekunde,Второ,FAMILY_COPY_STRICT,bg+hr+mk+sr
data,bs,A1,545,Sekunde,sekunde,sekunda,FAMILY_COPY_STRICT,bs+sl
data,sl,A1,545,Sekunde,sekunde,sekunda,FAMILY_COPY_STRICT,bs+sl
data,fi,A1,545,Sekunde,sekunde,Sekund,FAMILY_COPY_STRICT,fi+is+nb+nn+sv
data,is,A1,545,Sekunde,sekunde,Sekund,FAMILY_COPY_STRICT,fi+is+nb+nn+sv
data,nb,A1,545,Sekunde,sekunde,Sekund,FAMILY_COPY_STRICT,fi+is+nb+nn+sv
data,nn,A1,545,Sekunde,sekunde,Sekund,FAMILY_COPY_STRICT,fi+is+nb+nn+sv
data,sv,A1,545,Sekunde,sekunde,Sekund,FAMILY_COPY_STRICT,fi+is+nb+nn+sv
data,hr,A1,546,September,septembris,Септември,SCRIPT_MISMATCH,
data,hr,A1,546,September,septembris,Септември,MARKER_LEAK,foreign_script
data,nl,A1,546,September,septembris,Septembris,SAME_AS_LV_CASEFOLD,casefold_only
data,bg,A1,546,September,septembris,Септември,FAMILY_COPY_STRICT,bg+hr+mk+sr
data,hr,A1,546,September,septembris,Септември,FAMILY_COPY_STRICT,bg+hr+mk+sr
data,mk,A1,546,September,septembris,Септември,FAMILY_COPY_STRICT,bg+hr+mk+sr
data,sr,A1,546,September,septembris,Септември,FAMILY_COPY_STRICT,bg+hr+mk+sr
data,it,A1,547,sich,sevi • sev,Sevi • Sev,SAME_AS_LV_CASEFOLD,casefold_only
data,pt,A1,547,sich,sevi • sev,Sevi • Sev,SAME_AS_LV_CASEFOLD,casefold_only
data,bg,A1,547,sich,sevi • sev,Себе си • За себе си,FAMILY_COPY_STRICT,bg+mk
data,mk,A1,547,sich,sevi • sev,Себе си • За себе си,FAMILY_COPY_STRICT,bg+mk
data,is,A1,547,sich,sevi • sev,Slutt • Endale,FAMILY_COPY_STRICT,is+nb+nn
data,nb,A1,547,sich,sevi • sev,Slutt • Endale,FAMILY_COPY_STRICT,is+nb+nn
data,nn,A1,547,sich,sevi • sev,Slutt • Endale,FAMILY_COPY_STRICT,is+nb+nn
data,it,A1,547,sich,sevi • sev,Sevi • Sev,FAMILY_COPY_STRICT,it+pt
data,pt,A1,547,sich,sevi • sev,Sevi • Sev,FAMILY_COPY_STRICT,it+pt
data,sq,A1,547,sich,sevi • sev,Kendiniz • Kendiniz için,FAMILY_COPY_STRICT,sq+tr
data,tr,A1,547,sich,sevi • sev,Kendiniz • Kendiniz için,FAMILY_COPY_STRICT,sq+tr
data,hr,A1,548,sicher,drošs • noteikti,Безопасно • Разбира се,SCRIPT_MISMATCH,
data,hr,A1,548,sicher,drošs • noteikti,Безопасно • Разбира се,MARKER_LEAK,foreign_script
data,it,A1,548,sicher,drošs • noteikti,Drošs • Noteikti,SAME_AS_LV_CASEFOLD,casefold_only
data,it,A1,548,sicher,drošs • noteikti,Drošs • Noteikti,LV_DIACRITIC,
data,lb,A1,548,sicher,drošs • noteikti,Drošs • Noteikti,SAME_AS_LV_CASEFOLD,casefold_only
data,lb,A1,548,sicher,drošs • noteikti,Drošs • Noteikti,LV_DIACRITIC,
data,nl,A1,548,sicher,drošs • noteikti,Drošs • Noteikti,SAME_AS_LV_CASEFOLD,casefold_only
data,nl,A1,548,sicher,drošs • noteikti,Drošs • Noteikti,LV_DIACRITIC,
data,bg,A1,548,sicher,drošs • noteikti,Безопасно • Разбира се,FAMILY_COPY_STRICT,bg+hr+mk
data,hr,A1,548,sicher,drošs • noteikti,Безопасно • Разбира се,FAMILY_COPY_STRICT,bg+hr+mk
data,mk,A1,548,sicher,drošs • noteikti,Безопасно • Разбира се,FAMILY_COPY_STRICT,bg+hr+mk
data,fi,A1,548,sicher,drošs • noteikti,Kindel • Kindlasti,FAMILY_COPY_STRICT,fi+sv
data,sv,A1,548,sicher,drošs • noteikti,Kindel • Kindlasti,FAMILY_COPY_STRICT,fi+sv
data,is,A1,548,sicher,drošs • noteikti,Kindle • Definitivt,FAMILY_COPY_STRICT,is+nb+nn
data,nb,A1,548,sicher,drošs • noteikti,Kindle • Definitivt,FAMILY_COPY_STRICT,is+nb+nn
data,nn,A1,548,sicher,drošs • noteikti,Kindle • Definitivt,FAMILY_COPY_STRICT,is+nb+nn
data,it,A1,548,sicher,drošs • noteikti,Drošs • Noteikti,FAMILY_COPY_STRICT,it+lb+nl
data,lb,A1,548,sicher,drošs • noteikti,Drošs • Noteikti,FAMILY_COPY_STRICT,it+lb+nl
data,nl,A1,548,sicher,drošs • noteikti,Drošs • Noteikti,FAMILY_COPY_STRICT,it+lb+nl
data,sq,A1,548,sicher,drošs • noteikti,Güvenli • Kesinlikle,FAMILY_COPY_STRICT,sq+tr
data,tr,A1,548,sicher,drošs • noteikti,Güvenli • Kesinlikle,FAMILY_COPY_STRICT,sq+tr
data,hr,A1,549,sie,viņi / viņas,Те/тя,SCRIPT_MISMATCH,
data,hr,A1,549,sie,viņi / viņas,Те/тя,MARKER_LEAK,foreign_script
data,it,A1,549,sie,viņi / viņas,Viņi / viņas,SAME_AS_LV_CASEFOLD,casefold_only
data,it,A1,549,sie,viņi / viņas,Viņi / viņas,LV_DIACRITIC,
data,it,A1,549,sie,viņi / viņas,Viņi / viņas,MARKER_LEAK,lv_macron_consonant
data,nl,A1,549,sie,viņi / viņas,Viņi / viņas,SAME_AS_LV_CASEFOLD,casefold_only
data,nl,A1,549,sie,viņi / viņas,Viņi / viņas,LV_DIACRITIC,
data,nl,A1,549,sie,viņi / viņas,Viņi / viņas,MARKER_LEAK,lv_macron_consonant
data,pt,A1,549,sie,viņi / viņas,Viņi / vinhas,LV_DIACRITIC,
data,pt,A1,549,sie,viņi / viņas,Viņi / vinhas,MARKER_LEAK,lv_macron_consonant
data,bg,A1,549,sie,viņi / viņas,Те/тя,FAMILY_COPY_STRICT,bg+hr+mk
data,hr,A1,549,sie,viņi / viņas,Те/тя,FAMILY_COPY_STRICT,bg+hr+mk
data,mk,A1,549,sie,viņi / viņas,Те/тя,FAMILY_COPY_STRICT,bg+hr+mk
data,fi,A1,549,sie,viņi / viņas,Nemad / nad,FAMILY_COPY_STRICT,fi+is+nb+nn+sv
data,is,A1,549,sie,viņi / viņas,Nemad / nad,FAMILY_COPY_STRICT,fi+is+nb+nn+sv
data,nb,A1,549,sie,viņi / viņas,Nemad / nad,FAMILY_COPY_STRICT,fi+is+nb+nn+sv
data,nn,A1,549,sie,viņi / viņas,Nemad / nad,FAMILY_COPY_STRICT,fi+is+nb+nn+sv
data,sv,A1,549,sie,viņi / viņas,Nemad / nad,FAMILY_COPY_STRICT,fi+is+nb+nn+sv
data,it,A1,549,sie,viņi / viņas,Viņi / viņas,FAMILY_COPY_STRICT,it+nl
data,nl,A1,549,sie,viņi / viņas,Viņi / viņas,FAMILY_COPY_STRICT,it+nl
data,pl,A1,549,sie,viņi / viņas,Oni/ona,FAMILY_COPY_STRICT,pl+sk
data,sk,A1,549,sie,viņi / viņas,Oni/ona,FAMILY_COPY_STRICT,pl+sk
data,sq,A1,549,sie,viņi / viņas,Onlar / o,FAMILY_COPY_STRICT,sq+tr
data,tr,A1,549,sie,viņi / viņas,Onlar / o,FAMILY_COPY_STRICT,sq+tr
data,hr,A1,550,Sie,jūs,Вие,SCRIPT_MISMATCH,
data,hr,A1,550,Sie,jūs,Вие,MARKER_LEAK,foreign_script
data,lt,A1,550,Sie,jūs,jūs,SAME_AS_LV_CASEFOLD,exact
data,nl,A1,550,Sie,jūs,Jūs,SAME_AS_LV_CASEFOLD,casefold_only
data,nl,A1,550,Sie,jūs,Jūs,LV_DIACRITIC,
data,nl,A1,550,Sie,jūs,Jūs,MARKER_LEAK,lv_u_macron
data,bg,A1,550,Sie,jūs,Вие,FAMILY_COPY_STRICT,bg+hr+mk
data,hr,A1,550,Sie,jūs,Вие,FAMILY_COPY_STRICT,bg+hr+mk
data,mk,A1,550,Sie,jūs,Вие,FAMILY_COPY_STRICT,bg+hr+mk
data,bs,A1,550,Sie,jūs,vi,FAMILY_COPY_STRICT,bs+sl
data,sl,A1,550,Sie,jūs,vi,FAMILY_COPY_STRICT,bs+sl
data,cs,A1,550,Sie,jūs,Vy,FAMILY_COPY_STRICT,cs+sk
data,sk,A1,550,Sie,jūs,Vy,FAMILY_COPY_STRICT,cs+sk
data,fi,A1,550,Sie,jūs,Teie,FAMILY_COPY_STRICT,fi+sv
data,sv,A1,550,Sie,jūs,Teie,FAMILY_COPY_STRICT,fi+sv
data,is,A1,550,Sie,jūs,Tei,FAMILY_COPY_STRICT,is+nb+nn
data,nb,A1,550,Sie,jūs,Tei,FAMILY_COPY_STRICT,is+nb+nn
data,nn,A1,550,Sie,jūs,Tei,FAMILY_COPY_STRICT,is+nb+nn
data,hr,A1,551,siebenhundert,septiņsimt,Седемстотин,SCRIPT_MISMATCH,
data,hr,A1,551,siebenhundert,septiņsimt,Седемстотин,MARKER_LEAK,foreign_script
data,it,A1,551,siebenhundert,septiņsimt,Septiņsimt,SAME_AS_LV_CASEFOLD,casefold_only
data,it,A1,551,siebenhundert,septiņsimt,Septiņsimt,LV_DIACRITIC,
data,it,A1,551,siebenhundert,septiņsimt,Septiņsimt,MARKER_LEAK,lv_macron_consonant
data,nl,A1,551,siebenhundert,septiņsimt,Septiņsimt,SAME_AS_LV_CASEFOLD,casefold_only
data,nl,A1,551,siebenhundert,septiņsimt,Septiņsimt,LV_DIACRITIC,
data,nl,A1,551,siebenhundert,septiņsimt,Septiņsimt,MARKER_LEAK,lv_macron_consonant
data,pt,A1,551,siebenhundert,septiņsimt,Septiņsimt,SAME_AS_LV_CASEFOLD,casefold_only
data,pt,A1,551,siebenhundert,septiņsimt,Septiņsimt,LV_DIACRITIC,
data,pt,A1,551,siebenhundert,septiņsimt,Septiņsimt,MARKER_LEAK,lv_macron_consonant
data,bg,A1,551,siebenhundert,septiņsimt,Седемстотин,FAMILY_COPY_STRICT,bg+hr+mk+sr
data,hr,A1,551,siebenhundert,septiņsimt,Седемстотин,FAMILY_COPY_STRICT,bg+hr+mk+sr
data,mk,A1,551,siebenhundert,septiņsimt,Седемстотин,FAMILY_COPY_STRICT,bg+hr+mk+sr
data,sr,A1,551,siebenhundert,septiņsimt,Седемстотин,FAMILY_COPY_STRICT,bg+hr+mk+sr
data,fi,A1,551,siebenhundert,septiņsimt,Seitsesada,FAMILY_COPY_STRICT,fi+is+nb+nn+sv
data,is,A1,551,siebenhundert,septiņsimt,Seitsesada,FAMILY_COPY_STRICT,fi+is+nb+nn+sv
data,nb,A1,551,siebenhundert,septiņsimt,Seitsesada,FAMILY_COPY_STRICT,fi+is+nb+nn+sv
data,nn,A1,551,siebenhundert,septiņsimt,Seitsesada,FAMILY_COPY_STRICT,fi+is+nb+nn+sv
data,sv,A1,551,siebenhundert,septiņsimt,Seitsesada,FAMILY_COPY_STRICT,fi+is+nb+nn+sv
data,it,A1,551,siebenhundert,septiņsimt,Septiņsimt,FAMILY_COPY_STRICT,it+nl+pt
data,nl,A1,551,siebenhundert,septiņsimt,Septiņsimt,FAMILY_COPY_STRICT,it+nl+pt
data,pt,A1,551,siebenhundert,septiņsimt,Septiņsimt,FAMILY_COPY_STRICT,it+nl+pt
data,nl,A1,552,siebente,septītais,Septītais,SAME_AS_LV_CASEFOLD,casefold_only
data,nl,A1,552,siebente,septītais,Septītais,LV_DIACRITIC,
data,nl,A1,552,siebente,septītais,Septītais,MARKER_LEAK,lv_macron_consonant
data,sr,A1,552,siebente,septītais,Sedmo,SCRIPT_MISMATCH,sr_as_cyrillic
data,sr,A1,552,siebente,septītais,Sedmo,MARKER_LEAK,latin_in_cyrillic
data,bg,A1,552,siebente,septītais,Седмо,FAMILY_COPY_STRICT,bg+mk
data,mk,A1,552,siebente,septītais,Седмо,FAMILY_COPY_STRICT,bg+mk
data,bs,A1,552,siebente,septītais,sedmi,FAMILY_COPY_STRICT,bs+sl
data,sl,A1,552,siebente,septītais,sedmi,FAMILY_COPY_STRICT,bs+sl
data,fi,A1,552,siebente,septītais,Seitsmes,FAMILY_COPY_STRICT,fi+is+nb+nn+sv
data,is,A1,552,siebente,septītais,Seitsmes,FAMILY_COPY_STRICT,fi+is+nb+nn+sv
data,nb,A1,552,siebente,septītais,Seitsmes,FAMILY_COPY_STRICT,fi+is+nb+nn+sv
data,nn,A1,552,siebente,septītais,Seitsmes,FAMILY_COPY_STRICT,fi+is+nb+nn+sv
data,sv,A1,552,siebente,septītais,Seitsmes,FAMILY_COPY_STRICT,fi+is+nb+nn+sv
data,hr,A1,552,siebente,septītais,Sedmo,FAMILY_COPY_STRICT,hr+sr
data,sr,A1,552,siebente,septītais,Sedmo,FAMILY_COPY_STRICT,hr+sr
data,hr,A1,553,siebzehn,septiņpadsmit,Седемнадесет,SCRIPT_MISMATCH,
data,hr,A1,553,siebzehn,septiņpadsmit,Седемнадесет,MARKER_LEAK,foreign_script
data,it,A1,553,siebzehn,septiņpadsmit,Septiņpadswith,LV_DIACRITIC,
data,it,A1,553,siebzehn,septiņpadsmit,Septiņpadswith,MARKER_LEAK,lv_macron_consonant
data,nl,A1,553,siebzehn,septiņpadsmit,Septiņpadsmit,SAME_AS_LV_CASEFOLD,casefold_only
data,nl,A1,553,siebzehn,septiņpadsmit,Septiņpadsmit,LV_DIACRITIC,
data,nl,A1,553,siebzehn,septiņpadsmit,Septiņpadsmit,MARKER_LEAK,lv_macron_consonant
data,pt,A1,553,siebzehn,septiņpadsmit,Septiņpadscon,LV_DIACRITIC,
data,pt,A1,553,siebzehn,septiņpadsmit,Septiņpadscon,MARKER_LEAK,lv_macron_consonant
data,bg,A1,553,siebzehn,septiņpadsmit,Седемнадесет,FAMILY_COPY_STRICT,bg+hr+mk+sr
data,hr,A1,553,siebzehn,septiņpadsmit,Седемнадесет,FAMILY_COPY_STRICT,bg+hr+mk+sr
data,mk,A1,553,siebzehn,septiņpadsmit,Седемнадесет,FAMILY_COPY_STRICT,bg+hr+mk+sr
data,sr,A1,553,siebzehn,septiņpadsmit,Седемнадесет,FAMILY_COPY_STRICT,bg+hr+mk+sr
data,fi,A1,553,siebzehn,septiņpadsmit,Seitseteist,FAMILY_COPY_STRICT,fi+is+nb+nn+sv
data,is,A1,553,siebzehn,septiņpadsmit,Seitseteist,FAMILY_COPY_STRICT,fi+is+nb+nn+sv
data,nb,A1,553,siebzehn,septiņpadsmit,Seitseteist,FAMILY_COPY_STRICT,fi+is+nb+nn+sv
data,nn,A1,553,siebzehn,septiņpadsmit,Seitseteist,FAMILY_COPY_STRICT,fi+is+nb+nn+sv
data,sv,A1,553,siebzehn,septiņpadsmit,Seitseteist,FAMILY_COPY_STRICT,fi+is+nb+nn+sv
data,sq,A1,553,siebzehn,septiņpadsmit,On yedi,FAMILY_COPY_STRICT,sq+tr
data,tr,A1,553,siebzehn,septiņpadsmit,On yedi,FAMILY_COPY_STRICT,sq+tr
data,hr,A1,554,siebzehnte,septiņpadsmitais,Седумнаесетти,SCRIPT_MISMATCH,
data,hr,A1,554,siebzehnte,septiņpadsmitais,Седумнаесетти,MARKER_LEAK,foreign_script
data,it,A1,554,siebzehnte,septiņpadsmitais,Septiņpadsmitais,SAME_AS_LV_CASEFOLD,casefold_only
data,it,A1,554,siebzehnte,septiņpadsmitais,Septiņpadsmitais,LV_DIACRITIC,
data,it,A1,554,siebzehnte,septiņpadsmitais,Septiņpadsmitais,MARKER_LEAK,lv_macron_consonant
data,nl,A1,554,siebzehnte,septiņpadsmitais,Septiņpadsmitais,SAME_AS_LV_CASEFOLD,casefold_only
data,nl,A1,554,siebzehnte,septiņpadsmitais,Septiņpadsmitais,LV_DIACRITIC,
data,nl,A1,554,siebzehnte,septiņpadsmitais,Septiņpadsmitais,MARKER_LEAK,lv_macron_consonant
data,pt,A1,554,siebzehnte,septiņpadsmitais,Septiņpadsmitas,LV_DIACRITIC,
data,pt,A1,554,siebzehnte,septiņpadsmitais,Septiņpadsmitas,MARKER_LEAK,lv_macron_consonant
data,fi,A1,554,siebzehnte,septiņpadsmitais,Seitsmeteistkümnes,FAMILY_COPY_STRICT,fi+sv
data,sv,A1,554,siebzehnte,septiņpadsmitais,Seitsmeteistkümnes,FAMILY_COPY_STRICT,fi+sv
data,hr,A1,554,siebzehnte,septiņpadsmitais,Седумнаесетти,FAMILY_COPY_STRICT,hr+mk+sr
data,mk,A1,554,siebzehnte,septiņpadsmitais,Седумнаесетти,FAMILY_COPY_STRICT,hr+mk+sr
data,sr,A1,554,siebzehnte,septiņpadsmitais,Седумнаесетти,FAMILY_COPY_STRICT,hr+mk+sr
data,is,A1,554,siebzehnte,septiņpadsmitais,Sekstende,FAMILY_COPY_STRICT,is+nb+nn
data,nb,A1,554,siebzehnte,septiņpadsmitais,Sekstende,FAMILY_COPY_STRICT,is+nb+nn
data,nn,A1,554,siebzehnte,septiņpadsmitais,Sekstende,FAMILY_COPY_STRICT,is+nb+nn
data,it,A1,554,siebzehnte,septiņpadsmitais,Septiņpadsmitais,FAMILY_COPY_STRICT,it+nl
data,nl,A1,554,siebzehnte,septiņpadsmitais,Septiņpadsmitais,FAMILY_COPY_STRICT,it+nl
data,sq,A1,554,siebzehnte,septiņpadsmitais,On yedinci,FAMILY_COPY_STRICT,sq+tr
data,tr,A1,554,siebzehnte,septiņpadsmitais,On yedinci,FAMILY_COPY_STRICT,sq+tr
data,it,A1,555,siebzig,septiņdesmit,Septiņdesmit,SAME_AS_LV_CASEFOLD,casefold_only
data,it,A1,555,siebzig,septiņdesmit,Septiņdesmit,LV_DIACRITIC,
data,it,A1,555,siebzig,septiņdesmit,Septiņdesmit,MARKER_LEAK,lv_macron_consonant
data,nl,A1,555,siebzig,septiņdesmit,Septiņdesmit,SAME_AS_LV_CASEFOLD,casefold_only
data,nl,A1,555,siebzig,septiņdesmit,Septiņdesmit,LV_DIACRITIC,
data,nl,A1,555,siebzig,septiņdesmit,Septiņdesmit,MARKER_LEAK,lv_macron_consonant
data,pt,A1,555,siebzig,septiņdesmit,Septiņdesmit,SAME_AS_LV_CASEFOLD,casefold_only
data,pt,A1,555,siebzig,septiņdesmit,Septiņdesmit,LV_DIACRITIC,
data,pt,A1,555,siebzig,septiņdesmit,Septiņdesmit,MARKER_LEAK,lv_macron_consonant
data,sr,A1,555,siebzig,septiņdesmit,Sedemdeset,SCRIPT_MISMATCH,sr_as_cyrillic
data,sr,A1,555,siebzig,septiņdesmit,Sedemdeset,MARKER_LEAK,latin_in_cyrillic
data,bg,A1,555,siebzig,septiņdesmit,Седемдесет,FAMILY_COPY_STRICT,bg+mk
data,mk,A1,555,siebzig,septiņdesmit,Седемдесет,FAMILY_COPY_STRICT,bg+mk
data,fi,A1,555,siebzig,septiņdesmit,Seitsekümmend,FAMILY_COPY_STRICT,fi+sv
data,sv,A1,555,siebzig,septiņdesmit,Seitsekümmend,FAMILY_COPY_STRICT,fi+sv
data,hr,A1,555,siebzig,septiņdesmit,Sedemdeset,FAMILY_COPY_STRICT,hr+sr
data,sr,A1,555,siebzig,septiņdesmit,Sedemdeset,FAMILY_COPY_STRICT,hr+sr
data,is,A1,555,siebzig,septiņdesmit,Sytti,FAMILY_COPY_STRICT,is+nb+nn
data,nb,A1,555,siebzig,septiņdesmit,Sytti,FAMILY_COPY_STRICT,is+nb+nn
data,nn,A1,555,siebzig,septiņdesmit,Sytti,FAMILY_COPY_STRICT,is+nb+nn
data,it,A1,555,siebzig,septiņdesmit,Septiņdesmit,FAMILY_COPY_STRICT,it+nl+pt
data,nl,A1,555,siebzig,septiņdesmit,Septiņdesmit,FAMILY_COPY_STRICT,it+nl+pt
data,pt,A1,555,siebzig,septiņdesmit,Septiņdesmit,FAMILY_COPY_STRICT,it+nl+pt
data,hr,A1,556,siebzigste,septiņdesmitais,Седемдесети,SCRIPT_MISMATCH,
data,hr,A1,556,siebzigste,septiņdesmitais,Седемдесети,MARKER_LEAK,foreign_script
data,nl,A1,556,siebzigste,septiņdesmitais,Septiņdesmitais,SAME_AS_LV_CASEFOLD,casefold_only
data,nl,A1,556,siebzigste,septiņdesmitais,Septiņdesmitais,LV_DIACRITIC,
data,nl,A1,556,siebzigste,septiņdesmitais,Septiņdesmitais,MARKER_LEAK,lv_macron_consonant
data,bg,A1,556,siebzigste,septiņdesmitais,Седемдесети,FAMILY_COPY_STRICT,bg+hr+mk+sr
data,hr,A1,556,siebzigste,septiņdesmitais,Седемдесети,FAMILY_COPY_STRICT,bg+hr+mk+sr
data,mk,A1,556,siebzigste,septiņdesmitais,Седемдесети,FAMILY_COPY_STRICT,bg+hr+mk+sr
data,sr,A1,556,siebzigste,septiņdesmitais,Седемдесети,FAMILY_COPY_STRICT,bg+hr+mk+sr
data,fi,A1,556,siebzigste,septiņdesmitais,Seitsmekümnes,FAMILY_COPY_STRICT,fi+sv
data,sv,A1,556,siebzigste,septiņdesmitais,Seitsmekümnes,FAMILY_COPY_STRICT,fi+sv
data,is,A1,556,siebzigste,septiņdesmitais,Seitsmegyüms,FAMILY_COPY_STRICT,is+nb+nn
data,nb,A1,556,siebzigste,septiņdesmitais,Seitsmegyüms,FAMILY_COPY_STRICT,is+nb+nn
data,nn,A1,556,siebzigste,septiņdesmitais,Seitsmegyüms,FAMILY_COPY_STRICT,is+nb+nn
data,it,A1,556,siebzigste,septiņdesmitais,Septidesmitais,FAMILY_COPY_STRICT,it+pt
data,pt,A1,556,siebzigste,septiņdesmitais,Septidesmitais,FAMILY_COPY_STRICT,it+pt
data,hr,A1,557,singen,dziedāt,Пейте,SCRIPT_MISMATCH,
data,hr,A1,557,singen,dziedāt,Пейте,MARKER_LEAK,foreign_script
data,nl,A1,557,singen,dziedāt,Dziedāt,SAME_AS_LV_CASEFOLD,casefold_only
data,nl,A1,557,singen,dziedāt,Dziedāt,LV_DIACRITIC,
data,nl,A1,557,singen,dziedāt,Dziedāt,MARKER_LEAK,lv_macron_consonant
data,bg,A1,557,singen,dziedāt,Пейте,FAMILY_COPY_STRICT,bg+hr+mk+sr
data,hr,A1,557,singen,dziedāt,Пейте,FAMILY_COPY_STRICT,bg+hr+mk+sr
data,mk,A1,557,singen,dziedāt,Пейте,FAMILY_COPY_STRICT,bg+hr+mk+sr
data,sr,A1,557,singen,dziedāt,Пейте,FAMILY_COPY_STRICT,bg+hr+mk+sr
data,fi,A1,557,singen,dziedāt,Laulma,FAMILY_COPY_STRICT,fi+is+nb+nn+sv
data,is,A1,557,singen,dziedāt,Laulma,FAMILY_COPY_STRICT,fi+is+nb+nn+sv
data,nb,A1,557,singen,dziedāt,Laulma,FAMILY_COPY_STRICT,fi+is+nb+nn+sv
data,nn,A1,557,singen,dziedāt,Laulma,FAMILY_COPY_STRICT,fi+is+nb+nn+sv
data,sv,A1,557,singen,dziedāt,Laulma,FAMILY_COPY_STRICT,fi+is+nb+nn+sv
data,it,A1,557,singen,dziedāt,Dziedat,FAMILY_COPY_STRICT,it+pt
data,pt,A1,557,singen,dziedāt,Dziedat,FAMILY_COPY_STRICT,it+pt
data,nl,A1,558,sitzen,sēdēt,Sēdēt,SAME_AS_LV_CASEFOLD,casefold_only
data,nl,A1,558,sitzen,sēdēt,Sēdēt,LV_DIACRITIC,
data,nl,A1,558,sitzen,sēdēt,Sēdēt,MARKER_LEAK,lv_macron_consonant
data,fi,A1,558,sitzen,sēdēt,Istuma,FAMILY_COPY_STRICT,fi+sv
data,sv,A1,558,sitzen,sēdēt,Istuma,FAMILY_COPY_STRICT,fi+sv
data,is,A1,558,sitzen,sēdēt,Isthuma,FAMILY_COPY_STRICT,is+nb+nn
data,nb,A1,558,sitzen,sēdēt,Isthuma,FAMILY_COPY_STRICT,is+nb+nn
data,nn,A1,558,sitzen,sēdēt,Isthuma,FAMILY_COPY_STRICT,is+nb+nn
data,hr,A1,559,so,tā,И така,SCRIPT_MISMATCH,
data,hr,A1,559,so,tā,И така,MARKER_LEAK,foreign_script
data,nl,A1,559,so,tā,Tā,SAME_AS_LV_CASEFOLD,casefold_only
data,nl,A1,559,so,tā,Tā,LV_DIACRITIC,
data,nl,A1,559,so,tā,Tā,MARKER_LEAK,lv_macron_consonant
data,bg,A1,559,so,tā,И така,FAMILY_COPY_STRICT,bg+hr+mk+sr
data,hr,A1,559,so,tā,И така,FAMILY_COPY_STRICT,bg+hr+mk+sr
data,mk,A1,559,so,tā,И така,FAMILY_COPY_STRICT,bg+hr+mk+sr
data,sr,A1,559,so,tā,И така,FAMILY_COPY_STRICT,bg+hr+mk+sr
data,bs,A1,559,so,tā,tako,FAMILY_COPY_STRICT,bs+sl
data,sl,A1,559,so,tā,tako,FAMILY_COPY_STRICT,bs+sl
data,fi,A1,559,so,tā,Nii,FAMILY_COPY_STRICT,fi+sv
data,sv,A1,559,so,tā,Nii,FAMILY_COPY_STRICT,fi+sv
data,is,A1,559,so,tā,Nei,FAMILY_COPY_STRICT,is+nb+nn
data,nb,A1,559,so,tā,Nei,FAMILY_COPY_STRICT,is+nb+nn
data,nn,A1,559,so,tā,Nei,FAMILY_COPY_STRICT,is+nb+nn
data,sq,A1,559,so,tā,Bu yüzden,FAMILY_COPY_STRICT,sq+tr
data,tr,A1,559,so,tā,Bu yüzden,FAMILY_COPY_STRICT,sq+tr
data,nl,A1,560,Socke,zeķe,Zeķe,SAME_AS_LV_CASEFOLD,casefold_only
data,nl,A1,560,Socke,zeķe,Zeķe,LV_DIACRITIC,
data,nl,A1,560,Socke,zeķe,Zeķe,MARKER_LEAK,lv_macron_consonant
data,sr,A1,560,Socke,zeķe,Nogavica,SCRIPT_MISMATCH,sr_as_cyrillic
data,sr,A1,560,Socke,zeķe,Nogavica,MARKER_LEAK,latin_in_cyrillic
data,bg,A1,560,Socke,zeķe,Чорап,FAMILY_COPY_STRICT,bg+mk
data,mk,A1,560,Socke,zeķe,Чорап,FAMILY_COPY_STRICT,bg+mk
data,cs,A1,560,Socke,zeķe,Ponožka,FAMILY_COPY_STRICT,cs+sk
data,sk,A1,560,Socke,zeķe,Ponožka,FAMILY_COPY_STRICT,cs+sk
data,fi,A1,560,Socke,zeķe,Sokk,FAMILY_COPY_STRICT,fi+is+nb+nn+sv
data,is,A1,560,Socke,zeķe,Sokk,FAMILY_COPY_STRICT,fi+is+nb+nn+sv
data,nb,A1,560,Socke,zeķe,Sokk,FAMILY_COPY_STRICT,fi+is+nb+nn+sv
data,nn,A1,560,Socke,zeķe,Sokk,FAMILY_COPY_STRICT,fi+is+nb+nn+sv
data,sv,A1,560,Socke,zeķe,Sokk,FAMILY_COPY_STRICT,fi+is+nb+nn+sv
data,hr,A1,560,Socke,zeķe,Nogavica,FAMILY_COPY_STRICT,hr+sr
data,sr,A1,560,Socke,zeķe,Nogavica,FAMILY_COPY_STRICT,hr+sr
data,hr,A1,561,Sofa,dīvāns,Диван,SCRIPT_MISMATCH,
data,hr,A1,561,Sofa,dīvāns,Диван,MARKER_LEAK,foreign_script
data,nl,A1,561,Sofa,dīvāns,Dīvāns,SAME_AS_LV_CASEFOLD,casefold_only
data,nl,A1,561,Sofa,dīvāns,Dīvāns,LV_DIACRITIC,
data,nl,A1,561,Sofa,dīvāns,Dīvāns,MARKER_LEAK,lv_macron_consonant
data,bg,A1,561,Sofa,dīvāns,Диван,FAMILY_COPY_STRICT,bg+hr+mk+ru+sr
data,hr,A1,561,Sofa,dīvāns,Диван,FAMILY_COPY_STRICT,bg+hr+mk+ru+sr
data,mk,A1,561,Sofa,dīvāns,Диван,FAMILY_COPY_STRICT,bg+hr+mk+ru+sr
data,ru,A1,561,Sofa,dīvāns,Диван,FAMILY_COPY_STRICT,bg+hr+mk+ru+sr
data,sr,A1,561,Sofa,dīvāns,Диван,FAMILY_COPY_STRICT,bg+hr+mk+ru+sr
data,cs,A1,561,Sofa,dīvāns,Pohovka,FAMILY_COPY_STRICT,cs+sk
data,sk,A1,561,Sofa,dīvāns,Pohovka,FAMILY_COPY_STRICT,cs+sk
data,fi,A1,561,Sofa,dīvāns,Diivan,FAMILY_COPY_STRICT,fi+sv
data,sv,A1,561,Sofa,dīvāns,Diivan,FAMILY_COPY_STRICT,fi+sv
data,is,A1,561,Sofa,dīvāns,Divaen,FAMILY_COPY_STRICT,is+nb+nn
data,nb,A1,561,Sofa,dīvāns,Divaen,FAMILY_COPY_STRICT,is+nb+nn
data,nn,A1,561,Sofa,dīvāns,Divaen,FAMILY_COPY_STRICT,is+nb+nn
data,sq,A1,561,Sofa,dīvāns,Divan,FAMILY_COPY_STRICT,sq+tr
data,tr,A1,561,Sofa,dīvāns,Divan,FAMILY_COPY_STRICT,sq+tr
data,hr,A1,562,sofort,tūlīt,Веднага,SCRIPT_MISMATCH,
data,hr,A1,562,sofort,tūlīt,Веднага,MARKER_LEAK,foreign_script
data,nl,A1,562,sofort,tūlīt,Tūlīt,SAME_AS_LV_CASEFOLD,casefold_only
data,nl,A1,562,sofort,tūlīt,Tūlīt,LV_DIACRITIC,
data,nl,A1,562,sofort,tūlīt,Tūlīt,MARKER_LEAK,lv_macron_consonant+lv_u_macron
data,sl,A1,562,sofort,tūlīt,tūlīt • vienāds,LV_DIACRITIC,
data,sl,A1,562,sofort,tūlīt,tūlīt • vienāds,MARKER_LEAK,lv_macron_consonant+lv_u_macron
data,bg,A1,562,sofort,tūlīt,Веднага,FAMILY_COPY_STRICT,bg+hr+mk+sr
data,hr,A1,562,sofort,tūlīt,Веднага,FAMILY_COPY_STRICT,bg+hr+mk+sr
data,mk,A1,562,sofort,tūlīt,Веднага,FAMILY_COPY_STRICT,bg+hr+mk+sr
data,sr,A1,562,sofort,tūlīt,Веднага,FAMILY_COPY_STRICT,bg+hr+mk+sr
data,fi,A1,562,sofort,tūlīt,Kohe,FAMILY_COPY_STRICT,fi+sv
data,sv,A1,562,sofort,tūlīt,Kohe,FAMILY_COPY_STRICT,fi+sv
data,is,A1,562,sofort,tūlīt,Koh,FAMILY_COPY_STRICT,is+nb+nn
data,nb,A1,562,sofort,tūlīt,Koh,FAMILY_COPY_STRICT,is+nb+nn
data,nn,A1,562,sofort,tūlīt,Koh,FAMILY_COPY_STRICT,is+nb+nn
data,it,A1,562,sofort,tūlīt,Tulit,FAMILY_COPY_STRICT,it+pt
data,pt,A1,562,sofort,tūlīt,Tulit,FAMILY_COPY_STRICT,it+pt
data,hr,A1,563,Sohn,dēls,Сине,SCRIPT_MISMATCH,
data,hr,A1,563,Sohn,dēls,Сине,MARKER_LEAK,foreign_script
data,nl,A1,563,Sohn,dēls,Dēls,SAME_AS_LV_CASEFOLD,casefold_only
data,nl,A1,563,Sohn,dēls,Dēls,LV_DIACRITIC,
data,nl,A1,563,Sohn,dēls,Dēls,MARKER_LEAK,lv_macron_consonant
data,sq,A1,563,Sohn,dēls,Oğul,MARKER_LEAK,tr_soft
data,bs,A1,563,Sohn,dēls,sin,FAMILY_COPY_STRICT,bs+sl
data,sl,A1,563,Sohn,dēls,sin,FAMILY_COPY_STRICT,bs+sl
data,cs,A1,563,Sohn,dēls,Syn,FAMILY_COPY_STRICT,cs+pl+sk
data,pl,A1,563,Sohn,dēls,Syn,FAMILY_COPY_STRICT,cs+pl+sk
data,sk,A1,563,Sohn,dēls,Syn,FAMILY_COPY_STRICT,cs+pl+sk
data,fi,A1,563,Sohn,dēls,Poeg,FAMILY_COPY_STRICT,fi+sv
data,sv,A1,563,Sohn,dēls,Poeg,FAMILY_COPY_STRICT,fi+sv
data,hr,A1,563,Sohn,dēls,Сине,FAMILY_COPY_STRICT,hr+mk+sr
data,mk,A1,563,Sohn,dēls,Сине,FAMILY_COPY_STRICT,hr+mk+sr
data,sr,A1,563,Sohn,dēls,Сине,FAMILY_COPY_STRICT,hr+mk+sr
data,is,A1,563,Sohn,dēls,Dikt,FAMILY_COPY_STRICT,is+nb+nn
data,nb,A1,563,Sohn,dēls,Dikt,FAMILY_COPY_STRICT,is+nb+nn
data,nn,A1,563,Sohn,dēls,Dikt,FAMILY_COPY_STRICT,is+nb+nn
data,it,A1,563,Sohn,dēls,Dels,FAMILY_COPY_STRICT,it+pt
data,pt,A1,563,Sohn,dēls,Dels,FAMILY_COPY_STRICT,it+pt
data,sq,A1,563,Sohn,dēls,Oğul,FAMILY_COPY_STRICT,sq+tr
data,tr,A1,563,Sohn,dēls,Oğul,FAMILY_COPY_STRICT,sq+tr
data,it,A1,564,sollen,vajadzētu,Vajadzētu,SAME_AS_LV_CASEFOLD,casefold_only
data,it,A1,564,sollen,vajadzētu,Vajadzētu,LV_DIACRITIC,
data,it,A1,564,sollen,vajadzētu,Vajadzētu,MARKER_LEAK,lv_macron_consonant
data,nl,A1,564,sollen,vajadzētu,Vajadzētu,SAME_AS_LV_CASEFOLD,casefold_only
data,nl,A1,564,sollen,vajadzētu,Vajadzētu,LV_DIACRITIC,
data,nl,A1,564,sollen,vajadzētu,Vajadzētu,MARKER_LEAK,lv_macron_consonant
data,sq,A1,564,sollen,vajadzētu,Olmalı,MARKER_LEAK,tr_soft
data,bg,A1,564,sollen,vajadzētu,Трябва,FAMILY_COPY_STRICT,bg+mk
data,mk,A1,564,sollen,vajadzētu,Трябва,FAMILY_COPY_STRICT,bg+mk
data,fi,A1,564,sollen,vajadzētu,Peaks,FAMILY_COPY_STRICT,fi+sv
data,sv,A1,564,sollen,vajadzētu,Peaks,FAMILY_COPY_STRICT,fi+sv
data,is,A1,564,sollen,vajadzētu,Topper,FAMILY_COPY_STRICT,is+nb+nn
data,nb,A1,564,sollen,vajadzētu,Topper,FAMILY_COPY_STRICT,is+nb+nn
data,nn,A1,564,sollen,vajadzētu,Topper,FAMILY_COPY_STRICT,is+nb+nn
data,it,A1,564,sollen,vajadzētu,Vajadzētu,FAMILY_COPY_STRICT,it+nl
data,nl,A1,564,sollen,vajadzētu,Vajadzētu,FAMILY_COPY_STRICT,it+nl
data,it,A1,565,Sommer,vasara,Vasara,SAME_AS_LV_CASEFOLD,casefold_only
data,lt,A1,565,Sommer,vasara,vasara,SAME_AS_LV_CASEFOLD,exact
data,nl,A1,565,Sommer,vasara,Vasara,SAME_AS_LV_CASEFOLD,casefold_only
data,pt,A1,565,Sommer,vasara,Vasara,SAME_AS_LV_CASEFOLD,casefold_only
data,sr,A1,565,Sommer,vasara,Ljeto,SCRIPT_MISMATCH,sr_as_cyrillic
data,sr,A1,565,Sommer,vasara,Ljeto,MARKER_LEAK,latin_in_cyrillic
data,bg,A1,565,Sommer,vasara,Лято,FAMILY_COPY_STRICT,bg+mk
data,mk,A1,565,Sommer,vasara,Лято,FAMILY_COPY_STRICT,bg+mk
data,fi,A1,565,Sommer,vasara,Suvi,FAMILY_COPY_STRICT,fi+is+nb+nn+sv
data,is,A1,565,Sommer,vasara,Suvi,FAMILY_COPY_STRICT,fi+is+nb+nn+sv
data,nb,A1,565,Sommer,vasara,Suvi,FAMILY_COPY_STRICT,fi+is+nb+nn+sv
data,nn,A1,565,Sommer,vasara,Suvi,FAMILY_COPY_STRICT,fi+is+nb+nn+sv
data,sv,A1,565,Sommer,vasara,Suvi,FAMILY_COPY_STRICT,fi+is+nb+nn+sv
data,hr,A1,565,Sommer,vasara,Ljeto,FAMILY_COPY_STRICT,hr+sr
data,sr,A1,565,Sommer,vasara,Ljeto,FAMILY_COPY_STRICT,hr+sr
data,it,A1,565,Sommer,vasara,Vasara,FAMILY_COPY_STRICT,it+nl+pt
data,nl,A1,565,Sommer,vasara,Vasara,FAMILY_COPY_STRICT,it+nl+pt
data,pt,A1,565,Sommer,vasara,Vasara,FAMILY_COPY_STRICT,it+nl+pt
data,hr,A1,566,Samstag,sestdiena,Събота,SCRIPT_MISMATCH,
data,hr,A1,566,Samstag,sestdiena,Събота,MARKER_LEAK,foreign_script
data,it,A1,566,Samstag,sestdiena,Sestdiena,SAME_AS_LV_CASEFOLD,casefold_only
data,nl,A1,566,Samstag,sestdiena,Sestdiena,SAME_AS_LV_CASEFOLD,casefold_only
data,pt,A1,566,Samstag,sestdiena,Sestdiena,SAME_AS_LV_CASEFOLD,casefold_only
data,bg,A1,566,Samstag,sestdiena,Събота,FAMILY_COPY_STRICT,bg+hr+mk+sr
data,hr,A1,566,Samstag,sestdiena,Събота,FAMILY_COPY_STRICT,bg+hr+mk+sr
data,mk,A1,566,Samstag,sestdiena,Събота,FAMILY_COPY_STRICT,bg+hr+mk+sr
data,sr,A1,566,Samstag,sestdiena,Събота,FAMILY_COPY_STRICT,bg+hr+mk+sr
data,cs,A1,566,Samstag,sestdiena,Sobota,FAMILY_COPY_STRICT,cs+pl+sk
data,pl,A1,566,Samstag,sestdiena,Sobota,FAMILY_COPY_STRICT,cs+pl+sk
data,sk,A1,566,Samstag,sestdiena,Sobota,FAMILY_COPY_STRICT,cs+pl+sk
data,fi,A1,566,Samstag,sestdiena,Laupäev,FAMILY_COPY_STRICT,fi+sv
data,sv,A1,566,Samstag,sestdiena,Laupäev,FAMILY_COPY_STRICT,fi+sv
data,is,A1,566,Samstag,sestdiena,Laupaev,FAMILY_COPY_STRICT,is+nb+nn
data,nb,A1,566,Samstag,sestdiena,Laupaev,FAMILY_COPY_STRICT,is+nb+nn
data,nn,A1,566,Samstag,sestdiena,Laupaev,FAMILY_COPY_STRICT,is+nb+nn
data,it,A1,566,Samstag,sestdiena,Sestdiena,FAMILY_COPY_STRICT,it+nl+pt
data,nl,A1,566,Samstag,sestdiena,Sestdiena,FAMILY_COPY_STRICT,it+nl+pt
data,pt,A1,566,Samstag,sestdiena,Sestdiena,FAMILY_COPY_STRICT,it+nl+pt
data,sq,A1,566,Samstag,sestdiena,Cumartesi,FAMILY_COPY_STRICT,sq+tr
data,tr,A1,566,Samstag,sestdiena,Cumartesi,FAMILY_COPY_STRICT,sq+tr
data,hr,A1,567,Sonne,saule,Слънце,SCRIPT_MISMATCH,
data,hr,A1,567,Sonne,saule,Слънце,MARKER_LEAK,foreign_script
data,nl,A1,567,Sonne,saule,Saule,SAME_AS_LV_CASEFOLD,casefold_only
data,bg,A1,567,Sonne,saule,Слънце,FAMILY_COPY_STRICT,bg+hr+mk+sr
data,hr,A1,567,Sonne,saule,Слънце,FAMILY_COPY_STRICT,bg+hr+mk+sr
data,mk,A1,567,Sonne,saule,Слънце,FAMILY_COPY_STRICT,bg+hr+mk+sr
data,sr,A1,567,Sonne,saule,Слънце,FAMILY_COPY_STRICT,bg+hr+mk+sr
data,fi,A1,567,Sonne,saule,Päike,FAMILY_COPY_STRICT,fi+sv
data,sv,A1,567,Sonne,saule,Päike,FAMILY_COPY_STRICT,fi+sv
data,is,A1,567,Sonne,saule,Gjedde,FAMILY_COPY_STRICT,is+nb+nn
data,nb,A1,567,Sonne,saule,Gjedde,FAMILY_COPY_STRICT,is+nb+nn
data,nn,A1,567,Sonne,saule,Gjedde,FAMILY_COPY_STRICT,is+nb+nn
data,sq,A1,567,Sonne,saule,Güneş,FAMILY_COPY_STRICT,sq+tr
data,tr,A1,567,Sonne,saule,Güneş,FAMILY_COPY_STRICT,sq+tr
data,hr,A1,568,Sonntag,svētdiena,Неделя,SCRIPT_MISMATCH,
data,hr,A1,568,Sonntag,svētdiena,Неделя,MARKER_LEAK,foreign_script
data,nl,A1,568,Sonntag,svētdiena,Svētdiena,SAME_AS_LV_CASEFOLD,casefold_only
data,nl,A1,568,Sonntag,svētdiena,Svētdiena,LV_DIACRITIC,
data,nl,A1,568,Sonntag,svētdiena,Svētdiena,MARKER_LEAK,lv_macron_consonant
data,bg,A1,568,Sonntag,svētdiena,Неделя,FAMILY_COPY_STRICT,bg+hr+mk+sr
data,hr,A1,568,Sonntag,svētdiena,Неделя,FAMILY_COPY_STRICT,bg+hr+mk+sr
data,mk,A1,568,Sonntag,svētdiena,Неделя,FAMILY_COPY_STRICT,bg+hr+mk+sr
data,sr,A1,568,Sonntag,svētdiena,Неделя,FAMILY_COPY_STRICT,bg+hr+mk+sr
data,fi,A1,568,Sonntag,svētdiena,Pühapäev,FAMILY_COPY_STRICT,fi+is+nb+nn+sv
data,is,A1,568,Sonntag,svētdiena,Pühapäev,FAMILY_COPY_STRICT,fi+is+nb+nn+sv
data,nb,A1,568,Sonntag,svētdiena,Pühapäev,FAMILY_COPY_STRICT,fi+is+nb+nn+sv
data,nn,A1,568,Sonntag,svētdiena,Pühapäev,FAMILY_COPY_STRICT,fi+is+nb+nn+sv
data,sv,A1,568,Sonntag,svētdiena,Pühapäev,FAMILY_COPY_STRICT,fi+is+nb+nn+sv
data,it,A1,568,Sonntag,svētdiena,Svetdiena,FAMILY_COPY_STRICT,it+pt
data,pt,A1,568,Sonntag,svētdiena,Svetdiena,FAMILY_COPY_STRICT,it+pt
data,hr,A1,569,spät,vēls,Доцна,SCRIPT_MISMATCH,
data,hr,A1,569,spät,vēls,Доцна,MARKER_LEAK,foreign_script
data,nl,A1,569,spät,vēls,Vēls,SAME_AS_LV_CASEFOLD,casefold_only
data,nl,A1,569,spät,vēls,Vēls,LV_DIACRITIC,
data,nl,A1,569,spät,vēls,Vēls,MARKER_LEAK,lv_macron_consonant
data,fi,A1,569,spät,vēls,Hiline,FAMILY_COPY_STRICT,fi+is+nb+nn+sv
data,is,A1,569,spät,vēls,Hiline,FAMILY_COPY_STRICT,fi+is+nb+nn+sv
data,nb,A1,569,spät,vēls,Hiline,FAMILY_COPY_STRICT,fi+is+nb+nn+sv
data,nn,A1,569,spät,vēls,Hiline,FAMILY_COPY_STRICT,fi+is+nb+nn+sv
data,sv,A1,569,spät,vēls,Hiline,FAMILY_COPY_STRICT,fi+is+nb+nn+sv
data,hr,A1,569,spät,vēls,Доцна,FAMILY_COPY_STRICT,hr+mk+sr
data,mk,A1,569,spät,vēls,Доцна,FAMILY_COPY_STRICT,hr+mk+sr
data,sr,A1,569,spät,vēls,Доцна,FAMILY_COPY_STRICT,hr+mk+sr
data,hr,A1,570,spazieren gehen,iet pastaigāties,Одете на прошетка,SCRIPT_MISMATCH,
data,hr,A1,570,spazieren gehen,iet pastaigāties,Одете на прошетка,MARKER_LEAK,foreign_script
data,lb,A1,570,spazieren gehen,iet pastaigāties,Eppes Pastaigāties,LV_DIACRITIC,
data,lb,A1,570,spazieren gehen,iet pastaigāties,Eppes Pastaigāties,MARKER_LEAK,lv_macron_consonant
data,nl,A1,570,spazieren gehen,iet pastaigāties,Iet pastaigāties,SAME_AS_LV_CASEFOLD,casefold_only
data,nl,A1,570,spazieren gehen,iet pastaigāties,Iet pastaigāties,LV_DIACRITIC,
data,nl,A1,570,spazieren gehen,iet pastaigāties,Iet pastaigāties,MARKER_LEAK,lv_macron_consonant
data,sq,A1,570,spazieren gehen,iet pastaigāties,Yürüyüşe çık,MARKER_LEAK,tr_soft
data,fi,A1,570,spazieren gehen,iet pastaigāties,Jalutama minema,FAMILY_COPY_STRICT,fi+sv
data,sv,A1,570,spazieren gehen,iet pastaigāties,Jalutama minema,FAMILY_COPY_STRICT,fi+sv
data,hr,A1,570,spazieren gehen,iet pastaigāties,Одете на прошетка,FAMILY_COPY_STRICT,hr+mk+sr
data,mk,A1,570,spazieren gehen,iet pastaigāties,Одете на прошетка,FAMILY_COPY_STRICT,hr+mk+sr
data,sr,A1,570,spazieren gehen,iet pastaigāties,Одете на прошетка,FAMILY_COPY_STRICT,hr+mk+sr
data,is,A1,570,spazieren gehen,iet pastaigāties,Gå bort,FAMILY_COPY_STRICT,is+nb+nn
data,nb,A1,570,spazieren gehen,iet pastaigāties,Gå bort,FAMILY_COPY_STRICT,is+nb+nn
data,nn,A1,570,spazieren gehen,iet pastaigāties,Gå bort,FAMILY_COPY_STRICT,is+nb+nn
data,sq,A1,570,spazieren gehen,iet pastaigāties,Yürüyüşe çık,FAMILY_COPY_STRICT,sq+tr
data,tr,A1,570,spazieren gehen,iet pastaigāties,Yürüyüşe çık,FAMILY_COPY_STRICT,sq+tr
data,nl,A1,571,Spiel,spēle,Spēle,SAME_AS_LV_CASEFOLD,casefold_only
data,nl,A1,571,Spiel,spēle,Spēle,LV_DIACRITIC,
data,nl,A1,571,Spiel,spēle,Spēle,MARKER_LEAK,lv_macron_consonant
data,sr,A1,571,Spiel,spēle,& Igra,SCRIPT_MISMATCH,sr_as_cyrillic
data,sr,A1,571,Spiel,spēle,& Igra,MARKER_LEAK,latin_in_cyrillic
data,bg,A1,571,Spiel,spēle,Игра,FAMILY_COPY_STRICT,bg+mk+ru
data,mk,A1,571,Spiel,spēle,Игра,FAMILY_COPY_STRICT,bg+mk+ru
data,ru,A1,571,Spiel,spēle,Игра,FAMILY_COPY_STRICT,bg+mk+ru
data,bs,A1,571,Spiel,spēle,igra,FAMILY_COPY_STRICT,bs+sl
data,sl,A1,571,Spiel,spēle,igra,FAMILY_COPY_STRICT,bs+sl
data,cs,A1,571,Spiel,spēle,Hra,FAMILY_COPY_STRICT,cs+sk
data,sk,A1,571,Spiel,spēle,Hra,FAMILY_COPY_STRICT,cs+sk
data,fi,A1,571,Spiel,spēle,Mäng,FAMILY_COPY_STRICT,fi+sv
data,sv,A1,571,Spiel,spēle,Mäng,FAMILY_COPY_STRICT,fi+sv
data,hr,A1,571,Spiel,spēle,& Igra,FAMILY_COPY_STRICT,hr+sr
data,sr,A1,571,Spiel,spēle,& Igra,FAMILY_COPY_STRICT,hr+sr
data,is,A1,571,Spiel,spēle,Beløp,FAMILY_COPY_STRICT,is+nb+nn
data,nb,A1,571,Spiel,spēle,Beløp,FAMILY_COPY_STRICT,is+nb+nn
data,nn,A1,571,Spiel,spēle,Beløp,FAMILY_COPY_STRICT,is+nb+nn
data,it,A1,571,Spiel,spēle,Zela,FAMILY_COPY_STRICT,it+pt
data,pt,A1,571,Spiel,spēle,Zela,FAMILY_COPY_STRICT,it+pt
data,hr,A1,572,spielen,spēlēt,Играйте,SCRIPT_MISMATCH,
data,hr,A1,572,spielen,spēlēt,Играйте,MARKER_LEAK,foreign_script
data,it,A1,572,spielen,spēlēt,Spēlet,LV_DIACRITIC,
data,it,A1,572,spielen,spēlēt,Spēlet,MARKER_LEAK,lv_macron_consonant
data,nl,A1,572,spielen,spēlēt,Spēlēt,SAME_AS_LV_CASEFOLD,casefold_only
data,nl,A1,572,spielen,spēlēt,Spēlēt,LV_DIACRITIC,
data,nl,A1,572,spielen,spēlēt,Spēlēt,MARKER_LEAK,lv_macron_consonant
data,bg,A1,572,spielen,spēlēt,Играйте,FAMILY_COPY_STRICT,bg+hr+mk+sr
data,hr,A1,572,spielen,spēlēt,Играйте,FAMILY_COPY_STRICT,bg+hr+mk+sr
data,mk,A1,572,spielen,spēlēt,Играйте,FAMILY_COPY_STRICT,bg+hr+mk+sr
data,sr,A1,572,spielen,spēlēt,Играйте,FAMILY_COPY_STRICT,bg+hr+mk+sr
data,bs,A1,572,spielen,spēlēt,igrati,FAMILY_COPY_STRICT,bs+sl
data,sl,A1,572,spielen,spēlēt,igrati,FAMILY_COPY_STRICT,bs+sl
data,fi,A1,572,spielen,spēlēt,Mängima,FAMILY_COPY_STRICT,fi+sv
data,sv,A1,572,spielen,spēlēt,Mängima,FAMILY_COPY_STRICT,fi+sv
data,is,A1,572,spielen,spēlēt,Mangima,FAMILY_COPY_STRICT,is+nb+nn
data,nb,A1,572,spielen,spēlēt,Mangima,FAMILY_COPY_STRICT,is+nb+nn
data,nn,A1,572,spielen,spēlēt,Mangima,FAMILY_COPY_STRICT,is+nb+nn
data,sq,A1,572,spielen,spēlēt,Oynamak,FAMILY_COPY_STRICT,sq+tr
data,tr,A1,572,spielen,spēlēt,Oynamak,FAMILY_COPY_STRICT,sq+tr
data,nl,A1,573,Spielzeug,rotaļlieta,Rotaļlieta,SAME_AS_LV_CASEFOLD,casefold_only
data,nl,A1,573,Spielzeug,rotaļlieta,Rotaļlieta,LV_DIACRITIC,
data,nl,A1,573,Spielzeug,rotaļlieta,Rotaļlieta,MARKER_LEAK,lv_macron_consonant
data,sr,A1,573,Spielzeug,rotaļlieta,Igračka.,LV_DIACRITIC,
data,sr,A1,573,Spielzeug,rotaļlieta,Igračka.,SCRIPT_MISMATCH,sr_as_cyrillic
data,sr,A1,573,Spielzeug,rotaļlieta,Igračka.,MARKER_LEAK,latin_in_cyrillic
data,bg,A1,573,Spielzeug,rotaļlieta,Играчка,FAMILY_COPY_STRICT,bg+mk
data,mk,A1,573,Spielzeug,rotaļlieta,Играчка,FAMILY_COPY_STRICT,bg+mk
data,cs,A1,573,Spielzeug,rotaļlieta,Hračka,FAMILY_COPY_STRICT,cs+sk
data,sk,A1,573,Spielzeug,rotaļlieta,Hračka,FAMILY_COPY_STRICT,cs+sk
data,fi,A1,573,Spielzeug,rotaļlieta,Mänguasi,FAMILY_COPY_STRICT,fi+is+nb+nn+sv
data,is,A1,573,Spielzeug,rotaļlieta,Mänguasi,FAMILY_COPY_STRICT,fi+is+nb+nn+sv
data,nb,A1,573,Spielzeug,rotaļlieta,Mänguasi,FAMILY_COPY_STRICT,fi+is+nb+nn+sv
data,nn,A1,573,Spielzeug,rotaļlieta,Mänguasi,FAMILY_COPY_STRICT,fi+is+nb+nn+sv
data,sv,A1,573,Spielzeug,rotaļlieta,Mänguasi,FAMILY_COPY_STRICT,fi+is+nb+nn+sv
data,hr,A1,573,Spielzeug,rotaļlieta,Igračka.,FAMILY_COPY_STRICT,hr+sr
data,sr,A1,573,Spielzeug,rotaļlieta,Igračka.,FAMILY_COPY_STRICT,hr+sr
data,it,A1,573,Spielzeug,rotaļlieta,Rotaųlieta,FAMILY_COPY_STRICT,it+pt
data,pt,A1,573,Spielzeug,rotaļlieta,Rotaųlieta,FAMILY_COPY_STRICT,it+pt
data,hr,A1,574,Sprache,valoda,Език,SCRIPT_MISMATCH,
data,hr,A1,574,Sprache,valoda,Език,MARKER_LEAK,foreign_script
data,it,A1,574,Sprache,valoda,Valoda,SAME_AS_LV_CASEFOLD,casefold_only
data,nl,A1,574,Sprache,valoda,Valoda,SAME_AS_LV_CASEFOLD,casefold_only
data,bg,A1,574,Sprache,valoda,Език,FAMILY_COPY_STRICT,bg+hr+mk+sr
data,hr,A1,574,Sprache,valoda,Език,FAMILY_COPY_STRICT,bg+hr+mk+sr
data,mk,A1,574,Sprache,valoda,Език,FAMILY_COPY_STRICT,bg+hr+mk+sr
data,sr,A1,574,Sprache,valoda,Език,FAMILY_COPY_STRICT,bg+hr+mk+sr
data,bs,A1,574,Sprache,valoda,jezik,FAMILY_COPY_STRICT,bs+sl
data,sl,A1,574,Sprache,valoda,jezik,FAMILY_COPY_STRICT,bs+sl
data,cs,A1,574,Sprache,valoda,Jazyk,FAMILY_COPY_STRICT,cs+sk
data,sk,A1,574,Sprache,valoda,Jazyk,FAMILY_COPY_STRICT,cs+sk
data,fi,A1,574,Sprache,valoda,Keel,FAMILY_COPY_STRICT,fi+sv
data,sv,A1,574,Sprache,valoda,Keel,FAMILY_COPY_STRICT,fi+sv
data,is,A1,574,Sprache,valoda,Kjøl,FAMILY_COPY_STRICT,is+nb+nn
data,nb,A1,574,Sprache,valoda,Kjøl,FAMILY_COPY_STRICT,is+nb+nn
data,nn,A1,574,Sprache,valoda,Kjøl,FAMILY_COPY_STRICT,is+nb+nn
data,it,A1,574,Sprache,valoda,Valoda,FAMILY_COPY_STRICT,it+nl
data,nl,A1,574,Sprache,valoda,Valoda,FAMILY_COPY_STRICT,it+nl
data,it,A1,575,stark,stiprs,Stiprs,SAME_AS_LV_CASEFOLD,casefold_only
data,nl,A1,575,stark,stiprs,Stiprs,SAME_AS_LV_CASEFOLD,casefold_only
data,sr,A1,575,stark,stiprs,Močan.,LV_DIACRITIC,
data,sr,A1,575,stark,stiprs,Močan.,SCRIPT_MISMATCH,sr_as_cyrillic
data,sr,A1,575,stark,stiprs,Močan.,MARKER_LEAK,latin_in_cyrillic
data,bg,A1,575,stark,stiprs,Силен,FAMILY_COPY_STRICT,bg+mk
data,mk,A1,575,stark,stiprs,Силен,FAMILY_COPY_STRICT,bg+mk
data,cs,A1,575,stark,stiprs,Silný,FAMILY_COPY_STRICT,cs+sk
data,sk,A1,575,stark,stiprs,Silný,FAMILY_COPY_STRICT,cs+sk
data,fi,A1,575,stark,stiprs,Tugev,FAMILY_COPY_STRICT,fi+sv
data,sv,A1,575,stark,stiprs,Tugev,FAMILY_COPY_STRICT,fi+sv
data,hr,A1,575,stark,stiprs,Močan.,FAMILY_COPY_STRICT,hr+sr
data,sr,A1,575,stark,stiprs,Močan.,FAMILY_COPY_STRICT,hr+sr
data,is,A1,575,stark,stiprs,Sterk,FAMILY_COPY_STRICT,is+nb+nn
data,nb,A1,575,stark,stiprs,Sterk,FAMILY_COPY_STRICT,is+nb+nn
data,nn,A1,575,stark,stiprs,Sterk,FAMILY_COPY_STRICT,is+nb+nn
data,it,A1,575,stark,stiprs,Stiprs,FAMILY_COPY_STRICT,it+nl
data,nl,A1,575,stark,stiprs,Stiprs,FAMILY_COPY_STRICT,it+nl
data,sq,A1,575,stark,stiprs,Güçlü,FAMILY_COPY_STRICT,sq+tr
data,tr,A1,575,stark,stiprs,Güçlü,FAMILY_COPY_STRICT,sq+tr
data,hr,A1,576,stehen,stāvēt,Стойка,SCRIPT_MISMATCH,
data,hr,A1,576,stehen,stāvēt,Стойка,MARKER_LEAK,foreign_script
data,it,A1,576,stehen,stāvēt,Stāvet,LV_DIACRITIC,
data,it,A1,576,stehen,stāvēt,Stāvet,MARKER_LEAK,lv_macron_consonant
data,nl,A1,576,stehen,stāvēt,Stāvēt,SAME_AS_LV_CASEFOLD,casefold_only
data,nl,A1,576,stehen,stāvēt,Stāvēt,LV_DIACRITIC,
data,nl,A1,576,stehen,stāvēt,Stāvēt,MARKER_LEAK,lv_macron_consonant
data,bg,A1,576,stehen,stāvēt,Стойка,FAMILY_COPY_STRICT,bg+hr+mk+sr
data,hr,A1,576,stehen,stāvēt,Стойка,FAMILY_COPY_STRICT,bg+hr+mk+sr
data,mk,A1,576,stehen,stāvēt,Стойка,FAMILY_COPY_STRICT,bg+hr+mk+sr
data,sr,A1,576,stehen,stāvēt,Стойка,FAMILY_COPY_STRICT,bg+hr+mk+sr
data,is,A1,576,stehen,stāvēt,Seismisk,FAMILY_COPY_STRICT,is+nb+nn
data,nb,A1,576,stehen,stāvēt,Seismisk,FAMILY_COPY_STRICT,is+nb+nn
data,nn,A1,576,stehen,stāvēt,Seismisk,FAMILY_COPY_STRICT,is+nb+nn
data,nl,A1,577,Stern,zvaigzne,Zvaigzne,SAME_AS_LV_CASEFOLD,casefold_only
data,sr,A1,577,Stern,zvaigzne,Star,SCRIPT_MISMATCH,sr_as_cyrillic
data,sr,A1,577,Stern,zvaigzne,Star,MARKER_LEAK,latin_in_cyrillic
data,bg,A1,577,Stern,zvaigzne,Звезда,FAMILY_COPY_STRICT,bg+mk+ru
data,mk,A1,577,Stern,zvaigzne,Звезда,FAMILY_COPY_STRICT,bg+mk+ru
data,ru,A1,577,Stern,zvaigzne,Звезда,FAMILY_COPY_STRICT,bg+mk+ru
data,en,A1,577,Stern,zvaigzne,Star,FAMILY_COPY_STRICT,en+hr+sk+sr
data,hr,A1,577,Stern,zvaigzne,Star,FAMILY_COPY_STRICT,en+hr+sk+sr
data,sk,A1,577,Stern,zvaigzne,Star,FAMILY_COPY_STRICT,en+hr+sk+sr
data,sr,A1,577,Stern,zvaigzne,Star,FAMILY_COPY_STRICT,en+hr+sk+sr
data,fi,A1,577,Stern,zvaigzne,Täht,FAMILY_COPY_STRICT,fi+is+nb+nn+sv
data,is,A1,577,Stern,zvaigzne,Täht,FAMILY_COPY_STRICT,fi+is+nb+nn+sv
data,nb,A1,577,Stern,zvaigzne,Täht,FAMILY_COPY_STRICT,fi+is+nb+nn+sv
data,nn,A1,577,Stern,zvaigzne,Täht,FAMILY_COPY_STRICT,fi+is+nb+nn+sv
data,sv,A1,577,Stern,zvaigzne,Täht,FAMILY_COPY_STRICT,fi+is+nb+nn+sv
data,it,A1,577,Stern,zvaigzne,Zvaïgzne,FAMILY_COPY_STRICT,it+pt
data,pt,A1,577,Stern,zvaigzne,Zvaïgzne,FAMILY_COPY_STRICT,it+pt
data,hr,A1,578,Straße,iela,Улица,SCRIPT_MISMATCH,
data,hr,A1,578,Straße,iela,Улица,MARKER_LEAK,foreign_script
data,it,A1,578,Straße,iela,Iela,SAME_AS_LV_CASEFOLD,casefold_only
data,nl,A1,578,Straße,iela,Iela,SAME_AS_LV_CASEFOLD,casefold_only
data,pt,A1,578,Straße,iela,Iela,SAME_AS_LV_CASEFOLD,casefold_only
data,bg,A1,578,Straße,iela,Улица,FAMILY_COPY_STRICT,bg+hr+mk+ru+sr
data,hr,A1,578,Straße,iela,Улица,FAMILY_COPY_STRICT,bg+hr+mk+ru+sr
data,mk,A1,578,Straße,iela,Улица,FAMILY_COPY_STRICT,bg+hr+mk+ru+sr
data,ru,A1,578,Straße,iela,Улица,FAMILY_COPY_STRICT,bg+hr+mk+ru+sr
data,sr,A1,578,Straße,iela,Улица,FAMILY_COPY_STRICT,bg+hr+mk+ru+sr
data,bs,A1,578,Straße,iela,ulica,FAMILY_COPY_STRICT,bs+sl
data,sl,A1,578,Straße,iela,ulica,FAMILY_COPY_STRICT,bs+sl
data,fi,A1,578,Straße,iela,Tänav,FAMILY_COPY_STRICT,fi+sv
data,sv,A1,578,Straße,iela,Tänav,FAMILY_COPY_STRICT,fi+sv
data,is,A1,578,Straße,iela,Gate,FAMILY_COPY_STRICT,is+nb+nn
data,nb,A1,578,Straße,iela,Gate,FAMILY_COPY_STRICT,is+nb+nn
data,nn,A1,578,Straße,iela,Gate,FAMILY_COPY_STRICT,is+nb+nn
data,it,A1,578,Straße,iela,Iela,FAMILY_COPY_STRICT,it+nl+pt
data,nl,A1,578,Straße,iela,Iela,FAMILY_COPY_STRICT,it+nl+pt
data,pt,A1,578,Straße,iela,Iela,FAMILY_COPY_STRICT,it+nl+pt
data,pl,A1,578,Straße,iela,Ulica,FAMILY_COPY_STRICT,pl+sk
data,sk,A1,578,Straße,iela,Ulica,FAMILY_COPY_STRICT,pl+sk
data,hr,A1,579,Straßenbahn,tramvajs,Трамвай,SCRIPT_MISMATCH,
data,hr,A1,579,Straßenbahn,tramvajs,Трамвай,MARKER_LEAK,foreign_script
data,it,A1,579,Straßenbahn,tramvajs,Tramvajs,SAME_AS_LV_CASEFOLD,casefold_only
data,nl,A1,579,Straßenbahn,tramvajs,Tramvajs,SAME_AS_LV_CASEFOLD,casefold_only
data,bg,A1,579,Straßenbahn,tramvajs,Трамвай,FAMILY_COPY_STRICT,bg+hr+mk+ru+sr
data,hr,A1,579,Straßenbahn,tramvajs,Трамвай,FAMILY_COPY_STRICT,bg+hr+mk+ru+sr
data,mk,A1,579,Straßenbahn,tramvajs,Трамвай,FAMILY_COPY_STRICT,bg+hr+mk+ru+sr
data,ru,A1,579,Straßenbahn,tramvajs,Трамвай,FAMILY_COPY_STRICT,bg+hr+mk+ru+sr
data,sr,A1,579,Straßenbahn,tramvajs,Трамвай,FAMILY_COPY_STRICT,bg+hr+mk+ru+sr
data,bs,A1,579,Straßenbahn,tramvajs,tramvaj,FAMILY_COPY_STRICT,bs+sl
data,sl,A1,579,Straßenbahn,tramvajs,tramvaj,FAMILY_COPY_STRICT,bs+sl
data,en,A1,579,Straßenbahn,tramvajs,Tram,FAMILY_COPY_STRICT,en+fr
data,fr,A1,579,Straßenbahn,tramvajs,Tram,FAMILY_COPY_STRICT,en+fr
data,fi,A1,579,Straßenbahn,tramvajs,Tramm,FAMILY_COPY_STRICT,fi+sv
data,sv,A1,579,Straßenbahn,tramvajs,Tramm,FAMILY_COPY_STRICT,fi+sv
data,is,A1,579,Straßenbahn,tramvajs,Trikk,FAMILY_COPY_STRICT,is+nb+nn
data,nb,A1,579,Straßenbahn,tramvajs,Trikk,FAMILY_COPY_STRICT,is+nb+nn
data,nn,A1,579,Straßenbahn,tramvajs,Trikk,FAMILY_COPY_STRICT,is+nb+nn
data,it,A1,579,Straßenbahn,tramvajs,Tramvajs,FAMILY_COPY_STRICT,it+nl
data,nl,A1,579,Straßenbahn,tramvajs,Tramvajs,FAMILY_COPY_STRICT,it+nl
data,nl,A1,580,Stück,gabals,Gabals,SAME_AS_LV_CASEFOLD,casefold_only
data,sr,A1,580,Stück,gabals,Kos,SCRIPT_MISMATCH,sr_as_cyrillic
data,sr,A1,580,Stück,gabals,Kos,MARKER_LEAK,latin_in_cyrillic
data,bg,A1,580,Stück,gabals,Парче,FAMILY_COPY_STRICT,bg+mk
data,mk,A1,580,Stück,gabals,Парче,FAMILY_COPY_STRICT,bg+mk
data,cs,A1,580,Stück,gabals,Kus,FAMILY_COPY_STRICT,cs+sk
data,sk,A1,580,Stück,gabals,Kus,FAMILY_COPY_STRICT,cs+sk
data,fi,A1,580,Stück,gabals,Tükk,FAMILY_COPY_STRICT,fi+sv
data,sv,A1,580,Stück,gabals,Tükk,FAMILY_COPY_STRICT,fi+sv
data,hr,A1,580,Stück,gabals,Kos,FAMILY_COPY_STRICT,hr+sr
data,sr,A1,580,Stück,gabals,Kos,FAMILY_COPY_STRICT,hr+sr
data,is,A1,580,Stück,gabals,Tukk,FAMILY_COPY_STRICT,is+nb+nn
data,nb,A1,580,Stück,gabals,Tukk,FAMILY_COPY_STRICT,is+nb+nn
data,nn,A1,580,Stück,gabals,Tukk,FAMILY_COPY_STRICT,is+nb+nn
data,it,A1,580,Stück,gabals,Gabales,FAMILY_COPY_STRICT,it+pt
data,pt,A1,580,Stück,gabals,Gabales,FAMILY_COPY_STRICT,it+pt
data,fi,A1,581,Student,students,Üliõpilane,MARKER_LEAK,et_otilde
data,hr,A1,581,Student,students,Студент,SCRIPT_MISMATCH,
data,hr,A1,581,Student,students,Студент,MARKER_LEAK,foreign_script
data,is,A1,581,Student,students,Üliõpilane,MARKER_LEAK,et_otilde
data,nb,A1,581,Student,students,Üliõpilane,MARKER_LEAK,et_otilde
data,nl,A1,581,Student,students,Students,SAME_AS_LV_CASEFOLD,casefold_only
data,nn,A1,581,Student,students,Üliõpilane,MARKER_LEAK,et_otilde
data,sv,A1,581,Student,students,Üliõpilane,MARKER_LEAK,et_otilde
data,bg,A1,581,Student,students,Студент,FAMILY_COPY_STRICT,bg+hr+mk+ru+sr
data,hr,A1,581,Student,students,Студент,FAMILY_COPY_STRICT,bg+hr+mk+ru+sr
data,mk,A1,581,Student,students,Студент,FAMILY_COPY_STRICT,bg+hr+mk+ru+sr
data,ru,A1,581,Student,students,Студент,FAMILY_COPY_STRICT,bg+hr+mk+ru+sr
data,sr,A1,581,Student,students,Студент,FAMILY_COPY_STRICT,bg+hr+mk+ru+sr
data,fi,A1,581,Student,students,Üliõpilane,FAMILY_COPY_STRICT,fi+is+nb+nn+sv
data,is,A1,581,Student,students,Üliõpilane,FAMILY_COPY_STRICT,fi+is+nb+nn+sv
data,nb,A1,581,Student,students,Üliõpilane,FAMILY_COPY_STRICT,fi+is+nb+nn+sv
data,nn,A1,581,Student,students,Üliõpilane,FAMILY_COPY_STRICT,fi+is+nb+nn+sv
data,sv,A1,581,Student,students,Üliõpilane,FAMILY_COPY_STRICT,fi+is+nb+nn+sv
data,nl,A1,582,Stuhl,krēsls,Krēsls,SAME_AS_LV_CASEFOLD,casefold_only
data,nl,A1,582,Stuhl,krēsls,Krēsls,LV_DIACRITIC,
data,nl,A1,582,Stuhl,krēsls,Krēsls,MARKER_LEAK,lv_macron_consonant
data,sr,A1,582,Stuhl,krēsls,Hvala bogu!,SCRIPT_MISMATCH,sr_as_cyrillic
data,sr,A1,582,Stuhl,krēsls,Hvala bogu!,MARKER_LEAK,latin_in_cyrillic
data,bg,A1,582,Stuhl,krēsls,Стол,FAMILY_COPY_STRICT,bg+mk
data,mk,A1,582,Stuhl,krēsls,Стол,FAMILY_COPY_STRICT,bg+mk
data,fi,A1,582,Stuhl,krēsls,Tool,FAMILY_COPY_STRICT,fi+sv
data,sv,A1,582,Stuhl,krēsls,Tool,FAMILY_COPY_STRICT,fi+sv
data,hr,A1,582,Stuhl,krēsls,Hvala bogu!,FAMILY_COPY_STRICT,hr+sr
data,sr,A1,582,Stuhl,krēsls,Hvala bogu!,FAMILY_COPY_STRICT,hr+sr
data,is,A1,582,Stuhl,krēsls,Verktøy,FAMILY_COPY_STRICT,is+nb+nn
data,nb,A1,582,Stuhl,krēsls,Verktøy,FAMILY_COPY_STRICT,is+nb+nn
data,nn,A1,582,Stuhl,krēsls,Verktøy,FAMILY_COPY_STRICT,is+nb+nn
data,it,A1,582,Stuhl,krēsls,Kresls,FAMILY_COPY_STRICT,it+pt
data,pt,A1,582,Stuhl,krēsls,Kresls,FAMILY_COPY_STRICT,it+pt
data,it,A1,583,Stunde,stunda,Stunda,SAME_AS_LV_CASEFOLD,casefold_only
data,nl,A1,583,Stunde,stunda,Stunda,SAME_AS_LV_CASEFOLD,casefold_only
data,pt,A1,583,Stunde,stunda,Stunda,SAME_AS_LV_CASEFOLD,casefold_only
data,sr,A1,583,Stunde,stunda,Chas,SCRIPT_MISMATCH,sr_as_cyrillic
data,sr,A1,583,Stunde,stunda,Chas,MARKER_LEAK,latin_in_cyrillic
data,bg,A1,583,Stunde,stunda,Час,FAMILY_COPY_STRICT,bg+mk+ru
data,mk,A1,583,Stunde,stunda,Час,FAMILY_COPY_STRICT,bg+mk+ru
data,ru,A1,583,Stunde,stunda,Час,FAMILY_COPY_STRICT,bg+mk+ru
data,fi,A1,583,Stunde,stunda,Tund,FAMILY_COPY_STRICT,fi+sv
data,sv,A1,583,Stunde,stunda,Tund,FAMILY_COPY_STRICT,fi+sv
data,hr,A1,583,Stunde,stunda,Chas,FAMILY_COPY_STRICT,hr+sr
data,sr,A1,583,Stunde,stunda,Chas,FAMILY_COPY_STRICT,hr+sr
data,is,A1,583,Stunde,stunda,Tynn,FAMILY_COPY_STRICT,is+nb+nn
data,nb,A1,583,Stunde,stunda,Tynn,FAMILY_COPY_STRICT,is+nb+nn
data,nn,A1,583,Stunde,stunda,Tynn,FAMILY_COPY_STRICT,is+nb+nn
data,it,A1,583,Stunde,stunda,Stunda,FAMILY_COPY_STRICT,it+nl+pt
data,nl,A1,583,Stunde,stunda,Stunda,FAMILY_COPY_STRICT,it+nl+pt
data,pt,A1,583,Stunde,stunda,Stunda,FAMILY_COPY_STRICT,it+nl+pt
data,hr,A1,584,suchen,meklēt,Пребарување,SCRIPT_MISMATCH,
data,hr,A1,584,suchen,meklēt,Пребарување,MARKER_LEAK,foreign_script
data,nl,A1,584,suchen,meklēt,Meklēt,SAME_AS_LV_CASEFOLD,casefold_only
data,nl,A1,584,suchen,meklēt,Meklēt,LV_DIACRITIC,
data,nl,A1,584,suchen,meklēt,Meklēt,MARKER_LEAK,lv_macron_consonant
data,fi,A1,584,suchen,meklēt,Otsima,FAMILY_COPY_STRICT,fi+is+nb+nn+sv
data,is,A1,584,suchen,meklēt,Otsima,FAMILY_COPY_STRICT,fi+is+nb+nn+sv
data,nb,A1,584,suchen,meklēt,Otsima,FAMILY_COPY_STRICT,fi+is+nb+nn+sv
data,nn,A1,584,suchen,meklēt,Otsima,FAMILY_COPY_STRICT,fi+is+nb+nn+sv
data,sv,A1,584,suchen,meklēt,Otsima,FAMILY_COPY_STRICT,fi+is+nb+nn+sv
data,hr,A1,584,suchen,meklēt,Пребарување,FAMILY_COPY_STRICT,hr+mk+sr
data,mk,A1,584,suchen,meklēt,Пребарување,FAMILY_COPY_STRICT,hr+mk+sr
data,sr,A1,584,suchen,meklēt,Пребарување,FAMILY_COPY_STRICT,hr+mk+sr
data,it,A1,584,suchen,meklēt,Meklet,FAMILY_COPY_STRICT,it+pt
data,pt,A1,584,suchen,meklēt,Meklet,FAMILY_COPY_STRICT,it+pt
data,hr,A1,585,süß,salds,Слатко,SCRIPT_MISMATCH,
data,hr,A1,585,süß,salds,Слатко,MARKER_LEAK,foreign_script
data,nl,A1,585,süß,salds,Salds,SAME_AS_LV_CASEFOLD,casefold_only
data,fi,A1,585,süß,salds,Magus,FAMILY_COPY_STRICT,fi+is+nb+nn+sv
data,is,A1,585,süß,salds,Magus,FAMILY_COPY_STRICT,fi+is+nb+nn+sv
data,nb,A1,585,süß,salds,Magus,FAMILY_COPY_STRICT,fi+is+nb+nn+sv
data,nn,A1,585,süß,salds,Magus,FAMILY_COPY_STRICT,fi+is+nb+nn+sv
data,sv,A1,585,süß,salds,Magus,FAMILY_COPY_STRICT,fi+is+nb+nn+sv
data,hr,A1,585,süß,salds,Слатко,FAMILY_COPY_STRICT,hr+mk+sr
data,mk,A1,585,süß,salds,Слатко,FAMILY_COPY_STRICT,hr+mk+sr
data,sr,A1,585,süß,salds,Слатко,FAMILY_COPY_STRICT,hr+mk+sr
data,it,A1,586,Tag,diena,Diena,SAME_AS_LV_CASEFOLD,casefold_only
data,lt,A1,586,Tag,diena,diena,SAME_AS_LV_CASEFOLD,exact
data,nl,A1,586,Tag,diena,Diena,SAME_AS_LV_CASEFOLD,casefold_only
data,pt,A1,586,Tag,diena,Diena,SAME_AS_LV_CASEFOLD,casefold_only
data,sr,A1,586,Tag,diena,Dan,SCRIPT_MISMATCH,sr_as_cyrillic
data,sr,A1,586,Tag,diena,Dan,MARKER_LEAK,latin_in_cyrillic
data,bg,A1,586,Tag,diena,Ден,FAMILY_COPY_STRICT,bg+mk
data,mk,A1,586,Tag,diena,Ден,FAMILY_COPY_STRICT,bg+mk
data,bs,A1,586,Tag,diena,dan,FAMILY_COPY_STRICT,bs+sl
data,sl,A1,586,Tag,diena,dan,FAMILY_COPY_STRICT,bs+sl
data,fi,A1,586,Tag,diena,Päev,FAMILY_COPY_STRICT,fi+sv
data,sv,A1,586,Tag,diena,Päev,FAMILY_COPY_STRICT,fi+sv
data,hr,A1,586,Tag,diena,Dan,FAMILY_COPY_STRICT,hr+sr
data,sr,A1,586,Tag,diena,Dan,FAMILY_COPY_STRICT,hr+sr
data,is,A1,586,Tag,diena,Pave,FAMILY_COPY_STRICT,is+nb+nn
data,nb,A1,586,Tag,diena,Pave,FAMILY_COPY_STRICT,is+nb+nn
data,nn,A1,586,Tag,diena,Pave,FAMILY_COPY_STRICT,is+nb+nn
data,it,A1,586,Tag,diena,Diena,FAMILY_COPY_STRICT,it+nl+pt
data,nl,A1,586,Tag,diena,Diena,FAMILY_COPY_STRICT,it+nl+pt
data,pt,A1,586,Tag,diena,Diena,FAMILY_COPY_STRICT,it+nl+pt
data,sq,A1,586,Tag,diena,Gün,FAMILY_COPY_STRICT,sq+tr
data,tr,A1,586,Tag,diena,Gün,FAMILY_COPY_STRICT,sq+tr
data,fr,A1,587,Tante,tante,Tante,SAME_AS_LV_CASEFOLD,casefold_only
data,nl,A1,587,Tante,tante,Tante,SAME_AS_LV_CASEFOLD,casefold_only
data,sr,A1,587,Tante,tante,Teta,SCRIPT_MISMATCH,sr_as_cyrillic
data,sr,A1,587,Tante,tante,Teta,MARKER_LEAK,latin_in_cyrillic
data,bg,A1,587,Tante,tante,Леля,FAMILY_COPY_STRICT,bg+mk
data,mk,A1,587,Tante,tante,Леля,FAMILY_COPY_STRICT,bg+mk
data,cs,A1,587,Tante,tante,Teta,FAMILY_COPY_STRICT,cs+hr+sk+sr
data,hr,A1,587,Tante,tante,Teta,FAMILY_COPY_STRICT,cs+hr+sk+sr
data,sk,A1,587,Tante,tante,Teta,FAMILY_COPY_STRICT,cs+hr+sk+sr
data,sr,A1,587,Tante,tante,Teta,FAMILY_COPY_STRICT,cs+hr+sk+sr
data,fi,A1,587,Tante,tante,Tädi,FAMILY_COPY_STRICT,fi+sv
data,sv,A1,587,Tante,tante,Tädi,FAMILY_COPY_STRICT,fi+sv
data,is,A1,587,Tante,tante,Taddy,FAMILY_COPY_STRICT,is+nb+nn
data,nb,A1,587,Tante,tante,Taddy,FAMILY_COPY_STRICT,is+nb+nn
data,nn,A1,587,Tante,tante,Taddy,FAMILY_COPY_STRICT,is+nb+nn
data,lt,A1,587,Tante,tante,teta,FAMILY_COPY_STRICT,lt+sl
data,sl,A1,587,Tante,tante,teta,FAMILY_COPY_STRICT,lt+sl
data,sq,A1,587,Tante,tante,Hala,FAMILY_COPY_STRICT,sq+tr
data,tr,A1,587,Tante,tante,Hala,FAMILY_COPY_STRICT,sq+tr
data,hr,A1,588,tanzen,dejot,Танцувай,SCRIPT_MISMATCH,
data,hr,A1,588,tanzen,dejot,Танцувай,MARKER_LEAK,foreign_script
data,nl,A1,588,tanzen,dejot,Dejot,SAME_AS_LV_CASEFOLD,casefold_only
data,bg,A1,588,tanzen,dejot,Танцувай,FAMILY_COPY_STRICT,bg+hr+mk+sr
data,hr,A1,588,tanzen,dejot,Танцувай,FAMILY_COPY_STRICT,bg+hr+mk+sr
data,mk,A1,588,tanzen,dejot,Танцувай,FAMILY_COPY_STRICT,bg+hr+mk+sr
data,sr,A1,588,tanzen,dejot,Танцувай,FAMILY_COPY_STRICT,bg+hr+mk+sr
data,bs,A1,588,tanzen,dejot,plesati,FAMILY_COPY_STRICT,bs+sl
data,sl,A1,588,tanzen,dejot,plesati,FAMILY_COPY_STRICT,bs+sl
data,fi,A1,588,tanzen,dejot,Tantsima,FAMILY_COPY_STRICT,fi+is+nb+nn+sv
data,is,A1,588,tanzen,dejot,Tantsima,FAMILY_COPY_STRICT,fi+is+nb+nn+sv
data,nb,A1,588,tanzen,dejot,Tantsima,FAMILY_COPY_STRICT,fi+is+nb+nn+sv
data,nn,A1,588,tanzen,dejot,Tantsima,FAMILY_COPY_STRICT,fi+is+nb+nn+sv
data,sv,A1,588,tanzen,dejot,Tantsima,FAMILY_COPY_STRICT,fi+is+nb+nn+sv
data,it,A1,588,tanzen,dejot,Déjot,FAMILY_COPY_STRICT,it+pt
data,pt,A1,588,tanzen,dejot,Déjot,FAMILY_COPY_STRICT,it+pt
data,hr,A1,589,Tasche,soma,Чанта,SCRIPT_MISMATCH,
data,hr,A1,589,Tasche,soma,Чанта,MARKER_LEAK,foreign_script
data,bg,A1,589,Tasche,soma,Чанта,FAMILY_COPY_STRICT,bg+hr+mk+sr
data,hr,A1,589,Tasche,soma,Чанта,FAMILY_COPY_STRICT,bg+hr+mk+sr
data,mk,A1,589,Tasche,soma,Чанта,FAMILY_COPY_STRICT,bg+hr+mk+sr
data,sr,A1,589,Tasche,soma,Чанта,FAMILY_COPY_STRICT,bg+hr+mk+sr
data,cs,A1,589,Tasche,soma,Taška,FAMILY_COPY_STRICT,cs+sk
data,sk,A1,589,Tasche,soma,Taška,FAMILY_COPY_STRICT,cs+sk
data,fi,A1,589,Tasche,soma,Kott,FAMILY_COPY_STRICT,fi+sv
data,sv,A1,589,Tasche,soma,Kott,FAMILY_COPY_STRICT,fi+sv
data,is,A1,589,Tasche,soma,Kjegle,FAMILY_COPY_STRICT,is+nb+nn
data,nb,A1,589,Tasche,soma,Kjegle,FAMILY_COPY_STRICT,is+nb+nn
data,nn,A1,589,Tasche,soma,Kjegle,FAMILY_COPY_STRICT,is+nb+nn
data,hr,A1,590,Tasse,tase,Чаша,SCRIPT_MISMATCH,
data,hr,A1,590,Tasse,tase,Чаша,MARKER_LEAK,foreign_script
data,nl,A1,590,Tasse,tase,Tase,SAME_AS_LV_CASEFOLD,casefold_only
data,sq,A1,590,Tasse,tase,Saldırıp soymak,MARKER_LEAK,tr_soft
data,bg,A1,590,Tasse,tase,Чаша,FAMILY_COPY_STRICT,bg+hr+mk+sr
data,hr,A1,590,Tasse,tase,Чаша,FAMILY_COPY_STRICT,bg+hr+mk+sr
data,mk,A1,590,Tasse,tase,Чаша,FAMILY_COPY_STRICT,bg+hr+mk+sr
data,sr,A1,590,Tasse,tase,Чаша,FAMILY_COPY_STRICT,bg+hr+mk+sr
data,fi,A1,590,Tasse,tase,Tass,FAMILY_COPY_STRICT,fi+sv
data,sv,A1,590,Tasse,tase,Tass,FAMILY_COPY_STRICT,fi+sv
data,is,A1,590,Tasse,tase,Pote,FAMILY_COPY_STRICT,is+nb+nn
data,nb,A1,590,Tasse,tase,Pote,FAMILY_COPY_STRICT,is+nb+nn
data,nn,A1,590,Tasse,tase,Pote,FAMILY_COPY_STRICT,is+nb+nn
data,sq,A1,590,Tasse,tase,Saldırıp soymak,FAMILY_COPY_STRICT,sq+tr
data,tr,A1,590,Tasse,tase,Saldırıp soymak,FAMILY_COPY_STRICT,sq+tr
data,hr,A1,591,Taxi,taksometrs,Такси,SCRIPT_MISMATCH,
data,hr,A1,591,Taxi,taksometrs,Такси,MARKER_LEAK,foreign_script
data,nl,A1,591,Taxi,taksometrs,Taksometrs,SAME_AS_LV_CASEFOLD,casefold_only
data,bg,A1,591,Taxi,taksometrs,Такси,FAMILY_COPY_STRICT,bg+hr+mk+ru+sr
data,hr,A1,591,Taxi,taksometrs,Такси,FAMILY_COPY_STRICT,bg+hr+mk+ru+sr
data,mk,A1,591,Taxi,taksometrs,Такси,FAMILY_COPY_STRICT,bg+hr+mk+ru+sr
data,ru,A1,591,Taxi,taksometrs,Такси,FAMILY_COPY_STRICT,bg+hr+mk+ru+sr
data,sr,A1,591,Taxi,taksometrs,Такси,FAMILY_COPY_STRICT,bg+hr+mk+ru+sr
data,bs,A1,591,Taxi,taksometrs,taksi,FAMILY_COPY_STRICT,bs+lt+sl
data,lt,A1,591,Taxi,taksometrs,taksi,FAMILY_COPY_STRICT,bs+lt+sl
data,sl,A1,591,Taxi,taksometrs,taksi,FAMILY_COPY_STRICT,bs+lt+sl
data,fi,A1,591,Taxi,taksometrs,Takso,FAMILY_COPY_STRICT,fi+sv
data,sv,A1,591,Taxi,taksometrs,Takso,FAMILY_COPY_STRICT,fi+sv
data,nl,A1,592,Tee,tēja,Tēja,SAME_AS_LV_CASEFOLD,casefold_only
data,nl,A1,592,Tee,tēja,Tēja,LV_DIACRITIC,
data,nl,A1,592,Tee,tēja,Tēja,MARKER_LEAK,lv_macron_consonant
data,sr,A1,592,Tee,tēja,Tea,SCRIPT_MISMATCH,sr_as_cyrillic
data,sr,A1,592,Tee,tēja,Tea,MARKER_LEAK,latin_in_cyrillic
data,bg,A1,592,Tee,tēja,Чай,FAMILY_COPY_STRICT,bg+mk+ru
data,mk,A1,592,Tee,tēja,Чай,FAMILY_COPY_STRICT,bg+mk+ru
data,ru,A1,592,Tee,tēja,Чай,FAMILY_COPY_STRICT,bg+mk+ru
data,bs,A1,592,Tee,tēja,čaj,FAMILY_COPY_STRICT,bs+sl
data,sl,A1,592,Tee,tēja,čaj,FAMILY_COPY_STRICT,bs+sl
data,cs,A1,592,Tee,tēja,Čaj,FAMILY_COPY_STRICT,cs+sk
data,sk,A1,592,Tee,tēja,Čaj,FAMILY_COPY_STRICT,cs+sk
data,en,A1,592,Tee,tēja,Tea,FAMILY_COPY_STRICT,en+hr+hu+sr
data,hr,A1,592,Tee,tēja,Tea,FAMILY_COPY_STRICT,en+hr+hu+sr
data,hu,A1,592,Tee,tēja,Tea,FAMILY_COPY_STRICT,en+hr+hu+sr
data,sr,A1,592,Tee,tēja,Tea,FAMILY_COPY_STRICT,en+hr+hu+sr
data,is,A1,592,Tee,tēja,T-skjorte,FAMILY_COPY_STRICT,is+nb+nn
data,nb,A1,592,Tee,tēja,T-skjorte,FAMILY_COPY_STRICT,is+nb+nn
data,nn,A1,592,Tee,tēja,T-skjorte,FAMILY_COPY_STRICT,is+nb+nn
data,sq,A1,592,Tee,tēja,Çay,FAMILY_COPY_STRICT,sq+tr
data,tr,A1,592,Tee,tēja,Çay,FAMILY_COPY_STRICT,sq+tr
data,hr,A1,593,Telefon,telefons,Телефон,SCRIPT_MISMATCH,
data,hr,A1,593,Telefon,telefons,Телефон,MARKER_LEAK,foreign_script
data,nl,A1,593,Telefon,telefons,Telefons,SAME_AS_LV_CASEFOLD,casefold_only
data,bg,A1,593,Telefon,telefons,Телефон,FAMILY_COPY_STRICT,bg+hr+mk+ru+sr
data,hr,A1,593,Telefon,telefons,Телефон,FAMILY_COPY_STRICT,bg+hr+mk+ru+sr
data,mk,A1,593,Telefon,telefons,Телефон,FAMILY_COPY_STRICT,bg+hr+mk+ru+sr
data,ru,A1,593,Telefon,telefons,Телефон,FAMILY_COPY_STRICT,bg+hr+mk+ru+sr
data,sr,A1,593,Telefon,telefons,Телефон,FAMILY_COPY_STRICT,bg+hr+mk+ru+sr
data,hr,A1,594,telefonieren,zvanīt pa tālruni,Обадете се по телефона,SCRIPT_MISMATCH,
data,hr,A1,594,telefonieren,zvanīt pa tālruni,Обадете се по телефона,MARKER_LEAK,foreign_script
data,it,A1,594,telefonieren,zvanīt pa tālruni,Zvanīt pa talruni,LV_DIACRITIC,
data,it,A1,594,telefonieren,zvanīt pa tālruni,Zvanīt pa talruni,MARKER_LEAK,lv_macron_consonant
data,lb,A1,594,telefonieren,zvanīt pa tālruni,Zvanīt pa tālruni,SAME_AS_LV_CASEFOLD,casefold_only
data,lb,A1,594,telefonieren,zvanīt pa tālruni,Zvanīt pa tālruni,LV_DIACRITIC,
data,lb,A1,594,telefonieren,zvanīt pa tālruni,Zvanīt pa tālruni,MARKER_LEAK,lv_macron_consonant
data,nl,A1,594,telefonieren,zvanīt pa tālruni,Zvanīt pa tālruni,SAME_AS_LV_CASEFOLD,casefold_only
data,nl,A1,594,telefonieren,zvanīt pa tālruni,Zvanīt pa tālruni,LV_DIACRITIC,
data,nl,A1,594,telefonieren,zvanīt pa tālruni,Zvanīt pa tālruni,MARKER_LEAK,lv_macron_consonant
data,pt,A1,594,telefonieren,zvanīt pa tālruni,Zvanīt pa talruni,LV_DIACRITIC,
data,pt,A1,594,telefonieren,zvanīt pa tālruni,Zvanīt pa talruni,MARKER_LEAK,lv_macron_consonant
data,bg,A1,594,telefonieren,zvanīt pa tālruni,Обадете се по телефона,FAMILY_COPY_STRICT,bg+hr+mk+sr
data,hr,A1,594,telefonieren,zvanīt pa tālruni,Обадете се по телефона,FAMILY_COPY_STRICT,bg+hr+mk+sr
data,mk,A1,594,telefonieren,zvanīt pa tālruni,Обадете се по телефона,FAMILY_COPY_STRICT,bg+hr+mk+sr
data,sr,A1,594,telefonieren,zvanīt pa tālruni,Обадете се по телефона,FAMILY_COPY_STRICT,bg+hr+mk+sr
data,bs,A1,594,telefonieren,zvanīt pa tālruni,telefonirati,FAMILY_COPY_STRICT,bs+sl
data,sl,A1,594,telefonieren,zvanīt pa tālruni,telefonirati,FAMILY_COPY_STRICT,bs+sl
data,fi,A1,594,telefonieren,zvanīt pa tālruni,Telefoniga helistama,FAMILY_COPY_STRICT,fi+sv
data,sv,A1,594,telefonieren,zvanīt pa tālruni,Telefoniga helistama,FAMILY_COPY_STRICT,fi+sv
data,is,A1,594,telefonieren,zvanīt pa tālruni,Telefonsamtaler,FAMILY_COPY_STRICT,is+nb+nn
data,nb,A1,594,telefonieren,zvanīt pa tālruni,Telefonsamtaler,FAMILY_COPY_STRICT,is+nb+nn
data,nn,A1,594,telefonieren,zvanīt pa tālruni,Telefonsamtaler,FAMILY_COPY_STRICT,is+nb+nn
data,it,A1,594,telefonieren,zvanīt pa tālruni,Zvanīt pa talruni,FAMILY_COPY_STRICT,it+pt
data,pt,A1,594,telefonieren,zvanīt pa tālruni,Zvanīt pa talruni,FAMILY_COPY_STRICT,it+pt
data,lb,A1,594,telefonieren,zvanīt pa tālruni,Zvanīt pa tālruni,FAMILY_COPY_STRICT,lb+nl
data,nl,A1,594,telefonieren,zvanīt pa tālruni,Zvanīt pa tālruni,FAMILY_COPY_STRICT,lb+nl
data,nl,A1,595,Teller,šķīvis,Šķīvis,SAME_AS_LV_CASEFOLD,casefold_only
data,nl,A1,595,Teller,šķīvis,Šķīvis,LV_DIACRITIC,
data,nl,A1,595,Teller,šķīvis,Šķīvis,MARKER_LEAK,lv_macron_consonant
data,sr,A1,595,Teller,šķīvis,Plate,SCRIPT_MISMATCH,sr_as_cyrillic
data,sr,A1,595,Teller,šķīvis,Plate,MARKER_LEAK,latin_in_cyrillic
data,bg,A1,595,Teller,šķīvis,Плоча,FAMILY_COPY_STRICT,bg+mk
data,mk,A1,595,Teller,šķīvis,Плоча,FAMILY_COPY_STRICT,bg+mk
data,en,A1,595,Teller,šķīvis,Plate,FAMILY_COPY_STRICT,en+hr+sr
data,hr,A1,595,Teller,šķīvis,Plate,FAMILY_COPY_STRICT,en+hr+sr
data,sr,A1,595,Teller,šķīvis,Plate,FAMILY_COPY_STRICT,en+hr+sr
data,fi,A1,595,Teller,šķīvis,Taldrik,FAMILY_COPY_STRICT,fi+is+nb+nn+sv
data,is,A1,595,Teller,šķīvis,Taldrik,FAMILY_COPY_STRICT,fi+is+nb+nn+sv
data,nb,A1,595,Teller,šķīvis,Taldrik,FAMILY_COPY_STRICT,fi+is+nb+nn+sv
data,nn,A1,595,Teller,šķīvis,Taldrik,FAMILY_COPY_STRICT,fi+is+nb+nn+sv
data,sv,A1,595,Teller,šķīvis,Taldrik,FAMILY_COPY_STRICT,fi+is+nb+nn+sv
data,hr,A1,596,teuer,dārgs,Почитувани,SCRIPT_MISMATCH,
data,hr,A1,596,teuer,dārgs,Почитувани,MARKER_LEAK,foreign_script
data,nl,A1,596,teuer,dārgs,Dārgs,SAME_AS_LV_CASEFOLD,casefold_only
data,nl,A1,596,teuer,dārgs,Dārgs,LV_DIACRITIC,
data,nl,A1,596,teuer,dārgs,Dārgs,MARKER_LEAK,lv_macron_consonant
data,fi,A1,596,teuer,dārgs,Kallis,FAMILY_COPY_STRICT,fi+sv
data,sv,A1,596,teuer,dārgs,Kallis,FAMILY_COPY_STRICT,fi+sv
data,hr,A1,596,teuer,dārgs,Почитувани,FAMILY_COPY_STRICT,hr+mk+sr
data,mk,A1,596,teuer,dārgs,Почитувани,FAMILY_COPY_STRICT,hr+mk+sr
data,sr,A1,596,teuer,dārgs,Почитувани,FAMILY_COPY_STRICT,hr+mk+sr
data,is,A1,596,teuer,dārgs,Callis,FAMILY_COPY_STRICT,is+nb+nn
data,nb,A1,596,teuer,dārgs,Callis,FAMILY_COPY_STRICT,is+nb+nn
data,nn,A1,596,teuer,dārgs,Callis,FAMILY_COPY_STRICT,is+nb+nn
data,it,A1,596,teuer,dārgs,Dargs,FAMILY_COPY_STRICT,it+pt
data,pt,A1,596,teuer,dārgs,Dargs,FAMILY_COPY_STRICT,it+pt
data,nl,A1,597,Text,teksts,Teksts,SAME_AS_LV_CASEFOLD,casefold_only
data,sr,A1,597,Text,teksts,Tekst,SCRIPT_MISMATCH,sr_as_cyrillic
data,sr,A1,597,Text,teksts,Tekst,MARKER_LEAK,latin_in_cyrillic
data,bg,A1,597,Text,teksts,Текст,FAMILY_COPY_STRICT,bg+mk+ru
data,mk,A1,597,Text,teksts,Текст,FAMILY_COPY_STRICT,bg+mk+ru
data,ru,A1,597,Text,teksts,Текст,FAMILY_COPY_STRICT,bg+mk+ru
data,bs,A1,597,Text,teksts,tekst,FAMILY_COPY_STRICT,bs+et
data,et,A1,597,Text,teksts,tekst,FAMILY_COPY_STRICT,bs+et
data,sq,A1,597,Text,teksts,Metin,FAMILY_COPY_STRICT,sq+tr
data,tr,A1,597,Text,teksts,Metin,FAMILY_COPY_STRICT,sq+tr
data,hr,A1,598,Tier,dzīvnieks,Животно,SCRIPT_MISMATCH,
data,hr,A1,598,Tier,dzīvnieks,Животно,MARKER_LEAK,foreign_script
data,nl,A1,598,Tier,dzīvnieks,Dzīvnieks,SAME_AS_LV_CASEFOLD,casefold_only
data,nl,A1,598,Tier,dzīvnieks,Dzīvnieks,LV_DIACRITIC,
data,nl,A1,598,Tier,dzīvnieks,Dzīvnieks,MARKER_LEAK,lv_macron_consonant
data,bg,A1,598,Tier,dzīvnieks,Животно,FAMILY_COPY_STRICT,bg+hr+mk+sr
data,hr,A1,598,Tier,dzīvnieks,Животно,FAMILY_COPY_STRICT,bg+hr+mk+sr
data,mk,A1,598,Tier,dzīvnieks,Животно,FAMILY_COPY_STRICT,bg+hr+mk+sr
data,sr,A1,598,Tier,dzīvnieks,Животно,FAMILY_COPY_STRICT,bg+hr+mk+sr
data,fi,A1,598,Tier,dzīvnieks,Loom,FAMILY_COPY_STRICT,fi+sv
data,sv,A1,598,Tier,dzīvnieks,Loom,FAMILY_COPY_STRICT,fi+sv
data,fr,A1,598,Tier,dzīvnieks,Un animal,FAMILY_COPY_STRICT,fr+ro
data,ro,A1,598,Tier,dzīvnieks,Un animal,FAMILY_COPY_STRICT,fr+ro
data,is,A1,598,Tier,dzīvnieks,Vevstol,FAMILY_COPY_STRICT,is+nb+nn
data,nb,A1,598,Tier,dzīvnieks,Vevstol,FAMILY_COPY_STRICT,is+nb+nn
data,nn,A1,598,Tier,dzīvnieks,Vevstol,FAMILY_COPY_STRICT,is+nb+nn
data,it,A1,598,Tier,dzīvnieks,Dzivnieks,FAMILY_COPY_STRICT,it+pt
data,pt,A1,598,Tier,dzīvnieks,Dzivnieks,FAMILY_COPY_STRICT,it+pt
data,hr,A1,599,Tisch,galds,Табела,SCRIPT_MISMATCH,
data,hr,A1,599,Tisch,galds,Табела,MARKER_LEAK,foreign_script
data,nl,A1,599,Tisch,galds,Galds,SAME_AS_LV_CASEFOLD,casefold_only
data,fi,A1,599,Tisch,galds,Laud,FAMILY_COPY_STRICT,fi+is+nb+nn+sv
data,is,A1,599,Tisch,galds,Laud,FAMILY_COPY_STRICT,fi+is+nb+nn+sv
data,nb,A1,599,Tisch,galds,Laud,FAMILY_COPY_STRICT,fi+is+nb+nn+sv
data,nn,A1,599,Tisch,galds,Laud,FAMILY_COPY_STRICT,fi+is+nb+nn+sv
data,sv,A1,599,Tisch,galds,Laud,FAMILY_COPY_STRICT,fi+is+nb+nn+sv
data,hr,A1,599,Tisch,galds,Табела,FAMILY_COPY_STRICT,hr+mk+sr
data,mk,A1,599,Tisch,galds,Табела,FAMILY_COPY_STRICT,hr+mk+sr
data,sr,A1,599,Tisch,galds,Табела,FAMILY_COPY_STRICT,hr+mk+sr
data,it,A1,599,Tisch,galds,Galdes,FAMILY_COPY_STRICT,it+pt
data,pt,A1,599,Tisch,galds,Galdes,FAMILY_COPY_STRICT,it+pt
data,sq,A1,599,Tisch,galds,Masa,FAMILY_COPY_STRICT,sq+tr
data,tr,A1,599,Tisch,galds,Masa,FAMILY_COPY_STRICT,sq+tr
data,hr,A1,600,Tochter,meita,Дъщеря,SCRIPT_MISMATCH,
data,hr,A1,600,Tochter,meita,Дъщеря,MARKER_LEAK,foreign_script
data,it,A1,600,Tochter,meita,Meita,SAME_AS_LV_CASEFOLD,casefold_only
data,nl,A1,600,Tochter,meita,Meita,SAME_AS_LV_CASEFOLD,casefold_only
data,pt,A1,600,Tochter,meita,Meita,SAME_AS_LV_CASEFOLD,casefold_only
data,sq,A1,600,Tochter,meita,Kız çocuğu,MARKER_LEAK,tr_soft
data,bg,A1,600,Tochter,meita,Дъщеря,FAMILY_COPY_STRICT,bg+hr+mk+sr
data,hr,A1,600,Tochter,meita,Дъщеря,FAMILY_COPY_STRICT,bg+hr+mk+sr
data,mk,A1,600,Tochter,meita,Дъщеря,FAMILY_COPY_STRICT,bg+hr+mk+sr
data,sr,A1,600,Tochter,meita,Дъщеря,FAMILY_COPY_STRICT,bg+hr+mk+sr
data,fi,A1,600,Tochter,meita,Tütar,FAMILY_COPY_STRICT,fi+sv
data,sv,A1,600,Tochter,meita,Tütar,FAMILY_COPY_STRICT,fi+sv
data,is,A1,600,Tochter,meita,Hoots,FAMILY_COPY_STRICT,is+nb+nn
data,nb,A1,600,Tochter,meita,Hoots,FAMILY_COPY_STRICT,is+nb+nn
data,nn,A1,600,Tochter,meita,Hoots,FAMILY_COPY_STRICT,is+nb+nn
data,it,A1,600,Tochter,meita,Meita,FAMILY_COPY_STRICT,it+nl+pt
data,nl,A1,600,Tochter,meita,Meita,FAMILY_COPY_STRICT,it+nl+pt
data,pt,A1,600,Tochter,meita,Meita,FAMILY_COPY_STRICT,it+nl+pt
data,sq,A1,600,Tochter,meita,Kız çocuğu,FAMILY_COPY_STRICT,sq+tr
data,tr,A1,600,Tochter,meita,Kız çocuğu,FAMILY_COPY_STRICT,sq+tr
data,hr,A1,601,Toilette,tualete,Тоалетна,SCRIPT_MISMATCH,
data,hr,A1,601,Toilette,tualete,Тоалетна,MARKER_LEAK,foreign_script
data,nl,A1,601,Toilette,tualete,Tualete,SAME_AS_LV_CASEFOLD,casefold_only
data,pt,A1,601,Toilette,tualete,Tualete,SAME_AS_LV_CASEFOLD,casefold_only
data,bg,A1,601,Toilette,tualete,Тоалетна,FAMILY_COPY_STRICT,bg+hr+mk+sr
data,hr,A1,601,Toilette,tualete,Тоалетна,FAMILY_COPY_STRICT,bg+hr+mk+sr
data,mk,A1,601,Toilette,tualete,Тоалетна,FAMILY_COPY_STRICT,bg+hr+mk+sr
data,sr,A1,601,Toilette,tualete,Тоалетна,FAMILY_COPY_STRICT,bg+hr+mk+sr
data,cs,A1,601,Toilette,tualete,Toaleta,FAMILY_COPY_STRICT,cs+pl
data,pl,A1,601,Toilette,tualete,Toaleta,FAMILY_COPY_STRICT,cs+pl
data,da,A1,601,Toilette,tualete,Toilet,FAMILY_COPY_STRICT,da+en
data,en,A1,601,Toilette,tualete,Toilet,FAMILY_COPY_STRICT,da+en
data,fi,A1,601,Toilette,tualete,Tualett,FAMILY_COPY_STRICT,fi+sv
data,sv,A1,601,Toilette,tualete,Tualett,FAMILY_COPY_STRICT,fi+sv
data,hu,A1,601,Toilette,tualete,WC,FAMILY_COPY_STRICT,hu+sk
data,sk,A1,601,Toilette,tualete,WC,FAMILY_COPY_STRICT,hu+sk
data,is,A1,601,Toilette,tualete,Toalett,FAMILY_COPY_STRICT,is+nb+nn
data,nb,A1,601,Toilette,tualete,Toalett,FAMILY_COPY_STRICT,is+nb+nn
data,nn,A1,601,Toilette,tualete,Toalett,FAMILY_COPY_STRICT,is+nb+nn
data,nl,A1,601,Toilette,tualete,Tualete,FAMILY_COPY_STRICT,nl+pt
data,pt,A1,601,Toilette,tualete,Tualete,FAMILY_COPY_STRICT,nl+pt
data,hr,A1,602,Tomate,tomāts,Домат,SCRIPT_MISMATCH,
data,hr,A1,602,Tomate,tomāts,Домат,MARKER_LEAK,foreign_script
data,nl,A1,602,Tomate,tomāts,Tomāts,SAME_AS_LV_CASEFOLD,casefold_only
data,nl,A1,602,Tomate,tomāts,Tomāts,LV_DIACRITIC,
data,nl,A1,602,Tomate,tomāts,Tomāts,MARKER_LEAK,lv_macron_consonant
data,bg,A1,602,Tomate,tomāts,Домат,FAMILY_COPY_STRICT,bg+hr+mk+sr
data,hr,A1,602,Tomate,tomāts,Домат,FAMILY_COPY_STRICT,bg+hr+mk+sr
data,mk,A1,602,Tomate,tomāts,Домат,FAMILY_COPY_STRICT,bg+hr+mk+sr
data,sr,A1,602,Tomate,tomāts,Домат,FAMILY_COPY_STRICT,bg+hr+mk+sr
data,hr,A1,603,Treppe,kāpnes,Скала,SCRIPT_MISMATCH,
data,hr,A1,603,Treppe,kāpnes,Скала,MARKER_LEAK,foreign_script
data,nl,A1,603,Treppe,kāpnes,Kāpnes,SAME_AS_LV_CASEFOLD,casefold_only
data,nl,A1,603,Treppe,kāpnes,Kāpnes,LV_DIACRITIC,
data,nl,A1,603,Treppe,kāpnes,Kāpnes,MARKER_LEAK,lv_macron_consonant
data,cs,A1,603,Treppe,kāpnes,Schody,FAMILY_COPY_STRICT,cs+pl
data,pl,A1,603,Treppe,kāpnes,Schody,FAMILY_COPY_STRICT,cs+pl
data,fi,A1,603,Treppe,kāpnes,Trepp,FAMILY_COPY_STRICT,fi+sv
data,sv,A1,603,Treppe,kāpnes,Trepp,FAMILY_COPY_STRICT,fi+sv
data,hr,A1,603,Treppe,kāpnes,Скала,FAMILY_COPY_STRICT,hr+mk+sr
data,mk,A1,603,Treppe,kāpnes,Скала,FAMILY_COPY_STRICT,hr+mk+sr
data,sr,A1,603,Treppe,kāpnes,Скала,FAMILY_COPY_STRICT,hr+mk+sr
data,is,A1,603,Treppe,kāpnes,Trapp,FAMILY_COPY_STRICT,is+nb+nn
data,nb,A1,603,Treppe,kāpnes,Trapp,FAMILY_COPY_STRICT,is+nb+nn
data,nn,A1,603,Treppe,kāpnes,Trapp,FAMILY_COPY_STRICT,is+nb+nn
data,it,A1,603,Treppe,kāpnes,Kapnes,FAMILY_COPY_STRICT,it+pt
data,pt,A1,603,Treppe,kāpnes,Kapnes,FAMILY_COPY_STRICT,it+pt
data,sq,A1,603,Treppe,kāpnes,Merdiven,FAMILY_COPY_STRICT,sq+tr
data,tr,A1,603,Treppe,kāpnes,Merdiven,FAMILY_COPY_STRICT,sq+tr
data,hr,A1,604,trinken,dzert,Пийте,SCRIPT_MISMATCH,
data,hr,A1,604,trinken,dzert,Пийте,MARKER_LEAK,foreign_script
data,it,A1,604,trinken,dzert,Dzert,SAME_AS_LV_CASEFOLD,casefold_only
data,nl,A1,604,trinken,dzert,Dzert,SAME_AS_LV_CASEFOLD,casefold_only
data,pt,A1,604,trinken,dzert,Dzert,SAME_AS_LV_CASEFOLD,casefold_only
data,bg,A1,604,trinken,dzert,Пийте,FAMILY_COPY_STRICT,bg+hr+mk+sr
data,hr,A1,604,trinken,dzert,Пийте,FAMILY_COPY_STRICT,bg+hr+mk+sr
data,mk,A1,604,trinken,dzert,Пийте,FAMILY_COPY_STRICT,bg+hr+mk+sr
data,sr,A1,604,trinken,dzert,Пийте,FAMILY_COPY_STRICT,bg+hr+mk+sr
data,bs,A1,604,trinken,dzert,piti,FAMILY_COPY_STRICT,bs+sl
data,sl,A1,604,trinken,dzert,piti,FAMILY_COPY_STRICT,bs+sl
data,fi,A1,604,trinken,dzert,Jooma,FAMILY_COPY_STRICT,fi+is+nb+nn+sv
data,is,A1,604,trinken,dzert,Jooma,FAMILY_COPY_STRICT,fi+is+nb+nn+sv
data,nb,A1,604,trinken,dzert,Jooma,FAMILY_COPY_STRICT,fi+is+nb+nn+sv
data,nn,A1,604,trinken,dzert,Jooma,FAMILY_COPY_STRICT,fi+is+nb+nn+sv
data,sv,A1,604,trinken,dzert,Jooma,FAMILY_COPY_STRICT,fi+is+nb+nn+sv
data,it,A1,604,trinken,dzert,Dzert,FAMILY_COPY_STRICT,it+nl+pt
data,nl,A1,604,trinken,dzert,Dzert,FAMILY_COPY_STRICT,it+nl+pt
data,pt,A1,604,trinken,dzert,Dzert,FAMILY_COPY_STRICT,it+nl+pt
data,nl,A1,605,tun,darīt,Darīt,SAME_AS_LV_CASEFOLD,casefold_only
data,nl,A1,605,tun,darīt,Darīt,LV_DIACRITIC,
data,nl,A1,605,tun,darīt,Darīt,MARKER_LEAK,lv_macron_consonant
data,sr,A1,605,tun,darīt,Saj si.,SCRIPT_MISMATCH,sr_as_cyrillic
data,sr,A1,605,tun,darīt,Saj si.,MARKER_LEAK,latin_in_cyrillic
data,bg,A1,605,tun,darīt,Направи,FAMILY_COPY_STRICT,bg+mk
data,mk,A1,605,tun,darīt,Направи,FAMILY_COPY_STRICT,bg+mk
data,fi,A1,605,tun,darīt,Tegema,FAMILY_COPY_STRICT,fi+is+nb+nn+sv
data,is,A1,605,tun,darīt,Tegema,FAMILY_COPY_STRICT,fi+is+nb+nn+sv
data,nb,A1,605,tun,darīt,Tegema,FAMILY_COPY_STRICT,fi+is+nb+nn+sv
data,nn,A1,605,tun,darīt,Tegema,FAMILY_COPY_STRICT,fi+is+nb+nn+sv
data,sv,A1,605,tun,darīt,Tegema,FAMILY_COPY_STRICT,fi+is+nb+nn+sv
data,hr,A1,605,tun,darīt,Saj si.,FAMILY_COPY_STRICT,hr+sr
data,sr,A1,605,tun,darīt,Saj si.,FAMILY_COPY_STRICT,hr+sr
data,it,A1,605,tun,darīt,Darit,FAMILY_COPY_STRICT,it+pt
data,pt,A1,605,tun,darīt,Darit,FAMILY_COPY_STRICT,it+pt
data,sq,A1,605,tun,darīt,Yapmak,FAMILY_COPY_STRICT,sq+tr
data,tr,A1,605,tun,darīt,Yapmak,FAMILY_COPY_STRICT,sq+tr
data,hr,A1,606,Tür,durvis,Врата,SCRIPT_MISMATCH,
data,hr,A1,606,Tür,durvis,Врата,MARKER_LEAK,foreign_script
data,it,A1,606,Tür,durvis,Durvis,SAME_AS_LV_CASEFOLD,casefold_only
data,nl,A1,606,Tür,durvis,Durvis,SAME_AS_LV_CASEFOLD,casefold_only
data,pt,A1,606,Tür,durvis,Durvis,SAME_AS_LV_CASEFOLD,casefold_only
data,bg,A1,606,Tür,durvis,Врата,FAMILY_COPY_STRICT,bg+hr+mk+sr
data,hr,A1,606,Tür,durvis,Врата,FAMILY_COPY_STRICT,bg+hr+mk+sr
data,mk,A1,606,Tür,durvis,Врата,FAMILY_COPY_STRICT,bg+hr+mk+sr
data,sr,A1,606,Tür,durvis,Врата,FAMILY_COPY_STRICT,bg+hr+mk+sr
data,bs,A1,606,Tür,durvis,vrata,FAMILY_COPY_STRICT,bs+sl
data,sl,A1,606,Tür,durvis,vrata,FAMILY_COPY_STRICT,bs+sl
data,fi,A1,606,Tür,durvis,Uks,FAMILY_COPY_STRICT,fi+sv
data,sv,A1,606,Tür,durvis,Uks,FAMILY_COPY_STRICT,fi+sv
data,is,A1,606,Tür,durvis,Oj,FAMILY_COPY_STRICT,is+nb+nn
data,nb,A1,606,Tür,durvis,Oj,FAMILY_COPY_STRICT,is+nb+nn
data,nn,A1,606,Tür,durvis,Oj,FAMILY_COPY_STRICT,is+nb+nn
data,it,A1,606,Tür,durvis,Durvis,FAMILY_COPY_STRICT,it+nl+pt
data,nl,A1,606,Tür,durvis,Durvis,FAMILY_COPY_STRICT,it+nl+pt
data,pt,A1,606,Tür,durvis,Durvis,FAMILY_COPY_STRICT,it+nl+pt
data,bs,A1,607,U-Bahn,metro,metro,SAME_AS_LV_CASEFOLD,exact
data,cs,A1,607,U-Bahn,metro,Metro,SAME_AS_LV_CASEFOLD,casefold_only
data,es,A1,607,U-Bahn,metro,metro,SAME_AS_LV_CASEFOLD,exact
data,lt,A1,607,U-Bahn,metro,metro,SAME_AS_LV_CASEFOLD,exact
data,nl,A1,607,U-Bahn,metro,Metro,SAME_AS_LV_CASEFOLD,casefold_only
data,pl,A1,607,U-Bahn,metro,Metro,SAME_AS_LV_CASEFOLD,casefold_only
data,sk,A1,607,U-Bahn,metro,Metro,SAME_AS_LV_CASEFOLD,casefold_only
data,sq,A1,607,U-Bahn,metro,Metro,SAME_AS_LV_CASEFOLD,casefold_only
data,sr,A1,607,U-Bahn,metro,Podzemna!,SCRIPT_MISMATCH,sr_as_cyrillic
data,sr,A1,607,U-Bahn,metro,Podzemna!,MARKER_LEAK,latin_in_cyrillic
data,tr,A1,607,U-Bahn,metro,Metro,SAME_AS_LV_CASEFOLD,casefold_only
data,bg,A1,607,U-Bahn,metro,Метро,FAMILY_COPY_STRICT,bg+mk+ru
data,mk,A1,607,U-Bahn,metro,Метро,FAMILY_COPY_STRICT,bg+mk+ru
data,ru,A1,607,U-Bahn,metro,Метро,FAMILY_COPY_STRICT,bg+mk+ru
data,fi,A1,607,U-Bahn,metro,Metroo,FAMILY_COPY_STRICT,fi+sv
data,sv,A1,607,U-Bahn,metro,Metroo,FAMILY_COPY_STRICT,fi+sv
data,hr,A1,607,U-Bahn,metro,Podzemna!,FAMILY_COPY_STRICT,hr+sr
data,sr,A1,607,U-Bahn,metro,Podzemna!,FAMILY_COPY_STRICT,hr+sr
data,is,A1,607,U-Bahn,metro,T-bane,FAMILY_COPY_STRICT,is+nb+nn
data,nb,A1,607,U-Bahn,metro,T-bane,FAMILY_COPY_STRICT,is+nb+nn
data,nn,A1,607,U-Bahn,metro,T-bane,FAMILY_COPY_STRICT,is+nb+nn
data,hr,A1,608,über,virs • par,Още • За,SCRIPT_MISMATCH,
data,hr,A1,608,über,virs • par,Още • За,MARKER_LEAK,foreign_script
data,lb,A1,608,über,virs • par,Virs • PAR,SAME_AS_LV_CASEFOLD,casefold_only
data,nl,A1,608,über,virs • par,Virs • Par,SAME_AS_LV_CASEFOLD,casefold_only
data,bg,A1,608,über,virs • par,Още • За,FAMILY_COPY_STRICT,bg+hr+mk+sr
data,hr,A1,608,über,virs • par,Още • За,FAMILY_COPY_STRICT,bg+hr+mk+sr
data,mk,A1,608,über,virs • par,Още • За,FAMILY_COPY_STRICT,bg+hr+mk+sr
data,sr,A1,608,über,virs • par,Още • За,FAMILY_COPY_STRICT,bg+hr+mk+sr
data,da,A1,608,über,virs • par,Over • For,FAMILY_COPY_STRICT,da+en+hu
data,en,A1,608,über,virs • par,Over • For,FAMILY_COPY_STRICT,da+en+hu
data,hu,A1,608,über,virs • par,Over • For,FAMILY_COPY_STRICT,da+en+hu
data,fi,A1,608,über,virs • par,Kohal • Kohta,FAMILY_COPY_STRICT,fi+is+nb+nn
data,is,A1,608,über,virs • par,Kohal • Kohta,FAMILY_COPY_STRICT,fi+is+nb+nn
data,nb,A1,608,über,virs • par,Kohal • Kohta,FAMILY_COPY_STRICT,fi+is+nb+nn
data,nn,A1,608,über,virs • par,Kohal • Kohta,FAMILY_COPY_STRICT,fi+is+nb+nn
data,fi,A1,609,überall,visur,Kõikjal,MARKER_LEAK,et_otilde
data,hr,A1,609,überall,visur,Навсякъде,SCRIPT_MISMATCH,
data,hr,A1,609,überall,visur,Навсякъде,MARKER_LEAK,foreign_script
data,lt,A1,609,überall,visur,visur,SAME_AS_LV_CASEFOLD,exact
data,nl,A1,609,überall,visur,Visur,SAME_AS_LV_CASEFOLD,casefold_only
data,sv,A1,609,überall,visur,Kõikjal,MARKER_LEAK,et_otilde
data,bg,A1,609,überall,visur,Навсякъде,FAMILY_COPY_STRICT,bg+hr+mk+sr
data,hr,A1,609,überall,visur,Навсякъде,FAMILY_COPY_STRICT,bg+hr+mk+sr
data,mk,A1,609,überall,visur,Навсякъде,FAMILY_COPY_STRICT,bg+hr+mk+sr
data,sr,A1,609,überall,visur,Навсякъде,FAMILY_COPY_STRICT,bg+hr+mk+sr
data,fi,A1,609,überall,visur,Kõikjal,FAMILY_COPY_STRICT,fi+sv
data,sv,A1,609,überall,visur,Kõikjal,FAMILY_COPY_STRICT,fi+sv
data,is,A1,609,überall,visur,Köjjal,FAMILY_COPY_STRICT,is+nb+nn
data,nb,A1,609,überall,visur,Köjjal,FAMILY_COPY_STRICT,is+nb+nn
data,nn,A1,609,überall,visur,Köjjal,FAMILY_COPY_STRICT,is+nb+nn
data,sq,A1,609,überall,visur,Her yer,FAMILY_COPY_STRICT,sq+tr
data,tr,A1,609,überall,visur,Her yer,FAMILY_COPY_STRICT,sq+tr
data,hr,A1,610,übermorgen,parīt,Вдругиден,SCRIPT_MISMATCH,
data,hr,A1,610,übermorgen,parīt,Вдругиден,MARKER_LEAK,foreign_script
data,nl,A1,610,übermorgen,parīt,Parīt,SAME_AS_LV_CASEFOLD,casefold_only
data,nl,A1,610,übermorgen,parīt,Parīt,LV_DIACRITIC,
data,nl,A1,610,übermorgen,parīt,Parīt,MARKER_LEAK,lv_macron_consonant
data,bg,A1,610,übermorgen,parīt,Вдругиден,FAMILY_COPY_STRICT,bg+hr+mk+sr
data,hr,A1,610,übermorgen,parīt,Вдругиден,FAMILY_COPY_STRICT,bg+hr+mk+sr
data,mk,A1,610,übermorgen,parīt,Вдругиден,FAMILY_COPY_STRICT,bg+hr+mk+sr
data,sr,A1,610,übermorgen,parīt,Вдругиден,FAMILY_COPY_STRICT,bg+hr+mk+sr
data,fi,A1,610,übermorgen,parīt,Ülehomme,FAMILY_COPY_STRICT,fi+is+nb+nn+sv
data,is,A1,610,übermorgen,parīt,Ülehomme,FAMILY_COPY_STRICT,fi+is+nb+nn+sv
data,nb,A1,610,übermorgen,parīt,Ülehomme,FAMILY_COPY_STRICT,fi+is+nb+nn+sv
data,nn,A1,610,übermorgen,parīt,Ülehomme,FAMILY_COPY_STRICT,fi+is+nb+nn+sv
data,sv,A1,610,übermorgen,parīt,Ülehomme,FAMILY_COPY_STRICT,fi+is+nb+nn+sv
data,hr,A1,611,um,ap • pulksten,Околу • Часови,SCRIPT_MISMATCH,
data,hr,A1,611,um,ap • pulksten,Околу • Часови,MARKER_LEAK,foreign_script
data,nl,A1,611,um,ap • pulksten,Ap • Pulksten,SAME_AS_LV_CASEFOLD,casefold_only
data,sq,A1,611,um,ap • pulksten,Yaklaşık • Saat,MARKER_LEAK,tr_soft
data,fi,A1,611,um,ap • pulksten,Umbes • Kell,FAMILY_COPY_STRICT,fi+is+nb+nn
data,is,A1,611,um,ap • pulksten,Umbes • Kell,FAMILY_COPY_STRICT,fi+is+nb+nn
data,nb,A1,611,um,ap • pulksten,Umbes • Kell,FAMILY_COPY_STRICT,fi+is+nb+nn
data,nn,A1,611,um,ap • pulksten,Umbes • Kell,FAMILY_COPY_STRICT,fi+is+nb+nn
data,hr,A1,611,um,ap • pulksten,Околу • Часови,FAMILY_COPY_STRICT,hr+mk+sr
data,mk,A1,611,um,ap • pulksten,Околу • Часови,FAMILY_COPY_STRICT,hr+mk+sr
data,sr,A1,611,um,ap • pulksten,Околу • Часови,FAMILY_COPY_STRICT,hr+mk+sr
data,sq,A1,611,um,ap • pulksten,Yaklaşık • Saat,FAMILY_COPY_STRICT,sq+tr
data,tr,A1,611,um,ap • pulksten,Yaklaşık • Saat,FAMILY_COPY_STRICT,sq+tr
data,hr,A1,612,und,un,И,SCRIPT_MISMATCH,
data,hr,A1,612,und,un,И,MARKER_LEAK,foreign_script
data,lb,A1,612,und,un,Un,SAME_AS_LV_CASEFOLD,casefold_only
data,nl,A1,612,und,un,Un,SAME_AS_LV_CASEFOLD,casefold_only
data,bg,A1,612,und,un,И,FAMILY_COPY_STRICT,bg+hr+mk+ru+sr
data,hr,A1,612,und,un,И,FAMILY_COPY_STRICT,bg+hr+mk+ru+sr
data,mk,A1,612,und,un,И,FAMILY_COPY_STRICT,bg+hr+mk+ru+sr
data,ru,A1,612,und,un,И,FAMILY_COPY_STRICT,bg+hr+mk+ru+sr
data,sr,A1,612,und,un,И,FAMILY_COPY_STRICT,bg+hr+mk+ru+sr
data,cs,A1,612,und,un,A,FAMILY_COPY_STRICT,cs+sk
data,sk,A1,612,und,un,A,FAMILY_COPY_STRICT,cs+sk
data,fi,A1,612,und,un,Ja,FAMILY_COPY_STRICT,fi+is+nb+nn+sv
data,is,A1,612,und,un,Ja,FAMILY_COPY_STRICT,fi+is+nb+nn+sv
data,nb,A1,612,und,un,Ja,FAMILY_COPY_STRICT,fi+is+nb+nn+sv
data,nn,A1,612,und,un,Ja,FAMILY_COPY_STRICT,fi+is+nb+nn+sv
data,sv,A1,612,und,un,Ja,FAMILY_COPY_STRICT,fi+is+nb+nn+sv
data,it,A1,612,und,un,ODIHR,FAMILY_COPY_STRICT,it+pt
data,pt,A1,612,und,un,ODIHR,FAMILY_COPY_STRICT,it+pt
data,lb,A1,612,und,un,Un,FAMILY_COPY_STRICT,lb+nl
data,nl,A1,612,und,un,Un,FAMILY_COPY_STRICT,lb+nl
data,hr,A1,613,unser,mūsu,Нашиот,SCRIPT_MISMATCH,
data,hr,A1,613,unser,mūsu,Нашиот,MARKER_LEAK,foreign_script
data,nl,A1,613,unser,mūsu,Mūsu,SAME_AS_LV_CASEFOLD,casefold_only
data,nl,A1,613,unser,mūsu,Mūsu,LV_DIACRITIC,
data,nl,A1,613,unser,mūsu,Mūsu,MARKER_LEAK,lv_u_macron
data,bs,A1,613,unser,mūsu,naš,FAMILY_COPY_STRICT,bs+sl
data,sl,A1,613,unser,mūsu,naš,FAMILY_COPY_STRICT,bs+sl
data,cs,A1,613,unser,mūsu,Náš,FAMILY_COPY_STRICT,cs+sk
data,sk,A1,613,unser,mūsu,Náš,FAMILY_COPY_STRICT,cs+sk
data,fi,A1,613,unser,mūsu,Meie,FAMILY_COPY_STRICT,fi+sv
data,sv,A1,613,unser,mūsu,Meie,FAMILY_COPY_STRICT,fi+sv
data,hr,A1,613,unser,mūsu,Нашиот,FAMILY_COPY_STRICT,hr+mk+sr
data,mk,A1,613,unser,mūsu,Нашиот,FAMILY_COPY_STRICT,hr+mk+sr
data,sr,A1,613,unser,mūsu,Нашиот,FAMILY_COPY_STRICT,hr+mk+sr
data,is,A1,613,unser,mūsu,Mee,FAMILY_COPY_STRICT,is+nb+nn
data,nb,A1,613,unser,mūsu,Mee,FAMILY_COPY_STRICT,is+nb+nn
data,nn,A1,613,unser,mūsu,Mee,FAMILY_COPY_STRICT,is+nb+nn
data,it,A1,613,unser,mūsu,Musu,FAMILY_COPY_STRICT,it+pt
data,pt,A1,613,unser,mūsu,Musu,FAMILY_COPY_STRICT,it+pt
data,sq,A1,613,unser,mūsu,Bizim,FAMILY_COPY_STRICT,sq+tr
data,tr,A1,613,unser,mūsu,Bizim,FAMILY_COPY_STRICT,sq+tr
data,hr,A1,614,unten,apakšā,Надолу,SCRIPT_MISMATCH,
data,hr,A1,614,unten,apakšā,Надолу,MARKER_LEAK,foreign_script
data,nl,A1,614,unten,apakšā,Apakšā,SAME_AS_LV_CASEFOLD,casefold_only
data,nl,A1,614,unten,apakšā,Apakšā,LV_DIACRITIC,
data,nl,A1,614,unten,apakšā,Apakšā,MARKER_LEAK,lv_macron_consonant
data,bg,A1,614,unten,apakšā,Надолу,FAMILY_COPY_STRICT,bg+hr+mk+sr
data,hr,A1,614,unten,apakšā,Надолу,FAMILY_COPY_STRICT,bg+hr+mk+sr
data,mk,A1,614,unten,apakšā,Надолу,FAMILY_COPY_STRICT,bg+hr+mk+sr
data,sr,A1,614,unten,apakšā,Надолу,FAMILY_COPY_STRICT,bg+hr+mk+sr
data,cs,A1,614,unten,apakšā,Dole,FAMILY_COPY_STRICT,cs+sk
data,sk,A1,614,unten,apakšā,Dole,FAMILY_COPY_STRICT,cs+sk
data,fi,A1,614,unten,apakšā,All,FAMILY_COPY_STRICT,fi+sv
data,sv,A1,614,unten,apakšā,All,FAMILY_COPY_STRICT,fi+sv
data,is,A1,614,unten,apakšā,Alle,FAMILY_COPY_STRICT,is+nb+nn
data,nb,A1,614,unten,apakšā,Alle,FAMILY_COPY_STRICT,is+nb+nn
data,nn,A1,614,unten,apakšā,Alle,FAMILY_COPY_STRICT,is+nb+nn
data,it,A1,614,unten,apakšā,Apaksha,FAMILY_COPY_STRICT,it+pt
data,pt,A1,614,unten,apakšā,Apaksha,FAMILY_COPY_STRICT,it+pt
data,it,A1,615,unter,zem,Zem,SAME_AS_LV_CASEFOLD,casefold_only
data,nl,A1,615,unter,zem,Zem,SAME_AS_LV_CASEFOLD,casefold_only
data,pt,A1,615,unter,zem,Zem,SAME_AS_LV_CASEFOLD,casefold_only
data,sq,A1,615,unter,zem,Altında,MARKER_LEAK,tr_soft
data,sr,A1,615,unter,zem,Ispod,SCRIPT_MISMATCH,sr_as_cyrillic
data,sr,A1,615,unter,zem,Ispod,MARKER_LEAK,latin_in_cyrillic
data,bg,A1,615,unter,zem,Под,FAMILY_COPY_STRICT,bg+mk+ru
data,mk,A1,615,unter,zem,Под,FAMILY_COPY_STRICT,bg+mk+ru
data,ru,A1,615,unter,zem,Под,FAMILY_COPY_STRICT,bg+mk+ru
data,cs,A1,615,unter,zem,Pod,FAMILY_COPY_STRICT,cs+pl+sk
data,pl,A1,615,unter,zem,Pod,FAMILY_COPY_STRICT,cs+pl+sk
data,sk,A1,615,unter,zem,Pod,FAMILY_COPY_STRICT,cs+pl+sk
data,da,A1,615,unter,zem,Under,FAMILY_COPY_STRICT,da+en
data,en,A1,615,unter,zem,Under,FAMILY_COPY_STRICT,da+en
data,hr,A1,615,unter,zem,Ispod,FAMILY_COPY_STRICT,hr+sr
data,sr,A1,615,unter,zem,Ispod,FAMILY_COPY_STRICT,hr+sr
data,is,A1,615,unter,zem,Alle,FAMILY_COPY_STRICT,is+nb+nn
data,nb,A1,615,unter,zem,Alle,FAMILY_COPY_STRICT,is+nb+nn
data,nn,A1,615,unter,zem,Alle,FAMILY_COPY_STRICT,is+nb+nn
data,it,A1,615,unter,zem,Zem,FAMILY_COPY_STRICT,it+nl+pt
data,nl,A1,615,unter,zem,Zem,FAMILY_COPY_STRICT,it+nl+pt
data,pt,A1,615,unter,zem,Zem,FAMILY_COPY_STRICT,it+nl+pt
data,sq,A1,615,unter,zem,Altında,FAMILY_COPY_STRICT,sq+tr
data,tr,A1,615,unter,zem,Altında,FAMILY_COPY_STRICT,sq+tr
data,hr,A1,616,Vase,vāze,Ваза,SCRIPT_MISMATCH,
data,hr,A1,616,Vase,vāze,Ваза,MARKER_LEAK,foreign_script
data,nl,A1,616,Vase,vāze,Vāze,SAME_AS_LV_CASEFOLD,casefold_only
data,nl,A1,616,Vase,vāze,Vāze,LV_DIACRITIC,
data,nl,A1,616,Vase,vāze,Vāze,MARKER_LEAK,lv_macron_consonant
data,bg,A1,616,Vase,vāze,Ваза,FAMILY_COPY_STRICT,bg+hr+mk+ru+sr
data,hr,A1,616,Vase,vāze,Ваза,FAMILY_COPY_STRICT,bg+hr+mk+ru+sr
data,mk,A1,616,Vase,vāze,Ваза,FAMILY_COPY_STRICT,bg+hr+mk+ru+sr
data,ru,A1,616,Vase,vāze,Ваза,FAMILY_COPY_STRICT,bg+hr+mk+ru+sr
data,sr,A1,616,Vase,vāze,Ваза,FAMILY_COPY_STRICT,bg+hr+mk+ru+sr
data,bs,A1,616,Vase,vāze,vaza,FAMILY_COPY_STRICT,bs+lt+sl
data,lt,A1,616,Vase,vāze,vaza,FAMILY_COPY_STRICT,bs+lt+sl
data,sl,A1,616,Vase,vāze,vaza,FAMILY_COPY_STRICT,bs+lt+sl
data,cs,A1,616,Vase,vāze,Váza,FAMILY_COPY_STRICT,cs+hu+sk
data,hu,A1,616,Vase,vāze,Váza,FAMILY_COPY_STRICT,cs+hu+sk
data,sk,A1,616,Vase,vāze,Váza,FAMILY_COPY_STRICT,cs+hu+sk
data,fi,A1,616,Vase,vāze,Vaas,FAMILY_COPY_STRICT,fi+sv
data,sv,A1,616,Vase,vāze,Vaas,FAMILY_COPY_STRICT,fi+sv
data,is,A1,616,Vase,vāze,Wow,FAMILY_COPY_STRICT,is+nb+nn
data,nb,A1,616,Vase,vāze,Wow,FAMILY_COPY_STRICT,is+nb+nn
data,nn,A1,616,Vase,vāze,Wow,FAMILY_COPY_STRICT,is+nb+nn
data,sq,A1,616,Vase,vāze,Vazo,FAMILY_COPY_STRICT,sq+tr
data,tr,A1,616,Vase,vāze,Vazo,FAMILY_COPY_STRICT,sq+tr
data,hr,A1,617,Vater,tēvs,Татко,SCRIPT_MISMATCH,
data,hr,A1,617,Vater,tēvs,Татко,MARKER_LEAK,foreign_script
data,it,A1,617,Vater,tēvs,Tēvs,SAME_AS_LV_CASEFOLD,casefold_only
data,it,A1,617,Vater,tēvs,Tēvs,LV_DIACRITIC,
data,it,A1,617,Vater,tēvs,Tēvs,MARKER_LEAK,lv_macron_consonant
data,nl,A1,617,Vater,tēvs,Tēvs,SAME_AS_LV_CASEFOLD,casefold_only
data,nl,A1,617,Vater,tēvs,Tēvs,LV_DIACRITIC,
data,nl,A1,617,Vater,tēvs,Tēvs,MARKER_LEAK,lv_macron_consonant
data,pt,A1,617,Vater,tēvs,Tēvs,SAME_AS_LV_CASEFOLD,casefold_only
data,pt,A1,617,Vater,tēvs,Tēvs,LV_DIACRITIC,
data,pt,A1,617,Vater,tēvs,Tēvs,MARKER_LEAK,lv_macron_consonant
data,cs,A1,617,Vater,tēvs,Otec,FAMILY_COPY_STRICT,cs+sk
data,sk,A1,617,Vater,tēvs,Otec,FAMILY_COPY_STRICT,cs+sk
data,fi,A1,617,Vater,tēvs,Isa,FAMILY_COPY_STRICT,fi+is+nb+nn+sv
data,is,A1,617,Vater,tēvs,Isa,FAMILY_COPY_STRICT,fi+is+nb+nn+sv
data,nb,A1,617,Vater,tēvs,Isa,FAMILY_COPY_STRICT,fi+is+nb+nn+sv
data,nn,A1,617,Vater,tēvs,Isa,FAMILY_COPY_STRICT,fi+is+nb+nn+sv
data,sv,A1,617,Vater,tēvs,Isa,FAMILY_COPY_STRICT,fi+is+nb+nn+sv
data,hr,A1,617,Vater,tēvs,Татко,FAMILY_COPY_STRICT,hr+mk+sr
data,mk,A1,617,Vater,tēvs,Татко,FAMILY_COPY_STRICT,hr+mk+sr
data,sr,A1,617,Vater,tēvs,Татко,FAMILY_COPY_STRICT,hr+mk+sr
data,it,A1,617,Vater,tēvs,Tēvs,FAMILY_COPY_STRICT,it+nl+pt
data,nl,A1,617,Vater,tēvs,Tēvs,FAMILY_COPY_STRICT,it+nl+pt
data,pt,A1,617,Vater,tēvs,Tēvs,FAMILY_COPY_STRICT,it+nl+pt
data,sq,A1,617,Vater,tēvs,Baba,FAMILY_COPY_STRICT,sq+tr
data,tr,A1,617,Vater,tēvs,Baba,FAMILY_COPY_STRICT,sq+tr
data,nl,A1,618,verheiratet,precējies,Precējies,SAME_AS_LV_CASEFOLD,casefold_only
data,nl,A1,618,verheiratet,precējies,Precējies,LV_DIACRITIC,
data,nl,A1,618,verheiratet,precējies,Precējies,MARKER_LEAK,lv_macron_consonant
data,sq,A1,618,verheiratet,precējies,İ Martuar,MARKER_LEAK,tr_soft
data,sr,A1,618,verheiratet,precējies,Oženjen,LV_DIACRITIC,
data,sr,A1,618,verheiratet,precējies,Oženjen,SCRIPT_MISMATCH,sr_as_cyrillic
data,sr,A1,618,verheiratet,precējies,Oženjen,MARKER_LEAK,latin_in_cyrillic
data,bg,A1,618,verheiratet,precējies,Женен,FAMILY_COPY_STRICT,bg+mk
data,mk,A1,618,verheiratet,precējies,Женен,FAMILY_COPY_STRICT,bg+mk
data,fi,A1,618,verheiratet,precējies,Abielus,FAMILY_COPY_STRICT,fi+is+nb+nn+sv
data,is,A1,618,verheiratet,precējies,Abielus,FAMILY_COPY_STRICT,fi+is+nb+nn+sv
data,nb,A1,618,verheiratet,precējies,Abielus,FAMILY_COPY_STRICT,fi+is+nb+nn+sv
data,nn,A1,618,verheiratet,precējies,Abielus,FAMILY_COPY_STRICT,fi+is+nb+nn+sv
data,sv,A1,618,verheiratet,precējies,Abielus,FAMILY_COPY_STRICT,fi+is+nb+nn+sv
data,hr,A1,618,verheiratet,precējies,Oženjen,FAMILY_COPY_STRICT,hr+sr
data,sr,A1,618,verheiratet,precējies,Oženjen,FAMILY_COPY_STRICT,hr+sr
data,nl,A1,619,verkaufen,pārdot,Pārdot,SAME_AS_LV_CASEFOLD,casefold_only
data,nl,A1,619,verkaufen,pārdot,Pārdot,LV_DIACRITIC,
data,nl,A1,619,verkaufen,pārdot,Pārdot,MARKER_LEAK,lv_macron_consonant
data,sr,A1,619,verkaufen,pārdot,Prodajem,SCRIPT_MISMATCH,sr_as_cyrillic
data,sr,A1,619,verkaufen,pārdot,Prodajem,MARKER_LEAK,latin_in_cyrillic
data,bg,A1,619,verkaufen,pārdot,Продавам,FAMILY_COPY_STRICT,bg+mk
data,mk,A1,619,verkaufen,pārdot,Продавам,FAMILY_COPY_STRICT,bg+mk
data,bs,A1,619,verkaufen,pārdot,prodati,FAMILY_COPY_STRICT,bs+sl
data,sl,A1,619,verkaufen,pārdot,prodati,FAMILY_COPY_STRICT,bs+sl
data,fi,A1,619,verkaufen,pārdot,Müüma,FAMILY_COPY_STRICT,fi+is+nb+nn+sv
data,is,A1,619,verkaufen,pārdot,Müüma,FAMILY_COPY_STRICT,fi+is+nb+nn+sv
data,nb,A1,619,verkaufen,pārdot,Müüma,FAMILY_COPY_STRICT,fi+is+nb+nn+sv
data,nn,A1,619,verkaufen,pārdot,Müüma,FAMILY_COPY_STRICT,fi+is+nb+nn+sv
data,sv,A1,619,verkaufen,pārdot,Müüma,FAMILY_COPY_STRICT,fi+is+nb+nn+sv
data,hr,A1,619,verkaufen,pārdot,Prodajem,FAMILY_COPY_STRICT,hr+sr
data,sr,A1,619,verkaufen,pārdot,Prodajem,FAMILY_COPY_STRICT,hr+sr
data,it,A1,619,verkaufen,pārdot,Pardot,FAMILY_COPY_STRICT,it+pt
data,pt,A1,619,verkaufen,pārdot,Pardot,FAMILY_COPY_STRICT,it+pt
data,sq,A1,619,verkaufen,pārdot,Satmak,FAMILY_COPY_STRICT,sq+tr
data,tr,A1,619,verkaufen,pārdot,Satmak,FAMILY_COPY_STRICT,sq+tr
data,nl,A1,620,verlieren,zaudēt,Zaudēt,SAME_AS_LV_CASEFOLD,casefold_only
data,nl,A1,620,verlieren,zaudēt,Zaudēt,LV_DIACRITIC,
data,nl,A1,620,verlieren,zaudēt,Zaudēt,MARKER_LEAK,lv_macron_consonant
data,sr,A1,620,verlieren,zaudēt,-Izguba. Moj sin in moj mož.,LV_DIACRITIC,
data,sr,A1,620,verlieren,zaudēt,-Izguba. Moj sin in moj mož.,SCRIPT_MISMATCH,sr_as_cyrillic
data,sr,A1,620,verlieren,zaudēt,-Izguba. Moj sin in moj mož.,MARKER_LEAK,latin_in_cyrillic
data,bg,A1,620,verlieren,zaudēt,Загуба,FAMILY_COPY_STRICT,bg+mk
data,mk,A1,620,verlieren,zaudēt,Загуба,FAMILY_COPY_STRICT,bg+mk
data,bs,A1,620,verlieren,zaudēt,izgubiti,FAMILY_COPY_STRICT,bs+sl
data,sl,A1,620,verlieren,zaudēt,izgubiti,FAMILY_COPY_STRICT,bs+sl
data,fi,A1,620,verlieren,zaudēt,Kaotama,FAMILY_COPY_STRICT,fi+is+nb+nn+sv
data,is,A1,620,verlieren,zaudēt,Kaotama,FAMILY_COPY_STRICT,fi+is+nb+nn+sv
data,nb,A1,620,verlieren,zaudēt,Kaotama,FAMILY_COPY_STRICT,fi+is+nb+nn+sv
data,nn,A1,620,verlieren,zaudēt,Kaotama,FAMILY_COPY_STRICT,fi+is+nb+nn+sv
data,sv,A1,620,verlieren,zaudēt,Kaotama,FAMILY_COPY_STRICT,fi+is+nb+nn+sv
data,hr,A1,620,verlieren,zaudēt,-Izguba. Moj sin in moj mož.,FAMILY_COPY_STRICT,hr+sr
data,sr,A1,620,verlieren,zaudēt,-Izguba. Moj sin in moj mož.,FAMILY_COPY_STRICT,hr+sr
data,it,A1,620,verlieren,zaudēt,Zaudet,FAMILY_COPY_STRICT,it+pt
data,pt,A1,620,verlieren,zaudēt,Zaudet,FAMILY_COPY_STRICT,it+pt
data,fi,A1,621,verstehen,saprast,Mõistma,MARKER_LEAK,et_otilde
data,hr,A1,621,verstehen,saprast,Разберете,SCRIPT_MISMATCH,
data,hr,A1,621,verstehen,saprast,Разберете,MARKER_LEAK,foreign_script
data,it,A1,621,verstehen,saprast,Saprast,SAME_AS_LV_CASEFOLD,casefold_only
data,nl,A1,621,verstehen,saprast,Saprast,SAME_AS_LV_CASEFOLD,casefold_only
data,bg,A1,621,verstehen,saprast,Разберете,FAMILY_COPY_STRICT,bg+hr+mk+sr
data,hr,A1,621,verstehen,saprast,Разберете,FAMILY_COPY_STRICT,bg+hr+mk+sr
data,mk,A1,621,verstehen,saprast,Разберете,FAMILY_COPY_STRICT,bg+hr+mk+sr
data,sr,A1,621,verstehen,saprast,Разберете,FAMILY_COPY_STRICT,bg+hr+mk+sr
data,is,A1,621,verstehen,saprast,Forstå,FAMILY_COPY_STRICT,is+nb
data,nb,A1,621,verstehen,saprast,Forstå,FAMILY_COPY_STRICT,is+nb
data,it,A1,621,verstehen,saprast,Saprast,FAMILY_COPY_STRICT,it+nl
data,nl,A1,621,verstehen,saprast,Saprast,FAMILY_COPY_STRICT,it+nl
data,sq,A1,621,verstehen,saprast,Anlamak,FAMILY_COPY_STRICT,sq+tr
data,tr,A1,621,verstehen,saprast,Anlamak,FAMILY_COPY_STRICT,sq+tr
data,hr,A1,622,versuchen,mēģināt,Опитайте го,SCRIPT_MISMATCH,
data,hr,A1,622,versuchen,mēģināt,Опитайте го,MARKER_LEAK,foreign_script
data,it,A1,622,versuchen,mēģināt,Mēēināt,LV_DIACRITIC,
data,it,A1,622,versuchen,mēģināt,Mēēināt,MARKER_LEAK,lv_macron_consonant
data,nl,A1,622,versuchen,mēģināt,Mēģināt,SAME_AS_LV_CASEFOLD,casefold_only
data,nl,A1,622,versuchen,mēģināt,Mēģināt,LV_DIACRITIC,
data,nl,A1,622,versuchen,mēģināt,Mēģināt,MARKER_LEAK,lv_macron_consonant
data,pt,A1,622,versuchen,mēģināt,Mēēinat,LV_DIACRITIC,
data,pt,A1,622,versuchen,mēģināt,Mēēinat,MARKER_LEAK,lv_macron_consonant
data,bg,A1,622,versuchen,mēģināt,Опитайте го,FAMILY_COPY_STRICT,bg+hr+mk+sr
data,hr,A1,622,versuchen,mēģināt,Опитайте го,FAMILY_COPY_STRICT,bg+hr+mk+sr
data,mk,A1,622,versuchen,mēģināt,Опитайте го,FAMILY_COPY_STRICT,bg+hr+mk+sr
data,sr,A1,622,versuchen,mēģināt,Опитайте го,FAMILY_COPY_STRICT,bg+hr+mk+sr
data,fi,A1,622,versuchen,mēģināt,Üritama,FAMILY_COPY_STRICT,fi+is+nb+nn+sv
data,is,A1,622,versuchen,mēģināt,Üritama,FAMILY_COPY_STRICT,fi+is+nb+nn+sv
data,nb,A1,622,versuchen,mēģināt,Üritama,FAMILY_COPY_STRICT,fi+is+nb+nn+sv
data,nn,A1,622,versuchen,mēģināt,Üritama,FAMILY_COPY_STRICT,fi+is+nb+nn+sv
data,sv,A1,622,versuchen,mēģināt,Üritama,FAMILY_COPY_STRICT,fi+is+nb+nn+sv
data,hr,A1,623,viel,daudz,Много,SCRIPT_MISMATCH,
data,hr,A1,623,viel,daudz,Много,MARKER_LEAK,foreign_script
data,nl,A1,623,viel,daudz,Daudz,SAME_AS_LV_CASEFOLD,casefold_only
data,bg,A1,623,viel,daudz,Много,FAMILY_COPY_STRICT,bg+hr+mk+ru+sr
data,hr,A1,623,viel,daudz,Много,FAMILY_COPY_STRICT,bg+hr+mk+ru+sr
data,mk,A1,623,viel,daudz,Много,FAMILY_COPY_STRICT,bg+hr+mk+ru+sr
data,ru,A1,623,viel,daudz,Много,FAMILY_COPY_STRICT,bg+hr+mk+ru+sr
data,sr,A1,623,viel,daudz,Много,FAMILY_COPY_STRICT,bg+hr+mk+ru+sr
data,fi,A1,623,viel,daudz,Palju,FAMILY_COPY_STRICT,fi+is+nb+nn+sv
data,is,A1,623,viel,daudz,Palju,FAMILY_COPY_STRICT,fi+is+nb+nn+sv
data,nb,A1,623,viel,daudz,Palju,FAMILY_COPY_STRICT,fi+is+nb+nn+sv
data,nn,A1,623,viel,daudz,Palju,FAMILY_COPY_STRICT,fi+is+nb+nn+sv
data,sv,A1,623,viel,daudz,Palju,FAMILY_COPY_STRICT,fi+is+nb+nn+sv
data,it,A1,623,viel,daudz,Daoudz,FAMILY_COPY_STRICT,it+pt
data,pt,A1,623,viel,daudz,Daoudz,FAMILY_COPY_STRICT,it+pt
data,sq,A1,623,viel,daudz,Çok,FAMILY_COPY_STRICT,sq+tr
data,tr,A1,623,viel,daudz,Çok,FAMILY_COPY_STRICT,sq+tr
data,fi,A1,624,vielleicht,varbūt,Võib-olla,MARKER_LEAK,et_otilde
data,hr,A1,624,vielleicht,varbūt,Можеби,SCRIPT_MISMATCH,
data,hr,A1,624,vielleicht,varbūt,Можеби,MARKER_LEAK,foreign_script
data,nl,A1,624,vielleicht,varbūt,Varbūt,SAME_AS_LV_CASEFOLD,casefold_only
data,nl,A1,624,vielleicht,varbūt,Varbūt,LV_DIACRITIC,
data,nl,A1,624,vielleicht,varbūt,Varbūt,MARKER_LEAK,lv_u_macron
data,sv,A1,624,vielleicht,varbūt,Võib-olla,MARKER_LEAK,et_otilde
data,fi,A1,624,vielleicht,varbūt,Võib-olla,FAMILY_COPY_STRICT,fi+sv
data,sv,A1,624,vielleicht,varbūt,Võib-olla,FAMILY_COPY_STRICT,fi+sv
data,hr,A1,624,vielleicht,varbūt,Можеби,FAMILY_COPY_STRICT,hr+mk+sr
data,mk,A1,624,vielleicht,varbūt,Можеби,FAMILY_COPY_STRICT,hr+mk+sr
data,sr,A1,624,vielleicht,varbūt,Можеби,FAMILY_COPY_STRICT,hr+mk+sr
data,is,A1,624,vielleicht,varbūt,Kanskje,FAMILY_COPY_STRICT,is+nb+nn
data,nb,A1,624,vielleicht,varbūt,Kanskje,FAMILY_COPY_STRICT,is+nb+nn
data,nn,A1,624,vielleicht,varbūt,Kanskje,FAMILY_COPY_STRICT,is+nb+nn
data,it,A1,624,vielleicht,varbūt,Varbut,FAMILY_COPY_STRICT,it+pt
data,pt,A1,624,vielleicht,varbūt,Varbut,FAMILY_COPY_STRICT,it+pt
data,hr,A1,625,vier,četri,Четири,SCRIPT_MISMATCH,
data,hr,A1,625,vier,četri,Четири,MARKER_LEAK,foreign_script
data,nl,A1,625,vier,četri,Četri,SAME_AS_LV_CASEFOLD,casefold_only
data,nl,A1,625,vier,četri,Četri,LV_DIACRITIC,
data,bg,A1,625,vier,četri,Четири,FAMILY_COPY_STRICT,bg+hr+mk+sr
data,hr,A1,625,vier,četri,Четири,FAMILY_COPY_STRICT,bg+hr+mk+sr
data,mk,A1,625,vier,četri,Четири,FAMILY_COPY_STRICT,bg+hr+mk+sr
data,sr,A1,625,vier,četri,Четири,FAMILY_COPY_STRICT,bg+hr+mk+sr
data,fi,A1,625,vier,četri,Neli,FAMILY_COPY_STRICT,fi+is+nb+nn+sv
data,is,A1,625,vier,četri,Neli,FAMILY_COPY_STRICT,fi+is+nb+nn+sv
data,nb,A1,625,vier,četri,Neli,FAMILY_COPY_STRICT,fi+is+nb+nn+sv
data,nn,A1,625,vier,četri,Neli,FAMILY_COPY_STRICT,fi+is+nb+nn+sv
data,sv,A1,625,vier,četri,Neli,FAMILY_COPY_STRICT,fi+is+nb+nn+sv
data,it,A1,625,vier,četri,Cetri,FAMILY_COPY_STRICT,it+pt
data,pt,A1,625,vier,četri,Cetri,FAMILY_COPY_STRICT,it+pt
data,hr,A1,626,vierhundert,četrsimt,Четиристотин,SCRIPT_MISMATCH,
data,hr,A1,626,vierhundert,četrsimt,Четиристотин,MARKER_LEAK,foreign_script
data,nl,A1,626,vierhundert,četrsimt,Četrsimt,SAME_AS_LV_CASEFOLD,casefold_only
data,nl,A1,626,vierhundert,četrsimt,Četrsimt,LV_DIACRITIC,
data,bg,A1,626,vierhundert,četrsimt,Четиристотин,FAMILY_COPY_STRICT,bg+hr+mk+sr
data,hr,A1,626,vierhundert,četrsimt,Четиристотин,FAMILY_COPY_STRICT,bg+hr+mk+sr
data,mk,A1,626,vierhundert,četrsimt,Четиристотин,FAMILY_COPY_STRICT,bg+hr+mk+sr
data,sr,A1,626,vierhundert,četrsimt,Четиристотин,FAMILY_COPY_STRICT,bg+hr+mk+sr
data,fi,A1,626,vierhundert,četrsimt,Nelisada,FAMILY_COPY_STRICT,fi+is+nb+nn+sv
data,is,A1,626,vierhundert,četrsimt,Nelisada,FAMILY_COPY_STRICT,fi+is+nb+nn+sv
data,nb,A1,626,vierhundert,četrsimt,Nelisada,FAMILY_COPY_STRICT,fi+is+nb+nn+sv
data,nn,A1,626,vierhundert,četrsimt,Nelisada,FAMILY_COPY_STRICT,fi+is+nb+nn+sv
data,sv,A1,626,vierhundert,četrsimt,Nelisada,FAMILY_COPY_STRICT,fi+is+nb+nn+sv
data,it,A1,626,vierhundert,četrsimt,Cetrsimt,FAMILY_COPY_STRICT,it+pt
data,pt,A1,626,vierhundert,četrsimt,Cetrsimt,FAMILY_COPY_STRICT,it+pt
data,nl,A1,627,vierte,ceturtais,Ceturtais,SAME_AS_LV_CASEFOLD,casefold_only
data,pt,A1,627,vierte,ceturtais,Ceturtais,SAME_AS_LV_CASEFOLD,casefold_only
data,sr,A1,627,vierte,ceturtais,Četvrto,LV_DIACRITIC,
data,sr,A1,627,vierte,ceturtais,Četvrto,SCRIPT_MISMATCH,sr_as_cyrillic
data,sr,A1,627,vierte,ceturtais,Četvrto,MARKER_LEAK,latin_in_cyrillic
data,bg,A1,627,vierte,ceturtais,Четвърто,FAMILY_COPY_STRICT,bg+mk
data,mk,A1,627,vierte,ceturtais,Четвърто,FAMILY_COPY_STRICT,bg+mk
data,fi,A1,627,vierte,ceturtais,Neljas,FAMILY_COPY_STRICT,fi+is+nb+nn+sv
data,is,A1,627,vierte,ceturtais,Neljas,FAMILY_COPY_STRICT,fi+is+nb+nn+sv
data,nb,A1,627,vierte,ceturtais,Neljas,FAMILY_COPY_STRICT,fi+is+nb+nn+sv
data,nn,A1,627,vierte,ceturtais,Neljas,FAMILY_COPY_STRICT,fi+is+nb+nn+sv
data,sv,A1,627,vierte,ceturtais,Neljas,FAMILY_COPY_STRICT,fi+is+nb+nn+sv
data,hr,A1,627,vierte,ceturtais,Četvrto,FAMILY_COPY_STRICT,hr+sr
data,sr,A1,627,vierte,ceturtais,Četvrto,FAMILY_COPY_STRICT,hr+sr
data,nl,A1,627,vierte,ceturtais,Ceturtais,FAMILY_COPY_STRICT,nl+pt
data,pt,A1,627,vierte,ceturtais,Ceturtais,FAMILY_COPY_STRICT,nl+pt
data,hr,A1,628,vierzehn,četrpadsmit,Четиринадесет,SCRIPT_MISMATCH,
data,hr,A1,628,vierzehn,četrpadsmit,Четиринадесет,MARKER_LEAK,foreign_script
data,lb,A1,628,vierzehn,četrpadsmit,Četrpadsmit,SAME_AS_LV_CASEFOLD,casefold_only
data,lb,A1,628,vierzehn,četrpadsmit,Četrpadsmit,LV_DIACRITIC,
data,nl,A1,628,vierzehn,četrpadsmit,Četrpadsmit,SAME_AS_LV_CASEFOLD,casefold_only
data,nl,A1,628,vierzehn,četrpadsmit,Četrpadsmit,LV_DIACRITIC,
data,bg,A1,628,vierzehn,četrpadsmit,Четиринадесет,FAMILY_COPY_STRICT,bg+hr+mk+sr
data,hr,A1,628,vierzehn,četrpadsmit,Четиринадесет,FAMILY_COPY_STRICT,bg+hr+mk+sr
data,mk,A1,628,vierzehn,četrpadsmit,Четиринадесет,FAMILY_COPY_STRICT,bg+hr+mk+sr
data,sr,A1,628,vierzehn,četrpadsmit,Четиринадесет,FAMILY_COPY_STRICT,bg+hr+mk+sr
data,fi,A1,628,vierzehn,četrpadsmit,Neliteist,FAMILY_COPY_STRICT,fi+is+nb+nn+sv
data,is,A1,628,vierzehn,četrpadsmit,Neliteist,FAMILY_COPY_STRICT,fi+is+nb+nn+sv
data,nb,A1,628,vierzehn,četrpadsmit,Neliteist,FAMILY_COPY_STRICT,fi+is+nb+nn+sv
data,nn,A1,628,vierzehn,četrpadsmit,Neliteist,FAMILY_COPY_STRICT,fi+is+nb+nn+sv
data,sv,A1,628,vierzehn,četrpadsmit,Neliteist,FAMILY_COPY_STRICT,fi+is+nb+nn+sv
data,it,A1,628,vierzehn,četrpadsmit,Cetrpadsmit,FAMILY_COPY_STRICT,it+pt
data,pt,A1,628,vierzehn,četrpadsmit,Cetrpadsmit,FAMILY_COPY_STRICT,it+pt
data,lb,A1,628,vierzehn,četrpadsmit,Četrpadsmit,FAMILY_COPY_STRICT,lb+nl
data,nl,A1,628,vierzehn,četrpadsmit,Četrpadsmit,FAMILY_COPY_STRICT,lb+nl
data,hr,A1,629,vierzehnte,četrpadsmitais,Четиринаесетти,SCRIPT_MISMATCH,
data,hr,A1,629,vierzehnte,četrpadsmitais,Четиринаесетти,MARKER_LEAK,foreign_script
data,nl,A1,629,vierzehnte,četrpadsmitais,Četrpadsmitais,SAME_AS_LV_CASEFOLD,casefold_only
data,nl,A1,629,vierzehnte,četrpadsmitais,Četrpadsmitais,LV_DIACRITIC,
data,fi,A1,629,vierzehnte,četrpadsmitais,Neljateistkümnes,FAMILY_COPY_STRICT,fi+sv
data,sv,A1,629,vierzehnte,četrpadsmitais,Neljateistkümnes,FAMILY_COPY_STRICT,fi+sv
data,hr,A1,629,vierzehnte,četrpadsmitais,Четиринаесетти,FAMILY_COPY_STRICT,hr+mk+sr
data,mk,A1,629,vierzehnte,četrpadsmitais,Четиринаесетти,FAMILY_COPY_STRICT,hr+mk+sr
data,sr,A1,629,vierzehnte,četrpadsmitais,Четиринаесетти,FAMILY_COPY_STRICT,hr+mk+sr
data,is,A1,629,vierzehnte,četrpadsmitais,Nittende,FAMILY_COPY_STRICT,is+nb+nn
data,nb,A1,629,vierzehnte,četrpadsmitais,Nittende,FAMILY_COPY_STRICT,is+nb+nn
data,nn,A1,629,vierzehnte,četrpadsmitais,Nittende,FAMILY_COPY_STRICT,is+nb+nn
data,it,A1,629,vierzehnte,četrpadsmitais,Cerpadsmitais,FAMILY_COPY_STRICT,it+pt
data,pt,A1,629,vierzehnte,četrpadsmitais,Cerpadsmitais,FAMILY_COPY_STRICT,it+pt
data,hr,A1,630,vierzig,četrdesmit,Четиридесет,SCRIPT_MISMATCH,
data,hr,A1,630,vierzig,četrdesmit,Четиридесет,MARKER_LEAK,foreign_script
data,nl,A1,630,vierzig,četrdesmit,Četrdesmit,SAME_AS_LV_CASEFOLD,casefold_only
data,nl,A1,630,vierzig,četrdesmit,Četrdesmit,LV_DIACRITIC,
data,bg,A1,630,vierzig,četrdesmit,Четиридесет,FAMILY_COPY_STRICT,bg+hr+mk+sr
data,hr,A1,630,vierzig,četrdesmit,Четиридесет,FAMILY_COPY_STRICT,bg+hr+mk+sr
data,mk,A1,630,vierzig,četrdesmit,Четиридесет,FAMILY_COPY_STRICT,bg+hr+mk+sr
data,sr,A1,630,vierzig,četrdesmit,Четиридесет,FAMILY_COPY_STRICT,bg+hr+mk+sr
data,fi,A1,630,vierzig,četrdesmit,Nelikümmend,FAMILY_COPY_STRICT,fi+sv
data,sv,A1,630,vierzig,četrdesmit,Nelikümmend,FAMILY_COPY_STRICT,fi+sv
data,is,A1,630,vierzig,četrdesmit,Nitti tusen,FAMILY_COPY_STRICT,is+nb+nn
data,nb,A1,630,vierzig,četrdesmit,Nitti tusen,FAMILY_COPY_STRICT,is+nb+nn
data,nn,A1,630,vierzig,četrdesmit,Nitti tusen,FAMILY_COPY_STRICT,is+nb+nn
data,it,A1,630,vierzig,četrdesmit,Cetetrdesmit,FAMILY_COPY_STRICT,it+pt
data,pt,A1,630,vierzig,četrdesmit,Cetetrdesmit,FAMILY_COPY_STRICT,it+pt
data,hr,A1,631,vierzigste,četrdesmitais,Четиридесета,SCRIPT_MISMATCH,
data,hr,A1,631,vierzigste,četrdesmitais,Четиридесета,MARKER_LEAK,foreign_script
data,it,A1,631,vierzigste,četrdesmitais,Četrdesmitais,SAME_AS_LV_CASEFOLD,casefold_only
data,it,A1,631,vierzigste,četrdesmitais,Četrdesmitais,LV_DIACRITIC,
data,nl,A1,631,vierzigste,četrdesmitais,Četrdesmitais,SAME_AS_LV_CASEFOLD,casefold_only
data,nl,A1,631,vierzigste,četrdesmitais,Četrdesmitais,LV_DIACRITIC,
data,bg,A1,631,vierzigste,četrdesmitais,Четиридесета,FAMILY_COPY_STRICT,bg+hr+mk+sr
data,hr,A1,631,vierzigste,četrdesmitais,Четиридесета,FAMILY_COPY_STRICT,bg+hr+mk+sr
data,mk,A1,631,vierzigste,četrdesmitais,Четиридесета,FAMILY_COPY_STRICT,bg+hr+mk+sr
data,sr,A1,631,vierzigste,četrdesmitais,Четиридесета,FAMILY_COPY_STRICT,bg+hr+mk+sr
data,fi,A1,631,vierzigste,četrdesmitais,Neljakümnes,FAMILY_COPY_STRICT,fi+sv
data,sv,A1,631,vierzigste,četrdesmitais,Neljakümnes,FAMILY_COPY_STRICT,fi+sv
data,is,A1,631,vierzigste,četrdesmitais,Neljagyümce,FAMILY_COPY_STRICT,is+nb+nn
data,nb,A1,631,vierzigste,četrdesmitais,Neljagyümce,FAMILY_COPY_STRICT,is+nb+nn
data,nn,A1,631,vierzigste,četrdesmitais,Neljagyümce,FAMILY_COPY_STRICT,is+nb+nn
data,it,A1,631,vierzigste,četrdesmitais,Četrdesmitais,FAMILY_COPY_STRICT,it+nl
data,nl,A1,631,vierzigste,četrdesmitais,Četrdesmitais,FAMILY_COPY_STRICT,it+nl
data,it,A1,632,Vogel,putns,Putns,SAME_AS_LV_CASEFOLD,casefold_only
data,nl,A1,632,Vogel,putns,Putns,SAME_AS_LV_CASEFOLD,casefold_only
data,sr,A1,632,Vogel,putns,Ptič.,LV_DIACRITIC,
data,sr,A1,632,Vogel,putns,Ptič.,SCRIPT_MISMATCH,sr_as_cyrillic
data,sr,A1,632,Vogel,putns,Ptič.,MARKER_LEAK,latin_in_cyrillic
data,bg,A1,632,Vogel,putns,Птица,FAMILY_COPY_STRICT,bg+mk+ru
data,mk,A1,632,Vogel,putns,Птица,FAMILY_COPY_STRICT,bg+mk+ru
data,ru,A1,632,Vogel,putns,Птица,FAMILY_COPY_STRICT,bg+mk+ru
data,bs,A1,632,Vogel,putns,ptica,FAMILY_COPY_STRICT,bs+sl
data,sl,A1,632,Vogel,putns,ptica,FAMILY_COPY_STRICT,bs+sl
data,fi,A1,632,Vogel,putns,Lind,FAMILY_COPY_STRICT,fi+sv
data,sv,A1,632,Vogel,putns,Lind,FAMILY_COPY_STRICT,fi+sv
data,hr,A1,632,Vogel,putns,Ptič.,FAMILY_COPY_STRICT,hr+sr
data,sr,A1,632,Vogel,putns,Ptič.,FAMILY_COPY_STRICT,hr+sr
data,is,A1,632,Vogel,putns,Linden,FAMILY_COPY_STRICT,is+nb+nn
data,nb,A1,632,Vogel,putns,Linden,FAMILY_COPY_STRICT,is+nb+nn
data,nn,A1,632,Vogel,putns,Linden,FAMILY_COPY_STRICT,is+nb+nn
data,it,A1,632,Vogel,putns,Putns,FAMILY_COPY_STRICT,it+nl
data,nl,A1,632,Vogel,putns,Putns,FAMILY_COPY_STRICT,it+nl
data,sq,A1,632,Vogel,putns,Kuş,FAMILY_COPY_STRICT,sq+tr
data,tr,A1,632,Vogel,putns,Kuş,FAMILY_COPY_STRICT,sq+tr
data,it,A1,633,voll,pilns,Pilns,SAME_AS_LV_CASEFOLD,casefold_only
data,nl,A1,633,voll,pilns,Pilns,SAME_AS_LV_CASEFOLD,casefold_only
data,sr,A1,633,voll,pilns,Pun,SCRIPT_MISMATCH,sr_as_cyrillic
data,sr,A1,633,voll,pilns,Pun,MARKER_LEAK,latin_in_cyrillic
data,cs,A1,633,voll,pilns,Plný,FAMILY_COPY_STRICT,cs+sk
data,sk,A1,633,voll,pilns,Plný,FAMILY_COPY_STRICT,cs+sk
data,fi,A1,633,voll,pilns,Täis,FAMILY_COPY_STRICT,fi+sv
data,sv,A1,633,voll,pilns,Täis,FAMILY_COPY_STRICT,fi+sv
data,hr,A1,633,voll,pilns,Pun,FAMILY_COPY_STRICT,hr+sr
data,sr,A1,633,voll,pilns,Pun,FAMILY_COPY_STRICT,hr+sr
data,is,A1,633,voll,pilns,Shit,FAMILY_COPY_STRICT,is+nb+nn
data,nb,A1,633,voll,pilns,Shit,FAMILY_COPY_STRICT,is+nb+nn
data,nn,A1,633,voll,pilns,Shit,FAMILY_COPY_STRICT,is+nb+nn
data,it,A1,633,voll,pilns,Pilns,FAMILY_COPY_STRICT,it+nl
data,nl,A1,633,voll,pilns,Pilns,FAMILY_COPY_STRICT,it+nl
data,sq,A1,633,voll,pilns,Tam dolu,FAMILY_COPY_STRICT,sq+tr
data,tr,A1,633,voll,pilns,Tam dolu,FAMILY_COPY_STRICT,sq+tr
data,hr,A1,634,vom,no,Од,SCRIPT_MISMATCH,
data,hr,A1,634,vom,no,Од,MARKER_LEAK,foreign_script
data,it,A1,634,vom,no,No,SAME_AS_LV_CASEFOLD,casefold_only
data,nl,A1,634,vom,no,No,SAME_AS_LV_CASEFOLD,casefold_only
data,sl,A1,634,vom,no,no • ārā,LV_DIACRITIC,
data,sl,A1,634,vom,no,no • ārā,MARKER_LEAK,lv_macron_consonant
data,bg,A1,634,vom,no,От,FAMILY_COPY_STRICT,bg+ru
data,ru,A1,634,vom,no,От,FAMILY_COPY_STRICT,bg+ru
data,cs,A1,634,vom,no,Z,FAMILY_COPY_STRICT,cs+pl
data,pl,A1,634,vom,no,Z,FAMILY_COPY_STRICT,cs+pl
data,et,A1,634,vom,no,-st,FAMILY_COPY_STRICT,et+fi+is+nb+nn
data,fi,A1,634,vom,no,-st,FAMILY_COPY_STRICT,et+fi+is+nb+nn
data,is,A1,634,vom,no,-st,FAMILY_COPY_STRICT,et+fi+is+nb+nn
data,nb,A1,634,vom,no,-st,FAMILY_COPY_STRICT,et+fi+is+nb+nn
data,nn,A1,634,vom,no,-st,FAMILY_COPY_STRICT,et+fi+is+nb+nn
data,hr,A1,634,vom,no,Од,FAMILY_COPY_STRICT,hr+mk
data,mk,A1,634,vom,no,Од,FAMILY_COPY_STRICT,hr+mk
data,it,A1,634,vom,no,No,FAMILY_COPY_STRICT,it+nl
data,nl,A1,634,vom,no,No,FAMILY_COPY_STRICT,it+nl
data,hr,A1,635,von,no,Од,SCRIPT_MISMATCH,
data,hr,A1,635,von,no,Од,MARKER_LEAK,foreign_script
data,it,A1,635,von,no,No,SAME_AS_LV_CASEFOLD,casefold_only
data,nl,A1,635,von,no,No,SAME_AS_LV_CASEFOLD,casefold_only
data,sl,A1,635,von,no,no • ārā,LV_DIACRITIC,
data,sl,A1,635,von,no,no • ārā,MARKER_LEAK,lv_macron_consonant
data,bg,A1,635,von,no,От,FAMILY_COPY_STRICT,bg+ru
data,ru,A1,635,von,no,От,FAMILY_COPY_STRICT,bg+ru
data,cs,A1,635,von,no,Z,FAMILY_COPY_STRICT,cs+pl
data,pl,A1,635,von,no,Z,FAMILY_COPY_STRICT,cs+pl
data,hr,A1,635,von,no,Од,FAMILY_COPY_STRICT,hr+mk+sr
data,mk,A1,635,von,no,Од,FAMILY_COPY_STRICT,hr+mk+sr
data,sr,A1,635,von,no,Од,FAMILY_COPY_STRICT,hr+mk+sr
data,it,A1,635,von,no,No,FAMILY_COPY_STRICT,it+nl
data,nl,A1,635,von,no,No,FAMILY_COPY_STRICT,it+nl
data,hr,A1,636,vor,pirms • priekšā,Преди • Преди,SCRIPT_MISMATCH,
data,hr,A1,636,vor,pirms • priekšā,Преди • Преди,MARKER_LEAK,foreign_script
data,lb,A1,636,vor,pirms • priekšā,Pirms • Priekšā,SAME_AS_LV_CASEFOLD,casefold_only
data,lb,A1,636,vor,pirms • priekšā,Pirms • Priekšā,LV_DIACRITIC,
data,lb,A1,636,vor,pirms • priekšā,Pirms • Priekšā,MARKER_LEAK,lv_macron_consonant
data,nl,A1,636,vor,pirms • priekšā,Pirms • Priekšā,SAME_AS_LV_CASEFOLD,casefold_only
data,nl,A1,636,vor,pirms • priekšā,Pirms • Priekšā,LV_DIACRITIC,
data,nl,A1,636,vor,pirms • priekšā,Pirms • Priekšā,MARKER_LEAK,lv_macron_consonant
data,bg,A1,636,vor,pirms • priekšā,Преди • Преди,FAMILY_COPY_STRICT,bg+hr+mk
data,hr,A1,636,vor,pirms • priekšā,Преди • Преди,FAMILY_COPY_STRICT,bg+hr+mk
data,mk,A1,636,vor,pirms • priekšā,Преди • Преди,FAMILY_COPY_STRICT,bg+hr+mk
data,fi,A1,636,vor,pirms • priekšā,Enne • Ees,FAMILY_COPY_STRICT,fi+is+nb+nn
data,is,A1,636,vor,pirms • priekšā,Enne • Ees,FAMILY_COPY_STRICT,fi+is+nb+nn
data,nb,A1,636,vor,pirms • priekšā,Enne • Ees,FAMILY_COPY_STRICT,fi+is+nb+nn
data,nn,A1,636,vor,pirms • priekšā,Enne • Ees,FAMILY_COPY_STRICT,fi+is+nb+nn
data,it,A1,636,vor,pirms • priekšā,Pirms • Prieksha,FAMILY_COPY_STRICT,it+pt
data,pt,A1,636,vor,pirms • priekšā,Pirms • Prieksha,FAMILY_COPY_STRICT,it+pt
data,lb,A1,636,vor,pirms • priekšā,Pirms • Priekšā,FAMILY_COPY_STRICT,lb+nl
data,nl,A1,636,vor,pirms • priekšā,Pirms • Priekšā,FAMILY_COPY_STRICT,lb+nl
data,hr,A1,637,Vorname,vārds,Слово,SCRIPT_MISMATCH,
data,hr,A1,637,Vorname,vārds,Слово,MARKER_LEAK,foreign_script
data,nl,A1,637,Vorname,vārds,Vārds,SAME_AS_LV_CASEFOLD,casefold_only
data,nl,A1,637,Vorname,vārds,Vārds,LV_DIACRITIC,
data,nl,A1,637,Vorname,vārds,Vārds,MARKER_LEAK,lv_macron_consonant
data,bg,A1,637,Vorname,vārds,Слово,FAMILY_COPY_STRICT,bg+hr+mk+ru+sr
data,hr,A1,637,Vorname,vārds,Слово,FAMILY_COPY_STRICT,bg+hr+mk+ru+sr
data,mk,A1,637,Vorname,vārds,Слово,FAMILY_COPY_STRICT,bg+hr+mk+ru+sr
data,ru,A1,637,Vorname,vārds,Слово,FAMILY_COPY_STRICT,bg+hr+mk+ru+sr
data,sr,A1,637,Vorname,vārds,Слово,FAMILY_COPY_STRICT,bg+hr+mk+ru+sr
data,fi,A1,637,Vorname,vārds,Eesnimi,FAMILY_COPY_STRICT,fi+is+nb+nn+sv
data,is,A1,637,Vorname,vārds,Eesnimi,FAMILY_COPY_STRICT,fi+is+nb+nn+sv
data,nb,A1,637,Vorname,vārds,Eesnimi,FAMILY_COPY_STRICT,fi+is+nb+nn+sv
data,nn,A1,637,Vorname,vārds,Eesnimi,FAMILY_COPY_STRICT,fi+is+nb+nn+sv
data,sv,A1,637,Vorname,vārds,Eesnimi,FAMILY_COPY_STRICT,fi+is+nb+nn+sv
data,it,A1,637,Vorname,vārds,Vard,FAMILY_COPY_STRICT,it+pt
data,pt,A1,637,Vorname,vārds,Vard,FAMILY_COPY_STRICT,it+pt
data,sq,A1,637,Vorname,vārds,Kelime,FAMILY_COPY_STRICT,sq+tr
data,tr,A1,637,Vorname,vārds,Kelime,FAMILY_COPY_STRICT,sq+tr
data,hr,A1,638,Wald,mežs,Гора,SCRIPT_MISMATCH,
data,hr,A1,638,Wald,mežs,Гора,MARKER_LEAK,foreign_script
data,it,A1,638,Wald,mežs,Mežs,SAME_AS_LV_CASEFOLD,casefold_only
data,it,A1,638,Wald,mežs,Mežs,LV_DIACRITIC,
data,nl,A1,638,Wald,mežs,Mežs,SAME_AS_LV_CASEFOLD,casefold_only
data,nl,A1,638,Wald,mežs,Mežs,LV_DIACRITIC,
data,pt,A1,638,Wald,mežs,Mežs,SAME_AS_LV_CASEFOLD,casefold_only
data,pt,A1,638,Wald,mežs,Mežs,LV_DIACRITIC,
data,bg,A1,638,Wald,mežs,Гора,FAMILY_COPY_STRICT,bg+hr+mk+sr
data,hr,A1,638,Wald,mežs,Гора,FAMILY_COPY_STRICT,bg+hr+mk+sr
data,mk,A1,638,Wald,mežs,Гора,FAMILY_COPY_STRICT,bg+hr+mk+sr
data,sr,A1,638,Wald,mežs,Гора,FAMILY_COPY_STRICT,bg+hr+mk+sr
data,cs,A1,638,Wald,mežs,Les,FAMILY_COPY_STRICT,cs+sk
data,sk,A1,638,Wald,mežs,Les,FAMILY_COPY_STRICT,cs+sk
data,fi,A1,638,Wald,mežs,Mets,FAMILY_COPY_STRICT,fi+is+nb+nn+sv
data,is,A1,638,Wald,mežs,Mets,FAMILY_COPY_STRICT,fi+is+nb+nn+sv
data,nb,A1,638,Wald,mežs,Mets,FAMILY_COPY_STRICT,fi+is+nb+nn+sv
data,nn,A1,638,Wald,mežs,Mets,FAMILY_COPY_STRICT,fi+is+nb+nn+sv
data,sv,A1,638,Wald,mežs,Mets,FAMILY_COPY_STRICT,fi+is+nb+nn+sv
data,it,A1,638,Wald,mežs,Mežs,FAMILY_COPY_STRICT,it+nl+pt
data,nl,A1,638,Wald,mežs,Mežs,FAMILY_COPY_STRICT,it+nl+pt
data,pt,A1,638,Wald,mežs,Mežs,FAMILY_COPY_STRICT,it+nl+pt
data,sq,A1,638,Wald,mežs,Orman,FAMILY_COPY_STRICT,sq+tr
data,tr,A1,638,Wald,mežs,Orman,FAMILY_COPY_STRICT,sq+tr
data,hr,A1,639,Wand,siena,Ѕид,SCRIPT_MISMATCH,
data,hr,A1,639,Wand,siena,Ѕид,MARKER_LEAK,foreign_script
data,it,A1,639,Wand,siena,Siena,SAME_AS_LV_CASEFOLD,casefold_only
data,lt,A1,639,Wand,siena,siena,SAME_AS_LV_CASEFOLD,exact
data,nl,A1,639,Wand,siena,Siena,SAME_AS_LV_CASEFOLD,casefold_only
data,pt,A1,639,Wand,siena,Siena,SAME_AS_LV_CASEFOLD,casefold_only
data,bg,A1,639,Wand,siena,Стена,FAMILY_COPY_STRICT,bg+ru
data,ru,A1,639,Wand,siena,Стена,FAMILY_COPY_STRICT,bg+ru
data,fi,A1,639,Wand,siena,Sein,FAMILY_COPY_STRICT,fi+sv
data,sv,A1,639,Wand,siena,Sein,FAMILY_COPY_STRICT,fi+sv
data,hr,A1,639,Wand,siena,Ѕид,FAMILY_COPY_STRICT,hr+mk+sr
data,mk,A1,639,Wand,siena,Ѕид,FAMILY_COPY_STRICT,hr+mk+sr
data,sr,A1,639,Wand,siena,Ѕид,FAMILY_COPY_STRICT,hr+mk+sr
data,is,A1,639,Wand,siena,Sent,FAMILY_COPY_STRICT,is+nb+nn
data,nb,A1,639,Wand,siena,Sent,FAMILY_COPY_STRICT,is+nb+nn
data,nn,A1,639,Wand,siena,Sent,FAMILY_COPY_STRICT,is+nb+nn
data,it,A1,639,Wand,siena,Siena,FAMILY_COPY_STRICT,it+nl+pt
data,nl,A1,639,Wand,siena,Siena,FAMILY_COPY_STRICT,it+nl+pt
data,pt,A1,639,Wand,siena,Siena,FAMILY_COPY_STRICT,it+nl+pt
data,hr,A1,640,wann,kad,Кога,SCRIPT_MISMATCH,
data,hr,A1,640,wann,kad,Кога,MARKER_LEAK,foreign_script
data,nl,A1,640,wann,kad,Kad,SAME_AS_LV_CASEFOLD,casefold_only
data,bg,A1,640,wann,kad,Кога,FAMILY_COPY_STRICT,bg+hr+mk+sr
data,hr,A1,640,wann,kad,Кога,FAMILY_COPY_STRICT,bg+hr+mk+sr
data,mk,A1,640,wann,kad,Кога,FAMILY_COPY_STRICT,bg+hr+mk+sr
data,sr,A1,640,wann,kad,Кога,FAMILY_COPY_STRICT,bg+hr+mk+sr
data,bs,A1,640,wann,kad,kada,FAMILY_COPY_STRICT,bs+lt
data,lt,A1,640,wann,kad,kada,FAMILY_COPY_STRICT,bs+lt
data,fi,A1,640,wann,kad,Millal,FAMILY_COPY_STRICT,fi+is+nb+nn+sv
data,is,A1,640,wann,kad,Millal,FAMILY_COPY_STRICT,fi+is+nb+nn+sv
data,nb,A1,640,wann,kad,Millal,FAMILY_COPY_STRICT,fi+is+nb+nn+sv
data,nn,A1,640,wann,kad,Millal,FAMILY_COPY_STRICT,fi+is+nb+nn+sv
data,sv,A1,640,wann,kad,Millal,FAMILY_COPY_STRICT,fi+is+nb+nn+sv
data,hr,A1,641,warm,silts,Топло,SCRIPT_MISMATCH,
data,hr,A1,641,warm,silts,Топло,MARKER_LEAK,foreign_script
data,nl,A1,641,warm,silts,Silts,SAME_AS_LV_CASEFOLD,casefold_only
data,bg,A1,641,warm,silts,Топло,FAMILY_COPY_STRICT,bg+hr+mk+sr
data,hr,A1,641,warm,silts,Топло,FAMILY_COPY_STRICT,bg+hr+mk+sr
data,mk,A1,641,warm,silts,Топло,FAMILY_COPY_STRICT,bg+hr+mk+sr
data,sr,A1,641,warm,silts,Топло,FAMILY_COPY_STRICT,bg+hr+mk+sr
data,cs,A1,641,warm,silts,Teplý,FAMILY_COPY_STRICT,cs+sk
data,sk,A1,641,warm,silts,Teplý,FAMILY_COPY_STRICT,cs+sk
data,fi,A1,641,warm,silts,Soe,FAMILY_COPY_STRICT,fi+is+nb+nn+sv
data,is,A1,641,warm,silts,Soe,FAMILY_COPY_STRICT,fi+is+nb+nn+sv
data,nb,A1,641,warm,silts,Soe,FAMILY_COPY_STRICT,fi+is+nb+nn+sv
data,nn,A1,641,warm,silts,Soe,FAMILY_COPY_STRICT,fi+is+nb+nn+sv
data,sv,A1,641,warm,silts,Soe,FAMILY_COPY_STRICT,fi+is+nb+nn+sv
data,sr,A1,642,warten,gaidīt,- Čekaj.,LV_DIACRITIC,
data,sr,A1,642,warten,gaidīt,- Čekaj.,SCRIPT_MISMATCH,sr_as_cyrillic
data,sr,A1,642,warten,gaidīt,- Čekaj.,MARKER_LEAK,latin_in_cyrillic
data,fi,A1,642,warten,gaidīt,Ootama,FAMILY_COPY_STRICT,fi+is+nb+nn+sv
data,is,A1,642,warten,gaidīt,Ootama,FAMILY_COPY_STRICT,fi+is+nb+nn+sv
data,nb,A1,642,warten,gaidīt,Ootama,FAMILY_COPY_STRICT,fi+is+nb+nn+sv
data,nn,A1,642,warten,gaidīt,Ootama,FAMILY_COPY_STRICT,fi+is+nb+nn+sv
data,sv,A1,642,warten,gaidīt,Ootama,FAMILY_COPY_STRICT,fi+is+nb+nn+sv
data,hr,A1,642,warten,gaidīt,- Čekaj.,FAMILY_COPY_STRICT,hr+sr
data,sr,A1,642,warten,gaidīt,- Čekaj.,FAMILY_COPY_STRICT,hr+sr
data,hr,A1,643,warum,kāpēc,Зошто,SCRIPT_MISMATCH,
data,hr,A1,643,warum,kāpēc,Зошто,MARKER_LEAK,foreign_script
data,nl,A1,643,warum,kāpēc,Kāpēc,SAME_AS_LV_CASEFOLD,casefold_only
data,nl,A1,643,warum,kāpēc,Kāpēc,LV_DIACRITIC,
data,nl,A1,643,warum,kāpēc,Kāpēc,MARKER_LEAK,lv_macron_consonant
data,fi,A1,643,warum,kāpēc,Miks,FAMILY_COPY_STRICT,fi+sv
data,sv,A1,643,warum,kāpēc,Miks,FAMILY_COPY_STRICT,fi+sv
data,hr,A1,643,warum,kāpēc,Зошто,FAMILY_COPY_STRICT,hr+mk+sr
data,mk,A1,643,warum,kāpēc,Зошто,FAMILY_COPY_STRICT,hr+mk+sr
data,sr,A1,643,warum,kāpēc,Зошто,FAMILY_COPY_STRICT,hr+mk+sr
data,is,A1,643,warum,kāpēc,Blande,FAMILY_COPY_STRICT,is+nb+nn
data,nb,A1,643,warum,kāpēc,Blande,FAMILY_COPY_STRICT,is+nb+nn
data,nn,A1,643,warum,kāpēc,Blande,FAMILY_COPY_STRICT,is+nb+nn
data,it,A1,643,warum,kāpēc,Kapec,FAMILY_COPY_STRICT,it+pt
data,pt,A1,643,warum,kāpēc,Kapec,FAMILY_COPY_STRICT,it+pt
data,hr,A1,644,was,kas • ko,Кой • Какво,SCRIPT_MISMATCH,
data,hr,A1,644,was,kas • ko,Кой • Какво,MARKER_LEAK,foreign_script
data,nl,A1,644,was,kas • ko,Kas • Ko,SAME_AS_LV_CASEFOLD,casefold_only
data,bg,A1,644,was,kas • ko,Кой • Какво,FAMILY_COPY_STRICT,bg+hr+mk
data,hr,A1,644,was,kas • ko,Кой • Какво,FAMILY_COPY_STRICT,bg+hr+mk
data,mk,A1,644,was,kas • ko,Кой • Какво,FAMILY_COPY_STRICT,bg+hr+mk
data,fi,A1,644,was,kas • ko,Mis • Mida,FAMILY_COPY_STRICT,fi+is+nb+nn
data,is,A1,644,was,kas • ko,Mis • Mida,FAMILY_COPY_STRICT,fi+is+nb+nn
data,nb,A1,644,was,kas • ko,Mis • Mida,FAMILY_COPY_STRICT,fi+is+nb+nn
data,nn,A1,644,was,kas • ko,Mis • Mida,FAMILY_COPY_STRICT,fi+is+nb+nn
data,sq,A1,644,was,kas • ko,Kim • Ne,FAMILY_COPY_STRICT,sq+tr
data,tr,A1,644,was,kas • ko,Kim • Ne,FAMILY_COPY_STRICT,sq+tr
data,lb,A1,645,waschen,mazgāt,Mazgāt,SAME_AS_LV_CASEFOLD,casefold_only
data,lb,A1,645,waschen,mazgāt,Mazgāt,LV_DIACRITIC,
data,lb,A1,645,waschen,mazgāt,Mazgāt,MARKER_LEAK,lv_macron_consonant
data,nl,A1,645,waschen,mazgāt,Mazgāt,SAME_AS_LV_CASEFOLD,casefold_only
data,nl,A1,645,waschen,mazgāt,Mazgāt,LV_DIACRITIC,
data,nl,A1,645,waschen,mazgāt,Mazgāt,MARKER_LEAK,lv_macron_consonant
data,sr,A1,645,waschen,mazgāt,Operi se,SCRIPT_MISMATCH,sr_as_cyrillic
data,sr,A1,645,waschen,mazgāt,Operi se,MARKER_LEAK,latin_in_cyrillic
data,fi,A1,645,waschen,mazgāt,Pesema,FAMILY_COPY_STRICT,fi+sv
data,sv,A1,645,waschen,mazgāt,Pesema,FAMILY_COPY_STRICT,fi+sv
data,hr,A1,645,waschen,mazgāt,Operi se,FAMILY_COPY_STRICT,hr+sr
data,sr,A1,645,waschen,mazgāt,Operi se,FAMILY_COPY_STRICT,hr+sr
data,is,A1,645,waschen,mazgāt,Dikt,FAMILY_COPY_STRICT,is+nb+nn
data,nb,A1,645,waschen,mazgāt,Dikt,FAMILY_COPY_STRICT,is+nb+nn
data,nn,A1,645,waschen,mazgāt,Dikt,FAMILY_COPY_STRICT,is+nb+nn
data,it,A1,645,waschen,mazgāt,Mazgat,FAMILY_COPY_STRICT,it+pt
data,pt,A1,645,waschen,mazgāt,Mazgat,FAMILY_COPY_STRICT,it+pt
data,lb,A1,645,waschen,mazgāt,Mazgāt,FAMILY_COPY_STRICT,lb+nl
data,nl,A1,645,waschen,mazgāt,Mazgāt,FAMILY_COPY_STRICT,lb+nl
data,nl,A1,646,sich waschen,mazgāties,Mazgāties,SAME_AS_LV_CASEFOLD,casefold_only
data,nl,A1,646,sich waschen,mazgāties,Mazgāties,LV_DIACRITIC,
data,nl,A1,646,sich waschen,mazgāties,Mazgāties,MARKER_LEAK,lv_macron_consonant
data,sr,A1,646,sich waschen,mazgāties,Operi se,SCRIPT_MISMATCH,sr_as_cyrillic
data,sr,A1,646,sich waschen,mazgāties,Operi se,MARKER_LEAK,latin_in_cyrillic
data,fi,A1,646,sich waschen,mazgāties,End pesema,FAMILY_COPY_STRICT,fi+sv
data,sv,A1,646,sich waschen,mazgāties,End pesema,FAMILY_COPY_STRICT,fi+sv
data,hr,A1,646,sich waschen,mazgāties,Operi se,FAMILY_COPY_STRICT,hr+sr
data,sr,A1,646,sich waschen,mazgāties,Operi se,FAMILY_COPY_STRICT,hr+sr
data,is,A1,646,sich waschen,mazgāties,Slutt pesema,FAMILY_COPY_STRICT,is+nb+nn
data,nb,A1,646,sich waschen,mazgāties,Slutt pesema,FAMILY_COPY_STRICT,is+nb+nn
data,nn,A1,646,sich waschen,mazgāties,Slutt pesema,FAMILY_COPY_STRICT,is+nb+nn
data,hr,A1,647,Weg,ceļš,Път,SCRIPT_MISMATCH,
data,hr,A1,647,Weg,ceļš,Път,MARKER_LEAK,foreign_script
data,bg,A1,647,Weg,ceļš,Път,FAMILY_COPY_STRICT,bg+hr+mk+sr
data,hr,A1,647,Weg,ceļš,Път,FAMILY_COPY_STRICT,bg+hr+mk+sr
data,mk,A1,647,Weg,ceļš,Път,FAMILY_COPY_STRICT,bg+hr+mk+sr
data,sr,A1,647,Weg,ceļš,Път,FAMILY_COPY_STRICT,bg+hr+mk+sr
data,fi,A1,647,Weg,ceļš,Tee,FAMILY_COPY_STRICT,fi+sv
data,sv,A1,647,Weg,ceļš,Tee,FAMILY_COPY_STRICT,fi+sv
data,is,A1,647,Weg,ceļš,T-skjorte,FAMILY_COPY_STRICT,is+nb+nn
data,nb,A1,647,Weg,ceļš,T-skjorte,FAMILY_COPY_STRICT,is+nb+nn
data,nn,A1,647,Weg,ceļš,T-skjorte,FAMILY_COPY_STRICT,is+nb+nn
data,fi,A1,648,Weihnachten,Ziemassvētki,Jõulud,MARKER_LEAK,et_otilde
data,hr,A1,648,Weihnachten,Ziemassvētki,Коледа,SCRIPT_MISMATCH,
data,hr,A1,648,Weihnachten,Ziemassvētki,Коледа,MARKER_LEAK,foreign_script
data,is,A1,648,Weihnachten,Ziemassvētki,Jõulud,MARKER_LEAK,et_otilde
data,lb,A1,648,Weihnachten,Ziemassvētki,Ziemassvētki,SAME_AS_LV_CASEFOLD,exact
data,lb,A1,648,Weihnachten,Ziemassvētki,Ziemassvētki,LV_DIACRITIC,
data,lb,A1,648,Weihnachten,Ziemassvētki,Ziemassvētki,MARKER_LEAK,lv_macron_consonant
data,nb,A1,648,Weihnachten,Ziemassvētki,Jõulud,MARKER_LEAK,et_otilde
data,nn,A1,648,Weihnachten,Ziemassvētki,Jõulud,MARKER_LEAK,et_otilde
data,sv,A1,648,Weihnachten,Ziemassvētki,Jõulud,MARKER_LEAK,et_otilde
data,bg,A1,648,Weihnachten,Ziemassvētki,Коледа,FAMILY_COPY_STRICT,bg+hr+mk+sr
data,hr,A1,648,Weihnachten,Ziemassvētki,Коледа,FAMILY_COPY_STRICT,bg+hr+mk+sr
data,mk,A1,648,Weihnachten,Ziemassvētki,Коледа,FAMILY_COPY_STRICT,bg+hr+mk+sr
data,sr,A1,648,Weihnachten,Ziemassvētki,Коледа,FAMILY_COPY_STRICT,bg+hr+mk+sr
data,fi,A1,648,Weihnachten,Ziemassvētki,Jõulud,FAMILY_COPY_STRICT,fi+is+nb+nn+sv
data,is,A1,648,Weihnachten,Ziemassvētki,Jõulud,FAMILY_COPY_STRICT,fi+is+nb+nn+sv
data,nb,A1,648,Weihnachten,Ziemassvētki,Jõulud,FAMILY_COPY_STRICT,fi+is+nb+nn+sv
data,nn,A1,648,Weihnachten,Ziemassvētki,Jõulud,FAMILY_COPY_STRICT,fi+is+nb+nn+sv
data,sv,A1,648,Weihnachten,Ziemassvētki,Jõulud,FAMILY_COPY_STRICT,fi+is+nb+nn+sv
data,it,A1,648,Weihnachten,Ziemassvētki,Ziemassvetki,FAMILY_COPY_STRICT,it+pt
data,pt,A1,648,Weihnachten,Ziemassvētki,Ziemassvetki,FAMILY_COPY_STRICT,it+pt
data,sq,A1,648,Weihnachten,Ziemassvētki,Noel,FAMILY_COPY_STRICT,sq+tr
data,tr,A1,648,Weihnachten,Ziemassvētki,Noel,FAMILY_COPY_STRICT,sq+tr
data,hr,A1,649,Wein,vīns,Вино,SCRIPT_MISMATCH,
data,hr,A1,649,Wein,vīns,Вино,MARKER_LEAK,foreign_script
data,nl,A1,649,Wein,vīns,Vīns,SAME_AS_LV_CASEFOLD,casefold_only
data,nl,A1,649,Wein,vīns,Vīns,LV_DIACRITIC,
data,nl,A1,649,Wein,vīns,Vīns,MARKER_LEAK,lv_macron_consonant
data,bg,A1,649,Wein,vīns,Вино,FAMILY_COPY_STRICT,bg+hr+mk+ru+sr
data,hr,A1,649,Wein,vīns,Вино,FAMILY_COPY_STRICT,bg+hr+mk+ru+sr
data,mk,A1,649,Wein,vīns,Вино,FAMILY_COPY_STRICT,bg+hr+mk+ru+sr
data,ru,A1,649,Wein,vīns,Вино,FAMILY_COPY_STRICT,bg+hr+mk+ru+sr
data,sr,A1,649,Wein,vīns,Вино,FAMILY_COPY_STRICT,bg+hr+mk+ru+sr
data,bs,A1,649,Wein,vīns,vino,FAMILY_COPY_STRICT,bs+es+sl
data,es,A1,649,Wein,vīns,vino,FAMILY_COPY_STRICT,bs+es+sl
data,sl,A1,649,Wein,vīns,vino,FAMILY_COPY_STRICT,bs+es+sl
data,cs,A1,649,Wein,vīns,Víno,FAMILY_COPY_STRICT,cs+sk
data,sk,A1,649,Wein,vīns,Víno,FAMILY_COPY_STRICT,cs+sk
data,da,A1,649,Wein,vīns,Vin,FAMILY_COPY_STRICT,da+fr+ro
data,fr,A1,649,Wein,vīns,Vin,FAMILY_COPY_STRICT,da+fr+ro
data,ro,A1,649,Wein,vīns,Vin,FAMILY_COPY_STRICT,da+fr+ro
data,fi,A1,649,Wein,vīns,Vein,FAMILY_COPY_STRICT,fi+sv
data,sv,A1,649,Wein,vīns,Vein,FAMILY_COPY_STRICT,fi+sv
data,is,A1,649,Wein,vīns,Blodåre,FAMILY_COPY_STRICT,is+nb+nn
data,nb,A1,649,Wein,vīns,Blodåre,FAMILY_COPY_STRICT,is+nb+nn
data,nn,A1,649,Wein,vīns,Blodåre,FAMILY_COPY_STRICT,is+nb+nn
data,hr,A1,650,weinen,raudāt,Плачи,SCRIPT_MISMATCH,
data,hr,A1,650,weinen,raudāt,Плачи,MARKER_LEAK,foreign_script
data,nl,A1,650,weinen,raudāt,Raudāt,SAME_AS_LV_CASEFOLD,casefold_only
data,nl,A1,650,weinen,raudāt,Raudāt,LV_DIACRITIC,
data,nl,A1,650,weinen,raudāt,Raudāt,MARKER_LEAK,lv_macron_consonant
data,sq,A1,650,weinen,raudāt,Ağlamak,MARKER_LEAK,tr_soft
data,bg,A1,650,weinen,raudāt,Плачи,FAMILY_COPY_STRICT,bg+hr+mk+sr
data,hr,A1,650,weinen,raudāt,Плачи,FAMILY_COPY_STRICT,bg+hr+mk+sr
data,mk,A1,650,weinen,raudāt,Плачи,FAMILY_COPY_STRICT,bg+hr+mk+sr
data,sr,A1,650,weinen,raudāt,Плачи,FAMILY_COPY_STRICT,bg+hr+mk+sr
data,fi,A1,650,weinen,raudāt,Nutma,FAMILY_COPY_STRICT,fi+is+nb+nn+sv
data,is,A1,650,weinen,raudāt,Nutma,FAMILY_COPY_STRICT,fi+is+nb+nn+sv
data,nb,A1,650,weinen,raudāt,Nutma,FAMILY_COPY_STRICT,fi+is+nb+nn+sv
data,nn,A1,650,weinen,raudāt,Nutma,FAMILY_COPY_STRICT,fi+is+nb+nn+sv
data,sv,A1,650,weinen,raudāt,Nutma,FAMILY_COPY_STRICT,fi+is+nb+nn+sv
data,it,A1,650,weinen,raudāt,Raudat,FAMILY_COPY_STRICT,it+pt
data,pt,A1,650,weinen,raudāt,Raudat,FAMILY_COPY_STRICT,it+pt
data,sq,A1,650,weinen,raudāt,Ağlamak,FAMILY_COPY_STRICT,sq+tr
data,tr,A1,650,weinen,raudāt,Ağlamak,FAMILY_COPY_STRICT,sq+tr
data,hr,A1,651,weiß,balts,Бяло,SCRIPT_MISMATCH,
data,hr,A1,651,weiß,balts,Бяло,MARKER_LEAK,foreign_script
data,nl,A1,651,weiß,balts,Balts,SAME_AS_LV_CASEFOLD,casefold_only
data,bg,A1,651,weiß,balts,Бяло,FAMILY_COPY_STRICT,bg+hr+mk+sr
data,hr,A1,651,weiß,balts,Бяло,FAMILY_COPY_STRICT,bg+hr+mk+sr
data,mk,A1,651,weiß,balts,Бяло,FAMILY_COPY_STRICT,bg+hr+mk+sr
data,sr,A1,651,weiß,balts,Бяло,FAMILY_COPY_STRICT,bg+hr+mk+sr
data,fi,A1,651,weiß,balts,Valge,FAMILY_COPY_STRICT,fi+sv
data,sv,A1,651,weiß,balts,Valge,FAMILY_COPY_STRICT,fi+sv
data,is,A1,651,weiß,balts,Valg,FAMILY_COPY_STRICT,is+nb+nn
data,nb,A1,651,weiß,balts,Valg,FAMILY_COPY_STRICT,is+nb+nn
data,nn,A1,651,weiß,balts,Valg,FAMILY_COPY_STRICT,is+nb+nn
data,sq,A1,651,weiß,balts,Beyaz,FAMILY_COPY_STRICT,sq+tr
data,tr,A1,651,weiß,balts,Beyaz,FAMILY_COPY_STRICT,sq+tr
data,hr,A1,652,welcher,kurš,СЗО,SCRIPT_MISMATCH,
data,hr,A1,652,welcher,kurš,СЗО,MARKER_LEAK,foreign_script
data,it,A1,652,welcher,kurš,Kurš,SAME_AS_LV_CASEFOLD,casefold_only
data,it,A1,652,welcher,kurš,Kurš,LV_DIACRITIC,
data,lb,A1,652,welcher,kurš,Kurš,SAME_AS_LV_CASEFOLD,casefold_only
data,lb,A1,652,welcher,kurš,Kurš,LV_DIACRITIC,
data,nl,A1,652,welcher,kurš,Kurš,SAME_AS_LV_CASEFOLD,casefold_only
data,nl,A1,652,welcher,kurš,Kurš,LV_DIACRITIC,
data,bg,A1,652,welcher,kurš,СЗО,FAMILY_COPY_STRICT,bg+hr+mk+sr
data,hr,A1,652,welcher,kurš,СЗО,FAMILY_COPY_STRICT,bg+hr+mk+sr
data,mk,A1,652,welcher,kurš,СЗО,FAMILY_COPY_STRICT,bg+hr+mk+sr
data,sr,A1,652,welcher,kurš,СЗО,FAMILY_COPY_STRICT,bg+hr+mk+sr
data,da,A1,652,welcher,kurš,WHO,FAMILY_COPY_STRICT,da+hu
data,hu,A1,652,welcher,kurš,WHO,FAMILY_COPY_STRICT,da+hu
data,fi,A1,652,welcher,kurš,Milline,FAMILY_COPY_STRICT,fi+sv
data,sv,A1,652,welcher,kurš,Milline,FAMILY_COPY_STRICT,fi+sv
data,fr,A1,652,welcher,kurš,OMS,FAMILY_COPY_STRICT,fr+ro
data,ro,A1,652,welcher,kurš,OMS,FAMILY_COPY_STRICT,fr+ro
data,is,A1,652,welcher,kurš,Millie,FAMILY_COPY_STRICT,is+nb+nn
data,nb,A1,652,welcher,kurš,Millie,FAMILY_COPY_STRICT,is+nb+nn
data,nn,A1,652,welcher,kurš,Millie,FAMILY_COPY_STRICT,is+nb+nn
data,it,A1,652,welcher,kurš,Kurš,FAMILY_COPY_STRICT,it+lb+nl
data,lb,A1,652,welcher,kurš,Kurš,FAMILY_COPY_STRICT,it+lb+nl
data,nl,A1,652,welcher,kurš,Kurš,FAMILY_COPY_STRICT,it+lb+nl
data,hr,A1,653,Welt,pasaule,Свети,SCRIPT_MISMATCH,
data,hr,A1,653,Welt,pasaule,Свети,MARKER_LEAK,foreign_script
data,lb,A1,653,Welt,pasaule,Pasaule,SAME_AS_LV_CASEFOLD,casefold_only
data,nl,A1,653,Welt,pasaule,Pasaule,SAME_AS_LV_CASEFOLD,casefold_only
data,fi,A1,653,Welt,pasaule,Maailm,FAMILY_COPY_STRICT,fi+is+nb+nn+sv
data,is,A1,653,Welt,pasaule,Maailm,FAMILY_COPY_STRICT,fi+is+nb+nn+sv
data,nb,A1,653,Welt,pasaule,Maailm,FAMILY_COPY_STRICT,fi+is+nb+nn+sv
data,nn,A1,653,Welt,pasaule,Maailm,FAMILY_COPY_STRICT,fi+is+nb+nn+sv
data,sv,A1,653,Welt,pasaule,Maailm,FAMILY_COPY_STRICT,fi+is+nb+nn+sv
data,hr,A1,653,Welt,pasaule,Свети,FAMILY_COPY_STRICT,hr+mk+sr
data,mk,A1,653,Welt,pasaule,Свети,FAMILY_COPY_STRICT,hr+mk+sr
data,sr,A1,653,Welt,pasaule,Свети,FAMILY_COPY_STRICT,hr+mk+sr
data,lb,A1,653,Welt,pasaule,Pasaule,FAMILY_COPY_STRICT,lb+nl
data,nl,A1,653,Welt,pasaule,Pasaule,FAMILY_COPY_STRICT,lb+nl
data,hr,A1,654,wenig,maz,Малку,SCRIPT_MISMATCH,
data,hr,A1,654,wenig,maz,Малку,MARKER_LEAK,foreign_script
data,it,A1,654,wenig,maz,Maz,SAME_AS_LV_CASEFOLD,casefold_only
data,nl,A1,654,wenig,maz,Maz,SAME_AS_LV_CASEFOLD,casefold_only
data,pt,A1,654,wenig,maz,Maz,SAME_AS_LV_CASEFOLD,casefold_only
data,bs,A1,654,wenig,maz,malo,FAMILY_COPY_STRICT,bs+sl
data,sl,A1,654,wenig,maz,malo,FAMILY_COPY_STRICT,bs+sl
data,cs,A1,654,wenig,maz,Málo,FAMILY_COPY_STRICT,cs+sk
data,sk,A1,654,wenig,maz,Málo,FAMILY_COPY_STRICT,cs+sk
data,fi,A1,654,wenig,maz,Vähe,FAMILY_COPY_STRICT,fi+sv
data,sv,A1,654,wenig,maz,Vähe,FAMILY_COPY_STRICT,fi+sv
data,hr,A1,654,wenig,maz,Малку,FAMILY_COPY_STRICT,hr+mk+sr
data,mk,A1,654,wenig,maz,Малку,FAMILY_COPY_STRICT,hr+mk+sr
data,sr,A1,654,wenig,maz,Малку,FAMILY_COPY_STRICT,hr+mk+sr
data,is,A1,654,wenig,maz,Litt,FAMILY_COPY_STRICT,is+nb+nn
data,nb,A1,654,wenig,maz,Litt,FAMILY_COPY_STRICT,is+nb+nn
data,nn,A1,654,wenig,maz,Litt,FAMILY_COPY_STRICT,is+nb+nn
data,it,A1,654,wenig,maz,Maz,FAMILY_COPY_STRICT,it+nl+pt
data,nl,A1,654,wenig,maz,Maz,FAMILY_COPY_STRICT,it+nl+pt
data,pt,A1,654,wenig,maz,Maz,FAMILY_COPY_STRICT,it+nl+pt
data,nl,A1,655,wenn,ja • kad,Ja • Kad,SAME_AS_LV_CASEFOLD,casefold_only
data,bg,A1,655,wenn,ja • kad,Ако • Кога,FAMILY_COPY_STRICT,bg+mk
data,mk,A1,655,wenn,ja • kad,Ако • Кога,FAMILY_COPY_STRICT,bg+mk
data,fi,A1,655,wenn,ja • kad,Kui (tingimus) • Kui (aeg),FAMILY_COPY_STRICT,fi+is+nb+nn
data,is,A1,655,wenn,ja • kad,Kui (tingimus) • Kui (aeg),FAMILY_COPY_STRICT,fi+is+nb+nn
data,nb,A1,655,wenn,ja • kad,Kui (tingimus) • Kui (aeg),FAMILY_COPY_STRICT,fi+is+nb+nn
data,nn,A1,655,wenn,ja • kad,Kui (tingimus) • Kui (aeg),FAMILY_COPY_STRICT,fi+is+nb+nn
data,hr,A1,656,wer,kas • kurš,Кой • Кой,SCRIPT_MISMATCH,
data,hr,A1,656,wer,kas • kurš,Кой • Кой,MARKER_LEAK,foreign_script
data,it,A1,656,wer,kas • kurš,Kas • Kurš,SAME_AS_LV_CASEFOLD,casefold_only
data,it,A1,656,wer,kas • kurš,Kas • Kurš,LV_DIACRITIC,
data,lb,A1,656,wer,kas • kurš,Kas • Kurš,SAME_AS_LV_CASEFOLD,casefold_only
data,lb,A1,656,wer,kas • kurš,Kas • Kurš,LV_DIACRITIC,
data,nl,A1,656,wer,kas • kurš,Kas • Kurš,SAME_AS_LV_CASEFOLD,casefold_only
data,nl,A1,656,wer,kas • kurš,Kas • Kurš,LV_DIACRITIC,
data,pt,A1,656,wer,kas • kurš,Kaš • Kurš,LV_DIACRITIC,
data,bg,A1,656,wer,kas • kurš,Кой • Кой,FAMILY_COPY_STRICT,bg+hr+mk
data,hr,A1,656,wer,kas • kurš,Кой • Кой,FAMILY_COPY_STRICT,bg+hr+mk
data,mk,A1,656,wer,kas • kurš,Кой • Кой,FAMILY_COPY_STRICT,bg+hr+mk
data,is,A1,656,wer,kas • kurš,Kes • Cumb,FAMILY_COPY_STRICT,is+nb+nn
data,nb,A1,656,wer,kas • kurš,Kes • Cumb,FAMILY_COPY_STRICT,is+nb+nn
data,nn,A1,656,wer,kas • kurš,Kes • Cumb,FAMILY_COPY_STRICT,is+nb+nn
data,it,A1,656,wer,kas • kurš,Kas • Kurš,FAMILY_COPY_STRICT,it+lb+nl
data,lb,A1,656,wer,kas • kurš,Kas • Kurš,FAMILY_COPY_STRICT,it+lb+nl
data,nl,A1,656,wer,kas • kurš,Kas • Kurš,FAMILY_COPY_STRICT,it+lb+nl
data,pl,A1,656,wer,kas • kurš,Kto • Kto,FAMILY_COPY_STRICT,pl+sk
data,sk,A1,656,wer,kas • kurš,Kto • Kto,FAMILY_COPY_STRICT,pl+sk
data,sq,A1,656,wer,kas • kurš,Kim • Kim,FAMILY_COPY_STRICT,sq+tr
data,tr,A1,656,wer,kas • kurš,Kim • Kim,FAMILY_COPY_STRICT,sq+tr
data,hr,A1,657,werden,kļūt,Станете,SCRIPT_MISMATCH,
data,hr,A1,657,werden,kļūt,Станете,MARKER_LEAK,foreign_script
data,it,A1,657,werden,kļūt,Kļût,LV_DIACRITIC,
data,it,A1,657,werden,kļūt,Kļût,MARKER_LEAK,lv_macron_consonant
data,nl,A1,657,werden,kļūt,Kļūt,SAME_AS_LV_CASEFOLD,casefold_only
data,nl,A1,657,werden,kļūt,Kļūt,LV_DIACRITIC,
data,nl,A1,657,werden,kļūt,Kļūt,MARKER_LEAK,lv_macron_consonant+lv_u_macron
data,pt,A1,657,werden,kļūt,Kļût,LV_DIACRITIC,
data,pt,A1,657,werden,kļūt,Kļût,MARKER_LEAK,lv_macron_consonant
data,bg,A1,657,werden,kļūt,Станете,FAMILY_COPY_STRICT,bg+hr+mk+sr
data,hr,A1,657,werden,kļūt,Станете,FAMILY_COPY_STRICT,bg+hr+mk+sr
data,mk,A1,657,werden,kļūt,Станете,FAMILY_COPY_STRICT,bg+hr+mk+sr
data,sr,A1,657,werden,kļūt,Станете,FAMILY_COPY_STRICT,bg+hr+mk+sr
data,bs,A1,657,werden,kļūt,postati,FAMILY_COPY_STRICT,bs+sl
data,sl,A1,657,werden,kļūt,postati,FAMILY_COPY_STRICT,bs+sl
data,fi,A1,657,werden,kļūt,Saama,FAMILY_COPY_STRICT,fi+is+nb+nn+sv
data,is,A1,657,werden,kļūt,Saama,FAMILY_COPY_STRICT,fi+is+nb+nn+sv
data,nb,A1,657,werden,kļūt,Saama,FAMILY_COPY_STRICT,fi+is+nb+nn+sv
data,nn,A1,657,werden,kļūt,Saama,FAMILY_COPY_STRICT,fi+is+nb+nn+sv
data,sv,A1,657,werden,kļūt,Saama,FAMILY_COPY_STRICT,fi+is+nb+nn+sv
data,it,A1,657,werden,kļūt,Kļût,FAMILY_COPY_STRICT,it+pt
data,pt,A1,657,werden,kļūt,Kļût,FAMILY_COPY_STRICT,it+pt
data,it,A1,658,Wetter,laiks (laikapstākļi),Spawn (laikapstākųi),LV_DIACRITIC,
data,it,A1,658,Wetter,laiks (laikapstākļi),Spawn (laikapstākųi),MARKER_LEAK,lv_macron_consonant
data,nl,A1,658,Wetter,laiks (laikapstākļi),Laiks (laikapstākļi),SAME_AS_LV_CASEFOLD,casefold_only
data,nl,A1,658,Wetter,laiks (laikapstākļi),Laiks (laikapstākļi),LV_DIACRITIC,
data,nl,A1,658,Wetter,laiks (laikapstākļi),Laiks (laikapstākļi),MARKER_LEAK,lv_macron_consonant
data,pt,A1,658,Wetter,laiks (laikapstākļi),Desova (laikapstākųi),LV_DIACRITIC,
data,pt,A1,658,Wetter,laiks (laikapstākļi),Desova (laikapstākųi),MARKER_LEAK,lv_macron_consonant
data,sr,A1,658,Wetter,laiks (laikapstākļi),Čas (i),LV_DIACRITIC,
data,sr,A1,658,Wetter,laiks (laikapstākļi),Čas (i),SCRIPT_MISMATCH,sr_as_cyrillic
data,sr,A1,658,Wetter,laiks (laikapstākļi),Čas (i),MARKER_LEAK,latin_in_cyrillic
data,bg,A1,658,Wetter,laiks (laikapstākļi),Време (времето),FAMILY_COPY_STRICT,bg+mk
data,mk,A1,658,Wetter,laiks (laikapstākļi),Време (времето),FAMILY_COPY_STRICT,bg+mk
data,fi,A1,658,Wetter,laiks (laikapstākļi),Ilm (ilmastik),FAMILY_COPY_STRICT,fi+sv
data,sv,A1,658,Wetter,laiks (laikapstākļi),Ilm (ilmastik),FAMILY_COPY_STRICT,fi+sv
data,hr,A1,658,Wetter,laiks (laikapstākļi),Čas (i),FAMILY_COPY_STRICT,hr+sr
data,sr,A1,658,Wetter,laiks (laikapstākļi),Čas (i),FAMILY_COPY_STRICT,hr+sr
data,is,A1,658,Wetter,laiks (laikapstākļi),Ilm (luftmastikk),FAMILY_COPY_STRICT,is+nb+nn
data,nb,A1,658,Wetter,laiks (laikapstākļi),Ilm (luftmastikk),FAMILY_COPY_STRICT,is+nb+nn
data,nn,A1,658,Wetter,laiks (laikapstākļi),Ilm (luftmastikk),FAMILY_COPY_STRICT,is+nb+nn
data,nl,A1,659,wichtig,svarīgs,Svarīgs,SAME_AS_LV_CASEFOLD,casefold_only
data,nl,A1,659,wichtig,svarīgs,Svarīgs,LV_DIACRITIC,
data,nl,A1,659,wichtig,svarīgs,Svarīgs,MARKER_LEAK,lv_macron_consonant
data,sr,A1,659,wichtig,svarīgs,Pomembno je.,SCRIPT_MISMATCH,sr_as_cyrillic
data,sr,A1,659,wichtig,svarīgs,Pomembno je.,MARKER_LEAK,latin_in_cyrillic
data,bg,A1,659,wichtig,svarīgs,Важно,FAMILY_COPY_STRICT,bg+mk
data,mk,A1,659,wichtig,svarīgs,Важно,FAMILY_COPY_STRICT,bg+mk
data,en,A1,659,wichtig,svarīgs,Important,FAMILY_COPY_STRICT,en+fr+ro
data,fr,A1,659,wichtig,svarīgs,Important,FAMILY_COPY_STRICT,en+fr+ro
data,ro,A1,659,wichtig,svarīgs,Important,FAMILY_COPY_STRICT,en+fr+ro
data,fi,A1,659,wichtig,svarīgs,Tähtis,FAMILY_COPY_STRICT,fi+is+nb+nn+sv
data,is,A1,659,wichtig,svarīgs,Tähtis,FAMILY_COPY_STRICT,fi+is+nb+nn+sv
data,nb,A1,659,wichtig,svarīgs,Tähtis,FAMILY_COPY_STRICT,fi+is+nb+nn+sv
data,nn,A1,659,wichtig,svarīgs,Tähtis,FAMILY_COPY_STRICT,fi+is+nb+nn+sv
data,sv,A1,659,wichtig,svarīgs,Tähtis,FAMILY_COPY_STRICT,fi+is+nb+nn+sv
data,hr,A1,659,wichtig,svarīgs,Pomembno je.,FAMILY_COPY_STRICT,hr+sr
data,sr,A1,659,wichtig,svarīgs,Pomembno je.,FAMILY_COPY_STRICT,hr+sr
data,it,A1,659,wichtig,svarīgs,Svarigs,FAMILY_COPY_STRICT,it+pt
data,pt,A1,659,wichtig,svarīgs,Svarigs,FAMILY_COPY_STRICT,it+pt
data,it,A1,660,wie,kā • cik,Kā • Cik,SAME_AS_LV_CASEFOLD,casefold_only
data,it,A1,660,wie,kā • cik,Kā • Cik,LV_DIACRITIC,
data,it,A1,660,wie,kā • cik,Kā • Cik,MARKER_LEAK,lv_macron_consonant
data,nl,A1,660,wie,kā • cik,Kā • Cik,SAME_AS_LV_CASEFOLD,casefold_only
data,nl,A1,660,wie,kā • cik,Kā • Cik,LV_DIACRITIC,
data,nl,A1,660,wie,kā • cik,Kā • Cik,MARKER_LEAK,lv_macron_consonant
data,pt,A1,660,wie,kā • cik,Kā • Cik,SAME_AS_LV_CASEFOLD,casefold_only
data,pt,A1,660,wie,kā • cik,Kā • Cik,LV_DIACRITIC,
data,pt,A1,660,wie,kā • cik,Kā • Cik,MARKER_LEAK,lv_macron_consonant
data,sq,A1,660,wie,kā • cik,Nasıl • Ne kadar,MARKER_LEAK,tr_soft
data,sr,A1,660,wie,kā • cik,Kako • Kuk,SCRIPT_MISMATCH,sr_as_cyrillic
data,sr,A1,660,wie,kā • cik,Kako • Kuk,MARKER_LEAK,latin_in_cyrillic
data,bg,A1,660,wie,kā • cik,Как • Колко,FAMILY_COPY_STRICT,bg+mk
data,mk,A1,660,wie,kā • cik,Как • Колко,FAMILY_COPY_STRICT,bg+mk
data,fi,A1,660,wie,kā • cik,Kuidas • Kui,FAMILY_COPY_STRICT,fi+is+nb+sv
data,is,A1,660,wie,kā • cik,Kuidas • Kui,FAMILY_COPY_STRICT,fi+is+nb+sv
data,nb,A1,660,wie,kā • cik,Kuidas • Kui,FAMILY_COPY_STRICT,fi+is+nb+sv
data,sv,A1,660,wie,kā • cik,Kuidas • Kui,FAMILY_COPY_STRICT,fi+is+nb+sv
data,hr,A1,660,wie,kā • cik,Kako • Kuk,FAMILY_COPY_STRICT,hr+sr
data,sr,A1,660,wie,kā • cik,Kako • Kuk,FAMILY_COPY_STRICT,hr+sr
data,it,A1,660,wie,kā • cik,Kā • Cik,FAMILY_COPY_STRICT,it+nl+pt
data,nl,A1,660,wie,kā • cik,Kā • Cik,FAMILY_COPY_STRICT,it+nl+pt
data,pt,A1,660,wie,kā • cik,Kā • Cik,FAMILY_COPY_STRICT,it+nl+pt
data,sq,A1,660,wie,kā • cik,Nasıl • Ne kadar,FAMILY_COPY_STRICT,sq+tr
data,tr,A1,660,wie,kā • cik,Nasıl • Ne kadar,FAMILY_COPY_STRICT,sq+tr
data,it,A1,661,wieder,atkal,Atkal,SAME_AS_LV_CASEFOLD,casefold_only
data,nl,A1,661,wieder,atkal,Atkal,SAME_AS_LV_CASEFOLD,casefold_only
data,pt,A1,661,wieder,atkal,Atkal,SAME_AS_LV_CASEFOLD,casefold_only
data,sr,A1,661,wieder,atkal,Opet,SCRIPT_MISMATCH,sr_as_cyrillic
data,sr,A1,661,wieder,atkal,Opet,MARKER_LEAK,latin_in_cyrillic
data,bg,A1,661,wieder,atkal,Отново,FAMILY_COPY_STRICT,bg+mk
data,mk,A1,661,wieder,atkal,Отново,FAMILY_COPY_STRICT,bg+mk
data,fi,A1,661,wieder,atkal,Jälle,FAMILY_COPY_STRICT,fi+sv
data,sv,A1,661,wieder,atkal,Jälle,FAMILY_COPY_STRICT,fi+sv
data,hr,A1,661,wieder,atkal,Opet,FAMILY_COPY_STRICT,hr+sr
data,sr,A1,661,wieder,atkal,Opet,FAMILY_COPY_STRICT,hr+sr
data,is,A1,661,wieder,atkal,Helvete,FAMILY_COPY_STRICT,is+nb+nn
data,nb,A1,661,wieder,atkal,Helvete,FAMILY_COPY_STRICT,is+nb+nn
data,nn,A1,661,wieder,atkal,Helvete,FAMILY_COPY_STRICT,is+nb+nn
data,it,A1,661,wieder,atkal,Atkal,FAMILY_COPY_STRICT,it+nl+pt
data,nl,A1,661,wieder,atkal,Atkal,FAMILY_COPY_STRICT,it+nl+pt
data,pt,A1,661,wieder,atkal,Atkal,FAMILY_COPY_STRICT,it+nl+pt
data,hr,A1,662,wie viel,cik,Колко?,SCRIPT_MISMATCH,
data,hr,A1,662,wie viel,cik,Колко?,MARKER_LEAK,foreign_script
data,lb,A1,662,wie viel,cik,Cik,SAME_AS_LV_CASEFOLD,casefold_only
data,nl,A1,662,wie viel,cik,Cik,SAME_AS_LV_CASEFOLD,casefold_only
data,bg,A1,662,wie viel,cik,Колко?,FAMILY_COPY_STRICT,bg+hr+mk+sr
data,hr,A1,662,wie viel,cik,Колко?,FAMILY_COPY_STRICT,bg+hr+mk+sr
data,mk,A1,662,wie viel,cik,Колко?,FAMILY_COPY_STRICT,bg+hr+mk+sr
data,sr,A1,662,wie viel,cik,Колко?,FAMILY_COPY_STRICT,bg+hr+mk+sr
data,bs,A1,662,wie viel,cik,koliko,FAMILY_COPY_STRICT,bs+sl
data,sl,A1,662,wie viel,cik,koliko,FAMILY_COPY_STRICT,bs+sl
data,fi,A1,662,wie viel,cik,Kui palju,FAMILY_COPY_STRICT,fi+sv
data,sv,A1,662,wie viel,cik,Kui palju,FAMILY_COPY_STRICT,fi+sv
data,is,A1,662,wie viel,cik,Hvor mange,FAMILY_COPY_STRICT,is+nb+nn
data,nb,A1,662,wie viel,cik,Hvor mange,FAMILY_COPY_STRICT,is+nb+nn
data,nn,A1,662,wie viel,cik,Hvor mange,FAMILY_COPY_STRICT,is+nb+nn
data,it,A1,662,wie viel,cik,CIC,FAMILY_COPY_STRICT,it+pt
data,pt,A1,662,wie viel,cik,CIC,FAMILY_COPY_STRICT,it+pt
data,lb,A1,662,wie viel,cik,Cik,FAMILY_COPY_STRICT,lb+nl
data,nl,A1,662,wie viel,cik,Cik,FAMILY_COPY_STRICT,lb+nl
data,sq,A1,662,wie viel,cik,Kaç tane,FAMILY_COPY_STRICT,sq+tr
data,tr,A1,662,wie viel,cik,Kaç tane,FAMILY_COPY_STRICT,sq+tr
data,hr,A1,663,Wind,vējš,Вятър,SCRIPT_MISMATCH,
data,hr,A1,663,Wind,vējš,Вятър,MARKER_LEAK,foreign_script
data,it,A1,663,Wind,vējš,Vējš,SAME_AS_LV_CASEFOLD,casefold_only
data,it,A1,663,Wind,vējš,Vējš,LV_DIACRITIC,
data,it,A1,663,Wind,vējš,Vējš,MARKER_LEAK,lv_macron_consonant
data,lb,A1,663,Wind,vējš,Vējš,SAME_AS_LV_CASEFOLD,casefold_only
data,lb,A1,663,Wind,vējš,Vējš,LV_DIACRITIC,
data,lb,A1,663,Wind,vējš,Vējš,MARKER_LEAK,lv_macron_consonant
data,nl,A1,663,Wind,vējš,Vējš,SAME_AS_LV_CASEFOLD,casefold_only
data,nl,A1,663,Wind,vējš,Vējš,LV_DIACRITIC,
data,nl,A1,663,Wind,vējš,Vējš,MARKER_LEAK,lv_macron_consonant
data,pt,A1,663,Wind,vējš,Vējš,SAME_AS_LV_CASEFOLD,casefold_only
data,pt,A1,663,Wind,vējš,Vējš,LV_DIACRITIC,
data,pt,A1,663,Wind,vējš,Vējš,MARKER_LEAK,lv_macron_consonant
data,bg,A1,663,Wind,vējš,Вятър,FAMILY_COPY_STRICT,bg+hr+mk+sr
data,hr,A1,663,Wind,vējš,Вятър,FAMILY_COPY_STRICT,bg+hr+mk+sr
data,mk,A1,663,Wind,vējš,Вятър,FAMILY_COPY_STRICT,bg+hr+mk+sr
data,sr,A1,663,Wind,vējš,Вятър,FAMILY_COPY_STRICT,bg+hr+mk+sr
data,fi,A1,663,Wind,vējš,Tuul,FAMILY_COPY_STRICT,fi+sv
data,sv,A1,663,Wind,vējš,Tuul,FAMILY_COPY_STRICT,fi+sv
data,is,A1,663,Wind,vējš,Tyll,FAMILY_COPY_STRICT,is+nb+nn
data,nb,A1,663,Wind,vējš,Tyll,FAMILY_COPY_STRICT,is+nb+nn
data,nn,A1,663,Wind,vējš,Tyll,FAMILY_COPY_STRICT,is+nb+nn
data,it,A1,663,Wind,vējš,Vējš,FAMILY_COPY_STRICT,it+lb+nl+pt
data,lb,A1,663,Wind,vējš,Vējš,FAMILY_COPY_STRICT,it+lb+nl+pt
data,nl,A1,663,Wind,vējš,Vējš,FAMILY_COPY_STRICT,it+lb+nl+pt
data,pt,A1,663,Wind,vējš,Vējš,FAMILY_COPY_STRICT,it+lb+nl+pt
data,sq,A1,663,Wind,vējš,Rüzgâr,FAMILY_COPY_STRICT,sq+tr
data,tr,A1,663,Wind,vējš,Rüzgâr,FAMILY_COPY_STRICT,sq+tr
data,hr,A1,664,Zigarette,cigarete,Цигара,SCRIPT_MISMATCH,
data,hr,A1,664,Zigarette,cigarete,Цигара,MARKER_LEAK,foreign_script
data,nl,A1,664,Zigarette,cigarete,Cigarete,SAME_AS_LV_CASEFOLD,casefold_only
data,bg,A1,664,Zigarette,cigarete,Цигара,FAMILY_COPY_STRICT,bg+hr+mk+sr
data,hr,A1,664,Zigarette,cigarete,Цигара,FAMILY_COPY_STRICT,bg+hr+mk+sr
data,mk,A1,664,Zigarette,cigarete,Цигара,FAMILY_COPY_STRICT,bg+hr+mk+sr
data,sr,A1,664,Zigarette,cigarete,Цигара,FAMILY_COPY_STRICT,bg+hr+mk+sr
data,cs,A1,664,Zigarette,cigarete,Cigareta,FAMILY_COPY_STRICT,cs+sk
data,sk,A1,664,Zigarette,cigarete,Cigareta,FAMILY_COPY_STRICT,cs+sk
data,fi,A1,664,Zigarette,cigarete,Sigaret,FAMILY_COPY_STRICT,fi+sv
data,sv,A1,664,Zigarette,cigarete,Sigaret,FAMILY_COPY_STRICT,fi+sv
data,is,A1,664,Zigarette,cigarete,Sigaretten,FAMILY_COPY_STRICT,is+nb+nn
data,nb,A1,664,Zigarette,cigarete,Sigaretten,FAMILY_COPY_STRICT,is+nb+nn
data,nn,A1,664,Zigarette,cigarete,Sigaretten,FAMILY_COPY_STRICT,is+nb+nn
data,sq,A1,664,Zigarette,cigarete,Sigara,FAMILY_COPY_STRICT,sq+tr
data,tr,A1,664,Zigarette,cigarete,Sigara,FAMILY_COPY_STRICT,sq+tr
data,hr,A1,665,Zimmer,istaba,Стая,SCRIPT_MISMATCH,
data,hr,A1,665,Zimmer,istaba,Стая,MARKER_LEAK,foreign_script
data,it,A1,665,Zimmer,istaba,Istaba,SAME_AS_LV_CASEFOLD,casefold_only
data,lb,A1,665,Zimmer,istaba,Istaba,SAME_AS_LV_CASEFOLD,casefold_only
data,nl,A1,665,Zimmer,istaba,Istaba,SAME_AS_LV_CASEFOLD,casefold_only
data,pt,A1,665,Zimmer,istaba,Istaba,SAME_AS_LV_CASEFOLD,casefold_only
data,bg,A1,665,Zimmer,istaba,Стая,FAMILY_COPY_STRICT,bg+hr+mk+sr
data,hr,A1,665,Zimmer,istaba,Стая,FAMILY_COPY_STRICT,bg+hr+mk+sr
data,mk,A1,665,Zimmer,istaba,Стая,FAMILY_COPY_STRICT,bg+hr+mk+sr
data,sr,A1,665,Zimmer,istaba,Стая,FAMILY_COPY_STRICT,bg+hr+mk+sr
data,bs,A1,665,Zimmer,istaba,soba,FAMILY_COPY_STRICT,bs+sl
data,sl,A1,665,Zimmer,istaba,soba,FAMILY_COPY_STRICT,bs+sl
data,fi,A1,665,Zimmer,istaba,Tuba,FAMILY_COPY_STRICT,fi+is+nb+nn+sv
data,is,A1,665,Zimmer,istaba,Tuba,FAMILY_COPY_STRICT,fi+is+nb+nn+sv
data,nb,A1,665,Zimmer,istaba,Tuba,FAMILY_COPY_STRICT,fi+is+nb+nn+sv
data,nn,A1,665,Zimmer,istaba,Tuba,FAMILY_COPY_STRICT,fi+is+nb+nn+sv
data,sv,A1,665,Zimmer,istaba,Tuba,FAMILY_COPY_STRICT,fi+is+nb+nn+sv
data,it,A1,665,Zimmer,istaba,Istaba,FAMILY_COPY_STRICT,it+lb+nl+pt
data,lb,A1,665,Zimmer,istaba,Istaba,FAMILY_COPY_STRICT,it+lb+nl+pt
data,nl,A1,665,Zimmer,istaba,Istaba,FAMILY_COPY_STRICT,it+lb+nl+pt
data,pt,A1,665,Zimmer,istaba,Istaba,FAMILY_COPY_STRICT,it+lb+nl+pt
data,sr,A1,666,Zitrone,citrons,Ona.,SCRIPT_MISMATCH,sr_as_cyrillic
data,sr,A1,666,Zitrone,citrons,Ona.,MARKER_LEAK,latin_in_cyrillic
data,bg,A1,666,Zitrone,citrons,Лимон,FAMILY_COPY_STRICT,bg+mk+ru
data,mk,A1,666,Zitrone,citrons,Лимон,FAMILY_COPY_STRICT,bg+mk+ru
data,ru,A1,666,Zitrone,citrons,Лимон,FAMILY_COPY_STRICT,bg+mk+ru
data,da,A1,666,Zitrone,citrons,Citron,FAMILY_COPY_STRICT,da+fr
data,fr,A1,666,Zitrone,citrons,Citron,FAMILY_COPY_STRICT,da+fr
data,fi,A1,666,Zitrone,citrons,Sidrun,FAMILY_COPY_STRICT,fi+sv
data,sv,A1,666,Zitrone,citrons,Sidrun,FAMILY_COPY_STRICT,fi+sv
data,hr,A1,666,Zitrone,citrons,Ona.,FAMILY_COPY_STRICT,hr+sr
data,sr,A1,666,Zitrone,citrons,Ona.,FAMILY_COPY_STRICT,hr+sr
data,is,A1,666,Zitrone,citrons,Sideløp,FAMILY_COPY_STRICT,is+nb+nn
data,nb,A1,666,Zitrone,citrons,Sideløp,FAMILY_COPY_STRICT,is+nb+nn
data,nn,A1,666,Zitrone,citrons,Sideløp,FAMILY_COPY_STRICT,is+nb+nn
data,lb,A1,666,Zitrone,citrons,Citroen,FAMILY_COPY_STRICT,lb+nl
data,nl,A1,666,Zitrone,citrons,Citroen,FAMILY_COPY_STRICT,lb+nl
data,sq,A1,666,Zitrone,citrons,Sitrik,FAMILY_COPY_STRICT,sq+tr
data,tr,A1,666,Zitrone,citrons,Sitrik,FAMILY_COPY_STRICT,sq+tr
data,hr,A1,667,Zoo,zooloģiskais dārzs,Зоолошката градина,SCRIPT_MISMATCH,
data,hr,A1,667,Zoo,zooloģiskais dārzs,Зоолошката градина,MARKER_LEAK,foreign_script
data,it,A1,667,Zoo,zooloģiskais dārzs,Zoolōiskais dārzs,LV_DIACRITIC,
data,it,A1,667,Zoo,zooloģiskais dārzs,Zoolōiskais dārzs,MARKER_LEAK,lv_macron_consonant
data,lb,A1,667,Zoo,zooloģiskais dārzs,Zooloģiskais dārzs,SAME_AS_LV_CASEFOLD,casefold_only
data,lb,A1,667,Zoo,zooloģiskais dārzs,Zooloģiskais dārzs,LV_DIACRITIC,
data,lb,A1,667,Zoo,zooloģiskais dārzs,Zooloģiskais dārzs,MARKER_LEAK,lv_macron_consonant
data,nl,A1,667,Zoo,zooloģiskais dārzs,Zooloģiskais dārzs,SAME_AS_LV_CASEFOLD,casefold_only
data,nl,A1,667,Zoo,zooloģiskais dārzs,Zooloģiskais dārzs,LV_DIACRITIC,
data,nl,A1,667,Zoo,zooloģiskais dārzs,Zooloģiskais dārzs,MARKER_LEAK,lv_macron_consonant
data,bg,A1,667,Zoo,zooloģiskais dārzs,Зоопарк,FAMILY_COPY_STRICT,bg+ru
data,ru,A1,667,Zoo,zooloģiskais dārzs,Зоопарк,FAMILY_COPY_STRICT,bg+ru
data,fi,A1,667,Zoo,zooloģiskais dārzs,Loomaaed,FAMILY_COPY_STRICT,fi+is+nb+nn+sv
data,is,A1,667,Zoo,zooloģiskais dārzs,Loomaaed,FAMILY_COPY_STRICT,fi+is+nb+nn+sv
data,nb,A1,667,Zoo,zooloģiskais dārzs,Loomaaed,FAMILY_COPY_STRICT,fi+is+nb+nn+sv
data,nn,A1,667,Zoo,zooloģiskais dārzs,Loomaaed,FAMILY_COPY_STRICT,fi+is+nb+nn+sv
data,sv,A1,667,Zoo,zooloģiskais dārzs,Loomaaed,FAMILY_COPY_STRICT,fi+is+nb+nn+sv
data,hr,A1,667,Zoo,zooloģiskais dārzs,Зоолошката градина,FAMILY_COPY_STRICT,hr+mk+sr
data,mk,A1,667,Zoo,zooloģiskais dārzs,Зоолошката градина,FAMILY_COPY_STRICT,hr+mk+sr
data,sr,A1,667,Zoo,zooloģiskais dārzs,Зоолошката градина,FAMILY_COPY_STRICT,hr+mk+sr
data,lb,A1,667,Zoo,zooloģiskais dārzs,Zooloģiskais dārzs,FAMILY_COPY_STRICT,lb+nl
data,nl,A1,667,Zoo,zooloģiskais dārzs,Zooloģiskais dārzs,FAMILY_COPY_STRICT,lb+nl
data,sq,A1,667,Zoo,zooloģiskais dārzs,Hayvanat Bahçesi,FAMILY_COPY_STRICT,sq+tr
data,tr,A1,667,Zoo,zooloģiskais dārzs,Hayvanat Bahçesi,FAMILY_COPY_STRICT,sq+tr
data,nl,A1,668,zu,uz • pie,Uz • Pie,SAME_AS_LV_CASEFOLD,casefold_only
data,sr,A1,668,zu,uz • pie,K • V,SCRIPT_MISMATCH,sr_as_cyrillic
data,sr,A1,668,zu,uz • pie,K • V,MARKER_LEAK,latin_in_cyrillic
data,bg,A1,668,zu,uz • pie,К • В,FAMILY_COPY_STRICT,bg+mk+ru
data,mk,A1,668,zu,uz • pie,К • В,FAMILY_COPY_STRICT,bg+mk+ru
data,ru,A1,668,zu,uz • pie,К • В,FAMILY_COPY_STRICT,bg+mk+ru
data,fi,A1,668,zu,uz • pie,-sse • Juurde,FAMILY_COPY_STRICT,fi+sv
data,sv,A1,668,zu,uz • pie,-sse • Juurde,FAMILY_COPY_STRICT,fi+sv
data,hr,A1,668,zu,uz • pie,K • V,FAMILY_COPY_STRICT,hr+sr
data,sr,A1,668,zu,uz • pie,K • V,FAMILY_COPY_STRICT,hr+sr
data,is,A1,668,zu,uz • pie,-sse • ​Juurde,FAMILY_COPY_STRICT,is+nb+nn
data,nb,A1,668,zu,uz • pie,-sse • ​Juurde,FAMILY_COPY_STRICT,is+nb+nn
data,nn,A1,668,zu,uz • pie,-sse • ​Juurde,FAMILY_COPY_STRICT,is+nb+nn
data,hr,A1,669,Zucker,cukurs,Захар,SCRIPT_MISMATCH,
data,hr,A1,669,Zucker,cukurs,Захар,MARKER_LEAK,foreign_script
data,it,A1,669,Zucker,cukurs,Cukurs,SAME_AS_LV_CASEFOLD,casefold_only
data,nl,A1,669,Zucker,cukurs,Cukurs,SAME_AS_LV_CASEFOLD,casefold_only
data,pt,A1,669,Zucker,cukurs,Cukurs,SAME_AS_LV_CASEFOLD,casefold_only
data,bg,A1,669,Zucker,cukurs,Захар,FAMILY_COPY_STRICT,bg+hr+mk+sr
data,hr,A1,669,Zucker,cukurs,Захар,FAMILY_COPY_STRICT,bg+hr+mk+sr
data,mk,A1,669,Zucker,cukurs,Захар,FAMILY_COPY_STRICT,bg+hr+mk+sr
data,sr,A1,669,Zucker,cukurs,Захар,FAMILY_COPY_STRICT,bg+hr+mk+sr
data,da,A1,669,Zucker,cukurs,Sukker,FAMILY_COPY_STRICT,da+is+nb+nn
data,is,A1,669,Zucker,cukurs,Sukker,FAMILY_COPY_STRICT,da+is+nb+nn
data,nb,A1,669,Zucker,cukurs,Sukker,FAMILY_COPY_STRICT,da+is+nb+nn
data,nn,A1,669,Zucker,cukurs,Sukker,FAMILY_COPY_STRICT,da+is+nb+nn
data,fi,A1,669,Zucker,cukurs,Suhkur,FAMILY_COPY_STRICT,fi+sv
data,sv,A1,669,Zucker,cukurs,Suhkur,FAMILY_COPY_STRICT,fi+sv
data,hu,A1,669,Zucker,cukurs,Cukor,FAMILY_COPY_STRICT,hu+sk
data,sk,A1,669,Zucker,cukurs,Cukor,FAMILY_COPY_STRICT,hu+sk
data,it,A1,669,Zucker,cukurs,Cukurs,FAMILY_COPY_STRICT,it+nl+pt
data,nl,A1,669,Zucker,cukurs,Cukurs,FAMILY_COPY_STRICT,it+nl+pt
data,pt,A1,669,Zucker,cukurs,Cukurs,FAMILY_COPY_STRICT,it+nl+pt
data,fi,A1,670,zuerst,vispirms,Kõigepealt,MARKER_LEAK,et_otilde
data,nl,A1,670,zuerst,vispirms,Vispirms,SAME_AS_LV_CASEFOLD,casefold_only
data,sr,A1,670,zuerst,vispirms,Najprej,SCRIPT_MISMATCH,sr_as_cyrillic
data,sr,A1,670,zuerst,vispirms,Najprej,MARKER_LEAK,latin_in_cyrillic
data,sv,A1,670,zuerst,vispirms,Kõigepealt,MARKER_LEAK,et_otilde
data,bg,A1,670,zuerst,vispirms,На първо място,FAMILY_COPY_STRICT,bg+mk
data,mk,A1,670,zuerst,vispirms,На първо място,FAMILY_COPY_STRICT,bg+mk
data,fi,A1,670,zuerst,vispirms,Kõigepealt,FAMILY_COPY_STRICT,fi+sv
data,sv,A1,670,zuerst,vispirms,Kõigepealt,FAMILY_COPY_STRICT,fi+sv
data,hr,A1,670,zuerst,vispirms,Najprej,FAMILY_COPY_STRICT,hr+sr
data,sr,A1,670,zuerst,vispirms,Najprej,FAMILY_COPY_STRICT,hr+sr
data,is,A1,670,zuerst,vispirms,Først av alt,FAMILY_COPY_STRICT,is+nb+nn
data,nb,A1,670,zuerst,vispirms,Først av alt,FAMILY_COPY_STRICT,is+nb+nn
data,nn,A1,670,zuerst,vispirms,Først av alt,FAMILY_COPY_STRICT,is+nb+nn
data,sq,A1,670,zuerst,vispirms,Her şeyden önce,FAMILY_COPY_STRICT,sq+tr
data,tr,A1,670,zuerst,vispirms,Her şeyden önce,FAMILY_COPY_STRICT,sq+tr
data,hr,A1,671,Zug,vilciens,Влак,SCRIPT_MISMATCH,
data,hr,A1,671,Zug,vilciens,Влак,MARKER_LEAK,foreign_script
data,it,A1,671,Zug,vilciens,Vilciens,SAME_AS_LV_CASEFOLD,casefold_only
data,nl,A1,671,Zug,vilciens,Vilciens,SAME_AS_LV_CASEFOLD,casefold_only
data,pt,A1,671,Zug,vilciens,Vilciens,SAME_AS_LV_CASEFOLD,casefold_only
data,bg,A1,671,Zug,vilciens,Влак,FAMILY_COPY_STRICT,bg+hr+mk+sr
data,hr,A1,671,Zug,vilciens,Влак,FAMILY_COPY_STRICT,bg+hr+mk+sr
data,mk,A1,671,Zug,vilciens,Влак,FAMILY_COPY_STRICT,bg+hr+mk+sr
data,sr,A1,671,Zug,vilciens,Влак,FAMILY_COPY_STRICT,bg+hr+mk+sr
data,fi,A1,671,Zug,vilciens,Rong,FAMILY_COPY_STRICT,fi+is+nb+nn+sv
data,is,A1,671,Zug,vilciens,Rong,FAMILY_COPY_STRICT,fi+is+nb+nn+sv
data,nb,A1,671,Zug,vilciens,Rong,FAMILY_COPY_STRICT,fi+is+nb+nn+sv
data,nn,A1,671,Zug,vilciens,Rong,FAMILY_COPY_STRICT,fi+is+nb+nn+sv
data,sv,A1,671,Zug,vilciens,Rong,FAMILY_COPY_STRICT,fi+is+nb+nn+sv
data,it,A1,671,Zug,vilciens,Vilciens,FAMILY_COPY_STRICT,it+nl+pt
data,nl,A1,671,Zug,vilciens,Vilciens,FAMILY_COPY_STRICT,it+nl+pt
data,pt,A1,671,Zug,vilciens,Vilciens,FAMILY_COPY_STRICT,it+nl+pt
data,sk,A1,671,Zug,vilciens,vlak,FAMILY_COPY_STRICT,sk+sl
data,sl,A1,671,Zug,vilciens,vlak,FAMILY_COPY_STRICT,sk+sl
data,sq,A1,671,Zug,vilciens,Tren,FAMILY_COPY_STRICT,sq+tr
data,tr,A1,671,Zug,vilciens,Tren,FAMILY_COPY_STRICT,sq+tr
data,nl,A1,672,zum,uz • pie,Uz • Pie,SAME_AS_LV_CASEFOLD,casefold_only
data,sr,A1,672,zum,uz • pie,K • V,SCRIPT_MISMATCH,sr_as_cyrillic
data,sr,A1,672,zum,uz • pie,K • V,MARKER_LEAK,latin_in_cyrillic
data,bg,A1,672,zum,uz • pie,К • В,FAMILY_COPY_STRICT,bg+mk+ru
data,mk,A1,672,zum,uz • pie,К • В,FAMILY_COPY_STRICT,bg+mk+ru
data,ru,A1,672,zum,uz • pie,К • В,FAMILY_COPY_STRICT,bg+mk+ru
data,fi,A1,672,zum,uz • pie,-sse • Juurde,FAMILY_COPY_STRICT,fi+sv
data,sv,A1,672,zum,uz • pie,-sse • Juurde,FAMILY_COPY_STRICT,fi+sv
data,hr,A1,672,zum,uz • pie,K • V,FAMILY_COPY_STRICT,hr+sr
data,sr,A1,672,zum,uz • pie,K • V,FAMILY_COPY_STRICT,hr+sr
data,is,A1,672,zum,uz • pie,-sse • ​Juurde,FAMILY_COPY_STRICT,is+nb+nn
data,nb,A1,672,zum,uz • pie,-sse • ​Juurde,FAMILY_COPY_STRICT,is+nb+nn
data,nn,A1,672,zum,uz • pie,-sse • ​Juurde,FAMILY_COPY_STRICT,is+nb+nn
data,hr,A1,673,zumachen,aiztaisīt,Близък план,SCRIPT_MISMATCH,
data,hr,A1,673,zumachen,aiztaisīt,Близък план,MARKER_LEAK,foreign_script
data,lb,A1,673,zumachen,aiztaisīt,Aiztaisīt,SAME_AS_LV_CASEFOLD,casefold_only
data,lb,A1,673,zumachen,aiztaisīt,Aiztaisīt,LV_DIACRITIC,
data,lb,A1,673,zumachen,aiztaisīt,Aiztaisīt,MARKER_LEAK,lv_macron_consonant
data,nl,A1,673,zumachen,aiztaisīt,Aiztaisīt,SAME_AS_LV_CASEFOLD,casefold_only
data,nl,A1,673,zumachen,aiztaisīt,Aiztaisīt,LV_DIACRITIC,
data,nl,A1,673,zumachen,aiztaisīt,Aiztaisīt,MARKER_LEAK,lv_macron_consonant
data,bg,A1,673,zumachen,aiztaisīt,Близък план,FAMILY_COPY_STRICT,bg+hr+mk+sr
data,hr,A1,673,zumachen,aiztaisīt,Близък план,FAMILY_COPY_STRICT,bg+hr+mk+sr
data,mk,A1,673,zumachen,aiztaisīt,Близък план,FAMILY_COPY_STRICT,bg+hr+mk+sr
data,sr,A1,673,zumachen,aiztaisīt,Близък план,FAMILY_COPY_STRICT,bg+hr+mk+sr
data,fi,A1,673,zumachen,aiztaisīt,Kinni tegema,FAMILY_COPY_STRICT,fi+sv
data,sv,A1,673,zumachen,aiztaisīt,Kinni tegema,FAMILY_COPY_STRICT,fi+sv
data,is,A1,673,zumachen,aiztaisīt,Kinni taema,FAMILY_COPY_STRICT,is+nb+nn
data,nb,A1,673,zumachen,aiztaisīt,Kinni taema,FAMILY_COPY_STRICT,is+nb+nn
data,nn,A1,673,zumachen,aiztaisīt,Kinni taema,FAMILY_COPY_STRICT,is+nb+nn
data,it,A1,673,zumachen,aiztaisīt,Aiztaisit,FAMILY_COPY_STRICT,it+pt
data,pt,A1,673,zumachen,aiztaisīt,Aiztaisit,FAMILY_COPY_STRICT,it+pt
data,lb,A1,673,zumachen,aiztaisīt,Aiztaisīt,FAMILY_COPY_STRICT,lb+nl
data,nl,A1,673,zumachen,aiztaisīt,Aiztaisīt,FAMILY_COPY_STRICT,lb+nl
data,sq,A1,673,zumachen,aiztaisīt,Kapatmak,FAMILY_COPY_STRICT,sq+tr
data,tr,A1,673,zumachen,aiztaisīt,Kapatmak,FAMILY_COPY_STRICT,sq+tr
data,hr,A1,674,zurück,atpakaļ,Назад,SCRIPT_MISMATCH,
data,hr,A1,674,zurück,atpakaļ,Назад,MARKER_LEAK,foreign_script
data,lb,A1,674,zurück,atpakaļ,Atpakaļ,SAME_AS_LV_CASEFOLD,casefold_only
data,lb,A1,674,zurück,atpakaļ,Atpakaļ,LV_DIACRITIC,
data,lb,A1,674,zurück,atpakaļ,Atpakaļ,MARKER_LEAK,lv_macron_consonant
data,nl,A1,674,zurück,atpakaļ,Atpakaļ,SAME_AS_LV_CASEFOLD,casefold_only
data,nl,A1,674,zurück,atpakaļ,Atpakaļ,LV_DIACRITIC,
data,nl,A1,674,zurück,atpakaļ,Atpakaļ,MARKER_LEAK,lv_macron_consonant
data,bg,A1,674,zurück,atpakaļ,Назад,FAMILY_COPY_STRICT,bg+hr+mk+ru+sr
data,hr,A1,674,zurück,atpakaļ,Назад,FAMILY_COPY_STRICT,bg+hr+mk+ru+sr
data,mk,A1,674,zurück,atpakaļ,Назад,FAMILY_COPY_STRICT,bg+hr+mk+ru+sr
data,ru,A1,674,zurück,atpakaļ,Назад,FAMILY_COPY_STRICT,bg+hr+mk+ru+sr
data,sr,A1,674,zurück,atpakaļ,Назад,FAMILY_COPY_STRICT,bg+hr+mk+ru+sr
data,fi,A1,674,zurück,atpakaļ,Tagasi,FAMILY_COPY_STRICT,fi+is+nb+nn+sv
data,is,A1,674,zurück,atpakaļ,Tagasi,FAMILY_COPY_STRICT,fi+is+nb+nn+sv
data,nb,A1,674,zurück,atpakaļ,Tagasi,FAMILY_COPY_STRICT,fi+is+nb+nn+sv
data,nn,A1,674,zurück,atpakaļ,Tagasi,FAMILY_COPY_STRICT,fi+is+nb+nn+sv
data,sv,A1,674,zurück,atpakaļ,Tagasi,FAMILY_COPY_STRICT,fi+is+nb+nn+sv
data,lb,A1,674,zurück,atpakaļ,Atpakaļ,FAMILY_COPY_STRICT,lb+nl
data,nl,A1,674,zurück,atpakaļ,Atpakaļ,FAMILY_COPY_STRICT,lb+nl
data,sq,A1,674,zurück,atpakaļ,Geri,FAMILY_COPY_STRICT,sq+tr
data,tr,A1,674,zurück,atpakaļ,Geri,FAMILY_COPY_STRICT,sq+tr
data,hr,A1,675,zusammen,kopā,Заедно,SCRIPT_MISMATCH,
data,hr,A1,675,zusammen,kopā,Заедно,MARKER_LEAK,foreign_script
data,nl,A1,675,zusammen,kopā,Kopā,SAME_AS_LV_CASEFOLD,casefold_only
data,nl,A1,675,zusammen,kopā,Kopā,LV_DIACRITIC,
data,nl,A1,675,zusammen,kopā,Kopā,MARKER_LEAK,lv_macron_consonant
data,bg,A1,675,zusammen,kopā,Заедно,FAMILY_COPY_STRICT,bg+hr+mk+sr
data,hr,A1,675,zusammen,kopā,Заедно,FAMILY_COPY_STRICT,bg+hr+mk+sr
data,mk,A1,675,zusammen,kopā,Заедно,FAMILY_COPY_STRICT,bg+hr+mk+sr
data,sr,A1,675,zusammen,kopā,Заедно,FAMILY_COPY_STRICT,bg+hr+mk+sr
data,cs,A1,675,zusammen,kopā,Spolu,FAMILY_COPY_STRICT,cs+sk
data,sk,A1,675,zusammen,kopā,Spolu,FAMILY_COPY_STRICT,cs+sk
data,fi,A1,675,zusammen,kopā,Koos,FAMILY_COPY_STRICT,fi+sv
data,sv,A1,675,zusammen,kopā,Koos,FAMILY_COPY_STRICT,fi+sv
data,is,A1,675,zusammen,kopā,Coos,FAMILY_COPY_STRICT,is+nb+nn
data,nb,A1,675,zusammen,kopā,Coos,FAMILY_COPY_STRICT,is+nb+nn
data,nn,A1,675,zusammen,kopā,Coos,FAMILY_COPY_STRICT,is+nb+nn
data,it,A1,675,zusammen,kopā,Kopa,FAMILY_COPY_STRICT,it+pt
data,pt,A1,675,zusammen,kopā,Kopa,FAMILY_COPY_STRICT,it+pt
data,lb,A1,676,zu viel,par daudz,Par daudz,SAME_AS_LV_CASEFOLD,casefold_only
data,nl,A1,676,zu viel,par daudz,Par daudz,SAME_AS_LV_CASEFOLD,casefold_only
data,sr,A1,676,zu viel,par daudz,Previše,LV_DIACRITIC,
data,sr,A1,676,zu viel,par daudz,Previše,SCRIPT_MISMATCH,sr_as_cyrillic
data,sr,A1,676,zu viel,par daudz,Previše,MARKER_LEAK,latin_in_cyrillic
data,bg,A1,676,zu viel,par daudz,Твърде много,FAMILY_COPY_STRICT,bg+mk
data,mk,A1,676,zu viel,par daudz,Твърде много,FAMILY_COPY_STRICT,bg+mk
data,fi,A1,676,zu viel,par daudz,Liiga palju,FAMILY_COPY_STRICT,fi+sv
data,sv,A1,676,zu viel,par daudz,Liiga palju,FAMILY_COPY_STRICT,fi+sv
data,hr,A1,676,zu viel,par daudz,Previše,FAMILY_COPY_STRICT,hr+sr
data,sr,A1,676,zu viel,par daudz,Previše,FAMILY_COPY_STRICT,hr+sr
data,is,A1,676,zu viel,par daudz,For mange,FAMILY_COPY_STRICT,is+nb+nn
data,nb,A1,676,zu viel,par daudz,For mange,FAMILY_COPY_STRICT,is+nb+nn
data,nn,A1,676,zu viel,par daudz,For mange,FAMILY_COPY_STRICT,is+nb+nn
data,lb,A1,676,zu viel,par daudz,Par daudz,FAMILY_COPY_STRICT,lb+nl
data,nl,A1,676,zu viel,par daudz,Par daudz,FAMILY_COPY_STRICT,lb+nl
data,hr,A1,677,zwanzig,divdesmit,Двадесет,SCRIPT_MISMATCH,
data,hr,A1,677,zwanzig,divdesmit,Двадесет,MARKER_LEAK,foreign_script
data,it,A1,677,zwanzig,divdesmit,Divdesmit,SAME_AS_LV_CASEFOLD,casefold_only
data,nl,A1,677,zwanzig,divdesmit,Divdesmit,SAME_AS_LV_CASEFOLD,casefold_only
data,bg,A1,677,zwanzig,divdesmit,Двадесет,FAMILY_COPY_STRICT,bg+hr+mk+sr
data,hr,A1,677,zwanzig,divdesmit,Двадесет,FAMILY_COPY_STRICT,bg+hr+mk+sr
data,mk,A1,677,zwanzig,divdesmit,Двадесет,FAMILY_COPY_STRICT,bg+hr+mk+sr
data,sr,A1,677,zwanzig,divdesmit,Двадесет,FAMILY_COPY_STRICT,bg+hr+mk+sr
data,da,A1,677,zwanzig,divdesmit,Tyve,FAMILY_COPY_STRICT,da+is+nb+nn
data,is,A1,677,zwanzig,divdesmit,Tyve,FAMILY_COPY_STRICT,da+is+nb+nn
data,nb,A1,677,zwanzig,divdesmit,Tyve,FAMILY_COPY_STRICT,da+is+nb+nn
data,nn,A1,677,zwanzig,divdesmit,Tyve,FAMILY_COPY_STRICT,da+is+nb+nn
data,fi,A1,677,zwanzig,divdesmit,Kakskümmend,FAMILY_COPY_STRICT,fi+sv
data,sv,A1,677,zwanzig,divdesmit,Kakskümmend,FAMILY_COPY_STRICT,fi+sv
data,it,A1,677,zwanzig,divdesmit,Divdesmit,FAMILY_COPY_STRICT,it+nl
data,nl,A1,677,zwanzig,divdesmit,Divdesmit,FAMILY_COPY_STRICT,it+nl
data,sq,A1,677,zwanzig,divdesmit,Yirmi,FAMILY_COPY_STRICT,sq+tr
data,tr,A1,677,zwanzig,divdesmit,Yirmi,FAMILY_COPY_STRICT,sq+tr
data,hr,A1,678,zwanzigste,divdesmitais,Двадесети,SCRIPT_MISMATCH,
data,hr,A1,678,zwanzigste,divdesmitais,Двадесети,MARKER_LEAK,foreign_script
data,it,A1,678,zwanzigste,divdesmitais,Divdesmitais,SAME_AS_LV_CASEFOLD,casefold_only
data,lb,A1,678,zwanzigste,divdesmitais,Divdesmitais,SAME_AS_LV_CASEFOLD,casefold_only
data,nl,A1,678,zwanzigste,divdesmitais,Divdesmitais,SAME_AS_LV_CASEFOLD,casefold_only
data,bg,A1,678,zwanzigste,divdesmitais,Двадесети,FAMILY_COPY_STRICT,bg+hr+mk+sr
data,hr,A1,678,zwanzigste,divdesmitais,Двадесети,FAMILY_COPY_STRICT,bg+hr+mk+sr
data,mk,A1,678,zwanzigste,divdesmitais,Двадесети,FAMILY_COPY_STRICT,bg+hr+mk+sr
data,sr,A1,678,zwanzigste,divdesmitais,Двадесети,FAMILY_COPY_STRICT,bg+hr+mk+sr
data,fi,A1,678,zwanzigste,divdesmitais,Kahekümnes,FAMILY_COPY_STRICT,fi+sv
data,sv,A1,678,zwanzigste,divdesmitais,Kahekümnes,FAMILY_COPY_STRICT,fi+sv
data,is,A1,678,zwanzigste,divdesmitais,Kahegümce,FAMILY_COPY_STRICT,is+nb+nn
data,nb,A1,678,zwanzigste,divdesmitais,Kahegümce,FAMILY_COPY_STRICT,is+nb+nn
data,nn,A1,678,zwanzigste,divdesmitais,Kahegümce,FAMILY_COPY_STRICT,is+nb+nn
data,it,A1,678,zwanzigste,divdesmitais,Divdesmitais,FAMILY_COPY_STRICT,it+lb+nl
data,lb,A1,678,zwanzigste,divdesmitais,Divdesmitais,FAMILY_COPY_STRICT,it+lb+nl
data,nl,A1,678,zwanzigste,divdesmitais,Divdesmitais,FAMILY_COPY_STRICT,it+lb+nl
data,hr,A1,679,zwei,divi,Две,SCRIPT_MISMATCH,
data,hr,A1,679,zwei,divi,Две,MARKER_LEAK,foreign_script
data,it,A1,679,zwei,divi,Divi,SAME_AS_LV_CASEFOLD,casefold_only
data,lb,A1,679,zwei,divi,Divi,SAME_AS_LV_CASEFOLD,casefold_only
data,nl,A1,679,zwei,divi,Divi,SAME_AS_LV_CASEFOLD,casefold_only
data,bg,A1,679,zwei,divi,Две,FAMILY_COPY_STRICT,bg+hr+mk+sr
data,hr,A1,679,zwei,divi,Две,FAMILY_COPY_STRICT,bg+hr+mk+sr
data,mk,A1,679,zwei,divi,Две,FAMILY_COPY_STRICT,bg+hr+mk+sr
data,sr,A1,679,zwei,divi,Две,FAMILY_COPY_STRICT,bg+hr+mk+sr
data,bs,A1,679,zwei,divi,dva,FAMILY_COPY_STRICT,bs+sl
data,sl,A1,679,zwei,divi,dva,FAMILY_COPY_STRICT,bs+sl
data,fi,A1,679,zwei,divi,Kaks,FAMILY_COPY_STRICT,fi+is+nb+nn+sv
data,is,A1,679,zwei,divi,Kaks,FAMILY_COPY_STRICT,fi+is+nb+nn+sv
data,nb,A1,679,zwei,divi,Kaks,FAMILY_COPY_STRICT,fi+is+nb+nn+sv
data,nn,A1,679,zwei,divi,Kaks,FAMILY_COPY_STRICT,fi+is+nb+nn+sv
data,sv,A1,679,zwei,divi,Kaks,FAMILY_COPY_STRICT,fi+is+nb+nn+sv
data,it,A1,679,zwei,divi,Divi,FAMILY_COPY_STRICT,it+lb+nl
data,lb,A1,679,zwei,divi,Divi,FAMILY_COPY_STRICT,it+lb+nl
data,nl,A1,679,zwei,divi,Divi,FAMILY_COPY_STRICT,it+lb+nl
data,nl,A1,680,zweihundert,divsimt,Divsimt,SAME_AS_LV_CASEFOLD,casefold_only
data,sr,A1,680,zweihundert,divsimt,Dvesta,SCRIPT_MISMATCH,sr_as_cyrillic
data,sr,A1,680,zweihundert,divsimt,Dvesta,MARKER_LEAK,latin_in_cyrillic
data,bg,A1,680,zweihundert,divsimt,Двеста,FAMILY_COPY_STRICT,bg+mk
data,mk,A1,680,zweihundert,divsimt,Двеста,FAMILY_COPY_STRICT,bg+mk
data,fi,A1,680,zweihundert,divsimt,Kakssada,FAMILY_COPY_STRICT,fi+sv
data,sv,A1,680,zweihundert,divsimt,Kakssada,FAMILY_COPY_STRICT,fi+sv
data,hr,A1,680,zweihundert,divsimt,Dvesta,FAMILY_COPY_STRICT,hr+sr
data,sr,A1,680,zweihundert,divsimt,Dvesta,FAMILY_COPY_STRICT,hr+sr
data,is,A1,680,zweihundert,divsimt,Kaksada,FAMILY_COPY_STRICT,is+nb+nn
data,nb,A1,680,zweihundert,divsimt,Kaksada,FAMILY_COPY_STRICT,is+nb+nn
data,nn,A1,680,zweihundert,divsimt,Kaksada,FAMILY_COPY_STRICT,is+nb+nn
data,lb,A1,681,zweimal,divreiz,Divreiz,SAME_AS_LV_CASEFOLD,casefold_only
data,nl,A1,681,zweimal,divreiz,Divreiz,SAME_AS_LV_CASEFOLD,casefold_only
data,sq,A1,681,zweimal,divreiz,İki kere,MARKER_LEAK,tr_soft
data,sr,A1,681,zweimal,divreiz,Dvakrat.,SCRIPT_MISMATCH,sr_as_cyrillic
data,sr,A1,681,zweimal,divreiz,Dvakrat.,MARKER_LEAK,latin_in_cyrillic
data,cs,A1,681,zweimal,divreiz,Dvakrát,FAMILY_COPY_STRICT,cs+sk
data,sk,A1,681,zweimal,divreiz,Dvakrát,FAMILY_COPY_STRICT,cs+sk
data,fi,A1,681,zweimal,divreiz,Kaks korda,FAMILY_COPY_STRICT,fi+sv
data,sv,A1,681,zweimal,divreiz,Kaks korda,FAMILY_COPY_STRICT,fi+sv
data,hr,A1,681,zweimal,divreiz,Dvakrat.,FAMILY_COPY_STRICT,hr+sr
data,sr,A1,681,zweimal,divreiz,Dvakrat.,FAMILY_COPY_STRICT,hr+sr
data,is,A1,681,zweimal,divreiz,Kak korda,FAMILY_COPY_STRICT,is+nb+nn
data,nb,A1,681,zweimal,divreiz,Kak korda,FAMILY_COPY_STRICT,is+nb+nn
data,nn,A1,681,zweimal,divreiz,Kak korda,FAMILY_COPY_STRICT,is+nb+nn
data,lb,A1,681,zweimal,divreiz,Divreiz,FAMILY_COPY_STRICT,lb+nl
data,nl,A1,681,zweimal,divreiz,Divreiz,FAMILY_COPY_STRICT,lb+nl
data,sq,A1,681,zweimal,divreiz,İki kere,FAMILY_COPY_STRICT,sq+tr
data,tr,A1,681,zweimal,divreiz,İki kere,FAMILY_COPY_STRICT,sq+tr
data,hr,A1,682,zweite,otrais,Второ,SCRIPT_MISMATCH,
data,hr,A1,682,zweite,otrais,Второ,MARKER_LEAK,foreign_script
data,it,A1,682,zweite,otrais,Otrais,SAME_AS_LV_CASEFOLD,casefold_only
data,nl,A1,682,zweite,otrais,Otrais,SAME_AS_LV_CASEFOLD,casefold_only
data,bg,A1,682,zweite,otrais,Второ,FAMILY_COPY_STRICT,bg+hr+mk+sr
data,hr,A1,682,zweite,otrais,Второ,FAMILY_COPY_STRICT,bg+hr+mk+sr
data,mk,A1,682,zweite,otrais,Второ,FAMILY_COPY_STRICT,bg+hr+mk+sr
data,sr,A1,682,zweite,otrais,Второ,FAMILY_COPY_STRICT,bg+hr+mk+sr
data,bs,A1,682,zweite,otrais,drugi,FAMILY_COPY_STRICT,bs+sl
data,sl,A1,682,zweite,otrais,drugi,FAMILY_COPY_STRICT,bs+sl
data,fi,A1,682,zweite,otrais,Teine,FAMILY_COPY_STRICT,fi+is+nb+nn+sv
data,is,A1,682,zweite,otrais,Teine,FAMILY_COPY_STRICT,fi+is+nb+nn+sv
data,nb,A1,682,zweite,otrais,Teine,FAMILY_COPY_STRICT,fi+is+nb+nn+sv
data,nn,A1,682,zweite,otrais,Teine,FAMILY_COPY_STRICT,fi+is+nb+nn+sv
data,sv,A1,682,zweite,otrais,Teine,FAMILY_COPY_STRICT,fi+is+nb+nn+sv
data,it,A1,682,zweite,otrais,Otrais,FAMILY_COPY_STRICT,it+nl
data,nl,A1,682,zweite,otrais,Otrais,FAMILY_COPY_STRICT,it+nl
data,hr,A1,683,Zwiebel,sīpols,Лук,SCRIPT_MISMATCH,
data,hr,A1,683,Zwiebel,sīpols,Лук,MARKER_LEAK,foreign_script
data,nl,A1,683,Zwiebel,sīpols,Sīpols,SAME_AS_LV_CASEFOLD,casefold_only
data,nl,A1,683,Zwiebel,sīpols,Sīpols,LV_DIACRITIC,
data,nl,A1,683,Zwiebel,sīpols,Sīpols,MARKER_LEAK,lv_macron_consonant
data,sq,A1,683,Zwiebel,sīpols,Soğan,MARKER_LEAK,tr_soft
data,bg,A1,683,Zwiebel,sīpols,Лук,FAMILY_COPY_STRICT,bg+hr+mk+ru+sr
data,hr,A1,683,Zwiebel,sīpols,Лук,FAMILY_COPY_STRICT,bg+hr+mk+ru+sr
data,mk,A1,683,Zwiebel,sīpols,Лук,FAMILY_COPY_STRICT,bg+hr+mk+ru+sr
data,ru,A1,683,Zwiebel,sīpols,Лук,FAMILY_COPY_STRICT,bg+hr+mk+ru+sr
data,sr,A1,683,Zwiebel,sīpols,Лук,FAMILY_COPY_STRICT,bg+hr+mk+ru+sr
data,fi,A1,683,Zwiebel,sīpols,Sibul,FAMILY_COPY_STRICT,fi+is+nb+nn+sv
data,is,A1,683,Zwiebel,sīpols,Sibul,FAMILY_COPY_STRICT,fi+is+nb+nn+sv
data,nb,A1,683,Zwiebel,sīpols,Sibul,FAMILY_COPY_STRICT,fi+is+nb+nn+sv
data,nn,A1,683,Zwiebel,sīpols,Sibul,FAMILY_COPY_STRICT,fi+is+nb+nn+sv
data,sv,A1,683,Zwiebel,sīpols,Sibul,FAMILY_COPY_STRICT,fi+is+nb+nn+sv
data,it,A1,683,Zwiebel,sīpols,Sipoli,FAMILY_COPY_STRICT,it+pt
data,pt,A1,683,Zwiebel,sīpols,Sipoli,FAMILY_COPY_STRICT,it+pt
data,sq,A1,683,Zwiebel,sīpols,Soğan,FAMILY_COPY_STRICT,sq+tr
data,tr,A1,683,Zwiebel,sīpols,Soğan,FAMILY_COPY_STRICT,sq+tr
data,hr,A1,684,zwischen,starp,Между,SCRIPT_MISMATCH,
data,hr,A1,684,zwischen,starp,Между,MARKER_LEAK,foreign_script
data,lb,A1,684,zwischen,starp,Starp,SAME_AS_LV_CASEFOLD,casefold_only
data,nl,A1,684,zwischen,starp,Starp,SAME_AS_LV_CASEFOLD,casefold_only
data,bg,A1,684,zwischen,starp,Между,FAMILY_COPY_STRICT,bg+hr+mk+ru+sr
data,hr,A1,684,zwischen,starp,Между,FAMILY_COPY_STRICT,bg+hr+mk+ru+sr
data,mk,A1,684,zwischen,starp,Между,FAMILY_COPY_STRICT,bg+hr+mk+ru+sr
data,ru,A1,684,zwischen,starp,Между,FAMILY_COPY_STRICT,bg+hr+mk+ru+sr
data,sr,A1,684,zwischen,starp,Между,FAMILY_COPY_STRICT,bg+hr+mk+ru+sr
data,fi,A1,684,zwischen,starp,Vahel,FAMILY_COPY_STRICT,fi+is+nb+nn+sv
data,is,A1,684,zwischen,starp,Vahel,FAMILY_COPY_STRICT,fi+is+nb+nn+sv
data,nb,A1,684,zwischen,starp,Vahel,FAMILY_COPY_STRICT,fi+is+nb+nn+sv
data,nn,A1,684,zwischen,starp,Vahel,FAMILY_COPY_STRICT,fi+is+nb+nn+sv
data,sv,A1,684,zwischen,starp,Vahel,FAMILY_COPY_STRICT,fi+is+nb+nn+sv
data,lb,A1,684,zwischen,starp,Starp,FAMILY_COPY_STRICT,lb+nl
data,nl,A1,684,zwischen,starp,Starp,FAMILY_COPY_STRICT,lb+nl
data,hr,A1,685,zwölf,divpadsmit,Дванадесет,SCRIPT_MISMATCH,
data,hr,A1,685,zwölf,divpadsmit,Дванадесет,MARKER_LEAK,foreign_script
data,it,A1,685,zwölf,divpadsmit,Divpadsmit,SAME_AS_LV_CASEFOLD,casefold_only
data,lb,A1,685,zwölf,divpadsmit,Divpadsmit,SAME_AS_LV_CASEFOLD,casefold_only
data,nl,A1,685,zwölf,divpadsmit,Divpadsmit,SAME_AS_LV_CASEFOLD,casefold_only
data,bg,A1,685,zwölf,divpadsmit,Дванадесет,FAMILY_COPY_STRICT,bg+hr+mk+sr
data,hr,A1,685,zwölf,divpadsmit,Дванадесет,FAMILY_COPY_STRICT,bg+hr+mk+sr
data,mk,A1,685,zwölf,divpadsmit,Дванадесет,FAMILY_COPY_STRICT,bg+hr+mk+sr
data,sr,A1,685,zwölf,divpadsmit,Дванадесет,FAMILY_COPY_STRICT,bg+hr+mk+sr
data,fi,A1,685,zwölf,divpadsmit,Kaksteist,FAMILY_COPY_STRICT,fi+is+nb+nn+sv
data,is,A1,685,zwölf,divpadsmit,Kaksteist,FAMILY_COPY_STRICT,fi+is+nb+nn+sv
data,nb,A1,685,zwölf,divpadsmit,Kaksteist,FAMILY_COPY_STRICT,fi+is+nb+nn+sv
data,nn,A1,685,zwölf,divpadsmit,Kaksteist,FAMILY_COPY_STRICT,fi+is+nb+nn+sv
data,sv,A1,685,zwölf,divpadsmit,Kaksteist,FAMILY_COPY_STRICT,fi+is+nb+nn+sv
data,it,A1,685,zwölf,divpadsmit,Divpadsmit,FAMILY_COPY_STRICT,it+lb+nl
data,lb,A1,685,zwölf,divpadsmit,Divpadsmit,FAMILY_COPY_STRICT,it+lb+nl
data,nl,A1,685,zwölf,divpadsmit,Divpadsmit,FAMILY_COPY_STRICT,it+lb+nl
data,sq,A1,685,zwölf,divpadsmit,On iki,FAMILY_COPY_STRICT,sq+tr
data,tr,A1,685,zwölf,divpadsmit,On iki,FAMILY_COPY_STRICT,sq+tr
data,hr,A1,686,zwölfte,divpadsmitais,Дванадесети,SCRIPT_MISMATCH,
data,hr,A1,686,zwölfte,divpadsmitais,Дванадесети,MARKER_LEAK,foreign_script
data,is,A1,686,zwölfte,divpadsmitais,Kahetíšík sin,LV_DIACRITIC,
data,it,A1,686,zwölfte,divpadsmitais,Divpadsmitais,SAME_AS_LV_CASEFOLD,casefold_only
data,lb,A1,686,zwölfte,divpadsmitais,Divpadsmitais,SAME_AS_LV_CASEFOLD,casefold_only
data,nb,A1,686,zwölfte,divpadsmitais,Kahetíšík sin,LV_DIACRITIC,
data,nl,A1,686,zwölfte,divpadsmitais,Divpadsmitais,SAME_AS_LV_CASEFOLD,casefold_only
data,nn,A1,686,zwölfte,divpadsmitais,Kahetíšík sin,LV_DIACRITIC,
data,pt,A1,686,zwölfte,divpadsmitais,Divpadsmitais,SAME_AS_LV_CASEFOLD,casefold_only
data,bg,A1,686,zwölfte,divpadsmitais,Дванадесети,FAMILY_COPY_STRICT,bg+hr+mk+sr
data,hr,A1,686,zwölfte,divpadsmitais,Дванадесети,FAMILY_COPY_STRICT,bg+hr+mk+sr
data,mk,A1,686,zwölfte,divpadsmitais,Дванадесети,FAMILY_COPY_STRICT,bg+hr+mk+sr
data,sr,A1,686,zwölfte,divpadsmitais,Дванадесети,FAMILY_COPY_STRICT,bg+hr+mk+sr
data,fi,A1,686,zwölfte,divpadsmitais,Kaheteistkümnes,FAMILY_COPY_STRICT,fi+sv
data,sv,A1,686,zwölfte,divpadsmitais,Kaheteistkümnes,FAMILY_COPY_STRICT,fi+sv
data,is,A1,686,zwölfte,divpadsmitais,Kahetíšík sin,FAMILY_COPY_STRICT,is+nb+nn
data,nb,A1,686,zwölfte,divpadsmitais,Kahetíšík sin,FAMILY_COPY_STRICT,is+nb+nn
data,nn,A1,686,zwölfte,divpadsmitais,Kahetíšík sin,FAMILY_COPY_STRICT,is+nb+nn
data,it,A1,686,zwölfte,divpadsmitais,Divpadsmitais,FAMILY_COPY_STRICT,it+lb+nl+pt
data,lb,A1,686,zwölfte,divpadsmitais,Divpadsmitais,FAMILY_COPY_STRICT,it+lb+nl+pt
data,nl,A1,686,zwölfte,divpadsmitais,Divpadsmitais,FAMILY_COPY_STRICT,it+lb+nl+pt
data,pt,A1,686,zwölfte,divpadsmitais,Divpadsmitais,FAMILY_COPY_STRICT,it+lb+nl+pt
data,sq,A1,686,zwölfte,divpadsmitais,Onikinci,FAMILY_COPY_STRICT,sq+tr
data,tr,A1,686,zwölfte,divpadsmitais,Onikinci,FAMILY_COPY_STRICT,sq+tr
data,it,A1,687,fernsehen,skatīties televizoru,Televisione Skatīties,LV_DIACRITIC,
data,it,A1,687,fernsehen,skatīties televizoru,Televisione Skatīties,MARKER_LEAK,lv_macron_consonant
data,nl,A1,687,fernsehen,skatīties televizoru,Skatīties televizoru,SAME_AS_LV_CASEFOLD,casefold_only
data,nl,A1,687,fernsehen,skatīties televizoru,Skatīties televizoru,LV_DIACRITIC,
data,nl,A1,687,fernsehen,skatīties televizoru,Skatīties televizoru,MARKER_LEAK,lv_macron_consonant
data,sr,A1,687,fernsehen,skatīties televizoru,Glejte televizijo,SCRIPT_MISMATCH,sr_as_cyrillic
data,sr,A1,687,fernsehen,skatīties televizoru,Glejte televizijo,MARKER_LEAK,latin_in_cyrillic
data,bg,A1,687,fernsehen,skatīties televizoru,Гледайте телевизия,FAMILY_COPY_STRICT,bg+mk
data,mk,A1,687,fernsehen,skatīties televizoru,Гледайте телевизия,FAMILY_COPY_STRICT,bg+mk
data,fi,A1,687,fernsehen,skatīties televizoru,Telerit vaatama,FAMILY_COPY_STRICT,fi+is+nb+nn
data,is,A1,687,fernsehen,skatīties televizoru,Telerit vaatama,FAMILY_COPY_STRICT,fi+is+nb+nn
data,nb,A1,687,fernsehen,skatīties televizoru,Telerit vaatama,FAMILY_COPY_STRICT,fi+is+nb+nn
data,nn,A1,687,fernsehen,skatīties televizoru,Telerit vaatama,FAMILY_COPY_STRICT,fi+is+nb+nn
data,hr,A1,687,fernsehen,skatīties televizoru,Glejte televizijo,FAMILY_COPY_STRICT,hr+sr
data,sr,A1,687,fernsehen,skatīties televizoru,Glejte televizijo,FAMILY_COPY_STRICT,hr+sr
data,hr,A1,688,Fernsehen,televīzija,ТВ,SCRIPT_MISMATCH,
data,hr,A1,688,Fernsehen,televīzija,ТВ,MARKER_LEAK,foreign_script
data,nl,A1,688,Fernsehen,televīzija,Televīzija,SAME_AS_LV_CASEFOLD,casefold_only
data,nl,A1,688,Fernsehen,televīzija,Televīzija,LV_DIACRITIC,
data,nl,A1,688,Fernsehen,televīzija,Televīzija,MARKER_LEAK,lv_macron_consonant
data,bs,A1,688,Fernsehen,televīzija,televizija,FAMILY_COPY_STRICT,bs+lt+sl
data,lt,A1,688,Fernsehen,televīzija,televizija,FAMILY_COPY_STRICT,bs+lt+sl
data,sl,A1,688,Fernsehen,televīzija,televizija,FAMILY_COPY_STRICT,bs+lt+sl
data,da,A1,688,Fernsehen,televīzija,Television,FAMILY_COPY_STRICT,da+en
data,en,A1,688,Fernsehen,televīzija,Television,FAMILY_COPY_STRICT,da+en
data,hr,A1,688,Fernsehen,televīzija,ТВ,FAMILY_COPY_STRICT,hr+mk+sr
data,mk,A1,688,Fernsehen,televīzija,ТВ,FAMILY_COPY_STRICT,hr+mk+sr
data,sr,A1,688,Fernsehen,televīzija,ТВ,FAMILY_COPY_STRICT,hr+mk+sr
data,is,A1,688,Fernsehen,televīzija,Fjernsyn,FAMILY_COPY_STRICT,is+nb+nn
data,nb,A1,688,Fernsehen,televīzija,Fjernsyn,FAMILY_COPY_STRICT,is+nb+nn
data,nn,A1,688,Fernsehen,televīzija,Fjernsyn,FAMILY_COPY_STRICT,is+nb+nn
data,hr,A1,689,Appetit,apetīte,Апетитот,SCRIPT_MISMATCH,
data,hr,A1,689,Appetit,apetīte,Апетитот,MARKER_LEAK,foreign_script
data,nl,A1,689,Appetit,apetīte,Apetīte,SAME_AS_LV_CASEFOLD,casefold_only
data,nl,A1,689,Appetit,apetīte,Apetīte,LV_DIACRITIC,
data,nl,A1,689,Appetit,apetīte,Apetīte,MARKER_LEAK,lv_macron_consonant
data,sq,A1,689,Appetit,apetīte,İştah,MARKER_LEAK,tr_soft
data,bs,A1,689,Appetit,apetīte,apetit,FAMILY_COPY_STRICT,bs+sl
data,sl,A1,689,Appetit,apetīte,apetit,FAMILY_COPY_STRICT,bs+sl
data,fi,A1,689,Appetit,apetīte,Isu,FAMILY_COPY_STRICT,fi+is+nb+nn+sv
data,is,A1,689,Appetit,apetīte,Isu,FAMILY_COPY_STRICT,fi+is+nb+nn+sv
data,nb,A1,689,Appetit,apetīte,Isu,FAMILY_COPY_STRICT,fi+is+nb+nn+sv
data,nn,A1,689,Appetit,apetīte,Isu,FAMILY_COPY_STRICT,fi+is+nb+nn+sv
data,sv,A1,689,Appetit,apetīte,Isu,FAMILY_COPY_STRICT,fi+is+nb+nn+sv
data,hr,A1,689,Appetit,apetīte,Апетитот,FAMILY_COPY_STRICT,hr+mk+sr
data,mk,A1,689,Appetit,apetīte,Апетитот,FAMILY_COPY_STRICT,hr+mk+sr
data,sr,A1,689,Appetit,apetīte,Апетитот,FAMILY_COPY_STRICT,hr+mk+sr
data,hr,A1,690,essen,ēst,Яжте,SCRIPT_MISMATCH,
data,hr,A1,690,essen,ēst,Яжте,MARKER_LEAK,foreign_script
data,lb,A1,690,essen,ēst,Ēst,SAME_AS_LV_CASEFOLD,casefold_only
data,lb,A1,690,essen,ēst,Ēst,LV_DIACRITIC,
data,lb,A1,690,essen,ēst,Ēst,MARKER_LEAK,lv_macron_consonant
data,nl,A1,690,essen,ēst,Ēst,SAME_AS_LV_CASEFOLD,casefold_only
data,nl,A1,690,essen,ēst,Ēst,LV_DIACRITIC,
data,nl,A1,690,essen,ēst,Ēst,MARKER_LEAK,lv_macron_consonant
data,bg,A1,690,essen,ēst,Яжте,FAMILY_COPY_STRICT,bg+hr+mk+sr
data,hr,A1,690,essen,ēst,Яжте,FAMILY_COPY_STRICT,bg+hr+mk+sr
data,mk,A1,690,essen,ēst,Яжте,FAMILY_COPY_STRICT,bg+hr+mk+sr
data,sr,A1,690,essen,ēst,Яжте,FAMILY_COPY_STRICT,bg+hr+mk+sr
data,bs,A1,690,essen,ēst,jesti,FAMILY_COPY_STRICT,bs+sl
data,sl,A1,690,essen,ēst,jesti,FAMILY_COPY_STRICT,bs+sl
data,fi,A1,690,essen,ēst,Sööma,FAMILY_COPY_STRICT,fi+sv
data,sv,A1,690,essen,ēst,Sööma,FAMILY_COPY_STRICT,fi+sv
data,is,A1,690,essen,ēst,Sy,FAMILY_COPY_STRICT,is+nb+nn
data,nb,A1,690,essen,ēst,Sy,FAMILY_COPY_STRICT,is+nb+nn
data,nn,A1,690,essen,ēst,Sy,FAMILY_COPY_STRICT,is+nb+nn
data,lb,A1,690,essen,ēst,Ēst,FAMILY_COPY_STRICT,lb+nl
data,nl,A1,690,essen,ēst,Ēst,FAMILY_COPY_STRICT,lb+nl
data,hr,A1,691,Essen,ēdiens • maltīte,Храна • Храна,SCRIPT_MISMATCH,
data,hr,A1,691,Essen,ēdiens • maltīte,Храна • Храна,MARKER_LEAK,foreign_script
data,it,A1,691,Essen,ēdiens • maltīte,ˈhis • Maltīte,LV_DIACRITIC,
data,it,A1,691,Essen,ēdiens • maltīte,ˈhis • Maltīte,MARKER_LEAK,lv_macron_consonant
data,lb,A1,691,Essen,ēdiens • maltīte,Ēdiens • Maltīte,SAME_AS_LV_CASEFOLD,casefold_only
data,lb,A1,691,Essen,ēdiens • maltīte,Ēdiens • Maltīte,LV_DIACRITIC,
data,lb,A1,691,Essen,ēdiens • maltīte,Ēdiens • Maltīte,MARKER_LEAK,lv_macron_consonant
data,nl,A1,691,Essen,ēdiens • maltīte,Ēdiens • Maltīte,SAME_AS_LV_CASEFOLD,casefold_only
data,nl,A1,691,Essen,ēdiens • maltīte,Ēdiens • Maltīte,LV_DIACRITIC,
data,nl,A1,691,Essen,ēdiens • maltīte,Ēdiens • Maltīte,MARKER_LEAK,lv_macron_consonant
data,pt,A1,691,Essen,ēdiens • maltīte,ˈhis • Maltīte,LV_DIACRITIC,
data,pt,A1,691,Essen,ēdiens • maltīte,ˈhis • Maltīte,MARKER_LEAK,lv_macron_consonant
data,bg,A1,691,Essen,ēdiens • maltīte,Храна • Храна,FAMILY_COPY_STRICT,bg+hr+mk+sr
data,hr,A1,691,Essen,ēdiens • maltīte,Храна • Храна,FAMILY_COPY_STRICT,bg+hr+mk+sr
data,mk,A1,691,Essen,ēdiens • maltīte,Храна • Храна,FAMILY_COPY_STRICT,bg+hr+mk+sr
data,sr,A1,691,Essen,ēdiens • maltīte,Храна • Храна,FAMILY_COPY_STRICT,bg+hr+mk+sr
data,fi,A1,691,Essen,ēdiens • maltīte,Toit,FAMILY_COPY_STRICT,fi+sv
data,sv,A1,691,Essen,ēdiens • maltīte,Toit,FAMILY_COPY_STRICT,fi+sv
data,it,A1,691,Essen,ēdiens • maltīte,ˈhis • Maltīte,FAMILY_COPY_STRICT,it+pt
data,pt,A1,691,Essen,ēdiens • maltīte,ˈhis • Maltīte,FAMILY_COPY_STRICT,it+pt
data,lb,A1,691,Essen,ēdiens • maltīte,Ēdiens • Maltīte,FAMILY_COPY_STRICT,lb+nl
data,nl,A1,691,Essen,ēdiens • maltīte,Ēdiens • Maltīte,FAMILY_COPY_STRICT,lb+nl
data,nb,A1,691,Essen,ēdiens • maltīte,Toalett,FAMILY_COPY_STRICT,nb+nn
data,nn,A1,691,Essen,ēdiens • maltīte,Toalett,FAMILY_COPY_STRICT,nb+nn
data,sq,A1,691,Essen,ēdiens • maltīte,Yiyecek • Yemek,FAMILY_COPY_STRICT,sq+tr
data,tr,A1,691,Essen,ēdiens • maltīte,Yiyecek • Yemek,FAMILY_COPY_STRICT,sq+tr
data,it,A1,692,Gemüse,dārzeņi,Darzeņi,LV_DIACRITIC,
data,it,A1,692,Gemüse,dārzeņi,Darzeņi,MARKER_LEAK,lv_macron_consonant
data,lb,A1,692,Gemüse,dārzeņi,Dārzeņi,SAME_AS_LV_CASEFOLD,casefold_only
data,lb,A1,692,Gemüse,dārzeņi,Dārzeņi,LV_DIACRITIC,
data,lb,A1,692,Gemüse,dārzeņi,Dārzeņi,MARKER_LEAK,lv_macron_consonant
data,nl,A1,692,Gemüse,dārzeņi,Dārzeņi,SAME_AS_LV_CASEFOLD,casefold_only
data,nl,A1,692,Gemüse,dārzeņi,Dārzeņi,LV_DIACRITIC,
data,nl,A1,692,Gemüse,dārzeņi,Dārzeņi,MARKER_LEAK,lv_macron_consonant
data,pt,A1,692,Gemüse,dārzeņi,Darzeņi,LV_DIACRITIC,
data,pt,A1,692,Gemüse,dārzeņi,Darzeņi,MARKER_LEAK,lv_macron_consonant
data,sr,A1,692,Gemüse,dārzeņi,Zelenchuk,SCRIPT_MISMATCH,sr_as_cyrillic
data,sr,A1,692,Gemüse,dārzeņi,Zelenchuk,MARKER_LEAK,latin_in_cyrillic
data,cs,A1,692,Gemüse,dārzeņi,Zelenina,FAMILY_COPY_STRICT,cs+sk
data,sk,A1,692,Gemüse,dārzeņi,Zelenina,FAMILY_COPY_STRICT,cs+sk
data,fi,A1,692,Gemüse,dārzeņi,Köögiviljad,FAMILY_COPY_STRICT,fi+sv
data,sv,A1,692,Gemüse,dārzeņi,Köögiviljad,FAMILY_COPY_STRICT,fi+sv
data,hr,A1,692,Gemüse,dārzeņi,Zelenchuk,FAMILY_COPY_STRICT,hr+sr
data,sr,A1,692,Gemüse,dārzeņi,Zelenchuk,FAMILY_COPY_STRICT,hr+sr
data,it,A1,692,Gemüse,dārzeņi,Darzeņi,FAMILY_COPY_STRICT,it+pt
data,pt,A1,692,Gemüse,dārzeņi,Darzeņi,FAMILY_COPY_STRICT,it+pt
data,lb,A1,692,Gemüse,dārzeņi,Dārzeņi,FAMILY_COPY_STRICT,lb+nl
data,nl,A1,692,Gemüse,dārzeņi,Dārzeņi,FAMILY_COPY_STRICT,lb+nl
data,nb,A1,692,Gemüse,dārzeņi,Kjøkken-elskende,FAMILY_COPY_STRICT,nb+nn
data,nn,A1,692,Gemüse,dārzeņi,Kjøkken-elskende,FAMILY_COPY_STRICT,nb+nn
data,hr,A1,693,Obst,augļi,Плодове,SCRIPT_MISMATCH,
data,hr,A1,693,Obst,augļi,Плодове,MARKER_LEAK,foreign_script
data,bg,A1,693,Obst,augļi,Плодове,FAMILY_COPY_STRICT,bg+hr+mk+sr
data,hr,A1,693,Obst,augļi,Плодове,FAMILY_COPY_STRICT,bg+hr+mk+sr
data,mk,A1,693,Obst,augļi,Плодове,FAMILY_COPY_STRICT,bg+hr+mk+sr
data,sr,A1,693,Obst,augļi,Плодове,FAMILY_COPY_STRICT,bg+hr+mk+sr
data,fi,A1,693,Obst,augļi,Puuviljad,FAMILY_COPY_STRICT,fi+sv
data,sv,A1,693,Obst,augļi,Puuviljad,FAMILY_COPY_STRICT,fi+sv
data,nb,A1,693,Obst,augļi,Uvillig,FAMILY_COPY_STRICT,nb+nn
data,nn,A1,693,Obst,augļi,Uvillig,FAMILY_COPY_STRICT,nb+nn
data,hr,A1,694,Ferien,brīvdienas (skola),Празници (училиште),SCRIPT_MISMATCH,
data,hr,A1,694,Ferien,brīvdienas (skola),Празници (училиште),MARKER_LEAK,foreign_script
data,it,A1,694,Ferien,brīvdienas (skola),Brīvdienas (Skola),SAME_AS_LV_CASEFOLD,casefold_only
data,it,A1,694,Ferien,brīvdienas (skola),Brīvdienas (Skola),LV_DIACRITIC,
data,it,A1,694,Ferien,brīvdienas (skola),Brīvdienas (Skola),MARKER_LEAK,lv_macron_consonant
data,lb,A1,694,Ferien,brīvdienas (skola),Brīvdienas (skola),SAME_AS_LV_CASEFOLD,casefold_only
data,lb,A1,694,Ferien,brīvdienas (skola),Brīvdienas (skola),LV_DIACRITIC,
data,lb,A1,694,Ferien,brīvdienas (skola),Brīvdienas (skola),MARKER_LEAK,lv_macron_consonant
data,nl,A1,694,Ferien,brīvdienas (skola),Brīvdienas (skola),SAME_AS_LV_CASEFOLD,casefold_only
data,nl,A1,694,Ferien,brīvdienas (skola),Brīvdienas (skola),LV_DIACRITIC,
data,nl,A1,694,Ferien,brīvdienas (skola),Brīvdienas (skola),MARKER_LEAK,lv_macron_consonant
data,cs,A1,694,Ferien,brīvdienas (skola),Prázdniny (škola),FAMILY_COPY_STRICT,cs+sk
data,sk,A1,694,Ferien,brīvdienas (skola),Prázdniny (škola),FAMILY_COPY_STRICT,cs+sk
data,fi,A1,694,Ferien,brīvdienas (skola),Vaheaeg (kool),FAMILY_COPY_STRICT,fi+sv
data,sv,A1,694,Ferien,brīvdienas (skola),Vaheaeg (kool),FAMILY_COPY_STRICT,fi+sv
data,hr,A1,694,Ferien,brīvdienas (skola),Празници (училиште),FAMILY_COPY_STRICT,hr+mk+sr
data,mk,A1,694,Ferien,brīvdienas (skola),Празници (училиште),FAMILY_COPY_STRICT,hr+mk+sr
data,sr,A1,694,Ferien,brīvdienas (skola),Празници (училиште),FAMILY_COPY_STRICT,hr+mk+sr
data,lb,A1,694,Ferien,brīvdienas (skola),Brīvdienas (skola),FAMILY_COPY_STRICT,lb+nl
data,nl,A1,694,Ferien,brīvdienas (skola),Brīvdienas (skola),FAMILY_COPY_STRICT,lb+nl
data,nb,A1,694,Ferien,brīvdienas (skola),Vaheag (kul),FAMILY_COPY_STRICT,nb+nn
data,nn,A1,694,Ferien,brīvdienas (skola),Vaheag (kul),FAMILY_COPY_STRICT,nb+nn
data,sq,A1,694,Ferien,brīvdienas (skola),Tatiller (okul),FAMILY_COPY_STRICT,sq+tr
data,tr,A1,694,Ferien,brīvdienas (skola),Tatiller (okul),FAMILY_COPY_STRICT,sq+tr
data,hr,A1,695,Urlaub,atvaļinājums,Ваканция,SCRIPT_MISMATCH,
data,hr,A1,695,Urlaub,atvaļinājums,Ваканция,MARKER_LEAK,foreign_script
data,it,A1,695,Urlaub,atvaļinājums,Atvaųinājums,LV_DIACRITIC,
data,it,A1,695,Urlaub,atvaļinājums,Atvaųinājums,MARKER_LEAK,lv_macron_consonant
data,lb,A1,695,Urlaub,atvaļinājums,Atvaļinājums,SAME_AS_LV_CASEFOLD,casefold_only
data,lb,A1,695,Urlaub,atvaļinājums,Atvaļinājums,LV_DIACRITIC,
data,lb,A1,695,Urlaub,atvaļinājums,Atvaļinājums,MARKER_LEAK,lv_macron_consonant
data,nl,A1,695,Urlaub,atvaļinājums,Atvaļinājums,SAME_AS_LV_CASEFOLD,casefold_only
data,nl,A1,695,Urlaub,atvaļinājums,Atvaļinājums,LV_DIACRITIC,
data,nl,A1,695,Urlaub,atvaļinājums,Atvaļinājums,MARKER_LEAK,lv_macron_consonant
data,pt,A1,695,Urlaub,atvaļinājums,Atvaųinājums,LV_DIACRITIC,
data,pt,A1,695,Urlaub,atvaļinājums,Atvaųinājums,MARKER_LEAK,lv_macron_consonant
data,bg,A1,695,Urlaub,atvaļinājums,Ваканция,FAMILY_COPY_STRICT,bg+hr+mk+sr
data,hr,A1,695,Urlaub,atvaļinājums,Ваканция,FAMILY_COPY_STRICT,bg+hr+mk+sr
data,mk,A1,695,Urlaub,atvaļinājums,Ваканция,FAMILY_COPY_STRICT,bg+hr+mk+sr
data,sr,A1,695,Urlaub,atvaļinājums,Ваканция,FAMILY_COPY_STRICT,bg+hr+mk+sr
data,fi,A1,695,Urlaub,atvaļinājums,Puhkus,FAMILY_COPY_STRICT,fi+nb+nn+sv
data,nb,A1,695,Urlaub,atvaļinājums,Puhkus,FAMILY_COPY_STRICT,fi+nb+nn+sv
data,nn,A1,695,Urlaub,atvaļinājums,Puhkus,FAMILY_COPY_STRICT,fi+nb+nn+sv
data,sv,A1,695,Urlaub,atvaļinājums,Puhkus,FAMILY_COPY_STRICT,fi+nb+nn+sv
data,it,A1,695,Urlaub,atvaļinājums,Atvaųinājums,FAMILY_COPY_STRICT,it+pt
data,pt,A1,695,Urlaub,atvaļinājums,Atvaųinājums,FAMILY_COPY_STRICT,it+pt
data,lb,A1,695,Urlaub,atvaļinājums,Atvaļinājums,FAMILY_COPY_STRICT,lb+nl
data,nl,A1,695,Urlaub,atvaļinājums,Atvaļinājums,FAMILY_COPY_STRICT,lb+nl
data,hr,A1,696,Stadt,pilsēta,Град,SCRIPT_MISMATCH,
data,hr,A1,696,Stadt,pilsēta,Град,MARKER_LEAK,foreign_script
data,nl,A1,696,Stadt,pilsēta,Pilsēta,SAME_AS_LV_CASEFOLD,casefold_only
data,nl,A1,696,Stadt,pilsēta,Pilsēta,LV_DIACRITIC,
data,nl,A1,696,Stadt,pilsēta,Pilsēta,MARKER_LEAK,lv_macron_consonant
data,bg,A1,696,Stadt,pilsēta,Град,FAMILY_COPY_STRICT,bg+hr+mk+sr
data,hr,A1,696,Stadt,pilsēta,Град,FAMILY_COPY_STRICT,bg+hr+mk+sr
data,mk,A1,696,Stadt,pilsēta,Град,FAMILY_COPY_STRICT,bg+hr+mk+sr
data,sr,A1,696,Stadt,pilsēta,Град,FAMILY_COPY_STRICT,bg+hr+mk+sr
data,fi,A1,696,Stadt,pilsēta,Linn,FAMILY_COPY_STRICT,fi+sv
data,sv,A1,696,Stadt,pilsēta,Linn,FAMILY_COPY_STRICT,fi+sv
data,is,A1,696,Stadt,pilsēta,Sengetøy,FAMILY_COPY_STRICT,is+nb+nn
data,nb,A1,696,Stadt,pilsēta,Sengetøy,FAMILY_COPY_STRICT,is+nb+nn
data,nn,A1,696,Stadt,pilsēta,Sengetøy,FAMILY_COPY_STRICT,is+nb+nn
data,it,A1,696,Stadt,pilsēta,Pilseta,FAMILY_COPY_STRICT,it+pt
data,pt,A1,696,Stadt,pilsēta,Pilseta,FAMILY_COPY_STRICT,it+pt
data,nl,A1,697,Staat,valsts,Valsts,SAME_AS_LV_CASEFOLD,casefold_only
data,sr,A1,697,Staat,valsts,Država,LV_DIACRITIC,
data,sr,A1,697,Staat,valsts,Država,SCRIPT_MISMATCH,sr_as_cyrillic
data,sr,A1,697,Staat,valsts,Država,MARKER_LEAK,latin_in_cyrillic
data,bg,A1,697,Staat,valsts,Държава,FAMILY_COPY_STRICT,bg+mk
data,mk,A1,697,Staat,valsts,Държава,FAMILY_COPY_STRICT,bg+mk
data,bs,A1,697,Staat,valsts,država,FAMILY_COPY_STRICT,bs+sl
data,sl,A1,697,Staat,valsts,država,FAMILY_COPY_STRICT,bs+sl
data,fi,A1,697,Staat,valsts,Riik,FAMILY_COPY_STRICT,fi+is+nb+nn+sv
data,is,A1,697,Staat,valsts,Riik,FAMILY_COPY_STRICT,fi+is+nb+nn+sv
data,nb,A1,697,Staat,valsts,Riik,FAMILY_COPY_STRICT,fi+is+nb+nn+sv
data,nn,A1,697,Staat,valsts,Riik,FAMILY_COPY_STRICT,fi+is+nb+nn+sv
data,sv,A1,697,Staat,valsts,Riik,FAMILY_COPY_STRICT,fi+is+nb+nn+sv
data,hr,A1,697,Staat,valsts,Država,FAMILY_COPY_STRICT,hr+sr
data,sr,A1,697,Staat,valsts,Država,FAMILY_COPY_STRICT,hr+sr
data,nl,A1,698,Uhr,pulkstenis,Pulkstenis,SAME_AS_LV_CASEFOLD,casefold_only
data,sr,A1,698,Uhr,pulkstenis,Ura,SCRIPT_MISMATCH,sr_as_cyrillic
data,sr,A1,698,Uhr,pulkstenis,Ura,MARKER_LEAK,latin_in_cyrillic
data,bg,A1,698,Uhr,pulkstenis,Гледай,FAMILY_COPY_STRICT,bg+mk
data,mk,A1,698,Uhr,pulkstenis,Гледай,FAMILY_COPY_STRICT,bg+mk
data,cs,A1,698,Uhr,pulkstenis,Hodiny,FAMILY_COPY_STRICT,cs+sk
data,sk,A1,698,Uhr,pulkstenis,Hodiny,FAMILY_COPY_STRICT,cs+sk
data,fi,A1,698,Uhr,pulkstenis,Kell,FAMILY_COPY_STRICT,fi+is+nb+nn+sv
data,is,A1,698,Uhr,pulkstenis,Kell,FAMILY_COPY_STRICT,fi+is+nb+nn+sv
data,nb,A1,698,Uhr,pulkstenis,Kell,FAMILY_COPY_STRICT,fi+is+nb+nn+sv
data,nn,A1,698,Uhr,pulkstenis,Kell,FAMILY_COPY_STRICT,fi+is+nb+nn+sv
data,sv,A1,698,Uhr,pulkstenis,Kell,FAMILY_COPY_STRICT,fi+is+nb+nn+sv
data,hr,A1,698,Uhr,pulkstenis,Ura,FAMILY_COPY_STRICT,hr+sr
data,sr,A1,698,Uhr,pulkstenis,Ura,FAMILY_COPY_STRICT,hr+sr
data,it,A1,699,Zeit,laiks (brīdis / laika posms),Larch (poms brīdis/ laika),LV_DIACRITIC,
data,it,A1,699,Zeit,laiks (brīdis / laika posms),Larch (poms brīdis/ laika),MARKER_LEAK,lv_macron_consonant
data,lb,A1,699,Zeit,laiks (brīdis / laika posms),Larch (brīdis / laika posms),LV_DIACRITIC,
data,lb,A1,699,Zeit,laiks (brīdis / laika posms),Larch (brīdis / laika posms),MARKER_LEAK,lv_macron_consonant
data,nl,A1,699,Zeit,laiks (brīdis / laika posms),Laiks (brīdis / laika posms),SAME_AS_LV_CASEFOLD,casefold_only
data,nl,A1,699,Zeit,laiks (brīdis / laika posms),Laiks (brīdis / laika posms),LV_DIACRITIC,
data,nl,A1,699,Zeit,laiks (brīdis / laika posms),Laiks (brīdis / laika posms),MARKER_LEAK,lv_macron_consonant
data,pt,A1,699,Zeit,laiks (brīdis / laika posms),Lariço (poms brīdis/ laika),LV_DIACRITIC,
data,pt,A1,699,Zeit,laiks (brīdis / laika posms),Lariço (poms brīdis/ laika),MARKER_LEAK,lv_macron_consonant
data,sr,A1,699,Zeit,laiks (brīdis / laika posms),Vrijeme (trenutak/vremenski period),SCRIPT_MISMATCH,sr_as_cyrillic
data,sr,A1,699,Zeit,laiks (brīdis / laika posms),Vrijeme (trenutak/vremenski period),MARKER_LEAK,latin_in_cyrillic
data,fi,A1,699,Zeit,laiks (brīdis / laika posms),Aeg (hetk / ajavahemik),FAMILY_COPY_STRICT,fi+sv
data,sv,A1,699,Zeit,laiks (brīdis / laika posms),Aeg (hetk / ajavahemik),FAMILY_COPY_STRICT,fi+sv
data,hr,A1,699,Zeit,laiks (brīdis / laika posms),Vrijeme (trenutak/vremenski period),FAMILY_COPY_STRICT,hr+sr
data,sr,A1,699,Zeit,laiks (brīdis / laika posms),Vrijeme (trenutak/vremenski period),FAMILY_COPY_STRICT,hr+sr
data,is,A1,699,Zeit,laiks (brīdis / laika posms),Aeg,FAMILY_COPY_STRICT,is+nb+nn
data,nb,A1,699,Zeit,laiks (brīdis / laika posms),Aeg,FAMILY_COPY_STRICT,is+nb+nn
data,nn,A1,699,Zeit,laiks (brīdis / laika posms),Aeg,FAMILY_COPY_STRICT,is+nb+nn
data,sq,A1,699,Zeit,laiks (brīdis / laika posms),Zaman (an/zaman dilimi),FAMILY_COPY_STRICT,sq+tr
data,tr,A1,699,Zeit,laiks (brīdis / laika posms),Zaman (an/zaman dilimi),FAMILY_COPY_STRICT,sq+tr
data,hr,A1,700,einmal,vienreiz • reiz,Еднократно • Еднократно,SCRIPT_MISMATCH,
data,hr,A1,700,einmal,vienreiz • reiz,Еднократно • Еднократно,MARKER_LEAK,foreign_script
data,lb,A1,700,einmal,vienreiz • reiz,Vienreiz • Reiz,SAME_AS_LV_CASEFOLD,casefold_only
data,nl,A1,700,einmal,vienreiz • reiz,Vienreiz • Reiz,SAME_AS_LV_CASEFOLD,casefold_only
data,bg,A1,700,einmal,vienreiz • reiz,Еднократно • Еднократно,FAMILY_COPY_STRICT,bg+hr+mk+sr
data,hr,A1,700,einmal,vienreiz • reiz,Еднократно • Еднократно,FAMILY_COPY_STRICT,bg+hr+mk+sr
data,mk,A1,700,einmal,vienreiz • reiz,Еднократно • Еднократно,FAMILY_COPY_STRICT,bg+hr+mk+sr
data,sr,A1,700,einmal,vienreiz • reiz,Еднократно • Еднократно,FAMILY_COPY_STRICT,bg+hr+mk+sr
data,fi,A1,700,einmal,vienreiz • reiz,Üks kord • Kord,FAMILY_COPY_STRICT,fi+is+nb+nn+sv
data,is,A1,700,einmal,vienreiz • reiz,Üks kord • Kord,FAMILY_COPY_STRICT,fi+is+nb+nn+sv
data,nb,A1,700,einmal,vienreiz • reiz,Üks kord • Kord,FAMILY_COPY_STRICT,fi+is+nb+nn+sv
data,nn,A1,700,einmal,vienreiz • reiz,Üks kord • Kord,FAMILY_COPY_STRICT,fi+is+nb+nn+sv
data,sv,A1,700,einmal,vienreiz • reiz,Üks kord • Kord,FAMILY_COPY_STRICT,fi+is+nb+nn+sv
data,lb,A1,700,einmal,vienreiz • reiz,Vienreiz • Reiz,FAMILY_COPY_STRICT,lb+nl
data,nl,A1,700,einmal,vienreiz • reiz,Vienreiz • Reiz,FAMILY_COPY_STRICT,lb+nl
data,pl,A1,700,einmal,vienreiz • reiz,Raz • Raz,FAMILY_COPY_STRICT,pl+sk
data,sk,A1,700,einmal,vienreiz • reiz,Raz • Raz,FAMILY_COPY_STRICT,pl+sk
data,nl,A1,701,noch mal,vēlreiz,Vēlreiz,SAME_AS_LV_CASEFOLD,casefold_only
data,nl,A1,701,noch mal,vēlreiz,Vēlreiz,LV_DIACRITIC,
data,nl,A1,701,noch mal,vēlreiz,Vēlreiz,MARKER_LEAK,lv_macron_consonant
data,sr,A1,701,noch mal,vēlreiz,Opet,SCRIPT_MISMATCH,sr_as_cyrillic
data,sr,A1,701,noch mal,vēlreiz,Opet,MARKER_LEAK,latin_in_cyrillic
data,bg,A1,701,noch mal,vēlreiz,Отново,FAMILY_COPY_STRICT,bg+mk
data,mk,A1,701,noch mal,vēlreiz,Отново,FAMILY_COPY_STRICT,bg+mk
data,fi,A1,701,noch mal,vēlreiz,Veel kord,FAMILY_COPY_STRICT,fi+sv
data,sv,A1,701,noch mal,vēlreiz,Veel kord,FAMILY_COPY_STRICT,fi+sv
data,hr,A1,701,noch mal,vēlreiz,Opet,FAMILY_COPY_STRICT,hr+sr
data,sr,A1,701,noch mal,vēlreiz,Opet,FAMILY_COPY_STRICT,hr+sr
data,is,A1,701,noch mal,vēlreiz,Mange ganger,FAMILY_COPY_STRICT,is+nb+nn
data,nb,A1,701,noch mal,vēlreiz,Mange ganger,FAMILY_COPY_STRICT,is+nb+nn
data,nn,A1,701,noch mal,vēlreiz,Mange ganger,FAMILY_COPY_STRICT,is+nb+nn
data,it,A1,701,noch mal,vēlreiz,Velreiz,FAMILY_COPY_STRICT,it+pt
data,pt,A1,701,noch mal,vēlreiz,Velreiz,FAMILY_COPY_STRICT,it+pt
data,it,A2,0,ab und zu,šad un tad • reizēm,Šad un po ' • Reizem,LV_DIACRITIC,
data,lb,A2,0,ab und zu,šad un tad • reizēm,Šad un tad • Reizēm,SAME_AS_LV_CASEFOLD,casefold_only
data,lb,A2,0,ab und zu,šad un tad • reizēm,Šad un tad • Reizēm,LV_DIACRITIC,
data,lb,A2,0,ab und zu,šad un tad • reizēm,Šad un tad • Reizēm,MARKER_LEAK,lv_macron_consonant
data,nl,A2,0,ab und zu,šad un tad • reizēm,Šad un tad • Reizēm,SAME_AS_LV_CASEFOLD,casefold_only
data,nl,A2,0,ab und zu,šad un tad • reizēm,Šad un tad • Reizēm,LV_DIACRITIC,
data,nl,A2,0,ab und zu,šad un tad • reizēm,Šad un tad • Reizēm,MARKER_LEAK,lv_macron_consonant
data,pt,A2,0,ab und zu,šad un tad • reizēm,Šad um pouco • Reizem,LV_DIACRITIC,
data,sl,A2,0,ab und zu,šad un tad • reizēm,šad un tad • reizēm,SAME_AS_LV_CASEFOLD,exact
data,sl,A2,0,ab und zu,šad un tad • reizēm,šad un tad • reizēm,LV_DIACRITIC,
data,sl,A2,0,ab und zu,šad un tad • reizēm,šad un tad • reizēm,MARKER_LEAK,lv_macron_consonant
data,sr,A2,0,ab und zu,šad un tad • reizēm,Občasno • Včasih,LV_DIACRITIC,
data,sr,A2,0,ab und zu,šad un tad • reizēm,Občasno • Včasih,SCRIPT_MISMATCH,sr_as_cyrillic
data,sr,A2,0,ab und zu,šad un tad • reizēm,Občasno • Včasih,MARKER_LEAK,latin_in_cyrillic
data,bg,A2,0,ab und zu,šad un tad • reizēm,От време на време • Понякога,FAMILY_COPY_STRICT,bg+mk
data,mk,A2,0,ab und zu,šad un tad • reizēm,От време на време • Понякога,FAMILY_COPY_STRICT,bg+mk
data,fi,A2,0,ab und zu,šad un tad • reizēm,Aeg-ajalt • Vahetevahel,FAMILY_COPY_STRICT,fi+is+nb+nn+sv
data,is,A2,0,ab und zu,šad un tad • reizēm,Aeg-ajalt • Vahetevahel,FAMILY_COPY_STRICT,fi+is+nb+nn+sv
data,nb,A2,0,ab und zu,šad un tad • reizēm,Aeg-ajalt • Vahetevahel,FAMILY_COPY_STRICT,fi+is+nb+nn+sv
data,nn,A2,0,ab und zu,šad un tad • reizēm,Aeg-ajalt • Vahetevahel,FAMILY_COPY_STRICT,fi+is+nb+nn+sv
data,sv,A2,0,ab und zu,šad un tad • reizēm,Aeg-ajalt • Vahetevahel,FAMILY_COPY_STRICT,fi+is+nb+nn+sv
data,hr,A2,0,ab und zu,šad un tad • reizēm,Občasno • Včasih,FAMILY_COPY_STRICT,hr+sr
data,sr,A2,0,ab und zu,šad un tad • reizēm,Občasno • Včasih,FAMILY_COPY_STRICT,hr+sr
data,lb,A2,0,ab und zu,šad un tad • reizēm,Šad un tad • Reizēm,FAMILY_COPY_STRICT,lb+nl
data,nl,A2,0,ab und zu,šad un tad • reizēm,Šad un tad • Reizēm,FAMILY_COPY_STRICT,lb+nl
data,pl,A2,0,ab und zu,šad un tad • reizēm,Od czasu do czasu • Czasami,FAMILY_COPY_STRICT,pl+sq+tr
data,sq,A2,0,ab und zu,šad un tad • reizēm,Od czasu do czasu • Czasami,FAMILY_COPY_STRICT,pl+sq+tr
data,tr,A2,0,ab und zu,šad un tad • reizēm,Od czasu do czasu • Czasami,FAMILY_COPY_STRICT,pl+sq+tr
data,it,A2,1,Abenteuer,piedzīvojums • dēka,Piedzīvojums • Dēka,SAME_AS_LV_CASEFOLD,casefold_only
data,it,A2,1,Abenteuer,piedzīvojums • dēka,Piedzīvojums • Dēka,LV_DIACRITIC,
data,it,A2,1,Abenteuer,piedzīvojums • dēka,Piedzīvojums • Dēka,MARKER_LEAK,lv_macron_consonant
data,lb,A2,1,Abenteuer,piedzīvojums • dēka,Piedzīvojums • Dēka,SAME_AS_LV_CASEFOLD,casefold_only
data,lb,A2,1,Abenteuer,piedzīvojums • dēka,Piedzīvojums • Dēka,LV_DIACRITIC,
data,lb,A2,1,Abenteuer,piedzīvojums • dēka,Piedzīvojums • Dēka,MARKER_LEAK,lv_macron_consonant
data,nl,A2,1,Abenteuer,piedzīvojums • dēka,Piedzīvojums • Dēka,SAME_AS_LV_CASEFOLD,casefold_only
data,nl,A2,1,Abenteuer,piedzīvojums • dēka,Piedzīvojums • Dēka,LV_DIACRITIC,
data,nl,A2,1,Abenteuer,piedzīvojums • dēka,Piedzīvojums • Dēka,MARKER_LEAK,lv_macron_consonant
data,pt,A2,1,Abenteuer,piedzīvojums • dēka,Piedzīvojums • Dēka,SAME_AS_LV_CASEFOLD,casefold_only
data,pt,A2,1,Abenteuer,piedzīvojums • dēka,Piedzīvojums • Dēka,LV_DIACRITIC,
data,pt,A2,1,Abenteuer,piedzīvojums • dēka,Piedzīvojums • Dēka,MARKER_LEAK,lv_macron_consonant
data,sl,A2,1,Abenteuer,piedzīvojums • dēka,piedzīvojums • dēka,SAME_AS_LV_CASEFOLD,exact
data,sl,A2,1,Abenteuer,piedzīvojums • dēka,piedzīvojums • dēka,LV_DIACRITIC,
data,sl,A2,1,Abenteuer,piedzīvojums • dēka,piedzīvojums • dēka,MARKER_LEAK,lv_macron_consonant
data,sr,A2,1,Abenteuer,piedzīvojums • dēka,Avantura • Romantika,SCRIPT_MISMATCH,sr_as_cyrillic
data,sr,A2,1,Abenteuer,piedzīvojums • dēka,Avantura • Romantika,MARKER_LEAK,latin_in_cyrillic
data,bg,A2,1,Abenteuer,piedzīvojums • dēka,Приключение • Романтика,FAMILY_COPY_STRICT,bg+mk
data,mk,A2,1,Abenteuer,piedzīvojums • dēka,Приключение • Романтика,FAMILY_COPY_STRICT,bg+mk
data,fi,A2,1,Abenteuer,piedzīvojums • dēka,Seiklus • Avantüür,FAMILY_COPY_STRICT,fi+is+nb+nn+sv
data,is,A2,1,Abenteuer,piedzīvojums • dēka,Seiklus • Avantüür,FAMILY_COPY_STRICT,fi+is+nb+nn+sv
data,nb,A2,1,Abenteuer,piedzīvojums • dēka,Seiklus • Avantüür,FAMILY_COPY_STRICT,fi+is+nb+nn+sv
data,nn,A2,1,Abenteuer,piedzīvojums • dēka,Seiklus • Avantüür,FAMILY_COPY_STRICT,fi+is+nb+nn+sv
data,sv,A2,1,Abenteuer,piedzīvojums • dēka,Seiklus • Avantüür,FAMILY_COPY_STRICT,fi+is+nb+nn+sv
data,hr,A2,1,Abenteuer,piedzīvojums • dēka,Avantura • Romantika,FAMILY_COPY_STRICT,hr+sr
data,sr,A2,1,Abenteuer,piedzīvojums • dēka,Avantura • Romantika,FAMILY_COPY_STRICT,hr+sr
data,it,A2,1,Abenteuer,piedzīvojums • dēka,Piedzīvojums • Dēka,FAMILY_COPY_STRICT,it+lb+nl+pt
data,lb,A2,1,Abenteuer,piedzīvojums • dēka,Piedzīvojums • Dēka,FAMILY_COPY_STRICT,it+lb+nl+pt
data,nl,A2,1,Abenteuer,piedzīvojums • dēka,Piedzīvojums • Dēka,FAMILY_COPY_STRICT,it+lb+nl+pt
data,pt,A2,1,Abenteuer,piedzīvojums • dēka,Piedzīvojums • Dēka,FAMILY_COPY_STRICT,it+lb+nl+pt
data,fi,A2,2,abfahren,aizbraukt,Ära sõitma,MARKER_LEAK,et_otilde
data,it,A2,2,abfahren,aizbraukt,Aizbraukt,SAME_AS_LV_CASEFOLD,casefold_only
data,lb,A2,2,abfahren,aizbraukt,Aizbraukt,SAME_AS_LV_CASEFOLD,casefold_only
data,nl,A2,2,abfahren,aizbraukt,Aizbraukt,SAME_AS_LV_CASEFOLD,casefold_only
data,pt,A2,2,abfahren,aizbraukt,Aizbraukt,SAME_AS_LV_CASEFOLD,casefold_only
data,sl,A2,2,abfahren,aizbraukt,aizbraukt,SAME_AS_LV_CASEFOLD,exact
data,sr,A2,2,abfahren,aizbraukt,Trʺgvaj,SCRIPT_MISMATCH,sr_as_cyrillic
data,sr,A2,2,abfahren,aizbraukt,Trʺgvaj,MARKER_LEAK,latin_in_cyrillic
data,sv,A2,2,abfahren,aizbraukt,Ära sõitma,MARKER_LEAK,et_otilde
data,bg,A2,2,abfahren,aizbraukt,Тръгвай,FAMILY_COPY_STRICT,bg+mk
data,mk,A2,2,abfahren,aizbraukt,Тръгвай,FAMILY_COPY_STRICT,bg+mk
data,fi,A2,2,abfahren,aizbraukt,Ära sõitma,FAMILY_COPY_STRICT,fi+sv
data,sv,A2,2,abfahren,aizbraukt,Ära sõitma,FAMILY_COPY_STRICT,fi+sv
data,hr,A2,2,abfahren,aizbraukt,Trʺgvaj,FAMILY_COPY_STRICT,hr+sr
data,sr,A2,2,abfahren,aizbraukt,Trʺgvaj,FAMILY_COPY_STRICT,hr+sr
data,is,A2,2,abfahren,aizbraukt,Hedre juidma,FAMILY_COPY_STRICT,is+nb+nn
data,nb,A2,2,abfahren,aizbraukt,Hedre juidma,FAMILY_COPY_STRICT,is+nb+nn
data,nn,A2,2,abfahren,aizbraukt,Hedre juidma,FAMILY_COPY_STRICT,is+nb+nn
data,it,A2,2,abfahren,aizbraukt,Aizbraukt,FAMILY_COPY_STRICT,it+lb+nl+pt
data,lb,A2,2,abfahren,aizbraukt,Aizbraukt,FAMILY_COPY_STRICT,it+lb+nl+pt
data,nl,A2,2,abfahren,aizbraukt,Aizbraukt,FAMILY_COPY_STRICT,it+lb+nl+pt
data,pt,A2,2,abfahren,aizbraukt,Aizbraukt,FAMILY_COPY_STRICT,it+lb+nl+pt
data,fi,A2,3,Abfahrt,aizbraukšana • atiešana,Ärasõit • Väljumine,MARKER_LEAK,et_otilde
data,is,A2,3,Abfahrt,aizbraukšana • atiešana,Ärasūt • Velgumine,LV_DIACRITIC,
data,is,A2,3,Abfahrt,aizbraukšana • atiešana,Ärasūt • Velgumine,MARKER_LEAK,lv_u_macron
data,it,A2,3,Abfahrt,aizbraukšana • atiešana,Aizbraukšana • Atiesana,LV_DIACRITIC,
data,lb,A2,3,Abfahrt,aizbraukšana • atiešana,Aizbraukšana • Atiešana,SAME_AS_LV_CASEFOLD,casefold_only
data,lb,A2,3,Abfahrt,aizbraukšana • atiešana,Aizbraukšana • Atiešana,LV_DIACRITIC,
data,nb,A2,3,Abfahrt,aizbraukšana • atiešana,Ärasūt • Velgumine,LV_DIACRITIC,
data,nb,A2,3,Abfahrt,aizbraukšana • atiešana,Ärasūt • Velgumine,MARKER_LEAK,lv_u_macron
data,nl,A2,3,Abfahrt,aizbraukšana • atiešana,Aizbraukšana • Atiešana,SAME_AS_LV_CASEFOLD,casefold_only
data,nl,A2,3,Abfahrt,aizbraukšana • atiešana,Aizbraukšana • Atiešana,LV_DIACRITIC,
data,nn,A2,3,Abfahrt,aizbraukšana • atiešana,Ärasūt • Velgumine,LV_DIACRITIC,
data,nn,A2,3,Abfahrt,aizbraukšana • atiešana,Ärasūt • Velgumine,MARKER_LEAK,lv_u_macron
data,pt,A2,3,Abfahrt,aizbraukšana • atiešana,Aizbraukšana • Atiesana,LV_DIACRITIC,
data,sl,A2,3,Abfahrt,aizbraukšana • atiešana,aizbraukšana • atiešana,SAME_AS_LV_CASEFOLD,exact
data,sr,A2,3,Abfahrt,aizbraukšana • atiešana,Odhod • Odhod,SCRIPT_MISMATCH,sr_as_cyrillic
data,sr,A2,3,Abfahrt,aizbraukšana • atiešana,Odhod • Odhod,MARKER_LEAK,latin_in_cyrillic
data,sv,A2,3,Abfahrt,aizbraukšana • atiešana,Ärasõit • Väljumine,MARKER_LEAK,et_otilde
data,bg,A2,3,Abfahrt,aizbraukšana • atiešana,Отпътуване • Отпътуване,FAMILY_COPY_STRICT,bg+mk
data,mk,A2,3,Abfahrt,aizbraukšana • atiešana,Отпътуване • Отпътуване,FAMILY_COPY_STRICT,bg+mk
data,fi,A2,3,Abfahrt,aizbraukšana • atiešana,Ärasõit • Väljumine,FAMILY_COPY_STRICT,fi+sv
data,sv,A2,3,Abfahrt,aizbraukšana • atiešana,Ärasõit • Väljumine,FAMILY_COPY_STRICT,fi+sv
data,hr,A2,3,Abfahrt,aizbraukšana • atiešana,Odhod • Odhod,FAMILY_COPY_STRICT,hr+sr
data,sr,A2,3,Abfahrt,aizbraukšana • atiešana,Odhod • Odhod,FAMILY_COPY_STRICT,hr+sr
data,is,A2,3,Abfahrt,aizbraukšana • atiešana,Ärasūt • Velgumine,FAMILY_COPY_STRICT,is+nb+nn
data,nb,A2,3,Abfahrt,aizbraukšana • atiešana,Ärasūt • Velgumine,FAMILY_COPY_STRICT,is+nb+nn
data,nn,A2,3,Abfahrt,aizbraukšana • atiešana,Ärasūt • Velgumine,FAMILY_COPY_STRICT,is+nb+nn
data,it,A2,3,Abfahrt,aizbraukšana • atiešana,Aizbraukšana • Atiesana,FAMILY_COPY_STRICT,it+pt
data,pt,A2,3,Abfahrt,aizbraukšana • atiešana,Aizbraukšana • Atiesana,FAMILY_COPY_STRICT,it+pt
data,lb,A2,3,Abfahrt,aizbraukšana • atiešana,Aizbraukšana • Atiešana,FAMILY_COPY_STRICT,lb+nl
data,nl,A2,3,Abfahrt,aizbraukšana • atiešana,Aizbraukšana • Atiešana,FAMILY_COPY_STRICT,lb+nl
data,pl,A2,3,Abfahrt,aizbraukšana • atiešana,Wyjazd • Wyjazd,FAMILY_COPY_STRICT,pl+sq+tr
data,sq,A2,3,Abfahrt,aizbraukšana • atiešana,Wyjazd • Wyjazd,FAMILY_COPY_STRICT,pl+sq+tr
data,tr,A2,3,Abfahrt,aizbraukšana • atiešana,Wyjazd • Wyjazd,FAMILY_COPY_STRICT,pl+sq+tr
data,hr,A2,4,Abfall,atkritumi,Боклук,SCRIPT_MISMATCH,
data,hr,A2,4,Abfall,atkritumi,Боклук,MARKER_LEAK,foreign_script
data,it,A2,4,Abfall,atkritumi,Atkritumi,SAME_AS_LV_CASEFOLD,casefold_only
data,lb,A2,4,Abfall,atkritumi,Atkritumi,SAME_AS_LV_CASEFOLD,casefold_only
data,nl,A2,4,Abfall,atkritumi,Atkritumi,SAME_AS_LV_CASEFOLD,casefold_only
data,sl,A2,4,Abfall,atkritumi,atkritumi,SAME_AS_LV_CASEFOLD,exact
data,bg,A2,4,Abfall,atkritumi,Боклук,FAMILY_COPY_STRICT,bg+hr+mk+sr
data,hr,A2,4,Abfall,atkritumi,Боклук,FAMILY_COPY_STRICT,bg+hr+mk+sr
data,mk,A2,4,Abfall,atkritumi,Боклук,FAMILY_COPY_STRICT,bg+hr+mk+sr
data,sr,A2,4,Abfall,atkritumi,Боклук,FAMILY_COPY_STRICT,bg+hr+mk+sr
data,fi,A2,4,Abfall,atkritumi,Prügi,FAMILY_COPY_STRICT,fi+sv
data,sv,A2,4,Abfall,atkritumi,Prügi,FAMILY_COPY_STRICT,fi+sv
data,is,A2,4,Abfall,atkritumi,Prugi,FAMILY_COPY_STRICT,is+nb+nn
data,nb,A2,4,Abfall,atkritumi,Prugi,FAMILY_COPY_STRICT,is+nb+nn
data,nn,A2,4,Abfall,atkritumi,Prugi,FAMILY_COPY_STRICT,is+nb+nn
data,it,A2,4,Abfall,atkritumi,Atkritumi,FAMILY_COPY_STRICT,it+lb+nl
data,lb,A2,4,Abfall,atkritumi,Atkritumi,FAMILY_COPY_STRICT,it+lb+nl
data,nl,A2,4,Abfall,atkritumi,Atkritumi,FAMILY_COPY_STRICT,it+lb+nl
data,hr,A2,5,abgeben,nodot • atdot • iesniegt,Предайте • Дайте • Предайте,SCRIPT_MISMATCH,
data,hr,A2,5,abgeben,nodot • atdot • iesniegt,Предайте • Дайте • Предайте,MARKER_LEAK,foreign_script
data,it,A2,5,abgeben,nodot • atdot • iesniegt,Nodot • Atdot • Iesniegt,SAME_AS_LV_CASEFOLD,casefold_only
data,lb,A2,5,abgeben,nodot • atdot • iesniegt,Nodot • Atdot • Iesniegt,SAME_AS_LV_CASEFOLD,casefold_only
data,nl,A2,5,abgeben,nodot • atdot • iesniegt,Nodot • Atdot • Iesniegt,SAME_AS_LV_CASEFOLD,casefold_only
data,pt,A2,5,abgeben,nodot • atdot • iesniegt,Nodot • Atdot • Iesniegt,SAME_AS_LV_CASEFOLD,casefold_only
data,sl,A2,5,abgeben,nodot • atdot • iesniegt,nodot • atdot • iesniegt,SAME_AS_LV_CASEFOLD,exact
data,bg,A2,5,abgeben,nodot • atdot • iesniegt,Предайте • Дайте • Предайте,FAMILY_COPY_STRICT,bg+hr+mk+sr
data,hr,A2,5,abgeben,nodot • atdot • iesniegt,Предайте • Дайте • Предайте,FAMILY_COPY_STRICT,bg+hr+mk+sr
data,mk,A2,5,abgeben,nodot • atdot • iesniegt,Предайте • Дайте • Предайте,FAMILY_COPY_STRICT,bg+hr+mk+sr
data,sr,A2,5,abgeben,nodot • atdot • iesniegt,Предайте • Дайте • Предайте,FAMILY_COPY_STRICT,bg+hr+mk+sr
data,fi,A2,5,abgeben,nodot • atdot • iesniegt,Ära andma • Tagasi andma • Esitama,FAMILY_COPY_STRICT,fi+sv
data,sv,A2,5,abgeben,nodot • atdot • iesniegt,Ära andma • Tagasi andma • Esitama,FAMILY_COPY_STRICT,fi+sv
data,is,A2,5,abgeben,nodot • atdot • iesniegt,Ærepust • Tagasi-pust • Esitama,FAMILY_COPY_STRICT,is+nb+nn
data,nb,A2,5,abgeben,nodot • atdot • iesniegt,Ærepust • Tagasi-pust • Esitama,FAMILY_COPY_STRICT,is+nb+nn
data,nn,A2,5,abgeben,nodot • atdot • iesniegt,Ærepust • Tagasi-pust • Esitama,FAMILY_COPY_STRICT,is+nb+nn
data,it,A2,5,abgeben,nodot • atdot • iesniegt,Nodot • Atdot • Iesniegt,FAMILY_COPY_STRICT,it+lb+nl+pt
data,lb,A2,5,abgeben,nodot • atdot • iesniegt,Nodot • Atdot • Iesniegt,FAMILY_COPY_STRICT,it+lb+nl+pt
data,nl,A2,5,abgeben,nodot • atdot • iesniegt,Nodot • Atdot • Iesniegt,FAMILY_COPY_STRICT,it+lb+nl+pt
data,pt,A2,5,abgeben,nodot • atdot • iesniegt,Nodot • Atdot • Iesniegt,FAMILY_COPY_STRICT,it+lb+nl+pt
data,sq,A2,5,abgeben,nodot • atdot • iesniegt,Teslim Etme • Teslim Etme • Katlama,FAMILY_COPY_STRICT,sq+tr
data,tr,A2,5,abgeben,nodot • atdot • iesniegt,Teslim Etme • Teslim Etme • Katlama,FAMILY_COPY_STRICT,sq+tr
data,hr,A2,6,abgemacht,nokārtots • nolemts • norunāts,Решен · решен · съгласен,SCRIPT_MISMATCH,
data,hr,A2,6,abgemacht,nokārtots • nolemts • norunāts,Решен · решен · съгласен,MARKER_LEAK,foreign_script
data,it,A2,6,abgemacht,nokārtots • nolemts • norunāts,Nokārtots • Nolemts • Norunāts,SAME_AS_LV_CASEFOLD,casefold_only
data,it,A2,6,abgemacht,nokārtots • nolemts • norunāts,Nokārtots • Nolemts • Norunāts,LV_DIACRITIC,
data,it,A2,6,abgemacht,nokārtots • nolemts • norunāts,Nokārtots • Nolemts • Norunāts,MARKER_LEAK,lv_macron_consonant
data,lb,A2,6,abgemacht,nokārtots • nolemts • norunāts,Nokārtots • Nolemts • Norunāts,SAME_AS_LV_CASEFOLD,casefold_only
data,lb,A2,6,abgemacht,nokārtots • nolemts • norunāts,Nokārtots • Nolemts • Norunāts,LV_DIACRITIC,
data,lb,A2,6,abgemacht,nokārtots • nolemts • norunāts,Nokārtots • Nolemts • Norunāts,MARKER_LEAK,lv_macron_consonant
data,nl,A2,6,abgemacht,nokārtots • nolemts • norunāts,Nokārtots • Nolemts • Norunāts,SAME_AS_LV_CASEFOLD,casefold_only
data,nl,A2,6,abgemacht,nokārtots • nolemts • norunāts,Nokārtots • Nolemts • Norunāts,LV_DIACRITIC,
data,nl,A2,6,abgemacht,nokārtots • nolemts • norunāts,Nokārtots • Nolemts • Norunāts,MARKER_LEAK,lv_macron_consonant
data,pt,A2,6,abgemacht,nokārtots • nolemts • norunāts,Nokārtots • Nolemts • Norunāts,SAME_AS_LV_CASEFOLD,casefold_only
data,pt,A2,6,abgemacht,nokārtots • nolemts • norunāts,Nokārtots • Nolemts • Norunāts,LV_DIACRITIC,
data,pt,A2,6,abgemacht,nokārtots • nolemts • norunāts,Nokārtots • Nolemts • Norunāts,MARKER_LEAK,lv_macron_consonant
data,sl,A2,6,abgemacht,nokārtots • nolemts • norunāts,nokārtots • nolemts • norunāts,SAME_AS_LV_CASEFOLD,exact
data,sl,A2,6,abgemacht,nokārtots • nolemts • norunāts,nokārtots • nolemts • norunāts,LV_DIACRITIC,
data,sl,A2,6,abgemacht,nokārtots • nolemts • norunāts,nokārtots • nolemts • norunāts,MARKER_LEAK,lv_macron_consonant
data,bg,A2,6,abgemacht,nokārtots • nolemts • norunāts,Решен · решен · съгласен,FAMILY_COPY_STRICT,bg+hr+mk+sr
data,hr,A2,6,abgemacht,nokārtots • nolemts • norunāts,Решен · решен · съгласен,FAMILY_COPY_STRICT,bg+hr+mk+sr
data,mk,A2,6,abgemacht,nokārtots • nolemts • norunāts,Решен · решен · съгласен,FAMILY_COPY_STRICT,bg+hr+mk+sr
data,sr,A2,6,abgemacht,nokārtots • nolemts • norunāts,Решен · решен · съгласен,FAMILY_COPY_STRICT,bg+hr+mk+sr
data,fi,A2,6,abgemacht,nokārtots • nolemts • norunāts,Korraldatud • Otsustatud • Kokku lepitud,FAMILY_COPY_STRICT,fi+sv
data,sv,A2,6,abgemacht,nokārtots • nolemts • norunāts,Korraldatud • Otsustatud • Kokku lepitud,FAMILY_COPY_STRICT,fi+sv
data,is,A2,6,abgemacht,nokārtots • nolemts • norunāts,Korraldatut • Otsustusta • Kokku lepitud,FAMILY_COPY_STRICT,is+nb+nn
data,nb,A2,6,abgemacht,nokārtots • nolemts • norunāts,Korraldatut • Otsustusta • Kokku lepitud,FAMILY_COPY_STRICT,is+nb+nn
data,nn,A2,6,abgemacht,nokārtots • nolemts • norunāts,Korraldatut • Otsustusta • Kokku lepitud,FAMILY_COPY_STRICT,is+nb+nn
data,it,A2,6,abgemacht,nokārtots • nolemts • norunāts,Nokārtots • Nolemts • Norunāts,FAMILY_COPY_STRICT,it+lb+nl+pt
data,lb,A2,6,abgemacht,nokārtots • nolemts • norunāts,Nokārtots • Nolemts • Norunāts,FAMILY_COPY_STRICT,it+lb+nl+pt
data,nl,A2,6,abgemacht,nokārtots • nolemts • norunāts,Nokārtots • Nolemts • Norunāts,FAMILY_COPY_STRICT,it+lb+nl+pt
data,pt,A2,6,abgemacht,nokārtots • nolemts • norunāts,Nokārtots • Nolemts • Norunāts,FAMILY_COPY_STRICT,it+lb+nl+pt
data,sq,A2,6,abgemacht,nokārtots • nolemts • norunāts,Karar verildi • Karar verildi • Kabul edildi,FAMILY_COPY_STRICT,sq+tr
data,tr,A2,6,abgemacht,nokārtots • nolemts • norunāts,Karar verildi • Karar verildi • Kabul edildi,FAMILY_COPY_STRICT,sq+tr
data,fi,A2,7,abholen,paņemt • izņemt,Järele minema • Välja võtma,MARKER_LEAK,et_otilde
data,hr,A2,7,abholen,paņemt • izņemt,Вземете • Извадете,SCRIPT_MISMATCH,
data,hr,A2,7,abholen,paņemt • izņemt,Вземете • Извадете,MARKER_LEAK,foreign_script
data,it,A2,7,abholen,paņemt • izņemt,Paņemt • Izņemt,SAME_AS_LV_CASEFOLD,casefold_only
data,it,A2,7,abholen,paņemt • izņemt,Paņemt • Izņemt,LV_DIACRITIC,
data,it,A2,7,abholen,paņemt • izņemt,Paņemt • Izņemt,MARKER_LEAK,lv_macron_consonant
data,lb,A2,7,abholen,paņemt • izņemt,Paņemt • Izņemt,SAME_AS_LV_CASEFOLD,casefold_only
data,lb,A2,7,abholen,paņemt • izņemt,Paņemt • Izņemt,LV_DIACRITIC,
data,lb,A2,7,abholen,paņemt • izņemt,Paņemt • Izņemt,MARKER_LEAK,lv_macron_consonant
data,nl,A2,7,abholen,paņemt • izņemt,Paņemt • Izņemt,SAME_AS_LV_CASEFOLD,casefold_only
data,nl,A2,7,abholen,paņemt • izņemt,Paņemt • Izņemt,LV_DIACRITIC,
data,nl,A2,7,abholen,paņemt • izņemt,Paņemt • Izņemt,MARKER_LEAK,lv_macron_consonant
data,pt,A2,7,abholen,paņemt • izņemt,Paņemt • Izņemt,SAME_AS_LV_CASEFOLD,casefold_only
data,pt,A2,7,abholen,paņemt • izņemt,Paņemt • Izņemt,LV_DIACRITIC,
data,pt,A2,7,abholen,paņemt • izņemt,Paņemt • Izņemt,MARKER_LEAK,lv_macron_consonant
data,sl,A2,7,abholen,paņemt • izņemt,paņemt • izņemt,SAME_AS_LV_CASEFOLD,exact
data,sl,A2,7,abholen,paņemt • izņemt,paņemt • izņemt,LV_DIACRITIC,
data,sl,A2,7,abholen,paņemt • izņemt,paņemt • izņemt,MARKER_LEAK,lv_macron_consonant
data,sq,A2,7,abholen,paņemt • izņemt,Kaldır • Kaldır,MARKER_LEAK,tr_soft
data,sv,A2,7,abholen,paņemt • izņemt,Järele minema • Välja võtma,MARKER_LEAK,et_otilde
data,bg,A2,7,abholen,paņemt • izņemt,Вземете • Извадете,FAMILY_COPY_STRICT,bg+hr+mk+sr
data,hr,A2,7,abholen,paņemt • izņemt,Вземете • Извадете,FAMILY_COPY_STRICT,bg+hr+mk+sr
data,mk,A2,7,abholen,paņemt • izņemt,Вземете • Извадете,FAMILY_COPY_STRICT,bg+hr+mk+sr
data,sr,A2,7,abholen,paņemt • izņemt,Вземете • Извадете,FAMILY_COPY_STRICT,bg+hr+mk+sr
data,fi,A2,7,abholen,paņemt • izņemt,Järele minema • Välja võtma,FAMILY_COPY_STRICT,fi+sv
data,sv,A2,7,abholen,paņemt • izņemt,Järele minema • Välja võtma,FAMILY_COPY_STRICT,fi+sv
data,is,A2,7,abholen,paņemt • izņemt,Järele memne • Välja vämä,FAMILY_COPY_STRICT,is+nb+nn
data,nb,A2,7,abholen,paņemt • izņemt,Järele memne • Välja vämä,FAMILY_COPY_STRICT,is+nb+nn
data,nn,A2,7,abholen,paņemt • izņemt,Järele memne • Välja vämä,FAMILY_COPY_STRICT,is+nb+nn
data,it,A2,7,abholen,paņemt • izņemt,Paņemt • Izņemt,FAMILY_COPY_STRICT,it+lb+nl+pt
data,lb,A2,7,abholen,paņemt • izņemt,Paņemt • Izņemt,FAMILY_COPY_STRICT,it+lb+nl+pt
data,nl,A2,7,abholen,paņemt • izņemt,Paņemt • Izņemt,FAMILY_COPY_STRICT,it+lb+nl+pt
data,pt,A2,7,abholen,paņemt • izņemt,Paņemt • Izņemt,FAMILY_COPY_STRICT,it+lb+nl+pt
data,sq,A2,7,abholen,paņemt • izņemt,Kaldır • Kaldır,FAMILY_COPY_STRICT,sq+tr
data,tr,A2,7,abholen,paņemt • izņemt,Kaldır • Kaldır,FAMILY_COPY_STRICT,sq+tr
data,hr,A2,8,holen,aiziet pakaļ • atnest,Отидете за • Донесете,SCRIPT_MISMATCH,
data,hr,A2,8,holen,aiziet pakaļ • atnest,Отидете за • Донесете,MARKER_LEAK,foreign_script
data,lb,A2,8,holen,aiziet pakaļ • atnest,Aiziet pakaļ • Atnest,SAME_AS_LV_CASEFOLD,casefold_only
data,lb,A2,8,holen,aiziet pakaļ • atnest,Aiziet pakaļ • Atnest,LV_DIACRITIC,
data,lb,A2,8,holen,aiziet pakaļ • atnest,Aiziet pakaļ • Atnest,MARKER_LEAK,lv_macron_consonant
data,nl,A2,8,holen,aiziet pakaļ • atnest,Aiziet pakaļ • Atnest,SAME_AS_LV_CASEFOLD,casefold_only
data,nl,A2,8,holen,aiziet pakaļ • atnest,Aiziet pakaļ • Atnest,LV_DIACRITIC,
data,nl,A2,8,holen,aiziet pakaļ • atnest,Aiziet pakaļ • Atnest,MARKER_LEAK,lv_macron_consonant
data,sl,A2,8,holen,aiziet pakaļ • atnest,aiziet pakaļ • atnest,SAME_AS_LV_CASEFOLD,exact
data,sl,A2,8,holen,aiziet pakaļ • atnest,aiziet pakaļ • atnest,LV_DIACRITIC,
data,sl,A2,8,holen,aiziet pakaļ • atnest,aiziet pakaļ • atnest,MARKER_LEAK,lv_macron_consonant
data,bg,A2,8,holen,aiziet pakaļ • atnest,Отидете за • Донесете,FAMILY_COPY_STRICT,bg+hr+mk+sr
data,hr,A2,8,holen,aiziet pakaļ • atnest,Отидете за • Донесете,FAMILY_COPY_STRICT,bg+hr+mk+sr
data,mk,A2,8,holen,aiziet pakaļ • atnest,Отидете за • Донесете,FAMILY_COPY_STRICT,bg+hr+mk+sr
data,sr,A2,8,holen,aiziet pakaļ • atnest,Отидете за • Донесете,FAMILY_COPY_STRICT,bg+hr+mk+sr
data,fi,A2,8,holen,aiziet pakaļ • atnest,Järele minema • Tooma,FAMILY_COPY_STRICT,fi+is+nb+nn+sv
data,is,A2,8,holen,aiziet pakaļ • atnest,Järele minema • Tooma,FAMILY_COPY_STRICT,fi+is+nb+nn+sv
data,nb,A2,8,holen,aiziet pakaļ • atnest,Järele minema • Tooma,FAMILY_COPY_STRICT,fi+is+nb+nn+sv
data,nn,A2,8,holen,aiziet pakaļ • atnest,Järele minema • Tooma,FAMILY_COPY_STRICT,fi+is+nb+nn+sv
data,sv,A2,8,holen,aiziet pakaļ • atnest,Järele minema • Tooma,FAMILY_COPY_STRICT,fi+is+nb+nn+sv
data,it,A2,8,holen,aiziet pakaļ • atnest,Aiziet pakaų • Atnest,FAMILY_COPY_STRICT,it+pt
data,pt,A2,8,holen,aiziet pakaļ • atnest,Aiziet pakaų • Atnest,FAMILY_COPY_STRICT,it+pt
data,lb,A2,8,holen,aiziet pakaļ • atnest,Aiziet pakaļ • Atnest,FAMILY_COPY_STRICT,lb+nl
data,nl,A2,8,holen,aiziet pakaļ • atnest,Aiziet pakaļ • Atnest,FAMILY_COPY_STRICT,lb+nl
data,sq,A2,8,holen,aiziet pakaļ • atnest,Git • Getir,FAMILY_COPY_STRICT,sq+tr
data,tr,A2,8,holen,aiziet pakaļ • atnest,Git • Getir,FAMILY_COPY_STRICT,sq+tr
data,hr,A2,9,bringen,atnest • nogādāt,Донеси • Испорача,SCRIPT_MISMATCH,
data,hr,A2,9,bringen,atnest • nogādāt,Донеси • Испорача,MARKER_LEAK,foreign_script
data,it,A2,9,bringen,atnest • nogādāt,Atnest • Nogādāt,SAME_AS_LV_CASEFOLD,casefold_only
data,it,A2,9,bringen,atnest • nogādāt,Atnest • Nogādāt,LV_DIACRITIC,
data,it,A2,9,bringen,atnest • nogādāt,Atnest • Nogādāt,MARKER_LEAK,lv_macron_consonant
data,lb,A2,9,bringen,atnest • nogādāt,Atnest • Nogādāt,SAME_AS_LV_CASEFOLD,casefold_only
data,lb,A2,9,bringen,atnest • nogādāt,Atnest • Nogādāt,LV_DIACRITIC,
data,lb,A2,9,bringen,atnest • nogādāt,Atnest • Nogādāt,MARKER_LEAK,lv_macron_consonant
data,nl,A2,9,bringen,atnest • nogādāt,Atnest • Nogādāt,SAME_AS_LV_CASEFOLD,casefold_only
data,nl,A2,9,bringen,atnest • nogādāt,Atnest • Nogādāt,LV_DIACRITIC,
data,nl,A2,9,bringen,atnest • nogādāt,Atnest • Nogādāt,MARKER_LEAK,lv_macron_consonant
data,sl,A2,9,bringen,atnest • nogādāt,atnest • nogādāt,SAME_AS_LV_CASEFOLD,exact
data,sl,A2,9,bringen,atnest • nogādāt,atnest • nogādāt,LV_DIACRITIC,
data,sl,A2,9,bringen,atnest • nogādāt,atnest • nogādāt,MARKER_LEAK,lv_macron_consonant
data,fi,A2,9,bringen,atnest • nogādāt,Tooma • Kohale toimetama,FAMILY_COPY_STRICT,fi+sv
data,sv,A2,9,bringen,atnest • nogādāt,Tooma • Kohale toimetama,FAMILY_COPY_STRICT,fi+sv
data,hr,A2,9,bringen,atnest • nogādāt,Донеси • Испорача,FAMILY_COPY_STRICT,hr+mk+sr
data,mk,A2,9,bringen,atnest • nogādāt,Донеси • Испорача,FAMILY_COPY_STRICT,hr+mk+sr
data,sr,A2,9,bringen,atnest • nogādāt,Донеси • Испорача,FAMILY_COPY_STRICT,hr+mk+sr
data,is,A2,9,bringen,atnest • nogādāt,Tooma • Kohale domitama,FAMILY_COPY_STRICT,is+nb+nn
data,nb,A2,9,bringen,atnest • nogādāt,Tooma • Kohale domitama,FAMILY_COPY_STRICT,is+nb+nn
data,nn,A2,9,bringen,atnest • nogādāt,Tooma • Kohale domitama,FAMILY_COPY_STRICT,is+nb+nn
data,it,A2,9,bringen,atnest • nogādāt,Atnest • Nogādāt,FAMILY_COPY_STRICT,it+lb+nl
data,lb,A2,9,bringen,atnest • nogādāt,Atnest • Nogādāt,FAMILY_COPY_STRICT,it+lb+nl
data,nl,A2,9,bringen,atnest • nogādāt,Atnest • Nogādāt,FAMILY_COPY_STRICT,it+lb+nl
data,fi,A2,10,abreisen,aizceļot • aizbraukt,Ära reisima • Ära sõitma,MARKER_LEAK,et_otilde
data,hr,A2,10,abreisen,aizceļot • aizbraukt,Напускане • Напускане,SCRIPT_MISMATCH,
data,hr,A2,10,abreisen,aizceļot • aizbraukt,Напускане • Напускане,MARKER_LEAK,foreign_script
data,lb,A2,10,abreisen,aizceļot • aizbraukt,Aizceļot • Aizbraukt,SAME_AS_LV_CASEFOLD,casefold_only
data,lb,A2,10,abreisen,aizceļot • aizbraukt,Aizceļot • Aizbraukt,LV_DIACRITIC,
data,lb,A2,10,abreisen,aizceļot • aizbraukt,Aizceļot • Aizbraukt,MARKER_LEAK,lv_macron_consonant
data,nl,A2,10,abreisen,aizceļot • aizbraukt,Aizceļot • Aizbraukt,SAME_AS_LV_CASEFOLD,casefold_only
data,nl,A2,10,abreisen,aizceļot • aizbraukt,Aizceļot • Aizbraukt,LV_DIACRITIC,
data,nl,A2,10,abreisen,aizceļot • aizbraukt,Aizceļot • Aizbraukt,MARKER_LEAK,lv_macron_consonant
data,sl,A2,10,abreisen,aizceļot • aizbraukt,aizceļot • aizbraukt,SAME_AS_LV_CASEFOLD,exact
data,sl,A2,10,abreisen,aizceļot • aizbraukt,aizceļot • aizbraukt,LV_DIACRITIC,
data,sl,A2,10,abreisen,aizceļot • aizbraukt,aizceļot • aizbraukt,MARKER_LEAK,lv_macron_consonant
data,sq,A2,10,abreisen,aizceļot • aizbraukt,Ayrılmak • Ayrılmak,MARKER_LEAK,tr_soft
data,sv,A2,10,abreisen,aizceļot • aizbraukt,Ära reisima • Ära sõitma,MARKER_LEAK,et_otilde
data,bg,A2,10,abreisen,aizceļot • aizbraukt,Напускане • Напускане,FAMILY_COPY_STRICT,bg+hr+mk+sr
data,hr,A2,10,abreisen,aizceļot • aizbraukt,Напускане • Напускане,FAMILY_COPY_STRICT,bg+hr+mk+sr
data,mk,A2,10,abreisen,aizceļot • aizbraukt,Напускане • Напускане,FAMILY_COPY_STRICT,bg+hr+mk+sr
data,sr,A2,10,abreisen,aizceļot • aizbraukt,Напускане • Напускане,FAMILY_COPY_STRICT,bg+hr+mk+sr
data,fi,A2,10,abreisen,aizceļot • aizbraukt,Ära reisima • Ära sõitma,FAMILY_COPY_STRICT,fi+sv
data,sv,A2,10,abreisen,aizceļot • aizbraukt,Ära reisima • Ära sõitma,FAMILY_COPY_STRICT,fi+sv
data,is,A2,10,abreisen,aizceļot • aizbraukt,Honor reisima • Honor juedma,FAMILY_COPY_STRICT,is+nb+nn
data,nb,A2,10,abreisen,aizceļot • aizbraukt,Honor reisima • Honor juedma,FAMILY_COPY_STRICT,is+nb+nn
data,nn,A2,10,abreisen,aizceļot • aizbraukt,Honor reisima • Honor juedma,FAMILY_COPY_STRICT,is+nb+nn
data,lb,A2,10,abreisen,aizceļot • aizbraukt,Aizceļot • Aizbraukt,FAMILY_COPY_STRICT,lb+nl
data,nl,A2,10,abreisen,aizceļot • aizbraukt,Aizceļot • Aizbraukt,FAMILY_COPY_STRICT,lb+nl
data,sq,A2,10,abreisen,aizceļot • aizbraukt,Ayrılmak • Ayrılmak,FAMILY_COPY_STRICT,sq+tr
data,tr,A2,10,abreisen,aizceļot • aizbraukt,Ayrılmak • Ayrılmak,FAMILY_COPY_STRICT,sq+tr
data,da,A2,11,absagen,atcelt,Atcelt,SAME_AS_LV_CASEFOLD,casefold_only
data,en,A2,11,absagen,atcelt,Atcelt,SAME_AS_LV_CASEFOLD,casefold_only
data,fr,A2,11,absagen,atcelt,Atcelt,SAME_AS_LV_CASEFOLD,casefold_only
data,hr,A2,11,absagen,atcelt,Отказ,SCRIPT_MISMATCH,
data,hr,A2,11,absagen,atcelt,Отказ,MARKER_LEAK,foreign_script
data,sl,A2,11,absagen,atcelt,atcelt,SAME_AS_LV_CASEFOLD,exact
data,bg,A2,11,absagen,atcelt,Отказ,FAMILY_COPY_STRICT,bg+hr+mk+sr
data,hr,A2,11,absagen,atcelt,Отказ,FAMILY_COPY_STRICT,bg+hr+mk+sr
data,mk,A2,11,absagen,atcelt,Отказ,FAMILY_COPY_STRICT,bg+hr+mk+sr
data,sr,A2,11,absagen,atcelt,Отказ,FAMILY_COPY_STRICT,bg+hr+mk+sr
data,da,A2,11,absagen,atcelt,Atcelt,FAMILY_COPY_STRICT,da+en+fr
data,en,A2,11,absagen,atcelt,Atcelt,FAMILY_COPY_STRICT,da+en+fr
data,fr,A2,11,absagen,atcelt,Atcelt,FAMILY_COPY_STRICT,da+en+fr
data,fi,A2,11,absagen,atcelt,Tühistama,FAMILY_COPY_STRICT,fi+is+nb+nn+sv
data,is,A2,11,absagen,atcelt,Tühistama,FAMILY_COPY_STRICT,fi+is+nb+nn+sv
data,nb,A2,11,absagen,atcelt,Tühistama,FAMILY_COPY_STRICT,fi+is+nb+nn+sv
data,nn,A2,11,absagen,atcelt,Tühistama,FAMILY_COPY_STRICT,fi+is+nb+nn+sv
data,sv,A2,11,absagen,atcelt,Tühistama,FAMILY_COPY_STRICT,fi+is+nb+nn+sv
data,lb,A2,11,absagen,atcelt,Annuleren,FAMILY_COPY_STRICT,lb+nl
data,nl,A2,11,absagen,atcelt,Annuleren,FAMILY_COPY_STRICT,lb+nl
data,hr,A2,12,abschalten,izslēgt,Изключете,SCRIPT_MISMATCH,
data,hr,A2,12,abschalten,izslēgt,Изключете,MARKER_LEAK,foreign_script
data,lb,A2,12,abschalten,izslēgt,Izslēgt,SAME_AS_LV_CASEFOLD,casefold_only
data,lb,A2,12,abschalten,izslēgt,Izslēgt,LV_DIACRITIC,
data,lb,A2,12,abschalten,izslēgt,Izslēgt,MARKER_LEAK,lv_macron_consonant
data,nl,A2,12,abschalten,izslēgt,Izslēgt,SAME_AS_LV_CASEFOLD,casefold_only
data,nl,A2,12,abschalten,izslēgt,Izslēgt,LV_DIACRITIC,
data,nl,A2,12,abschalten,izslēgt,Izslēgt,MARKER_LEAK,lv_macron_consonant
data,sl,A2,12,abschalten,izslēgt,izslēgt,SAME_AS_LV_CASEFOLD,exact
data,sl,A2,12,abschalten,izslēgt,izslēgt,LV_DIACRITIC,
data,sl,A2,12,abschalten,izslēgt,izslēgt,MARKER_LEAK,lv_macron_consonant
data,bg,A2,12,abschalten,izslēgt,Изключете,FAMILY_COPY_STRICT,bg+hr+mk+sr
data,hr,A2,12,abschalten,izslēgt,Изключете,FAMILY_COPY_STRICT,bg+hr+mk+sr
data,mk,A2,12,abschalten,izslēgt,Изключете,FAMILY_COPY_STRICT,bg+hr+mk+sr
data,sr,A2,12,abschalten,izslēgt,Изключете,FAMILY_COPY_STRICT,bg+hr+mk+sr
data,fi,A2,12,abschalten,izslēgt,Välja lülitama,FAMILY_COPY_STRICT,fi+sv
data,sv,A2,12,abschalten,izslēgt,Välja lülitama,FAMILY_COPY_STRICT,fi+sv
data,is,A2,12,abschalten,izslēgt,Velg byttemodus,FAMILY_COPY_STRICT,is+nb+nn
data,nb,A2,12,abschalten,izslēgt,Velg byttemodus,FAMILY_COPY_STRICT,is+nb+nn
data,nn,A2,12,abschalten,izslēgt,Velg byttemodus,FAMILY_COPY_STRICT,is+nb+nn
data,it,A2,12,abschalten,izslēgt,Izslegt,FAMILY_COPY_STRICT,it+pt
data,pt,A2,12,abschalten,izslēgt,Izslegt,FAMILY_COPY_STRICT,it+pt
data,lb,A2,12,abschalten,izslēgt,Izslēgt,FAMILY_COPY_STRICT,lb+nl
data,nl,A2,12,abschalten,izslēgt,Izslēgt,FAMILY_COPY_STRICT,lb+nl
data,fi,A2,13,abschließen,aizslēgt • noslēgt • pabeigt,Lukustama • Sõlmima • Lõpetama,MARKER_LEAK,et_otilde
data,is,A2,13,abschließen,aizslēgt • noslēgt • pabeigt,Lukustama • Sõlmima • Lõpetama,MARKER_LEAK,et_otilde
data,it,A2,13,abschließen,aizslēgt • noslēgt • pabeigt,Aizslēgt • Noslēgt • Pabeigt,SAME_AS_LV_CASEFOLD,casefold_only
data,it,A2,13,abschließen,aizslēgt • noslēgt • pabeigt,Aizslēgt • Noslēgt • Pabeigt,LV_DIACRITIC,
data,it,A2,13,abschließen,aizslēgt • noslēgt • pabeigt,Aizslēgt • Noslēgt • Pabeigt,MARKER_LEAK,lv_macron_consonant
data,lb,A2,13,abschließen,aizslēgt • noslēgt • pabeigt,Aizslēgt • Noslēgt • Pabeigt,SAME_AS_LV_CASEFOLD,casefold_only
data,lb,A2,13,abschließen,aizslēgt • noslēgt • pabeigt,Aizslēgt • Noslēgt • Pabeigt,LV_DIACRITIC,
data,lb,A2,13,abschließen,aizslēgt • noslēgt • pabeigt,Aizslēgt • Noslēgt • Pabeigt,MARKER_LEAK,lv_macron_consonant
data,nb,A2,13,abschließen,aizslēgt • noslēgt • pabeigt,Lukustama • Sõlmima • Lõpetama,MARKER_LEAK,et_otilde
data,nl,A2,13,abschließen,aizslēgt • noslēgt • pabeigt,Aizslēgt • Noslēgt • Pabeigt,SAME_AS_LV_CASEFOLD,casefold_only
data,nl,A2,13,abschließen,aizslēgt • noslēgt • pabeigt,Aizslēgt • Noslēgt • Pabeigt,LV_DIACRITIC,
data,nl,A2,13,abschließen,aizslēgt • noslēgt • pabeigt,Aizslēgt • Noslēgt • Pabeigt,MARKER_LEAK,lv_macron_consonant
data,nn,A2,13,abschließen,aizslēgt • noslēgt • pabeigt,Lukustama • Sõlmima • Lõpetama,MARKER_LEAK,et_otilde
data,pt,A2,13,abschließen,aizslēgt • noslēgt • pabeigt,Aizslēgt • Noslēgt • Pabeigt,SAME_AS_LV_CASEFOLD,casefold_only
data,pt,A2,13,abschließen,aizslēgt • noslēgt • pabeigt,Aizslēgt • Noslēgt • Pabeigt,LV_DIACRITIC,
data,pt,A2,13,abschließen,aizslēgt • noslēgt • pabeigt,Aizslēgt • Noslēgt • Pabeigt,MARKER_LEAK,lv_macron_consonant
data,sl,A2,13,abschließen,aizslēgt • noslēgt • pabeigt,aizslēgt • noslēgt • pabeigt,SAME_AS_LV_CASEFOLD,exact
data,sl,A2,13,abschließen,aizslēgt • noslēgt • pabeigt,aizslēgt • noslēgt • pabeigt,LV_DIACRITIC,
data,sl,A2,13,abschließen,aizslēgt • noslēgt • pabeigt,aizslēgt • noslēgt • pabeigt,MARKER_LEAK,lv_macron_consonant
data,sq,A2,13,abschließen,aizslēgt • noslēgt • pabeigt,Kilitle • Sonlandır • Sonlandır,MARKER_LEAK,tr_soft
data,sr,A2,13,abschließen,aizslēgt • noslēgt • pabeigt,Zakleni • Zakleni • Dokončaj,LV_DIACRITIC,
data,sr,A2,13,abschließen,aizslēgt • noslēgt • pabeigt,Zakleni • Zakleni • Dokončaj,SCRIPT_MISMATCH,sr_as_cyrillic
data,sr,A2,13,abschließen,aizslēgt • noslēgt • pabeigt,Zakleni • Zakleni • Dokončaj,MARKER_LEAK,latin_in_cyrillic
data,sv,A2,13,abschließen,aizslēgt • noslēgt • pabeigt,Lukustama • Sõlmima • Lõpetama,MARKER_LEAK,et_otilde
data,bg,A2,13,abschließen,aizslēgt • noslēgt • pabeigt,Заключване • Заключване • Завършване,FAMILY_COPY_STRICT,bg+mk
data,mk,A2,13,abschließen,aizslēgt • noslēgt • pabeigt,Заключване • Заключване • Завършване,FAMILY_COPY_STRICT,bg+mk
data,fi,A2,13,abschließen,aizslēgt • noslēgt • pabeigt,Lukustama • Sõlmima • Lõpetama,FAMILY_COPY_STRICT,fi+is+nb+nn+sv
data,is,A2,13,abschließen,aizslēgt • noslēgt • pabeigt,Lukustama • Sõlmima • Lõpetama,FAMILY_COPY_STRICT,fi+is+nb+nn+sv
data,nb,A2,13,abschließen,aizslēgt • noslēgt • pabeigt,Lukustama • Sõlmima • Lõpetama,FAMILY_COPY_STRICT,fi+is+nb+nn+sv
data,nn,A2,13,abschließen,aizslēgt • noslēgt • pabeigt,Lukustama • Sõlmima • Lõpetama,FAMILY_COPY_STRICT,fi+is+nb+nn+sv
data,sv,A2,13,abschließen,aizslēgt • noslēgt • pabeigt,Lukustama • Sõlmima • Lõpetama,FAMILY_COPY_STRICT,fi+is+nb+nn+sv
data,hr,A2,13,abschließen,aizslēgt • noslēgt • pabeigt,Zakleni • Zakleni • Dokončaj,FAMILY_COPY_STRICT,hr+sr
data,sr,A2,13,abschließen,aizslēgt • noslēgt • pabeigt,Zakleni • Zakleni • Dokončaj,FAMILY_COPY_STRICT,hr+sr
data,it,A2,13,abschließen,aizslēgt • noslēgt • pabeigt,Aizslēgt • Noslēgt • Pabeigt,FAMILY_COPY_STRICT,it+lb+nl+pt
data,lb,A2,13,abschließen,aizslēgt • noslēgt • pabeigt,Aizslēgt • Noslēgt • Pabeigt,FAMILY_COPY_STRICT,it+lb+nl+pt
data,nl,A2,13,abschließen,aizslēgt • noslēgt • pabeigt,Aizslēgt • Noslēgt • Pabeigt,FAMILY_COPY_STRICT,it+lb+nl+pt
data,pt,A2,13,abschließen,aizslēgt • noslēgt • pabeigt,Aizslēgt • Noslēgt • Pabeigt,FAMILY_COPY_STRICT,it+lb+nl+pt
data,sq,A2,13,abschließen,aizslēgt • noslēgt • pabeigt,Kilitle • Sonlandır • Sonlandır,FAMILY_COPY_STRICT,sq+tr
data,tr,A2,13,abschließen,aizslēgt • noslēgt • pabeigt,Kilitle • Sonlandır • Sonlandır,FAMILY_COPY_STRICT,sq+tr
data,hr,A2,14,Abstand,attālums • distance,Разстояние • Разстояние,SCRIPT_MISMATCH,
data,hr,A2,14,Abstand,attālums • distance,Разстояние • Разстояние,MARKER_LEAK,foreign_script
data,lb,A2,14,Abstand,attālums • distance,Attālums • Distance,SAME_AS_LV_CASEFOLD,casefold_only
data,lb,A2,14,Abstand,attālums • distance,Attālums • Distance,LV_DIACRITIC,
data,lb,A2,14,Abstand,attālums • distance,Attālums • Distance,MARKER_LEAK,lv_macron_consonant
data,nl,A2,14,Abstand,attālums • distance,Attālums • Distance,SAME_AS_LV_CASEFOLD,casefold_only
data,nl,A2,14,Abstand,attālums • distance,Attālums • Distance,LV_DIACRITIC,
data,nl,A2,14,Abstand,attālums • distance,Attālums • Distance,MARKER_LEAK,lv_macron_consonant
data,sl,A2,14,Abstand,attālums • distance,attālums • distance,SAME_AS_LV_CASEFOLD,exact
data,sl,A2,14,Abstand,attālums • distance,attālums • distance,LV_DIACRITIC,
data,sl,A2,14,Abstand,attālums • distance,attālums • distance,MARKER_LEAK,lv_macron_consonant
data,bg,A2,14,Abstand,attālums • distance,Разстояние • Разстояние,FAMILY_COPY_STRICT,bg+hr+mk+sr
data,hr,A2,14,Abstand,attālums • distance,Разстояние • Разстояние,FAMILY_COPY_STRICT,bg+hr+mk+sr
data,mk,A2,14,Abstand,attālums • distance,Разстояние • Разстояние,FAMILY_COPY_STRICT,bg+hr+mk+sr
data,sr,A2,14,Abstand,attālums • distance,Разстояние • Разстояние,FAMILY_COPY_STRICT,bg+hr+mk+sr
data,fi,A2,14,Abstand,attālums • distance,Vahemaa • Distants,FAMILY_COPY_STRICT,fi+sv
data,sv,A2,14,Abstand,attālums • distance,Vahemaa • Distants,FAMILY_COPY_STRICT,fi+sv
data,is,A2,14,Abstand,attālums • distance,Vahemaa • Avstand,FAMILY_COPY_STRICT,is+nb+nn
data,nb,A2,14,Abstand,attālums • distance,Vahemaa • Avstand,FAMILY_COPY_STRICT,is+nb+nn
data,nn,A2,14,Abstand,attālums • distance,Vahemaa • Avstand,FAMILY_COPY_STRICT,is+nb+nn
data,lb,A2,14,Abstand,attālums • distance,Attālums • Distance,FAMILY_COPY_STRICT,lb+nl
data,nl,A2,14,Abstand,attālums • distance,Attālums • Distance,FAMILY_COPY_STRICT,lb+nl
data,sq,A2,14,Abstand,attālums • distance,Mesafe • Mesafe,FAMILY_COPY_STRICT,sq+tr
data,tr,A2,14,Abstand,attālums • distance,Mesafe • Mesafe,FAMILY_COPY_STRICT,sq+tr
data,hr,A2,15,absteigen,nokāpt • apmesties viesnīcā,Напускане • Останете в хотела,SCRIPT_MISMATCH,
data,hr,A2,15,absteigen,nokāpt • apmesties viesnīcā,Напускане • Останете в хотела,MARKER_LEAK,foreign_script
data,it,A2,15,absteigen,nokāpt • apmesties viesnīcā,Nokāpt • Apmesties vienīcā,LV_DIACRITIC,
data,it,A2,15,absteigen,nokāpt • apmesties viesnīcā,Nokāpt • Apmesties vienīcā,MARKER_LEAK,lv_macron_consonant
data,lb,A2,15,absteigen,nokāpt • apmesties viesnīcā,Nokāpt • Apmesties viesnīcā,SAME_AS_LV_CASEFOLD,casefold_only
data,lb,A2,15,absteigen,nokāpt • apmesties viesnīcā,Nokāpt • Apmesties viesnīcā,LV_DIACRITIC,
data,lb,A2,15,absteigen,nokāpt • apmesties viesnīcā,Nokāpt • Apmesties viesnīcā,MARKER_LEAK,lv_macron_consonant
data,nl,A2,15,absteigen,nokāpt • apmesties viesnīcā,Nokāpt • Apmesties viesnīcā,SAME_AS_LV_CASEFOLD,casefold_only
data,nl,A2,15,absteigen,nokāpt • apmesties viesnīcā,Nokāpt • Apmesties viesnīcā,LV_DIACRITIC,
data,nl,A2,15,absteigen,nokāpt • apmesties viesnīcā,Nokāpt • Apmesties viesnīcā,MARKER_LEAK,lv_macron_consonant
data,pt,A2,15,absteigen,nokāpt • apmesties viesnīcā,Nokāpt • Apmesties vienīcā,LV_DIACRITIC,
data,pt,A2,15,absteigen,nokāpt • apmesties viesnīcā,Nokāpt • Apmesties vienīcā,MARKER_LEAK,lv_macron_consonant
data,sl,A2,15,absteigen,nokāpt • apmesties viesnīcā,nokāpt • apmesties viesnīcā,SAME_AS_LV_CASEFOLD,exact
data,sl,A2,15,absteigen,nokāpt • apmesties viesnīcā,nokāpt • apmesties viesnīcā,LV_DIACRITIC,
data,sl,A2,15,absteigen,nokāpt • apmesties viesnīcā,nokāpt • apmesties viesnīcā,MARKER_LEAK,lv_macron_consonant
data,sq,A2,15,absteigen,nokāpt • apmesties viesnīcā,Kalk • Otelde kalın,MARKER_LEAK,tr_soft
data,bg,A2,15,absteigen,nokāpt • apmesties viesnīcā,Напускане • Останете в хотела,FAMILY_COPY_STRICT,bg+hr+mk+sr
data,hr,A2,15,absteigen,nokāpt • apmesties viesnīcā,Напускане • Останете в хотела,FAMILY_COPY_STRICT,bg+hr+mk+sr
data,mk,A2,15,absteigen,nokāpt • apmesties viesnīcā,Напускане • Останете в хотела,FAMILY_COPY_STRICT,bg+hr+mk+sr
data,sr,A2,15,absteigen,nokāpt • apmesties viesnīcā,Напускане • Останете в хотела,FAMILY_COPY_STRICT,bg+hr+mk+sr
data,fi,A2,15,absteigen,nokāpt • apmesties viesnīcā,Maha minema • Hotellis peatuma,FAMILY_COPY_STRICT,fi+is+nb+nn+sv
data,is,A2,15,absteigen,nokāpt • apmesties viesnīcā,Maha minema • Hotellis peatuma,FAMILY_COPY_STRICT,fi+is+nb+nn+sv
data,nb,A2,15,absteigen,nokāpt • apmesties viesnīcā,Maha minema • Hotellis peatuma,FAMILY_COPY_STRICT,fi+is+nb+nn+sv
data,nn,A2,15,absteigen,nokāpt • apmesties viesnīcā,Maha minema • Hotellis peatuma,FAMILY_COPY_STRICT,fi+is+nb+nn+sv
data,sv,A2,15,absteigen,nokāpt • apmesties viesnīcā,Maha minema • Hotellis peatuma,FAMILY_COPY_STRICT,fi+is+nb+nn+sv
data,it,A2,15,absteigen,nokāpt • apmesties viesnīcā,Nokāpt • Apmesties vienīcā,FAMILY_COPY_STRICT,it+pt
data,pt,A2,15,absteigen,nokāpt • apmesties viesnīcā,Nokāpt • Apmesties vienīcā,FAMILY_COPY_STRICT,it+pt
data,lb,A2,15,absteigen,nokāpt • apmesties viesnīcā,Nokāpt • Apmesties viesnīcā,FAMILY_COPY_STRICT,lb+nl
data,nl,A2,15,absteigen,nokāpt • apmesties viesnīcā,Nokāpt • Apmesties viesnīcā,FAMILY_COPY_STRICT,lb+nl
data,sq,A2,15,absteigen,nokāpt • apmesties viesnīcā,Kalk • Otelde kalın,FAMILY_COPY_STRICT,sq+tr
data,tr,A2,15,absteigen,nokāpt • apmesties viesnīcā,Kalk • Otelde kalın,FAMILY_COPY_STRICT,sq+tr
data,hr,A2,16,abstellen,nolikt • novietot • atslēgt,Поставете • Поставете • Изключете,SCRIPT_MISMATCH,
data,hr,A2,16,abstellen,nolikt • novietot • atslēgt,Поставете • Поставете • Изключете,MARKER_LEAK,foreign_script
data,it,A2,16,abstellen,nolikt • novietot • atslēgt,Nolikt • Novietot • Atslēgt,SAME_AS_LV_CASEFOLD,casefold_only
data,it,A2,16,abstellen,nolikt • novietot • atslēgt,Nolikt • Novietot • Atslēgt,LV_DIACRITIC,
data,it,A2,16,abstellen,nolikt • novietot • atslēgt,Nolikt • Novietot • Atslēgt,MARKER_LEAK,lv_macron_consonant
data,lb,A2,16,abstellen,nolikt • novietot • atslēgt,Nolikt • Novietot • Atslēgt,SAME_AS_LV_CASEFOLD,casefold_only
data,lb,A2,16,abstellen,nolikt • novietot • atslēgt,Nolikt • Novietot • Atslēgt,LV_DIACRITIC,
data,lb,A2,16,abstellen,nolikt • novietot • atslēgt,Nolikt • Novietot • Atslēgt,MARKER_LEAK,lv_macron_consonant
data,nl,A2,16,abstellen,nolikt • novietot • atslēgt,Nolikt • Novietot • Atslēgt,SAME_AS_LV_CASEFOLD,casefold_only
data,nl,A2,16,abstellen,nolikt • novietot • atslēgt,Nolikt • Novietot • Atslēgt,LV_DIACRITIC,
data,nl,A2,16,abstellen,nolikt • novietot • atslēgt,Nolikt • Novietot • Atslēgt,MARKER_LEAK,lv_macron_consonant
data,pt,A2,16,abstellen,nolikt • novietot • atslēgt,Nolikt • Novietot • Atslēgt,SAME_AS_LV_CASEFOLD,casefold_only
data,pt,A2,16,abstellen,nolikt • novietot • atslēgt,Nolikt • Novietot • Atslēgt,LV_DIACRITIC,
data,pt,A2,16,abstellen,nolikt • novietot • atslēgt,Nolikt • Novietot • Atslēgt,MARKER_LEAK,lv_macron_consonant
data,sl,A2,16,abstellen,nolikt • novietot • atslēgt,nolikt • novietot • atslēgt,SAME_AS_LV_CASEFOLD,exact
data,sl,A2,16,abstellen,nolikt • novietot • atslēgt,nolikt • novietot • atslēgt,LV_DIACRITIC,
data,sl,A2,16,abstellen,nolikt • novietot • atslēgt,nolikt • novietot • atslēgt,MARKER_LEAK,lv_macron_consonant
data,bg,A2,16,abstellen,nolikt • novietot • atslēgt,Поставете • Поставете • Изключете,FAMILY_COPY_STRICT,bg+hr+mk+sr
data,hr,A2,16,abstellen,nolikt • novietot • atslēgt,Поставете • Поставете • Изключете,FAMILY_COPY_STRICT,bg+hr+mk+sr
data,mk,A2,16,abstellen,nolikt • novietot • atslēgt,Поставете • Поставете • Изключете,FAMILY_COPY_STRICT,bg+hr+mk+sr
data,sr,A2,16,abstellen,nolikt • novietot • atslēgt,Поставете • Поставете • Изключете,FAMILY_COPY_STRICT,bg+hr+mk+sr
data,fi,A2,16,abstellen,nolikt • novietot • atslēgt,Panema • Paigutama • Välja lülitama,FAMILY_COPY_STRICT,fi+sv
data,sv,A2,16,abstellen,nolikt • novietot • atslēgt,Panema • Paigutama • Välja lülitama,FAMILY_COPY_STRICT,fi+sv
data,is,A2,16,abstellen,nolikt • novietot • atslēgt,Panema • Paigutama • Velg paigutama,FAMILY_COPY_STRICT,is+nb+nn
data,nb,A2,16,abstellen,nolikt • novietot • atslēgt,Panema • Paigutama • Velg paigutama,FAMILY_COPY_STRICT,is+nb+nn
data,nn,A2,16,abstellen,nolikt • novietot • atslēgt,Panema • Paigutama • Velg paigutama,FAMILY_COPY_STRICT,is+nb+nn
data,it,A2,16,abstellen,nolikt • novietot • atslēgt,Nolikt • Novietot • Atslēgt,FAMILY_COPY_STRICT,it+lb+nl+pt
data,lb,A2,16,abstellen,nolikt • novietot • atslēgt,Nolikt • Novietot • Atslēgt,FAMILY_COPY_STRICT,it+lb+nl+pt
data,nl,A2,16,abstellen,nolikt • novietot • atslēgt,Nolikt • Novietot • Atslēgt,FAMILY_COPY_STRICT,it+lb+nl+pt
data,pt,A2,16,abstellen,nolikt • novietot • atslēgt,Nolikt • Novietot • Atslēgt,FAMILY_COPY_STRICT,it+lb+nl+pt
data,hr,A2,17,abtauen,atkausēt,Размразяване,SCRIPT_MISMATCH,
data,hr,A2,17,abtauen,atkausēt,Размразяване,MARKER_LEAK,foreign_script
data,lb,A2,17,abtauen,atkausēt,Atkausēt,SAME_AS_LV_CASEFOLD,casefold_only
data,lb,A2,17,abtauen,atkausēt,Atkausēt,LV_DIACRITIC,
data,lb,A2,17,abtauen,atkausēt,Atkausēt,MARKER_LEAK,lv_macron_consonant
data,nl,A2,17,abtauen,atkausēt,Atkausēt,SAME_AS_LV_CASEFOLD,casefold_only
data,nl,A2,17,abtauen,atkausēt,Atkausēt,LV_DIACRITIC,
data,nl,A2,17,abtauen,atkausēt,Atkausēt,MARKER_LEAK,lv_macron_consonant
data,sl,A2,17,abtauen,atkausēt,atkausēt,SAME_AS_LV_CASEFOLD,exact
data,sl,A2,17,abtauen,atkausēt,atkausēt,LV_DIACRITIC,
data,sl,A2,17,abtauen,atkausēt,atkausēt,MARKER_LEAK,lv_macron_consonant
data,bg,A2,17,abtauen,atkausēt,Размразяване,FAMILY_COPY_STRICT,bg+hr+mk+sr
data,hr,A2,17,abtauen,atkausēt,Размразяване,FAMILY_COPY_STRICT,bg+hr+mk+sr
data,mk,A2,17,abtauen,atkausēt,Размразяване,FAMILY_COPY_STRICT,bg+hr+mk+sr
data,sr,A2,17,abtauen,atkausēt,Размразяване,FAMILY_COPY_STRICT,bg+hr+mk+sr
data,fi,A2,17,abtauen,atkausēt,Sulatama,FAMILY_COPY_STRICT,fi+is+nb+nn+sv
data,is,A2,17,abtauen,atkausēt,Sulatama,FAMILY_COPY_STRICT,fi+is+nb+nn+sv
data,nb,A2,17,abtauen,atkausēt,Sulatama,FAMILY_COPY_STRICT,fi+is+nb+nn+sv
data,nn,A2,17,abtauen,atkausēt,Sulatama,FAMILY_COPY_STRICT,fi+is+nb+nn+sv
data,sv,A2,17,abtauen,atkausēt,Sulatama,FAMILY_COPY_STRICT,fi+is+nb+nn+sv
data,it,A2,17,abtauen,atkausēt,Atkauset,FAMILY_COPY_STRICT,it+pt
data,pt,A2,17,abtauen,atkausēt,Atkauset,FAMILY_COPY_STRICT,it+pt
data,lb,A2,17,abtauen,atkausēt,Atkausēt,FAMILY_COPY_STRICT,lb+nl
data,nl,A2,17,abtauen,atkausēt,Atkausēt,FAMILY_COPY_STRICT,lb+nl
data,hr,A2,18,Abteil,kupeja,Купе,SCRIPT_MISMATCH,
data,hr,A2,18,Abteil,kupeja,Купе,MARKER_LEAK,foreign_script
data,it,A2,18,Abteil,kupeja,Kupeja,SAME_AS_LV_CASEFOLD,casefold_only
data,lb,A2,18,Abteil,kupeja,Kupeja,SAME_AS_LV_CASEFOLD,casefold_only
data,nl,A2,18,Abteil,kupeja,Kupeja,SAME_AS_LV_CASEFOLD,casefold_only
data,pt,A2,18,Abteil,kupeja,Kupeja,SAME_AS_LV_CASEFOLD,casefold_only
data,sl,A2,18,Abteil,kupeja,kupeja,SAME_AS_LV_CASEFOLD,exact
data,bg,A2,18,Abteil,kupeja,Купе,FAMILY_COPY_STRICT,bg+hr+mk+ru+sr
data,hr,A2,18,Abteil,kupeja,Купе,FAMILY_COPY_STRICT,bg+hr+mk+ru+sr
data,mk,A2,18,Abteil,kupeja,Купе,FAMILY_COPY_STRICT,bg+hr+mk+ru+sr
data,ru,A2,18,Abteil,kupeja,Купе,FAMILY_COPY_STRICT,bg+hr+mk+ru+sr
data,sr,A2,18,Abteil,kupeja,Купе,FAMILY_COPY_STRICT,bg+hr+mk+ru+sr
data,fi,A2,18,Abteil,kupeja,Kupee,FAMILY_COPY_STRICT,fi+sv
data,sv,A2,18,Abteil,kupeja,Kupee,FAMILY_COPY_STRICT,fi+sv
data,it,A2,18,Abteil,kupeja,Kupeja,FAMILY_COPY_STRICT,it+lb+nl+pt
data,lb,A2,18,Abteil,kupeja,Kupeja,FAMILY_COPY_STRICT,it+lb+nl+pt
data,nl,A2,18,Abteil,kupeja,Kupeja,FAMILY_COPY_STRICT,it+lb+nl+pt
data,pt,A2,18,Abteil,kupeja,Kupeja,FAMILY_COPY_STRICT,it+lb+nl+pt
data,nl,A2,19,abwarten,nogaidīt,Nogaidīt,SAME_AS_LV_CASEFOLD,casefold_only
data,nl,A2,19,abwarten,nogaidīt,Nogaidīt,LV_DIACRITIC,
data,nl,A2,19,abwarten,nogaidīt,Nogaidīt,MARKER_LEAK,lv_macron_consonant
data,sl,A2,19,abwarten,nogaidīt,nogaidīt,SAME_AS_LV_CASEFOLD,exact
data,sl,A2,19,abwarten,nogaidīt,nogaidīt,LV_DIACRITIC,
data,sl,A2,19,abwarten,nogaidīt,nogaidīt,MARKER_LEAK,lv_macron_consonant
data,sr,A2,19,abwarten,nogaidīt,- Čekaj.,LV_DIACRITIC,
data,sr,A2,19,abwarten,nogaidīt,- Čekaj.,SCRIPT_MISMATCH,sr_as_cyrillic
data,sr,A2,19,abwarten,nogaidīt,- Čekaj.,MARKER_LEAK,latin_in_cyrillic
data,fi,A2,19,abwarten,nogaidīt,Ära ootama,FAMILY_COPY_STRICT,fi+sv
data,sv,A2,19,abwarten,nogaidīt,Ära ootama,FAMILY_COPY_STRICT,fi+sv
data,hr,A2,19,abwarten,nogaidīt,- Čekaj.,FAMILY_COPY_STRICT,hr+sr
data,sr,A2,19,abwarten,nogaidīt,- Čekaj.,FAMILY_COPY_STRICT,hr+sr
data,is,A2,19,abwarten,nogaidīt,Hedre ootama,FAMILY_COPY_STRICT,is+nb+nn
data,nb,A2,19,abwarten,nogaidīt,Hedre ootama,FAMILY_COPY_STRICT,is+nb+nn
data,nn,A2,19,abwarten,nogaidīt,Hedre ootama,FAMILY_COPY_STRICT,is+nb+nn
data,it,A2,19,abwarten,nogaidīt,Nogaïdit,FAMILY_COPY_STRICT,it+pt
data,pt,A2,19,abwarten,nogaidīt,Nogaïdit,FAMILY_COPY_STRICT,it+pt
data,hr,A2,20,abwesend,promesošs,Обещаващо,SCRIPT_MISMATCH,
data,hr,A2,20,abwesend,promesošs,Обещаващо,MARKER_LEAK,foreign_script
data,lb,A2,20,abwesend,promesošs,Promesošs,SAME_AS_LV_CASEFOLD,casefold_only
data,lb,A2,20,abwesend,promesošs,Promesošs,LV_DIACRITIC,
data,nl,A2,20,abwesend,promesošs,Promesošs,SAME_AS_LV_CASEFOLD,casefold_only
data,nl,A2,20,abwesend,promesošs,Promesošs,LV_DIACRITIC,
data,sl,A2,20,abwesend,promesošs,promesošs,SAME_AS_LV_CASEFOLD,exact
data,bg,A2,20,abwesend,promesošs,Обещаващо,FAMILY_COPY_STRICT,bg+hr+mk+sr
data,hr,A2,20,abwesend,promesošs,Обещаващо,FAMILY_COPY_STRICT,bg+hr+mk+sr
data,mk,A2,20,abwesend,promesošs,Обещаващо,FAMILY_COPY_STRICT,bg+hr+mk+sr
data,sr,A2,20,abwesend,promesošs,Обещаващо,FAMILY_COPY_STRICT,bg+hr+mk+sr
data,fi,A2,20,abwesend,promesošs,Puuduv,FAMILY_COPY_STRICT,fi+sv
data,sv,A2,20,abwesend,promesošs,Puuduv,FAMILY_COPY_STRICT,fi+sv
data,is,A2,20,abwesend,promesošs,Hundehette,FAMILY_COPY_STRICT,is+nb+nn
data,nb,A2,20,abwesend,promesošs,Hundehette,FAMILY_COPY_STRICT,is+nb+nn
data,nn,A2,20,abwesend,promesošs,Hundehette,FAMILY_COPY_STRICT,is+nb+nn
data,lb,A2,20,abwesend,promesošs,Promesošs,FAMILY_COPY_STRICT,lb+nl
data,nl,A2,20,abwesend,promesošs,Promesošs,FAMILY_COPY_STRICT,lb+nl
data,sq,A2,20,abwesend,promesošs,Umut verici,FAMILY_COPY_STRICT,sq+tr
data,tr,A2,20,abwesend,promesošs,Umut verici,FAMILY_COPY_STRICT,sq+tr
data,da,A2,21,Achse,ass,Ass,SAME_AS_LV_CASEFOLD,casefold_only
data,en,A2,21,Achse,ass,Ass,SAME_AS_LV_CASEFOLD,casefold_only
data,hr,A2,21,Achse,ass,Задник,SCRIPT_MISMATCH,
data,hr,A2,21,Achse,ass,Задник,MARKER_LEAK,foreign_script
data,lb,A2,21,Achse,ass,Ass,SAME_AS_LV_CASEFOLD,casefold_only
data,nl,A2,21,Achse,ass,Ass,SAME_AS_LV_CASEFOLD,casefold_only
data,sl,A2,21,Achse,ass,ass,SAME_AS_LV_CASEFOLD,exact
data,uk,A2,21,Achse,ass,ass,SAME_AS_LV_CASEFOLD,exact
data,uk,A2,21,Achse,ass,ass,SCRIPT_MISMATCH,
data,uk,A2,21,Achse,ass,ass,MARKER_LEAK,latin_in_cyrillic
data,bg,A2,21,Achse,ass,Задник,FAMILY_COPY_STRICT,bg+hr+mk+sr
data,hr,A2,21,Achse,ass,Задник,FAMILY_COPY_STRICT,bg+hr+mk+sr
data,mk,A2,21,Achse,ass,Задник,FAMILY_COPY_STRICT,bg+hr+mk+sr
data,sr,A2,21,Achse,ass,Задник,FAMILY_COPY_STRICT,bg+hr+mk+sr
data,da,A2,21,Achse,ass,Ass,FAMILY_COPY_STRICT,da+en+lb+nl
data,en,A2,21,Achse,ass,Ass,FAMILY_COPY_STRICT,da+en+lb+nl
data,lb,A2,21,Achse,ass,Ass,FAMILY_COPY_STRICT,da+en+lb+nl
data,nl,A2,21,Achse,ass,Ass,FAMILY_COPY_STRICT,da+en+lb+nl
data,fi,A2,21,Achse,ass,Telg,FAMILY_COPY_STRICT,fi+sv
data,sv,A2,21,Achse,ass,Telg,FAMILY_COPY_STRICT,fi+sv
data,is,A2,21,Achse,ass,Teleg,FAMILY_COPY_STRICT,is+nb+nn
data,nb,A2,21,Achse,ass,Teleg,FAMILY_COPY_STRICT,is+nb+nn
data,nn,A2,21,Achse,ass,Teleg,FAMILY_COPY_STRICT,is+nb+nn
data,it,A2,21,Achse,ass,Assistente,FAMILY_COPY_STRICT,it+pt
data,pt,A2,21,Achse,ass,Assistente,FAMILY_COPY_STRICT,it+pt
data,sq,A2,21,Achse,ass,Popo,FAMILY_COPY_STRICT,sq+tr
data,tr,A2,21,Achse,ass,Popo,FAMILY_COPY_STRICT,sq+tr
data,hr,A2,22,Achtung,cieņa • uzmanība,Почит • Внимание,SCRIPT_MISMATCH,
data,hr,A2,22,Achtung,cieņa • uzmanība,Почит • Внимание,MARKER_LEAK,foreign_script
data,it,A2,22,Achtung,cieņa • uzmanība,Cieņa • Uzmaniba,LV_DIACRITIC,
data,it,A2,22,Achtung,cieņa • uzmanība,Cieņa • Uzmaniba,MARKER_LEAK,lv_macron_consonant
data,lb,A2,22,Achtung,cieņa • uzmanība,Cieņa • Uzmanība,SAME_AS_LV_CASEFOLD,casefold_only
data,lb,A2,22,Achtung,cieņa • uzmanība,Cieņa • Uzmanība,LV_DIACRITIC,
data,lb,A2,22,Achtung,cieņa • uzmanība,Cieņa • Uzmanība,MARKER_LEAK,lv_macron_consonant
data,nl,A2,22,Achtung,cieņa • uzmanība,Cieņa • Uzmanība,SAME_AS_LV_CASEFOLD,casefold_only
data,nl,A2,22,Achtung,cieņa • uzmanība,Cieņa • Uzmanība,LV_DIACRITIC,
data,nl,A2,22,Achtung,cieņa • uzmanība,Cieņa • Uzmanība,MARKER_LEAK,lv_macron_consonant
data,sl,A2,22,Achtung,cieņa • uzmanība,cieņa • uzmanība,SAME_AS_LV_CASEFOLD,exact
data,sl,A2,22,Achtung,cieņa • uzmanība,cieņa • uzmanība,LV_DIACRITIC,
data,sl,A2,22,Achtung,cieņa • uzmanība,cieņa • uzmanība,MARKER_LEAK,lv_macron_consonant
data,sq,A2,22,Achtung,cieņa • uzmanība,Saygı • Dikkat,MARKER_LEAK,tr_soft
data,bg,A2,22,Achtung,cieņa • uzmanība,Уважение • Внимание,FAMILY_COPY_STRICT,bg+ru
data,ru,A2,22,Achtung,cieņa • uzmanība,Уважение • Внимание,FAMILY_COPY_STRICT,bg+ru
data,en,A2,22,Achtung,cieņa • uzmanība,Respect • Attention,FAMILY_COPY_STRICT,en+fr
data,fr,A2,22,Achtung,cieņa • uzmanība,Respect • Attention,FAMILY_COPY_STRICT,en+fr
data,fi,A2,22,Achtung,cieņa • uzmanība,Austus • Tähelepanu,FAMILY_COPY_STRICT,fi+is+nb+nn+sv
data,is,A2,22,Achtung,cieņa • uzmanība,Austus • Tähelepanu,FAMILY_COPY_STRICT,fi+is+nb+nn+sv
data,nb,A2,22,Achtung,cieņa • uzmanība,Austus • Tähelepanu,FAMILY_COPY_STRICT,fi+is+nb+nn+sv
data,nn,A2,22,Achtung,cieņa • uzmanība,Austus • Tähelepanu,FAMILY_COPY_STRICT,fi+is+nb+nn+sv
data,sv,A2,22,Achtung,cieņa • uzmanība,Austus • Tähelepanu,FAMILY_COPY_STRICT,fi+is+nb+nn+sv
data,hr,A2,22,Achtung,cieņa • uzmanība,Почит • Внимание,FAMILY_COPY_STRICT,hr+mk+sr
data,mk,A2,22,Achtung,cieņa • uzmanība,Почит • Внимание,FAMILY_COPY_STRICT,hr+mk+sr
data,sr,A2,22,Achtung,cieņa • uzmanība,Почит • Внимание,FAMILY_COPY_STRICT,hr+mk+sr
data,lb,A2,22,Achtung,cieņa • uzmanība,Cieņa • Uzmanība,FAMILY_COPY_STRICT,lb+nl
data,nl,A2,22,Achtung,cieņa • uzmanība,Cieņa • Uzmanība,FAMILY_COPY_STRICT,lb+nl
data,sq,A2,22,Achtung,cieņa • uzmanība,Saygı • Dikkat,FAMILY_COPY_STRICT,sq+tr
data,tr,A2,22,Achtung,cieņa • uzmanība,Saygı • Dikkat,FAMILY_COPY_STRICT,sq+tr
data,fi,A2,23,Acker,lauks,Põld,MARKER_LEAK,et_otilde
data,hr,A2,23,Acker,lauks,Поле,SCRIPT_MISMATCH,
data,hr,A2,23,Acker,lauks,Поле,MARKER_LEAK,foreign_script
data,is,A2,23,Acker,lauks,Põld,MARKER_LEAK,et_otilde
data,it,A2,23,Acker,lauks,Lauks,SAME_AS_LV_CASEFOLD,casefold_only
data,lb,A2,23,Acker,lauks,Lauks,SAME_AS_LV_CASEFOLD,casefold_only
data,nb,A2,23,Acker,lauks,Põld,MARKER_LEAK,et_otilde
data,nl,A2,23,Acker,lauks,Lauks,SAME_AS_LV_CASEFOLD,casefold_only
data,nn,A2,23,Acker,lauks,Põld,MARKER_LEAK,et_otilde
data,pt,A2,23,Acker,lauks,Lauks,SAME_AS_LV_CASEFOLD,casefold_only
data,sl,A2,23,Acker,lauks,lauks,SAME_AS_LV_CASEFOLD,exact
data,sv,A2,23,Acker,lauks,Põld,MARKER_LEAK,et_otilde
data,bg,A2,23,Acker,lauks,Поле,FAMILY_COPY_STRICT,bg+hr+mk+ru+sr
data,hr,A2,23,Acker,lauks,Поле,FAMILY_COPY_STRICT,bg+hr+mk+ru+sr
data,mk,A2,23,Acker,lauks,Поле,FAMILY_COPY_STRICT,bg+hr+mk+ru+sr
data,ru,A2,23,Acker,lauks,Поле,FAMILY_COPY_STRICT,bg+hr+mk+ru+sr
data,sr,A2,23,Acker,lauks,Поле,FAMILY_COPY_STRICT,bg+hr+mk+ru+sr
data,cs,A2,23,Acker,lauks,Pole,FAMILY_COPY_STRICT,cs+pl
data,pl,A2,23,Acker,lauks,Pole,FAMILY_COPY_STRICT,cs+pl
data,fi,A2,23,Acker,lauks,Põld,FAMILY_COPY_STRICT,fi+is+nb+nn+sv
data,is,A2,23,Acker,lauks,Põld,FAMILY_COPY_STRICT,fi+is+nb+nn+sv
data,nb,A2,23,Acker,lauks,Põld,FAMILY_COPY_STRICT,fi+is+nb+nn+sv
data,nn,A2,23,Acker,lauks,Põld,FAMILY_COPY_STRICT,fi+is+nb+nn+sv
data,sv,A2,23,Acker,lauks,Põld,FAMILY_COPY_STRICT,fi+is+nb+nn+sv
data,it,A2,23,Acker,lauks,Lauks,FAMILY_COPY_STRICT,it+lb+nl+pt
data,lb,A2,23,Acker,lauks,Lauks,FAMILY_COPY_STRICT,it+lb+nl+pt
data,nl,A2,23,Acker,lauks,Lauks,FAMILY_COPY_STRICT,it+lb+nl+pt
data,pt,A2,23,Acker,lauks,Lauks,FAMILY_COPY_STRICT,it+lb+nl+pt
data,sq,A2,23,Acker,lauks,Alan,FAMILY_COPY_STRICT,sq+tr
data,tr,A2,23,Acker,lauks,Alan,FAMILY_COPY_STRICT,sq+tr
data,hr,A2,24,Adler,ērglis,Орел,SCRIPT_MISMATCH,
data,hr,A2,24,Adler,ērglis,Орел,MARKER_LEAK,foreign_script
data,lb,A2,24,Adler,ērglis,Ērglis,SAME_AS_LV_CASEFOLD,casefold_only
data,lb,A2,24,Adler,ērglis,Ērglis,LV_DIACRITIC,
data,lb,A2,24,Adler,ērglis,Ērglis,MARKER_LEAK,lv_macron_consonant
data,nl,A2,24,Adler,ērglis,Ērglis,SAME_AS_LV_CASEFOLD,casefold_only
data,nl,A2,24,Adler,ērglis,Ērglis,LV_DIACRITIC,
data,nl,A2,24,Adler,ērglis,Ērglis,MARKER_LEAK,lv_macron_consonant
data,sl,A2,24,Adler,ērglis,ērglis,SAME_AS_LV_CASEFOLD,exact
data,sl,A2,24,Adler,ērglis,ērglis,LV_DIACRITIC,
data,sl,A2,24,Adler,ērglis,ērglis,MARKER_LEAK,lv_macron_consonant
data,bg,A2,24,Adler,ērglis,Орел,FAMILY_COPY_STRICT,bg+hr+mk+ru+sr
data,hr,A2,24,Adler,ērglis,Орел,FAMILY_COPY_STRICT,bg+hr+mk+ru+sr
data,mk,A2,24,Adler,ērglis,Орел,FAMILY_COPY_STRICT,bg+hr+mk+ru+sr
data,ru,A2,24,Adler,ērglis,Орел,FAMILY_COPY_STRICT,bg+hr+mk+ru+sr
data,sr,A2,24,Adler,ērglis,Орел,FAMILY_COPY_STRICT,bg+hr+mk+ru+sr
data,fi,A2,24,Adler,ērglis,Kotkas,FAMILY_COPY_STRICT,fi+is+nb+nn+sv
data,is,A2,24,Adler,ērglis,Kotkas,FAMILY_COPY_STRICT,fi+is+nb+nn+sv
data,nb,A2,24,Adler,ērglis,Kotkas,FAMILY_COPY_STRICT,fi+is+nb+nn+sv
data,nn,A2,24,Adler,ērglis,Kotkas,FAMILY_COPY_STRICT,fi+is+nb+nn+sv
data,sv,A2,24,Adler,ērglis,Kotkas,FAMILY_COPY_STRICT,fi+is+nb+nn+sv
data,it,A2,24,Adler,ērglis,Erglis,FAMILY_COPY_STRICT,it+pt
data,pt,A2,24,Adler,ērglis,Erglis,FAMILY_COPY_STRICT,it+pt
data,lb,A2,24,Adler,ērglis,Ērglis,FAMILY_COPY_STRICT,lb+nl
data,nl,A2,24,Adler,ērglis,Ērglis,FAMILY_COPY_STRICT,lb+nl
data,it,A2,25,Adventszeit,adventa laiks,Adventa Laiks,SAME_AS_LV_CASEFOLD,casefold_only
data,lb,A2,25,Adventszeit,adventa laiks,Adventa laiks,SAME_AS_LV_CASEFOLD,casefold_only
data,nl,A2,25,Adventszeit,adventa laiks,Adventa laiks,SAME_AS_LV_CASEFOLD,casefold_only
data,pt,A2,25,Adventszeit,adventa laiks,Adventa Laiks,SAME_AS_LV_CASEFOLD,casefold_only
data,sl,A2,25,Adventszeit,adventa laiks,adventa laiks,SAME_AS_LV_CASEFOLD,exact
data,sr,A2,25,Adventszeit,adventa laiks,Adventni čas,LV_DIACRITIC,
data,sr,A2,25,Adventszeit,adventa laiks,Adventni čas,SCRIPT_MISMATCH,sr_as_cyrillic
data,sr,A2,25,Adventszeit,adventa laiks,Adventni čas,MARKER_LEAK,latin_in_cyrillic
data,bg,A2,25,Adventszeit,adventa laiks,Сезон на Адвент,FAMILY_COPY_STRICT,bg+mk
data,mk,A2,25,Adventszeit,adventa laiks,Сезон на Адвент,FAMILY_COPY_STRICT,bg+mk
data,fi,A2,25,Adventszeit,adventa laiks,Advendiaeg,FAMILY_COPY_STRICT,fi+sv
data,sv,A2,25,Adventszeit,adventa laiks,Advendiaeg,FAMILY_COPY_STRICT,fi+sv
data,hr,A2,25,Adventszeit,adventa laiks,Adventni čas,FAMILY_COPY_STRICT,hr+sr
data,sr,A2,25,Adventszeit,adventa laiks,Adventni čas,FAMILY_COPY_STRICT,hr+sr
data,is,A2,25,Adventszeit,adventa laiks,Advent,FAMILY_COPY_STRICT,is+nb+nn
data,nb,A2,25,Adventszeit,adventa laiks,Advent,FAMILY_COPY_STRICT,is+nb+nn
data,nn,A2,25,Adventszeit,adventa laiks,Advent,FAMILY_COPY_STRICT,is+nb+nn
data,it,A2,25,Adventszeit,adventa laiks,Adventa Laiks,FAMILY_COPY_STRICT,it+pt
data,pt,A2,25,Adventszeit,adventa laiks,Adventa Laiks,FAMILY_COPY_STRICT,it+pt
data,lb,A2,25,Adventszeit,adventa laiks,Adventa laiks,FAMILY_COPY_STRICT,lb+nl
data,nl,A2,25,Adventszeit,adventa laiks,Adventa laiks,FAMILY_COPY_STRICT,lb+nl
data,sq,A2,25,Adventszeit,adventa laiks,Advent sezonu,FAMILY_COPY_STRICT,sq+tr
data,tr,A2,25,Adventszeit,adventa laiks,Advent sezonu,FAMILY_COPY_STRICT,sq+tr
data,hr,A2,26,Aerobic,aerobika,Аеробика,SCRIPT_MISMATCH,
data,hr,A2,26,Aerobic,aerobika,Аеробика,MARKER_LEAK,foreign_script
data,lt,A2,26,Aerobic,aerobika,aerobika,SAME_AS_LV_CASEFOLD,exact
data,nl,A2,26,Aerobic,aerobika,Aerobika,SAME_AS_LV_CASEFOLD,casefold_only
data,sl,A2,26,Aerobic,aerobika,aerobika,SAME_AS_LV_CASEFOLD,exact
data,bg,A2,26,Aerobic,aerobika,Аеробика,FAMILY_COPY_STRICT,bg+hr+mk+sr
data,hr,A2,26,Aerobic,aerobika,Аеробика,FAMILY_COPY_STRICT,bg+hr+mk+sr
data,mk,A2,26,Aerobic,aerobika,Аеробика,FAMILY_COPY_STRICT,bg+hr+mk+sr
data,sr,A2,26,Aerobic,aerobika,Аеробика,FAMILY_COPY_STRICT,bg+hr+mk+sr
data,cs,A2,26,Aerobic,aerobika,Aerobik,FAMILY_COPY_STRICT,cs+pl+sk+sq+tr
data,pl,A2,26,Aerobic,aerobika,Aerobik,FAMILY_COPY_STRICT,cs+pl+sk+sq+tr
data,sk,A2,26,Aerobic,aerobika,Aerobik,FAMILY_COPY_STRICT,cs+pl+sk+sq+tr
data,sq,A2,26,Aerobic,aerobika,Aerobik,FAMILY_COPY_STRICT,cs+pl+sk+sq+tr
data,tr,A2,26,Aerobic,aerobika,Aerobik,FAMILY_COPY_STRICT,cs+pl+sk+sq+tr
data,fi,A2,26,Aerobic,aerobika,Aeroobika,FAMILY_COPY_STRICT,fi+sv
data,sv,A2,26,Aerobic,aerobika,Aeroobika,FAMILY_COPY_STRICT,fi+sv
data,hr,A2,27,ähnlich,līdzīgs,Подобни,SCRIPT_MISMATCH,
data,hr,A2,27,ähnlich,līdzīgs,Подобни,MARKER_LEAK,foreign_script
data,lb,A2,27,ähnlich,līdzīgs,Līdzīgs,SAME_AS_LV_CASEFOLD,casefold_only
data,lb,A2,27,ähnlich,līdzīgs,Līdzīgs,LV_DIACRITIC,
data,lb,A2,27,ähnlich,līdzīgs,Līdzīgs,MARKER_LEAK,lv_macron_consonant
data,nl,A2,27,ähnlich,līdzīgs,Līdzīgs,SAME_AS_LV_CASEFOLD,casefold_only
data,nl,A2,27,ähnlich,līdzīgs,Līdzīgs,LV_DIACRITIC,
data,nl,A2,27,ähnlich,līdzīgs,Līdzīgs,MARKER_LEAK,lv_macron_consonant
data,sl,A2,27,ähnlich,līdzīgs,līdzīgs,SAME_AS_LV_CASEFOLD,exact
data,sl,A2,27,ähnlich,līdzīgs,līdzīgs,LV_DIACRITIC,
data,sl,A2,27,ähnlich,līdzīgs,līdzīgs,MARKER_LEAK,lv_macron_consonant
data,bg,A2,27,ähnlich,līdzīgs,Подобни,FAMILY_COPY_STRICT,bg+hr+mk+sr
data,hr,A2,27,ähnlich,līdzīgs,Подобни,FAMILY_COPY_STRICT,bg+hr+mk+sr
data,mk,A2,27,ähnlich,līdzīgs,Подобни,FAMILY_COPY_STRICT,bg+hr+mk+sr
data,sr,A2,27,ähnlich,līdzīgs,Подобни,FAMILY_COPY_STRICT,bg+hr+mk+sr
data,fi,A2,27,ähnlich,līdzīgs,Sarnane,FAMILY_COPY_STRICT,fi+is+nb+nn+sv
data,is,A2,27,ähnlich,līdzīgs,Sarnane,FAMILY_COPY_STRICT,fi+is+nb+nn+sv
data,nb,A2,27,ähnlich,līdzīgs,Sarnane,FAMILY_COPY_STRICT,fi+is+nb+nn+sv
data,nn,A2,27,ähnlich,līdzīgs,Sarnane,FAMILY_COPY_STRICT,fi+is+nb+nn+sv
data,sv,A2,27,ähnlich,līdzīgs,Sarnane,FAMILY_COPY_STRICT,fi+is+nb+nn+sv
data,it,A2,27,ähnlich,līdzīgs,Lidzig,FAMILY_COPY_STRICT,it+pt
data,pt,A2,27,ähnlich,līdzīgs,Lidzig,FAMILY_COPY_STRICT,it+pt
data,lb,A2,27,ähnlich,līdzīgs,Līdzīgs,FAMILY_COPY_STRICT,lb+nl
data,nl,A2,27,ähnlich,līdzīgs,Līdzīgs,FAMILY_COPY_STRICT,lb+nl
data,sq,A2,27,ähnlich,līdzīgs,Benzer,FAMILY_COPY_STRICT,sq+tr
data,tr,A2,27,ähnlich,līdzīgs,Benzer,FAMILY_COPY_STRICT,sq+tr
data,hr,A2,28,aktiv,aktīvs • darbīgs,Активен • Активен,SCRIPT_MISMATCH,
data,hr,A2,28,aktiv,aktīvs • darbīgs,Активен • Активен,MARKER_LEAK,foreign_script
data,it,A2,28,aktiv,aktīvs • darbīgs,Aktivs • Darbīgs,LV_DIACRITIC,
data,it,A2,28,aktiv,aktīvs • darbīgs,Aktivs • Darbīgs,MARKER_LEAK,lv_macron_consonant
data,lb,A2,28,aktiv,aktīvs • darbīgs,Aktīvs • Darbīgs,SAME_AS_LV_CASEFOLD,casefold_only
data,lb,A2,28,aktiv,aktīvs • darbīgs,Aktīvs • Darbīgs,LV_DIACRITIC,
data,lb,A2,28,aktiv,aktīvs • darbīgs,Aktīvs • Darbīgs,MARKER_LEAK,lv_macron_consonant
data,nl,A2,28,aktiv,aktīvs • darbīgs,Aktīvs • Darbīgs,SAME_AS_LV_CASEFOLD,casefold_only
data,nl,A2,28,aktiv,aktīvs • darbīgs,Aktīvs • Darbīgs,LV_DIACRITIC,
data,nl,A2,28,aktiv,aktīvs • darbīgs,Aktīvs • Darbīgs,MARKER_LEAK,lv_macron_consonant
data,pt,A2,28,aktiv,aktīvs • darbīgs,Ativos • Darbīgs,LV_DIACRITIC,
data,pt,A2,28,aktiv,aktīvs • darbīgs,Ativos • Darbīgs,MARKER_LEAK,lv_macron_consonant
data,sl,A2,28,aktiv,aktīvs • darbīgs,aktīvs • darbīgs,SAME_AS_LV_CASEFOLD,exact
data,sl,A2,28,aktiv,aktīvs • darbīgs,aktīvs • darbīgs,LV_DIACRITIC,
data,sl,A2,28,aktiv,aktīvs • darbīgs,aktīvs • darbīgs,MARKER_LEAK,lv_macron_consonant
data,bg,A2,28,aktiv,aktīvs • darbīgs,Активен • Активен,FAMILY_COPY_STRICT,bg+hr+mk+sr
data,hr,A2,28,aktiv,aktīvs • darbīgs,Активен • Активен,FAMILY_COPY_STRICT,bg+hr+mk+sr
data,mk,A2,28,aktiv,aktīvs • darbīgs,Активен • Активен,FAMILY_COPY_STRICT,bg+hr+mk+sr
data,sr,A2,28,aktiv,aktīvs • darbīgs,Активен • Активен,FAMILY_COPY_STRICT,bg+hr+mk+sr
data,fi,A2,28,aktiv,aktīvs • darbīgs,Aktiivne • Tegus,FAMILY_COPY_STRICT,fi+sv
data,sv,A2,28,aktiv,aktīvs • darbīgs,Aktiivne • Tegus,FAMILY_COPY_STRICT,fi+sv
data,is,A2,28,aktiv,aktīvs • darbīgs,Aktiv • Tegus,FAMILY_COPY_STRICT,is+nb+nn
data,nb,A2,28,aktiv,aktīvs • darbīgs,Aktiv • Tegus,FAMILY_COPY_STRICT,is+nb+nn
data,nn,A2,28,aktiv,aktīvs • darbīgs,Aktiv • Tegus,FAMILY_COPY_STRICT,is+nb+nn
data,lb,A2,28,aktiv,aktīvs • darbīgs,Aktīvs • Darbīgs,FAMILY_COPY_STRICT,lb+nl
data,nl,A2,28,aktiv,aktīvs • darbīgs,Aktīvs • Darbīgs,FAMILY_COPY_STRICT,lb+nl
data,sq,A2,28,aktiv,aktīvs • darbīgs,Aktif • Aktif,FAMILY_COPY_STRICT,sq+tr
data,tr,A2,28,aktiv,aktīvs • darbīgs,Aktif • Aktif,FAMILY_COPY_STRICT,sq+tr
data,hr,A2,29,Aktivität,aktivitāte,Активност,SCRIPT_MISMATCH,
data,hr,A2,29,Aktivität,aktivitāte,Активност,MARKER_LEAK,foreign_script
data,sl,A2,29,Aktivität,aktivitāte,aktivitāte,SAME_AS_LV_CASEFOLD,exact
data,sl,A2,29,Aktivität,aktivitāte,aktivitāte,LV_DIACRITIC,
data,sl,A2,29,Aktivität,aktivitāte,aktivitāte,MARKER_LEAK,lv_macron_consonant
data,bg,A2,29,Aktivität,aktivitāte,Активност,FAMILY_COPY_STRICT,bg+hr+mk+sr
data,hr,A2,29,Aktivität,aktivitāte,Активност,FAMILY_COPY_STRICT,bg+hr+mk+sr
data,mk,A2,29,Aktivität,aktivitāte,Активност,FAMILY_COPY_STRICT,bg+hr+mk+sr
data,sr,A2,29,Aktivität,aktivitāte,Активност,FAMILY_COPY_STRICT,bg+hr+mk+sr
data,cs,A2,29,Aktivität,aktivitāte,Aktivita,FAMILY_COPY_STRICT,cs+sk
data,sk,A2,29,Aktivität,aktivitāte,Aktivita,FAMILY_COPY_STRICT,cs+sk
data,fi,A2,29,Aktivität,aktivitāte,Tegevus,FAMILY_COPY_STRICT,fi+sv
data,sv,A2,29,Aktivität,aktivitāte,Tegevus,FAMILY_COPY_STRICT,fi+sv
data,is,A2,29,Aktivität,aktivitāte,Handling,FAMILY_COPY_STRICT,is+nb+nn
data,nb,A2,29,Aktivität,aktivitāte,Handling,FAMILY_COPY_STRICT,is+nb+nn
data,nn,A2,29,Aktivität,aktivitāte,Handling,FAMILY_COPY_STRICT,is+nb+nn
data,lb,A2,29,Aktivität,aktivitāte,Activiteit,FAMILY_COPY_STRICT,lb+nl
data,nl,A2,29,Aktivität,aktivitāte,Activiteit,FAMILY_COPY_STRICT,lb+nl
data,sq,A2,29,Aktivität,aktivitāte,Etkinlik,FAMILY_COPY_STRICT,sq+tr
data,tr,A2,29,Aktivität,aktivitāte,Etkinlik,FAMILY_COPY_STRICT,sq+tr
data,bg,A2,30,aktuell,aktuāls • pašreizējs,Current • Current,SCRIPT_MISMATCH,
data,bg,A2,30,aktuell,aktuāls • pašreizējs,Current • Current,MARKER_LEAK,latin_in_cyrillic
data,hr,A2,30,aktuell,aktuāls • pašreizējs,Тековна • Тековна,SCRIPT_MISMATCH,
data,hr,A2,30,aktuell,aktuāls • pašreizējs,Тековна • Тековна,MARKER_LEAK,foreign_script
data,lb,A2,30,aktuell,aktuāls • pašreizējs,Aktuāls • Pasreizējs,LV_DIACRITIC,
data,lb,A2,30,aktuell,aktuāls • pašreizējs,Aktuāls • Pasreizējs,MARKER_LEAK,lv_macron_consonant
data,nl,A2,30,aktuell,aktuāls • pašreizējs,Aktuāls • Pašreizējs,SAME_AS_LV_CASEFOLD,casefold_only
data,nl,A2,30,aktuell,aktuāls • pašreizējs,Aktuāls • Pašreizējs,LV_DIACRITIC,
data,nl,A2,30,aktuell,aktuāls • pašreizējs,Aktuāls • Pašreizējs,MARKER_LEAK,lv_macron_consonant
data,sl,A2,30,aktuell,aktuāls • pašreizējs,aktuāls • pašreizējs,SAME_AS_LV_CASEFOLD,exact
data,sl,A2,30,aktuell,aktuāls • pašreizējs,aktuāls • pašreizējs,LV_DIACRITIC,
data,sl,A2,30,aktuell,aktuāls • pašreizējs,aktuāls • pašreizējs,MARKER_LEAK,lv_macron_consonant
data,bg,A2,30,aktuell,aktuāls • pašreizējs,Current • Current,FAMILY_COPY_STRICT,bg+en
data,en,A2,30,aktuell,aktuāls • pašreizējs,Current • Current,FAMILY_COPY_STRICT,bg+en
data,fi,A2,30,aktuell,aktuāls • pašreizējs,Aktuaalne • Praegune,FAMILY_COPY_STRICT,fi+sv
data,sv,A2,30,aktuell,aktuāls • pašreizējs,Aktuaalne • Praegune,FAMILY_COPY_STRICT,fi+sv
data,hr,A2,30,aktuell,aktuāls • pašreizējs,Тековна • Тековна,FAMILY_COPY_STRICT,hr+mk+sr
data,mk,A2,30,aktuell,aktuāls • pašreizējs,Тековна • Тековна,FAMILY_COPY_STRICT,hr+mk+sr
data,sr,A2,30,aktuell,aktuāls • pašreizējs,Тековна • Тековна,FAMILY_COPY_STRICT,hr+mk+sr
data,is,A2,30,aktuell,aktuāls • pašreizējs,Aktuaalne • Prajne,FAMILY_COPY_STRICT,is+nb+nn
data,nb,A2,30,aktuell,aktuāls • pašreizējs,Aktuaalne • Prajne,FAMILY_COPY_STRICT,is+nb+nn
data,nn,A2,30,aktuell,aktuāls • pašreizējs,Aktuaalne • Prajne,FAMILY_COPY_STRICT,is+nb+nn
data,fi,A2,31,akzeptieren,pieņemt,Vastu võtma,MARKER_LEAK,et_otilde
data,hr,A2,31,akzeptieren,pieņemt,Прифати,SCRIPT_MISMATCH,
data,hr,A2,31,akzeptieren,pieņemt,Прифати,MARKER_LEAK,foreign_script
data,it,A2,31,akzeptieren,pieņemt,Pieņemt,SAME_AS_LV_CASEFOLD,casefold_only
data,it,A2,31,akzeptieren,pieņemt,Pieņemt,LV_DIACRITIC,
data,it,A2,31,akzeptieren,pieņemt,Pieņemt,MARKER_LEAK,lv_macron_consonant
data,lb,A2,31,akzeptieren,pieņemt,Pieņemt,SAME_AS_LV_CASEFOLD,casefold_only
data,lb,A2,31,akzeptieren,pieņemt,Pieņemt,LV_DIACRITIC,
data,lb,A2,31,akzeptieren,pieņemt,Pieņemt,MARKER_LEAK,lv_macron_consonant
data,nl,A2,31,akzeptieren,pieņemt,Pieņemt,SAME_AS_LV_CASEFOLD,casefold_only
data,nl,A2,31,akzeptieren,pieņemt,Pieņemt,LV_DIACRITIC,
data,nl,A2,31,akzeptieren,pieņemt,Pieņemt,MARKER_LEAK,lv_macron_consonant
data,pt,A2,31,akzeptieren,pieņemt,Pieņemt,SAME_AS_LV_CASEFOLD,casefold_only
data,pt,A2,31,akzeptieren,pieņemt,Pieņemt,LV_DIACRITIC,
data,pt,A2,31,akzeptieren,pieņemt,Pieņemt,MARKER_LEAK,lv_macron_consonant
data,sl,A2,31,akzeptieren,pieņemt,pieņemt,SAME_AS_LV_CASEFOLD,exact
data,sl,A2,31,akzeptieren,pieņemt,pieņemt,LV_DIACRITIC,
data,sl,A2,31,akzeptieren,pieņemt,pieņemt,MARKER_LEAK,lv_macron_consonant
data,sv,A2,31,akzeptieren,pieņemt,Vastu võtma,MARKER_LEAK,et_otilde
data,fi,A2,31,akzeptieren,pieņemt,Vastu võtma,FAMILY_COPY_STRICT,fi+sv
data,sv,A2,31,akzeptieren,pieņemt,Vastu võtma,FAMILY_COPY_STRICT,fi+sv
data,hr,A2,31,akzeptieren,pieņemt,Прифати,FAMILY_COPY_STRICT,hr+mk+sr
data,mk,A2,31,akzeptieren,pieņemt,Прифати,FAMILY_COPY_STRICT,hr+mk+sr
data,sr,A2,31,akzeptieren,pieņemt,Прифати,FAMILY_COPY_STRICT,hr+mk+sr
data,is,A2,31,akzeptieren,pieņemt,Vastu ta,FAMILY_COPY_STRICT,is+nb+nn
data,nb,A2,31,akzeptieren,pieņemt,Vastu ta,FAMILY_COPY_STRICT,is+nb+nn
data,nn,A2,31,akzeptieren,pieņemt,Vastu ta,FAMILY_COPY_STRICT,is+nb+nn
data,it,A2,31,akzeptieren,pieņemt,Pieņemt,FAMILY_COPY_STRICT,it+lb+nl+pt
data,lb,A2,31,akzeptieren,pieņemt,Pieņemt,FAMILY_COPY_STRICT,it+lb+nl+pt
data,nl,A2,31,akzeptieren,pieņemt,Pieņemt,FAMILY_COPY_STRICT,it+lb+nl+pt
data,pt,A2,31,akzeptieren,pieņemt,Pieņemt,FAMILY_COPY_STRICT,it+lb+nl+pt
data,sq,A2,31,akzeptieren,pieņemt,Evlat edinmek,FAMILY_COPY_STRICT,sq+tr
data,tr,A2,31,akzeptieren,pieņemt,Evlat edinmek,FAMILY_COPY_STRICT,sq+tr
data,lb,A2,32,Alkohol,alkohols,Alkohols,SAME_AS_LV_CASEFOLD,casefold_only
data,nl,A2,32,Alkohol,alkohols,Alkohols,SAME_AS_LV_CASEFOLD,casefold_only
data,sl,A2,32,Alkohol,alkohols,alkohols,SAME_AS_LV_CASEFOLD,exact
data,sr,A2,32,Alkohol,alkohols,Alkohol,SCRIPT_MISMATCH,sr_as_cyrillic
data,sr,A2,32,Alkohol,alkohols,Alkohol,MARKER_LEAK,latin_in_cyrillic
data,bg,A2,32,Alkohol,alkohols,Алкохол,FAMILY_COPY_STRICT,bg+mk
data,mk,A2,32,Alkohol,alkohols,Алкохол,FAMILY_COPY_STRICT,bg+mk
data,fr,A2,32,Alkohol,alkohols,Alcool,FAMILY_COPY_STRICT,fr+ro
data,ro,A2,32,Alkohol,alkohols,Alcool,FAMILY_COPY_STRICT,fr+ro
data,lb,A2,32,Alkohol,alkohols,Alkohols,FAMILY_COPY_STRICT,lb+nl
data,nl,A2,32,Alkohol,alkohols,Alkohols,FAMILY_COPY_STRICT,lb+nl
data,sq,A2,32,Alkohol,alkohols,Alkol,FAMILY_COPY_STRICT,sq+tr
data,tr,A2,32,Alkohol,alkohols,Alkol,FAMILY_COPY_STRICT,sq+tr
data,lb,A2,33,allgemein,vispārīgs,Vispārīgs,SAME_AS_LV_CASEFOLD,casefold_only
data,lb,A2,33,allgemein,vispārīgs,Vispārīgs,LV_DIACRITIC,
data,lb,A2,33,allgemein,vispārīgs,Vispārīgs,MARKER_LEAK,lv_macron_consonant
data,nl,A2,33,allgemein,vispārīgs,Vispārīgs,SAME_AS_LV_CASEFOLD,casefold_only
data,nl,A2,33,allgemein,vispārīgs,Vispārīgs,LV_DIACRITIC,
data,nl,A2,33,allgemein,vispārīgs,Vispārīgs,MARKER_LEAK,lv_macron_consonant
data,sl,A2,33,allgemein,vispārīgs,vispārīgs,SAME_AS_LV_CASEFOLD,exact
data,sl,A2,33,allgemein,vispārīgs,vispārīgs,LV_DIACRITIC,
data,sl,A2,33,allgemein,vispārīgs,vispārīgs,MARKER_LEAK,lv_macron_consonant
data,sr,A2,33,allgemein,vispārīgs,& Splošno,LV_DIACRITIC,
data,sr,A2,33,allgemein,vispārīgs,& Splošno,SCRIPT_MISMATCH,sr_as_cyrillic
data,sr,A2,33,allgemein,vispārīgs,& Splošno,MARKER_LEAK,latin_in_cyrillic
data,en,A2,33,allgemein,vispārīgs,General,FAMILY_COPY_STRICT,en+ro
data,ro,A2,33,allgemein,vispārīgs,General,FAMILY_COPY_STRICT,en+ro
data,fi,A2,33,allgemein,vispārīgs,Üldine,FAMILY_COPY_STRICT,fi+is+nb+nn+sv
data,is,A2,33,allgemein,vispārīgs,Üldine,FAMILY_COPY_STRICT,fi+is+nb+nn+sv
data,nb,A2,33,allgemein,vispārīgs,Üldine,FAMILY_COPY_STRICT,fi+is+nb+nn+sv
data,nn,A2,33,allgemein,vispārīgs,Üldine,FAMILY_COPY_STRICT,fi+is+nb+nn+sv
data,sv,A2,33,allgemein,vispārīgs,Üldine,FAMILY_COPY_STRICT,fi+is+nb+nn+sv
data,hr,A2,33,allgemein,vispārīgs,& Splošno,FAMILY_COPY_STRICT,hr+sr
data,sr,A2,33,allgemein,vispārīgs,& Splošno,FAMILY_COPY_STRICT,hr+sr
data,it,A2,33,allgemein,vispārīgs,Visparigs,FAMILY_COPY_STRICT,it+pt
data,pt,A2,33,allgemein,vispārīgs,Visparigs,FAMILY_COPY_STRICT,it+pt
data,lb,A2,33,allgemein,vispārīgs,Vispārīgs,FAMILY_COPY_STRICT,lb+nl
data,nl,A2,33,allgemein,vispārīgs,Vispārīgs,FAMILY_COPY_STRICT,lb+nl
data,it,A2,34,Ameisen,skudras,Skudras,SAME_AS_LV_CASEFOLD,casefold_only
data,lb,A2,34,Ameisen,skudras,Skudras,SAME_AS_LV_CASEFOLD,casefold_only
data,nl,A2,34,Ameisen,skudras,Skudras,SAME_AS_LV_CASEFOLD,casefold_only
data,pt,A2,34,Ameisen,skudras,Skudras,SAME_AS_LV_CASEFOLD,casefold_only
data,sl,A2,34,Ameisen,skudras,skudras,SAME_AS_LV_CASEFOLD,exact
data,sq,A2,34,Ameisen,skudras,Karıncalar,MARKER_LEAK,tr_soft
data,sr,A2,34,Ameisen,skudras,Mravi,SCRIPT_MISMATCH,sr_as_cyrillic
data,sr,A2,34,Ameisen,skudras,Mravi,MARKER_LEAK,latin_in_cyrillic
data,bg,A2,34,Ameisen,skudras,Мравки,FAMILY_COPY_STRICT,bg+mk
data,mk,A2,34,Ameisen,skudras,Мравки,FAMILY_COPY_STRICT,bg+mk
data,fi,A2,34,Ameisen,skudras,Sipelgad,FAMILY_COPY_STRICT,fi+is+nb+nn+sv
data,is,A2,34,Ameisen,skudras,Sipelgad,FAMILY_COPY_STRICT,fi+is+nb+nn+sv
data,nb,A2,34,Ameisen,skudras,Sipelgad,FAMILY_COPY_STRICT,fi+is+nb+nn+sv
data,nn,A2,34,Ameisen,skudras,Sipelgad,FAMILY_COPY_STRICT,fi+is+nb+nn+sv
data,sv,A2,34,Ameisen,skudras,Sipelgad,FAMILY_COPY_STRICT,fi+is+nb+nn+sv
data,hr,A2,34,Ameisen,skudras,Mravi,FAMILY_COPY_STRICT,hr+sr
data,sr,A2,34,Ameisen,skudras,Mravi,FAMILY_COPY_STRICT,hr+sr
data,it,A2,34,Ameisen,skudras,Skudras,FAMILY_COPY_STRICT,it+lb+nl+pt
data,lb,A2,34,Ameisen,skudras,Skudras,FAMILY_COPY_STRICT,it+lb+nl+pt
data,nl,A2,34,Ameisen,skudras,Skudras,FAMILY_COPY_STRICT,it+lb+nl+pt
data,pt,A2,34,Ameisen,skudras,Skudras,FAMILY_COPY_STRICT,it+lb+nl+pt
data,sq,A2,34,Ameisen,skudras,Karıncalar,FAMILY_COPY_STRICT,sq+tr
data,tr,A2,34,Ameisen,skudras,Karıncalar,FAMILY_COPY_STRICT,sq+tr
data,lb,A2,35,ändern,mainīt • izmainīt,Mainīt • Izmainīt,SAME_AS_LV_CASEFOLD,casefold_only
data,lb,A2,35,ändern,mainīt • izmainīt,Mainīt • Izmainīt,LV_DIACRITIC,
data,lb,A2,35,ändern,mainīt • izmainīt,Mainīt • Izmainīt,MARKER_LEAK,lv_macron_consonant
data,nl,A2,35,ändern,mainīt • izmainīt,Mainīt • Izmainīt,SAME_AS_LV_CASEFOLD,casefold_only
data,nl,A2,35,ändern,mainīt • izmainīt,Mainīt • Izmainīt,LV_DIACRITIC,
data,nl,A2,35,ändern,mainīt • izmainīt,Mainīt • Izmainīt,MARKER_LEAK,lv_macron_consonant
data,sl,A2,35,ändern,mainīt • izmainīt,mainīt • izmainīt,SAME_AS_LV_CASEFOLD,exact
data,sl,A2,35,ändern,mainīt • izmainīt,mainīt • izmainīt,LV_DIACRITIC,
data,sl,A2,35,ändern,mainīt • izmainīt,mainīt • izmainīt,MARKER_LEAK,lv_macron_consonant
data,sq,A2,35,ändern,mainīt • izmainīt,Değiştir • Değiştir,MARKER_LEAK,tr_soft
data,sr,A2,35,ändern,mainīt • izmainīt,Naprave • Naprave,SCRIPT_MISMATCH,sr_as_cyrillic
data,sr,A2,35,ändern,mainīt • izmainīt,Naprave • Naprave,MARKER_LEAK,latin_in_cyrillic
data,fi,A2,35,ändern,mainīt • izmainīt,Muutma • Ümber muutma,FAMILY_COPY_STRICT,fi+is+nb+nn+sv
data,is,A2,35,ändern,mainīt • izmainīt,Muutma • Ümber muutma,FAMILY_COPY_STRICT,fi+is+nb+nn+sv
data,nb,A2,35,ändern,mainīt • izmainīt,Muutma • Ümber muutma,FAMILY_COPY_STRICT,fi+is+nb+nn+sv
data,nn,A2,35,ändern,mainīt • izmainīt,Muutma • Ümber muutma,FAMILY_COPY_STRICT,fi+is+nb+nn+sv
data,sv,A2,35,ändern,mainīt • izmainīt,Muutma • Ümber muutma,FAMILY_COPY_STRICT,fi+is+nb+nn+sv
data,hr,A2,35,ändern,mainīt • izmainīt,Naprave • Naprave,FAMILY_COPY_STRICT,hr+sr
data,sr,A2,35,ändern,mainīt • izmainīt,Naprave • Naprave,FAMILY_COPY_STRICT,hr+sr
data,it,A2,35,ändern,mainīt • izmainīt,Mainit • Izmainit,FAMILY_COPY_STRICT,it+pt
data,pt,A2,35,ändern,mainīt • izmainīt,Mainit • Izmainit,FAMILY_COPY_STRICT,it+pt
data,lb,A2,35,ändern,mainīt • izmainīt,Mainīt • Izmainīt,FAMILY_COPY_STRICT,lb+nl
data,nl,A2,35,ändern,mainīt • izmainīt,Mainīt • Izmainīt,FAMILY_COPY_STRICT,lb+nl
data,sq,A2,35,ändern,mainīt • izmainīt,Değiştir • Değiştir,FAMILY_COPY_STRICT,sq+tr
data,tr,A2,35,ändern,mainīt • izmainīt,Değiştir • Değiştir,FAMILY_COPY_STRICT,sq+tr
data,hr,A2,36,Änderung,izmaiņas,Промени,SCRIPT_MISMATCH,
data,hr,A2,36,Änderung,izmaiņas,Промени,MARKER_LEAK,foreign_script
data,sl,A2,36,Änderung,izmaiņas,izmaiņas,SAME_AS_LV_CASEFOLD,exact
data,sl,A2,36,Änderung,izmaiņas,izmaiņas,LV_DIACRITIC,
data,sl,A2,36,Änderung,izmaiņas,izmaiņas,MARKER_LEAK,lv_macron_consonant
data,sq,A2,36,Änderung,izmaiņas,Değişiklikler,MARKER_LEAK,tr_soft
data,bg,A2,36,Änderung,izmaiņas,Промени,FAMILY_COPY_STRICT,bg+hr+mk+sr
data,hr,A2,36,Änderung,izmaiņas,Промени,FAMILY_COPY_STRICT,bg+hr+mk+sr
data,mk,A2,36,Änderung,izmaiņas,Промени,FAMILY_COPY_STRICT,bg+hr+mk+sr
data,sr,A2,36,Änderung,izmaiņas,Промени,FAMILY_COPY_STRICT,bg+hr+mk+sr
data,fi,A2,36,Änderung,izmaiņas,Muudatus,FAMILY_COPY_STRICT,fi+sv
data,sv,A2,36,Änderung,izmaiņas,Muudatus,FAMILY_COPY_STRICT,fi+sv
data,is,A2,36,Änderung,izmaiņas,Endre status,FAMILY_COPY_STRICT,is+nb+nn
data,nb,A2,36,Änderung,izmaiņas,Endre status,FAMILY_COPY_STRICT,is+nb+nn
data,nn,A2,36,Änderung,izmaiņas,Endre status,FAMILY_COPY_STRICT,is+nb+nn
data,lb,A2,36,Änderung,izmaiņas,Veranderingen,FAMILY_COPY_STRICT,lb+nl
data,nl,A2,36,Änderung,izmaiņas,Veranderingen,FAMILY_COPY_STRICT,lb+nl
data,sq,A2,36,Änderung,izmaiņas,Değişiklikler,FAMILY_COPY_STRICT,sq+tr
data,tr,A2,36,Änderung,izmaiņas,Değişiklikler,FAMILY_COPY_STRICT,sq+tr
data,hr,A2,37,Angebot,piedāvājums,Оферта,SCRIPT_MISMATCH,
data,hr,A2,37,Angebot,piedāvājums,Оферта,MARKER_LEAK,foreign_script
data,it,A2,37,Angebot,piedāvājums,Piedāvājums,SAME_AS_LV_CASEFOLD,casefold_only
data,it,A2,37,Angebot,piedāvājums,Piedāvājums,LV_DIACRITIC,
data,it,A2,37,Angebot,piedāvājums,Piedāvājums,MARKER_LEAK,lv_macron_consonant
data,lb,A2,37,Angebot,piedāvājums,Piedāvājums,SAME_AS_LV_CASEFOLD,casefold_only
data,lb,A2,37,Angebot,piedāvājums,Piedāvājums,LV_DIACRITIC,
data,lb,A2,37,Angebot,piedāvājums,Piedāvājums,MARKER_LEAK,lv_macron_consonant
data,nl,A2,37,Angebot,piedāvājums,Piedāvājums,SAME_AS_LV_CASEFOLD,casefold_only
data,nl,A2,37,Angebot,piedāvājums,Piedāvājums,LV_DIACRITIC,
data,nl,A2,37,Angebot,piedāvājums,Piedāvājums,MARKER_LEAK,lv_macron_consonant
data,sl,A2,37,Angebot,piedāvājums,piedāvājums,SAME_AS_LV_CASEFOLD,exact
data,sl,A2,37,Angebot,piedāvājums,piedāvājums,LV_DIACRITIC,
data,sl,A2,37,Angebot,piedāvājums,piedāvājums,MARKER_LEAK,lv_macron_consonant
data,bg,A2,37,Angebot,piedāvājums,Оферта,FAMILY_COPY_STRICT,bg+hr+mk+sr
data,hr,A2,37,Angebot,piedāvājums,Оферта,FAMILY_COPY_STRICT,bg+hr+mk+sr
data,mk,A2,37,Angebot,piedāvājums,Оферта,FAMILY_COPY_STRICT,bg+hr+mk+sr
data,sr,A2,37,Angebot,piedāvājums,Оферта,FAMILY_COPY_STRICT,bg+hr+mk+sr
data,fi,A2,37,Angebot,piedāvājums,Pakkumine,FAMILY_COPY_STRICT,fi+sv
data,sv,A2,37,Angebot,piedāvājums,Pakkumine,FAMILY_COPY_STRICT,fi+sv
data,is,A2,37,Angebot,piedāvājums,Pakking,FAMILY_COPY_STRICT,is+nb+nn
data,nb,A2,37,Angebot,piedāvājums,Pakking,FAMILY_COPY_STRICT,is+nb+nn
data,nn,A2,37,Angebot,piedāvājums,Pakking,FAMILY_COPY_STRICT,is+nb+nn
data,it,A2,37,Angebot,piedāvājums,Piedāvājums,FAMILY_COPY_STRICT,it+lb+nl
data,lb,A2,37,Angebot,piedāvājums,Piedāvājums,FAMILY_COPY_STRICT,it+lb+nl
data,nl,A2,37,Angebot,piedāvājums,Piedāvājums,FAMILY_COPY_STRICT,it+lb+nl
data,sq,A2,37,Angebot,piedāvājums,Teklif,FAMILY_COPY_STRICT,sq+tr
data,tr,A2,37,Angebot,piedāvājums,Teklif,FAMILY_COPY_STRICT,sq+tr
data,hr,A2,38,angesehen,cienījams,Уважаван,SCRIPT_MISMATCH,
data,hr,A2,38,angesehen,cienījams,Уважаван,MARKER_LEAK,foreign_script
data,lb,A2,38,angesehen,cienījams,Cienījams,SAME_AS_LV_CASEFOLD,casefold_only
data,lb,A2,38,angesehen,cienījams,Cienījams,LV_DIACRITIC,
data,lb,A2,38,angesehen,cienījams,Cienījams,MARKER_LEAK,lv_macron_consonant
data,nl,A2,38,angesehen,cienījams,Cienījams,SAME_AS_LV_CASEFOLD,casefold_only
data,nl,A2,38,angesehen,cienījams,Cienījams,LV_DIACRITIC,
data,nl,A2,38,angesehen,cienījams,Cienījams,MARKER_LEAK,lv_macron_consonant
data,sl,A2,38,angesehen,cienījams,cienījams,SAME_AS_LV_CASEFOLD,exact
data,sl,A2,38,angesehen,cienījams,cienījams,LV_DIACRITIC,
data,sl,A2,38,angesehen,cienījams,cienījams,MARKER_LEAK,lv_macron_consonant
data,bg,A2,38,angesehen,cienījams,Уважаван,FAMILY_COPY_STRICT,bg+hr+mk+sr
data,hr,A2,38,angesehen,cienījams,Уважаван,FAMILY_COPY_STRICT,bg+hr+mk+sr
data,mk,A2,38,angesehen,cienījams,Уважаван,FAMILY_COPY_STRICT,bg+hr+mk+sr
data,sr,A2,38,angesehen,cienījams,Уважаван,FAMILY_COPY_STRICT,bg+hr+mk+sr
data,en,A2,38,angesehen,cienījams,Respectable,FAMILY_COPY_STRICT,en+fr
data,fr,A2,38,angesehen,cienījams,Respectable,FAMILY_COPY_STRICT,en+fr
data,fi,A2,38,angesehen,cienījams,Lugupeetud,FAMILY_COPY_STRICT,fi+sv
data,sv,A2,38,angesehen,cienījams,Lugupeetud,FAMILY_COPY_STRICT,fi+sv
data,is,A2,38,angesehen,cienījams,Lugopeetud,FAMILY_COPY_STRICT,is+nb+nn
data,nb,A2,38,angesehen,cienījams,Lugopeetud,FAMILY_COPY_STRICT,is+nb+nn
data,nn,A2,38,angesehen,cienījams,Lugopeetud,FAMILY_COPY_STRICT,is+nb+nn
data,it,A2,38,angesehen,cienījams,Cienijams,FAMILY_COPY_STRICT,it+pt
data,pt,A2,38,angesehen,cienījams,Cienijams,FAMILY_COPY_STRICT,it+pt
data,lb,A2,38,angesehen,cienījams,Cienījams,FAMILY_COPY_STRICT,lb+nl
data,nl,A2,38,angesehen,cienījams,Cienījams,FAMILY_COPY_STRICT,lb+nl
data,sq,A2,38,angesehen,cienījams,Cidden,FAMILY_COPY_STRICT,sq+tr
data,tr,A2,38,angesehen,cienījams,Cidden,FAMILY_COPY_STRICT,sq+tr
data,hr,A2,39,angespannt,saspringts,Напрегнато,SCRIPT_MISMATCH,
data,hr,A2,39,angespannt,saspringts,Напрегнато,MARKER_LEAK,foreign_script
data,it,A2,39,angespannt,saspringts,Saspringts,SAME_AS_LV_CASEFOLD,casefold_only
data,nl,A2,39,angespannt,saspringts,Saspringts,SAME_AS_LV_CASEFOLD,casefold_only
data,sl,A2,39,angespannt,saspringts,saspringts,SAME_AS_LV_CASEFOLD,exact
data,sq,A2,39,angespannt,saspringts,Sıkı,MARKER_LEAK,tr_soft
data,bg,A2,39,angespannt,saspringts,Напрегнато,FAMILY_COPY_STRICT,bg+hr+mk+sr
data,hr,A2,39,angespannt,saspringts,Напрегнато,FAMILY_COPY_STRICT,bg+hr+mk+sr
data,mk,A2,39,angespannt,saspringts,Напрегнато,FAMILY_COPY_STRICT,bg+hr+mk+sr
data,sr,A2,39,angespannt,saspringts,Напрегнато,FAMILY_COPY_STRICT,bg+hr+mk+sr
data,fi,A2,39,angespannt,saspringts,Pingeline,FAMILY_COPY_STRICT,fi+is+nb+nn+sv
data,is,A2,39,angespannt,saspringts,Pingeline,FAMILY_COPY_STRICT,fi+is+nb+nn+sv
data,nb,A2,39,angespannt,saspringts,Pingeline,FAMILY_COPY_STRICT,fi+is+nb+nn+sv
data,nn,A2,39,angespannt,saspringts,Pingeline,FAMILY_COPY_STRICT,fi+is+nb+nn+sv
data,sv,A2,39,angespannt,saspringts,Pingeline,FAMILY_COPY_STRICT,fi+is+nb+nn+sv
data,it,A2,39,angespannt,saspringts,Saspringts,FAMILY_COPY_STRICT,it+nl
data,nl,A2,39,angespannt,saspringts,Saspringts,FAMILY_COPY_STRICT,it+nl
data,sq,A2,39,angespannt,saspringts,Sıkı,FAMILY_COPY_STRICT,sq+tr
data,tr,A2,39,angespannt,saspringts,Sıkı,FAMILY_COPY_STRICT,sq+tr
data,it,A2,40,Angestellte,darbinieks,Darbinieks,SAME_AS_LV_CASEFOLD,casefold_only
data,lb,A2,40,Angestellte,darbinieks,Darbinieks,SAME_AS_LV_CASEFOLD,casefold_only
data,nl,A2,40,Angestellte,darbinieks,Darbinieks,SAME_AS_LV_CASEFOLD,casefold_only
data,sl,A2,40,Angestellte,darbinieks,darbinieks,SAME_AS_LV_CASEFOLD,exact
data,sq,A2,40,Angestellte,darbinieks,Çalışan,MARKER_LEAK,tr_soft
data,sr,A2,40,Angestellte,darbinieks,Delavec,SCRIPT_MISMATCH,sr_as_cyrillic
data,sr,A2,40,Angestellte,darbinieks,Delavec,MARKER_LEAK,latin_in_cyrillic
data,bg,A2,40,Angestellte,darbinieks,Служител,FAMILY_COPY_STRICT,bg+mk
data,mk,A2,40,Angestellte,darbinieks,Служител,FAMILY_COPY_STRICT,bg+mk
data,fi,A2,40,Angestellte,darbinieks,Töötaja,FAMILY_COPY_STRICT,fi+is+nb+nn+sv
data,is,A2,40,Angestellte,darbinieks,Töötaja,FAMILY_COPY_STRICT,fi+is+nb+nn+sv
data,nb,A2,40,Angestellte,darbinieks,Töötaja,FAMILY_COPY_STRICT,fi+is+nb+nn+sv
data,nn,A2,40,Angestellte,darbinieks,Töötaja,FAMILY_COPY_STRICT,fi+is+nb+nn+sv
data,sv,A2,40,Angestellte,darbinieks,Töötaja,FAMILY_COPY_STRICT,fi+is+nb+nn+sv
data,hr,A2,40,Angestellte,darbinieks,Delavec,FAMILY_COPY_STRICT,hr+sr
data,sr,A2,40,Angestellte,darbinieks,Delavec,FAMILY_COPY_STRICT,hr+sr
data,it,A2,40,Angestellte,darbinieks,Darbinieks,FAMILY_COPY_STRICT,it+lb+nl
data,lb,A2,40,Angestellte,darbinieks,Darbinieks,FAMILY_COPY_STRICT,it+lb+nl
data,nl,A2,40,Angestellte,darbinieks,Darbinieks,FAMILY_COPY_STRICT,it+lb+nl
data,sq,A2,40,Angestellte,darbinieks,Çalışan,FAMILY_COPY_STRICT,sq+tr
data,tr,A2,40,Angestellte,darbinieks,Çalışan,FAMILY_COPY_STRICT,sq+tr
data,hr,A2,41,angewandt,pielietots • lietišķs • praktisks,Приложен • Приложен • Практичен,SCRIPT_MISMATCH,
data,hr,A2,41,angewandt,pielietots • lietišķs • praktisks,Приложен • Приложен • Практичен,MARKER_LEAK,foreign_script
data,lb,A2,41,angewandt,pielietots • lietišķs • praktisks,Pielietots • Lietišķs • Praktisks,SAME_AS_LV_CASEFOLD,casefold_only
data,lb,A2,41,angewandt,pielietots • lietišķs • praktisks,Pielietots • Lietišķs • Praktisks,LV_DIACRITIC,
data,lb,A2,41,angewandt,pielietots • lietišķs • praktisks,Pielietots • Lietišķs • Praktisks,MARKER_LEAK,lv_macron_consonant
data,nl,A2,41,angewandt,pielietots • lietišķs • praktisks,Pielietots • Lietišķs • Praktisks,SAME_AS_LV_CASEFOLD,casefold_only
data,nl,A2,41,angewandt,pielietots • lietišķs • praktisks,Pielietots • Lietišķs • Praktisks,LV_DIACRITIC,
data,nl,A2,41,angewandt,pielietots • lietišķs • praktisks,Pielietots • Lietišķs • Praktisks,MARKER_LEAK,lv_macron_consonant
data,sl,A2,41,angewandt,pielietots • lietišķs • praktisks,pielietots • lietišķs • praktisks,SAME_AS_LV_CASEFOLD,exact
data,sl,A2,41,angewandt,pielietots • lietišķs • praktisks,pielietots • lietišķs • praktisks,LV_DIACRITIC,
data,sl,A2,41,angewandt,pielietots • lietišķs • praktisks,pielietots • lietišķs • praktisks,MARKER_LEAK,lv_macron_consonant
data,bg,A2,41,angewandt,pielietots • lietišķs • praktisks,Приложен • Приложен • Практичен,FAMILY_COPY_STRICT,bg+hr+mk+sr
data,hr,A2,41,angewandt,pielietots • lietišķs • praktisks,Приложен • Приложен • Практичен,FAMILY_COPY_STRICT,bg+hr+mk+sr
data,mk,A2,41,angewandt,pielietots • lietišķs • praktisks,Приложен • Приложен • Практичен,FAMILY_COPY_STRICT,bg+hr+mk+sr
data,sr,A2,41,angewandt,pielietots • lietišķs • praktisks,Приложен • Приложен • Практичен,FAMILY_COPY_STRICT,bg+hr+mk+sr
data,fi,A2,41,angewandt,pielietots • lietišķs • praktisks,Rakendatud • Rakenduslik • Praktiline,FAMILY_COPY_STRICT,fi+sv
data,sv,A2,41,angewandt,pielietots • lietišķs • praktisks,Rakendatud • Rakenduslik • Praktiline,FAMILY_COPY_STRICT,fi+sv
data,is,A2,41,angewandt,pielietots • lietišķs • praktisks,Rakedendu • Rakenduslik • Praktiline,FAMILY_COPY_STRICT,is+nb+nn
data,nb,A2,41,angewandt,pielietots • lietišķs • praktisks,Rakedendu • Rakenduslik • Praktiline,FAMILY_COPY_STRICT,is+nb+nn
data,nn,A2,41,angewandt,pielietots • lietišķs • praktisks,Rakedendu • Rakenduslik • Praktiline,FAMILY_COPY_STRICT,is+nb+nn
data,lb,A2,41,angewandt,pielietots • lietišķs • praktisks,Pielietots • Lietišķs • Praktisks,FAMILY_COPY_STRICT,lb+nl
data,nl,A2,41,angewandt,pielietots • lietišķs • praktisks,Pielietots • Lietišķs • Praktisks,FAMILY_COPY_STRICT,lb+nl
data,hr,A2,42,angreifen,uzbrukt,Атака,SCRIPT_MISMATCH,
data,hr,A2,42,angreifen,uzbrukt,Атака,MARKER_LEAK,foreign_script
data,lb,A2,42,angreifen,uzbrukt,Uzbrukt,SAME_AS_LV_CASEFOLD,casefold_only
data,nl,A2,42,angreifen,uzbrukt,Uzbrukt,SAME_AS_LV_CASEFOLD,casefold_only
data,sl,A2,42,angreifen,uzbrukt,uzbrukt,SAME_AS_LV_CASEFOLD,exact
data,bg,A2,42,angreifen,uzbrukt,Атака,FAMILY_COPY_STRICT,bg+hr+mk+sr
data,hr,A2,42,angreifen,uzbrukt,Атака,FAMILY_COPY_STRICT,bg+hr+mk+sr
data,mk,A2,42,angreifen,uzbrukt,Атака,FAMILY_COPY_STRICT,bg+hr+mk+sr
data,sr,A2,42,angreifen,uzbrukt,Атака,FAMILY_COPY_STRICT,bg+hr+mk+sr
data,fi,A2,42,angreifen,uzbrukt,Ründama,FAMILY_COPY_STRICT,fi+sv
data,sv,A2,42,angreifen,uzbrukt,Ründama,FAMILY_COPY_STRICT,fi+sv
data,is,A2,42,angreifen,uzbrukt,Rundama,FAMILY_COPY_STRICT,is+nb+nn
data,nb,A2,42,angreifen,uzbrukt,Rundama,FAMILY_COPY_STRICT,is+nb+nn
data,nn,A2,42,angreifen,uzbrukt,Rundama,FAMILY_COPY_STRICT,is+nb+nn
data,it,A2,42,angreifen,uzbrukt,Ouzbrukt,FAMILY_COPY_STRICT,it+pt
data,pt,A2,42,angreifen,uzbrukt,Ouzbrukt,FAMILY_COPY_STRICT,it+pt
data,lb,A2,42,angreifen,uzbrukt,Uzbrukt,FAMILY_COPY_STRICT,lb+nl
data,nl,A2,42,angreifen,uzbrukt,Uzbrukt,FAMILY_COPY_STRICT,lb+nl
data,hr,A2,43,Angriff,uzbrukums,Атака,SCRIPT_MISMATCH,
data,hr,A2,43,Angriff,uzbrukums,Атака,MARKER_LEAK,foreign_script
data,lb,A2,43,Angriff,uzbrukums,Uzbrukums,SAME_AS_LV_CASEFOLD,casefold_only
data,nl,A2,43,Angriff,uzbrukums,Uzbrukums,SAME_AS_LV_CASEFOLD,casefold_only
data,sl,A2,43,Angriff,uzbrukums,uzbrukums,SAME_AS_LV_CASEFOLD,exact
data,bg,A2,43,Angriff,uzbrukums,Атака,FAMILY_COPY_STRICT,bg+hr+mk+sr
data,hr,A2,43,Angriff,uzbrukums,Атака,FAMILY_COPY_STRICT,bg+hr+mk+sr
data,mk,A2,43,Angriff,uzbrukums,Атака,FAMILY_COPY_STRICT,bg+hr+mk+sr
data,sr,A2,43,Angriff,uzbrukums,Атака,FAMILY_COPY_STRICT,bg+hr+mk+sr
data,cs,A2,43,Angriff,uzbrukums,Útok,FAMILY_COPY_STRICT,cs+sk
data,sk,A2,43,Angriff,uzbrukums,Útok,FAMILY_COPY_STRICT,cs+sk
data,fi,A2,43,Angriff,uzbrukums,Rünnak,FAMILY_COPY_STRICT,fi+sv
data,sv,A2,43,Angriff,uzbrukums,Rünnak,FAMILY_COPY_STRICT,fi+sv
data,is,A2,43,Angriff,uzbrukums,Runnak,FAMILY_COPY_STRICT,is+nb+nn
data,nb,A2,43,Angriff,uzbrukums,Runnak,FAMILY_COPY_STRICT,is+nb+nn
data,nn,A2,43,Angriff,uzbrukums,Runnak,FAMILY_COPY_STRICT,is+nb+nn
data,it,A2,43,Angriff,uzbrukums,Ouzbroukum,FAMILY_COPY_STRICT,it+pt
data,pt,A2,43,Angriff,uzbrukums,Ouzbroukum,FAMILY_COPY_STRICT,it+pt
data,lb,A2,43,Angriff,uzbrukums,Uzbrukums,FAMILY_COPY_STRICT,lb+nl
data,nl,A2,43,Angriff,uzbrukums,Uzbrukums,FAMILY_COPY_STRICT,lb+nl
data,lb,A2,44,Anhänger,piekabe • piekritējs • kulons,Piekabe • Piekritējs • Kulons,SAME_AS_LV_CASEFOLD,casefold_only
data,lb,A2,44,Anhänger,piekabe • piekritējs • kulons,Piekabe • Piekritējs • Kulons,LV_DIACRITIC,
data,lb,A2,44,Anhänger,piekabe • piekritējs • kulons,Piekabe • Piekritējs • Kulons,MARKER_LEAK,lv_macron_consonant
data,nl,A2,44,Anhänger,piekabe • piekritējs • kulons,Piekabe • Piekritējs • Kulons,SAME_AS_LV_CASEFOLD,casefold_only
data,nl,A2,44,Anhänger,piekabe • piekritējs • kulons,Piekabe • Piekritējs • Kulons,LV_DIACRITIC,
data,nl,A2,44,Anhänger,piekabe • piekritējs • kulons,Piekabe • Piekritējs • Kulons,MARKER_LEAK,lv_macron_consonant
data,sl,A2,44,Anhänger,piekabe • piekritējs • kulons,piekabe • piekritējs • kulons,SAME_AS_LV_CASEFOLD,exact
data,sl,A2,44,Anhänger,piekabe • piekritējs • kulons,piekabe • piekritējs • kulons,LV_DIACRITIC,
data,sl,A2,44,Anhänger,piekabe • piekritējs • kulons,piekabe • piekritējs • kulons,MARKER_LEAK,lv_macron_consonant
data,sr,A2,44,Anhänger,piekabe • piekritējs • kulons,Remarke • Podpora • Okačnaâ,LV_DIACRITIC,
data,sr,A2,44,Anhänger,piekabe • piekritējs • kulons,Remarke • Podpora • Okačnaâ,SCRIPT_MISMATCH,sr_as_cyrillic
data,sr,A2,44,Anhänger,piekabe • piekritējs • kulons,Remarke • Podpora • Okačnaâ,MARKER_LEAK,latin_in_cyrillic
data,bg,A2,44,Anhänger,piekabe • piekritējs • kulons,Ремарке • Подпора • Окачване,FAMILY_COPY_STRICT,bg+mk
data,mk,A2,44,Anhänger,piekabe • piekritējs • kulons,Ремарке • Подпора • Окачване,FAMILY_COPY_STRICT,bg+mk
data,fi,A2,44,Anhänger,piekabe • piekritējs • kulons,Haagis • Pooldaja • Ripats,FAMILY_COPY_STRICT,fi+sv
data,sv,A2,44,Anhänger,piekabe • piekritējs • kulons,Haagis • Pooldaja • Ripats,FAMILY_COPY_STRICT,fi+sv
data,hr,A2,44,Anhänger,piekabe • piekritējs • kulons,Remarke • Podpora • Okačnaâ,FAMILY_COPY_STRICT,hr+sr
data,sr,A2,44,Anhänger,piekabe • piekritējs • kulons,Remarke • Podpora • Okačnaâ,FAMILY_COPY_STRICT,hr+sr
data,is,A2,44,Anhänger,piekabe • piekritējs • kulons,Haagis • Pool daja • Ripats,FAMILY_COPY_STRICT,is+nb+nn
data,nb,A2,44,Anhänger,piekabe • piekritējs • kulons,Haagis • Pool daja • Ripats,FAMILY_COPY_STRICT,is+nb+nn
data,nn,A2,44,Anhänger,piekabe • piekritējs • kulons,Haagis • Pool daja • Ripats,FAMILY_COPY_STRICT,is+nb+nn
data,it,A2,44,Anhänger,piekabe • piekritējs • kulons,Piekabe • Piekritejs • Kulons,FAMILY_COPY_STRICT,it+pt
data,pt,A2,44,Anhänger,piekabe • piekritējs • kulons,Piekabe • Piekritejs • Kulons,FAMILY_COPY_STRICT,it+pt
data,lb,A2,44,Anhänger,piekabe • piekritējs • kulons,Piekabe • Piekritējs • Kulons,FAMILY_COPY_STRICT,lb+nl
data,nl,A2,44,Anhänger,piekabe • piekritējs • kulons,Piekabe • Piekritējs • Kulons,FAMILY_COPY_STRICT,lb+nl
data,pl,A2,44,Anhänger,piekabe • piekritējs • kulons,Przyczepa • Wspornik • Zawieszka,FAMILY_COPY_STRICT,pl+sq+tr
data,sq,A2,44,Anhänger,piekabe • piekritējs • kulons,Przyczepa • Wspornik • Zawieszka,FAMILY_COPY_STRICT,pl+sq+tr
data,tr,A2,44,Anhänger,piekabe • piekritējs • kulons,Przyczepa • Wspornik • Zawieszka,FAMILY_COPY_STRICT,pl+sq+tr
data,hr,A2,45,anheizen,iekurt,Свети,SCRIPT_MISMATCH,
data,hr,A2,45,anheizen,iekurt,Свети,MARKER_LEAK,foreign_script
data,it,A2,45,anheizen,iekurt,Iekurt,SAME_AS_LV_CASEFOLD,casefold_only
data,nl,A2,45,anheizen,iekurt,Iekurt,SAME_AS_LV_CASEFOLD,casefold_only
data,pt,A2,45,anheizen,iekurt,Iekurt,SAME_AS_LV_CASEFOLD,casefold_only
data,sl,A2,45,anheizen,iekurt,iekurt,SAME_AS_LV_CASEFOLD,exact
data,bg,A2,45,anheizen,iekurt,Свети,FAMILY_COPY_STRICT,bg+hr+mk+sr
data,hr,A2,45,anheizen,iekurt,Свети,FAMILY_COPY_STRICT,bg+hr+mk+sr
data,mk,A2,45,anheizen,iekurt,Свети,FAMILY_COPY_STRICT,bg+hr+mk+sr
data,sr,A2,45,anheizen,iekurt,Свети,FAMILY_COPY_STRICT,bg+hr+mk+sr
data,da,A2,45,anheizen,iekurt,Kindle,FAMILY_COPY_STRICT,da+en+sk
data,en,A2,45,anheizen,iekurt,Kindle,FAMILY_COPY_STRICT,da+en+sk
data,sk,A2,45,anheizen,iekurt,Kindle,FAMILY_COPY_STRICT,da+en+sk
data,fi,A2,45,anheizen,iekurt,Üles kütma,FAMILY_COPY_STRICT,fi+is+nb+nn+sv
data,is,A2,45,anheizen,iekurt,Üles kütma,FAMILY_COPY_STRICT,fi+is+nb+nn+sv
data,nb,A2,45,anheizen,iekurt,Üles kütma,FAMILY_COPY_STRICT,fi+is+nb+nn+sv
data,nn,A2,45,anheizen,iekurt,Üles kütma,FAMILY_COPY_STRICT,fi+is+nb+nn+sv
data,sv,A2,45,anheizen,iekurt,Üles kütma,FAMILY_COPY_STRICT,fi+is+nb+nn+sv
data,it,A2,45,anheizen,iekurt,Iekurt,FAMILY_COPY_STRICT,it+nl+pt
data,nl,A2,45,anheizen,iekurt,Iekurt,FAMILY_COPY_STRICT,it+nl+pt
data,pt,A2,45,anheizen,iekurt,Iekurt,FAMILY_COPY_STRICT,it+nl+pt
data,sq,A2,45,anheizen,iekurt,Tutuşmak,FAMILY_COPY_STRICT,sq+tr
data,tr,A2,45,anheizen,iekurt,Tutuşmak,FAMILY_COPY_STRICT,sq+tr
data,it,A2,46,Anker,enkurs,Enkurs,SAME_AS_LV_CASEFOLD,casefold_only
data,lb,A2,46,Anker,enkurs,Enkurs,SAME_AS_LV_CASEFOLD,casefold_only
data,nl,A2,46,Anker,enkurs,Enkurs,SAME_AS_LV_CASEFOLD,casefold_only
data,pt,A2,46,Anker,enkurs,Enkurs,SAME_AS_LV_CASEFOLD,casefold_only
data,sl,A2,46,Anker,enkurs,enkurs,SAME_AS_LV_CASEFOLD,exact
data,sr,A2,46,Anker,enkurs,Sidro,SCRIPT_MISMATCH,sr_as_cyrillic
data,sr,A2,46,Anker,enkurs,Sidro,MARKER_LEAK,latin_in_cyrillic
data,bg,A2,46,Anker,enkurs,Котва,FAMILY_COPY_STRICT,bg+mk
data,mk,A2,46,Anker,enkurs,Котва,FAMILY_COPY_STRICT,bg+mk
data,cs,A2,46,Anker,enkurs,Kotva,FAMILY_COPY_STRICT,cs+sk
data,sk,A2,46,Anker,enkurs,Kotva,FAMILY_COPY_STRICT,cs+sk
data,fi,A2,46,Anker,enkurs,Ankur,FAMILY_COPY_STRICT,fi+sv
data,sv,A2,46,Anker,enkurs,Ankur,FAMILY_COPY_STRICT,fi+sv
data,hr,A2,46,Anker,enkurs,Sidro,FAMILY_COPY_STRICT,hr+sr
data,sr,A2,46,Anker,enkurs,Sidro,FAMILY_COPY_STRICT,hr+sr
data,it,A2,46,Anker,enkurs,Enkurs,FAMILY_COPY_STRICT,it+lb+nl+pt
data,lb,A2,46,Anker,enkurs,Enkurs,FAMILY_COPY_STRICT,it+lb+nl+pt
data,nl,A2,46,Anker,enkurs,Enkurs,FAMILY_COPY_STRICT,it+lb+nl+pt
data,pt,A2,46,Anker,enkurs,Enkurs,FAMILY_COPY_STRICT,it+lb+nl+pt
data,pl,A2,46,Anker,enkurs,Kotwica,FAMILY_COPY_STRICT,pl+sq+tr
data,sq,A2,46,Anker,enkurs,Kotwica,FAMILY_COPY_STRICT,pl+sq+tr
data,tr,A2,46,Anker,enkurs,Kotwica,FAMILY_COPY_STRICT,pl+sq+tr
data,hr,A2,47,Anklage,apsūdzība,Обвинение,SCRIPT_MISMATCH,
data,hr,A2,47,Anklage,apsūdzība,Обвинение,MARKER_LEAK,foreign_script
data,it,A2,47,Anklage,apsūdzība,Apsūdzība,SAME_AS_LV_CASEFOLD,casefold_only
data,it,A2,47,Anklage,apsūdzība,Apsūdzība,LV_DIACRITIC,
data,it,A2,47,Anklage,apsūdzība,Apsūdzība,MARKER_LEAK,lv_macron_consonant+lv_u_macron
data,lb,A2,47,Anklage,apsūdzība,Apsūdzība,SAME_AS_LV_CASEFOLD,casefold_only
data,lb,A2,47,Anklage,apsūdzība,Apsūdzība,LV_DIACRITIC,
data,lb,A2,47,Anklage,apsūdzība,Apsūdzība,MARKER_LEAK,lv_macron_consonant+lv_u_macron
data,nl,A2,47,Anklage,apsūdzība,Apsūdzība,SAME_AS_LV_CASEFOLD,casefold_only
data,nl,A2,47,Anklage,apsūdzība,Apsūdzība,LV_DIACRITIC,
data,nl,A2,47,Anklage,apsūdzība,Apsūdzība,MARKER_LEAK,lv_macron_consonant+lv_u_macron
data,sl,A2,47,Anklage,apsūdzība,apsūdzība,SAME_AS_LV_CASEFOLD,exact
data,sl,A2,47,Anklage,apsūdzība,apsūdzība,LV_DIACRITIC,
data,sl,A2,47,Anklage,apsūdzība,apsūdzība,MARKER_LEAK,lv_macron_consonant+lv_u_macron
data,sq,A2,47,Anklage,apsūdzība,İddianame,MARKER_LEAK,tr_soft
data,bg,A2,47,Anklage,apsūdzība,Обвинение,FAMILY_COPY_STRICT,bg+hr+mk+ru+sr
data,hr,A2,47,Anklage,apsūdzība,Обвинение,FAMILY_COPY_STRICT,bg+hr+mk+ru+sr
data,mk,A2,47,Anklage,apsūdzība,Обвинение,FAMILY_COPY_STRICT,bg+hr+mk+ru+sr
data,ru,A2,47,Anklage,apsūdzība,Обвинение,FAMILY_COPY_STRICT,bg+hr+mk+ru+sr
data,sr,A2,47,Anklage,apsūdzība,Обвинение,FAMILY_COPY_STRICT,bg+hr+mk+ru+sr
data,fi,A2,47,Anklage,apsūdzība,Süüdistus,FAMILY_COPY_STRICT,fi+sv
data,sv,A2,47,Anklage,apsūdzība,Süüdistus,FAMILY_COPY_STRICT,fi+sv
data,is,A2,47,Anklage,apsūdzība,Süydistus,FAMILY_COPY_STRICT,is+nb+nn
data,nb,A2,47,Anklage,apsūdzība,Süydistus,FAMILY_COPY_STRICT,is+nb+nn
data,nn,A2,47,Anklage,apsūdzība,Süydistus,FAMILY_COPY_STRICT,is+nb+nn
data,it,A2,47,Anklage,apsūdzība,Apsūdzība,FAMILY_COPY_STRICT,it+lb+nl
data,lb,A2,47,Anklage,apsūdzība,Apsūdzība,FAMILY_COPY_STRICT,it+lb+nl
data,nl,A2,47,Anklage,apsūdzība,Apsūdzība,FAMILY_COPY_STRICT,it+lb+nl
data,sq,A2,47,Anklage,apsūdzība,İddianame,FAMILY_COPY_STRICT,sq+tr
data,tr,A2,47,Anklage,apsūdzība,İddianame,FAMILY_COPY_STRICT,sq+tr
data,hr,A2,48,anklagen,apsūdzēt,Обвинявай,SCRIPT_MISMATCH,
data,hr,A2,48,anklagen,apsūdzēt,Обвинявай,MARKER_LEAK,foreign_script
data,it,A2,48,anklagen,apsūdzēt,Apsūdzet,LV_DIACRITIC,
data,it,A2,48,anklagen,apsūdzēt,Apsūdzet,MARKER_LEAK,lv_u_macron
data,lb,A2,48,anklagen,apsūdzēt,Apsūdzēt,SAME_AS_LV_CASEFOLD,casefold_only
data,lb,A2,48,anklagen,apsūdzēt,Apsūdzēt,LV_DIACRITIC,
data,lb,A2,48,anklagen,apsūdzēt,Apsūdzēt,MARKER_LEAK,lv_macron_consonant+lv_u_macron
data,nl,A2,48,anklagen,apsūdzēt,Apsūdzēt,SAME_AS_LV_CASEFOLD,casefold_only
data,nl,A2,48,anklagen,apsūdzēt,Apsūdzēt,LV_DIACRITIC,
data,nl,A2,48,anklagen,apsūdzēt,Apsūdzēt,MARKER_LEAK,lv_macron_consonant+lv_u_macron
data,sl,A2,48,anklagen,apsūdzēt,apsūdzēt,SAME_AS_LV_CASEFOLD,exact
data,sl,A2,48,anklagen,apsūdzēt,apsūdzēt,LV_DIACRITIC,
data,sl,A2,48,anklagen,apsūdzēt,apsūdzēt,MARKER_LEAK,lv_macron_consonant+lv_u_macron
data,bg,A2,48,anklagen,apsūdzēt,Обвинявай,FAMILY_COPY_STRICT,bg+hr+mk+sr
data,hr,A2,48,anklagen,apsūdzēt,Обвинявай,FAMILY_COPY_STRICT,bg+hr+mk+sr
data,mk,A2,48,anklagen,apsūdzēt,Обвинявай,FAMILY_COPY_STRICT,bg+hr+mk+sr
data,sr,A2,48,anklagen,apsūdzēt,Обвинявай,FAMILY_COPY_STRICT,bg+hr+mk+sr
data,fi,A2,48,anklagen,apsūdzēt,Süüdistama,FAMILY_COPY_STRICT,fi+sv
data,sv,A2,48,anklagen,apsūdzēt,Süüdistama,FAMILY_COPY_STRICT,fi+sv
data,is,A2,48,anklagen,apsūdzēt,Sørlendinger,FAMILY_COPY_STRICT,is+nb+nn
data,nb,A2,48,anklagen,apsūdzēt,Sørlendinger,FAMILY_COPY_STRICT,is+nb+nn
data,nn,A2,48,anklagen,apsūdzēt,Sørlendinger,FAMILY_COPY_STRICT,is+nb+nn
data,lb,A2,48,anklagen,apsūdzēt,Apsūdzēt,FAMILY_COPY_STRICT,lb+nl
data,nl,A2,48,anklagen,apsūdzēt,Apsūdzēt,FAMILY_COPY_STRICT,lb+nl
data,sq,A2,48,anklagen,apsūdzēt,Suçlamak,FAMILY_COPY_STRICT,sq+tr
data,tr,A2,48,anklagen,apsūdzēt,Suçlamak,FAMILY_COPY_STRICT,sq+tr
data,hr,A2,49,ankleiden,apģērbt,Рокля,SCRIPT_MISMATCH,
data,hr,A2,49,ankleiden,apģērbt,Рокля,MARKER_LEAK,foreign_script
data,nl,A2,49,ankleiden,apģērbt,Apģērbt,SAME_AS_LV_CASEFOLD,casefold_only
data,nl,A2,49,ankleiden,apģērbt,Apģērbt,LV_DIACRITIC,
data,nl,A2,49,ankleiden,apģērbt,Apģērbt,MARKER_LEAK,lv_macron_consonant
data,sl,A2,49,ankleiden,apģērbt,apģērbt,SAME_AS_LV_CASEFOLD,exact
data,sl,A2,49,ankleiden,apģērbt,apģērbt,LV_DIACRITIC,
data,sl,A2,49,ankleiden,apģērbt,apģērbt,MARKER_LEAK,lv_macron_consonant
data,bg,A2,49,ankleiden,apģērbt,Рокля,FAMILY_COPY_STRICT,bg+hr+mk+sr
data,hr,A2,49,ankleiden,apģērbt,Рокля,FAMILY_COPY_STRICT,bg+hr+mk+sr
data,mk,A2,49,ankleiden,apģērbt,Рокля,FAMILY_COPY_STRICT,bg+hr+mk+sr
data,sr,A2,49,ankleiden,apģērbt,Рокля,FAMILY_COPY_STRICT,bg+hr+mk+sr
data,fi,A2,49,ankleiden,apģērbt,Riietama,FAMILY_COPY_STRICT,fi+is+nb+nn+sv
data,is,A2,49,ankleiden,apģērbt,Riietama,FAMILY_COPY_STRICT,fi+is+nb+nn+sv
data,nb,A2,49,ankleiden,apģērbt,Riietama,FAMILY_COPY_STRICT,fi+is+nb+nn+sv
data,nn,A2,49,ankleiden,apģērbt,Riietama,FAMILY_COPY_STRICT,fi+is+nb+nn+sv
data,sv,A2,49,ankleiden,apģērbt,Riietama,FAMILY_COPY_STRICT,fi+is+nb+nn+sv
data,fi,A2,50,anklicken,noklikšķināt,Klõpsama,MARKER_LEAK,et_otilde
data,hr,A2,50,anklicken,noklikšķināt,Кликнете,SCRIPT_MISMATCH,
data,hr,A2,50,anklicken,noklikšķināt,Кликнете,MARKER_LEAK,foreign_script
data,it,A2,50,anklicken,noklikšķināt,Noklikšųināt,LV_DIACRITIC,
data,it,A2,50,anklicken,noklikšķināt,Noklikšųināt,MARKER_LEAK,lv_macron_consonant
data,lb,A2,50,anklicken,noklikšķināt,Noklikšķināt,SAME_AS_LV_CASEFOLD,casefold_only
data,lb,A2,50,anklicken,noklikšķināt,Noklikšķināt,LV_DIACRITIC,
data,lb,A2,50,anklicken,noklikšķināt,Noklikšķināt,MARKER_LEAK,lv_macron_consonant
data,nl,A2,50,anklicken,noklikšķināt,Noklikšķināt,SAME_AS_LV_CASEFOLD,casefold_only
data,nl,A2,50,anklicken,noklikšķināt,Noklikšķināt,LV_DIACRITIC,
data,nl,A2,50,anklicken,noklikšķināt,Noklikšķināt,MARKER_LEAK,lv_macron_consonant
data,pt,A2,50,anklicken,noklikšķināt,Noklikšųināt,LV_DIACRITIC,
data,pt,A2,50,anklicken,noklikšķināt,Noklikšųināt,MARKER_LEAK,lv_macron_consonant
data,sl,A2,50,anklicken,noklikšķināt,noklikšķināt,SAME_AS_LV_CASEFOLD,exact
data,sl,A2,50,anklicken,noklikšķināt,noklikšķināt,LV_DIACRITIC,
data,sl,A2,50,anklicken,noklikšķināt,noklikšķināt,MARKER_LEAK,lv_macron_consonant
data,sq,A2,50,anklicken,noklikšķināt,Tıklamak,MARKER_LEAK,tr_soft
data,sv,A2,50,anklicken,noklikšķināt,Klõpsama,MARKER_LEAK,et_otilde
data,bg,A2,50,anklicken,noklikšķināt,Кликнете,FAMILY_COPY_STRICT,bg+hr+mk+sr
data,hr,A2,50,anklicken,noklikšķināt,Кликнете,FAMILY_COPY_STRICT,bg+hr+mk+sr
data,mk,A2,50,anklicken,noklikšķināt,Кликнете,FAMILY_COPY_STRICT,bg+hr+mk+sr
data,sr,A2,50,anklicken,noklikšķināt,Кликнете,FAMILY_COPY_STRICT,bg+hr+mk+sr
data,fi,A2,50,anklicken,noklikšķināt,Klõpsama,FAMILY_COPY_STRICT,fi+sv
data,sv,A2,50,anklicken,noklikšķināt,Klõpsama,FAMILY_COPY_STRICT,fi+sv
data,is,A2,50,anklicken,noklikšķināt,Klopsama,FAMILY_COPY_STRICT,is+nb+nn
data,nb,A2,50,anklicken,noklikšķināt,Klopsama,FAMILY_COPY_STRICT,is+nb+nn
data,nn,A2,50,anklicken,noklikšķināt,Klopsama,FAMILY_COPY_STRICT,is+nb+nn
data,it,A2,50,anklicken,noklikšķināt,Noklikšųināt,FAMILY_COPY_STRICT,it+pt
data,pt,A2,50,anklicken,noklikšķināt,Noklikšųināt,FAMILY_COPY_STRICT,it+pt
data,lb,A2,50,anklicken,noklikšķināt,Noklikšķināt,FAMILY_COPY_STRICT,lb+nl
data,nl,A2,50,anklicken,noklikšķināt,Noklikšķināt,FAMILY_COPY_STRICT,lb+nl
data,sq,A2,50,anklicken,noklikšķināt,Tıklamak,FAMILY_COPY_STRICT,sq+tr
data,tr,A2,50,anklicken,noklikšķināt,Tıklamak,FAMILY_COPY_STRICT,sq+tr
data,hr,A2,51,anklopfen,pieklauvēt,Чукај,SCRIPT_MISMATCH,
data,hr,A2,51,anklopfen,pieklauvēt,Чукај,MARKER_LEAK,foreign_script
data,nl,A2,51,anklopfen,pieklauvēt,Pieklauvēt,SAME_AS_LV_CASEFOLD,casefold_only
data,nl,A2,51,anklopfen,pieklauvēt,Pieklauvēt,LV_DIACRITIC,
data,nl,A2,51,anklopfen,pieklauvēt,Pieklauvēt,MARKER_LEAK,lv_macron_consonant
data,sl,A2,51,anklopfen,pieklauvēt,pieklauvēt,SAME_AS_LV_CASEFOLD,exact
data,sl,A2,51,anklopfen,pieklauvēt,pieklauvēt,LV_DIACRITIC,
data,sl,A2,51,anklopfen,pieklauvēt,pieklauvēt,MARKER_LEAK,lv_macron_consonant
data,fi,A2,51,anklopfen,pieklauvēt,Koputama,FAMILY_COPY_STRICT,fi+is+nb+nn+sv
data,is,A2,51,anklopfen,pieklauvēt,Koputama,FAMILY_COPY_STRICT,fi+is+nb+nn+sv
data,nb,A2,51,anklopfen,pieklauvēt,Koputama,FAMILY_COPY_STRICT,fi+is+nb+nn+sv
data,nn,A2,51,anklopfen,pieklauvēt,Koputama,FAMILY_COPY_STRICT,fi+is+nb+nn+sv
data,sv,A2,51,anklopfen,pieklauvēt,Koputama,FAMILY_COPY_STRICT,fi+is+nb+nn+sv
data,hr,A2,51,anklopfen,pieklauvēt,Чукај,FAMILY_COPY_STRICT,hr+mk+sr
data,mk,A2,51,anklopfen,pieklauvēt,Чукај,FAMILY_COPY_STRICT,hr+mk+sr
data,sr,A2,51,anklopfen,pieklauvēt,Чукај,FAMILY_COPY_STRICT,hr+mk+sr
data,it,A2,51,anklopfen,pieklauvēt,Pieklauvet,FAMILY_COPY_STRICT,it+pt
data,pt,A2,51,anklopfen,pieklauvēt,Pieklauvet,FAMILY_COPY_STRICT,it+pt
data,it,A2,52,Ankunft,ierašanās,Ierašanas,LV_DIACRITIC,
data,lb,A2,52,Ankunft,ierašanās,Ierašanās,SAME_AS_LV_CASEFOLD,casefold_only
data,lb,A2,52,Ankunft,ierašanās,Ierašanās,LV_DIACRITIC,
data,lb,A2,52,Ankunft,ierašanās,Ierašanās,MARKER_LEAK,lv_macron_consonant
