tree,lang,level,index,de,lv,value,check,detail
data,hr,B2,1818,unberechenbar,neaprēķināms,Неисчислимый,SCRIPT_MISMATCH,
data,hr,B2,1818,unberechenbar,neaprēķināms,Неисчислимый,MARKER_LEAK,foreign_script
data,it,B2,1818,unberechenbar,neaprēķināms,Neaprēķināms,SAME_AS_LV_CASEFOLD,casefold_only
data,it,B2,1818,unberechenbar,neaprēķināms,Neaprēķināms,LV_DIACRITIC,
data,it,B2,1818,unberechenbar,neaprēķināms,Neaprēķināms,MARKER_LEAK,lv_macron_consonant
data,lb,B2,1818,unberechenbar,neaprēķināms,Neaprēķināms,SAME_AS_LV_CASEFOLD,casefold_only
data,lb,B2,1818,unberechenbar,neaprēķināms,Neaprēķināms,LV_DIACRITIC,
data,lb,B2,1818,unberechenbar,neaprēķināms,Neaprēķināms,MARKER_LEAK,lv_macron_consonant
data,nl,B2,1818,unberechenbar,neaprēķināms,Neaprēķināms,SAME_AS_LV_CASEFOLD,casefold_only
data,nl,B2,1818,unberechenbar,neaprēķināms,Neaprēķināms,LV_DIACRITIC,
data,nl,B2,1818,unberechenbar,neaprēķināms,Neaprēķināms,MARKER_LEAK,lv_macron_consonant
data,pt,B2,1818,unberechenbar,neaprēķināms,Neaprēķināms,SAME_AS_LV_CASEFOLD,casefold_only
data,pt,B2,1818,unberechenbar,neaprēķināms,Neaprēķināms,LV_DIACRITIC,
data,pt,B2,1818,unberechenbar,neaprēķināms,Neaprēķināms,MARKER_LEAK,lv_macron_consonant
data,sl,B2,1818,unberechenbar,neaprēķināms,neaprēķināms,SAME_AS_LV_CASEFOLD,exact
data,sl,B2,1818,unberechenbar,neaprēķināms,neaprēķināms,LV_DIACRITIC,
data,sl,B2,1818,unberechenbar,neaprēķināms,neaprēķināms,MARKER_LEAK,lv_macron_consonant
data,bg,B2,1818,unberechenbar,neaprēķināms,Неисчислимый,FAMILY_COPY_STRICT,bg+hr+mk+ru+sr
data,hr,B2,1818,unberechenbar,neaprēķināms,Неисчислимый,FAMILY_COPY_STRICT,bg+hr+mk+ru+sr
data,mk,B2,1818,unberechenbar,neaprēķināms,Неисчислимый,FAMILY_COPY_STRICT,bg+hr+mk+ru+sr
data,ru,B2,1818,unberechenbar,neaprēķināms,Неисчислимый,FAMILY_COPY_STRICT,bg+hr+mk+ru+sr
data,sr,B2,1818,unberechenbar,neaprēķināms,Неисчислимый,FAMILY_COPY_STRICT,bg+hr+mk+ru+sr
data,en,B2,1818,unberechenbar,neaprēķināms,Incalculable,FAMILY_COPY_STRICT,en+fr
data,fr,B2,1818,unberechenbar,neaprēķināms,Incalculable,FAMILY_COPY_STRICT,en+fr
data,fi,B2,1818,unberechenbar,neaprēķināms,Ettearvamatu,FAMILY_COPY_STRICT,fi+is+nb+nn+sv
data,is,B2,1818,unberechenbar,neaprēķināms,Ettearvamatu,FAMILY_COPY_STRICT,fi+is+nb+nn+sv
data,nb,B2,1818,unberechenbar,neaprēķināms,Ettearvamatu,FAMILY_COPY_STRICT,fi+is+nb+nn+sv
data,nn,B2,1818,unberechenbar,neaprēķināms,Ettearvamatu,FAMILY_COPY_STRICT,fi+is+nb+nn+sv
data,sv,B2,1818,unberechenbar,neaprēķināms,Ettearvamatu,FAMILY_COPY_STRICT,fi+is+nb+nn+sv
data,it,B2,1818,unberechenbar,neaprēķināms,Neaprēķināms,FAMILY_COPY_STRICT,it+lb+nl+pt
data,lb,B2,1818,unberechenbar,neaprēķināms,Neaprēķināms,FAMILY_COPY_STRICT,it+lb+nl+pt
data,nl,B2,1818,unberechenbar,neaprēķināms,Neaprēķināms,FAMILY_COPY_STRICT,it+lb+nl+pt
data,pt,B2,1818,unberechenbar,neaprēķināms,Neaprēķināms,FAMILY_COPY_STRICT,it+lb+nl+pt
data,pl,B2,1818,unberechenbar,neaprēķināms,Nieobliczalny,FAMILY_COPY_STRICT,pl+sk+sq+tr
data,sk,B2,1818,unberechenbar,neaprēķināms,Nieobliczalny,FAMILY_COPY_STRICT,pl+sk+sq+tr
data,sq,B2,1818,unberechenbar,neaprēķināms,Nieobliczalny,FAMILY_COPY_STRICT,pl+sk+sq+tr
data,tr,B2,1818,unberechenbar,neaprēķināms,Nieobliczalny,FAMILY_COPY_STRICT,pl+sk+sq+tr
data,hr,B2,1819,unbeschränkt,neierobežots,Неограниченный,SCRIPT_MISMATCH,
data,hr,B2,1819,unbeschränkt,neierobežots,Неограниченный,MARKER_LEAK,foreign_script
data,it,B2,1819,unbeschränkt,neierobežots,Neierobežots,SAME_AS_LV_CASEFOLD,casefold_only
data,it,B2,1819,unbeschränkt,neierobežots,Neierobežots,LV_DIACRITIC,
data,lb,B2,1819,unbeschränkt,neierobežots,Neierobežots,SAME_AS_LV_CASEFOLD,casefold_only
data,lb,B2,1819,unbeschränkt,neierobežots,Neierobežots,LV_DIACRITIC,
data,nl,B2,1819,unbeschränkt,neierobežots,Neierobežots,SAME_AS_LV_CASEFOLD,casefold_only
data,nl,B2,1819,unbeschränkt,neierobežots,Neierobežots,LV_DIACRITIC,
data,sl,B2,1819,unbeschränkt,neierobežots,neierobežots,SAME_AS_LV_CASEFOLD,exact
data,bg,B2,1819,unbeschränkt,neierobežots,Неограниченный,FAMILY_COPY_STRICT,bg+hr+mk+ru+sr
data,hr,B2,1819,unbeschränkt,neierobežots,Неограниченный,FAMILY_COPY_STRICT,bg+hr+mk+ru+sr
data,mk,B2,1819,unbeschränkt,neierobežots,Неограниченный,FAMILY_COPY_STRICT,bg+hr+mk+ru+sr
data,ru,B2,1819,unbeschränkt,neierobežots,Неограниченный,FAMILY_COPY_STRICT,bg+hr+mk+ru+sr
data,sr,B2,1819,unbeschränkt,neierobežots,Неограниченный,FAMILY_COPY_STRICT,bg+hr+mk+ru+sr
data,fi,B2,1819,unbeschränkt,neierobežots,Piiramatu,FAMILY_COPY_STRICT,fi+is+nb+nn+sv
data,is,B2,1819,unbeschränkt,neierobežots,Piiramatu,FAMILY_COPY_STRICT,fi+is+nb+nn+sv
data,nb,B2,1819,unbeschränkt,neierobežots,Piiramatu,FAMILY_COPY_STRICT,fi+is+nb+nn+sv
data,nn,B2,1819,unbeschränkt,neierobežots,Piiramatu,FAMILY_COPY_STRICT,fi+is+nb+nn+sv
data,sv,B2,1819,unbeschränkt,neierobežots,Piiramatu,FAMILY_COPY_STRICT,fi+is+nb+nn+sv
data,it,B2,1819,unbeschränkt,neierobežots,Neierobežots,FAMILY_COPY_STRICT,it+lb+nl
data,lb,B2,1819,unbeschränkt,neierobežots,Neierobežots,FAMILY_COPY_STRICT,it+lb+nl
data,nl,B2,1819,unbeschränkt,neierobežots,Neierobežots,FAMILY_COPY_STRICT,it+lb+nl
data,pl,B2,1819,unbeschränkt,neierobežots,Nieograniczony,FAMILY_COPY_STRICT,pl+sk+sq+tr
data,sk,B2,1819,unbeschränkt,neierobežots,Nieograniczony,FAMILY_COPY_STRICT,pl+sk+sq+tr
data,sq,B2,1819,unbeschränkt,neierobežots,Nieograniczony,FAMILY_COPY_STRICT,pl+sk+sq+tr
data,tr,B2,1819,unbeschränkt,neierobežots,Nieograniczony,FAMILY_COPY_STRICT,pl+sk+sq+tr
data,fi,B2,1820,unbestechlich,nepiekukuļojams,Altkäemaksuga mittemõjutatav,MARKER_LEAK,et_otilde
data,hr,B2,1820,unbestechlich,nepiekukuļojams,Неподкупный,SCRIPT_MISMATCH,
data,hr,B2,1820,unbestechlich,nepiekukuļojams,Неподкупный,MARKER_LEAK,foreign_script
data,is,B2,1820,unbestechlich,nepiekukuļojams,Altkäemaksuga mittemõjutatav,MARKER_LEAK,et_otilde
data,it,B2,1820,unbestechlich,nepiekukuļojams,Nepiekukuļojams,SAME_AS_LV_CASEFOLD,casefold_only
data,it,B2,1820,unbestechlich,nepiekukuļojams,Nepiekukuļojams,LV_DIACRITIC,
data,it,B2,1820,unbestechlich,nepiekukuļojams,Nepiekukuļojams,MARKER_LEAK,lv_macron_consonant
data,lb,B2,1820,unbestechlich,nepiekukuļojams,Nepiekukuļojams,SAME_AS_LV_CASEFOLD,casefold_only
data,lb,B2,1820,unbestechlich,nepiekukuļojams,Nepiekukuļojams,LV_DIACRITIC,
data,lb,B2,1820,unbestechlich,nepiekukuļojams,Nepiekukuļojams,MARKER_LEAK,lv_macron_consonant
data,nb,B2,1820,unbestechlich,nepiekukuļojams,Altkäemaksuga mittemõjutatav,MARKER_LEAK,et_otilde
data,nl,B2,1820,unbestechlich,nepiekukuļojams,Nepiekukuļojams,SAME_AS_LV_CASEFOLD,casefold_only
data,nl,B2,1820,unbestechlich,nepiekukuļojams,Nepiekukuļojams,LV_DIACRITIC,
data,nl,B2,1820,unbestechlich,nepiekukuļojams,Nepiekukuļojams,MARKER_LEAK,lv_macron_consonant
data,nn,B2,1820,unbestechlich,nepiekukuļojams,Altkäemaksuga mittemõjutatav,MARKER_LEAK,et_otilde
data,pt,B2,1820,unbestechlich,nepiekukuļojams,Nepiekukuļojams,SAME_AS_LV_CASEFOLD,casefold_only
data,pt,B2,1820,unbestechlich,nepiekukuļojams,Nepiekukuļojams,LV_DIACRITIC,
data,pt,B2,1820,unbestechlich,nepiekukuļojams,Nepiekukuļojams,MARKER_LEAK,lv_macron_consonant
data,sl,B2,1820,unbestechlich,nepiekukuļojams,nepiekukuļojams,SAME_AS_LV_CASEFOLD,exact
data,sl,B2,1820,unbestechlich,nepiekukuļojams,nepiekukuļojams,LV_DIACRITIC,
data,sl,B2,1820,unbestechlich,nepiekukuļojams,nepiekukuļojams,MARKER_LEAK,lv_macron_consonant
data,sv,B2,1820,unbestechlich,nepiekukuļojams,Altkäemaksuga mittemõjutatav,MARKER_LEAK,et_otilde
data,bg,B2,1820,unbestechlich,nepiekukuļojams,Неподкупный,FAMILY_COPY_STRICT,bg+hr+mk+ru+sr
data,hr,B2,1820,unbestechlich,nepiekukuļojams,Неподкупный,FAMILY_COPY_STRICT,bg+hr+mk+ru+sr
data,mk,B2,1820,unbestechlich,nepiekukuļojams,Неподкупный,FAMILY_COPY_STRICT,bg+hr+mk+ru+sr
data,ru,B2,1820,unbestechlich,nepiekukuļojams,Неподкупный,FAMILY_COPY_STRICT,bg+hr+mk+ru+sr
data,sr,B2,1820,unbestechlich,nepiekukuļojams,Неподкупный,FAMILY_COPY_STRICT,bg+hr+mk+ru+sr
data,fi,B2,1820,unbestechlich,nepiekukuļojams,Altkäemaksuga mittemõjutatav,FAMILY_COPY_STRICT,fi+is+nb+nn+sv
data,is,B2,1820,unbestechlich,nepiekukuļojams,Altkäemaksuga mittemõjutatav,FAMILY_COPY_STRICT,fi+is+nb+nn+sv
data,nb,B2,1820,unbestechlich,nepiekukuļojams,Altkäemaksuga mittemõjutatav,FAMILY_COPY_STRICT,fi+is+nb+nn+sv
data,nn,B2,1820,unbestechlich,nepiekukuļojams,Altkäemaksuga mittemõjutatav,FAMILY_COPY_STRICT,fi+is+nb+nn+sv
data,sv,B2,1820,unbestechlich,nepiekukuļojams,Altkäemaksuga mittemõjutatav,FAMILY_COPY_STRICT,fi+is+nb+nn+sv
data,it,B2,1820,unbestechlich,nepiekukuļojams,Nepiekukuļojams,FAMILY_COPY_STRICT,it+lb+nl+pt
data,lb,B2,1820,unbestechlich,nepiekukuļojams,Nepiekukuļojams,FAMILY_COPY_STRICT,it+lb+nl+pt
data,nl,B2,1820,unbestechlich,nepiekukuļojams,Nepiekukuļojams,FAMILY_COPY_STRICT,it+lb+nl+pt
data,pt,B2,1820,unbestechlich,nepiekukuļojams,Nepiekukuļojams,FAMILY_COPY_STRICT,it+lb+nl+pt
data,pl,B2,1820,unbestechlich,nepiekukuļojams,Nieprzekupny,FAMILY_COPY_STRICT,pl+sk+sq+tr
data,sk,B2,1820,unbestechlich,nepiekukuļojams,Nieprzekupny,FAMILY_COPY_STRICT,pl+sk+sq+tr
data,sq,B2,1820,unbestechlich,nepiekukuļojams,Nieprzekupny,FAMILY_COPY_STRICT,pl+sk+sq+tr
data,tr,B2,1820,unbestechlich,nepiekukuļojams,Nieprzekupny,FAMILY_COPY_STRICT,pl+sk+sq+tr
data,hr,B2,1821,unbewusst,neapzināts • instinktīvs • nevilšs • netīšs,Бессознательный • Инстинктивный • Непреднамеренный • Непреднамеренный,SCRIPT_MISMATCH,
data,hr,B2,1821,unbewusst,neapzināts • instinktīvs • nevilšs • netīšs,Бессознательный • Инстинктивный • Непреднамеренный • Непреднамеренный,MARKER_LEAK,foreign_script
data,it,B2,1821,unbewusst,neapzināts • instinktīvs • nevilšs • netīšs,Neapzināts • Instinktīvs • Nevilšs • Netīšs,SAME_AS_LV_CASEFOLD,casefold_only
data,it,B2,1821,unbewusst,neapzināts • instinktīvs • nevilšs • netīšs,Neapzināts • Instinktīvs • Nevilšs • Netīšs,LV_DIACRITIC,
data,it,B2,1821,unbewusst,neapzināts • instinktīvs • nevilšs • netīšs,Neapzināts • Instinktīvs • Nevilšs • Netīšs,MARKER_LEAK,lv_macron_consonant
data,lb,B2,1821,unbewusst,neapzināts • instinktīvs • nevilšs • netīšs,Neapzināts • Instinktīvs • Nevilšs • Netīšs,SAME_AS_LV_CASEFOLD,casefold_only
data,lb,B2,1821,unbewusst,neapzināts • instinktīvs • nevilšs • netīšs,Neapzināts • Instinktīvs • Nevilšs • Netīšs,LV_DIACRITIC,
data,lb,B2,1821,unbewusst,neapzināts • instinktīvs • nevilšs • netīšs,Neapzināts • Instinktīvs • Nevilšs • Netīšs,MARKER_LEAK,lv_macron_consonant
data,nl,B2,1821,unbewusst,neapzināts • instinktīvs • nevilšs • netīšs,Neapzināts • Instinktīvs • Nevilšs • Netīšs,SAME_AS_LV_CASEFOLD,casefold_only
data,nl,B2,1821,unbewusst,neapzināts • instinktīvs • nevilšs • netīšs,Neapzināts • Instinktīvs • Nevilšs • Netīšs,LV_DIACRITIC,
data,nl,B2,1821,unbewusst,neapzināts • instinktīvs • nevilšs • netīšs,Neapzināts • Instinktīvs • Nevilšs • Netīšs,MARKER_LEAK,lv_macron_consonant
data,pt,B2,1821,unbewusst,neapzināts • instinktīvs • nevilšs • netīšs,Neapzināts • Instinktīvs • Nevilšs • Netīšs,SAME_AS_LV_CASEFOLD,casefold_only
data,pt,B2,1821,unbewusst,neapzināts • instinktīvs • nevilšs • netīšs,Neapzināts • Instinktīvs • Nevilšs • Netīšs,LV_DIACRITIC,
data,pt,B2,1821,unbewusst,neapzināts • instinktīvs • nevilšs • netīšs,Neapzināts • Instinktīvs • Nevilšs • Netīšs,MARKER_LEAK,lv_macron_consonant
data,sk,B2,1821,unbewusst,neapzināts • instinktīvs • nevilšs • netīšs,Nieświadomy • Instynktowny • Niezamierzony • Niezamierzony,MARKER_LEAK,pl_l_s_z
data,sl,B2,1821,unbewusst,neapzināts • instinktīvs • nevilšs • netīšs,neapzināts • instinktīvs • nevilšs • netīšs,SAME_AS_LV_CASEFOLD,exact
data,sl,B2,1821,unbewusst,neapzināts • instinktīvs • nevilšs • netīšs,neapzināts • instinktīvs • nevilšs • netīšs,LV_DIACRITIC,
data,sl,B2,1821,unbewusst,neapzināts • instinktīvs • nevilšs • netīšs,neapzināts • instinktīvs • nevilšs • netīšs,MARKER_LEAK,lv_macron_consonant
data,sq,B2,1821,unbewusst,neapzināts • instinktīvs • nevilšs • netīšs,Bilinçsiz • İçgüdüsel • Kasıtsız • Kasıtsız,MARKER_LEAK,tr_soft
data,bg,B2,1821,unbewusst,neapzināts • instinktīvs • nevilšs • netīšs,Бессознательный • Инстинктивный • Непреднамеренный • Непреднамеренный,FAMILY_COPY_STRICT,bg+hr+mk+ru+sr
data,hr,B2,1821,unbewusst,neapzināts • instinktīvs • nevilšs • netīšs,Бессознательный • Инстинктивный • Непреднамеренный • Непреднамеренный,FAMILY_COPY_STRICT,bg+hr+mk+ru+sr
data,mk,B2,1821,unbewusst,neapzināts • instinktīvs • nevilšs • netīšs,Бессознательный • Инстинктивный • Непреднамеренный • Непреднамеренный,FAMILY_COPY_STRICT,bg+hr+mk+ru+sr
data,ru,B2,1821,unbewusst,neapzināts • instinktīvs • nevilšs • netīšs,Бессознательный • Инстинктивный • Непреднамеренный • Непреднамеренный,FAMILY_COPY_STRICT,bg+hr+mk+ru+sr
data,sr,B2,1821,unbewusst,neapzināts • instinktīvs • nevilšs • netīšs,Бессознательный • Инстинктивный • Непреднамеренный • Непреднамеренный,FAMILY_COPY_STRICT,bg+hr+mk+ru+sr
data,fi,B2,1821,unbewusst,neapzināts • instinktīvs • nevilšs • netīšs,Teadvustamata • Instinktiivne • Tahtmatu,FAMILY_COPY_STRICT,fi+is+nb+nn+sv
data,is,B2,1821,unbewusst,neapzināts • instinktīvs • nevilšs • netīšs,Teadvustamata • Instinktiivne • Tahtmatu,FAMILY_COPY_STRICT,fi+is+nb+nn+sv
data,nb,B2,1821,unbewusst,neapzināts • instinktīvs • nevilšs • netīšs,Teadvustamata • Instinktiivne • Tahtmatu,FAMILY_COPY_STRICT,fi+is+nb+nn+sv
data,nn,B2,1821,unbewusst,neapzināts • instinktīvs • nevilšs • netīšs,Teadvustamata • Instinktiivne • Tahtmatu,FAMILY_COPY_STRICT,fi+is+nb+nn+sv
data,sv,B2,1821,unbewusst,neapzināts • instinktīvs • nevilšs • netīšs,Teadvustamata • Instinktiivne • Tahtmatu,FAMILY_COPY_STRICT,fi+is+nb+nn+sv
data,it,B2,1821,unbewusst,neapzināts • instinktīvs • nevilšs • netīšs,Neapzināts • Instinktīvs • Nevilšs • Netīšs,FAMILY_COPY_STRICT,it+lb+nl+pt
data,lb,B2,1821,unbewusst,neapzināts • instinktīvs • nevilšs • netīšs,Neapzināts • Instinktīvs • Nevilšs • Netīšs,FAMILY_COPY_STRICT,it+lb+nl+pt
data,nl,B2,1821,unbewusst,neapzināts • instinktīvs • nevilšs • netīšs,Neapzināts • Instinktīvs • Nevilšs • Netīšs,FAMILY_COPY_STRICT,it+lb+nl+pt
data,pt,B2,1821,unbewusst,neapzināts • instinktīvs • nevilšs • netīšs,Neapzināts • Instinktīvs • Nevilšs • Netīšs,FAMILY_COPY_STRICT,it+lb+nl+pt
data,pl,B2,1821,unbewusst,neapzināts • instinktīvs • nevilšs • netīšs,Nieświadomy • Instynktowny • Niezamierzony • Niezamierzony,FAMILY_COPY_STRICT,pl+sk
data,sk,B2,1821,unbewusst,neapzināts • instinktīvs • nevilšs • netīšs,Nieświadomy • Instynktowny • Niezamierzony • Niezamierzony,FAMILY_COPY_STRICT,pl+sk
data,sq,B2,1821,unbewusst,neapzināts • instinktīvs • nevilšs • netīšs,Bilinçsiz • İçgüdüsel • Kasıtsız • Kasıtsız,FAMILY_COPY_STRICT,sq+tr
data,tr,B2,1821,unbewusst,neapzināts • instinktīvs • nevilšs • netīšs,Bilinçsiz • İçgüdüsel • Kasıtsız • Kasıtsız,FAMILY_COPY_STRICT,sq+tr
data,fi,B2,1822,undenkbar,neiedomājams,Mõeldamatu,MARKER_LEAK,et_otilde
data,hr,B2,1822,undenkbar,neiedomājams,Невообразимый,SCRIPT_MISMATCH,
data,hr,B2,1822,undenkbar,neiedomājams,Невообразимый,MARKER_LEAK,foreign_script
data,is,B2,1822,undenkbar,neiedomājams,Mõeldamatu,MARKER_LEAK,et_otilde
data,it,B2,1822,undenkbar,neiedomājams,Neiedomājams,SAME_AS_LV_CASEFOLD,casefold_only
data,it,B2,1822,undenkbar,neiedomājams,Neiedomājams,LV_DIACRITIC,
data,it,B2,1822,undenkbar,neiedomājams,Neiedomājams,MARKER_LEAK,lv_macron_consonant
data,lb,B2,1822,undenkbar,neiedomājams,Neiedomājams,SAME_AS_LV_CASEFOLD,casefold_only
data,lb,B2,1822,undenkbar,neiedomājams,Neiedomājams,LV_DIACRITIC,
data,lb,B2,1822,undenkbar,neiedomājams,Neiedomājams,MARKER_LEAK,lv_macron_consonant
data,nb,B2,1822,undenkbar,neiedomājams,Mõeldamatu,MARKER_LEAK,et_otilde
data,nl,B2,1822,undenkbar,neiedomājams,Neiedomājams,SAME_AS_LV_CASEFOLD,casefold_only
data,nl,B2,1822,undenkbar,neiedomājams,Neiedomājams,LV_DIACRITIC,
data,nl,B2,1822,undenkbar,neiedomājams,Neiedomājams,MARKER_LEAK,lv_macron_consonant
data,nn,B2,1822,undenkbar,neiedomājams,Mõeldamatu,MARKER_LEAK,et_otilde
data,pt,B2,1822,undenkbar,neiedomājams,Neiedomājams,SAME_AS_LV_CASEFOLD,casefold_only
data,pt,B2,1822,undenkbar,neiedomājams,Neiedomājams,LV_DIACRITIC,
data,pt,B2,1822,undenkbar,neiedomājams,Neiedomājams,MARKER_LEAK,lv_macron_consonant
data,sk,B2,1822,undenkbar,neiedomājams,Niewyobrażalny,MARKER_LEAK,pl_l_s_z
data,sl,B2,1822,undenkbar,neiedomājams,neiedomājams,SAME_AS_LV_CASEFOLD,exact
data,sl,B2,1822,undenkbar,neiedomājams,neiedomājams,LV_DIACRITIC,
data,sl,B2,1822,undenkbar,neiedomājams,neiedomājams,MARKER_LEAK,lv_macron_consonant
data,sv,B2,1822,undenkbar,neiedomājams,Mõeldamatu,MARKER_LEAK,et_otilde
data,bg,B2,1822,undenkbar,neiedomājams,Невообразимый,FAMILY_COPY_STRICT,bg+hr+mk+ru+sr
data,hr,B2,1822,undenkbar,neiedomājams,Невообразимый,FAMILY_COPY_STRICT,bg+hr+mk+ru+sr
data,mk,B2,1822,undenkbar,neiedomājams,Невообразимый,FAMILY_COPY_STRICT,bg+hr+mk+ru+sr
data,ru,B2,1822,undenkbar,neiedomājams,Невообразимый,FAMILY_COPY_STRICT,bg+hr+mk+ru+sr
data,sr,B2,1822,undenkbar,neiedomājams,Невообразимый,FAMILY_COPY_STRICT,bg+hr+mk+ru+sr
data,fi,B2,1822,undenkbar,neiedomājams,Mõeldamatu,FAMILY_COPY_STRICT,fi+is+nb+nn+sv
data,is,B2,1822,undenkbar,neiedomājams,Mõeldamatu,FAMILY_COPY_STRICT,fi+is+nb+nn+sv
data,nb,B2,1822,undenkbar,neiedomājams,Mõeldamatu,FAMILY_COPY_STRICT,fi+is+nb+nn+sv
data,nn,B2,1822,undenkbar,neiedomājams,Mõeldamatu,FAMILY_COPY_STRICT,fi+is+nb+nn+sv
data,sv,B2,1822,undenkbar,neiedomājams,Mõeldamatu,FAMILY_COPY_STRICT,fi+is+nb+nn+sv
data,it,B2,1822,undenkbar,neiedomājams,Neiedomājams,FAMILY_COPY_STRICT,it+lb+nl+pt
data,lb,B2,1822,undenkbar,neiedomājams,Neiedomājams,FAMILY_COPY_STRICT,it+lb+nl+pt
data,nl,B2,1822,undenkbar,neiedomājams,Neiedomājams,FAMILY_COPY_STRICT,it+lb+nl+pt
data,pt,B2,1822,undenkbar,neiedomājams,Neiedomājams,FAMILY_COPY_STRICT,it+lb+nl+pt
data,pl,B2,1822,undenkbar,neiedomājams,Niewyobrażalny,FAMILY_COPY_STRICT,pl+sk
data,sk,B2,1822,undenkbar,neiedomājams,Niewyobrażalny,FAMILY_COPY_STRICT,pl+sk
data,sq,B2,1822,undenkbar,neiedomājams,Düşünülemez,FAMILY_COPY_STRICT,sq+tr
data,tr,B2,1822,undenkbar,neiedomājams,Düşünülemez,FAMILY_COPY_STRICT,sq+tr
data,hr,B2,1823,unentbehrlich,nepieciešams,Необходимо,SCRIPT_MISMATCH,
data,hr,B2,1823,unentbehrlich,nepieciešams,Необходимо,MARKER_LEAK,foreign_script
data,it,B2,1823,unentbehrlich,nepieciešams,Nepieciešams,SAME_AS_LV_CASEFOLD,casefold_only
data,it,B2,1823,unentbehrlich,nepieciešams,Nepieciešams,LV_DIACRITIC,
data,lb,B2,1823,unentbehrlich,nepieciešams,Nepieciešams,SAME_AS_LV_CASEFOLD,casefold_only
data,lb,B2,1823,unentbehrlich,nepieciešams,Nepieciešams,LV_DIACRITIC,
data,nl,B2,1823,unentbehrlich,nepieciešams,Nepieciešams,SAME_AS_LV_CASEFOLD,casefold_only
data,nl,B2,1823,unentbehrlich,nepieciešams,Nepieciešams,LV_DIACRITIC,
data,pt,B2,1823,unentbehrlich,nepieciešams,Nepieciešams,SAME_AS_LV_CASEFOLD,casefold_only
data,pt,B2,1823,unentbehrlich,nepieciešams,Nepieciešams,LV_DIACRITIC,
data,sk,B2,1823,unentbehrlich,nepieciešams,Niezbędny,MARKER_LEAK,pl_lt_nasal
data,sl,B2,1823,unentbehrlich,nepieciešams,nepieciešams,SAME_AS_LV_CASEFOLD,exact
data,bg,B2,1823,unentbehrlich,nepieciešams,Необходимо,FAMILY_COPY_STRICT,bg+hr+mk+sr
data,hr,B2,1823,unentbehrlich,nepieciešams,Необходимо,FAMILY_COPY_STRICT,bg+hr+mk+sr
data,mk,B2,1823,unentbehrlich,nepieciešams,Необходимо,FAMILY_COPY_STRICT,bg+hr+mk+sr
data,sr,B2,1823,unentbehrlich,nepieciešams,Необходимо,FAMILY_COPY_STRICT,bg+hr+mk+sr
data,fi,B2,1823,unentbehrlich,nepieciešams,Vajalik,FAMILY_COPY_STRICT,fi+sv
data,sv,B2,1823,unentbehrlich,nepieciešams,Vajalik,FAMILY_COPY_STRICT,fi+sv
data,is,B2,1823,unentbehrlich,nepieciešams,Vayalike,FAMILY_COPY_STRICT,is+nb+nn
data,nb,B2,1823,unentbehrlich,nepieciešams,Vayalike,FAMILY_COPY_STRICT,is+nb+nn
data,nn,B2,1823,unentbehrlich,nepieciešams,Vayalike,FAMILY_COPY_STRICT,is+nb+nn
data,it,B2,1823,unentbehrlich,nepieciešams,Nepieciešams,FAMILY_COPY_STRICT,it+lb+nl+pt
data,lb,B2,1823,unentbehrlich,nepieciešams,Nepieciešams,FAMILY_COPY_STRICT,it+lb+nl+pt
data,nl,B2,1823,unentbehrlich,nepieciešams,Nepieciešams,FAMILY_COPY_STRICT,it+lb+nl+pt
data,pt,B2,1823,unentbehrlich,nepieciešams,Nepieciešams,FAMILY_COPY_STRICT,it+lb+nl+pt
data,pl,B2,1823,unentbehrlich,nepieciešams,Niezbędny,FAMILY_COPY_STRICT,pl+sk
data,sk,B2,1823,unentbehrlich,nepieciešams,Niezbędny,FAMILY_COPY_STRICT,pl+sk
data,sq,B2,1823,unentbehrlich,nepieciešams,Gerekli,FAMILY_COPY_STRICT,sq+tr
data,tr,B2,1823,unentbehrlich,nepieciešams,Gerekli,FAMILY_COPY_STRICT,sq+tr
data,hr,B2,1824,unentgeltlich,bez atlīdzības • bezmaksas • par velti,Без компенсации • Бесплатно • Даром,SCRIPT_MISMATCH,
data,hr,B2,1824,unentgeltlich,bez atlīdzības • bezmaksas • par velti,Без компенсации • Бесплатно • Даром,MARKER_LEAK,foreign_script
data,it,B2,1824,unentgeltlich,bez atlīdzības • bezmaksas • par velti,Bez atlīdzības • Bezmaksas • Par velti,SAME_AS_LV_CASEFOLD,casefold_only
data,it,B2,1824,unentgeltlich,bez atlīdzības • bezmaksas • par velti,Bez atlīdzības • Bezmaksas • Par velti,LV_DIACRITIC,
data,it,B2,1824,unentgeltlich,bez atlīdzības • bezmaksas • par velti,Bez atlīdzības • Bezmaksas • Par velti,MARKER_LEAK,lv_macron_consonant
data,lb,B2,1824,unentgeltlich,bez atlīdzības • bezmaksas • par velti,Bez atlīdzības • Bezmaksas • Par velti,SAME_AS_LV_CASEFOLD,casefold_only
data,lb,B2,1824,unentgeltlich,bez atlīdzības • bezmaksas • par velti,Bez atlīdzības • Bezmaksas • Par velti,LV_DIACRITIC,
data,lb,B2,1824,unentgeltlich,bez atlīdzības • bezmaksas • par velti,Bez atlīdzības • Bezmaksas • Par velti,MARKER_LEAK,lv_macron_consonant
data,nl,B2,1824,unentgeltlich,bez atlīdzības • bezmaksas • par velti,Bez atlīdzības • Bezmaksas • Par velti,SAME_AS_LV_CASEFOLD,casefold_only
data,nl,B2,1824,unentgeltlich,bez atlīdzības • bezmaksas • par velti,Bez atlīdzības • Bezmaksas • Par velti,LV_DIACRITIC,
data,nl,B2,1824,unentgeltlich,bez atlīdzības • bezmaksas • par velti,Bez atlīdzības • Bezmaksas • Par velti,MARKER_LEAK,lv_macron_consonant
data,pt,B2,1824,unentgeltlich,bez atlīdzības • bezmaksas • par velti,Bez atlīdzības • Bezmaksas • Par velti,SAME_AS_LV_CASEFOLD,casefold_only
data,pt,B2,1824,unentgeltlich,bez atlīdzības • bezmaksas • par velti,Bez atlīdzības • Bezmaksas • Par velti,LV_DIACRITIC,
data,pt,B2,1824,unentgeltlich,bez atlīdzības • bezmaksas • par velti,Bez atlīdzības • Bezmaksas • Par velti,MARKER_LEAK,lv_macron_consonant
data,sk,B2,1824,unentgeltlich,bez atlīdzības • bezmaksas • par velti,Bez wynagrodzenia • Bezpłatnie • Za darmo,MARKER_LEAK,pl_l_s_z
data,sl,B2,1824,unentgeltlich,bez atlīdzības • bezmaksas • par velti,bez atlīdzības • bezmaksas • par velti,SAME_AS_LV_CASEFOLD,exact
data,sl,B2,1824,unentgeltlich,bez atlīdzības • bezmaksas • par velti,bez atlīdzības • bezmaksas • par velti,LV_DIACRITIC,
data,sl,B2,1824,unentgeltlich,bez atlīdzības • bezmaksas • par velti,bez atlīdzības • bezmaksas • par velti,MARKER_LEAK,lv_macron_consonant
data,bg,B2,1824,unentgeltlich,bez atlīdzības • bezmaksas • par velti,Без компенсации • Бесплатно • Даром,FAMILY_COPY_STRICT,bg+hr+mk+ru+sr
data,hr,B2,1824,unentgeltlich,bez atlīdzības • bezmaksas • par velti,Без компенсации • Бесплатно • Даром,FAMILY_COPY_STRICT,bg+hr+mk+ru+sr
data,mk,B2,1824,unentgeltlich,bez atlīdzības • bezmaksas • par velti,Без компенсации • Бесплатно • Даром,FAMILY_COPY_STRICT,bg+hr+mk+ru+sr
data,ru,B2,1824,unentgeltlich,bez atlīdzības • bezmaksas • par velti,Без компенсации • Бесплатно • Даром,FAMILY_COPY_STRICT,bg+hr+mk+ru+sr
data,sr,B2,1824,unentgeltlich,bez atlīdzības • bezmaksas • par velti,Без компенсации • Бесплатно • Даром,FAMILY_COPY_STRICT,bg+hr+mk+ru+sr
data,fi,B2,1824,unentgeltlich,bez atlīdzības • bezmaksas • par velti,Tasuta,FAMILY_COPY_STRICT,fi+sv
data,sv,B2,1824,unentgeltlich,bez atlīdzības • bezmaksas • par velti,Tasuta,FAMILY_COPY_STRICT,fi+sv
data,is,B2,1824,unentgeltlich,bez atlīdzības • bezmaksas • par velti,Gratis,FAMILY_COPY_STRICT,is+nb+nn
data,nb,B2,1824,unentgeltlich,bez atlīdzības • bezmaksas • par velti,Gratis,FAMILY_COPY_STRICT,is+nb+nn
data,nn,B2,1824,unentgeltlich,bez atlīdzības • bezmaksas • par velti,Gratis,FAMILY_COPY_STRICT,is+nb+nn
data,it,B2,1824,unentgeltlich,bez atlīdzības • bezmaksas • par velti,Bez atlīdzības • Bezmaksas • Par velti,FAMILY_COPY_STRICT,it+lb+nl+pt
data,lb,B2,1824,unentgeltlich,bez atlīdzības • bezmaksas • par velti,Bez atlīdzības • Bezmaksas • Par velti,FAMILY_COPY_STRICT,it+lb+nl+pt
data,nl,B2,1824,unentgeltlich,bez atlīdzības • bezmaksas • par velti,Bez atlīdzības • Bezmaksas • Par velti,FAMILY_COPY_STRICT,it+lb+nl+pt
data,pt,B2,1824,unentgeltlich,bez atlīdzības • bezmaksas • par velti,Bez atlīdzības • Bezmaksas • Par velti,FAMILY_COPY_STRICT,it+lb+nl+pt
data,pl,B2,1824,unentgeltlich,bez atlīdzības • bezmaksas • par velti,Bez wynagrodzenia • Bezpłatnie • Za darmo,FAMILY_COPY_STRICT,pl+sk
data,sk,B2,1824,unentgeltlich,bez atlīdzības • bezmaksas • par velti,Bez wynagrodzenia • Bezpłatnie • Za darmo,FAMILY_COPY_STRICT,pl+sk
data,sq,B2,1824,unentgeltlich,bez atlīdzības • bezmaksas • par velti,Ücret yok • Ücretsiz • Ücretsiz,FAMILY_COPY_STRICT,sq+tr
data,tr,B2,1824,unentgeltlich,bez atlīdzības • bezmaksas • par velti,Ücret yok • Ücretsiz • Ücretsiz,FAMILY_COPY_STRICT,sq+tr
data,hr,B2,1825,unerhört,nedzirdēts,Неслыханно,SCRIPT_MISMATCH,
data,hr,B2,1825,unerhört,nedzirdēts,Неслыханно,MARKER_LEAK,foreign_script
data,it,B2,1825,unerhört,nedzirdēts,Nedzirdēts,SAME_AS_LV_CASEFOLD,casefold_only
data,it,B2,1825,unerhört,nedzirdēts,Nedzirdēts,LV_DIACRITIC,
data,it,B2,1825,unerhört,nedzirdēts,Nedzirdēts,MARKER_LEAK,lv_macron_consonant
data,lb,B2,1825,unerhört,nedzirdēts,Nedzirdēts,SAME_AS_LV_CASEFOLD,casefold_only
data,lb,B2,1825,unerhört,nedzirdēts,Nedzirdēts,LV_DIACRITIC,
data,lb,B2,1825,unerhört,nedzirdēts,Nedzirdēts,MARKER_LEAK,lv_macron_consonant
data,nl,B2,1825,unerhört,nedzirdēts,Nedzirdēts,SAME_AS_LV_CASEFOLD,casefold_only
data,nl,B2,1825,unerhört,nedzirdēts,Nedzirdēts,LV_DIACRITIC,
data,nl,B2,1825,unerhört,nedzirdēts,Nedzirdēts,MARKER_LEAK,lv_macron_consonant
data,pt,B2,1825,unerhört,nedzirdēts,Nedzirdēts,SAME_AS_LV_CASEFOLD,casefold_only
data,pt,B2,1825,unerhört,nedzirdēts,Nedzirdēts,LV_DIACRITIC,
data,pt,B2,1825,unerhört,nedzirdēts,Nedzirdēts,MARKER_LEAK,lv_macron_consonant
data,sl,B2,1825,unerhört,nedzirdēts,nedzirdēts,SAME_AS_LV_CASEFOLD,exact
data,sl,B2,1825,unerhört,nedzirdēts,nedzirdēts,LV_DIACRITIC,
data,sl,B2,1825,unerhört,nedzirdēts,nedzirdēts,MARKER_LEAK,lv_macron_consonant
data,bg,B2,1825,unerhört,nedzirdēts,Неслыханно,FAMILY_COPY_STRICT,bg+hr+mk+ru+sr
data,hr,B2,1825,unerhört,nedzirdēts,Неслыханно,FAMILY_COPY_STRICT,bg+hr+mk+ru+sr
data,mk,B2,1825,unerhört,nedzirdēts,Неслыханно,FAMILY_COPY_STRICT,bg+hr+mk+ru+sr
data,ru,B2,1825,unerhört,nedzirdēts,Неслыханно,FAMILY_COPY_STRICT,bg+hr+mk+ru+sr
data,sr,B2,1825,unerhört,nedzirdēts,Неслыханно,FAMILY_COPY_STRICT,bg+hr+mk+ru+sr
data,fi,B2,1825,unerhört,nedzirdēts,Kuulmatu,FAMILY_COPY_STRICT,fi+is+nb+nn+sv
data,is,B2,1825,unerhört,nedzirdēts,Kuulmatu,FAMILY_COPY_STRICT,fi+is+nb+nn+sv
data,nb,B2,1825,unerhört,nedzirdēts,Kuulmatu,FAMILY_COPY_STRICT,fi+is+nb+nn+sv
data,nn,B2,1825,unerhört,nedzirdēts,Kuulmatu,FAMILY_COPY_STRICT,fi+is+nb+nn+sv
data,sv,B2,1825,unerhört,nedzirdēts,Kuulmatu,FAMILY_COPY_STRICT,fi+is+nb+nn+sv
data,it,B2,1825,unerhört,nedzirdēts,Nedzirdēts,FAMILY_COPY_STRICT,it+lb+nl+pt
data,lb,B2,1825,unerhört,nedzirdēts,Nedzirdēts,FAMILY_COPY_STRICT,it+lb+nl+pt
data,nl,B2,1825,unerhört,nedzirdēts,Nedzirdēts,FAMILY_COPY_STRICT,it+lb+nl+pt
data,pt,B2,1825,unerhört,nedzirdēts,Nedzirdēts,FAMILY_COPY_STRICT,it+lb+nl+pt
data,pl,B2,1825,unerhört,nedzirdēts,Niespotykane,FAMILY_COPY_STRICT,pl+sk+sq+tr
data,sk,B2,1825,unerhört,nedzirdēts,Niespotykane,FAMILY_COPY_STRICT,pl+sk+sq+tr
data,sq,B2,1825,unerhört,nedzirdēts,Niespotykane,FAMILY_COPY_STRICT,pl+sk+sq+tr
data,tr,B2,1825,unerhört,nedzirdēts,Niespotykane,FAMILY_COPY_STRICT,pl+sk+sq+tr
data,hr,B2,1826,unerträglich,nepanesams • neciešams,Неподносливо • Неподносливо,SCRIPT_MISMATCH,
data,hr,B2,1826,unerträglich,nepanesams • neciešams,Неподносливо • Неподносливо,MARKER_LEAK,foreign_script
data,it,B2,1826,unerträglich,nepanesams • neciešams,Nepanesams • Neciešams,SAME_AS_LV_CASEFOLD,casefold_only
data,it,B2,1826,unerträglich,nepanesams • neciešams,Nepanesams • Neciešams,LV_DIACRITIC,
data,lb,B2,1826,unerträglich,nepanesams • neciešams,Nepanesams • Neciešams,SAME_AS_LV_CASEFOLD,casefold_only
data,lb,B2,1826,unerträglich,nepanesams • neciešams,Nepanesams • Neciešams,LV_DIACRITIC,
data,nl,B2,1826,unerträglich,nepanesams • neciešams,Nepanesams • Neciešams,SAME_AS_LV_CASEFOLD,casefold_only
data,nl,B2,1826,unerträglich,nepanesams • neciešams,Nepanesams • Neciešams,LV_DIACRITIC,
data,pt,B2,1826,unerträglich,nepanesams • neciešams,Nepanesams • Neciešams,SAME_AS_LV_CASEFOLD,casefold_only
data,pt,B2,1826,unerträglich,nepanesams • neciešams,Nepanesams • Neciešams,LV_DIACRITIC,
data,sl,B2,1826,unerträglich,nepanesams • neciešams,nepanesams • neciešams,SAME_AS_LV_CASEFOLD,exact
data,bg,B2,1826,unerträglich,nepanesams • neciešams,Невыносимо • Невыносимо,FAMILY_COPY_STRICT,bg+ru
data,ru,B2,1826,unerträglich,nepanesams • neciešams,Невыносимо • Невыносимо,FAMILY_COPY_STRICT,bg+ru
data,fi,B2,1826,unerträglich,nepanesams • neciešams,Talumatu,FAMILY_COPY_STRICT,fi+is+nb+nn+sv
data,is,B2,1826,unerträglich,nepanesams • neciešams,Talumatu,FAMILY_COPY_STRICT,fi+is+nb+nn+sv
data,nb,B2,1826,unerträglich,nepanesams • neciešams,Talumatu,FAMILY_COPY_STRICT,fi+is+nb+nn+sv
data,nn,B2,1826,unerträglich,nepanesams • neciešams,Talumatu,FAMILY_COPY_STRICT,fi+is+nb+nn+sv
data,sv,B2,1826,unerträglich,nepanesams • neciešams,Talumatu,FAMILY_COPY_STRICT,fi+is+nb+nn+sv
data,hr,B2,1826,unerträglich,nepanesams • neciešams,Неподносливо • Неподносливо,FAMILY_COPY_STRICT,hr+mk+sr
data,mk,B2,1826,unerträglich,nepanesams • neciešams,Неподносливо • Неподносливо,FAMILY_COPY_STRICT,hr+mk+sr
data,sr,B2,1826,unerträglich,nepanesams • neciešams,Неподносливо • Неподносливо,FAMILY_COPY_STRICT,hr+mk+sr
data,it,B2,1826,unerträglich,nepanesams • neciešams,Nepanesams • Neciešams,FAMILY_COPY_STRICT,it+lb+nl+pt
data,lb,B2,1826,unerträglich,nepanesams • neciešams,Nepanesams • Neciešams,FAMILY_COPY_STRICT,it+lb+nl+pt
data,nl,B2,1826,unerträglich,nepanesams • neciešams,Nepanesams • Neciešams,FAMILY_COPY_STRICT,it+lb+nl+pt
data,pt,B2,1826,unerträglich,nepanesams • neciešams,Nepanesams • Neciešams,FAMILY_COPY_STRICT,it+lb+nl+pt
data,pl,B2,1826,unerträglich,nepanesams • neciešams,Nie do zniesienia • Nie do zniesienia,FAMILY_COPY_STRICT,pl+sk+sq+tr
data,sk,B2,1826,unerträglich,nepanesams • neciešams,Nie do zniesienia • Nie do zniesienia,FAMILY_COPY_STRICT,pl+sk+sq+tr
data,sq,B2,1826,unerträglich,nepanesams • neciešams,Nie do zniesienia • Nie do zniesienia,FAMILY_COPY_STRICT,pl+sk+sq+tr
data,tr,B2,1826,unerträglich,nepanesams • neciešams,Nie do zniesienia • Nie do zniesienia,FAMILY_COPY_STRICT,pl+sk+sq+tr
data,hr,B2,1827,Unfug,nedarbs • nebūšana • piedauzīga rīcība,Проступок • Отсутствие • Непристойный поступок,SCRIPT_MISMATCH,
data,hr,B2,1827,Unfug,nedarbs • nebūšana • piedauzīga rīcība,Проступок • Отсутствие • Непристойный поступок,MARKER_LEAK,foreign_script
data,it,B2,1827,Unfug,nedarbs • nebūšana • piedauzīga rīcība,Nedarbs • Nebūšana • Piedauzīga rīcība,SAME_AS_LV_CASEFOLD,casefold_only
data,it,B2,1827,Unfug,nedarbs • nebūšana • piedauzīga rīcība,Nedarbs • Nebūšana • Piedauzīga rīcība,LV_DIACRITIC,
data,it,B2,1827,Unfug,nedarbs • nebūšana • piedauzīga rīcība,Nedarbs • Nebūšana • Piedauzīga rīcība,MARKER_LEAK,lv_macron_consonant+lv_u_macron
data,lb,B2,1827,Unfug,nedarbs • nebūšana • piedauzīga rīcība,Nedarbs • Nebūšana • Piedauzīga rīcība,SAME_AS_LV_CASEFOLD,casefold_only
data,lb,B2,1827,Unfug,nedarbs • nebūšana • piedauzīga rīcība,Nedarbs • Nebūšana • Piedauzīga rīcība,LV_DIACRITIC,
data,lb,B2,1827,Unfug,nedarbs • nebūšana • piedauzīga rīcība,Nedarbs • Nebūšana • Piedauzīga rīcība,MARKER_LEAK,lv_macron_consonant+lv_u_macron
data,nl,B2,1827,Unfug,nedarbs • nebūšana • piedauzīga rīcība,Nedarbs • Nebūšana • Piedauzīga rīcība,SAME_AS_LV_CASEFOLD,casefold_only
data,nl,B2,1827,Unfug,nedarbs • nebūšana • piedauzīga rīcība,Nedarbs • Nebūšana • Piedauzīga rīcība,LV_DIACRITIC,
data,nl,B2,1827,Unfug,nedarbs • nebūšana • piedauzīga rīcība,Nedarbs • Nebūšana • Piedauzīga rīcība,MARKER_LEAK,lv_macron_consonant+lv_u_macron
data,pt,B2,1827,Unfug,nedarbs • nebūšana • piedauzīga rīcība,Nedarbs • Nebūšana • Piedauzīga rīcība,SAME_AS_LV_CASEFOLD,casefold_only
data,pt,B2,1827,Unfug,nedarbs • nebūšana • piedauzīga rīcība,Nedarbs • Nebūšana • Piedauzīga rīcība,LV_DIACRITIC,
data,pt,B2,1827,Unfug,nedarbs • nebūšana • piedauzīga rīcība,Nedarbs • Nebūšana • Piedauzīga rīcība,MARKER_LEAK,lv_macron_consonant+lv_u_macron
data,sk,B2,1827,Unfug,nedarbs • nebūšana • piedauzīga rīcība,Występek • Nieobecność • Sprośny czyn,MARKER_LEAK,pl_l_s_z+pl_lt_nasal
data,sl,B2,1827,Unfug,nedarbs • nebūšana • piedauzīga rīcība,nedarbs • nebūšana • piedauzīga rīcība,SAME_AS_LV_CASEFOLD,exact
data,sl,B2,1827,Unfug,nedarbs • nebūšana • piedauzīga rīcība,nedarbs • nebūšana • piedauzīga rīcība,LV_DIACRITIC,
data,sl,B2,1827,Unfug,nedarbs • nebūšana • piedauzīga rīcība,nedarbs • nebūšana • piedauzīga rīcība,MARKER_LEAK,lv_macron_consonant+lv_u_macron
data,sq,B2,1827,Unfug,nedarbs • nebūšana • piedauzīga rīcība,Kabahat • Devamsızlık • Açık saçık davranış,MARKER_LEAK,tr_soft
data,bg,B2,1827,Unfug,nedarbs • nebūšana • piedauzīga rīcība,Проступок • Отсутствие • Непристойный поступок,FAMILY_COPY_STRICT,bg+hr+mk+ru+sr
data,hr,B2,1827,Unfug,nedarbs • nebūšana • piedauzīga rīcība,Проступок • Отсутствие • Непристойный поступок,FAMILY_COPY_STRICT,bg+hr+mk+ru+sr
data,mk,B2,1827,Unfug,nedarbs • nebūšana • piedauzīga rīcība,Проступок • Отсутствие • Непристойный поступок,FAMILY_COPY_STRICT,bg+hr+mk+ru+sr
data,ru,B2,1827,Unfug,nedarbs • nebūšana • piedauzīga rīcība,Проступок • Отсутствие • Непристойный поступок,FAMILY_COPY_STRICT,bg+hr+mk+ru+sr
data,sr,B2,1827,Unfug,nedarbs • nebūšana • piedauzīga rīcība,Проступок • Отсутствие • Непристойный поступок,FAMILY_COPY_STRICT,bg+hr+mk+ru+sr
data,fi,B2,1827,Unfug,nedarbs • nebūšana • piedauzīga rīcība,Üleastumine • Pahategu • Kohatu käitumine,FAMILY_COPY_STRICT,fi+is+nb+nn+sv
data,is,B2,1827,Unfug,nedarbs • nebūšana • piedauzīga rīcība,Üleastumine • Pahategu • Kohatu käitumine,FAMILY_COPY_STRICT,fi+is+nb+nn+sv
data,nb,B2,1827,Unfug,nedarbs • nebūšana • piedauzīga rīcība,Üleastumine • Pahategu • Kohatu käitumine,FAMILY_COPY_STRICT,fi+is+nb+nn+sv
data,nn,B2,1827,Unfug,nedarbs • nebūšana • piedauzīga rīcība,Üleastumine • Pahategu • Kohatu käitumine,FAMILY_COPY_STRICT,fi+is+nb+nn+sv
data,sv,B2,1827,Unfug,nedarbs • nebūšana • piedauzīga rīcība,Üleastumine • Pahategu • Kohatu käitumine,FAMILY_COPY_STRICT,fi+is+nb+nn+sv
data,it,B2,1827,Unfug,nedarbs • nebūšana • piedauzīga rīcība,Nedarbs • Nebūšana • Piedauzīga rīcība,FAMILY_COPY_STRICT,it+lb+nl+pt
data,lb,B2,1827,Unfug,nedarbs • nebūšana • piedauzīga rīcība,Nedarbs • Nebūšana • Piedauzīga rīcība,FAMILY_COPY_STRICT,it+lb+nl+pt
data,nl,B2,1827,Unfug,nedarbs • nebūšana • piedauzīga rīcība,Nedarbs • Nebūšana • Piedauzīga rīcība,FAMILY_COPY_STRICT,it+lb+nl+pt
data,pt,B2,1827,Unfug,nedarbs • nebūšana • piedauzīga rīcība,Nedarbs • Nebūšana • Piedauzīga rīcība,FAMILY_COPY_STRICT,it+lb+nl+pt
data,pl,B2,1827,Unfug,nedarbs • nebūšana • piedauzīga rīcība,Występek • Nieobecność • Sprośny czyn,FAMILY_COPY_STRICT,pl+sk
data,sk,B2,1827,Unfug,nedarbs • nebūšana • piedauzīga rīcība,Występek • Nieobecność • Sprośny czyn,FAMILY_COPY_STRICT,pl+sk
data,sq,B2,1827,Unfug,nedarbs • nebūšana • piedauzīga rīcība,Kabahat • Devamsızlık • Açık saçık davranış,FAMILY_COPY_STRICT,sq+tr
data,tr,B2,1827,Unfug,nedarbs • nebūšana • piedauzīga rīcība,Kabahat • Devamsızlık • Açık saçık davranış,FAMILY_COPY_STRICT,sq+tr
data,hr,B2,1828,ungeachtet,neraugoties uz • lai gan,Несмотря на • Хотя,SCRIPT_MISMATCH,
data,hr,B2,1828,ungeachtet,neraugoties uz • lai gan,Несмотря на • Хотя,MARKER_LEAK,foreign_script
data,it,B2,1828,ungeachtet,neraugoties uz • lai gan,Neraugoties uz • Lai gan,SAME_AS_LV_CASEFOLD,casefold_only
data,lb,B2,1828,ungeachtet,neraugoties uz • lai gan,Neraugoties uz • Lai gan,SAME_AS_LV_CASEFOLD,casefold_only
data,nl,B2,1828,ungeachtet,neraugoties uz • lai gan,Neraugoties uz • Lai gan,SAME_AS_LV_CASEFOLD,casefold_only
data,pt,B2,1828,ungeachtet,neraugoties uz • lai gan,Neraugoties uz • Lai gan,SAME_AS_LV_CASEFOLD,casefold_only
data,sl,B2,1828,ungeachtet,neraugoties uz • lai gan,neraugoties uz • lai gan,SAME_AS_LV_CASEFOLD,exact
data,sq,B2,1828,ungeachtet,neraugoties uz • lai gan,Rağmen • Rağmen,MARKER_LEAK,tr_soft
data,bg,B2,1828,ungeachtet,neraugoties uz • lai gan,Несмотря на • Хотя,FAMILY_COPY_STRICT,bg+hr+mk+ru+sr
data,hr,B2,1828,ungeachtet,neraugoties uz • lai gan,Несмотря на • Хотя,FAMILY_COPY_STRICT,bg+hr+mk+ru+sr
data,mk,B2,1828,ungeachtet,neraugoties uz • lai gan,Несмотря на • Хотя,FAMILY_COPY_STRICT,bg+hr+mk+ru+sr
data,ru,B2,1828,ungeachtet,neraugoties uz • lai gan,Несмотря на • Хотя,FAMILY_COPY_STRICT,bg+hr+mk+ru+sr
data,sr,B2,1828,ungeachtet,neraugoties uz • lai gan,Несмотря на • Хотя,FAMILY_COPY_STRICT,bg+hr+mk+ru+sr
data,fi,B2,1828,ungeachtet,neraugoties uz • lai gan,Hoolimata • Kuigi,FAMILY_COPY_STRICT,fi+is+nb+nn+sv
data,is,B2,1828,ungeachtet,neraugoties uz • lai gan,Hoolimata • Kuigi,FAMILY_COPY_STRICT,fi+is+nb+nn+sv
data,nb,B2,1828,ungeachtet,neraugoties uz • lai gan,Hoolimata • Kuigi,FAMILY_COPY_STRICT,fi+is+nb+nn+sv
data,nn,B2,1828,ungeachtet,neraugoties uz • lai gan,Hoolimata • Kuigi,FAMILY_COPY_STRICT,fi+is+nb+nn+sv
data,sv,B2,1828,ungeachtet,neraugoties uz • lai gan,Hoolimata • Kuigi,FAMILY_COPY_STRICT,fi+is+nb+nn+sv
data,it,B2,1828,ungeachtet,neraugoties uz • lai gan,Neraugoties uz • Lai gan,FAMILY_COPY_STRICT,it+lb+nl+pt
data,lb,B2,1828,ungeachtet,neraugoties uz • lai gan,Neraugoties uz • Lai gan,FAMILY_COPY_STRICT,it+lb+nl+pt
data,nl,B2,1828,ungeachtet,neraugoties uz • lai gan,Neraugoties uz • Lai gan,FAMILY_COPY_STRICT,it+lb+nl+pt
data,pt,B2,1828,ungeachtet,neraugoties uz • lai gan,Neraugoties uz • Lai gan,FAMILY_COPY_STRICT,it+lb+nl+pt
data,pl,B2,1828,ungeachtet,neraugoties uz • lai gan,Pomimo • Choć,FAMILY_COPY_STRICT,pl+sk
data,sk,B2,1828,ungeachtet,neraugoties uz • lai gan,Pomimo • Choć,FAMILY_COPY_STRICT,pl+sk
data,sq,B2,1828,ungeachtet,neraugoties uz • lai gan,Rağmen • Rağmen,FAMILY_COPY_STRICT,sq+tr
data,tr,B2,1828,ungeachtet,neraugoties uz • lai gan,Rağmen • Rağmen,FAMILY_COPY_STRICT,sq+tr
data,fi,B2,1829,ungerade,ne visai taisns • līks • nepārskaitlis,Mitte päris sirge • Kõver • Paaritu arv,MARKER_LEAK,et_otilde
data,hr,B2,1829,ungerade,ne visai taisns • līks • nepārskaitlis,Не совсем прямой • Кривой • Странный,SCRIPT_MISMATCH,
data,hr,B2,1829,ungerade,ne visai taisns • līks • nepārskaitlis,Не совсем прямой • Кривой • Странный,MARKER_LEAK,foreign_script
data,is,B2,1829,ungerade,ne visai taisns • līks • nepārskaitlis,Mitte päris sirge • Kõver • Paaritu arv,MARKER_LEAK,et_otilde
data,it,B2,1829,ungerade,ne visai taisns • līks • nepārskaitlis,Ne visai taisns • Līks • Nepārskaitlis,SAME_AS_LV_CASEFOLD,casefold_only
data,it,B2,1829,ungerade,ne visai taisns • līks • nepārskaitlis,Ne visai taisns • Līks • Nepārskaitlis,LV_DIACRITIC,
data,it,B2,1829,ungerade,ne visai taisns • līks • nepārskaitlis,Ne visai taisns • Līks • Nepārskaitlis,MARKER_LEAK,lv_macron_consonant
data,lb,B2,1829,ungerade,ne visai taisns • līks • nepārskaitlis,Ne visai taisns • Līks • Nepārskaitlis,SAME_AS_LV_CASEFOLD,casefold_only
data,lb,B2,1829,ungerade,ne visai taisns • līks • nepārskaitlis,Ne visai taisns • Līks • Nepārskaitlis,LV_DIACRITIC,
data,lb,B2,1829,ungerade,ne visai taisns • līks • nepārskaitlis,Ne visai taisns • Līks • Nepārskaitlis,MARKER_LEAK,lv_macron_consonant
data,nb,B2,1829,ungerade,ne visai taisns • līks • nepārskaitlis,Mitte päris sirge • Kõver • Paaritu arv,MARKER_LEAK,et_otilde
data,nl,B2,1829,ungerade,ne visai taisns • līks • nepārskaitlis,Ne visai taisns • Līks • Nepārskaitlis,SAME_AS_LV_CASEFOLD,casefold_only
data,nl,B2,1829,ungerade,ne visai taisns • līks • nepārskaitlis,Ne visai taisns • Līks • Nepārskaitlis,LV_DIACRITIC,
data,nl,B2,1829,ungerade,ne visai taisns • līks • nepārskaitlis,Ne visai taisns • Līks • Nepārskaitlis,MARKER_LEAK,lv_macron_consonant
data,nn,B2,1829,ungerade,ne visai taisns • līks • nepārskaitlis,Mitte päris sirge • Kõver • Paaritu arv,MARKER_LEAK,et_otilde
data,pt,B2,1829,ungerade,ne visai taisns • līks • nepārskaitlis,Ne visai taisns • Līks • Neparskaitlis,LV_DIACRITIC,
data,pt,B2,1829,ungerade,ne visai taisns • līks • nepārskaitlis,Ne visai taisns • Līks • Neparskaitlis,MARKER_LEAK,lv_macron_consonant
data,sk,B2,1829,ungerade,ne visai taisns • līks • nepārskaitlis,Nie całkiem proste • Krzywe • Dziwne,MARKER_LEAK,pl_l_s_z
data,sl,B2,1829,ungerade,ne visai taisns • līks • nepārskaitlis,ne visai taisns • līks • nepārskaitlis,SAME_AS_LV_CASEFOLD,exact
data,sl,B2,1829,ungerade,ne visai taisns • līks • nepārskaitlis,ne visai taisns • līks • nepārskaitlis,LV_DIACRITIC,
data,sl,B2,1829,ungerade,ne visai taisns • līks • nepārskaitlis,ne visai taisns • līks • nepārskaitlis,MARKER_LEAK,lv_macron_consonant
data,sq,B2,1829,ungerade,ne visai taisns • līks • nepārskaitlis,Pek düz değil • Eğri • Tuhaf,MARKER_LEAK,tr_soft
data,sv,B2,1829,ungerade,ne visai taisns • līks • nepārskaitlis,Mitte päris sirge • Kõver • Paaritu arv,MARKER_LEAK,et_otilde
data,bg,B2,1829,ungerade,ne visai taisns • līks • nepārskaitlis,Не совсем прямой • Кривой • Странный,FAMILY_COPY_STRICT,bg+hr+mk+ru+sr
data,hr,B2,1829,ungerade,ne visai taisns • līks • nepārskaitlis,Не совсем прямой • Кривой • Странный,FAMILY_COPY_STRICT,bg+hr+mk+ru+sr
data,mk,B2,1829,ungerade,ne visai taisns • līks • nepārskaitlis,Не совсем прямой • Кривой • Странный,FAMILY_COPY_STRICT,bg+hr+mk+ru+sr
data,ru,B2,1829,ungerade,ne visai taisns • līks • nepārskaitlis,Не совсем прямой • Кривой • Странный,FAMILY_COPY_STRICT,bg+hr+mk+ru+sr
data,sr,B2,1829,ungerade,ne visai taisns • līks • nepārskaitlis,Не совсем прямой • Кривой • Странный,FAMILY_COPY_STRICT,bg+hr+mk+ru+sr
data,fi,B2,1829,ungerade,ne visai taisns • līks • nepārskaitlis,Mitte päris sirge • Kõver • Paaritu arv,FAMILY_COPY_STRICT,fi+is+nb+nn+sv
data,is,B2,1829,ungerade,ne visai taisns • līks • nepārskaitlis,Mitte päris sirge • Kõver • Paaritu arv,FAMILY_COPY_STRICT,fi+is+nb+nn+sv
data,nb,B2,1829,ungerade,ne visai taisns • līks • nepārskaitlis,Mitte päris sirge • Kõver • Paaritu arv,FAMILY_COPY_STRICT,fi+is+nb+nn+sv
data,nn,B2,1829,ungerade,ne visai taisns • līks • nepārskaitlis,Mitte päris sirge • Kõver • Paaritu arv,FAMILY_COPY_STRICT,fi+is+nb+nn+sv
data,sv,B2,1829,ungerade,ne visai taisns • līks • nepārskaitlis,Mitte päris sirge • Kõver • Paaritu arv,FAMILY_COPY_STRICT,fi+is+nb+nn+sv
data,it,B2,1829,ungerade,ne visai taisns • līks • nepārskaitlis,Ne visai taisns • Līks • Nepārskaitlis,FAMILY_COPY_STRICT,it+lb+nl
data,lb,B2,1829,ungerade,ne visai taisns • līks • nepārskaitlis,Ne visai taisns • Līks • Nepārskaitlis,FAMILY_COPY_STRICT,it+lb+nl
data,nl,B2,1829,ungerade,ne visai taisns • līks • nepārskaitlis,Ne visai taisns • Līks • Nepārskaitlis,FAMILY_COPY_STRICT,it+lb+nl
data,pl,B2,1829,ungerade,ne visai taisns • līks • nepārskaitlis,Nie całkiem proste • Krzywe • Dziwne,FAMILY_COPY_STRICT,pl+sk
data,sk,B2,1829,ungerade,ne visai taisns • līks • nepārskaitlis,Nie całkiem proste • Krzywe • Dziwne,FAMILY_COPY_STRICT,pl+sk
data,sq,B2,1829,ungerade,ne visai taisns • līks • nepārskaitlis,Pek düz değil • Eğri • Tuhaf,FAMILY_COPY_STRICT,sq+tr
data,tr,B2,1829,ungerade,ne visai taisns • līks • nepārskaitlis,Pek düz değil • Eğri • Tuhaf,FAMILY_COPY_STRICT,sq+tr
data,hr,B2,1830,Union,savienība • ūnija,Союз • Союз,SCRIPT_MISMATCH,
data,hr,B2,1830,Union,savienība • ūnija,Союз • Союз,MARKER_LEAK,foreign_script
data,it,B2,1830,Union,savienība • ūnija,Savienība • Ūnija,SAME_AS_LV_CASEFOLD,casefold_only
data,it,B2,1830,Union,savienība • ūnija,Savienība • Ūnija,LV_DIACRITIC,
data,it,B2,1830,Union,savienība • ūnija,Savienība • Ūnija,MARKER_LEAK,lv_macron_consonant+lv_u_macron
data,lb,B2,1830,Union,savienība • ūnija,Savienība • Ūnija,SAME_AS_LV_CASEFOLD,casefold_only
data,lb,B2,1830,Union,savienība • ūnija,Savienība • Ūnija,LV_DIACRITIC,
data,lb,B2,1830,Union,savienība • ūnija,Savienība • Ūnija,MARKER_LEAK,lv_macron_consonant+lv_u_macron
data,nl,B2,1830,Union,savienība • ūnija,Savienība • Ūnija,SAME_AS_LV_CASEFOLD,casefold_only
data,nl,B2,1830,Union,savienība • ūnija,Savienība • Ūnija,LV_DIACRITIC,
data,nl,B2,1830,Union,savienība • ūnija,Savienība • Ūnija,MARKER_LEAK,lv_macron_consonant+lv_u_macron
data,pt,B2,1830,Union,savienība • ūnija,Savienība • Ūnija,SAME_AS_LV_CASEFOLD,casefold_only
data,pt,B2,1830,Union,savienība • ūnija,Savienība • Ūnija,LV_DIACRITIC,
data,pt,B2,1830,Union,savienība • ūnija,Savienība • Ūnija,MARKER_LEAK,lv_macron_consonant+lv_u_macron
data,sk,B2,1830,Union,savienība • ūnija,Związek • Związek,MARKER_LEAK,pl_lt_nasal
data,sl,B2,1830,Union,savienība • ūnija,savienība • ūnija,SAME_AS_LV_CASEFOLD,exact
data,sl,B2,1830,Union,savienība • ūnija,savienība • ūnija,LV_DIACRITIC,
data,sl,B2,1830,Union,savienība • ūnija,savienība • ūnija,MARKER_LEAK,lv_macron_consonant+lv_u_macron
data,sq,B2,1830,Union,savienība • ūnija,İlişki • İlişki,MARKER_LEAK,tr_soft
data,bg,B2,1830,Union,savienība • ūnija,Союз • Союз,FAMILY_COPY_STRICT,bg+hr+mk+ru+sr
data,hr,B2,1830,Union,savienība • ūnija,Союз • Союз,FAMILY_COPY_STRICT,bg+hr+mk+ru+sr
data,mk,B2,1830,Union,savienība • ūnija,Союз • Союз,FAMILY_COPY_STRICT,bg+hr+mk+ru+sr
data,ru,B2,1830,Union,savienība • ūnija,Союз • Союз,FAMILY_COPY_STRICT,bg+hr+mk+ru+sr
data,sr,B2,1830,Union,savienība • ūnija,Союз • Союз,FAMILY_COPY_STRICT,bg+hr+mk+ru+sr
data,da,B2,1830,Union,savienība • ūnija,Union • Union,FAMILY_COPY_STRICT,da+en
data,en,B2,1830,Union,savienība • ūnija,Union • Union,FAMILY_COPY_STRICT,da+en
data,fi,B2,1830,Union,savienība • ūnija,Liit • Unioon,FAMILY_COPY_STRICT,fi+is+nb+nn+sv
data,is,B2,1830,Union,savienība • ūnija,Liit • Unioon,FAMILY_COPY_STRICT,fi+is+nb+nn+sv
data,nb,B2,1830,Union,savienība • ūnija,Liit • Unioon,FAMILY_COPY_STRICT,fi+is+nb+nn+sv
data,nn,B2,1830,Union,savienība • ūnija,Liit • Unioon,FAMILY_COPY_STRICT,fi+is+nb+nn+sv
data,sv,B2,1830,Union,savienība • ūnija,Liit • Unioon,FAMILY_COPY_STRICT,fi+is+nb+nn+sv
data,it,B2,1830,Union,savienība • ūnija,Savienība • Ūnija,FAMILY_COPY_STRICT,it+lb+nl+pt
data,lb,B2,1830,Union,savienība • ūnija,Savienība • Ūnija,FAMILY_COPY_STRICT,it+lb+nl+pt
data,nl,B2,1830,Union,savienība • ūnija,Savienība • Ūnija,FAMILY_COPY_STRICT,it+lb+nl+pt
data,pt,B2,1830,Union,savienība • ūnija,Savienība • Ūnija,FAMILY_COPY_STRICT,it+lb+nl+pt
data,pl,B2,1830,Union,savienība • ūnija,Związek • Związek,FAMILY_COPY_STRICT,pl+sk
data,sk,B2,1830,Union,savienība • ūnija,Związek • Związek,FAMILY_COPY_STRICT,pl+sk
data,sq,B2,1830,Union,savienība • ūnija,İlişki • İlişki,FAMILY_COPY_STRICT,sq+tr
data,tr,B2,1830,Union,savienība • ūnija,İlişki • İlişki,FAMILY_COPY_STRICT,sq+tr
data,sl,B2,1831,Unkosten,izdevumi,izdevumi,SAME_AS_LV_CASEFOLD,exact
data,sr,B2,1831,Unkosten,izdevumi,Cijena,SCRIPT_MISMATCH,sr_as_cyrillic
data,sr,B2,1831,Unkosten,izdevumi,Cijena,MARKER_LEAK,latin_in_cyrillic
data,bg,B2,1831,Unkosten,izdevumi,Цена,FAMILY_COPY_STRICT,bg+mk
data,mk,B2,1831,Unkosten,izdevumi,Цена,FAMILY_COPY_STRICT,bg+mk
data,fi,B2,1831,Unkosten,izdevumi,Kulud,FAMILY_COPY_STRICT,fi+is+nb+nn+sv
data,is,B2,1831,Unkosten,izdevumi,Kulud,FAMILY_COPY_STRICT,fi+is+nb+nn+sv
data,nb,B2,1831,Unkosten,izdevumi,Kulud,FAMILY_COPY_STRICT,fi+is+nb+nn+sv
data,nn,B2,1831,Unkosten,izdevumi,Kulud,FAMILY_COPY_STRICT,fi+is+nb+nn+sv
data,sv,B2,1831,Unkosten,izdevumi,Kulud,FAMILY_COPY_STRICT,fi+is+nb+nn+sv
data,hr,B2,1831,Unkosten,izdevumi,Cijena,FAMILY_COPY_STRICT,hr+sr
data,sr,B2,1831,Unkosten,izdevumi,Cijena,FAMILY_COPY_STRICT,hr+sr
data,it,B2,1831,Unkosten,izdevumi,Uitgaven,FAMILY_COPY_STRICT,it+lb+nl+pt
data,lb,B2,1831,Unkosten,izdevumi,Uitgaven,FAMILY_COPY_STRICT,it+lb+nl+pt
data,nl,B2,1831,Unkosten,izdevumi,Uitgaven,FAMILY_COPY_STRICT,it+lb+nl+pt
data,pt,B2,1831,Unkosten,izdevumi,Uitgaven,FAMILY_COPY_STRICT,it+lb+nl+pt
data,pl,B2,1831,Unkosten,izdevumi,Wydatki,FAMILY_COPY_STRICT,pl+sk+sq+tr
data,sk,B2,1831,Unkosten,izdevumi,Wydatki,FAMILY_COPY_STRICT,pl+sk+sq+tr
data,sq,B2,1831,Unkosten,izdevumi,Wydatki,FAMILY_COPY_STRICT,pl+sk+sq+tr
data,tr,B2,1831,Unkosten,izdevumi,Wydatki,FAMILY_COPY_STRICT,pl+sk+sq+tr
data,hr,B2,1832,unmenschlich,necilvēcisks • necilvēcīgs,Бесчеловечный • Бесчеловечный,SCRIPT_MISMATCH,
data,hr,B2,1832,unmenschlich,necilvēcisks • necilvēcīgs,Бесчеловечный • Бесчеловечный,MARKER_LEAK,foreign_script
data,it,B2,1832,unmenschlich,necilvēcisks • necilvēcīgs,Necilvēcisks • Necilvēcīgs,SAME_AS_LV_CASEFOLD,casefold_only
data,it,B2,1832,unmenschlich,necilvēcisks • necilvēcīgs,Necilvēcisks • Necilvēcīgs,LV_DIACRITIC,
data,it,B2,1832,unmenschlich,necilvēcisks • necilvēcīgs,Necilvēcisks • Necilvēcīgs,MARKER_LEAK,lv_macron_consonant
data,lb,B2,1832,unmenschlich,necilvēcisks • necilvēcīgs,Necilvēcisks • Necilvēcīgs,SAME_AS_LV_CASEFOLD,casefold_only
data,lb,B2,1832,unmenschlich,necilvēcisks • necilvēcīgs,Necilvēcisks • Necilvēcīgs,LV_DIACRITIC,
data,lb,B2,1832,unmenschlich,necilvēcisks • necilvēcīgs,Necilvēcisks • Necilvēcīgs,MARKER_LEAK,lv_macron_consonant
data,nl,B2,1832,unmenschlich,necilvēcisks • necilvēcīgs,Necilvēcisks • Necilvēcīgs,SAME_AS_LV_CASEFOLD,casefold_only
data,nl,B2,1832,unmenschlich,necilvēcisks • necilvēcīgs,Necilvēcisks • Necilvēcīgs,LV_DIACRITIC,
data,nl,B2,1832,unmenschlich,necilvēcisks • necilvēcīgs,Necilvēcisks • Necilvēcīgs,MARKER_LEAK,lv_macron_consonant
data,pt,B2,1832,unmenschlich,necilvēcisks • necilvēcīgs,Necilvēcisks • Necilvēcīgs,SAME_AS_LV_CASEFOLD,casefold_only
data,pt,B2,1832,unmenschlich,necilvēcisks • necilvēcīgs,Necilvēcisks • Necilvēcīgs,LV_DIACRITIC,
data,pt,B2,1832,unmenschlich,necilvēcisks • necilvēcīgs,Necilvēcisks • Necilvēcīgs,MARKER_LEAK,lv_macron_consonant
data,sl,B2,1832,unmenschlich,necilvēcisks • necilvēcīgs,necilvēcisks • necilvēcīgs,SAME_AS_LV_CASEFOLD,exact
data,sl,B2,1832,unmenschlich,necilvēcisks • necilvēcīgs,necilvēcisks • necilvēcīgs,LV_DIACRITIC,
data,sl,B2,1832,unmenschlich,necilvēcisks • necilvēcīgs,necilvēcisks • necilvēcīgs,MARKER_LEAK,lv_macron_consonant
data,bg,B2,1832,unmenschlich,necilvēcisks • necilvēcīgs,Бесчеловечный • Бесчеловечный,FAMILY_COPY_STRICT,bg+hr+mk+ru+sr
data,hr,B2,1832,unmenschlich,necilvēcisks • necilvēcīgs,Бесчеловечный • Бесчеловечный,FAMILY_COPY_STRICT,bg+hr+mk+ru+sr
data,mk,B2,1832,unmenschlich,necilvēcisks • necilvēcīgs,Бесчеловечный • Бесчеловечный,FAMILY_COPY_STRICT,bg+hr+mk+ru+sr
data,ru,B2,1832,unmenschlich,necilvēcisks • necilvēcīgs,Бесчеловечный • Бесчеловечный,FAMILY_COPY_STRICT,bg+hr+mk+ru+sr
data,sr,B2,1832,unmenschlich,necilvēcisks • necilvēcīgs,Бесчеловечный • Бесчеловечный,FAMILY_COPY_STRICT,bg+hr+mk+ru+sr
data,fi,B2,1832,unmenschlich,necilvēcisks • necilvēcīgs,Ebainimlik,FAMILY_COPY_STRICT,fi+is+nb+nn+sv
data,is,B2,1832,unmenschlich,necilvēcisks • necilvēcīgs,Ebainimlik,FAMILY_COPY_STRICT,fi+is+nb+nn+sv
data,nb,B2,1832,unmenschlich,necilvēcisks • necilvēcīgs,Ebainimlik,FAMILY_COPY_STRICT,fi+is+nb+nn+sv
data,nn,B2,1832,unmenschlich,necilvēcisks • necilvēcīgs,Ebainimlik,FAMILY_COPY_STRICT,fi+is+nb+nn+sv
data,sv,B2,1832,unmenschlich,necilvēcisks • necilvēcīgs,Ebainimlik,FAMILY_COPY_STRICT,fi+is+nb+nn+sv
data,it,B2,1832,unmenschlich,necilvēcisks • necilvēcīgs,Necilvēcisks • Necilvēcīgs,FAMILY_COPY_STRICT,it+lb+nl+pt
data,lb,B2,1832,unmenschlich,necilvēcisks • necilvēcīgs,Necilvēcisks • Necilvēcīgs,FAMILY_COPY_STRICT,it+lb+nl+pt
data,nl,B2,1832,unmenschlich,necilvēcisks • necilvēcīgs,Necilvēcisks • Necilvēcīgs,FAMILY_COPY_STRICT,it+lb+nl+pt
data,pt,B2,1832,unmenschlich,necilvēcisks • necilvēcīgs,Necilvēcisks • Necilvēcīgs,FAMILY_COPY_STRICT,it+lb+nl+pt
data,pl,B2,1832,unmenschlich,necilvēcisks • necilvēcīgs,Nieludzki • Nieludzki,FAMILY_COPY_STRICT,pl+sk+sq+tr
data,sk,B2,1832,unmenschlich,necilvēcisks • necilvēcīgs,Nieludzki • Nieludzki,FAMILY_COPY_STRICT,pl+sk+sq+tr
data,sq,B2,1832,unmenschlich,necilvēcisks • necilvēcīgs,Nieludzki • Nieludzki,FAMILY_COPY_STRICT,pl+sk+sq+tr
data,tr,B2,1832,unmenschlich,necilvēcisks • necilvēcīgs,Nieludzki • Nieludzki,FAMILY_COPY_STRICT,pl+sk+sq+tr
data,fi,B2,1833,unnütz,nederīgs • nevajadzīgs • veltīgs,Kõlbmatu • Asjatu • Kasutu,MARKER_LEAK,et_otilde
data,hr,B2,1833,unnütz,nederīgs • nevajadzīgs • veltīgs,Бесполезный • Ненужный • Бесполезный,SCRIPT_MISMATCH,
data,hr,B2,1833,unnütz,nederīgs • nevajadzīgs • veltīgs,Бесполезный • Ненужный • Бесполезный,MARKER_LEAK,foreign_script
data,is,B2,1833,unnütz,nederīgs • nevajadzīgs • veltīgs,Kõlbmatu • Asjatu • Kasutu,MARKER_LEAK,et_otilde
data,it,B2,1833,unnütz,nederīgs • nevajadzīgs • veltīgs,Nederīgs • Nevajadzīgs • Veltīgs,SAME_AS_LV_CASEFOLD,casefold_only
data,it,B2,1833,unnütz,nederīgs • nevajadzīgs • veltīgs,Nederīgs • Nevajadzīgs • Veltīgs,LV_DIACRITIC,
data,it,B2,1833,unnütz,nederīgs • nevajadzīgs • veltīgs,Nederīgs • Nevajadzīgs • Veltīgs,MARKER_LEAK,lv_macron_consonant
data,lb,B2,1833,unnütz,nederīgs • nevajadzīgs • veltīgs,Nederīgs • Nevajadzīgs • Veltīgs,SAME_AS_LV_CASEFOLD,casefold_only
data,lb,B2,1833,unnütz,nederīgs • nevajadzīgs • veltīgs,Nederīgs • Nevajadzīgs • Veltīgs,LV_DIACRITIC,
data,lb,B2,1833,unnütz,nederīgs • nevajadzīgs • veltīgs,Nederīgs • Nevajadzīgs • Veltīgs,MARKER_LEAK,lv_macron_consonant
data,nb,B2,1833,unnütz,nederīgs • nevajadzīgs • veltīgs,Kõlbmatu • Asjatu • Kasutu,MARKER_LEAK,et_otilde
data,nl,B2,1833,unnütz,nederīgs • nevajadzīgs • veltīgs,Nederīgs • Nevajadzīgs • Veltīgs,SAME_AS_LV_CASEFOLD,casefold_only
data,nl,B2,1833,unnütz,nederīgs • nevajadzīgs • veltīgs,Nederīgs • Nevajadzīgs • Veltīgs,LV_DIACRITIC,
data,nl,B2,1833,unnütz,nederīgs • nevajadzīgs • veltīgs,Nederīgs • Nevajadzīgs • Veltīgs,MARKER_LEAK,lv_macron_consonant
data,nn,B2,1833,unnütz,nederīgs • nevajadzīgs • veltīgs,Kõlbmatu • Asjatu • Kasutu,MARKER_LEAK,et_otilde
data,pt,B2,1833,unnütz,nederīgs • nevajadzīgs • veltīgs,Nederīgs • Nevajadzīgs • Veltīgs,SAME_AS_LV_CASEFOLD,casefold_only
data,pt,B2,1833,unnütz,nederīgs • nevajadzīgs • veltīgs,Nederīgs • Nevajadzīgs • Veltīgs,LV_DIACRITIC,
data,pt,B2,1833,unnütz,nederīgs • nevajadzīgs • veltīgs,Nederīgs • Nevajadzīgs • Veltīgs,MARKER_LEAK,lv_macron_consonant
data,sk,B2,1833,unnütz,nederīgs • nevajadzīgs • veltīgs,Bezużyteczny • Niepotrzebny • Daremny,MARKER_LEAK,pl_l_s_z
data,sl,B2,1833,unnütz,nederīgs • nevajadzīgs • veltīgs,nederīgs • nevajadzīgs • veltīgs,SAME_AS_LV_CASEFOLD,exact
data,sl,B2,1833,unnütz,nederīgs • nevajadzīgs • veltīgs,nederīgs • nevajadzīgs • veltīgs,LV_DIACRITIC,
data,sl,B2,1833,unnütz,nederīgs • nevajadzīgs • veltīgs,nederīgs • nevajadzīgs • veltīgs,MARKER_LEAK,lv_macron_consonant
data,sq,B2,1833,unnütz,nederīgs • nevajadzīgs • veltīgs,Faydasız • Gereksiz • Faydasız,MARKER_LEAK,tr_soft
data,sv,B2,1833,unnütz,nederīgs • nevajadzīgs • veltīgs,Kõlbmatu • Asjatu • Kasutu,MARKER_LEAK,et_otilde
data,bg,B2,1833,unnütz,nederīgs • nevajadzīgs • veltīgs,Бесполезный • Ненужный • Бесполезный,FAMILY_COPY_STRICT,bg+hr+mk+ru+sr
data,hr,B2,1833,unnütz,nederīgs • nevajadzīgs • veltīgs,Бесполезный • Ненужный • Бесполезный,FAMILY_COPY_STRICT,bg+hr+mk+ru+sr
data,mk,B2,1833,unnütz,nederīgs • nevajadzīgs • veltīgs,Бесполезный • Ненужный • Бесполезный,FAMILY_COPY_STRICT,bg+hr+mk+ru+sr
data,ru,B2,1833,unnütz,nederīgs • nevajadzīgs • veltīgs,Бесполезный • Ненужный • Бесполезный,FAMILY_COPY_STRICT,bg+hr+mk+ru+sr
data,sr,B2,1833,unnütz,nederīgs • nevajadzīgs • veltīgs,Бесполезный • Ненужный • Бесполезный,FAMILY_COPY_STRICT,bg+hr+mk+ru+sr
data,fi,B2,1833,unnütz,nederīgs • nevajadzīgs • veltīgs,Kõlbmatu • Asjatu • Kasutu,FAMILY_COPY_STRICT,fi+is+nb+nn+sv
data,is,B2,1833,unnütz,nederīgs • nevajadzīgs • veltīgs,Kõlbmatu • Asjatu • Kasutu,FAMILY_COPY_STRICT,fi+is+nb+nn+sv
data,nb,B2,1833,unnütz,nederīgs • nevajadzīgs • veltīgs,Kõlbmatu • Asjatu • Kasutu,FAMILY_COPY_STRICT,fi+is+nb+nn+sv
data,nn,B2,1833,unnütz,nederīgs • nevajadzīgs • veltīgs,Kõlbmatu • Asjatu • Kasutu,FAMILY_COPY_STRICT,fi+is+nb+nn+sv
data,sv,B2,1833,unnütz,nederīgs • nevajadzīgs • veltīgs,Kõlbmatu • Asjatu • Kasutu,FAMILY_COPY_STRICT,fi+is+nb+nn+sv
data,it,B2,1833,unnütz,nederīgs • nevajadzīgs • veltīgs,Nederīgs • Nevajadzīgs • Veltīgs,FAMILY_COPY_STRICT,it+lb+nl+pt
data,lb,B2,1833,unnütz,nederīgs • nevajadzīgs • veltīgs,Nederīgs • Nevajadzīgs • Veltīgs,FAMILY_COPY_STRICT,it+lb+nl+pt
data,nl,B2,1833,unnütz,nederīgs • nevajadzīgs • veltīgs,Nederīgs • Nevajadzīgs • Veltīgs,FAMILY_COPY_STRICT,it+lb+nl+pt
data,pt,B2,1833,unnütz,nederīgs • nevajadzīgs • veltīgs,Nederīgs • Nevajadzīgs • Veltīgs,FAMILY_COPY_STRICT,it+lb+nl+pt
data,pl,B2,1833,unnütz,nederīgs • nevajadzīgs • veltīgs,Bezużyteczny • Niepotrzebny • Daremny,FAMILY_COPY_STRICT,pl+sk
data,sk,B2,1833,unnütz,nederīgs • nevajadzīgs • veltīgs,Bezużyteczny • Niepotrzebny • Daremny,FAMILY_COPY_STRICT,pl+sk
data,sq,B2,1833,unnütz,nederīgs • nevajadzīgs • veltīgs,Faydasız • Gereksiz • Faydasız,FAMILY_COPY_STRICT,sq+tr
data,tr,B2,1833,unnütz,nederīgs • nevajadzīgs • veltīgs,Faydasız • Gereksiz • Faydasız,FAMILY_COPY_STRICT,sq+tr
data,hr,B2,1834,Unstimmigkeit,nesaskaņas,Разногласия,SCRIPT_MISMATCH,
data,hr,B2,1834,Unstimmigkeit,nesaskaņas,Разногласия,MARKER_LEAK,foreign_script
data,it,B2,1834,Unstimmigkeit,nesaskaņas,Nesaskaņas,SAME_AS_LV_CASEFOLD,casefold_only
data,it,B2,1834,Unstimmigkeit,nesaskaņas,Nesaskaņas,LV_DIACRITIC,
data,it,B2,1834,Unstimmigkeit,nesaskaņas,Nesaskaņas,MARKER_LEAK,lv_macron_consonant
data,lb,B2,1834,Unstimmigkeit,nesaskaņas,Nesaskaņas,SAME_AS_LV_CASEFOLD,casefold_only
data,lb,B2,1834,Unstimmigkeit,nesaskaņas,Nesaskaņas,LV_DIACRITIC,
data,lb,B2,1834,Unstimmigkeit,nesaskaņas,Nesaskaņas,MARKER_LEAK,lv_macron_consonant
data,nl,B2,1834,Unstimmigkeit,nesaskaņas,Nesaskaņas,SAME_AS_LV_CASEFOLD,casefold_only
data,nl,B2,1834,Unstimmigkeit,nesaskaņas,Nesaskaņas,LV_DIACRITIC,
data,nl,B2,1834,Unstimmigkeit,nesaskaņas,Nesaskaņas,MARKER_LEAK,lv_macron_consonant
data,pt,B2,1834,Unstimmigkeit,nesaskaņas,Nesaskaņas,SAME_AS_LV_CASEFOLD,casefold_only
data,pt,B2,1834,Unstimmigkeit,nesaskaņas,Nesaskaņas,LV_DIACRITIC,
data,pt,B2,1834,Unstimmigkeit,nesaskaņas,Nesaskaņas,MARKER_LEAK,lv_macron_consonant
data,sl,B2,1834,Unstimmigkeit,nesaskaņas,nesaskaņas,SAME_AS_LV_CASEFOLD,exact
data,sl,B2,1834,Unstimmigkeit,nesaskaņas,nesaskaņas,LV_DIACRITIC,
data,sl,B2,1834,Unstimmigkeit,nesaskaņas,nesaskaņas,MARKER_LEAK,lv_macron_consonant
data,bg,B2,1834,Unstimmigkeit,nesaskaņas,Разногласия,FAMILY_COPY_STRICT,bg+hr+mk+ru+sr
data,hr,B2,1834,Unstimmigkeit,nesaskaņas,Разногласия,FAMILY_COPY_STRICT,bg+hr+mk+ru+sr
data,mk,B2,1834,Unstimmigkeit,nesaskaņas,Разногласия,FAMILY_COPY_STRICT,bg+hr+mk+ru+sr
data,ru,B2,1834,Unstimmigkeit,nesaskaņas,Разногласия,FAMILY_COPY_STRICT,bg+hr+mk+ru+sr
data,sr,B2,1834,Unstimmigkeit,nesaskaņas,Разногласия,FAMILY_COPY_STRICT,bg+hr+mk+ru+sr
data,fi,B2,1834,Unstimmigkeit,nesaskaņas,Erimeelsused,FAMILY_COPY_STRICT,fi+is+nb+nn+sv
data,is,B2,1834,Unstimmigkeit,nesaskaņas,Erimeelsused,FAMILY_COPY_STRICT,fi+is+nb+nn+sv
data,nb,B2,1834,Unstimmigkeit,nesaskaņas,Erimeelsused,FAMILY_COPY_STRICT,fi+is+nb+nn+sv
data,nn,B2,1834,Unstimmigkeit,nesaskaņas,Erimeelsused,FAMILY_COPY_STRICT,fi+is+nb+nn+sv
data,sv,B2,1834,Unstimmigkeit,nesaskaņas,Erimeelsused,FAMILY_COPY_STRICT,fi+is+nb+nn+sv
data,it,B2,1834,Unstimmigkeit,nesaskaņas,Nesaskaņas,FAMILY_COPY_STRICT,it+lb+nl+pt
data,lb,B2,1834,Unstimmigkeit,nesaskaņas,Nesaskaņas,FAMILY_COPY_STRICT,it+lb+nl+pt
data,nl,B2,1834,Unstimmigkeit,nesaskaņas,Nesaskaņas,FAMILY_COPY_STRICT,it+lb+nl+pt
data,pt,B2,1834,Unstimmigkeit,nesaskaņas,Nesaskaņas,FAMILY_COPY_STRICT,it+lb+nl+pt
data,pl,B2,1834,Unstimmigkeit,nesaskaņas,Nieporozumienia,FAMILY_COPY_STRICT,pl+sk+sq+tr
data,sk,B2,1834,Unstimmigkeit,nesaskaņas,Nieporozumienia,FAMILY_COPY_STRICT,pl+sk+sq+tr
data,sq,B2,1834,Unstimmigkeit,nesaskaņas,Nieporozumienia,FAMILY_COPY_STRICT,pl+sk+sq+tr
data,tr,B2,1834,Unstimmigkeit,nesaskaņas,Nieporozumienia,FAMILY_COPY_STRICT,pl+sk+sq+tr
data,hr,B2,1835,unterbreiten,paskaidrot • iesniegt,Объяснить • Представить,SCRIPT_MISMATCH,
data,hr,B2,1835,unterbreiten,paskaidrot • iesniegt,Объяснить • Представить,MARKER_LEAK,foreign_script
data,it,B2,1835,unterbreiten,paskaidrot • iesniegt,Paskaidrot • Iesniegt,SAME_AS_LV_CASEFOLD,casefold_only
data,lb,B2,1835,unterbreiten,paskaidrot • iesniegt,Paskaidrot • Iesniegt,SAME_AS_LV_CASEFOLD,casefold_only
data,nl,B2,1835,unterbreiten,paskaidrot • iesniegt,Paskaidrot • Iesniegt,SAME_AS_LV_CASEFOLD,casefold_only
data,pt,B2,1835,unterbreiten,paskaidrot • iesniegt,Paskaidrot • Iesniegt,SAME_AS_LV_CASEFOLD,casefold_only
data,sk,B2,1835,unterbreiten,paskaidrot • iesniegt,Wyjaśnić • Obecny,MARKER_LEAK,pl_l_s_z
data,sl,B2,1835,unterbreiten,paskaidrot • iesniegt,paskaidrot • iesniegt,SAME_AS_LV_CASEFOLD,exact
data,sq,B2,1835,unterbreiten,paskaidrot • iesniegt,Açıklamak • Sunmak,MARKER_LEAK,tr_soft
data,bg,B2,1835,unterbreiten,paskaidrot • iesniegt,Объяснить • Представить,FAMILY_COPY_STRICT,bg+hr+mk+ru+sr
data,hr,B2,1835,unterbreiten,paskaidrot • iesniegt,Объяснить • Представить,FAMILY_COPY_STRICT,bg+hr+mk+ru+sr
data,mk,B2,1835,unterbreiten,paskaidrot • iesniegt,Объяснить • Представить,FAMILY_COPY_STRICT,bg+hr+mk+ru+sr
data,ru,B2,1835,unterbreiten,paskaidrot • iesniegt,Объяснить • Представить,FAMILY_COPY_STRICT,bg+hr+mk+ru+sr
data,sr,B2,1835,unterbreiten,paskaidrot • iesniegt,Объяснить • Представить,FAMILY_COPY_STRICT,bg+hr+mk+ru+sr
data,fi,B2,1835,unterbreiten,paskaidrot • iesniegt,Selgitama • Esitama,FAMILY_COPY_STRICT,fi+is+nb+nn+sv
data,is,B2,1835,unterbreiten,paskaidrot • iesniegt,Selgitama • Esitama,FAMILY_COPY_STRICT,fi+is+nb+nn+sv
data,nb,B2,1835,unterbreiten,paskaidrot • iesniegt,Selgitama • Esitama,FAMILY_COPY_STRICT,fi+is+nb+nn+sv
data,nn,B2,1835,unterbreiten,paskaidrot • iesniegt,Selgitama • Esitama,FAMILY_COPY_STRICT,fi+is+nb+nn+sv
data,sv,B2,1835,unterbreiten,paskaidrot • iesniegt,Selgitama • Esitama,FAMILY_COPY_STRICT,fi+is+nb+nn+sv
data,it,B2,1835,unterbreiten,paskaidrot • iesniegt,Paskaidrot • Iesniegt,FAMILY_COPY_STRICT,it+lb+nl+pt
data,lb,B2,1835,unterbreiten,paskaidrot • iesniegt,Paskaidrot • Iesniegt,FAMILY_COPY_STRICT,it+lb+nl+pt
data,nl,B2,1835,unterbreiten,paskaidrot • iesniegt,Paskaidrot • Iesniegt,FAMILY_COPY_STRICT,it+lb+nl+pt
data,pt,B2,1835,unterbreiten,paskaidrot • iesniegt,Paskaidrot • Iesniegt,FAMILY_COPY_STRICT,it+lb+nl+pt
data,pl,B2,1835,unterbreiten,paskaidrot • iesniegt,Wyjaśnić • Obecny,FAMILY_COPY_STRICT,pl+sk
data,sk,B2,1835,unterbreiten,paskaidrot • iesniegt,Wyjaśnić • Obecny,FAMILY_COPY_STRICT,pl+sk
data,sq,B2,1835,unterbreiten,paskaidrot • iesniegt,Açıklamak • Sunmak,FAMILY_COPY_STRICT,sq+tr
data,tr,B2,1835,unterbreiten,paskaidrot • iesniegt,Açıklamak • Sunmak,FAMILY_COPY_STRICT,sq+tr
data,fi,B2,1836,unterdrücken,apspiest • nomākt,Rõhuma • Alla suruma,MARKER_LEAK,et_otilde
data,hr,B2,1836,unterdrücken,apspiest • nomākt,Подавлять • Подавлять,SCRIPT_MISMATCH,
data,hr,B2,1836,unterdrücken,apspiest • nomākt,Подавлять • Подавлять,MARKER_LEAK,foreign_script
data,is,B2,1836,unterdrücken,apspiest • nomākt,Rõhuma • Alla suruma,MARKER_LEAK,et_otilde
data,it,B2,1836,unterdrücken,apspiest • nomākt,Apspiest • Nomākt,SAME_AS_LV_CASEFOLD,casefold_only
data,it,B2,1836,unterdrücken,apspiest • nomākt,Apspiest • Nomākt,LV_DIACRITIC,
data,it,B2,1836,unterdrücken,apspiest • nomākt,Apspiest • Nomākt,MARKER_LEAK,lv_macron_consonant
data,lb,B2,1836,unterdrücken,apspiest • nomākt,Apspiest • Nomākt,SAME_AS_LV_CASEFOLD,casefold_only
data,lb,B2,1836,unterdrücken,apspiest • nomākt,Apspiest • Nomākt,LV_DIACRITIC,
data,lb,B2,1836,unterdrücken,apspiest • nomākt,Apspiest • Nomākt,MARKER_LEAK,lv_macron_consonant
data,nb,B2,1836,unterdrücken,apspiest • nomākt,Rõhuma • Alla suruma,MARKER_LEAK,et_otilde
data,nl,B2,1836,unterdrücken,apspiest • nomākt,Apspiest • Nomākt,SAME_AS_LV_CASEFOLD,casefold_only
data,nl,B2,1836,unterdrücken,apspiest • nomākt,Apspiest • Nomākt,LV_DIACRITIC,
data,nl,B2,1836,unterdrücken,apspiest • nomākt,Apspiest • Nomākt,MARKER_LEAK,lv_macron_consonant
data,nn,B2,1836,unterdrücken,apspiest • nomākt,Rõhuma • Alla suruma,MARKER_LEAK,et_otilde
data,pt,B2,1836,unterdrücken,apspiest • nomākt,Apspies • Nomākt,LV_DIACRITIC,
data,pt,B2,1836,unterdrücken,apspiest • nomākt,Apspies • Nomākt,MARKER_LEAK,lv_macron_consonant
data,sl,B2,1836,unterdrücken,apspiest • nomākt,apspiest • nomākt,SAME_AS_LV_CASEFOLD,exact
data,sl,B2,1836,unterdrücken,apspiest • nomākt,apspiest • nomākt,LV_DIACRITIC,
data,sl,B2,1836,unterdrücken,apspiest • nomākt,apspiest • nomākt,MARKER_LEAK,lv_macron_consonant
data,sq,B2,1836,unterdrücken,apspiest • nomākt,Bastır • Bastır,MARKER_LEAK,tr_soft
data,sv,B2,1836,unterdrücken,apspiest • nomākt,Rõhuma • Alla suruma,MARKER_LEAK,et_otilde
data,bg,B2,1836,unterdrücken,apspiest • nomākt,Подавлять • Подавлять,FAMILY_COPY_STRICT,bg+hr+mk+ru+sr
data,hr,B2,1836,unterdrücken,apspiest • nomākt,Подавлять • Подавлять,FAMILY_COPY_STRICT,bg+hr+mk+ru+sr
data,mk,B2,1836,unterdrücken,apspiest • nomākt,Подавлять • Подавлять,FAMILY_COPY_STRICT,bg+hr+mk+ru+sr
data,ru,B2,1836,unterdrücken,apspiest • nomākt,Подавлять • Подавлять,FAMILY_COPY_STRICT,bg+hr+mk+ru+sr
data,sr,B2,1836,unterdrücken,apspiest • nomākt,Подавлять • Подавлять,FAMILY_COPY_STRICT,bg+hr+mk+ru+sr
data,fi,B2,1836,unterdrücken,apspiest • nomākt,Rõhuma • Alla suruma,FAMILY_COPY_STRICT,fi+is+nb+nn+sv
data,is,B2,1836,unterdrücken,apspiest • nomākt,Rõhuma • Alla suruma,FAMILY_COPY_STRICT,fi+is+nb+nn+sv
data,nb,B2,1836,unterdrücken,apspiest • nomākt,Rõhuma • Alla suruma,FAMILY_COPY_STRICT,fi+is+nb+nn+sv
data,nn,B2,1836,unterdrücken,apspiest • nomākt,Rõhuma • Alla suruma,FAMILY_COPY_STRICT,fi+is+nb+nn+sv
data,sv,B2,1836,unterdrücken,apspiest • nomākt,Rõhuma • Alla suruma,FAMILY_COPY_STRICT,fi+is+nb+nn+sv
data,it,B2,1836,unterdrücken,apspiest • nomākt,Apspiest • Nomākt,FAMILY_COPY_STRICT,it+lb+nl
data,lb,B2,1836,unterdrücken,apspiest • nomākt,Apspiest • Nomākt,FAMILY_COPY_STRICT,it+lb+nl
data,nl,B2,1836,unterdrücken,apspiest • nomākt,Apspiest • Nomākt,FAMILY_COPY_STRICT,it+lb+nl
data,sq,B2,1836,unterdrücken,apspiest • nomākt,Bastır • Bastır,FAMILY_COPY_STRICT,sq+tr
data,tr,B2,1836,unterdrücken,apspiest • nomākt,Bastır • Bastır,FAMILY_COPY_STRICT,sq+tr
data,hr,B2,1837,untereinander,savā starpā • savstarpēji,Между собой • Взаимно,SCRIPT_MISMATCH,
data,hr,B2,1837,untereinander,savā starpā • savstarpēji,Между собой • Взаимно,MARKER_LEAK,foreign_script
data,it,B2,1837,untereinander,savā starpā • savstarpēji,Savā starpā • Savstarpēji,SAME_AS_LV_CASEFOLD,casefold_only
data,it,B2,1837,untereinander,savā starpā • savstarpēji,Savā starpā • Savstarpēji,LV_DIACRITIC,
data,it,B2,1837,untereinander,savā starpā • savstarpēji,Savā starpā • Savstarpēji,MARKER_LEAK,lv_macron_consonant
data,lb,B2,1837,untereinander,savā starpā • savstarpēji,Savā starpā • Savstarpēji,SAME_AS_LV_CASEFOLD,casefold_only
data,lb,B2,1837,untereinander,savā starpā • savstarpēji,Savā starpā • Savstarpēji,LV_DIACRITIC,
data,lb,B2,1837,untereinander,savā starpā • savstarpēji,Savā starpā • Savstarpēji,MARKER_LEAK,lv_macron_consonant
data,nl,B2,1837,untereinander,savā starpā • savstarpēji,Savā starpā • Savstarpēji,SAME_AS_LV_CASEFOLD,casefold_only
data,nl,B2,1837,untereinander,savā starpā • savstarpēji,Savā starpā • Savstarpēji,LV_DIACRITIC,
data,nl,B2,1837,untereinander,savā starpā • savstarpēji,Savā starpā • Savstarpēji,MARKER_LEAK,lv_macron_consonant
data,pt,B2,1837,untereinander,savā starpā • savstarpēji,Savā starpā • Savstarpēji,SAME_AS_LV_CASEFOLD,casefold_only
data,pt,B2,1837,untereinander,savā starpā • savstarpēji,Savā starpā • Savstarpēji,LV_DIACRITIC,
data,pt,B2,1837,untereinander,savā starpā • savstarpēji,Savā starpā • Savstarpēji,MARKER_LEAK,lv_macron_consonant
data,sl,B2,1837,untereinander,savā starpā • savstarpēji,savā starpā • savstarpēji,SAME_AS_LV_CASEFOLD,exact
data,sl,B2,1837,untereinander,savā starpā • savstarpēji,savā starpā • savstarpēji,LV_DIACRITIC,
data,sl,B2,1837,untereinander,savā starpā • savstarpēji,savā starpā • savstarpēji,MARKER_LEAK,lv_macron_consonant
data,sq,B2,1837,untereinander,savā starpā • savstarpēji,Birbirleri arasında • Birbirleri,MARKER_LEAK,tr_soft
data,bg,B2,1837,untereinander,savā starpā • savstarpēji,Между собой • Взаимно,FAMILY_COPY_STRICT,bg+hr+mk+ru+sr
data,hr,B2,1837,untereinander,savā starpā • savstarpēji,Между собой • Взаимно,FAMILY_COPY_STRICT,bg+hr+mk+ru+sr
data,mk,B2,1837,untereinander,savā starpā • savstarpēji,Между собой • Взаимно,FAMILY_COPY_STRICT,bg+hr+mk+ru+sr
data,ru,B2,1837,untereinander,savā starpā • savstarpēji,Между собой • Взаимно,FAMILY_COPY_STRICT,bg+hr+mk+ru+sr
data,sr,B2,1837,untereinander,savā starpā • savstarpēji,Между собой • Взаимно,FAMILY_COPY_STRICT,bg+hr+mk+ru+sr
data,fi,B2,1837,untereinander,savā starpā • savstarpēji,Omavahel • Vastastikku,FAMILY_COPY_STRICT,fi+is+nb+nn+sv
data,is,B2,1837,untereinander,savā starpā • savstarpēji,Omavahel • Vastastikku,FAMILY_COPY_STRICT,fi+is+nb+nn+sv
data,nb,B2,1837,untereinander,savā starpā • savstarpēji,Omavahel • Vastastikku,FAMILY_COPY_STRICT,fi+is+nb+nn+sv
data,nn,B2,1837,untereinander,savā starpā • savstarpēji,Omavahel • Vastastikku,FAMILY_COPY_STRICT,fi+is+nb+nn+sv
data,sv,B2,1837,untereinander,savā starpā • savstarpēji,Omavahel • Vastastikku,FAMILY_COPY_STRICT,fi+is+nb+nn+sv
data,it,B2,1837,untereinander,savā starpā • savstarpēji,Savā starpā • Savstarpēji,FAMILY_COPY_STRICT,it+lb+nl+pt
data,lb,B2,1837,untereinander,savā starpā • savstarpēji,Savā starpā • Savstarpēji,FAMILY_COPY_STRICT,it+lb+nl+pt
data,nl,B2,1837,untereinander,savā starpā • savstarpēji,Savā starpā • Savstarpēji,FAMILY_COPY_STRICT,it+lb+nl+pt
data,pt,B2,1837,untereinander,savā starpā • savstarpēji,Savā starpā • Savstarpēji,FAMILY_COPY_STRICT,it+lb+nl+pt
data,sq,B2,1837,untereinander,savā starpā • savstarpēji,Birbirleri arasında • Birbirleri,FAMILY_COPY_STRICT,sq+tr
data,tr,B2,1837,untereinander,savā starpā • savstarpēji,Birbirleri arasında • Birbirleri,FAMILY_COPY_STRICT,sq+tr
data,hr,B2,1838,Untergang,riets • norietēšana • bojāeja • sabrukums,Упадок • Упадок • Кончина • Крах,SCRIPT_MISMATCH,
data,hr,B2,1838,Untergang,riets • norietēšana • bojāeja • sabrukums,Упадок • Упадок • Кончина • Крах,MARKER_LEAK,foreign_script
data,it,B2,1838,Untergang,riets • norietēšana • bojāeja • sabrukums,Riets • Norietēšana • Bojāeja • Sabrukums,SAME_AS_LV_CASEFOLD,casefold_only
data,it,B2,1838,Untergang,riets • norietēšana • bojāeja • sabrukums,Riets • Norietēšana • Bojāeja • Sabrukums,LV_DIACRITIC,
data,it,B2,1838,Untergang,riets • norietēšana • bojāeja • sabrukums,Riets • Norietēšana • Bojāeja • Sabrukums,MARKER_LEAK,lv_macron_consonant
data,lb,B2,1838,Untergang,riets • norietēšana • bojāeja • sabrukums,Riets • Norietēšana • Bojāeja • Sabrukums,SAME_AS_LV_CASEFOLD,casefold_only
data,lb,B2,1838,Untergang,riets • norietēšana • bojāeja • sabrukums,Riets • Norietēšana • Bojāeja • Sabrukums,LV_DIACRITIC,
data,lb,B2,1838,Untergang,riets • norietēšana • bojāeja • sabrukums,Riets • Norietēšana • Bojāeja • Sabrukums,MARKER_LEAK,lv_macron_consonant
data,nl,B2,1838,Untergang,riets • norietēšana • bojāeja • sabrukums,Riets • Norietēšana • Bojāeja • Sabrukums,SAME_AS_LV_CASEFOLD,casefold_only
data,nl,B2,1838,Untergang,riets • norietēšana • bojāeja • sabrukums,Riets • Norietēšana • Bojāeja • Sabrukums,LV_DIACRITIC,
data,nl,B2,1838,Untergang,riets • norietēšana • bojāeja • sabrukums,Riets • Norietēšana • Bojāeja • Sabrukums,MARKER_LEAK,lv_macron_consonant
data,pt,B2,1838,Untergang,riets • norietēšana • bojāeja • sabrukums,Riets • Norietēšana • Bojāeja • Sabrukums,SAME_AS_LV_CASEFOLD,casefold_only
data,pt,B2,1838,Untergang,riets • norietēšana • bojāeja • sabrukums,Riets • Norietēšana • Bojāeja • Sabrukums,LV_DIACRITIC,
data,pt,B2,1838,Untergang,riets • norietēšana • bojāeja • sabrukums,Riets • Norietēšana • Bojāeja • Sabrukums,MARKER_LEAK,lv_macron_consonant
data,sl,B2,1838,Untergang,riets • norietēšana • bojāeja • sabrukums,riets • norietēšana • bojāeja • sabrukums,SAME_AS_LV_CASEFOLD,exact
data,sl,B2,1838,Untergang,riets • norietēšana • bojāeja • sabrukums,riets • norietēšana • bojāeja • sabrukums,LV_DIACRITIC,
data,sl,B2,1838,Untergang,riets • norietēšana • bojāeja • sabrukums,riets • norietēšana • bojāeja • sabrukums,MARKER_LEAK,lv_macron_consonant
data,bg,B2,1838,Untergang,riets • norietēšana • bojāeja • sabrukums,Упадок • Упадок • Кончина • Крах,FAMILY_COPY_STRICT,bg+hr+mk+ru+sr
data,hr,B2,1838,Untergang,riets • norietēšana • bojāeja • sabrukums,Упадок • Упадок • Кончина • Крах,FAMILY_COPY_STRICT,bg+hr+mk+ru+sr
data,mk,B2,1838,Untergang,riets • norietēšana • bojāeja • sabrukums,Упадок • Упадок • Кончина • Крах,FAMILY_COPY_STRICT,bg+hr+mk+ru+sr
data,ru,B2,1838,Untergang,riets • norietēšana • bojāeja • sabrukums,Упадок • Упадок • Кончина • Крах,FAMILY_COPY_STRICT,bg+hr+mk+ru+sr
data,sr,B2,1838,Untergang,riets • norietēšana • bojāeja • sabrukums,Упадок • Упадок • Кончина • Крах,FAMILY_COPY_STRICT,bg+hr+mk+ru+sr
data,fi,B2,1838,Untergang,riets • norietēšana • bojāeja • sabrukums,Loojang • Hukk • Kokkuvarisemine,FAMILY_COPY_STRICT,fi+is+nb+nn+sv
data,is,B2,1838,Untergang,riets • norietēšana • bojāeja • sabrukums,Loojang • Hukk • Kokkuvarisemine,FAMILY_COPY_STRICT,fi+is+nb+nn+sv
data,nb,B2,1838,Untergang,riets • norietēšana • bojāeja • sabrukums,Loojang • Hukk • Kokkuvarisemine,FAMILY_COPY_STRICT,fi+is+nb+nn+sv
data,nn,B2,1838,Untergang,riets • norietēšana • bojāeja • sabrukums,Loojang • Hukk • Kokkuvarisemine,FAMILY_COPY_STRICT,fi+is+nb+nn+sv
data,sv,B2,1838,Untergang,riets • norietēšana • bojāeja • sabrukums,Loojang • Hukk • Kokkuvarisemine,FAMILY_COPY_STRICT,fi+is+nb+nn+sv
data,it,B2,1838,Untergang,riets • norietēšana • bojāeja • sabrukums,Riets • Norietēšana • Bojāeja • Sabrukums,FAMILY_COPY_STRICT,it+lb+nl+pt
data,lb,B2,1838,Untergang,riets • norietēšana • bojāeja • sabrukums,Riets • Norietēšana • Bojāeja • Sabrukums,FAMILY_COPY_STRICT,it+lb+nl+pt
data,nl,B2,1838,Untergang,riets • norietēšana • bojāeja • sabrukums,Riets • Norietēšana • Bojāeja • Sabrukums,FAMILY_COPY_STRICT,it+lb+nl+pt
data,pt,B2,1838,Untergang,riets • norietēšana • bojāeja • sabrukums,Riets • Norietēšana • Bojāeja • Sabrukums,FAMILY_COPY_STRICT,it+lb+nl+pt
data,pl,B2,1838,Untergang,riets • norietēšana • bojāeja • sabrukums,Upadek • Upadek • Upadek • Upadek,FAMILY_COPY_STRICT,pl+sk+sq+tr
data,sk,B2,1838,Untergang,riets • norietēšana • bojāeja • sabrukums,Upadek • Upadek • Upadek • Upadek,FAMILY_COPY_STRICT,pl+sk+sq+tr
data,sq,B2,1838,Untergang,riets • norietēšana • bojāeja • sabrukums,Upadek • Upadek • Upadek • Upadek,FAMILY_COPY_STRICT,pl+sk+sq+tr
data,tr,B2,1838,Untergang,riets • norietēšana • bojāeja • sabrukums,Upadek • Upadek • Upadek • Upadek,FAMILY_COPY_STRICT,pl+sk+sq+tr
data,fi,B2,1839,Untergrund,pagrīde,Põrandaalune,MARKER_LEAK,et_otilde
data,hr,B2,1839,Untergrund,pagrīde,Под землей,SCRIPT_MISMATCH,
data,hr,B2,1839,Untergrund,pagrīde,Под землей,MARKER_LEAK,foreign_script
data,is,B2,1839,Untergrund,pagrīde,Põrandaalune,MARKER_LEAK,et_otilde
data,it,B2,1839,Untergrund,pagrīde,Pagrīde,SAME_AS_LV_CASEFOLD,casefold_only
data,it,B2,1839,Untergrund,pagrīde,Pagrīde,LV_DIACRITIC,
data,it,B2,1839,Untergrund,pagrīde,Pagrīde,MARKER_LEAK,lv_macron_consonant
data,lb,B2,1839,Untergrund,pagrīde,Pagrīde,SAME_AS_LV_CASEFOLD,casefold_only
data,lb,B2,1839,Untergrund,pagrīde,Pagrīde,LV_DIACRITIC,
data,lb,B2,1839,Untergrund,pagrīde,Pagrīde,MARKER_LEAK,lv_macron_consonant
data,nb,B2,1839,Untergrund,pagrīde,Põrandaalune,MARKER_LEAK,et_otilde
data,nl,B2,1839,Untergrund,pagrīde,Pagrīde,SAME_AS_LV_CASEFOLD,casefold_only
data,nl,B2,1839,Untergrund,pagrīde,Pagrīde,LV_DIACRITIC,
data,nl,B2,1839,Untergrund,pagrīde,Pagrīde,MARKER_LEAK,lv_macron_consonant
data,nn,B2,1839,Untergrund,pagrīde,Põrandaalune,MARKER_LEAK,et_otilde
data,sl,B2,1839,Untergrund,pagrīde,pagrīde,SAME_AS_LV_CASEFOLD,exact
data,sl,B2,1839,Untergrund,pagrīde,pagrīde,LV_DIACRITIC,
data,sl,B2,1839,Untergrund,pagrīde,pagrīde,MARKER_LEAK,lv_macron_consonant
data,sv,B2,1839,Untergrund,pagrīde,Põrandaalune,MARKER_LEAK,et_otilde
data,bg,B2,1839,Untergrund,pagrīde,Под землей,FAMILY_COPY_STRICT,bg+hr+mk+ru+sr
data,hr,B2,1839,Untergrund,pagrīde,Под землей,FAMILY_COPY_STRICT,bg+hr+mk+ru+sr
data,mk,B2,1839,Untergrund,pagrīde,Под землей,FAMILY_COPY_STRICT,bg+hr+mk+ru+sr
data,ru,B2,1839,Untergrund,pagrīde,Под землей,FAMILY_COPY_STRICT,bg+hr+mk+ru+sr
data,sr,B2,1839,Untergrund,pagrīde,Под землей,FAMILY_COPY_STRICT,bg+hr+mk+ru+sr
data,fi,B2,1839,Untergrund,pagrīde,Põrandaalune,FAMILY_COPY_STRICT,fi+is+nb+nn+sv
data,is,B2,1839,Untergrund,pagrīde,Põrandaalune,FAMILY_COPY_STRICT,fi+is+nb+nn+sv
data,nb,B2,1839,Untergrund,pagrīde,Põrandaalune,FAMILY_COPY_STRICT,fi+is+nb+nn+sv
data,nn,B2,1839,Untergrund,pagrīde,Põrandaalune,FAMILY_COPY_STRICT,fi+is+nb+nn+sv
data,sv,B2,1839,Untergrund,pagrīde,Põrandaalune,FAMILY_COPY_STRICT,fi+is+nb+nn+sv
data,it,B2,1839,Untergrund,pagrīde,Pagrīde,FAMILY_COPY_STRICT,it+lb+nl
data,lb,B2,1839,Untergrund,pagrīde,Pagrīde,FAMILY_COPY_STRICT,it+lb+nl
data,nl,B2,1839,Untergrund,pagrīde,Pagrīde,FAMILY_COPY_STRICT,it+lb+nl
data,pl,B2,1839,Untergrund,pagrīde,Podziemny,FAMILY_COPY_STRICT,pl+sk+sq+tr
data,sk,B2,1839,Untergrund,pagrīde,Podziemny,FAMILY_COPY_STRICT,pl+sk+sq+tr
data,sq,B2,1839,Untergrund,pagrīde,Podziemny,FAMILY_COPY_STRICT,pl+sk+sq+tr
data,tr,B2,1839,Untergrund,pagrīde,Podziemny,FAMILY_COPY_STRICT,pl+sk+sq+tr
data,hr,B2,1840,Unterhalt,apgādība • apgāde • apgādāšana,Снабжение • Снабжение • Снабжение,SCRIPT_MISMATCH,
data,hr,B2,1840,Unterhalt,apgādība • apgāde • apgādāšana,Снабжение • Снабжение • Снабжение,MARKER_LEAK,foreign_script
data,it,B2,1840,Unterhalt,apgādība • apgāde • apgādāšana,Apgādība • Apgāde • Apgādāšana,SAME_AS_LV_CASEFOLD,casefold_only
data,it,B2,1840,Unterhalt,apgādība • apgāde • apgādāšana,Apgādība • Apgāde • Apgādāšana,LV_DIACRITIC,
data,it,B2,1840,Unterhalt,apgādība • apgāde • apgādāšana,Apgādība • Apgāde • Apgādāšana,MARKER_LEAK,lv_macron_consonant
data,lb,B2,1840,Unterhalt,apgādība • apgāde • apgādāšana,Apgādība • Apgāde • Apgādāšana,SAME_AS_LV_CASEFOLD,casefold_only
data,lb,B2,1840,Unterhalt,apgādība • apgāde • apgādāšana,Apgādība • Apgāde • Apgādāšana,LV_DIACRITIC,
data,lb,B2,1840,Unterhalt,apgādība • apgāde • apgādāšana,Apgādība • Apgāde • Apgādāšana,MARKER_LEAK,lv_macron_consonant
data,nl,B2,1840,Unterhalt,apgādība • apgāde • apgādāšana,Apgādība • Apgāde • Apgādāšana,SAME_AS_LV_CASEFOLD,casefold_only
data,nl,B2,1840,Unterhalt,apgādība • apgāde • apgādāšana,Apgādība • Apgāde • Apgādāšana,LV_DIACRITIC,
data,nl,B2,1840,Unterhalt,apgādība • apgāde • apgādāšana,Apgādība • Apgāde • Apgādāšana,MARKER_LEAK,lv_macron_consonant
data,pt,B2,1840,Unterhalt,apgādība • apgāde • apgādāšana,Apgādība • Apgāde • Apgādāšana,SAME_AS_LV_CASEFOLD,casefold_only
data,pt,B2,1840,Unterhalt,apgādība • apgāde • apgādāšana,Apgādība • Apgāde • Apgādāšana,LV_DIACRITIC,
data,pt,B2,1840,Unterhalt,apgādība • apgāde • apgādāšana,Apgādība • Apgāde • Apgādāšana,MARKER_LEAK,lv_macron_consonant
data,sk,B2,1840,Unterhalt,apgādība • apgāde • apgādāšana,Podaż • Podaż • Podaż,MARKER_LEAK,pl_l_s_z
data,sl,B2,1840,Unterhalt,apgādība • apgāde • apgādāšana,apgādība • apgāde • apgādāšana,SAME_AS_LV_CASEFOLD,exact
data,sl,B2,1840,Unterhalt,apgādība • apgāde • apgādāšana,apgādība • apgāde • apgādāšana,LV_DIACRITIC,
data,sl,B2,1840,Unterhalt,apgādība • apgāde • apgādāšana,apgādība • apgāde • apgādāšana,MARKER_LEAK,lv_macron_consonant
data,bg,B2,1840,Unterhalt,apgādība • apgāde • apgādāšana,Снабжение • Снабжение • Снабжение,FAMILY_COPY_STRICT,bg+hr+mk+ru+sr
data,hr,B2,1840,Unterhalt,apgādība • apgāde • apgādāšana,Снабжение • Снабжение • Снабжение,FAMILY_COPY_STRICT,bg+hr+mk+ru+sr
data,mk,B2,1840,Unterhalt,apgādība • apgāde • apgādāšana,Снабжение • Снабжение • Снабжение,FAMILY_COPY_STRICT,bg+hr+mk+ru+sr
data,ru,B2,1840,Unterhalt,apgādība • apgāde • apgādāšana,Снабжение • Снабжение • Снабжение,FAMILY_COPY_STRICT,bg+hr+mk+ru+sr
data,sr,B2,1840,Unterhalt,apgādība • apgāde • apgādāšana,Снабжение • Снабжение • Снабжение,FAMILY_COPY_STRICT,bg+hr+mk+ru+sr
data,fi,B2,1840,Unterhalt,apgādība • apgāde • apgādāšana,Ülalpidamine • Varustamine,FAMILY_COPY_STRICT,fi+is+nb+nn+sv
data,is,B2,1840,Unterhalt,apgādība • apgāde • apgādāšana,Ülalpidamine • Varustamine,FAMILY_COPY_STRICT,fi+is+nb+nn+sv
data,nb,B2,1840,Unterhalt,apgādība • apgāde • apgādāšana,Ülalpidamine • Varustamine,FAMILY_COPY_STRICT,fi+is+nb+nn+sv
data,nn,B2,1840,Unterhalt,apgādība • apgāde • apgādāšana,Ülalpidamine • Varustamine,FAMILY_COPY_STRICT,fi+is+nb+nn+sv
data,sv,B2,1840,Unterhalt,apgādība • apgāde • apgādāšana,Ülalpidamine • Varustamine,FAMILY_COPY_STRICT,fi+is+nb+nn+sv
data,it,B2,1840,Unterhalt,apgādība • apgāde • apgādāšana,Apgādība • Apgāde • Apgādāšana,FAMILY_COPY_STRICT,it+lb+nl+pt
data,lb,B2,1840,Unterhalt,apgādība • apgāde • apgādāšana,Apgādība • Apgāde • Apgādāšana,FAMILY_COPY_STRICT,it+lb+nl+pt
data,nl,B2,1840,Unterhalt,apgādība • apgāde • apgādāšana,Apgādība • Apgāde • Apgādāšana,FAMILY_COPY_STRICT,it+lb+nl+pt
data,pt,B2,1840,Unterhalt,apgādība • apgāde • apgādāšana,Apgādība • Apgāde • Apgādāšana,FAMILY_COPY_STRICT,it+lb+nl+pt
data,pl,B2,1840,Unterhalt,apgādība • apgāde • apgādāšana,Podaż • Podaż • Podaż,FAMILY_COPY_STRICT,pl+sk
data,sk,B2,1840,Unterhalt,apgādība • apgāde • apgādāšana,Podaż • Podaż • Podaż,FAMILY_COPY_STRICT,pl+sk
data,sq,B2,1840,Unterhalt,apgādība • apgāde • apgādāšana,Arz • Arz • Arz,FAMILY_COPY_STRICT,sq+tr
data,tr,B2,1840,Unterhalt,apgādība • apgāde • apgādāšana,Arz • Arz • Arz,FAMILY_COPY_STRICT,sq+tr
data,hr,B2,1841,unterirdisch,apakšzemes-,Подземен -,SCRIPT_MISMATCH,
data,hr,B2,1841,unterirdisch,apakšzemes-,Подземен -,MARKER_LEAK,foreign_script
data,it,B2,1841,unterirdisch,apakšzemes-,Apakšzemes-,SAME_AS_LV_CASEFOLD,casefold_only
data,it,B2,1841,unterirdisch,apakšzemes-,Apakšzemes-,LV_DIACRITIC,
data,lb,B2,1841,unterirdisch,apakšzemes-,Apakšzemes-,SAME_AS_LV_CASEFOLD,casefold_only
data,lb,B2,1841,unterirdisch,apakšzemes-,Apakšzemes-,LV_DIACRITIC,
data,nl,B2,1841,unterirdisch,apakšzemes-,Apakšzemes-,SAME_AS_LV_CASEFOLD,casefold_only
data,nl,B2,1841,unterirdisch,apakšzemes-,Apakšzemes-,LV_DIACRITIC,
data,pt,B2,1841,unterirdisch,apakšzemes-,Apakšzemes-,SAME_AS_LV_CASEFOLD,casefold_only
data,pt,B2,1841,unterirdisch,apakšzemes-,Apakšzemes-,LV_DIACRITIC,
data,sl,B2,1841,unterirdisch,apakšzemes-,apakšzemes-,SAME_AS_LV_CASEFOLD,exact
data,bg,B2,1841,unterirdisch,apakšzemes-,Подземный-,FAMILY_COPY_STRICT,bg+ru
data,ru,B2,1841,unterirdisch,apakšzemes-,Подземный-,FAMILY_COPY_STRICT,bg+ru
data,fi,B2,1841,unterirdisch,apakšzemes-,Maa-alune,FAMILY_COPY_STRICT,fi+is+nb+nn+sv
data,is,B2,1841,unterirdisch,apakšzemes-,Maa-alune,FAMILY_COPY_STRICT,fi+is+nb+nn+sv
data,nb,B2,1841,unterirdisch,apakšzemes-,Maa-alune,FAMILY_COPY_STRICT,fi+is+nb+nn+sv
data,nn,B2,1841,unterirdisch,apakšzemes-,Maa-alune,FAMILY_COPY_STRICT,fi+is+nb+nn+sv
data,sv,B2,1841,unterirdisch,apakšzemes-,Maa-alune,FAMILY_COPY_STRICT,fi+is+nb+nn+sv
data,hr,B2,1841,unterirdisch,apakšzemes-,Подземен -,FAMILY_COPY_STRICT,hr+mk+sr
data,mk,B2,1841,unterirdisch,apakšzemes-,Подземен -,FAMILY_COPY_STRICT,hr+mk+sr
data,sr,B2,1841,unterirdisch,apakšzemes-,Подземен -,FAMILY_COPY_STRICT,hr+mk+sr
data,it,B2,1841,unterirdisch,apakšzemes-,Apakšzemes-,FAMILY_COPY_STRICT,it+lb+nl+pt
data,lb,B2,1841,unterirdisch,apakšzemes-,Apakšzemes-,FAMILY_COPY_STRICT,it+lb+nl+pt
data,nl,B2,1841,unterirdisch,apakšzemes-,Apakšzemes-,FAMILY_COPY_STRICT,it+lb+nl+pt
data,pt,B2,1841,unterirdisch,apakšzemes-,Apakšzemes-,FAMILY_COPY_STRICT,it+lb+nl+pt
data,pl,B2,1841,unterirdisch,apakšzemes-,Podziemny-,FAMILY_COPY_STRICT,pl+sk+sq+tr
data,sk,B2,1841,unterirdisch,apakšzemes-,Podziemny-,FAMILY_COPY_STRICT,pl+sk+sq+tr
data,sq,B2,1841,unterirdisch,apakšzemes-,Podziemny-,FAMILY_COPY_STRICT,pl+sk+sq+tr
data,tr,B2,1841,unterirdisch,apakšzemes-,Podziemny-,FAMILY_COPY_STRICT,pl+sk+sq+tr
data,hr,B2,1842,unterjochen,pakļaut jūgā,Подчинить себе,SCRIPT_MISMATCH,
data,hr,B2,1842,unterjochen,pakļaut jūgā,Подчинить себе,MARKER_LEAK,foreign_script
data,sk,B2,1842,unterjochen,pakļaut jūgā,Podporządkować,MARKER_LEAK,pl_lt_nasal
data,sl,B2,1842,unterjochen,pakļaut jūgā,pakļaut jūgā,SAME_AS_LV_CASEFOLD,exact
data,sl,B2,1842,unterjochen,pakļaut jūgā,pakļaut jūgā,LV_DIACRITIC,
data,sl,B2,1842,unterjochen,pakļaut jūgā,pakļaut jūgā,MARKER_LEAK,lv_macron_consonant+lv_u_macron
data,bg,B2,1842,unterjochen,pakļaut jūgā,Подчинить себе,FAMILY_COPY_STRICT,bg+hr+mk+ru+sr
data,hr,B2,1842,unterjochen,pakļaut jūgā,Подчинить себе,FAMILY_COPY_STRICT,bg+hr+mk+ru+sr
data,mk,B2,1842,unterjochen,pakļaut jūgā,Подчинить себе,FAMILY_COPY_STRICT,bg+hr+mk+ru+sr
data,ru,B2,1842,unterjochen,pakļaut jūgā,Подчинить себе,FAMILY_COPY_STRICT,bg+hr+mk+ru+sr
data,sr,B2,1842,unterjochen,pakļaut jūgā,Подчинить себе,FAMILY_COPY_STRICT,bg+hr+mk+ru+sr
data,fi,B2,1842,unterjochen,pakļaut jūgā,Ikke alla panema,FAMILY_COPY_STRICT,fi+is+nb+nn+sv
data,is,B2,1842,unterjochen,pakļaut jūgā,Ikke alla panema,FAMILY_COPY_STRICT,fi+is+nb+nn+sv
data,nb,B2,1842,unterjochen,pakļaut jūgā,Ikke alla panema,FAMILY_COPY_STRICT,fi+is+nb+nn+sv
data,nn,B2,1842,unterjochen,pakļaut jūgā,Ikke alla panema,FAMILY_COPY_STRICT,fi+is+nb+nn+sv
data,sv,B2,1842,unterjochen,pakļaut jūgā,Ikke alla panema,FAMILY_COPY_STRICT,fi+is+nb+nn+sv
data,it,B2,1842,unterjochen,pakļaut jūgā,Onderwerpen,FAMILY_COPY_STRICT,it+lb+nl
data,lb,B2,1842,unterjochen,pakļaut jūgā,Onderwerpen,FAMILY_COPY_STRICT,it+lb+nl
data,nl,B2,1842,unterjochen,pakļaut jūgā,Onderwerpen,FAMILY_COPY_STRICT,it+lb+nl
data,pl,B2,1842,unterjochen,pakļaut jūgā,Podporządkować,FAMILY_COPY_STRICT,pl+sk
data,sk,B2,1842,unterjochen,pakļaut jūgā,Podporządkować,FAMILY_COPY_STRICT,pl+sk
data,sq,B2,1842,unterjochen,pakļaut jūgā,Ast,FAMILY_COPY_STRICT,sq+tr
data,tr,B2,1842,unterjochen,pakļaut jūgā,Ast,FAMILY_COPY_STRICT,sq+tr
data,hr,B2,1843,Unterlage,paliekamais • paklājs • paliktnis • balsts • dati • dokumentācija,Постоянный • Коврик • Подушка • Поддержка • Данные • Документация,SCRIPT_MISMATCH,
data,hr,B2,1843,Unterlage,paliekamais • paklājs • paliktnis • balsts • dati • dokumentācija,Постоянный • Коврик • Подушка • Поддержка • Данные • Документация,MARKER_LEAK,foreign_script
data,it,B2,1843,Unterlage,paliekamais • paklājs • paliktnis • balsts • dati • dokumentācija,Paliekamais • Paklājs • Paliktnis • Balsts • Dati • Dokumentācija,SAME_AS_LV_CASEFOLD,casefold_only
data,it,B2,1843,Unterlage,paliekamais • paklājs • paliktnis • balsts • dati • dokumentācija,Paliekamais • Paklājs • Paliktnis • Balsts • Dati • Dokumentācija,LV_DIACRITIC,
data,it,B2,1843,Unterlage,paliekamais • paklājs • paliktnis • balsts • dati • dokumentācija,Paliekamais • Paklājs • Paliktnis • Balsts • Dati • Dokumentācija,MARKER_LEAK,lv_macron_consonant
data,lb,B2,1843,Unterlage,paliekamais • paklājs • paliktnis • balsts • dati • dokumentācija,Paliekamais • Paklājs • Paliktnis • Balsts • Dati • Dokumentācija,SAME_AS_LV_CASEFOLD,casefold_only
data,lb,B2,1843,Unterlage,paliekamais • paklājs • paliktnis • balsts • dati • dokumentācija,Paliekamais • Paklājs • Paliktnis • Balsts • Dati • Dokumentācija,LV_DIACRITIC,
data,lb,B2,1843,Unterlage,paliekamais • paklājs • paliktnis • balsts • dati • dokumentācija,Paliekamais • Paklājs • Paliktnis • Balsts • Dati • Dokumentācija,MARKER_LEAK,lv_macron_consonant
data,nl,B2,1843,Unterlage,paliekamais • paklājs • paliktnis • balsts • dati • dokumentācija,Paliekamais • Paklājs • Paliktnis • Balsts • Dati • Dokumentācija,SAME_AS_LV_CASEFOLD,casefold_only
data,nl,B2,1843,Unterlage,paliekamais • paklājs • paliktnis • balsts • dati • dokumentācija,Paliekamais • Paklājs • Paliktnis • Balsts • Dati • Dokumentācija,LV_DIACRITIC,
data,nl,B2,1843,Unterlage,paliekamais • paklājs • paliktnis • balsts • dati • dokumentācija,Paliekamais • Paklājs • Paliktnis • Balsts • Dati • Dokumentācija,MARKER_LEAK,lv_macron_consonant
data,pt,B2,1843,Unterlage,paliekamais • paklājs • paliktnis • balsts • dati • dokumentācija,Paliekamais • Paklājs • Paliktnis • Balsts • Dados • Documentācija,LV_DIACRITIC,
data,pt,B2,1843,Unterlage,paliekamais • paklājs • paliktnis • balsts • dati • dokumentācija,Paliekamais • Paklājs • Paliktnis • Balsts • Dados • Documentācija,MARKER_LEAK,lv_macron_consonant
data,sk,B2,1843,Unterlage,paliekamais • paklājs • paliktnis • balsts • dati • dokumentācija,Trwałe • Mata • Podkładka • Podpórka • Dane • Dokumentacja,MARKER_LEAK,pl_l_s_z
data,sl,B2,1843,Unterlage,paliekamais • paklājs • paliktnis • balsts • dati • dokumentācija,paliekamais • paklājs • paliktnis • balsts • dati • dokumentācija,SAME_AS_LV_CASEFOLD,exact
data,sl,B2,1843,Unterlage,paliekamais • paklājs • paliktnis • balsts • dati • dokumentācija,paliekamais • paklājs • paliktnis • balsts • dati • dokumentācija,LV_DIACRITIC,
data,sl,B2,1843,Unterlage,paliekamais • paklājs • paliktnis • balsts • dati • dokumentācija,paliekamais • paklājs • paliktnis • balsts • dati • dokumentācija,MARKER_LEAK,lv_macron_consonant
data,sq,B2,1843,Unterlage,paliekamais • paklājs • paliktnis • balsts • dati • dokumentācija,Dayanıklı • Mat • Ped • Destek • Veri • Dokümantasyon,MARKER_LEAK,tr_soft
data,bg,B2,1843,Unterlage,paliekamais • paklājs • paliktnis • balsts • dati • dokumentācija,Постоянный • Коврик • Подушка • Поддержка • Данные • Документация,FAMILY_COPY_STRICT,bg+hr+mk+ru+sr
data,hr,B2,1843,Unterlage,paliekamais • paklājs • paliktnis • balsts • dati • dokumentācija,Постоянный • Коврик • Подушка • Поддержка • Данные • Документация,FAMILY_COPY_STRICT,bg+hr+mk+ru+sr
data,mk,B2,1843,Unterlage,paliekamais • paklājs • paliktnis • balsts • dati • dokumentācija,Постоянный • Коврик • Подушка • Поддержка • Данные • Документация,FAMILY_COPY_STRICT,bg+hr+mk+ru+sr
data,ru,B2,1843,Unterlage,paliekamais • paklājs • paliktnis • balsts • dati • dokumentācija,Постоянный • Коврик • Подушка • Поддержка • Данные • Документация,FAMILY_COPY_STRICT,bg+hr+mk+ru+sr
data,sr,B2,1843,Unterlage,paliekamais • paklājs • paliktnis • balsts • dati • dokumentācija,Постоянный • Коврик • Подушка • Поддержка • Данные • Документация,FAMILY_COPY_STRICT,bg+hr+mk+ru+sr
data,fi,B2,1843,Unterlage,paliekamais • paklājs • paliktnis • balsts • dati • dokumentācija,Alus • Vaip • Toend • Andmed • Dokumentatsioon,FAMILY_COPY_STRICT,fi+is+nb+nn+sv
data,is,B2,1843,Unterlage,paliekamais • paklājs • paliktnis • balsts • dati • dokumentācija,Alus • Vaip • Toend • Andmed • Dokumentatsioon,FAMILY_COPY_STRICT,fi+is+nb+nn+sv
data,nb,B2,1843,Unterlage,paliekamais • paklājs • paliktnis • balsts • dati • dokumentācija,Alus • Vaip • Toend • Andmed • Dokumentatsioon,FAMILY_COPY_STRICT,fi+is+nb+nn+sv
data,nn,B2,1843,Unterlage,paliekamais • paklājs • paliktnis • balsts • dati • dokumentācija,Alus • Vaip • Toend • Andmed • Dokumentatsioon,FAMILY_COPY_STRICT,fi+is+nb+nn+sv
data,sv,B2,1843,Unterlage,paliekamais • paklājs • paliktnis • balsts • dati • dokumentācija,Alus • Vaip • Toend • Andmed • Dokumentatsioon,FAMILY_COPY_STRICT,fi+is+nb+nn+sv
data,it,B2,1843,Unterlage,paliekamais • paklājs • paliktnis • balsts • dati • dokumentācija,Paliekamais • Paklājs • Paliktnis • Balsts • Dati • Dokumentācija,FAMILY_COPY_STRICT,it+lb+nl
data,lb,B2,1843,Unterlage,paliekamais • paklājs • paliktnis • balsts • dati • dokumentācija,Paliekamais • Paklājs • Paliktnis • Balsts • Dati • Dokumentācija,FAMILY_COPY_STRICT,it+lb+nl
data,nl,B2,1843,Unterlage,paliekamais • paklājs • paliktnis • balsts • dati • dokumentācija,Paliekamais • Paklājs • Paliktnis • Balsts • Dati • Dokumentācija,FAMILY_COPY_STRICT,it+lb+nl
data,pl,B2,1843,Unterlage,paliekamais • paklājs • paliktnis • balsts • dati • dokumentācija,Trwałe • Mata • Podkładka • Podpórka • Dane • Dokumentacja,FAMILY_COPY_STRICT,pl+sk
data,sk,B2,1843,Unterlage,paliekamais • paklājs • paliktnis • balsts • dati • dokumentācija,Trwałe • Mata • Podkładka • Podpórka • Dane • Dokumentacja,FAMILY_COPY_STRICT,pl+sk
data,sq,B2,1843,Unterlage,paliekamais • paklājs • paliktnis • balsts • dati • dokumentācija,Dayanıklı • Mat • Ped • Destek • Veri • Dokümantasyon,FAMILY_COPY_STRICT,sq+tr
data,tr,B2,1843,Unterlage,paliekamais • paklājs • paliktnis • balsts • dati • dokumentācija,Dayanıklı • Mat • Ped • Destek • Veri • Dokümantasyon,FAMILY_COPY_STRICT,sq+tr
data,hr,B2,1844,unterlassen,kaut ko vairs nedarīt • neizdarīt,Перестать что-то делать • Не делать,SCRIPT_MISMATCH,
data,hr,B2,1844,unterlassen,kaut ko vairs nedarīt • neizdarīt,Перестать что-то делать • Не делать,MARKER_LEAK,foreign_script
data,it,B2,1844,unterlassen,kaut ko vairs nedarīt • neizdarīt,Kaut ko vairs nedarīt • Neizdarīt,SAME_AS_LV_CASEFOLD,casefold_only
data,it,B2,1844,unterlassen,kaut ko vairs nedarīt • neizdarīt,Kaut ko vairs nedarīt • Neizdarīt,LV_DIACRITIC,
data,it,B2,1844,unterlassen,kaut ko vairs nedarīt • neizdarīt,Kaut ko vairs nedarīt • Neizdarīt,MARKER_LEAK,lv_macron_consonant
data,lb,B2,1844,unterlassen,kaut ko vairs nedarīt • neizdarīt,Kaut ko vairs nedarīt • Neizdarīt,SAME_AS_LV_CASEFOLD,casefold_only
data,lb,B2,1844,unterlassen,kaut ko vairs nedarīt • neizdarīt,Kaut ko vairs nedarīt • Neizdarīt,LV_DIACRITIC,
data,lb,B2,1844,unterlassen,kaut ko vairs nedarīt • neizdarīt,Kaut ko vairs nedarīt • Neizdarīt,MARKER_LEAK,lv_macron_consonant
data,nl,B2,1844,unterlassen,kaut ko vairs nedarīt • neizdarīt,Kaut ko vairs nedarīt • Neizdarīt,SAME_AS_LV_CASEFOLD,casefold_only
data,nl,B2,1844,unterlassen,kaut ko vairs nedarīt • neizdarīt,Kaut ko vairs nedarīt • Neizdarīt,LV_DIACRITIC,
data,nl,B2,1844,unterlassen,kaut ko vairs nedarīt • neizdarīt,Kaut ko vairs nedarīt • Neizdarīt,MARKER_LEAK,lv_macron_consonant
data,pt,B2,1844,unterlassen,kaut ko vairs nedarīt • neizdarīt,Kaut ko vairs nedarīt • Neizdarīt,SAME_AS_LV_CASEFOLD,casefold_only
data,pt,B2,1844,unterlassen,kaut ko vairs nedarīt • neizdarīt,Kaut ko vairs nedarīt • Neizdarīt,LV_DIACRITIC,
data,pt,B2,1844,unterlassen,kaut ko vairs nedarīt • neizdarīt,Kaut ko vairs nedarīt • Neizdarīt,MARKER_LEAK,lv_macron_consonant
data,sk,B2,1844,unterlassen,kaut ko vairs nedarīt • neizdarīt,Przestać coś robić • Nie robić,MARKER_LEAK,pl_l_s_z
data,sl,B2,1844,unterlassen,kaut ko vairs nedarīt • neizdarīt,kaut ko vairs nedarīt • neizdarīt,SAME_AS_LV_CASEFOLD,exact
data,sl,B2,1844,unterlassen,kaut ko vairs nedarīt • neizdarīt,kaut ko vairs nedarīt • neizdarīt,LV_DIACRITIC,
data,sl,B2,1844,unterlassen,kaut ko vairs nedarīt • neizdarīt,kaut ko vairs nedarīt • neizdarīt,MARKER_LEAK,lv_macron_consonant
data,sq,B2,1844,unterlassen,kaut ko vairs nedarīt • neizdarīt,Bir şeyi yapmayı bırak • Bir şey yapmamak,MARKER_LEAK,tr_soft
data,bg,B2,1844,unterlassen,kaut ko vairs nedarīt • neizdarīt,Перестать что-то делать • Не делать,FAMILY_COPY_STRICT,bg+hr+mk+ru+sr
data,hr,B2,1844,unterlassen,kaut ko vairs nedarīt • neizdarīt,Перестать что-то делать • Не делать,FAMILY_COPY_STRICT,bg+hr+mk+ru+sr
data,mk,B2,1844,unterlassen,kaut ko vairs nedarīt • neizdarīt,Перестать что-то делать • Не делать,FAMILY_COPY_STRICT,bg+hr+mk+ru+sr
data,ru,B2,1844,unterlassen,kaut ko vairs nedarīt • neizdarīt,Перестать что-то делать • Не делать,FAMILY_COPY_STRICT,bg+hr+mk+ru+sr
data,sr,B2,1844,unterlassen,kaut ko vairs nedarīt • neizdarīt,Перестать что-то делать • Не делать,FAMILY_COPY_STRICT,bg+hr+mk+ru+sr
data,fi,B2,1844,unterlassen,kaut ko vairs nedarīt • neizdarīt,Millegi tegemata jätma,FAMILY_COPY_STRICT,fi+is+nb+nn+sv
data,is,B2,1844,unterlassen,kaut ko vairs nedarīt • neizdarīt,Millegi tegemata jätma,FAMILY_COPY_STRICT,fi+is+nb+nn+sv
data,nb,B2,1844,unterlassen,kaut ko vairs nedarīt • neizdarīt,Millegi tegemata jätma,FAMILY_COPY_STRICT,fi+is+nb+nn+sv
data,nn,B2,1844,unterlassen,kaut ko vairs nedarīt • neizdarīt,Millegi tegemata jätma,FAMILY_COPY_STRICT,fi+is+nb+nn+sv
data,sv,B2,1844,unterlassen,kaut ko vairs nedarīt • neizdarīt,Millegi tegemata jätma,FAMILY_COPY_STRICT,fi+is+nb+nn+sv
data,it,B2,1844,unterlassen,kaut ko vairs nedarīt • neizdarīt,Kaut ko vairs nedarīt • Neizdarīt,FAMILY_COPY_STRICT,it+lb+nl+pt
data,lb,B2,1844,unterlassen,kaut ko vairs nedarīt • neizdarīt,Kaut ko vairs nedarīt • Neizdarīt,FAMILY_COPY_STRICT,it+lb+nl+pt
data,nl,B2,1844,unterlassen,kaut ko vairs nedarīt • neizdarīt,Kaut ko vairs nedarīt • Neizdarīt,FAMILY_COPY_STRICT,it+lb+nl+pt
data,pt,B2,1844,unterlassen,kaut ko vairs nedarīt • neizdarīt,Kaut ko vairs nedarīt • Neizdarīt,FAMILY_COPY_STRICT,it+lb+nl+pt
data,pl,B2,1844,unterlassen,kaut ko vairs nedarīt • neizdarīt,Przestać coś robić • Nie robić,FAMILY_COPY_STRICT,pl+sk
data,sk,B2,1844,unterlassen,kaut ko vairs nedarīt • neizdarīt,Przestać coś robić • Nie robić,FAMILY_COPY_STRICT,pl+sk
data,sq,B2,1844,unterlassen,kaut ko vairs nedarīt • neizdarīt,Bir şeyi yapmayı bırak • Bir şey yapmamak,FAMILY_COPY_STRICT,sq+tr
data,tr,B2,1844,unterlassen,kaut ko vairs nedarīt • neizdarīt,Bir şeyi yapmayı bırak • Bir şey yapmamak,FAMILY_COPY_STRICT,sq+tr
data,it,B2,1845,unterordnen,pakārtot • pakļaut,Pakārtot • Pakļaut,SAME_AS_LV_CASEFOLD,casefold_only
data,it,B2,1845,unterordnen,pakārtot • pakļaut,Pakārtot • Pakļaut,LV_DIACRITIC,
data,it,B2,1845,unterordnen,pakārtot • pakļaut,Pakārtot • Pakļaut,MARKER_LEAK,lv_macron_consonant
data,lb,B2,1845,unterordnen,pakārtot • pakļaut,Pakārtot • Pakļaut,SAME_AS_LV_CASEFOLD,casefold_only
data,lb,B2,1845,unterordnen,pakārtot • pakļaut,Pakārtot • Pakļaut,LV_DIACRITIC,
data,lb,B2,1845,unterordnen,pakārtot • pakļaut,Pakārtot • Pakļaut,MARKER_LEAK,lv_macron_consonant
data,nl,B2,1845,unterordnen,pakārtot • pakļaut,Pakārtot • Pakļaut,SAME_AS_LV_CASEFOLD,casefold_only
data,nl,B2,1845,unterordnen,pakārtot • pakļaut,Pakārtot • Pakļaut,LV_DIACRITIC,
data,nl,B2,1845,unterordnen,pakārtot • pakļaut,Pakārtot • Pakļaut,MARKER_LEAK,lv_macron_consonant
data,pt,B2,1845,unterordnen,pakārtot • pakļaut,Pakārtot • Pakļaut,SAME_AS_LV_CASEFOLD,casefold_only
data,pt,B2,1845,unterordnen,pakārtot • pakļaut,Pakārtot • Pakļaut,LV_DIACRITIC,
data,pt,B2,1845,unterordnen,pakārtot • pakļaut,Pakārtot • Pakļaut,MARKER_LEAK,lv_macron_consonant
data,sk,B2,1845,unterordnen,pakārtot • pakļaut,Podrzędny • Podmiot,MARKER_LEAK,pl_lt_nasal
data,sl,B2,1845,unterordnen,pakārtot • pakļaut,pakārtot • pakļaut,SAME_AS_LV_CASEFOLD,exact
data,sl,B2,1845,unterordnen,pakārtot • pakļaut,pakārtot • pakļaut,LV_DIACRITIC,
data,sl,B2,1845,unterordnen,pakārtot • pakļaut,pakārtot • pakļaut,MARKER_LEAK,lv_macron_consonant
data,sr,B2,1845,unterordnen,pakārtot • pakļaut,Urejeno • Predmet,SCRIPT_MISMATCH,sr_as_cyrillic
data,sr,B2,1845,unterordnen,pakārtot • pakļaut,Urejeno • Predmet,MARKER_LEAK,latin_in_cyrillic
data,bg,B2,1845,unterordnen,pakārtot • pakļaut,Подчиненный • Субъект,FAMILY_COPY_STRICT,bg+ru
data,ru,B2,1845,unterordnen,pakārtot • pakļaut,Подчиненный • Субъект,FAMILY_COPY_STRICT,bg+ru
data,fi,B2,1845,unterordnen,pakārtot • pakļaut,Allutama,FAMILY_COPY_STRICT,fi+is+nb+nn+sv
data,is,B2,1845,unterordnen,pakārtot • pakļaut,Allutama,FAMILY_COPY_STRICT,fi+is+nb+nn+sv
data,nb,B2,1845,unterordnen,pakārtot • pakļaut,Allutama,FAMILY_COPY_STRICT,fi+is+nb+nn+sv
data,nn,B2,1845,unterordnen,pakārtot • pakļaut,Allutama,FAMILY_COPY_STRICT,fi+is+nb+nn+sv
data,sv,B2,1845,unterordnen,pakārtot • pakļaut,Allutama,FAMILY_COPY_STRICT,fi+is+nb+nn+sv
data,hr,B2,1845,unterordnen,pakārtot • pakļaut,Urejeno • Predmet,FAMILY_COPY_STRICT,hr+sr
data,sr,B2,1845,unterordnen,pakārtot • pakļaut,Urejeno • Predmet,FAMILY_COPY_STRICT,hr+sr
data,it,B2,1845,unterordnen,pakārtot • pakļaut,Pakārtot • Pakļaut,FAMILY_COPY_STRICT,it+lb+nl+pt
data,lb,B2,1845,unterordnen,pakārtot • pakļaut,Pakārtot • Pakļaut,FAMILY_COPY_STRICT,it+lb+nl+pt
data,nl,B2,1845,unterordnen,pakārtot • pakļaut,Pakārtot • Pakļaut,FAMILY_COPY_STRICT,it+lb+nl+pt
data,pt,B2,1845,unterordnen,pakārtot • pakļaut,Pakārtot • Pakļaut,FAMILY_COPY_STRICT,it+lb+nl+pt
data,pl,B2,1845,unterordnen,pakārtot • pakļaut,Podrzędny • Podmiot,FAMILY_COPY_STRICT,pl+sk
data,sk,B2,1845,unterordnen,pakārtot • pakļaut,Podrzędny • Podmiot,FAMILY_COPY_STRICT,pl+sk
data,sq,B2,1845,unterordnen,pakārtot • pakļaut,Alt • Konu,FAMILY_COPY_STRICT,sq+tr
data,tr,B2,1845,unterordnen,pakārtot • pakļaut,Alt • Konu,FAMILY_COPY_STRICT,sq+tr
data,hr,B2,1846,unterschlagen,piesavināties,Присваивать,SCRIPT_MISMATCH,
data,hr,B2,1846,unterschlagen,piesavināties,Присваивать,MARKER_LEAK,foreign_script
data,it,B2,1846,unterschlagen,piesavināties,Piesavināties,SAME_AS_LV_CASEFOLD,casefold_only
data,it,B2,1846,unterschlagen,piesavināties,Piesavināties,LV_DIACRITIC,
data,it,B2,1846,unterschlagen,piesavināties,Piesavināties,MARKER_LEAK,lv_macron_consonant
data,lb,B2,1846,unterschlagen,piesavināties,Piesavināties,SAME_AS_LV_CASEFOLD,casefold_only
data,lb,B2,1846,unterschlagen,piesavināties,Piesavināties,LV_DIACRITIC,
data,lb,B2,1846,unterschlagen,piesavināties,Piesavināties,MARKER_LEAK,lv_macron_consonant
data,nl,B2,1846,unterschlagen,piesavināties,Piesavināties,SAME_AS_LV_CASEFOLD,casefold_only
data,nl,B2,1846,unterschlagen,piesavināties,Piesavināties,LV_DIACRITIC,
data,nl,B2,1846,unterschlagen,piesavināties,Piesavināties,MARKER_LEAK,lv_macron_consonant
data,pt,B2,1846,unterschlagen,piesavināties,Piesavināties,SAME_AS_LV_CASEFOLD,casefold_only
data,pt,B2,1846,unterschlagen,piesavināties,Piesavināties,LV_DIACRITIC,
data,pt,B2,1846,unterschlagen,piesavināties,Piesavināties,MARKER_LEAK,lv_macron_consonant
data,sl,B2,1846,unterschlagen,piesavināties,piesavināties,SAME_AS_LV_CASEFOLD,exact
data,sl,B2,1846,unterschlagen,piesavināties,piesavināties,LV_DIACRITIC,
data,sl,B2,1846,unterschlagen,piesavināties,piesavināties,MARKER_LEAK,lv_macron_consonant
data,bg,B2,1846,unterschlagen,piesavināties,Присваивать,FAMILY_COPY_STRICT,bg+hr+mk+ru+sr
data,hr,B2,1846,unterschlagen,piesavināties,Присваивать,FAMILY_COPY_STRICT,bg+hr+mk+ru+sr
data,mk,B2,1846,unterschlagen,piesavināties,Присваивать,FAMILY_COPY_STRICT,bg+hr+mk+ru+sr
data,ru,B2,1846,unterschlagen,piesavināties,Присваивать,FAMILY_COPY_STRICT,bg+hr+mk+ru+sr
data,sr,B2,1846,unterschlagen,piesavināties,Присваивать,FAMILY_COPY_STRICT,bg+hr+mk+ru+sr
data,fi,B2,1846,unterschlagen,piesavināties,Omastama,FAMILY_COPY_STRICT,fi+is+nb+nn+sv
data,is,B2,1846,unterschlagen,piesavināties,Omastama,FAMILY_COPY_STRICT,fi+is+nb+nn+sv
data,nb,B2,1846,unterschlagen,piesavināties,Omastama,FAMILY_COPY_STRICT,fi+is+nb+nn+sv
data,nn,B2,1846,unterschlagen,piesavināties,Omastama,FAMILY_COPY_STRICT,fi+is+nb+nn+sv
data,sv,B2,1846,unterschlagen,piesavināties,Omastama,FAMILY_COPY_STRICT,fi+is+nb+nn+sv
data,it,B2,1846,unterschlagen,piesavināties,Piesavināties,FAMILY_COPY_STRICT,it+lb+nl+pt
data,lb,B2,1846,unterschlagen,piesavināties,Piesavināties,FAMILY_COPY_STRICT,it+lb+nl+pt
data,nl,B2,1846,unterschlagen,piesavināties,Piesavināties,FAMILY_COPY_STRICT,it+lb+nl+pt
data,pt,B2,1846,unterschlagen,piesavināties,Piesavināties,FAMILY_COPY_STRICT,it+lb+nl+pt
data,pl,B2,1846,unterschlagen,piesavināties,Do odpowiedniego,FAMILY_COPY_STRICT,pl+sk+sq+tr
data,sk,B2,1846,unterschlagen,piesavināties,Do odpowiedniego,FAMILY_COPY_STRICT,pl+sk+sq+tr
data,sq,B2,1846,unterschlagen,piesavināties,Do odpowiedniego,FAMILY_COPY_STRICT,pl+sk+sq+tr
data,tr,B2,1846,unterschlagen,piesavināties,Do odpowiedniego,FAMILY_COPY_STRICT,pl+sk+sq+tr
data,hr,B2,1847,Unterstellung,apmelojums,Клевета,SCRIPT_MISMATCH,
data,hr,B2,1847,Unterstellung,apmelojums,Клевета,MARKER_LEAK,foreign_script
data,it,B2,1847,Unterstellung,apmelojums,Apmelojums,SAME_AS_LV_CASEFOLD,casefold_only
data,lb,B2,1847,Unterstellung,apmelojums,Apmelojums,SAME_AS_LV_CASEFOLD,casefold_only
data,nl,B2,1847,Unterstellung,apmelojums,Apmelojums,SAME_AS_LV_CASEFOLD,casefold_only
data,sl,B2,1847,Unterstellung,apmelojums,apmelojums,SAME_AS_LV_CASEFOLD,exact
data,bg,B2,1847,Unterstellung,apmelojums,Клевета,FAMILY_COPY_STRICT,bg+hr+mk+ru+sr
data,hr,B2,1847,Unterstellung,apmelojums,Клевета,FAMILY_COPY_STRICT,bg+hr+mk+ru+sr
data,mk,B2,1847,Unterstellung,apmelojums,Клевета,FAMILY_COPY_STRICT,bg+hr+mk+ru+sr
data,ru,B2,1847,Unterstellung,apmelojums,Клевета,FAMILY_COPY_STRICT,bg+hr+mk+ru+sr
data,sr,B2,1847,Unterstellung,apmelojums,Клевета,FAMILY_COPY_STRICT,bg+hr+mk+ru+sr
data,fi,B2,1847,Unterstellung,apmelojums,Laim,FAMILY_COPY_STRICT,fi+is+nb+nn+sv
data,is,B2,1847,Unterstellung,apmelojums,Laim,FAMILY_COPY_STRICT,fi+is+nb+nn+sv
data,nb,B2,1847,Unterstellung,apmelojums,Laim,FAMILY_COPY_STRICT,fi+is+nb+nn+sv
data,nn,B2,1847,Unterstellung,apmelojums,Laim,FAMILY_COPY_STRICT,fi+is+nb+nn+sv
data,sv,B2,1847,Unterstellung,apmelojums,Laim,FAMILY_COPY_STRICT,fi+is+nb+nn+sv
data,it,B2,1847,Unterstellung,apmelojums,Apmelojums,FAMILY_COPY_STRICT,it+lb+nl
data,lb,B2,1847,Unterstellung,apmelojums,Apmelojums,FAMILY_COPY_STRICT,it+lb+nl
data,nl,B2,1847,Unterstellung,apmelojums,Apmelojums,FAMILY_COPY_STRICT,it+lb+nl
data,pl,B2,1847,Unterstellung,apmelojums,Oszczerstwo,FAMILY_COPY_STRICT,pl+sk+sq+tr
data,sk,B2,1847,Unterstellung,apmelojums,Oszczerstwo,FAMILY_COPY_STRICT,pl+sk+sq+tr
data,sq,B2,1847,Unterstellung,apmelojums,Oszczerstwo,FAMILY_COPY_STRICT,pl+sk+sq+tr
data,tr,B2,1847,Unterstellung,apmelojums,Oszczerstwo,FAMILY_COPY_STRICT,pl+sk+sq+tr
data,hr,B2,1848,Untertan,pavalstnieks,Гражданин,SCRIPT_MISMATCH,
data,hr,B2,1848,Untertan,pavalstnieks,Гражданин,MARKER_LEAK,foreign_script
data,it,B2,1848,Untertan,pavalstnieks,Pavalstnieks,SAME_AS_LV_CASEFOLD,casefold_only
data,lb,B2,1848,Untertan,pavalstnieks,Pavalstnieks,SAME_AS_LV_CASEFOLD,casefold_only
data,nl,B2,1848,Untertan,pavalstnieks,Pavalstnieks,SAME_AS_LV_CASEFOLD,casefold_only
data,sl,B2,1848,Untertan,pavalstnieks,pavalstnieks,SAME_AS_LV_CASEFOLD,exact
data,bg,B2,1848,Untertan,pavalstnieks,Гражданин,FAMILY_COPY_STRICT,bg+hr+mk+ru+sr
data,hr,B2,1848,Untertan,pavalstnieks,Гражданин,FAMILY_COPY_STRICT,bg+hr+mk+ru+sr
data,mk,B2,1848,Untertan,pavalstnieks,Гражданин,FAMILY_COPY_STRICT,bg+hr+mk+ru+sr
data,ru,B2,1848,Untertan,pavalstnieks,Гражданин,FAMILY_COPY_STRICT,bg+hr+mk+ru+sr
data,sr,B2,1848,Untertan,pavalstnieks,Гражданин,FAMILY_COPY_STRICT,bg+hr+mk+ru+sr
data,fi,B2,1848,Untertan,pavalstnieks,Kodanik,FAMILY_COPY_STRICT,fi+is+nb+nn+sv
data,is,B2,1848,Untertan,pavalstnieks,Kodanik,FAMILY_COPY_STRICT,fi+is+nb+nn+sv
data,nb,B2,1848,Untertan,pavalstnieks,Kodanik,FAMILY_COPY_STRICT,fi+is+nb+nn+sv
data,nn,B2,1848,Untertan,pavalstnieks,Kodanik,FAMILY_COPY_STRICT,fi+is+nb+nn+sv
data,sv,B2,1848,Untertan,pavalstnieks,Kodanik,FAMILY_COPY_STRICT,fi+is+nb+nn+sv
data,it,B2,1848,Untertan,pavalstnieks,Pavalstnieks,FAMILY_COPY_STRICT,it+lb+nl
data,lb,B2,1848,Untertan,pavalstnieks,Pavalstnieks,FAMILY_COPY_STRICT,it+lb+nl
data,nl,B2,1848,Untertan,pavalstnieks,Pavalstnieks,FAMILY_COPY_STRICT,it+lb+nl
data,pl,B2,1848,Untertan,pavalstnieks,Obywatel,FAMILY_COPY_STRICT,pl+sk
data,sk,B2,1848,Untertan,pavalstnieks,Obywatel,FAMILY_COPY_STRICT,pl+sk
data,sq,B2,1848,Untertan,pavalstnieks,Vatandaş,FAMILY_COPY_STRICT,sq+tr
data,tr,B2,1848,Untertan,pavalstnieks,Vatandaş,FAMILY_COPY_STRICT,sq+tr
data,hr,B2,1849,untertauchen,ienirt • palīst zem ūdens • iemērkt • iegremdēt,Нырять • Нырять под воду • Окунаться • Погружаться,SCRIPT_MISMATCH,
data,hr,B2,1849,untertauchen,ienirt • palīst zem ūdens • iemērkt • iegremdēt,Нырять • Нырять под воду • Окунаться • Погружаться,MARKER_LEAK,foreign_script
data,it,B2,1849,untertauchen,ienirt • palīst zem ūdens • iemērkt • iegremdēt,Ienirt • Palīst zem ūdens • Iemērkt • Iegremdēt,SAME_AS_LV_CASEFOLD,casefold_only
data,it,B2,1849,untertauchen,ienirt • palīst zem ūdens • iemērkt • iegremdēt,Ienirt • Palīst zem ūdens • Iemērkt • Iegremdēt,LV_DIACRITIC,
data,it,B2,1849,untertauchen,ienirt • palīst zem ūdens • iemērkt • iegremdēt,Ienirt • Palīst zem ūdens • Iemērkt • Iegremdēt,MARKER_LEAK,lv_macron_consonant+lv_u_macron
data,lb,B2,1849,untertauchen,ienirt • palīst zem ūdens • iemērkt • iegremdēt,Ienirt • Palīst zem ūdens • Iemērkt • Iegremdēt,SAME_AS_LV_CASEFOLD,casefold_only
data,lb,B2,1849,untertauchen,ienirt • palīst zem ūdens • iemērkt • iegremdēt,Ienirt • Palīst zem ūdens • Iemērkt • Iegremdēt,LV_DIACRITIC,
data,lb,B2,1849,untertauchen,ienirt • palīst zem ūdens • iemērkt • iegremdēt,Ienirt • Palīst zem ūdens • Iemērkt • Iegremdēt,MARKER_LEAK,lv_macron_consonant+lv_u_macron
data,nl,B2,1849,untertauchen,ienirt • palīst zem ūdens • iemērkt • iegremdēt,Ienirt • Palīst zem ūdens • Iemērkt • Iegremdēt,SAME_AS_LV_CASEFOLD,casefold_only
data,nl,B2,1849,untertauchen,ienirt • palīst zem ūdens • iemērkt • iegremdēt,Ienirt • Palīst zem ūdens • Iemērkt • Iegremdēt,LV_DIACRITIC,
data,nl,B2,1849,untertauchen,ienirt • palīst zem ūdens • iemērkt • iegremdēt,Ienirt • Palīst zem ūdens • Iemērkt • Iegremdēt,MARKER_LEAK,lv_macron_consonant+lv_u_macron
data,pt,B2,1849,untertauchen,ienirt • palīst zem ūdens • iemērkt • iegremdēt,Ienirt • Palīst zem ūdens • Iemērkt • Iegremdēt,SAME_AS_LV_CASEFOLD,casefold_only
data,pt,B2,1849,untertauchen,ienirt • palīst zem ūdens • iemērkt • iegremdēt,Ienirt • Palīst zem ūdens • Iemērkt • Iegremdēt,LV_DIACRITIC,
data,pt,B2,1849,untertauchen,ienirt • palīst zem ūdens • iemērkt • iegremdēt,Ienirt • Palīst zem ūdens • Iemērkt • Iegremdēt,MARKER_LEAK,lv_macron_consonant+lv_u_macron
data,sk,B2,1849,untertauchen,ienirt • palīst zem ūdens • iemērkt • iegremdēt,Nurkować • Zanurzać się pod wodą • Zanurzać się • Zanurzać się,MARKER_LEAK,pl_lt_nasal
data,sl,B2,1849,untertauchen,ienirt • palīst zem ūdens • iemērkt • iegremdēt,ienirt • palīst zem ūdens • iemērkt • iegremdēt,SAME_AS_LV_CASEFOLD,exact
data,sl,B2,1849,untertauchen,ienirt • palīst zem ūdens • iemērkt • iegremdēt,ienirt • palīst zem ūdens • iemērkt • iegremdēt,LV_DIACRITIC,
data,sl,B2,1849,untertauchen,ienirt • palīst zem ūdens • iemērkt • iegremdēt,ienirt • palīst zem ūdens • iemērkt • iegremdēt,MARKER_LEAK,lv_macron_consonant+lv_u_macron
data,sq,B2,1849,untertauchen,ienirt • palīst zem ūdens • iemērkt • iegremdēt,Dalış • Su altına dalın • Dalın • Dalın,MARKER_LEAK,tr_soft
data,bg,B2,1849,untertauchen,ienirt • palīst zem ūdens • iemērkt • iegremdēt,Нырять • Нырять под воду • Окунаться • Погружаться,FAMILY_COPY_STRICT,bg+hr+mk+ru+sr
data,hr,B2,1849,untertauchen,ienirt • palīst zem ūdens • iemērkt • iegremdēt,Нырять • Нырять под воду • Окунаться • Погружаться,FAMILY_COPY_STRICT,bg+hr+mk+ru+sr
data,mk,B2,1849,untertauchen,ienirt • palīst zem ūdens • iemērkt • iegremdēt,Нырять • Нырять под воду • Окунаться • Погружаться,FAMILY_COPY_STRICT,bg+hr+mk+ru+sr
data,ru,B2,1849,untertauchen,ienirt • palīst zem ūdens • iemērkt • iegremdēt,Нырять • Нырять под воду • Окунаться • Погружаться,FAMILY_COPY_STRICT,bg+hr+mk+ru+sr
data,sr,B2,1849,untertauchen,ienirt • palīst zem ūdens • iemērkt • iegremdēt,Нырять • Нырять под воду • Окунаться • Погружаться,FAMILY_COPY_STRICT,bg+hr+mk+ru+sr
data,fi,B2,1849,untertauchen,ienirt • palīst zem ūdens • iemērkt • iegremdēt,Sukelduma • Vee alla minema • Kastma,FAMILY_COPY_STRICT,fi+is+nb+nn+sv
data,is,B2,1849,untertauchen,ienirt • palīst zem ūdens • iemērkt • iegremdēt,Sukelduma • Vee alla minema • Kastma,FAMILY_COPY_STRICT,fi+is+nb+nn+sv
data,nb,B2,1849,untertauchen,ienirt • palīst zem ūdens • iemērkt • iegremdēt,Sukelduma • Vee alla minema • Kastma,FAMILY_COPY_STRICT,fi+is+nb+nn+sv
data,nn,B2,1849,untertauchen,ienirt • palīst zem ūdens • iemērkt • iegremdēt,Sukelduma • Vee alla minema • Kastma,FAMILY_COPY_STRICT,fi+is+nb+nn+sv
data,sv,B2,1849,untertauchen,ienirt • palīst zem ūdens • iemērkt • iegremdēt,Sukelduma • Vee alla minema • Kastma,FAMILY_COPY_STRICT,fi+is+nb+nn+sv
data,it,B2,1849,untertauchen,ienirt • palīst zem ūdens • iemērkt • iegremdēt,Ienirt • Palīst zem ūdens • Iemērkt • Iegremdēt,FAMILY_COPY_STRICT,it+lb+nl+pt
data,lb,B2,1849,untertauchen,ienirt • palīst zem ūdens • iemērkt • iegremdēt,Ienirt • Palīst zem ūdens • Iemērkt • Iegremdēt,FAMILY_COPY_STRICT,it+lb+nl+pt
data,nl,B2,1849,untertauchen,ienirt • palīst zem ūdens • iemērkt • iegremdēt,Ienirt • Palīst zem ūdens • Iemērkt • Iegremdēt,FAMILY_COPY_STRICT,it+lb+nl+pt
data,pt,B2,1849,untertauchen,ienirt • palīst zem ūdens • iemērkt • iegremdēt,Ienirt • Palīst zem ūdens • Iemērkt • Iegremdēt,FAMILY_COPY_STRICT,it+lb+nl+pt
data,pl,B2,1849,untertauchen,ienirt • palīst zem ūdens • iemērkt • iegremdēt,Nurkować • Zanurzać się pod wodą • Zanurzać się • Zanurzać się,FAMILY_COPY_STRICT,pl+sk
data,sk,B2,1849,untertauchen,ienirt • palīst zem ūdens • iemērkt • iegremdēt,Nurkować • Zanurzać się pod wodą • Zanurzać się • Zanurzać się,FAMILY_COPY_STRICT,pl+sk
data,sq,B2,1849,untertauchen,ienirt • palīst zem ūdens • iemērkt • iegremdēt,Dalış • Su altına dalın • Dalın • Dalın,FAMILY_COPY_STRICT,sq+tr
data,tr,B2,1849,untertauchen,ienirt • palīst zem ūdens • iemērkt • iegremdēt,Dalış • Su altına dalın • Dalın • Dalın,FAMILY_COPY_STRICT,sq+tr
data,fi,B2,1850,unterweisen,ierādīt • pamācīt,Juhendama • Õpetama,MARKER_LEAK,et_otilde
data,hr,B2,1850,unterweisen,ierādīt • pamācīt,Показать • Проинструктировать,SCRIPT_MISMATCH,
data,hr,B2,1850,unterweisen,ierādīt • pamācīt,Показать • Проинструктировать,MARKER_LEAK,foreign_script
data,is,B2,1850,unterweisen,ierādīt • pamācīt,Juhendama • Õpetama,MARKER_LEAK,et_otilde
data,it,B2,1850,unterweisen,ierādīt • pamācīt,Ierādīt • Pamācīt,SAME_AS_LV_CASEFOLD,casefold_only
data,it,B2,1850,unterweisen,ierādīt • pamācīt,Ierādīt • Pamācīt,LV_DIACRITIC,
data,it,B2,1850,unterweisen,ierādīt • pamācīt,Ierādīt • Pamācīt,MARKER_LEAK,lv_macron_consonant
data,lb,B2,1850,unterweisen,ierādīt • pamācīt,Ierādīt • Pamācīt,SAME_AS_LV_CASEFOLD,casefold_only
data,lb,B2,1850,unterweisen,ierādīt • pamācīt,Ierādīt • Pamācīt,LV_DIACRITIC,
data,lb,B2,1850,unterweisen,ierādīt • pamācīt,Ierādīt • Pamācīt,MARKER_LEAK,lv_macron_consonant
data,nb,B2,1850,unterweisen,ierādīt • pamācīt,Juhendama • Õpetama,MARKER_LEAK,et_otilde
data,nl,B2,1850,unterweisen,ierādīt • pamācīt,Ierādīt • Pamācīt,SAME_AS_LV_CASEFOLD,casefold_only
data,nl,B2,1850,unterweisen,ierādīt • pamācīt,Ierādīt • Pamācīt,LV_DIACRITIC,
data,nl,B2,1850,unterweisen,ierādīt • pamācīt,Ierādīt • Pamācīt,MARKER_LEAK,lv_macron_consonant
data,nn,B2,1850,unterweisen,ierādīt • pamācīt,Juhendama • Õpetama,MARKER_LEAK,et_otilde
data,pt,B2,1850,unterweisen,ierādīt • pamācīt,Ierādīt • Pamācīt,SAME_AS_LV_CASEFOLD,casefold_only
data,pt,B2,1850,unterweisen,ierādīt • pamācīt,Ierādīt • Pamācīt,LV_DIACRITIC,
data,pt,B2,1850,unterweisen,ierādīt • pamācīt,Ierādīt • Pamācīt,MARKER_LEAK,lv_macron_consonant
data,sk,B2,1850,unterweisen,ierādīt • pamācīt,Pokaż • Poinstruuj,MARKER_LEAK,pl_l_s_z
data,sl,B2,1850,unterweisen,ierādīt • pamācīt,ierādīt • pamācīt,SAME_AS_LV_CASEFOLD,exact
data,sl,B2,1850,unterweisen,ierādīt • pamācīt,ierādīt • pamācīt,LV_DIACRITIC,
data,sl,B2,1850,unterweisen,ierādīt • pamācīt,ierādīt • pamācīt,MARKER_LEAK,lv_macron_consonant
data,sq,B2,1850,unterweisen,ierādīt • pamācīt,Pokaż • Poinstruuj,MARKER_LEAK,pl_l_s_z
data,sv,B2,1850,unterweisen,ierādīt • pamācīt,Juhendama • Õpetama,MARKER_LEAK,et_otilde
data,tr,B2,1850,unterweisen,ierādīt • pamācīt,Pokaż • Poinstruuj,MARKER_LEAK,pl_l_s_z
data,bg,B2,1850,unterweisen,ierādīt • pamācīt,Показать • Проинструктировать,FAMILY_COPY_STRICT,bg+hr+mk+ru+sr
data,hr,B2,1850,unterweisen,ierādīt • pamācīt,Показать • Проинструктировать,FAMILY_COPY_STRICT,bg+hr+mk+ru+sr
data,mk,B2,1850,unterweisen,ierādīt • pamācīt,Показать • Проинструктировать,FAMILY_COPY_STRICT,bg+hr+mk+ru+sr
data,ru,B2,1850,unterweisen,ierādīt • pamācīt,Показать • Проинструктировать,FAMILY_COPY_STRICT,bg+hr+mk+ru+sr
data,sr,B2,1850,unterweisen,ierādīt • pamācīt,Показать • Проинструктировать,FAMILY_COPY_STRICT,bg+hr+mk+ru+sr
data,fi,B2,1850,unterweisen,ierādīt • pamācīt,Juhendama • Õpetama,FAMILY_COPY_STRICT,fi+is+nb+nn+sv
data,is,B2,1850,unterweisen,ierādīt • pamācīt,Juhendama • Õpetama,FAMILY_COPY_STRICT,fi+is+nb+nn+sv
data,nb,B2,1850,unterweisen,ierādīt • pamācīt,Juhendama • Õpetama,FAMILY_COPY_STRICT,fi+is+nb+nn+sv
data,nn,B2,1850,unterweisen,ierādīt • pamācīt,Juhendama • Õpetama,FAMILY_COPY_STRICT,fi+is+nb+nn+sv
data,sv,B2,1850,unterweisen,ierādīt • pamācīt,Juhendama • Õpetama,FAMILY_COPY_STRICT,fi+is+nb+nn+sv
data,it,B2,1850,unterweisen,ierādīt • pamācīt,Ierādīt • Pamācīt,FAMILY_COPY_STRICT,it+lb+nl+pt
data,lb,B2,1850,unterweisen,ierādīt • pamācīt,Ierādīt • Pamācīt,FAMILY_COPY_STRICT,it+lb+nl+pt
data,nl,B2,1850,unterweisen,ierādīt • pamācīt,Ierādīt • Pamācīt,FAMILY_COPY_STRICT,it+lb+nl+pt
data,pt,B2,1850,unterweisen,ierādīt • pamācīt,Ierādīt • Pamācīt,FAMILY_COPY_STRICT,it+lb+nl+pt
data,pl,B2,1850,unterweisen,ierādīt • pamācīt,Pokaż • Poinstruuj,FAMILY_COPY_STRICT,pl+sk+sq+tr
data,sk,B2,1850,unterweisen,ierādīt • pamācīt,Pokaż • Poinstruuj,FAMILY_COPY_STRICT,pl+sk+sq+tr
data,sq,B2,1850,unterweisen,ierādīt • pamācīt,Pokaż • Poinstruuj,FAMILY_COPY_STRICT,pl+sk+sq+tr
data,tr,B2,1850,unterweisen,ierādīt • pamācīt,Pokaż • Poinstruuj,FAMILY_COPY_STRICT,pl+sk+sq+tr
data,hr,B2,1851,unterwerfen,pakļaut,При условии,SCRIPT_MISMATCH,
data,hr,B2,1851,unterwerfen,pakļaut,При условии,MARKER_LEAK,foreign_script
data,it,B2,1851,unterwerfen,pakļaut,Pakļaut,SAME_AS_LV_CASEFOLD,casefold_only
data,it,B2,1851,unterwerfen,pakļaut,Pakļaut,LV_DIACRITIC,
data,it,B2,1851,unterwerfen,pakļaut,Pakļaut,MARKER_LEAK,lv_macron_consonant
data,lb,B2,1851,unterwerfen,pakļaut,Pakļaut,SAME_AS_LV_CASEFOLD,casefold_only
data,lb,B2,1851,unterwerfen,pakļaut,Pakļaut,LV_DIACRITIC,
data,lb,B2,1851,unterwerfen,pakļaut,Pakļaut,MARKER_LEAK,lv_macron_consonant
data,nl,B2,1851,unterwerfen,pakļaut,Pakļaut,SAME_AS_LV_CASEFOLD,casefold_only
data,nl,B2,1851,unterwerfen,pakļaut,Pakļaut,LV_DIACRITIC,
data,nl,B2,1851,unterwerfen,pakļaut,Pakļaut,MARKER_LEAK,lv_macron_consonant
data,pt,B2,1851,unterwerfen,pakļaut,Pakļaut,SAME_AS_LV_CASEFOLD,casefold_only
data,pt,B2,1851,unterwerfen,pakļaut,Pakļaut,LV_DIACRITIC,
data,pt,B2,1851,unterwerfen,pakļaut,Pakļaut,MARKER_LEAK,lv_macron_consonant
data,sl,B2,1851,unterwerfen,pakļaut,pakļaut,SAME_AS_LV_CASEFOLD,exact
data,sl,B2,1851,unterwerfen,pakļaut,pakļaut,LV_DIACRITIC,
data,sl,B2,1851,unterwerfen,pakļaut,pakļaut,MARKER_LEAK,lv_macron_consonant
data,bg,B2,1851,unterwerfen,pakļaut,При условии,FAMILY_COPY_STRICT,bg+hr+mk+ru+sr
data,hr,B2,1851,unterwerfen,pakļaut,При условии,FAMILY_COPY_STRICT,bg+hr+mk+ru+sr
data,mk,B2,1851,unterwerfen,pakļaut,При условии,FAMILY_COPY_STRICT,bg+hr+mk+ru+sr
data,ru,B2,1851,unterwerfen,pakļaut,При условии,FAMILY_COPY_STRICT,bg+hr+mk+ru+sr
data,sr,B2,1851,unterwerfen,pakļaut,При условии,FAMILY_COPY_STRICT,bg+hr+mk+ru+sr
data,fi,B2,1851,unterwerfen,pakļaut,Allutama,FAMILY_COPY_STRICT,fi+is+nb+nn+sv
data,is,B2,1851,unterwerfen,pakļaut,Allutama,FAMILY_COPY_STRICT,fi+is+nb+nn+sv
data,nb,B2,1851,unterwerfen,pakļaut,Allutama,FAMILY_COPY_STRICT,fi+is+nb+nn+sv
data,nn,B2,1851,unterwerfen,pakļaut,Allutama,FAMILY_COPY_STRICT,fi+is+nb+nn+sv
data,sv,B2,1851,unterwerfen,pakļaut,Allutama,FAMILY_COPY_STRICT,fi+is+nb+nn+sv
data,it,B2,1851,unterwerfen,pakļaut,Pakļaut,FAMILY_COPY_STRICT,it+lb+nl+pt
data,lb,B2,1851,unterwerfen,pakļaut,Pakļaut,FAMILY_COPY_STRICT,it+lb+nl+pt
data,nl,B2,1851,unterwerfen,pakļaut,Pakļaut,FAMILY_COPY_STRICT,it+lb+nl+pt
data,pt,B2,1851,unterwerfen,pakļaut,Pakļaut,FAMILY_COPY_STRICT,it+lb+nl+pt
data,pl,B2,1851,unterwerfen,pakļaut,Podlega,FAMILY_COPY_STRICT,pl+sk+sq+tr
data,sk,B2,1851,unterwerfen,pakļaut,Podlega,FAMILY_COPY_STRICT,pl+sk+sq+tr
data,sq,B2,1851,unterwerfen,pakļaut,Podlega,FAMILY_COPY_STRICT,pl+sk+sq+tr
data,tr,B2,1851,unterwerfen,pakļaut,Podlega,FAMILY_COPY_STRICT,pl+sk+sq+tr
data,hr,B2,1852,sich unterwerfen,pakļauties,Подчинете се,SCRIPT_MISMATCH,
data,hr,B2,1852,sich unterwerfen,pakļauties,Подчинете се,MARKER_LEAK,foreign_script
data,it,B2,1852,sich unterwerfen,pakļauties,Pakļauties,SAME_AS_LV_CASEFOLD,casefold_only
data,it,B2,1852,sich unterwerfen,pakļauties,Pakļauties,LV_DIACRITIC,
data,it,B2,1852,sich unterwerfen,pakļauties,Pakļauties,MARKER_LEAK,lv_macron_consonant
data,lb,B2,1852,sich unterwerfen,pakļauties,Pakļauties,SAME_AS_LV_CASEFOLD,casefold_only
data,lb,B2,1852,sich unterwerfen,pakļauties,Pakļauties,LV_DIACRITIC,
data,lb,B2,1852,sich unterwerfen,pakļauties,Pakļauties,MARKER_LEAK,lv_macron_consonant
data,nl,B2,1852,sich unterwerfen,pakļauties,Pakļauties,SAME_AS_LV_CASEFOLD,casefold_only
data,nl,B2,1852,sich unterwerfen,pakļauties,Pakļauties,LV_DIACRITIC,
data,nl,B2,1852,sich unterwerfen,pakļauties,Pakļauties,MARKER_LEAK,lv_macron_consonant
data,pt,B2,1852,sich unterwerfen,pakļauties,Pakļauties,SAME_AS_LV_CASEFOLD,casefold_only
data,pt,B2,1852,sich unterwerfen,pakļauties,Pakļauties,LV_DIACRITIC,
data,pt,B2,1852,sich unterwerfen,pakļauties,Pakļauties,MARKER_LEAK,lv_macron_consonant
data,sl,B2,1852,sich unterwerfen,pakļauties,pakļauties,SAME_AS_LV_CASEFOLD,exact
data,sl,B2,1852,sich unterwerfen,pakļauties,pakļauties,LV_DIACRITIC,
data,sl,B2,1852,sich unterwerfen,pakļauties,pakļauties,MARKER_LEAK,lv_macron_consonant
data,sq,B2,1852,sich unterwerfen,pakļauties,Być posłusznym,MARKER_LEAK,pl_l_s_z
data,tr,B2,1852,sich unterwerfen,pakļauties,Być posłusznym,MARKER_LEAK,pl_l_s_z
data,bg,B2,1852,sich unterwerfen,pakļauties,Подчинете се,FAMILY_COPY_STRICT,bg+hr+mk+sr
data,hr,B2,1852,sich unterwerfen,pakļauties,Подчинете се,FAMILY_COPY_STRICT,bg+hr+mk+sr
data,mk,B2,1852,sich unterwerfen,pakļauties,Подчинете се,FAMILY_COPY_STRICT,bg+hr+mk+sr
data,sr,B2,1852,sich unterwerfen,pakļauties,Подчинете се,FAMILY_COPY_STRICT,bg+hr+mk+sr
data,fi,B2,1852,sich unterwerfen,pakļauties,Alistuma,FAMILY_COPY_STRICT,fi+is+nb+nn+sv
data,is,B2,1852,sich unterwerfen,pakļauties,Alistuma,FAMILY_COPY_STRICT,fi+is+nb+nn+sv
data,nb,B2,1852,sich unterwerfen,pakļauties,Alistuma,FAMILY_COPY_STRICT,fi+is+nb+nn+sv
data,nn,B2,1852,sich unterwerfen,pakļauties,Alistuma,FAMILY_COPY_STRICT,fi+is+nb+nn+sv
data,sv,B2,1852,sich unterwerfen,pakļauties,Alistuma,FAMILY_COPY_STRICT,fi+is+nb+nn+sv
data,it,B2,1852,sich unterwerfen,pakļauties,Pakļauties,FAMILY_COPY_STRICT,it+lb+nl+pt
data,lb,B2,1852,sich unterwerfen,pakļauties,Pakļauties,FAMILY_COPY_STRICT,it+lb+nl+pt
data,nl,B2,1852,sich unterwerfen,pakļauties,Pakļauties,FAMILY_COPY_STRICT,it+lb+nl+pt
data,pt,B2,1852,sich unterwerfen,pakļauties,Pakļauties,FAMILY_COPY_STRICT,it+lb+nl+pt
data,pl,B2,1852,sich unterwerfen,pakļauties,Być posłusznym,FAMILY_COPY_STRICT,pl+sq+tr
data,sq,B2,1852,sich unterwerfen,pakļauties,Być posłusznym,FAMILY_COPY_STRICT,pl+sq+tr
data,tr,B2,1852,sich unterwerfen,pakļauties,Być posłusznym,FAMILY_COPY_STRICT,pl+sq+tr
data,fi,B2,1853,untragbar,nepieņemams • neizturams,Vastuvõetamatu • Talumatu,MARKER_LEAK,et_otilde
data,hr,B2,1853,untragbar,nepieņemams • neizturams,Неприемлемо • Невыносимо,SCRIPT_MISMATCH,
data,hr,B2,1853,untragbar,nepieņemams • neizturams,Неприемлемо • Невыносимо,MARKER_LEAK,foreign_script
data,is,B2,1853,untragbar,nepieņemams • neizturams,Vastuvõetamatu • Talumatu,MARKER_LEAK,et_otilde
data,it,B2,1853,untragbar,nepieņemams • neizturams,Nepieņemams • Neizturams,SAME_AS_LV_CASEFOLD,casefold_only
data,it,B2,1853,untragbar,nepieņemams • neizturams,Nepieņemams • Neizturams,LV_DIACRITIC,
data,it,B2,1853,untragbar,nepieņemams • neizturams,Nepieņemams • Neizturams,MARKER_LEAK,lv_macron_consonant
data,lb,B2,1853,untragbar,nepieņemams • neizturams,Nepieņemams • Neizturams,SAME_AS_LV_CASEFOLD,casefold_only
data,lb,B2,1853,untragbar,nepieņemams • neizturams,Nepieņemams • Neizturams,LV_DIACRITIC,
data,lb,B2,1853,untragbar,nepieņemams • neizturams,Nepieņemams • Neizturams,MARKER_LEAK,lv_macron_consonant
data,nb,B2,1853,untragbar,nepieņemams • neizturams,Vastuvõetamatu • Talumatu,MARKER_LEAK,et_otilde
data,nl,B2,1853,untragbar,nepieņemams • neizturams,Nepieņemams • Neizturams,SAME_AS_LV_CASEFOLD,casefold_only
data,nl,B2,1853,untragbar,nepieņemams • neizturams,Nepieņemams • Neizturams,LV_DIACRITIC,
data,nl,B2,1853,untragbar,nepieņemams • neizturams,Nepieņemams • Neizturams,MARKER_LEAK,lv_macron_consonant
data,nn,B2,1853,untragbar,nepieņemams • neizturams,Vastuvõetamatu • Talumatu,MARKER_LEAK,et_otilde
data,pt,B2,1853,untragbar,nepieņemams • neizturams,Nepieņemams • Neizturams,SAME_AS_LV_CASEFOLD,casefold_only
data,pt,B2,1853,untragbar,nepieņemams • neizturams,Nepieņemams • Neizturams,LV_DIACRITIC,
data,pt,B2,1853,untragbar,nepieņemams • neizturams,Nepieņemams • Neizturams,MARKER_LEAK,lv_macron_consonant
data,sk,B2,1853,untragbar,nepieņemams • neizturams,Nie do przyjęcia • Nie do zniesienia,MARKER_LEAK,pl_lt_nasal
data,sl,B2,1853,untragbar,nepieņemams • neizturams,nepieņemams • neizturams,SAME_AS_LV_CASEFOLD,exact
data,sl,B2,1853,untragbar,nepieņemams • neizturams,nepieņemams • neizturams,LV_DIACRITIC,
data,sl,B2,1853,untragbar,nepieņemams • neizturams,nepieņemams • neizturams,MARKER_LEAK,lv_macron_consonant
data,sq,B2,1853,untragbar,nepieņemams • neizturams,Nie do przyjęcia • Nie do zniesienia,MARKER_LEAK,pl_lt_nasal
data,sv,B2,1853,untragbar,nepieņemams • neizturams,Vastuvõetamatu • Talumatu,MARKER_LEAK,et_otilde
data,tr,B2,1853,untragbar,nepieņemams • neizturams,Nie do przyjęcia • Nie do zniesienia,MARKER_LEAK,pl_lt_nasal
data,bg,B2,1853,untragbar,nepieņemams • neizturams,Неприемлемо • Невыносимо,FAMILY_COPY_STRICT,bg+hr+mk+ru+sr
data,hr,B2,1853,untragbar,nepieņemams • neizturams,Неприемлемо • Невыносимо,FAMILY_COPY_STRICT,bg+hr+mk+ru+sr
data,mk,B2,1853,untragbar,nepieņemams • neizturams,Неприемлемо • Невыносимо,FAMILY_COPY_STRICT,bg+hr+mk+ru+sr
data,ru,B2,1853,untragbar,nepieņemams • neizturams,Неприемлемо • Невыносимо,FAMILY_COPY_STRICT,bg+hr+mk+ru+sr
data,sr,B2,1853,untragbar,nepieņemams • neizturams,Неприемлемо • Невыносимо,FAMILY_COPY_STRICT,bg+hr+mk+ru+sr
data,fi,B2,1853,untragbar,nepieņemams • neizturams,Vastuvõetamatu • Talumatu,FAMILY_COPY_STRICT,fi+is+nb+nn+sv
data,is,B2,1853,untragbar,nepieņemams • neizturams,Vastuvõetamatu • Talumatu,FAMILY_COPY_STRICT,fi+is+nb+nn+sv
data,nb,B2,1853,untragbar,nepieņemams • neizturams,Vastuvõetamatu • Talumatu,FAMILY_COPY_STRICT,fi+is+nb+nn+sv
data,nn,B2,1853,untragbar,nepieņemams • neizturams,Vastuvõetamatu • Talumatu,FAMILY_COPY_STRICT,fi+is+nb+nn+sv
data,sv,B2,1853,untragbar,nepieņemams • neizturams,Vastuvõetamatu • Talumatu,FAMILY_COPY_STRICT,fi+is+nb+nn+sv
data,it,B2,1853,untragbar,nepieņemams • neizturams,Nepieņemams • Neizturams,FAMILY_COPY_STRICT,it+lb+nl+pt
data,lb,B2,1853,untragbar,nepieņemams • neizturams,Nepieņemams • Neizturams,FAMILY_COPY_STRICT,it+lb+nl+pt
data,nl,B2,1853,untragbar,nepieņemams • neizturams,Nepieņemams • Neizturams,FAMILY_COPY_STRICT,it+lb+nl+pt
data,pt,B2,1853,untragbar,nepieņemams • neizturams,Nepieņemams • Neizturams,FAMILY_COPY_STRICT,it+lb+nl+pt
data,pl,B2,1853,untragbar,nepieņemams • neizturams,Nie do przyjęcia • Nie do zniesienia,FAMILY_COPY_STRICT,pl+sk+sq+tr
data,sk,B2,1853,untragbar,nepieņemams • neizturams,Nie do przyjęcia • Nie do zniesienia,FAMILY_COPY_STRICT,pl+sk+sq+tr
data,sq,B2,1853,untragbar,nepieņemams • neizturams,Nie do przyjęcia • Nie do zniesienia,FAMILY_COPY_STRICT,pl+sk+sq+tr
data,tr,B2,1853,untragbar,nepieņemams • neizturams,Nie do przyjęcia • Nie do zniesienia,FAMILY_COPY_STRICT,pl+sk+sq+tr
data,hr,B2,1854,unüberlegt,neapdomīgs • vieglprātīgs,Безрассудный • Безрассудный,SCRIPT_MISMATCH,
data,hr,B2,1854,unüberlegt,neapdomīgs • vieglprātīgs,Безрассудный • Безрассудный,MARKER_LEAK,foreign_script
data,it,B2,1854,unüberlegt,neapdomīgs • vieglprātīgs,Neapdomīgs • Vieglprātīgs,SAME_AS_LV_CASEFOLD,casefold_only
data,it,B2,1854,unüberlegt,neapdomīgs • vieglprātīgs,Neapdomīgs • Vieglprātīgs,LV_DIACRITIC,
data,it,B2,1854,unüberlegt,neapdomīgs • vieglprātīgs,Neapdomīgs • Vieglprātīgs,MARKER_LEAK,lv_macron_consonant
data,lb,B2,1854,unüberlegt,neapdomīgs • vieglprātīgs,Neapdomīgs • Vieglprātīgs,SAME_AS_LV_CASEFOLD,casefold_only
data,lb,B2,1854,unüberlegt,neapdomīgs • vieglprātīgs,Neapdomīgs • Vieglprātīgs,LV_DIACRITIC,
data,lb,B2,1854,unüberlegt,neapdomīgs • vieglprātīgs,Neapdomīgs • Vieglprātīgs,MARKER_LEAK,lv_macron_consonant
data,nl,B2,1854,unüberlegt,neapdomīgs • vieglprātīgs,Neapdomīgs • Vieglprātīgs,SAME_AS_LV_CASEFOLD,casefold_only
data,nl,B2,1854,unüberlegt,neapdomīgs • vieglprātīgs,Neapdomīgs • Vieglprātīgs,LV_DIACRITIC,
data,nl,B2,1854,unüberlegt,neapdomīgs • vieglprātīgs,Neapdomīgs • Vieglprātīgs,MARKER_LEAK,lv_macron_consonant
data,pt,B2,1854,unüberlegt,neapdomīgs • vieglprātīgs,Neapdomīgs • Vieglprātīgs,SAME_AS_LV_CASEFOLD,casefold_only
data,pt,B2,1854,unüberlegt,neapdomīgs • vieglprātīgs,Neapdomīgs • Vieglprātīgs,LV_DIACRITIC,
data,pt,B2,1854,unüberlegt,neapdomīgs • vieglprātīgs,Neapdomīgs • Vieglprātīgs,MARKER_LEAK,lv_macron_consonant
data,sk,B2,1854,unüberlegt,neapdomīgs • vieglprātīgs,Lekkomyślny • Lekkomyślny,MARKER_LEAK,pl_l_s_z
data,sl,B2,1854,unüberlegt,neapdomīgs • vieglprātīgs,neapdomīgs • vieglprātīgs,SAME_AS_LV_CASEFOLD,exact
data,sl,B2,1854,unüberlegt,neapdomīgs • vieglprātīgs,neapdomīgs • vieglprātīgs,LV_DIACRITIC,
data,sl,B2,1854,unüberlegt,neapdomīgs • vieglprātīgs,neapdomīgs • vieglprātīgs,MARKER_LEAK,lv_macron_consonant
data,bg,B2,1854,unüberlegt,neapdomīgs • vieglprātīgs,Безрассудный • Безрассудный,FAMILY_COPY_STRICT,bg+hr+mk+ru+sr
data,hr,B2,1854,unüberlegt,neapdomīgs • vieglprātīgs,Безрассудный • Безрассудный,FAMILY_COPY_STRICT,bg+hr+mk+ru+sr
data,mk,B2,1854,unüberlegt,neapdomīgs • vieglprātīgs,Безрассудный • Безрассудный,FAMILY_COPY_STRICT,bg+hr+mk+ru+sr
data,ru,B2,1854,unüberlegt,neapdomīgs • vieglprātīgs,Безрассудный • Безрассудный,FAMILY_COPY_STRICT,bg+hr+mk+ru+sr
data,sr,B2,1854,unüberlegt,neapdomīgs • vieglprātīgs,Безрассудный • Безрассудный,FAMILY_COPY_STRICT,bg+hr+mk+ru+sr
data,fi,B2,1854,unüberlegt,neapdomīgs • vieglprātīgs,Ettevaatamatu • Kergemeelne,FAMILY_COPY_STRICT,fi+is+nb+nn+sv
data,is,B2,1854,unüberlegt,neapdomīgs • vieglprātīgs,Ettevaatamatu • Kergemeelne,FAMILY_COPY_STRICT,fi+is+nb+nn+sv
data,nb,B2,1854,unüberlegt,neapdomīgs • vieglprātīgs,Ettevaatamatu • Kergemeelne,FAMILY_COPY_STRICT,fi+is+nb+nn+sv
data,nn,B2,1854,unüberlegt,neapdomīgs • vieglprātīgs,Ettevaatamatu • Kergemeelne,FAMILY_COPY_STRICT,fi+is+nb+nn+sv
data,sv,B2,1854,unüberlegt,neapdomīgs • vieglprātīgs,Ettevaatamatu • Kergemeelne,FAMILY_COPY_STRICT,fi+is+nb+nn+sv
data,fr,B2,1854,unüberlegt,neapdomīgs • vieglprātīgs,Imprudent • Imprudent,FAMILY_COPY_STRICT,fr+ro
data,ro,B2,1854,unüberlegt,neapdomīgs • vieglprātīgs,Imprudent • Imprudent,FAMILY_COPY_STRICT,fr+ro
data,it,B2,1854,unüberlegt,neapdomīgs • vieglprātīgs,Neapdomīgs • Vieglprātīgs,FAMILY_COPY_STRICT,it+lb+nl+pt
data,lb,B2,1854,unüberlegt,neapdomīgs • vieglprātīgs,Neapdomīgs • Vieglprātīgs,FAMILY_COPY_STRICT,it+lb+nl+pt
data,nl,B2,1854,unüberlegt,neapdomīgs • vieglprātīgs,Neapdomīgs • Vieglprātīgs,FAMILY_COPY_STRICT,it+lb+nl+pt
data,pt,B2,1854,unüberlegt,neapdomīgs • vieglprātīgs,Neapdomīgs • Vieglprātīgs,FAMILY_COPY_STRICT,it+lb+nl+pt
data,pl,B2,1854,unüberlegt,neapdomīgs • vieglprātīgs,Lekkomyślny • Lekkomyślny,FAMILY_COPY_STRICT,pl+sk
data,sk,B2,1854,unüberlegt,neapdomīgs • vieglprātīgs,Lekkomyślny • Lekkomyślny,FAMILY_COPY_STRICT,pl+sk
data,sq,B2,1854,unüberlegt,neapdomīgs • vieglprātīgs,Dikkatsiz • Dikkatsiz,FAMILY_COPY_STRICT,sq+tr
data,tr,B2,1854,unüberlegt,neapdomīgs • vieglprātīgs,Dikkatsiz • Dikkatsiz,FAMILY_COPY_STRICT,sq+tr
data,hr,B2,1855,unvermeidlich,nenovēršams • neizbēgams,Неизбежный • Неизбежный,SCRIPT_MISMATCH,
data,hr,B2,1855,unvermeidlich,nenovēršams • neizbēgams,Неизбежный • Неизбежный,MARKER_LEAK,foreign_script
data,it,B2,1855,unvermeidlich,nenovēršams • neizbēgams,Nenovēršams • Neizbēgams,SAME_AS_LV_CASEFOLD,casefold_only
data,it,B2,1855,unvermeidlich,nenovēršams • neizbēgams,Nenovēršams • Neizbēgams,LV_DIACRITIC,
data,it,B2,1855,unvermeidlich,nenovēršams • neizbēgams,Nenovēršams • Neizbēgams,MARKER_LEAK,lv_macron_consonant
data,lb,B2,1855,unvermeidlich,nenovēršams • neizbēgams,Nenovēršams • Neizbēgams,SAME_AS_LV_CASEFOLD,casefold_only
data,lb,B2,1855,unvermeidlich,nenovēršams • neizbēgams,Nenovēršams • Neizbēgams,LV_DIACRITIC,
data,lb,B2,1855,unvermeidlich,nenovēršams • neizbēgams,Nenovēršams • Neizbēgams,MARKER_LEAK,lv_macron_consonant
data,nl,B2,1855,unvermeidlich,nenovēršams • neizbēgams,Nenovēršams • Neizbēgams,SAME_AS_LV_CASEFOLD,casefold_only
data,nl,B2,1855,unvermeidlich,nenovēršams • neizbēgams,Nenovēršams • Neizbēgams,LV_DIACRITIC,
data,nl,B2,1855,unvermeidlich,nenovēršams • neizbēgams,Nenovēršams • Neizbēgams,MARKER_LEAK,lv_macron_consonant
data,pt,B2,1855,unvermeidlich,nenovēršams • neizbēgams,Nenovēršams • Neizbēgams,SAME_AS_LV_CASEFOLD,casefold_only
data,pt,B2,1855,unvermeidlich,nenovēršams • neizbēgams,Nenovēršams • Neizbēgams,LV_DIACRITIC,
data,pt,B2,1855,unvermeidlich,nenovēršams • neizbēgams,Nenovēršams • Neizbēgams,MARKER_LEAK,lv_macron_consonant
data,sl,B2,1855,unvermeidlich,nenovēršams • neizbēgams,nenovēršams • neizbēgams,SAME_AS_LV_CASEFOLD,exact
data,sl,B2,1855,unvermeidlich,nenovēršams • neizbēgams,nenovēršams • neizbēgams,LV_DIACRITIC,
data,sl,B2,1855,unvermeidlich,nenovēršams • neizbēgams,nenovēršams • neizbēgams,MARKER_LEAK,lv_macron_consonant
data,bg,B2,1855,unvermeidlich,nenovēršams • neizbēgams,Неизбежный • Неизбежный,FAMILY_COPY_STRICT,bg+hr+mk+ru+sr
data,hr,B2,1855,unvermeidlich,nenovēršams • neizbēgams,Неизбежный • Неизбежный,FAMILY_COPY_STRICT,bg+hr+mk+ru+sr
data,mk,B2,1855,unvermeidlich,nenovēršams • neizbēgams,Неизбежный • Неизбежный,FAMILY_COPY_STRICT,bg+hr+mk+ru+sr
data,ru,B2,1855,unvermeidlich,nenovēršams • neizbēgams,Неизбежный • Неизбежный,FAMILY_COPY_STRICT,bg+hr+mk+ru+sr
data,sr,B2,1855,unvermeidlich,nenovēršams • neizbēgams,Неизбежный • Неизбежный,FAMILY_COPY_STRICT,bg+hr+mk+ru+sr
data,fi,B2,1855,unvermeidlich,nenovēršams • neizbēgams,Vältimatu,FAMILY_COPY_STRICT,fi+is+nb+nn+sv
data,is,B2,1855,unvermeidlich,nenovēršams • neizbēgams,Vältimatu,FAMILY_COPY_STRICT,fi+is+nb+nn+sv
data,nb,B2,1855,unvermeidlich,nenovēršams • neizbēgams,Vältimatu,FAMILY_COPY_STRICT,fi+is+nb+nn+sv
data,nn,B2,1855,unvermeidlich,nenovēršams • neizbēgams,Vältimatu,FAMILY_COPY_STRICT,fi+is+nb+nn+sv
data,sv,B2,1855,unvermeidlich,nenovēršams • neizbēgams,Vältimatu,FAMILY_COPY_STRICT,fi+is+nb+nn+sv
data,it,B2,1855,unvermeidlich,nenovēršams • neizbēgams,Nenovēršams • Neizbēgams,FAMILY_COPY_STRICT,it+lb+nl+pt
data,lb,B2,1855,unvermeidlich,nenovēršams • neizbēgams,Nenovēršams • Neizbēgams,FAMILY_COPY_STRICT,it+lb+nl+pt
data,nl,B2,1855,unvermeidlich,nenovēršams • neizbēgams,Nenovēršams • Neizbēgams,FAMILY_COPY_STRICT,it+lb+nl+pt
data,pt,B2,1855,unvermeidlich,nenovēršams • neizbēgams,Nenovēršams • Neizbēgams,FAMILY_COPY_STRICT,it+lb+nl+pt
data,pl,B2,1855,unvermeidlich,nenovēršams • neizbēgams,Nieuchronne • Nieuniknione,FAMILY_COPY_STRICT,pl+sk+sq+tr
data,sk,B2,1855,unvermeidlich,nenovēršams • neizbēgams,Nieuchronne • Nieuniknione,FAMILY_COPY_STRICT,pl+sk+sq+tr
data,sq,B2,1855,unvermeidlich,nenovēršams • neizbēgams,Nieuchronne • Nieuniknione,FAMILY_COPY_STRICT,pl+sk+sq+tr
data,tr,B2,1855,unvermeidlich,nenovēršams • neizbēgams,Nieuchronne • Nieuniknione,FAMILY_COPY_STRICT,pl+sk+sq+tr
data,hr,B2,1856,unverzeihlich,nepiedodams,Непростительный,SCRIPT_MISMATCH,
data,hr,B2,1856,unverzeihlich,nepiedodams,Непростительный,MARKER_LEAK,foreign_script
data,it,B2,1856,unverzeihlich,nepiedodams,Nepiedodams,SAME_AS_LV_CASEFOLD,casefold_only
data,lb,B2,1856,unverzeihlich,nepiedodams,Nepiedodams,SAME_AS_LV_CASEFOLD,casefold_only
data,nl,B2,1856,unverzeihlich,nepiedodams,Nepiedodams,SAME_AS_LV_CASEFOLD,casefold_only
data,pt,B2,1856,unverzeihlich,nepiedodams,Nepiedodams,SAME_AS_LV_CASEFOLD,casefold_only
data,sl,B2,1856,unverzeihlich,nepiedodams,nepiedodams,SAME_AS_LV_CASEFOLD,exact
data,bg,B2,1856,unverzeihlich,nepiedodams,Непростительный,FAMILY_COPY_STRICT,bg+hr+mk+ru+sr
data,hr,B2,1856,unverzeihlich,nepiedodams,Непростительный,FAMILY_COPY_STRICT,bg+hr+mk+ru+sr
data,mk,B2,1856,unverzeihlich,nepiedodams,Непростительный,FAMILY_COPY_STRICT,bg+hr+mk+ru+sr
data,ru,B2,1856,unverzeihlich,nepiedodams,Непростительный,FAMILY_COPY_STRICT,bg+hr+mk+ru+sr
data,sr,B2,1856,unverzeihlich,nepiedodams,Непростительный,FAMILY_COPY_STRICT,bg+hr+mk+ru+sr
data,fi,B2,1856,unverzeihlich,nepiedodams,Andestamatu,FAMILY_COPY_STRICT,fi+is+nb+nn+sv
data,is,B2,1856,unverzeihlich,nepiedodams,Andestamatu,FAMILY_COPY_STRICT,fi+is+nb+nn+sv
data,nb,B2,1856,unverzeihlich,nepiedodams,Andestamatu,FAMILY_COPY_STRICT,fi+is+nb+nn+sv
data,nn,B2,1856,unverzeihlich,nepiedodams,Andestamatu,FAMILY_COPY_STRICT,fi+is+nb+nn+sv
data,sv,B2,1856,unverzeihlich,nepiedodams,Andestamatu,FAMILY_COPY_STRICT,fi+is+nb+nn+sv
data,it,B2,1856,unverzeihlich,nepiedodams,Nepiedodams,FAMILY_COPY_STRICT,it+lb+nl+pt
data,lb,B2,1856,unverzeihlich,nepiedodams,Nepiedodams,FAMILY_COPY_STRICT,it+lb+nl+pt
data,nl,B2,1856,unverzeihlich,nepiedodams,Nepiedodams,FAMILY_COPY_STRICT,it+lb+nl+pt
data,pt,B2,1856,unverzeihlich,nepiedodams,Nepiedodams,FAMILY_COPY_STRICT,it+lb+nl+pt
data,pl,B2,1856,unverzeihlich,nepiedodams,Nieprzebaczalny,FAMILY_COPY_STRICT,pl+sk+sq+tr
data,sk,B2,1856,unverzeihlich,nepiedodams,Nieprzebaczalny,FAMILY_COPY_STRICT,pl+sk+sq+tr
data,sq,B2,1856,unverzeihlich,nepiedodams,Nieprzebaczalny,FAMILY_COPY_STRICT,pl+sk+sq+tr
data,tr,B2,1856,unverzeihlich,nepiedodams,Nieprzebaczalny,FAMILY_COPY_STRICT,pl+sk+sq+tr
data,hr,B2,1857,unwiderlegbar,neapgāžams • neapstrīdams,Неопровержимый • Бесспорный,SCRIPT_MISMATCH,
data,hr,B2,1857,unwiderlegbar,neapgāžams • neapstrīdams,Неопровержимый • Бесспорный,MARKER_LEAK,foreign_script
data,it,B2,1857,unwiderlegbar,neapgāžams • neapstrīdams,Neapgāžams • Neapstrīdams,SAME_AS_LV_CASEFOLD,casefold_only
data,it,B2,1857,unwiderlegbar,neapgāžams • neapstrīdams,Neapgāžams • Neapstrīdams,LV_DIACRITIC,
data,it,B2,1857,unwiderlegbar,neapgāžams • neapstrīdams,Neapgāžams • Neapstrīdams,MARKER_LEAK,lv_macron_consonant
data,lb,B2,1857,unwiderlegbar,neapgāžams • neapstrīdams,Neapgāžams • Neapstrīdams,SAME_AS_LV_CASEFOLD,casefold_only
data,lb,B2,1857,unwiderlegbar,neapgāžams • neapstrīdams,Neapgāžams • Neapstrīdams,LV_DIACRITIC,
data,lb,B2,1857,unwiderlegbar,neapgāžams • neapstrīdams,Neapgāžams • Neapstrīdams,MARKER_LEAK,lv_macron_consonant
data,nl,B2,1857,unwiderlegbar,neapgāžams • neapstrīdams,Neapgāžams • Neapstrīdams,SAME_AS_LV_CASEFOLD,casefold_only
data,nl,B2,1857,unwiderlegbar,neapgāžams • neapstrīdams,Neapgāžams • Neapstrīdams,LV_DIACRITIC,
data,nl,B2,1857,unwiderlegbar,neapgāžams • neapstrīdams,Neapgāžams • Neapstrīdams,MARKER_LEAK,lv_macron_consonant
data,pt,B2,1857,unwiderlegbar,neapgāžams • neapstrīdams,Neapgāžams • Neapstrīdams,SAME_AS_LV_CASEFOLD,casefold_only
data,pt,B2,1857,unwiderlegbar,neapgāžams • neapstrīdams,Neapgāžams • Neapstrīdams,LV_DIACRITIC,
data,pt,B2,1857,unwiderlegbar,neapgāžams • neapstrīdams,Neapgāžams • Neapstrīdams,MARKER_LEAK,lv_macron_consonant
data,sl,B2,1857,unwiderlegbar,neapgāžams • neapstrīdams,neapgāžams • neapstrīdams,SAME_AS_LV_CASEFOLD,exact
data,sl,B2,1857,unwiderlegbar,neapgāžams • neapstrīdams,neapgāžams • neapstrīdams,LV_DIACRITIC,
data,sl,B2,1857,unwiderlegbar,neapgāžams • neapstrīdams,neapgāžams • neapstrīdams,MARKER_LEAK,lv_macron_consonant
data,bg,B2,1857,unwiderlegbar,neapgāžams • neapstrīdams,Неопровержимый • Бесспорный,FAMILY_COPY_STRICT,bg+hr+mk+ru+sr
data,hr,B2,1857,unwiderlegbar,neapgāžams • neapstrīdams,Неопровержимый • Бесспорный,FAMILY_COPY_STRICT,bg+hr+mk+ru+sr
data,mk,B2,1857,unwiderlegbar,neapgāžams • neapstrīdams,Неопровержимый • Бесспорный,FAMILY_COPY_STRICT,bg+hr+mk+ru+sr
data,ru,B2,1857,unwiderlegbar,neapgāžams • neapstrīdams,Неопровержимый • Бесспорный,FAMILY_COPY_STRICT,bg+hr+mk+ru+sr
data,sr,B2,1857,unwiderlegbar,neapgāžams • neapstrīdams,Неопровержимый • Бесспорный,FAMILY_COPY_STRICT,bg+hr+mk+ru+sr
data,fi,B2,1857,unwiderlegbar,neapgāžams • neapstrīdams,Ümberlükkamatu • Vaieldamatu,FAMILY_COPY_STRICT,fi+is+nb+nn+sv
data,is,B2,1857,unwiderlegbar,neapgāžams • neapstrīdams,Ümberlükkamatu • Vaieldamatu,FAMILY_COPY_STRICT,fi+is+nb+nn+sv
data,nb,B2,1857,unwiderlegbar,neapgāžams • neapstrīdams,Ümberlükkamatu • Vaieldamatu,FAMILY_COPY_STRICT,fi+is+nb+nn+sv
data,nn,B2,1857,unwiderlegbar,neapgāžams • neapstrīdams,Ümberlükkamatu • Vaieldamatu,FAMILY_COPY_STRICT,fi+is+nb+nn+sv
data,sv,B2,1857,unwiderlegbar,neapgāžams • neapstrīdams,Ümberlükkamatu • Vaieldamatu,FAMILY_COPY_STRICT,fi+is+nb+nn+sv
data,it,B2,1857,unwiderlegbar,neapgāžams • neapstrīdams,Neapgāžams • Neapstrīdams,FAMILY_COPY_STRICT,it+lb+nl+pt
data,lb,B2,1857,unwiderlegbar,neapgāžams • neapstrīdams,Neapgāžams • Neapstrīdams,FAMILY_COPY_STRICT,it+lb+nl+pt
data,nl,B2,1857,unwiderlegbar,neapgāžams • neapstrīdams,Neapgāžams • Neapstrīdams,FAMILY_COPY_STRICT,it+lb+nl+pt
data,pt,B2,1857,unwiderlegbar,neapgāžams • neapstrīdams,Neapgāžams • Neapstrīdams,FAMILY_COPY_STRICT,it+lb+nl+pt
data,pl,B2,1857,unwiderlegbar,neapgāžams • neapstrīdams,Niezaprzeczalny • Bezsporny,FAMILY_COPY_STRICT,pl+sk+sq+tr
data,sk,B2,1857,unwiderlegbar,neapgāžams • neapstrīdams,Niezaprzeczalny • Bezsporny,FAMILY_COPY_STRICT,pl+sk+sq+tr
data,sq,B2,1857,unwiderlegbar,neapgāžams • neapstrīdams,Niezaprzeczalny • Bezsporny,FAMILY_COPY_STRICT,pl+sk+sq+tr
data,tr,B2,1857,unwiderlegbar,neapgāžams • neapstrīdams,Niezaprzeczalny • Bezsporny,FAMILY_COPY_STRICT,pl+sk+sq+tr
data,hr,B2,1858,unwillkürlich,nevilšs • netīšs • neapzināts,Невольный • Непреднамеренный • Невольный,SCRIPT_MISMATCH,
data,hr,B2,1858,unwillkürlich,nevilšs • netīšs • neapzināts,Невольный • Непреднамеренный • Невольный,MARKER_LEAK,foreign_script
data,it,B2,1858,unwillkürlich,nevilšs • netīšs • neapzināts,Nevilšs • Netīšs • Neapzināts,SAME_AS_LV_CASEFOLD,casefold_only
data,it,B2,1858,unwillkürlich,nevilšs • netīšs • neapzināts,Nevilšs • Netīšs • Neapzināts,LV_DIACRITIC,
data,it,B2,1858,unwillkürlich,nevilšs • netīšs • neapzināts,Nevilšs • Netīšs • Neapzināts,MARKER_LEAK,lv_macron_consonant
data,lb,B2,1858,unwillkürlich,nevilšs • netīšs • neapzināts,Nevilšs • Netīšs • Neapzināts,SAME_AS_LV_CASEFOLD,casefold_only
data,lb,B2,1858,unwillkürlich,nevilšs • netīšs • neapzināts,Nevilšs • Netīšs • Neapzināts,LV_DIACRITIC,
data,lb,B2,1858,unwillkürlich,nevilšs • netīšs • neapzināts,Nevilšs • Netīšs • Neapzināts,MARKER_LEAK,lv_macron_consonant
data,nl,B2,1858,unwillkürlich,nevilšs • netīšs • neapzināts,Nevilšs • Netīšs • Neapzināts,SAME_AS_LV_CASEFOLD,casefold_only
data,nl,B2,1858,unwillkürlich,nevilšs • netīšs • neapzināts,Nevilšs • Netīšs • Neapzināts,LV_DIACRITIC,
data,nl,B2,1858,unwillkürlich,nevilšs • netīšs • neapzināts,Nevilšs • Netīšs • Neapzināts,MARKER_LEAK,lv_macron_consonant
data,pt,B2,1858,unwillkürlich,nevilšs • netīšs • neapzināts,Nevilšs • Netīšs • Neapzināts,SAME_AS_LV_CASEFOLD,casefold_only
data,pt,B2,1858,unwillkürlich,nevilšs • netīšs • neapzināts,Nevilšs • Netīšs • Neapzināts,LV_DIACRITIC,
data,pt,B2,1858,unwillkürlich,nevilšs • netīšs • neapzināts,Nevilšs • Netīšs • Neapzināts,MARKER_LEAK,lv_macron_consonant
data,sk,B2,1858,unwillkürlich,nevilšs • netīšs • neapzināts,Nieświadomy • Niezamierzony • Nieświadomy,MARKER_LEAK,pl_l_s_z
data,sl,B2,1858,unwillkürlich,nevilšs • netīšs • neapzināts,nevilšs • netīšs • neapzināts,SAME_AS_LV_CASEFOLD,exact
data,sl,B2,1858,unwillkürlich,nevilšs • netīšs • neapzināts,nevilšs • netīšs • neapzināts,LV_DIACRITIC,
data,sl,B2,1858,unwillkürlich,nevilšs • netīšs • neapzināts,nevilšs • netīšs • neapzināts,MARKER_LEAK,lv_macron_consonant
data,sq,B2,1858,unwillkürlich,nevilšs • netīšs • neapzināts,Bilinçsiz • Kasıtsız • Bilinçsiz,MARKER_LEAK,tr_soft
data,bg,B2,1858,unwillkürlich,nevilšs • netīšs • neapzināts,Невольный • Непреднамеренный • Невольный,FAMILY_COPY_STRICT,bg+hr+mk+ru+sr
data,hr,B2,1858,unwillkürlich,nevilšs • netīšs • neapzināts,Невольный • Непреднамеренный • Невольный,FAMILY_COPY_STRICT,bg+hr+mk+ru+sr
data,mk,B2,1858,unwillkürlich,nevilšs • netīšs • neapzināts,Невольный • Непреднамеренный • Невольный,FAMILY_COPY_STRICT,bg+hr+mk+ru+sr
data,ru,B2,1858,unwillkürlich,nevilšs • netīšs • neapzināts,Невольный • Непреднамеренный • Невольный,FAMILY_COPY_STRICT,bg+hr+mk+ru+sr
data,sr,B2,1858,unwillkürlich,nevilšs • netīšs • neapzināts,Невольный • Непреднамеренный • Невольный,FAMILY_COPY_STRICT,bg+hr+mk+ru+sr
data,fi,B2,1858,unwillkürlich,nevilšs • netīšs • neapzināts,Tahtmatu • Teadvustamata,FAMILY_COPY_STRICT,fi+is+nb+nn+sv
data,is,B2,1858,unwillkürlich,nevilšs • netīšs • neapzināts,Tahtmatu • Teadvustamata,FAMILY_COPY_STRICT,fi+is+nb+nn+sv
data,nb,B2,1858,unwillkürlich,nevilšs • netīšs • neapzināts,Tahtmatu • Teadvustamata,FAMILY_COPY_STRICT,fi+is+nb+nn+sv
data,nn,B2,1858,unwillkürlich,nevilšs • netīšs • neapzināts,Tahtmatu • Teadvustamata,FAMILY_COPY_STRICT,fi+is+nb+nn+sv
data,sv,B2,1858,unwillkürlich,nevilšs • netīšs • neapzināts,Tahtmatu • Teadvustamata,FAMILY_COPY_STRICT,fi+is+nb+nn+sv
data,it,B2,1858,unwillkürlich,nevilšs • netīšs • neapzināts,Nevilšs • Netīšs • Neapzināts,FAMILY_COPY_STRICT,it+lb+nl+pt
data,lb,B2,1858,unwillkürlich,nevilšs • netīšs • neapzināts,Nevilšs • Netīšs • Neapzināts,FAMILY_COPY_STRICT,it+lb+nl+pt
data,nl,B2,1858,unwillkürlich,nevilšs • netīšs • neapzināts,Nevilšs • Netīšs • Neapzināts,FAMILY_COPY_STRICT,it+lb+nl+pt
data,pt,B2,1858,unwillkürlich,nevilšs • netīšs • neapzināts,Nevilšs • Netīšs • Neapzināts,FAMILY_COPY_STRICT,it+lb+nl+pt
data,pl,B2,1858,unwillkürlich,nevilšs • netīšs • neapzināts,Nieświadomy • Niezamierzony • Nieświadomy,FAMILY_COPY_STRICT,pl+sk
data,sk,B2,1858,unwillkürlich,nevilšs • netīšs • neapzināts,Nieświadomy • Niezamierzony • Nieświadomy,FAMILY_COPY_STRICT,pl+sk
data,sq,B2,1858,unwillkürlich,nevilšs • netīšs • neapzināts,Bilinçsiz • Kasıtsız • Bilinçsiz,FAMILY_COPY_STRICT,sq+tr
data,tr,B2,1858,unwillkürlich,nevilšs • netīšs • neapzināts,Bilinçsiz • Kasıtsız • Bilinçsiz,FAMILY_COPY_STRICT,sq+tr
data,it,B2,1859,unzählig,neskaitāms,Neskaitāms,SAME_AS_LV_CASEFOLD,casefold_only
data,it,B2,1859,unzählig,neskaitāms,Neskaitāms,LV_DIACRITIC,
data,it,B2,1859,unzählig,neskaitāms,Neskaitāms,MARKER_LEAK,lv_macron_consonant
data,lb,B2,1859,unzählig,neskaitāms,Neskaitāms,SAME_AS_LV_CASEFOLD,casefold_only
data,lb,B2,1859,unzählig,neskaitāms,Neskaitāms,LV_DIACRITIC,
data,lb,B2,1859,unzählig,neskaitāms,Neskaitāms,MARKER_LEAK,lv_macron_consonant
data,nl,B2,1859,unzählig,neskaitāms,Neskaitāms,SAME_AS_LV_CASEFOLD,casefold_only
data,nl,B2,1859,unzählig,neskaitāms,Neskaitāms,LV_DIACRITIC,
data,nl,B2,1859,unzählig,neskaitāms,Neskaitāms,MARKER_LEAK,lv_macron_consonant
data,sl,B2,1859,unzählig,neskaitāms,neskaitāms,SAME_AS_LV_CASEFOLD,exact
data,sl,B2,1859,unzählig,neskaitāms,neskaitāms,LV_DIACRITIC,
data,sl,B2,1859,unzählig,neskaitāms,neskaitāms,MARKER_LEAK,lv_macron_consonant
data,sr,B2,1859,unzählig,neskaitāms,Nešteto,LV_DIACRITIC,
data,sr,B2,1859,unzählig,neskaitāms,Nešteto,SCRIPT_MISMATCH,sr_as_cyrillic
data,sr,B2,1859,unzählig,neskaitāms,Nešteto,MARKER_LEAK,latin_in_cyrillic
data,bg,B2,1859,unzählig,neskaitāms,Бесчисленный,FAMILY_COPY_STRICT,bg+mk+ru
data,mk,B2,1859,unzählig,neskaitāms,Бесчисленный,FAMILY_COPY_STRICT,bg+mk+ru
data,ru,B2,1859,unzählig,neskaitāms,Бесчисленный,FAMILY_COPY_STRICT,bg+mk+ru
data,fi,B2,1859,unzählig,neskaitāms,Loendamatu,FAMILY_COPY_STRICT,fi+is+nb+nn+sv
data,is,B2,1859,unzählig,neskaitāms,Loendamatu,FAMILY_COPY_STRICT,fi+is+nb+nn+sv
data,nb,B2,1859,unzählig,neskaitāms,Loendamatu,FAMILY_COPY_STRICT,fi+is+nb+nn+sv
data,nn,B2,1859,unzählig,neskaitāms,Loendamatu,FAMILY_COPY_STRICT,fi+is+nb+nn+sv
data,sv,B2,1859,unzählig,neskaitāms,Loendamatu,FAMILY_COPY_STRICT,fi+is+nb+nn+sv
data,hr,B2,1859,unzählig,neskaitāms,Nešteto,FAMILY_COPY_STRICT,hr+sr
data,sr,B2,1859,unzählig,neskaitāms,Nešteto,FAMILY_COPY_STRICT,hr+sr
data,it,B2,1859,unzählig,neskaitāms,Neskaitāms,FAMILY_COPY_STRICT,it+lb+nl
data,lb,B2,1859,unzählig,neskaitāms,Neskaitāms,FAMILY_COPY_STRICT,it+lb+nl
data,nl,B2,1859,unzählig,neskaitāms,Neskaitāms,FAMILY_COPY_STRICT,it+lb+nl
data,pl,B2,1859,unzählig,neskaitāms,Bez liku,FAMILY_COPY_STRICT,pl+sk+sq+tr
data,sk,B2,1859,unzählig,neskaitāms,Bez liku,FAMILY_COPY_STRICT,pl+sk+sq+tr
data,sq,B2,1859,unzählig,neskaitāms,Bez liku,FAMILY_COPY_STRICT,pl+sk+sq+tr
data,tr,B2,1859,unzählig,neskaitāms,Bez liku,FAMILY_COPY_STRICT,pl+sk+sq+tr
data,hr,B2,1860,unzulässig,nepieļaujams,Недопустимый,SCRIPT_MISMATCH,
data,hr,B2,1860,unzulässig,nepieļaujams,Недопустимый,MARKER_LEAK,foreign_script
data,it,B2,1860,unzulässig,nepieļaujams,Nepieļaujams,SAME_AS_LV_CASEFOLD,casefold_only
data,it,B2,1860,unzulässig,nepieļaujams,Nepieļaujams,LV_DIACRITIC,
data,it,B2,1860,unzulässig,nepieļaujams,Nepieļaujams,MARKER_LEAK,lv_macron_consonant
data,lb,B2,1860,unzulässig,nepieļaujams,Nepieļaujams,SAME_AS_LV_CASEFOLD,casefold_only
data,lb,B2,1860,unzulässig,nepieļaujams,Nepieļaujams,LV_DIACRITIC,
data,lb,B2,1860,unzulässig,nepieļaujams,Nepieļaujams,MARKER_LEAK,lv_macron_consonant
data,nl,B2,1860,unzulässig,nepieļaujams,Nepieļaujams,SAME_AS_LV_CASEFOLD,casefold_only
data,nl,B2,1860,unzulässig,nepieļaujams,Nepieļaujams,LV_DIACRITIC,
data,nl,B2,1860,unzulässig,nepieļaujams,Nepieļaujams,MARKER_LEAK,lv_macron_consonant
data,pt,B2,1860,unzulässig,nepieļaujams,Nepieļaujams,SAME_AS_LV_CASEFOLD,casefold_only
data,pt,B2,1860,unzulässig,nepieļaujams,Nepieļaujams,LV_DIACRITIC,
data,pt,B2,1860,unzulässig,nepieļaujams,Nepieļaujams,MARKER_LEAK,lv_macron_consonant
data,sl,B2,1860,unzulässig,nepieļaujams,nepieļaujams,SAME_AS_LV_CASEFOLD,exact
data,sl,B2,1860,unzulässig,nepieļaujams,nepieļaujams,LV_DIACRITIC,
data,sl,B2,1860,unzulässig,nepieļaujams,nepieļaujams,MARKER_LEAK,lv_macron_consonant
data,bg,B2,1860,unzulässig,nepieļaujams,Недопустимый,FAMILY_COPY_STRICT,bg+hr+mk+ru+sr
data,hr,B2,1860,unzulässig,nepieļaujams,Недопустимый,FAMILY_COPY_STRICT,bg+hr+mk+ru+sr
data,mk,B2,1860,unzulässig,nepieļaujams,Недопустимый,FAMILY_COPY_STRICT,bg+hr+mk+ru+sr
data,ru,B2,1860,unzulässig,nepieļaujams,Недопустимый,FAMILY_COPY_STRICT,bg+hr+mk+ru+sr
data,sr,B2,1860,unzulässig,nepieļaujams,Недопустимый,FAMILY_COPY_STRICT,bg+hr+mk+ru+sr
data,fi,B2,1860,unzulässig,nepieļaujams,Lubamatu,FAMILY_COPY_STRICT,fi+is+nb+nn+sv
data,is,B2,1860,unzulässig,nepieļaujams,Lubamatu,FAMILY_COPY_STRICT,fi+is+nb+nn+sv
data,nb,B2,1860,unzulässig,nepieļaujams,Lubamatu,FAMILY_COPY_STRICT,fi+is+nb+nn+sv
data,nn,B2,1860,unzulässig,nepieļaujams,Lubamatu,FAMILY_COPY_STRICT,fi+is+nb+nn+sv
data,sv,B2,1860,unzulässig,nepieļaujams,Lubamatu,FAMILY_COPY_STRICT,fi+is+nb+nn+sv
data,it,B2,1860,unzulässig,nepieļaujams,Nepieļaujams,FAMILY_COPY_STRICT,it+lb+nl+pt
data,lb,B2,1860,unzulässig,nepieļaujams,Nepieļaujams,FAMILY_COPY_STRICT,it+lb+nl+pt
data,nl,B2,1860,unzulässig,nepieļaujams,Nepieļaujams,FAMILY_COPY_STRICT,it+lb+nl+pt
data,pt,B2,1860,unzulässig,nepieļaujams,Nepieļaujams,FAMILY_COPY_STRICT,it+lb+nl+pt
data,pl,B2,1860,unzulässig,nepieļaujams,Niedopuszczalny,FAMILY_COPY_STRICT,pl+sq+tr
data,sq,B2,1860,unzulässig,nepieļaujams,Niedopuszczalny,FAMILY_COPY_STRICT,pl+sq+tr
data,tr,B2,1860,unzulässig,nepieļaujams,Niedopuszczalny,FAMILY_COPY_STRICT,pl+sq+tr
data,hr,B2,1861,üppig,bagātīgs • kupls,Обильный • Пухлый,SCRIPT_MISMATCH,
data,hr,B2,1861,üppig,bagātīgs • kupls,Обильный • Пухлый,MARKER_LEAK,foreign_script
data,it,B2,1861,üppig,bagātīgs • kupls,Bagātīgs • Kupls,SAME_AS_LV_CASEFOLD,casefold_only
data,it,B2,1861,üppig,bagātīgs • kupls,Bagātīgs • Kupls,LV_DIACRITIC,
data,it,B2,1861,üppig,bagātīgs • kupls,Bagātīgs • Kupls,MARKER_LEAK,lv_macron_consonant
data,lb,B2,1861,üppig,bagātīgs • kupls,Bagātīgs • Kupls,SAME_AS_LV_CASEFOLD,casefold_only
data,lb,B2,1861,üppig,bagātīgs • kupls,Bagātīgs • Kupls,LV_DIACRITIC,
data,lb,B2,1861,üppig,bagātīgs • kupls,Bagātīgs • Kupls,MARKER_LEAK,lv_macron_consonant
data,nl,B2,1861,üppig,bagātīgs • kupls,Bagātīgs • Kupls,SAME_AS_LV_CASEFOLD,casefold_only
data,nl,B2,1861,üppig,bagātīgs • kupls,Bagātīgs • Kupls,LV_DIACRITIC,
data,nl,B2,1861,üppig,bagātīgs • kupls,Bagātīgs • Kupls,MARKER_LEAK,lv_macron_consonant
data,pt,B2,1861,üppig,bagātīgs • kupls,Bagātīgs • Kupls,SAME_AS_LV_CASEFOLD,casefold_only
data,pt,B2,1861,üppig,bagātīgs • kupls,Bagātīgs • Kupls,LV_DIACRITIC,
data,pt,B2,1861,üppig,bagātīgs • kupls,Bagātīgs • Kupls,MARKER_LEAK,lv_macron_consonant
data,sl,B2,1861,üppig,bagātīgs • kupls,bagātīgs • kupls,SAME_AS_LV_CASEFOLD,exact
data,sl,B2,1861,üppig,bagātīgs • kupls,bagātīgs • kupls,LV_DIACRITIC,
data,sl,B2,1861,üppig,bagātīgs • kupls,bagātīgs • kupls,MARKER_LEAK,lv_macron_consonant
data,bg,B2,1861,üppig,bagātīgs • kupls,Обильный • Пухлый,FAMILY_COPY_STRICT,bg+hr+mk+ru+sr
data,hr,B2,1861,üppig,bagātīgs • kupls,Обильный • Пухлый,FAMILY_COPY_STRICT,bg+hr+mk+ru+sr
data,mk,B2,1861,üppig,bagātīgs • kupls,Обильный • Пухлый,FAMILY_COPY_STRICT,bg+hr+mk+ru+sr
data,ru,B2,1861,üppig,bagātīgs • kupls,Обильный • Пухлый,FAMILY_COPY_STRICT,bg+hr+mk+ru+sr
data,sr,B2,1861,üppig,bagātīgs • kupls,Обильный • Пухлый,FAMILY_COPY_STRICT,bg+hr+mk+ru+sr
data,fi,B2,1861,üppig,bagātīgs • kupls,Rikkalik • Lopsakas,FAMILY_COPY_STRICT,fi+is+nb+nn+sv
data,is,B2,1861,üppig,bagātīgs • kupls,Rikkalik • Lopsakas,FAMILY_COPY_STRICT,fi+is+nb+nn+sv
data,nb,B2,1861,üppig,bagātīgs • kupls,Rikkalik • Lopsakas,FAMILY_COPY_STRICT,fi+is+nb+nn+sv
data,nn,B2,1861,üppig,bagātīgs • kupls,Rikkalik • Lopsakas,FAMILY_COPY_STRICT,fi+is+nb+nn+sv
data,sv,B2,1861,üppig,bagātīgs • kupls,Rikkalik • Lopsakas,FAMILY_COPY_STRICT,fi+is+nb+nn+sv
data,it,B2,1861,üppig,bagātīgs • kupls,Bagātīgs • Kupls,FAMILY_COPY_STRICT,it+lb+nl+pt
data,lb,B2,1861,üppig,bagātīgs • kupls,Bagātīgs • Kupls,FAMILY_COPY_STRICT,it+lb+nl+pt
data,nl,B2,1861,üppig,bagātīgs • kupls,Bagātīgs • Kupls,FAMILY_COPY_STRICT,it+lb+nl+pt
data,pt,B2,1861,üppig,bagātīgs • kupls,Bagātīgs • Kupls,FAMILY_COPY_STRICT,it+lb+nl+pt
data,pl,B2,1861,üppig,bagātīgs • kupls,Obfity • Pulchny,FAMILY_COPY_STRICT,pl+sk+sq+tr
data,sk,B2,1861,üppig,bagātīgs • kupls,Obfity • Pulchny,FAMILY_COPY_STRICT,pl+sk+sq+tr
data,sq,B2,1861,üppig,bagātīgs • kupls,Obfity • Pulchny,FAMILY_COPY_STRICT,pl+sk+sq+tr
data,tr,B2,1861,üppig,bagātīgs • kupls,Obfity • Pulchny,FAMILY_COPY_STRICT,pl+sk+sq+tr
data,hr,B2,1862,Urheber,ierosinātājs • iniciators • autors,Инициатор • Инициатор • Автор,SCRIPT_MISMATCH,
data,hr,B2,1862,Urheber,ierosinātājs • iniciators • autors,Инициатор • Инициатор • Автор,MARKER_LEAK,foreign_script
data,it,B2,1862,Urheber,ierosinātājs • iniciators • autors,Ierosinātājs • Iniciators • Autors,SAME_AS_LV_CASEFOLD,casefold_only
data,it,B2,1862,Urheber,ierosinātājs • iniciators • autors,Ierosinātājs • Iniciators • Autors,LV_DIACRITIC,
data,it,B2,1862,Urheber,ierosinātājs • iniciators • autors,Ierosinātājs • Iniciators • Autors,MARKER_LEAK,lv_macron_consonant
data,lb,B2,1862,Urheber,ierosinātājs • iniciators • autors,Ierosinātājs • Iniciators • Autors,SAME_AS_LV_CASEFOLD,casefold_only
data,lb,B2,1862,Urheber,ierosinātājs • iniciators • autors,Ierosinātājs • Iniciators • Autors,LV_DIACRITIC,
data,lb,B2,1862,Urheber,ierosinātājs • iniciators • autors,Ierosinātājs • Iniciators • Autors,MARKER_LEAK,lv_macron_consonant
data,nl,B2,1862,Urheber,ierosinātājs • iniciators • autors,Ierosinātājs • Iniciators • Autors,SAME_AS_LV_CASEFOLD,casefold_only
data,nl,B2,1862,Urheber,ierosinātājs • iniciators • autors,Ierosinātājs • Iniciators • Autors,LV_DIACRITIC,
data,nl,B2,1862,Urheber,ierosinātājs • iniciators • autors,Ierosinātājs • Iniciators • Autors,MARKER_LEAK,lv_macron_consonant
data,pt,B2,1862,Urheber,ierosinātājs • iniciators • autors,Ierosinātājs • Iniciadores • Autores,LV_DIACRITIC,
data,pt,B2,1862,Urheber,ierosinātājs • iniciators • autors,Ierosinātājs • Iniciadores • Autores,MARKER_LEAK,lv_macron_consonant
data,sl,B2,1862,Urheber,ierosinātājs • iniciators • autors,ierosinātājs • iniciators • autors,SAME_AS_LV_CASEFOLD,exact
data,sl,B2,1862,Urheber,ierosinātājs • iniciators • autors,ierosinātājs • iniciators • autors,LV_DIACRITIC,
data,sl,B2,1862,Urheber,ierosinātājs • iniciators • autors,ierosinātājs • iniciators • autors,MARKER_LEAK,lv_macron_consonant
data,uk,B2,1862,Urheber,ierosinātājs • iniciators • autors,ініціатор • ініціатор • autors,SCRIPT_MISMATCH,
data,uk,B2,1862,Urheber,ierosinātājs • iniciators • autors,ініціатор • ініціатор • autors,MARKER_LEAK,latin_in_cyrillic
data,bg,B2,1862,Urheber,ierosinātājs • iniciators • autors,Инициатор • Инициатор • Автор,FAMILY_COPY_STRICT,bg+hr+mk+ru+sr
data,hr,B2,1862,Urheber,ierosinātājs • iniciators • autors,Инициатор • Инициатор • Автор,FAMILY_COPY_STRICT,bg+hr+mk+ru+sr
data,mk,B2,1862,Urheber,ierosinātājs • iniciators • autors,Инициатор • Инициатор • Автор,FAMILY_COPY_STRICT,bg+hr+mk+ru+sr
data,ru,B2,1862,Urheber,ierosinātājs • iniciators • autors,Инициатор • Инициатор • Автор,FAMILY_COPY_STRICT,bg+hr+mk+ru+sr
data,sr,B2,1862,Urheber,ierosinātājs • iniciators • autors,Инициатор • Инициатор • Автор,FAMILY_COPY_STRICT,bg+hr+mk+ru+sr
data,fi,B2,1862,Urheber,ierosinātājs • iniciators • autors,Algataja • Autor,FAMILY_COPY_STRICT,fi+is+nb+nn+sv
data,is,B2,1862,Urheber,ierosinātājs • iniciators • autors,Algataja • Autor,FAMILY_COPY_STRICT,fi+is+nb+nn+sv
data,nb,B2,1862,Urheber,ierosinātājs • iniciators • autors,Algataja • Autor,FAMILY_COPY_STRICT,fi+is+nb+nn+sv
data,nn,B2,1862,Urheber,ierosinātājs • iniciators • autors,Algataja • Autor,FAMILY_COPY_STRICT,fi+is+nb+nn+sv
data,sv,B2,1862,Urheber,ierosinātājs • iniciators • autors,Algataja • Autor,FAMILY_COPY_STRICT,fi+is+nb+nn+sv
data,it,B2,1862,Urheber,ierosinātājs • iniciators • autors,Ierosinātājs • Iniciators • Autors,FAMILY_COPY_STRICT,it+lb+nl
data,lb,B2,1862,Urheber,ierosinātājs • iniciators • autors,Ierosinātājs • Iniciators • Autors,FAMILY_COPY_STRICT,it+lb+nl
data,nl,B2,1862,Urheber,ierosinātājs • iniciators • autors,Ierosinātājs • Iniciators • Autors,FAMILY_COPY_STRICT,it+lb+nl
data,pl,B2,1862,Urheber,ierosinātājs • iniciators • autors,Inicjator • Inicjator • Autor,FAMILY_COPY_STRICT,pl+sk+sq+tr
data,sk,B2,1862,Urheber,ierosinātājs • iniciators • autors,Inicjator • Inicjator • Autor,FAMILY_COPY_STRICT,pl+sk+sq+tr
data,sq,B2,1862,Urheber,ierosinātājs • iniciators • autors,Inicjator • Inicjator • Autor,FAMILY_COPY_STRICT,pl+sk+sq+tr
data,tr,B2,1862,Urheber,ierosinātājs • iniciators • autors,Inicjator • Inicjator • Autor,FAMILY_COPY_STRICT,pl+sk+sq+tr
data,fi,B2,1863,Urheberrecht,autortiesības,Autoriõigus,MARKER_LEAK,et_otilde
data,hr,B2,1863,Urheberrecht,autortiesības,Авторское право,SCRIPT_MISMATCH,
data,hr,B2,1863,Urheberrecht,autortiesības,Авторское право,MARKER_LEAK,foreign_script
data,is,B2,1863,Urheberrecht,autortiesības,Autoriõigus,MARKER_LEAK,et_otilde
data,it,B2,1863,Urheberrecht,autortiesības,Autortiesības,SAME_AS_LV_CASEFOLD,casefold_only
data,it,B2,1863,Urheberrecht,autortiesības,Autortiesības,LV_DIACRITIC,
data,it,B2,1863,Urheberrecht,autortiesības,Autortiesības,MARKER_LEAK,lv_macron_consonant
data,lb,B2,1863,Urheberrecht,autortiesības,Autortiesības,SAME_AS_LV_CASEFOLD,casefold_only
data,lb,B2,1863,Urheberrecht,autortiesības,Autortiesības,LV_DIACRITIC,
data,lb,B2,1863,Urheberrecht,autortiesības,Autortiesības,MARKER_LEAK,lv_macron_consonant
data,nb,B2,1863,Urheberrecht,autortiesības,Autoriõigus,MARKER_LEAK,et_otilde
data,nl,B2,1863,Urheberrecht,autortiesības,Autortiesības,SAME_AS_LV_CASEFOLD,casefold_only
data,nl,B2,1863,Urheberrecht,autortiesības,Autortiesības,LV_DIACRITIC,
data,nl,B2,1863,Urheberrecht,autortiesības,Autortiesības,MARKER_LEAK,lv_macron_consonant
data,nn,B2,1863,Urheberrecht,autortiesības,Autoriõigus,MARKER_LEAK,et_otilde
data,sl,B2,1863,Urheberrecht,autortiesības,autortiesības,SAME_AS_LV_CASEFOLD,exact
data,sl,B2,1863,Urheberrecht,autortiesības,autortiesības,LV_DIACRITIC,
data,sl,B2,1863,Urheberrecht,autortiesības,autortiesības,MARKER_LEAK,lv_macron_consonant
data,sv,B2,1863,Urheberrecht,autortiesības,Autoriõigus,MARKER_LEAK,et_otilde
data,bg,B2,1863,Urheberrecht,autortiesības,Авторское право,FAMILY_COPY_STRICT,bg+hr+mk+ru+sr
data,hr,B2,1863,Urheberrecht,autortiesības,Авторское право,FAMILY_COPY_STRICT,bg+hr+mk+ru+sr
data,mk,B2,1863,Urheberrecht,autortiesības,Авторское право,FAMILY_COPY_STRICT,bg+hr+mk+ru+sr
data,ru,B2,1863,Urheberrecht,autortiesības,Авторское право,FAMILY_COPY_STRICT,bg+hr+mk+ru+sr
data,sr,B2,1863,Urheberrecht,autortiesības,Авторское право,FAMILY_COPY_STRICT,bg+hr+mk+ru+sr
data,da,B2,1863,Urheberrecht,autortiesības,Copyright,FAMILY_COPY_STRICT,da+en
data,en,B2,1863,Urheberrecht,autortiesības,Copyright,FAMILY_COPY_STRICT,da+en
data,fi,B2,1863,Urheberrecht,autortiesības,Autoriõigus,FAMILY_COPY_STRICT,fi+is+nb+nn+sv
data,is,B2,1863,Urheberrecht,autortiesības,Autoriõigus,FAMILY_COPY_STRICT,fi+is+nb+nn+sv
data,nb,B2,1863,Urheberrecht,autortiesības,Autoriõigus,FAMILY_COPY_STRICT,fi+is+nb+nn+sv
data,nn,B2,1863,Urheberrecht,autortiesības,Autoriõigus,FAMILY_COPY_STRICT,fi+is+nb+nn+sv
data,sv,B2,1863,Urheberrecht,autortiesības,Autoriõigus,FAMILY_COPY_STRICT,fi+is+nb+nn+sv
data,it,B2,1863,Urheberrecht,autortiesības,Autortiesības,FAMILY_COPY_STRICT,it+lb+nl
data,lb,B2,1863,Urheberrecht,autortiesības,Autortiesības,FAMILY_COPY_STRICT,it+lb+nl
data,nl,B2,1863,Urheberrecht,autortiesības,Autortiesības,FAMILY_COPY_STRICT,it+lb+nl
data,pl,B2,1863,Urheberrecht,autortiesības,Prawo autorskie,FAMILY_COPY_STRICT,pl+sk+sq+tr
data,sk,B2,1863,Urheberrecht,autortiesības,Prawo autorskie,FAMILY_COPY_STRICT,pl+sk+sq+tr
data,sq,B2,1863,Urheberrecht,autortiesības,Prawo autorskie,FAMILY_COPY_STRICT,pl+sk+sq+tr
data,tr,B2,1863,Urheberrecht,autortiesības,Prawo autorskie,FAMILY_COPY_STRICT,pl+sk+sq+tr
data,hr,B2,1864,Urkunde,dokuments • raksts,Документ • Статья,SCRIPT_MISMATCH,
data,hr,B2,1864,Urkunde,dokuments • raksts,Документ • Статья,MARKER_LEAK,foreign_script
data,it,B2,1864,Urkunde,dokuments • raksts,Dokuments • Raksts,SAME_AS_LV_CASEFOLD,casefold_only
data,lb,B2,1864,Urkunde,dokuments • raksts,Dokuments • Raksts,SAME_AS_LV_CASEFOLD,casefold_only
data,nl,B2,1864,Urkunde,dokuments • raksts,Dokuments • Raksts,SAME_AS_LV_CASEFOLD,casefold_only
data,sk,B2,1864,Urkunde,dokuments • raksts,Dokument • Artykuł,MARKER_LEAK,pl_l_s_z
data,sl,B2,1864,Urkunde,dokuments • raksts,dokuments • raksts,SAME_AS_LV_CASEFOLD,exact
data,bg,B2,1864,Urkunde,dokuments • raksts,Документ • Статья,FAMILY_COPY_STRICT,bg+hr+mk+ru+sr
data,hr,B2,1864,Urkunde,dokuments • raksts,Документ • Статья,FAMILY_COPY_STRICT,bg+hr+mk+ru+sr
data,mk,B2,1864,Urkunde,dokuments • raksts,Документ • Статья,FAMILY_COPY_STRICT,bg+hr+mk+ru+sr
data,ru,B2,1864,Urkunde,dokuments • raksts,Документ • Статья,FAMILY_COPY_STRICT,bg+hr+mk+ru+sr
data,sr,B2,1864,Urkunde,dokuments • raksts,Документ • Статья,FAMILY_COPY_STRICT,bg+hr+mk+ru+sr
data,fi,B2,1864,Urkunde,dokuments • raksts,Dokument • Kirjutis,FAMILY_COPY_STRICT,fi+is+nb+nn+sv
data,is,B2,1864,Urkunde,dokuments • raksts,Dokument • Kirjutis,FAMILY_COPY_STRICT,fi+is+nb+nn+sv
data,nb,B2,1864,Urkunde,dokuments • raksts,Dokument • Kirjutis,FAMILY_COPY_STRICT,fi+is+nb+nn+sv
data,nn,B2,1864,Urkunde,dokuments • raksts,Dokument • Kirjutis,FAMILY_COPY_STRICT,fi+is+nb+nn+sv
data,sv,B2,1864,Urkunde,dokuments • raksts,Dokument • Kirjutis,FAMILY_COPY_STRICT,fi+is+nb+nn+sv
data,it,B2,1864,Urkunde,dokuments • raksts,Dokuments • Raksts,FAMILY_COPY_STRICT,it+lb+nl
data,lb,B2,1864,Urkunde,dokuments • raksts,Dokuments • Raksts,FAMILY_COPY_STRICT,it+lb+nl
data,nl,B2,1864,Urkunde,dokuments • raksts,Dokuments • Raksts,FAMILY_COPY_STRICT,it+lb+nl
data,pl,B2,1864,Urkunde,dokuments • raksts,Dokument • Artykuł,FAMILY_COPY_STRICT,pl+sk
data,sk,B2,1864,Urkunde,dokuments • raksts,Dokument • Artykuł,FAMILY_COPY_STRICT,pl+sk
data,sq,B2,1864,Urkunde,dokuments • raksts,Belge • Makale,FAMILY_COPY_STRICT,sq+tr
data,tr,B2,1864,Urkunde,dokuments • raksts,Belge • Makale,FAMILY_COPY_STRICT,sq+tr
data,hr,B2,1865,Ursprung,izcelšanās • cilme • [pirm]sākums,Происхождение • Происхождение • [предварительное] начало,SCRIPT_MISMATCH,
data,hr,B2,1865,Ursprung,izcelšanās • cilme • [pirm]sākums,Происхождение • Происхождение • [предварительное] начало,MARKER_LEAK,foreign_script
data,it,B2,1865,Ursprung,izcelšanās • cilme • [pirm]sākums,Izcelšanās • Cilme • [pirm]sākums,SAME_AS_LV_CASEFOLD,casefold_only
data,it,B2,1865,Ursprung,izcelšanās • cilme • [pirm]sākums,Izcelšanās • Cilme • [pirm]sākums,LV_DIACRITIC,
data,it,B2,1865,Ursprung,izcelšanās • cilme • [pirm]sākums,Izcelšanās • Cilme • [pirm]sākums,MARKER_LEAK,lv_macron_consonant
data,lb,B2,1865,Ursprung,izcelšanās • cilme • [pirm]sākums,Izcelšanās • Cilme • [pirm]sākums,SAME_AS_LV_CASEFOLD,casefold_only
data,lb,B2,1865,Ursprung,izcelšanās • cilme • [pirm]sākums,Izcelšanās • Cilme • [pirm]sākums,LV_DIACRITIC,
data,lb,B2,1865,Ursprung,izcelšanās • cilme • [pirm]sākums,Izcelšanās • Cilme • [pirm]sākums,MARKER_LEAK,lv_macron_consonant
data,nl,B2,1865,Ursprung,izcelšanās • cilme • [pirm]sākums,Izcelšanās • Cilme • [pirm]sākums,SAME_AS_LV_CASEFOLD,casefold_only
data,nl,B2,1865,Ursprung,izcelšanās • cilme • [pirm]sākums,Izcelšanās • Cilme • [pirm]sākums,LV_DIACRITIC,
data,nl,B2,1865,Ursprung,izcelšanās • cilme • [pirm]sākums,Izcelšanās • Cilme • [pirm]sākums,MARKER_LEAK,lv_macron_consonant
data,pt,B2,1865,Ursprung,izcelšanās • cilme • [pirm]sākums,Izcelšanās • Cilme • [pirm]sākums,SAME_AS_LV_CASEFOLD,casefold_only
data,pt,B2,1865,Ursprung,izcelšanās • cilme • [pirm]sākums,Izcelšanās • Cilme • [pirm]sākums,LV_DIACRITIC,
data,pt,B2,1865,Ursprung,izcelšanās • cilme • [pirm]sākums,Izcelšanās • Cilme • [pirm]sākums,MARKER_LEAK,lv_macron_consonant
data,sk,B2,1865,Ursprung,izcelšanās • cilme • [pirm]sākums,Pochodzenie • Pochodzenie • [pre]początek,MARKER_LEAK,pl_lt_nasal
data,sl,B2,1865,Ursprung,izcelšanās • cilme • [pirm]sākums,izcelšanās • cilme • [pirm]sākums,SAME_AS_LV_CASEFOLD,exact
data,sl,B2,1865,Ursprung,izcelšanās • cilme • [pirm]sākums,izcelšanās • cilme • [pirm]sākums,LV_DIACRITIC,
data,sl,B2,1865,Ursprung,izcelšanās • cilme • [pirm]sākums,izcelšanās • cilme • [pirm]sākums,MARKER_LEAK,lv_macron_consonant
data,sq,B2,1865,Ursprung,izcelšanās • cilme • [pirm]sākums,Kökeni • Kökeni • [ön]başlangıç,MARKER_LEAK,tr_soft
data,bg,B2,1865,Ursprung,izcelšanās • cilme • [pirm]sākums,Происхождение • Происхождение • [предварительное] начало,FAMILY_COPY_STRICT,bg+hr+mk+ru+sr
data,hr,B2,1865,Ursprung,izcelšanās • cilme • [pirm]sākums,Происхождение • Происхождение • [предварительное] начало,FAMILY_COPY_STRICT,bg+hr+mk+ru+sr
data,mk,B2,1865,Ursprung,izcelšanās • cilme • [pirm]sākums,Происхождение • Происхождение • [предварительное] начало,FAMILY_COPY_STRICT,bg+hr+mk+ru+sr
data,ru,B2,1865,Ursprung,izcelšanās • cilme • [pirm]sākums,Происхождение • Происхождение • [предварительное] начало,FAMILY_COPY_STRICT,bg+hr+mk+ru+sr
data,sr,B2,1865,Ursprung,izcelšanās • cilme • [pirm]sākums,Происхождение • Происхождение • [предварительное] начало,FAMILY_COPY_STRICT,bg+hr+mk+ru+sr
data,fi,B2,1865,Ursprung,izcelšanās • cilme • [pirm]sākums,Päritolu • Algupära,FAMILY_COPY_STRICT,fi+is+nb+nn+sv
data,is,B2,1865,Ursprung,izcelšanās • cilme • [pirm]sākums,Päritolu • Algupära,FAMILY_COPY_STRICT,fi+is+nb+nn+sv
data,nb,B2,1865,Ursprung,izcelšanās • cilme • [pirm]sākums,Päritolu • Algupära,FAMILY_COPY_STRICT,fi+is+nb+nn+sv
data,nn,B2,1865,Ursprung,izcelšanās • cilme • [pirm]sākums,Päritolu • Algupära,FAMILY_COPY_STRICT,fi+is+nb+nn+sv
data,sv,B2,1865,Ursprung,izcelšanās • cilme • [pirm]sākums,Päritolu • Algupära,FAMILY_COPY_STRICT,fi+is+nb+nn+sv
data,it,B2,1865,Ursprung,izcelšanās • cilme • [pirm]sākums,Izcelšanās • Cilme • [pirm]sākums,FAMILY_COPY_STRICT,it+lb+nl+pt
data,lb,B2,1865,Ursprung,izcelšanās • cilme • [pirm]sākums,Izcelšanās • Cilme • [pirm]sākums,FAMILY_COPY_STRICT,it+lb+nl+pt
data,nl,B2,1865,Ursprung,izcelšanās • cilme • [pirm]sākums,Izcelšanās • Cilme • [pirm]sākums,FAMILY_COPY_STRICT,it+lb+nl+pt
data,pt,B2,1865,Ursprung,izcelšanās • cilme • [pirm]sākums,Izcelšanās • Cilme • [pirm]sākums,FAMILY_COPY_STRICT,it+lb+nl+pt
data,pl,B2,1865,Ursprung,izcelšanās • cilme • [pirm]sākums,Pochodzenie • Pochodzenie • [pre]początek,FAMILY_COPY_STRICT,pl+sk
data,sk,B2,1865,Ursprung,izcelšanās • cilme • [pirm]sākums,Pochodzenie • Pochodzenie • [pre]początek,FAMILY_COPY_STRICT,pl+sk
data,sq,B2,1865,Ursprung,izcelšanās • cilme • [pirm]sākums,Kökeni • Kökeni • [ön]başlangıç,FAMILY_COPY_STRICT,sq+tr
data,tr,B2,1865,Ursprung,izcelšanās • cilme • [pirm]sākums,Kökeni • Kökeni • [ön]başlangıç,FAMILY_COPY_STRICT,sq+tr
data,hr,B2,1866,ursprünglich,sākotnējs,Исходный,SCRIPT_MISMATCH,
data,hr,B2,1866,ursprünglich,sākotnējs,Исходный,MARKER_LEAK,foreign_script
data,it,B2,1866,ursprünglich,sākotnējs,Sākotnējs,SAME_AS_LV_CASEFOLD,casefold_only
data,it,B2,1866,ursprünglich,sākotnējs,Sākotnējs,LV_DIACRITIC,
data,it,B2,1866,ursprünglich,sākotnējs,Sākotnējs,MARKER_LEAK,lv_macron_consonant
data,lb,B2,1866,ursprünglich,sākotnējs,Sākotnējs,SAME_AS_LV_CASEFOLD,casefold_only
data,lb,B2,1866,ursprünglich,sākotnējs,Sākotnējs,LV_DIACRITIC,
data,lb,B2,1866,ursprünglich,sākotnējs,Sākotnējs,MARKER_LEAK,lv_macron_consonant
data,nl,B2,1866,ursprünglich,sākotnējs,Sākotnējs,SAME_AS_LV_CASEFOLD,casefold_only
data,nl,B2,1866,ursprünglich,sākotnējs,Sākotnējs,LV_DIACRITIC,
data,nl,B2,1866,ursprünglich,sākotnējs,Sākotnējs,MARKER_LEAK,lv_macron_consonant
data,pt,B2,1866,ursprünglich,sākotnējs,Sākotnējs,SAME_AS_LV_CASEFOLD,casefold_only
data,pt,B2,1866,ursprünglich,sākotnējs,Sākotnējs,LV_DIACRITIC,
data,pt,B2,1866,ursprünglich,sākotnējs,Sākotnējs,MARKER_LEAK,lv_macron_consonant
data,sk,B2,1866,ursprünglich,sākotnējs,Wstępny,MARKER_LEAK,pl_lt_nasal
data,sl,B2,1866,ursprünglich,sākotnējs,sākotnējs,SAME_AS_LV_CASEFOLD,exact
data,sl,B2,1866,ursprünglich,sākotnējs,sākotnējs,LV_DIACRITIC,
data,sl,B2,1866,ursprünglich,sākotnējs,sākotnējs,MARKER_LEAK,lv_macron_consonant
data,bg,B2,1866,ursprünglich,sākotnējs,Исходный,FAMILY_COPY_STRICT,bg+hr+mk+ru+sr
data,hr,B2,1866,ursprünglich,sākotnējs,Исходный,FAMILY_COPY_STRICT,bg+hr+mk+ru+sr
data,mk,B2,1866,ursprünglich,sākotnējs,Исходный,FAMILY_COPY_STRICT,bg+hr+mk+ru+sr
data,ru,B2,1866,ursprünglich,sākotnējs,Исходный,FAMILY_COPY_STRICT,bg+hr+mk+ru+sr
data,sr,B2,1866,ursprünglich,sākotnējs,Исходный,FAMILY_COPY_STRICT,bg+hr+mk+ru+sr
data,da,B2,1866,ursprünglich,sākotnējs,Initial,FAMILY_COPY_STRICT,da+en+fr
data,en,B2,1866,ursprünglich,sākotnējs,Initial,FAMILY_COPY_STRICT,da+en+fr
data,fr,B2,1866,ursprünglich,sākotnējs,Initial,FAMILY_COPY_STRICT,da+en+fr
data,fi,B2,1866,ursprünglich,sākotnējs,Algne,FAMILY_COPY_STRICT,fi+is+nb+nn+sv
data,is,B2,1866,ursprünglich,sākotnējs,Algne,FAMILY_COPY_STRICT,fi+is+nb+nn+sv
data,nb,B2,1866,ursprünglich,sākotnējs,Algne,FAMILY_COPY_STRICT,fi+is+nb+nn+sv
data,nn,B2,1866,ursprünglich,sākotnējs,Algne,FAMILY_COPY_STRICT,fi+is+nb+nn+sv
data,sv,B2,1866,ursprünglich,sākotnējs,Algne,FAMILY_COPY_STRICT,fi+is+nb+nn+sv
data,it,B2,1866,ursprünglich,sākotnējs,Sākotnējs,FAMILY_COPY_STRICT,it+lb+nl+pt
data,lb,B2,1866,ursprünglich,sākotnējs,Sākotnējs,FAMILY_COPY_STRICT,it+lb+nl+pt
data,nl,B2,1866,ursprünglich,sākotnējs,Sākotnējs,FAMILY_COPY_STRICT,it+lb+nl+pt
data,pt,B2,1866,ursprünglich,sākotnējs,Sākotnējs,FAMILY_COPY_STRICT,it+lb+nl+pt
data,pl,B2,1866,ursprünglich,sākotnējs,Wstępny,FAMILY_COPY_STRICT,pl+sk
data,sk,B2,1866,ursprünglich,sākotnējs,Wstępny,FAMILY_COPY_STRICT,pl+sk
data,sq,B2,1866,ursprünglich,sākotnējs,Ön,FAMILY_COPY_STRICT,sq+tr
data,tr,B2,1866,ursprünglich,sākotnējs,Ön,FAMILY_COPY_STRICT,sq+tr
data,hr,B2,1867,vage,neskaidrs • neprecīzs,Расплывчатый • Неточный,SCRIPT_MISMATCH,
data,hr,B2,1867,vage,neskaidrs • neprecīzs,Расплывчатый • Неточный,MARKER_LEAK,foreign_script
data,it,B2,1867,vage,neskaidrs • neprecīzs,Neskaidrs • Neprecīzs,SAME_AS_LV_CASEFOLD,casefold_only
data,it,B2,1867,vage,neskaidrs • neprecīzs,Neskaidrs • Neprecīzs,LV_DIACRITIC,
data,it,B2,1867,vage,neskaidrs • neprecīzs,Neskaidrs • Neprecīzs,MARKER_LEAK,lv_macron_consonant
data,lb,B2,1867,vage,neskaidrs • neprecīzs,Neskaidrs • Neprecīzs,SAME_AS_LV_CASEFOLD,casefold_only
data,lb,B2,1867,vage,neskaidrs • neprecīzs,Neskaidrs • Neprecīzs,LV_DIACRITIC,
data,lb,B2,1867,vage,neskaidrs • neprecīzs,Neskaidrs • Neprecīzs,MARKER_LEAK,lv_macron_consonant
data,nl,B2,1867,vage,neskaidrs • neprecīzs,Neskaidrs • Neprecīzs,SAME_AS_LV_CASEFOLD,casefold_only
data,nl,B2,1867,vage,neskaidrs • neprecīzs,Neskaidrs • Neprecīzs,LV_DIACRITIC,
data,nl,B2,1867,vage,neskaidrs • neprecīzs,Neskaidrs • Neprecīzs,MARKER_LEAK,lv_macron_consonant
data,pt,B2,1867,vage,neskaidrs • neprecīzs,Neskaidrs • Neprecīzs,SAME_AS_LV_CASEFOLD,casefold_only
data,pt,B2,1867,vage,neskaidrs • neprecīzs,Neskaidrs • Neprecīzs,LV_DIACRITIC,
data,pt,B2,1867,vage,neskaidrs • neprecīzs,Neskaidrs • Neprecīzs,MARKER_LEAK,lv_macron_consonant
data,sl,B2,1867,vage,neskaidrs • neprecīzs,neskaidrs • neprecīzs,SAME_AS_LV_CASEFOLD,exact
data,sl,B2,1867,vage,neskaidrs • neprecīzs,neskaidrs • neprecīzs,LV_DIACRITIC,
data,sl,B2,1867,vage,neskaidrs • neprecīzs,neskaidrs • neprecīzs,MARKER_LEAK,lv_macron_consonant
data,bg,B2,1867,vage,neskaidrs • neprecīzs,Расплывчатый • Неточный,FAMILY_COPY_STRICT,bg+hr+mk+ru+sr
data,hr,B2,1867,vage,neskaidrs • neprecīzs,Расплывчатый • Неточный,FAMILY_COPY_STRICT,bg+hr+mk+ru+sr
data,mk,B2,1867,vage,neskaidrs • neprecīzs,Расплывчатый • Неточный,FAMILY_COPY_STRICT,bg+hr+mk+ru+sr
data,ru,B2,1867,vage,neskaidrs • neprecīzs,Расплывчатый • Неточный,FAMILY_COPY_STRICT,bg+hr+mk+ru+sr
data,sr,B2,1867,vage,neskaidrs • neprecīzs,Расплывчатый • Неточный,FAMILY_COPY_STRICT,bg+hr+mk+ru+sr
data,fi,B2,1867,vage,neskaidrs • neprecīzs,Ebaselge • Ebatäpne,FAMILY_COPY_STRICT,fi+is+nb+nn+sv
data,is,B2,1867,vage,neskaidrs • neprecīzs,Ebaselge • Ebatäpne,FAMILY_COPY_STRICT,fi+is+nb+nn+sv
data,nb,B2,1867,vage,neskaidrs • neprecīzs,Ebaselge • Ebatäpne,FAMILY_COPY_STRICT,fi+is+nb+nn+sv
data,nn,B2,1867,vage,neskaidrs • neprecīzs,Ebaselge • Ebatäpne,FAMILY_COPY_STRICT,fi+is+nb+nn+sv
data,sv,B2,1867,vage,neskaidrs • neprecīzs,Ebaselge • Ebatäpne,FAMILY_COPY_STRICT,fi+is+nb+nn+sv
data,it,B2,1867,vage,neskaidrs • neprecīzs,Neskaidrs • Neprecīzs,FAMILY_COPY_STRICT,it+lb+nl+pt
data,lb,B2,1867,vage,neskaidrs • neprecīzs,Neskaidrs • Neprecīzs,FAMILY_COPY_STRICT,it+lb+nl+pt
data,nl,B2,1867,vage,neskaidrs • neprecīzs,Neskaidrs • Neprecīzs,FAMILY_COPY_STRICT,it+lb+nl+pt
data,pt,B2,1867,vage,neskaidrs • neprecīzs,Neskaidrs • Neprecīzs,FAMILY_COPY_STRICT,it+lb+nl+pt
data,pl,B2,1867,vage,neskaidrs • neprecīzs,Niejasne • Nieprecyzyjne,FAMILY_COPY_STRICT,pl+sk+sq+tr
data,sk,B2,1867,vage,neskaidrs • neprecīzs,Niejasne • Nieprecyzyjne,FAMILY_COPY_STRICT,pl+sk+sq+tr
data,sq,B2,1867,vage,neskaidrs • neprecīzs,Niejasne • Nieprecyzyjne,FAMILY_COPY_STRICT,pl+sk+sq+tr
data,tr,B2,1867,vage,neskaidrs • neprecīzs,Niejasne • Nieprecyzyjne,FAMILY_COPY_STRICT,pl+sk+sq+tr
data,hr,B2,1868,väterlich,tēva- • tēvišķīgs,Отцовский- • Отцовский,SCRIPT_MISMATCH,
data,hr,B2,1868,väterlich,tēva- • tēvišķīgs,Отцовский- • Отцовский,MARKER_LEAK,foreign_script
data,it,B2,1868,väterlich,tēva- • tēvišķīgs,Tēva- • Tēvišķīgs,SAME_AS_LV_CASEFOLD,casefold_only
data,it,B2,1868,väterlich,tēva- • tēvišķīgs,Tēva- • Tēvišķīgs,LV_DIACRITIC,
data,it,B2,1868,väterlich,tēva- • tēvišķīgs,Tēva- • Tēvišķīgs,MARKER_LEAK,lv_macron_consonant
data,lb,B2,1868,väterlich,tēva- • tēvišķīgs,Tēva- • Tēvišķīgs,SAME_AS_LV_CASEFOLD,casefold_only
data,lb,B2,1868,väterlich,tēva- • tēvišķīgs,Tēva- • Tēvišķīgs,LV_DIACRITIC,
data,lb,B2,1868,väterlich,tēva- • tēvišķīgs,Tēva- • Tēvišķīgs,MARKER_LEAK,lv_macron_consonant
data,nl,B2,1868,väterlich,tēva- • tēvišķīgs,Tēva- • Tēvišķīgs,SAME_AS_LV_CASEFOLD,casefold_only
data,nl,B2,1868,väterlich,tēva- • tēvišķīgs,Tēva- • Tēvišķīgs,LV_DIACRITIC,
data,nl,B2,1868,väterlich,tēva- • tēvišķīgs,Tēva- • Tēvišķīgs,MARKER_LEAK,lv_macron_consonant
data,pt,B2,1868,väterlich,tēva- • tēvišķīgs,Tēva- • Tēvišķīgs,SAME_AS_LV_CASEFOLD,casefold_only
data,pt,B2,1868,väterlich,tēva- • tēvišķīgs,Tēva- • Tēvišķīgs,LV_DIACRITIC,
data,pt,B2,1868,väterlich,tēva- • tēvišķīgs,Tēva- • Tēvišķīgs,MARKER_LEAK,lv_macron_consonant
data,sl,B2,1868,väterlich,tēva- • tēvišķīgs,tēva- • tēvišķīgs,SAME_AS_LV_CASEFOLD,exact
data,sl,B2,1868,väterlich,tēva- • tēvišķīgs,tēva- • tēvišķīgs,LV_DIACRITIC,
data,sl,B2,1868,väterlich,tēva- • tēvišķīgs,tēva- • tēvišķīgs,MARKER_LEAK,lv_macron_consonant
data,bg,B2,1868,väterlich,tēva- • tēvišķīgs,Отцовский- • Отцовский,FAMILY_COPY_STRICT,bg+hr+mk+ru+sr
data,hr,B2,1868,väterlich,tēva- • tēvišķīgs,Отцовский- • Отцовский,FAMILY_COPY_STRICT,bg+hr+mk+ru+sr
data,mk,B2,1868,väterlich,tēva- • tēvišķīgs,Отцовский- • Отцовский,FAMILY_COPY_STRICT,bg+hr+mk+ru+sr
data,ru,B2,1868,väterlich,tēva- • tēvišķīgs,Отцовский- • Отцовский,FAMILY_COPY_STRICT,bg+hr+mk+ru+sr
data,sr,B2,1868,väterlich,tēva- • tēvišķīgs,Отцовский- • Отцовский,FAMILY_COPY_STRICT,bg+hr+mk+ru+sr
data,fi,B2,1868,väterlich,tēva- • tēvišķīgs,Isalik,FAMILY_COPY_STRICT,fi+is+nb+nn+sv
data,is,B2,1868,väterlich,tēva- • tēvišķīgs,Isalik,FAMILY_COPY_STRICT,fi+is+nb+nn+sv
data,nb,B2,1868,väterlich,tēva- • tēvišķīgs,Isalik,FAMILY_COPY_STRICT,fi+is+nb+nn+sv
data,nn,B2,1868,väterlich,tēva- • tēvišķīgs,Isalik,FAMILY_COPY_STRICT,fi+is+nb+nn+sv
data,sv,B2,1868,väterlich,tēva- • tēvišķīgs,Isalik,FAMILY_COPY_STRICT,fi+is+nb+nn+sv
data,it,B2,1868,väterlich,tēva- • tēvišķīgs,Tēva- • Tēvišķīgs,FAMILY_COPY_STRICT,it+lb+nl+pt
data,lb,B2,1868,väterlich,tēva- • tēvišķīgs,Tēva- • Tēvišķīgs,FAMILY_COPY_STRICT,it+lb+nl+pt
data,nl,B2,1868,väterlich,tēva- • tēvišķīgs,Tēva- • Tēvišķīgs,FAMILY_COPY_STRICT,it+lb+nl+pt
data,pt,B2,1868,väterlich,tēva- • tēvišķīgs,Tēva- • Tēvišķīgs,FAMILY_COPY_STRICT,it+lb+nl+pt
data,pl,B2,1868,väterlich,tēva- • tēvišķīgs,Ojcowski- • Ojcowski,FAMILY_COPY_STRICT,pl+sk+sq+tr
data,sk,B2,1868,väterlich,tēva- • tēvišķīgs,Ojcowski- • Ojcowski,FAMILY_COPY_STRICT,pl+sk+sq+tr
data,sq,B2,1868,väterlich,tēva- • tēvišķīgs,Ojcowski- • Ojcowski,FAMILY_COPY_STRICT,pl+sk+sq+tr
data,tr,B2,1868,väterlich,tēva- • tēvišķīgs,Ojcowski- • Ojcowski,FAMILY_COPY_STRICT,pl+sk+sq+tr
data,fi,B2,1869,verachten,nicināt • nievāt,Põlgama • Halvustama,MARKER_LEAK,et_otilde
data,hr,B2,1869,verachten,nicināt • nievāt,Презирать • Презирать,SCRIPT_MISMATCH,
data,hr,B2,1869,verachten,nicināt • nievāt,Презирать • Презирать,MARKER_LEAK,foreign_script
data,is,B2,1869,verachten,nicināt • nievāt,Põlgama • Halvustama,MARKER_LEAK,et_otilde
data,nb,B2,1869,verachten,nicināt • nievāt,Põlgama • Halvustama,MARKER_LEAK,et_otilde
data,nn,B2,1869,verachten,nicināt • nievāt,Põlgama • Halvustama,MARKER_LEAK,et_otilde
data,sk,B2,1869,verachten,nicināt • nievāt,Gardzić • Pogardą,MARKER_LEAK,pl_lt_nasal
data,sl,B2,1869,verachten,nicināt • nievāt,nicināt • nievāt,SAME_AS_LV_CASEFOLD,exact
data,sl,B2,1869,verachten,nicināt • nievāt,nicināt • nievāt,LV_DIACRITIC,
data,sl,B2,1869,verachten,nicināt • nievāt,nicināt • nievāt,MARKER_LEAK,lv_macron_consonant
data,sq,B2,1869,verachten,nicināt • nievāt,Aşağılama • Aşağılama,MARKER_LEAK,tr_soft
data,sv,B2,1869,verachten,nicināt • nievāt,Põlgama • Halvustama,MARKER_LEAK,et_otilde
data,bg,B2,1869,verachten,nicināt • nievāt,Презирать • Презирать,FAMILY_COPY_STRICT,bg+hr+mk+ru+sr
data,hr,B2,1869,verachten,nicināt • nievāt,Презирать • Презирать,FAMILY_COPY_STRICT,bg+hr+mk+ru+sr
data,mk,B2,1869,verachten,nicināt • nievāt,Презирать • Презирать,FAMILY_COPY_STRICT,bg+hr+mk+ru+sr
data,ru,B2,1869,verachten,nicināt • nievāt,Презирать • Презирать,FAMILY_COPY_STRICT,bg+hr+mk+ru+sr
data,sr,B2,1869,verachten,nicināt • nievāt,Презирать • Презирать,FAMILY_COPY_STRICT,bg+hr+mk+ru+sr
data,fi,B2,1869,verachten,nicināt • nievāt,Põlgama • Halvustama,FAMILY_COPY_STRICT,fi+is+nb+nn+sv
data,is,B2,1869,verachten,nicināt • nievāt,Põlgama • Halvustama,FAMILY_COPY_STRICT,fi+is+nb+nn+sv
data,nb,B2,1869,verachten,nicināt • nievāt,Põlgama • Halvustama,FAMILY_COPY_STRICT,fi+is+nb+nn+sv
data,nn,B2,1869,verachten,nicināt • nievāt,Põlgama • Halvustama,FAMILY_COPY_STRICT,fi+is+nb+nn+sv
data,sv,B2,1869,verachten,nicināt • nievāt,Põlgama • Halvustama,FAMILY_COPY_STRICT,fi+is+nb+nn+sv
data,it,B2,1869,verachten,nicināt • nievāt,Verachten • Minachting,FAMILY_COPY_STRICT,it+lb+nl
data,lb,B2,1869,verachten,nicināt • nievāt,Verachten • Minachting,FAMILY_COPY_STRICT,it+lb+nl
data,nl,B2,1869,verachten,nicināt • nievāt,Verachten • Minachting,FAMILY_COPY_STRICT,it+lb+nl
data,pl,B2,1869,verachten,nicināt • nievāt,Gardzić • Pogardą,FAMILY_COPY_STRICT,pl+sk
data,sk,B2,1869,verachten,nicināt • nievāt,Gardzić • Pogardą,FAMILY_COPY_STRICT,pl+sk
data,sq,B2,1869,verachten,nicināt • nievāt,Aşağılama • Aşağılama,FAMILY_COPY_STRICT,sq+tr
data,tr,B2,1869,verachten,nicināt • nievāt,Aşağılama • Aşağılama,FAMILY_COPY_STRICT,sq+tr
data,hr,B2,1870,veraltet,novecojis,Устаревший,SCRIPT_MISMATCH,
data,hr,B2,1870,veraltet,novecojis,Устаревший,MARKER_LEAK,foreign_script
data,it,B2,1870,veraltet,novecojis,Novecojis,SAME_AS_LV_CASEFOLD,casefold_only
data,lb,B2,1870,veraltet,novecojis,Novecojis,SAME_AS_LV_CASEFOLD,casefold_only
data,nl,B2,1870,veraltet,novecojis,Novecojis,SAME_AS_LV_CASEFOLD,casefold_only
data,pt,B2,1870,veraltet,novecojis,Novecojis,SAME_AS_LV_CASEFOLD,casefold_only
data,sk,B2,1870,veraltet,novecojis,Przestarzały,MARKER_LEAK,pl_l_s_z
data,sl,B2,1870,veraltet,novecojis,novecojis,SAME_AS_LV_CASEFOLD,exact
data,sq,B2,1870,veraltet,novecojis,Modası geçmiş,MARKER_LEAK,tr_soft
data,bg,B2,1870,veraltet,novecojis,Устаревший,FAMILY_COPY_STRICT,bg+hr+mk+ru+sr
data,hr,B2,1870,veraltet,novecojis,Устаревший,FAMILY_COPY_STRICT,bg+hr+mk+ru+sr
data,mk,B2,1870,veraltet,novecojis,Устаревший,FAMILY_COPY_STRICT,bg+hr+mk+ru+sr
data,ru,B2,1870,veraltet,novecojis,Устаревший,FAMILY_COPY_STRICT,bg+hr+mk+ru+sr
data,sr,B2,1870,veraltet,novecojis,Устаревший,FAMILY_COPY_STRICT,bg+hr+mk+ru+sr
data,fi,B2,1870,veraltet,novecojis,Vananenud,FAMILY_COPY_STRICT,fi+is+nb+nn+sv
data,is,B2,1870,veraltet,novecojis,Vananenud,FAMILY_COPY_STRICT,fi+is+nb+nn+sv
data,nb,B2,1870,veraltet,novecojis,Vananenud,FAMILY_COPY_STRICT,fi+is+nb+nn+sv
data,nn,B2,1870,veraltet,novecojis,Vananenud,FAMILY_COPY_STRICT,fi+is+nb+nn+sv
data,sv,B2,1870,veraltet,novecojis,Vananenud,FAMILY_COPY_STRICT,fi+is+nb+nn+sv
data,it,B2,1870,veraltet,novecojis,Novecojis,FAMILY_COPY_STRICT,it+lb+nl+pt
data,lb,B2,1870,veraltet,novecojis,Novecojis,FAMILY_COPY_STRICT,it+lb+nl+pt
data,nl,B2,1870,veraltet,novecojis,Novecojis,FAMILY_COPY_STRICT,it+lb+nl+pt
data,pt,B2,1870,veraltet,novecojis,Novecojis,FAMILY_COPY_STRICT,it+lb+nl+pt
data,pl,B2,1870,veraltet,novecojis,Przestarzały,FAMILY_COPY_STRICT,pl+sk
data,sk,B2,1870,veraltet,novecojis,Przestarzały,FAMILY_COPY_STRICT,pl+sk
data,sq,B2,1870,veraltet,novecojis,Modası geçmiş,FAMILY_COPY_STRICT,sq+tr
data,tr,B2,1870,veraltet,novecojis,Modası geçmiş,FAMILY_COPY_STRICT,sq+tr
data,fi,B2,1871,Veranlagung,dotības • spējas,Andekus • Võimed,MARKER_LEAK,et_otilde
data,hr,B2,1871,Veranlagung,dotības • spējas,Таланты • Способности,SCRIPT_MISMATCH,
data,hr,B2,1871,Veranlagung,dotības • spējas,Таланты • Способности,MARKER_LEAK,foreign_script
data,is,B2,1871,Veranlagung,dotības • spējas,Andekus • Võimed,MARKER_LEAK,et_otilde
data,it,B2,1871,Veranlagung,dotības • spējas,Dotības • Spējas,SAME_AS_LV_CASEFOLD,casefold_only
data,it,B2,1871,Veranlagung,dotības • spējas,Dotības • Spējas,LV_DIACRITIC,
data,it,B2,1871,Veranlagung,dotības • spējas,Dotības • Spējas,MARKER_LEAK,lv_macron_consonant
data,lb,B2,1871,Veranlagung,dotības • spējas,Dotības • Spējas,SAME_AS_LV_CASEFOLD,casefold_only
data,lb,B2,1871,Veranlagung,dotības • spējas,Dotības • Spējas,LV_DIACRITIC,
data,lb,B2,1871,Veranlagung,dotības • spējas,Dotības • Spējas,MARKER_LEAK,lv_macron_consonant
data,nb,B2,1871,Veranlagung,dotības • spējas,Andekus • Võimed,MARKER_LEAK,et_otilde
data,nl,B2,1871,Veranlagung,dotības • spējas,Dotības • Spējas,SAME_AS_LV_CASEFOLD,casefold_only
data,nl,B2,1871,Veranlagung,dotības • spējas,Dotības • Spējas,LV_DIACRITIC,
data,nl,B2,1871,Veranlagung,dotības • spējas,Dotības • Spējas,MARKER_LEAK,lv_macron_consonant
data,nn,B2,1871,Veranlagung,dotības • spējas,Andekus • Võimed,MARKER_LEAK,et_otilde
data,pt,B2,1871,Veranlagung,dotības • spējas,Dotības • Spējas,SAME_AS_LV_CASEFOLD,casefold_only
data,pt,B2,1871,Veranlagung,dotības • spējas,Dotības • Spējas,LV_DIACRITIC,
data,pt,B2,1871,Veranlagung,dotības • spējas,Dotības • Spējas,MARKER_LEAK,lv_macron_consonant
data,sk,B2,1871,Veranlagung,dotības • spējas,Talenty • Zdolności,MARKER_LEAK,pl_l_s_z
data,sl,B2,1871,Veranlagung,dotības • spējas,dotības • spējas,SAME_AS_LV_CASEFOLD,exact
data,sl,B2,1871,Veranlagung,dotības • spējas,dotības • spējas,LV_DIACRITIC,
data,sl,B2,1871,Veranlagung,dotības • spējas,dotības • spējas,MARKER_LEAK,lv_macron_consonant
data,sq,B2,1871,Veranlagung,dotības • spējas,Talenty • Zdolności,MARKER_LEAK,pl_l_s_z
data,sv,B2,1871,Veranlagung,dotības • spējas,Andekus • Võimed,MARKER_LEAK,et_otilde
data,tr,B2,1871,Veranlagung,dotības • spējas,Talenty • Zdolności,MARKER_LEAK,pl_l_s_z
data,bg,B2,1871,Veranlagung,dotības • spējas,Таланты • Способности,FAMILY_COPY_STRICT,bg+hr+mk+ru+sr
data,hr,B2,1871,Veranlagung,dotības • spējas,Таланты • Способности,FAMILY_COPY_STRICT,bg+hr+mk+ru+sr
data,mk,B2,1871,Veranlagung,dotības • spējas,Таланты • Способности,FAMILY_COPY_STRICT,bg+hr+mk+ru+sr
data,ru,B2,1871,Veranlagung,dotības • spējas,Таланты • Способности,FAMILY_COPY_STRICT,bg+hr+mk+ru+sr
data,sr,B2,1871,Veranlagung,dotības • spējas,Таланты • Способности,FAMILY_COPY_STRICT,bg+hr+mk+ru+sr
data,fi,B2,1871,Veranlagung,dotības • spējas,Andekus • Võimed,FAMILY_COPY_STRICT,fi+is+nb+nn+sv
data,is,B2,1871,Veranlagung,dotības • spējas,Andekus • Võimed,FAMILY_COPY_STRICT,fi+is+nb+nn+sv
data,nb,B2,1871,Veranlagung,dotības • spējas,Andekus • Võimed,FAMILY_COPY_STRICT,fi+is+nb+nn+sv
data,nn,B2,1871,Veranlagung,dotības • spējas,Andekus • Võimed,FAMILY_COPY_STRICT,fi+is+nb+nn+sv
data,sv,B2,1871,Veranlagung,dotības • spējas,Andekus • Võimed,FAMILY_COPY_STRICT,fi+is+nb+nn+sv
data,it,B2,1871,Veranlagung,dotības • spējas,Dotības • Spējas,FAMILY_COPY_STRICT,it+lb+nl+pt
data,lb,B2,1871,Veranlagung,dotības • spējas,Dotības • Spējas,FAMILY_COPY_STRICT,it+lb+nl+pt
data,nl,B2,1871,Veranlagung,dotības • spējas,Dotības • Spējas,FAMILY_COPY_STRICT,it+lb+nl+pt
data,pt,B2,1871,Veranlagung,dotības • spējas,Dotības • Spējas,FAMILY_COPY_STRICT,it+lb+nl+pt
data,pl,B2,1871,Veranlagung,dotības • spējas,Talenty • Zdolności,FAMILY_COPY_STRICT,pl+sk+sq+tr
data,sk,B2,1871,Veranlagung,dotības • spējas,Talenty • Zdolności,FAMILY_COPY_STRICT,pl+sk+sq+tr
data,sq,B2,1871,Veranlagung,dotības • spējas,Talenty • Zdolności,FAMILY_COPY_STRICT,pl+sk+sq+tr
data,tr,B2,1871,Veranlagung,dotības • spējas,Talenty • Zdolności,FAMILY_COPY_STRICT,pl+sk+sq+tr
data,fi,B2,1872,veranlassen,izraisīt • ierosināt • mudināt,Esile kutsuma • Algatama • Õhutama,MARKER_LEAK,et_otilde
data,hr,B2,1872,veranlassen,izraisīt • ierosināt • mudināt,Повикувајте • Иницирате • Охрабрувајте,SCRIPT_MISMATCH,
data,hr,B2,1872,veranlassen,izraisīt • ierosināt • mudināt,Повикувајте • Иницирате • Охрабрувајте,MARKER_LEAK,foreign_script
data,is,B2,1872,veranlassen,izraisīt • ierosināt • mudināt,Esile kutsuma • Algatama • Õhutama,MARKER_LEAK,et_otilde
data,it,B2,1872,veranlassen,izraisīt • ierosināt • mudināt,Izraisīt • Ierosināt • Mudināt,SAME_AS_LV_CASEFOLD,casefold_only
data,it,B2,1872,veranlassen,izraisīt • ierosināt • mudināt,Izraisīt • Ierosināt • Mudināt,LV_DIACRITIC,
data,it,B2,1872,veranlassen,izraisīt • ierosināt • mudināt,Izraisīt • Ierosināt • Mudināt,MARKER_LEAK,lv_macron_consonant
data,lb,B2,1872,veranlassen,izraisīt • ierosināt • mudināt,Izraisīt • Ierosināt • Mudināt,SAME_AS_LV_CASEFOLD,casefold_only
data,lb,B2,1872,veranlassen,izraisīt • ierosināt • mudināt,Izraisīt • Ierosināt • Mudināt,LV_DIACRITIC,
data,lb,B2,1872,veranlassen,izraisīt • ierosināt • mudināt,Izraisīt • Ierosināt • Mudināt,MARKER_LEAK,lv_macron_consonant
data,nb,B2,1872,veranlassen,izraisīt • ierosināt • mudināt,Esile kutsuma • Algatama • Õhutama,MARKER_LEAK,et_otilde
data,nl,B2,1872,veranlassen,izraisīt • ierosināt • mudināt,Izraisīt • Ierosināt • Mudināt,SAME_AS_LV_CASEFOLD,casefold_only
data,nl,B2,1872,veranlassen,izraisīt • ierosināt • mudināt,Izraisīt • Ierosināt • Mudināt,LV_DIACRITIC,
data,nl,B2,1872,veranlassen,izraisīt • ierosināt • mudināt,Izraisīt • Ierosināt • Mudināt,MARKER_LEAK,lv_macron_consonant
data,nn,B2,1872,veranlassen,izraisīt • ierosināt • mudināt,Esile kutsuma • Algatama • Õhutama,MARKER_LEAK,et_otilde
data,pt,B2,1872,veranlassen,izraisīt • ierosināt • mudināt,Izraisīt • Ierosināt • Mudināt,SAME_AS_LV_CASEFOLD,casefold_only
data,pt,B2,1872,veranlassen,izraisīt • ierosināt • mudināt,Izraisīt • Ierosināt • Mudināt,LV_DIACRITIC,
data,pt,B2,1872,veranlassen,izraisīt • ierosināt • mudināt,Izraisīt • Ierosināt • Mudināt,MARKER_LEAK,lv_macron_consonant
data,sk,B2,1872,veranlassen,izraisīt • ierosināt • mudināt,Powodować • Inicjować • Zachęcać,MARKER_LEAK,pl_lt_nasal
data,sl,B2,1872,veranlassen,izraisīt • ierosināt • mudināt,izraisīt • ierosināt • mudināt,SAME_AS_LV_CASEFOLD,exact
data,sl,B2,1872,veranlassen,izraisīt • ierosināt • mudināt,izraisīt • ierosināt • mudināt,LV_DIACRITIC,
data,sl,B2,1872,veranlassen,izraisīt • ierosināt • mudināt,izraisīt • ierosināt • mudināt,MARKER_LEAK,lv_macron_consonant
data,sq,B2,1872,veranlassen,izraisīt • ierosināt • mudināt,Neden • Başlatın • Teşvik Edin,MARKER_LEAK,tr_soft
data,sv,B2,1872,veranlassen,izraisīt • ierosināt • mudināt,Esile kutsuma • Algatama • Õhutama,MARKER_LEAK,et_otilde
data,bg,B2,1872,veranlassen,izraisīt • ierosināt • mudināt,Вызывать • Инициировать • Поощрять,FAMILY_COPY_STRICT,bg+ru
data,ru,B2,1872,veranlassen,izraisīt • ierosināt • mudināt,Вызывать • Инициировать • Поощрять,FAMILY_COPY_STRICT,bg+ru
data,fi,B2,1872,veranlassen,izraisīt • ierosināt • mudināt,Esile kutsuma • Algatama • Õhutama,FAMILY_COPY_STRICT,fi+is+nb+nn+sv
data,is,B2,1872,veranlassen,izraisīt • ierosināt • mudināt,Esile kutsuma • Algatama • Õhutama,FAMILY_COPY_STRICT,fi+is+nb+nn+sv
data,nb,B2,1872,veranlassen,izraisīt • ierosināt • mudināt,Esile kutsuma • Algatama • Õhutama,FAMILY_COPY_STRICT,fi+is+nb+nn+sv
data,nn,B2,1872,veranlassen,izraisīt • ierosināt • mudināt,Esile kutsuma • Algatama • Õhutama,FAMILY_COPY_STRICT,fi+is+nb+nn+sv
data,sv,B2,1872,veranlassen,izraisīt • ierosināt • mudināt,Esile kutsuma • Algatama • Õhutama,FAMILY_COPY_STRICT,fi+is+nb+nn+sv
data,hr,B2,1872,veranlassen,izraisīt • ierosināt • mudināt,Повикувајте • Иницирате • Охрабрувајте,FAMILY_COPY_STRICT,hr+mk+sr
data,mk,B2,1872,veranlassen,izraisīt • ierosināt • mudināt,Повикувајте • Иницирате • Охрабрувајте,FAMILY_COPY_STRICT,hr+mk+sr
data,sr,B2,1872,veranlassen,izraisīt • ierosināt • mudināt,Повикувајте • Иницирате • Охрабрувајте,FAMILY_COPY_STRICT,hr+mk+sr
data,it,B2,1872,veranlassen,izraisīt • ierosināt • mudināt,Izraisīt • Ierosināt • Mudināt,FAMILY_COPY_STRICT,it+lb+nl+pt
data,lb,B2,1872,veranlassen,izraisīt • ierosināt • mudināt,Izraisīt • Ierosināt • Mudināt,FAMILY_COPY_STRICT,it+lb+nl+pt
data,nl,B2,1872,veranlassen,izraisīt • ierosināt • mudināt,Izraisīt • Ierosināt • Mudināt,FAMILY_COPY_STRICT,it+lb+nl+pt
data,pt,B2,1872,veranlassen,izraisīt • ierosināt • mudināt,Izraisīt • Ierosināt • Mudināt,FAMILY_COPY_STRICT,it+lb+nl+pt
data,pl,B2,1872,veranlassen,izraisīt • ierosināt • mudināt,Powodować • Inicjować • Zachęcać,FAMILY_COPY_STRICT,pl+sk
data,sk,B2,1872,veranlassen,izraisīt • ierosināt • mudināt,Powodować • Inicjować • Zachęcać,FAMILY_COPY_STRICT,pl+sk
data,sq,B2,1872,veranlassen,izraisīt • ierosināt • mudināt,Neden • Başlatın • Teşvik Edin,FAMILY_COPY_STRICT,sq+tr
data,tr,B2,1872,veranlassen,izraisīt • ierosināt • mudināt,Neden • Başlatın • Teşvik Edin,FAMILY_COPY_STRICT,sq+tr
data,hr,B2,1873,verbittert,sarūgtināts,Расстройство,SCRIPT_MISMATCH,
data,hr,B2,1873,verbittert,sarūgtināts,Расстройство,MARKER_LEAK,foreign_script
data,it,B2,1873,verbittert,sarūgtināts,Sarūgtināts,SAME_AS_LV_CASEFOLD,casefold_only
data,it,B2,1873,verbittert,sarūgtināts,Sarūgtināts,LV_DIACRITIC,
data,it,B2,1873,verbittert,sarūgtināts,Sarūgtināts,MARKER_LEAK,lv_macron_consonant+lv_u_macron
data,lb,B2,1873,verbittert,sarūgtināts,Sarūgtināts,SAME_AS_LV_CASEFOLD,casefold_only
data,lb,B2,1873,verbittert,sarūgtināts,Sarūgtināts,LV_DIACRITIC,
data,lb,B2,1873,verbittert,sarūgtināts,Sarūgtināts,MARKER_LEAK,lv_macron_consonant+lv_u_macron
data,nl,B2,1873,verbittert,sarūgtināts,Sarūgtināts,SAME_AS_LV_CASEFOLD,casefold_only
data,nl,B2,1873,verbittert,sarūgtināts,Sarūgtināts,LV_DIACRITIC,
data,nl,B2,1873,verbittert,sarūgtināts,Sarūgtināts,MARKER_LEAK,lv_macron_consonant+lv_u_macron
data,pt,B2,1873,verbittert,sarūgtināts,Sarūgtinats,LV_DIACRITIC,
data,pt,B2,1873,verbittert,sarūgtināts,Sarūgtinats,MARKER_LEAK,lv_u_macron
data,sl,B2,1873,verbittert,sarūgtināts,sarūgtināts,SAME_AS_LV_CASEFOLD,exact
data,sl,B2,1873,verbittert,sarūgtināts,sarūgtināts,LV_DIACRITIC,
data,sl,B2,1873,verbittert,sarūgtināts,sarūgtināts,MARKER_LEAK,lv_macron_consonant+lv_u_macron
data,bg,B2,1873,verbittert,sarūgtināts,Расстройство,FAMILY_COPY_STRICT,bg+hr+mk+ru+sr
data,hr,B2,1873,verbittert,sarūgtināts,Расстройство,FAMILY_COPY_STRICT,bg+hr+mk+ru+sr
data,mk,B2,1873,verbittert,sarūgtināts,Расстройство,FAMILY_COPY_STRICT,bg+hr+mk+ru+sr
data,ru,B2,1873,verbittert,sarūgtināts,Расстройство,FAMILY_COPY_STRICT,bg+hr+mk+ru+sr
data,sr,B2,1873,verbittert,sarūgtināts,Расстройство,FAMILY_COPY_STRICT,bg+hr+mk+ru+sr
data,fi,B2,1873,verbittert,sarūgtināts,Pettunud,FAMILY_COPY_STRICT,fi+is+nb+nn+sv
data,is,B2,1873,verbittert,sarūgtināts,Pettunud,FAMILY_COPY_STRICT,fi+is+nb+nn+sv
data,nb,B2,1873,verbittert,sarūgtināts,Pettunud,FAMILY_COPY_STRICT,fi+is+nb+nn+sv
data,nn,B2,1873,verbittert,sarūgtināts,Pettunud,FAMILY_COPY_STRICT,fi+is+nb+nn+sv
data,sv,B2,1873,verbittert,sarūgtināts,Pettunud,FAMILY_COPY_STRICT,fi+is+nb+nn+sv
data,it,B2,1873,verbittert,sarūgtināts,Sarūgtināts,FAMILY_COPY_STRICT,it+lb+nl
data,lb,B2,1873,verbittert,sarūgtināts,Sarūgtināts,FAMILY_COPY_STRICT,it+lb+nl
data,nl,B2,1873,verbittert,sarūgtināts,Sarūgtināts,FAMILY_COPY_STRICT,it+lb+nl
data,pl,B2,1873,verbittert,sarūgtināts,Zdenerwowany,FAMILY_COPY_STRICT,pl+sk+sq+tr
data,sk,B2,1873,verbittert,sarūgtināts,Zdenerwowany,FAMILY_COPY_STRICT,pl+sk+sq+tr
data,sq,B2,1873,verbittert,sarūgtināts,Zdenerwowany,FAMILY_COPY_STRICT,pl+sk+sq+tr
data,tr,B2,1873,verbittert,sarūgtināts,Zdenerwowany,FAMILY_COPY_STRICT,pl+sk+sq+tr
data,hr,B2,1874,verborgen,apslēpts • slepens,Скрыто • Секретно,SCRIPT_MISMATCH,
data,hr,B2,1874,verborgen,apslēpts • slepens,Скрыто • Секретно,MARKER_LEAK,foreign_script
data,it,B2,1874,verborgen,apslēpts • slepens,Apslēpts • Slepens,SAME_AS_LV_CASEFOLD,casefold_only
data,it,B2,1874,verborgen,apslēpts • slepens,Apslēpts • Slepens,LV_DIACRITIC,
data,it,B2,1874,verborgen,apslēpts • slepens,Apslēpts • Slepens,MARKER_LEAK,lv_macron_consonant
data,lb,B2,1874,verborgen,apslēpts • slepens,Apslēpts • Slepens,SAME_AS_LV_CASEFOLD,casefold_only
data,lb,B2,1874,verborgen,apslēpts • slepens,Apslēpts • Slepens,LV_DIACRITIC,
data,lb,B2,1874,verborgen,apslēpts • slepens,Apslēpts • Slepens,MARKER_LEAK,lv_macron_consonant
data,nl,B2,1874,verborgen,apslēpts • slepens,Apslēpts • Slepens,SAME_AS_LV_CASEFOLD,casefold_only
data,nl,B2,1874,verborgen,apslēpts • slepens,Apslēpts • Slepens,LV_DIACRITIC,
data,nl,B2,1874,verborgen,apslēpts • slepens,Apslēpts • Slepens,MARKER_LEAK,lv_macron_consonant
data,pt,B2,1874,verborgen,apslēpts • slepens,Apslēpts • Dormir,LV_DIACRITIC,
data,pt,B2,1874,verborgen,apslēpts • slepens,Apslēpts • Dormir,MARKER_LEAK,lv_macron_consonant
data,sl,B2,1874,verborgen,apslēpts • slepens,apslēpts • slepens,SAME_AS_LV_CASEFOLD,exact
data,sl,B2,1874,verborgen,apslēpts • slepens,apslēpts • slepens,LV_DIACRITIC,
data,sl,B2,1874,verborgen,apslēpts • slepens,apslēpts • slepens,MARKER_LEAK,lv_macron_consonant
data,bg,B2,1874,verborgen,apslēpts • slepens,Скрыто • Секретно,FAMILY_COPY_STRICT,bg+hr+mk+ru+sr
data,hr,B2,1874,verborgen,apslēpts • slepens,Скрыто • Секретно,FAMILY_COPY_STRICT,bg+hr+mk+ru+sr
data,mk,B2,1874,verborgen,apslēpts • slepens,Скрыто • Секретно,FAMILY_COPY_STRICT,bg+hr+mk+ru+sr
data,ru,B2,1874,verborgen,apslēpts • slepens,Скрыто • Секретно,FAMILY_COPY_STRICT,bg+hr+mk+ru+sr
data,sr,B2,1874,verborgen,apslēpts • slepens,Скрыто • Секретно,FAMILY_COPY_STRICT,bg+hr+mk+ru+sr
data,fi,B2,1874,verborgen,apslēpts • slepens,Peidetud • Salajane,FAMILY_COPY_STRICT,fi+is+nb+nn+sv
data,is,B2,1874,verborgen,apslēpts • slepens,Peidetud • Salajane,FAMILY_COPY_STRICT,fi+is+nb+nn+sv
data,nb,B2,1874,verborgen,apslēpts • slepens,Peidetud • Salajane,FAMILY_COPY_STRICT,fi+is+nb+nn+sv
data,nn,B2,1874,verborgen,apslēpts • slepens,Peidetud • Salajane,FAMILY_COPY_STRICT,fi+is+nb+nn+sv
data,sv,B2,1874,verborgen,apslēpts • slepens,Peidetud • Salajane,FAMILY_COPY_STRICT,fi+is+nb+nn+sv
data,it,B2,1874,verborgen,apslēpts • slepens,Apslēpts • Slepens,FAMILY_COPY_STRICT,it+lb+nl
data,lb,B2,1874,verborgen,apslēpts • slepens,Apslēpts • Slepens,FAMILY_COPY_STRICT,it+lb+nl
data,nl,B2,1874,verborgen,apslēpts • slepens,Apslēpts • Slepens,FAMILY_COPY_STRICT,it+lb+nl
data,pl,B2,1874,verborgen,apslēpts • slepens,Ukryty • Sekret,FAMILY_COPY_STRICT,pl+sk+sq+tr
data,sk,B2,1874,verborgen,apslēpts • slepens,Ukryty • Sekret,FAMILY_COPY_STRICT,pl+sk+sq+tr
data,sq,B2,1874,verborgen,apslēpts • slepens,Ukryty • Sekret,FAMILY_COPY_STRICT,pl+sk+sq+tr
data,tr,B2,1874,verborgen,apslēpts • slepens,Ukryty • Sekret,FAMILY_COPY_STRICT,pl+sk+sq+tr
data,hr,B2,1875,verdauen,sagremot,Переваривать,SCRIPT_MISMATCH,
data,hr,B2,1875,verdauen,sagremot,Переваривать,MARKER_LEAK,foreign_script
data,it,B2,1875,verdauen,sagremot,Sagremot,SAME_AS_LV_CASEFOLD,casefold_only
data,lb,B2,1875,verdauen,sagremot,Sagremot,SAME_AS_LV_CASEFOLD,casefold_only
data,nl,B2,1875,verdauen,sagremot,Sagremot,SAME_AS_LV_CASEFOLD,casefold_only
data,sl,B2,1875,verdauen,sagremot,sagremot,SAME_AS_LV_CASEFOLD,exact
data,bg,B2,1875,verdauen,sagremot,Переваривать,FAMILY_COPY_STRICT,bg+hr+mk+ru+sr
data,hr,B2,1875,verdauen,sagremot,Переваривать,FAMILY_COPY_STRICT,bg+hr+mk+ru+sr
data,mk,B2,1875,verdauen,sagremot,Переваривать,FAMILY_COPY_STRICT,bg+hr+mk+ru+sr
data,ru,B2,1875,verdauen,sagremot,Переваривать,FAMILY_COPY_STRICT,bg+hr+mk+ru+sr
data,sr,B2,1875,verdauen,sagremot,Переваривать,FAMILY_COPY_STRICT,bg+hr+mk+ru+sr
data,fi,B2,1875,verdauen,sagremot,Seedima,FAMILY_COPY_STRICT,fi+is+nb+nn+sv
data,is,B2,1875,verdauen,sagremot,Seedima,FAMILY_COPY_STRICT,fi+is+nb+nn+sv
data,nb,B2,1875,verdauen,sagremot,Seedima,FAMILY_COPY_STRICT,fi+is+nb+nn+sv
data,nn,B2,1875,verdauen,sagremot,Seedima,FAMILY_COPY_STRICT,fi+is+nb+nn+sv
data,sv,B2,1875,verdauen,sagremot,Seedima,FAMILY_COPY_STRICT,fi+is+nb+nn+sv
data,it,B2,1875,verdauen,sagremot,Sagremot,FAMILY_COPY_STRICT,it+lb+nl
data,lb,B2,1875,verdauen,sagremot,Sagremot,FAMILY_COPY_STRICT,it+lb+nl
data,nl,B2,1875,verdauen,sagremot,Sagremot,FAMILY_COPY_STRICT,it+lb+nl
data,pl,B2,1875,verdauen,sagremot,Strawić,FAMILY_COPY_STRICT,pl+sk
data,sk,B2,1875,verdauen,sagremot,Strawić,FAMILY_COPY_STRICT,pl+sk
data,sq,B2,1875,verdauen,sagremot,Özet,FAMILY_COPY_STRICT,sq+tr
data,tr,B2,1875,verdauen,sagremot,Özet,FAMILY_COPY_STRICT,sq+tr
data,hr,B2,1876,Verdienst,nopelns,Заслуга,SCRIPT_MISMATCH,
data,hr,B2,1876,Verdienst,nopelns,Заслуга,MARKER_LEAK,foreign_script
data,it,B2,1876,Verdienst,nopelns,Nopelns,SAME_AS_LV_CASEFOLD,casefold_only
data,lb,B2,1876,Verdienst,nopelns,Nopelns,SAME_AS_LV_CASEFOLD,casefold_only
data,nl,B2,1876,Verdienst,nopelns,Nopelns,SAME_AS_LV_CASEFOLD,casefold_only
data,pt,B2,1876,Verdienst,nopelns,Nopelns,SAME_AS_LV_CASEFOLD,casefold_only
data,sk,B2,1876,Verdienst,nopelns,Zasługa,MARKER_LEAK,pl_l_s_z
data,sl,B2,1876,Verdienst,nopelns,nopelns,SAME_AS_LV_CASEFOLD,exact
data,bg,B2,1876,Verdienst,nopelns,Заслуга,FAMILY_COPY_STRICT,bg+hr+mk+ru+sr
data,hr,B2,1876,Verdienst,nopelns,Заслуга,FAMILY_COPY_STRICT,bg+hr+mk+ru+sr
data,mk,B2,1876,Verdienst,nopelns,Заслуга,FAMILY_COPY_STRICT,bg+hr+mk+ru+sr
data,ru,B2,1876,Verdienst,nopelns,Заслуга,FAMILY_COPY_STRICT,bg+hr+mk+ru+sr
data,sr,B2,1876,Verdienst,nopelns,Заслуга,FAMILY_COPY_STRICT,bg+hr+mk+ru+sr
data,en,B2,1876,Verdienst,nopelns,Merit,FAMILY_COPY_STRICT,en+ro
data,ro,B2,1876,Verdienst,nopelns,Merit,FAMILY_COPY_STRICT,en+ro
data,fi,B2,1876,Verdienst,nopelns,Teene,FAMILY_COPY_STRICT,fi+is+nb+nn+sv
data,is,B2,1876,Verdienst,nopelns,Teene,FAMILY_COPY_STRICT,fi+is+nb+nn+sv
data,nb,B2,1876,Verdienst,nopelns,Teene,FAMILY_COPY_STRICT,fi+is+nb+nn+sv
data,nn,B2,1876,Verdienst,nopelns,Teene,FAMILY_COPY_STRICT,fi+is+nb+nn+sv
data,sv,B2,1876,Verdienst,nopelns,Teene,FAMILY_COPY_STRICT,fi+is+nb+nn+sv
data,it,B2,1876,Verdienst,nopelns,Nopelns,FAMILY_COPY_STRICT,it+lb+nl+pt
data,lb,B2,1876,Verdienst,nopelns,Nopelns,FAMILY_COPY_STRICT,it+lb+nl+pt
data,nl,B2,1876,Verdienst,nopelns,Nopelns,FAMILY_COPY_STRICT,it+lb+nl+pt
data,pt,B2,1876,Verdienst,nopelns,Nopelns,FAMILY_COPY_STRICT,it+lb+nl+pt
data,pl,B2,1876,Verdienst,nopelns,Zasługa,FAMILY_COPY_STRICT,pl+sk
data,sk,B2,1876,Verdienst,nopelns,Zasługa,FAMILY_COPY_STRICT,pl+sk
data,sq,B2,1876,Verdienst,nopelns,Liyakat,FAMILY_COPY_STRICT,sq+tr
data,tr,B2,1876,Verdienst,nopelns,Liyakat,FAMILY_COPY_STRICT,sq+tr
data,hr,B2,1877,Verdruss,nepatika • sarūgtinājums • īgnums,Неприязнь • Разочарование • Раздражение,SCRIPT_MISMATCH,
data,hr,B2,1877,Verdruss,nepatika • sarūgtinājums • īgnums,Неприязнь • Разочарование • Раздражение,MARKER_LEAK,foreign_script
data,it,B2,1877,Verdruss,nepatika • sarūgtinājums • īgnums,Nepatika • Sarūgtinājums • Īgnums,SAME_AS_LV_CASEFOLD,casefold_only
data,it,B2,1877,Verdruss,nepatika • sarūgtinājums • īgnums,Nepatika • Sarūgtinājums • Īgnums,LV_DIACRITIC,
data,it,B2,1877,Verdruss,nepatika • sarūgtinājums • īgnums,Nepatika • Sarūgtinājums • Īgnums,MARKER_LEAK,lv_macron_consonant+lv_u_macron
data,lb,B2,1877,Verdruss,nepatika • sarūgtinājums • īgnums,Nepatika • Sarūgtinājums • Īgnums,SAME_AS_LV_CASEFOLD,casefold_only
data,lb,B2,1877,Verdruss,nepatika • sarūgtinājums • īgnums,Nepatika • Sarūgtinājums • Īgnums,LV_DIACRITIC,
data,lb,B2,1877,Verdruss,nepatika • sarūgtinājums • īgnums,Nepatika • Sarūgtinājums • Īgnums,MARKER_LEAK,lv_macron_consonant+lv_u_macron
data,nl,B2,1877,Verdruss,nepatika • sarūgtinājums • īgnums,Nepatika • Sarūgtinājums • Īgnums,SAME_AS_LV_CASEFOLD,casefold_only
data,nl,B2,1877,Verdruss,nepatika • sarūgtinājums • īgnums,Nepatika • Sarūgtinājums • Īgnums,LV_DIACRITIC,
data,nl,B2,1877,Verdruss,nepatika • sarūgtinājums • īgnums,Nepatika • Sarūgtinājums • Īgnums,MARKER_LEAK,lv_macron_consonant+lv_u_macron
data,pt,B2,1877,Verdruss,nepatika • sarūgtinājums • īgnums,Nepatika • Sarūgtinajums • Īgnums,LV_DIACRITIC,
data,pt,B2,1877,Verdruss,nepatika • sarūgtinājums • īgnums,Nepatika • Sarūgtinajums • Īgnums,MARKER_LEAK,lv_macron_consonant+lv_u_macron
data,sl,B2,1877,Verdruss,nepatika • sarūgtinājums • īgnums,nepatika • sarūgtinājums • īgnums,SAME_AS_LV_CASEFOLD,exact
data,sl,B2,1877,Verdruss,nepatika • sarūgtinājums • īgnums,nepatika • sarūgtinājums • īgnums,LV_DIACRITIC,
data,sl,B2,1877,Verdruss,nepatika • sarūgtinājums • īgnums,nepatika • sarūgtinājums • īgnums,MARKER_LEAK,lv_macron_consonant+lv_u_macron
data,sq,B2,1877,Verdruss,nepatika • sarūgtinājums • īgnums,Kızgınlık • Hayal kırıklığı • Sinirlenme,MARKER_LEAK,tr_soft
data,bg,B2,1877,Verdruss,nepatika • sarūgtinājums • īgnums,Неприязнь • Разочарование • Раздражение,FAMILY_COPY_STRICT,bg+hr+mk+ru+sr
data,hr,B2,1877,Verdruss,nepatika • sarūgtinājums • īgnums,Неприязнь • Разочарование • Раздражение,FAMILY_COPY_STRICT,bg+hr+mk+ru+sr
data,mk,B2,1877,Verdruss,nepatika • sarūgtinājums • īgnums,Неприязнь • Разочарование • Раздражение,FAMILY_COPY_STRICT,bg+hr+mk+ru+sr
data,ru,B2,1877,Verdruss,nepatika • sarūgtinājums • īgnums,Неприязнь • Разочарование • Раздражение,FAMILY_COPY_STRICT,bg+hr+mk+ru+sr
data,sr,B2,1877,Verdruss,nepatika • sarūgtinājums • īgnums,Неприязнь • Разочарование • Раздражение,FAMILY_COPY_STRICT,bg+hr+mk+ru+sr
data,fi,B2,1877,Verdruss,nepatika • sarūgtinājums • īgnums,Vastumeelsus • Pettumus • Tusk,FAMILY_COPY_STRICT,fi+is+nb+nn+sv
data,is,B2,1877,Verdruss,nepatika • sarūgtinājums • īgnums,Vastumeelsus • Pettumus • Tusk,FAMILY_COPY_STRICT,fi+is+nb+nn+sv
data,nb,B2,1877,Verdruss,nepatika • sarūgtinājums • īgnums,Vastumeelsus • Pettumus • Tusk,FAMILY_COPY_STRICT,fi+is+nb+nn+sv
data,nn,B2,1877,Verdruss,nepatika • sarūgtinājums • īgnums,Vastumeelsus • Pettumus • Tusk,FAMILY_COPY_STRICT,fi+is+nb+nn+sv
data,sv,B2,1877,Verdruss,nepatika • sarūgtinājums • īgnums,Vastumeelsus • Pettumus • Tusk,FAMILY_COPY_STRICT,fi+is+nb+nn+sv
data,it,B2,1877,Verdruss,nepatika • sarūgtinājums • īgnums,Nepatika • Sarūgtinājums • Īgnums,FAMILY_COPY_STRICT,it+lb+nl
data,lb,B2,1877,Verdruss,nepatika • sarūgtinājums • īgnums,Nepatika • Sarūgtinājums • Īgnums,FAMILY_COPY_STRICT,it+lb+nl
data,nl,B2,1877,Verdruss,nepatika • sarūgtinājums • īgnums,Nepatika • Sarūgtinājums • Īgnums,FAMILY_COPY_STRICT,it+lb+nl
data,sq,B2,1877,Verdruss,nepatika • sarūgtinājums • īgnums,Kızgınlık • Hayal kırıklığı • Sinirlenme,FAMILY_COPY_STRICT,sq+tr
data,tr,B2,1877,Verdruss,nepatika • sarūgtinājums • īgnums,Kızgınlık • Hayal kırıklığı • Sinirlenme,FAMILY_COPY_STRICT,sq+tr
data,fi,B2,1878,verdünnen,padarīt tievāku • ķīm. atšķaidīt • vājināt,Õhemaks tegema • Keem. lahjendama • Nõrgestama,MARKER_LEAK,et_otilde
data,hr,B2,1878,verdünnen,padarīt tievāku • ķīm. atšķaidīt • vājināt,Сделать тоньше • Хим. разбавлять • Ослаблять,SCRIPT_MISMATCH,
data,hr,B2,1878,verdünnen,padarīt tievāku • ķīm. atšķaidīt • vājināt,Сделать тоньше • Хим. разбавлять • Ослаблять,MARKER_LEAK,foreign_script
data,is,B2,1878,verdünnen,padarīt tievāku • ķīm. atšķaidīt • vājināt,Õhemaks tegema • Keem. lahjendama • Nõrgestama,MARKER_LEAK,et_otilde
data,it,B2,1878,verdünnen,padarīt tievāku • ķīm. atšķaidīt • vājināt,Padarīt tievāku • Ķīm. atšķaidīt • Vājināt,SAME_AS_LV_CASEFOLD,casefold_only
data,it,B2,1878,verdünnen,padarīt tievāku • ķīm. atšķaidīt • vājināt,Padarīt tievāku • Ķīm. atšķaidīt • Vājināt,LV_DIACRITIC,
data,it,B2,1878,verdünnen,padarīt tievāku • ķīm. atšķaidīt • vājināt,Padarīt tievāku • Ķīm. atšķaidīt • Vājināt,MARKER_LEAK,lv_macron_consonant
data,lb,B2,1878,verdünnen,padarīt tievāku • ķīm. atšķaidīt • vājināt,Padarīt tievāku • Ķīm. atšķaidīt • Vājināt,SAME_AS_LV_CASEFOLD,casefold_only
data,lb,B2,1878,verdünnen,padarīt tievāku • ķīm. atšķaidīt • vājināt,Padarīt tievāku • Ķīm. atšķaidīt • Vājināt,LV_DIACRITIC,
data,lb,B2,1878,verdünnen,padarīt tievāku • ķīm. atšķaidīt • vājināt,Padarīt tievāku • Ķīm. atšķaidīt • Vājināt,MARKER_LEAK,lv_macron_consonant
data,nb,B2,1878,verdünnen,padarīt tievāku • ķīm. atšķaidīt • vājināt,Õhemaks tegema • Keem. lahjendama • Nõrgestama,MARKER_LEAK,et_otilde
data,nl,B2,1878,verdünnen,padarīt tievāku • ķīm. atšķaidīt • vājināt,Padarīt tievāku • Ķīm. atšķaidīt • Vājināt,SAME_AS_LV_CASEFOLD,casefold_only
data,nl,B2,1878,verdünnen,padarīt tievāku • ķīm. atšķaidīt • vājināt,Padarīt tievāku • Ķīm. atšķaidīt • Vājināt,LV_DIACRITIC,
data,nl,B2,1878,verdünnen,padarīt tievāku • ķīm. atšķaidīt • vājināt,Padarīt tievāku • Ķīm. atšķaidīt • Vājināt,MARKER_LEAK,lv_macron_consonant
data,nn,B2,1878,verdünnen,padarīt tievāku • ķīm. atšķaidīt • vājināt,Õhemaks tegema • Keem. lahjendama • Nõrgestama,MARKER_LEAK,et_otilde
data,pt,B2,1878,verdünnen,padarīt tievāku • ķīm. atšķaidīt • vājināt,Padarīt tievāku • Ķīm. atšķaidīt • Vājināt,SAME_AS_LV_CASEFOLD,casefold_only
data,pt,B2,1878,verdünnen,padarīt tievāku • ķīm. atšķaidīt • vājināt,Padarīt tievāku • Ķīm. atšķaidīt • Vājināt,LV_DIACRITIC,
data,pt,B2,1878,verdünnen,padarīt tievāku • ķīm. atšķaidīt • vājināt,Padarīt tievāku • Ķīm. atšķaidīt • Vājināt,MARKER_LEAK,lv_macron_consonant
data,sk,B2,1878,verdünnen,padarīt tievāku • ķīm. atšķaidīt • vājināt,Rozcieńczyć • Chemię. rozcieńczyć • Osłabić,MARKER_LEAK,pl_l_s_z+pl_lt_nasal
data,sl,B2,1878,verdünnen,padarīt tievāku • ķīm. atšķaidīt • vājināt,padarīt tievāku • ķīm. atšķaidīt • vājināt,SAME_AS_LV_CASEFOLD,exact
data,sl,B2,1878,verdünnen,padarīt tievāku • ķīm. atšķaidīt • vājināt,padarīt tievāku • ķīm. atšķaidīt • vājināt,LV_DIACRITIC,
data,sl,B2,1878,verdünnen,padarīt tievāku • ķīm. atšķaidīt • vājināt,padarīt tievāku • ķīm. atšķaidīt • vājināt,MARKER_LEAK,lv_macron_consonant
data,sq,B2,1878,verdünnen,padarīt tievāku • ķīm. atšķaidīt • vājināt,Seyreltik • Kimya. seyreltmek • Zayıflatmak,MARKER_LEAK,tr_soft
data,sv,B2,1878,verdünnen,padarīt tievāku • ķīm. atšķaidīt • vājināt,Õhemaks tegema • Keem. lahjendama • Nõrgestama,MARKER_LEAK,et_otilde
data,bg,B2,1878,verdünnen,padarīt tievāku • ķīm. atšķaidīt • vājināt,Сделать тоньше • Хим. разбавлять • Ослаблять,FAMILY_COPY_STRICT,bg+hr+mk+ru+sr
data,hr,B2,1878,verdünnen,padarīt tievāku • ķīm. atšķaidīt • vājināt,Сделать тоньше • Хим. разбавлять • Ослаблять,FAMILY_COPY_STRICT,bg+hr+mk+ru+sr
data,mk,B2,1878,verdünnen,padarīt tievāku • ķīm. atšķaidīt • vājināt,Сделать тоньше • Хим. разбавлять • Ослаблять,FAMILY_COPY_STRICT,bg+hr+mk+ru+sr
data,ru,B2,1878,verdünnen,padarīt tievāku • ķīm. atšķaidīt • vājināt,Сделать тоньше • Хим. разбавлять • Ослаблять,FAMILY_COPY_STRICT,bg+hr+mk+ru+sr
data,sr,B2,1878,verdünnen,padarīt tievāku • ķīm. atšķaidīt • vājināt,Сделать тоньше • Хим. разбавлять • Ослаблять,FAMILY_COPY_STRICT,bg+hr+mk+ru+sr
data,fi,B2,1878,verdünnen,padarīt tievāku • ķīm. atšķaidīt • vājināt,Õhemaks tegema • Keem. lahjendama • Nõrgestama,FAMILY_COPY_STRICT,fi+is+nb+nn+sv
data,is,B2,1878,verdünnen,padarīt tievāku • ķīm. atšķaidīt • vājināt,Õhemaks tegema • Keem. lahjendama • Nõrgestama,FAMILY_COPY_STRICT,fi+is+nb+nn+sv
data,nb,B2,1878,verdünnen,padarīt tievāku • ķīm. atšķaidīt • vājināt,Õhemaks tegema • Keem. lahjendama • Nõrgestama,FAMILY_COPY_STRICT,fi+is+nb+nn+sv
data,nn,B2,1878,verdünnen,padarīt tievāku • ķīm. atšķaidīt • vājināt,Õhemaks tegema • Keem. lahjendama • Nõrgestama,FAMILY_COPY_STRICT,fi+is+nb+nn+sv
data,sv,B2,1878,verdünnen,padarīt tievāku • ķīm. atšķaidīt • vājināt,Õhemaks tegema • Keem. lahjendama • Nõrgestama,FAMILY_COPY_STRICT,fi+is+nb+nn+sv
data,it,B2,1878,verdünnen,padarīt tievāku • ķīm. atšķaidīt • vājināt,Padarīt tievāku • Ķīm. atšķaidīt • Vājināt,FAMILY_COPY_STRICT,it+lb+nl+pt
data,lb,B2,1878,verdünnen,padarīt tievāku • ķīm. atšķaidīt • vājināt,Padarīt tievāku • Ķīm. atšķaidīt • Vājināt,FAMILY_COPY_STRICT,it+lb+nl+pt
data,nl,B2,1878,verdünnen,padarīt tievāku • ķīm. atšķaidīt • vājināt,Padarīt tievāku • Ķīm. atšķaidīt • Vājināt,FAMILY_COPY_STRICT,it+lb+nl+pt
data,pt,B2,1878,verdünnen,padarīt tievāku • ķīm. atšķaidīt • vājināt,Padarīt tievāku • Ķīm. atšķaidīt • Vājināt,FAMILY_COPY_STRICT,it+lb+nl+pt
data,pl,B2,1878,verdünnen,padarīt tievāku • ķīm. atšķaidīt • vājināt,Rozcieńczyć • Chemię. rozcieńczyć • Osłabić,FAMILY_COPY_STRICT,pl+sk
data,sk,B2,1878,verdünnen,padarīt tievāku • ķīm. atšķaidīt • vājināt,Rozcieńczyć • Chemię. rozcieńczyć • Osłabić,FAMILY_COPY_STRICT,pl+sk
data,sq,B2,1878,verdünnen,padarīt tievāku • ķīm. atšķaidīt • vājināt,Seyreltik • Kimya. seyreltmek • Zayıflatmak,FAMILY_COPY_STRICT,sq+tr
data,tr,B2,1878,verdünnen,padarīt tievāku • ķīm. atšķaidīt • vājināt,Seyreltik • Kimya. seyreltmek • Zayıflatmak,FAMILY_COPY_STRICT,sq+tr
data,fi,B2,1879,verehren,godāt • cienīt • sar. [uz]dāvināt,Austama • Lugu pidama • Kõnek. kinkima,MARKER_LEAK,et_otilde
data,hr,B2,1879,verehren,godāt • cienīt • sar. [uz]dāvināt,Честь • Уважение • Комп. [чтобы] отдать,SCRIPT_MISMATCH,
data,hr,B2,1879,verehren,godāt • cienīt • sar. [uz]dāvināt,Честь • Уважение • Комп. [чтобы] отдать,MARKER_LEAK,foreign_script
data,is,B2,1879,verehren,godāt • cienīt • sar. [uz]dāvināt,Austama • Lugu pidama • Kõnek. kinkima,MARKER_LEAK,et_otilde
data,it,B2,1879,verehren,godāt • cienīt • sar. [uz]dāvināt,Godāt • Cienīt • Sar. [uz]dāvināt,SAME_AS_LV_CASEFOLD,casefold_only
data,it,B2,1879,verehren,godāt • cienīt • sar. [uz]dāvināt,Godāt • Cienīt • Sar. [uz]dāvināt,LV_DIACRITIC,
data,it,B2,1879,verehren,godāt • cienīt • sar. [uz]dāvināt,Godāt • Cienīt • Sar. [uz]dāvināt,MARKER_LEAK,lv_macron_consonant
data,lb,B2,1879,verehren,godāt • cienīt • sar. [uz]dāvināt,Godāt • Cienīt • Sar. [uz]dāvināt,SAME_AS_LV_CASEFOLD,casefold_only
data,lb,B2,1879,verehren,godāt • cienīt • sar. [uz]dāvināt,Godāt • Cienīt • Sar. [uz]dāvināt,LV_DIACRITIC,
data,lb,B2,1879,verehren,godāt • cienīt • sar. [uz]dāvināt,Godāt • Cienīt • Sar. [uz]dāvināt,MARKER_LEAK,lv_macron_consonant
data,nb,B2,1879,verehren,godāt • cienīt • sar. [uz]dāvināt,Austama • Lugu pidama • Kõnek. kinkima,MARKER_LEAK,et_otilde
data,nl,B2,1879,verehren,godāt • cienīt • sar. [uz]dāvināt,Godāt • Cienīt • Sar. [uz]dāvināt,SAME_AS_LV_CASEFOLD,casefold_only
data,nl,B2,1879,verehren,godāt • cienīt • sar. [uz]dāvināt,Godāt • Cienīt • Sar. [uz]dāvināt,LV_DIACRITIC,
data,nl,B2,1879,verehren,godāt • cienīt • sar. [uz]dāvināt,Godāt • Cienīt • Sar. [uz]dāvināt,MARKER_LEAK,lv_macron_consonant
data,nn,B2,1879,verehren,godāt • cienīt • sar. [uz]dāvināt,Austama • Lugu pidama • Kõnek. kinkima,MARKER_LEAK,et_otilde
data,pt,B2,1879,verehren,godāt • cienīt • sar. [uz]dāvināt,Godāt • Cienīt • Sar. [uz]dāvināt,SAME_AS_LV_CASEFOLD,casefold_only
data,pt,B2,1879,verehren,godāt • cienīt • sar. [uz]dāvināt,Godāt • Cienīt • Sar. [uz]dāvināt,LV_DIACRITIC,
data,pt,B2,1879,verehren,godāt • cienīt • sar. [uz]dāvināt,Godāt • Cienīt • Sar. [uz]dāvināt,MARKER_LEAK,lv_macron_consonant
data,sl,B2,1879,verehren,godāt • cienīt • sar. [uz]dāvināt,godāt • cienīt • sar. [uz]dāvināt,SAME_AS_LV_CASEFOLD,exact
data,sl,B2,1879,verehren,godāt • cienīt • sar. [uz]dāvināt,godāt • cienīt • sar. [uz]dāvināt,LV_DIACRITIC,
data,sl,B2,1879,verehren,godāt • cienīt • sar. [uz]dāvināt,godāt • cienīt • sar. [uz]dāvināt,MARKER_LEAK,lv_macron_consonant
data,sv,B2,1879,verehren,godāt • cienīt • sar. [uz]dāvināt,Austama • Lugu pidama • Kõnek. kinkima,MARKER_LEAK,et_otilde
data,bg,B2,1879,verehren,godāt • cienīt • sar. [uz]dāvināt,Честь • Уважение • Комп. [чтобы] отдать,FAMILY_COPY_STRICT,bg+hr+mk+ru+sr
data,hr,B2,1879,verehren,godāt • cienīt • sar. [uz]dāvināt,Честь • Уважение • Комп. [чтобы] отдать,FAMILY_COPY_STRICT,bg+hr+mk+ru+sr
data,mk,B2,1879,verehren,godāt • cienīt • sar. [uz]dāvināt,Честь • Уважение • Комп. [чтобы] отдать,FAMILY_COPY_STRICT,bg+hr+mk+ru+sr
data,ru,B2,1879,verehren,godāt • cienīt • sar. [uz]dāvināt,Честь • Уважение • Комп. [чтобы] отдать,FAMILY_COPY_STRICT,bg+hr+mk+ru+sr
data,sr,B2,1879,verehren,godāt • cienīt • sar. [uz]dāvināt,Честь • Уважение • Комп. [чтобы] отдать,FAMILY_COPY_STRICT,bg+hr+mk+ru+sr
data,fi,B2,1879,verehren,godāt • cienīt • sar. [uz]dāvināt,Austama • Lugu pidama • Kõnek. kinkima,FAMILY_COPY_STRICT,fi+is+nb+nn+sv
data,is,B2,1879,verehren,godāt • cienīt • sar. [uz]dāvināt,Austama • Lugu pidama • Kõnek. kinkima,FAMILY_COPY_STRICT,fi+is+nb+nn+sv
data,nb,B2,1879,verehren,godāt • cienīt • sar. [uz]dāvināt,Austama • Lugu pidama • Kõnek. kinkima,FAMILY_COPY_STRICT,fi+is+nb+nn+sv
data,nn,B2,1879,verehren,godāt • cienīt • sar. [uz]dāvināt,Austama • Lugu pidama • Kõnek. kinkima,FAMILY_COPY_STRICT,fi+is+nb+nn+sv
data,sv,B2,1879,verehren,godāt • cienīt • sar. [uz]dāvināt,Austama • Lugu pidama • Kõnek. kinkima,FAMILY_COPY_STRICT,fi+is+nb+nn+sv
data,it,B2,1879,verehren,godāt • cienīt • sar. [uz]dāvināt,Godāt • Cienīt • Sar. [uz]dāvināt,FAMILY_COPY_STRICT,it+lb+nl+pt
data,lb,B2,1879,verehren,godāt • cienīt • sar. [uz]dāvināt,Godāt • Cienīt • Sar. [uz]dāvināt,FAMILY_COPY_STRICT,it+lb+nl+pt
data,nl,B2,1879,verehren,godāt • cienīt • sar. [uz]dāvināt,Godāt • Cienīt • Sar. [uz]dāvināt,FAMILY_COPY_STRICT,it+lb+nl+pt
data,pt,B2,1879,verehren,godāt • cienīt • sar. [uz]dāvināt,Godāt • Cienīt • Sar. [uz]dāvināt,FAMILY_COPY_STRICT,it+lb+nl+pt
data,pl,B2,1879,verehren,godāt • cienīt • sar. [uz]dāvināt,Honor • Szacunek • Komp. [do] oddania,FAMILY_COPY_STRICT,pl+sk+sq+tr
data,sk,B2,1879,verehren,godāt • cienīt • sar. [uz]dāvināt,Honor • Szacunek • Komp. [do] oddania,FAMILY_COPY_STRICT,pl+sk+sq+tr
data,sq,B2,1879,verehren,godāt • cienīt • sar. [uz]dāvināt,Honor • Szacunek • Komp. [do] oddania,FAMILY_COPY_STRICT,pl+sk+sq+tr
data,tr,B2,1879,verehren,godāt • cienīt • sar. [uz]dāvināt,Honor • Szacunek • Komp. [do] oddania,FAMILY_COPY_STRICT,pl+sk+sq+tr
data,it,B2,1880,vereinigen,apvienot • savienot,Apvienot • Savienot,SAME_AS_LV_CASEFOLD,casefold_only
data,lb,B2,1880,vereinigen,apvienot • savienot,Apvienot • Savienot,SAME_AS_LV_CASEFOLD,casefold_only
data,nl,B2,1880,vereinigen,apvienot • savienot,Apvienot • Savienot,SAME_AS_LV_CASEFOLD,casefold_only
data,pt,B2,1880,vereinigen,apvienot • savienot,Apvienot • Savienot,SAME_AS_LV_CASEFOLD,casefold_only
data,sk,B2,1880,vereinigen,apvienot • savienot,Połączyć • Połączyć,MARKER_LEAK,pl_l_s_z+pl_lt_nasal
data,sl,B2,1880,vereinigen,apvienot • savienot,apvienot • savienot,SAME_AS_LV_CASEFOLD,exact
data,sq,B2,1880,vereinigen,apvienot • savienot,Bağlan • Bağlan,MARKER_LEAK,tr_soft
data,sr,B2,1880,vereinigen,apvienot • savienot,Saedinit • Saedinit,SCRIPT_MISMATCH,sr_as_cyrillic
data,sr,B2,1880,vereinigen,apvienot • savienot,Saedinit • Saedinit,MARKER_LEAK,latin_in_cyrillic
data,bg,B2,1880,vereinigen,apvienot • savienot,Объединить • Соединить,FAMILY_COPY_STRICT,bg+mk+ru
data,mk,B2,1880,vereinigen,apvienot • savienot,Объединить • Соединить,FAMILY_COPY_STRICT,bg+mk+ru
data,ru,B2,1880,vereinigen,apvienot • savienot,Объединить • Соединить,FAMILY_COPY_STRICT,bg+mk+ru
data,fi,B2,1880,vereinigen,apvienot • savienot,Ühendama,FAMILY_COPY_STRICT,fi+is+nb+nn+sv
data,is,B2,1880,vereinigen,apvienot • savienot,Ühendama,FAMILY_COPY_STRICT,fi+is+nb+nn+sv
data,nb,B2,1880,vereinigen,apvienot • savienot,Ühendama,FAMILY_COPY_STRICT,fi+is+nb+nn+sv
data,nn,B2,1880,vereinigen,apvienot • savienot,Ühendama,FAMILY_COPY_STRICT,fi+is+nb+nn+sv
data,sv,B2,1880,vereinigen,apvienot • savienot,Ühendama,FAMILY_COPY_STRICT,fi+is+nb+nn+sv
data,hr,B2,1880,vereinigen,apvienot • savienot,Saedinit • Saedinit,FAMILY_COPY_STRICT,hr+sr
data,sr,B2,1880,vereinigen,apvienot • savienot,Saedinit • Saedinit,FAMILY_COPY_STRICT,hr+sr
data,it,B2,1880,vereinigen,apvienot • savienot,Apvienot • Savienot,FAMILY_COPY_STRICT,it+lb+nl+pt
data,lb,B2,1880,vereinigen,apvienot • savienot,Apvienot • Savienot,FAMILY_COPY_STRICT,it+lb+nl+pt
data,nl,B2,1880,vereinigen,apvienot • savienot,Apvienot • Savienot,FAMILY_COPY_STRICT,it+lb+nl+pt
data,pt,B2,1880,vereinigen,apvienot • savienot,Apvienot • Savienot,FAMILY_COPY_STRICT,it+lb+nl+pt
data,pl,B2,1880,vereinigen,apvienot • savienot,Połączyć • Połączyć,FAMILY_COPY_STRICT,pl+sk
data,sk,B2,1880,vereinigen,apvienot • savienot,Połączyć • Połączyć,FAMILY_COPY_STRICT,pl+sk
data,sq,B2,1880,vereinigen,apvienot • savienot,Bağlan • Bağlan,FAMILY_COPY_STRICT,sq+tr
data,tr,B2,1880,vereinigen,apvienot • savienot,Bağlan • Bağlan,FAMILY_COPY_STRICT,sq+tr
data,hr,B2,1881,sich vereinigen,apvienoties ar,Спојување со,SCRIPT_MISMATCH,
data,hr,B2,1881,sich vereinigen,apvienoties ar,Спојување со,MARKER_LEAK,foreign_script
data,it,B2,1881,sich vereinigen,apvienoties ar,Apvienoties ar,SAME_AS_LV_CASEFOLD,casefold_only
data,lb,B2,1881,sich vereinigen,apvienoties ar,Apvienoties ar,SAME_AS_LV_CASEFOLD,casefold_only
data,nl,B2,1881,sich vereinigen,apvienoties ar,Apvienoties ar,SAME_AS_LV_CASEFOLD,casefold_only
data,sk,B2,1881,sich vereinigen,apvienoties ar,Połączyć się z,MARKER_LEAK,pl_l_s_z+pl_lt_nasal
data,sl,B2,1881,sich vereinigen,apvienoties ar,apvienoties ar,SAME_AS_LV_CASEFOLD,exact
data,sq,B2,1881,sich vereinigen,apvienoties ar,Şununla bağlantı kur:,MARKER_LEAK,tr_soft
data,bg,B2,1881,sich vereinigen,apvienoties ar,Сливаться с,FAMILY_COPY_STRICT,bg+ru
data,ru,B2,1881,sich vereinigen,apvienoties ar,Сливаться с,FAMILY_COPY_STRICT,bg+ru
data,fi,B2,1881,sich vereinigen,apvienoties ar,Ühinema millegaga,FAMILY_COPY_STRICT,fi+is+nb+nn+sv
data,is,B2,1881,sich vereinigen,apvienoties ar,Ühinema millegaga,FAMILY_COPY_STRICT,fi+is+nb+nn+sv
data,nb,B2,1881,sich vereinigen,apvienoties ar,Ühinema millegaga,FAMILY_COPY_STRICT,fi+is+nb+nn+sv
data,nn,B2,1881,sich vereinigen,apvienoties ar,Ühinema millegaga,FAMILY_COPY_STRICT,fi+is+nb+nn+sv
data,sv,B2,1881,sich vereinigen,apvienoties ar,Ühinema millegaga,FAMILY_COPY_STRICT,fi+is+nb+nn+sv
data,hr,B2,1881,sich vereinigen,apvienoties ar,Спојување со,FAMILY_COPY_STRICT,hr+mk+sr
data,mk,B2,1881,sich vereinigen,apvienoties ar,Спојување со,FAMILY_COPY_STRICT,hr+mk+sr
data,sr,B2,1881,sich vereinigen,apvienoties ar,Спојување со,FAMILY_COPY_STRICT,hr+mk+sr
data,it,B2,1881,sich vereinigen,apvienoties ar,Apvienoties ar,FAMILY_COPY_STRICT,it+lb+nl
data,lb,B2,1881,sich vereinigen,apvienoties ar,Apvienoties ar,FAMILY_COPY_STRICT,it+lb+nl
data,nl,B2,1881,sich vereinigen,apvienoties ar,Apvienoties ar,FAMILY_COPY_STRICT,it+lb+nl
data,pl,B2,1881,sich vereinigen,apvienoties ar,Połączyć się z,FAMILY_COPY_STRICT,pl+sk
data,sk,B2,1881,sich vereinigen,apvienoties ar,Połączyć się z,FAMILY_COPY_STRICT,pl+sk
data,sq,B2,1881,sich vereinigen,apvienoties ar,Şununla bağlantı kur:,FAMILY_COPY_STRICT,sq+tr
data,tr,B2,1881,sich vereinigen,apvienoties ar,Şununla bağlantı kur:,FAMILY_COPY_STRICT,sq+tr
data,hr,B2,1882,Vereinigung,savienība • sabiedrība • savienošana,Союз • Общество • Связь,SCRIPT_MISMATCH,
data,hr,B2,1882,Vereinigung,savienība • sabiedrība • savienošana,Союз • Общество • Связь,MARKER_LEAK,foreign_script
data,it,B2,1882,Vereinigung,savienība • sabiedrība • savienošana,Savienība • Sabiedrība • Savienošana,SAME_AS_LV_CASEFOLD,casefold_only
data,it,B2,1882,Vereinigung,savienība • sabiedrība • savienošana,Savienība • Sabiedrība • Savienošana,LV_DIACRITIC,
data,it,B2,1882,Vereinigung,savienība • sabiedrība • savienošana,Savienība • Sabiedrība • Savienošana,MARKER_LEAK,lv_macron_consonant
data,lb,B2,1882,Vereinigung,savienība • sabiedrība • savienošana,Savienība • Sabiedrība • Savienošana,SAME_AS_LV_CASEFOLD,casefold_only
data,lb,B2,1882,Vereinigung,savienība • sabiedrība • savienošana,Savienība • Sabiedrība • Savienošana,LV_DIACRITIC,
data,lb,B2,1882,Vereinigung,savienība • sabiedrība • savienošana,Savienība • Sabiedrība • Savienošana,MARKER_LEAK,lv_macron_consonant
data,nl,B2,1882,Vereinigung,savienība • sabiedrība • savienošana,Savienība • Sabiedrība • Savienošana,SAME_AS_LV_CASEFOLD,casefold_only
data,nl,B2,1882,Vereinigung,savienība • sabiedrība • savienošana,Savienība • Sabiedrība • Savienošana,LV_DIACRITIC,
data,nl,B2,1882,Vereinigung,savienība • sabiedrība • savienošana,Savienība • Sabiedrība • Savienošana,MARKER_LEAK,lv_macron_consonant
data,pt,B2,1882,Vereinigung,savienība • sabiedrība • savienošana,Savienība • Sabiedrība • Savienošana,SAME_AS_LV_CASEFOLD,casefold_only
data,pt,B2,1882,Vereinigung,savienība • sabiedrība • savienošana,Savienība • Sabiedrība • Savienošana,LV_DIACRITIC,
data,pt,B2,1882,Vereinigung,savienība • sabiedrība • savienošana,Savienība • Sabiedrība • Savienošana,MARKER_LEAK,lv_macron_consonant
data,sk,B2,1882,Vereinigung,savienība • sabiedrība • savienošana,Związek • Społeczeństwo • Sprzęgło,MARKER_LEAK,pl_l_s_z+pl_lt_nasal
data,sl,B2,1882,Vereinigung,savienība • sabiedrība • savienošana,savienība • sabiedrība • savienošana,SAME_AS_LV_CASEFOLD,exact
data,sl,B2,1882,Vereinigung,savienība • sabiedrība • savienošana,savienība • sabiedrība • savienošana,LV_DIACRITIC,
data,sl,B2,1882,Vereinigung,savienība • sabiedrība • savienošana,savienība • sabiedrība • savienošana,MARKER_LEAK,lv_macron_consonant
data,sq,B2,1882,Vereinigung,savienība • sabiedrība • savienošana,İlişki • Toplum • Debriyaj,MARKER_LEAK,tr_soft
data,bg,B2,1882,Vereinigung,savienība • sabiedrība • savienošana,Союз • Общество • Связь,FAMILY_COPY_STRICT,bg+hr+mk+ru+sr
data,hr,B2,1882,Vereinigung,savienība • sabiedrība • savienošana,Союз • Общество • Связь,FAMILY_COPY_STRICT,bg+hr+mk+ru+sr
data,mk,B2,1882,Vereinigung,savienība • sabiedrība • savienošana,Союз • Общество • Связь,FAMILY_COPY_STRICT,bg+hr+mk+ru+sr
data,ru,B2,1882,Vereinigung,savienība • sabiedrība • savienošana,Союз • Общество • Связь,FAMILY_COPY_STRICT,bg+hr+mk+ru+sr
data,sr,B2,1882,Vereinigung,savienība • sabiedrība • savienošana,Союз • Общество • Связь,FAMILY_COPY_STRICT,bg+hr+mk+ru+sr
data,fi,B2,1882,Vereinigung,savienība • sabiedrība • savienošana,Liit • Ühing • Ühendamine,FAMILY_COPY_STRICT,fi+is+nb+nn+sv
data,is,B2,1882,Vereinigung,savienība • sabiedrība • savienošana,Liit • Ühing • Ühendamine,FAMILY_COPY_STRICT,fi+is+nb+nn+sv
data,nb,B2,1882,Vereinigung,savienība • sabiedrība • savienošana,Liit • Ühing • Ühendamine,FAMILY_COPY_STRICT,fi+is+nb+nn+sv
data,nn,B2,1882,Vereinigung,savienība • sabiedrība • savienošana,Liit • Ühing • Ühendamine,FAMILY_COPY_STRICT,fi+is+nb+nn+sv
data,sv,B2,1882,Vereinigung,savienība • sabiedrība • savienošana,Liit • Ühing • Ühendamine,FAMILY_COPY_STRICT,fi+is+nb+nn+sv
data,it,B2,1882,Vereinigung,savienība • sabiedrība • savienošana,Savienība • Sabiedrība • Savienošana,FAMILY_COPY_STRICT,it+lb+nl+pt
data,lb,B2,1882,Vereinigung,savienība • sabiedrība • savienošana,Savienība • Sabiedrība • Savienošana,FAMILY_COPY_STRICT,it+lb+nl+pt
data,nl,B2,1882,Vereinigung,savienība • sabiedrība • savienošana,Savienība • Sabiedrība • Savienošana,FAMILY_COPY_STRICT,it+lb+nl+pt
data,pt,B2,1882,Vereinigung,savienība • sabiedrība • savienošana,Savienība • Sabiedrība • Savienošana,FAMILY_COPY_STRICT,it+lb+nl+pt
data,pl,B2,1882,Vereinigung,savienība • sabiedrība • savienošana,Związek • Społeczeństwo • Sprzęgło,FAMILY_COPY_STRICT,pl+sk
data,sk,B2,1882,Vereinigung,savienība • sabiedrība • savienošana,Związek • Społeczeństwo • Sprzęgło,FAMILY_COPY_STRICT,pl+sk
data,sq,B2,1882,Vereinigung,savienība • sabiedrība • savienošana,İlişki • Toplum • Debriyaj,FAMILY_COPY_STRICT,sq+tr
data,tr,B2,1882,Vereinigung,savienība • sabiedrība • savienošana,İlişki • Toplum • Debriyaj,FAMILY_COPY_STRICT,sq+tr
data,hr,B2,1883,vererben,atstāt • nodot mantojumā,Оставить • Наследовать,SCRIPT_MISMATCH,
data,hr,B2,1883,vererben,atstāt • nodot mantojumā,Оставить • Наследовать,MARKER_LEAK,foreign_script
data,it,B2,1883,vererben,atstāt • nodot mantojumā,Atstāt • Nodot mantojumā,SAME_AS_LV_CASEFOLD,casefold_only
data,it,B2,1883,vererben,atstāt • nodot mantojumā,Atstāt • Nodot mantojumā,LV_DIACRITIC,
data,it,B2,1883,vererben,atstāt • nodot mantojumā,Atstāt • Nodot mantojumā,MARKER_LEAK,lv_macron_consonant
data,lb,B2,1883,vererben,atstāt • nodot mantojumā,Atstāt • Nodot mantojumā,SAME_AS_LV_CASEFOLD,casefold_only
data,lb,B2,1883,vererben,atstāt • nodot mantojumā,Atstāt • Nodot mantojumā,LV_DIACRITIC,
data,lb,B2,1883,vererben,atstāt • nodot mantojumā,Atstāt • Nodot mantojumā,MARKER_LEAK,lv_macron_consonant
data,nl,B2,1883,vererben,atstāt • nodot mantojumā,Atstāt • Nodot mantojumā,SAME_AS_LV_CASEFOLD,casefold_only
data,nl,B2,1883,vererben,atstāt • nodot mantojumā,Atstāt • Nodot mantojumā,LV_DIACRITIC,
data,nl,B2,1883,vererben,atstāt • nodot mantojumā,Atstāt • Nodot mantojumā,MARKER_LEAK,lv_macron_consonant
data,sl,B2,1883,vererben,atstāt • nodot mantojumā,atstāt • nodot mantojumā,SAME_AS_LV_CASEFOLD,exact
data,sl,B2,1883,vererben,atstāt • nodot mantojumā,atstāt • nodot mantojumā,LV_DIACRITIC,
data,sl,B2,1883,vererben,atstāt • nodot mantojumā,atstāt • nodot mantojumā,MARKER_LEAK,lv_macron_consonant
data,sq,B2,1883,vererben,atstāt • nodot mantojumā,Ayrıl • Devral,MARKER_LEAK,tr_soft
data,bg,B2,1883,vererben,atstāt • nodot mantojumā,Оставить • Наследовать,FAMILY_COPY_STRICT,bg+hr+mk+ru+sr
data,hr,B2,1883,vererben,atstāt • nodot mantojumā,Оставить • Наследовать,FAMILY_COPY_STRICT,bg+hr+mk+ru+sr
data,mk,B2,1883,vererben,atstāt • nodot mantojumā,Оставить • Наследовать,FAMILY_COPY_STRICT,bg+hr+mk+ru+sr
data,ru,B2,1883,vererben,atstāt • nodot mantojumā,Оставить • Наследовать,FAMILY_COPY_STRICT,bg+hr+mk+ru+sr
data,sr,B2,1883,vererben,atstāt • nodot mantojumā,Оставить • Наследовать,FAMILY_COPY_STRICT,bg+hr+mk+ru+sr
data,fi,B2,1883,vererben,atstāt • nodot mantojumā,Jätma • Pärandama,FAMILY_COPY_STRICT,fi+is+nb+nn+sv
data,is,B2,1883,vererben,atstāt • nodot mantojumā,Jätma • Pärandama,FAMILY_COPY_STRICT,fi+is+nb+nn+sv
data,nb,B2,1883,vererben,atstāt • nodot mantojumā,Jätma • Pärandama,FAMILY_COPY_STRICT,fi+is+nb+nn+sv
data,nn,B2,1883,vererben,atstāt • nodot mantojumā,Jätma • Pärandama,FAMILY_COPY_STRICT,fi+is+nb+nn+sv
data,sv,B2,1883,vererben,atstāt • nodot mantojumā,Jätma • Pärandama,FAMILY_COPY_STRICT,fi+is+nb+nn+sv
data,it,B2,1883,vererben,atstāt • nodot mantojumā,Atstāt • Nodot mantojumā,FAMILY_COPY_STRICT,it+lb+nl
data,lb,B2,1883,vererben,atstāt • nodot mantojumā,Atstāt • Nodot mantojumā,FAMILY_COPY_STRICT,it+lb+nl
data,nl,B2,1883,vererben,atstāt • nodot mantojumā,Atstāt • Nodot mantojumā,FAMILY_COPY_STRICT,it+lb+nl
data,pl,B2,1883,vererben,atstāt • nodot mantojumā,Pozostawić • Odziedziczyć,FAMILY_COPY_STRICT,pl+sk
data,sk,B2,1883,vererben,atstāt • nodot mantojumā,Pozostawić • Odziedziczyć,FAMILY_COPY_STRICT,pl+sk
data,sq,B2,1883,vererben,atstāt • nodot mantojumā,Ayrıl • Devral,FAMILY_COPY_STRICT,sq+tr
data,tr,B2,1883,vererben,atstāt • nodot mantojumā,Ayrıl • Devral,FAMILY_COPY_STRICT,sq+tr
data,fi,B2,1884,Verfahren,rīcība • izturēšanās • paņēmiens • metode • jur. process • lieta,Tegevus • Käitumine • Võte • Meetod • Jur. protsess • Asi,MARKER_LEAK,et_otilde
data,gr,B2,1884,Verfahren,rīcība • izturēšanās • paņēmiens • metode • jur. process • lieta,Δράση • Συμπεριφορά • Τεχνική • Μέθοδος • Jur. διαδικασία • Πράγμα,SCRIPT_MISMATCH,
data,gr,B2,1884,Verfahren,rīcība • izturēšanās • paņēmiens • metode • jur. process • lieta,Δράση • Συμπεριφορά • Τεχνική • Μέθοδος • Jur. διαδικασία • Πράγμα,MARKER_LEAK,latin_in_greek
data,hr,B2,1884,Verfahren,rīcība • izturēšanās • paņēmiens • metode • jur. process • lieta,Поведение • Поведение • Техника • Метод • Юр. процесс • Дело,SCRIPT_MISMATCH,
data,hr,B2,1884,Verfahren,rīcība • izturēšanās • paņēmiens • metode • jur. process • lieta,Поведение • Поведение • Техника • Метод • Юр. процесс • Дело,MARKER_LEAK,foreign_script
data,is,B2,1884,Verfahren,rīcība • izturēšanās • paņēmiens • metode • jur. process • lieta,Tegevus • Käitumine • Võte • Meetod • Jur. protsess • Asi,MARKER_LEAK,et_otilde
data,it,B2,1884,Verfahren,rīcība • izturēšanās • paņēmiens • metode • jur. process • lieta,Rīcība • Izturēšanās • Paņēmiens • Metode • Jur. process • Lieta,SAME_AS_LV_CASEFOLD,casefold_only
data,it,B2,1884,Verfahren,rīcība • izturēšanās • paņēmiens • metode • jur. process • lieta,Rīcība • Izturēšanās • Paņēmiens • Metode • Jur. process • Lieta,LV_DIACRITIC,
data,it,B2,1884,Verfahren,rīcība • izturēšanās • paņēmiens • metode • jur. process • lieta,Rīcība • Izturēšanās • Paņēmiens • Metode • Jur. process • Lieta,MARKER_LEAK,lv_macron_consonant
data,lb,B2,1884,Verfahren,rīcība • izturēšanās • paņēmiens • metode • jur. process • lieta,Rīcība • Izturēšanās • Paņēmiens • Metode • Jur. process • Lieta,SAME_AS_LV_CASEFOLD,casefold_only
data,lb,B2,1884,Verfahren,rīcība • izturēšanās • paņēmiens • metode • jur. process • lieta,Rīcība • Izturēšanās • Paņēmiens • Metode • Jur. process • Lieta,LV_DIACRITIC,
data,lb,B2,1884,Verfahren,rīcība • izturēšanās • paņēmiens • metode • jur. process • lieta,Rīcība • Izturēšanās • Paņēmiens • Metode • Jur. process • Lieta,MARKER_LEAK,lv_macron_consonant
data,nb,B2,1884,Verfahren,rīcība • izturēšanās • paņēmiens • metode • jur. process • lieta,Tegevus • Käitumine • Võte • Meetod • Jur. protsess • Asi,MARKER_LEAK,et_otilde
data,nl,B2,1884,Verfahren,rīcība • izturēšanās • paņēmiens • metode • jur. process • lieta,Rīcība • Izturēšanās • Paņēmiens • Metode • Jur. process • Lieta,SAME_AS_LV_CASEFOLD,casefold_only
data,nl,B2,1884,Verfahren,rīcība • izturēšanās • paņēmiens • metode • jur. process • lieta,Rīcība • Izturēšanās • Paņēmiens • Metode • Jur. process • Lieta,LV_DIACRITIC,
data,nl,B2,1884,Verfahren,rīcība • izturēšanās • paņēmiens • metode • jur. process • lieta,Rīcība • Izturēšanās • Paņēmiens • Metode • Jur. process • Lieta,MARKER_LEAK,lv_macron_consonant
data,nn,B2,1884,Verfahren,rīcība • izturēšanās • paņēmiens • metode • jur. process • lieta,Tegevus • Käitumine • Võte • Meetod • Jur. protsess • Asi,MARKER_LEAK,et_otilde
data,pt,B2,1884,Verfahren,rīcība • izturēšanās • paņēmiens • metode • jur. process • lieta,Rīcība • Izturēšanās • Paņēmiens • Methode • Jur. processo • Lieta,LV_DIACRITIC,
data,pt,B2,1884,Verfahren,rīcība • izturēšanās • paņēmiens • metode • jur. process • lieta,Rīcība • Izturēšanās • Paņēmiens • Methode • Jur. processo • Lieta,MARKER_LEAK,lv_macron_consonant
data,sl,B2,1884,Verfahren,rīcība • izturēšanās • paņēmiens • metode • jur. process • lieta,rīcība • izturēšanās • paņēmiens • metode • jur. process • lieta,SAME_AS_LV_CASEFOLD,exact
data,sl,B2,1884,Verfahren,rīcība • izturēšanās • paņēmiens • metode • jur. process • lieta,rīcība • izturēšanās • paņēmiens • metode • jur. process • lieta,LV_DIACRITIC,
data,sl,B2,1884,Verfahren,rīcība • izturēšanās • paņēmiens • metode • jur. process • lieta,rīcība • izturēšanās • paņēmiens • metode • jur. process • lieta,MARKER_LEAK,lv_macron_consonant
data,sv,B2,1884,Verfahren,rīcība • izturēšanās • paņēmiens • metode • jur. process • lieta,Tegevus • Käitumine • Võte • Meetod • Jur. protsess • Asi,MARKER_LEAK,et_otilde
data,bg,B2,1884,Verfahren,rīcība • izturēšanās • paņēmiens • metode • jur. process • lieta,Поведение • Поведение • Техника • Метод • Юр. процесс • Дело,FAMILY_COPY_STRICT,bg+hr+mk+ru+sr
data,hr,B2,1884,Verfahren,rīcība • izturēšanās • paņēmiens • metode • jur. process • lieta,Поведение • Поведение • Техника • Метод • Юр. процесс • Дело,FAMILY_COPY_STRICT,bg+hr+mk+ru+sr
data,mk,B2,1884,Verfahren,rīcība • izturēšanās • paņēmiens • metode • jur. process • lieta,Поведение • Поведение • Техника • Метод • Юр. процесс • Дело,FAMILY_COPY_STRICT,bg+hr+mk+ru+sr
data,ru,B2,1884,Verfahren,rīcība • izturēšanās • paņēmiens • metode • jur. process • lieta,Поведение • Поведение • Техника • Метод • Юр. процесс • Дело,FAMILY_COPY_STRICT,bg+hr+mk+ru+sr
data,sr,B2,1884,Verfahren,rīcība • izturēšanās • paņēmiens • metode • jur. process • lieta,Поведение • Поведение • Техника • Метод • Юр. процесс • Дело,FAMILY_COPY_STRICT,bg+hr+mk+ru+sr
data,fi,B2,1884,Verfahren,rīcība • izturēšanās • paņēmiens • metode • jur. process • lieta,Tegevus • Käitumine • Võte • Meetod • Jur. protsess • Asi,FAMILY_COPY_STRICT,fi+is+nb+nn+sv
data,is,B2,1884,Verfahren,rīcība • izturēšanās • paņēmiens • metode • jur. process • lieta,Tegevus • Käitumine • Võte • Meetod • Jur. protsess • Asi,FAMILY_COPY_STRICT,fi+is+nb+nn+sv
data,nb,B2,1884,Verfahren,rīcība • izturēšanās • paņēmiens • metode • jur. process • lieta,Tegevus • Käitumine • Võte • Meetod • Jur. protsess • Asi,FAMILY_COPY_STRICT,fi+is+nb+nn+sv
data,nn,B2,1884,Verfahren,rīcība • izturēšanās • paņēmiens • metode • jur. process • lieta,Tegevus • Käitumine • Võte • Meetod • Jur. protsess • Asi,FAMILY_COPY_STRICT,fi+is+nb+nn+sv
data,sv,B2,1884,Verfahren,rīcība • izturēšanās • paņēmiens • metode • jur. process • lieta,Tegevus • Käitumine • Võte • Meetod • Jur. protsess • Asi,FAMILY_COPY_STRICT,fi+is+nb+nn+sv
data,it,B2,1884,Verfahren,rīcība • izturēšanās • paņēmiens • metode • jur. process • lieta,Rīcība • Izturēšanās • Paņēmiens • Metode • Jur. process • Lieta,FAMILY_COPY_STRICT,it+lb+nl
data,lb,B2,1884,Verfahren,rīcība • izturēšanās • paņēmiens • metode • jur. process • lieta,Rīcība • Izturēšanās • Paņēmiens • Metode • Jur. process • Lieta,FAMILY_COPY_STRICT,it+lb+nl
data,nl,B2,1884,Verfahren,rīcība • izturēšanās • paņēmiens • metode • jur. process • lieta,Rīcība • Izturēšanās • Paņēmiens • Metode • Jur. process • Lieta,FAMILY_COPY_STRICT,it+lb+nl
data,pl,B2,1884,Verfahren,rīcība • izturēšanās • paņēmiens • metode • jur. process • lieta,Zachowanie • Zachowanie • Technika • Metoda • Jur. proces • Sprawa,FAMILY_COPY_STRICT,pl+sk+sq+tr
data,sk,B2,1884,Verfahren,rīcība • izturēšanās • paņēmiens • metode • jur. process • lieta,Zachowanie • Zachowanie • Technika • Metoda • Jur. proces • Sprawa,FAMILY_COPY_STRICT,pl+sk+sq+tr
data,sq,B2,1884,Verfahren,rīcība • izturēšanās • paņēmiens • metode • jur. process • lieta,Zachowanie • Zachowanie • Technika • Metoda • Jur. proces • Sprawa,FAMILY_COPY_STRICT,pl+sk+sq+tr
data,tr,B2,1884,Verfahren,rīcība • izturēšanās • paņēmiens • metode • jur. process • lieta,Zachowanie • Zachowanie • Technika • Metoda • Jur. proces • Sprawa,FAMILY_COPY_STRICT,pl+sk+sq+tr
data,hr,B2,1885,Verfall,sabrukums • panīkums • pagrimums,Крах • Упадок • Упадок,SCRIPT_MISMATCH,
data,hr,B2,1885,Verfall,sabrukums • panīkums • pagrimums,Крах • Упадок • Упадок,MARKER_LEAK,foreign_script
data,it,B2,1885,Verfall,sabrukums • panīkums • pagrimums,Sabrukums • Panīkums • Pagrimums,SAME_AS_LV_CASEFOLD,casefold_only
data,it,B2,1885,Verfall,sabrukums • panīkums • pagrimums,Sabrukums • Panīkums • Pagrimums,LV_DIACRITIC,
data,it,B2,1885,Verfall,sabrukums • panīkums • pagrimums,Sabrukums • Panīkums • Pagrimums,MARKER_LEAK,lv_macron_consonant
data,lb,B2,1885,Verfall,sabrukums • panīkums • pagrimums,Sabrukums • Panīkums • Pagrimums,SAME_AS_LV_CASEFOLD,casefold_only
data,lb,B2,1885,Verfall,sabrukums • panīkums • pagrimums,Sabrukums • Panīkums • Pagrimums,LV_DIACRITIC,
data,lb,B2,1885,Verfall,sabrukums • panīkums • pagrimums,Sabrukums • Panīkums • Pagrimums,MARKER_LEAK,lv_macron_consonant
data,nl,B2,1885,Verfall,sabrukums • panīkums • pagrimums,Sabrukums • Panīkums • Pagrimums,SAME_AS_LV_CASEFOLD,casefold_only
data,nl,B2,1885,Verfall,sabrukums • panīkums • pagrimums,Sabrukums • Panīkums • Pagrimums,LV_DIACRITIC,
data,nl,B2,1885,Verfall,sabrukums • panīkums • pagrimums,Sabrukums • Panīkums • Pagrimums,MARKER_LEAK,lv_macron_consonant
data,pt,B2,1885,Verfall,sabrukums • panīkums • pagrimums,Sabrukums • Panīkums • Pagrimums,SAME_AS_LV_CASEFOLD,casefold_only
data,pt,B2,1885,Verfall,sabrukums • panīkums • pagrimums,Sabrukums • Panīkums • Pagrimums,LV_DIACRITIC,
data,pt,B2,1885,Verfall,sabrukums • panīkums • pagrimums,Sabrukums • Panīkums • Pagrimums,MARKER_LEAK,lv_macron_consonant
data,sl,B2,1885,Verfall,sabrukums • panīkums • pagrimums,sabrukums • panīkums • pagrimums,SAME_AS_LV_CASEFOLD,exact
data,sl,B2,1885,Verfall,sabrukums • panīkums • pagrimums,sabrukums • panīkums • pagrimums,LV_DIACRITIC,
data,sl,B2,1885,Verfall,sabrukums • panīkums • pagrimums,sabrukums • panīkums • pagrimums,MARKER_LEAK,lv_macron_consonant
data,bg,B2,1885,Verfall,sabrukums • panīkums • pagrimums,Крах • Упадок • Упадок,FAMILY_COPY_STRICT,bg+hr+mk+ru+sr
data,hr,B2,1885,Verfall,sabrukums • panīkums • pagrimums,Крах • Упадок • Упадок,FAMILY_COPY_STRICT,bg+hr+mk+ru+sr
data,mk,B2,1885,Verfall,sabrukums • panīkums • pagrimums,Крах • Упадок • Упадок,FAMILY_COPY_STRICT,bg+hr+mk+ru+sr
data,ru,B2,1885,Verfall,sabrukums • panīkums • pagrimums,Крах • Упадок • Упадок,FAMILY_COPY_STRICT,bg+hr+mk+ru+sr
data,sr,B2,1885,Verfall,sabrukums • panīkums • pagrimums,Крах • Упадок • Упадок,FAMILY_COPY_STRICT,bg+hr+mk+ru+sr
data,fi,B2,1885,Verfall,sabrukums • panīkums • pagrimums,Kokkuvarisemine • Allakäik,FAMILY_COPY_STRICT,fi+is+nb+nn+sv
data,is,B2,1885,Verfall,sabrukums • panīkums • pagrimums,Kokkuvarisemine • Allakäik,FAMILY_COPY_STRICT,fi+is+nb+nn+sv
data,nb,B2,1885,Verfall,sabrukums • panīkums • pagrimums,Kokkuvarisemine • Allakäik,FAMILY_COPY_STRICT,fi+is+nb+nn+sv
data,nn,B2,1885,Verfall,sabrukums • panīkums • pagrimums,Kokkuvarisemine • Allakäik,FAMILY_COPY_STRICT,fi+is+nb+nn+sv
data,sv,B2,1885,Verfall,sabrukums • panīkums • pagrimums,Kokkuvarisemine • Allakäik,FAMILY_COPY_STRICT,fi+is+nb+nn+sv
data,it,B2,1885,Verfall,sabrukums • panīkums • pagrimums,Sabrukums • Panīkums • Pagrimums,FAMILY_COPY_STRICT,it+lb+nl+pt
data,lb,B2,1885,Verfall,sabrukums • panīkums • pagrimums,Sabrukums • Panīkums • Pagrimums,FAMILY_COPY_STRICT,it+lb+nl+pt
data,nl,B2,1885,Verfall,sabrukums • panīkums • pagrimums,Sabrukums • Panīkums • Pagrimums,FAMILY_COPY_STRICT,it+lb+nl+pt
data,pt,B2,1885,Verfall,sabrukums • panīkums • pagrimums,Sabrukums • Panīkums • Pagrimums,FAMILY_COPY_STRICT,it+lb+nl+pt
data,pl,B2,1885,Verfall,sabrukums • panīkums • pagrimums,Upadek • Upadek • Upadek,FAMILY_COPY_STRICT,pl+sk+sq+tr
data,sk,B2,1885,Verfall,sabrukums • panīkums • pagrimums,Upadek • Upadek • Upadek,FAMILY_COPY_STRICT,pl+sk+sq+tr
data,sq,B2,1885,Verfall,sabrukums • panīkums • pagrimums,Upadek • Upadek • Upadek,FAMILY_COPY_STRICT,pl+sk+sq+tr
data,tr,B2,1885,Verfall,sabrukums • panīkums • pagrimums,Upadek • Upadek • Upadek,FAMILY_COPY_STRICT,pl+sk+sq+tr
data,hr,B2,1886,verfallen,sabrukt • sagrūt • panīkt • pagrimt,Колапс • Колапс • Пад • Потоне,SCRIPT_MISMATCH,
data,hr,B2,1886,verfallen,sabrukt • sagrūt • panīkt • pagrimt,Колапс • Колапс • Пад • Потоне,MARKER_LEAK,foreign_script
data,it,B2,1886,verfallen,sabrukt • sagrūt • panīkt • pagrimt,Sabrukt • Sagrūt • Panīkt • Pagrimt,SAME_AS_LV_CASEFOLD,casefold_only
data,it,B2,1886,verfallen,sabrukt • sagrūt • panīkt • pagrimt,Sabrukt • Sagrūt • Panīkt • Pagrimt,LV_DIACRITIC,
data,it,B2,1886,verfallen,sabrukt • sagrūt • panīkt • pagrimt,Sabrukt • Sagrūt • Panīkt • Pagrimt,MARKER_LEAK,lv_macron_consonant+lv_u_macron
data,lb,B2,1886,verfallen,sabrukt • sagrūt • panīkt • pagrimt,Sabrukt • Sagrūt • Panīkt • Pagrimt,SAME_AS_LV_CASEFOLD,casefold_only
data,lb,B2,1886,verfallen,sabrukt • sagrūt • panīkt • pagrimt,Sabrukt • Sagrūt • Panīkt • Pagrimt,LV_DIACRITIC,
data,lb,B2,1886,verfallen,sabrukt • sagrūt • panīkt • pagrimt,Sabrukt • Sagrūt • Panīkt • Pagrimt,MARKER_LEAK,lv_macron_consonant+lv_u_macron
data,nl,B2,1886,verfallen,sabrukt • sagrūt • panīkt • pagrimt,Sabrukt • Sagrūt • Panīkt • Pagrimt,SAME_AS_LV_CASEFOLD,casefold_only
data,nl,B2,1886,verfallen,sabrukt • sagrūt • panīkt • pagrimt,Sabrukt • Sagrūt • Panīkt • Pagrimt,LV_DIACRITIC,
data,nl,B2,1886,verfallen,sabrukt • sagrūt • panīkt • pagrimt,Sabrukt • Sagrūt • Panīkt • Pagrimt,MARKER_LEAK,lv_macron_consonant+lv_u_macron
data,pt,B2,1886,verfallen,sabrukt • sagrūt • panīkt • pagrimt,Sabrukt • Sagrūt • Panīkt • Pagrimt,SAME_AS_LV_CASEFOLD,casefold_only
data,pt,B2,1886,verfallen,sabrukt • sagrūt • panīkt • pagrimt,Sabrukt • Sagrūt • Panīkt • Pagrimt,LV_DIACRITIC,
data,pt,B2,1886,verfallen,sabrukt • sagrūt • panīkt • pagrimt,Sabrukt • Sagrūt • Panīkt • Pagrimt,MARKER_LEAK,lv_macron_consonant+lv_u_macron
data,sl,B2,1886,verfallen,sabrukt • sagrūt • panīkt • pagrimt,sabrukt • sagrūt • panīkt • pagrimt,SAME_AS_LV_CASEFOLD,exact
data,sl,B2,1886,verfallen,sabrukt • sagrūt • panīkt • pagrimt,sabrukt • sagrūt • panīkt • pagrimt,LV_DIACRITIC,
data,sl,B2,1886,verfallen,sabrukt • sagrūt • panīkt • pagrimt,sabrukt • sagrūt • panīkt • pagrimt,MARKER_LEAK,lv_macron_consonant+lv_u_macron
data,bg,B2,1886,verfallen,sabrukt • sagrūt • panīkt • pagrimt,Крах • Крах • Упадок • Тонуть,FAMILY_COPY_STRICT,bg+ru
data,ru,B2,1886,verfallen,sabrukt • sagrūt • panīkt • pagrimt,Крах • Крах • Упадок • Тонуть,FAMILY_COPY_STRICT,bg+ru
data,fi,B2,1886,verfallen,sabrukt • sagrūt • panīkt • pagrimt,Kokku varisema • Lagunema • Alla käima,FAMILY_COPY_STRICT,fi+is+nb+nn+sv
data,is,B2,1886,verfallen,sabrukt • sagrūt • panīkt • pagrimt,Kokku varisema • Lagunema • Alla käima,FAMILY_COPY_STRICT,fi+is+nb+nn+sv
data,nb,B2,1886,verfallen,sabrukt • sagrūt • panīkt • pagrimt,Kokku varisema • Lagunema • Alla käima,FAMILY_COPY_STRICT,fi+is+nb+nn+sv
data,nn,B2,1886,verfallen,sabrukt • sagrūt • panīkt • pagrimt,Kokku varisema • Lagunema • Alla käima,FAMILY_COPY_STRICT,fi+is+nb+nn+sv
data,sv,B2,1886,verfallen,sabrukt • sagrūt • panīkt • pagrimt,Kokku varisema • Lagunema • Alla käima,FAMILY_COPY_STRICT,fi+is+nb+nn+sv
data,hr,B2,1886,verfallen,sabrukt • sagrūt • panīkt • pagrimt,Колапс • Колапс • Пад • Потоне,FAMILY_COPY_STRICT,hr+mk+sr
data,mk,B2,1886,verfallen,sabrukt • sagrūt • panīkt • pagrimt,Колапс • Колапс • Пад • Потоне,FAMILY_COPY_STRICT,hr+mk+sr
data,sr,B2,1886,verfallen,sabrukt • sagrūt • panīkt • pagrimt,Колапс • Колапс • Пад • Потоне,FAMILY_COPY_STRICT,hr+mk+sr
data,it,B2,1886,verfallen,sabrukt • sagrūt • panīkt • pagrimt,Sabrukt • Sagrūt • Panīkt • Pagrimt,FAMILY_COPY_STRICT,it+lb+nl+pt
data,lb,B2,1886,verfallen,sabrukt • sagrūt • panīkt • pagrimt,Sabrukt • Sagrūt • Panīkt • Pagrimt,FAMILY_COPY_STRICT,it+lb+nl+pt
data,nl,B2,1886,verfallen,sabrukt • sagrūt • panīkt • pagrimt,Sabrukt • Sagrūt • Panīkt • Pagrimt,FAMILY_COPY_STRICT,it+lb+nl+pt
data,pt,B2,1886,verfallen,sabrukt • sagrūt • panīkt • pagrimt,Sabrukt • Sagrūt • Panīkt • Pagrimt,FAMILY_COPY_STRICT,it+lb+nl+pt
data,pl,B2,1886,verfallen,sabrukt • sagrūt • panīkt • pagrimt,Upadek • Upadek • Upadek • Upadek,FAMILY_COPY_STRICT,pl+sk+sq+tr
data,sk,B2,1886,verfallen,sabrukt • sagrūt • panīkt • pagrimt,Upadek • Upadek • Upadek • Upadek,FAMILY_COPY_STRICT,pl+sk+sq+tr
data,sq,B2,1886,verfallen,sabrukt • sagrūt • panīkt • pagrimt,Upadek • Upadek • Upadek • Upadek,FAMILY_COPY_STRICT,pl+sk+sq+tr
data,tr,B2,1886,verfallen,sabrukt • sagrūt • panīkt • pagrimt,Upadek • Upadek • Upadek • Upadek,FAMILY_COPY_STRICT,pl+sk+sq+tr
data,hr,B2,1887,Verfasser,sacerētājs • autors,Композитор • Автор,SCRIPT_MISMATCH,
data,hr,B2,1887,Verfasser,sacerētājs • autors,Композитор • Автор,MARKER_LEAK,foreign_script
data,it,B2,1887,Verfasser,sacerētājs • autors,Sacerētājs • Autors,SAME_AS_LV_CASEFOLD,casefold_only
data,it,B2,1887,Verfasser,sacerētājs • autors,Sacerētājs • Autors,LV_DIACRITIC,
data,it,B2,1887,Verfasser,sacerētājs • autors,Sacerētājs • Autors,MARKER_LEAK,lv_macron_consonant
data,lb,B2,1887,Verfasser,sacerētājs • autors,Sacerētājs • Autors,SAME_AS_LV_CASEFOLD,casefold_only
data,lb,B2,1887,Verfasser,sacerētājs • autors,Sacerētājs • Autors,LV_DIACRITIC,
data,lb,B2,1887,Verfasser,sacerētājs • autors,Sacerētājs • Autors,MARKER_LEAK,lv_macron_consonant
data,nl,B2,1887,Verfasser,sacerētājs • autors,Sacerētājs • Autors,SAME_AS_LV_CASEFOLD,casefold_only
data,nl,B2,1887,Verfasser,sacerētājs • autors,Sacerētājs • Autors,LV_DIACRITIC,
data,nl,B2,1887,Verfasser,sacerētājs • autors,Sacerētājs • Autors,MARKER_LEAK,lv_macron_consonant
data,pt,B2,1887,Verfasser,sacerētājs • autors,Sacerētājs • Autores,LV_DIACRITIC,
data,pt,B2,1887,Verfasser,sacerētājs • autors,Sacerētājs • Autores,MARKER_LEAK,lv_macron_consonant
data,sl,B2,1887,Verfasser,sacerētājs • autors,sacerētājs • autors,SAME_AS_LV_CASEFOLD,exact
data,sl,B2,1887,Verfasser,sacerētājs • autors,sacerētājs • autors,LV_DIACRITIC,
data,sl,B2,1887,Verfasser,sacerētājs • autors,sacerētājs • autors,MARKER_LEAK,lv_macron_consonant
data,uk,B2,1887,Verfasser,sacerētājs • autors,композитор • autors,SCRIPT_MISMATCH,
data,uk,B2,1887,Verfasser,sacerētājs • autors,композитор • autors,MARKER_LEAK,latin_in_cyrillic
data,bg,B2,1887,Verfasser,sacerētājs • autors,Композитор • Автор,FAMILY_COPY_STRICT,bg+hr+mk+ru+sr
data,hr,B2,1887,Verfasser,sacerētājs • autors,Композитор • Автор,FAMILY_COPY_STRICT,bg+hr+mk+ru+sr
data,mk,B2,1887,Verfasser,sacerētājs • autors,Композитор • Автор,FAMILY_COPY_STRICT,bg+hr+mk+ru+sr
data,ru,B2,1887,Verfasser,sacerētājs • autors,Композитор • Автор,FAMILY_COPY_STRICT,bg+hr+mk+ru+sr
data,sr,B2,1887,Verfasser,sacerētājs • autors,Композитор • Автор,FAMILY_COPY_STRICT,bg+hr+mk+ru+sr
data,fi,B2,1887,Verfasser,sacerētājs • autors,Koostaja • Autor,FAMILY_COPY_STRICT,fi+is+nb+nn+sv
data,is,B2,1887,Verfasser,sacerētājs • autors,Koostaja • Autor,FAMILY_COPY_STRICT,fi+is+nb+nn+sv
data,nb,B2,1887,Verfasser,sacerētājs • autors,Koostaja • Autor,FAMILY_COPY_STRICT,fi+is+nb+nn+sv
data,nn,B2,1887,Verfasser,sacerētājs • autors,Koostaja • Autor,FAMILY_COPY_STRICT,fi+is+nb+nn+sv
data,sv,B2,1887,Verfasser,sacerētājs • autors,Koostaja • Autor,FAMILY_COPY_STRICT,fi+is+nb+nn+sv
data,it,B2,1887,Verfasser,sacerētājs • autors,Sacerētājs • Autors,FAMILY_COPY_STRICT,it+lb+nl
data,lb,B2,1887,Verfasser,sacerētājs • autors,Sacerētājs • Autors,FAMILY_COPY_STRICT,it+lb+nl
data,nl,B2,1887,Verfasser,sacerētājs • autors,Sacerētājs • Autors,FAMILY_COPY_STRICT,it+lb+nl
data,pl,B2,1887,Verfasser,sacerētājs • autors,Kompozytor • Autor,FAMILY_COPY_STRICT,pl+sk+sq+tr
data,sk,B2,1887,Verfasser,sacerētājs • autors,Kompozytor • Autor,FAMILY_COPY_STRICT,pl+sk+sq+tr
data,sq,B2,1887,Verfasser,sacerētājs • autors,Kompozytor • Autor,FAMILY_COPY_STRICT,pl+sk+sq+tr
data,tr,B2,1887,Verfasser,sacerētājs • autors,Kompozytor • Autor,FAMILY_COPY_STRICT,pl+sk+sq+tr
data,hr,B2,1888,verfügen,noteikt • pavēlēt • norīkot,Определить • Приказать • Назначить,SCRIPT_MISMATCH,
data,hr,B2,1888,verfügen,noteikt • pavēlēt • norīkot,Определить • Приказать • Назначить,MARKER_LEAK,foreign_script
data,it,B2,1888,verfügen,noteikt • pavēlēt • norīkot,Noteikt • Pavēlēt • Norīkot,SAME_AS_LV_CASEFOLD,casefold_only
data,it,B2,1888,verfügen,noteikt • pavēlēt • norīkot,Noteikt • Pavēlēt • Norīkot,LV_DIACRITIC,
data,it,B2,1888,verfügen,noteikt • pavēlēt • norīkot,Noteikt • Pavēlēt • Norīkot,MARKER_LEAK,lv_macron_consonant
data,lb,B2,1888,verfügen,noteikt • pavēlēt • norīkot,Noteikt • Pavēlēt • Norīkot,SAME_AS_LV_CASEFOLD,casefold_only
data,lb,B2,1888,verfügen,noteikt • pavēlēt • norīkot,Noteikt • Pavēlēt • Norīkot,LV_DIACRITIC,
data,lb,B2,1888,verfügen,noteikt • pavēlēt • norīkot,Noteikt • Pavēlēt • Norīkot,MARKER_LEAK,lv_macron_consonant
data,nl,B2,1888,verfügen,noteikt • pavēlēt • norīkot,Noteikt • Pavēlēt • Norīkot,SAME_AS_LV_CASEFOLD,casefold_only
data,nl,B2,1888,verfügen,noteikt • pavēlēt • norīkot,Noteikt • Pavēlēt • Norīkot,LV_DIACRITIC,
data,nl,B2,1888,verfügen,noteikt • pavēlēt • norīkot,Noteikt • Pavēlēt • Norīkot,MARKER_LEAK,lv_macron_consonant
data,pt,B2,1888,verfügen,noteikt • pavēlēt • norīkot,Nota • Pavēlēt • Norīkot,LV_DIACRITIC,
data,pt,B2,1888,verfügen,noteikt • pavēlēt • norīkot,Nota • Pavēlēt • Norīkot,MARKER_LEAK,lv_macron_consonant
data,sk,B2,1888,verfügen,noteikt • pavēlēt • norīkot,Określić • Polecenie • Przypisać,MARKER_LEAK,pl_l_s_z
data,sl,B2,1888,verfügen,noteikt • pavēlēt • norīkot,noteikt • pavēlēt • norīkot,SAME_AS_LV_CASEFOLD,exact
data,sl,B2,1888,verfügen,noteikt • pavēlēt • norīkot,noteikt • pavēlēt • norīkot,LV_DIACRITIC,
data,sl,B2,1888,verfügen,noteikt • pavēlēt • norīkot,noteikt • pavēlēt • norīkot,MARKER_LEAK,lv_macron_consonant
data,bg,B2,1888,verfügen,noteikt • pavēlēt • norīkot,Определить • Приказать • Назначить,FAMILY_COPY_STRICT,bg+hr+mk+ru+sr
data,hr,B2,1888,verfügen,noteikt • pavēlēt • norīkot,Определить • Приказать • Назначить,FAMILY_COPY_STRICT,bg+hr+mk+ru+sr
data,mk,B2,1888,verfügen,noteikt • pavēlēt • norīkot,Определить • Приказать • Назначить,FAMILY_COPY_STRICT,bg+hr+mk+ru+sr
data,ru,B2,1888,verfügen,noteikt • pavēlēt • norīkot,Определить • Приказать • Назначить,FAMILY_COPY_STRICT,bg+hr+mk+ru+sr
data,sr,B2,1888,verfügen,noteikt • pavēlēt • norīkot,Определить • Приказать • Назначить,FAMILY_COPY_STRICT,bg+hr+mk+ru+sr
data,fi,B2,1888,verfügen,noteikt • pavēlēt • norīkot,Kindlaks määrama • Käskima • Määrama,FAMILY_COPY_STRICT,fi+is+nb+nn+sv
data,is,B2,1888,verfügen,noteikt • pavēlēt • norīkot,Kindlaks määrama • Käskima • Määrama,FAMILY_COPY_STRICT,fi+is+nb+nn+sv
data,nb,B2,1888,verfügen,noteikt • pavēlēt • norīkot,Kindlaks määrama • Käskima • Määrama,FAMILY_COPY_STRICT,fi+is+nb+nn+sv
data,nn,B2,1888,verfügen,noteikt • pavēlēt • norīkot,Kindlaks määrama • Käskima • Määrama,FAMILY_COPY_STRICT,fi+is+nb+nn+sv
data,sv,B2,1888,verfügen,noteikt • pavēlēt • norīkot,Kindlaks määrama • Käskima • Määrama,FAMILY_COPY_STRICT,fi+is+nb+nn+sv
data,it,B2,1888,verfügen,noteikt • pavēlēt • norīkot,Noteikt • Pavēlēt • Norīkot,FAMILY_COPY_STRICT,it+lb+nl
data,lb,B2,1888,verfügen,noteikt • pavēlēt • norīkot,Noteikt • Pavēlēt • Norīkot,FAMILY_COPY_STRICT,it+lb+nl
data,nl,B2,1888,verfügen,noteikt • pavēlēt • norīkot,Noteikt • Pavēlēt • Norīkot,FAMILY_COPY_STRICT,it+lb+nl
data,pl,B2,1888,verfügen,noteikt • pavēlēt • norīkot,Określić • Polecenie • Przypisać,FAMILY_COPY_STRICT,pl+sk
data,sk,B2,1888,verfügen,noteikt • pavēlēt • norīkot,Określić • Polecenie • Przypisać,FAMILY_COPY_STRICT,pl+sk
data,sq,B2,1888,verfügen,noteikt • pavēlēt • norīkot,Belirleyin • Komut • Ata,FAMILY_COPY_STRICT,sq+tr
data,tr,B2,1888,verfügen,noteikt • pavēlēt • norīkot,Belirleyin • Komut • Ata,FAMILY_COPY_STRICT,sq+tr
data,hr,B2,1889,Verfügung,rīkojums,Ред,SCRIPT_MISMATCH,
data,hr,B2,1889,Verfügung,rīkojums,Ред,MARKER_LEAK,foreign_script
data,it,B2,1889,Verfügung,rīkojums,Rīkojums,SAME_AS_LV_CASEFOLD,casefold_only
data,it,B2,1889,Verfügung,rīkojums,Rīkojums,LV_DIACRITIC,
data,it,B2,1889,Verfügung,rīkojums,Rīkojums,MARKER_LEAK,lv_macron_consonant
data,lb,B2,1889,Verfügung,rīkojums,Rīkojums,SAME_AS_LV_CASEFOLD,casefold_only
data,lb,B2,1889,Verfügung,rīkojums,Rīkojums,LV_DIACRITIC,
data,lb,B2,1889,Verfügung,rīkojums,Rīkojums,MARKER_LEAK,lv_macron_consonant
data,nl,B2,1889,Verfügung,rīkojums,Rīkojums,SAME_AS_LV_CASEFOLD,casefold_only
data,nl,B2,1889,Verfügung,rīkojums,Rīkojums,LV_DIACRITIC,
data,nl,B2,1889,Verfügung,rīkojums,Rīkojums,MARKER_LEAK,lv_macron_consonant
data,sl,B2,1889,Verfügung,rīkojums,rīkojums,SAME_AS_LV_CASEFOLD,exact
data,sl,B2,1889,Verfügung,rīkojums,rīkojums,LV_DIACRITIC,
data,sl,B2,1889,Verfügung,rīkojums,rīkojums,MARKER_LEAK,lv_macron_consonant
data,bg,B2,1889,Verfügung,rīkojums,Ред,FAMILY_COPY_STRICT,bg+hr+mk+sr
data,hr,B2,1889,Verfügung,rīkojums,Ред,FAMILY_COPY_STRICT,bg+hr+mk+sr
data,mk,B2,1889,Verfügung,rīkojums,Ред,FAMILY_COPY_STRICT,bg+hr+mk+sr
data,sr,B2,1889,Verfügung,rīkojums,Ред,FAMILY_COPY_STRICT,bg+hr+mk+sr
data,fi,B2,1889,Verfügung,rīkojums,Korraldus,FAMILY_COPY_STRICT,fi+is+nb+nn+sv
data,is,B2,1889,Verfügung,rīkojums,Korraldus,FAMILY_COPY_STRICT,fi+is+nb+nn+sv
data,nb,B2,1889,Verfügung,rīkojums,Korraldus,FAMILY_COPY_STRICT,fi+is+nb+nn+sv
data,nn,B2,1889,Verfügung,rīkojums,Korraldus,FAMILY_COPY_STRICT,fi+is+nb+nn+sv
data,sv,B2,1889,Verfügung,rīkojums,Korraldus,FAMILY_COPY_STRICT,fi+is+nb+nn+sv
data,it,B2,1889,Verfügung,rīkojums,Rīkojums,FAMILY_COPY_STRICT,it+lb+nl
data,lb,B2,1889,Verfügung,rīkojums,Rīkojums,FAMILY_COPY_STRICT,it+lb+nl
data,nl,B2,1889,Verfügung,rīkojums,Rīkojums,FAMILY_COPY_STRICT,it+lb+nl
data,sq,B2,1889,Verfügung,rīkojums,Emir,FAMILY_COPY_STRICT,sq+tr
data,tr,B2,1889,Verfügung,rīkojums,Emir,FAMILY_COPY_STRICT,sq+tr
data,fi,B2,1890,verführen,pavedināt • pavest,Ahvatlema • Võrgutama,MARKER_LEAK,et_otilde
data,hr,B2,1890,verführen,pavedināt • pavest,Соблазнять • Соблазнять,SCRIPT_MISMATCH,
data,hr,B2,1890,verführen,pavedināt • pavest,Соблазнять • Соблазнять,MARKER_LEAK,foreign_script
data,is,B2,1890,verführen,pavedināt • pavest,Ahvatlema • Võrgutama,MARKER_LEAK,et_otilde
data,nb,B2,1890,verführen,pavedināt • pavest,Ahvatlema • Võrgutama,MARKER_LEAK,et_otilde
data,nn,B2,1890,verführen,pavedināt • pavest,Ahvatlema • Võrgutama,MARKER_LEAK,et_otilde
data,sl,B2,1890,verführen,pavedināt • pavest,pavedināt • pavest,SAME_AS_LV_CASEFOLD,exact
data,sl,B2,1890,verführen,pavedināt • pavest,pavedināt • pavest,LV_DIACRITIC,
data,sl,B2,1890,verführen,pavedināt • pavest,pavedināt • pavest,MARKER_LEAK,lv_macron_consonant
data,sv,B2,1890,verführen,pavedināt • pavest,Ahvatlema • Võrgutama,MARKER_LEAK,et_otilde
data,bg,B2,1890,verführen,pavedināt • pavest,Соблазнять • Соблазнять,FAMILY_COPY_STRICT,bg+hr+mk+ru+sr
data,hr,B2,1890,verführen,pavedināt • pavest,Соблазнять • Соблазнять,FAMILY_COPY_STRICT,bg+hr+mk+ru+sr
data,mk,B2,1890,verführen,pavedināt • pavest,Соблазнять • Соблазнять,FAMILY_COPY_STRICT,bg+hr+mk+ru+sr
data,ru,B2,1890,verführen,pavedināt • pavest,Соблазнять • Соблазнять,FAMILY_COPY_STRICT,bg+hr+mk+ru+sr
data,sr,B2,1890,verführen,pavedināt • pavest,Соблазнять • Соблазнять,FAMILY_COPY_STRICT,bg+hr+mk+ru+sr
data,fi,B2,1890,verführen,pavedināt • pavest,Ahvatlema • Võrgutama,FAMILY_COPY_STRICT,fi+is+nb+nn+sv
data,is,B2,1890,verführen,pavedināt • pavest,Ahvatlema • Võrgutama,FAMILY_COPY_STRICT,fi+is+nb+nn+sv
data,nb,B2,1890,verführen,pavedināt • pavest,Ahvatlema • Võrgutama,FAMILY_COPY_STRICT,fi+is+nb+nn+sv
data,nn,B2,1890,verführen,pavedināt • pavest,Ahvatlema • Võrgutama,FAMILY_COPY_STRICT,fi+is+nb+nn+sv
data,sv,B2,1890,verführen,pavedināt • pavest,Ahvatlema • Võrgutama,FAMILY_COPY_STRICT,fi+is+nb+nn+sv
data,it,B2,1890,verführen,pavedināt • pavest,Verleiden • Verleiden,FAMILY_COPY_STRICT,it+lb+nl
data,lb,B2,1890,verführen,pavedināt • pavest,Verleiden • Verleiden,FAMILY_COPY_STRICT,it+lb+nl
data,nl,B2,1890,verführen,pavedināt • pavest,Verleiden • Verleiden,FAMILY_COPY_STRICT,it+lb+nl
data,pl,B2,1890,verführen,pavedināt • pavest,Uwodzić • Uwodzić,FAMILY_COPY_STRICT,pl+sk+sq+tr
data,sk,B2,1890,verführen,pavedināt • pavest,Uwodzić • Uwodzić,FAMILY_COPY_STRICT,pl+sk+sq+tr
data,sq,B2,1890,verführen,pavedināt • pavest,Uwodzić • Uwodzić,FAMILY_COPY_STRICT,pl+sk+sq+tr
data,tr,B2,1890,verführen,pavedināt • pavest,Uwodzić • Uwodzić,FAMILY_COPY_STRICT,pl+sk+sq+tr
data,hr,B2,1891,vergeblich,velts • veltīgs,Тщетно • Тщеславно,SCRIPT_MISMATCH,
data,hr,B2,1891,vergeblich,velts • veltīgs,Тщетно • Тщеславно,MARKER_LEAK,foreign_script
data,it,B2,1891,vergeblich,velts • veltīgs,Velts • Veltīgs,SAME_AS_LV_CASEFOLD,casefold_only
data,it,B2,1891,vergeblich,velts • veltīgs,Velts • Veltīgs,LV_DIACRITIC,
data,it,B2,1891,vergeblich,velts • veltīgs,Velts • Veltīgs,MARKER_LEAK,lv_macron_consonant
data,lb,B2,1891,vergeblich,velts • veltīgs,Velts • Veltīgs,SAME_AS_LV_CASEFOLD,casefold_only
data,lb,B2,1891,vergeblich,velts • veltīgs,Velts • Veltīgs,LV_DIACRITIC,
data,lb,B2,1891,vergeblich,velts • veltīgs,Velts • Veltīgs,MARKER_LEAK,lv_macron_consonant
data,nl,B2,1891,vergeblich,velts • veltīgs,Velts • Veltīgs,SAME_AS_LV_CASEFOLD,casefold_only
data,nl,B2,1891,vergeblich,velts • veltīgs,Velts • Veltīgs,LV_DIACRITIC,
data,nl,B2,1891,vergeblich,velts • veltīgs,Velts • Veltīgs,MARKER_LEAK,lv_macron_consonant
data,pt,B2,1891,vergeblich,velts • veltīgs,Velts • Veltīgs,SAME_AS_LV_CASEFOLD,casefold_only
data,pt,B2,1891,vergeblich,velts • veltīgs,Velts • Veltīgs,LV_DIACRITIC,
data,pt,B2,1891,vergeblich,velts • veltīgs,Velts • Veltīgs,MARKER_LEAK,lv_macron_consonant
data,sk,B2,1891,vergeblich,velts • veltīgs,Próżny • Próżny,MARKER_LEAK,pl_l_s_z
data,sl,B2,1891,vergeblich,velts • veltīgs,velts • veltīgs,SAME_AS_LV_CASEFOLD,exact
data,sl,B2,1891,vergeblich,velts • veltīgs,velts • veltīgs,LV_DIACRITIC,
data,sl,B2,1891,vergeblich,velts • veltīgs,velts • veltīgs,MARKER_LEAK,lv_macron_consonant
data,bg,B2,1891,vergeblich,velts • veltīgs,Тщетно • Тщеславно,FAMILY_COPY_STRICT,bg+hr+mk+ru+sr
data,hr,B2,1891,vergeblich,velts • veltīgs,Тщетно • Тщеславно,FAMILY_COPY_STRICT,bg+hr+mk+ru+sr
data,mk,B2,1891,vergeblich,velts • veltīgs,Тщетно • Тщеславно,FAMILY_COPY_STRICT,bg+hr+mk+ru+sr
data,ru,B2,1891,vergeblich,velts • veltīgs,Тщетно • Тщеславно,FAMILY_COPY_STRICT,bg+hr+mk+ru+sr
data,sr,B2,1891,vergeblich,velts • veltīgs,Тщетно • Тщеславно,FAMILY_COPY_STRICT,bg+hr+mk+ru+sr
data,da,B2,1891,vergeblich,velts • veltīgs,Vain • Vain,FAMILY_COPY_STRICT,da+fr
data,fr,B2,1891,vergeblich,velts • veltīgs,Vain • Vain,FAMILY_COPY_STRICT,da+fr
data,fi,B2,1891,vergeblich,velts • veltīgs,Asjatu,FAMILY_COPY_STRICT,fi+is+nb+nn+sv
data,is,B2,1891,vergeblich,velts • veltīgs,Asjatu,FAMILY_COPY_STRICT,fi+is+nb+nn+sv
data,nb,B2,1891,vergeblich,velts • veltīgs,Asjatu,FAMILY_COPY_STRICT,fi+is+nb+nn+sv
data,nn,B2,1891,vergeblich,velts • veltīgs,Asjatu,FAMILY_COPY_STRICT,fi+is+nb+nn+sv
data,sv,B2,1891,vergeblich,velts • veltīgs,Asjatu,FAMILY_COPY_STRICT,fi+is+nb+nn+sv
data,it,B2,1891,vergeblich,velts • veltīgs,Velts • Veltīgs,FAMILY_COPY_STRICT,it+lb+nl+pt
data,lb,B2,1891,vergeblich,velts • veltīgs,Velts • Veltīgs,FAMILY_COPY_STRICT,it+lb+nl+pt
data,nl,B2,1891,vergeblich,velts • veltīgs,Velts • Veltīgs,FAMILY_COPY_STRICT,it+lb+nl+pt
data,pt,B2,1891,vergeblich,velts • veltīgs,Velts • Veltīgs,FAMILY_COPY_STRICT,it+lb+nl+pt
data,pl,B2,1891,vergeblich,velts • veltīgs,Próżny • Próżny,FAMILY_COPY_STRICT,pl+sk
data,sk,B2,1891,vergeblich,velts • veltīgs,Próżny • Próżny,FAMILY_COPY_STRICT,pl+sk
data,sq,B2,1891,vergeblich,velts • veltīgs,Boşuna • Boşuna,FAMILY_COPY_STRICT,sq+tr
data,tr,B2,1891,vergeblich,velts • veltīgs,Boşuna • Boşuna,FAMILY_COPY_STRICT,sq+tr
data,hr,B2,1892,Vergehen,pārkāpums,Нарушение,SCRIPT_MISMATCH,
data,hr,B2,1892,Vergehen,pārkāpums,Нарушение,MARKER_LEAK,foreign_script
data,it,B2,1892,Vergehen,pārkāpums,Pārkāpums,SAME_AS_LV_CASEFOLD,casefold_only
data,it,B2,1892,Vergehen,pārkāpums,Pārkāpums,LV_DIACRITIC,
data,it,B2,1892,Vergehen,pārkāpums,Pārkāpums,MARKER_LEAK,lv_macron_consonant
data,lb,B2,1892,Vergehen,pārkāpums,Pārkāpums,SAME_AS_LV_CASEFOLD,casefold_only
data,lb,B2,1892,Vergehen,pārkāpums,Pārkāpums,LV_DIACRITIC,
data,lb,B2,1892,Vergehen,pārkāpums,Pārkāpums,MARKER_LEAK,lv_macron_consonant
data,nl,B2,1892,Vergehen,pārkāpums,Pārkāpums,SAME_AS_LV_CASEFOLD,casefold_only
data,nl,B2,1892,Vergehen,pārkāpums,Pārkāpums,LV_DIACRITIC,
data,nl,B2,1892,Vergehen,pārkāpums,Pārkāpums,MARKER_LEAK,lv_macron_consonant
data,sl,B2,1892,Vergehen,pārkāpums,pārkāpums,SAME_AS_LV_CASEFOLD,exact
data,sl,B2,1892,Vergehen,pārkāpums,pārkāpums,LV_DIACRITIC,
data,sl,B2,1892,Vergehen,pārkāpums,pārkāpums,MARKER_LEAK,lv_macron_consonant
data,bg,B2,1892,Vergehen,pārkāpums,Нарушение,FAMILY_COPY_STRICT,bg+hr+mk+ru+sr
data,hr,B2,1892,Vergehen,pārkāpums,Нарушение,FAMILY_COPY_STRICT,bg+hr+mk+ru+sr
data,mk,B2,1892,Vergehen,pārkāpums,Нарушение,FAMILY_COPY_STRICT,bg+hr+mk+ru+sr
data,ru,B2,1892,Vergehen,pārkāpums,Нарушение,FAMILY_COPY_STRICT,bg+hr+mk+ru+sr
data,sr,B2,1892,Vergehen,pārkāpums,Нарушение,FAMILY_COPY_STRICT,bg+hr+mk+ru+sr
data,en,B2,1892,Vergehen,pārkāpums,Violation,FAMILY_COPY_STRICT,en+fr
data,fr,B2,1892,Vergehen,pārkāpums,Violation,FAMILY_COPY_STRICT,en+fr
data,fi,B2,1892,Vergehen,pārkāpums,Rikkumine,FAMILY_COPY_STRICT,fi+is+nb+nn+sv
data,is,B2,1892,Vergehen,pārkāpums,Rikkumine,FAMILY_COPY_STRICT,fi+is+nb+nn+sv
data,nb,B2,1892,Vergehen,pārkāpums,Rikkumine,FAMILY_COPY_STRICT,fi+is+nb+nn+sv
data,nn,B2,1892,Vergehen,pārkāpums,Rikkumine,FAMILY_COPY_STRICT,fi+is+nb+nn+sv
data,sv,B2,1892,Vergehen,pārkāpums,Rikkumine,FAMILY_COPY_STRICT,fi+is+nb+nn+sv
data,it,B2,1892,Vergehen,pārkāpums,Pārkāpums,FAMILY_COPY_STRICT,it+lb+nl
data,lb,B2,1892,Vergehen,pārkāpums,Pārkāpums,FAMILY_COPY_STRICT,it+lb+nl
data,nl,B2,1892,Vergehen,pārkāpums,Pārkāpums,FAMILY_COPY_STRICT,it+lb+nl
data,pl,B2,1892,Vergehen,pārkāpums,Naruszenie,FAMILY_COPY_STRICT,pl+sk+sq+tr
data,sk,B2,1892,Vergehen,pārkāpums,Naruszenie,FAMILY_COPY_STRICT,pl+sk+sq+tr
data,sq,B2,1892,Vergehen,pārkāpums,Naruszenie,FAMILY_COPY_STRICT,pl+sk+sq+tr
data,tr,B2,1892,Vergehen,pārkāpums,Naruszenie,FAMILY_COPY_STRICT,pl+sk+sq+tr
data,hr,B2,1893,vergeuden,izšķiest • izšķērdēt,Растратить • Растратить,SCRIPT_MISMATCH,
data,hr,B2,1893,vergeuden,izšķiest • izšķērdēt,Растратить • Растратить,MARKER_LEAK,foreign_script
data,it,B2,1893,vergeuden,izšķiest • izšķērdēt,Izšķiest • Izšķērdēt,SAME_AS_LV_CASEFOLD,casefold_only
data,it,B2,1893,vergeuden,izšķiest • izšķērdēt,Izšķiest • Izšķērdēt,LV_DIACRITIC,
data,it,B2,1893,vergeuden,izšķiest • izšķērdēt,Izšķiest • Izšķērdēt,MARKER_LEAK,lv_macron_consonant
data,lb,B2,1893,vergeuden,izšķiest • izšķērdēt,Izšķiest • Izšķērdēt,SAME_AS_LV_CASEFOLD,casefold_only
data,lb,B2,1893,vergeuden,izšķiest • izšķērdēt,Izšķiest • Izšķērdēt,LV_DIACRITIC,
data,lb,B2,1893,vergeuden,izšķiest • izšķērdēt,Izšķiest • Izšķērdēt,MARKER_LEAK,lv_macron_consonant
data,nl,B2,1893,vergeuden,izšķiest • izšķērdēt,Izšķiest • Izšķērdēt,SAME_AS_LV_CASEFOLD,casefold_only
data,nl,B2,1893,vergeuden,izšķiest • izšķērdēt,Izšķiest • Izšķērdēt,LV_DIACRITIC,
data,nl,B2,1893,vergeuden,izšķiest • izšķērdēt,Izšķiest • Izšķērdēt,MARKER_LEAK,lv_macron_consonant
data,pt,B2,1893,vergeuden,izšķiest • izšķērdēt,Izšķiest • Izšķērdēt,SAME_AS_LV_CASEFOLD,casefold_only
data,pt,B2,1893,vergeuden,izšķiest • izšķērdēt,Izšķiest • Izšķērdēt,LV_DIACRITIC,
data,pt,B2,1893,vergeuden,izšķiest • izšķērdēt,Izšķiest • Izšķērdēt,MARKER_LEAK,lv_macron_consonant
data,sl,B2,1893,vergeuden,izšķiest • izšķērdēt,izšķiest • izšķērdēt,SAME_AS_LV_CASEFOLD,exact
data,sl,B2,1893,vergeuden,izšķiest • izšķērdēt,izšķiest • izšķērdēt,LV_DIACRITIC,
data,sl,B2,1893,vergeuden,izšķiest • izšķērdēt,izšķiest • izšķērdēt,MARKER_LEAK,lv_macron_consonant
data,sq,B2,1893,vergeuden,izšķiest • izšķērdēt,Atık • Atık,MARKER_LEAK,tr_soft
data,bg,B2,1893,vergeuden,izšķiest • izšķērdēt,Растратить • Растратить,FAMILY_COPY_STRICT,bg+hr+mk+ru+sr
data,hr,B2,1893,vergeuden,izšķiest • izšķērdēt,Растратить • Растратить,FAMILY_COPY_STRICT,bg+hr+mk+ru+sr
data,mk,B2,1893,vergeuden,izšķiest • izšķērdēt,Растратить • Растратить,FAMILY_COPY_STRICT,bg+hr+mk+ru+sr
data,ru,B2,1893,vergeuden,izšķiest • izšķērdēt,Растратить • Растратить,FAMILY_COPY_STRICT,bg+hr+mk+ru+sr
data,sr,B2,1893,vergeuden,izšķiest • izšķērdēt,Растратить • Растратить,FAMILY_COPY_STRICT,bg+hr+mk+ru+sr
data,fi,B2,1893,vergeuden,izšķiest • izšķērdēt,Raiskama,FAMILY_COPY_STRICT,fi+is+nb+nn+sv
data,is,B2,1893,vergeuden,izšķiest • izšķērdēt,Raiskama,FAMILY_COPY_STRICT,fi+is+nb+nn+sv
data,nb,B2,1893,vergeuden,izšķiest • izšķērdēt,Raiskama,FAMILY_COPY_STRICT,fi+is+nb+nn+sv
data,nn,B2,1893,vergeuden,izšķiest • izšķērdēt,Raiskama,FAMILY_COPY_STRICT,fi+is+nb+nn+sv
data,sv,B2,1893,vergeuden,izšķiest • izšķērdēt,Raiskama,FAMILY_COPY_STRICT,fi+is+nb+nn+sv
data,it,B2,1893,vergeuden,izšķiest • izšķērdēt,Izšķiest • Izšķērdēt,FAMILY_COPY_STRICT,it+lb+nl+pt
data,lb,B2,1893,vergeuden,izšķiest • izšķērdēt,Izšķiest • Izšķērdēt,FAMILY_COPY_STRICT,it+lb+nl+pt
data,nl,B2,1893,vergeuden,izšķiest • izšķērdēt,Izšķiest • Izšķērdēt,FAMILY_COPY_STRICT,it+lb+nl+pt
data,pt,B2,1893,vergeuden,izšķiest • izšķērdēt,Izšķiest • Izšķērdēt,FAMILY_COPY_STRICT,it+lb+nl+pt
data,pl,B2,1893,vergeuden,izšķiest • izšķērdēt,Marnować • Marnować,FAMILY_COPY_STRICT,pl+sk
data,sk,B2,1893,vergeuden,izšķiest • izšķērdēt,Marnować • Marnować,FAMILY_COPY_STRICT,pl+sk
data,sq,B2,1893,vergeuden,izšķiest • izšķērdēt,Atık • Atık,FAMILY_COPY_STRICT,sq+tr
data,tr,B2,1893,vergeuden,izšķiest • izšķērdēt,Atık • Atık,FAMILY_COPY_STRICT,sq+tr
data,hr,B2,1894,vergiften,saindēt • noindēt,Отравить • Отравить,SCRIPT_MISMATCH,
data,hr,B2,1894,vergiften,saindēt • noindēt,Отравить • Отравить,MARKER_LEAK,foreign_script
data,it,B2,1894,vergiften,saindēt • noindēt,Saindēt • Noindēt,SAME_AS_LV_CASEFOLD,casefold_only
data,it,B2,1894,vergiften,saindēt • noindēt,Saindēt • Noindēt,LV_DIACRITIC,
data,it,B2,1894,vergiften,saindēt • noindēt,Saindēt • Noindēt,MARKER_LEAK,lv_macron_consonant
data,lb,B2,1894,vergiften,saindēt • noindēt,Saindēt • Noindēt,SAME_AS_LV_CASEFOLD,casefold_only
data,lb,B2,1894,vergiften,saindēt • noindēt,Saindēt • Noindēt,LV_DIACRITIC,
data,lb,B2,1894,vergiften,saindēt • noindēt,Saindēt • Noindēt,MARKER_LEAK,lv_macron_consonant
data,nl,B2,1894,vergiften,saindēt • noindēt,Saindēt • Noindēt,SAME_AS_LV_CASEFOLD,casefold_only
data,nl,B2,1894,vergiften,saindēt • noindēt,Saindēt • Noindēt,LV_DIACRITIC,
data,nl,B2,1894,vergiften,saindēt • noindēt,Saindēt • Noindēt,MARKER_LEAK,lv_macron_consonant
data,pt,B2,1894,vergiften,saindēt • noindēt,Saindēt • Noindēt,SAME_AS_LV_CASEFOLD,casefold_only
data,pt,B2,1894,vergiften,saindēt • noindēt,Saindēt • Noindēt,LV_DIACRITIC,
data,pt,B2,1894,vergiften,saindēt • noindēt,Saindēt • Noindēt,MARKER_LEAK,lv_macron_consonant
data,sl,B2,1894,vergiften,saindēt • noindēt,saindēt • noindēt,SAME_AS_LV_CASEFOLD,exact
data,sl,B2,1894,vergiften,saindēt • noindēt,saindēt • noindēt,LV_DIACRITIC,
data,sl,B2,1894,vergiften,saindēt • noindēt,saindēt • noindēt,MARKER_LEAK,lv_macron_consonant
data,bg,B2,1894,vergiften,saindēt • noindēt,Отравить • Отравить,FAMILY_COPY_STRICT,bg+hr+mk+ru+sr
data,hr,B2,1894,vergiften,saindēt • noindēt,Отравить • Отравить,FAMILY_COPY_STRICT,bg+hr+mk+ru+sr
data,mk,B2,1894,vergiften,saindēt • noindēt,Отравить • Отравить,FAMILY_COPY_STRICT,bg+hr+mk+ru+sr
data,ru,B2,1894,vergiften,saindēt • noindēt,Отравить • Отравить,FAMILY_COPY_STRICT,bg+hr+mk+ru+sr
data,sr,B2,1894,vergiften,saindēt • noindēt,Отравить • Отравить,FAMILY_COPY_STRICT,bg+hr+mk+ru+sr
data,fi,B2,1894,vergiften,saindēt • noindēt,Mürgitama,FAMILY_COPY_STRICT,fi+is+nb+nn+sv
data,is,B2,1894,vergiften,saindēt • noindēt,Mürgitama,FAMILY_COPY_STRICT,fi+is+nb+nn+sv
data,nb,B2,1894,vergiften,saindēt • noindēt,Mürgitama,FAMILY_COPY_STRICT,fi+is+nb+nn+sv
data,nn,B2,1894,vergiften,saindēt • noindēt,Mürgitama,FAMILY_COPY_STRICT,fi+is+nb+nn+sv
data,sv,B2,1894,vergiften,saindēt • noindēt,Mürgitama,FAMILY_COPY_STRICT,fi+is+nb+nn+sv
data,it,B2,1894,vergiften,saindēt • noindēt,Saindēt • Noindēt,FAMILY_COPY_STRICT,it+lb+nl+pt
data,lb,B2,1894,vergiften,saindēt • noindēt,Saindēt • Noindēt,FAMILY_COPY_STRICT,it+lb+nl+pt
data,nl,B2,1894,vergiften,saindēt • noindēt,Saindēt • Noindēt,FAMILY_COPY_STRICT,it+lb+nl+pt
data,pt,B2,1894,vergiften,saindēt • noindēt,Saindēt • Noindēt,FAMILY_COPY_STRICT,it+lb+nl+pt
data,pl,B2,1894,vergiften,saindēt • noindēt,Zatruć • Otruć,FAMILY_COPY_STRICT,pl+sk
data,sk,B2,1894,vergiften,saindēt • noindēt,Zatruć • Otruć,FAMILY_COPY_STRICT,pl+sk
data,sq,B2,1894,vergiften,saindēt • noindēt,Zehir • Zehir,FAMILY_COPY_STRICT,sq+tr
data,tr,B2,1894,vergiften,saindēt • noindēt,Zehir • Zehir,FAMILY_COPY_STRICT,sq+tr
data,fi,B2,1895,verhandeln,apspriesties • vest sarunas,Nõu pidama • Läbirääkimisi pidama,MARKER_LEAK,et_otilde
data,hr,B2,1895,verhandeln,apspriesties • vest sarunas,Обсудить • Вести переговоры,SCRIPT_MISMATCH,
data,hr,B2,1895,verhandeln,apspriesties • vest sarunas,Обсудить • Вести переговоры,MARKER_LEAK,foreign_script
data,is,B2,1895,verhandeln,apspriesties • vest sarunas,Nõu pidama • Läbirääkimisi pidama,MARKER_LEAK,et_otilde
data,it,B2,1895,verhandeln,apspriesties • vest sarunas,Apspriesties • Vest sarunas,SAME_AS_LV_CASEFOLD,casefold_only
data,lb,B2,1895,verhandeln,apspriesties • vest sarunas,Apspriesties • Vest sarunas,SAME_AS_LV_CASEFOLD,casefold_only
data,nb,B2,1895,verhandeln,apspriesties • vest sarunas,Nõu pidama • Läbirääkimisi pidama,MARKER_LEAK,et_otilde
data,nl,B2,1895,verhandeln,apspriesties • vest sarunas,Apspriesties • Vest sarunas,SAME_AS_LV_CASEFOLD,casefold_only
data,nn,B2,1895,verhandeln,apspriesties • vest sarunas,Nõu pidama • Läbirääkimisi pidama,MARKER_LEAK,et_otilde
data,sl,B2,1895,verhandeln,apspriesties • vest sarunas,apspriesties • vest sarunas,SAME_AS_LV_CASEFOLD,exact
data,sq,B2,1895,verhandeln,apspriesties • vest sarunas,Tartışmak • Pazarlık etmek,MARKER_LEAK,tr_soft
data,sv,B2,1895,verhandeln,apspriesties • vest sarunas,Nõu pidama • Läbirääkimisi pidama,MARKER_LEAK,et_otilde
data,bg,B2,1895,verhandeln,apspriesties • vest sarunas,Обсудить • Вести переговоры,FAMILY_COPY_STRICT,bg+hr+mk+ru+sr
data,hr,B2,1895,verhandeln,apspriesties • vest sarunas,Обсудить • Вести переговоры,FAMILY_COPY_STRICT,bg+hr+mk+ru+sr
data,mk,B2,1895,verhandeln,apspriesties • vest sarunas,Обсудить • Вести переговоры,FAMILY_COPY_STRICT,bg+hr+mk+ru+sr
data,ru,B2,1895,verhandeln,apspriesties • vest sarunas,Обсудить • Вести переговоры,FAMILY_COPY_STRICT,bg+hr+mk+ru+sr
data,sr,B2,1895,verhandeln,apspriesties • vest sarunas,Обсудить • Вести переговоры,FAMILY_COPY_STRICT,bg+hr+mk+ru+sr
data,fi,B2,1895,verhandeln,apspriesties • vest sarunas,Nõu pidama • Läbirääkimisi pidama,FAMILY_COPY_STRICT,fi+is+nb+nn+sv
data,is,B2,1895,verhandeln,apspriesties • vest sarunas,Nõu pidama • Läbirääkimisi pidama,FAMILY_COPY_STRICT,fi+is+nb+nn+sv
data,nb,B2,1895,verhandeln,apspriesties • vest sarunas,Nõu pidama • Läbirääkimisi pidama,FAMILY_COPY_STRICT,fi+is+nb+nn+sv
data,nn,B2,1895,verhandeln,apspriesties • vest sarunas,Nõu pidama • Läbirääkimisi pidama,FAMILY_COPY_STRICT,fi+is+nb+nn+sv
data,sv,B2,1895,verhandeln,apspriesties • vest sarunas,Nõu pidama • Läbirääkimisi pidama,FAMILY_COPY_STRICT,fi+is+nb+nn+sv
data,it,B2,1895,verhandeln,apspriesties • vest sarunas,Apspriesties • Vest sarunas,FAMILY_COPY_STRICT,it+lb+nl
data,lb,B2,1895,verhandeln,apspriesties • vest sarunas,Apspriesties • Vest sarunas,FAMILY_COPY_STRICT,it+lb+nl
data,nl,B2,1895,verhandeln,apspriesties • vest sarunas,Apspriesties • Vest sarunas,FAMILY_COPY_STRICT,it+lb+nl
data,pl,B2,1895,verhandeln,apspriesties • vest sarunas,Omawiać • Negocjować,FAMILY_COPY_STRICT,pl+sk
data,sk,B2,1895,verhandeln,apspriesties • vest sarunas,Omawiać • Negocjować,FAMILY_COPY_STRICT,pl+sk
data,sq,B2,1895,verhandeln,apspriesties • vest sarunas,Tartışmak • Pazarlık etmek,FAMILY_COPY_STRICT,sq+tr
data,tr,B2,1895,verhandeln,apspriesties • vest sarunas,Tartışmak • Pazarlık etmek,FAMILY_COPY_STRICT,sq+tr
data,hr,B2,1896,verhasst,ienīsts • neieredzēts,Ненавижу • Невидимый,SCRIPT_MISMATCH,
data,hr,B2,1896,verhasst,ienīsts • neieredzēts,Ненавижу • Невидимый,MARKER_LEAK,foreign_script
data,it,B2,1896,verhasst,ienīsts • neieredzēts,Ienīsts • Neieredzēts,SAME_AS_LV_CASEFOLD,casefold_only
data,it,B2,1896,verhasst,ienīsts • neieredzēts,Ienīsts • Neieredzēts,LV_DIACRITIC,
data,it,B2,1896,verhasst,ienīsts • neieredzēts,Ienīsts • Neieredzēts,MARKER_LEAK,lv_macron_consonant
data,lb,B2,1896,verhasst,ienīsts • neieredzēts,Ienīsts • Neieredzēts,SAME_AS_LV_CASEFOLD,casefold_only
data,lb,B2,1896,verhasst,ienīsts • neieredzēts,Ienīsts • Neieredzēts,LV_DIACRITIC,
data,lb,B2,1896,verhasst,ienīsts • neieredzēts,Ienīsts • Neieredzēts,MARKER_LEAK,lv_macron_consonant
data,nl,B2,1896,verhasst,ienīsts • neieredzēts,Ienīsts • Neieredzēts,SAME_AS_LV_CASEFOLD,casefold_only
data,nl,B2,1896,verhasst,ienīsts • neieredzēts,Ienīsts • Neieredzēts,LV_DIACRITIC,
data,nl,B2,1896,verhasst,ienīsts • neieredzēts,Ienīsts • Neieredzēts,MARKER_LEAK,lv_macron_consonant
data,pt,B2,1896,verhasst,ienīsts • neieredzēts,Ienistas • Neieredzēts,LV_DIACRITIC,
data,pt,B2,1896,verhasst,ienīsts • neieredzēts,Ienistas • Neieredzēts,MARKER_LEAK,lv_macron_consonant
data,sl,B2,1896,verhasst,ienīsts • neieredzēts,ienīsts • neieredzēts,SAME_AS_LV_CASEFOLD,exact
data,sl,B2,1896,verhasst,ienīsts • neieredzēts,ienīsts • neieredzēts,LV_DIACRITIC,
data,sl,B2,1896,verhasst,ienīsts • neieredzēts,ienīsts • neieredzēts,MARKER_LEAK,lv_macron_consonant
data,bg,B2,1896,verhasst,ienīsts • neieredzēts,Ненавижу • Невидимый,FAMILY_COPY_STRICT,bg+hr+mk+ru+sr
data,hr,B2,1896,verhasst,ienīsts • neieredzēts,Ненавижу • Невидимый,FAMILY_COPY_STRICT,bg+hr+mk+ru+sr
data,mk,B2,1896,verhasst,ienīsts • neieredzēts,Ненавижу • Невидимый,FAMILY_COPY_STRICT,bg+hr+mk+ru+sr
data,ru,B2,1896,verhasst,ienīsts • neieredzēts,Ненавижу • Невидимый,FAMILY_COPY_STRICT,bg+hr+mk+ru+sr
data,sr,B2,1896,verhasst,ienīsts • neieredzēts,Ненавижу • Невидимый,FAMILY_COPY_STRICT,bg+hr+mk+ru+sr
data,fi,B2,1896,verhasst,ienīsts • neieredzēts,Vihatud,FAMILY_COPY_STRICT,fi+is+nb+nn+sv
data,is,B2,1896,verhasst,ienīsts • neieredzēts,Vihatud,FAMILY_COPY_STRICT,fi+is+nb+nn+sv
data,nb,B2,1896,verhasst,ienīsts • neieredzēts,Vihatud,FAMILY_COPY_STRICT,fi+is+nb+nn+sv
data,nn,B2,1896,verhasst,ienīsts • neieredzēts,Vihatud,FAMILY_COPY_STRICT,fi+is+nb+nn+sv
data,sv,B2,1896,verhasst,ienīsts • neieredzēts,Vihatud,FAMILY_COPY_STRICT,fi+is+nb+nn+sv
data,it,B2,1896,verhasst,ienīsts • neieredzēts,Ienīsts • Neieredzēts,FAMILY_COPY_STRICT,it+lb+nl
data,lb,B2,1896,verhasst,ienīsts • neieredzēts,Ienīsts • Neieredzēts,FAMILY_COPY_STRICT,it+lb+nl
data,nl,B2,1896,verhasst,ienīsts • neieredzēts,Ienīsts • Neieredzēts,FAMILY_COPY_STRICT,it+lb+nl
data,pl,B2,1896,verhasst,ienīsts • neieredzēts,Znienawidzony • Niewidziany,FAMILY_COPY_STRICT,pl+sk+sq+tr
data,sk,B2,1896,verhasst,ienīsts • neieredzēts,Znienawidzony • Niewidziany,FAMILY_COPY_STRICT,pl+sk+sq+tr
data,sq,B2,1896,verhasst,ienīsts • neieredzēts,Znienawidzony • Niewidziany,FAMILY_COPY_STRICT,pl+sk+sq+tr
data,tr,B2,1896,verhasst,ienīsts • neieredzēts,Znienawidzony • Niewidziany,FAMILY_COPY_STRICT,pl+sk+sq+tr
data,hr,B2,1897,verheeren,izpostīt,Разрушить,SCRIPT_MISMATCH,
data,hr,B2,1897,verheeren,izpostīt,Разрушить,MARKER_LEAK,foreign_script
data,it,B2,1897,verheeren,izpostīt,Izpostīt,SAME_AS_LV_CASEFOLD,casefold_only
data,it,B2,1897,verheeren,izpostīt,Izpostīt,LV_DIACRITIC,
data,it,B2,1897,verheeren,izpostīt,Izpostīt,MARKER_LEAK,lv_macron_consonant
data,lb,B2,1897,verheeren,izpostīt,Izpostīt,SAME_AS_LV_CASEFOLD,casefold_only
data,lb,B2,1897,verheeren,izpostīt,Izpostīt,LV_DIACRITIC,
data,lb,B2,1897,verheeren,izpostīt,Izpostīt,MARKER_LEAK,lv_macron_consonant
data,nl,B2,1897,verheeren,izpostīt,Izpostīt,SAME_AS_LV_CASEFOLD,casefold_only
data,nl,B2,1897,verheeren,izpostīt,Izpostīt,LV_DIACRITIC,
data,nl,B2,1897,verheeren,izpostīt,Izpostīt,MARKER_LEAK,lv_macron_consonant
data,sl,B2,1897,verheeren,izpostīt,izpostīt,SAME_AS_LV_CASEFOLD,exact
data,sl,B2,1897,verheeren,izpostīt,izpostīt,LV_DIACRITIC,
data,sl,B2,1897,verheeren,izpostīt,izpostīt,MARKER_LEAK,lv_macron_consonant
data,bg,B2,1897,verheeren,izpostīt,Разрушить,FAMILY_COPY_STRICT,bg+hr+mk+ru+sr
data,hr,B2,1897,verheeren,izpostīt,Разрушить,FAMILY_COPY_STRICT,bg+hr+mk+ru+sr
data,mk,B2,1897,verheeren,izpostīt,Разрушить,FAMILY_COPY_STRICT,bg+hr+mk+ru+sr
data,ru,B2,1897,verheeren,izpostīt,Разрушить,FAMILY_COPY_STRICT,bg+hr+mk+ru+sr
data,sr,B2,1897,verheeren,izpostīt,Разрушить,FAMILY_COPY_STRICT,bg+hr+mk+ru+sr
data,fi,B2,1897,verheeren,izpostīt,Hävitama,FAMILY_COPY_STRICT,fi+is+nb+nn+sv
data,is,B2,1897,verheeren,izpostīt,Hävitama,FAMILY_COPY_STRICT,fi+is+nb+nn+sv
data,nb,B2,1897,verheeren,izpostīt,Hävitama,FAMILY_COPY_STRICT,fi+is+nb+nn+sv
data,nn,B2,1897,verheeren,izpostīt,Hävitama,FAMILY_COPY_STRICT,fi+is+nb+nn+sv
data,sv,B2,1897,verheeren,izpostīt,Hävitama,FAMILY_COPY_STRICT,fi+is+nb+nn+sv
data,it,B2,1897,verheeren,izpostīt,Izpostīt,FAMILY_COPY_STRICT,it+lb+nl
data,lb,B2,1897,verheeren,izpostīt,Izpostīt,FAMILY_COPY_STRICT,it+lb+nl
data,nl,B2,1897,verheeren,izpostīt,Izpostīt,FAMILY_COPY_STRICT,it+lb+nl
data,pl,B2,1897,verheeren,izpostīt,Zrujnować,FAMILY_COPY_STRICT,pl+sk
data,sk,B2,1897,verheeren,izpostīt,Zrujnować,FAMILY_COPY_STRICT,pl+sk
data,sq,B2,1897,verheeren,izpostīt,Mahvetmek,FAMILY_COPY_STRICT,sq+tr
data,tr,B2,1897,verheeren,izpostīt,Mahvetmek,FAMILY_COPY_STRICT,sq+tr
data,hr,B2,1898,verhöhnen,izsmiet • izzobot,Издеваться • Вмятина,SCRIPT_MISMATCH,
data,hr,B2,1898,verhöhnen,izsmiet • izzobot,Издеваться • Вмятина,MARKER_LEAK,foreign_script
data,it,B2,1898,verhöhnen,izsmiet • izzobot,Izsmiet • Izzobot,SAME_AS_LV_CASEFOLD,casefold_only
data,lb,B2,1898,verhöhnen,izsmiet • izzobot,Izsmiet • Izzobot,SAME_AS_LV_CASEFOLD,casefold_only
data,nl,B2,1898,verhöhnen,izsmiet • izzobot,Izsmiet • Izzobot,SAME_AS_LV_CASEFOLD,casefold_only
data,pt,B2,1898,verhöhnen,izsmiet • izzobot,Izsmiet • Izzobot,SAME_AS_LV_CASEFOLD,casefold_only
data,sl,B2,1898,verhöhnen,izsmiet • izzobot,izsmiet • izzobot,SAME_AS_LV_CASEFOLD,exact
data,bg,B2,1898,verhöhnen,izsmiet • izzobot,Издеваться • Вмятина,FAMILY_COPY_STRICT,bg+hr+mk+ru+sr
data,hr,B2,1898,verhöhnen,izsmiet • izzobot,Издеваться • Вмятина,FAMILY_COPY_STRICT,bg+hr+mk+ru+sr
data,mk,B2,1898,verhöhnen,izsmiet • izzobot,Издеваться • Вмятина,FAMILY_COPY_STRICT,bg+hr+mk+ru+sr
data,ru,B2,1898,verhöhnen,izsmiet • izzobot,Издеваться • Вмятина,FAMILY_COPY_STRICT,bg+hr+mk+ru+sr
data,sr,B2,1898,verhöhnen,izsmiet • izzobot,Издеваться • Вмятина,FAMILY_COPY_STRICT,bg+hr+mk+ru+sr
data,fi,B2,1898,verhöhnen,izsmiet • izzobot,Naeruvääristama,FAMILY_COPY_STRICT,fi+is+nb+nn+sv
data,is,B2,1898,verhöhnen,izsmiet • izzobot,Naeruvääristama,FAMILY_COPY_STRICT,fi+is+nb+nn+sv
data,nb,B2,1898,verhöhnen,izsmiet • izzobot,Naeruvääristama,FAMILY_COPY_STRICT,fi+is+nb+nn+sv
data,nn,B2,1898,verhöhnen,izsmiet • izzobot,Naeruvääristama,FAMILY_COPY_STRICT,fi+is+nb+nn+sv
data,sv,B2,1898,verhöhnen,izsmiet • izzobot,Naeruvääristama,FAMILY_COPY_STRICT,fi+is+nb+nn+sv
data,it,B2,1898,verhöhnen,izsmiet • izzobot,Izsmiet • Izzobot,FAMILY_COPY_STRICT,it+lb+nl+pt
data,lb,B2,1898,verhöhnen,izsmiet • izzobot,Izsmiet • Izzobot,FAMILY_COPY_STRICT,it+lb+nl+pt
data,nl,B2,1898,verhöhnen,izsmiet • izzobot,Izsmiet • Izzobot,FAMILY_COPY_STRICT,it+lb+nl+pt
data,pt,B2,1898,verhöhnen,izsmiet • izzobot,Izsmiet • Izzobot,FAMILY_COPY_STRICT,it+lb+nl+pt
data,pl,B2,1898,verhöhnen,izsmiet • izzobot,Próbny • Wgniecenie,FAMILY_COPY_STRICT,pl+sk
data,sk,B2,1898,verhöhnen,izsmiet • izzobot,Próbny • Wgniecenie,FAMILY_COPY_STRICT,pl+sk
data,sq,B2,1898,verhöhnen,izsmiet • izzobot,Test • Göçük,FAMILY_COPY_STRICT,sq+tr
data,tr,B2,1898,verhöhnen,izsmiet • izzobot,Test • Göçük,FAMILY_COPY_STRICT,sq+tr
data,hr,B2,1899,Verhör,[no]pratināšana,[из] допроса,SCRIPT_MISMATCH,
data,hr,B2,1899,Verhör,[no]pratināšana,[из] допроса,MARKER_LEAK,foreign_script
data,it,B2,1899,Verhör,[no]pratināšana,[no]pratināšana,SAME_AS_LV_CASEFOLD,exact
data,it,B2,1899,Verhör,[no]pratināšana,[no]pratināšana,LV_DIACRITIC,
data,it,B2,1899,Verhör,[no]pratināšana,[no]pratināšana,MARKER_LEAK,lv_macron_consonant
data,lb,B2,1899,Verhör,[no]pratināšana,[no]pratināšana,SAME_AS_LV_CASEFOLD,exact
data,lb,B2,1899,Verhör,[no]pratināšana,[no]pratināšana,LV_DIACRITIC,
data,lb,B2,1899,Verhör,[no]pratināšana,[no]pratināšana,MARKER_LEAK,lv_macron_consonant
data,nl,B2,1899,Verhör,[no]pratināšana,[no]pratināšana,SAME_AS_LV_CASEFOLD,exact
data,nl,B2,1899,Verhör,[no]pratināšana,[no]pratināšana,LV_DIACRITIC,
data,nl,B2,1899,Verhör,[no]pratināšana,[no]pratināšana,MARKER_LEAK,lv_macron_consonant
data,pt,B2,1899,Verhör,[no]pratināšana,[não] pratināšana,LV_DIACRITIC,
data,pt,B2,1899,Verhör,[no]pratināšana,[não] pratināšana,MARKER_LEAK,lv_macron_consonant
data,sk,B2,1899,Verhör,[no]pratināšana,[z] przesłuchania,MARKER_LEAK,pl_l_s_z
data,sl,B2,1899,Verhör,[no]pratināšana,[no]pratināšana,SAME_AS_LV_CASEFOLD,exact
data,sl,B2,1899,Verhör,[no]pratināšana,[no]pratināšana,LV_DIACRITIC,
data,sl,B2,1899,Verhör,[no]pratināšana,[no]pratināšana,MARKER_LEAK,lv_macron_consonant
data,bg,B2,1899,Verhör,[no]pratināšana,[из] допроса,FAMILY_COPY_STRICT,bg+hr+mk+ru+sr
data,hr,B2,1899,Verhör,[no]pratināšana,[из] допроса,FAMILY_COPY_STRICT,bg+hr+mk+ru+sr
data,mk,B2,1899,Verhör,[no]pratināšana,[из] допроса,FAMILY_COPY_STRICT,bg+hr+mk+ru+sr
data,ru,B2,1899,Verhör,[no]pratināšana,[из] допроса,FAMILY_COPY_STRICT,bg+hr+mk+ru+sr
data,sr,B2,1899,Verhör,[no]pratināšana,[из] допроса,FAMILY_COPY_STRICT,bg+hr+mk+ru+sr
data,fi,B2,1899,Verhör,[no]pratināšana,Ülekuulamine,FAMILY_COPY_STRICT,fi+is+nb+nn+sv
data,is,B2,1899,Verhör,[no]pratināšana,Ülekuulamine,FAMILY_COPY_STRICT,fi+is+nb+nn+sv
data,nb,B2,1899,Verhör,[no]pratināšana,Ülekuulamine,FAMILY_COPY_STRICT,fi+is+nb+nn+sv
data,nn,B2,1899,Verhör,[no]pratināšana,Ülekuulamine,FAMILY_COPY_STRICT,fi+is+nb+nn+sv
data,sv,B2,1899,Verhör,[no]pratināšana,Ülekuulamine,FAMILY_COPY_STRICT,fi+is+nb+nn+sv
data,pl,B2,1899,Verhör,[no]pratināšana,[z] przesłuchania,FAMILY_COPY_STRICT,pl+sk
data,sk,B2,1899,Verhör,[no]pratināšana,[z] przesłuchania,FAMILY_COPY_STRICT,pl+sk
data,sq,B2,1899,Verhör,[no]pratināšana,[dan] sorgulama,FAMILY_COPY_STRICT,sq+tr
data,tr,B2,1899,Verhör,[no]pratināšana,[dan] sorgulama,FAMILY_COPY_STRICT,sq+tr
data,hr,B2,1900,verhören,[no]pratināt,[o] праша,SCRIPT_MISMATCH,
data,hr,B2,1900,verhören,[no]pratināt,[o] праша,MARKER_LEAK,foreign_script
data,it,B2,1900,verhören,[no]pratināt,[no]pratināt,SAME_AS_LV_CASEFOLD,exact
data,it,B2,1900,verhören,[no]pratināt,[no]pratināt,LV_DIACRITIC,
data,it,B2,1900,verhören,[no]pratināt,[no]pratināt,MARKER_LEAK,lv_macron_consonant
data,lb,B2,1900,verhören,[no]pratināt,[no]pratināt,SAME_AS_LV_CASEFOLD,exact
data,lb,B2,1900,verhören,[no]pratināt,[no]pratināt,LV_DIACRITIC,
data,lb,B2,1900,verhören,[no]pratināt,[no]pratināt,MARKER_LEAK,lv_macron_consonant
data,mk,B2,1900,verhören,[no]pratināt,[o] праша,SCRIPT_MISMATCH,
data,mk,B2,1900,verhören,[no]pratināt,[o] праша,MARKER_LEAK,latin_in_cyrillic
data,nl,B2,1900,verhören,[no]pratināt,[no]pratināt,SAME_AS_LV_CASEFOLD,exact
data,nl,B2,1900,verhören,[no]pratināt,[no]pratināt,LV_DIACRITIC,
data,nl,B2,1900,verhören,[no]pratināt,[no]pratināt,MARKER_LEAK,lv_macron_consonant
data,sk,B2,1900,verhören,[no]pratināt,[o] przesłuchaniu,MARKER_LEAK,pl_l_s_z
data,sq,B2,1900,verhören,[no]pratināt,Duruşma [hakkında],MARKER_LEAK,tr_soft
data,sr,B2,1900,verhören,[no]pratināt,[o] праша,SCRIPT_MISMATCH,sr_as_cyrillic
data,sr,B2,1900,verhören,[no]pratināt,[o] праша,MARKER_LEAK,latin_in_cyrillic
data,bg,B2,1900,verhören,[no]pratināt,[о] допросе,FAMILY_COPY_STRICT,bg+ru
data,ru,B2,1900,verhören,[no]pratināt,[о] допросе,FAMILY_COPY_STRICT,bg+ru
data,fi,B2,1900,verhören,[no]pratināt,Üle kuulama,FAMILY_COPY_STRICT,fi+is+nb+nn+sv
data,is,B2,1900,verhören,[no]pratināt,Üle kuulama,FAMILY_COPY_STRICT,fi+is+nb+nn+sv
data,nb,B2,1900,verhören,[no]pratināt,Üle kuulama,FAMILY_COPY_STRICT,fi+is+nb+nn+sv
data,nn,B2,1900,verhören,[no]pratināt,Üle kuulama,FAMILY_COPY_STRICT,fi+is+nb+nn+sv
data,sv,B2,1900,verhören,[no]pratināt,Üle kuulama,FAMILY_COPY_STRICT,fi+is+nb+nn+sv
data,hr,B2,1900,verhören,[no]pratināt,[o] праша,FAMILY_COPY_STRICT,hr+mk+sr
data,mk,B2,1900,verhören,[no]pratināt,[o] праша,FAMILY_COPY_STRICT,hr+mk+sr
data,sr,B2,1900,verhören,[no]pratināt,[o] праша,FAMILY_COPY_STRICT,hr+mk+sr
data,pl,B2,1900,verhören,[no]pratināt,[o] przesłuchaniu,FAMILY_COPY_STRICT,pl+sk
data,sk,B2,1900,verhören,[no]pratināt,[o] przesłuchaniu,FAMILY_COPY_STRICT,pl+sk
data,hr,B2,1901,sich verhören,pārklausīties,Послушай еще раз,SCRIPT_MISMATCH,
data,hr,B2,1901,sich verhören,pārklausīties,Послушай еще раз,MARKER_LEAK,foreign_script
data,it,B2,1901,sich verhören,pārklausīties,Pārklausīties,SAME_AS_LV_CASEFOLD,casefold_only
data,it,B2,1901,sich verhören,pārklausīties,Pārklausīties,LV_DIACRITIC,
data,it,B2,1901,sich verhören,pārklausīties,Pārklausīties,MARKER_LEAK,lv_macron_consonant
data,lb,B2,1901,sich verhören,pārklausīties,Pārklausīties,SAME_AS_LV_CASEFOLD,casefold_only
data,lb,B2,1901,sich verhören,pārklausīties,Pārklausīties,LV_DIACRITIC,
data,lb,B2,1901,sich verhören,pārklausīties,Pārklausīties,MARKER_LEAK,lv_macron_consonant
data,nl,B2,1901,sich verhören,pārklausīties,Pārklausīties,SAME_AS_LV_CASEFOLD,casefold_only
data,nl,B2,1901,sich verhören,pārklausīties,Pārklausīties,LV_DIACRITIC,
data,nl,B2,1901,sich verhören,pārklausīties,Pārklausīties,MARKER_LEAK,lv_macron_consonant
data,sk,B2,1901,sich verhören,pārklausīties,Posłuchaj jeszcze raz,MARKER_LEAK,pl_l_s_z
data,sl,B2,1901,sich verhören,pārklausīties,pārklausīties,SAME_AS_LV_CASEFOLD,exact
data,sl,B2,1901,sich verhören,pārklausīties,pārklausīties,LV_DIACRITIC,
data,sl,B2,1901,sich verhören,pārklausīties,pārklausīties,MARKER_LEAK,lv_macron_consonant
data,bg,B2,1901,sich verhören,pārklausīties,Послушай еще раз,FAMILY_COPY_STRICT,bg+hr+mk+ru+sr
data,hr,B2,1901,sich verhören,pārklausīties,Послушай еще раз,FAMILY_COPY_STRICT,bg+hr+mk+ru+sr
data,mk,B2,1901,sich verhören,pārklausīties,Послушай еще раз,FAMILY_COPY_STRICT,bg+hr+mk+ru+sr
data,ru,B2,1901,sich verhören,pārklausīties,Послушай еще раз,FAMILY_COPY_STRICT,bg+hr+mk+ru+sr
data,sr,B2,1901,sich verhören,pārklausīties,Послушай еще раз,FAMILY_COPY_STRICT,bg+hr+mk+ru+sr
data,fi,B2,1901,sich verhören,pārklausīties,Üle kuulama (proovi),FAMILY_COPY_STRICT,fi+is+nb+nn+sv
data,is,B2,1901,sich verhören,pārklausīties,Üle kuulama (proovi),FAMILY_COPY_STRICT,fi+is+nb+nn+sv
data,nb,B2,1901,sich verhören,pārklausīties,Üle kuulama (proovi),FAMILY_COPY_STRICT,fi+is+nb+nn+sv
data,nn,B2,1901,sich verhören,pārklausīties,Üle kuulama (proovi),FAMILY_COPY_STRICT,fi+is+nb+nn+sv
data,sv,B2,1901,sich verhören,pārklausīties,Üle kuulama (proovi),FAMILY_COPY_STRICT,fi+is+nb+nn+sv
data,it,B2,1901,sich verhören,pārklausīties,Pārklausīties,FAMILY_COPY_STRICT,it+lb+nl
data,lb,B2,1901,sich verhören,pārklausīties,Pārklausīties,FAMILY_COPY_STRICT,it+lb+nl
data,nl,B2,1901,sich verhören,pārklausīties,Pārklausīties,FAMILY_COPY_STRICT,it+lb+nl
data,pl,B2,1901,sich verhören,pārklausīties,Posłuchaj jeszcze raz,FAMILY_COPY_STRICT,pl+sk
data,sk,B2,1901,sich verhören,pārklausīties,Posłuchaj jeszcze raz,FAMILY_COPY_STRICT,pl+sk
data,sq,B2,1901,sich verhören,pārklausīties,Tekrar dinle,FAMILY_COPY_STRICT,sq+tr
data,tr,B2,1901,sich verhören,pārklausīties,Tekrar dinle,FAMILY_COPY_STRICT,sq+tr
data,hr,B2,1902,verhüten,novērst • izsargāties,Предотвратить • Защититься от,SCRIPT_MISMATCH,
data,hr,B2,1902,verhüten,novērst • izsargāties,Предотвратить • Защититься от,MARKER_LEAK,foreign_script
data,it,B2,1902,verhüten,novērst • izsargāties,Novērst • Izsargāties,SAME_AS_LV_CASEFOLD,casefold_only
data,it,B2,1902,verhüten,novērst • izsargāties,Novērst • Izsargāties,LV_DIACRITIC,
data,it,B2,1902,verhüten,novērst • izsargāties,Novērst • Izsargāties,MARKER_LEAK,lv_macron_consonant
data,lb,B2,1902,verhüten,novērst • izsargāties,Novērst • Izsargāties,SAME_AS_LV_CASEFOLD,casefold_only
data,lb,B2,1902,verhüten,novērst • izsargāties,Novērst • Izsargāties,LV_DIACRITIC,
data,lb,B2,1902,verhüten,novērst • izsargāties,Novērst • Izsargāties,MARKER_LEAK,lv_macron_consonant
data,nl,B2,1902,verhüten,novērst • izsargāties,Novērst • Izsargāties,SAME_AS_LV_CASEFOLD,casefold_only
data,nl,B2,1902,verhüten,novērst • izsargāties,Novērst • Izsargāties,LV_DIACRITIC,
data,nl,B2,1902,verhüten,novērst • izsargāties,Novērst • Izsargāties,MARKER_LEAK,lv_macron_consonant
data,pt,B2,1902,verhüten,novērst • izsargāties,Novembro • Izsargāties,LV_DIACRITIC,
data,pt,B2,1902,verhüten,novērst • izsargāties,Novembro • Izsargāties,MARKER_LEAK,lv_macron_consonant
data,sl,B2,1902,verhüten,novērst • izsargāties,novērst • izsargāties,SAME_AS_LV_CASEFOLD,exact
data,sl,B2,1902,verhüten,novērst • izsargāties,novērst • izsargāties,LV_DIACRITIC,
data,sl,B2,1902,verhüten,novērst • izsargāties,novērst • izsargāties,MARKER_LEAK,lv_macron_consonant
data,sq,B2,1902,verhüten,novērst • izsargāties,Önleyin • Karşı koruyun,MARKER_LEAK,tr_soft
data,bg,B2,1902,verhüten,novērst • izsargāties,Предотвратить • Защититься от,FAMILY_COPY_STRICT,bg+hr+mk+ru+sr
data,hr,B2,1902,verhüten,novērst • izsargāties,Предотвратить • Защититься от,FAMILY_COPY_STRICT,bg+hr+mk+ru+sr
data,mk,B2,1902,verhüten,novērst • izsargāties,Предотвратить • Защититься от,FAMILY_COPY_STRICT,bg+hr+mk+ru+sr
data,ru,B2,1902,verhüten,novērst • izsargāties,Предотвратить • Защититься от,FAMILY_COPY_STRICT,bg+hr+mk+ru+sr
data,sr,B2,1902,verhüten,novērst • izsargāties,Предотвратить • Защититься от,FAMILY_COPY_STRICT,bg+hr+mk+ru+sr
data,fi,B2,1902,verhüten,novērst • izsargāties,Ära hoidma • Hoiduma,FAMILY_COPY_STRICT,fi+is+nb+nn+sv
data,is,B2,1902,verhüten,novērst • izsargāties,Ära hoidma • Hoiduma,FAMILY_COPY_STRICT,fi+is+nb+nn+sv
data,nb,B2,1902,verhüten,novērst • izsargāties,Ära hoidma • Hoiduma,FAMILY_COPY_STRICT,fi+is+nb+nn+sv
data,nn,B2,1902,verhüten,novērst • izsargāties,Ära hoidma • Hoiduma,FAMILY_COPY_STRICT,fi+is+nb+nn+sv
data,sv,B2,1902,verhüten,novērst • izsargāties,Ära hoidma • Hoiduma,FAMILY_COPY_STRICT,fi+is+nb+nn+sv
data,it,B2,1902,verhüten,novērst • izsargāties,Novērst • Izsargāties,FAMILY_COPY_STRICT,it+lb+nl
data,lb,B2,1902,verhüten,novērst • izsargāties,Novērst • Izsargāties,FAMILY_COPY_STRICT,it+lb+nl
data,nl,B2,1902,verhüten,novērst • izsargāties,Novērst • Izsargāties,FAMILY_COPY_STRICT,it+lb+nl
data,pl,B2,1902,verhüten,novērst • izsargāties,Zapobiegać • Chronić przed,FAMILY_COPY_STRICT,pl+sk
data,sk,B2,1902,verhüten,novērst • izsargāties,Zapobiegać • Chronić przed,FAMILY_COPY_STRICT,pl+sk
data,sq,B2,1902,verhüten,novērst • izsargāties,Önleyin • Karşı koruyun,FAMILY_COPY_STRICT,sq+tr
data,tr,B2,1902,verhüten,novērst • izsargāties,Önleyin • Karşı koruyun,FAMILY_COPY_STRICT,sq+tr
data,hr,B2,1903,Verlauf,gaita • norise,Прогресс • Прогресс,SCRIPT_MISMATCH,
data,hr,B2,1903,Verlauf,gaita • norise,Прогресс • Прогресс,MARKER_LEAK,foreign_script
data,it,B2,1903,Verlauf,gaita • norise,Gaita • Norise,SAME_AS_LV_CASEFOLD,casefold_only
data,lb,B2,1903,Verlauf,gaita • norise,Gaita • Norise,SAME_AS_LV_CASEFOLD,casefold_only
data,nl,B2,1903,Verlauf,gaita • norise,Gaita • Norise,SAME_AS_LV_CASEFOLD,casefold_only
data,sk,B2,1903,Verlauf,gaita • norise,Postęp • Postęp,MARKER_LEAK,pl_lt_nasal
data,sl,B2,1903,Verlauf,gaita • norise,gaita • norise,SAME_AS_LV_CASEFOLD,exact
data,sq,B2,1903,Verlauf,gaita • norise,İlerleme • İlerleme,MARKER_LEAK,tr_soft
data,bg,B2,1903,Verlauf,gaita • norise,Прогресс • Прогресс,FAMILY_COPY_STRICT,bg+hr+mk+ru+sr
data,hr,B2,1903,Verlauf,gaita • norise,Прогресс • Прогресс,FAMILY_COPY_STRICT,bg+hr+mk+ru+sr
data,mk,B2,1903,Verlauf,gaita • norise,Прогресс • Прогресс,FAMILY_COPY_STRICT,bg+hr+mk+ru+sr
data,ru,B2,1903,Verlauf,gaita • norise,Прогресс • Прогресс,FAMILY_COPY_STRICT,bg+hr+mk+ru+sr
data,sr,B2,1903,Verlauf,gaita • norise,Прогресс • Прогресс,FAMILY_COPY_STRICT,bg+hr+mk+ru+sr
data,fi,B2,1903,Verlauf,gaita • norise,Käik • Kulg,FAMILY_COPY_STRICT,fi+is+nb+nn+sv
data,is,B2,1903,Verlauf,gaita • norise,Käik • Kulg,FAMILY_COPY_STRICT,fi+is+nb+nn+sv
data,nb,B2,1903,Verlauf,gaita • norise,Käik • Kulg,FAMILY_COPY_STRICT,fi+is+nb+nn+sv
data,nn,B2,1903,Verlauf,gaita • norise,Käik • Kulg,FAMILY_COPY_STRICT,fi+is+nb+nn+sv
data,sv,B2,1903,Verlauf,gaita • norise,Käik • Kulg,FAMILY_COPY_STRICT,fi+is+nb+nn+sv
data,it,B2,1903,Verlauf,gaita • norise,Gaita • Norise,FAMILY_COPY_STRICT,it+lb+nl
data,lb,B2,1903,Verlauf,gaita • norise,Gaita • Norise,FAMILY_COPY_STRICT,it+lb+nl
data,nl,B2,1903,Verlauf,gaita • norise,Gaita • Norise,FAMILY_COPY_STRICT,it+lb+nl
data,pl,B2,1903,Verlauf,gaita • norise,Postęp • Postęp,FAMILY_COPY_STRICT,pl+sk
data,sk,B2,1903,Verlauf,gaita • norise,Postęp • Postęp,FAMILY_COPY_STRICT,pl+sk
data,sq,B2,1903,Verlauf,gaita • norise,İlerleme • İlerleme,FAMILY_COPY_STRICT,sq+tr
data,tr,B2,1903,Verlauf,gaita • norise,İlerleme • İlerleme,FAMILY_COPY_STRICT,sq+tr
data,hr,B2,1904,Verleger,izdevējs,Издатель,SCRIPT_MISMATCH,
data,hr,B2,1904,Verleger,izdevējs,Издатель,MARKER_LEAK,foreign_script
data,it,B2,1904,Verleger,izdevējs,Izdevējs,SAME_AS_LV_CASEFOLD,casefold_only
data,it,B2,1904,Verleger,izdevējs,Izdevējs,LV_DIACRITIC,
data,it,B2,1904,Verleger,izdevējs,Izdevējs,MARKER_LEAK,lv_macron_consonant
data,lb,B2,1904,Verleger,izdevējs,Izdevējs,SAME_AS_LV_CASEFOLD,casefold_only
data,lb,B2,1904,Verleger,izdevējs,Izdevējs,LV_DIACRITIC,
data,lb,B2,1904,Verleger,izdevējs,Izdevējs,MARKER_LEAK,lv_macron_consonant
data,nl,B2,1904,Verleger,izdevējs,Izdevējs,SAME_AS_LV_CASEFOLD,casefold_only
data,nl,B2,1904,Verleger,izdevējs,Izdevējs,LV_DIACRITIC,
data,nl,B2,1904,Verleger,izdevējs,Izdevējs,MARKER_LEAK,lv_macron_consonant
data,pt,B2,1904,Verleger,izdevējs,Izdevējs,SAME_AS_LV_CASEFOLD,casefold_only
data,pt,B2,1904,Verleger,izdevējs,Izdevējs,LV_DIACRITIC,
data,pt,B2,1904,Verleger,izdevējs,Izdevējs,MARKER_LEAK,lv_macron_consonant
data,sl,B2,1904,Verleger,izdevējs,izdevējs,SAME_AS_LV_CASEFOLD,exact
data,sl,B2,1904,Verleger,izdevējs,izdevējs,LV_DIACRITIC,
data,sl,B2,1904,Verleger,izdevējs,izdevējs,MARKER_LEAK,lv_macron_consonant
data,bg,B2,1904,Verleger,izdevējs,Издатель,FAMILY_COPY_STRICT,bg+hr+mk+ru+sr
data,hr,B2,1904,Verleger,izdevējs,Издатель,FAMILY_COPY_STRICT,bg+hr+mk+ru+sr
data,mk,B2,1904,Verleger,izdevējs,Издатель,FAMILY_COPY_STRICT,bg+hr+mk+ru+sr
data,ru,B2,1904,Verleger,izdevējs,Издатель,FAMILY_COPY_STRICT,bg+hr+mk+ru+sr
data,sr,B2,1904,Verleger,izdevējs,Издатель,FAMILY_COPY_STRICT,bg+hr+mk+ru+sr
data,fi,B2,1904,Verleger,izdevējs,Väljaandja,FAMILY_COPY_STRICT,fi+is+nb+nn+sv
data,is,B2,1904,Verleger,izdevējs,Väljaandja,FAMILY_COPY_STRICT,fi+is+nb+nn+sv
data,nb,B2,1904,Verleger,izdevējs,Väljaandja,FAMILY_COPY_STRICT,fi+is+nb+nn+sv
data,nn,B2,1904,Verleger,izdevējs,Väljaandja,FAMILY_COPY_STRICT,fi+is+nb+nn+sv
data,sv,B2,1904,Verleger,izdevējs,Väljaandja,FAMILY_COPY_STRICT,fi+is+nb+nn+sv
data,it,B2,1904,Verleger,izdevējs,Izdevējs,FAMILY_COPY_STRICT,it+lb+nl+pt
data,lb,B2,1904,Verleger,izdevējs,Izdevējs,FAMILY_COPY_STRICT,it+lb+nl+pt
data,nl,B2,1904,Verleger,izdevējs,Izdevējs,FAMILY_COPY_STRICT,it+lb+nl+pt
data,pt,B2,1904,Verleger,izdevējs,Izdevējs,FAMILY_COPY_STRICT,it+lb+nl+pt
data,pl,B2,1904,Verleger,izdevējs,Wydawca,FAMILY_COPY_STRICT,pl+sk+sq+tr
data,sk,B2,1904,Verleger,izdevējs,Wydawca,FAMILY_COPY_STRICT,pl+sk+sq+tr
data,sq,B2,1904,Verleger,izdevējs,Wydawca,FAMILY_COPY_STRICT,pl+sk+sq+tr
data,tr,B2,1904,Verleger,izdevējs,Wydawca,FAMILY_COPY_STRICT,pl+sk+sq+tr
data,hr,B2,1905,Verleih,noma,Аренда,SCRIPT_MISMATCH,
data,hr,B2,1905,Verleih,noma,Аренда,MARKER_LEAK,foreign_script
data,it,B2,1905,Verleih,noma,Noma,SAME_AS_LV_CASEFOLD,casefold_only
data,lb,B2,1905,Verleih,noma,Noma,SAME_AS_LV_CASEFOLD,casefold_only
data,nl,B2,1905,Verleih,noma,Noma,SAME_AS_LV_CASEFOLD,casefold_only
data,sk,B2,1905,Verleih,noma,Dzierżawa,MARKER_LEAK,pl_l_s_z
data,sl,B2,1905,Verleih,noma,noma,SAME_AS_LV_CASEFOLD,exact
data,bg,B2,1905,Verleih,noma,Аренда,FAMILY_COPY_STRICT,bg+hr+mk+ru+sr
data,hr,B2,1905,Verleih,noma,Аренда,FAMILY_COPY_STRICT,bg+hr+mk+ru+sr
data,mk,B2,1905,Verleih,noma,Аренда,FAMILY_COPY_STRICT,bg+hr+mk+ru+sr
data,ru,B2,1905,Verleih,noma,Аренда,FAMILY_COPY_STRICT,bg+hr+mk+ru+sr
data,sr,B2,1905,Verleih,noma,Аренда,FAMILY_COPY_STRICT,bg+hr+mk+ru+sr
data,fi,B2,1905,Verleih,noma,Üür,FAMILY_COPY_STRICT,fi+sv
data,sv,B2,1905,Verleih,noma,Üür,FAMILY_COPY_STRICT,fi+sv
data,is,B2,1905,Verleih,noma,Uur,FAMILY_COPY_STRICT,is+nb+nn
data,nb,B2,1905,Verleih,noma,Uur,FAMILY_COPY_STRICT,is+nb+nn
data,nn,B2,1905,Verleih,noma,Uur,FAMILY_COPY_STRICT,is+nb+nn
data,it,B2,1905,Verleih,noma,Noma,FAMILY_COPY_STRICT,it+lb+nl
data,lb,B2,1905,Verleih,noma,Noma,FAMILY_COPY_STRICT,it+lb+nl
data,nl,B2,1905,Verleih,noma,Noma,FAMILY_COPY_STRICT,it+lb+nl
data,pl,B2,1905,Verleih,noma,Dzierżawa,FAMILY_COPY_STRICT,pl+sk
data,sk,B2,1905,Verleih,noma,Dzierżawa,FAMILY_COPY_STRICT,pl+sk
data,sq,B2,1905,Verleih,noma,Kira,FAMILY_COPY_STRICT,sq+tr
data,tr,B2,1905,Verleih,noma,Kira,FAMILY_COPY_STRICT,sq+tr
data,hr,B2,1906,Vermächtnis,testaments,Уил,SCRIPT_MISMATCH,
data,hr,B2,1906,Vermächtnis,testaments,Уил,MARKER_LEAK,foreign_script
data,it,B2,1906,Vermächtnis,testaments,Testaments,SAME_AS_LV_CASEFOLD,casefold_only
data,lb,B2,1906,Vermächtnis,testaments,Testaments,SAME_AS_LV_CASEFOLD,casefold_only
data,nl,B2,1906,Vermächtnis,testaments,Testaments,SAME_AS_LV_CASEFOLD,casefold_only
data,sl,B2,1906,Vermächtnis,testaments,testaments,SAME_AS_LV_CASEFOLD,exact
data,bg,B2,1906,Vermächtnis,testaments,Уил,FAMILY_COPY_STRICT,bg+hr+mk+sr
data,hr,B2,1906,Vermächtnis,testaments,Уил,FAMILY_COPY_STRICT,bg+hr+mk+sr
data,mk,B2,1906,Vermächtnis,testaments,Уил,FAMILY_COPY_STRICT,bg+hr+mk+sr
data,sr,B2,1906,Vermächtnis,testaments,Уил,FAMILY_COPY_STRICT,bg+hr+mk+sr
data,it,B2,1906,Vermächtnis,testaments,Testaments,FAMILY_COPY_STRICT,it+lb+nl
data,lb,B2,1906,Vermächtnis,testaments,Testaments,FAMILY_COPY_STRICT,it+lb+nl
data,nl,B2,1906,Vermächtnis,testaments,Testaments,FAMILY_COPY_STRICT,it+lb+nl
data,hr,B2,1907,Vermerk,piezīme • atzīme,Примечание • Отметка,SCRIPT_MISMATCH,
data,hr,B2,1907,Vermerk,piezīme • atzīme,Примечание • Отметка,MARKER_LEAK,foreign_script
data,it,B2,1907,Vermerk,piezīme • atzīme,Piezīme • Atzīme,SAME_AS_LV_CASEFOLD,casefold_only
data,it,B2,1907,Vermerk,piezīme • atzīme,Piezīme • Atzīme,LV_DIACRITIC,
data,it,B2,1907,Vermerk,piezīme • atzīme,Piezīme • Atzīme,MARKER_LEAK,lv_macron_consonant
data,lb,B2,1907,Vermerk,piezīme • atzīme,Piezīme • Atzīme,SAME_AS_LV_CASEFOLD,casefold_only
data,lb,B2,1907,Vermerk,piezīme • atzīme,Piezīme • Atzīme,LV_DIACRITIC,
data,lb,B2,1907,Vermerk,piezīme • atzīme,Piezīme • Atzīme,MARKER_LEAK,lv_macron_consonant
data,nl,B2,1907,Vermerk,piezīme • atzīme,Piezīme • Atzīme,SAME_AS_LV_CASEFOLD,casefold_only
data,nl,B2,1907,Vermerk,piezīme • atzīme,Piezīme • Atzīme,LV_DIACRITIC,
data,nl,B2,1907,Vermerk,piezīme • atzīme,Piezīme • Atzīme,MARKER_LEAK,lv_macron_consonant
data,pt,B2,1907,Vermerk,piezīme • atzīme,Piezīme • Atzīme,SAME_AS_LV_CASEFOLD,casefold_only
data,pt,B2,1907,Vermerk,piezīme • atzīme,Piezīme • Atzīme,LV_DIACRITIC,
data,pt,B2,1907,Vermerk,piezīme • atzīme,Piezīme • Atzīme,MARKER_LEAK,lv_macron_consonant
data,sl,B2,1907,Vermerk,piezīme • atzīme,piezīme • atzīme,SAME_AS_LV_CASEFOLD,exact
data,sl,B2,1907,Vermerk,piezīme • atzīme,piezīme • atzīme,LV_DIACRITIC,
data,sl,B2,1907,Vermerk,piezīme • atzīme,piezīme • atzīme,MARKER_LEAK,lv_macron_consonant
data,bg,B2,1907,Vermerk,piezīme • atzīme,Примечание • Отметка,FAMILY_COPY_STRICT,bg+hr+mk+ru+sr
data,hr,B2,1907,Vermerk,piezīme • atzīme,Примечание • Отметка,FAMILY_COPY_STRICT,bg+hr+mk+ru+sr
data,mk,B2,1907,Vermerk,piezīme • atzīme,Примечание • Отметка,FAMILY_COPY_STRICT,bg+hr+mk+ru+sr
data,ru,B2,1907,Vermerk,piezīme • atzīme,Примечание • Отметка,FAMILY_COPY_STRICT,bg+hr+mk+ru+sr
data,sr,B2,1907,Vermerk,piezīme • atzīme,Примечание • Отметка,FAMILY_COPY_STRICT,bg+hr+mk+ru+sr
data,fi,B2,1907,Vermerk,piezīme • atzīme,Märkus • Märge,FAMILY_COPY_STRICT,fi+is+nb+nn+sv
data,is,B2,1907,Vermerk,piezīme • atzīme,Märkus • Märge,FAMILY_COPY_STRICT,fi+is+nb+nn+sv
data,nb,B2,1907,Vermerk,piezīme • atzīme,Märkus • Märge,FAMILY_COPY_STRICT,fi+is+nb+nn+sv
data,nn,B2,1907,Vermerk,piezīme • atzīme,Märkus • Märge,FAMILY_COPY_STRICT,fi+is+nb+nn+sv
data,sv,B2,1907,Vermerk,piezīme • atzīme,Märkus • Märge,FAMILY_COPY_STRICT,fi+is+nb+nn+sv
data,it,B2,1907,Vermerk,piezīme • atzīme,Piezīme • Atzīme,FAMILY_COPY_STRICT,it+lb+nl+pt
data,lb,B2,1907,Vermerk,piezīme • atzīme,Piezīme • Atzīme,FAMILY_COPY_STRICT,it+lb+nl+pt
data,nl,B2,1907,Vermerk,piezīme • atzīme,Piezīme • Atzīme,FAMILY_COPY_STRICT,it+lb+nl+pt
data,pt,B2,1907,Vermerk,piezīme • atzīme,Piezīme • Atzīme,FAMILY_COPY_STRICT,it+lb+nl+pt
data,pl,B2,1907,Vermerk,piezīme • atzīme,Uwaga • Znak,FAMILY_COPY_STRICT,pl+sk+sq+tr
data,sk,B2,1907,Vermerk,piezīme • atzīme,Uwaga • Znak,FAMILY_COPY_STRICT,pl+sk+sq+tr
data,sq,B2,1907,Vermerk,piezīme • atzīme,Uwaga • Znak,FAMILY_COPY_STRICT,pl+sk+sq+tr
data,tr,B2,1907,Vermerk,piezīme • atzīme,Uwaga • Znak,FAMILY_COPY_STRICT,pl+sk+sq+tr
data,hr,B2,1908,Vermögen,īpašums,Собственост,SCRIPT_MISMATCH,
data,hr,B2,1908,Vermögen,īpašums,Собственост,MARKER_LEAK,foreign_script
data,it,B2,1908,Vermögen,īpašums,Īpašums,SAME_AS_LV_CASEFOLD,casefold_only
data,it,B2,1908,Vermögen,īpašums,Īpašums,LV_DIACRITIC,
data,it,B2,1908,Vermögen,īpašums,Īpašums,MARKER_LEAK,lv_macron_consonant
data,lb,B2,1908,Vermögen,īpašums,Īpašums,SAME_AS_LV_CASEFOLD,casefold_only
data,lb,B2,1908,Vermögen,īpašums,Īpašums,LV_DIACRITIC,
data,lb,B2,1908,Vermögen,īpašums,Īpašums,MARKER_LEAK,lv_macron_consonant
data,nl,B2,1908,Vermögen,īpašums,Īpašums,SAME_AS_LV_CASEFOLD,casefold_only
data,nl,B2,1908,Vermögen,īpašums,Īpašums,LV_DIACRITIC,
data,nl,B2,1908,Vermögen,īpašums,Īpašums,MARKER_LEAK,lv_macron_consonant
data,pt,B2,1908,Vermögen,īpašums,Īpašums,SAME_AS_LV_CASEFOLD,casefold_only
data,pt,B2,1908,Vermögen,īpašums,Īpašums,LV_DIACRITIC,
data,pt,B2,1908,Vermögen,īpašums,Īpašums,MARKER_LEAK,lv_macron_consonant
data,sk,B2,1908,Vermögen,īpašums,Nieruchomość,MARKER_LEAK,pl_l_s_z
data,sl,B2,1908,Vermögen,īpašums,īpašums,SAME_AS_LV_CASEFOLD,exact
data,sl,B2,1908,Vermögen,īpašums,īpašums,LV_DIACRITIC,
data,sl,B2,1908,Vermögen,īpašums,īpašums,MARKER_LEAK,lv_macron_consonant
data,bg,B2,1908,Vermögen,īpašums,Собственост,FAMILY_COPY_STRICT,bg+hr+mk+sr
data,hr,B2,1908,Vermögen,īpašums,Собственост,FAMILY_COPY_STRICT,bg+hr+mk+sr
data,mk,B2,1908,Vermögen,īpašums,Собственост,FAMILY_COPY_STRICT,bg+hr+mk+sr
data,sr,B2,1908,Vermögen,īpašums,Собственост,FAMILY_COPY_STRICT,bg+hr+mk+sr
data,fi,B2,1908,Vermögen,īpašums,Omand,FAMILY_COPY_STRICT,fi+is+nb+nn+sv
data,is,B2,1908,Vermögen,īpašums,Omand,FAMILY_COPY_STRICT,fi+is+nb+nn+sv
data,nb,B2,1908,Vermögen,īpašums,Omand,FAMILY_COPY_STRICT,fi+is+nb+nn+sv
data,nn,B2,1908,Vermögen,īpašums,Omand,FAMILY_COPY_STRICT,fi+is+nb+nn+sv
data,sv,B2,1908,Vermögen,īpašums,Omand,FAMILY_COPY_STRICT,fi+is+nb+nn+sv
data,it,B2,1908,Vermögen,īpašums,Īpašums,FAMILY_COPY_STRICT,it+lb+nl+pt
data,lb,B2,1908,Vermögen,īpašums,Īpašums,FAMILY_COPY_STRICT,it+lb+nl+pt
data,nl,B2,1908,Vermögen,īpašums,Īpašums,FAMILY_COPY_STRICT,it+lb+nl+pt
data,pt,B2,1908,Vermögen,īpašums,Īpašums,FAMILY_COPY_STRICT,it+lb+nl+pt
data,pl,B2,1908,Vermögen,īpašums,Nieruchomość,FAMILY_COPY_STRICT,pl+sk
data,sk,B2,1908,Vermögen,īpašums,Nieruchomość,FAMILY_COPY_STRICT,pl+sk
data,sq,B2,1908,Vermögen,īpašums,Mülk,FAMILY_COPY_STRICT,sq+tr
data,tr,B2,1908,Vermögen,īpašums,Mülk,FAMILY_COPY_STRICT,sq+tr
data,hr,B2,1909,Vermutung,pieņēmums • hipotēze,Предположение • Гипотеза,SCRIPT_MISMATCH,
data,hr,B2,1909,Vermutung,pieņēmums • hipotēze,Предположение • Гипотеза,MARKER_LEAK,foreign_script
data,it,B2,1909,Vermutung,pieņēmums • hipotēze,Pieņēmums • Hipotēze,SAME_AS_LV_CASEFOLD,casefold_only
data,it,B2,1909,Vermutung,pieņēmums • hipotēze,Pieņēmums • Hipotēze,LV_DIACRITIC,
data,it,B2,1909,Vermutung,pieņēmums • hipotēze,Pieņēmums • Hipotēze,MARKER_LEAK,lv_macron_consonant
data,lb,B2,1909,Vermutung,pieņēmums • hipotēze,Pieņēmums • Hipotēze,SAME_AS_LV_CASEFOLD,casefold_only
data,lb,B2,1909,Vermutung,pieņēmums • hipotēze,Pieņēmums • Hipotēze,LV_DIACRITIC,
data,lb,B2,1909,Vermutung,pieņēmums • hipotēze,Pieņēmums • Hipotēze,MARKER_LEAK,lv_macron_consonant
data,nl,B2,1909,Vermutung,pieņēmums • hipotēze,Pieņēmums • Hipotēze,SAME_AS_LV_CASEFOLD,casefold_only
data,nl,B2,1909,Vermutung,pieņēmums • hipotēze,Pieņēmums • Hipotēze,LV_DIACRITIC,
data,nl,B2,1909,Vermutung,pieņēmums • hipotēze,Pieņēmums • Hipotēze,MARKER_LEAK,lv_macron_consonant
data,pt,B2,1909,Vermutung,pieņēmums • hipotēze,Pieņēmums • Hipoteze,LV_DIACRITIC,
data,pt,B2,1909,Vermutung,pieņēmums • hipotēze,Pieņēmums • Hipoteze,MARKER_LEAK,lv_macron_consonant
data,sk,B2,1909,Vermutung,pieņēmums • hipotēze,Założenie • Hipoteza,MARKER_LEAK,pl_l_s_z
data,sl,B2,1909,Vermutung,pieņēmums • hipotēze,pieņēmums • hipotēze,SAME_AS_LV_CASEFOLD,exact
data,sl,B2,1909,Vermutung,pieņēmums • hipotēze,pieņēmums • hipotēze,LV_DIACRITIC,
data,sl,B2,1909,Vermutung,pieņēmums • hipotēze,pieņēmums • hipotēze,MARKER_LEAK,lv_macron_consonant
data,sq,B2,1909,Vermutung,pieņēmums • hipotēze,Założenie • Hipoteza,MARKER_LEAK,pl_l_s_z
data,tr,B2,1909,Vermutung,pieņēmums • hipotēze,Założenie • Hipoteza,MARKER_LEAK,pl_l_s_z
data,bg,B2,1909,Vermutung,pieņēmums • hipotēze,Предположение • Гипотеза,FAMILY_COPY_STRICT,bg+hr+mk+ru+sr
data,hr,B2,1909,Vermutung,pieņēmums • hipotēze,Предположение • Гипотеза,FAMILY_COPY_STRICT,bg+hr+mk+ru+sr
data,mk,B2,1909,Vermutung,pieņēmums • hipotēze,Предположение • Гипотеза,FAMILY_COPY_STRICT,bg+hr+mk+ru+sr
data,ru,B2,1909,Vermutung,pieņēmums • hipotēze,Предположение • Гипотеза,FAMILY_COPY_STRICT,bg+hr+mk+ru+sr
data,sr,B2,1909,Vermutung,pieņēmums • hipotēze,Предположение • Гипотеза,FAMILY_COPY_STRICT,bg+hr+mk+ru+sr
data,fi,B2,1909,Vermutung,pieņēmums • hipotēze,Eeldus • Hüpotees,FAMILY_COPY_STRICT,fi+is+nb+nn+sv
data,is,B2,1909,Vermutung,pieņēmums • hipotēze,Eeldus • Hüpotees,FAMILY_COPY_STRICT,fi+is+nb+nn+sv
data,nb,B2,1909,Vermutung,pieņēmums • hipotēze,Eeldus • Hüpotees,FAMILY_COPY_STRICT,fi+is+nb+nn+sv
data,nn,B2,1909,Vermutung,pieņēmums • hipotēze,Eeldus • Hüpotees,FAMILY_COPY_STRICT,fi+is+nb+nn+sv
data,sv,B2,1909,Vermutung,pieņēmums • hipotēze,Eeldus • Hüpotees,FAMILY_COPY_STRICT,fi+is+nb+nn+sv
data,it,B2,1909,Vermutung,pieņēmums • hipotēze,Pieņēmums • Hipotēze,FAMILY_COPY_STRICT,it+lb+nl
data,lb,B2,1909,Vermutung,pieņēmums • hipotēze,Pieņēmums • Hipotēze,FAMILY_COPY_STRICT,it+lb+nl
data,nl,B2,1909,Vermutung,pieņēmums • hipotēze,Pieņēmums • Hipotēze,FAMILY_COPY_STRICT,it+lb+nl
data,pl,B2,1909,Vermutung,pieņēmums • hipotēze,Założenie • Hipoteza,FAMILY_COPY_STRICT,pl+sk+sq+tr
data,sk,B2,1909,Vermutung,pieņēmums • hipotēze,Założenie • Hipoteza,FAMILY_COPY_STRICT,pl+sk+sq+tr
data,sq,B2,1909,Vermutung,pieņēmums • hipotēze,Założenie • Hipoteza,FAMILY_COPY_STRICT,pl+sk+sq+tr
data,tr,B2,1909,Vermutung,pieņēmums • hipotēze,Założenie • Hipoteza,FAMILY_COPY_STRICT,pl+sk+sq+tr
data,hr,B2,1910,Vernehmung,nopratināšana policijā,Допрос в полиции,SCRIPT_MISMATCH,
data,hr,B2,1910,Vernehmung,nopratināšana policijā,Допрос в полиции,MARKER_LEAK,foreign_script
data,it,B2,1910,Vernehmung,nopratināšana policijā,Nopratināšana policijā,SAME_AS_LV_CASEFOLD,casefold_only
data,it,B2,1910,Vernehmung,nopratināšana policijā,Nopratināšana policijā,LV_DIACRITIC,
data,it,B2,1910,Vernehmung,nopratināšana policijā,Nopratināšana policijā,MARKER_LEAK,lv_macron_consonant
data,lb,B2,1910,Vernehmung,nopratināšana policijā,Nopratināšana policijā,SAME_AS_LV_CASEFOLD,casefold_only
data,lb,B2,1910,Vernehmung,nopratināšana policijā,Nopratināšana policijā,LV_DIACRITIC,
data,lb,B2,1910,Vernehmung,nopratināšana policijā,Nopratināšana policijā,MARKER_LEAK,lv_macron_consonant
data,nl,B2,1910,Vernehmung,nopratināšana policijā,Nopratināšana policijā,SAME_AS_LV_CASEFOLD,casefold_only
data,nl,B2,1910,Vernehmung,nopratināšana policijā,Nopratināšana policijā,LV_DIACRITIC,
data,nl,B2,1910,Vernehmung,nopratināšana policijā,Nopratināšana policijā,MARKER_LEAK,lv_macron_consonant
data,pt,B2,1910,Vernehmung,nopratināšana policijā,Política nopratināšana,LV_DIACRITIC,
data,pt,B2,1910,Vernehmung,nopratināšana policijā,Política nopratināšana,MARKER_LEAK,lv_macron_consonant
data,sl,B2,1910,Vernehmung,nopratināšana policijā,nopratināšana policijā,SAME_AS_LV_CASEFOLD,exact
data,sl,B2,1910,Vernehmung,nopratināšana policijā,nopratināšana policijā,LV_DIACRITIC,
data,sl,B2,1910,Vernehmung,nopratināšana policijā,nopratināšana policijā,MARKER_LEAK,lv_macron_consonant
data,sq,B2,1910,Vernehmung,nopratināšana policijā,Polis sorgulaması,MARKER_LEAK,tr_soft
data,bg,B2,1910,Vernehmung,nopratināšana policijā,Допрос в полиции,FAMILY_COPY_STRICT,bg+hr+mk+ru+sr
data,hr,B2,1910,Vernehmung,nopratināšana policijā,Допрос в полиции,FAMILY_COPY_STRICT,bg+hr+mk+ru+sr
data,mk,B2,1910,Vernehmung,nopratināšana policijā,Допрос в полиции,FAMILY_COPY_STRICT,bg+hr+mk+ru+sr
data,ru,B2,1910,Vernehmung,nopratināšana policijā,Допрос в полиции,FAMILY_COPY_STRICT,bg+hr+mk+ru+sr
data,sr,B2,1910,Vernehmung,nopratināšana policijā,Допрос в полиции,FAMILY_COPY_STRICT,bg+hr+mk+ru+sr
data,fi,B2,1910,Vernehmung,nopratināšana policijā,Ülekuulamine politseis,FAMILY_COPY_STRICT,fi+is+nb+nn+sv
data,is,B2,1910,Vernehmung,nopratināšana policijā,Ülekuulamine politseis,FAMILY_COPY_STRICT,fi+is+nb+nn+sv
data,nb,B2,1910,Vernehmung,nopratināšana policijā,Ülekuulamine politseis,FAMILY_COPY_STRICT,fi+is+nb+nn+sv
data,nn,B2,1910,Vernehmung,nopratināšana policijā,Ülekuulamine politseis,FAMILY_COPY_STRICT,fi+is+nb+nn+sv
data,sv,B2,1910,Vernehmung,nopratināšana policijā,Ülekuulamine politseis,FAMILY_COPY_STRICT,fi+is+nb+nn+sv
data,it,B2,1910,Vernehmung,nopratināšana policijā,Nopratināšana policijā,FAMILY_COPY_STRICT,it+lb+nl
data,lb,B2,1910,Vernehmung,nopratināšana policijā,Nopratināšana policijā,FAMILY_COPY_STRICT,it+lb+nl
data,nl,B2,1910,Vernehmung,nopratināšana policijā,Nopratināšana policijā,FAMILY_COPY_STRICT,it+lb+nl
data,sq,B2,1910,Vernehmung,nopratināšana policijā,Polis sorgulaması,FAMILY_COPY_STRICT,sq+tr
data,tr,B2,1910,Vernehmung,nopratināšana policijā,Polis sorgulaması,FAMILY_COPY_STRICT,sq+tr
data,hr,B2,1911,Verrat,nodevība,Предательство,SCRIPT_MISMATCH,
data,hr,B2,1911,Verrat,nodevība,Предательство,MARKER_LEAK,foreign_script
data,it,B2,1911,Verrat,nodevība,Nodevība,SAME_AS_LV_CASEFOLD,casefold_only
data,it,B2,1911,Verrat,nodevība,Nodevība,LV_DIACRITIC,
data,it,B2,1911,Verrat,nodevība,Nodevība,MARKER_LEAK,lv_macron_consonant
data,lb,B2,1911,Verrat,nodevība,Nodevība,SAME_AS_LV_CASEFOLD,casefold_only
data,lb,B2,1911,Verrat,nodevība,Nodevība,LV_DIACRITIC,
data,lb,B2,1911,Verrat,nodevība,Nodevība,MARKER_LEAK,lv_macron_consonant
data,nl,B2,1911,Verrat,nodevība,Nodevība,SAME_AS_LV_CASEFOLD,casefold_only
data,nl,B2,1911,Verrat,nodevība,Nodevība,LV_DIACRITIC,
data,nl,B2,1911,Verrat,nodevība,Nodevība,MARKER_LEAK,lv_macron_consonant
data,sl,B2,1911,Verrat,nodevība,nodevība,SAME_AS_LV_CASEFOLD,exact
data,sl,B2,1911,Verrat,nodevība,nodevība,LV_DIACRITIC,
data,sl,B2,1911,Verrat,nodevība,nodevība,MARKER_LEAK,lv_macron_consonant
data,bg,B2,1911,Verrat,nodevība,Предательство,FAMILY_COPY_STRICT,bg+hr+mk+ru+sr
data,hr,B2,1911,Verrat,nodevība,Предательство,FAMILY_COPY_STRICT,bg+hr+mk+ru+sr
data,mk,B2,1911,Verrat,nodevība,Предательство,FAMILY_COPY_STRICT,bg+hr+mk+ru+sr
data,ru,B2,1911,Verrat,nodevība,Предательство,FAMILY_COPY_STRICT,bg+hr+mk+ru+sr
data,sr,B2,1911,Verrat,nodevība,Предательство,FAMILY_COPY_STRICT,bg+hr+mk+ru+sr
data,fi,B2,1911,Verrat,nodevība,Reetmine,FAMILY_COPY_STRICT,fi+is+nb+nn+sv
data,is,B2,1911,Verrat,nodevība,Reetmine,FAMILY_COPY_STRICT,fi+is+nb+nn+sv
data,nb,B2,1911,Verrat,nodevība,Reetmine,FAMILY_COPY_STRICT,fi+is+nb+nn+sv
data,nn,B2,1911,Verrat,nodevība,Reetmine,FAMILY_COPY_STRICT,fi+is+nb+nn+sv
data,sv,B2,1911,Verrat,nodevība,Reetmine,FAMILY_COPY_STRICT,fi+is+nb+nn+sv
data,it,B2,1911,Verrat,nodevība,Nodevība,FAMILY_COPY_STRICT,it+lb+nl
data,lb,B2,1911,Verrat,nodevība,Nodevība,FAMILY_COPY_STRICT,it+lb+nl
data,nl,B2,1911,Verrat,nodevība,Nodevība,FAMILY_COPY_STRICT,it+lb+nl
data,pl,B2,1911,Verrat,nodevība,Zdrada,FAMILY_COPY_STRICT,pl+sk+sq+tr
data,sk,B2,1911,Verrat,nodevība,Zdrada,FAMILY_COPY_STRICT,pl+sk+sq+tr
data,sq,B2,1911,Verrat,nodevība,Zdrada,FAMILY_COPY_STRICT,pl+sk+sq+tr
data,tr,B2,1911,Verrat,nodevība,Zdrada,FAMILY_COPY_STRICT,pl+sk+sq+tr
data,hr,B2,1912,Vers,pants,Статия,SCRIPT_MISMATCH,
data,hr,B2,1912,Vers,pants,Статия,MARKER_LEAK,foreign_script
data,it,B2,1912,Vers,pants,Pants,SAME_AS_LV_CASEFOLD,casefold_only
data,lb,B2,1912,Vers,pants,Pants,SAME_AS_LV_CASEFOLD,casefold_only
data,nl,B2,1912,Vers,pants,Pants,SAME_AS_LV_CASEFOLD,casefold_only
data,sl,B2,1912,Vers,pants,pants,SAME_AS_LV_CASEFOLD,exact
data,bg,B2,1912,Vers,pants,Статия,FAMILY_COPY_STRICT,bg+hr+mk+sr
data,hr,B2,1912,Vers,pants,Статия,FAMILY_COPY_STRICT,bg+hr+mk+sr
data,mk,B2,1912,Vers,pants,Статия,FAMILY_COPY_STRICT,bg+hr+mk+sr
data,sr,B2,1912,Vers,pants,Статия,FAMILY_COPY_STRICT,bg+hr+mk+sr
data,fi,B2,1912,Vers,pants,Salm,FAMILY_COPY_STRICT,fi+is+nb+nn+sv
data,is,B2,1912,Vers,pants,Salm,FAMILY_COPY_STRICT,fi+is+nb+nn+sv
data,nb,B2,1912,Vers,pants,Salm,FAMILY_COPY_STRICT,fi+is+nb+nn+sv
data,nn,B2,1912,Vers,pants,Salm,FAMILY_COPY_STRICT,fi+is+nb+nn+sv
data,sv,B2,1912,Vers,pants,Salm,FAMILY_COPY_STRICT,fi+is+nb+nn+sv
data,it,B2,1912,Vers,pants,Pants,FAMILY_COPY_STRICT,it+lb+nl
data,lb,B2,1912,Vers,pants,Pants,FAMILY_COPY_STRICT,it+lb+nl
data,nl,B2,1912,Vers,pants,Pants,FAMILY_COPY_STRICT,it+lb+nl
data,hr,B2,1913,Versager,zaudētājs • neveiksminieks,Неудачник • Неудачник,SCRIPT_MISMATCH,
data,hr,B2,1913,Versager,zaudētājs • neveiksminieks,Неудачник • Неудачник,MARKER_LEAK,foreign_script
data,it,B2,1913,Versager,zaudētājs • neveiksminieks,Zaudētājs • Neveiksminieks,SAME_AS_LV_CASEFOLD,casefold_only
data,it,B2,1913,Versager,zaudētājs • neveiksminieks,Zaudētājs • Neveiksminieks,LV_DIACRITIC,
data,it,B2,1913,Versager,zaudētājs • neveiksminieks,Zaudētājs • Neveiksminieks,MARKER_LEAK,lv_macron_consonant
data,lb,B2,1913,Versager,zaudētājs • neveiksminieks,Zaudētājs • Neveiksminieks,SAME_AS_LV_CASEFOLD,casefold_only
data,lb,B2,1913,Versager,zaudētājs • neveiksminieks,Zaudētājs • Neveiksminieks,LV_DIACRITIC,
data,lb,B2,1913,Versager,zaudētājs • neveiksminieks,Zaudētājs • Neveiksminieks,MARKER_LEAK,lv_macron_consonant
data,nl,B2,1913,Versager,zaudētājs • neveiksminieks,Zaudētājs • Neveiksminieks,SAME_AS_LV_CASEFOLD,casefold_only
data,nl,B2,1913,Versager,zaudētājs • neveiksminieks,Zaudētājs • Neveiksminieks,LV_DIACRITIC,
data,nl,B2,1913,Versager,zaudētājs • neveiksminieks,Zaudētājs • Neveiksminieks,MARKER_LEAK,lv_macron_consonant
data,pt,B2,1913,Versager,zaudētājs • neveiksminieks,Zaudētājs • Neveiksminieks,SAME_AS_LV_CASEFOLD,casefold_only
data,pt,B2,1913,Versager,zaudētājs • neveiksminieks,Zaudētājs • Neveiksminieks,LV_DIACRITIC,
data,pt,B2,1913,Versager,zaudētājs • neveiksminieks,Zaudētājs • Neveiksminieks,MARKER_LEAK,lv_macron_consonant
data,sl,B2,1913,Versager,zaudētājs • neveiksminieks,zaudētājs • neveiksminieks,SAME_AS_LV_CASEFOLD,exact
data,sl,B2,1913,Versager,zaudētājs • neveiksminieks,zaudētājs • neveiksminieks,LV_DIACRITIC,
data,sl,B2,1913,Versager,zaudētājs • neveiksminieks,zaudētājs • neveiksminieks,MARKER_LEAK,lv_macron_consonant
data,bg,B2,1913,Versager,zaudētājs • neveiksminieks,Неудачник • Неудачник,FAMILY_COPY_STRICT,bg+hr+mk+ru+sr
data,hr,B2,1913,Versager,zaudētājs • neveiksminieks,Неудачник • Неудачник,FAMILY_COPY_STRICT,bg+hr+mk+ru+sr
data,mk,B2,1913,Versager,zaudētājs • neveiksminieks,Неудачник • Неудачник,FAMILY_COPY_STRICT,bg+hr+mk+ru+sr
data,ru,B2,1913,Versager,zaudētājs • neveiksminieks,Неудачник • Неудачник,FAMILY_COPY_STRICT,bg+hr+mk+ru+sr
data,sr,B2,1913,Versager,zaudētājs • neveiksminieks,Неудачник • Неудачник,FAMILY_COPY_STRICT,bg+hr+mk+ru+sr
data,fi,B2,1913,Versager,zaudētājs • neveiksminieks,Kaotaja,FAMILY_COPY_STRICT,fi+is+nb+nn+sv
data,is,B2,1913,Versager,zaudētājs • neveiksminieks,Kaotaja,FAMILY_COPY_STRICT,fi+is+nb+nn+sv
data,nb,B2,1913,Versager,zaudētājs • neveiksminieks,Kaotaja,FAMILY_COPY_STRICT,fi+is+nb+nn+sv
data,nn,B2,1913,Versager,zaudētājs • neveiksminieks,Kaotaja,FAMILY_COPY_STRICT,fi+is+nb+nn+sv
data,sv,B2,1913,Versager,zaudētājs • neveiksminieks,Kaotaja,FAMILY_COPY_STRICT,fi+is+nb+nn+sv
data,it,B2,1913,Versager,zaudētājs • neveiksminieks,Zaudētājs • Neveiksminieks,FAMILY_COPY_STRICT,it+lb+nl+pt
data,lb,B2,1913,Versager,zaudētājs • neveiksminieks,Zaudētājs • Neveiksminieks,FAMILY_COPY_STRICT,it+lb+nl+pt
data,nl,B2,1913,Versager,zaudētājs • neveiksminieks,Zaudētājs • Neveiksminieks,FAMILY_COPY_STRICT,it+lb+nl+pt
data,pt,B2,1913,Versager,zaudētājs • neveiksminieks,Zaudētājs • Neveiksminieks,FAMILY_COPY_STRICT,it+lb+nl+pt
data,pl,B2,1913,Versager,zaudētājs • neveiksminieks,Przegrany • Przegrany,FAMILY_COPY_STRICT,pl+sk+sq+tr
data,sk,B2,1913,Versager,zaudētājs • neveiksminieks,Przegrany • Przegrany,FAMILY_COPY_STRICT,pl+sk+sq+tr
data,sq,B2,1913,Versager,zaudētājs • neveiksminieks,Przegrany • Przegrany,FAMILY_COPY_STRICT,pl+sk+sq+tr
data,tr,B2,1913,Versager,zaudētājs • neveiksminieks,Przegrany • Przegrany,FAMILY_COPY_STRICT,pl+sk+sq+tr
data,hr,B2,1914,Verschluss,aiztaisāmais • aizslēgs,Закрытие • Замок,SCRIPT_MISMATCH,
data,hr,B2,1914,Verschluss,aiztaisāmais • aizslēgs,Закрытие • Замок,MARKER_LEAK,foreign_script
data,it,B2,1914,Verschluss,aiztaisāmais • aizslēgs,Aiztaisāmais • Aizslēgs,SAME_AS_LV_CASEFOLD,casefold_only
data,it,B2,1914,Verschluss,aiztaisāmais • aizslēgs,Aiztaisāmais • Aizslēgs,LV_DIACRITIC,
data,it,B2,1914,Verschluss,aiztaisāmais • aizslēgs,Aiztaisāmais • Aizslēgs,MARKER_LEAK,lv_macron_consonant
data,lb,B2,1914,Verschluss,aiztaisāmais • aizslēgs,Aiztaisāmais • Aizslēgs,SAME_AS_LV_CASEFOLD,casefold_only
data,lb,B2,1914,Verschluss,aiztaisāmais • aizslēgs,Aiztaisāmais • Aizslēgs,LV_DIACRITIC,
data,lb,B2,1914,Verschluss,aiztaisāmais • aizslēgs,Aiztaisāmais • Aizslēgs,MARKER_LEAK,lv_macron_consonant
data,nl,B2,1914,Verschluss,aiztaisāmais • aizslēgs,Aiztaisāmais • Aizslēgs,SAME_AS_LV_CASEFOLD,casefold_only
data,nl,B2,1914,Verschluss,aiztaisāmais • aizslēgs,Aiztaisāmais • Aizslēgs,LV_DIACRITIC,
data,nl,B2,1914,Verschluss,aiztaisāmais • aizslēgs,Aiztaisāmais • Aizslēgs,MARKER_LEAK,lv_macron_consonant
data,pt,B2,1914,Verschluss,aiztaisāmais • aizslēgs,Aiztaisāmais • Aizslēgs,SAME_AS_LV_CASEFOLD,casefold_only
data,pt,B2,1914,Verschluss,aiztaisāmais • aizslēgs,Aiztaisāmais • Aizslēgs,LV_DIACRITIC,
data,pt,B2,1914,Verschluss,aiztaisāmais • aizslēgs,Aiztaisāmais • Aizslēgs,MARKER_LEAK,lv_macron_consonant
data,sl,B2,1914,Verschluss,aiztaisāmais • aizslēgs,aiztaisāmais • aizslēgs,SAME_AS_LV_CASEFOLD,exact
data,sl,B2,1914,Verschluss,aiztaisāmais • aizslēgs,aiztaisāmais • aizslēgs,LV_DIACRITIC,
data,sl,B2,1914,Verschluss,aiztaisāmais • aizslēgs,aiztaisāmais • aizslēgs,MARKER_LEAK,lv_macron_consonant
data,bg,B2,1914,Verschluss,aiztaisāmais • aizslēgs,Закрытие • Замок,FAMILY_COPY_STRICT,bg+hr+mk+ru+sr
data,hr,B2,1914,Verschluss,aiztaisāmais • aizslēgs,Закрытие • Замок,FAMILY_COPY_STRICT,bg+hr+mk+ru+sr
data,mk,B2,1914,Verschluss,aiztaisāmais • aizslēgs,Закрытие • Замок,FAMILY_COPY_STRICT,bg+hr+mk+ru+sr
data,ru,B2,1914,Verschluss,aiztaisāmais • aizslēgs,Закрытие • Замок,FAMILY_COPY_STRICT,bg+hr+mk+ru+sr
data,sr,B2,1914,Verschluss,aiztaisāmais • aizslēgs,Закрытие • Замок,FAMILY_COPY_STRICT,bg+hr+mk+ru+sr
data,fi,B2,1914,Verschluss,aiztaisāmais • aizslēgs,Lukk • Riiv,FAMILY_COPY_STRICT,fi+is+nb+nn+sv
data,is,B2,1914,Verschluss,aiztaisāmais • aizslēgs,Lukk • Riiv,FAMILY_COPY_STRICT,fi+is+nb+nn+sv
data,nb,B2,1914,Verschluss,aiztaisāmais • aizslēgs,Lukk • Riiv,FAMILY_COPY_STRICT,fi+is+nb+nn+sv
data,nn,B2,1914,Verschluss,aiztaisāmais • aizslēgs,Lukk • Riiv,FAMILY_COPY_STRICT,fi+is+nb+nn+sv
data,sv,B2,1914,Verschluss,aiztaisāmais • aizslēgs,Lukk • Riiv,FAMILY_COPY_STRICT,fi+is+nb+nn+sv
data,it,B2,1914,Verschluss,aiztaisāmais • aizslēgs,Aiztaisāmais • Aizslēgs,FAMILY_COPY_STRICT,it+lb+nl+pt
data,lb,B2,1914,Verschluss,aiztaisāmais • aizslēgs,Aiztaisāmais • Aizslēgs,FAMILY_COPY_STRICT,it+lb+nl+pt
data,nl,B2,1914,Verschluss,aiztaisāmais • aizslēgs,Aiztaisāmais • Aizslēgs,FAMILY_COPY_STRICT,it+lb+nl+pt
data,pt,B2,1914,Verschluss,aiztaisāmais • aizslēgs,Aiztaisāmais • Aizslēgs,FAMILY_COPY_STRICT,it+lb+nl+pt
data,pl,B2,1914,Verschluss,aiztaisāmais • aizslēgs,Zamykanie • Zamek,FAMILY_COPY_STRICT,pl+sk+sq+tr
data,sk,B2,1914,Verschluss,aiztaisāmais • aizslēgs,Zamykanie • Zamek,FAMILY_COPY_STRICT,pl+sk+sq+tr
data,sq,B2,1914,Verschluss,aiztaisāmais • aizslēgs,Zamykanie • Zamek,FAMILY_COPY_STRICT,pl+sk+sq+tr
data,tr,B2,1914,Verschluss,aiztaisāmais • aizslēgs,Zamykanie • Zamek,FAMILY_COPY_STRICT,pl+sk+sq+tr
data,hr,B2,1915,Versehen,kļūda • pārskatīšanās,Ошибка • Редакция,SCRIPT_MISMATCH,
data,hr,B2,1915,Versehen,kļūda • pārskatīšanās,Ошибка • Редакция,MARKER_LEAK,foreign_script
data,it,B2,1915,Versehen,kļūda • pārskatīšanās,Kļūda • Pārskatīšanās,SAME_AS_LV_CASEFOLD,casefold_only
data,it,B2,1915,Versehen,kļūda • pārskatīšanās,Kļūda • Pārskatīšanās,LV_DIACRITIC,
data,it,B2,1915,Versehen,kļūda • pārskatīšanās,Kļūda • Pārskatīšanās,MARKER_LEAK,lv_macron_consonant+lv_u_macron
data,lb,B2,1915,Versehen,kļūda • pārskatīšanās,Kļūda • Pārskatīšanās,SAME_AS_LV_CASEFOLD,casefold_only
data,lb,B2,1915,Versehen,kļūda • pārskatīšanās,Kļūda • Pārskatīšanās,LV_DIACRITIC,
data,lb,B2,1915,Versehen,kļūda • pārskatīšanās,Kļūda • Pārskatīšanās,MARKER_LEAK,lv_macron_consonant+lv_u_macron
data,nl,B2,1915,Versehen,kļūda • pārskatīšanās,Kļūda • Pārskatīšanās,SAME_AS_LV_CASEFOLD,casefold_only
data,nl,B2,1915,Versehen,kļūda • pārskatīšanās,Kļūda • Pārskatīšanās,LV_DIACRITIC,
data,nl,B2,1915,Versehen,kļūda • pārskatīšanās,Kļūda • Pārskatīšanās,MARKER_LEAK,lv_macron_consonant+lv_u_macron
data,pt,B2,1915,Versehen,kļūda • pārskatīšanās,Kļūda • Pārskatīšanas,LV_DIACRITIC,
data,pt,B2,1915,Versehen,kļūda • pārskatīšanās,Kļūda • Pārskatīšanas,MARKER_LEAK,lv_macron_consonant+lv_u_macron
data,sk,B2,1915,Versehen,kļūda • pārskatīšanās,Błąd • Rewizja,MARKER_LEAK,pl_l_s_z+pl_lt_nasal
data,sl,B2,1915,Versehen,kļūda • pārskatīšanās,kļūda • pārskatīšanās,SAME_AS_LV_CASEFOLD,exact
data,sl,B2,1915,Versehen,kļūda • pārskatīšanās,kļūda • pārskatīšanās,LV_DIACRITIC,
data,sl,B2,1915,Versehen,kļūda • pārskatīšanās,kļūda • pārskatīšanās,MARKER_LEAK,lv_macron_consonant+lv_u_macron
data,bg,B2,1915,Versehen,kļūda • pārskatīšanās,Ошибка • Редакция,FAMILY_COPY_STRICT,bg+hr+mk+ru+sr
data,hr,B2,1915,Versehen,kļūda • pārskatīšanās,Ошибка • Редакция,FAMILY_COPY_STRICT,bg+hr+mk+ru+sr
data,mk,B2,1915,Versehen,kļūda • pārskatīšanās,Ошибка • Редакция,FAMILY_COPY_STRICT,bg+hr+mk+ru+sr
data,ru,B2,1915,Versehen,kļūda • pārskatīšanās,Ошибка • Редакция,FAMILY_COPY_STRICT,bg+hr+mk+ru+sr
data,sr,B2,1915,Versehen,kļūda • pārskatīšanās,Ошибка • Редакция,FAMILY_COPY_STRICT,bg+hr+mk+ru+sr
data,fi,B2,1915,Versehen,kļūda • pārskatīšanās,Viga • Eksitus,FAMILY_COPY_STRICT,fi+is+nb+nn+sv
data,is,B2,1915,Versehen,kļūda • pārskatīšanās,Viga • Eksitus,FAMILY_COPY_STRICT,fi+is+nb+nn+sv
data,nb,B2,1915,Versehen,kļūda • pārskatīšanās,Viga • Eksitus,FAMILY_COPY_STRICT,fi+is+nb+nn+sv
data,nn,B2,1915,Versehen,kļūda • pārskatīšanās,Viga • Eksitus,FAMILY_COPY_STRICT,fi+is+nb+nn+sv
data,sv,B2,1915,Versehen,kļūda • pārskatīšanās,Viga • Eksitus,FAMILY_COPY_STRICT,fi+is+nb+nn+sv
data,it,B2,1915,Versehen,kļūda • pārskatīšanās,Kļūda • Pārskatīšanās,FAMILY_COPY_STRICT,it+lb+nl
data,lb,B2,1915,Versehen,kļūda • pārskatīšanās,Kļūda • Pārskatīšanās,FAMILY_COPY_STRICT,it+lb+nl
data,nl,B2,1915,Versehen,kļūda • pārskatīšanās,Kļūda • Pārskatīšanās,FAMILY_COPY_STRICT,it+lb+nl
data,pl,B2,1915,Versehen,kļūda • pārskatīšanās,Błąd • Rewizja,FAMILY_COPY_STRICT,pl+sk
data,sk,B2,1915,Versehen,kļūda • pārskatīšanās,Błąd • Rewizja,FAMILY_COPY_STRICT,pl+sk
data,sq,B2,1915,Versehen,kļūda • pārskatīšanās,Hata • Revizyon,FAMILY_COPY_STRICT,sq+tr
data,tr,B2,1915,Versehen,kļūda • pārskatīšanās,Hata • Revizyon,FAMILY_COPY_STRICT,sq+tr
data,hr,B2,1916,verkommen,panīkt • pagrimt • paklīst,Отказываться • Тонуть • Сбиваться с пути,SCRIPT_MISMATCH,
data,hr,B2,1916,verkommen,panīkt • pagrimt • paklīst,Отказываться • Тонуть • Сбиваться с пути,MARKER_LEAK,foreign_script
data,it,B2,1916,verkommen,panīkt • pagrimt • paklīst,Panīkt • Pagrimt • Paklīst,SAME_AS_LV_CASEFOLD,casefold_only
data,it,B2,1916,verkommen,panīkt • pagrimt • paklīst,Panīkt • Pagrimt • Paklīst,LV_DIACRITIC,
data,it,B2,1916,verkommen,panīkt • pagrimt • paklīst,Panīkt • Pagrimt • Paklīst,MARKER_LEAK,lv_macron_consonant
data,lb,B2,1916,verkommen,panīkt • pagrimt • paklīst,Panīkt • Pagrimt • Paklīst,SAME_AS_LV_CASEFOLD,casefold_only
data,lb,B2,1916,verkommen,panīkt • pagrimt • paklīst,Panīkt • Pagrimt • Paklīst,LV_DIACRITIC,
data,lb,B2,1916,verkommen,panīkt • pagrimt • paklīst,Panīkt • Pagrimt • Paklīst,MARKER_LEAK,lv_macron_consonant
data,nl,B2,1916,verkommen,panīkt • pagrimt • paklīst,Panīkt • Pagrimt • Paklīst,SAME_AS_LV_CASEFOLD,casefold_only
data,nl,B2,1916,verkommen,panīkt • pagrimt • paklīst,Panīkt • Pagrimt • Paklīst,LV_DIACRITIC,
data,nl,B2,1916,verkommen,panīkt • pagrimt • paklīst,Panīkt • Pagrimt • Paklīst,MARKER_LEAK,lv_macron_consonant
data,pt,B2,1916,verkommen,panīkt • pagrimt • paklīst,Panīkt • Pagrimt • Paklīst,SAME_AS_LV_CASEFOLD,casefold_only
data,pt,B2,1916,verkommen,panīkt • pagrimt • paklīst,Panīkt • Pagrimt • Paklīst,LV_DIACRITIC,
data,pt,B2,1916,verkommen,panīkt • pagrimt • paklīst,Panīkt • Pagrimt • Paklīst,MARKER_LEAK,lv_macron_consonant
data,sk,B2,1916,verkommen,panīkt • pagrimt • paklīst,Odmówić • Zatonąć • Zejść na manowce,MARKER_LEAK,pl_l_s_z+pl_lt_nasal
data,sl,B2,1916,verkommen,panīkt • pagrimt • paklīst,panīkt • pagrimt • paklīst,SAME_AS_LV_CASEFOLD,exact
data,sl,B2,1916,verkommen,panīkt • pagrimt • paklīst,panīkt • pagrimt • paklīst,LV_DIACRITIC,
data,sl,B2,1916,verkommen,panīkt • pagrimt • paklīst,panīkt • pagrimt • paklīst,MARKER_LEAK,lv_macron_consonant
data,sq,B2,1916,verkommen,panīkt • pagrimt • paklīst,Reddet • Batmayı • Yoldan çıkmayı,MARKER_LEAK,tr_soft
data,bg,B2,1916,verkommen,panīkt • pagrimt • paklīst,Отказываться • Тонуть • Сбиваться с пути,FAMILY_COPY_STRICT,bg+hr+mk+ru+sr
data,hr,B2,1916,verkommen,panīkt • pagrimt • paklīst,Отказываться • Тонуть • Сбиваться с пути,FAMILY_COPY_STRICT,bg+hr+mk+ru+sr
data,mk,B2,1916,verkommen,panīkt • pagrimt • paklīst,Отказываться • Тонуть • Сбиваться с пути,FAMILY_COPY_STRICT,bg+hr+mk+ru+sr
data,ru,B2,1916,verkommen,panīkt • pagrimt • paklīst,Отказываться • Тонуть • Сбиваться с пути,FAMILY_COPY_STRICT,bg+hr+mk+ru+sr
data,sr,B2,1916,verkommen,panīkt • pagrimt • paklīst,Отказываться • Тонуть • Сбиваться с пути,FAMILY_COPY_STRICT,bg+hr+mk+ru+sr
data,fi,B2,1916,verkommen,panīkt • pagrimt • paklīst,Alla käima • Kaduma,FAMILY_COPY_STRICT,fi+is+nb+nn+sv
data,is,B2,1916,verkommen,panīkt • pagrimt • paklīst,Alla käima • Kaduma,FAMILY_COPY_STRICT,fi+is+nb+nn+sv
data,nb,B2,1916,verkommen,panīkt • pagrimt • paklīst,Alla käima • Kaduma,FAMILY_COPY_STRICT,fi+is+nb+nn+sv
data,nn,B2,1916,verkommen,panīkt • pagrimt • paklīst,Alla käima • Kaduma,FAMILY_COPY_STRICT,fi+is+nb+nn+sv
data,sv,B2,1916,verkommen,panīkt • pagrimt • paklīst,Alla käima • Kaduma,FAMILY_COPY_STRICT,fi+is+nb+nn+sv
data,it,B2,1916,verkommen,panīkt • pagrimt • paklīst,Panīkt • Pagrimt • Paklīst,FAMILY_COPY_STRICT,it+lb+nl+pt
data,lb,B2,1916,verkommen,panīkt • pagrimt • paklīst,Panīkt • Pagrimt • Paklīst,FAMILY_COPY_STRICT,it+lb+nl+pt
data,nl,B2,1916,verkommen,panīkt • pagrimt • paklīst,Panīkt • Pagrimt • Paklīst,FAMILY_COPY_STRICT,it+lb+nl+pt
data,pt,B2,1916,verkommen,panīkt • pagrimt • paklīst,Panīkt • Pagrimt • Paklīst,FAMILY_COPY_STRICT,it+lb+nl+pt
data,pl,B2,1916,verkommen,panīkt • pagrimt • paklīst,Odmówić • Zatonąć • Zejść na manowce,FAMILY_COPY_STRICT,pl+sk
data,sk,B2,1916,verkommen,panīkt • pagrimt • paklīst,Odmówić • Zatonąć • Zejść na manowce,FAMILY_COPY_STRICT,pl+sk
data,sq,B2,1916,verkommen,panīkt • pagrimt • paklīst,Reddet • Batmayı • Yoldan çıkmayı,FAMILY_COPY_STRICT,sq+tr
data,tr,B2,1916,verkommen,panīkt • pagrimt • paklīst,Reddet • Batmayı • Yoldan çıkmayı,FAMILY_COPY_STRICT,sq+tr
data,hr,B2,1917,verkörpern,iemiesot,Воплощение,SCRIPT_MISMATCH,
data,hr,B2,1917,verkörpern,iemiesot,Воплощение,MARKER_LEAK,foreign_script
data,it,B2,1917,verkörpern,iemiesot,Iemiesot,SAME_AS_LV_CASEFOLD,casefold_only
data,lb,B2,1917,verkörpern,iemiesot,Iemiesot,SAME_AS_LV_CASEFOLD,casefold_only
data,nl,B2,1917,verkörpern,iemiesot,Iemiesot,SAME_AS_LV_CASEFOLD,casefold_only
data,pt,B2,1917,verkörpern,iemiesot,Iemiesot,SAME_AS_LV_CASEFOLD,casefold_only
data,sk,B2,1917,verkörpern,iemiesot,Ucieleśnienie,MARKER_LEAK,pl_l_s_z
data,sl,B2,1917,verkörpern,iemiesot,iemiesot,SAME_AS_LV_CASEFOLD,exact
data,bg,B2,1917,verkörpern,iemiesot,Воплощение,FAMILY_COPY_STRICT,bg+hr+mk+ru+sr
data,hr,B2,1917,verkörpern,iemiesot,Воплощение,FAMILY_COPY_STRICT,bg+hr+mk+ru+sr
data,mk,B2,1917,verkörpern,iemiesot,Воплощение,FAMILY_COPY_STRICT,bg+hr+mk+ru+sr
data,ru,B2,1917,verkörpern,iemiesot,Воплощение,FAMILY_COPY_STRICT,bg+hr+mk+ru+sr
data,sr,B2,1917,verkörpern,iemiesot,Воплощение,FAMILY_COPY_STRICT,bg+hr+mk+ru+sr
data,fi,B2,1917,verkörpern,iemiesot,Kehastama,FAMILY_COPY_STRICT,fi+is+nb+nn+sv
data,is,B2,1917,verkörpern,iemiesot,Kehastama,FAMILY_COPY_STRICT,fi+is+nb+nn+sv
data,nb,B2,1917,verkörpern,iemiesot,Kehastama,FAMILY_COPY_STRICT,fi+is+nb+nn+sv
data,nn,B2,1917,verkörpern,iemiesot,Kehastama,FAMILY_COPY_STRICT,fi+is+nb+nn+sv
data,sv,B2,1917,verkörpern,iemiesot,Kehastama,FAMILY_COPY_STRICT,fi+is+nb+nn+sv
data,it,B2,1917,verkörpern,iemiesot,Iemiesot,FAMILY_COPY_STRICT,it+lb+nl+pt
data,lb,B2,1917,verkörpern,iemiesot,Iemiesot,FAMILY_COPY_STRICT,it+lb+nl+pt
data,nl,B2,1917,verkörpern,iemiesot,Iemiesot,FAMILY_COPY_STRICT,it+lb+nl+pt
data,pt,B2,1917,verkörpern,iemiesot,Iemiesot,FAMILY_COPY_STRICT,it+lb+nl+pt
data,pl,B2,1917,verkörpern,iemiesot,Ucieleśnienie,FAMILY_COPY_STRICT,pl+sk
data,sk,B2,1917,verkörpern,iemiesot,Ucieleśnienie,FAMILY_COPY_STRICT,pl+sk
data,sq,B2,1917,verkörpern,iemiesot,Şekillenme,FAMILY_COPY_STRICT,sq+tr
data,tr,B2,1917,verkörpern,iemiesot,Şekillenme,FAMILY_COPY_STRICT,sq+tr
data,fi,B2,1918,verkraften,"uzturēt morālu spēku, lai pārvarētu kaut ko nepatīkamu","Moraalset jõudu säilitama, et millestki ebameeldivast üle saada",MARKER_LEAK,et_otilde
data,hr,B2,1918,verkraften,"uzturēt morālu spēku, lai pārvarētu kaut ko nepatīkamu","Сохранять моральные силы, чтобы преодолеть что-то неприятное",SCRIPT_MISMATCH,
data,hr,B2,1918,verkraften,"uzturēt morālu spēku, lai pārvarētu kaut ko nepatīkamu","Сохранять моральные силы, чтобы преодолеть что-то неприятное",MARKER_LEAK,foreign_script
data,is,B2,1918,verkraften,"uzturēt morālu spēku, lai pārvarētu kaut ko nepatīkamu","Moraalset jõudu säilitama, et millestki ebameeldivast üle saada",MARKER_LEAK,et_otilde
data,nb,B2,1918,verkraften,"uzturēt morālu spēku, lai pārvarētu kaut ko nepatīkamu","Moraalset jõudu säilitama, et millestki ebameeldivast üle saada",MARKER_LEAK,et_otilde
data,nn,B2,1918,verkraften,"uzturēt morālu spēku, lai pārvarētu kaut ko nepatīkamu","Moraalset jõudu säilitama, et millestki ebameeldivast üle saada",MARKER_LEAK,et_otilde
data,sk,B2,1918,verkraften,"uzturēt morālu spēku, lai pārvarētu kaut ko nepatīkamu","Utrzymać siłę moralną, aby pokonać coś nieprzyjemnego",MARKER_LEAK,pl_l_s_z+pl_lt_nasal
data,sl,B2,1918,verkraften,"uzturēt morālu spēku, lai pārvarētu kaut ko nepatīkamu","uzturēt morālu spēku, lai pārvarētu kaut ko nepatīkamu",SAME_AS_LV_CASEFOLD,exact
data,sl,B2,1918,verkraften,"uzturēt morālu spēku, lai pārvarētu kaut ko nepatīkamu","uzturēt morālu spēku, lai pārvarētu kaut ko nepatīkamu",LV_DIACRITIC,
data,sl,B2,1918,verkraften,"uzturēt morālu spēku, lai pārvarētu kaut ko nepatīkamu","uzturēt morālu spēku, lai pārvarētu kaut ko nepatīkamu",MARKER_LEAK,lv_macron_consonant
data,sv,B2,1918,verkraften,"uzturēt morālu spēku, lai pārvarētu kaut ko nepatīkamu","Moraalset jõudu säilitama, et millestki ebameeldivast üle saada",MARKER_LEAK,et_otilde
data,bg,B2,1918,verkraften,"uzturēt morālu spēku, lai pārvarētu kaut ko nepatīkamu","Сохранять моральные силы, чтобы преодолеть что-то неприятное",FAMILY_COPY_STRICT,bg+hr+mk+ru+sr
data,hr,B2,1918,verkraften,"uzturēt morālu spēku, lai pārvarētu kaut ko nepatīkamu","Сохранять моральные силы, чтобы преодолеть что-то неприятное",FAMILY_COPY_STRICT,bg+hr+mk+ru+sr
data,mk,B2,1918,verkraften,"uzturēt morālu spēku, lai pārvarētu kaut ko nepatīkamu","Сохранять моральные силы, чтобы преодолеть что-то неприятное",FAMILY_COPY_STRICT,bg+hr+mk+ru+sr
data,ru,B2,1918,verkraften,"uzturēt morālu spēku, lai pārvarētu kaut ko nepatīkamu","Сохранять моральные силы, чтобы преодолеть что-то неприятное",FAMILY_COPY_STRICT,bg+hr+mk+ru+sr
data,sr,B2,1918,verkraften,"uzturēt morālu spēku, lai pārvarētu kaut ko nepatīkamu","Сохранять моральные силы, чтобы преодолеть что-то неприятное",FAMILY_COPY_STRICT,bg+hr+mk+ru+sr
data,fi,B2,1918,verkraften,"uzturēt morālu spēku, lai pārvarētu kaut ko nepatīkamu","Moraalset jõudu säilitama, et millestki ebameeldivast üle saada",FAMILY_COPY_STRICT,fi+is+nb+nn+sv
data,is,B2,1918,verkraften,"uzturēt morālu spēku, lai pārvarētu kaut ko nepatīkamu","Moraalset jõudu säilitama, et millestki ebameeldivast üle saada",FAMILY_COPY_STRICT,fi+is+nb+nn+sv
data,nb,B2,1918,verkraften,"uzturēt morālu spēku, lai pārvarētu kaut ko nepatīkamu","Moraalset jõudu säilitama, et millestki ebameeldivast üle saada",FAMILY_COPY_STRICT,fi+is+nb+nn+sv
data,nn,B2,1918,verkraften,"uzturēt morālu spēku, lai pārvarētu kaut ko nepatīkamu","Moraalset jõudu säilitama, et millestki ebameeldivast üle saada",FAMILY_COPY_STRICT,fi+is+nb+nn+sv
data,sv,B2,1918,verkraften,"uzturēt morālu spēku, lai pārvarētu kaut ko nepatīkamu","Moraalset jõudu säilitama, et millestki ebameeldivast üle saada",FAMILY_COPY_STRICT,fi+is+nb+nn+sv
data,it,B2,1918,verkraften,"uzturēt morālu spēku, lai pārvarētu kaut ko nepatīkamu",Morele kracht behouden om iets onaangenaams te overwinnen,FAMILY_COPY_STRICT,it+lb+nl+pt
data,lb,B2,1918,verkraften,"uzturēt morālu spēku, lai pārvarētu kaut ko nepatīkamu",Morele kracht behouden om iets onaangenaams te overwinnen,FAMILY_COPY_STRICT,it+lb+nl+pt
data,nl,B2,1918,verkraften,"uzturēt morālu spēku, lai pārvarētu kaut ko nepatīkamu",Morele kracht behouden om iets onaangenaams te overwinnen,FAMILY_COPY_STRICT,it+lb+nl+pt
data,pt,B2,1918,verkraften,"uzturēt morālu spēku, lai pārvarētu kaut ko nepatīkamu",Morele kracht behouden om iets onaangenaams te overwinnen,FAMILY_COPY_STRICT,it+lb+nl+pt
data,pl,B2,1918,verkraften,"uzturēt morālu spēku, lai pārvarētu kaut ko nepatīkamu","Utrzymać siłę moralną, aby pokonać coś nieprzyjemnego",FAMILY_COPY_STRICT,pl+sk
data,sk,B2,1918,verkraften,"uzturēt morālu spēku, lai pārvarētu kaut ko nepatīkamu","Utrzymać siłę moralną, aby pokonać coś nieprzyjemnego",FAMILY_COPY_STRICT,pl+sk
data,sq,B2,1918,verkraften,"uzturēt morālu spēku, lai pārvarētu kaut ko nepatīkamu",Hoş olmayan bir şeyin üstesinden gelmek için ahlaki gücü koruyun,FAMILY_COPY_STRICT,sq+tr
data,tr,B2,1918,verkraften,"uzturēt morālu spēku, lai pārvarētu kaut ko nepatīkamu",Hoş olmayan bir şeyin üstesinden gelmek için ahlaki gücü koruyun,FAMILY_COPY_STRICT,sq+tr
data,hr,B2,1919,verkümmern,panīkt,Отказываться,SCRIPT_MISMATCH,
data,hr,B2,1919,verkümmern,panīkt,Отказываться,MARKER_LEAK,foreign_script
data,it,B2,1919,verkümmern,panīkt,Panīkt,SAME_AS_LV_CASEFOLD,casefold_only
data,it,B2,1919,verkümmern,panīkt,Panīkt,LV_DIACRITIC,
data,it,B2,1919,verkümmern,panīkt,Panīkt,MARKER_LEAK,lv_macron_consonant
data,lb,B2,1919,verkümmern,panīkt,Panīkt,SAME_AS_LV_CASEFOLD,casefold_only
data,lb,B2,1919,verkümmern,panīkt,Panīkt,LV_DIACRITIC,
data,lb,B2,1919,verkümmern,panīkt,Panīkt,MARKER_LEAK,lv_macron_consonant
data,nl,B2,1919,verkümmern,panīkt,Panīkt,SAME_AS_LV_CASEFOLD,casefold_only
data,nl,B2,1919,verkümmern,panīkt,Panīkt,LV_DIACRITIC,
data,nl,B2,1919,verkümmern,panīkt,Panīkt,MARKER_LEAK,lv_macron_consonant
data,sl,B2,1919,verkümmern,panīkt,panīkt,SAME_AS_LV_CASEFOLD,exact
data,sl,B2,1919,verkümmern,panīkt,panīkt,LV_DIACRITIC,
data,sl,B2,1919,verkümmern,panīkt,panīkt,MARKER_LEAK,lv_macron_consonant
data,bg,B2,1919,verkümmern,panīkt,Отказываться,FAMILY_COPY_STRICT,bg+hr+mk+ru+sr
data,hr,B2,1919,verkümmern,panīkt,Отказываться,FAMILY_COPY_STRICT,bg+hr+mk+ru+sr
data,mk,B2,1919,verkümmern,panīkt,Отказываться,FAMILY_COPY_STRICT,bg+hr+mk+ru+sr
data,ru,B2,1919,verkümmern,panīkt,Отказываться,FAMILY_COPY_STRICT,bg+hr+mk+ru+sr
data,sr,B2,1919,verkümmern,panīkt,Отказываться,FAMILY_COPY_STRICT,bg+hr+mk+ru+sr
data,fi,B2,1919,verkümmern,panīkt,Alla käima,FAMILY_COPY_STRICT,fi+is+nb+nn+sv
data,is,B2,1919,verkümmern,panīkt,Alla käima,FAMILY_COPY_STRICT,fi+is+nb+nn+sv
data,nb,B2,1919,verkümmern,panīkt,Alla käima,FAMILY_COPY_STRICT,fi+is+nb+nn+sv
data,nn,B2,1919,verkümmern,panīkt,Alla käima,FAMILY_COPY_STRICT,fi+is+nb+nn+sv
data,sv,B2,1919,verkümmern,panīkt,Alla käima,FAMILY_COPY_STRICT,fi+is+nb+nn+sv
data,it,B2,1919,verkümmern,panīkt,Panīkt,FAMILY_COPY_STRICT,it+lb+nl
data,lb,B2,1919,verkümmern,panīkt,Panīkt,FAMILY_COPY_STRICT,it+lb+nl
data,nl,B2,1919,verkümmern,panīkt,Panīkt,FAMILY_COPY_STRICT,it+lb+nl
data,pl,B2,1919,verkümmern,panīkt,Odmówić,FAMILY_COPY_STRICT,pl+sk
data,sk,B2,1919,verkümmern,panīkt,Odmówić,FAMILY_COPY_STRICT,pl+sk
data,sq,B2,1919,verkümmern,panīkt,Reddetmek,FAMILY_COPY_STRICT,sq+tr
data,tr,B2,1919,verkümmern,panīkt,Reddetmek,FAMILY_COPY_STRICT,sq+tr
data,it,B2,1920,verkünden,paziņot • pasludināt,Paziņot • Pasludināt,SAME_AS_LV_CASEFOLD,casefold_only
data,it,B2,1920,verkünden,paziņot • pasludināt,Paziņot • Pasludināt,LV_DIACRITIC,
data,it,B2,1920,verkünden,paziņot • pasludināt,Paziņot • Pasludināt,MARKER_LEAK,lv_macron_consonant
data,lb,B2,1920,verkünden,paziņot • pasludināt,Paziņot • Pasludināt,SAME_AS_LV_CASEFOLD,casefold_only
data,lb,B2,1920,verkünden,paziņot • pasludināt,Paziņot • Pasludināt,LV_DIACRITIC,
data,lb,B2,1920,verkünden,paziņot • pasludināt,Paziņot • Pasludināt,MARKER_LEAK,lv_macron_consonant
data,nl,B2,1920,verkünden,paziņot • pasludināt,Paziņot • Pasludināt,SAME_AS_LV_CASEFOLD,casefold_only
data,nl,B2,1920,verkünden,paziņot • pasludināt,Paziņot • Pasludināt,LV_DIACRITIC,
data,nl,B2,1920,verkünden,paziņot • pasludināt,Paziņot • Pasludināt,MARKER_LEAK,lv_macron_consonant
data,pt,B2,1920,verkünden,paziņot • pasludināt,Paziņot • Pasludināt,SAME_AS_LV_CASEFOLD,casefold_only
data,pt,B2,1920,verkünden,paziņot • pasludināt,Paziņot • Pasludināt,LV_DIACRITIC,
data,pt,B2,1920,verkünden,paziņot • pasludināt,Paziņot • Pasludināt,MARKER_LEAK,lv_macron_consonant
data,sk,B2,1920,verkünden,paziņot • pasludināt,Ogłosić • Ogłosić,MARKER_LEAK,pl_l_s_z
data,sl,B2,1920,verkünden,paziņot • pasludināt,paziņot • pasludināt,SAME_AS_LV_CASEFOLD,exact
data,sl,B2,1920,verkünden,paziņot • pasludināt,paziņot • pasludināt,LV_DIACRITIC,
data,sl,B2,1920,verkünden,paziņot • pasludināt,paziņot • pasludināt,MARKER_LEAK,lv_macron_consonant
data,sr,B2,1920,verkünden,paziņot • pasludināt,Objavi • Objavi,SCRIPT_MISMATCH,sr_as_cyrillic
data,sr,B2,1920,verkünden,paziņot • pasludināt,Objavi • Objavi,MARKER_LEAK,latin_in_cyrillic
data,bg,B2,1920,verkünden,paziņot • pasludināt,Объявить • Объявить,FAMILY_COPY_STRICT,bg+mk+ru
data,mk,B2,1920,verkünden,paziņot • pasludināt,Объявить • Объявить,FAMILY_COPY_STRICT,bg+mk+ru
data,ru,B2,1920,verkünden,paziņot • pasludināt,Объявить • Объявить,FAMILY_COPY_STRICT,bg+mk+ru
data,fi,B2,1920,verkünden,paziņot • pasludināt,Teatama • Kuulutama,FAMILY_COPY_STRICT,fi+is+nb+nn+sv
data,is,B2,1920,verkünden,paziņot • pasludināt,Teatama • Kuulutama,FAMILY_COPY_STRICT,fi+is+nb+nn+sv
data,nb,B2,1920,verkünden,paziņot • pasludināt,Teatama • Kuulutama,FAMILY_COPY_STRICT,fi+is+nb+nn+sv
data,nn,B2,1920,verkünden,paziņot • pasludināt,Teatama • Kuulutama,FAMILY_COPY_STRICT,fi+is+nb+nn+sv
data,sv,B2,1920,verkünden,paziņot • pasludināt,Teatama • Kuulutama,FAMILY_COPY_STRICT,fi+is+nb+nn+sv
data,hr,B2,1920,verkünden,paziņot • pasludināt,Objavi • Objavi,FAMILY_COPY_STRICT,hr+sr
data,sr,B2,1920,verkünden,paziņot • pasludināt,Objavi • Objavi,FAMILY_COPY_STRICT,hr+sr
data,it,B2,1920,verkünden,paziņot • pasludināt,Paziņot • Pasludināt,FAMILY_COPY_STRICT,it+lb+nl+pt
data,lb,B2,1920,verkünden,paziņot • pasludināt,Paziņot • Pasludināt,FAMILY_COPY_STRICT,it+lb+nl+pt
data,nl,B2,1920,verkünden,paziņot • pasludināt,Paziņot • Pasludināt,FAMILY_COPY_STRICT,it+lb+nl+pt
data,pt,B2,1920,verkünden,paziņot • pasludināt,Paziņot • Pasludināt,FAMILY_COPY_STRICT,it+lb+nl+pt
data,pl,B2,1920,verkünden,paziņot • pasludināt,Ogłosić • Ogłosić,FAMILY_COPY_STRICT,pl+sk
data,sk,B2,1920,verkünden,paziņot • pasludināt,Ogłosić • Ogłosić,FAMILY_COPY_STRICT,pl+sk
data,sq,B2,1920,verkünden,paziņot • pasludināt,Duyurmak • Duyurmak,FAMILY_COPY_STRICT,sq+tr
data,tr,B2,1920,verkünden,paziņot • pasludināt,Duyurmak • Duyurmak,FAMILY_COPY_STRICT,sq+tr
data,hr,B2,1921,verleumden,apmelot • nomelnot,Клевета • Порочить,SCRIPT_MISMATCH,
data,hr,B2,1921,verleumden,apmelot • nomelnot,Клевета • Порочить,MARKER_LEAK,foreign_script
data,it,B2,1921,verleumden,apmelot • nomelnot,Apmelot • Nomelnot,SAME_AS_LV_CASEFOLD,casefold_only
data,lb,B2,1921,verleumden,apmelot • nomelnot,Apmelot • Nomelnot,SAME_AS_LV_CASEFOLD,casefold_only
data,nl,B2,1921,verleumden,apmelot • nomelnot,Apmelot • Nomelnot,SAME_AS_LV_CASEFOLD,casefold_only
data,pt,B2,1921,verleumden,apmelot • nomelnot,Apmelot • Nomelnot,SAME_AS_LV_CASEFOLD,casefold_only
data,sk,B2,1921,verleumden,apmelot • nomelnot,Oszczerstwo • Zniesławienie,MARKER_LEAK,pl_l_s_z
data,sl,B2,1921,verleumden,apmelot • nomelnot,apmelot • nomelnot,SAME_AS_LV_CASEFOLD,exact
data,sq,B2,1921,verleumden,apmelot • nomelnot,İftira • Hakaret,MARKER_LEAK,tr_soft
data,bg,B2,1921,verleumden,apmelot • nomelnot,Клевета • Порочить,FAMILY_COPY_STRICT,bg+hr+mk+ru+sr
data,hr,B2,1921,verleumden,apmelot • nomelnot,Клевета • Порочить,FAMILY_COPY_STRICT,bg+hr+mk+ru+sr
data,mk,B2,1921,verleumden,apmelot • nomelnot,Клевета • Порочить,FAMILY_COPY_STRICT,bg+hr+mk+ru+sr
data,ru,B2,1921,verleumden,apmelot • nomelnot,Клевета • Порочить,FAMILY_COPY_STRICT,bg+hr+mk+ru+sr
data,sr,B2,1921,verleumden,apmelot • nomelnot,Клевета • Порочить,FAMILY_COPY_STRICT,bg+hr+mk+ru+sr
data,fi,B2,1921,verleumden,apmelot • nomelnot,Laimama,FAMILY_COPY_STRICT,fi+is+nb+nn+sv
data,is,B2,1921,verleumden,apmelot • nomelnot,Laimama,FAMILY_COPY_STRICT,fi+is+nb+nn+sv
data,nb,B2,1921,verleumden,apmelot • nomelnot,Laimama,FAMILY_COPY_STRICT,fi+is+nb+nn+sv
data,nn,B2,1921,verleumden,apmelot • nomelnot,Laimama,FAMILY_COPY_STRICT,fi+is+nb+nn+sv
data,sv,B2,1921,verleumden,apmelot • nomelnot,Laimama,FAMILY_COPY_STRICT,fi+is+nb+nn+sv
data,it,B2,1921,verleumden,apmelot • nomelnot,Apmelot • Nomelnot,FAMILY_COPY_STRICT,it+lb+nl+pt
data,lb,B2,1921,verleumden,apmelot • nomelnot,Apmelot • Nomelnot,FAMILY_COPY_STRICT,it+lb+nl+pt
data,nl,B2,1921,verleumden,apmelot • nomelnot,Apmelot • Nomelnot,FAMILY_COPY_STRICT,it+lb+nl+pt
data,pt,B2,1921,verleumden,apmelot • nomelnot,Apmelot • Nomelnot,FAMILY_COPY_STRICT,it+lb+nl+pt
data,pl,B2,1921,verleumden,apmelot • nomelnot,Oszczerstwo • Zniesławienie,FAMILY_COPY_STRICT,pl+sk
data,sk,B2,1921,verleumden,apmelot • nomelnot,Oszczerstwo • Zniesławienie,FAMILY_COPY_STRICT,pl+sk
data,sq,B2,1921,verleumden,apmelot • nomelnot,İftira • Hakaret,FAMILY_COPY_STRICT,sq+tr
data,tr,B2,1921,verleumden,apmelot • nomelnot,İftira • Hakaret,FAMILY_COPY_STRICT,sq+tr
data,hr,B2,1922,vermehren,vairot • pavairot,Умножать • Умножать,SCRIPT_MISMATCH,
data,hr,B2,1922,vermehren,vairot • pavairot,Умножать • Умножать,MARKER_LEAK,foreign_script
data,it,B2,1922,vermehren,vairot • pavairot,Vairot • Pavairot,SAME_AS_LV_CASEFOLD,casefold_only
data,lb,B2,1922,vermehren,vairot • pavairot,Vairot • Pavairot,SAME_AS_LV_CASEFOLD,casefold_only
data,nl,B2,1922,vermehren,vairot • pavairot,Vairot • Pavairot,SAME_AS_LV_CASEFOLD,casefold_only
data,pt,B2,1922,vermehren,vairot • pavairot,Vairot • Pavairot,SAME_AS_LV_CASEFOLD,casefold_only
data,sl,B2,1922,vermehren,vairot • pavairot,vairot • pavairot,SAME_AS_LV_CASEFOLD,exact
data,bg,B2,1922,vermehren,vairot • pavairot,Умножать • Умножать,FAMILY_COPY_STRICT,bg+hr+mk+ru+sr
data,hr,B2,1922,vermehren,vairot • pavairot,Умножать • Умножать,FAMILY_COPY_STRICT,bg+hr+mk+ru+sr
data,mk,B2,1922,vermehren,vairot • pavairot,Умножать • Умножать,FAMILY_COPY_STRICT,bg+hr+mk+ru+sr
data,ru,B2,1922,vermehren,vairot • pavairot,Умножать • Умножать,FAMILY_COPY_STRICT,bg+hr+mk+ru+sr
data,sr,B2,1922,vermehren,vairot • pavairot,Умножать • Умножать,FAMILY_COPY_STRICT,bg+hr+mk+ru+sr
data,fi,B2,1922,vermehren,vairot • pavairot,Suurendama,FAMILY_COPY_STRICT,fi+is+nb+nn+sv
data,is,B2,1922,vermehren,vairot • pavairot,Suurendama,FAMILY_COPY_STRICT,fi+is+nb+nn+sv
data,nb,B2,1922,vermehren,vairot • pavairot,Suurendama,FAMILY_COPY_STRICT,fi+is+nb+nn+sv
data,nn,B2,1922,vermehren,vairot • pavairot,Suurendama,FAMILY_COPY_STRICT,fi+is+nb+nn+sv
data,sv,B2,1922,vermehren,vairot • pavairot,Suurendama,FAMILY_COPY_STRICT,fi+is+nb+nn+sv
data,it,B2,1922,vermehren,vairot • pavairot,Vairot • Pavairot,FAMILY_COPY_STRICT,it+lb+nl+pt
data,lb,B2,1922,vermehren,vairot • pavairot,Vairot • Pavairot,FAMILY_COPY_STRICT,it+lb+nl+pt
data,nl,B2,1922,vermehren,vairot • pavairot,Vairot • Pavairot,FAMILY_COPY_STRICT,it+lb+nl+pt
data,pt,B2,1922,vermehren,vairot • pavairot,Vairot • Pavairot,FAMILY_COPY_STRICT,it+lb+nl+pt
data,sq,B2,1922,vermehren,vairot • pavairot,Çarpma • Çarpma,FAMILY_COPY_STRICT,sq+tr
data,tr,B2,1922,vermehren,vairot • pavairot,Çarpma • Çarpma,FAMILY_COPY_STRICT,sq+tr
data,hr,B2,1923,sich vermehren,vairoties,Умножение,SCRIPT_MISMATCH,
data,hr,B2,1923,sich vermehren,vairoties,Умножение,MARKER_LEAK,foreign_script
data,it,B2,1923,sich vermehren,vairoties,Vairoties,SAME_AS_LV_CASEFOLD,casefold_only
data,lb,B2,1923,sich vermehren,vairoties,Vairoties,SAME_AS_LV_CASEFOLD,casefold_only
data,nl,B2,1923,sich vermehren,vairoties,Vairoties,SAME_AS_LV_CASEFOLD,casefold_only
data,pt,B2,1923,sich vermehren,vairoties,Vairoties,SAME_AS_LV_CASEFOLD,casefold_only
data,sk,B2,1923,sich vermehren,vairoties,Mnożenie,MARKER_LEAK,pl_l_s_z
data,sl,B2,1923,sich vermehren,vairoties,vairoties,SAME_AS_LV_CASEFOLD,exact
data,bg,B2,1923,sich vermehren,vairoties,Умножение,FAMILY_COPY_STRICT,bg+hr+mk+ru+sr
data,hr,B2,1923,sich vermehren,vairoties,Умножение,FAMILY_COPY_STRICT,bg+hr+mk+ru+sr
data,mk,B2,1923,sich vermehren,vairoties,Умножение,FAMILY_COPY_STRICT,bg+hr+mk+ru+sr
data,ru,B2,1923,sich vermehren,vairoties,Умножение,FAMILY_COPY_STRICT,bg+hr+mk+ru+sr
data,sr,B2,1923,sich vermehren,vairoties,Умножение,FAMILY_COPY_STRICT,bg+hr+mk+ru+sr
data,fi,B2,1923,sich vermehren,vairoties,Paljunema,FAMILY_COPY_STRICT,fi+is+nb+nn+sv
data,is,B2,1923,sich vermehren,vairoties,Paljunema,FAMILY_COPY_STRICT,fi+is+nb+nn+sv
data,nb,B2,1923,sich vermehren,vairoties,Paljunema,FAMILY_COPY_STRICT,fi+is+nb+nn+sv
data,nn,B2,1923,sich vermehren,vairoties,Paljunema,FAMILY_COPY_STRICT,fi+is+nb+nn+sv
data,sv,B2,1923,sich vermehren,vairoties,Paljunema,FAMILY_COPY_STRICT,fi+is+nb+nn+sv
data,it,B2,1923,sich vermehren,vairoties,Vairoties,FAMILY_COPY_STRICT,it+lb+nl+pt
data,lb,B2,1923,sich vermehren,vairoties,Vairoties,FAMILY_COPY_STRICT,it+lb+nl+pt
data,nl,B2,1923,sich vermehren,vairoties,Vairoties,FAMILY_COPY_STRICT,it+lb+nl+pt
data,pt,B2,1923,sich vermehren,vairoties,Vairoties,FAMILY_COPY_STRICT,it+lb+nl+pt
data,pl,B2,1923,sich vermehren,vairoties,Mnożenie,FAMILY_COPY_STRICT,pl+sk
data,sk,B2,1923,sich vermehren,vairoties,Mnożenie,FAMILY_COPY_STRICT,pl+sk
data,sq,B2,1923,sich vermehren,vairoties,Çarpma,FAMILY_COPY_STRICT,sq+tr
data,tr,B2,1923,sich vermehren,vairoties,Çarpma,FAMILY_COPY_STRICT,sq+tr
data,fi,B2,1924,vermessen,uzmērīt,Üles mõõtma,MARKER_LEAK,et_otilde
data,hr,B2,1924,vermessen,uzmērīt,Измерете,SCRIPT_MISMATCH,
data,hr,B2,1924,vermessen,uzmērīt,Измерете,MARKER_LEAK,foreign_script
data,is,B2,1924,vermessen,uzmērīt,Üles mõõtma,MARKER_LEAK,et_otilde
data,it,B2,1924,vermessen,uzmērīt,Uzmērīt,SAME_AS_LV_CASEFOLD,casefold_only
data,it,B2,1924,vermessen,uzmērīt,Uzmērīt,LV_DIACRITIC,
data,it,B2,1924,vermessen,uzmērīt,Uzmērīt,MARKER_LEAK,lv_macron_consonant
data,lb,B2,1924,vermessen,uzmērīt,Uzmērīt,SAME_AS_LV_CASEFOLD,casefold_only
data,lb,B2,1924,vermessen,uzmērīt,Uzmērīt,LV_DIACRITIC,
data,lb,B2,1924,vermessen,uzmērīt,Uzmērīt,MARKER_LEAK,lv_macron_consonant
data,nb,B2,1924,vermessen,uzmērīt,Üles mõõtma,MARKER_LEAK,et_otilde
data,nl,B2,1924,vermessen,uzmērīt,Uzmērīt,SAME_AS_LV_CASEFOLD,casefold_only
data,nl,B2,1924,vermessen,uzmērīt,Uzmērīt,LV_DIACRITIC,
data,nl,B2,1924,vermessen,uzmērīt,Uzmērīt,MARKER_LEAK,lv_macron_consonant
data,nn,B2,1924,vermessen,uzmērīt,Üles mõõtma,MARKER_LEAK,et_otilde
data,sl,B2,1924,vermessen,uzmērīt,uzmērīt,SAME_AS_LV_CASEFOLD,exact
data,sl,B2,1924,vermessen,uzmērīt,uzmērīt,LV_DIACRITIC,
data,sl,B2,1924,vermessen,uzmērīt,uzmērīt,MARKER_LEAK,lv_macron_consonant
data,sv,B2,1924,vermessen,uzmērīt,Üles mõõtma,MARKER_LEAK,et_otilde
data,bg,B2,1924,vermessen,uzmērīt,Измерете,FAMILY_COPY_STRICT,bg+hr+mk+sr
data,hr,B2,1924,vermessen,uzmērīt,Измерете,FAMILY_COPY_STRICT,bg+hr+mk+sr
data,mk,B2,1924,vermessen,uzmērīt,Измерете,FAMILY_COPY_STRICT,bg+hr+mk+sr
data,sr,B2,1924,vermessen,uzmērīt,Измерете,FAMILY_COPY_STRICT,bg+hr+mk+sr
data,fi,B2,1924,vermessen,uzmērīt,Üles mõõtma,FAMILY_COPY_STRICT,fi+is+nb+nn+sv
data,is,B2,1924,vermessen,uzmērīt,Üles mõõtma,FAMILY_COPY_STRICT,fi+is+nb+nn+sv
data,nb,B2,1924,vermessen,uzmērīt,Üles mõõtma,FAMILY_COPY_STRICT,fi+is+nb+nn+sv
data,nn,B2,1924,vermessen,uzmērīt,Üles mõõtma,FAMILY_COPY_STRICT,fi+is+nb+nn+sv
data,sv,B2,1924,vermessen,uzmērīt,Üles mõõtma,FAMILY_COPY_STRICT,fi+is+nb+nn+sv
data,it,B2,1924,vermessen,uzmērīt,Uzmērīt,FAMILY_COPY_STRICT,it+lb+nl
data,lb,B2,1924,vermessen,uzmērīt,Uzmērīt,FAMILY_COPY_STRICT,it+lb+nl
data,nl,B2,1924,vermessen,uzmērīt,Uzmērīt,FAMILY_COPY_STRICT,it+lb+nl
data,pl,B2,1924,vermessen,uzmērīt,Zmierzyć,FAMILY_COPY_STRICT,pl+sk+sq+tr
data,sk,B2,1924,vermessen,uzmērīt,Zmierzyć,FAMILY_COPY_STRICT,pl+sk+sq+tr
data,sq,B2,1924,vermessen,uzmērīt,Zmierzyć,FAMILY_COPY_STRICT,pl+sk+sq+tr
data,tr,B2,1924,vermessen,uzmērīt,Zmierzyć,FAMILY_COPY_STRICT,pl+sk+sq+tr
data,hr,B2,1925,vermindern,[pa]mazināt,[чтобы] уменьшить,SCRIPT_MISMATCH,
data,hr,B2,1925,vermindern,[pa]mazināt,[чтобы] уменьшить,MARKER_LEAK,foreign_script
data,it,B2,1925,vermindern,[pa]mazināt,[pa]mazināt,SAME_AS_LV_CASEFOLD,exact
data,it,B2,1925,vermindern,[pa]mazināt,[pa]mazināt,LV_DIACRITIC,
data,it,B2,1925,vermindern,[pa]mazināt,[pa]mazināt,MARKER_LEAK,lv_macron_consonant
data,lb,B2,1925,vermindern,[pa]mazināt,[pa]mazināt,SAME_AS_LV_CASEFOLD,exact
data,lb,B2,1925,vermindern,[pa]mazināt,[pa]mazināt,LV_DIACRITIC,
data,lb,B2,1925,vermindern,[pa]mazināt,[pa]mazināt,MARKER_LEAK,lv_macron_consonant
data,nl,B2,1925,vermindern,[pa]mazināt,[pa]mazināt,SAME_AS_LV_CASEFOLD,exact
data,nl,B2,1925,vermindern,[pa]mazināt,[pa]mazināt,LV_DIACRITIC,
data,nl,B2,1925,vermindern,[pa]mazināt,[pa]mazināt,MARKER_LEAK,lv_macron_consonant
data,bg,B2,1925,vermindern,[pa]mazināt,[чтобы] уменьшить,FAMILY_COPY_STRICT,bg+hr+mk+ru+sr
data,hr,B2,1925,vermindern,[pa]mazināt,[чтобы] уменьшить,FAMILY_COPY_STRICT,bg+hr+mk+ru+sr
data,mk,B2,1925,vermindern,[pa]mazināt,[чтобы] уменьшить,FAMILY_COPY_STRICT,bg+hr+mk+ru+sr
data,ru,B2,1925,vermindern,[pa]mazināt,[чтобы] уменьшить,FAMILY_COPY_STRICT,bg+hr+mk+ru+sr
data,sr,B2,1925,vermindern,[pa]mazināt,[чтобы] уменьшить,FAMILY_COPY_STRICT,bg+hr+mk+ru+sr
data,fi,B2,1925,vermindern,[pa]mazināt,Vähendama,FAMILY_COPY_STRICT,fi+sv
data,sv,B2,1925,vermindern,[pa]mazināt,Vähendama,FAMILY_COPY_STRICT,fi+sv
data,is,B2,1925,vermindern,[pa]mazināt,Vaëndama,FAMILY_COPY_STRICT,is+nb+nn
data,nb,B2,1925,vermindern,[pa]mazināt,Vaëndama,FAMILY_COPY_STRICT,is+nb+nn
data,nn,B2,1925,vermindern,[pa]mazināt,Vaëndama,FAMILY_COPY_STRICT,is+nb+nn
data,pl,B2,1925,vermindern,[pa]mazināt,[aby] zmniejszyć,FAMILY_COPY_STRICT,pl+sk+sq+tr
data,sk,B2,1925,vermindern,[pa]mazināt,[aby] zmniejszyć,FAMILY_COPY_STRICT,pl+sk+sq+tr
data,sq,B2,1925,vermindern,[pa]mazināt,[aby] zmniejszyć,FAMILY_COPY_STRICT,pl+sk+sq+tr
data,tr,B2,1925,vermindern,[pa]mazināt,[aby] zmniejszyć,FAMILY_COPY_STRICT,pl+sk+sq+tr
data,hr,B2,1926,vermitteln,būt par starpnieku • sagādāt • veicināt,Посредничать • Обеспечивать • Продвигать,SCRIPT_MISMATCH,
data,hr,B2,1926,vermitteln,būt par starpnieku • sagādāt • veicināt,Посредничать • Обеспечивать • Продвигать,MARKER_LEAK,foreign_script
data,it,B2,1926,vermitteln,būt par starpnieku • sagādāt • veicināt,Būt par starpnieku • Sagādāt • Veicināt,SAME_AS_LV_CASEFOLD,casefold_only
data,it,B2,1926,vermitteln,būt par starpnieku • sagādāt • veicināt,Būt par starpnieku • Sagādāt • Veicināt,LV_DIACRITIC,
data,it,B2,1926,vermitteln,būt par starpnieku • sagādāt • veicināt,Būt par starpnieku • Sagādāt • Veicināt,MARKER_LEAK,lv_macron_consonant+lv_u_macron
data,lb,B2,1926,vermitteln,būt par starpnieku • sagādāt • veicināt,Būt par starpnieku • Sagādāt • Veicināt,SAME_AS_LV_CASEFOLD,casefold_only
data,lb,B2,1926,vermitteln,būt par starpnieku • sagādāt • veicināt,Būt par starpnieku • Sagādāt • Veicināt,LV_DIACRITIC,
data,lb,B2,1926,vermitteln,būt par starpnieku • sagādāt • veicināt,Būt par starpnieku • Sagādāt • Veicināt,MARKER_LEAK,lv_macron_consonant+lv_u_macron
data,nl,B2,1926,vermitteln,būt par starpnieku • sagādāt • veicināt,Būt par starpnieku • Sagādāt • Veicināt,SAME_AS_LV_CASEFOLD,casefold_only
data,nl,B2,1926,vermitteln,būt par starpnieku • sagādāt • veicināt,Būt par starpnieku • Sagādāt • Veicināt,LV_DIACRITIC,
data,nl,B2,1926,vermitteln,būt par starpnieku • sagādāt • veicināt,Būt par starpnieku • Sagādāt • Veicināt,MARKER_LEAK,lv_macron_consonant+lv_u_macron
data,pt,B2,1926,vermitteln,būt par starpnieku • sagādāt • veicināt,Mas por starpnieku • Sagādāt • Veicināt,LV_DIACRITIC,
data,pt,B2,1926,vermitteln,būt par starpnieku • sagādāt • veicināt,Mas por starpnieku • Sagādāt • Veicināt,MARKER_LEAK,lv_macron_consonant
data,sk,B2,1926,vermitteln,būt par starpnieku • sagādāt • veicināt,Pośredniczyć • Pozyskiwać • Promować,MARKER_LEAK,pl_l_s_z
data,sl,B2,1926,vermitteln,būt par starpnieku • sagādāt • veicināt,būt par starpnieku • sagādāt • veicināt,SAME_AS_LV_CASEFOLD,exact
data,sl,B2,1926,vermitteln,būt par starpnieku • sagādāt • veicināt,būt par starpnieku • sagādāt • veicināt,LV_DIACRITIC,
data,sl,B2,1926,vermitteln,būt par starpnieku • sagādāt • veicināt,būt par starpnieku • sagādāt • veicināt,MARKER_LEAK,lv_macron_consonant+lv_u_macron
data,sq,B2,1926,vermitteln,būt par starpnieku • sagādāt • veicināt,Arabuluculuk Yapın • Kazanın • Tanıtın,MARKER_LEAK,tr_soft
data,bg,B2,1926,vermitteln,būt par starpnieku • sagādāt • veicināt,Посредничать • Обеспечивать • Продвигать,FAMILY_COPY_STRICT,bg+hr+mk+ru+sr
data,hr,B2,1926,vermitteln,būt par starpnieku • sagādāt • veicināt,Посредничать • Обеспечивать • Продвигать,FAMILY_COPY_STRICT,bg+hr+mk+ru+sr
data,mk,B2,1926,vermitteln,būt par starpnieku • sagādāt • veicināt,Посредничать • Обеспечивать • Продвигать,FAMILY_COPY_STRICT,bg+hr+mk+ru+sr
data,ru,B2,1926,vermitteln,būt par starpnieku • sagādāt • veicināt,Посредничать • Обеспечивать • Продвигать,FAMILY_COPY_STRICT,bg+hr+mk+ru+sr
data,sr,B2,1926,vermitteln,būt par starpnieku • sagādāt • veicināt,Посредничать • Обеспечивать • Продвигать,FAMILY_COPY_STRICT,bg+hr+mk+ru+sr
data,fi,B2,1926,vermitteln,būt par starpnieku • sagādāt • veicināt,Vahendama • Hankima • Soodustama,FAMILY_COPY_STRICT,fi+is+nb+nn+sv
data,is,B2,1926,vermitteln,būt par starpnieku • sagādāt • veicināt,Vahendama • Hankima • Soodustama,FAMILY_COPY_STRICT,fi+is+nb+nn+sv
data,nb,B2,1926,vermitteln,būt par starpnieku • sagādāt • veicināt,Vahendama • Hankima • Soodustama,FAMILY_COPY_STRICT,fi+is+nb+nn+sv
data,nn,B2,1926,vermitteln,būt par starpnieku • sagādāt • veicināt,Vahendama • Hankima • Soodustama,FAMILY_COPY_STRICT,fi+is+nb+nn+sv
data,sv,B2,1926,vermitteln,būt par starpnieku • sagādāt • veicināt,Vahendama • Hankima • Soodustama,FAMILY_COPY_STRICT,fi+is+nb+nn+sv
data,it,B2,1926,vermitteln,būt par starpnieku • sagādāt • veicināt,Būt par starpnieku • Sagādāt • Veicināt,FAMILY_COPY_STRICT,it+lb+nl
data,lb,B2,1926,vermitteln,būt par starpnieku • sagādāt • veicināt,Būt par starpnieku • Sagādāt • Veicināt,FAMILY_COPY_STRICT,it+lb+nl
data,nl,B2,1926,vermitteln,būt par starpnieku • sagādāt • veicināt,Būt par starpnieku • Sagādāt • Veicināt,FAMILY_COPY_STRICT,it+lb+nl
data,pl,B2,1926,vermitteln,būt par starpnieku • sagādāt • veicināt,Pośredniczyć • Pozyskiwać • Promować,FAMILY_COPY_STRICT,pl+sk
data,sk,B2,1926,vermitteln,būt par starpnieku • sagādāt • veicināt,Pośredniczyć • Pozyskiwać • Promować,FAMILY_COPY_STRICT,pl+sk
data,sq,B2,1926,vermitteln,būt par starpnieku • sagādāt • veicināt,Arabuluculuk Yapın • Kazanın • Tanıtın,FAMILY_COPY_STRICT,sq+tr
data,tr,B2,1926,vermitteln,būt par starpnieku • sagādāt • veicināt,Arabuluculuk Yapın • Kazanın • Tanıtın,FAMILY_COPY_STRICT,sq+tr
data,fi,B2,1927,vermögend,turīgs • pārticis,Jõukas,MARKER_LEAK,et_otilde
data,hr,B2,1927,vermögend,turīgs • pārticis,Богатый • Сытый,SCRIPT_MISMATCH,
data,hr,B2,1927,vermögend,turīgs • pārticis,Богатый • Сытый,MARKER_LEAK,foreign_script
data,is,B2,1927,vermögend,turīgs • pārticis,Jõukas,MARKER_LEAK,et_otilde
data,it,B2,1927,vermögend,turīgs • pārticis,Turīgs • Pārticis,SAME_AS_LV_CASEFOLD,casefold_only
data,it,B2,1927,vermögend,turīgs • pārticis,Turīgs • Pārticis,LV_DIACRITIC,
data,it,B2,1927,vermögend,turīgs • pārticis,Turīgs • Pārticis,MARKER_LEAK,lv_macron_consonant
data,lb,B2,1927,vermögend,turīgs • pārticis,Turīgs • Pārticis,SAME_AS_LV_CASEFOLD,casefold_only
data,lb,B2,1927,vermögend,turīgs • pārticis,Turīgs • Pārticis,LV_DIACRITIC,
data,lb,B2,1927,vermögend,turīgs • pārticis,Turīgs • Pārticis,MARKER_LEAK,lv_macron_consonant
data,nb,B2,1927,vermögend,turīgs • pārticis,Jõukas,MARKER_LEAK,et_otilde
data,nl,B2,1927,vermögend,turīgs • pārticis,Turīgs • Pārticis,SAME_AS_LV_CASEFOLD,casefold_only
data,nl,B2,1927,vermögend,turīgs • pārticis,Turīgs • Pārticis,LV_DIACRITIC,
data,nl,B2,1927,vermögend,turīgs • pārticis,Turīgs • Pārticis,MARKER_LEAK,lv_macron_consonant
data,nn,B2,1927,vermögend,turīgs • pārticis,Jõukas,MARKER_LEAK,et_otilde
data,pt,B2,1927,vermögend,turīgs • pārticis,Turīgs • Particis,LV_DIACRITIC,
data,pt,B2,1927,vermögend,turīgs • pārticis,Turīgs • Particis,MARKER_LEAK,lv_macron_consonant
data,sl,B2,1927,vermögend,turīgs • pārticis,turīgs • pārticis,SAME_AS_LV_CASEFOLD,exact
data,sl,B2,1927,vermögend,turīgs • pārticis,turīgs • pārticis,LV_DIACRITIC,
data,sl,B2,1927,vermögend,turīgs • pārticis,turīgs • pārticis,MARKER_LEAK,lv_macron_consonant
data,sv,B2,1927,vermögend,turīgs • pārticis,Jõukas,MARKER_LEAK,et_otilde
data,bg,B2,1927,vermögend,turīgs • pārticis,Богатый • Сытый,FAMILY_COPY_STRICT,bg+hr+mk+ru+sr
data,hr,B2,1927,vermögend,turīgs • pārticis,Богатый • Сытый,FAMILY_COPY_STRICT,bg+hr+mk+ru+sr
data,mk,B2,1927,vermögend,turīgs • pārticis,Богатый • Сытый,FAMILY_COPY_STRICT,bg+hr+mk+ru+sr
data,ru,B2,1927,vermögend,turīgs • pārticis,Богатый • Сытый,FAMILY_COPY_STRICT,bg+hr+mk+ru+sr
data,sr,B2,1927,vermögend,turīgs • pārticis,Богатый • Сытый,FAMILY_COPY_STRICT,bg+hr+mk+ru+sr
data,fi,B2,1927,vermögend,turīgs • pārticis,Jõukas,FAMILY_COPY_STRICT,fi+is+nb+nn+sv
data,is,B2,1927,vermögend,turīgs • pārticis,Jõukas,FAMILY_COPY_STRICT,fi+is+nb+nn+sv
data,nb,B2,1927,vermögend,turīgs • pārticis,Jõukas,FAMILY_COPY_STRICT,fi+is+nb+nn+sv
data,nn,B2,1927,vermögend,turīgs • pārticis,Jõukas,FAMILY_COPY_STRICT,fi+is+nb+nn+sv
data,sv,B2,1927,vermögend,turīgs • pārticis,Jõukas,FAMILY_COPY_STRICT,fi+is+nb+nn+sv
data,it,B2,1927,vermögend,turīgs • pārticis,Turīgs • Pārticis,FAMILY_COPY_STRICT,it+lb+nl
data,lb,B2,1927,vermögend,turīgs • pārticis,Turīgs • Pārticis,FAMILY_COPY_STRICT,it+lb+nl
data,nl,B2,1927,vermögend,turīgs • pārticis,Turīgs • Pārticis,FAMILY_COPY_STRICT,it+lb+nl
data,pl,B2,1927,vermögend,turīgs • pārticis,Bogaty • Nakarmiony,FAMILY_COPY_STRICT,pl+sk+sq+tr
data,sk,B2,1927,vermögend,turīgs • pārticis,Bogaty • Nakarmiony,FAMILY_COPY_STRICT,pl+sk+sq+tr
data,sq,B2,1927,vermögend,turīgs • pārticis,Bogaty • Nakarmiony,FAMILY_COPY_STRICT,pl+sk+sq+tr
data,tr,B2,1927,vermögend,turīgs • pārticis,Bogaty • Nakarmiony,FAMILY_COPY_STRICT,pl+sk+sq+tr
data,hr,B2,1928,verneinen,noliegt,Отрицать,SCRIPT_MISMATCH,
data,hr,B2,1928,verneinen,noliegt,Отрицать,MARKER_LEAK,foreign_script
data,it,B2,1928,verneinen,noliegt,Noliegt,SAME_AS_LV_CASEFOLD,casefold_only
data,lb,B2,1928,verneinen,noliegt,Noliegt,SAME_AS_LV_CASEFOLD,casefold_only
data,nl,B2,1928,verneinen,noliegt,Noliegt,SAME_AS_LV_CASEFOLD,casefold_only
data,pt,B2,1928,verneinen,noliegt,Noliegt,SAME_AS_LV_CASEFOLD,casefold_only
data,sl,B2,1928,verneinen,noliegt,noliegt,SAME_AS_LV_CASEFOLD,exact
data,bg,B2,1928,verneinen,noliegt,Отрицать,FAMILY_COPY_STRICT,bg+hr+mk+ru+sr
data,hr,B2,1928,verneinen,noliegt,Отрицать,FAMILY_COPY_STRICT,bg+hr+mk+ru+sr
data,mk,B2,1928,verneinen,noliegt,Отрицать,FAMILY_COPY_STRICT,bg+hr+mk+ru+sr
data,ru,B2,1928,verneinen,noliegt,Отрицать,FAMILY_COPY_STRICT,bg+hr+mk+ru+sr
data,sr,B2,1928,verneinen,noliegt,Отрицать,FAMILY_COPY_STRICT,bg+hr+mk+ru+sr
data,fi,B2,1928,verneinen,noliegt,Eitama,FAMILY_COPY_STRICT,fi+is+nb+nn+sv
data,is,B2,1928,verneinen,noliegt,Eitama,FAMILY_COPY_STRICT,fi+is+nb+nn+sv
data,nb,B2,1928,verneinen,noliegt,Eitama,FAMILY_COPY_STRICT,fi+is+nb+nn+sv
data,nn,B2,1928,verneinen,noliegt,Eitama,FAMILY_COPY_STRICT,fi+is+nb+nn+sv
data,sv,B2,1928,verneinen,noliegt,Eitama,FAMILY_COPY_STRICT,fi+is+nb+nn+sv
data,it,B2,1928,verneinen,noliegt,Noliegt,FAMILY_COPY_STRICT,it+lb+nl+pt
data,lb,B2,1928,verneinen,noliegt,Noliegt,FAMILY_COPY_STRICT,it+lb+nl+pt
data,nl,B2,1928,verneinen,noliegt,Noliegt,FAMILY_COPY_STRICT,it+lb+nl+pt
data,pt,B2,1928,verneinen,noliegt,Noliegt,FAMILY_COPY_STRICT,it+lb+nl+pt
data,pl,B2,1928,verneinen,noliegt,Zaprzeczyć,FAMILY_COPY_STRICT,pl+sk
data,sk,B2,1928,verneinen,noliegt,Zaprzeczyć,FAMILY_COPY_STRICT,pl+sk
data,sq,B2,1928,verneinen,noliegt,Reddetmek,FAMILY_COPY_STRICT,sq+tr
data,tr,B2,1928,verneinen,noliegt,Reddetmek,FAMILY_COPY_STRICT,sq+tr
data,hr,B2,1929,vernichten,iznīcināt • izpostīt,Уничтожить • Опустошить,SCRIPT_MISMATCH,
data,hr,B2,1929,vernichten,iznīcināt • izpostīt,Уничтожить • Опустошить,MARKER_LEAK,foreign_script
data,it,B2,1929,vernichten,iznīcināt • izpostīt,Iznīcināt • Izpostīt,SAME_AS_LV_CASEFOLD,casefold_only
data,it,B2,1929,vernichten,iznīcināt • izpostīt,Iznīcināt • Izpostīt,LV_DIACRITIC,
data,it,B2,1929,vernichten,iznīcināt • izpostīt,Iznīcināt • Izpostīt,MARKER_LEAK,lv_macron_consonant
data,lb,B2,1929,vernichten,iznīcināt • izpostīt,Iznīcināt • Izpostīt,SAME_AS_LV_CASEFOLD,casefold_only
data,lb,B2,1929,vernichten,iznīcināt • izpostīt,Iznīcināt • Izpostīt,LV_DIACRITIC,
data,lb,B2,1929,vernichten,iznīcināt • izpostīt,Iznīcināt • Izpostīt,MARKER_LEAK,lv_macron_consonant
data,nl,B2,1929,vernichten,iznīcināt • izpostīt,Iznīcināt • Izpostīt,SAME_AS_LV_CASEFOLD,casefold_only
data,nl,B2,1929,vernichten,iznīcināt • izpostīt,Iznīcināt • Izpostīt,LV_DIACRITIC,
data,nl,B2,1929,vernichten,iznīcināt • izpostīt,Iznīcināt • Izpostīt,MARKER_LEAK,lv_macron_consonant
data,pt,B2,1929,vernichten,iznīcināt • izpostīt,Iznīcināt • Izpostīt,SAME_AS_LV_CASEFOLD,casefold_only
data,pt,B2,1929,vernichten,iznīcināt • izpostīt,Iznīcināt • Izpostīt,LV_DIACRITIC,
data,pt,B2,1929,vernichten,iznīcināt • izpostīt,Iznīcināt • Izpostīt,MARKER_LEAK,lv_macron_consonant
data,sl,B2,1929,vernichten,iznīcināt • izpostīt,iznīcināt • izpostīt,SAME_AS_LV_CASEFOLD,exact
data,sl,B2,1929,vernichten,iznīcināt • izpostīt,iznīcināt • izpostīt,LV_DIACRITIC,
data,sl,B2,1929,vernichten,iznīcināt • izpostīt,iznīcināt • izpostīt,MARKER_LEAK,lv_macron_consonant
data,bg,B2,1929,vernichten,iznīcināt • izpostīt,Уничтожить • Опустошить,FAMILY_COPY_STRICT,bg+hr+mk+ru+sr
data,hr,B2,1929,vernichten,iznīcināt • izpostīt,Уничтожить • Опустошить,FAMILY_COPY_STRICT,bg+hr+mk+ru+sr
data,mk,B2,1929,vernichten,iznīcināt • izpostīt,Уничтожить • Опустошить,FAMILY_COPY_STRICT,bg+hr+mk+ru+sr
data,ru,B2,1929,vernichten,iznīcināt • izpostīt,Уничтожить • Опустошить,FAMILY_COPY_STRICT,bg+hr+mk+ru+sr
data,sr,B2,1929,vernichten,iznīcināt • izpostīt,Уничтожить • Опустошить,FAMILY_COPY_STRICT,bg+hr+mk+ru+sr
data,fi,B2,1929,vernichten,iznīcināt • izpostīt,Hävitama,FAMILY_COPY_STRICT,fi+is+nb+nn+sv
data,is,B2,1929,vernichten,iznīcināt • izpostīt,Hävitama,FAMILY_COPY_STRICT,fi+is+nb+nn+sv
data,nb,B2,1929,vernichten,iznīcināt • izpostīt,Hävitama,FAMILY_COPY_STRICT,fi+is+nb+nn+sv
data,nn,B2,1929,vernichten,iznīcināt • izpostīt,Hävitama,FAMILY_COPY_STRICT,fi+is+nb+nn+sv
data,sv,B2,1929,vernichten,iznīcināt • izpostīt,Hävitama,FAMILY_COPY_STRICT,fi+is+nb+nn+sv
data,it,B2,1929,vernichten,iznīcināt • izpostīt,Iznīcināt • Izpostīt,FAMILY_COPY_STRICT,it+lb+nl+pt
data,lb,B2,1929,vernichten,iznīcināt • izpostīt,Iznīcināt • Izpostīt,FAMILY_COPY_STRICT,it+lb+nl+pt
data,nl,B2,1929,vernichten,iznīcināt • izpostīt,Iznīcināt • Izpostīt,FAMILY_COPY_STRICT,it+lb+nl+pt
data,pt,B2,1929,vernichten,iznīcināt • izpostīt,Iznīcināt • Izpostīt,FAMILY_COPY_STRICT,it+lb+nl+pt
data,pl,B2,1929,vernichten,iznīcināt • izpostīt,Niszczyć • Niszczyć,FAMILY_COPY_STRICT,pl+sk
data,sk,B2,1929,vernichten,iznīcināt • izpostīt,Niszczyć • Niszczyć,FAMILY_COPY_STRICT,pl+sk
data,sq,B2,1929,vernichten,iznīcināt • izpostīt,Yok Et • Yok Et,FAMILY_COPY_STRICT,sq+tr
data,tr,B2,1929,vernichten,iznīcināt • izpostīt,Yok Et • Yok Et,FAMILY_COPY_STRICT,sq+tr
data,hr,B2,1930,verordnen,noteikt • dot rīkojumu • med. parakstīt,Определить • Порядок • Мед. подписать,SCRIPT_MISMATCH,
data,hr,B2,1930,verordnen,noteikt • dot rīkojumu • med. parakstīt,Определить • Порядок • Мед. подписать,MARKER_LEAK,foreign_script
data,it,B2,1930,verordnen,noteikt • dot rīkojumu • med. parakstīt,Noteikt • Dot rīkojumu • Med. parakstīt,SAME_AS_LV_CASEFOLD,casefold_only
data,it,B2,1930,verordnen,noteikt • dot rīkojumu • med. parakstīt,Noteikt • Dot rīkojumu • Med. parakstīt,LV_DIACRITIC,
data,it,B2,1930,verordnen,noteikt • dot rīkojumu • med. parakstīt,Noteikt • Dot rīkojumu • Med. parakstīt,MARKER_LEAK,lv_macron_consonant
data,lb,B2,1930,verordnen,noteikt • dot rīkojumu • med. parakstīt,Noteikt • Dot rīkojumu • Med. parakstīt,SAME_AS_LV_CASEFOLD,casefold_only
data,lb,B2,1930,verordnen,noteikt • dot rīkojumu • med. parakstīt,Noteikt • Dot rīkojumu • Med. parakstīt,LV_DIACRITIC,
data,lb,B2,1930,verordnen,noteikt • dot rīkojumu • med. parakstīt,Noteikt • Dot rīkojumu • Med. parakstīt,MARKER_LEAK,lv_macron_consonant
data,nl,B2,1930,verordnen,noteikt • dot rīkojumu • med. parakstīt,Noteikt • Dot rīkojumu • Med. parakstīt,SAME_AS_LV_CASEFOLD,casefold_only
data,nl,B2,1930,verordnen,noteikt • dot rīkojumu • med. parakstīt,Noteikt • Dot rīkojumu • Med. parakstīt,LV_DIACRITIC,
data,nl,B2,1930,verordnen,noteikt • dot rīkojumu • med. parakstīt,Noteikt • Dot rīkojumu • Med. parakstīt,MARKER_LEAK,lv_macron_consonant
data,pt,B2,1930,verordnen,noteikt • dot rīkojumu • med. parakstīt,Nota • Dot rīkojumu • Med. parakstīt,LV_DIACRITIC,
data,pt,B2,1930,verordnen,noteikt • dot rīkojumu • med. parakstīt,Nota • Dot rīkojumu • Med. parakstīt,MARKER_LEAK,lv_macron_consonant
data,sl,B2,1930,verordnen,noteikt • dot rīkojumu • med. parakstīt,noteikt • dot rīkojumu • med. parakstīt,SAME_AS_LV_CASEFOLD,exact
data,sl,B2,1930,verordnen,noteikt • dot rīkojumu • med. parakstīt,noteikt • dot rīkojumu • med. parakstīt,LV_DIACRITIC,
data,sl,B2,1930,verordnen,noteikt • dot rīkojumu • med. parakstīt,noteikt • dot rīkojumu • med. parakstīt,MARKER_LEAK,lv_macron_consonant
data,bg,B2,1930,verordnen,noteikt • dot rīkojumu • med. parakstīt,Определить • Порядок • Мед. подписать,FAMILY_COPY_STRICT,bg+hr+mk+ru+sr
data,hr,B2,1930,verordnen,noteikt • dot rīkojumu • med. parakstīt,Определить • Порядок • Мед. подписать,FAMILY_COPY_STRICT,bg+hr+mk+ru+sr
data,mk,B2,1930,verordnen,noteikt • dot rīkojumu • med. parakstīt,Определить • Порядок • Мед. подписать,FAMILY_COPY_STRICT,bg+hr+mk+ru+sr
data,ru,B2,1930,verordnen,noteikt • dot rīkojumu • med. parakstīt,Определить • Порядок • Мед. подписать,FAMILY_COPY_STRICT,bg+hr+mk+ru+sr
data,sr,B2,1930,verordnen,noteikt • dot rīkojumu • med. parakstīt,Определить • Порядок • Мед. подписать,FAMILY_COPY_STRICT,bg+hr+mk+ru+sr
data,fi,B2,1930,verordnen,noteikt • dot rīkojumu • med. parakstīt,Määrama • Korraldust andma • Med. välja kirjutama,FAMILY_COPY_STRICT,fi+is+nb+nn+sv
data,is,B2,1930,verordnen,noteikt • dot rīkojumu • med. parakstīt,Määrama • Korraldust andma • Med. välja kirjutama,FAMILY_COPY_STRICT,fi+is+nb+nn+sv
data,nb,B2,1930,verordnen,noteikt • dot rīkojumu • med. parakstīt,Määrama • Korraldust andma • Med. välja kirjutama,FAMILY_COPY_STRICT,fi+is+nb+nn+sv
data,nn,B2,1930,verordnen,noteikt • dot rīkojumu • med. parakstīt,Määrama • Korraldust andma • Med. välja kirjutama,FAMILY_COPY_STRICT,fi+is+nb+nn+sv
data,sv,B2,1930,verordnen,noteikt • dot rīkojumu • med. parakstīt,Määrama • Korraldust andma • Med. välja kirjutama,FAMILY_COPY_STRICT,fi+is+nb+nn+sv
data,it,B2,1930,verordnen,noteikt • dot rīkojumu • med. parakstīt,Noteikt • Dot rīkojumu • Med. parakstīt,FAMILY_COPY_STRICT,it+lb+nl
data,lb,B2,1930,verordnen,noteikt • dot rīkojumu • med. parakstīt,Noteikt • Dot rīkojumu • Med. parakstīt,FAMILY_COPY_STRICT,it+lb+nl
data,nl,B2,1930,verordnen,noteikt • dot rīkojumu • med. parakstīt,Noteikt • Dot rīkojumu • Med. parakstīt,FAMILY_COPY_STRICT,it+lb+nl
data,pl,B2,1930,verordnen,noteikt • dot rīkojumu • med. parakstīt,Ustalić • Zamówić • Med. podpisać,FAMILY_COPY_STRICT,pl+sk
data,sk,B2,1930,verordnen,noteikt • dot rīkojumu • med. parakstīt,Ustalić • Zamówić • Med. podpisać,FAMILY_COPY_STRICT,pl+sk
data,sq,B2,1930,verordnen,noteikt • dot rīkojumu • med. parakstīt,Belirleyin: • Sipariş • Med. imza,FAMILY_COPY_STRICT,sq+tr
data,tr,B2,1930,verordnen,noteikt • dot rīkojumu • med. parakstīt,Belirleyin: • Sipariş • Med. imza,FAMILY_COPY_STRICT,sq+tr
data,hr,B2,1931,verpfänden,ieķīlāt,Положи клетва,SCRIPT_MISMATCH,
data,hr,B2,1931,verpfänden,ieķīlāt,Положи клетва,MARKER_LEAK,foreign_script
data,it,B2,1931,verpfänden,ieķīlāt,Ieķīlāt,SAME_AS_LV_CASEFOLD,casefold_only
data,it,B2,1931,verpfänden,ieķīlāt,Ieķīlāt,LV_DIACRITIC,
data,it,B2,1931,verpfänden,ieķīlāt,Ieķīlāt,MARKER_LEAK,lv_macron_consonant
data,lb,B2,1931,verpfänden,ieķīlāt,Ieķīlāt,SAME_AS_LV_CASEFOLD,casefold_only
data,lb,B2,1931,verpfänden,ieķīlāt,Ieķīlāt,LV_DIACRITIC,
data,lb,B2,1931,verpfänden,ieķīlāt,Ieķīlāt,MARKER_LEAK,lv_macron_consonant
data,nl,B2,1931,verpfänden,ieķīlāt,Ieķīlāt,SAME_AS_LV_CASEFOLD,casefold_only
data,nl,B2,1931,verpfänden,ieķīlāt,Ieķīlāt,LV_DIACRITIC,
data,nl,B2,1931,verpfänden,ieķīlāt,Ieķīlāt,MARKER_LEAK,lv_macron_consonant
data,pt,B2,1931,verpfänden,ieķīlāt,Ieķīlāt,SAME_AS_LV_CASEFOLD,casefold_only
data,pt,B2,1931,verpfänden,ieķīlāt,Ieķīlāt,LV_DIACRITIC,
data,pt,B2,1931,verpfänden,ieķīlāt,Ieķīlāt,MARKER_LEAK,lv_macron_consonant
data,sl,B2,1931,verpfänden,ieķīlāt,ieķīlāt,SAME_AS_LV_CASEFOLD,exact
data,sl,B2,1931,verpfänden,ieķīlāt,ieķīlāt,LV_DIACRITIC,
data,sl,B2,1931,verpfänden,ieķīlāt,ieķīlāt,MARKER_LEAK,lv_macron_consonant
data,bg,B2,1931,verpfänden,ieķīlāt,Положи клетва,FAMILY_COPY_STRICT,bg+hr+mk+sr
data,hr,B2,1931,verpfänden,ieķīlāt,Положи клетва,FAMILY_COPY_STRICT,bg+hr+mk+sr
data,mk,B2,1931,verpfänden,ieķīlāt,Положи клетва,FAMILY_COPY_STRICT,bg+hr+mk+sr
data,sr,B2,1931,verpfänden,ieķīlāt,Положи клетва,FAMILY_COPY_STRICT,bg+hr+mk+sr
data,fi,B2,1931,verpfänden,ieķīlāt,Pantima,FAMILY_COPY_STRICT,fi+is+nb+nn+sv
data,is,B2,1931,verpfänden,ieķīlāt,Pantima,FAMILY_COPY_STRICT,fi+is+nb+nn+sv
data,nb,B2,1931,verpfänden,ieķīlāt,Pantima,FAMILY_COPY_STRICT,fi+is+nb+nn+sv
data,nn,B2,1931,verpfänden,ieķīlāt,Pantima,FAMILY_COPY_STRICT,fi+is+nb+nn+sv
data,sv,B2,1931,verpfänden,ieķīlāt,Pantima,FAMILY_COPY_STRICT,fi+is+nb+nn+sv
data,it,B2,1931,verpfänden,ieķīlāt,Ieķīlāt,FAMILY_COPY_STRICT,it+lb+nl+pt
data,lb,B2,1931,verpfänden,ieķīlāt,Ieķīlāt,FAMILY_COPY_STRICT,it+lb+nl+pt
data,nl,B2,1931,verpfänden,ieķīlāt,Ieķīlāt,FAMILY_COPY_STRICT,it+lb+nl+pt
data,pt,B2,1931,verpfänden,ieķīlāt,Ieķīlāt,FAMILY_COPY_STRICT,it+lb+nl+pt
data,pl,B2,1931,verpfänden,ieķīlāt,Zastaw,FAMILY_COPY_STRICT,pl+sk+sq+tr
data,sk,B2,1931,verpfänden,ieķīlāt,Zastaw,FAMILY_COPY_STRICT,pl+sk+sq+tr
data,sq,B2,1931,verpfänden,ieķīlāt,Zastaw,FAMILY_COPY_STRICT,pl+sk+sq+tr
data,tr,B2,1931,verpfänden,ieķīlāt,Zastaw,FAMILY_COPY_STRICT,pl+sk+sq+tr
data,hr,B2,1932,verrechnen,aprēķināt,Изчислете,SCRIPT_MISMATCH,
data,hr,B2,1932,verrechnen,aprēķināt,Изчислете,MARKER_LEAK,foreign_script
data,it,B2,1932,verrechnen,aprēķināt,Aprēķināt,SAME_AS_LV_CASEFOLD,casefold_only
data,it,B2,1932,verrechnen,aprēķināt,Aprēķināt,LV_DIACRITIC,
data,it,B2,1932,verrechnen,aprēķināt,Aprēķināt,MARKER_LEAK,lv_macron_consonant
data,lb,B2,1932,verrechnen,aprēķināt,Aprēķināt,SAME_AS_LV_CASEFOLD,casefold_only
data,lb,B2,1932,verrechnen,aprēķināt,Aprēķināt,LV_DIACRITIC,
data,lb,B2,1932,verrechnen,aprēķināt,Aprēķināt,MARKER_LEAK,lv_macron_consonant
data,nl,B2,1932,verrechnen,aprēķināt,Aprēķināt,SAME_AS_LV_CASEFOLD,casefold_only
data,nl,B2,1932,verrechnen,aprēķināt,Aprēķināt,LV_DIACRITIC,
data,nl,B2,1932,verrechnen,aprēķināt,Aprēķināt,MARKER_LEAK,lv_macron_consonant
data,pt,B2,1932,verrechnen,aprēķināt,Aprēķināt,SAME_AS_LV_CASEFOLD,casefold_only
data,pt,B2,1932,verrechnen,aprēķināt,Aprēķināt,LV_DIACRITIC,
data,pt,B2,1932,verrechnen,aprēķināt,Aprēķināt,MARKER_LEAK,lv_macron_consonant
data,sl,B2,1932,verrechnen,aprēķināt,aprēķināt,SAME_AS_LV_CASEFOLD,exact
data,sl,B2,1932,verrechnen,aprēķināt,aprēķināt,LV_DIACRITIC,
data,sl,B2,1932,verrechnen,aprēķināt,aprēķināt,MARKER_LEAK,lv_macron_consonant
data,bg,B2,1932,verrechnen,aprēķināt,Изчислете,FAMILY_COPY_STRICT,bg+hr+mk+sr
data,hr,B2,1932,verrechnen,aprēķināt,Изчислете,FAMILY_COPY_STRICT,bg+hr+mk+sr
data,mk,B2,1932,verrechnen,aprēķināt,Изчислете,FAMILY_COPY_STRICT,bg+hr+mk+sr
data,sr,B2,1932,verrechnen,aprēķināt,Изчислете,FAMILY_COPY_STRICT,bg+hr+mk+sr
data,fi,B2,1932,verrechnen,aprēķināt,Arvutama,FAMILY_COPY_STRICT,fi+is+nb+nn+sv
data,is,B2,1932,verrechnen,aprēķināt,Arvutama,FAMILY_COPY_STRICT,fi+is+nb+nn+sv
data,nb,B2,1932,verrechnen,aprēķināt,Arvutama,FAMILY_COPY_STRICT,fi+is+nb+nn+sv
data,nn,B2,1932,verrechnen,aprēķināt,Arvutama,FAMILY_COPY_STRICT,fi+is+nb+nn+sv
data,sv,B2,1932,verrechnen,aprēķināt,Arvutama,FAMILY_COPY_STRICT,fi+is+nb+nn+sv
data,it,B2,1932,verrechnen,aprēķināt,Aprēķināt,FAMILY_COPY_STRICT,it+lb+nl+pt
data,lb,B2,1932,verrechnen,aprēķināt,Aprēķināt,FAMILY_COPY_STRICT,it+lb+nl+pt
data,nl,B2,1932,verrechnen,aprēķināt,Aprēķināt,FAMILY_COPY_STRICT,it+lb+nl+pt
data,pt,B2,1932,verrechnen,aprēķināt,Aprēķināt,FAMILY_COPY_STRICT,it+lb+nl+pt
data,pl,B2,1932,verrechnen,aprēķināt,Obliczać,FAMILY_COPY_STRICT,pl+sk
data,sk,B2,1932,verrechnen,aprēķināt,Obliczać,FAMILY_COPY_STRICT,pl+sk
data,sq,B2,1932,verrechnen,aprēķināt,Hesaplamak,FAMILY_COPY_STRICT,sq+tr
data,tr,B2,1932,verrechnen,aprēķināt,Hesaplamak,FAMILY_COPY_STRICT,sq+tr
data,hr,B2,1933,verrenken,izmežģīt,Вывихнуть,SCRIPT_MISMATCH,
data,hr,B2,1933,verrenken,izmežģīt,Вывихнуть,MARKER_LEAK,foreign_script
data,it,B2,1933,verrenken,izmežģīt,Izmežģīt,SAME_AS_LV_CASEFOLD,casefold_only
data,it,B2,1933,verrenken,izmežģīt,Izmežģīt,LV_DIACRITIC,
data,it,B2,1933,verrenken,izmežģīt,Izmežģīt,MARKER_LEAK,lv_macron_consonant
data,lb,B2,1933,verrenken,izmežģīt,Izmežģīt,SAME_AS_LV_CASEFOLD,casefold_only
data,lb,B2,1933,verrenken,izmežģīt,Izmežģīt,LV_DIACRITIC,
data,lb,B2,1933,verrenken,izmežģīt,Izmežģīt,MARKER_LEAK,lv_macron_consonant
data,nl,B2,1933,verrenken,izmežģīt,Izmežģīt,SAME_AS_LV_CASEFOLD,casefold_only
data,nl,B2,1933,verrenken,izmežģīt,Izmežģīt,LV_DIACRITIC,
data,nl,B2,1933,verrenken,izmežģīt,Izmežģīt,MARKER_LEAK,lv_macron_consonant
data,pt,B2,1933,verrenken,izmežģīt,Izmežģīt,SAME_AS_LV_CASEFOLD,casefold_only
data,pt,B2,1933,verrenken,izmežģīt,Izmežģīt,LV_DIACRITIC,
data,pt,B2,1933,verrenken,izmežģīt,Izmežģīt,MARKER_LEAK,lv_macron_consonant
data,sk,B2,1933,verrenken,izmežģīt,Zwichnąć,MARKER_LEAK,pl_lt_nasal
data,sl,B2,1933,verrenken,izmežģīt,izmežģīt,SAME_AS_LV_CASEFOLD,exact
data,sl,B2,1933,verrenken,izmežģīt,izmežģīt,LV_DIACRITIC,
data,sl,B2,1933,verrenken,izmežģīt,izmežģīt,MARKER_LEAK,lv_macron_consonant
data,sq,B2,1933,verrenken,izmežģīt,Zwichnąć,MARKER_LEAK,pl_lt_nasal
data,tr,B2,1933,verrenken,izmežģīt,Zwichnąć,MARKER_LEAK,pl_lt_nasal
data,bg,B2,1933,verrenken,izmežģīt,Вывихнуть,FAMILY_COPY_STRICT,bg+hr+mk+ru+sr
data,hr,B2,1933,verrenken,izmežģīt,Вывихнуть,FAMILY_COPY_STRICT,bg+hr+mk+ru+sr
data,mk,B2,1933,verrenken,izmežģīt,Вывихнуть,FAMILY_COPY_STRICT,bg+hr+mk+ru+sr
data,ru,B2,1933,verrenken,izmežģīt,Вывихнуть,FAMILY_COPY_STRICT,bg+hr+mk+ru+sr
data,sr,B2,1933,verrenken,izmežģīt,Вывихнуть,FAMILY_COPY_STRICT,bg+hr+mk+ru+sr
data,fi,B2,1933,verrenken,izmežģīt,Nihestama,FAMILY_COPY_STRICT,fi+is+nb+nn+sv
data,is,B2,1933,verrenken,izmežģīt,Nihestama,FAMILY_COPY_STRICT,fi+is+nb+nn+sv
data,nb,B2,1933,verrenken,izmežģīt,Nihestama,FAMILY_COPY_STRICT,fi+is+nb+nn+sv
data,nn,B2,1933,verrenken,izmežģīt,Nihestama,FAMILY_COPY_STRICT,fi+is+nb+nn+sv
data,sv,B2,1933,verrenken,izmežģīt,Nihestama,FAMILY_COPY_STRICT,fi+is+nb+nn+sv
data,it,B2,1933,verrenken,izmežģīt,Izmežģīt,FAMILY_COPY_STRICT,it+lb+nl+pt
data,lb,B2,1933,verrenken,izmežģīt,Izmežģīt,FAMILY_COPY_STRICT,it+lb+nl+pt
data,nl,B2,1933,verrenken,izmežģīt,Izmežģīt,FAMILY_COPY_STRICT,it+lb+nl+pt
data,pt,B2,1933,verrenken,izmežģīt,Izmežģīt,FAMILY_COPY_STRICT,it+lb+nl+pt
data,pl,B2,1933,verrenken,izmežģīt,Zwichnąć,FAMILY_COPY_STRICT,pl+sk+sq+tr
data,sk,B2,1933,verrenken,izmežģīt,Zwichnąć,FAMILY_COPY_STRICT,pl+sk+sq+tr
data,sq,B2,1933,verrenken,izmežģīt,Zwichnąć,FAMILY_COPY_STRICT,pl+sk+sq+tr
data,tr,B2,1933,verrenken,izmežģīt,Zwichnąć,FAMILY_COPY_STRICT,pl+sk+sq+tr
data,hr,B2,1934,versagen,liegt • atteikt • noraidīt • neklausīt • atteikties kalpot • izrādīties gļēvam un nevarīgam,Отрицать • Отказываться • Отвергать • Не подчиняться • Отказываться служить • Выглядеть трусливым и бессильным,SCRIPT_MISMATCH,
data,hr,B2,1934,versagen,liegt • atteikt • noraidīt • neklausīt • atteikties kalpot • izrādīties gļēvam un nevarīgam,Отрицать • Отказываться • Отвергать • Не подчиняться • Отказываться служить • Выглядеть трусливым и бессильным,MARKER_LEAK,foreign_script
data,it,B2,1934,versagen,liegt • atteikt • noraidīt • neklausīt • atteikties kalpot • izrādīties gļēvam un nevarīgam,Liegt • Atteikt • Noraidīt • Neklausīt • Atteikties kalpot • Izrādīties gļēvam un nevarīgam,SAME_AS_LV_CASEFOLD,casefold_only
data,it,B2,1934,versagen,liegt • atteikt • noraidīt • neklausīt • atteikties kalpot • izrādīties gļēvam un nevarīgam,Liegt • Atteikt • Noraidīt • Neklausīt • Atteikties kalpot • Izrādīties gļēvam un nevarīgam,LV_DIACRITIC,
data,it,B2,1934,versagen,liegt • atteikt • noraidīt • neklausīt • atteikties kalpot • izrādīties gļēvam un nevarīgam,Liegt • Atteikt • Noraidīt • Neklausīt • Atteikties kalpot • Izrādīties gļēvam un nevarīgam,MARKER_LEAK,lv_macron_consonant
data,lb,B2,1934,versagen,liegt • atteikt • noraidīt • neklausīt • atteikties kalpot • izrādīties gļēvam un nevarīgam,Liegt • Atteikt • Noraidīt • Neklausīt • Atteikties kalpot • Izrādīties gļēvam un nevarīgam,SAME_AS_LV_CASEFOLD,casefold_only
data,lb,B2,1934,versagen,liegt • atteikt • noraidīt • neklausīt • atteikties kalpot • izrādīties gļēvam un nevarīgam,Liegt • Atteikt • Noraidīt • Neklausīt • Atteikties kalpot • Izrādīties gļēvam un nevarīgam,LV_DIACRITIC,
data,lb,B2,1934,versagen,liegt • atteikt • noraidīt • neklausīt • atteikties kalpot • izrādīties gļēvam un nevarīgam,Liegt • Atteikt • Noraidīt • Neklausīt • Atteikties kalpot • Izrādīties gļēvam un nevarīgam,MARKER_LEAK,lv_macron_consonant
data,nl,B2,1934,versagen,liegt • atteikt • noraidīt • neklausīt • atteikties kalpot • izrādīties gļēvam un nevarīgam,Liegt • Atteikt • Noraidīt • Neklausīt • Atteikties kalpot • Izrādīties gļēvam un nevarīgam,SAME_AS_LV_CASEFOLD,casefold_only
data,nl,B2,1934,versagen,liegt • atteikt • noraidīt • neklausīt • atteikties kalpot • izrādīties gļēvam un nevarīgam,Liegt • Atteikt • Noraidīt • Neklausīt • Atteikties kalpot • Izrādīties gļēvam un nevarīgam,LV_DIACRITIC,
data,nl,B2,1934,versagen,liegt • atteikt • noraidīt • neklausīt • atteikties kalpot • izrādīties gļēvam un nevarīgam,Liegt • Atteikt • Noraidīt • Neklausīt • Atteikties kalpot • Izrādīties gļēvam un nevarīgam,MARKER_LEAK,lv_macron_consonant
data,pt,B2,1934,versagen,liegt • atteikt • noraidīt • neklausīt • atteikties kalpot • izrādīties gļēvam un nevarīgam,Liegt • Atteikt • Noraidīt • Neklausīt • Atteikties kalpot • Izrādīties gļēvam un nevarīgam,SAME_AS_LV_CASEFOLD,casefold_only
data,pt,B2,1934,versagen,liegt • atteikt • noraidīt • neklausīt • atteikties kalpot • izrādīties gļēvam un nevarīgam,Liegt • Atteikt • Noraidīt • Neklausīt • Atteikties kalpot • Izrādīties gļēvam un nevarīgam,LV_DIACRITIC,
data,pt,B2,1934,versagen,liegt • atteikt • noraidīt • neklausīt • atteikties kalpot • izrādīties gļēvam un nevarīgam,Liegt • Atteikt • Noraidīt • Neklausīt • Atteikties kalpot • Izrādīties gļēvam un nevarīgam,MARKER_LEAK,lv_macron_consonant
data,sk,B2,1934,versagen,liegt • atteikt • noraidīt • neklausīt • atteikties kalpot • izrādīties gļēvam un nevarīgam,Zaprzeczać • Odmawiać • Odrzucać • Być nieposłusznym • Odmawiać służenia • Sprawiać wrażenie tchórzliwego i bezsilnego,MARKER_LEAK,pl_l_s_z
data,sl,B2,1934,versagen,liegt • atteikt • noraidīt • neklausīt • atteikties kalpot • izrādīties gļēvam un nevarīgam,liegt • atteikt • noraidīt • neklausīt • atteikties kalpot • izrādīties gļēvam un nevarīgam,SAME_AS_LV_CASEFOLD,exact
data,sl,B2,1934,versagen,liegt • atteikt • noraidīt • neklausīt • atteikties kalpot • izrādīties gļēvam un nevarīgam,liegt • atteikt • noraidīt • neklausīt • atteikties kalpot • izrādīties gļēvam un nevarīgam,LV_DIACRITIC,
data,sl,B2,1934,versagen,liegt • atteikt • noraidīt • neklausīt • atteikties kalpot • izrādīties gļēvam un nevarīgam,liegt • atteikt • noraidīt • neklausīt • atteikties kalpot • izrādīties gļēvam un nevarīgam,MARKER_LEAK,lv_macron_consonant
data,sq,B2,1934,versagen,liegt • atteikt • noraidīt • neklausīt • atteikties kalpot • izrādīties gļēvam un nevarīgam,Reddet • Reddet • Reddet • İtaatsiz ol • Hizmet etmeyi reddet • Korkak ve güçsüz görün,MARKER_LEAK,tr_soft
data,uk,B2,1934,versagen,liegt • atteikt • noraidīt • neklausīt • atteikties kalpot • izrādīties gļēvam un nevarīgam,liegt • відмовлятися • відкидати • не слухати • відмовлятися служити • бути боягузливим і безпорадним,SCRIPT_MISMATCH,
data,uk,B2,1934,versagen,liegt • atteikt • noraidīt • neklausīt • atteikties kalpot • izrādīties gļēvam un nevarīgam,liegt • відмовлятися • відкидати • не слухати • відмовлятися служити • бути боягузливим і безпорадним,MARKER_LEAK,latin_in_cyrillic
data,bg,B2,1934,versagen,liegt • atteikt • noraidīt • neklausīt • atteikties kalpot • izrādīties gļēvam un nevarīgam,Отрицать • Отказываться • Отвергать • Не подчиняться • Отказываться служить • Выглядеть трусливым и бессильным,FAMILY_COPY_STRICT,bg+hr+mk+ru+sr
data,hr,B2,1934,versagen,liegt • atteikt • noraidīt • neklausīt • atteikties kalpot • izrādīties gļēvam un nevarīgam,Отрицать • Отказываться • Отвергать • Не подчиняться • Отказываться служить • Выглядеть трусливым и бессильным,FAMILY_COPY_STRICT,bg+hr+mk+ru+sr
data,mk,B2,1934,versagen,liegt • atteikt • noraidīt • neklausīt • atteikties kalpot • izrādīties gļēvam un nevarīgam,Отрицать • Отказываться • Отвергать • Не подчиняться • Отказываться служить • Выглядеть трусливым и бессильным,FAMILY_COPY_STRICT,bg+hr+mk+ru+sr
data,ru,B2,1934,versagen,liegt • atteikt • noraidīt • neklausīt • atteikties kalpot • izrādīties gļēvam un nevarīgam,Отрицать • Отказываться • Отвергать • Не подчиняться • Отказываться служить • Выглядеть трусливым и бессильным,FAMILY_COPY_STRICT,bg+hr+mk+ru+sr
data,sr,B2,1934,versagen,liegt • atteikt • noraidīt • neklausīt • atteikties kalpot • izrādīties gļēvam un nevarīgam,Отрицать • Отказываться • Отвергать • Не подчиняться • Отказываться служить • Выглядеть трусливым и бессильным,FAMILY_COPY_STRICT,bg+hr+mk+ru+sr
data,fi,B2,1934,versagen,liegt • atteikt • noraidīt • neklausīt • atteikties kalpot • izrādīties gļēvam un nevarīgam,Keelduma • Tagasi lükkama • Mitte kuulama • Teenimast keelduma • Argaks jääma,FAMILY_COPY_STRICT,fi+is+nb+nn+sv
data,is,B2,1934,versagen,liegt • atteikt • noraidīt • neklausīt • atteikties kalpot • izrādīties gļēvam un nevarīgam,Keelduma • Tagasi lükkama • Mitte kuulama • Teenimast keelduma • Argaks jääma,FAMILY_COPY_STRICT,fi+is+nb+nn+sv
data,nb,B2,1934,versagen,liegt • atteikt • noraidīt • neklausīt • atteikties kalpot • izrādīties gļēvam un nevarīgam,Keelduma • Tagasi lükkama • Mitte kuulama • Teenimast keelduma • Argaks jääma,FAMILY_COPY_STRICT,fi+is+nb+nn+sv
data,nn,B2,1934,versagen,liegt • atteikt • noraidīt • neklausīt • atteikties kalpot • izrādīties gļēvam un nevarīgam,Keelduma • Tagasi lükkama • Mitte kuulama • Teenimast keelduma • Argaks jääma,FAMILY_COPY_STRICT,fi+is+nb+nn+sv
data,sv,B2,1934,versagen,liegt • atteikt • noraidīt • neklausīt • atteikties kalpot • izrādīties gļēvam un nevarīgam,Keelduma • Tagasi lükkama • Mitte kuulama • Teenimast keelduma • Argaks jääma,FAMILY_COPY_STRICT,fi+is+nb+nn+sv
data,it,B2,1934,versagen,liegt • atteikt • noraidīt • neklausīt • atteikties kalpot • izrādīties gļēvam un nevarīgam,Liegt • Atteikt • Noraidīt • Neklausīt • Atteikties kalpot • Izrādīties gļēvam un nevarīgam,FAMILY_COPY_STRICT,it+lb+nl+pt
data,lb,B2,1934,versagen,liegt • atteikt • noraidīt • neklausīt • atteikties kalpot • izrādīties gļēvam un nevarīgam,Liegt • Atteikt • Noraidīt • Neklausīt • Atteikties kalpot • Izrādīties gļēvam un nevarīgam,FAMILY_COPY_STRICT,it+lb+nl+pt
data,nl,B2,1934,versagen,liegt • atteikt • noraidīt • neklausīt • atteikties kalpot • izrādīties gļēvam un nevarīgam,Liegt • Atteikt • Noraidīt • Neklausīt • Atteikties kalpot • Izrādīties gļēvam un nevarīgam,FAMILY_COPY_STRICT,it+lb+nl+pt
data,pt,B2,1934,versagen,liegt • atteikt • noraidīt • neklausīt • atteikties kalpot • izrādīties gļēvam un nevarīgam,Liegt • Atteikt • Noraidīt • Neklausīt • Atteikties kalpot • Izrādīties gļēvam un nevarīgam,FAMILY_COPY_STRICT,it+lb+nl+pt
data,pl,B2,1934,versagen,liegt • atteikt • noraidīt • neklausīt • atteikties kalpot • izrādīties gļēvam un nevarīgam,Zaprzeczać • Odmawiać • Odrzucać • Być nieposłusznym • Odmawiać służenia • Sprawiać wrażenie tchórzliwego i bezsilnego,FAMILY_COPY_STRICT,pl+sk
data,sk,B2,1934,versagen,liegt • atteikt • noraidīt • neklausīt • atteikties kalpot • izrādīties gļēvam un nevarīgam,Zaprzeczać • Odmawiać • Odrzucać • Być nieposłusznym • Odmawiać służenia • Sprawiać wrażenie tchórzliwego i bezsilnego,FAMILY_COPY_STRICT,pl+sk
data,sq,B2,1934,versagen,liegt • atteikt • noraidīt • neklausīt • atteikties kalpot • izrādīties gļēvam un nevarīgam,Reddet • Reddet • Reddet • İtaatsiz ol • Hizmet etmeyi reddet • Korkak ve güçsüz görün,FAMILY_COPY_STRICT,sq+tr
data,tr,B2,1934,versagen,liegt • atteikt • noraidīt • neklausīt • atteikties kalpot • izrādīties gļēvam un nevarīgam,Reddet • Reddet • Reddet • İtaatsiz ol • Hizmet etmeyi reddet • Korkak ve güçsüz görün,FAMILY_COPY_STRICT,sq+tr
data,hr,B2,1935,sich versehen,aizmirst • aprīkot ar,Забыть • Оборудовать,SCRIPT_MISMATCH,
data,hr,B2,1935,sich versehen,aizmirst • aprīkot ar,Забыть • Оборудовать,MARKER_LEAK,foreign_script
data,it,B2,1935,sich versehen,aizmirst • aprīkot ar,Aizmirst • Aprīkot ar,SAME_AS_LV_CASEFOLD,casefold_only
data,it,B2,1935,sich versehen,aizmirst • aprīkot ar,Aizmirst • Aprīkot ar,LV_DIACRITIC,
data,it,B2,1935,sich versehen,aizmirst • aprīkot ar,Aizmirst • Aprīkot ar,MARKER_LEAK,lv_macron_consonant
data,lb,B2,1935,sich versehen,aizmirst • aprīkot ar,Aizmirst • Aprīkot ar,SAME_AS_LV_CASEFOLD,casefold_only
data,lb,B2,1935,sich versehen,aizmirst • aprīkot ar,Aizmirst • Aprīkot ar,LV_DIACRITIC,
data,lb,B2,1935,sich versehen,aizmirst • aprīkot ar,Aizmirst • Aprīkot ar,MARKER_LEAK,lv_macron_consonant
data,nl,B2,1935,sich versehen,aizmirst • aprīkot ar,Aizmirst • Aprīkot ar,SAME_AS_LV_CASEFOLD,casefold_only
data,nl,B2,1935,sich versehen,aizmirst • aprīkot ar,Aizmirst • Aprīkot ar,LV_DIACRITIC,
data,nl,B2,1935,sich versehen,aizmirst • aprīkot ar,Aizmirst • Aprīkot ar,MARKER_LEAK,lv_macron_consonant
data,sk,B2,1935,sich versehen,aizmirst • aprīkot ar,Zapomnieć • Wyposażyć,MARKER_LEAK,pl_l_s_z
data,sl,B2,1935,sich versehen,aizmirst • aprīkot ar,aizmirst • aprīkot ar,SAME_AS_LV_CASEFOLD,exact
data,sl,B2,1935,sich versehen,aizmirst • aprīkot ar,aizmirst • aprīkot ar,LV_DIACRITIC,
data,sl,B2,1935,sich versehen,aizmirst • aprīkot ar,aizmirst • aprīkot ar,MARKER_LEAK,lv_macron_consonant
data,sq,B2,1935,sich versehen,aizmirst • aprīkot ar,Zapomnieć • Wyposażyć,MARKER_LEAK,pl_l_s_z
data,tr,B2,1935,sich versehen,aizmirst • aprīkot ar,Zapomnieć • Wyposażyć,MARKER_LEAK,pl_l_s_z
data,bg,B2,1935,sich versehen,aizmirst • aprīkot ar,Забыть • Оборудовать,FAMILY_COPY_STRICT,bg+hr+mk+ru+sr
data,hr,B2,1935,sich versehen,aizmirst • aprīkot ar,Забыть • Оборудовать,FAMILY_COPY_STRICT,bg+hr+mk+ru+sr
data,mk,B2,1935,sich versehen,aizmirst • aprīkot ar,Забыть • Оборудовать,FAMILY_COPY_STRICT,bg+hr+mk+ru+sr
data,ru,B2,1935,sich versehen,aizmirst • aprīkot ar,Забыть • Оборудовать,FAMILY_COPY_STRICT,bg+hr+mk+ru+sr
data,sr,B2,1935,sich versehen,aizmirst • aprīkot ar,Забыть • Оборудовать,FAMILY_COPY_STRICT,bg+hr+mk+ru+sr
data,fi,B2,1935,sich versehen,aizmirst • aprīkot ar,Eksima • Varustama millegaga,FAMILY_COPY_STRICT,fi+is+nb+nn+sv
data,is,B2,1935,sich versehen,aizmirst • aprīkot ar,Eksima • Varustama millegaga,FAMILY_COPY_STRICT,fi+is+nb+nn+sv
data,nb,B2,1935,sich versehen,aizmirst • aprīkot ar,Eksima • Varustama millegaga,FAMILY_COPY_STRICT,fi+is+nb+nn+sv
data,nn,B2,1935,sich versehen,aizmirst • aprīkot ar,Eksima • Varustama millegaga,FAMILY_COPY_STRICT,fi+is+nb+nn+sv
data,sv,B2,1935,sich versehen,aizmirst • aprīkot ar,Eksima • Varustama millegaga,FAMILY_COPY_STRICT,fi+is+nb+nn+sv
data,it,B2,1935,sich versehen,aizmirst • aprīkot ar,Aizmirst • Aprīkot ar,FAMILY_COPY_STRICT,it+lb+nl
data,lb,B2,1935,sich versehen,aizmirst • aprīkot ar,Aizmirst • Aprīkot ar,FAMILY_COPY_STRICT,it+lb+nl
data,nl,B2,1935,sich versehen,aizmirst • aprīkot ar,Aizmirst • Aprīkot ar,FAMILY_COPY_STRICT,it+lb+nl
data,pl,B2,1935,sich versehen,aizmirst • aprīkot ar,Zapomnieć • Wyposażyć,FAMILY_COPY_STRICT,pl+sk+sq+tr
data,sk,B2,1935,sich versehen,aizmirst • aprīkot ar,Zapomnieć • Wyposażyć,FAMILY_COPY_STRICT,pl+sk+sq+tr
data,sq,B2,1935,sich versehen,aizmirst • aprīkot ar,Zapomnieć • Wyposażyć,FAMILY_COPY_STRICT,pl+sk+sq+tr
data,tr,B2,1935,sich versehen,aizmirst • aprīkot ar,Zapomnieć • Wyposażyć,FAMILY_COPY_STRICT,pl+sk+sq+tr
data,fi,B2,1936,versetzen,pārvietot • pārcelt,Ümber tõstma • Ümber paigutama,MARKER_LEAK,et_otilde
data,hr,B2,1936,versetzen,pārvietot • pārcelt,Двигаться • Двигаться,SCRIPT_MISMATCH,
data,hr,B2,1936,versetzen,pārvietot • pārcelt,Двигаться • Двигаться,MARKER_LEAK,foreign_script
data,is,B2,1936,versetzen,pārvietot • pārcelt,Ümber tõstma • Ümber paigutama,MARKER_LEAK,et_otilde
data,it,B2,1936,versetzen,pārvietot • pārcelt,Pārvietot • Pārcelt,SAME_AS_LV_CASEFOLD,casefold_only
data,it,B2,1936,versetzen,pārvietot • pārcelt,Pārvietot • Pārcelt,LV_DIACRITIC,
data,it,B2,1936,versetzen,pārvietot • pārcelt,Pārvietot • Pārcelt,MARKER_LEAK,lv_macron_consonant
data,lb,B2,1936,versetzen,pārvietot • pārcelt,Pārvietot • Pārcelt,SAME_AS_LV_CASEFOLD,casefold_only
data,lb,B2,1936,versetzen,pārvietot • pārcelt,Pārvietot • Pārcelt,LV_DIACRITIC,
data,lb,B2,1936,versetzen,pārvietot • pārcelt,Pārvietot • Pārcelt,MARKER_LEAK,lv_macron_consonant
data,nb,B2,1936,versetzen,pārvietot • pārcelt,Ümber tõstma • Ümber paigutama,MARKER_LEAK,et_otilde
data,nl,B2,1936,versetzen,pārvietot • pārcelt,Pārvietot • Pārcelt,SAME_AS_LV_CASEFOLD,casefold_only
data,nl,B2,1936,versetzen,pārvietot • pārcelt,Pārvietot • Pārcelt,LV_DIACRITIC,
data,nl,B2,1936,versetzen,pārvietot • pārcelt,Pārvietot • Pārcelt,MARKER_LEAK,lv_macron_consonant
data,nn,B2,1936,versetzen,pārvietot • pārcelt,Ümber tõstma • Ümber paigutama,MARKER_LEAK,et_otilde
data,pt,B2,1936,versetzen,pārvietot • pārcelt,Pārvietot • Parcelt,LV_DIACRITIC,
data,pt,B2,1936,versetzen,pārvietot • pārcelt,Pārvietot • Parcelt,MARKER_LEAK,lv_macron_consonant
data,sk,B2,1936,versetzen,pārvietot • pārcelt,Ruszaj się • Poruszaj się,MARKER_LEAK,pl_lt_nasal
data,sl,B2,1936,versetzen,pārvietot • pārcelt,pārvietot • pārcelt,SAME_AS_LV_CASEFOLD,exact
data,sl,B2,1936,versetzen,pārvietot • pārcelt,pārvietot • pārcelt,LV_DIACRITIC,
data,sl,B2,1936,versetzen,pārvietot • pārcelt,pārvietot • pārcelt,MARKER_LEAK,lv_macron_consonant
data,sv,B2,1936,versetzen,pārvietot • pārcelt,Ümber tõstma • Ümber paigutama,MARKER_LEAK,et_otilde
data,bg,B2,1936,versetzen,pārvietot • pārcelt,Двигаться • Двигаться,FAMILY_COPY_STRICT,bg+hr+mk+ru+sr
data,hr,B2,1936,versetzen,pārvietot • pārcelt,Двигаться • Двигаться,FAMILY_COPY_STRICT,bg+hr+mk+ru+sr
data,mk,B2,1936,versetzen,pārvietot • pārcelt,Двигаться • Двигаться,FAMILY_COPY_STRICT,bg+hr+mk+ru+sr
data,ru,B2,1936,versetzen,pārvietot • pārcelt,Двигаться • Двигаться,FAMILY_COPY_STRICT,bg+hr+mk+ru+sr
data,sr,B2,1936,versetzen,pārvietot • pārcelt,Двигаться • Двигаться,FAMILY_COPY_STRICT,bg+hr+mk+ru+sr
data,fi,B2,1936,versetzen,pārvietot • pārcelt,Ümber tõstma • Ümber paigutama,FAMILY_COPY_STRICT,fi+is+nb+nn+sv
data,is,B2,1936,versetzen,pārvietot • pārcelt,Ümber tõstma • Ümber paigutama,FAMILY_COPY_STRICT,fi+is+nb+nn+sv
data,nb,B2,1936,versetzen,pārvietot • pārcelt,Ümber tõstma • Ümber paigutama,FAMILY_COPY_STRICT,fi+is+nb+nn+sv
data,nn,B2,1936,versetzen,pārvietot • pārcelt,Ümber tõstma • Ümber paigutama,FAMILY_COPY_STRICT,fi+is+nb+nn+sv
data,sv,B2,1936,versetzen,pārvietot • pārcelt,Ümber tõstma • Ümber paigutama,FAMILY_COPY_STRICT,fi+is+nb+nn+sv
data,it,B2,1936,versetzen,pārvietot • pārcelt,Pārvietot • Pārcelt,FAMILY_COPY_STRICT,it+lb+nl
data,lb,B2,1936,versetzen,pārvietot • pārcelt,Pārvietot • Pārcelt,FAMILY_COPY_STRICT,it+lb+nl
data,nl,B2,1936,versetzen,pārvietot • pārcelt,Pārvietot • Pārcelt,FAMILY_COPY_STRICT,it+lb+nl
data,pl,B2,1936,versetzen,pārvietot • pārcelt,Ruszaj się • Poruszaj się,FAMILY_COPY_STRICT,pl+sk
data,sk,B2,1936,versetzen,pārvietot • pārcelt,Ruszaj się • Poruszaj się,FAMILY_COPY_STRICT,pl+sk
data,sq,B2,1936,versetzen,pārvietot • pārcelt,Hareket etmeye devam edin • Hareket etmeye devam edin,FAMILY_COPY_STRICT,sq+tr
data,tr,B2,1936,versetzen,pārvietot • pārcelt,Hareket etmeye devam edin • Hareket etmeye devam edin,FAMILY_COPY_STRICT,sq+tr
data,hr,B2,1937,verseuchen,piesārņot,Загрязнять,SCRIPT_MISMATCH,
data,hr,B2,1937,verseuchen,piesārņot,Загрязнять,MARKER_LEAK,foreign_script
data,it,B2,1937,verseuchen,piesārņot,Piesārņot,SAME_AS_LV_CASEFOLD,casefold_only
data,it,B2,1937,verseuchen,piesārņot,Piesārņot,LV_DIACRITIC,
data,it,B2,1937,verseuchen,piesārņot,Piesārņot,MARKER_LEAK,lv_macron_consonant
data,lb,B2,1937,verseuchen,piesārņot,Piesārņot,SAME_AS_LV_CASEFOLD,casefold_only
data,lb,B2,1937,verseuchen,piesārņot,Piesārņot,LV_DIACRITIC,
data,lb,B2,1937,verseuchen,piesārņot,Piesārņot,MARKER_LEAK,lv_macron_consonant
data,nl,B2,1937,verseuchen,piesārņot,Piesārņot,SAME_AS_LV_CASEFOLD,casefold_only
data,nl,B2,1937,verseuchen,piesārņot,Piesārņot,LV_DIACRITIC,
data,nl,B2,1937,verseuchen,piesārņot,Piesārņot,MARKER_LEAK,lv_macron_consonant
data,pt,B2,1937,verseuchen,piesārņot,Piesarņot,LV_DIACRITIC,
data,pt,B2,1937,verseuchen,piesārņot,Piesarņot,MARKER_LEAK,lv_macron_consonant
data,sl,B2,1937,verseuchen,piesārņot,piesārņot,SAME_AS_LV_CASEFOLD,exact
data,sl,B2,1937,verseuchen,piesārņot,piesārņot,LV_DIACRITIC,
data,sl,B2,1937,verseuchen,piesārņot,piesārņot,MARKER_LEAK,lv_macron_consonant
data,bg,B2,1937,verseuchen,piesārņot,Загрязнять,FAMILY_COPY_STRICT,bg+hr+mk+ru+sr
data,hr,B2,1937,verseuchen,piesārņot,Загрязнять,FAMILY_COPY_STRICT,bg+hr+mk+ru+sr
data,mk,B2,1937,verseuchen,piesārņot,Загрязнять,FAMILY_COPY_STRICT,bg+hr+mk+ru+sr
data,ru,B2,1937,verseuchen,piesārņot,Загрязнять,FAMILY_COPY_STRICT,bg+hr+mk+ru+sr
data,sr,B2,1937,verseuchen,piesārņot,Загрязнять,FAMILY_COPY_STRICT,bg+hr+mk+ru+sr
data,fi,B2,1937,verseuchen,piesārņot,Reostama,FAMILY_COPY_STRICT,fi+is+nb+nn+sv
data,is,B2,1937,verseuchen,piesārņot,Reostama,FAMILY_COPY_STRICT,fi+is+nb+nn+sv
data,nb,B2,1937,verseuchen,piesārņot,Reostama,FAMILY_COPY_STRICT,fi+is+nb+nn+sv
data,nn,B2,1937,verseuchen,piesārņot,Reostama,FAMILY_COPY_STRICT,fi+is+nb+nn+sv
data,sv,B2,1937,verseuchen,piesārņot,Reostama,FAMILY_COPY_STRICT,fi+is+nb+nn+sv
data,it,B2,1937,verseuchen,piesārņot,Piesārņot,FAMILY_COPY_STRICT,it+lb+nl
data,lb,B2,1937,verseuchen,piesārņot,Piesārņot,FAMILY_COPY_STRICT,it+lb+nl
data,nl,B2,1937,verseuchen,piesārņot,Piesārņot,FAMILY_COPY_STRICT,it+lb+nl
data,pl,B2,1937,verseuchen,piesārņot,Zanieczyszczać,FAMILY_COPY_STRICT,pl+sk
data,sk,B2,1937,verseuchen,piesārņot,Zanieczyszczać,FAMILY_COPY_STRICT,pl+sk
data,sq,B2,1937,verseuchen,piesārņot,Kirletmek,FAMILY_COPY_STRICT,sq+tr
data,tr,B2,1937,verseuchen,piesārņot,Kirletmek,FAMILY_COPY_STRICT,sq+tr
data,hr,B2,1938,versiegeln,aizzīmogot,Запечатывать,SCRIPT_MISMATCH,
data,hr,B2,1938,versiegeln,aizzīmogot,Запечатывать,MARKER_LEAK,foreign_script
data,it,B2,1938,versiegeln,aizzīmogot,Aizzīmogot,SAME_AS_LV_CASEFOLD,casefold_only
data,it,B2,1938,versiegeln,aizzīmogot,Aizzīmogot,LV_DIACRITIC,
data,it,B2,1938,versiegeln,aizzīmogot,Aizzīmogot,MARKER_LEAK,lv_macron_consonant
data,lb,B2,1938,versiegeln,aizzīmogot,Aizzīmogot,SAME_AS_LV_CASEFOLD,casefold_only
data,lb,B2,1938,versiegeln,aizzīmogot,Aizzīmogot,LV_DIACRITIC,
data,lb,B2,1938,versiegeln,aizzīmogot,Aizzīmogot,MARKER_LEAK,lv_macron_consonant
data,nl,B2,1938,versiegeln,aizzīmogot,Aizzīmogot,SAME_AS_LV_CASEFOLD,casefold_only
data,nl,B2,1938,versiegeln,aizzīmogot,Aizzīmogot,LV_DIACRITIC,
data,nl,B2,1938,versiegeln,aizzīmogot,Aizzīmogot,MARKER_LEAK,lv_macron_consonant
data,pt,B2,1938,versiegeln,aizzīmogot,Aizzīmogot,SAME_AS_LV_CASEFOLD,casefold_only
data,pt,B2,1938,versiegeln,aizzīmogot,Aizzīmogot,LV_DIACRITIC,
data,pt,B2,1938,versiegeln,aizzīmogot,Aizzīmogot,MARKER_LEAK,lv_macron_consonant
data,sl,B2,1938,versiegeln,aizzīmogot,aizzīmogot,SAME_AS_LV_CASEFOLD,exact
data,sl,B2,1938,versiegeln,aizzīmogot,aizzīmogot,LV_DIACRITIC,
data,sl,B2,1938,versiegeln,aizzīmogot,aizzīmogot,MARKER_LEAK,lv_macron_consonant
data,bg,B2,1938,versiegeln,aizzīmogot,Запечатывать,FAMILY_COPY_STRICT,bg+hr+mk+ru+sr
data,hr,B2,1938,versiegeln,aizzīmogot,Запечатывать,FAMILY_COPY_STRICT,bg+hr+mk+ru+sr
data,mk,B2,1938,versiegeln,aizzīmogot,Запечатывать,FAMILY_COPY_STRICT,bg+hr+mk+ru+sr
data,ru,B2,1938,versiegeln,aizzīmogot,Запечатывать,FAMILY_COPY_STRICT,bg+hr+mk+ru+sr
data,sr,B2,1938,versiegeln,aizzīmogot,Запечатывать,FAMILY_COPY_STRICT,bg+hr+mk+ru+sr
data,fi,B2,1938,versiegeln,aizzīmogot,Pitseerima,FAMILY_COPY_STRICT,fi+is+nb+nn+sv
data,is,B2,1938,versiegeln,aizzīmogot,Pitseerima,FAMILY_COPY_STRICT,fi+is+nb+nn+sv
data,nb,B2,1938,versiegeln,aizzīmogot,Pitseerima,FAMILY_COPY_STRICT,fi+is+nb+nn+sv
data,nn,B2,1938,versiegeln,aizzīmogot,Pitseerima,FAMILY_COPY_STRICT,fi+is+nb+nn+sv
data,sv,B2,1938,versiegeln,aizzīmogot,Pitseerima,FAMILY_COPY_STRICT,fi+is+nb+nn+sv
data,it,B2,1938,versiegeln,aizzīmogot,Aizzīmogot,FAMILY_COPY_STRICT,it+lb+nl+pt
data,lb,B2,1938,versiegeln,aizzīmogot,Aizzīmogot,FAMILY_COPY_STRICT,it+lb+nl+pt
data,nl,B2,1938,versiegeln,aizzīmogot,Aizzīmogot,FAMILY_COPY_STRICT,it+lb+nl+pt
data,pt,B2,1938,versiegeln,aizzīmogot,Aizzīmogot,FAMILY_COPY_STRICT,it+lb+nl+pt
data,pl,B2,1938,versiegeln,aizzīmogot,Uszczelnić,FAMILY_COPY_STRICT,pl+sk
data,sk,B2,1938,versiegeln,aizzīmogot,Uszczelnić,FAMILY_COPY_STRICT,pl+sk
data,sq,B2,1938,versiegeln,aizzīmogot,Fok,FAMILY_COPY_STRICT,sq+tr
data,tr,B2,1938,versiegeln,aizzīmogot,Fok,FAMILY_COPY_STRICT,sq+tr
data,hr,B2,1939,versinken,nogrimt,Удави се,SCRIPT_MISMATCH,
data,hr,B2,1939,versinken,nogrimt,Удави се,MARKER_LEAK,foreign_script
data,it,B2,1939,versinken,nogrimt,Nogrimt,SAME_AS_LV_CASEFOLD,casefold_only
data,lb,B2,1939,versinken,nogrimt,Nogrimt,SAME_AS_LV_CASEFOLD,casefold_only
data,nl,B2,1939,versinken,nogrimt,Nogrimt,SAME_AS_LV_CASEFOLD,casefold_only
data,pt,B2,1939,versinken,nogrimt,Nogrimt,SAME_AS_LV_CASEFOLD,casefold_only
data,sk,B2,1939,versinken,nogrimt,Zatonąć,MARKER_LEAK,pl_lt_nasal
data,sl,B2,1939,versinken,nogrimt,nogrimt,SAME_AS_LV_CASEFOLD,exact
data,bg,B2,1939,versinken,nogrimt,Удави се,FAMILY_COPY_STRICT,bg+hr+mk+sr
data,hr,B2,1939,versinken,nogrimt,Удави се,FAMILY_COPY_STRICT,bg+hr+mk+sr
data,mk,B2,1939,versinken,nogrimt,Удави се,FAMILY_COPY_STRICT,bg+hr+mk+sr
data,sr,B2,1939,versinken,nogrimt,Удави се,FAMILY_COPY_STRICT,bg+hr+mk+sr
data,fi,B2,1939,versinken,nogrimt,Vajuma,FAMILY_COPY_STRICT,fi+is+nb+nn+sv
data,is,B2,1939,versinken,nogrimt,Vajuma,FAMILY_COPY_STRICT,fi+is+nb+nn+sv
data,nb,B2,1939,versinken,nogrimt,Vajuma,FAMILY_COPY_STRICT,fi+is+nb+nn+sv
data,nn,B2,1939,versinken,nogrimt,Vajuma,FAMILY_COPY_STRICT,fi+is+nb+nn+sv
data,sv,B2,1939,versinken,nogrimt,Vajuma,FAMILY_COPY_STRICT,fi+is+nb+nn+sv
data,it,B2,1939,versinken,nogrimt,Nogrimt,FAMILY_COPY_STRICT,it+lb+nl+pt
data,lb,B2,1939,versinken,nogrimt,Nogrimt,FAMILY_COPY_STRICT,it+lb+nl+pt
data,nl,B2,1939,versinken,nogrimt,Nogrimt,FAMILY_COPY_STRICT,it+lb+nl+pt
data,pt,B2,1939,versinken,nogrimt,Nogrimt,FAMILY_COPY_STRICT,it+lb+nl+pt
data,pl,B2,1939,versinken,nogrimt,Zatonąć,FAMILY_COPY_STRICT,pl+sk
data,sk,B2,1939,versinken,nogrimt,Zatonąć,FAMILY_COPY_STRICT,pl+sk
data,sq,B2,1939,versinken,nogrimt,Atmak,FAMILY_COPY_STRICT,sq+tr
data,tr,B2,1939,versinken,nogrimt,Atmak,FAMILY_COPY_STRICT,sq+tr
data,hr,B2,1940,versöhnen,samierināt,Примирить,SCRIPT_MISMATCH,
data,hr,B2,1940,versöhnen,samierināt,Примирить,MARKER_LEAK,foreign_script
data,it,B2,1940,versöhnen,samierināt,Samierināt,SAME_AS_LV_CASEFOLD,casefold_only
data,it,B2,1940,versöhnen,samierināt,Samierināt,LV_DIACRITIC,
data,it,B2,1940,versöhnen,samierināt,Samierināt,MARKER_LEAK,lv_macron_consonant
data,lb,B2,1940,versöhnen,samierināt,Samierināt,SAME_AS_LV_CASEFOLD,casefold_only
data,lb,B2,1940,versöhnen,samierināt,Samierināt,LV_DIACRITIC,
data,lb,B2,1940,versöhnen,samierināt,Samierināt,MARKER_LEAK,lv_macron_consonant
data,nl,B2,1940,versöhnen,samierināt,Samierināt,SAME_AS_LV_CASEFOLD,casefold_only
data,nl,B2,1940,versöhnen,samierināt,Samierināt,LV_DIACRITIC,
data,nl,B2,1940,versöhnen,samierināt,Samierināt,MARKER_LEAK,lv_macron_consonant
data,sl,B2,1940,versöhnen,samierināt,samierināt,SAME_AS_LV_CASEFOLD,exact
data,sl,B2,1940,versöhnen,samierināt,samierināt,LV_DIACRITIC,
data,sl,B2,1940,versöhnen,samierināt,samierināt,MARKER_LEAK,lv_macron_consonant
data,sq,B2,1940,versöhnen,samierināt,Uzlaştır,MARKER_LEAK,tr_soft
data,bg,B2,1940,versöhnen,samierināt,Примирить,FAMILY_COPY_STRICT,bg+hr+mk+ru+sr
data,hr,B2,1940,versöhnen,samierināt,Примирить,FAMILY_COPY_STRICT,bg+hr+mk+ru+sr
data,mk,B2,1940,versöhnen,samierināt,Примирить,FAMILY_COPY_STRICT,bg+hr+mk+ru+sr
data,ru,B2,1940,versöhnen,samierināt,Примирить,FAMILY_COPY_STRICT,bg+hr+mk+ru+sr
data,sr,B2,1940,versöhnen,samierināt,Примирить,FAMILY_COPY_STRICT,bg+hr+mk+ru+sr
data,fi,B2,1940,versöhnen,samierināt,Leppima panema,FAMILY_COPY_STRICT,fi+is+nb+nn+sv
data,is,B2,1940,versöhnen,samierināt,Leppima panema,FAMILY_COPY_STRICT,fi+is+nb+nn+sv
data,nb,B2,1940,versöhnen,samierināt,Leppima panema,FAMILY_COPY_STRICT,fi+is+nb+nn+sv
data,nn,B2,1940,versöhnen,samierināt,Leppima panema,FAMILY_COPY_STRICT,fi+is+nb+nn+sv
data,sv,B2,1940,versöhnen,samierināt,Leppima panema,FAMILY_COPY_STRICT,fi+is+nb+nn+sv
data,it,B2,1940,versöhnen,samierināt,Samierināt,FAMILY_COPY_STRICT,it+lb+nl
data,lb,B2,1940,versöhnen,samierināt,Samierināt,FAMILY_COPY_STRICT,it+lb+nl
data,nl,B2,1940,versöhnen,samierināt,Samierināt,FAMILY_COPY_STRICT,it+lb+nl
data,pl,B2,1940,versöhnen,samierināt,Pogodzić,FAMILY_COPY_STRICT,pl+sk
data,sk,B2,1940,versöhnen,samierināt,Pogodzić,FAMILY_COPY_STRICT,pl+sk
data,sq,B2,1940,versöhnen,samierināt,Uzlaştır,FAMILY_COPY_STRICT,sq+tr
data,tr,B2,1940,versöhnen,samierināt,Uzlaştır,FAMILY_COPY_STRICT,sq+tr
data,hr,B2,1941,sich versöhnen,samierināties ar,Примирявам се с,SCRIPT_MISMATCH,
data,hr,B2,1941,sich versöhnen,samierināties ar,Примирявам се с,MARKER_LEAK,foreign_script
data,it,B2,1941,sich versöhnen,samierināties ar,Samierināties ar,SAME_AS_LV_CASEFOLD,casefold_only
data,it,B2,1941,sich versöhnen,samierināties ar,Samierināties ar,LV_DIACRITIC,
data,it,B2,1941,sich versöhnen,samierināties ar,Samierināties ar,MARKER_LEAK,lv_macron_consonant
data,lb,B2,1941,sich versöhnen,samierināties ar,Samierināties ar,SAME_AS_LV_CASEFOLD,casefold_only
data,lb,B2,1941,sich versöhnen,samierināties ar,Samierināties ar,LV_DIACRITIC,
data,lb,B2,1941,sich versöhnen,samierināties ar,Samierināties ar,MARKER_LEAK,lv_macron_consonant
data,nl,B2,1941,sich versöhnen,samierināties ar,Samierināties ar,SAME_AS_LV_CASEFOLD,casefold_only
data,nl,B2,1941,sich versöhnen,samierināties ar,Samierināties ar,LV_DIACRITIC,
data,nl,B2,1941,sich versöhnen,samierināties ar,Samierināties ar,MARKER_LEAK,lv_macron_consonant
data,pt,B2,1941,sich versöhnen,samierināties ar,Samierināties ar,SAME_AS_LV_CASEFOLD,casefold_only
data,pt,B2,1941,sich versöhnen,samierināties ar,Samierināties ar,LV_DIACRITIC,
data,pt,B2,1941,sich versöhnen,samierināties ar,Samierināties ar,MARKER_LEAK,lv_macron_consonant
data,sl,B2,1941,sich versöhnen,samierināties ar,samierināties ar,SAME_AS_LV_CASEFOLD,exact
data,sl,B2,1941,sich versöhnen,samierināties ar,samierināties ar,LV_DIACRITIC,
data,sl,B2,1941,sich versöhnen,samierināties ar,samierināties ar,MARKER_LEAK,lv_macron_consonant
data,bg,B2,1941,sich versöhnen,samierināties ar,Примирявам се с,FAMILY_COPY_STRICT,bg+hr+mk+sr
data,hr,B2,1941,sich versöhnen,samierināties ar,Примирявам се с,FAMILY_COPY_STRICT,bg+hr+mk+sr
data,mk,B2,1941,sich versöhnen,samierināties ar,Примирявам се с,FAMILY_COPY_STRICT,bg+hr+mk+sr
data,sr,B2,1941,sich versöhnen,samierināties ar,Примирявам се с,FAMILY_COPY_STRICT,bg+hr+mk+sr
data,fi,B2,1941,sich versöhnen,samierināties ar,Leppima millegaga,FAMILY_COPY_STRICT,fi+is+nb+nn+sv
data,is,B2,1941,sich versöhnen,samierināties ar,Leppima millegaga,FAMILY_COPY_STRICT,fi+is+nb+nn+sv
data,nb,B2,1941,sich versöhnen,samierināties ar,Leppima millegaga,FAMILY_COPY_STRICT,fi+is+nb+nn+sv
data,nn,B2,1941,sich versöhnen,samierināties ar,Leppima millegaga,FAMILY_COPY_STRICT,fi+is+nb+nn+sv
data,sv,B2,1941,sich versöhnen,samierināties ar,Leppima millegaga,FAMILY_COPY_STRICT,fi+is+nb+nn+sv
data,it,B2,1941,sich versöhnen,samierināties ar,Samierināties ar,FAMILY_COPY_STRICT,it+lb+nl+pt
data,lb,B2,1941,sich versöhnen,samierināties ar,Samierināties ar,FAMILY_COPY_STRICT,it+lb+nl+pt
data,nl,B2,1941,sich versöhnen,samierināties ar,Samierināties ar,FAMILY_COPY_STRICT,it+lb+nl+pt
