tree,lang,level,index,de,lv,value,check,detail
data,hr,A2,281,Braten,cepetis,Фрај,FAMILY_COPY_STRICT,hr+mk+sr
data,mk,A2,281,Braten,cepetis,Фрај,FAMILY_COPY_STRICT,hr+mk+sr
data,sr,A2,281,Braten,cepetis,Фрај,FAMILY_COPY_STRICT,hr+mk+sr
data,is,A2,281,Braten,cepetis,Stolthet,FAMILY_COPY_STRICT,is+nb+nn
data,nb,A2,281,Braten,cepetis,Stolthet,FAMILY_COPY_STRICT,is+nb+nn
data,nn,A2,281,Braten,cepetis,Stolthet,FAMILY_COPY_STRICT,is+nb+nn
data,hr,A2,282,Bratkartoffeln,cepti kartupeļi,Пржени компири,SCRIPT_MISMATCH,
data,hr,A2,282,Bratkartoffeln,cepti kartupeļi,Пржени компири,MARKER_LEAK,foreign_script
data,lb,A2,282,Bratkartoffeln,cepti kartupeļi,Cepti kartupeļi,SAME_AS_LV_CASEFOLD,casefold_only
data,lb,A2,282,Bratkartoffeln,cepti kartupeļi,Cepti kartupeļi,LV_DIACRITIC,
data,lb,A2,282,Bratkartoffeln,cepti kartupeļi,Cepti kartupeļi,MARKER_LEAK,lv_macron_consonant
data,nl,A2,282,Bratkartoffeln,cepti kartupeļi,Cepti kartupeļi,SAME_AS_LV_CASEFOLD,casefold_only
data,nl,A2,282,Bratkartoffeln,cepti kartupeļi,Cepti kartupeļi,LV_DIACRITIC,
data,nl,A2,282,Bratkartoffeln,cepti kartupeļi,Cepti kartupeļi,MARKER_LEAK,lv_macron_consonant
data,sl,A2,282,Bratkartoffeln,cepti kartupeļi,cepti kartupeļi,SAME_AS_LV_CASEFOLD,exact
data,sl,A2,282,Bratkartoffeln,cepti kartupeļi,cepti kartupeļi,LV_DIACRITIC,
data,sl,A2,282,Bratkartoffeln,cepti kartupeļi,cepti kartupeļi,MARKER_LEAK,lv_macron_consonant
data,fi,A2,282,Bratkartoffeln,cepti kartupeļi,Praekartulid,FAMILY_COPY_STRICT,fi+is+nb+nn+sv
data,is,A2,282,Bratkartoffeln,cepti kartupeļi,Praekartulid,FAMILY_COPY_STRICT,fi+is+nb+nn+sv
data,nb,A2,282,Bratkartoffeln,cepti kartupeļi,Praekartulid,FAMILY_COPY_STRICT,fi+is+nb+nn+sv
data,nn,A2,282,Bratkartoffeln,cepti kartupeļi,Praekartulid,FAMILY_COPY_STRICT,fi+is+nb+nn+sv
data,sv,A2,282,Bratkartoffeln,cepti kartupeļi,Praekartulid,FAMILY_COPY_STRICT,fi+is+nb+nn+sv
data,hr,A2,282,Bratkartoffeln,cepti kartupeļi,Пржени компири,FAMILY_COPY_STRICT,hr+mk+sr
data,mk,A2,282,Bratkartoffeln,cepti kartupeļi,Пржени компири,FAMILY_COPY_STRICT,hr+mk+sr
data,sr,A2,282,Bratkartoffeln,cepti kartupeļi,Пржени компири,FAMILY_COPY_STRICT,hr+mk+sr
data,it,A2,282,Bratkartoffeln,cepti kartupeļi,Cepti kartupeųi,FAMILY_COPY_STRICT,it+pt
data,pt,A2,282,Bratkartoffeln,cepti kartupeļi,Cepti kartupeųi,FAMILY_COPY_STRICT,it+pt
data,lb,A2,282,Bratkartoffeln,cepti kartupeļi,Cepti kartupeļi,FAMILY_COPY_STRICT,lb+nl
data,nl,A2,282,Bratkartoffeln,cepti kartupeļi,Cepti kartupeļi,FAMILY_COPY_STRICT,lb+nl
data,hr,A2,283,Braut,līgava,Булка,SCRIPT_MISMATCH,
data,hr,A2,283,Braut,līgava,Булка,MARKER_LEAK,foreign_script
data,nl,A2,283,Braut,līgava,Līgava,SAME_AS_LV_CASEFOLD,casefold_only
data,nl,A2,283,Braut,līgava,Līgava,LV_DIACRITIC,
data,nl,A2,283,Braut,līgava,Līgava,MARKER_LEAK,lv_macron_consonant
data,sl,A2,283,Braut,līgava,līgava,SAME_AS_LV_CASEFOLD,exact
data,sl,A2,283,Braut,līgava,līgava,LV_DIACRITIC,
data,sl,A2,283,Braut,līgava,līgava,MARKER_LEAK,lv_macron_consonant
data,bg,A2,283,Braut,līgava,Булка,FAMILY_COPY_STRICT,bg+hr+mk+sr
data,hr,A2,283,Braut,līgava,Булка,FAMILY_COPY_STRICT,bg+hr+mk+sr
data,mk,A2,283,Braut,līgava,Булка,FAMILY_COPY_STRICT,bg+hr+mk+sr
data,sr,A2,283,Braut,līgava,Булка,FAMILY_COPY_STRICT,bg+hr+mk+sr
data,fi,A2,283,Braut,līgava,Pruut,FAMILY_COPY_STRICT,fi+sv
data,sv,A2,283,Braut,līgava,Pruut,FAMILY_COPY_STRICT,fi+sv
data,is,A2,283,Braut,līgava,Prut,FAMILY_COPY_STRICT,is+nb+nn
data,nb,A2,283,Braut,līgava,Prut,FAMILY_COPY_STRICT,is+nb+nn
data,nn,A2,283,Braut,līgava,Prut,FAMILY_COPY_STRICT,is+nb+nn
data,sq,A2,283,Braut,līgava,Gelin,FAMILY_COPY_STRICT,sq+tr
data,tr,A2,283,Braut,līgava,Gelin,FAMILY_COPY_STRICT,sq+tr
data,hr,A2,284,Bräutigam,līgavainis,Младоженец,SCRIPT_MISMATCH,
data,hr,A2,284,Bräutigam,līgavainis,Младоженец,MARKER_LEAK,foreign_script
data,lb,A2,284,Bräutigam,līgavainis,Līgavainis,SAME_AS_LV_CASEFOLD,casefold_only
data,lb,A2,284,Bräutigam,līgavainis,Līgavainis,LV_DIACRITIC,
data,lb,A2,284,Bräutigam,līgavainis,Līgavainis,MARKER_LEAK,lv_macron_consonant
data,nl,A2,284,Bräutigam,līgavainis,Līgavainis,SAME_AS_LV_CASEFOLD,casefold_only
data,nl,A2,284,Bräutigam,līgavainis,Līgavainis,LV_DIACRITIC,
data,nl,A2,284,Bräutigam,līgavainis,Līgavainis,MARKER_LEAK,lv_macron_consonant
data,sl,A2,284,Bräutigam,līgavainis,līgavainis,SAME_AS_LV_CASEFOLD,exact
data,sl,A2,284,Bräutigam,līgavainis,līgavainis,LV_DIACRITIC,
data,sl,A2,284,Bräutigam,līgavainis,līgavainis,MARKER_LEAK,lv_macron_consonant
data,bg,A2,284,Bräutigam,līgavainis,Младоженец,FAMILY_COPY_STRICT,bg+hr+mk+sr
data,hr,A2,284,Bräutigam,līgavainis,Младоженец,FAMILY_COPY_STRICT,bg+hr+mk+sr
data,mk,A2,284,Bräutigam,līgavainis,Младоженец,FAMILY_COPY_STRICT,bg+hr+mk+sr
data,sr,A2,284,Bräutigam,līgavainis,Младоженец,FAMILY_COPY_STRICT,bg+hr+mk+sr
data,fi,A2,284,Bräutigam,līgavainis,Peigmees,FAMILY_COPY_STRICT,fi+sv
data,sv,A2,284,Bräutigam,līgavainis,Peigmees,FAMILY_COPY_STRICT,fi+sv
data,is,A2,284,Bräutigam,līgavainis,Pygmeene,FAMILY_COPY_STRICT,is+nb+nn
data,nb,A2,284,Bräutigam,līgavainis,Pygmeene,FAMILY_COPY_STRICT,is+nb+nn
data,nn,A2,284,Bräutigam,līgavainis,Pygmeene,FAMILY_COPY_STRICT,is+nb+nn
data,it,A2,284,Bräutigam,līgavainis,Ligavainis,FAMILY_COPY_STRICT,it+pt
data,pt,A2,284,Bräutigam,līgavainis,Ligavainis,FAMILY_COPY_STRICT,it+pt
data,lb,A2,284,Bräutigam,līgavainis,Līgavainis,FAMILY_COPY_STRICT,lb+nl
data,nl,A2,284,Bräutigam,līgavainis,Līgavainis,FAMILY_COPY_STRICT,lb+nl
data,sq,A2,284,Bräutigam,līgavainis,Damat,FAMILY_COPY_STRICT,sq+tr
data,tr,A2,284,Bräutigam,līgavainis,Damat,FAMILY_COPY_STRICT,sq+tr
data,hr,A2,285,brav,paklausīgs,Послушен,SCRIPT_MISMATCH,
data,hr,A2,285,brav,paklausīgs,Послушен,MARKER_LEAK,foreign_script
data,lb,A2,285,brav,paklausīgs,Paklausīgs,SAME_AS_LV_CASEFOLD,casefold_only
data,lb,A2,285,brav,paklausīgs,Paklausīgs,LV_DIACRITIC,
data,lb,A2,285,brav,paklausīgs,Paklausīgs,MARKER_LEAK,lv_macron_consonant
data,nl,A2,285,brav,paklausīgs,Paklausīgs,SAME_AS_LV_CASEFOLD,casefold_only
data,nl,A2,285,brav,paklausīgs,Paklausīgs,LV_DIACRITIC,
data,nl,A2,285,brav,paklausīgs,Paklausīgs,MARKER_LEAK,lv_macron_consonant
data,sl,A2,285,brav,paklausīgs,paklausīgs,SAME_AS_LV_CASEFOLD,exact
data,sl,A2,285,brav,paklausīgs,paklausīgs,LV_DIACRITIC,
data,sl,A2,285,brav,paklausīgs,paklausīgs,MARKER_LEAK,lv_macron_consonant
data,bg,A2,285,brav,paklausīgs,Послушен,FAMILY_COPY_STRICT,bg+hr+mk+sr
data,hr,A2,285,brav,paklausīgs,Послушен,FAMILY_COPY_STRICT,bg+hr+mk+sr
data,mk,A2,285,brav,paklausīgs,Послушен,FAMILY_COPY_STRICT,bg+hr+mk+sr
data,sr,A2,285,brav,paklausīgs,Послушен,FAMILY_COPY_STRICT,bg+hr+mk+sr
data,fi,A2,285,brav,paklausīgs,Kuulekas,FAMILY_COPY_STRICT,fi+sv
data,sv,A2,285,brav,paklausīgs,Kuulekas,FAMILY_COPY_STRICT,fi+sv
data,is,A2,285,brav,paklausīgs,Kuuleka sin,FAMILY_COPY_STRICT,is+nb+nn
data,nb,A2,285,brav,paklausīgs,Kuuleka sin,FAMILY_COPY_STRICT,is+nb+nn
data,nn,A2,285,brav,paklausīgs,Kuuleka sin,FAMILY_COPY_STRICT,is+nb+nn
data,it,A2,285,brav,paklausīgs,Paklausigs,FAMILY_COPY_STRICT,it+pt
data,pt,A2,285,brav,paklausīgs,Paklausigs,FAMILY_COPY_STRICT,it+pt
data,lb,A2,285,brav,paklausīgs,Paklausīgs,FAMILY_COPY_STRICT,lb+nl
data,nl,A2,285,brav,paklausīgs,Paklausīgs,FAMILY_COPY_STRICT,lb+nl
data,hr,A2,286,Brei,putra • biezputra,Каша • Каша,SCRIPT_MISMATCH,
data,hr,A2,286,Brei,putra • biezputra,Каша • Каша,MARKER_LEAK,foreign_script
data,it,A2,286,Brei,putra • biezputra,Putra • Biezputra,SAME_AS_LV_CASEFOLD,casefold_only
data,lb,A2,286,Brei,putra • biezputra,Putra • Biezputra,SAME_AS_LV_CASEFOLD,casefold_only
data,nl,A2,286,Brei,putra • biezputra,Putra • Biezputra,SAME_AS_LV_CASEFOLD,casefold_only
data,pt,A2,286,Brei,putra • biezputra,Putra • Biezputra,SAME_AS_LV_CASEFOLD,casefold_only
data,sl,A2,286,Brei,putra • biezputra,putra • biezputra,SAME_AS_LV_CASEFOLD,exact
data,bg,A2,286,Brei,putra • biezputra,Каша • Каша,FAMILY_COPY_STRICT,bg+hr+mk+ru+sr
data,hr,A2,286,Brei,putra • biezputra,Каша • Каша,FAMILY_COPY_STRICT,bg+hr+mk+ru+sr
data,mk,A2,286,Brei,putra • biezputra,Каша • Каша,FAMILY_COPY_STRICT,bg+hr+mk+ru+sr
data,ru,A2,286,Brei,putra • biezputra,Каша • Каша,FAMILY_COPY_STRICT,bg+hr+mk+ru+sr
data,sr,A2,286,Brei,putra • biezputra,Каша • Каша,FAMILY_COPY_STRICT,bg+hr+mk+ru+sr
data,fi,A2,286,Brei,putra • biezputra,Puder • Püree,FAMILY_COPY_STRICT,fi+sv
data,sv,A2,286,Brei,putra • biezputra,Puder • Püree,FAMILY_COPY_STRICT,fi+sv
data,is,A2,286,Brei,putra • biezputra,Pulver • Puré,FAMILY_COPY_STRICT,is+nb+nn
data,nb,A2,286,Brei,putra • biezputra,Pulver • Puré,FAMILY_COPY_STRICT,is+nb+nn
data,nn,A2,286,Brei,putra • biezputra,Pulver • Puré,FAMILY_COPY_STRICT,is+nb+nn
data,it,A2,286,Brei,putra • biezputra,Putra • Biezputra,FAMILY_COPY_STRICT,it+lb+nl+pt
data,lb,A2,286,Brei,putra • biezputra,Putra • Biezputra,FAMILY_COPY_STRICT,it+lb+nl+pt
data,nl,A2,286,Brei,putra • biezputra,Putra • Biezputra,FAMILY_COPY_STRICT,it+lb+nl+pt
data,pt,A2,286,Brei,putra • biezputra,Putra • Biezputra,FAMILY_COPY_STRICT,it+lb+nl+pt
data,sq,A2,286,Brei,putra • biezputra,Yulaf ezmesi • Yulaf ezmesi,FAMILY_COPY_STRICT,sq+tr
data,tr,A2,286,Brei,putra • biezputra,Yulaf ezmesi • Yulaf ezmesi,FAMILY_COPY_STRICT,sq+tr
data,hr,A2,287,Bremse,bremze • dundurs,Спирачка • Почукване,SCRIPT_MISMATCH,
data,hr,A2,287,Bremse,bremze • dundurs,Спирачка • Почукване,MARKER_LEAK,foreign_script
data,lb,A2,287,Bremse,bremze • dundurs,Bremze • Dundurs,SAME_AS_LV_CASEFOLD,casefold_only
data,nl,A2,287,Bremse,bremze • dundurs,Bremze • Dundurs,SAME_AS_LV_CASEFOLD,casefold_only
data,sl,A2,287,Bremse,bremze • dundurs,bremze • dundurs,SAME_AS_LV_CASEFOLD,exact
data,bg,A2,287,Bremse,bremze • dundurs,Спирачка • Почукване,FAMILY_COPY_STRICT,bg+hr+mk+sr
data,hr,A2,287,Bremse,bremze • dundurs,Спирачка • Почукване,FAMILY_COPY_STRICT,bg+hr+mk+sr
data,mk,A2,287,Bremse,bremze • dundurs,Спирачка • Почукване,FAMILY_COPY_STRICT,bg+hr+mk+sr
data,sr,A2,287,Bremse,bremze • dundurs,Спирачка • Почукване,FAMILY_COPY_STRICT,bg+hr+mk+sr
data,fi,A2,287,Bremse,bremze • dundurs,Pidur • Parm,FAMILY_COPY_STRICT,fi+is+nb+nn+sv
data,is,A2,287,Bremse,bremze • dundurs,Pidur • Parm,FAMILY_COPY_STRICT,fi+is+nb+nn+sv
data,nb,A2,287,Bremse,bremze • dundurs,Pidur • Parm,FAMILY_COPY_STRICT,fi+is+nb+nn+sv
data,nn,A2,287,Bremse,bremze • dundurs,Pidur • Parm,FAMILY_COPY_STRICT,fi+is+nb+nn+sv
data,sv,A2,287,Bremse,bremze • dundurs,Pidur • Parm,FAMILY_COPY_STRICT,fi+is+nb+nn+sv
data,it,A2,287,Bremse,bremze • dundurs,Frein • Dundurs,FAMILY_COPY_STRICT,it+pt
data,pt,A2,287,Bremse,bremze • dundurs,Frein • Dundurs,FAMILY_COPY_STRICT,it+pt
data,lb,A2,287,Bremse,bremze • dundurs,Bremze • Dundurs,FAMILY_COPY_STRICT,lb+nl
data,nl,A2,287,Bremse,bremze • dundurs,Bremze • Dundurs,FAMILY_COPY_STRICT,lb+nl
data,sq,A2,287,Bremse,bremze • dundurs,Fren • Darbe,FAMILY_COPY_STRICT,sq+tr
data,tr,A2,287,Bremse,bremze • dundurs,Fren • Darbe,FAMILY_COPY_STRICT,sq+tr
data,hr,A2,288,bremsen,bremzēt,Спирачка,SCRIPT_MISMATCH,
data,hr,A2,288,bremsen,bremzēt,Спирачка,MARKER_LEAK,foreign_script
data,lb,A2,288,bremsen,bremzēt,Bremzēt,SAME_AS_LV_CASEFOLD,casefold_only
data,lb,A2,288,bremsen,bremzēt,Bremzēt,LV_DIACRITIC,
data,lb,A2,288,bremsen,bremzēt,Bremzēt,MARKER_LEAK,lv_macron_consonant
data,nl,A2,288,bremsen,bremzēt,Bremzēt,SAME_AS_LV_CASEFOLD,casefold_only
data,nl,A2,288,bremsen,bremzēt,Bremzēt,LV_DIACRITIC,
data,nl,A2,288,bremsen,bremzēt,Bremzēt,MARKER_LEAK,lv_macron_consonant
data,sl,A2,288,bremsen,bremzēt,bremzēt,SAME_AS_LV_CASEFOLD,exact
data,sl,A2,288,bremsen,bremzēt,bremzēt,LV_DIACRITIC,
data,sl,A2,288,bremsen,bremzēt,bremzēt,MARKER_LEAK,lv_macron_consonant
data,bg,A2,288,bremsen,bremzēt,Спирачка,FAMILY_COPY_STRICT,bg+hr+mk+sr
data,hr,A2,288,bremsen,bremzēt,Спирачка,FAMILY_COPY_STRICT,bg+hr+mk+sr
data,mk,A2,288,bremsen,bremzēt,Спирачка,FAMILY_COPY_STRICT,bg+hr+mk+sr
data,sr,A2,288,bremsen,bremzēt,Спирачка,FAMILY_COPY_STRICT,bg+hr+mk+sr
data,fi,A2,288,bremsen,bremzēt,Pidurdama,FAMILY_COPY_STRICT,fi+is+nb+nn+sv
data,is,A2,288,bremsen,bremzēt,Pidurdama,FAMILY_COPY_STRICT,fi+is+nb+nn+sv
data,nb,A2,288,bremsen,bremzēt,Pidurdama,FAMILY_COPY_STRICT,fi+is+nb+nn+sv
data,nn,A2,288,bremsen,bremzēt,Pidurdama,FAMILY_COPY_STRICT,fi+is+nb+nn+sv
data,sv,A2,288,bremsen,bremzēt,Pidurdama,FAMILY_COPY_STRICT,fi+is+nb+nn+sv
data,it,A2,288,bremsen,bremzēt,Bremzet,FAMILY_COPY_STRICT,it+pt
data,pt,A2,288,bremsen,bremzēt,Bremzet,FAMILY_COPY_STRICT,it+pt
data,lb,A2,288,bremsen,bremzēt,Bremzēt,FAMILY_COPY_STRICT,lb+nl
data,nl,A2,288,bremsen,bremzēt,Bremzēt,FAMILY_COPY_STRICT,lb+nl
data,sq,A2,288,bremsen,bremzēt,Engelle,FAMILY_COPY_STRICT,sq+tr
data,tr,A2,288,bremsen,bremzēt,Engelle,FAMILY_COPY_STRICT,sq+tr
data,fi,A2,289,brennen,degt,Põlema,MARKER_LEAK,et_otilde
data,hr,A2,289,brennen,degt,Изгори,SCRIPT_MISMATCH,
data,hr,A2,289,brennen,degt,Изгори,MARKER_LEAK,foreign_script
data,is,A2,289,brennen,degt,Põlema,MARKER_LEAK,et_otilde
data,lb,A2,289,brennen,degt,Degt,SAME_AS_LV_CASEFOLD,casefold_only
data,nb,A2,289,brennen,degt,Põlema,MARKER_LEAK,et_otilde
data,nl,A2,289,brennen,degt,Degt,SAME_AS_LV_CASEFOLD,casefold_only
data,nn,A2,289,brennen,degt,Põlema,MARKER_LEAK,et_otilde
data,sl,A2,289,brennen,degt,degt,SAME_AS_LV_CASEFOLD,exact
data,sv,A2,289,brennen,degt,Põlema,MARKER_LEAK,et_otilde
data,bg,A2,289,brennen,degt,Изгори,FAMILY_COPY_STRICT,bg+hr+mk+sr
data,hr,A2,289,brennen,degt,Изгори,FAMILY_COPY_STRICT,bg+hr+mk+sr
data,mk,A2,289,brennen,degt,Изгори,FAMILY_COPY_STRICT,bg+hr+mk+sr
data,sr,A2,289,brennen,degt,Изгори,FAMILY_COPY_STRICT,bg+hr+mk+sr
data,fi,A2,289,brennen,degt,Põlema,FAMILY_COPY_STRICT,fi+is+nb+nn+sv
data,is,A2,289,brennen,degt,Põlema,FAMILY_COPY_STRICT,fi+is+nb+nn+sv
data,nb,A2,289,brennen,degt,Põlema,FAMILY_COPY_STRICT,fi+is+nb+nn+sv
data,nn,A2,289,brennen,degt,Põlema,FAMILY_COPY_STRICT,fi+is+nb+nn+sv
data,sv,A2,289,brennen,degt,Põlema,FAMILY_COPY_STRICT,fi+is+nb+nn+sv
data,lb,A2,289,brennen,degt,Degt,FAMILY_COPY_STRICT,lb+nl
data,nl,A2,289,brennen,degt,Degt,FAMILY_COPY_STRICT,lb+nl
data,hr,A2,290,Briefkasten,pasta kastīte • vēstuļu kastīte,Пощенска кутия • Пощенска кутия,SCRIPT_MISMATCH,
data,hr,A2,290,Briefkasten,pasta kastīte • vēstuļu kastīte,Пощенска кутия • Пощенска кутия,MARKER_LEAK,foreign_script
data,it,A2,290,Briefkasten,pasta kastīte • vēstuļu kastīte,Pasta kasīte • Vēstuļu kasīte,LV_DIACRITIC,
data,it,A2,290,Briefkasten,pasta kastīte • vēstuļu kastīte,Pasta kasīte • Vēstuļu kasīte,MARKER_LEAK,lv_macron_consonant
data,lb,A2,290,Briefkasten,pasta kastīte • vēstuļu kastīte,Pasta kastīte • Vēstuļu kastīte,SAME_AS_LV_CASEFOLD,casefold_only
data,lb,A2,290,Briefkasten,pasta kastīte • vēstuļu kastīte,Pasta kastīte • Vēstuļu kastīte,LV_DIACRITIC,
data,lb,A2,290,Briefkasten,pasta kastīte • vēstuļu kastīte,Pasta kastīte • Vēstuļu kastīte,MARKER_LEAK,lv_macron_consonant
data,nl,A2,290,Briefkasten,pasta kastīte • vēstuļu kastīte,Pasta kastīte • Vēstuļu kastīte,SAME_AS_LV_CASEFOLD,casefold_only
data,nl,A2,290,Briefkasten,pasta kastīte • vēstuļu kastīte,Pasta kastīte • Vēstuļu kastīte,LV_DIACRITIC,
data,nl,A2,290,Briefkasten,pasta kastīte • vēstuļu kastīte,Pasta kastīte • Vēstuļu kastīte,MARKER_LEAK,lv_macron_consonant
data,pt,A2,290,Briefkasten,pasta kastīte • vēstuļu kastīte,Massa kasīte • Vēstuļu kasīte,LV_DIACRITIC,
data,pt,A2,290,Briefkasten,pasta kastīte • vēstuļu kastīte,Massa kasīte • Vēstuļu kasīte,MARKER_LEAK,lv_macron_consonant
data,sl,A2,290,Briefkasten,pasta kastīte • vēstuļu kastīte,pasta kastīte • vēstuļu kastīte,SAME_AS_LV_CASEFOLD,exact
data,sl,A2,290,Briefkasten,pasta kastīte • vēstuļu kastīte,pasta kastīte • vēstuļu kastīte,LV_DIACRITIC,
data,sl,A2,290,Briefkasten,pasta kastīte • vēstuļu kastīte,pasta kastīte • vēstuļu kastīte,MARKER_LEAK,lv_macron_consonant
data,bg,A2,290,Briefkasten,pasta kastīte • vēstuļu kastīte,Пощенска кутия • Пощенска кутия,FAMILY_COPY_STRICT,bg+hr+mk+sr
data,hr,A2,290,Briefkasten,pasta kastīte • vēstuļu kastīte,Пощенска кутия • Пощенска кутия,FAMILY_COPY_STRICT,bg+hr+mk+sr
data,mk,A2,290,Briefkasten,pasta kastīte • vēstuļu kastīte,Пощенска кутия • Пощенска кутия,FAMILY_COPY_STRICT,bg+hr+mk+sr
data,sr,A2,290,Briefkasten,pasta kastīte • vēstuļu kastīte,Пощенска кутия • Пощенска кутия,FAMILY_COPY_STRICT,bg+hr+mk+sr
data,fi,A2,290,Briefkasten,pasta kastīte • vēstuļu kastīte,Postkast • Kirjakast,FAMILY_COPY_STRICT,fi+sv
data,sv,A2,290,Briefkasten,pasta kastīte • vēstuļu kastīte,Postkast • Kirjakast,FAMILY_COPY_STRICT,fi+sv
data,is,A2,290,Briefkasten,pasta kastīte • vēstuļu kastīte,Post avfall • Bokavfall,FAMILY_COPY_STRICT,is+nb+nn
data,nb,A2,290,Briefkasten,pasta kastīte • vēstuļu kastīte,Post avfall • Bokavfall,FAMILY_COPY_STRICT,is+nb+nn
data,nn,A2,290,Briefkasten,pasta kastīte • vēstuļu kastīte,Post avfall • Bokavfall,FAMILY_COPY_STRICT,is+nb+nn
data,lb,A2,290,Briefkasten,pasta kastīte • vēstuļu kastīte,Pasta kastīte • Vēstuļu kastīte,FAMILY_COPY_STRICT,lb+nl
data,nl,A2,290,Briefkasten,pasta kastīte • vēstuļu kastīte,Pasta kastīte • Vēstuļu kastīte,FAMILY_COPY_STRICT,lb+nl
data,sq,A2,290,Briefkasten,pasta kastīte • vēstuļu kastīte,Posta Kutusu • Posta Kutusu,FAMILY_COPY_STRICT,sq+tr
data,tr,A2,290,Briefkasten,pasta kastīte • vēstuļu kastīte,Posta Kutusu • Posta Kutusu,FAMILY_COPY_STRICT,sq+tr
data,hr,A2,291,Briefmarke,pastmarka,Печат,SCRIPT_MISMATCH,
data,hr,A2,291,Briefmarke,pastmarka,Печат,MARKER_LEAK,foreign_script
data,lb,A2,291,Briefmarke,pastmarka,Pastmarka,SAME_AS_LV_CASEFOLD,casefold_only
data,nl,A2,291,Briefmarke,pastmarka,Pastmarka,SAME_AS_LV_CASEFOLD,casefold_only
data,sl,A2,291,Briefmarke,pastmarka,pastmarka,SAME_AS_LV_CASEFOLD,exact
data,bg,A2,291,Briefmarke,pastmarka,Печат,FAMILY_COPY_STRICT,bg+hr+mk+sr
data,hr,A2,291,Briefmarke,pastmarka,Печат,FAMILY_COPY_STRICT,bg+hr+mk+sr
data,mk,A2,291,Briefmarke,pastmarka,Печат,FAMILY_COPY_STRICT,bg+hr+mk+sr
data,sr,A2,291,Briefmarke,pastmarka,Печат,FAMILY_COPY_STRICT,bg+hr+mk+sr
data,da,A2,291,Briefmarke,pastmarka,Stempel,FAMILY_COPY_STRICT,da+pl
data,pl,A2,291,Briefmarke,pastmarka,Stempel,FAMILY_COPY_STRICT,da+pl
data,fi,A2,291,Briefmarke,pastmarka,Postmark,FAMILY_COPY_STRICT,fi+sv
data,sv,A2,291,Briefmarke,pastmarka,Postmark,FAMILY_COPY_STRICT,fi+sv
data,is,A2,291,Briefmarke,pastmarka,Poststempel,FAMILY_COPY_STRICT,is+nb+nn
data,nb,A2,291,Briefmarke,pastmarka,Poststempel,FAMILY_COPY_STRICT,is+nb+nn
data,nn,A2,291,Briefmarke,pastmarka,Poststempel,FAMILY_COPY_STRICT,is+nb+nn
data,lb,A2,291,Briefmarke,pastmarka,Pastmarka,FAMILY_COPY_STRICT,lb+nl
data,nl,A2,291,Briefmarke,pastmarka,Pastmarka,FAMILY_COPY_STRICT,lb+nl
data,sq,A2,291,Briefmarke,pastmarka,Damga vurmak,FAMILY_COPY_STRICT,sq+tr
data,tr,A2,291,Briefmarke,pastmarka,Damga vurmak,FAMILY_COPY_STRICT,sq+tr
data,hr,A2,292,Briefträger,pastnieks,Пощальон,SCRIPT_MISMATCH,
data,hr,A2,292,Briefträger,pastnieks,Пощальон,MARKER_LEAK,foreign_script
data,it,A2,292,Briefträger,pastnieks,Pastnieks,SAME_AS_LV_CASEFOLD,casefold_only
data,lb,A2,292,Briefträger,pastnieks,Pastnieks,SAME_AS_LV_CASEFOLD,casefold_only
data,nl,A2,292,Briefträger,pastnieks,Pastnieks,SAME_AS_LV_CASEFOLD,casefold_only
data,pt,A2,292,Briefträger,pastnieks,Pastnieks,SAME_AS_LV_CASEFOLD,casefold_only
data,sl,A2,292,Briefträger,pastnieks,pastnieks,SAME_AS_LV_CASEFOLD,exact
data,sq,A2,292,Briefträger,pastnieks,Postacı,MARKER_LEAK,tr_soft
data,bg,A2,292,Briefträger,pastnieks,Пощальон,FAMILY_COPY_STRICT,bg+hr+mk+sr
data,hr,A2,292,Briefträger,pastnieks,Пощальон,FAMILY_COPY_STRICT,bg+hr+mk+sr
data,mk,A2,292,Briefträger,pastnieks,Пощальон,FAMILY_COPY_STRICT,bg+hr+mk+sr
data,sr,A2,292,Briefträger,pastnieks,Пощальон,FAMILY_COPY_STRICT,bg+hr+mk+sr
data,fi,A2,292,Briefträger,pastnieks,Kirjakandja,FAMILY_COPY_STRICT,fi+sv
data,sv,A2,292,Briefträger,pastnieks,Kirjakandja,FAMILY_COPY_STRICT,fi+sv
data,is,A2,292,Briefträger,pastnieks,Bokbærer,FAMILY_COPY_STRICT,is+nb+nn
data,nb,A2,292,Briefträger,pastnieks,Bokbærer,FAMILY_COPY_STRICT,is+nb+nn
data,nn,A2,292,Briefträger,pastnieks,Bokbærer,FAMILY_COPY_STRICT,is+nb+nn
data,it,A2,292,Briefträger,pastnieks,Pastnieks,FAMILY_COPY_STRICT,it+lb+nl+pt
data,lb,A2,292,Briefträger,pastnieks,Pastnieks,FAMILY_COPY_STRICT,it+lb+nl+pt
data,nl,A2,292,Briefträger,pastnieks,Pastnieks,FAMILY_COPY_STRICT,it+lb+nl+pt
data,pt,A2,292,Briefträger,pastnieks,Pastnieks,FAMILY_COPY_STRICT,it+lb+nl+pt
data,sq,A2,292,Briefträger,pastnieks,Postacı,FAMILY_COPY_STRICT,sq+tr
data,tr,A2,292,Briefträger,pastnieks,Postacı,FAMILY_COPY_STRICT,sq+tr
data,hr,A2,293,Briefumschlag,vēstuļu aploksne,Плик за писмо,SCRIPT_MISMATCH,
data,hr,A2,293,Briefumschlag,vēstuļu aploksne,Плик за писмо,MARKER_LEAK,foreign_script
data,lb,A2,293,Briefumschlag,vēstuļu aploksne,Vēstuļu aploksne,SAME_AS_LV_CASEFOLD,casefold_only
data,lb,A2,293,Briefumschlag,vēstuļu aploksne,Vēstuļu aploksne,LV_DIACRITIC,
data,lb,A2,293,Briefumschlag,vēstuļu aploksne,Vēstuļu aploksne,MARKER_LEAK,lv_macron_consonant
data,nl,A2,293,Briefumschlag,vēstuļu aploksne,Vēstuļu aploksne,SAME_AS_LV_CASEFOLD,casefold_only
data,nl,A2,293,Briefumschlag,vēstuļu aploksne,Vēstuļu aploksne,LV_DIACRITIC,
data,nl,A2,293,Briefumschlag,vēstuļu aploksne,Vēstuļu aploksne,MARKER_LEAK,lv_macron_consonant
data,sl,A2,293,Briefumschlag,vēstuļu aploksne,vēstuļu aploksne,SAME_AS_LV_CASEFOLD,exact
data,sl,A2,293,Briefumschlag,vēstuļu aploksne,vēstuļu aploksne,LV_DIACRITIC,
data,sl,A2,293,Briefumschlag,vēstuļu aploksne,vēstuļu aploksne,MARKER_LEAK,lv_macron_consonant
data,sq,A2,293,Briefumschlag,vēstuļu aploksne,Mektup zarfı,MARKER_LEAK,tr_soft
data,bg,A2,293,Briefumschlag,vēstuļu aploksne,Плик за писмо,FAMILY_COPY_STRICT,bg+hr+mk+sr
data,hr,A2,293,Briefumschlag,vēstuļu aploksne,Плик за писмо,FAMILY_COPY_STRICT,bg+hr+mk+sr
data,mk,A2,293,Briefumschlag,vēstuļu aploksne,Плик за писмо,FAMILY_COPY_STRICT,bg+hr+mk+sr
data,sr,A2,293,Briefumschlag,vēstuļu aploksne,Плик за писмо,FAMILY_COPY_STRICT,bg+hr+mk+sr
data,fi,A2,293,Briefumschlag,vēstuļu aploksne,Ümbrik,FAMILY_COPY_STRICT,fi+sv
data,sv,A2,293,Briefumschlag,vēstuļu aploksne,Ümbrik,FAMILY_COPY_STRICT,fi+sv
data,is,A2,293,Briefumschlag,vēstuļu aploksne,Umbrek,FAMILY_COPY_STRICT,is+nb+nn
data,nb,A2,293,Briefumschlag,vēstuļu aploksne,Umbrek,FAMILY_COPY_STRICT,is+nb+nn
data,nn,A2,293,Briefumschlag,vēstuļu aploksne,Umbrek,FAMILY_COPY_STRICT,is+nb+nn
data,lb,A2,293,Briefumschlag,vēstuļu aploksne,Vēstuļu aploksne,FAMILY_COPY_STRICT,lb+nl
data,nl,A2,293,Briefumschlag,vēstuļu aploksne,Vēstuļu aploksne,FAMILY_COPY_STRICT,lb+nl
data,sq,A2,293,Briefumschlag,vēstuļu aploksne,Mektup zarfı,FAMILY_COPY_STRICT,sq+tr
data,tr,A2,293,Briefumschlag,vēstuļu aploksne,Mektup zarfı,FAMILY_COPY_STRICT,sq+tr
data,hr,A2,294,Brotlaib,maizes klaips,Пита,SCRIPT_MISMATCH,
data,hr,A2,294,Brotlaib,maizes klaips,Пита,MARKER_LEAK,foreign_script
data,lb,A2,294,Brotlaib,maizes klaips,Maizes klaips,SAME_AS_LV_CASEFOLD,casefold_only
data,nl,A2,294,Brotlaib,maizes klaips,Maizes klaips,SAME_AS_LV_CASEFOLD,casefold_only
data,sl,A2,294,Brotlaib,maizes klaips,maizes klaips,SAME_AS_LV_CASEFOLD,exact
data,fi,A2,294,Brotlaib,maizes klaips,Leivapäts,FAMILY_COPY_STRICT,fi+sv
data,sv,A2,294,Brotlaib,maizes klaips,Leivapäts,FAMILY_COPY_STRICT,fi+sv
data,hr,A2,294,Brotlaib,maizes klaips,Пита,FAMILY_COPY_STRICT,hr+mk+sr
data,mk,A2,294,Brotlaib,maizes klaips,Пита,FAMILY_COPY_STRICT,hr+mk+sr
data,sr,A2,294,Brotlaib,maizes klaips,Пита,FAMILY_COPY_STRICT,hr+mk+sr
data,is,A2,294,Brotlaib,maizes klaips,Leiva päts,FAMILY_COPY_STRICT,is+nb+nn
data,nb,A2,294,Brotlaib,maizes klaips,Leiva päts,FAMILY_COPY_STRICT,is+nb+nn
data,nn,A2,294,Brotlaib,maizes klaips,Leiva päts,FAMILY_COPY_STRICT,is+nb+nn
data,lb,A2,294,Brotlaib,maizes klaips,Maizes klaips,FAMILY_COPY_STRICT,lb+nl
data,nl,A2,294,Brotlaib,maizes klaips,Maizes klaips,FAMILY_COPY_STRICT,lb+nl
data,pl,A2,294,Brotlaib,maizes klaips,Bochenek chleba,FAMILY_COPY_STRICT,pl+sq+tr
data,sq,A2,294,Brotlaib,maizes klaips,Bochenek chleba,FAMILY_COPY_STRICT,pl+sq+tr
data,tr,A2,294,Brotlaib,maizes klaips,Bochenek chleba,FAMILY_COPY_STRICT,pl+sq+tr
data,hr,A2,295,Brotschnitte,maizes šķēle,Парче леб,SCRIPT_MISMATCH,
data,hr,A2,295,Brotschnitte,maizes šķēle,Парче леб,MARKER_LEAK,foreign_script
data,it,A2,295,Brotschnitte,maizes šķēle,Maïs šķēle,LV_DIACRITIC,
data,it,A2,295,Brotschnitte,maizes šķēle,Maïs šķēle,MARKER_LEAK,lv_macron_consonant
data,lb,A2,295,Brotschnitte,maizes šķēle,Maizes šķēle,SAME_AS_LV_CASEFOLD,casefold_only
data,lb,A2,295,Brotschnitte,maizes šķēle,Maizes šķēle,LV_DIACRITIC,
data,lb,A2,295,Brotschnitte,maizes šķēle,Maizes šķēle,MARKER_LEAK,lv_macron_consonant
data,nl,A2,295,Brotschnitte,maizes šķēle,Maizes šķēle,SAME_AS_LV_CASEFOLD,casefold_only
data,nl,A2,295,Brotschnitte,maizes šķēle,Maizes šķēle,LV_DIACRITIC,
data,nl,A2,295,Brotschnitte,maizes šķēle,Maizes šķēle,MARKER_LEAK,lv_macron_consonant
data,pt,A2,295,Brotschnitte,maizes šķēle,Mais šķēle,LV_DIACRITIC,
data,pt,A2,295,Brotschnitte,maizes šķēle,Mais šķēle,MARKER_LEAK,lv_macron_consonant
data,sl,A2,295,Brotschnitte,maizes šķēle,maizes šķēle,SAME_AS_LV_CASEFOLD,exact
data,sl,A2,295,Brotschnitte,maizes šķēle,maizes šķēle,LV_DIACRITIC,
data,sl,A2,295,Brotschnitte,maizes šķēle,maizes šķēle,MARKER_LEAK,lv_macron_consonant
data,fi,A2,295,Brotschnitte,maizes šķēle,Leivaviil,FAMILY_COPY_STRICT,fi+is+nb+nn+sv
data,is,A2,295,Brotschnitte,maizes šķēle,Leivaviil,FAMILY_COPY_STRICT,fi+is+nb+nn+sv
data,nb,A2,295,Brotschnitte,maizes šķēle,Leivaviil,FAMILY_COPY_STRICT,fi+is+nb+nn+sv
data,nn,A2,295,Brotschnitte,maizes šķēle,Leivaviil,FAMILY_COPY_STRICT,fi+is+nb+nn+sv
data,sv,A2,295,Brotschnitte,maizes šķēle,Leivaviil,FAMILY_COPY_STRICT,fi+is+nb+nn+sv
data,hr,A2,295,Brotschnitte,maizes šķēle,Парче леб,FAMILY_COPY_STRICT,hr+mk+sr
data,mk,A2,295,Brotschnitte,maizes šķēle,Парче леб,FAMILY_COPY_STRICT,hr+mk+sr
data,sr,A2,295,Brotschnitte,maizes šķēle,Парче леб,FAMILY_COPY_STRICT,hr+mk+sr
data,lb,A2,295,Brotschnitte,maizes šķēle,Maizes šķēle,FAMILY_COPY_STRICT,lb+nl
data,nl,A2,295,Brotschnitte,maizes šķēle,Maizes šķēle,FAMILY_COPY_STRICT,lb+nl
data,sq,A2,295,Brotschnitte,maizes šķēle,Bir dilim ekmek,FAMILY_COPY_STRICT,sq+tr
data,tr,A2,295,Brotschnitte,maizes šķēle,Bir dilim ekmek,FAMILY_COPY_STRICT,sq+tr
data,lb,A2,296,Brust,krūts • krūtis,Krūts • Krūtis,SAME_AS_LV_CASEFOLD,casefold_only
data,lb,A2,296,Brust,krūts • krūtis,Krūts • Krūtis,LV_DIACRITIC,
data,lb,A2,296,Brust,krūts • krūtis,Krūts • Krūtis,MARKER_LEAK,lv_u_macron
data,nl,A2,296,Brust,krūts • krūtis,Krūts • Krūtis,SAME_AS_LV_CASEFOLD,casefold_only
data,nl,A2,296,Brust,krūts • krūtis,Krūts • Krūtis,LV_DIACRITIC,
data,nl,A2,296,Brust,krūts • krūtis,Krūts • Krūtis,MARKER_LEAK,lv_u_macron
data,sl,A2,296,Brust,krūts • krūtis,krūts • krūtis,SAME_AS_LV_CASEFOLD,exact
data,sl,A2,296,Brust,krūts • krūtis,krūts • krūtis,LV_DIACRITIC,
data,sl,A2,296,Brust,krūts • krūtis,krūts • krūtis,MARKER_LEAK,lv_u_macron
data,sq,A2,296,Brust,krūts • krūtis,Göğüs • Göğüs,MARKER_LEAK,tr_soft
data,sr,A2,296,Brust,krūts • krūtis,Izgradite • Izgradite,SCRIPT_MISMATCH,sr_as_cyrillic
data,sr,A2,296,Brust,krūts • krūtis,Izgradite • Izgradite,MARKER_LEAK,latin_in_cyrillic
data,fi,A2,296,Brust,krūts • krūtis,Rind • Rinnad,FAMILY_COPY_STRICT,fi+sv
data,sv,A2,296,Brust,krūts • krūtis,Rind • Rinnad,FAMILY_COPY_STRICT,fi+sv
data,hr,A2,296,Brust,krūts • krūtis,Izgradite • Izgradite,FAMILY_COPY_STRICT,hr+sr
data,sr,A2,296,Brust,krūts • krūtis,Izgradite • Izgradite,FAMILY_COPY_STRICT,hr+sr
data,is,A2,296,Brust,krūts • krūtis,Skor • Tømt,FAMILY_COPY_STRICT,is+nb+nn
data,nb,A2,296,Brust,krūts • krūtis,Skor • Tømt,FAMILY_COPY_STRICT,is+nb+nn
data,nn,A2,296,Brust,krūts • krūtis,Skor • Tømt,FAMILY_COPY_STRICT,is+nb+nn
data,lb,A2,296,Brust,krūts • krūtis,Krūts • Krūtis,FAMILY_COPY_STRICT,lb+nl
data,nl,A2,296,Brust,krūts • krūtis,Krūts • Krūtis,FAMILY_COPY_STRICT,lb+nl
data,sq,A2,296,Brust,krūts • krūtis,Göğüs • Göğüs,FAMILY_COPY_STRICT,sq+tr
data,tr,A2,296,Brust,krūts • krūtis,Göğüs • Göğüs,FAMILY_COPY_STRICT,sq+tr
data,hr,A2,297,Buchladen,grāmatu veikals,Книжарница,SCRIPT_MISMATCH,
data,hr,A2,297,Buchladen,grāmatu veikals,Книжарница,MARKER_LEAK,foreign_script
data,lb,A2,297,Buchladen,grāmatu veikals,Grāmatu veikals,SAME_AS_LV_CASEFOLD,casefold_only
data,lb,A2,297,Buchladen,grāmatu veikals,Grāmatu veikals,LV_DIACRITIC,
data,lb,A2,297,Buchladen,grāmatu veikals,Grāmatu veikals,MARKER_LEAK,lv_macron_consonant
data,nl,A2,297,Buchladen,grāmatu veikals,Grāmatu veikals,SAME_AS_LV_CASEFOLD,casefold_only
data,nl,A2,297,Buchladen,grāmatu veikals,Grāmatu veikals,LV_DIACRITIC,
data,nl,A2,297,Buchladen,grāmatu veikals,Grāmatu veikals,MARKER_LEAK,lv_macron_consonant
data,sl,A2,297,Buchladen,grāmatu veikals,grāmatu veikals,SAME_AS_LV_CASEFOLD,exact
data,sl,A2,297,Buchladen,grāmatu veikals,grāmatu veikals,LV_DIACRITIC,
data,sl,A2,297,Buchladen,grāmatu veikals,grāmatu veikals,MARKER_LEAK,lv_macron_consonant
data,sq,A2,297,Buchladen,grāmatu veikals,Kitapçı,MARKER_LEAK,tr_soft
data,bg,A2,297,Buchladen,grāmatu veikals,Книжарница,FAMILY_COPY_STRICT,bg+hr+mk+sr
data,hr,A2,297,Buchladen,grāmatu veikals,Книжарница,FAMILY_COPY_STRICT,bg+hr+mk+sr
data,mk,A2,297,Buchladen,grāmatu veikals,Книжарница,FAMILY_COPY_STRICT,bg+hr+mk+sr
data,sr,A2,297,Buchladen,grāmatu veikals,Книжарница,FAMILY_COPY_STRICT,bg+hr+mk+sr
data,fi,A2,297,Buchladen,grāmatu veikals,Raamatupood,FAMILY_COPY_STRICT,fi+sv
data,sv,A2,297,Buchladen,grāmatu veikals,Raamatupood,FAMILY_COPY_STRICT,fi+sv
data,is,A2,297,Buchladen,grāmatu veikals,Bokhandel,FAMILY_COPY_STRICT,is+nb+nn
data,nb,A2,297,Buchladen,grāmatu veikals,Bokhandel,FAMILY_COPY_STRICT,is+nb+nn
data,nn,A2,297,Buchladen,grāmatu veikals,Bokhandel,FAMILY_COPY_STRICT,is+nb+nn
data,lb,A2,297,Buchladen,grāmatu veikals,Grāmatu veikals,FAMILY_COPY_STRICT,lb+nl
data,nl,A2,297,Buchladen,grāmatu veikals,Grāmatu veikals,FAMILY_COPY_STRICT,lb+nl
data,sq,A2,297,Buchladen,grāmatu veikals,Kitapçı,FAMILY_COPY_STRICT,sq+tr
data,tr,A2,297,Buchladen,grāmatu veikals,Kitapçı,FAMILY_COPY_STRICT,sq+tr
data,hr,A2,298,Bügeleisen,gludeklis,Желязо,SCRIPT_MISMATCH,
data,hr,A2,298,Bügeleisen,gludeklis,Желязо,MARKER_LEAK,foreign_script
data,it,A2,298,Bügeleisen,gludeklis,Gludeklis,SAME_AS_LV_CASEFOLD,casefold_only
data,lb,A2,298,Bügeleisen,gludeklis,Gludeklis,SAME_AS_LV_CASEFOLD,casefold_only
data,nl,A2,298,Bügeleisen,gludeklis,Gludeklis,SAME_AS_LV_CASEFOLD,casefold_only
data,sl,A2,298,Bügeleisen,gludeklis,gludeklis,SAME_AS_LV_CASEFOLD,exact
data,sq,A2,298,Bügeleisen,gludeklis,Żelazo,MARKER_LEAK,pl_l_s_z
data,tr,A2,298,Bügeleisen,gludeklis,Żelazo,MARKER_LEAK,pl_l_s_z
data,bg,A2,298,Bügeleisen,gludeklis,Желязо,FAMILY_COPY_STRICT,bg+hr+mk+sr
data,hr,A2,298,Bügeleisen,gludeklis,Желязо,FAMILY_COPY_STRICT,bg+hr+mk+sr
data,mk,A2,298,Bügeleisen,gludeklis,Желязо,FAMILY_COPY_STRICT,bg+hr+mk+sr
data,sr,A2,298,Bügeleisen,gludeklis,Желязо,FAMILY_COPY_STRICT,bg+hr+mk+sr
data,fi,A2,298,Bügeleisen,gludeklis,Triikraud,FAMILY_COPY_STRICT,fi+is+nb+nn+sv
data,is,A2,298,Bügeleisen,gludeklis,Triikraud,FAMILY_COPY_STRICT,fi+is+nb+nn+sv
data,nb,A2,298,Bügeleisen,gludeklis,Triikraud,FAMILY_COPY_STRICT,fi+is+nb+nn+sv
data,nn,A2,298,Bügeleisen,gludeklis,Triikraud,FAMILY_COPY_STRICT,fi+is+nb+nn+sv
data,sv,A2,298,Bügeleisen,gludeklis,Triikraud,FAMILY_COPY_STRICT,fi+is+nb+nn+sv
data,it,A2,298,Bügeleisen,gludeklis,Gludeklis,FAMILY_COPY_STRICT,it+lb+nl
data,lb,A2,298,Bügeleisen,gludeklis,Gludeklis,FAMILY_COPY_STRICT,it+lb+nl
data,nl,A2,298,Bügeleisen,gludeklis,Gludeklis,FAMILY_COPY_STRICT,it+lb+nl
data,pl,A2,298,Bügeleisen,gludeklis,Żelazo,FAMILY_COPY_STRICT,pl+sq+tr
data,sq,A2,298,Bügeleisen,gludeklis,Żelazo,FAMILY_COPY_STRICT,pl+sq+tr
data,tr,A2,298,Bügeleisen,gludeklis,Żelazo,FAMILY_COPY_STRICT,pl+sq+tr
data,hr,A2,299,bügeln,gludināt,Желязо,SCRIPT_MISMATCH,
data,hr,A2,299,bügeln,gludināt,Желязо,MARKER_LEAK,foreign_script
data,lb,A2,299,bügeln,gludināt,Gludināt,SAME_AS_LV_CASEFOLD,casefold_only
data,lb,A2,299,bügeln,gludināt,Gludināt,LV_DIACRITIC,
data,lb,A2,299,bügeln,gludināt,Gludināt,MARKER_LEAK,lv_macron_consonant
data,nl,A2,299,bügeln,gludināt,Gludināt,SAME_AS_LV_CASEFOLD,casefold_only
data,nl,A2,299,bügeln,gludināt,Gludināt,LV_DIACRITIC,
data,nl,A2,299,bügeln,gludināt,Gludināt,MARKER_LEAK,lv_macron_consonant
data,sl,A2,299,bügeln,gludināt,gludināt,SAME_AS_LV_CASEFOLD,exact
data,sl,A2,299,bügeln,gludināt,gludināt,LV_DIACRITIC,
data,sl,A2,299,bügeln,gludināt,gludināt,MARKER_LEAK,lv_macron_consonant
data,bg,A2,299,bügeln,gludināt,Желязо,FAMILY_COPY_STRICT,bg+hr+mk+sr
data,hr,A2,299,bügeln,gludināt,Желязо,FAMILY_COPY_STRICT,bg+hr+mk+sr
data,mk,A2,299,bügeln,gludināt,Желязо,FAMILY_COPY_STRICT,bg+hr+mk+sr
data,sr,A2,299,bügeln,gludināt,Желязо,FAMILY_COPY_STRICT,bg+hr+mk+sr
data,fi,A2,299,bügeln,gludināt,Triikima,FAMILY_COPY_STRICT,fi+is+nb+nn+sv
data,is,A2,299,bügeln,gludināt,Triikima,FAMILY_COPY_STRICT,fi+is+nb+nn+sv
data,nb,A2,299,bügeln,gludināt,Triikima,FAMILY_COPY_STRICT,fi+is+nb+nn+sv
data,nn,A2,299,bügeln,gludināt,Triikima,FAMILY_COPY_STRICT,fi+is+nb+nn+sv
data,sv,A2,299,bügeln,gludināt,Triikima,FAMILY_COPY_STRICT,fi+is+nb+nn+sv
data,it,A2,299,bügeln,gludināt,Gludinato,FAMILY_COPY_STRICT,it+pt
data,pt,A2,299,bügeln,gludināt,Gludinato,FAMILY_COPY_STRICT,it+pt
data,lb,A2,299,bügeln,gludināt,Gludināt,FAMILY_COPY_STRICT,lb+nl
data,nl,A2,299,bügeln,gludināt,Gludināt,FAMILY_COPY_STRICT,lb+nl
data,hr,A2,300,bunt,krāsains • raibs,Цветен • Пъстър,SCRIPT_MISMATCH,
data,hr,A2,300,bunt,krāsains • raibs,Цветен • Пъстър,MARKER_LEAK,foreign_script
data,lb,A2,300,bunt,krāsains • raibs,Krāsains • Raibs,SAME_AS_LV_CASEFOLD,casefold_only
data,lb,A2,300,bunt,krāsains • raibs,Krāsains • Raibs,LV_DIACRITIC,
data,lb,A2,300,bunt,krāsains • raibs,Krāsains • Raibs,MARKER_LEAK,lv_macron_consonant
data,nl,A2,300,bunt,krāsains • raibs,Krāsains • Raibs,SAME_AS_LV_CASEFOLD,casefold_only
data,nl,A2,300,bunt,krāsains • raibs,Krāsains • Raibs,LV_DIACRITIC,
data,nl,A2,300,bunt,krāsains • raibs,Krāsains • Raibs,MARKER_LEAK,lv_macron_consonant
data,sl,A2,300,bunt,krāsains • raibs,krāsains • raibs,SAME_AS_LV_CASEFOLD,exact
data,sl,A2,300,bunt,krāsains • raibs,krāsains • raibs,LV_DIACRITIC,
data,sl,A2,300,bunt,krāsains • raibs,krāsains • raibs,MARKER_LEAK,lv_macron_consonant
data,bg,A2,300,bunt,krāsains • raibs,Цветен • Пъстър,FAMILY_COPY_STRICT,bg+hr+mk+sr
data,hr,A2,300,bunt,krāsains • raibs,Цветен • Пъстър,FAMILY_COPY_STRICT,bg+hr+mk+sr
data,mk,A2,300,bunt,krāsains • raibs,Цветен • Пъстър,FAMILY_COPY_STRICT,bg+hr+mk+sr
data,sr,A2,300,bunt,krāsains • raibs,Цветен • Пъстър,FAMILY_COPY_STRICT,bg+hr+mk+sr
data,fi,A2,300,bunt,krāsains • raibs,Värviline • Kirju,FAMILY_COPY_STRICT,fi+is+nb+nn+sv
data,is,A2,300,bunt,krāsains • raibs,Värviline • Kirju,FAMILY_COPY_STRICT,fi+is+nb+nn+sv
data,nb,A2,300,bunt,krāsains • raibs,Värviline • Kirju,FAMILY_COPY_STRICT,fi+is+nb+nn+sv
data,nn,A2,300,bunt,krāsains • raibs,Värviline • Kirju,FAMILY_COPY_STRICT,fi+is+nb+nn+sv
data,sv,A2,300,bunt,krāsains • raibs,Värviline • Kirju,FAMILY_COPY_STRICT,fi+is+nb+nn+sv
data,it,A2,300,bunt,krāsains • raibs,Krasains • Raibs,FAMILY_COPY_STRICT,it+pt
data,pt,A2,300,bunt,krāsains • raibs,Krasains • Raibs,FAMILY_COPY_STRICT,it+pt
data,lb,A2,300,bunt,krāsains • raibs,Krāsains • Raibs,FAMILY_COPY_STRICT,lb+nl
data,nl,A2,300,bunt,krāsains • raibs,Krāsains • Raibs,FAMILY_COPY_STRICT,lb+nl
data,hr,A2,301,Buntstift,krāsainais zīmulis,Цветен молив,SCRIPT_MISMATCH,
data,hr,A2,301,Buntstift,krāsainais zīmulis,Цветен молив,MARKER_LEAK,foreign_script
data,it,A2,301,Buntstift,krāsainais zīmulis,Krāsainais zīmulis,SAME_AS_LV_CASEFOLD,casefold_only
data,it,A2,301,Buntstift,krāsainais zīmulis,Krāsainais zīmulis,LV_DIACRITIC,
data,it,A2,301,Buntstift,krāsainais zīmulis,Krāsainais zīmulis,MARKER_LEAK,lv_macron_consonant
data,lb,A2,301,Buntstift,krāsainais zīmulis,Krāsainais zīmulis,SAME_AS_LV_CASEFOLD,casefold_only
data,lb,A2,301,Buntstift,krāsainais zīmulis,Krāsainais zīmulis,LV_DIACRITIC,
data,lb,A2,301,Buntstift,krāsainais zīmulis,Krāsainais zīmulis,MARKER_LEAK,lv_macron_consonant
data,nl,A2,301,Buntstift,krāsainais zīmulis,Krāsainais zīmulis,SAME_AS_LV_CASEFOLD,casefold_only
data,nl,A2,301,Buntstift,krāsainais zīmulis,Krāsainais zīmulis,LV_DIACRITIC,
data,nl,A2,301,Buntstift,krāsainais zīmulis,Krāsainais zīmulis,MARKER_LEAK,lv_macron_consonant
data,sl,A2,301,Buntstift,krāsainais zīmulis,krāsainais zīmulis,SAME_AS_LV_CASEFOLD,exact
data,sl,A2,301,Buntstift,krāsainais zīmulis,krāsainais zīmulis,LV_DIACRITIC,
data,sl,A2,301,Buntstift,krāsainais zīmulis,krāsainais zīmulis,MARKER_LEAK,lv_macron_consonant
data,bg,A2,301,Buntstift,krāsainais zīmulis,Цветен молив,FAMILY_COPY_STRICT,bg+hr+mk+sr
data,hr,A2,301,Buntstift,krāsainais zīmulis,Цветен молив,FAMILY_COPY_STRICT,bg+hr+mk+sr
data,mk,A2,301,Buntstift,krāsainais zīmulis,Цветен молив,FAMILY_COPY_STRICT,bg+hr+mk+sr
data,sr,A2,301,Buntstift,krāsainais zīmulis,Цветен молив,FAMILY_COPY_STRICT,bg+hr+mk+sr
data,fi,A2,301,Buntstift,krāsainais zīmulis,Värviline pliiats,FAMILY_COPY_STRICT,fi+sv
data,sv,A2,301,Buntstift,krāsainais zīmulis,Värviline pliiats,FAMILY_COPY_STRICT,fi+sv
data,is,A2,301,Buntstift,krāsainais zīmulis,Fargeblyanter,FAMILY_COPY_STRICT,is+nb+nn
data,nb,A2,301,Buntstift,krāsainais zīmulis,Fargeblyanter,FAMILY_COPY_STRICT,is+nb+nn
data,nn,A2,301,Buntstift,krāsainais zīmulis,Fargeblyanter,FAMILY_COPY_STRICT,is+nb+nn
data,it,A2,301,Buntstift,krāsainais zīmulis,Krāsainais zīmulis,FAMILY_COPY_STRICT,it+lb+nl
data,lb,A2,301,Buntstift,krāsainais zīmulis,Krāsainais zīmulis,FAMILY_COPY_STRICT,it+lb+nl
data,nl,A2,301,Buntstift,krāsainais zīmulis,Krāsainais zīmulis,FAMILY_COPY_STRICT,it+lb+nl
data,sq,A2,301,Buntstift,krāsainais zīmulis,Renkli kalem,FAMILY_COPY_STRICT,sq+tr
data,tr,A2,301,Buntstift,krāsainais zīmulis,Renkli kalem,FAMILY_COPY_STRICT,sq+tr
data,fi,A2,302,Bürgersteig,ietve • trotuārs,Kõnnitee • Trotuaar,MARKER_LEAK,et_otilde
data,is,A2,302,Bürgersteig,ietve • trotuārs,Kõnnitee • Fortau,MARKER_LEAK,et_otilde
data,lb,A2,302,Bürgersteig,ietve • trotuārs,Ietve • Trotuārs,SAME_AS_LV_CASEFOLD,casefold_only
data,lb,A2,302,Bürgersteig,ietve • trotuārs,Ietve • Trotuārs,LV_DIACRITIC,
data,lb,A2,302,Bürgersteig,ietve • trotuārs,Ietve • Trotuārs,MARKER_LEAK,lv_macron_consonant
data,nb,A2,302,Bürgersteig,ietve • trotuārs,Kõnnitee • Fortau,MARKER_LEAK,et_otilde
data,nl,A2,302,Bürgersteig,ietve • trotuārs,Ietve • Trotuārs,SAME_AS_LV_CASEFOLD,casefold_only
data,nl,A2,302,Bürgersteig,ietve • trotuārs,Ietve • Trotuārs,LV_DIACRITIC,
data,nl,A2,302,Bürgersteig,ietve • trotuārs,Ietve • Trotuārs,MARKER_LEAK,lv_macron_consonant
data,nn,A2,302,Bürgersteig,ietve • trotuārs,Kõnnitee • Fortau,MARKER_LEAK,et_otilde
data,sl,A2,302,Bürgersteig,ietve • trotuārs,ietve • trotuārs,SAME_AS_LV_CASEFOLD,exact
data,sl,A2,302,Bürgersteig,ietve • trotuārs,ietve • trotuārs,LV_DIACRITIC,
data,sl,A2,302,Bürgersteig,ietve • trotuārs,ietve • trotuārs,MARKER_LEAK,lv_macron_consonant
data,sq,A2,302,Bürgersteig,ietve • trotuārs,Kaldırım • Kaldırım,MARKER_LEAK,tr_soft
data,sr,A2,302,Bürgersteig,ietve • trotuārs,Trotoar • Trotoar,SCRIPT_MISMATCH,sr_as_cyrillic
data,sr,A2,302,Bürgersteig,ietve • trotuārs,Trotoar • Trotoar,MARKER_LEAK,latin_in_cyrillic
data,sv,A2,302,Bürgersteig,ietve • trotuārs,Kõnnitee • Trotuaar,MARKER_LEAK,et_otilde
data,bg,A2,302,Bürgersteig,ietve • trotuārs,Тротоар • Тротоар,FAMILY_COPY_STRICT,bg+mk
data,mk,A2,302,Bürgersteig,ietve • trotuārs,Тротоар • Тротоар,FAMILY_COPY_STRICT,bg+mk
data,fi,A2,302,Bürgersteig,ietve • trotuārs,Kõnnitee • Trotuaar,FAMILY_COPY_STRICT,fi+sv
data,sv,A2,302,Bürgersteig,ietve • trotuārs,Kõnnitee • Trotuaar,FAMILY_COPY_STRICT,fi+sv
data,hr,A2,302,Bürgersteig,ietve • trotuārs,Trotoar • Trotoar,FAMILY_COPY_STRICT,hr+sr
data,sr,A2,302,Bürgersteig,ietve • trotuārs,Trotoar • Trotoar,FAMILY_COPY_STRICT,hr+sr
data,is,A2,302,Bürgersteig,ietve • trotuārs,Kõnnitee • Fortau,FAMILY_COPY_STRICT,is+nb+nn
data,nb,A2,302,Bürgersteig,ietve • trotuārs,Kõnnitee • Fortau,FAMILY_COPY_STRICT,is+nb+nn
data,nn,A2,302,Bürgersteig,ietve • trotuārs,Kõnnitee • Fortau,FAMILY_COPY_STRICT,is+nb+nn
data,lb,A2,302,Bürgersteig,ietve • trotuārs,Ietve • Trotuārs,FAMILY_COPY_STRICT,lb+nl
data,nl,A2,302,Bürgersteig,ietve • trotuārs,Ietve • Trotuārs,FAMILY_COPY_STRICT,lb+nl
data,sq,A2,302,Bürgersteig,ietve • trotuārs,Kaldırım • Kaldırım,FAMILY_COPY_STRICT,sq+tr
data,tr,A2,302,Bürgersteig,ietve • trotuārs,Kaldırım • Kaldırım,FAMILY_COPY_STRICT,sq+tr
data,hr,A2,303,Bürste,suka,Четка,SCRIPT_MISMATCH,
data,hr,A2,303,Bürste,suka,Четка,MARKER_LEAK,foreign_script
data,it,A2,303,Bürste,suka,Suka,SAME_AS_LV_CASEFOLD,casefold_only
data,lb,A2,303,Bürste,suka,Suka,SAME_AS_LV_CASEFOLD,casefold_only
data,nl,A2,303,Bürste,suka,Suka,SAME_AS_LV_CASEFOLD,casefold_only
data,pt,A2,303,Bürste,suka,Suka,SAME_AS_LV_CASEFOLD,casefold_only
data,sl,A2,303,Bürste,suka,suka,SAME_AS_LV_CASEFOLD,exact
data,sq,A2,303,Bürste,suka,Fırçalamak,MARKER_LEAK,tr_soft
data,bg,A2,303,Bürste,suka,Четка,FAMILY_COPY_STRICT,bg+hr+mk+sr
data,hr,A2,303,Bürste,suka,Четка,FAMILY_COPY_STRICT,bg+hr+mk+sr
data,mk,A2,303,Bürste,suka,Четка,FAMILY_COPY_STRICT,bg+hr+mk+sr
data,sr,A2,303,Bürste,suka,Четка,FAMILY_COPY_STRICT,bg+hr+mk+sr
data,fi,A2,303,Bürste,suka,Hari,FAMILY_COPY_STRICT,fi+sv
data,sv,A2,303,Bürste,suka,Hari,FAMILY_COPY_STRICT,fi+sv
data,is,A2,303,Bürste,suka,Harry,FAMILY_COPY_STRICT,is+nb+nn
data,nb,A2,303,Bürste,suka,Harry,FAMILY_COPY_STRICT,is+nb+nn
data,nn,A2,303,Bürste,suka,Harry,FAMILY_COPY_STRICT,is+nb+nn
data,it,A2,303,Bürste,suka,Suka,FAMILY_COPY_STRICT,it+lb+nl+pt
data,lb,A2,303,Bürste,suka,Suka,FAMILY_COPY_STRICT,it+lb+nl+pt
data,nl,A2,303,Bürste,suka,Suka,FAMILY_COPY_STRICT,it+lb+nl+pt
data,pt,A2,303,Bürste,suka,Suka,FAMILY_COPY_STRICT,it+lb+nl+pt
data,sq,A2,303,Bürste,suka,Fırçalamak,FAMILY_COPY_STRICT,sq+tr
data,tr,A2,303,Bürste,suka,Fırçalamak,FAMILY_COPY_STRICT,sq+tr
data,hr,A2,304,Cafeteria,kafetērija,Трапезария,SCRIPT_MISMATCH,
data,hr,A2,304,Cafeteria,kafetērija,Трапезария,MARKER_LEAK,foreign_script
data,lb,A2,304,Cafeteria,kafetērija,Kafetērija,SAME_AS_LV_CASEFOLD,casefold_only
data,lb,A2,304,Cafeteria,kafetērija,Kafetērija,LV_DIACRITIC,
data,lb,A2,304,Cafeteria,kafetērija,Kafetērija,MARKER_LEAK,lv_macron_consonant
data,nl,A2,304,Cafeteria,kafetērija,Kafetērija,SAME_AS_LV_CASEFOLD,casefold_only
data,nl,A2,304,Cafeteria,kafetērija,Kafetērija,LV_DIACRITIC,
data,nl,A2,304,Cafeteria,kafetērija,Kafetērija,MARKER_LEAK,lv_macron_consonant
data,sl,A2,304,Cafeteria,kafetērija,kafetērija,SAME_AS_LV_CASEFOLD,exact
data,sl,A2,304,Cafeteria,kafetērija,kafetērija,LV_DIACRITIC,
data,sl,A2,304,Cafeteria,kafetērija,kafetērija,MARKER_LEAK,lv_macron_consonant
data,bg,A2,304,Cafeteria,kafetērija,Трапезария,FAMILY_COPY_STRICT,bg+hr+mk+sr
data,hr,A2,304,Cafeteria,kafetērija,Трапезария,FAMILY_COPY_STRICT,bg+hr+mk+sr
data,mk,A2,304,Cafeteria,kafetērija,Трапезария,FAMILY_COPY_STRICT,bg+hr+mk+sr
data,sr,A2,304,Cafeteria,kafetērija,Трапезария,FAMILY_COPY_STRICT,bg+hr+mk+sr
data,fi,A2,304,Cafeteria,kafetērija,Kafeteeria,FAMILY_COPY_STRICT,fi+sv
data,sv,A2,304,Cafeteria,kafetērija,Kafeteeria,FAMILY_COPY_STRICT,fi+sv
data,is,A2,304,Cafeteria,kafetērija,Kafeteria,FAMILY_COPY_STRICT,is+nb+nn
data,nb,A2,304,Cafeteria,kafetērija,Kafeteria,FAMILY_COPY_STRICT,is+nb+nn
data,nn,A2,304,Cafeteria,kafetērija,Kafeteria,FAMILY_COPY_STRICT,is+nb+nn
data,lb,A2,304,Cafeteria,kafetērija,Kafetērija,FAMILY_COPY_STRICT,lb+nl
data,nl,A2,304,Cafeteria,kafetērija,Kafetērija,FAMILY_COPY_STRICT,lb+nl
data,bg,A2,305,CD-Player,kompaktdisku atskaņotājs,CD плейър,SCRIPT_MISMATCH,
data,bg,A2,305,CD-Player,kompaktdisku atskaņotājs,CD плейър,MARKER_LEAK,latin_in_cyrillic
data,gr,A2,305,CD-Player,kompaktdisku atskaņotājs,CD player,SCRIPT_MISMATCH,
data,gr,A2,305,CD-Player,kompaktdisku atskaņotājs,CD player,MARKER_LEAK,latin_in_greek
data,hr,A2,305,CD-Player,kompaktdisku atskaņotājs,CD плейър,SCRIPT_MISMATCH,
data,hr,A2,305,CD-Player,kompaktdisku atskaņotājs,CD плейър,MARKER_LEAK,foreign_script
data,it,A2,305,CD-Player,kompaktdisku atskaņotājs,Disque compact atskaņotājs,LV_DIACRITIC,
data,it,A2,305,CD-Player,kompaktdisku atskaņotājs,Disque compact atskaņotājs,MARKER_LEAK,lv_macron_consonant
data,lb,A2,305,CD-Player,kompaktdisku atskaņotājs,Compact discu atskaṅotājs,LV_DIACRITIC,
data,lb,A2,305,CD-Player,kompaktdisku atskaņotājs,Compact discu atskaṅotājs,MARKER_LEAK,lv_macron_consonant
data,mk,A2,305,CD-Player,kompaktdisku atskaņotājs,CD плейър,SCRIPT_MISMATCH,
data,mk,A2,305,CD-Player,kompaktdisku atskaņotājs,CD плейър,MARKER_LEAK,latin_in_cyrillic
data,nl,A2,305,CD-Player,kompaktdisku atskaņotājs,Kompaktdisku atskaņotājs,SAME_AS_LV_CASEFOLD,casefold_only
data,nl,A2,305,CD-Player,kompaktdisku atskaņotājs,Kompaktdisku atskaņotājs,LV_DIACRITIC,
data,nl,A2,305,CD-Player,kompaktdisku atskaņotājs,Kompaktdisku atskaņotājs,MARKER_LEAK,lv_macron_consonant
data,pt,A2,305,CD-Player,kompaktdisku atskaņotājs,Disco compacto atskaņotājs,LV_DIACRITIC,
data,pt,A2,305,CD-Player,kompaktdisku atskaņotājs,Disco compacto atskaņotājs,MARKER_LEAK,lv_macron_consonant
data,ru,A2,305,CD-Player,kompaktdisku atskaņotājs,CD-плеер,SCRIPT_MISMATCH,
data,ru,A2,305,CD-Player,kompaktdisku atskaņotājs,CD-плеер,MARKER_LEAK,latin_in_cyrillic
data,sl,A2,305,CD-Player,kompaktdisku atskaņotājs,kompaktdisku atskaņotājs,SAME_AS_LV_CASEFOLD,exact
data,sl,A2,305,CD-Player,kompaktdisku atskaņotājs,kompaktdisku atskaņotājs,LV_DIACRITIC,
data,sl,A2,305,CD-Player,kompaktdisku atskaņotājs,kompaktdisku atskaņotājs,MARKER_LEAK,lv_macron_consonant
data,sr,A2,305,CD-Player,kompaktdisku atskaņotājs,CD плейър,SCRIPT_MISMATCH,sr_as_cyrillic
data,sr,A2,305,CD-Player,kompaktdisku atskaņotājs,CD плейър,MARKER_LEAK,latin_in_cyrillic
data,uk,A2,305,CD-Player,kompaktdisku atskaņotājs,CD програвач,SCRIPT_MISMATCH,
data,uk,A2,305,CD-Player,kompaktdisku atskaņotājs,CD програвач,MARKER_LEAK,latin_in_cyrillic
data,bg,A2,305,CD-Player,kompaktdisku atskaņotājs,CD плейър,FAMILY_COPY_STRICT,bg+hr+mk+sr
data,hr,A2,305,CD-Player,kompaktdisku atskaņotājs,CD плейър,FAMILY_COPY_STRICT,bg+hr+mk+sr
data,mk,A2,305,CD-Player,kompaktdisku atskaņotājs,CD плейър,FAMILY_COPY_STRICT,bg+hr+mk+sr
data,sr,A2,305,CD-Player,kompaktdisku atskaņotājs,CD плейър,FAMILY_COPY_STRICT,bg+hr+mk+sr
data,en,A2,305,CD-Player,kompaktdisku atskaņotājs,CD player,FAMILY_COPY_STRICT,en+gr+ro
data,gr,A2,305,CD-Player,kompaktdisku atskaņotājs,CD player,FAMILY_COPY_STRICT,en+gr+ro
data,ro,A2,305,CD-Player,kompaktdisku atskaņotājs,CD player,FAMILY_COPY_STRICT,en+gr+ro
data,fi,A2,305,CD-Player,kompaktdisku atskaņotājs,Kompaktplaadimängija,FAMILY_COPY_STRICT,fi+sv
data,sv,A2,305,CD-Player,kompaktdisku atskaņotājs,Kompaktplaadimängija,FAMILY_COPY_STRICT,fi+sv
data,is,A2,305,CD-Player,kompaktdisku atskaņotājs,Kompakt spiller,FAMILY_COPY_STRICT,is+nb+nn
data,nb,A2,305,CD-Player,kompaktdisku atskaņotājs,Kompakt spiller,FAMILY_COPY_STRICT,is+nb+nn
data,nn,A2,305,CD-Player,kompaktdisku atskaņotājs,Kompakt spiller,FAMILY_COPY_STRICT,is+nb+nn
data,sq,A2,305,CD-Player,kompaktdisku atskaņotājs,CD çalar,FAMILY_COPY_STRICT,sq+tr
data,tr,A2,305,CD-Player,kompaktdisku atskaņotājs,CD çalar,FAMILY_COPY_STRICT,sq+tr
data,fi,A2,306,Chance,iespēja • izredzes • izdevība,Võimalus • Väljavaated • Soodne juhus,MARKER_LEAK,et_otilde
data,hr,A2,306,Chance,iespēja • izredzes • izdevība,Възможност • Перспектива • Възможност,SCRIPT_MISMATCH,
data,hr,A2,306,Chance,iespēja • izredzes • izdevība,Възможност • Перспектива • Възможност,MARKER_LEAK,foreign_script
data,it,A2,306,Chance,iespēja • izredzes • izdevība,Iespēja • Izredzes • Izdevība,SAME_AS_LV_CASEFOLD,casefold_only
data,it,A2,306,Chance,iespēja • izredzes • izdevība,Iespēja • Izredzes • Izdevība,LV_DIACRITIC,
data,it,A2,306,Chance,iespēja • izredzes • izdevība,Iespēja • Izredzes • Izdevība,MARKER_LEAK,lv_macron_consonant
data,lb,A2,306,Chance,iespēja • izredzes • izdevība,Iespēja • Izredzes • Izdevība,SAME_AS_LV_CASEFOLD,casefold_only
data,lb,A2,306,Chance,iespēja • izredzes • izdevība,Iespēja • Izredzes • Izdevība,LV_DIACRITIC,
data,lb,A2,306,Chance,iespēja • izredzes • izdevība,Iespēja • Izredzes • Izdevība,MARKER_LEAK,lv_macron_consonant
data,nl,A2,306,Chance,iespēja • izredzes • izdevība,Iespēja • Izredzes • Izdevība,SAME_AS_LV_CASEFOLD,casefold_only
data,nl,A2,306,Chance,iespēja • izredzes • izdevība,Iespēja • Izredzes • Izdevība,LV_DIACRITIC,
data,nl,A2,306,Chance,iespēja • izredzes • izdevība,Iespēja • Izredzes • Izdevība,MARKER_LEAK,lv_macron_consonant
data,pt,A2,306,Chance,iespēja • izredzes • izdevība,Iespēja • Izredzes • Izdevība,SAME_AS_LV_CASEFOLD,casefold_only
data,pt,A2,306,Chance,iespēja • izredzes • izdevība,Iespēja • Izredzes • Izdevība,LV_DIACRITIC,
data,pt,A2,306,Chance,iespēja • izredzes • izdevība,Iespēja • Izredzes • Izdevība,MARKER_LEAK,lv_macron_consonant
data,sl,A2,306,Chance,iespēja • izredzes • izdevība,iespēja • izredzes • izdevība,SAME_AS_LV_CASEFOLD,exact
data,sl,A2,306,Chance,iespēja • izredzes • izdevība,iespēja • izredzes • izdevība,LV_DIACRITIC,
data,sl,A2,306,Chance,iespēja • izredzes • izdevība,iespēja • izredzes • izdevība,MARKER_LEAK,lv_macron_consonant
data,sv,A2,306,Chance,iespēja • izredzes • izdevība,Võimalus • Väljavaated • Soodne juhus,MARKER_LEAK,et_otilde
data,bg,A2,306,Chance,iespēja • izredzes • izdevība,Възможност • Перспектива • Възможност,FAMILY_COPY_STRICT,bg+hr+mk+sr
data,hr,A2,306,Chance,iespēja • izredzes • izdevība,Възможност • Перспектива • Възможност,FAMILY_COPY_STRICT,bg+hr+mk+sr
data,mk,A2,306,Chance,iespēja • izredzes • izdevība,Възможност • Перспектива • Възможност,FAMILY_COPY_STRICT,bg+hr+mk+sr
data,sr,A2,306,Chance,iespēja • izredzes • izdevība,Възможност • Перспектива • Възможност,FAMILY_COPY_STRICT,bg+hr+mk+sr
data,fi,A2,306,Chance,iespēja • izredzes • izdevība,Võimalus • Väljavaated • Soodne juhus,FAMILY_COPY_STRICT,fi+sv
data,sv,A2,306,Chance,iespēja • izredzes • izdevība,Võimalus • Väljavaated • Soodne juhus,FAMILY_COPY_STRICT,fi+sv
data,is,A2,306,Chance,iespēja • izredzes • izdevība,Tilvalg • Väljavaated • Soodne juhus,FAMILY_COPY_STRICT,is+nb+nn
data,nb,A2,306,Chance,iespēja • izredzes • izdevība,Tilvalg • Väljavaated • Soodne juhus,FAMILY_COPY_STRICT,is+nb+nn
data,nn,A2,306,Chance,iespēja • izredzes • izdevība,Tilvalg • Väljavaated • Soodne juhus,FAMILY_COPY_STRICT,is+nb+nn
data,it,A2,306,Chance,iespēja • izredzes • izdevība,Iespēja • Izredzes • Izdevība,FAMILY_COPY_STRICT,it+lb+nl+pt
data,lb,A2,306,Chance,iespēja • izredzes • izdevība,Iespēja • Izredzes • Izdevība,FAMILY_COPY_STRICT,it+lb+nl+pt
data,nl,A2,306,Chance,iespēja • izredzes • izdevība,Iespēja • Izredzes • Izdevība,FAMILY_COPY_STRICT,it+lb+nl+pt
data,pt,A2,306,Chance,iespēja • izredzes • izdevība,Iespēja • Izredzes • Izdevība,FAMILY_COPY_STRICT,it+lb+nl+pt
data,pl,A2,306,Chance,iespēja • izredzes • izdevība,Szansa • Perspektywa • Szansa,FAMILY_COPY_STRICT,pl+sq+tr
data,sq,A2,306,Chance,iespēja • izredzes • izdevība,Szansa • Perspektywa • Szansa,FAMILY_COPY_STRICT,pl+sq+tr
data,tr,A2,306,Chance,iespēja • izredzes • izdevība,Szansa • Perspektywa • Szansa,FAMILY_COPY_STRICT,pl+sq+tr
data,hr,A2,307,Charakter,raksturs,Карактер,SCRIPT_MISMATCH,
data,hr,A2,307,Charakter,raksturs,Карактер,MARKER_LEAK,foreign_script
data,it,A2,307,Charakter,raksturs,Raksturs,SAME_AS_LV_CASEFOLD,casefold_only
data,nl,A2,307,Charakter,raksturs,Raksturs,SAME_AS_LV_CASEFOLD,casefold_only
data,pt,A2,307,Charakter,raksturs,Raksturs,SAME_AS_LV_CASEFOLD,casefold_only
data,sl,A2,307,Charakter,raksturs,raksturs,SAME_AS_LV_CASEFOLD,exact
data,bg,A2,307,Charakter,raksturs,Характер,FAMILY_COPY_STRICT,bg+ru
data,ru,A2,307,Charakter,raksturs,Характер,FAMILY_COPY_STRICT,bg+ru
data,da,A2,307,Charakter,raksturs,Karakter,FAMILY_COPY_STRICT,da+hu+sq+tr
data,hu,A2,307,Charakter,raksturs,Karakter,FAMILY_COPY_STRICT,da+hu+sq+tr
data,sq,A2,307,Charakter,raksturs,Karakter,FAMILY_COPY_STRICT,da+hu+sq+tr
data,tr,A2,307,Charakter,raksturs,Karakter,FAMILY_COPY_STRICT,da+hu+sq+tr
data,fi,A2,307,Charakter,raksturs,Iseloom,FAMILY_COPY_STRICT,fi+is+nb+nn+sv
data,is,A2,307,Charakter,raksturs,Iseloom,FAMILY_COPY_STRICT,fi+is+nb+nn+sv
data,nb,A2,307,Charakter,raksturs,Iseloom,FAMILY_COPY_STRICT,fi+is+nb+nn+sv
data,nn,A2,307,Charakter,raksturs,Iseloom,FAMILY_COPY_STRICT,fi+is+nb+nn+sv
data,sv,A2,307,Charakter,raksturs,Iseloom,FAMILY_COPY_STRICT,fi+is+nb+nn+sv
data,hr,A2,307,Charakter,raksturs,Карактер,FAMILY_COPY_STRICT,hr+mk+sr
data,mk,A2,307,Charakter,raksturs,Карактер,FAMILY_COPY_STRICT,hr+mk+sr
data,sr,A2,307,Charakter,raksturs,Карактер,FAMILY_COPY_STRICT,hr+mk+sr
data,it,A2,307,Charakter,raksturs,Raksturs,FAMILY_COPY_STRICT,it+nl+pt
data,nl,A2,307,Charakter,raksturs,Raksturs,FAMILY_COPY_STRICT,it+nl+pt
data,pt,A2,307,Charakter,raksturs,Raksturs,FAMILY_COPY_STRICT,it+nl+pt
data,hr,A2,308,Chemie,ķīmija,Химия,SCRIPT_MISMATCH,
data,hr,A2,308,Chemie,ķīmija,Химия,MARKER_LEAK,foreign_script
data,it,A2,308,Chemie,ķīmija,Īīmija,LV_DIACRITIC,
data,it,A2,308,Chemie,ķīmija,Īīmija,MARKER_LEAK,lv_macron_consonant
data,lb,A2,308,Chemie,ķīmija,Ķīmija,SAME_AS_LV_CASEFOLD,casefold_only
data,lb,A2,308,Chemie,ķīmija,Ķīmija,LV_DIACRITIC,
data,lb,A2,308,Chemie,ķīmija,Ķīmija,MARKER_LEAK,lv_macron_consonant
data,nl,A2,308,Chemie,ķīmija,Ķīmija,SAME_AS_LV_CASEFOLD,casefold_only
data,nl,A2,308,Chemie,ķīmija,Ķīmija,LV_DIACRITIC,
data,nl,A2,308,Chemie,ķīmija,Ķīmija,MARKER_LEAK,lv_macron_consonant
data,pt,A2,308,Chemie,ķīmija,Īīmija,LV_DIACRITIC,
data,pt,A2,308,Chemie,ķīmija,Īīmija,MARKER_LEAK,lv_macron_consonant
data,sl,A2,308,Chemie,ķīmija,ķīmija,SAME_AS_LV_CASEFOLD,exact
data,sl,A2,308,Chemie,ķīmija,ķīmija,LV_DIACRITIC,
data,sl,A2,308,Chemie,ķīmija,ķīmija,MARKER_LEAK,lv_macron_consonant
data,bg,A2,308,Chemie,ķīmija,Химия,FAMILY_COPY_STRICT,bg+hr+mk+ru+sr
data,hr,A2,308,Chemie,ķīmija,Химия,FAMILY_COPY_STRICT,bg+hr+mk+ru+sr
data,mk,A2,308,Chemie,ķīmija,Химия,FAMILY_COPY_STRICT,bg+hr+mk+ru+sr
data,ru,A2,308,Chemie,ķīmija,Химия,FAMILY_COPY_STRICT,bg+hr+mk+ru+sr
data,sr,A2,308,Chemie,ķīmija,Химия,FAMILY_COPY_STRICT,bg+hr+mk+ru+sr
data,fi,A2,308,Chemie,ķīmija,Keemia,FAMILY_COPY_STRICT,fi+sv
data,sv,A2,308,Chemie,ķīmija,Keemia,FAMILY_COPY_STRICT,fi+sv
data,fr,A2,308,Chemie,ķīmija,Chimie,FAMILY_COPY_STRICT,fr+ro
data,ro,A2,308,Chemie,ķīmija,Chimie,FAMILY_COPY_STRICT,fr+ro
data,is,A2,308,Chemie,ķīmija,Kjemi,FAMILY_COPY_STRICT,is+nb+nn
data,nb,A2,308,Chemie,ķīmija,Kjemi,FAMILY_COPY_STRICT,is+nb+nn
data,nn,A2,308,Chemie,ķīmija,Kjemi,FAMILY_COPY_STRICT,is+nb+nn
data,it,A2,308,Chemie,ķīmija,Īīmija,FAMILY_COPY_STRICT,it+pt
data,pt,A2,308,Chemie,ķīmija,Īīmija,FAMILY_COPY_STRICT,it+pt
data,lb,A2,308,Chemie,ķīmija,Ķīmija,FAMILY_COPY_STRICT,lb+nl
data,nl,A2,308,Chemie,ķīmija,Ķīmija,FAMILY_COPY_STRICT,lb+nl
data,sq,A2,308,Chemie,ķīmija,Kimya,FAMILY_COPY_STRICT,sq+tr
data,tr,A2,308,Chemie,ķīmija,Kimya,FAMILY_COPY_STRICT,sq+tr
data,hr,A2,309,Chor,koris,Хор,SCRIPT_MISMATCH,
data,hr,A2,309,Chor,koris,Хор,MARKER_LEAK,foreign_script
data,it,A2,309,Chor,koris,Koris,SAME_AS_LV_CASEFOLD,casefold_only
data,lb,A2,309,Chor,koris,Koris,SAME_AS_LV_CASEFOLD,casefold_only
data,nl,A2,309,Chor,koris,Koris,SAME_AS_LV_CASEFOLD,casefold_only
data,pt,A2,309,Chor,koris,Koris,SAME_AS_LV_CASEFOLD,casefold_only
data,sl,A2,309,Chor,koris,koris,SAME_AS_LV_CASEFOLD,exact
data,bg,A2,309,Chor,koris,Хор,FAMILY_COPY_STRICT,bg+hr+mk+ru+sr
data,hr,A2,309,Chor,koris,Хор,FAMILY_COPY_STRICT,bg+hr+mk+ru+sr
data,mk,A2,309,Chor,koris,Хор,FAMILY_COPY_STRICT,bg+hr+mk+ru+sr
data,ru,A2,309,Chor,koris,Хор,FAMILY_COPY_STRICT,bg+hr+mk+ru+sr
data,sr,A2,309,Chor,koris,Хор,FAMILY_COPY_STRICT,bg+hr+mk+ru+sr
data,da,A2,309,Chor,koris,Kor,FAMILY_COPY_STRICT,da+is+nb+nn
data,is,A2,309,Chor,koris,Kor,FAMILY_COPY_STRICT,da+is+nb+nn
data,nb,A2,309,Chor,koris,Kor,FAMILY_COPY_STRICT,da+is+nb+nn
data,nn,A2,309,Chor,koris,Kor,FAMILY_COPY_STRICT,da+is+nb+nn
data,fi,A2,309,Chor,koris,Koor,FAMILY_COPY_STRICT,fi+sv
data,sv,A2,309,Chor,koris,Koor,FAMILY_COPY_STRICT,fi+sv
data,it,A2,309,Chor,koris,Koris,FAMILY_COPY_STRICT,it+lb+nl+pt
data,lb,A2,309,Chor,koris,Koris,FAMILY_COPY_STRICT,it+lb+nl+pt
data,nl,A2,309,Chor,koris,Koris,FAMILY_COPY_STRICT,it+lb+nl+pt
data,pt,A2,309,Chor,koris,Koris,FAMILY_COPY_STRICT,it+lb+nl+pt
data,sq,A2,309,Chor,koris,Koro,FAMILY_COPY_STRICT,sq+tr
data,tr,A2,309,Chor,koris,Koro,FAMILY_COPY_STRICT,sq+tr
data,hr,A2,310,Cocktail,kokteilis,Коктейл,SCRIPT_MISMATCH,
data,hr,A2,310,Cocktail,kokteilis,Коктейл,MARKER_LEAK,foreign_script
data,it,A2,310,Cocktail,kokteilis,Kokteilis,SAME_AS_LV_CASEFOLD,casefold_only
data,lb,A2,310,Cocktail,kokteilis,Kokteilis,SAME_AS_LV_CASEFOLD,casefold_only
data,lt,A2,310,Cocktail,kokteilis,kokteilis,SAME_AS_LV_CASEFOLD,exact
data,nl,A2,310,Cocktail,kokteilis,Kokteilis,SAME_AS_LV_CASEFOLD,casefold_only
data,pt,A2,310,Cocktail,kokteilis,Kokteilis,SAME_AS_LV_CASEFOLD,casefold_only
data,sl,A2,310,Cocktail,kokteilis,kokteilis,SAME_AS_LV_CASEFOLD,exact
data,bg,A2,310,Cocktail,kokteilis,Коктейл,FAMILY_COPY_STRICT,bg+hr+mk+sr
data,hr,A2,310,Cocktail,kokteilis,Коктейл,FAMILY_COPY_STRICT,bg+hr+mk+sr
data,mk,A2,310,Cocktail,kokteilis,Коктейл,FAMILY_COPY_STRICT,bg+hr+mk+sr
data,sr,A2,310,Cocktail,kokteilis,Коктейл,FAMILY_COPY_STRICT,bg+hr+mk+sr
data,fi,A2,310,Cocktail,kokteilis,Kokteil,FAMILY_COPY_STRICT,fi+sv
data,sv,A2,310,Cocktail,kokteilis,Kokteil,FAMILY_COPY_STRICT,fi+sv
data,fr,A2,310,Cocktail,kokteilis,Un cocktail,FAMILY_COPY_STRICT,fr+ro
data,ro,A2,310,Cocktail,kokteilis,Un cocktail,FAMILY_COPY_STRICT,fr+ro
data,it,A2,310,Cocktail,kokteilis,Kokteilis,FAMILY_COPY_STRICT,it+lb+nl+pt
data,lb,A2,310,Cocktail,kokteilis,Kokteilis,FAMILY_COPY_STRICT,it+lb+nl+pt
data,nl,A2,310,Cocktail,kokteilis,Kokteilis,FAMILY_COPY_STRICT,it+lb+nl+pt
data,pt,A2,310,Cocktail,kokteilis,Kokteilis,FAMILY_COPY_STRICT,it+lb+nl+pt
data,sq,A2,310,Cocktail,kokteilis,Kokteyl,FAMILY_COPY_STRICT,sq+tr
data,tr,A2,310,Cocktail,kokteilis,Kokteyl,FAMILY_COPY_STRICT,sq+tr
data,hr,A2,311,Comic,komikss,Комикс,SCRIPT_MISMATCH,
data,hr,A2,311,Comic,komikss,Комикс,MARKER_LEAK,foreign_script
data,lb,A2,311,Comic,komikss,Komikss,SAME_AS_LV_CASEFOLD,casefold_only
data,nl,A2,311,Comic,komikss,Komikss,SAME_AS_LV_CASEFOLD,casefold_only
data,sl,A2,311,Comic,komikss,komikss,SAME_AS_LV_CASEFOLD,exact
data,bg,A2,311,Comic,komikss,Комикс,FAMILY_COPY_STRICT,bg+hr+mk+ru+sr
data,hr,A2,311,Comic,komikss,Комикс,FAMILY_COPY_STRICT,bg+hr+mk+ru+sr
data,mk,A2,311,Comic,komikss,Комикс,FAMILY_COPY_STRICT,bg+hr+mk+ru+sr
data,ru,A2,311,Comic,komikss,Комикс,FAMILY_COPY_STRICT,bg+hr+mk+ru+sr
data,sr,A2,311,Comic,komikss,Комикс,FAMILY_COPY_STRICT,bg+hr+mk+ru+sr
data,cs,A2,311,Comic,komikss,Komiks,FAMILY_COPY_STRICT,cs+it+pl
data,it,A2,311,Comic,komikss,Komiks,FAMILY_COPY_STRICT,cs+it+pl
data,pl,A2,311,Comic,komikss,Komiks,FAMILY_COPY_STRICT,cs+it+pl
data,fi,A2,311,Comic,komikss,Koomiks,FAMILY_COPY_STRICT,fi+sv
data,sv,A2,311,Comic,komikss,Koomiks,FAMILY_COPY_STRICT,fi+sv
data,is,A2,311,Comic,komikss,Tegneserier,FAMILY_COPY_STRICT,is+nb+nn
data,nb,A2,311,Comic,komikss,Tegneserier,FAMILY_COPY_STRICT,is+nb+nn
data,nn,A2,311,Comic,komikss,Tegneserier,FAMILY_COPY_STRICT,is+nb+nn
data,lb,A2,311,Comic,komikss,Komikss,FAMILY_COPY_STRICT,lb+nl
data,nl,A2,311,Comic,komikss,Komikss,FAMILY_COPY_STRICT,lb+nl
data,sq,A2,311,Comic,komikss,Çizgi roman,FAMILY_COPY_STRICT,sq+tr
data,tr,A2,311,Comic,komikss,Çizgi roman,FAMILY_COPY_STRICT,sq+tr
data,hr,A2,312,Computerspiel,datorspēle,Компютърна игра,SCRIPT_MISMATCH,
data,hr,A2,312,Computerspiel,datorspēle,Компютърна игра,MARKER_LEAK,foreign_script
data,lb,A2,312,Computerspiel,datorspēle,Datorspēle,SAME_AS_LV_CASEFOLD,casefold_only
data,lb,A2,312,Computerspiel,datorspēle,Datorspēle,LV_DIACRITIC,
data,lb,A2,312,Computerspiel,datorspēle,Datorspēle,MARKER_LEAK,lv_macron_consonant
data,nl,A2,312,Computerspiel,datorspēle,Datorspēle,SAME_AS_LV_CASEFOLD,casefold_only
data,nl,A2,312,Computerspiel,datorspēle,Datorspēle,LV_DIACRITIC,
data,nl,A2,312,Computerspiel,datorspēle,Datorspēle,MARKER_LEAK,lv_macron_consonant
data,sl,A2,312,Computerspiel,datorspēle,datorspēle,SAME_AS_LV_CASEFOLD,exact
data,sl,A2,312,Computerspiel,datorspēle,datorspēle,LV_DIACRITIC,
data,sl,A2,312,Computerspiel,datorspēle,datorspēle,MARKER_LEAK,lv_macron_consonant
data,bg,A2,312,Computerspiel,datorspēle,Компютърна игра,FAMILY_COPY_STRICT,bg+hr+mk+sr
data,hr,A2,312,Computerspiel,datorspēle,Компютърна игра,FAMILY_COPY_STRICT,bg+hr+mk+sr
data,mk,A2,312,Computerspiel,datorspēle,Компютърна игра,FAMILY_COPY_STRICT,bg+hr+mk+sr
data,sr,A2,312,Computerspiel,datorspēle,Компютърна игра,FAMILY_COPY_STRICT,bg+hr+mk+sr
data,cs,A2,312,Computerspiel,datorspēle,Počítačová hra,FAMILY_COPY_STRICT,cs+sk
data,sk,A2,312,Computerspiel,datorspēle,Počítačová hra,FAMILY_COPY_STRICT,cs+sk
data,fi,A2,312,Computerspiel,datorspēle,Arvutimäng,FAMILY_COPY_STRICT,fi+sv
data,sv,A2,312,Computerspiel,datorspēle,Arvutimäng,FAMILY_COPY_STRICT,fi+sv
data,is,A2,312,Computerspiel,datorspēle,Databeløp,FAMILY_COPY_STRICT,is+nb+nn
data,nb,A2,312,Computerspiel,datorspēle,Databeløp,FAMILY_COPY_STRICT,is+nb+nn
data,nn,A2,312,Computerspiel,datorspēle,Databeløp,FAMILY_COPY_STRICT,is+nb+nn
data,it,A2,312,Computerspiel,datorspēle,Datorspele,FAMILY_COPY_STRICT,it+pt
data,pt,A2,312,Computerspiel,datorspēle,Datorspele,FAMILY_COPY_STRICT,it+pt
data,lb,A2,312,Computerspiel,datorspēle,Datorspēle,FAMILY_COPY_STRICT,lb+nl
data,nl,A2,312,Computerspiel,datorspēle,Datorspēle,FAMILY_COPY_STRICT,lb+nl
data,sq,A2,312,Computerspiel,datorspēle,Bilgisayar oyunu,FAMILY_COPY_STRICT,sq+tr
data,tr,A2,312,Computerspiel,datorspēle,Bilgisayar oyunu,FAMILY_COPY_STRICT,sq+tr
data,hr,A2,313,Cornflakes,kukurūzas pārslas,Пченкарни снегулки,SCRIPT_MISMATCH,
data,hr,A2,313,Cornflakes,kukurūzas pārslas,Пченкарни снегулки,MARKER_LEAK,foreign_script
data,lb,A2,313,Cornflakes,kukurūzas pārslas,Kukurūzas pārslas,SAME_AS_LV_CASEFOLD,casefold_only
data,lb,A2,313,Cornflakes,kukurūzas pārslas,Kukurūzas pārslas,LV_DIACRITIC,
data,lb,A2,313,Cornflakes,kukurūzas pārslas,Kukurūzas pārslas,MARKER_LEAK,lv_macron_consonant+lv_u_macron
data,nl,A2,313,Cornflakes,kukurūzas pārslas,Kukurūzas pārslas,SAME_AS_LV_CASEFOLD,casefold_only
data,nl,A2,313,Cornflakes,kukurūzas pārslas,Kukurūzas pārslas,LV_DIACRITIC,
data,nl,A2,313,Cornflakes,kukurūzas pārslas,Kukurūzas pārslas,MARKER_LEAK,lv_macron_consonant+lv_u_macron
data,sl,A2,313,Cornflakes,kukurūzas pārslas,kukurūzas pārslas,SAME_AS_LV_CASEFOLD,exact
data,sl,A2,313,Cornflakes,kukurūzas pārslas,kukurūzas pārslas,LV_DIACRITIC,
data,sl,A2,313,Cornflakes,kukurūzas pārslas,kukurūzas pārslas,MARKER_LEAK,lv_macron_consonant+lv_u_macron
data,sq,A2,313,Cornflakes,kukurūzas pārslas,Mısır gevreği,MARKER_LEAK,tr_soft
data,fi,A2,313,Cornflakes,kukurūzas pārslas,Maisihelbed,FAMILY_COPY_STRICT,fi+is+nb+nn+sv
data,is,A2,313,Cornflakes,kukurūzas pārslas,Maisihelbed,FAMILY_COPY_STRICT,fi+is+nb+nn+sv
data,nb,A2,313,Cornflakes,kukurūzas pārslas,Maisihelbed,FAMILY_COPY_STRICT,fi+is+nb+nn+sv
data,nn,A2,313,Cornflakes,kukurūzas pārslas,Maisihelbed,FAMILY_COPY_STRICT,fi+is+nb+nn+sv
data,sv,A2,313,Cornflakes,kukurūzas pārslas,Maisihelbed,FAMILY_COPY_STRICT,fi+is+nb+nn+sv
data,hr,A2,313,Cornflakes,kukurūzas pārslas,Пченкарни снегулки,FAMILY_COPY_STRICT,hr+mk+sr
data,mk,A2,313,Cornflakes,kukurūzas pārslas,Пченкарни снегулки,FAMILY_COPY_STRICT,hr+mk+sr
data,sr,A2,313,Cornflakes,kukurūzas pārslas,Пченкарни снегулки,FAMILY_COPY_STRICT,hr+mk+sr
data,lb,A2,313,Cornflakes,kukurūzas pārslas,Kukurūzas pārslas,FAMILY_COPY_STRICT,lb+nl
data,nl,A2,313,Cornflakes,kukurūzas pārslas,Kukurūzas pārslas,FAMILY_COPY_STRICT,lb+nl
data,sq,A2,313,Cornflakes,kukurūzas pārslas,Mısır gevreği,FAMILY_COPY_STRICT,sq+tr
data,tr,A2,313,Cornflakes,kukurūzas pārslas,Mısır gevreği,FAMILY_COPY_STRICT,sq+tr
data,hr,A2,314,Creme,krēms,Крем,SCRIPT_MISMATCH,
data,hr,A2,314,Creme,krēms,Крем,MARKER_LEAK,foreign_script
data,lb,A2,314,Creme,krēms,Krēms,SAME_AS_LV_CASEFOLD,casefold_only
data,lb,A2,314,Creme,krēms,Krēms,LV_DIACRITIC,
data,lb,A2,314,Creme,krēms,Krēms,MARKER_LEAK,lv_macron_consonant
data,nl,A2,314,Creme,krēms,Krēms,SAME_AS_LV_CASEFOLD,casefold_only
data,nl,A2,314,Creme,krēms,Krēms,LV_DIACRITIC,
data,nl,A2,314,Creme,krēms,Krēms,MARKER_LEAK,lv_macron_consonant
data,sl,A2,314,Creme,krēms,krēms,SAME_AS_LV_CASEFOLD,exact
data,sl,A2,314,Creme,krēms,krēms,LV_DIACRITIC,
data,sl,A2,314,Creme,krēms,krēms,MARKER_LEAK,lv_macron_consonant
data,bg,A2,314,Creme,krēms,Крем,FAMILY_COPY_STRICT,bg+hr+mk+ru+sr
data,hr,A2,314,Creme,krēms,Крем,FAMILY_COPY_STRICT,bg+hr+mk+ru+sr
data,mk,A2,314,Creme,krēms,Крем,FAMILY_COPY_STRICT,bg+hr+mk+ru+sr
data,ru,A2,314,Creme,krēms,Крем,FAMILY_COPY_STRICT,bg+hr+mk+ru+sr
data,sr,A2,314,Creme,krēms,Крем,FAMILY_COPY_STRICT,bg+hr+mk+ru+sr
data,cs,A2,314,Creme,krēms,Krém,FAMILY_COPY_STRICT,cs+hu+sk
data,hu,A2,314,Creme,krēms,Krém,FAMILY_COPY_STRICT,cs+hu+sk
data,sk,A2,314,Creme,krēms,Krém,FAMILY_COPY_STRICT,cs+hu+sk
data,fi,A2,314,Creme,krēms,Kreem,FAMILY_COPY_STRICT,fi+sv
data,sv,A2,314,Creme,krēms,Kreem,FAMILY_COPY_STRICT,fi+sv
data,is,A2,314,Creme,krēms,Krem,FAMILY_COPY_STRICT,is+nb+nn+sq+tr
data,nb,A2,314,Creme,krēms,Krem,FAMILY_COPY_STRICT,is+nb+nn+sq+tr
data,nn,A2,314,Creme,krēms,Krem,FAMILY_COPY_STRICT,is+nb+nn+sq+tr
data,sq,A2,314,Creme,krēms,Krem,FAMILY_COPY_STRICT,is+nb+nn+sq+tr
data,tr,A2,314,Creme,krēms,Krem,FAMILY_COPY_STRICT,is+nb+nn+sq+tr
data,it,A2,314,Creme,krēms,Krems,FAMILY_COPY_STRICT,it+pt
data,pt,A2,314,Creme,krēms,Krems,FAMILY_COPY_STRICT,it+pt
data,lb,A2,314,Creme,krēms,Krēms,FAMILY_COPY_STRICT,lb+nl
data,nl,A2,314,Creme,krēms,Krēms,FAMILY_COPY_STRICT,lb+nl
data,nl,A2,315,dabei,klāt,Klāt,SAME_AS_LV_CASEFOLD,casefold_only
data,nl,A2,315,dabei,klāt,Klāt,LV_DIACRITIC,
data,nl,A2,315,dabei,klāt,Klāt,MARKER_LEAK,lv_macron_consonant
data,sl,A2,315,dabei,klāt,klāt,SAME_AS_LV_CASEFOLD,exact
data,sl,A2,315,dabei,klāt,klāt,LV_DIACRITIC,
data,sl,A2,315,dabei,klāt,klāt,MARKER_LEAK,lv_macron_consonant
data,sr,A2,315,dabei,klāt,Iti morava.,SCRIPT_MISMATCH,sr_as_cyrillic
data,sr,A2,315,dabei,klāt,Iti morava.,MARKER_LEAK,latin_in_cyrillic
data,fi,A2,315,dabei,klāt,Kohal,FAMILY_COPY_STRICT,fi+sv
data,sv,A2,315,dabei,klāt,Kohal,FAMILY_COPY_STRICT,fi+sv
data,hr,A2,315,dabei,klāt,Iti morava.,FAMILY_COPY_STRICT,hr+sr
data,sr,A2,315,dabei,klāt,Iti morava.,FAMILY_COPY_STRICT,hr+sr
data,is,A2,315,dabei,klāt,Kohl,FAMILY_COPY_STRICT,is+nb+nn
data,nb,A2,315,dabei,klāt,Kohl,FAMILY_COPY_STRICT,is+nb+nn
data,nn,A2,315,dabei,klāt,Kohl,FAMILY_COPY_STRICT,is+nb+nn
data,hr,A2,316,dabei sein,būt klāt,Бъдете присъстващи,SCRIPT_MISMATCH,
data,hr,A2,316,dabei sein,būt klāt,Бъдете присъстващи,MARKER_LEAK,foreign_script
data,lb,A2,316,dabei sein,būt klāt,Būt klāt,SAME_AS_LV_CASEFOLD,casefold_only
data,lb,A2,316,dabei sein,būt klāt,Būt klāt,LV_DIACRITIC,
data,lb,A2,316,dabei sein,būt klāt,Būt klāt,MARKER_LEAK,lv_macron_consonant+lv_u_macron
data,nl,A2,316,dabei sein,būt klāt,Būt klāt,SAME_AS_LV_CASEFOLD,casefold_only
data,nl,A2,316,dabei sein,būt klāt,Būt klāt,LV_DIACRITIC,
data,nl,A2,316,dabei sein,būt klāt,Būt klāt,MARKER_LEAK,lv_macron_consonant+lv_u_macron
data,sl,A2,316,dabei sein,būt klāt,būt klāt,SAME_AS_LV_CASEFOLD,exact
data,sl,A2,316,dabei sein,būt klāt,būt klāt,LV_DIACRITIC,
data,sl,A2,316,dabei sein,būt klāt,būt klāt,MARKER_LEAK,lv_macron_consonant+lv_u_macron
data,bg,A2,316,dabei sein,būt klāt,Бъдете присъстващи,FAMILY_COPY_STRICT,bg+hr+mk+sr
data,hr,A2,316,dabei sein,būt klāt,Бъдете присъстващи,FAMILY_COPY_STRICT,bg+hr+mk+sr
data,mk,A2,316,dabei sein,būt klāt,Бъдете присъстващи,FAMILY_COPY_STRICT,bg+hr+mk+sr
data,sr,A2,316,dabei sein,būt klāt,Бъдете присъстващи,FAMILY_COPY_STRICT,bg+hr+mk+sr
data,fi,A2,316,dabei sein,būt klāt,Kohal olema,FAMILY_COPY_STRICT,fi+is+nb+nn+sv
data,is,A2,316,dabei sein,būt klāt,Kohal olema,FAMILY_COPY_STRICT,fi+is+nb+nn+sv
data,nb,A2,316,dabei sein,būt klāt,Kohal olema,FAMILY_COPY_STRICT,fi+is+nb+nn+sv
data,nn,A2,316,dabei sein,būt klāt,Kohal olema,FAMILY_COPY_STRICT,fi+is+nb+nn+sv
data,sv,A2,316,dabei sein,būt klāt,Kohal olema,FAMILY_COPY_STRICT,fi+is+nb+nn+sv
data,lb,A2,316,dabei sein,būt klāt,Būt klāt,FAMILY_COPY_STRICT,lb+nl
data,nl,A2,316,dabei sein,būt klāt,Būt klāt,FAMILY_COPY_STRICT,lb+nl
data,sq,A2,316,dabei sein,būt klāt,Mevcut olun,FAMILY_COPY_STRICT,sq+tr
data,tr,A2,316,dabei sein,būt klāt,Mevcut olun,FAMILY_COPY_STRICT,sq+tr
data,hr,A2,317,Dach,jumts,Покрив,SCRIPT_MISMATCH,
data,hr,A2,317,Dach,jumts,Покрив,MARKER_LEAK,foreign_script
data,nl,A2,317,Dach,jumts,Jumts,SAME_AS_LV_CASEFOLD,casefold_only
data,sl,A2,317,Dach,jumts,jumts,SAME_AS_LV_CASEFOLD,exact
data,sq,A2,317,Dach,jumts,Çatı,MARKER_LEAK,tr_soft
data,bg,A2,317,Dach,jumts,Покрив,FAMILY_COPY_STRICT,bg+hr+mk+sr
data,hr,A2,317,Dach,jumts,Покрив,FAMILY_COPY_STRICT,bg+hr+mk+sr
data,mk,A2,317,Dach,jumts,Покрив,FAMILY_COPY_STRICT,bg+hr+mk+sr
data,sr,A2,317,Dach,jumts,Покрив,FAMILY_COPY_STRICT,bg+hr+mk+sr
data,fi,A2,317,Dach,jumts,Katus,FAMILY_COPY_STRICT,fi+sv
data,sv,A2,317,Dach,jumts,Katus,FAMILY_COPY_STRICT,fi+sv
data,is,A2,317,Dach,jumts,Catus,FAMILY_COPY_STRICT,is+nb+nn
data,nb,A2,317,Dach,jumts,Catus,FAMILY_COPY_STRICT,is+nb+nn
data,nn,A2,317,Dach,jumts,Catus,FAMILY_COPY_STRICT,is+nb+nn
data,sq,A2,317,Dach,jumts,Çatı,FAMILY_COPY_STRICT,sq+tr
data,tr,A2,317,Dach,jumts,Çatı,FAMILY_COPY_STRICT,sq+tr
data,hr,A2,318,dafür,par to • tam • toties,За да • Че • Въпреки това,SCRIPT_MISMATCH,
data,hr,A2,318,dafür,par to • tam • toties,За да • Че • Въпреки това,MARKER_LEAK,foreign_script
data,lb,A2,318,dafür,par to • tam • toties,Par to • Tam • Toties,SAME_AS_LV_CASEFOLD,casefold_only
data,nl,A2,318,dafür,par to • tam • toties,Par to • Tam • Toties,SAME_AS_LV_CASEFOLD,casefold_only
data,sl,A2,318,dafür,par to • tam • toties,par to • tam • toties,SAME_AS_LV_CASEFOLD,exact
data,bg,A2,318,dafür,par to • tam • toties,За да • Че • Въпреки това,FAMILY_COPY_STRICT,bg+hr+mk+sr
data,hr,A2,318,dafür,par to • tam • toties,За да • Че • Въпреки това,FAMILY_COPY_STRICT,bg+hr+mk+sr
data,mk,A2,318,dafür,par to • tam • toties,За да • Че • Въпреки това,FAMILY_COPY_STRICT,bg+hr+mk+sr
data,sr,A2,318,dafür,par to • tam • toties,За да • Че • Въпреки това,FAMILY_COPY_STRICT,bg+hr+mk+sr
data,fi,A2,318,dafür,par to • tam • toties,Selle eest • Selleks • Seevastu,FAMILY_COPY_STRICT,fi+sv
data,sv,A2,318,dafür,par to • tam • toties,Selle eest • Selleks • Seevastu,FAMILY_COPY_STRICT,fi+sv
data,is,A2,318,dafür,par to • tam • toties,Selle eest • Sellek • Konkete,FAMILY_COPY_STRICT,is+nb+nn
data,nb,A2,318,dafür,par to • tam • toties,Selle eest • Sellek • Konkete,FAMILY_COPY_STRICT,is+nb+nn
data,nn,A2,318,dafür,par to • tam • toties,Selle eest • Sellek • Konkete,FAMILY_COPY_STRICT,is+nb+nn
data,lb,A2,318,dafür,par to • tam • toties,Par to • Tam • Toties,FAMILY_COPY_STRICT,lb+nl
data,nl,A2,318,dafür,par to • tam • toties,Par to • Tam • Toties,FAMILY_COPY_STRICT,lb+nl
data,pl,A2,318,dafür,par to • tam • toties,Za to • To • Jednak,FAMILY_COPY_STRICT,pl+sq+tr
data,sq,A2,318,dafür,par to • tam • toties,Za to • To • Jednak,FAMILY_COPY_STRICT,pl+sq+tr
data,tr,A2,318,dafür,par to • tam • toties,Za to • To • Jednak,FAMILY_COPY_STRICT,pl+sq+tr
data,hr,A2,319,damals,toreiz • tajā laikā,Тогава • По това време,SCRIPT_MISMATCH,
data,hr,A2,319,damals,toreiz • tajā laikā,Тогава • По това време,MARKER_LEAK,foreign_script
data,it,A2,319,damals,toreiz • tajā laikā,Toreiz • Tajā laika,LV_DIACRITIC,
data,it,A2,319,damals,toreiz • tajā laikā,Toreiz • Tajā laika,MARKER_LEAK,lv_macron_consonant
data,lb,A2,319,damals,toreiz • tajā laikā,Toreiz • Tajā laikā,SAME_AS_LV_CASEFOLD,casefold_only
data,lb,A2,319,damals,toreiz • tajā laikā,Toreiz • Tajā laikā,LV_DIACRITIC,
data,lb,A2,319,damals,toreiz • tajā laikā,Toreiz • Tajā laikā,MARKER_LEAK,lv_macron_consonant
data,nl,A2,319,damals,toreiz • tajā laikā,Toreiz • Tajā laikā,SAME_AS_LV_CASEFOLD,casefold_only
data,nl,A2,319,damals,toreiz • tajā laikā,Toreiz • Tajā laikā,LV_DIACRITIC,
data,nl,A2,319,damals,toreiz • tajā laikā,Toreiz • Tajā laikā,MARKER_LEAK,lv_macron_consonant
data,pt,A2,319,damals,toreiz • tajā laikā,Toreiz • Tajā laika,LV_DIACRITIC,
data,pt,A2,319,damals,toreiz • tajā laikā,Toreiz • Tajā laika,MARKER_LEAK,lv_macron_consonant
data,sl,A2,319,damals,toreiz • tajā laikā,toreiz • tajā laikā,SAME_AS_LV_CASEFOLD,exact
data,sl,A2,319,damals,toreiz • tajā laikā,toreiz • tajā laikā,LV_DIACRITIC,
data,sl,A2,319,damals,toreiz • tajā laikā,toreiz • tajā laikā,MARKER_LEAK,lv_macron_consonant
data,bg,A2,319,damals,toreiz • tajā laikā,Тогава • По това време,FAMILY_COPY_STRICT,bg+hr+mk+sr
data,hr,A2,319,damals,toreiz • tajā laikā,Тогава • По това време,FAMILY_COPY_STRICT,bg+hr+mk+sr
data,mk,A2,319,damals,toreiz • tajā laikā,Тогава • По това време,FAMILY_COPY_STRICT,bg+hr+mk+sr
data,sr,A2,319,damals,toreiz • tajā laikā,Тогава • По това време,FAMILY_COPY_STRICT,bg+hr+mk+sr
data,fi,A2,319,damals,toreiz • tajā laikā,Tollal • Sel ajal,FAMILY_COPY_STRICT,fi+is+nb+nn+sv
data,is,A2,319,damals,toreiz • tajā laikā,Tollal • Sel ajal,FAMILY_COPY_STRICT,fi+is+nb+nn+sv
data,nb,A2,319,damals,toreiz • tajā laikā,Tollal • Sel ajal,FAMILY_COPY_STRICT,fi+is+nb+nn+sv
data,nn,A2,319,damals,toreiz • tajā laikā,Tollal • Sel ajal,FAMILY_COPY_STRICT,fi+is+nb+nn+sv
data,sv,A2,319,damals,toreiz • tajā laikā,Tollal • Sel ajal,FAMILY_COPY_STRICT,fi+is+nb+nn+sv
data,it,A2,319,damals,toreiz • tajā laikā,Toreiz • Tajā laika,FAMILY_COPY_STRICT,it+pt
data,pt,A2,319,damals,toreiz • tajā laikā,Toreiz • Tajā laika,FAMILY_COPY_STRICT,it+pt
data,lb,A2,319,damals,toreiz • tajā laikā,Toreiz • Tajā laikā,FAMILY_COPY_STRICT,lb+nl
data,nl,A2,319,damals,toreiz • tajā laikā,Toreiz • Tajā laikā,FAMILY_COPY_STRICT,lb+nl
data,pl,A2,319,damals,toreiz • tajā laikā,Wtedy • W tym czasie,FAMILY_COPY_STRICT,pl+sq+tr
data,sq,A2,319,damals,toreiz • tajā laikā,Wtedy • W tym czasie,FAMILY_COPY_STRICT,pl+sq+tr
data,tr,A2,319,damals,toreiz • tajā laikā,Wtedy • W tym czasie,FAMILY_COPY_STRICT,pl+sq+tr
data,hr,A2,320,Dame,dāma,Лейди,SCRIPT_MISMATCH,
data,hr,A2,320,Dame,dāma,Лейди,MARKER_LEAK,foreign_script
data,lb,A2,320,Dame,dāma,Dāma,SAME_AS_LV_CASEFOLD,casefold_only
data,lb,A2,320,Dame,dāma,Dāma,LV_DIACRITIC,
data,lb,A2,320,Dame,dāma,Dāma,MARKER_LEAK,lv_macron_consonant
data,nl,A2,320,Dame,dāma,Dāma,SAME_AS_LV_CASEFOLD,casefold_only
data,nl,A2,320,Dame,dāma,Dāma,LV_DIACRITIC,
data,nl,A2,320,Dame,dāma,Dāma,MARKER_LEAK,lv_macron_consonant
data,sl,A2,320,Dame,dāma,dāma,SAME_AS_LV_CASEFOLD,exact
data,sl,A2,320,Dame,dāma,dāma,LV_DIACRITIC,
data,sl,A2,320,Dame,dāma,dāma,MARKER_LEAK,lv_macron_consonant
data,bg,A2,320,Dame,dāma,Лейди,FAMILY_COPY_STRICT,bg+hr+mk+sr
data,hr,A2,320,Dame,dāma,Лейди,FAMILY_COPY_STRICT,bg+hr+mk+sr
data,mk,A2,320,Dame,dāma,Лейди,FAMILY_COPY_STRICT,bg+hr+mk+sr
data,sr,A2,320,Dame,dāma,Лейди,FAMILY_COPY_STRICT,bg+hr+mk+sr
data,bs,A2,320,Dame,dāma,dama,FAMILY_COPY_STRICT,bs+es+lt
data,es,A2,320,Dame,dāma,dama,FAMILY_COPY_STRICT,bs+es+lt
data,lt,A2,320,Dame,dāma,dama,FAMILY_COPY_STRICT,bs+es+lt
data,fi,A2,320,Dame,dāma,Daam,FAMILY_COPY_STRICT,fi+sv
data,sv,A2,320,Dame,dāma,Daam,FAMILY_COPY_STRICT,fi+sv
data,it,A2,320,Dame,dāma,Dama,FAMILY_COPY_STRICT,it+pl+sq+tr
data,pl,A2,320,Dame,dāma,Dama,FAMILY_COPY_STRICT,it+pl+sq+tr
data,sq,A2,320,Dame,dāma,Dama,FAMILY_COPY_STRICT,it+pl+sq+tr
data,tr,A2,320,Dame,dāma,Dama,FAMILY_COPY_STRICT,it+pl+sq+tr
data,lb,A2,320,Dame,dāma,Dāma,FAMILY_COPY_STRICT,lb+nl
data,nl,A2,320,Dame,dāma,Dāma,FAMILY_COPY_STRICT,lb+nl
data,hr,A2,321,damit,ar to,С това,SCRIPT_MISMATCH,
data,hr,A2,321,damit,ar to,С това,MARKER_LEAK,foreign_script
data,nl,A2,321,damit,ar to,Ar to,SAME_AS_LV_CASEFOLD,casefold_only
data,sl,A2,321,damit,ar to,ar to,SAME_AS_LV_CASEFOLD,exact
data,bg,A2,321,damit,ar to,С това,FAMILY_COPY_STRICT,bg+hr+mk+sr
data,hr,A2,321,damit,ar to,С това,FAMILY_COPY_STRICT,bg+hr+mk+sr
data,mk,A2,321,damit,ar to,С това,FAMILY_COPY_STRICT,bg+hr+mk+sr
data,sr,A2,321,damit,ar to,С това,FAMILY_COPY_STRICT,bg+hr+mk+sr
data,fi,A2,321,damit,ar to,Sellega,FAMILY_COPY_STRICT,fi+sv
data,sv,A2,321,damit,ar to,Sellega,FAMILY_COPY_STRICT,fi+sv
data,is,A2,321,damit,ar to,Selliga,FAMILY_COPY_STRICT,is+nb+nn
data,nb,A2,321,damit,ar to,Selliga,FAMILY_COPY_STRICT,is+nb+nn
data,nn,A2,321,damit,ar to,Selliga,FAMILY_COPY_STRICT,is+nb+nn
data,sq,A2,321,damit,ar to,Bununla,FAMILY_COPY_STRICT,sq+tr
data,tr,A2,321,damit,ar to,Bununla,FAMILY_COPY_STRICT,sq+tr
data,hr,A2,322,danach,pēc tam • pēc tā,Потоа • Потоа,SCRIPT_MISMATCH,
data,hr,A2,322,danach,pēc tam • pēc tā,Потоа • Потоа,MARKER_LEAK,foreign_script
data,it,A2,322,danach,pēc tam • pēc tā,Pēc tam • Pēc tā,SAME_AS_LV_CASEFOLD,casefold_only
data,it,A2,322,danach,pēc tam • pēc tā,Pēc tam • Pēc tā,LV_DIACRITIC,
data,it,A2,322,danach,pēc tam • pēc tā,Pēc tam • Pēc tā,MARKER_LEAK,lv_macron_consonant
data,lb,A2,322,danach,pēc tam • pēc tā,Pēc tam • Pēc tā,SAME_AS_LV_CASEFOLD,casefold_only
data,lb,A2,322,danach,pēc tam • pēc tā,Pēc tam • Pēc tā,LV_DIACRITIC,
data,lb,A2,322,danach,pēc tam • pēc tā,Pēc tam • Pēc tā,MARKER_LEAK,lv_macron_consonant
data,nl,A2,322,danach,pēc tam • pēc tā,Pēc tam • Pēc tā,SAME_AS_LV_CASEFOLD,casefold_only
data,nl,A2,322,danach,pēc tam • pēc tā,Pēc tam • Pēc tā,LV_DIACRITIC,
data,nl,A2,322,danach,pēc tam • pēc tā,Pēc tam • Pēc tā,MARKER_LEAK,lv_macron_consonant
data,pt,A2,322,danach,pēc tam • pēc tā,Pēc tam • Pēc tā,SAME_AS_LV_CASEFOLD,casefold_only
data,pt,A2,322,danach,pēc tam • pēc tā,Pēc tam • Pēc tā,LV_DIACRITIC,
data,pt,A2,322,danach,pēc tam • pēc tā,Pēc tam • Pēc tā,MARKER_LEAK,lv_macron_consonant
data,sl,A2,322,danach,pēc tam • pēc tā,pēc tam • pēc tā,SAME_AS_LV_CASEFOLD,exact
data,sl,A2,322,danach,pēc tam • pēc tā,pēc tam • pēc tā,LV_DIACRITIC,
data,sl,A2,322,danach,pēc tam • pēc tā,pēc tam • pēc tā,MARKER_LEAK,lv_macron_consonant
data,fi,A2,322,danach,pēc tam • pēc tā,Pärast seda • Selle järel,FAMILY_COPY_STRICT,fi+sv
data,sv,A2,322,danach,pēc tam • pēc tā,Pärast seda • Selle järel,FAMILY_COPY_STRICT,fi+sv
data,hr,A2,322,danach,pēc tam • pēc tā,Потоа • Потоа,FAMILY_COPY_STRICT,hr+mk+sr
data,mk,A2,322,danach,pēc tam • pēc tā,Потоа • Потоа,FAMILY_COPY_STRICT,hr+mk+sr
data,sr,A2,322,danach,pēc tam • pēc tā,Потоа • Потоа,FAMILY_COPY_STRICT,hr+mk+sr
data,is,A2,322,danach,pēc tam • pēc tā,Etterpå • Selg etter,FAMILY_COPY_STRICT,is+nb+nn
data,nb,A2,322,danach,pēc tam • pēc tā,Etterpå • Selg etter,FAMILY_COPY_STRICT,is+nb+nn
data,nn,A2,322,danach,pēc tam • pēc tā,Etterpå • Selg etter,FAMILY_COPY_STRICT,is+nb+nn
data,it,A2,322,danach,pēc tam • pēc tā,Pēc tam • Pēc tā,FAMILY_COPY_STRICT,it+lb+nl+pt
data,lb,A2,322,danach,pēc tam • pēc tā,Pēc tam • Pēc tā,FAMILY_COPY_STRICT,it+lb+nl+pt
data,nl,A2,322,danach,pēc tam • pēc tā,Pēc tam • Pēc tā,FAMILY_COPY_STRICT,it+lb+nl+pt
data,pt,A2,322,danach,pēc tam • pēc tā,Pēc tam • Pēc tā,FAMILY_COPY_STRICT,it+lb+nl+pt
data,sq,A2,322,danach,pēc tam • pēc tā,Sonra • Sonra,FAMILY_COPY_STRICT,sq+tr
data,tr,A2,322,danach,pēc tam • pēc tā,Sonra • Sonra,FAMILY_COPY_STRICT,sq+tr
data,hr,A2,323,Dank,pateicība,Благодарност,SCRIPT_MISMATCH,
data,hr,A2,323,Dank,pateicība,Благодарност,MARKER_LEAK,foreign_script
data,lb,A2,323,Dank,pateicība,Pateicība,SAME_AS_LV_CASEFOLD,casefold_only
data,lb,A2,323,Dank,pateicība,Pateicība,LV_DIACRITIC,
data,lb,A2,323,Dank,pateicība,Pateicība,MARKER_LEAK,lv_macron_consonant
data,nl,A2,323,Dank,pateicība,Pateicība,SAME_AS_LV_CASEFOLD,casefold_only
data,nl,A2,323,Dank,pateicība,Pateicība,LV_DIACRITIC,
data,nl,A2,323,Dank,pateicība,Pateicība,MARKER_LEAK,lv_macron_consonant
data,sl,A2,323,Dank,pateicība,pateicība,SAME_AS_LV_CASEFOLD,exact
data,sl,A2,323,Dank,pateicība,pateicība,LV_DIACRITIC,
data,sl,A2,323,Dank,pateicība,pateicība,MARKER_LEAK,lv_macron_consonant
data,sq,A2,323,Dank,pateicība,Minnettarlık,MARKER_LEAK,tr_soft
data,bg,A2,323,Dank,pateicība,Благодарност,FAMILY_COPY_STRICT,bg+hr+mk+sr
data,hr,A2,323,Dank,pateicība,Благодарност,FAMILY_COPY_STRICT,bg+hr+mk+sr
data,mk,A2,323,Dank,pateicība,Благодарност,FAMILY_COPY_STRICT,bg+hr+mk+sr
data,sr,A2,323,Dank,pateicība,Благодарност,FAMILY_COPY_STRICT,bg+hr+mk+sr
data,en,A2,323,Dank,pateicība,Gratitude,FAMILY_COPY_STRICT,en+fr
data,fr,A2,323,Dank,pateicība,Gratitude,FAMILY_COPY_STRICT,en+fr
data,fi,A2,323,Dank,pateicība,Tänu,FAMILY_COPY_STRICT,fi+sv
data,sv,A2,323,Dank,pateicība,Tänu,FAMILY_COPY_STRICT,fi+sv
data,is,A2,323,Dank,pateicība,Takk,FAMILY_COPY_STRICT,is+nb+nn
data,nb,A2,323,Dank,pateicība,Takk,FAMILY_COPY_STRICT,is+nb+nn
data,nn,A2,323,Dank,pateicība,Takk,FAMILY_COPY_STRICT,is+nb+nn
data,it,A2,323,Dank,pateicība,Pateiciba,FAMILY_COPY_STRICT,it+pt
data,pt,A2,323,Dank,pateicība,Pateiciba,FAMILY_COPY_STRICT,it+pt
data,lb,A2,323,Dank,pateicība,Pateicība,FAMILY_COPY_STRICT,lb+nl
data,nl,A2,323,Dank,pateicība,Pateicība,FAMILY_COPY_STRICT,lb+nl
data,sq,A2,323,Dank,pateicība,Minnettarlık,FAMILY_COPY_STRICT,sq+tr
data,tr,A2,323,Dank,pateicība,Minnettarlık,FAMILY_COPY_STRICT,sq+tr
data,hr,A2,324,darauf,uz to • uz tā • pēc tam,На това • На това • След това,SCRIPT_MISMATCH,
data,hr,A2,324,darauf,uz to • uz tā • pēc tam,На това • На това • След това,MARKER_LEAK,foreign_script
data,it,A2,324,darauf,uz to • uz tā • pēc tam,Uz à • Uz tā • Pēc tam,LV_DIACRITIC,
data,it,A2,324,darauf,uz to • uz tā • pēc tam,Uz à • Uz tā • Pēc tam,MARKER_LEAK,lv_macron_consonant
data,lb,A2,324,darauf,uz to • uz tā • pēc tam,Uz to • Uz tā • Pēc tam,SAME_AS_LV_CASEFOLD,casefold_only
data,lb,A2,324,darauf,uz to • uz tā • pēc tam,Uz to • Uz tā • Pēc tam,LV_DIACRITIC,
data,lb,A2,324,darauf,uz to • uz tā • pēc tam,Uz to • Uz tā • Pēc tam,MARKER_LEAK,lv_macron_consonant
data,nl,A2,324,darauf,uz to • uz tā • pēc tam,Uz to • Uz tā • Pēc tam,SAME_AS_LV_CASEFOLD,casefold_only
data,nl,A2,324,darauf,uz to • uz tā • pēc tam,Uz to • Uz tā • Pēc tam,LV_DIACRITIC,
data,nl,A2,324,darauf,uz to • uz tā • pēc tam,Uz to • Uz tā • Pēc tam,MARKER_LEAK,lv_macron_consonant
data,pt,A2,324,darauf,uz to • uz tā • pēc tam,Uz à • Uz tā • Pēc tam,LV_DIACRITIC,
data,pt,A2,324,darauf,uz to • uz tā • pēc tam,Uz à • Uz tā • Pēc tam,MARKER_LEAK,lv_macron_consonant
data,sl,A2,324,darauf,uz to • uz tā • pēc tam,uz to • uz tā • pēc tam,SAME_AS_LV_CASEFOLD,exact
data,sl,A2,324,darauf,uz to • uz tā • pēc tam,uz to • uz tā • pēc tam,LV_DIACRITIC,
data,sl,A2,324,darauf,uz to • uz tā • pēc tam,uz to • uz tā • pēc tam,MARKER_LEAK,lv_macron_consonant
data,bg,A2,324,darauf,uz to • uz tā • pēc tam,На това • На това • След това,FAMILY_COPY_STRICT,bg+hr+mk+sr
data,hr,A2,324,darauf,uz to • uz tā • pēc tam,На това • На това • След това,FAMILY_COPY_STRICT,bg+hr+mk+sr
data,mk,A2,324,darauf,uz to • uz tā • pēc tam,На това • На това • След това,FAMILY_COPY_STRICT,bg+hr+mk+sr
data,sr,A2,324,darauf,uz to • uz tā • pēc tam,На това • На това • След това,FAMILY_COPY_STRICT,bg+hr+mk+sr
data,fi,A2,324,darauf,uz to • uz tā • pēc tam,Sellele • Sellel • Pärast seda,FAMILY_COPY_STRICT,fi+sv
data,sv,A2,324,darauf,uz to • uz tā • pēc tam,Sellele • Sellel • Pärast seda,FAMILY_COPY_STRICT,fi+sv
data,is,A2,324,darauf,uz to • uz tā • pēc tam,Selle • Selle • Etter,FAMILY_COPY_STRICT,is+nb+nn
data,nb,A2,324,darauf,uz to • uz tā • pēc tam,Selle • Selle • Etter,FAMILY_COPY_STRICT,is+nb+nn
data,nn,A2,324,darauf,uz to • uz tā • pēc tam,Selle • Selle • Etter,FAMILY_COPY_STRICT,is+nb+nn
data,it,A2,324,darauf,uz to • uz tā • pēc tam,Uz à • Uz tā • Pēc tam,FAMILY_COPY_STRICT,it+pt
data,pt,A2,324,darauf,uz to • uz tā • pēc tam,Uz à • Uz tā • Pēc tam,FAMILY_COPY_STRICT,it+pt
data,lb,A2,324,darauf,uz to • uz tā • pēc tam,Uz to • Uz tā • Pēc tam,FAMILY_COPY_STRICT,lb+nl
data,nl,A2,324,darauf,uz to • uz tā • pēc tam,Uz to • Uz tā • Pēc tam,FAMILY_COPY_STRICT,lb+nl
data,sq,A2,324,darauf,uz to • uz tā • pēc tam,Bu konuda • Bu konuda • Sonra,FAMILY_COPY_STRICT,sq+tr
data,tr,A2,324,darauf,uz to • uz tā • pēc tam,Bu konuda • Bu konuda • Sonra,FAMILY_COPY_STRICT,sq+tr
data,hr,A2,325,darüber,par to,Относно това,SCRIPT_MISMATCH,
data,hr,A2,325,darüber,par to,Относно това,MARKER_LEAK,foreign_script
data,lb,A2,325,darüber,par to,Par to,SAME_AS_LV_CASEFOLD,casefold_only
data,nl,A2,325,darüber,par to,Par to,SAME_AS_LV_CASEFOLD,casefold_only
data,sl,A2,325,darüber,par to,par to,SAME_AS_LV_CASEFOLD,exact
data,bg,A2,325,darüber,par to,Относно това,FAMILY_COPY_STRICT,bg+hr+mk+sr
data,hr,A2,325,darüber,par to,Относно това,FAMILY_COPY_STRICT,bg+hr+mk+sr
data,mk,A2,325,darüber,par to,Относно това,FAMILY_COPY_STRICT,bg+hr+mk+sr
data,sr,A2,325,darüber,par to,Относно това,FAMILY_COPY_STRICT,bg+hr+mk+sr
data,fi,A2,325,darüber,par to,Selle eest,FAMILY_COPY_STRICT,fi+is+nb+nn+sv
data,is,A2,325,darüber,par to,Selle eest,FAMILY_COPY_STRICT,fi+is+nb+nn+sv
data,nb,A2,325,darüber,par to,Selle eest,FAMILY_COPY_STRICT,fi+is+nb+nn+sv
data,nn,A2,325,darüber,par to,Selle eest,FAMILY_COPY_STRICT,fi+is+nb+nn+sv
data,sv,A2,325,darüber,par to,Selle eest,FAMILY_COPY_STRICT,fi+is+nb+nn+sv
data,lb,A2,325,darüber,par to,Par to,FAMILY_COPY_STRICT,lb+nl
data,nl,A2,325,darüber,par to,Par to,FAMILY_COPY_STRICT,lb+nl
data,sq,A2,325,darüber,par to,Bu konuda,FAMILY_COPY_STRICT,sq+tr
data,tr,A2,325,darüber,par to,Bu konuda,FAMILY_COPY_STRICT,sq+tr
data,hr,A2,326,darum,tāpēc,Ето защо,SCRIPT_MISMATCH,
data,hr,A2,326,darum,tāpēc,Ето защо,MARKER_LEAK,foreign_script
data,nl,A2,326,darum,tāpēc,Tāpēc,SAME_AS_LV_CASEFOLD,casefold_only
data,nl,A2,326,darum,tāpēc,Tāpēc,LV_DIACRITIC,
data,nl,A2,326,darum,tāpēc,Tāpēc,MARKER_LEAK,lv_macron_consonant
data,sl,A2,326,darum,tāpēc,tāpēc,SAME_AS_LV_CASEFOLD,exact
data,sl,A2,326,darum,tāpēc,tāpēc,LV_DIACRITIC,
data,sl,A2,326,darum,tāpēc,tāpēc,MARKER_LEAK,lv_macron_consonant
data,bg,A2,326,darum,tāpēc,Ето защо,FAMILY_COPY_STRICT,bg+hr+mk+sr
data,hr,A2,326,darum,tāpēc,Ето защо,FAMILY_COPY_STRICT,bg+hr+mk+sr
data,mk,A2,326,darum,tāpēc,Ето защо,FAMILY_COPY_STRICT,bg+hr+mk+sr
data,sr,A2,326,darum,tāpēc,Ето защо,FAMILY_COPY_STRICT,bg+hr+mk+sr
data,da,A2,326,darum,tāpēc,Derfor,FAMILY_COPY_STRICT,da+is+nb+nn
data,is,A2,326,darum,tāpēc,Derfor,FAMILY_COPY_STRICT,da+is+nb+nn
data,nb,A2,326,darum,tāpēc,Derfor,FAMILY_COPY_STRICT,da+is+nb+nn
data,nn,A2,326,darum,tāpēc,Derfor,FAMILY_COPY_STRICT,da+is+nb+nn
data,fi,A2,326,darum,tāpēc,Seepärast,FAMILY_COPY_STRICT,fi+sv
data,sv,A2,326,darum,tāpēc,Seepärast,FAMILY_COPY_STRICT,fi+sv
data,it,A2,326,darum,tāpēc,Tapec,FAMILY_COPY_STRICT,it+pt
data,pt,A2,326,darum,tāpēc,Tapec,FAMILY_COPY_STRICT,it+pt
data,hr,A2,327,dauern,ilgt • turpināties,Последно • Продължи,SCRIPT_MISMATCH,
data,hr,A2,327,dauern,ilgt • turpināties,Последно • Продължи,MARKER_LEAK,foreign_script
data,lb,A2,327,dauern,ilgt • turpināties,Ilgt • Turpināties,SAME_AS_LV_CASEFOLD,casefold_only
data,lb,A2,327,dauern,ilgt • turpināties,Ilgt • Turpināties,LV_DIACRITIC,
data,lb,A2,327,dauern,ilgt • turpināties,Ilgt • Turpināties,MARKER_LEAK,lv_macron_consonant
data,nl,A2,327,dauern,ilgt • turpināties,Ilgt • Turpināties,SAME_AS_LV_CASEFOLD,casefold_only
data,nl,A2,327,dauern,ilgt • turpināties,Ilgt • Turpināties,LV_DIACRITIC,
data,nl,A2,327,dauern,ilgt • turpināties,Ilgt • Turpināties,MARKER_LEAK,lv_macron_consonant
data,sl,A2,327,dauern,ilgt • turpināties,ilgt • turpināties,SAME_AS_LV_CASEFOLD,exact
data,sl,A2,327,dauern,ilgt • turpināties,ilgt • turpināties,LV_DIACRITIC,
data,sl,A2,327,dauern,ilgt • turpināties,ilgt • turpināties,MARKER_LEAK,lv_macron_consonant
data,bg,A2,327,dauern,ilgt • turpināties,Последно • Продължи,FAMILY_COPY_STRICT,bg+hr+mk+sr
data,hr,A2,327,dauern,ilgt • turpināties,Последно • Продължи,FAMILY_COPY_STRICT,bg+hr+mk+sr
data,mk,A2,327,dauern,ilgt • turpināties,Последно • Продължи,FAMILY_COPY_STRICT,bg+hr+mk+sr
data,sr,A2,327,dauern,ilgt • turpināties,Последно • Продължи,FAMILY_COPY_STRICT,bg+hr+mk+sr
data,fi,A2,327,dauern,ilgt • turpināties,Kestma • Jätkuma,FAMILY_COPY_STRICT,fi+is+nb+nn+sv
data,is,A2,327,dauern,ilgt • turpināties,Kestma • Jätkuma,FAMILY_COPY_STRICT,fi+is+nb+nn+sv
data,nb,A2,327,dauern,ilgt • turpināties,Kestma • Jätkuma,FAMILY_COPY_STRICT,fi+is+nb+nn+sv
data,nn,A2,327,dauern,ilgt • turpināties,Kestma • Jätkuma,FAMILY_COPY_STRICT,fi+is+nb+nn+sv
data,sv,A2,327,dauern,ilgt • turpināties,Kestma • Jätkuma,FAMILY_COPY_STRICT,fi+is+nb+nn+sv
data,lb,A2,327,dauern,ilgt • turpināties,Ilgt • Turpināties,FAMILY_COPY_STRICT,lb+nl
data,nl,A2,327,dauern,ilgt • turpināties,Ilgt • Turpināties,FAMILY_COPY_STRICT,lb+nl
data,sq,A2,327,dauern,ilgt • turpināties,Devam et • Devam et,FAMILY_COPY_STRICT,sq+tr
data,tr,A2,327,dauern,ilgt • turpināties,Devam et • Devam et,FAMILY_COPY_STRICT,sq+tr
data,hr,A2,328,davon,no tā • par to,За това • За това,SCRIPT_MISMATCH,
data,hr,A2,328,davon,no tā • par to,За това • За това,MARKER_LEAK,foreign_script
data,it,A2,328,davon,no tā • par to,No tā • Da a,LV_DIACRITIC,
data,it,A2,328,davon,no tā • par to,No tā • Da a,MARKER_LEAK,lv_macron_consonant
data,lb,A2,328,davon,no tā • par to,No tā • Par to,SAME_AS_LV_CASEFOLD,casefold_only
data,lb,A2,328,davon,no tā • par to,No tā • Par to,LV_DIACRITIC,
data,lb,A2,328,davon,no tā • par to,No tā • Par to,MARKER_LEAK,lv_macron_consonant
data,nl,A2,328,davon,no tā • par to,No tā • Par to,SAME_AS_LV_CASEFOLD,casefold_only
data,nl,A2,328,davon,no tā • par to,No tā • Par to,LV_DIACRITIC,
data,nl,A2,328,davon,no tā • par to,No tā • Par to,MARKER_LEAK,lv_macron_consonant
data,pt,A2,328,davon,no tā • par to,Não tā • De para,LV_DIACRITIC,
data,pt,A2,328,davon,no tā • par to,Não tā • De para,MARKER_LEAK,lv_macron_consonant
data,sl,A2,328,davon,no tā • par to,no tā • par to,SAME_AS_LV_CASEFOLD,exact
data,sl,A2,328,davon,no tā • par to,no tā • par to,LV_DIACRITIC,
data,sl,A2,328,davon,no tā • par to,no tā • par to,MARKER_LEAK,lv_macron_consonant
data,sq,A2,328,davon,no tā • par to,Bunun hakkında • Bunun hakkında,MARKER_LEAK,tr_soft
data,uk,A2,328,davon,no tā • par to,of it • про це,SCRIPT_MISMATCH,
data,uk,A2,328,davon,no tā • par to,of it • про це,MARKER_LEAK,latin_in_cyrillic
data,bg,A2,328,davon,no tā • par to,За това • За това,FAMILY_COPY_STRICT,bg+hr+mk+sr
data,hr,A2,328,davon,no tā • par to,За това • За това,FAMILY_COPY_STRICT,bg+hr+mk+sr
data,mk,A2,328,davon,no tā • par to,За това • За това,FAMILY_COPY_STRICT,bg+hr+mk+sr
data,sr,A2,328,davon,no tā • par to,За това • За това,FAMILY_COPY_STRICT,bg+hr+mk+sr
data,fi,A2,328,davon,no tā • par to,Sellest • Selle kohta,FAMILY_COPY_STRICT,fi+sv
data,sv,A2,328,davon,no tā • par to,Sellest • Selle kohta,FAMILY_COPY_STRICT,fi+sv
data,is,A2,328,davon,no tā • par to,Sellet • Selle kohta,FAMILY_COPY_STRICT,is+nb+nn
data,nb,A2,328,davon,no tā • par to,Sellet • Selle kohta,FAMILY_COPY_STRICT,is+nb+nn
data,nn,A2,328,davon,no tā • par to,Sellet • Selle kohta,FAMILY_COPY_STRICT,is+nb+nn
data,lb,A2,328,davon,no tā • par to,No tā • Par to,FAMILY_COPY_STRICT,lb+nl
data,nl,A2,328,davon,no tā • par to,No tā • Par to,FAMILY_COPY_STRICT,lb+nl
data,sq,A2,328,davon,no tā • par to,Bunun hakkında • Bunun hakkında,FAMILY_COPY_STRICT,sq+tr
data,tr,A2,328,davon,no tā • par to,Bunun hakkında • Bunun hakkında,FAMILY_COPY_STRICT,sq+tr
data,hr,A2,329,davor,priekšā,Преден,SCRIPT_MISMATCH,
data,hr,A2,329,davor,priekšā,Преден,MARKER_LEAK,foreign_script
data,lb,A2,329,davor,priekšā,Priekšā,SAME_AS_LV_CASEFOLD,casefold_only
data,lb,A2,329,davor,priekšā,Priekšā,LV_DIACRITIC,
data,lb,A2,329,davor,priekšā,Priekšā,MARKER_LEAK,lv_macron_consonant
data,nl,A2,329,davor,priekšā,Priekšā,SAME_AS_LV_CASEFOLD,casefold_only
data,nl,A2,329,davor,priekšā,Priekšā,LV_DIACRITIC,
data,nl,A2,329,davor,priekšā,Priekšā,MARKER_LEAK,lv_macron_consonant
data,sl,A2,329,davor,priekšā,priekšā,SAME_AS_LV_CASEFOLD,exact
data,sl,A2,329,davor,priekšā,priekšā,LV_DIACRITIC,
data,sl,A2,329,davor,priekšā,priekšā,MARKER_LEAK,lv_macron_consonant
data,bg,A2,329,davor,priekšā,Преден,FAMILY_COPY_STRICT,bg+hr+mk+sr
data,hr,A2,329,davor,priekšā,Преден,FAMILY_COPY_STRICT,bg+hr+mk+sr
data,mk,A2,329,davor,priekšā,Преден,FAMILY_COPY_STRICT,bg+hr+mk+sr
data,sr,A2,329,davor,priekšā,Преден,FAMILY_COPY_STRICT,bg+hr+mk+sr
data,fi,A2,329,davor,priekšā,Ees,FAMILY_COPY_STRICT,fi+is+nb+nn+sv
data,is,A2,329,davor,priekšā,Ees,FAMILY_COPY_STRICT,fi+is+nb+nn+sv
data,nb,A2,329,davor,priekšā,Ees,FAMILY_COPY_STRICT,fi+is+nb+nn+sv
data,nn,A2,329,davor,priekšā,Ees,FAMILY_COPY_STRICT,fi+is+nb+nn+sv
data,sv,A2,329,davor,priekšā,Ees,FAMILY_COPY_STRICT,fi+is+nb+nn+sv
data,it,A2,329,davor,priekšā,Prieksha,FAMILY_COPY_STRICT,it+pt
data,pt,A2,329,davor,priekšā,Prieksha,FAMILY_COPY_STRICT,it+pt
data,lb,A2,329,davor,priekšā,Priekšā,FAMILY_COPY_STRICT,lb+nl
data,nl,A2,329,davor,priekšā,Priekšā,FAMILY_COPY_STRICT,lb+nl
data,hr,A2,330,dazu,tam,За това,SCRIPT_MISMATCH,
data,hr,A2,330,dazu,tam,За това,MARKER_LEAK,foreign_script
data,it,A2,330,dazu,tam,Tam,SAME_AS_LV_CASEFOLD,casefold_only
data,lb,A2,330,dazu,tam,Tam,SAME_AS_LV_CASEFOLD,casefold_only
data,lt,A2,330,dazu,tam,tam,SAME_AS_LV_CASEFOLD,exact
data,nl,A2,330,dazu,tam,Tam,SAME_AS_LV_CASEFOLD,casefold_only
data,pt,A2,330,dazu,tam,Tam,SAME_AS_LV_CASEFOLD,casefold_only
data,sl,A2,330,dazu,tam,tam,SAME_AS_LV_CASEFOLD,exact
data,bg,A2,330,dazu,tam,За това,FAMILY_COPY_STRICT,bg+hr+mk+sr
data,hr,A2,330,dazu,tam,За това,FAMILY_COPY_STRICT,bg+hr+mk+sr
data,mk,A2,330,dazu,tam,За това,FAMILY_COPY_STRICT,bg+hr+mk+sr
data,sr,A2,330,dazu,tam,За това,FAMILY_COPY_STRICT,bg+hr+mk+sr
data,fi,A2,330,dazu,tam,Selleks,FAMILY_COPY_STRICT,fi+sv
data,sv,A2,330,dazu,tam,Selleks,FAMILY_COPY_STRICT,fi+sv
data,is,A2,330,dazu,tam,Å selge,FAMILY_COPY_STRICT,is+nb+nn
data,nb,A2,330,dazu,tam,Å selge,FAMILY_COPY_STRICT,is+nb+nn
data,nn,A2,330,dazu,tam,Å selge,FAMILY_COPY_STRICT,is+nb+nn
data,it,A2,330,dazu,tam,Tam,FAMILY_COPY_STRICT,it+lb+nl+pt
data,lb,A2,330,dazu,tam,Tam,FAMILY_COPY_STRICT,it+lb+nl+pt
data,nl,A2,330,dazu,tam,Tam,FAMILY_COPY_STRICT,it+lb+nl+pt
data,pt,A2,330,dazu,tam,Tam,FAMILY_COPY_STRICT,it+lb+nl+pt
data,pl,A2,330,dazu,tam,Za to,FAMILY_COPY_STRICT,pl+sq+tr
data,sq,A2,330,dazu,tam,Za to,FAMILY_COPY_STRICT,pl+sq+tr
data,tr,A2,330,dazu,tam,Za to,FAMILY_COPY_STRICT,pl+sq+tr
data,hr,A2,331,Decke,sega,Одеяло,SCRIPT_MISMATCH,
data,hr,A2,331,Decke,sega,Одеяло,MARKER_LEAK,foreign_script
data,lb,A2,331,Decke,sega,Sega,SAME_AS_LV_CASEFOLD,casefold_only
data,nl,A2,331,Decke,sega,Sega,SAME_AS_LV_CASEFOLD,casefold_only
data,sl,A2,331,Decke,sega,sega,SAME_AS_LV_CASEFOLD,exact
data,bg,A2,331,Decke,sega,Одеяло,FAMILY_COPY_STRICT,bg+hr+mk+ru+sr
data,hr,A2,331,Decke,sega,Одеяло,FAMILY_COPY_STRICT,bg+hr+mk+ru+sr
data,mk,A2,331,Decke,sega,Одеяло,FAMILY_COPY_STRICT,bg+hr+mk+ru+sr
data,ru,A2,331,Decke,sega,Одеяло,FAMILY_COPY_STRICT,bg+hr+mk+ru+sr
data,sr,A2,331,Decke,sega,Одеяло,FAMILY_COPY_STRICT,bg+hr+mk+ru+sr
data,cs,A2,331,Decke,sega,Deka,FAMILY_COPY_STRICT,cs+sk
data,sk,A2,331,Decke,sega,Deka,FAMILY_COPY_STRICT,cs+sk
data,fi,A2,331,Decke,sega,Tekk,FAMILY_COPY_STRICT,fi+sv
data,sv,A2,331,Decke,sega,Tekk,FAMILY_COPY_STRICT,fi+sv
data,is,A2,331,Decke,sega,Teak,FAMILY_COPY_STRICT,is+nb+nn
data,nb,A2,331,Decke,sega,Teak,FAMILY_COPY_STRICT,is+nb+nn
data,nn,A2,331,Decke,sega,Teak,FAMILY_COPY_STRICT,is+nb+nn
data,lb,A2,331,Decke,sega,Sega,FAMILY_COPY_STRICT,lb+nl
data,nl,A2,331,Decke,sega,Sega,FAMILY_COPY_STRICT,lb+nl
data,sq,A2,331,Decke,sega,Battaniye,FAMILY_COPY_STRICT,sq+tr
data,tr,A2,331,Decke,sega,Battaniye,FAMILY_COPY_STRICT,sq+tr
data,hr,A2,332,Deckel,vāks,Капак,SCRIPT_MISMATCH,
data,hr,A2,332,Deckel,vāks,Капак,MARKER_LEAK,foreign_script
data,lb,A2,332,Deckel,vāks,Vāks,SAME_AS_LV_CASEFOLD,casefold_only
data,lb,A2,332,Deckel,vāks,Vāks,LV_DIACRITIC,
data,lb,A2,332,Deckel,vāks,Vāks,MARKER_LEAK,lv_macron_consonant
data,nl,A2,332,Deckel,vāks,Vāks,SAME_AS_LV_CASEFOLD,casefold_only
data,nl,A2,332,Deckel,vāks,Vāks,LV_DIACRITIC,
data,nl,A2,332,Deckel,vāks,Vāks,MARKER_LEAK,lv_macron_consonant
data,sl,A2,332,Deckel,vāks,vāks,SAME_AS_LV_CASEFOLD,exact
data,sl,A2,332,Deckel,vāks,vāks,LV_DIACRITIC,
data,sl,A2,332,Deckel,vāks,vāks,MARKER_LEAK,lv_macron_consonant
data,bg,A2,332,Deckel,vāks,Капак,FAMILY_COPY_STRICT,bg+hr+mk+sr
data,hr,A2,332,Deckel,vāks,Капак,FAMILY_COPY_STRICT,bg+hr+mk+sr
data,mk,A2,332,Deckel,vāks,Капак,FAMILY_COPY_STRICT,bg+hr+mk+sr
data,sr,A2,332,Deckel,vāks,Капак,FAMILY_COPY_STRICT,bg+hr+mk+sr
data,fi,A2,332,Deckel,vāks,Kaas,FAMILY_COPY_STRICT,fi+sv
data,sv,A2,332,Deckel,vāks,Kaas,FAMILY_COPY_STRICT,fi+sv
data,is,A2,332,Deckel,vāks,Ost,FAMILY_COPY_STRICT,is+nb+nn
data,nb,A2,332,Deckel,vāks,Ost,FAMILY_COPY_STRICT,is+nb+nn
data,nn,A2,332,Deckel,vāks,Ost,FAMILY_COPY_STRICT,is+nb+nn
data,it,A2,332,Deckel,vāks,Vaks,FAMILY_COPY_STRICT,it+pt
data,pt,A2,332,Deckel,vāks,Vaks,FAMILY_COPY_STRICT,it+pt
data,lb,A2,332,Deckel,vāks,Vāks,FAMILY_COPY_STRICT,lb+nl
data,nl,A2,332,Deckel,vāks,Vāks,FAMILY_COPY_STRICT,lb+nl
data,pl,A2,332,Deckel,vāks,Pokrywa,FAMILY_COPY_STRICT,pl+sq+tr
data,sq,A2,332,Deckel,vāks,Pokrywa,FAMILY_COPY_STRICT,pl+sq+tr
data,tr,A2,332,Deckel,vāks,Pokrywa,FAMILY_COPY_STRICT,pl+sq+tr
data,hr,A2,333,demnächst,drīzumā,Скоро,SCRIPT_MISMATCH,
data,hr,A2,333,demnächst,drīzumā,Скоро,MARKER_LEAK,foreign_script
data,nl,A2,333,demnächst,drīzumā,Drīzumā,SAME_AS_LV_CASEFOLD,casefold_only
data,nl,A2,333,demnächst,drīzumā,Drīzumā,LV_DIACRITIC,
data,nl,A2,333,demnächst,drīzumā,Drīzumā,MARKER_LEAK,lv_macron_consonant
data,sl,A2,333,demnächst,drīzumā,drīzumā,SAME_AS_LV_CASEFOLD,exact
data,sl,A2,333,demnächst,drīzumā,drīzumā,LV_DIACRITIC,
data,sl,A2,333,demnächst,drīzumā,drīzumā,MARKER_LEAK,lv_macron_consonant
data,bg,A2,333,demnächst,drīzumā,Скоро,FAMILY_COPY_STRICT,bg+hr+mk+ru+sr
data,hr,A2,333,demnächst,drīzumā,Скоро,FAMILY_COPY_STRICT,bg+hr+mk+ru+sr
data,mk,A2,333,demnächst,drīzumā,Скоро,FAMILY_COPY_STRICT,bg+hr+mk+ru+sr
data,ru,A2,333,demnächst,drīzumā,Скоро,FAMILY_COPY_STRICT,bg+hr+mk+ru+sr
data,sr,A2,333,demnächst,drīzumā,Скоро,FAMILY_COPY_STRICT,bg+hr+mk+ru+sr
data,fi,A2,333,demnächst,drīzumā,Lähiajal,FAMILY_COPY_STRICT,fi+is+nb+nn+sv
data,is,A2,333,demnächst,drīzumā,Lähiajal,FAMILY_COPY_STRICT,fi+is+nb+nn+sv
data,nb,A2,333,demnächst,drīzumā,Lähiajal,FAMILY_COPY_STRICT,fi+is+nb+nn+sv
data,nn,A2,333,demnächst,drīzumā,Lähiajal,FAMILY_COPY_STRICT,fi+is+nb+nn+sv
data,sv,A2,333,demnächst,drīzumā,Lähiajal,FAMILY_COPY_STRICT,fi+is+nb+nn+sv
data,it,A2,333,demnächst,drīzumā,Drizuma,FAMILY_COPY_STRICT,it+pt
data,pt,A2,333,demnächst,drīzumā,Drizuma,FAMILY_COPY_STRICT,it+pt
data,hr,A2,334,denn,jo,Защото,SCRIPT_MISMATCH,
data,hr,A2,334,denn,jo,Защото,MARKER_LEAK,foreign_script
data,lb,A2,334,denn,jo,Jo,SAME_AS_LV_CASEFOLD,casefold_only
data,nl,A2,334,denn,jo,Jo,SAME_AS_LV_CASEFOLD,casefold_only
data,sl,A2,334,denn,jo,jo,SAME_AS_LV_CASEFOLD,exact
data,bg,A2,334,denn,jo,Защото,FAMILY_COPY_STRICT,bg+hr+mk+sr
data,hr,A2,334,denn,jo,Защото,FAMILY_COPY_STRICT,bg+hr+mk+sr
data,mk,A2,334,denn,jo,Защото,FAMILY_COPY_STRICT,bg+hr+mk+sr
data,sr,A2,334,denn,jo,Защото,FAMILY_COPY_STRICT,bg+hr+mk+sr
data,fi,A2,334,denn,jo,Sest,FAMILY_COPY_STRICT,fi+sv
data,sv,A2,334,denn,jo,Sest,FAMILY_COPY_STRICT,fi+sv
data,is,A2,334,denn,jo,Siste,FAMILY_COPY_STRICT,is+nb+nn
data,nb,A2,334,denn,jo,Siste,FAMILY_COPY_STRICT,is+nb+nn
data,nn,A2,334,denn,jo,Siste,FAMILY_COPY_STRICT,is+nb+nn
data,lb,A2,334,denn,jo,Jo,FAMILY_COPY_STRICT,lb+nl
data,nl,A2,334,denn,jo,Jo,FAMILY_COPY_STRICT,lb+nl
data,hr,A2,335,Deo,dezodorants,Дезодорант,SCRIPT_MISMATCH,
data,hr,A2,335,Deo,dezodorants,Дезодорант,MARKER_LEAK,foreign_script
data,lb,A2,335,Deo,dezodorants,Dezodorants,SAME_AS_LV_CASEFOLD,casefold_only
data,nl,A2,335,Deo,dezodorants,Dezodorants,SAME_AS_LV_CASEFOLD,casefold_only
data,sl,A2,335,Deo,dezodorants,dezodorants,SAME_AS_LV_CASEFOLD,exact
data,bg,A2,335,Deo,dezodorants,Дезодорант,FAMILY_COPY_STRICT,bg+hr+mk+ru+sr
data,hr,A2,335,Deo,dezodorants,Дезодорант,FAMILY_COPY_STRICT,bg+hr+mk+ru+sr
data,mk,A2,335,Deo,dezodorants,Дезодорант,FAMILY_COPY_STRICT,bg+hr+mk+ru+sr
data,ru,A2,335,Deo,dezodorants,Дезодорант,FAMILY_COPY_STRICT,bg+hr+mk+ru+sr
data,sr,A2,335,Deo,dezodorants,Дезодорант,FAMILY_COPY_STRICT,bg+hr+mk+ru+sr
data,lb,A2,335,Deo,dezodorants,Dezodorants,FAMILY_COPY_STRICT,lb+nl
data,nl,A2,335,Deo,dezodorants,Dezodorants,FAMILY_COPY_STRICT,lb+nl
data,pl,A2,335,Deo,dezodorants,Dezodorant,FAMILY_COPY_STRICT,pl+sk
data,sk,A2,335,Deo,dezodorants,Dezodorant,FAMILY_COPY_STRICT,pl+sk
data,bs,A2,336,Paprika,paprika,paprika,SAME_AS_LV_CASEFOLD,exact
data,cs,A2,336,Paprika,paprika,Paprika,SAME_AS_LV_CASEFOLD,casefold_only
data,da,A2,336,Paprika,paprika,Paprika,SAME_AS_LV_CASEFOLD,casefold_only
data,en,A2,336,Paprika,paprika,Paprika,SAME_AS_LV_CASEFOLD,casefold_only
data,es,A2,336,Paprika,paprika,paprika,SAME_AS_LV_CASEFOLD,exact
data,et,A2,336,Paprika,paprika,paprika,SAME_AS_LV_CASEFOLD,exact
data,fi,A2,336,Paprika,paprika,Paprika,SAME_AS_LV_CASEFOLD,casefold_only
data,fr,A2,336,Paprika,paprika,Paprika,SAME_AS_LV_CASEFOLD,casefold_only
data,hr,A2,336,Paprika,paprika,Червен пипер,SCRIPT_MISMATCH,
data,hr,A2,336,Paprika,paprika,Червен пипер,MARKER_LEAK,foreign_script
data,hu,A2,336,Paprika,paprika,Paprika,SAME_AS_LV_CASEFOLD,casefold_only
data,lb,A2,336,Paprika,paprika,Paprika,SAME_AS_LV_CASEFOLD,casefold_only
data,lt,A2,336,Paprika,paprika,paprika,SAME_AS_LV_CASEFOLD,exact
data,nl,A2,336,Paprika,paprika,Paprika,SAME_AS_LV_CASEFOLD,casefold_only
data,ro,A2,336,Paprika,paprika,Paprika,SAME_AS_LV_CASEFOLD,casefold_only
data,sk,A2,336,Paprika,paprika,Paprika,SAME_AS_LV_CASEFOLD,casefold_only
data,sl,A2,336,Paprika,paprika,paprika,SAME_AS_LV_CASEFOLD,exact
data,sv,A2,336,Paprika,paprika,Paprika,SAME_AS_LV_CASEFOLD,casefold_only
data,uk,A2,336,Paprika,paprika,paprika,SAME_AS_LV_CASEFOLD,exact
data,uk,A2,336,Paprika,paprika,paprika,SCRIPT_MISMATCH,
data,uk,A2,336,Paprika,paprika,paprika,MARKER_LEAK,latin_in_cyrillic
data,bg,A2,336,Paprika,paprika,Червен пипер,FAMILY_COPY_STRICT,bg+hr+mk+sr
data,hr,A2,336,Paprika,paprika,Червен пипер,FAMILY_COPY_STRICT,bg+hr+mk+sr
data,mk,A2,336,Paprika,paprika,Червен пипер,FAMILY_COPY_STRICT,bg+hr+mk+sr
data,sr,A2,336,Paprika,paprika,Червен пипер,FAMILY_COPY_STRICT,bg+hr+mk+sr
data,is,A2,336,Paprika,paprika,Pepper,FAMILY_COPY_STRICT,is+nb+nn
data,nb,A2,336,Paprika,paprika,Pepper,FAMILY_COPY_STRICT,is+nb+nn
data,nn,A2,336,Paprika,paprika,Pepper,FAMILY_COPY_STRICT,is+nb+nn
data,sq,A2,336,Paprika,paprika,Biber,FAMILY_COPY_STRICT,sq+tr
data,tr,A2,336,Paprika,paprika,Biber,FAMILY_COPY_STRICT,sq+tr
data,sl,A2,337,Jugendliche,jaunietis,jaunietis,SAME_AS_LV_CASEFOLD,exact
data,sr,A2,337,Jugendliche,jaunietis,Mlada oseba,SCRIPT_MISMATCH,sr_as_cyrillic
data,sr,A2,337,Jugendliche,jaunietis,Mlada oseba,MARKER_LEAK,latin_in_cyrillic
data,fi,A2,337,Jugendliche,jaunietis,Nooruk,FAMILY_COPY_STRICT,fi+is+nb+nn+sv
data,is,A2,337,Jugendliche,jaunietis,Nooruk,FAMILY_COPY_STRICT,fi+is+nb+nn+sv
data,nb,A2,337,Jugendliche,jaunietis,Nooruk,FAMILY_COPY_STRICT,fi+is+nb+nn+sv
data,nn,A2,337,Jugendliche,jaunietis,Nooruk,FAMILY_COPY_STRICT,fi+is+nb+nn+sv
data,sv,A2,337,Jugendliche,jaunietis,Nooruk,FAMILY_COPY_STRICT,fi+is+nb+nn+sv
data,fr,A2,337,Jugendliche,jaunietis,Jeune homme,FAMILY_COPY_STRICT,fr+it
data,it,A2,337,Jugendliche,jaunietis,Jeune homme,FAMILY_COPY_STRICT,fr+it
data,hr,A2,337,Jugendliche,jaunietis,Mlada oseba,FAMILY_COPY_STRICT,hr+sr
data,sr,A2,337,Jugendliche,jaunietis,Mlada oseba,FAMILY_COPY_STRICT,hr+sr
data,lb,A2,337,Jugendliche,jaunietis,Jonge man,FAMILY_COPY_STRICT,lb+nl
data,nl,A2,337,Jugendliche,jaunietis,Jonge man,FAMILY_COPY_STRICT,lb+nl
data,fi,A2,338,deshalb,tāpēc • tādēļ,Seepärast • Seetõttu,MARKER_LEAK,et_otilde
data,hr,A2,338,deshalb,tāpēc • tādēļ,Следователно • Следователно,SCRIPT_MISMATCH,
data,hr,A2,338,deshalb,tāpēc • tādēļ,Следователно • Следователно,MARKER_LEAK,foreign_script
data,it,A2,338,deshalb,tāpēc • tādēļ,Tāpēc • Tādēų,LV_DIACRITIC,
data,it,A2,338,deshalb,tāpēc • tādēļ,Tāpēc • Tādēų,MARKER_LEAK,lv_macron_consonant
data,lb,A2,338,deshalb,tāpēc • tādēļ,Tāpēc • Tādēļ,SAME_AS_LV_CASEFOLD,casefold_only
data,lb,A2,338,deshalb,tāpēc • tādēļ,Tāpēc • Tādēļ,LV_DIACRITIC,
data,lb,A2,338,deshalb,tāpēc • tādēļ,Tāpēc • Tādēļ,MARKER_LEAK,lv_macron_consonant
data,nl,A2,338,deshalb,tāpēc • tādēļ,Tāpēc • Tādēļ,SAME_AS_LV_CASEFOLD,casefold_only
data,nl,A2,338,deshalb,tāpēc • tādēļ,Tāpēc • Tādēļ,LV_DIACRITIC,
data,nl,A2,338,deshalb,tāpēc • tādēļ,Tāpēc • Tādēļ,MARKER_LEAK,lv_macron_consonant
data,pt,A2,338,deshalb,tāpēc • tādēļ,Tāpēc • Tādēų,LV_DIACRITIC,
data,pt,A2,338,deshalb,tāpēc • tādēļ,Tāpēc • Tādēų,MARKER_LEAK,lv_macron_consonant
data,sl,A2,338,deshalb,tāpēc • tādēļ,tāpēc • tādēļ,SAME_AS_LV_CASEFOLD,exact
data,sl,A2,338,deshalb,tāpēc • tādēļ,tāpēc • tādēļ,LV_DIACRITIC,
data,sl,A2,338,deshalb,tāpēc • tādēļ,tāpēc • tādēļ,MARKER_LEAK,lv_macron_consonant
data,sv,A2,338,deshalb,tāpēc • tādēļ,Seepärast • Seetõttu,MARKER_LEAK,et_otilde
data,bg,A2,338,deshalb,tāpēc • tādēļ,Следователно • Следователно,FAMILY_COPY_STRICT,bg+hr+mk+sr
data,hr,A2,338,deshalb,tāpēc • tādēļ,Следователно • Следователно,FAMILY_COPY_STRICT,bg+hr+mk+sr
data,mk,A2,338,deshalb,tāpēc • tādēļ,Следователно • Следователно,FAMILY_COPY_STRICT,bg+hr+mk+sr
data,sr,A2,338,deshalb,tāpēc • tādēļ,Следователно • Следователно,FAMILY_COPY_STRICT,bg+hr+mk+sr
data,da,A2,338,deshalb,tāpēc • tādēļ,Derfor • Derfor,FAMILY_COPY_STRICT,da+is+nb+nn
data,is,A2,338,deshalb,tāpēc • tādēļ,Derfor • Derfor,FAMILY_COPY_STRICT,da+is+nb+nn
data,nb,A2,338,deshalb,tāpēc • tādēļ,Derfor • Derfor,FAMILY_COPY_STRICT,da+is+nb+nn
data,nn,A2,338,deshalb,tāpēc • tādēļ,Derfor • Derfor,FAMILY_COPY_STRICT,da+is+nb+nn
data,fi,A2,338,deshalb,tāpēc • tādēļ,Seepärast • Seetõttu,FAMILY_COPY_STRICT,fi+sv
data,sv,A2,338,deshalb,tāpēc • tādēļ,Seepärast • Seetõttu,FAMILY_COPY_STRICT,fi+sv
data,it,A2,338,deshalb,tāpēc • tādēļ,Tāpēc • Tādēų,FAMILY_COPY_STRICT,it+pt
data,pt,A2,338,deshalb,tāpēc • tādēļ,Tāpēc • Tādēų,FAMILY_COPY_STRICT,it+pt
data,lb,A2,338,deshalb,tāpēc • tādēļ,Tāpēc • Tādēļ,FAMILY_COPY_STRICT,lb+nl
data,nl,A2,338,deshalb,tāpēc • tādēļ,Tāpēc • Tādēļ,FAMILY_COPY_STRICT,lb+nl
data,sq,A2,338,deshalb,tāpēc • tādēļ,Bu nedenle • Bu nedenle,FAMILY_COPY_STRICT,sq+tr
data,tr,A2,338,deshalb,tāpēc • tādēļ,Bu nedenle • Bu nedenle,FAMILY_COPY_STRICT,sq+tr
data,fi,A2,339,deswegen,tāpēc • tādēļ,Seepärast • Seetõttu,MARKER_LEAK,et_otilde
data,hr,A2,339,deswegen,tāpēc • tādēļ,Следователно • Следователно,SCRIPT_MISMATCH,
data,hr,A2,339,deswegen,tāpēc • tādēļ,Следователно • Следователно,MARKER_LEAK,foreign_script
data,it,A2,339,deswegen,tāpēc • tādēļ,Tāpēc • Tādēų,LV_DIACRITIC,
data,it,A2,339,deswegen,tāpēc • tādēļ,Tāpēc • Tādēų,MARKER_LEAK,lv_macron_consonant
data,lb,A2,339,deswegen,tāpēc • tādēļ,Tāpēc • Tādēļ,SAME_AS_LV_CASEFOLD,casefold_only
data,lb,A2,339,deswegen,tāpēc • tādēļ,Tāpēc • Tādēļ,LV_DIACRITIC,
data,lb,A2,339,deswegen,tāpēc • tādēļ,Tāpēc • Tādēļ,MARKER_LEAK,lv_macron_consonant
data,nl,A2,339,deswegen,tāpēc • tādēļ,Tāpēc • Tādēļ,SAME_AS_LV_CASEFOLD,casefold_only
data,nl,A2,339,deswegen,tāpēc • tādēļ,Tāpēc • Tādēļ,LV_DIACRITIC,
data,nl,A2,339,deswegen,tāpēc • tādēļ,Tāpēc • Tādēļ,MARKER_LEAK,lv_macron_consonant
data,pt,A2,339,deswegen,tāpēc • tādēļ,Tāpēc • Tādēų,LV_DIACRITIC,
data,pt,A2,339,deswegen,tāpēc • tādēļ,Tāpēc • Tādēų,MARKER_LEAK,lv_macron_consonant
data,sl,A2,339,deswegen,tāpēc • tādēļ,tāpēc • tādēļ,SAME_AS_LV_CASEFOLD,exact
data,sl,A2,339,deswegen,tāpēc • tādēļ,tāpēc • tādēļ,LV_DIACRITIC,
data,sl,A2,339,deswegen,tāpēc • tādēļ,tāpēc • tādēļ,MARKER_LEAK,lv_macron_consonant
data,sv,A2,339,deswegen,tāpēc • tādēļ,Seepärast • Seetõttu,MARKER_LEAK,et_otilde
data,bg,A2,339,deswegen,tāpēc • tādēļ,Следователно • Следователно,FAMILY_COPY_STRICT,bg+hr+mk+sr
data,hr,A2,339,deswegen,tāpēc • tādēļ,Следователно • Следователно,FAMILY_COPY_STRICT,bg+hr+mk+sr
data,mk,A2,339,deswegen,tāpēc • tādēļ,Следователно • Следователно,FAMILY_COPY_STRICT,bg+hr+mk+sr
data,sr,A2,339,deswegen,tāpēc • tādēļ,Следователно • Следователно,FAMILY_COPY_STRICT,bg+hr+mk+sr
data,da,A2,339,deswegen,tāpēc • tādēļ,Derfor • Derfor,FAMILY_COPY_STRICT,da+is+nb+nn
data,is,A2,339,deswegen,tāpēc • tādēļ,Derfor • Derfor,FAMILY_COPY_STRICT,da+is+nb+nn
data,nb,A2,339,deswegen,tāpēc • tādēļ,Derfor • Derfor,FAMILY_COPY_STRICT,da+is+nb+nn
data,nn,A2,339,deswegen,tāpēc • tādēļ,Derfor • Derfor,FAMILY_COPY_STRICT,da+is+nb+nn
data,fi,A2,339,deswegen,tāpēc • tādēļ,Seepärast • Seetõttu,FAMILY_COPY_STRICT,fi+sv
data,sv,A2,339,deswegen,tāpēc • tādēļ,Seepärast • Seetõttu,FAMILY_COPY_STRICT,fi+sv
data,it,A2,339,deswegen,tāpēc • tādēļ,Tāpēc • Tādēų,FAMILY_COPY_STRICT,it+pt
data,pt,A2,339,deswegen,tāpēc • tādēļ,Tāpēc • Tādēų,FAMILY_COPY_STRICT,it+pt
data,lb,A2,339,deswegen,tāpēc • tādēļ,Tāpēc • Tādēļ,FAMILY_COPY_STRICT,lb+nl
data,nl,A2,339,deswegen,tāpēc • tādēļ,Tāpēc • Tādēļ,FAMILY_COPY_STRICT,lb+nl
data,sq,A2,339,deswegen,tāpēc • tādēļ,Bu nedenle • Bu nedenle,FAMILY_COPY_STRICT,sq+tr
data,tr,A2,339,deswegen,tāpēc • tādēļ,Bu nedenle • Bu nedenle,FAMILY_COPY_STRICT,sq+tr
data,hr,A2,340,deutlich,skaidrs • skaidri • saprotams,Ясно • Ясно • Ясно,SCRIPT_MISMATCH,
data,hr,A2,340,deutlich,skaidrs • skaidri • saprotams,Ясно • Ясно • Ясно,MARKER_LEAK,foreign_script
data,it,A2,340,deutlich,skaidrs • skaidri • saprotams,Skaidrs • Skaidri • Saprotams,SAME_AS_LV_CASEFOLD,casefold_only
data,lb,A2,340,deutlich,skaidrs • skaidri • saprotams,Skaidrs • Skaidri • Saprotams,SAME_AS_LV_CASEFOLD,casefold_only
data,nl,A2,340,deutlich,skaidrs • skaidri • saprotams,Skaidrs • Skaidri • Saprotams,SAME_AS_LV_CASEFOLD,casefold_only
data,sl,A2,340,deutlich,skaidrs • skaidri • saprotams,skaidrs • skaidri • saprotams,SAME_AS_LV_CASEFOLD,exact
data,sq,A2,340,deutlich,skaidrs • skaidri • saprotams,Temizle • Temizle • Anlaşılabilir,MARKER_LEAK,tr_soft
data,bg,A2,340,deutlich,skaidrs • skaidri • saprotams,Ясно • Ясно • Ясно,FAMILY_COPY_STRICT,bg+hr+mk+sr
data,hr,A2,340,deutlich,skaidrs • skaidri • saprotams,Ясно • Ясно • Ясно,FAMILY_COPY_STRICT,bg+hr+mk+sr
data,mk,A2,340,deutlich,skaidrs • skaidri • saprotams,Ясно • Ясно • Ясно,FAMILY_COPY_STRICT,bg+hr+mk+sr
data,sr,A2,340,deutlich,skaidrs • skaidri • saprotams,Ясно • Ясно • Ясно,FAMILY_COPY_STRICT,bg+hr+mk+sr
data,fi,A2,340,deutlich,skaidrs • skaidri • saprotams,Selge • Selgelt • Arusaadav,FAMILY_COPY_STRICT,fi+sv
data,sv,A2,340,deutlich,skaidrs • skaidri • saprotams,Selge • Selgelt • Arusaadav,FAMILY_COPY_STRICT,fi+sv
data,is,A2,340,deutlich,skaidrs • skaidri • saprotams,Selge • Selgel • Arusaadav,FAMILY_COPY_STRICT,is+nb+nn
data,nb,A2,340,deutlich,skaidrs • skaidri • saprotams,Selge • Selgel • Arusaadav,FAMILY_COPY_STRICT,is+nb+nn
data,nn,A2,340,deutlich,skaidrs • skaidri • saprotams,Selge • Selgel • Arusaadav,FAMILY_COPY_STRICT,is+nb+nn
data,it,A2,340,deutlich,skaidrs • skaidri • saprotams,Skaidrs • Skaidri • Saprotams,FAMILY_COPY_STRICT,it+lb+nl
data,lb,A2,340,deutlich,skaidrs • skaidri • saprotams,Skaidrs • Skaidri • Saprotams,FAMILY_COPY_STRICT,it+lb+nl
data,nl,A2,340,deutlich,skaidrs • skaidri • saprotams,Skaidrs • Skaidri • Saprotams,FAMILY_COPY_STRICT,it+lb+nl
data,sq,A2,340,deutlich,skaidrs • skaidri • saprotams,Temizle • Temizle • Anlaşılabilir,FAMILY_COPY_STRICT,sq+tr
data,tr,A2,340,deutlich,skaidrs • skaidri • saprotams,Temizle • Temizle • Anlaşılabilir,FAMILY_COPY_STRICT,sq+tr
data,lb,A2,341,dick,biezs,Biezs,SAME_AS_LV_CASEFOLD,casefold_only
data,nl,A2,341,dick,biezs,Biezs,SAME_AS_LV_CASEFOLD,casefold_only
data,sl,A2,341,dick,biezs,biezs,SAME_AS_LV_CASEFOLD,exact
data,sr,A2,341,dick,biezs,Gusta,SCRIPT_MISMATCH,sr_as_cyrillic
data,sr,A2,341,dick,biezs,Gusta,MARKER_LEAK,latin_in_cyrillic
data,fi,A2,341,dick,biezs,Paks,FAMILY_COPY_STRICT,fi+is+nb+nn+sv
data,is,A2,341,dick,biezs,Paks,FAMILY_COPY_STRICT,fi+is+nb+nn+sv
data,nb,A2,341,dick,biezs,Paks,FAMILY_COPY_STRICT,fi+is+nb+nn+sv
data,nn,A2,341,dick,biezs,Paks,FAMILY_COPY_STRICT,fi+is+nb+nn+sv
data,sv,A2,341,dick,biezs,Paks,FAMILY_COPY_STRICT,fi+is+nb+nn+sv
data,hr,A2,341,dick,biezs,Gusta,FAMILY_COPY_STRICT,hr+sr
data,sr,A2,341,dick,biezs,Gusta,FAMILY_COPY_STRICT,hr+sr
data,it,A2,341,dick,biezs,Biez,FAMILY_COPY_STRICT,it+pt
data,pt,A2,341,dick,biezs,Biez,FAMILY_COPY_STRICT,it+pt
data,lb,A2,341,dick,biezs,Biezs,FAMILY_COPY_STRICT,lb+nl
data,nl,A2,341,dick,biezs,Biezs,FAMILY_COPY_STRICT,lb+nl
data,hr,A2,342,dies und jenes,šis un tas,Ова и тоа,SCRIPT_MISMATCH,
data,hr,A2,342,dies und jenes,šis un tas,Ова и тоа,MARKER_LEAK,foreign_script
data,lb,A2,342,dies und jenes,šis un tas,Šis un tas,SAME_AS_LV_CASEFOLD,casefold_only
data,lb,A2,342,dies und jenes,šis un tas,Šis un tas,LV_DIACRITIC,
data,nl,A2,342,dies und jenes,šis un tas,Šis un tas,SAME_AS_LV_CASEFOLD,casefold_only
data,nl,A2,342,dies und jenes,šis un tas,Šis un tas,LV_DIACRITIC,
data,sl,A2,342,dies und jenes,šis un tas,šis un tas,SAME_AS_LV_CASEFOLD,exact
data,fi,A2,342,dies und jenes,šis un tas,See ja teine,FAMILY_COPY_STRICT,fi+sv
data,sv,A2,342,dies und jenes,šis un tas,See ja teine,FAMILY_COPY_STRICT,fi+sv
data,hr,A2,342,dies und jenes,šis un tas,Ова и тоа,FAMILY_COPY_STRICT,hr+mk+sr
data,mk,A2,342,dies und jenes,šis un tas,Ова и тоа,FAMILY_COPY_STRICT,hr+mk+sr
data,sr,A2,342,dies und jenes,šis un tas,Ова и тоа,FAMILY_COPY_STRICT,hr+mk+sr
data,is,A2,342,dies und jenes,šis un tas,Se ja jente,FAMILY_COPY_STRICT,is+nb+nn
data,nb,A2,342,dies und jenes,šis un tas,Se ja jente,FAMILY_COPY_STRICT,is+nb+nn
data,nn,A2,342,dies und jenes,šis un tas,Se ja jente,FAMILY_COPY_STRICT,is+nb+nn
data,lb,A2,342,dies und jenes,šis un tas,Šis un tas,FAMILY_COPY_STRICT,lb+nl
data,nl,A2,342,dies und jenes,šis un tas,Šis un tas,FAMILY_COPY_STRICT,lb+nl
data,sq,A2,342,dies und jenes,šis un tas,Bu ve bu,FAMILY_COPY_STRICT,sq+tr
data,tr,A2,342,dies und jenes,šis un tas,Bu ve bu,FAMILY_COPY_STRICT,sq+tr
data,hr,A2,343,Dill,dilles,Копър,SCRIPT_MISMATCH,
data,hr,A2,343,Dill,dilles,Копър,MARKER_LEAK,foreign_script
data,lb,A2,343,Dill,dilles,Dilles,SAME_AS_LV_CASEFOLD,casefold_only
data,nl,A2,343,Dill,dilles,Dilles,SAME_AS_LV_CASEFOLD,casefold_only
data,sl,A2,343,Dill,dilles,dilles,SAME_AS_LV_CASEFOLD,exact
data,bg,A2,343,Dill,dilles,Копър,FAMILY_COPY_STRICT,bg+hr+mk+sr
data,hr,A2,343,Dill,dilles,Копър,FAMILY_COPY_STRICT,bg+hr+mk+sr
data,mk,A2,343,Dill,dilles,Копър,FAMILY_COPY_STRICT,bg+hr+mk+sr
data,sr,A2,343,Dill,dilles,Копър,FAMILY_COPY_STRICT,bg+hr+mk+sr
data,fi,A2,343,Dill,dilles,Till,FAMILY_COPY_STRICT,fi+sv
data,sv,A2,343,Dill,dilles,Till,FAMILY_COPY_STRICT,fi+sv
data,fr,A2,343,Dill,dilles,Aneth,FAMILY_COPY_STRICT,fr+it
data,it,A2,343,Dill,dilles,Aneth,FAMILY_COPY_STRICT,fr+it
data,is,A2,343,Dill,dilles,Til,FAMILY_COPY_STRICT,is+nb+nn
data,nb,A2,343,Dill,dilles,Til,FAMILY_COPY_STRICT,is+nb+nn
data,nn,A2,343,Dill,dilles,Til,FAMILY_COPY_STRICT,is+nb+nn
data,lb,A2,343,Dill,dilles,Dilles,FAMILY_COPY_STRICT,lb+nl
data,nl,A2,343,Dill,dilles,Dilles,FAMILY_COPY_STRICT,lb+nl
data,pl,A2,343,Dill,dilles,Koperek,FAMILY_COPY_STRICT,pl+sq+tr
data,sq,A2,343,Dill,dilles,Koperek,FAMILY_COPY_STRICT,pl+sq+tr
data,tr,A2,343,Dill,dilles,Koperek,FAMILY_COPY_STRICT,pl+sq+tr
data,hr,A2,344,direkt,tiešs • tieši,Директно • Директно,SCRIPT_MISMATCH,
data,hr,A2,344,direkt,tiešs • tieši,Директно • Директно,MARKER_LEAK,foreign_script
data,it,A2,344,direkt,tiešs • tieši,Tiešs • Tieši,SAME_AS_LV_CASEFOLD,casefold_only
data,it,A2,344,direkt,tiešs • tieši,Tiešs • Tieši,LV_DIACRITIC,
data,lb,A2,344,direkt,tiešs • tieši,Tiešs • Tieši,SAME_AS_LV_CASEFOLD,casefold_only
data,lb,A2,344,direkt,tiešs • tieši,Tiešs • Tieši,LV_DIACRITIC,
data,nl,A2,344,direkt,tiešs • tieši,Tiešs • Tieši,SAME_AS_LV_CASEFOLD,casefold_only
data,nl,A2,344,direkt,tiešs • tieši,Tiešs • Tieši,LV_DIACRITIC,
data,pt,A2,344,direkt,tiešs • tieši,Tiešs • Tieši,SAME_AS_LV_CASEFOLD,casefold_only
data,pt,A2,344,direkt,tiešs • tieši,Tiešs • Tieši,LV_DIACRITIC,
data,sl,A2,344,direkt,tiešs • tieši,tiešs • tieši,SAME_AS_LV_CASEFOLD,exact
data,sq,A2,344,direkt,tiešs • tieši,Doğrudan • Doğrudan,MARKER_LEAK,tr_soft
data,bg,A2,344,direkt,tiešs • tieši,Директно • Директно,FAMILY_COPY_STRICT,bg+hr+mk+sr
data,hr,A2,344,direkt,tiešs • tieši,Директно • Директно,FAMILY_COPY_STRICT,bg+hr+mk+sr
data,mk,A2,344,direkt,tiešs • tieši,Директно • Директно,FAMILY_COPY_STRICT,bg+hr+mk+sr
data,sr,A2,344,direkt,tiešs • tieši,Директно • Директно,FAMILY_COPY_STRICT,bg+hr+mk+sr
data,fi,A2,344,direkt,tiešs • tieši,Otsene • Otse,FAMILY_COPY_STRICT,fi+is+nb+nn+sv
data,is,A2,344,direkt,tiešs • tieši,Otsene • Otse,FAMILY_COPY_STRICT,fi+is+nb+nn+sv
data,nb,A2,344,direkt,tiešs • tieši,Otsene • Otse,FAMILY_COPY_STRICT,fi+is+nb+nn+sv
data,nn,A2,344,direkt,tiešs • tieši,Otsene • Otse,FAMILY_COPY_STRICT,fi+is+nb+nn+sv
data,sv,A2,344,direkt,tiešs • tieši,Otsene • Otse,FAMILY_COPY_STRICT,fi+is+nb+nn+sv
data,it,A2,344,direkt,tiešs • tieši,Tiešs • Tieši,FAMILY_COPY_STRICT,it+lb+nl+pt
data,lb,A2,344,direkt,tiešs • tieši,Tiešs • Tieši,FAMILY_COPY_STRICT,it+lb+nl+pt
data,nl,A2,344,direkt,tiešs • tieši,Tiešs • Tieši,FAMILY_COPY_STRICT,it+lb+nl+pt
data,pt,A2,344,direkt,tiešs • tieši,Tiešs • Tieši,FAMILY_COPY_STRICT,it+lb+nl+pt
data,sq,A2,344,direkt,tiešs • tieši,Doğrudan • Doğrudan,FAMILY_COPY_STRICT,sq+tr
data,tr,A2,344,direkt,tiešs • tieši,Doğrudan • Doğrudan,FAMILY_COPY_STRICT,sq+tr
data,hr,A2,345,Direktor,direktors,Директор,SCRIPT_MISMATCH,
data,hr,A2,345,Direktor,direktors,Директор,MARKER_LEAK,foreign_script
data,lb,A2,345,Direktor,direktors,Direktors,SAME_AS_LV_CASEFOLD,casefold_only
data,nl,A2,345,Direktor,direktors,Direktors,SAME_AS_LV_CASEFOLD,casefold_only
data,sl,A2,345,Direktor,direktors,direktors,SAME_AS_LV_CASEFOLD,exact
data,sq,A2,345,Direktor,direktors,İlçe Emniyet Müdürlüğü,MARKER_LEAK,tr_soft
data,bg,A2,345,Direktor,direktors,Директор,FAMILY_COPY_STRICT,bg+hr+mk+ru+sr
data,hr,A2,345,Direktor,direktors,Директор,FAMILY_COPY_STRICT,bg+hr+mk+ru+sr
data,mk,A2,345,Direktor,direktors,Директор,FAMILY_COPY_STRICT,bg+hr+mk+ru+sr
data,ru,A2,345,Direktor,direktors,Директор,FAMILY_COPY_STRICT,bg+hr+mk+ru+sr
data,sr,A2,345,Direktor,direktors,Директор,FAMILY_COPY_STRICT,bg+hr+mk+ru+sr
data,da,A2,345,Direktor,direktors,Direktør,FAMILY_COPY_STRICT,da+is+nb+nn
data,is,A2,345,Direktor,direktors,Direktør,FAMILY_COPY_STRICT,da+is+nb+nn
data,nb,A2,345,Direktor,direktors,Direktør,FAMILY_COPY_STRICT,da+is+nb+nn
data,nn,A2,345,Direktor,direktors,Direktør,FAMILY_COPY_STRICT,da+is+nb+nn
data,en,A2,345,Direktor,direktors,Director,FAMILY_COPY_STRICT,en+ro
data,ro,A2,345,Direktor,direktors,Director,FAMILY_COPY_STRICT,en+ro
data,lb,A2,345,Direktor,direktors,Direktors,FAMILY_COPY_STRICT,lb+nl
data,nl,A2,345,Direktor,direktors,Direktors,FAMILY_COPY_STRICT,lb+nl
data,sq,A2,345,Direktor,direktors,İlçe Emniyet Müdürlüğü,FAMILY_COPY_STRICT,sq+tr
data,tr,A2,345,Direktor,direktors,İlçe Emniyet Müdürlüğü,FAMILY_COPY_STRICT,sq+tr
data,hr,A2,346,doch,tomēr,Сепак,SCRIPT_MISMATCH,
data,hr,A2,346,doch,tomēr,Сепак,MARKER_LEAK,foreign_script
data,nl,A2,346,doch,tomēr,Tomēr,SAME_AS_LV_CASEFOLD,casefold_only
data,nl,A2,346,doch,tomēr,Tomēr,LV_DIACRITIC,
data,nl,A2,346,doch,tomēr,Tomēr,MARKER_LEAK,lv_macron_consonant
data,sl,A2,346,doch,tomēr,tomēr,SAME_AS_LV_CASEFOLD,exact
data,sl,A2,346,doch,tomēr,tomēr,LV_DIACRITIC,
data,sl,A2,346,doch,tomēr,tomēr,MARKER_LEAK,lv_macron_consonant
data,da,A2,346,doch,tomēr,Imidlertid,FAMILY_COPY_STRICT,da+is+nb+nn
data,is,A2,346,doch,tomēr,Imidlertid,FAMILY_COPY_STRICT,da+is+nb+nn
data,nb,A2,346,doch,tomēr,Imidlertid,FAMILY_COPY_STRICT,da+is+nb+nn
data,nn,A2,346,doch,tomēr,Imidlertid,FAMILY_COPY_STRICT,da+is+nb+nn
data,fi,A2,346,doch,tomēr,Siiski,FAMILY_COPY_STRICT,fi+sv
data,sv,A2,346,doch,tomēr,Siiski,FAMILY_COPY_STRICT,fi+sv
data,hr,A2,346,doch,tomēr,Сепак,FAMILY_COPY_STRICT,hr+mk+sr
data,mk,A2,346,doch,tomēr,Сепак,FAMILY_COPY_STRICT,hr+mk+sr
data,sr,A2,346,doch,tomēr,Сепак,FAMILY_COPY_STRICT,hr+mk+sr
data,it,A2,346,doch,tomēr,Tomer,FAMILY_COPY_STRICT,it+pt
data,pt,A2,346,doch,tomēr,Tomer,FAMILY_COPY_STRICT,it+pt
data,hr,A2,347,Doktor,doktors,Доктор,SCRIPT_MISMATCH,
data,hr,A2,347,Doktor,doktors,Доктор,MARKER_LEAK,foreign_script
data,lb,A2,347,Doktor,doktors,Doktors,SAME_AS_LV_CASEFOLD,casefold_only
data,nl,A2,347,Doktor,doktors,Doktors,SAME_AS_LV_CASEFOLD,casefold_only
data,sl,A2,347,Doktor,doktors,doktors,SAME_AS_LV_CASEFOLD,exact
data,en,A2,347,Doktor,doktors,Doctor,FAMILY_COPY_STRICT,en+ro
data,ro,A2,347,Doktor,doktors,Doctor,FAMILY_COPY_STRICT,en+ro
data,hr,A2,347,Doktor,doktors,Доктор,FAMILY_COPY_STRICT,hr+mk+sr
data,mk,A2,347,Doktor,doktors,Доктор,FAMILY_COPY_STRICT,hr+mk+sr
data,sr,A2,347,Doktor,doktors,Доктор,FAMILY_COPY_STRICT,hr+mk+sr
data,lb,A2,347,Doktor,doktors,Doktors,FAMILY_COPY_STRICT,lb+nl
data,nl,A2,347,Doktor,doktors,Doktors,FAMILY_COPY_STRICT,lb+nl
data,hr,A2,348,Dokument,dokuments,Документ,SCRIPT_MISMATCH,
data,hr,A2,348,Dokument,dokuments,Документ,MARKER_LEAK,foreign_script
data,sl,A2,348,Dokument,dokuments,dokuments,SAME_AS_LV_CASEFOLD,exact
data,bg,A2,348,Dokument,dokuments,Документ,FAMILY_COPY_STRICT,bg+hr+mk+ru+sr
data,hr,A2,348,Dokument,dokuments,Документ,FAMILY_COPY_STRICT,bg+hr+mk+ru+sr
data,mk,A2,348,Dokument,dokuments,Документ,FAMILY_COPY_STRICT,bg+hr+mk+ru+sr
data,ru,A2,348,Dokument,dokuments,Документ,FAMILY_COPY_STRICT,bg+hr+mk+ru+sr
data,sr,A2,348,Dokument,dokuments,Документ,FAMILY_COPY_STRICT,bg+hr+mk+ru+sr
data,en,A2,348,Dokument,dokuments,Document,FAMILY_COPY_STRICT,en+fr+it+nl+ro
data,fr,A2,348,Dokument,dokuments,Document,FAMILY_COPY_STRICT,en+fr+it+nl+ro
data,it,A2,348,Dokument,dokuments,Document,FAMILY_COPY_STRICT,en+fr+it+nl+ro
data,nl,A2,348,Dokument,dokuments,Document,FAMILY_COPY_STRICT,en+fr+it+nl+ro
data,ro,A2,348,Dokument,dokuments,Document,FAMILY_COPY_STRICT,en+fr+it+nl+ro
data,sq,A2,348,Dokument,dokuments,Belge,FAMILY_COPY_STRICT,sq+tr
data,tr,A2,348,Dokument,dokuments,Belge,FAMILY_COPY_STRICT,sq+tr
data,hr,A2,349,doppelt,divkāršs • divkārtīgs • dubults,Двойна • Двойна • Двойна,SCRIPT_MISMATCH,
data,hr,A2,349,doppelt,divkāršs • divkārtīgs • dubults,Двойна • Двойна • Двойна,MARKER_LEAK,foreign_script
data,it,A2,349,doppelt,divkāršs • divkārtīgs • dubults,Divkāršs • Divkārtīgs • Dubults,SAME_AS_LV_CASEFOLD,casefold_only
data,it,A2,349,doppelt,divkāršs • divkārtīgs • dubults,Divkāršs • Divkārtīgs • Dubults,LV_DIACRITIC,
data,it,A2,349,doppelt,divkāršs • divkārtīgs • dubults,Divkāršs • Divkārtīgs • Dubults,MARKER_LEAK,lv_macron_consonant
data,lb,A2,349,doppelt,divkāršs • divkārtīgs • dubults,Divkāršs • Divkārtīgs • Dubults,SAME_AS_LV_CASEFOLD,casefold_only
data,lb,A2,349,doppelt,divkāršs • divkārtīgs • dubults,Divkāršs • Divkārtīgs • Dubults,LV_DIACRITIC,
data,lb,A2,349,doppelt,divkāršs • divkārtīgs • dubults,Divkāršs • Divkārtīgs • Dubults,MARKER_LEAK,lv_macron_consonant
data,nl,A2,349,doppelt,divkāršs • divkārtīgs • dubults,Divkāršs • Divkārtīgs • Dubults,SAME_AS_LV_CASEFOLD,casefold_only
data,nl,A2,349,doppelt,divkāršs • divkārtīgs • dubults,Divkāršs • Divkārtīgs • Dubults,LV_DIACRITIC,
data,nl,A2,349,doppelt,divkāršs • divkārtīgs • dubults,Divkāršs • Divkārtīgs • Dubults,MARKER_LEAK,lv_macron_consonant
data,pt,A2,349,doppelt,divkāršs • divkārtīgs • dubults,Divkāršs • Divkārtīgs • Dubults,SAME_AS_LV_CASEFOLD,casefold_only
data,pt,A2,349,doppelt,divkāršs • divkārtīgs • dubults,Divkāršs • Divkārtīgs • Dubults,LV_DIACRITIC,
data,pt,A2,349,doppelt,divkāršs • divkārtīgs • dubults,Divkāršs • Divkārtīgs • Dubults,MARKER_LEAK,lv_macron_consonant
data,sl,A2,349,doppelt,divkāršs • divkārtīgs • dubults,divkāršs • divkārtīgs • dubults,SAME_AS_LV_CASEFOLD,exact
data,sl,A2,349,doppelt,divkāršs • divkārtīgs • dubults,divkāršs • divkārtīgs • dubults,LV_DIACRITIC,
data,sl,A2,349,doppelt,divkāršs • divkārtīgs • dubults,divkāršs • divkārtīgs • dubults,MARKER_LEAK,lv_macron_consonant
data,bg,A2,349,doppelt,divkāršs • divkārtīgs • dubults,Двойна • Двойна • Двойна,FAMILY_COPY_STRICT,bg+hr+mk+sr
data,hr,A2,349,doppelt,divkāršs • divkārtīgs • dubults,Двойна • Двойна • Двойна,FAMILY_COPY_STRICT,bg+hr+mk+sr
data,mk,A2,349,doppelt,divkāršs • divkārtīgs • dubults,Двойна • Двойна • Двойна,FAMILY_COPY_STRICT,bg+hr+mk+sr
data,sr,A2,349,doppelt,divkāršs • divkārtīgs • dubults,Двойна • Двойна • Двойна,FAMILY_COPY_STRICT,bg+hr+mk+sr
data,en,A2,349,doppelt,divkāršs • divkārtīgs • dubults,Double • Double • Double,FAMILY_COPY_STRICT,en+fr+hu
data,fr,A2,349,doppelt,divkāršs • divkārtīgs • dubults,Double • Double • Double,FAMILY_COPY_STRICT,en+fr+hu
data,hu,A2,349,doppelt,divkāršs • divkārtīgs • dubults,Double • Double • Double,FAMILY_COPY_STRICT,en+fr+hu
data,fi,A2,349,doppelt,divkāršs • divkārtīgs • dubults,Kahekordne • Topelt • Kaksik,FAMILY_COPY_STRICT,fi+sv
data,sv,A2,349,doppelt,divkāršs • divkārtīgs • dubults,Kahekordne • Topelt • Kaksik,FAMILY_COPY_STRICT,fi+sv
data,is,A2,349,doppelt,divkāršs • divkārtīgs • dubults,Kahekorde • Dublett • Kaksik,FAMILY_COPY_STRICT,is+nb+nn
data,nb,A2,349,doppelt,divkāršs • divkārtīgs • dubults,Kahekorde • Dublett • Kaksik,FAMILY_COPY_STRICT,is+nb+nn
data,nn,A2,349,doppelt,divkāršs • divkārtīgs • dubults,Kahekorde • Dublett • Kaksik,FAMILY_COPY_STRICT,is+nb+nn
data,it,A2,349,doppelt,divkāršs • divkārtīgs • dubults,Divkāršs • Divkārtīgs • Dubults,FAMILY_COPY_STRICT,it+lb+nl+pt
data,lb,A2,349,doppelt,divkāršs • divkārtīgs • dubults,Divkāršs • Divkārtīgs • Dubults,FAMILY_COPY_STRICT,it+lb+nl+pt
data,nl,A2,349,doppelt,divkāršs • divkārtīgs • dubults,Divkāršs • Divkārtīgs • Dubults,FAMILY_COPY_STRICT,it+lb+nl+pt
data,pt,A2,349,doppelt,divkāršs • divkārtīgs • dubults,Divkāršs • Divkārtīgs • Dubults,FAMILY_COPY_STRICT,it+lb+nl+pt
data,sq,A2,349,doppelt,divkāršs • divkārtīgs • dubults,Çift Kişilik • Çift Kişilik • Çift Kişilik,FAMILY_COPY_STRICT,sq+tr
data,tr,A2,349,doppelt,divkāršs • divkārtīgs • dubults,Çift Kişilik • Çift Kişilik • Çift Kişilik,FAMILY_COPY_STRICT,sq+tr
data,hr,A2,350,Dorf,ciems,Село,SCRIPT_MISMATCH,
data,hr,A2,350,Dorf,ciems,Село,MARKER_LEAK,foreign_script
data,it,A2,350,Dorf,ciems,Ciems,SAME_AS_LV_CASEFOLD,casefold_only
data,nl,A2,350,Dorf,ciems,Ciems,SAME_AS_LV_CASEFOLD,casefold_only
data,pt,A2,350,Dorf,ciems,Ciems,SAME_AS_LV_CASEFOLD,casefold_only
data,sl,A2,350,Dorf,ciems,ciems,SAME_AS_LV_CASEFOLD,exact
data,bg,A2,350,Dorf,ciems,Село,FAMILY_COPY_STRICT,bg+hr+mk+sr
data,hr,A2,350,Dorf,ciems,Село,FAMILY_COPY_STRICT,bg+hr+mk+sr
data,mk,A2,350,Dorf,ciems,Село,FAMILY_COPY_STRICT,bg+hr+mk+sr
data,sr,A2,350,Dorf,ciems,Село,FAMILY_COPY_STRICT,bg+hr+mk+sr
data,en,A2,350,Dorf,ciems,Village,FAMILY_COPY_STRICT,en+fr
data,fr,A2,350,Dorf,ciems,Village,FAMILY_COPY_STRICT,en+fr
data,fi,A2,350,Dorf,ciems,Küla,FAMILY_COPY_STRICT,fi+sv
data,sv,A2,350,Dorf,ciems,Küla,FAMILY_COPY_STRICT,fi+sv
data,is,A2,350,Dorf,ciems,Kald,FAMILY_COPY_STRICT,is+nb+nn
data,nb,A2,350,Dorf,ciems,Kald,FAMILY_COPY_STRICT,is+nb+nn
data,nn,A2,350,Dorf,ciems,Kald,FAMILY_COPY_STRICT,is+nb+nn
data,it,A2,350,Dorf,ciems,Ciems,FAMILY_COPY_STRICT,it+nl+pt
data,nl,A2,350,Dorf,ciems,Ciems,FAMILY_COPY_STRICT,it+nl+pt
data,pt,A2,350,Dorf,ciems,Ciems,FAMILY_COPY_STRICT,it+nl+pt
data,hr,A2,351,dorthin,uz turieni • turp,Там • Напред,SCRIPT_MISMATCH,
data,hr,A2,351,dorthin,uz turieni • turp,Там • Напред,MARKER_LEAK,foreign_script
data,it,A2,351,dorthin,uz turieni • turp,Uz turieni • Turp,SAME_AS_LV_CASEFOLD,casefold_only
data,lb,A2,351,dorthin,uz turieni • turp,Uz turieni • Turp,SAME_AS_LV_CASEFOLD,casefold_only
data,nl,A2,351,dorthin,uz turieni • turp,Uz turieni • Turp,SAME_AS_LV_CASEFOLD,casefold_only
data,pt,A2,351,dorthin,uz turieni • turp,Uz turieni • Turp,SAME_AS_LV_CASEFOLD,casefold_only
data,sl,A2,351,dorthin,uz turieni • turp,uz turieni • turp,SAME_AS_LV_CASEFOLD,exact
data,sq,A2,351,dorthin,uz turieni • turp,Orada • Yanında,MARKER_LEAK,tr_soft
data,bg,A2,351,dorthin,uz turieni • turp,Там • Напред,FAMILY_COPY_STRICT,bg+hr+mk+sr
data,hr,A2,351,dorthin,uz turieni • turp,Там • Напред,FAMILY_COPY_STRICT,bg+hr+mk+sr
data,mk,A2,351,dorthin,uz turieni • turp,Там • Напред,FAMILY_COPY_STRICT,bg+hr+mk+sr
data,sr,A2,351,dorthin,uz turieni • turp,Там • Напред,FAMILY_COPY_STRICT,bg+hr+mk+sr
data,fi,A2,351,dorthin,uz turieni • turp,Sinna • Sinnapoole,FAMILY_COPY_STRICT,fi+is+nb+nn+sv
data,is,A2,351,dorthin,uz turieni • turp,Sinna • Sinnapoole,FAMILY_COPY_STRICT,fi+is+nb+nn+sv
data,nb,A2,351,dorthin,uz turieni • turp,Sinna • Sinnapoole,FAMILY_COPY_STRICT,fi+is+nb+nn+sv
data,nn,A2,351,dorthin,uz turieni • turp,Sinna • Sinnapoole,FAMILY_COPY_STRICT,fi+is+nb+nn+sv
data,sv,A2,351,dorthin,uz turieni • turp,Sinna • Sinnapoole,FAMILY_COPY_STRICT,fi+is+nb+nn+sv
data,it,A2,351,dorthin,uz turieni • turp,Uz turieni • Turp,FAMILY_COPY_STRICT,it+lb+nl+pt
data,lb,A2,351,dorthin,uz turieni • turp,Uz turieni • Turp,FAMILY_COPY_STRICT,it+lb+nl+pt
data,nl,A2,351,dorthin,uz turieni • turp,Uz turieni • Turp,FAMILY_COPY_STRICT,it+lb+nl+pt
data,pt,A2,351,dorthin,uz turieni • turp,Uz turieni • Turp,FAMILY_COPY_STRICT,it+lb+nl+pt
data,sq,A2,351,dorthin,uz turieni • turp,Orada • Yanında,FAMILY_COPY_STRICT,sq+tr
data,tr,A2,351,dorthin,uz turieni • turp,Orada • Yanında,FAMILY_COPY_STRICT,sq+tr
data,fi,A2,352,draußen,ārā • laukā,Väljas • Õues,MARKER_LEAK,et_otilde
data,hr,A2,352,draußen,ārā • laukā,Отвън • В полето,SCRIPT_MISMATCH,
data,hr,A2,352,draußen,ārā • laukā,Отвън • В полето,MARKER_LEAK,foreign_script
data,is,A2,352,draußen,ārā • laukā,Valgte • Õues,MARKER_LEAK,et_otilde
data,it,A2,352,draußen,ārā • laukā,Ārā • Lauka,LV_DIACRITIC,
data,it,A2,352,draußen,ārā • laukā,Ārā • Lauka,MARKER_LEAK,lv_macron_consonant
data,lb,A2,352,draußen,ārā • laukā,Ārā • Laukā,SAME_AS_LV_CASEFOLD,casefold_only
data,lb,A2,352,draußen,ārā • laukā,Ārā • Laukā,LV_DIACRITIC,
data,lb,A2,352,draußen,ārā • laukā,Ārā • Laukā,MARKER_LEAK,lv_macron_consonant
data,nb,A2,352,draußen,ārā • laukā,Valgte • Õues,MARKER_LEAK,et_otilde
data,nl,A2,352,draußen,ārā • laukā,Ārā • Laukā,SAME_AS_LV_CASEFOLD,casefold_only
data,nl,A2,352,draußen,ārā • laukā,Ārā • Laukā,LV_DIACRITIC,
data,nl,A2,352,draußen,ārā • laukā,Ārā • Laukā,MARKER_LEAK,lv_macron_consonant
data,nn,A2,352,draußen,ārā • laukā,Valgte • Õues,MARKER_LEAK,et_otilde
data,sl,A2,352,draußen,ārā • laukā,ārā • laukā,SAME_AS_LV_CASEFOLD,exact
data,sl,A2,352,draußen,ārā • laukā,ārā • laukā,LV_DIACRITIC,
data,sl,A2,352,draußen,ārā • laukā,ārā • laukā,MARKER_LEAK,lv_macron_consonant
data,sv,A2,352,draußen,ārā • laukā,Väljas • Õues,MARKER_LEAK,et_otilde
data,uk,A2,352,draußen,ārā • laukā,out • в полі,SCRIPT_MISMATCH,
data,uk,A2,352,draußen,ārā • laukā,out • в полі,MARKER_LEAK,latin_in_cyrillic
data,bg,A2,352,draußen,ārā • laukā,Отвън • В полето,FAMILY_COPY_STRICT,bg+hr+mk+sr
data,hr,A2,352,draußen,ārā • laukā,Отвън • В полето,FAMILY_COPY_STRICT,bg+hr+mk+sr
data,mk,A2,352,draußen,ārā • laukā,Отвън • В полето,FAMILY_COPY_STRICT,bg+hr+mk+sr
data,sr,A2,352,draußen,ārā • laukā,Отвън • В полето,FAMILY_COPY_STRICT,bg+hr+mk+sr
data,fi,A2,352,draußen,ārā • laukā,Väljas • Õues,FAMILY_COPY_STRICT,fi+sv
data,sv,A2,352,draußen,ārā • laukā,Väljas • Õues,FAMILY_COPY_STRICT,fi+sv
data,is,A2,352,draußen,ārā • laukā,Valgte • Õues,FAMILY_COPY_STRICT,is+nb+nn
data,nb,A2,352,draußen,ārā • laukā,Valgte • Õues,FAMILY_COPY_STRICT,is+nb+nn
data,nn,A2,352,draußen,ārā • laukā,Valgte • Õues,FAMILY_COPY_STRICT,is+nb+nn
data,lb,A2,352,draußen,ārā • laukā,Ārā • Laukā,FAMILY_COPY_STRICT,lb+nl
data,nl,A2,352,draußen,ārā • laukā,Ārā • Laukā,FAMILY_COPY_STRICT,lb+nl
data,hr,A2,353,drehen,griezt,Исечете,SCRIPT_MISMATCH,
data,hr,A2,353,drehen,griezt,Исечете,MARKER_LEAK,foreign_script
data,nl,A2,353,drehen,griezt,Griezt,SAME_AS_LV_CASEFOLD,casefold_only
data,sl,A2,353,drehen,griezt,griezt,SAME_AS_LV_CASEFOLD,exact
data,fi,A2,353,drehen,griezt,Keerama • Pöörama,FAMILY_COPY_STRICT,fi+is+nb+nn+sv
data,is,A2,353,drehen,griezt,Keerama • Pöörama,FAMILY_COPY_STRICT,fi+is+nb+nn+sv
data,nb,A2,353,drehen,griezt,Keerama • Pöörama,FAMILY_COPY_STRICT,fi+is+nb+nn+sv
data,nn,A2,353,drehen,griezt,Keerama • Pöörama,FAMILY_COPY_STRICT,fi+is+nb+nn+sv
data,sv,A2,353,drehen,griezt,Keerama • Pöörama,FAMILY_COPY_STRICT,fi+is+nb+nn+sv
data,hr,A2,353,drehen,griezt,Исечете,FAMILY_COPY_STRICT,hr+mk+sr
data,mk,A2,353,drehen,griezt,Исечете,FAMILY_COPY_STRICT,hr+mk+sr
data,sr,A2,353,drehen,griezt,Исечете,FAMILY_COPY_STRICT,hr+mk+sr
data,sq,A2,353,drehen,griezt,Kesmek,FAMILY_COPY_STRICT,sq+tr
data,tr,A2,353,drehen,griezt,Kesmek,FAMILY_COPY_STRICT,sq+tr
data,hr,A2,354,dreißigste,trīsdesmitais,Триесетти,SCRIPT_MISMATCH,
data,hr,A2,354,dreißigste,trīsdesmitais,Триесетти,MARKER_LEAK,foreign_script
data,lb,A2,354,dreißigste,trīsdesmitais,Trīsdesmitais,SAME_AS_LV_CASEFOLD,casefold_only
data,lb,A2,354,dreißigste,trīsdesmitais,Trīsdesmitais,LV_DIACRITIC,
data,lb,A2,354,dreißigste,trīsdesmitais,Trīsdesmitais,MARKER_LEAK,lv_macron_consonant
data,nl,A2,354,dreißigste,trīsdesmitais,Trīsdesmitais,SAME_AS_LV_CASEFOLD,casefold_only
data,nl,A2,354,dreißigste,trīsdesmitais,Trīsdesmitais,LV_DIACRITIC,
data,nl,A2,354,dreißigste,trīsdesmitais,Trīsdesmitais,MARKER_LEAK,lv_macron_consonant
data,sl,A2,354,dreißigste,trīsdesmitais,trīsdesmitais,SAME_AS_LV_CASEFOLD,exact
data,sl,A2,354,dreißigste,trīsdesmitais,trīsdesmitais,LV_DIACRITIC,
data,sl,A2,354,dreißigste,trīsdesmitais,trīsdesmitais,MARKER_LEAK,lv_macron_consonant
data,fi,A2,354,dreißigste,trīsdesmitais,Kolmekümnes,FAMILY_COPY_STRICT,fi+sv
data,sv,A2,354,dreißigste,trīsdesmitais,Kolmekümnes,FAMILY_COPY_STRICT,fi+sv
data,hr,A2,354,dreißigste,trīsdesmitais,Триесетти,FAMILY_COPY_STRICT,hr+mk+sr
data,mk,A2,354,dreißigste,trīsdesmitais,Триесетти,FAMILY_COPY_STRICT,hr+mk+sr
data,sr,A2,354,dreißigste,trīsdesmitais,Триесетти,FAMILY_COPY_STRICT,hr+mk+sr
data,is,A2,354,dreißigste,trīsdesmitais,Kolmegyüms,FAMILY_COPY_STRICT,is+nb+nn
data,nb,A2,354,dreißigste,trīsdesmitais,Kolmegyüms,FAMILY_COPY_STRICT,is+nb+nn
data,nn,A2,354,dreißigste,trīsdesmitais,Kolmegyüms,FAMILY_COPY_STRICT,is+nb+nn
data,it,A2,354,dreißigste,trīsdesmitais,Trisdesmitais,FAMILY_COPY_STRICT,it+pt
data,pt,A2,354,dreißigste,trīsdesmitais,Trisdesmitais,FAMILY_COPY_STRICT,it+pt
data,lb,A2,354,dreißigste,trīsdesmitais,Trīsdesmitais,FAMILY_COPY_STRICT,lb+nl
data,nl,A2,354,dreißigste,trīsdesmitais,Trīsdesmitais,FAMILY_COPY_STRICT,lb+nl
data,sq,A2,354,dreißigste,trīsdesmitais,Otuzuncu,FAMILY_COPY_STRICT,sq+tr
data,tr,A2,354,dreißigste,trīsdesmitais,Otuzuncu,FAMILY_COPY_STRICT,sq+tr
data,hr,A2,355,dreiviertel,trīs ceturtdaļas,Три четвърти,SCRIPT_MISMATCH,
data,hr,A2,355,dreiviertel,trīs ceturtdaļas,Три четвърти,MARKER_LEAK,foreign_script
data,it,A2,355,dreiviertel,trīs ceturtdaļas,Tris ceturtdaļas,LV_DIACRITIC,
data,it,A2,355,dreiviertel,trīs ceturtdaļas,Tris ceturtdaļas,MARKER_LEAK,lv_macron_consonant
data,nl,A2,355,dreiviertel,trīs ceturtdaļas,Trīs ceturtdaļas,SAME_AS_LV_CASEFOLD,casefold_only
data,nl,A2,355,dreiviertel,trīs ceturtdaļas,Trīs ceturtdaļas,LV_DIACRITIC,
data,nl,A2,355,dreiviertel,trīs ceturtdaļas,Trīs ceturtdaļas,MARKER_LEAK,lv_macron_consonant
data,pt,A2,355,dreiviertel,trīs ceturtdaļas,Tris Ceturtdaļas,LV_DIACRITIC,
data,pt,A2,355,dreiviertel,trīs ceturtdaļas,Tris Ceturtdaļas,MARKER_LEAK,lv_macron_consonant
data,sl,A2,355,dreiviertel,trīs ceturtdaļas,trīs ceturtdaļas,SAME_AS_LV_CASEFOLD,exact
data,sl,A2,355,dreiviertel,trīs ceturtdaļas,trīs ceturtdaļas,LV_DIACRITIC,
data,sl,A2,355,dreiviertel,trīs ceturtdaļas,trīs ceturtdaļas,MARKER_LEAK,lv_macron_consonant
data,bg,A2,355,dreiviertel,trīs ceturtdaļas,Три четвърти,FAMILY_COPY_STRICT,bg+hr+mk+sr
data,hr,A2,355,dreiviertel,trīs ceturtdaļas,Три четвърти,FAMILY_COPY_STRICT,bg+hr+mk+sr
data,mk,A2,355,dreiviertel,trīs ceturtdaļas,Три четвърти,FAMILY_COPY_STRICT,bg+hr+mk+sr
data,sr,A2,355,dreiviertel,trīs ceturtdaļas,Три четвърти,FAMILY_COPY_STRICT,bg+hr+mk+sr
data,fi,A2,355,dreiviertel,trīs ceturtdaļas,Kolmveerand,FAMILY_COPY_STRICT,fi+is+nb+nn+sv
data,is,A2,355,dreiviertel,trīs ceturtdaļas,Kolmveerand,FAMILY_COPY_STRICT,fi+is+nb+nn+sv
data,nb,A2,355,dreiviertel,trīs ceturtdaļas,Kolmveerand,FAMILY_COPY_STRICT,fi+is+nb+nn+sv
data,nn,A2,355,dreiviertel,trīs ceturtdaļas,Kolmveerand,FAMILY_COPY_STRICT,fi+is+nb+nn+sv
data,sv,A2,355,dreiviertel,trīs ceturtdaļas,Kolmveerand,FAMILY_COPY_STRICT,fi+is+nb+nn+sv
data,sq,A2,355,dreiviertel,trīs ceturtdaļas,Dörtte üç,FAMILY_COPY_STRICT,sq+tr
data,tr,A2,355,dreiviertel,trīs ceturtdaļas,Dörtte üç,FAMILY_COPY_STRICT,sq+tr
data,hr,A2,356,dreizehnte,trīspadsmitais,Тринадесети,SCRIPT_MISMATCH,
data,hr,A2,356,dreizehnte,trīspadsmitais,Тринадесети,MARKER_LEAK,foreign_script
data,is,A2,356,dreizehnte,trīspadsmitais,Kolmeštíšíks,LV_DIACRITIC,
data,lb,A2,356,dreizehnte,trīspadsmitais,Trīspadsmitais,SAME_AS_LV_CASEFOLD,casefold_only
data,lb,A2,356,dreizehnte,trīspadsmitais,Trīspadsmitais,LV_DIACRITIC,
data,lb,A2,356,dreizehnte,trīspadsmitais,Trīspadsmitais,MARKER_LEAK,lv_macron_consonant
data,nb,A2,356,dreizehnte,trīspadsmitais,Kolmeštíšíks,LV_DIACRITIC,
data,nl,A2,356,dreizehnte,trīspadsmitais,Trīspadsmitais,SAME_AS_LV_CASEFOLD,casefold_only
data,nl,A2,356,dreizehnte,trīspadsmitais,Trīspadsmitais,LV_DIACRITIC,
data,nl,A2,356,dreizehnte,trīspadsmitais,Trīspadsmitais,MARKER_LEAK,lv_macron_consonant
data,nn,A2,356,dreizehnte,trīspadsmitais,Kolmeštíšíks,LV_DIACRITIC,
data,sl,A2,356,dreizehnte,trīspadsmitais,trīspadsmitais,SAME_AS_LV_CASEFOLD,exact
data,sl,A2,356,dreizehnte,trīspadsmitais,trīspadsmitais,LV_DIACRITIC,
data,sl,A2,356,dreizehnte,trīspadsmitais,trīspadsmitais,MARKER_LEAK,lv_macron_consonant
data,bg,A2,356,dreizehnte,trīspadsmitais,Тринадесети,FAMILY_COPY_STRICT,bg+hr+mk+sr
data,hr,A2,356,dreizehnte,trīspadsmitais,Тринадесети,FAMILY_COPY_STRICT,bg+hr+mk+sr
data,mk,A2,356,dreizehnte,trīspadsmitais,Тринадесети,FAMILY_COPY_STRICT,bg+hr+mk+sr
data,sr,A2,356,dreizehnte,trīspadsmitais,Тринадесети,FAMILY_COPY_STRICT,bg+hr+mk+sr
data,fi,A2,356,dreizehnte,trīspadsmitais,Kolmeteistkümnes,FAMILY_COPY_STRICT,fi+sv
data,sv,A2,356,dreizehnte,trīspadsmitais,Kolmeteistkümnes,FAMILY_COPY_STRICT,fi+sv
data,is,A2,356,dreizehnte,trīspadsmitais,Kolmeštíšíks,FAMILY_COPY_STRICT,is+nb+nn
data,nb,A2,356,dreizehnte,trīspadsmitais,Kolmeštíšíks,FAMILY_COPY_STRICT,is+nb+nn
data,nn,A2,356,dreizehnte,trīspadsmitais,Kolmeštíšíks,FAMILY_COPY_STRICT,is+nb+nn
data,it,A2,356,dreizehnte,trīspadsmitais,Trispadsmitais,FAMILY_COPY_STRICT,it+pt
data,pt,A2,356,dreizehnte,trīspadsmitais,Trispadsmitais,FAMILY_COPY_STRICT,it+pt
data,lb,A2,356,dreizehnte,trīspadsmitais,Trīspadsmitais,FAMILY_COPY_STRICT,lb+nl
data,nl,A2,356,dreizehnte,trīspadsmitais,Trīspadsmitais,FAMILY_COPY_STRICT,lb+nl
data,sl,A2,357,drinnen,iekšā,iekšā,SAME_AS_LV_CASEFOLD,exact
data,sl,A2,357,drinnen,iekšā,iekšā,LV_DIACRITIC,
data,sl,A2,357,drinnen,iekšā,iekšā,MARKER_LEAK,lv_macron_consonant
data,sr,A2,357,drinnen,iekšā,Unutra,SCRIPT_MISMATCH,sr_as_cyrillic
data,sr,A2,357,drinnen,iekšā,Unutra,MARKER_LEAK,latin_in_cyrillic
data,fi,A2,357,drinnen,iekšā,Sees,FAMILY_COPY_STRICT,fi+sv
data,sv,A2,357,drinnen,iekšā,Sees,FAMILY_COPY_STRICT,fi+sv
data,hr,A2,357,drinnen,iekšā,Unutra,FAMILY_COPY_STRICT,hr+sr
data,sr,A2,357,drinnen,iekšā,Unutra,FAMILY_COPY_STRICT,hr+sr
data,is,A2,357,drinnen,iekšā,Vi ses,FAMILY_COPY_STRICT,is+nb+nn
data,nb,A2,357,drinnen,iekšā,Vi ses,FAMILY_COPY_STRICT,is+nb+nn
data,nn,A2,357,drinnen,iekšā,Vi ses,FAMILY_COPY_STRICT,is+nb+nn
data,hr,A2,358,Drittel,trešdaļa,Трето,SCRIPT_MISMATCH,
data,hr,A2,358,Drittel,trešdaļa,Трето,MARKER_LEAK,foreign_script
data,it,A2,358,Drittel,trešdaļa,Trešdaųa,LV_DIACRITIC,
data,lb,A2,358,Drittel,trešdaļa,Trešdaļa,SAME_AS_LV_CASEFOLD,casefold_only
data,lb,A2,358,Drittel,trešdaļa,Trešdaļa,LV_DIACRITIC,
data,lb,A2,358,Drittel,trešdaļa,Trešdaļa,MARKER_LEAK,lv_macron_consonant
data,nl,A2,358,Drittel,trešdaļa,Trešdaļa,SAME_AS_LV_CASEFOLD,casefold_only
data,nl,A2,358,Drittel,trešdaļa,Trešdaļa,LV_DIACRITIC,
data,nl,A2,358,Drittel,trešdaļa,Trešdaļa,MARKER_LEAK,lv_macron_consonant
data,pt,A2,358,Drittel,trešdaļa,Trešdaųa,LV_DIACRITIC,
data,sl,A2,358,Drittel,trešdaļa,trešdaļa,SAME_AS_LV_CASEFOLD,exact
data,sl,A2,358,Drittel,trešdaļa,trešdaļa,LV_DIACRITIC,
data,sl,A2,358,Drittel,trešdaļa,trešdaļa,MARKER_LEAK,lv_macron_consonant
data,bg,A2,358,Drittel,trešdaļa,Трето,FAMILY_COPY_STRICT,bg+hr+mk+sr
data,hr,A2,358,Drittel,trešdaļa,Трето,FAMILY_COPY_STRICT,bg+hr+mk+sr
data,mk,A2,358,Drittel,trešdaļa,Трето,FAMILY_COPY_STRICT,bg+hr+mk+sr
data,sr,A2,358,Drittel,trešdaļa,Трето,FAMILY_COPY_STRICT,bg+hr+mk+sr
data,fi,A2,358,Drittel,trešdaļa,Kolmandik,FAMILY_COPY_STRICT,fi+is+nb+nn+sv
data,is,A2,358,Drittel,trešdaļa,Kolmandik,FAMILY_COPY_STRICT,fi+is+nb+nn+sv
data,nb,A2,358,Drittel,trešdaļa,Kolmandik,FAMILY_COPY_STRICT,fi+is+nb+nn+sv
data,nn,A2,358,Drittel,trešdaļa,Kolmandik,FAMILY_COPY_STRICT,fi+is+nb+nn+sv
data,sv,A2,358,Drittel,trešdaļa,Kolmandik,FAMILY_COPY_STRICT,fi+is+nb+nn+sv
data,it,A2,358,Drittel,trešdaļa,Trešdaųa,FAMILY_COPY_STRICT,it+pt
data,pt,A2,358,Drittel,trešdaļa,Trešdaųa,FAMILY_COPY_STRICT,it+pt
data,lb,A2,358,Drittel,trešdaļa,Trešdaļa,FAMILY_COPY_STRICT,lb+nl
data,nl,A2,358,Drittel,trešdaļa,Trešdaļa,FAMILY_COPY_STRICT,lb+nl
data,hr,A2,359,drüben,otrā pusē • tur pāri,От друга страна • Дръжте се,SCRIPT_MISMATCH,
data,hr,A2,359,drüben,otrā pusē • tur pāri,От друга страна • Дръжте се,MARKER_LEAK,foreign_script
data,it,A2,359,drüben,otrā pusē • tur pāri,Otrā pusē • Tur pāri,SAME_AS_LV_CASEFOLD,casefold_only
data,it,A2,359,drüben,otrā pusē • tur pāri,Otrā pusē • Tur pāri,LV_DIACRITIC,
data,it,A2,359,drüben,otrā pusē • tur pāri,Otrā pusē • Tur pāri,MARKER_LEAK,lv_macron_consonant
data,lb,A2,359,drüben,otrā pusē • tur pāri,Otrā pusē • Tur pāri,SAME_AS_LV_CASEFOLD,casefold_only
data,lb,A2,359,drüben,otrā pusē • tur pāri,Otrā pusē • Tur pāri,LV_DIACRITIC,
data,lb,A2,359,drüben,otrā pusē • tur pāri,Otrā pusē • Tur pāri,MARKER_LEAK,lv_macron_consonant
data,nl,A2,359,drüben,otrā pusē • tur pāri,Otrā pusē • Tur pāri,SAME_AS_LV_CASEFOLD,casefold_only
data,nl,A2,359,drüben,otrā pusē • tur pāri,Otrā pusē • Tur pāri,LV_DIACRITIC,
data,nl,A2,359,drüben,otrā pusē • tur pāri,Otrā pusē • Tur pāri,MARKER_LEAK,lv_macron_consonant
data,pt,A2,359,drüben,otrā pusē • tur pāri,Outro pusē • Tur pari,LV_DIACRITIC,
data,pt,A2,359,drüben,otrā pusē • tur pāri,Outro pusē • Tur pari,MARKER_LEAK,lv_macron_consonant
data,sl,A2,359,drüben,otrā pusē • tur pāri,otrā pusē • tur pāri,SAME_AS_LV_CASEFOLD,exact
data,sl,A2,359,drüben,otrā pusē • tur pāri,otrā pusē • tur pāri,LV_DIACRITIC,
data,sl,A2,359,drüben,otrā pusē • tur pāri,otrā pusē • tur pāri,MARKER_LEAK,lv_macron_consonant
data,sq,A2,359,drüben,otrā pusē • tur pāri,Diğer tarafta • Basılı tutun,MARKER_LEAK,tr_soft
data,bg,A2,359,drüben,otrā pusē • tur pāri,От друга страна • Дръжте се,FAMILY_COPY_STRICT,bg+hr+mk+sr
data,hr,A2,359,drüben,otrā pusē • tur pāri,От друга страна • Дръжте се,FAMILY_COPY_STRICT,bg+hr+mk+sr
data,mk,A2,359,drüben,otrā pusē • tur pāri,От друга страна • Дръжте се,FAMILY_COPY_STRICT,bg+hr+mk+sr
data,sr,A2,359,drüben,otrā pusē • tur pāri,От друга страна • Дръжте се,FAMILY_COPY_STRICT,bg+hr+mk+sr
data,fi,A2,359,drüben,otrā pusē • tur pāri,Teisel pool • Sealpool,FAMILY_COPY_STRICT,fi+sv
data,sv,A2,359,drüben,otrā pusē • tur pāri,Teisel pool • Sealpool,FAMILY_COPY_STRICT,fi+sv
data,is,A2,359,drüben,otrā pusē • tur pāri,Teiselbasseng • Selbasseng,FAMILY_COPY_STRICT,is+nb+nn
data,nb,A2,359,drüben,otrā pusē • tur pāri,Teiselbasseng • Selbasseng,FAMILY_COPY_STRICT,is+nb+nn
data,nn,A2,359,drüben,otrā pusē • tur pāri,Teiselbasseng • Selbasseng,FAMILY_COPY_STRICT,is+nb+nn
data,it,A2,359,drüben,otrā pusē • tur pāri,Otrā pusē • Tur pāri,FAMILY_COPY_STRICT,it+lb+nl
data,lb,A2,359,drüben,otrā pusē • tur pāri,Otrā pusē • Tur pāri,FAMILY_COPY_STRICT,it+lb+nl
data,nl,A2,359,drüben,otrā pusē • tur pāri,Otrā pusē • Tur pāri,FAMILY_COPY_STRICT,it+lb+nl
data,sq,A2,359,drüben,otrā pusē • tur pāri,Diğer tarafta • Basılı tutun,FAMILY_COPY_STRICT,sq+tr
data,tr,A2,359,drüben,otrā pusē • tur pāri,Diğer tarafta • Basılı tutun,FAMILY_COPY_STRICT,sq+tr
data,hr,A2,360,drücken,spiest,Кликнете,SCRIPT_MISMATCH,
data,hr,A2,360,drücken,spiest,Кликнете,MARKER_LEAK,foreign_script
data,lb,A2,360,drücken,spiest,Spiest,SAME_AS_LV_CASEFOLD,casefold_only
data,nl,A2,360,drücken,spiest,Spiest,SAME_AS_LV_CASEFOLD,casefold_only
data,sl,A2,360,drücken,spiest,spiest,SAME_AS_LV_CASEFOLD,exact
data,bg,A2,360,drücken,spiest,Кликнете,FAMILY_COPY_STRICT,bg+hr+mk+sr
data,hr,A2,360,drücken,spiest,Кликнете,FAMILY_COPY_STRICT,bg+hr+mk+sr
data,mk,A2,360,drücken,spiest,Кликнете,FAMILY_COPY_STRICT,bg+hr+mk+sr
data,sr,A2,360,drücken,spiest,Кликнете,FAMILY_COPY_STRICT,bg+hr+mk+sr
data,fi,A2,360,drücken,spiest,Vajutama,FAMILY_COPY_STRICT,fi+sv
data,sv,A2,360,drücken,spiest,Vajutama,FAMILY_COPY_STRICT,fi+sv
data,is,A2,360,drücken,spiest,Vayutama,FAMILY_COPY_STRICT,is+nb+nn
data,nb,A2,360,drücken,spiest,Vayutama,FAMILY_COPY_STRICT,is+nb+nn
data,nn,A2,360,drücken,spiest,Vayutama,FAMILY_COPY_STRICT,is+nb+nn
data,lb,A2,360,drücken,spiest,Spiest,FAMILY_COPY_STRICT,lb+nl
data,nl,A2,360,drücken,spiest,Spiest,FAMILY_COPY_STRICT,lb+nl
data,sq,A2,360,drücken,spiest,Basmak,FAMILY_COPY_STRICT,sq+tr
data,tr,A2,360,drücken,spiest,Basmak,FAMILY_COPY_STRICT,sq+tr
data,hr,A2,361,Drucker,printeris,Принтер,SCRIPT_MISMATCH,
data,hr,A2,361,Drucker,printeris,Принтер,MARKER_LEAK,foreign_script
data,nl,A2,361,Drucker,printeris,Printeris,SAME_AS_LV_CASEFOLD,casefold_only
data,sl,A2,361,Drucker,printeris,printeris,SAME_AS_LV_CASEFOLD,exact
data,sq,A2,361,Drucker,printeris,Yazıcı,MARKER_LEAK,tr_soft
data,bg,A2,361,Drucker,printeris,Принтер,FAMILY_COPY_STRICT,bg+hr+mk+ru+sr
data,hr,A2,361,Drucker,printeris,Принтер,FAMILY_COPY_STRICT,bg+hr+mk+ru+sr
data,mk,A2,361,Drucker,printeris,Принтер,FAMILY_COPY_STRICT,bg+hr+mk+ru+sr
data,ru,A2,361,Drucker,printeris,Принтер,FAMILY_COPY_STRICT,bg+hr+mk+ru+sr
data,sr,A2,361,Drucker,printeris,Принтер,FAMILY_COPY_STRICT,bg+hr+mk+ru+sr
data,sq,A2,361,Drucker,printeris,Yazıcı,FAMILY_COPY_STRICT,sq+tr
data,tr,A2,361,Drucker,printeris,Yazıcı,FAMILY_COPY_STRICT,sq+tr
data,hr,A2,362,dumm,muļķīgs • dumjš,Глупав • Глупав,SCRIPT_MISMATCH,
data,hr,A2,362,dumm,muļķīgs • dumjš,Глупав • Глупав,MARKER_LEAK,foreign_script
data,it,A2,362,dumm,muļķīgs • dumjš,Mu ? ? ? gs • Dumjš,LV_DIACRITIC,
data,lb,A2,362,dumm,muļķīgs • dumjš,Muļķīgs • Dumjš,SAME_AS_LV_CASEFOLD,casefold_only
data,lb,A2,362,dumm,muļķīgs • dumjš,Muļķīgs • Dumjš,LV_DIACRITIC,
data,lb,A2,362,dumm,muļķīgs • dumjš,Muļķīgs • Dumjš,MARKER_LEAK,lv_macron_consonant
data,nl,A2,362,dumm,muļķīgs • dumjš,Muļķīgs • Dumjš,SAME_AS_LV_CASEFOLD,casefold_only
data,nl,A2,362,dumm,muļķīgs • dumjš,Muļķīgs • Dumjš,LV_DIACRITIC,
data,nl,A2,362,dumm,muļķīgs • dumjš,Muļķīgs • Dumjš,MARKER_LEAK,lv_macron_consonant
data,pt,A2,362,dumm,muļķīgs • dumjš,Mu? ? ? gs • Dumjš,LV_DIACRITIC,
data,sl,A2,362,dumm,muļķīgs • dumjš,muļķīgs • dumjš,SAME_AS_LV_CASEFOLD,exact
data,sl,A2,362,dumm,muļķīgs • dumjš,muļķīgs • dumjš,LV_DIACRITIC,
data,sl,A2,362,dumm,muļķīgs • dumjš,muļķīgs • dumjš,MARKER_LEAK,lv_macron_consonant
data,bg,A2,362,dumm,muļķīgs • dumjš,Глупав • Глупав,FAMILY_COPY_STRICT,bg+hr+mk+sr
data,hr,A2,362,dumm,muļķīgs • dumjš,Глупав • Глупав,FAMILY_COPY_STRICT,bg+hr+mk+sr
data,mk,A2,362,dumm,muļķīgs • dumjš,Глупав • Глупав,FAMILY_COPY_STRICT,bg+hr+mk+sr
data,sr,A2,362,dumm,muļķīgs • dumjš,Глупав • Глупав,FAMILY_COPY_STRICT,bg+hr+mk+sr
data,fi,A2,362,dumm,muļķīgs • dumjš,Rumal • Loll,FAMILY_COPY_STRICT,fi+is+nb+nn+sv
data,is,A2,362,dumm,muļķīgs • dumjš,Rumal • Loll,FAMILY_COPY_STRICT,fi+is+nb+nn+sv
data,nb,A2,362,dumm,muļķīgs • dumjš,Rumal • Loll,FAMILY_COPY_STRICT,fi+is+nb+nn+sv
data,nn,A2,362,dumm,muļķīgs • dumjš,Rumal • Loll,FAMILY_COPY_STRICT,fi+is+nb+nn+sv
data,sv,A2,362,dumm,muļķīgs • dumjš,Rumal • Loll,FAMILY_COPY_STRICT,fi+is+nb+nn+sv
data,lb,A2,362,dumm,muļķīgs • dumjš,Muļķīgs • Dumjš,FAMILY_COPY_STRICT,lb+nl
data,nl,A2,362,dumm,muļķīgs • dumjš,Muļķīgs • Dumjš,FAMILY_COPY_STRICT,lb+nl
data,sq,A2,362,dumm,muļķīgs • dumjš,Aptal • Aptal,FAMILY_COPY_STRICT,sq+tr
data,tr,A2,362,dumm,muļķīgs • dumjš,Aptal • Aptal,FAMILY_COPY_STRICT,sq+tr
data,hr,A2,363,dunkel,tumšs • neskaidrs,Тъмно • Неясно,SCRIPT_MISMATCH,
data,hr,A2,363,dunkel,tumšs • neskaidrs,Тъмно • Неясно,MARKER_LEAK,foreign_script
data,it,A2,363,dunkel,tumšs • neskaidrs,Tumšs • Neskaidrs,SAME_AS_LV_CASEFOLD,casefold_only
data,it,A2,363,dunkel,tumšs • neskaidrs,Tumšs • Neskaidrs,LV_DIACRITIC,
data,lb,A2,363,dunkel,tumšs • neskaidrs,Tumšs • Neskaidrs,SAME_AS_LV_CASEFOLD,casefold_only
data,lb,A2,363,dunkel,tumšs • neskaidrs,Tumšs • Neskaidrs,LV_DIACRITIC,
data,nl,A2,363,dunkel,tumšs • neskaidrs,Tumšs • Neskaidrs,SAME_AS_LV_CASEFOLD,casefold_only
data,nl,A2,363,dunkel,tumšs • neskaidrs,Tumšs • Neskaidrs,LV_DIACRITIC,
data,pt,A2,363,dunkel,tumšs • neskaidrs,Tumšs • Neskaidrs,SAME_AS_LV_CASEFOLD,casefold_only
data,pt,A2,363,dunkel,tumšs • neskaidrs,Tumšs • Neskaidrs,LV_DIACRITIC,
data,sl,A2,363,dunkel,tumšs • neskaidrs,tumšs • neskaidrs,SAME_AS_LV_CASEFOLD,exact
data,bg,A2,363,dunkel,tumšs • neskaidrs,Тъмно • Неясно,FAMILY_COPY_STRICT,bg+hr+mk+sr
data,hr,A2,363,dunkel,tumšs • neskaidrs,Тъмно • Неясно,FAMILY_COPY_STRICT,bg+hr+mk+sr
data,mk,A2,363,dunkel,tumšs • neskaidrs,Тъмно • Неясно,FAMILY_COPY_STRICT,bg+hr+mk+sr
data,sr,A2,363,dunkel,tumšs • neskaidrs,Тъмно • Неясно,FAMILY_COPY_STRICT,bg+hr+mk+sr
data,fi,A2,363,dunkel,tumšs • neskaidrs,Tume • Ebaselge,FAMILY_COPY_STRICT,fi+is+nb+nn+sv
data,is,A2,363,dunkel,tumšs • neskaidrs,Tume • Ebaselge,FAMILY_COPY_STRICT,fi+is+nb+nn+sv
data,nb,A2,363,dunkel,tumšs • neskaidrs,Tume • Ebaselge,FAMILY_COPY_STRICT,fi+is+nb+nn+sv
data,nn,A2,363,dunkel,tumšs • neskaidrs,Tume • Ebaselge,FAMILY_COPY_STRICT,fi+is+nb+nn+sv
data,sv,A2,363,dunkel,tumšs • neskaidrs,Tume • Ebaselge,FAMILY_COPY_STRICT,fi+is+nb+nn+sv
data,it,A2,363,dunkel,tumšs • neskaidrs,Tumšs • Neskaidrs,FAMILY_COPY_STRICT,it+lb+nl+pt
data,lb,A2,363,dunkel,tumšs • neskaidrs,Tumšs • Neskaidrs,FAMILY_COPY_STRICT,it+lb+nl+pt
data,nl,A2,363,dunkel,tumšs • neskaidrs,Tumšs • Neskaidrs,FAMILY_COPY_STRICT,it+lb+nl+pt
data,pt,A2,363,dunkel,tumšs • neskaidrs,Tumšs • Neskaidrs,FAMILY_COPY_STRICT,it+lb+nl+pt
data,fi,A2,364,dünn,plāns,Õhuke,MARKER_LEAK,et_otilde
data,nl,A2,364,dünn,plāns,Plāns,SAME_AS_LV_CASEFOLD,casefold_only
data,nl,A2,364,dünn,plāns,Plāns,LV_DIACRITIC,
data,nl,A2,364,dünn,plāns,Plāns,MARKER_LEAK,lv_macron_consonant
data,sl,A2,364,dünn,plāns,plāns,SAME_AS_LV_CASEFOLD,exact
data,sl,A2,364,dünn,plāns,plāns,LV_DIACRITIC,
data,sl,A2,364,dünn,plāns,plāns,MARKER_LEAK,lv_macron_consonant
data,sr,A2,364,dünn,plāns,Plan,SCRIPT_MISMATCH,sr_as_cyrillic
data,sr,A2,364,dünn,plāns,Plan,MARKER_LEAK,latin_in_cyrillic
data,sv,A2,364,dünn,plāns,Õhuke,MARKER_LEAK,et_otilde
data,bg,A2,364,dünn,plāns,Планирайте,FAMILY_COPY_STRICT,bg+mk
data,mk,A2,364,dünn,plāns,Планирайте,FAMILY_COPY_STRICT,bg+mk
data,fi,A2,364,dünn,plāns,Õhuke,FAMILY_COPY_STRICT,fi+sv
data,sv,A2,364,dünn,plāns,Õhuke,FAMILY_COPY_STRICT,fi+sv
data,is,A2,364,dünn,plāns,Uhuke,FAMILY_COPY_STRICT,is+nb+nn
data,nb,A2,364,dünn,plāns,Uhuke,FAMILY_COPY_STRICT,is+nb+nn
data,nn,A2,364,dünn,plāns,Uhuke,FAMILY_COPY_STRICT,is+nb+nn
data,hr,A2,365,durch,caur,Преку,SCRIPT_MISMATCH,
data,hr,A2,365,durch,caur,Преку,MARKER_LEAK,foreign_script
data,it,A2,365,durch,caur,Caur,SAME_AS_LV_CASEFOLD,casefold_only
data,lb,A2,365,durch,caur,Caur,SAME_AS_LV_CASEFOLD,casefold_only
data,nl,A2,365,durch,caur,Caur,SAME_AS_LV_CASEFOLD,casefold_only
data,pt,A2,365,durch,caur,Caur,SAME_AS_LV_CASEFOLD,casefold_only
data,sl,A2,365,durch,caur,caur,SAME_AS_LV_CASEFOLD,exact
data,sq,A2,365,durch,caur,İle,MARKER_LEAK,tr_soft
data,fi,A2,365,durch,caur,Läbi,FAMILY_COPY_STRICT,fi+is+nb+nn+sv
data,is,A2,365,durch,caur,Läbi,FAMILY_COPY_STRICT,fi+is+nb+nn+sv
data,nb,A2,365,durch,caur,Läbi,FAMILY_COPY_STRICT,fi+is+nb+nn+sv
data,nn,A2,365,durch,caur,Läbi,FAMILY_COPY_STRICT,fi+is+nb+nn+sv
data,sv,A2,365,durch,caur,Läbi,FAMILY_COPY_STRICT,fi+is+nb+nn+sv
data,hr,A2,365,durch,caur,Преку,FAMILY_COPY_STRICT,hr+mk+sr
data,mk,A2,365,durch,caur,Преку,FAMILY_COPY_STRICT,hr+mk+sr
data,sr,A2,365,durch,caur,Преку,FAMILY_COPY_STRICT,hr+mk+sr
data,it,A2,365,durch,caur,Caur,FAMILY_COPY_STRICT,it+lb+nl+pt
data,lb,A2,365,durch,caur,Caur,FAMILY_COPY_STRICT,it+lb+nl+pt
data,nl,A2,365,durch,caur,Caur,FAMILY_COPY_STRICT,it+lb+nl+pt
data,pt,A2,365,durch,caur,Caur,FAMILY_COPY_STRICT,it+lb+nl+pt
data,sq,A2,365,durch,caur,İle,FAMILY_COPY_STRICT,sq+tr
data,tr,A2,365,durch,caur,İle,FAMILY_COPY_STRICT,sq+tr
data,hr,A2,366,Durst,slāpes,Жажда,SCRIPT_MISMATCH,
data,hr,A2,366,Durst,slāpes,Жажда,MARKER_LEAK,foreign_script
data,lb,A2,366,Durst,slāpes,Slāpes,SAME_AS_LV_CASEFOLD,casefold_only
data,lb,A2,366,Durst,slāpes,Slāpes,LV_DIACRITIC,
data,lb,A2,366,Durst,slāpes,Slāpes,MARKER_LEAK,lv_macron_consonant
data,nl,A2,366,Durst,slāpes,Slāpes,SAME_AS_LV_CASEFOLD,casefold_only
data,nl,A2,366,Durst,slāpes,Slāpes,LV_DIACRITIC,
data,nl,A2,366,Durst,slāpes,Slāpes,MARKER_LEAK,lv_macron_consonant
data,sl,A2,366,Durst,slāpes,slāpes,SAME_AS_LV_CASEFOLD,exact
data,sl,A2,366,Durst,slāpes,slāpes,LV_DIACRITIC,
data,sl,A2,366,Durst,slāpes,slāpes,MARKER_LEAK,lv_macron_consonant
data,bg,A2,366,Durst,slāpes,Жажда,FAMILY_COPY_STRICT,bg+hr+mk+ru+sr
data,hr,A2,366,Durst,slāpes,Жажда,FAMILY_COPY_STRICT,bg+hr+mk+ru+sr
data,mk,A2,366,Durst,slāpes,Жажда,FAMILY_COPY_STRICT,bg+hr+mk+ru+sr
data,ru,A2,366,Durst,slāpes,Жажда,FAMILY_COPY_STRICT,bg+hr+mk+ru+sr
data,sr,A2,366,Durst,slāpes,Жажда,FAMILY_COPY_STRICT,bg+hr+mk+ru+sr
data,fi,A2,366,Durst,slāpes,Janu,FAMILY_COPY_STRICT,fi+sv
data,sv,A2,366,Durst,slāpes,Janu,FAMILY_COPY_STRICT,fi+sv
data,is,A2,366,Durst,slāpes,Januar,FAMILY_COPY_STRICT,is+nb+nn
data,nb,A2,366,Durst,slāpes,Januar,FAMILY_COPY_STRICT,is+nb+nn
data,nn,A2,366,Durst,slāpes,Januar,FAMILY_COPY_STRICT,is+nb+nn
data,lb,A2,366,Durst,slāpes,Slāpes,FAMILY_COPY_STRICT,lb+nl
data,nl,A2,366,Durst,slāpes,Slāpes,FAMILY_COPY_STRICT,lb+nl
data,pl,A2,366,Durst,slāpes,Pragnienie,FAMILY_COPY_STRICT,pl+sq+tr
data,sq,A2,366,Durst,slāpes,Pragnienie,FAMILY_COPY_STRICT,pl+sq+tr
data,tr,A2,366,Durst,slāpes,Pragnienie,FAMILY_COPY_STRICT,pl+sq+tr
data,hr,A2,367,durstig,izslāpis,Жаден,SCRIPT_MISMATCH,
data,hr,A2,367,durstig,izslāpis,Жаден,MARKER_LEAK,foreign_script
data,it,A2,367,durstig,izslāpis,Izslāpis,SAME_AS_LV_CASEFOLD,casefold_only
data,it,A2,367,durstig,izslāpis,Izslāpis,LV_DIACRITIC,
data,it,A2,367,durstig,izslāpis,Izslāpis,MARKER_LEAK,lv_macron_consonant
data,lb,A2,367,durstig,izslāpis,Izslāpis,SAME_AS_LV_CASEFOLD,casefold_only
data,lb,A2,367,durstig,izslāpis,Izslāpis,LV_DIACRITIC,
data,lb,A2,367,durstig,izslāpis,Izslāpis,MARKER_LEAK,lv_macron_consonant
data,nl,A2,367,durstig,izslāpis,Izslāpis,SAME_AS_LV_CASEFOLD,casefold_only
data,nl,A2,367,durstig,izslāpis,Izslāpis,LV_DIACRITIC,
data,nl,A2,367,durstig,izslāpis,Izslāpis,MARKER_LEAK,lv_macron_consonant
data,sl,A2,367,durstig,izslāpis,izslāpis,SAME_AS_LV_CASEFOLD,exact
data,sl,A2,367,durstig,izslāpis,izslāpis,LV_DIACRITIC,
data,sl,A2,367,durstig,izslāpis,izslāpis,MARKER_LEAK,lv_macron_consonant
data,bg,A2,367,durstig,izslāpis,Жаден,FAMILY_COPY_STRICT,bg+hr+mk+sr
data,hr,A2,367,durstig,izslāpis,Жаден,FAMILY_COPY_STRICT,bg+hr+mk+sr
data,mk,A2,367,durstig,izslāpis,Жаден,FAMILY_COPY_STRICT,bg+hr+mk+sr
data,sr,A2,367,durstig,izslāpis,Жаден,FAMILY_COPY_STRICT,bg+hr+mk+sr
data,fi,A2,367,durstig,izslāpis,Janune,FAMILY_COPY_STRICT,fi+sv
data,sv,A2,367,durstig,izslāpis,Janune,FAMILY_COPY_STRICT,fi+sv
data,is,A2,367,durstig,izslāpis,Januar,FAMILY_COPY_STRICT,is+nb+nn
data,nb,A2,367,durstig,izslāpis,Januar,FAMILY_COPY_STRICT,is+nb+nn
data,nn,A2,367,durstig,izslāpis,Januar,FAMILY_COPY_STRICT,is+nb+nn
data,it,A2,367,durstig,izslāpis,Izslāpis,FAMILY_COPY_STRICT,it+lb+nl
data,lb,A2,367,durstig,izslāpis,Izslāpis,FAMILY_COPY_STRICT,it+lb+nl
data,nl,A2,367,durstig,izslāpis,Izslāpis,FAMILY_COPY_STRICT,it+lb+nl
data,sq,A2,367,durstig,izslāpis,Susuz,FAMILY_COPY_STRICT,sq+tr
data,tr,A2,367,durstig,izslāpis,Susuz,FAMILY_COPY_STRICT,sq+tr
data,gr,A2,368,e-mailen,nosūtīt e-pastu,Για να στείλετε ένα e-mail,SCRIPT_MISMATCH,
data,gr,A2,368,e-mailen,nosūtīt e-pastu,Για να στείλετε ένα e-mail,MARKER_LEAK,latin_in_greek
data,hr,A2,368,e-mailen,nosūtīt e-pastu,Изпратете имейл,SCRIPT_MISMATCH,
data,hr,A2,368,e-mailen,nosūtīt e-pastu,Изпратете имейл,MARKER_LEAK,foreign_script
data,it,A2,368,e-mailen,nosūtīt e-pastu,Nosūtīt e-pastu,SAME_AS_LV_CASEFOLD,casefold_only
data,it,A2,368,e-mailen,nosūtīt e-pastu,Nosūtīt e-pastu,LV_DIACRITIC,
data,it,A2,368,e-mailen,nosūtīt e-pastu,Nosūtīt e-pastu,MARKER_LEAK,lv_macron_consonant+lv_u_macron
data,lb,A2,368,e-mailen,nosūtīt e-pastu,Nosūtīt e-pastu,SAME_AS_LV_CASEFOLD,casefold_only
data,lb,A2,368,e-mailen,nosūtīt e-pastu,Nosūtīt e-pastu,LV_DIACRITIC,
data,lb,A2,368,e-mailen,nosūtīt e-pastu,Nosūtīt e-pastu,MARKER_LEAK,lv_macron_consonant+lv_u_macron
data,nl,A2,368,e-mailen,nosūtīt e-pastu,Nosūtīt e-pastu,SAME_AS_LV_CASEFOLD,casefold_only
data,nl,A2,368,e-mailen,nosūtīt e-pastu,Nosūtīt e-pastu,LV_DIACRITIC,
data,nl,A2,368,e-mailen,nosūtīt e-pastu,Nosūtīt e-pastu,MARKER_LEAK,lv_macron_consonant+lv_u_macron
data,pt,A2,368,e-mailen,nosūtīt e-pastu,Nosūtīt e-pastu,SAME_AS_LV_CASEFOLD,casefold_only
data,pt,A2,368,e-mailen,nosūtīt e-pastu,Nosūtīt e-pastu,LV_DIACRITIC,
data,pt,A2,368,e-mailen,nosūtīt e-pastu,Nosūtīt e-pastu,MARKER_LEAK,lv_macron_consonant+lv_u_macron
data,sl,A2,368,e-mailen,nosūtīt e-pastu,nosūtīt e-pastu,SAME_AS_LV_CASEFOLD,exact
data,sl,A2,368,e-mailen,nosūtīt e-pastu,nosūtīt e-pastu,LV_DIACRITIC,
data,sl,A2,368,e-mailen,nosūtīt e-pastu,nosūtīt e-pastu,MARKER_LEAK,lv_macron_consonant+lv_u_macron
data,bg,A2,368,e-mailen,nosūtīt e-pastu,Изпратете имейл,FAMILY_COPY_STRICT,bg+hr+mk+sr
data,hr,A2,368,e-mailen,nosūtīt e-pastu,Изпратете имейл,FAMILY_COPY_STRICT,bg+hr+mk+sr
data,mk,A2,368,e-mailen,nosūtīt e-pastu,Изпратете имейл,FAMILY_COPY_STRICT,bg+hr+mk+sr
data,sr,A2,368,e-mailen,nosūtīt e-pastu,Изпратете имейл,FAMILY_COPY_STRICT,bg+hr+mk+sr
data,fi,A2,368,e-mailen,nosūtīt e-pastu,E-kirja saatma,FAMILY_COPY_STRICT,fi+is+nb+nn+sv
data,is,A2,368,e-mailen,nosūtīt e-pastu,E-kirja saatma,FAMILY_COPY_STRICT,fi+is+nb+nn+sv
data,nb,A2,368,e-mailen,nosūtīt e-pastu,E-kirja saatma,FAMILY_COPY_STRICT,fi+is+nb+nn+sv
data,nn,A2,368,e-mailen,nosūtīt e-pastu,E-kirja saatma,FAMILY_COPY_STRICT,fi+is+nb+nn+sv
data,sv,A2,368,e-mailen,nosūtīt e-pastu,E-kirja saatma,FAMILY_COPY_STRICT,fi+is+nb+nn+sv
data,it,A2,368,e-mailen,nosūtīt e-pastu,Nosūtīt e-pastu,FAMILY_COPY_STRICT,it+lb+nl+pt
data,lb,A2,368,e-mailen,nosūtīt e-pastu,Nosūtīt e-pastu,FAMILY_COPY_STRICT,it+lb+nl+pt
data,nl,A2,368,e-mailen,nosūtīt e-pastu,Nosūtīt e-pastu,FAMILY_COPY_STRICT,it+lb+nl+pt
data,pt,A2,368,e-mailen,nosūtīt e-pastu,Nosūtīt e-pastu,FAMILY_COPY_STRICT,it+lb+nl+pt
data,sq,A2,368,e-mailen,nosūtīt e-pastu,E-posta gönder,FAMILY_COPY_STRICT,sq+tr
data,tr,A2,368,e-mailen,nosūtīt e-pastu,E-posta gönder,FAMILY_COPY_STRICT,sq+tr
data,hr,A2,369,eben,tikko,Точно сега,SCRIPT_MISMATCH,
data,hr,A2,369,eben,tikko,Точно сега,MARKER_LEAK,foreign_script
data,it,A2,369,eben,tikko,Tikko,SAME_AS_LV_CASEFOLD,casefold_only
data,lb,A2,369,eben,tikko,Tikko,SAME_AS_LV_CASEFOLD,casefold_only
data,nl,A2,369,eben,tikko,Tikko,SAME_AS_LV_CASEFOLD,casefold_only
data,pt,A2,369,eben,tikko,Tikko,SAME_AS_LV_CASEFOLD,casefold_only
data,sl,A2,369,eben,tikko,tikko,SAME_AS_LV_CASEFOLD,exact
data,bg,A2,369,eben,tikko,Точно сега,FAMILY_COPY_STRICT,bg+hr+mk+sr
data,hr,A2,369,eben,tikko,Точно сега,FAMILY_COPY_STRICT,bg+hr+mk+sr
data,mk,A2,369,eben,tikko,Точно сега,FAMILY_COPY_STRICT,bg+hr+mk+sr
data,sr,A2,369,eben,tikko,Точно сега,FAMILY_COPY_STRICT,bg+hr+mk+sr
data,fi,A2,369,eben,tikko,Just,FAMILY_COPY_STRICT,fi+sv
data,sv,A2,369,eben,tikko,Just,FAMILY_COPY_STRICT,fi+sv
data,is,A2,369,eben,tikko,Akkurat,FAMILY_COPY_STRICT,is+nb+nn
data,nb,A2,369,eben,tikko,Akkurat,FAMILY_COPY_STRICT,is+nb+nn
data,nn,A2,369,eben,tikko,Akkurat,FAMILY_COPY_STRICT,is+nb+nn
data,it,A2,369,eben,tikko,Tikko,FAMILY_COPY_STRICT,it+lb+nl+pt
data,lb,A2,369,eben,tikko,Tikko,FAMILY_COPY_STRICT,it+lb+nl+pt
data,nl,A2,369,eben,tikko,Tikko,FAMILY_COPY_STRICT,it+lb+nl+pt
data,pt,A2,369,eben,tikko,Tikko,FAMILY_COPY_STRICT,it+lb+nl+pt
data,hr,A2,370,ebenfalls,arī • tāpat,Също • По същия начин,SCRIPT_MISMATCH,
data,hr,A2,370,ebenfalls,arī • tāpat,Също • По същия начин,MARKER_LEAK,foreign_script
data,it,A2,370,ebenfalls,arī • tāpat,Ari • Tāpat,LV_DIACRITIC,
data,it,A2,370,ebenfalls,arī • tāpat,Ari • Tāpat,MARKER_LEAK,lv_macron_consonant
data,lb,A2,370,ebenfalls,arī • tāpat,Arī • Tāpat,SAME_AS_LV_CASEFOLD,casefold_only
data,lb,A2,370,ebenfalls,arī • tāpat,Arī • Tāpat,LV_DIACRITIC,
data,lb,A2,370,ebenfalls,arī • tāpat,Arī • Tāpat,MARKER_LEAK,lv_macron_consonant
data,nl,A2,370,ebenfalls,arī • tāpat,Arī • Tāpat,SAME_AS_LV_CASEFOLD,casefold_only
data,nl,A2,370,ebenfalls,arī • tāpat,Arī • Tāpat,LV_DIACRITIC,
data,nl,A2,370,ebenfalls,arī • tāpat,Arī • Tāpat,MARKER_LEAK,lv_macron_consonant
data,sl,A2,370,ebenfalls,arī • tāpat,arī • tāpat,SAME_AS_LV_CASEFOLD,exact
data,sl,A2,370,ebenfalls,arī • tāpat,arī • tāpat,LV_DIACRITIC,
data,sl,A2,370,ebenfalls,arī • tāpat,arī • tāpat,MARKER_LEAK,lv_macron_consonant
data,bg,A2,370,ebenfalls,arī • tāpat,Също • По същия начин,FAMILY_COPY_STRICT,bg+hr+mk+sr
data,hr,A2,370,ebenfalls,arī • tāpat,Също • По същия начин,FAMILY_COPY_STRICT,bg+hr+mk+sr
data,mk,A2,370,ebenfalls,arī • tāpat,Също • По същия начин,FAMILY_COPY_STRICT,bg+hr+mk+sr
data,sr,A2,370,ebenfalls,arī • tāpat,Също • По същия начин,FAMILY_COPY_STRICT,bg+hr+mk+sr
data,fi,A2,370,ebenfalls,arī • tāpat,Ka • Samuti,FAMILY_COPY_STRICT,fi+sv
data,sv,A2,370,ebenfalls,arī • tāpat,Ka • Samuti,FAMILY_COPY_STRICT,fi+sv
data,is,A2,370,ebenfalls,arī • tāpat,Ka • Også,FAMILY_COPY_STRICT,is+nb+nn
data,nb,A2,370,ebenfalls,arī • tāpat,Ka • Også,FAMILY_COPY_STRICT,is+nb+nn
data,nn,A2,370,ebenfalls,arī • tāpat,Ka • Også,FAMILY_COPY_STRICT,is+nb+nn
data,lb,A2,370,ebenfalls,arī • tāpat,Arī • Tāpat,FAMILY_COPY_STRICT,lb+nl
data,nl,A2,370,ebenfalls,arī • tāpat,Arī • Tāpat,FAMILY_COPY_STRICT,lb+nl
data,hr,A2,371,ebenso,tāpat • tieši tāpat,Аналогично • Абсолютно същото,SCRIPT_MISMATCH,
data,hr,A2,371,ebenso,tāpat • tieši tāpat,Аналогично • Абсолютно същото,MARKER_LEAK,foreign_script
data,it,A2,371,ebenso,tāpat • tieši tāpat,Tāpat • Tieši tāpat,SAME_AS_LV_CASEFOLD,casefold_only
data,it,A2,371,ebenso,tāpat • tieši tāpat,Tāpat • Tieši tāpat,LV_DIACRITIC,
data,it,A2,371,ebenso,tāpat • tieši tāpat,Tāpat • Tieši tāpat,MARKER_LEAK,lv_macron_consonant
data,lb,A2,371,ebenso,tāpat • tieši tāpat,Tāpat • Tieši tāpat,SAME_AS_LV_CASEFOLD,casefold_only
data,lb,A2,371,ebenso,tāpat • tieši tāpat,Tāpat • Tieši tāpat,LV_DIACRITIC,
data,lb,A2,371,ebenso,tāpat • tieši tāpat,Tāpat • Tieši tāpat,MARKER_LEAK,lv_macron_consonant
data,nl,A2,371,ebenso,tāpat • tieši tāpat,Tāpat • Tieši tāpat,SAME_AS_LV_CASEFOLD,casefold_only
data,nl,A2,371,ebenso,tāpat • tieši tāpat,Tāpat • Tieši tāpat,LV_DIACRITIC,
data,nl,A2,371,ebenso,tāpat • tieši tāpat,Tāpat • Tieši tāpat,MARKER_LEAK,lv_macron_consonant
data,pt,A2,371,ebenso,tāpat • tieši tāpat,Tapat • Tieši tapat,LV_DIACRITIC,
data,sl,A2,371,ebenso,tāpat • tieši tāpat,tāpat • tieši tāpat,SAME_AS_LV_CASEFOLD,exact
data,sl,A2,371,ebenso,tāpat • tieši tāpat,tāpat • tieši tāpat,LV_DIACRITIC,
data,sl,A2,371,ebenso,tāpat • tieši tāpat,tāpat • tieši tāpat,MARKER_LEAK,lv_macron_consonant
data,sq,A2,371,ebenso,tāpat • tieši tāpat,Benzer şekilde • Tamamen aynı,MARKER_LEAK,tr_soft
data,bg,A2,371,ebenso,tāpat • tieši tāpat,Аналогично • Абсолютно същото,FAMILY_COPY_STRICT,bg+hr+mk+sr
data,hr,A2,371,ebenso,tāpat • tieši tāpat,Аналогично • Абсолютно същото,FAMILY_COPY_STRICT,bg+hr+mk+sr
data,mk,A2,371,ebenso,tāpat • tieši tāpat,Аналогично • Абсолютно същото,FAMILY_COPY_STRICT,bg+hr+mk+sr
data,sr,A2,371,ebenso,tāpat • tieši tāpat,Аналогично • Абсолютно същото,FAMILY_COPY_STRICT,bg+hr+mk+sr
data,fi,A2,371,ebenso,tāpat • tieši tāpat,Samuti • Täpselt samuti,FAMILY_COPY_STRICT,fi+sv
data,sv,A2,371,ebenso,tāpat • tieši tāpat,Samuti • Täpselt samuti,FAMILY_COPY_STRICT,fi+sv
data,is,A2,371,ebenso,tāpat • tieši tāpat,Også • Veldig bra også,FAMILY_COPY_STRICT,is+nb+nn
data,nb,A2,371,ebenso,tāpat • tieši tāpat,Også • Veldig bra også,FAMILY_COPY_STRICT,is+nb+nn
data,nn,A2,371,ebenso,tāpat • tieši tāpat,Også • Veldig bra også,FAMILY_COPY_STRICT,is+nb+nn
data,it,A2,371,ebenso,tāpat • tieši tāpat,Tāpat • Tieši tāpat,FAMILY_COPY_STRICT,it+lb+nl
data,lb,A2,371,ebenso,tāpat • tieši tāpat,Tāpat • Tieši tāpat,FAMILY_COPY_STRICT,it+lb+nl
data,nl,A2,371,ebenso,tāpat • tieši tāpat,Tāpat • Tieši tāpat,FAMILY_COPY_STRICT,it+lb+nl
data,sq,A2,371,ebenso,tāpat • tieši tāpat,Benzer şekilde • Tamamen aynı,FAMILY_COPY_STRICT,sq+tr
data,tr,A2,371,ebenso,tāpat • tieši tāpat,Benzer şekilde • Tamamen aynı,FAMILY_COPY_STRICT,sq+tr
data,hr,A2,372,ebenso viel,tikpat daudz,Истата сума,SCRIPT_MISMATCH,
data,hr,A2,372,ebenso viel,tikpat daudz,Истата сума,MARKER_LEAK,foreign_script
data,it,A2,372,ebenso viel,tikpat daudz,Tikpat daudz,SAME_AS_LV_CASEFOLD,casefold_only
data,lb,A2,372,ebenso viel,tikpat daudz,Tikpat daudz,SAME_AS_LV_CASEFOLD,casefold_only
data,nl,A2,372,ebenso viel,tikpat daudz,Tikpat daudz,SAME_AS_LV_CASEFOLD,casefold_only
data,pt,A2,372,ebenso viel,tikpat daudz,Tikpat daudz,SAME_AS_LV_CASEFOLD,casefold_only
data,sl,A2,372,ebenso viel,tikpat daudz,tikpat daudz,SAME_AS_LV_CASEFOLD,exact
data,fi,A2,372,ebenso viel,tikpat daudz,Sama palju,FAMILY_COPY_STRICT,fi+sv
data,sv,A2,372,ebenso viel,tikpat daudz,Sama palju,FAMILY_COPY_STRICT,fi+sv
data,hr,A2,372,ebenso viel,tikpat daudz,Истата сума,FAMILY_COPY_STRICT,hr+mk+sr
data,mk,A2,372,ebenso viel,tikpat daudz,Истата сума,FAMILY_COPY_STRICT,hr+mk+sr
data,sr,A2,372,ebenso viel,tikpat daudz,Истата сума,FAMILY_COPY_STRICT,hr+mk+sr
data,is,A2,372,ebenso viel,tikpat daudz,Samme ting,FAMILY_COPY_STRICT,is+nb+nn
data,nb,A2,372,ebenso viel,tikpat daudz,Samme ting,FAMILY_COPY_STRICT,is+nb+nn
data,nn,A2,372,ebenso viel,tikpat daudz,Samme ting,FAMILY_COPY_STRICT,is+nb+nn
data,it,A2,372,ebenso viel,tikpat daudz,Tikpat daudz,FAMILY_COPY_STRICT,it+lb+nl+pt
data,lb,A2,372,ebenso viel,tikpat daudz,Tikpat daudz,FAMILY_COPY_STRICT,it+lb+nl+pt
data,nl,A2,372,ebenso viel,tikpat daudz,Tikpat daudz,FAMILY_COPY_STRICT,it+lb+nl+pt
data,pt,A2,372,ebenso viel,tikpat daudz,Tikpat daudz,FAMILY_COPY_STRICT,it+lb+nl+pt
data,sq,A2,372,ebenso viel,tikpat daudz,Bu kadar,FAMILY_COPY_STRICT,sq+tr
data,tr,A2,372,ebenso viel,tikpat daudz,Bu kadar,FAMILY_COPY_STRICT,sq+tr
data,hr,A2,373,echt,īsts,Истински,SCRIPT_MISMATCH,
data,hr,A2,373,echt,īsts,Истински,MARKER_LEAK,foreign_script
data,it,A2,373,echt,īsts,Уsts,SCRIPT_MISMATCH,
data,it,A2,373,echt,īsts,Уsts,MARKER_LEAK,foreign_script
data,lb,A2,373,echt,īsts,Īsts,SAME_AS_LV_CASEFOLD,casefold_only
data,lb,A2,373,echt,īsts,Īsts,LV_DIACRITIC,
data,lb,A2,373,echt,īsts,Īsts,MARKER_LEAK,lv_macron_consonant
data,nl,A2,373,echt,īsts,Īsts,SAME_AS_LV_CASEFOLD,casefold_only
data,nl,A2,373,echt,īsts,Īsts,LV_DIACRITIC,
data,nl,A2,373,echt,īsts,Īsts,MARKER_LEAK,lv_macron_consonant
data,pt,A2,373,echt,īsts,Уsts,SCRIPT_MISMATCH,
data,pt,A2,373,echt,īsts,Уsts,MARKER_LEAK,foreign_script
data,sl,A2,373,echt,īsts,īsts,SAME_AS_LV_CASEFOLD,exact
data,sl,A2,373,echt,īsts,īsts,LV_DIACRITIC,
data,sl,A2,373,echt,īsts,īsts,MARKER_LEAK,lv_macron_consonant
data,bg,A2,373,echt,īsts,Истински,FAMILY_COPY_STRICT,bg+hr+mk+sr
data,hr,A2,373,echt,īsts,Истински,FAMILY_COPY_STRICT,bg+hr+mk+sr
data,mk,A2,373,echt,īsts,Истински,FAMILY_COPY_STRICT,bg+hr+mk+sr
data,sr,A2,373,echt,īsts,Истински,FAMILY_COPY_STRICT,bg+hr+mk+sr
data,en,A2,373,echt,īsts,Real,FAMILY_COPY_STRICT,en+ro
data,ro,A2,373,echt,īsts,Real,FAMILY_COPY_STRICT,en+ro
data,fi,A2,373,echt,īsts,Ehtne,FAMILY_COPY_STRICT,fi+is+nb+nn+sv
data,is,A2,373,echt,īsts,Ehtne,FAMILY_COPY_STRICT,fi+is+nb+nn+sv
data,nb,A2,373,echt,īsts,Ehtne,FAMILY_COPY_STRICT,fi+is+nb+nn+sv
data,nn,A2,373,echt,īsts,Ehtne,FAMILY_COPY_STRICT,fi+is+nb+nn+sv
data,sv,A2,373,echt,īsts,Ehtne,FAMILY_COPY_STRICT,fi+is+nb+nn+sv
data,it,A2,373,echt,īsts,Уsts,FAMILY_COPY_STRICT,it+pt
data,pt,A2,373,echt,īsts,Уsts,FAMILY_COPY_STRICT,it+pt
data,lb,A2,373,echt,īsts,Īsts,FAMILY_COPY_STRICT,lb+nl
data,nl,A2,373,echt,īsts,Īsts,FAMILY_COPY_STRICT,lb+nl
data,pl,A2,373,echt,īsts,Prawdziwy,FAMILY_COPY_STRICT,pl+sq+tr
data,sq,A2,373,echt,īsts,Prawdziwy,FAMILY_COPY_STRICT,pl+sq+tr
data,tr,A2,373,echt,īsts,Prawdziwy,FAMILY_COPY_STRICT,pl+sq+tr
data,fi,A2,374,egal,vienalga,Ükskõik,MARKER_LEAK,et_otilde
data,hr,A2,374,egal,vienalga,Както и да е,SCRIPT_MISMATCH,
data,hr,A2,374,egal,vienalga,Както и да е,MARKER_LEAK,foreign_script
data,is,A2,374,egal,vienalga,Ükskõik,MARKER_LEAK,et_otilde
data,it,A2,374,egal,vienalga,Vienalga,SAME_AS_LV_CASEFOLD,casefold_only
data,lb,A2,374,egal,vienalga,Vienalga,SAME_AS_LV_CASEFOLD,casefold_only
data,nb,A2,374,egal,vienalga,Ükskõik,MARKER_LEAK,et_otilde
data,nl,A2,374,egal,vienalga,Vienalga,SAME_AS_LV_CASEFOLD,casefold_only
data,nn,A2,374,egal,vienalga,Ükskõik,MARKER_LEAK,et_otilde
data,pt,A2,374,egal,vienalga,Vienalga,SAME_AS_LV_CASEFOLD,casefold_only
data,sl,A2,374,egal,vienalga,vienalga,SAME_AS_LV_CASEFOLD,exact
data,sv,A2,374,egal,vienalga,Ükskõik,MARKER_LEAK,et_otilde
data,bg,A2,374,egal,vienalga,Както и да е,FAMILY_COPY_STRICT,bg+hr+mk+sr
data,hr,A2,374,egal,vienalga,Както и да е,FAMILY_COPY_STRICT,bg+hr+mk+sr
data,mk,A2,374,egal,vienalga,Както и да е,FAMILY_COPY_STRICT,bg+hr+mk+sr
data,sr,A2,374,egal,vienalga,Както и да е,FAMILY_COPY_STRICT,bg+hr+mk+sr
data,fi,A2,374,egal,vienalga,Ükskõik,FAMILY_COPY_STRICT,fi+is+nb+nn+sv
data,is,A2,374,egal,vienalga,Ükskõik,FAMILY_COPY_STRICT,fi+is+nb+nn+sv
data,nb,A2,374,egal,vienalga,Ükskõik,FAMILY_COPY_STRICT,fi+is+nb+nn+sv
data,nn,A2,374,egal,vienalga,Ükskõik,FAMILY_COPY_STRICT,fi+is+nb+nn+sv
data,sv,A2,374,egal,vienalga,Ükskõik,FAMILY_COPY_STRICT,fi+is+nb+nn+sv
data,it,A2,374,egal,vienalga,Vienalga,FAMILY_COPY_STRICT,it+lb+nl+pt
data,lb,A2,374,egal,vienalga,Vienalga,FAMILY_COPY_STRICT,it+lb+nl+pt
data,nl,A2,374,egal,vienalga,Vienalga,FAMILY_COPY_STRICT,it+lb+nl+pt
data,pt,A2,374,egal,vienalga,Vienalga,FAMILY_COPY_STRICT,it+lb+nl+pt
data,sq,A2,374,egal,vienalga,Her neyse,FAMILY_COPY_STRICT,sq+tr
data,tr,A2,374,egal,vienalga,Her neyse,FAMILY_COPY_STRICT,sq+tr
data,lb,A2,375,Ehe,laulība,Laulība,SAME_AS_LV_CASEFOLD,casefold_only
data,lb,A2,375,Ehe,laulība,Laulība,LV_DIACRITIC,
data,lb,A2,375,Ehe,laulība,Laulība,MARKER_LEAK,lv_macron_consonant
data,nl,A2,375,Ehe,laulība,Laulība,SAME_AS_LV_CASEFOLD,casefold_only
data,nl,A2,375,Ehe,laulība,Laulība,LV_DIACRITIC,
data,nl,A2,375,Ehe,laulība,Laulība,MARKER_LEAK,lv_macron_consonant
data,sl,A2,375,Ehe,laulība,laulība,SAME_AS_LV_CASEFOLD,exact
data,sl,A2,375,Ehe,laulība,laulība,LV_DIACRITIC,
data,sl,A2,375,Ehe,laulība,laulība,MARKER_LEAK,lv_macron_consonant
data,sr,A2,375,Ehe,laulība,Poroka,SCRIPT_MISMATCH,sr_as_cyrillic
data,sr,A2,375,Ehe,laulība,Poroka,MARKER_LEAK,latin_in_cyrillic
data,bg,A2,375,Ehe,laulība,Сватба,FAMILY_COPY_STRICT,bg+mk
data,mk,A2,375,Ehe,laulība,Сватба,FAMILY_COPY_STRICT,bg+mk
data,fi,A2,375,Ehe,laulība,Abielu,FAMILY_COPY_STRICT,fi+sv
data,sv,A2,375,Ehe,laulība,Abielu,FAMILY_COPY_STRICT,fi+sv
data,hr,A2,375,Ehe,laulība,Poroka,FAMILY_COPY_STRICT,hr+sr
data,sr,A2,375,Ehe,laulība,Poroka,FAMILY_COPY_STRICT,hr+sr
data,is,A2,375,Ehe,laulība,Abiel,FAMILY_COPY_STRICT,is+nb+nn
data,nb,A2,375,Ehe,laulība,Abiel,FAMILY_COPY_STRICT,is+nb+nn
data,nn,A2,375,Ehe,laulība,Abiel,FAMILY_COPY_STRICT,is+nb+nn
data,it,A2,375,Ehe,laulība,Lauliba,FAMILY_COPY_STRICT,it+pt
data,pt,A2,375,Ehe,laulība,Lauliba,FAMILY_COPY_STRICT,it+pt
data,lb,A2,375,Ehe,laulība,Laulība,FAMILY_COPY_STRICT,lb+nl
data,nl,A2,375,Ehe,laulība,Laulība,FAMILY_COPY_STRICT,lb+nl
data,sq,A2,375,Ehe,laulība,Evlilik,FAMILY_COPY_STRICT,sq+tr
data,tr,A2,375,Ehe,laulība,Evlilik,FAMILY_COPY_STRICT,sq+tr
data,hr,A2,376,Ehepaar,laulāts pāris,Семейна двойка,SCRIPT_MISMATCH,
data,hr,A2,376,Ehepaar,laulāts pāris,Семейна двойка,MARKER_LEAK,foreign_script
data,lb,A2,376,Ehepaar,laulāts pāris,Laulāts pāris,SAME_AS_LV_CASEFOLD,casefold_only
data,lb,A2,376,Ehepaar,laulāts pāris,Laulāts pāris,LV_DIACRITIC,
data,lb,A2,376,Ehepaar,laulāts pāris,Laulāts pāris,MARKER_LEAK,lv_macron_consonant
data,nl,A2,376,Ehepaar,laulāts pāris,Laulāts pāris,SAME_AS_LV_CASEFOLD,casefold_only
data,nl,A2,376,Ehepaar,laulāts pāris,Laulāts pāris,LV_DIACRITIC,
data,nl,A2,376,Ehepaar,laulāts pāris,Laulāts pāris,MARKER_LEAK,lv_macron_consonant
data,sl,A2,376,Ehepaar,laulāts pāris,laulāts pāris,SAME_AS_LV_CASEFOLD,exact
data,sl,A2,376,Ehepaar,laulāts pāris,laulāts pāris,LV_DIACRITIC,
data,sl,A2,376,Ehepaar,laulāts pāris,laulāts pāris,MARKER_LEAK,lv_macron_consonant
data,bg,A2,376,Ehepaar,laulāts pāris,Семейна двойка,FAMILY_COPY_STRICT,bg+hr+mk+sr
data,hr,A2,376,Ehepaar,laulāts pāris,Семейна двойка,FAMILY_COPY_STRICT,bg+hr+mk+sr
data,mk,A2,376,Ehepaar,laulāts pāris,Семейна двойка,FAMILY_COPY_STRICT,bg+hr+mk+sr
data,sr,A2,376,Ehepaar,laulāts pāris,Семейна двойка,FAMILY_COPY_STRICT,bg+hr+mk+sr
data,fi,A2,376,Ehepaar,laulāts pāris,Abielupaar,FAMILY_COPY_STRICT,fi+is+nb+nn+sv
data,is,A2,376,Ehepaar,laulāts pāris,Abielupaar,FAMILY_COPY_STRICT,fi+is+nb+nn+sv
data,nb,A2,376,Ehepaar,laulāts pāris,Abielupaar,FAMILY_COPY_STRICT,fi+is+nb+nn+sv
data,nn,A2,376,Ehepaar,laulāts pāris,Abielupaar,FAMILY_COPY_STRICT,fi+is+nb+nn+sv
data,sv,A2,376,Ehepaar,laulāts pāris,Abielupaar,FAMILY_COPY_STRICT,fi+is+nb+nn+sv
data,lb,A2,376,Ehepaar,laulāts pāris,Laulāts pāris,FAMILY_COPY_STRICT,lb+nl
data,nl,A2,376,Ehepaar,laulāts pāris,Laulāts pāris,FAMILY_COPY_STRICT,lb+nl
data,sq,A2,376,Ehepaar,laulāts pāris,Evlilik,FAMILY_COPY_STRICT,sq+tr
data,tr,A2,376,Ehepaar,laulāts pāris,Evlilik,FAMILY_COPY_STRICT,sq+tr
data,hr,A2,377,ehrlich,godīgs • atklāts,Честен • Отворен,SCRIPT_MISMATCH,
data,hr,A2,377,ehrlich,godīgs • atklāts,Честен • Отворен,MARKER_LEAK,foreign_script
data,lb,A2,377,ehrlich,godīgs • atklāts,Godīgs • Atklāts,SAME_AS_LV_CASEFOLD,casefold_only
data,lb,A2,377,ehrlich,godīgs • atklāts,Godīgs • Atklāts,LV_DIACRITIC,
data,lb,A2,377,ehrlich,godīgs • atklāts,Godīgs • Atklāts,MARKER_LEAK,lv_macron_consonant
data,nl,A2,377,ehrlich,godīgs • atklāts,Godīgs • Atklāts,SAME_AS_LV_CASEFOLD,casefold_only
data,nl,A2,377,ehrlich,godīgs • atklāts,Godīgs • Atklāts,LV_DIACRITIC,
data,nl,A2,377,ehrlich,godīgs • atklāts,Godīgs • Atklāts,MARKER_LEAK,lv_macron_consonant
data,sl,A2,377,ehrlich,godīgs • atklāts,godīgs • atklāts,SAME_AS_LV_CASEFOLD,exact
data,sl,A2,377,ehrlich,godīgs • atklāts,godīgs • atklāts,LV_DIACRITIC,
data,sl,A2,377,ehrlich,godīgs • atklāts,godīgs • atklāts,MARKER_LEAK,lv_macron_consonant
data,sq,A2,377,ehrlich,godīgs • atklāts,Dürüst • Açık,MARKER_LEAK,tr_soft
data,bg,A2,377,ehrlich,godīgs • atklāts,Честен • Отворен,FAMILY_COPY_STRICT,bg+hr+mk+sr
data,hr,A2,377,ehrlich,godīgs • atklāts,Честен • Отворен,FAMILY_COPY_STRICT,bg+hr+mk+sr
data,mk,A2,377,ehrlich,godīgs • atklāts,Честен • Отворен,FAMILY_COPY_STRICT,bg+hr+mk+sr
data,sr,A2,377,ehrlich,godīgs • atklāts,Честен • Отворен,FAMILY_COPY_STRICT,bg+hr+mk+sr
data,fi,A2,377,ehrlich,godīgs • atklāts,Aus • Avameelne,FAMILY_COPY_STRICT,fi+is+nb+nn+sv
data,is,A2,377,ehrlich,godīgs • atklāts,Aus • Avameelne,FAMILY_COPY_STRICT,fi+is+nb+nn+sv
data,nb,A2,377,ehrlich,godīgs • atklāts,Aus • Avameelne,FAMILY_COPY_STRICT,fi+is+nb+nn+sv
data,nn,A2,377,ehrlich,godīgs • atklāts,Aus • Avameelne,FAMILY_COPY_STRICT,fi+is+nb+nn+sv
data,sv,A2,377,ehrlich,godīgs • atklāts,Aus • Avameelne,FAMILY_COPY_STRICT,fi+is+nb+nn+sv
data,it,A2,377,ehrlich,godīgs • atklāts,Godigs • Atklats,FAMILY_COPY_STRICT,it+pt
data,pt,A2,377,ehrlich,godīgs • atklāts,Godigs • Atklats,FAMILY_COPY_STRICT,it+pt
data,lb,A2,377,ehrlich,godīgs • atklāts,Godīgs • Atklāts,FAMILY_COPY_STRICT,lb+nl
data,nl,A2,377,ehrlich,godīgs • atklāts,Godīgs • Atklāts,FAMILY_COPY_STRICT,lb+nl
data,sq,A2,377,ehrlich,godīgs • atklāts,Dürüst • Açık,FAMILY_COPY_STRICT,sq+tr
data,tr,A2,377,ehrlich,godīgs • atklāts,Dürüst • Açık,FAMILY_COPY_STRICT,sq+tr
data,hr,A2,378,eigentlich,patiesībā,Всъщност,SCRIPT_MISMATCH,
data,hr,A2,378,eigentlich,patiesībā,Всъщност,MARKER_LEAK,foreign_script
data,lb,A2,378,eigentlich,patiesībā,Patiesībā,SAME_AS_LV_CASEFOLD,casefold_only
data,lb,A2,378,eigentlich,patiesībā,Patiesībā,LV_DIACRITIC,
data,lb,A2,378,eigentlich,patiesībā,Patiesībā,MARKER_LEAK,lv_macron_consonant
data,nl,A2,378,eigentlich,patiesībā,Patiesībā,SAME_AS_LV_CASEFOLD,casefold_only
data,nl,A2,378,eigentlich,patiesībā,Patiesībā,LV_DIACRITIC,
data,nl,A2,378,eigentlich,patiesībā,Patiesībā,MARKER_LEAK,lv_macron_consonant
data,sl,A2,378,eigentlich,patiesībā,patiesībā,SAME_AS_LV_CASEFOLD,exact
data,sl,A2,378,eigentlich,patiesībā,patiesībā,LV_DIACRITIC,
data,sl,A2,378,eigentlich,patiesībā,patiesībā,MARKER_LEAK,lv_macron_consonant
data,sq,A2,378,eigentlich,patiesībā,Aslında,MARKER_LEAK,tr_soft
data,bg,A2,378,eigentlich,patiesībā,Всъщност,FAMILY_COPY_STRICT,bg+hr+mk+sr
data,hr,A2,378,eigentlich,patiesībā,Всъщност,FAMILY_COPY_STRICT,bg+hr+mk+sr
data,mk,A2,378,eigentlich,patiesībā,Всъщност,FAMILY_COPY_STRICT,bg+hr+mk+sr
data,sr,A2,378,eigentlich,patiesībā,Всъщност,FAMILY_COPY_STRICT,bg+hr+mk+sr
data,da,A2,378,eigentlich,patiesībā,Faktisk,FAMILY_COPY_STRICT,da+is+nb+nn
data,is,A2,378,eigentlich,patiesībā,Faktisk,FAMILY_COPY_STRICT,da+is+nb+nn
data,nb,A2,378,eigentlich,patiesībā,Faktisk,FAMILY_COPY_STRICT,da+is+nb+nn
data,nn,A2,378,eigentlich,patiesībā,Faktisk,FAMILY_COPY_STRICT,da+is+nb+nn
data,fi,A2,378,eigentlich,patiesībā,Tegelikult,FAMILY_COPY_STRICT,fi+sv
data,sv,A2,378,eigentlich,patiesībā,Tegelikult,FAMILY_COPY_STRICT,fi+sv
data,it,A2,378,eigentlich,patiesībā,Patiesiba,FAMILY_COPY_STRICT,it+pt
data,pt,A2,378,eigentlich,patiesībā,Patiesiba,FAMILY_COPY_STRICT,it+pt
data,lb,A2,378,eigentlich,patiesībā,Patiesībā,FAMILY_COPY_STRICT,lb+nl
data,nl,A2,378,eigentlich,patiesībā,Patiesībā,FAMILY_COPY_STRICT,lb+nl
data,sq,A2,378,eigentlich,patiesībā,Aslında,FAMILY_COPY_STRICT,sq+tr
data,tr,A2,378,eigentlich,patiesībā,Aslında,FAMILY_COPY_STRICT,sq+tr
data,hr,A2,379,Eile,steiga,Побързай,SCRIPT_MISMATCH,
data,hr,A2,379,Eile,steiga,Побързай,MARKER_LEAK,foreign_script
data,it,A2,379,Eile,steiga,Steiga,SAME_AS_LV_CASEFOLD,casefold_only
data,lb,A2,379,Eile,steiga,Steiga,SAME_AS_LV_CASEFOLD,casefold_only
data,nl,A2,379,Eile,steiga,Steiga,SAME_AS_LV_CASEFOLD,casefold_only
data,pt,A2,379,Eile,steiga,Steiga,SAME_AS_LV_CASEFOLD,casefold_only
data,sl,A2,379,Eile,steiga,steiga,SAME_AS_LV_CASEFOLD,exact
data,bg,A2,379,Eile,steiga,Побързай,FAMILY_COPY_STRICT,bg+hr+mk+sr
data,hr,A2,379,Eile,steiga,Побързай,FAMILY_COPY_STRICT,bg+hr+mk+sr
data,mk,A2,379,Eile,steiga,Побързай,FAMILY_COPY_STRICT,bg+hr+mk+sr
data,sr,A2,379,Eile,steiga,Побързай,FAMILY_COPY_STRICT,bg+hr+mk+sr
data,fi,A2,379,Eile,steiga,Kiirustamine,FAMILY_COPY_STRICT,fi+sv
data,sv,A2,379,Eile,steiga,Kiirustamine,FAMILY_COPY_STRICT,fi+sv
data,is,A2,379,Eile,steiga,Kiirustamin,FAMILY_COPY_STRICT,is+nb+nn
data,nb,A2,379,Eile,steiga,Kiirustamin,FAMILY_COPY_STRICT,is+nb+nn
data,nn,A2,379,Eile,steiga,Kiirustamin,FAMILY_COPY_STRICT,is+nb+nn
data,it,A2,379,Eile,steiga,Steiga,FAMILY_COPY_STRICT,it+lb+nl+pt
data,lb,A2,379,Eile,steiga,Steiga,FAMILY_COPY_STRICT,it+lb+nl+pt
data,nl,A2,379,Eile,steiga,Steiga,FAMILY_COPY_STRICT,it+lb+nl+pt
data,pt,A2,379,Eile,steiga,Steiga,FAMILY_COPY_STRICT,it+lb+nl+pt
data,sq,A2,379,Eile,steiga,Acele,FAMILY_COPY_STRICT,sq+tr
data,tr,A2,379,Eile,steiga,Acele,FAMILY_COPY_STRICT,sq+tr
data,hr,A2,380,Eimer,spainis,Кофа,SCRIPT_MISMATCH,
data,hr,A2,380,Eimer,spainis,Кофа,MARKER_LEAK,foreign_script
data,lb,A2,380,Eimer,spainis,Spainis,SAME_AS_LV_CASEFOLD,casefold_only
data,nl,A2,380,Eimer,spainis,Spainis,SAME_AS_LV_CASEFOLD,casefold_only
data,sl,A2,380,Eimer,spainis,spainis,SAME_AS_LV_CASEFOLD,exact
data,bg,A2,380,Eimer,spainis,Кофа,FAMILY_COPY_STRICT,bg+hr+mk+sr
data,hr,A2,380,Eimer,spainis,Кофа,FAMILY_COPY_STRICT,bg+hr+mk+sr
data,mk,A2,380,Eimer,spainis,Кофа,FAMILY_COPY_STRICT,bg+hr+mk+sr
data,sr,A2,380,Eimer,spainis,Кофа,FAMILY_COPY_STRICT,bg+hr+mk+sr
data,fi,A2,380,Eimer,spainis,Ämber,FAMILY_COPY_STRICT,fi+sv
data,sv,A2,380,Eimer,spainis,Ämber,FAMILY_COPY_STRICT,fi+sv
data,is,A2,380,Eimer,spainis,Rav,FAMILY_COPY_STRICT,is+nb+nn
data,nb,A2,380,Eimer,spainis,Rav,FAMILY_COPY_STRICT,is+nb+nn
data,nn,A2,380,Eimer,spainis,Rav,FAMILY_COPY_STRICT,is+nb+nn
data,lb,A2,380,Eimer,spainis,Spainis,FAMILY_COPY_STRICT,lb+nl
data,nl,A2,380,Eimer,spainis,Spainis,FAMILY_COPY_STRICT,lb+nl
data,sq,A2,380,Eimer,spainis,Kova,FAMILY_COPY_STRICT,sq+tr
data,tr,A2,380,Eimer,spainis,Kova,FAMILY_COPY_STRICT,sq+tr
data,hr,A2,381,einander,viens otru • cits citu,Един друг • Един друг,SCRIPT_MISMATCH,
data,hr,A2,381,einander,viens otru • cits citu,Един друг • Един друг,MARKER_LEAK,foreign_script
data,it,A2,381,einander,viens otru • cits citu,Viens otru • Cits citu,SAME_AS_LV_CASEFOLD,casefold_only
data,lb,A2,381,einander,viens otru • cits citu,Viens otru • Cits citu,SAME_AS_LV_CASEFOLD,casefold_only
data,nl,A2,381,einander,viens otru • cits citu,Viens otru • Cits citu,SAME_AS_LV_CASEFOLD,casefold_only
data,pt,A2,381,einander,viens otru • cits citu,Viens otru • Cits citu,SAME_AS_LV_CASEFOLD,casefold_only
data,sl,A2,381,einander,viens otru • cits citu,viens otru • cits citu,SAME_AS_LV_CASEFOLD,exact
data,bg,A2,381,einander,viens otru • cits citu,Един друг • Един друг,FAMILY_COPY_STRICT,bg+hr+mk+sr
data,hr,A2,381,einander,viens otru • cits citu,Един друг • Един друг,FAMILY_COPY_STRICT,bg+hr+mk+sr
data,mk,A2,381,einander,viens otru • cits citu,Един друг • Един друг,FAMILY_COPY_STRICT,bg+hr+mk+sr
data,sr,A2,381,einander,viens otru • cits citu,Един друг • Един друг,FAMILY_COPY_STRICT,bg+hr+mk+sr
data,fi,A2,381,einander,viens otru • cits citu,Üksteist • Teineteist,FAMILY_COPY_STRICT,fi+is+nb+nn+sv
data,is,A2,381,einander,viens otru • cits citu,Üksteist • Teineteist,FAMILY_COPY_STRICT,fi+is+nb+nn+sv
data,nb,A2,381,einander,viens otru • cits citu,Üksteist • Teineteist,FAMILY_COPY_STRICT,fi+is+nb+nn+sv
data,nn,A2,381,einander,viens otru • cits citu,Üksteist • Teineteist,FAMILY_COPY_STRICT,fi+is+nb+nn+sv
data,sv,A2,381,einander,viens otru • cits citu,Üksteist • Teineteist,FAMILY_COPY_STRICT,fi+is+nb+nn+sv
data,it,A2,381,einander,viens otru • cits citu,Viens otru • Cits citu,FAMILY_COPY_STRICT,it+lb+nl+pt
data,lb,A2,381,einander,viens otru • cits citu,Viens otru • Cits citu,FAMILY_COPY_STRICT,it+lb+nl+pt
data,nl,A2,381,einander,viens otru • cits citu,Viens otru • Cits citu,FAMILY_COPY_STRICT,it+lb+nl+pt
data,pt,A2,381,einander,viens otru • cits citu,Viens otru • Cits citu,FAMILY_COPY_STRICT,it+lb+nl+pt
data,sq,A2,381,einander,viens otru • cits citu,Birbirimiz • Birbirimiz,FAMILY_COPY_STRICT,sq+tr
data,tr,A2,381,einander,viens otru • cits citu,Birbirimiz • Birbirimiz,FAMILY_COPY_STRICT,sq+tr
data,hr,A2,382,eineinhalb,pusotra,Един и половина,SCRIPT_MISMATCH,
data,hr,A2,382,eineinhalb,pusotra,Един и половина,MARKER_LEAK,foreign_script
data,it,A2,382,eineinhalb,pusotra,Pusotra,SAME_AS_LV_CASEFOLD,casefold_only
data,nl,A2,382,eineinhalb,pusotra,Pusotra,SAME_AS_LV_CASEFOLD,casefold_only
data,pt,A2,382,eineinhalb,pusotra,Pusotra,SAME_AS_LV_CASEFOLD,casefold_only
data,sl,A2,382,eineinhalb,pusotra,pusotra,SAME_AS_LV_CASEFOLD,exact
data,bg,A2,382,eineinhalb,pusotra,Един и половина,FAMILY_COPY_STRICT,bg+hr+mk+sr
data,hr,A2,382,eineinhalb,pusotra,Един и половина,FAMILY_COPY_STRICT,bg+hr+mk+sr
data,mk,A2,382,eineinhalb,pusotra,Един и половина,FAMILY_COPY_STRICT,bg+hr+mk+sr
data,sr,A2,382,eineinhalb,pusotra,Един и половина,FAMILY_COPY_STRICT,bg+hr+mk+sr
data,fi,A2,382,eineinhalb,pusotra,Poolteist,FAMILY_COPY_STRICT,fi+sv
data,sv,A2,382,eineinhalb,pusotra,Poolteist,FAMILY_COPY_STRICT,fi+sv
data,is,A2,382,eineinhalb,pusotra,Bassengteist,FAMILY_COPY_STRICT,is+nb+nn
data,nb,A2,382,eineinhalb,pusotra,Bassengteist,FAMILY_COPY_STRICT,is+nb+nn
data,nn,A2,382,eineinhalb,pusotra,Bassengteist,FAMILY_COPY_STRICT,is+nb+nn
data,it,A2,382,eineinhalb,pusotra,Pusotra,FAMILY_COPY_STRICT,it+nl+pt
data,nl,A2,382,eineinhalb,pusotra,Pusotra,FAMILY_COPY_STRICT,it+nl+pt
data,pt,A2,382,eineinhalb,pusotra,Pusotra,FAMILY_COPY_STRICT,it+nl+pt
data,hr,A2,383,Eingang,ieeja,Вход,SCRIPT_MISMATCH,
data,hr,A2,383,Eingang,ieeja,Вход,MARKER_LEAK,foreign_script
data,lb,A2,383,Eingang,ieeja,Ieeja,SAME_AS_LV_CASEFOLD,casefold_only
data,nl,A2,383,Eingang,ieeja,Ieeja,SAME_AS_LV_CASEFOLD,casefold_only
data,sl,A2,383,Eingang,ieeja,ieeja,SAME_AS_LV_CASEFOLD,exact
data,bg,A2,383,Eingang,ieeja,Вход,FAMILY_COPY_STRICT,bg+hr+mk+ru+sr
data,hr,A2,383,Eingang,ieeja,Вход,FAMILY_COPY_STRICT,bg+hr+mk+ru+sr
data,mk,A2,383,Eingang,ieeja,Вход,FAMILY_COPY_STRICT,bg+hr+mk+ru+sr
data,ru,A2,383,Eingang,ieeja,Вход,FAMILY_COPY_STRICT,bg+hr+mk+ru+sr
data,sr,A2,383,Eingang,ieeja,Вход,FAMILY_COPY_STRICT,bg+hr+mk+ru+sr
data,fi,A2,383,Eingang,ieeja,Sissepääs,FAMILY_COPY_STRICT,fi+is+nb+nn+sv
data,is,A2,383,Eingang,ieeja,Sissepääs,FAMILY_COPY_STRICT,fi+is+nb+nn+sv
data,nb,A2,383,Eingang,ieeja,Sissepääs,FAMILY_COPY_STRICT,fi+is+nb+nn+sv
data,nn,A2,383,Eingang,ieeja,Sissepääs,FAMILY_COPY_STRICT,fi+is+nb+nn+sv
data,sv,A2,383,Eingang,ieeja,Sissepääs,FAMILY_COPY_STRICT,fi+is+nb+nn+sv
data,it,A2,383,Eingang,ieeja,Eeeja,FAMILY_COPY_STRICT,it+pt
data,pt,A2,383,Eingang,ieeja,Eeeja,FAMILY_COPY_STRICT,it+pt
data,lb,A2,383,Eingang,ieeja,Ieeja,FAMILY_COPY_STRICT,lb+nl
data,nl,A2,383,Eingang,ieeja,Ieeja,FAMILY_COPY_STRICT,lb+nl
data,sq,A2,383,Eingang,ieeja,Giriş,FAMILY_COPY_STRICT,sq+tr
data,tr,A2,383,Eingang,ieeja,Giriş,FAMILY_COPY_STRICT,sq+tr
data,fi,A2,384,einige,daži • nedaudzi,Mõned • Vähesed,MARKER_LEAK,et_otilde
data,hr,A2,384,einige,daži • nedaudzi,Некои • Неколку,SCRIPT_MISMATCH,
data,hr,A2,384,einige,daži • nedaudzi,Некои • Неколку,MARKER_LEAK,foreign_script
data,it,A2,384,einige,daži • nedaudzi,Daži • Nedaudzi,SAME_AS_LV_CASEFOLD,casefold_only
data,it,A2,384,einige,daži • nedaudzi,Daži • Nedaudzi,LV_DIACRITIC,
data,lb,A2,384,einige,daži • nedaudzi,Daži • Nedaudzi,SAME_AS_LV_CASEFOLD,casefold_only
data,lb,A2,384,einige,daži • nedaudzi,Daži • Nedaudzi,LV_DIACRITIC,
data,nl,A2,384,einige,daži • nedaudzi,Daži • Nedaudzi,SAME_AS_LV_CASEFOLD,casefold_only
data,nl,A2,384,einige,daži • nedaudzi,Daži • Nedaudzi,LV_DIACRITIC,
data,pt,A2,384,einige,daži • nedaudzi,Daži • Nedaudzi,SAME_AS_LV_CASEFOLD,casefold_only
data,pt,A2,384,einige,daži • nedaudzi,Daži • Nedaudzi,LV_DIACRITIC,
data,sl,A2,384,einige,daži • nedaudzi,daži • nedaudzi,SAME_AS_LV_CASEFOLD,exact
data,sv,A2,384,einige,daži • nedaudzi,Mõned • Vähesed,MARKER_LEAK,et_otilde
data,fi,A2,384,einige,daži • nedaudzi,Mõned • Vähesed,FAMILY_COPY_STRICT,fi+sv
data,sv,A2,384,einige,daži • nedaudzi,Mõned • Vähesed,FAMILY_COPY_STRICT,fi+sv
data,hr,A2,384,einige,daži • nedaudzi,Некои • Неколку,FAMILY_COPY_STRICT,hr+mk+sr
data,mk,A2,384,einige,daži • nedaudzi,Некои • Неколку,FAMILY_COPY_STRICT,hr+mk+sr
data,sr,A2,384,einige,daži • nedaudzi,Некои • Неколку,FAMILY_COPY_STRICT,hr+mk+sr
data,is,A2,384,einige,daži • nedaudzi,ក្រ្រេរ្រ្រ្រ្រ្រ្រ្រេនេ្រ្្នេ,FAMILY_COPY_STRICT,is+nb+nn
data,nb,A2,384,einige,daži • nedaudzi,ក្រ្រេរ្រ្រ្រ្រ្រ្រ្រេនេ្រ្្នេ,FAMILY_COPY_STRICT,is+nb+nn
data,nn,A2,384,einige,daži • nedaudzi,ក្រ្រេរ្រ្រ្រ្រ្រ្រ្រេនេ្រ្្នេ,FAMILY_COPY_STRICT,is+nb+nn
data,it,A2,384,einige,daži • nedaudzi,Daži • Nedaudzi,FAMILY_COPY_STRICT,it+lb+nl+pt
data,lb,A2,384,einige,daži • nedaudzi,Daži • Nedaudzi,FAMILY_COPY_STRICT,it+lb+nl+pt
data,nl,A2,384,einige,daži • nedaudzi,Daži • Nedaudzi,FAMILY_COPY_STRICT,it+lb+nl+pt
data,pt,A2,384,einige,daži • nedaudzi,Daži • Nedaudzi,FAMILY_COPY_STRICT,it+lb+nl+pt
data,hr,A2,385,Einkauf,iepirkšanās • pirkums,Пазаруване • Покупка,SCRIPT_MISMATCH,
data,hr,A2,385,Einkauf,iepirkšanās • pirkums,Пазаруване • Покупка,MARKER_LEAK,foreign_script
data,it,A2,385,Einkauf,iepirkšanās • pirkums,Iepirkšanās • Pirkums,SAME_AS_LV_CASEFOLD,casefold_only
data,it,A2,385,Einkauf,iepirkšanās • pirkums,Iepirkšanās • Pirkums,LV_DIACRITIC,
data,it,A2,385,Einkauf,iepirkšanās • pirkums,Iepirkšanās • Pirkums,MARKER_LEAK,lv_macron_consonant
data,lb,A2,385,Einkauf,iepirkšanās • pirkums,Iepirkšanās • Pirkums,SAME_AS_LV_CASEFOLD,casefold_only
data,lb,A2,385,Einkauf,iepirkšanās • pirkums,Iepirkšanās • Pirkums,LV_DIACRITIC,
data,lb,A2,385,Einkauf,iepirkšanās • pirkums,Iepirkšanās • Pirkums,MARKER_LEAK,lv_macron_consonant
data,nl,A2,385,Einkauf,iepirkšanās • pirkums,Iepirkšanās • Pirkums,SAME_AS_LV_CASEFOLD,casefold_only
data,nl,A2,385,Einkauf,iepirkšanās • pirkums,Iepirkšanās • Pirkums,LV_DIACRITIC,
data,nl,A2,385,Einkauf,iepirkšanās • pirkums,Iepirkšanās • Pirkums,MARKER_LEAK,lv_macron_consonant
data,pt,A2,385,Einkauf,iepirkšanās • pirkums,Iepirkšanas • Pirkums,LV_DIACRITIC,
data,sl,A2,385,Einkauf,iepirkšanās • pirkums,iepirkšanās • pirkums,SAME_AS_LV_CASEFOLD,exact
data,sl,A2,385,Einkauf,iepirkšanās • pirkums,iepirkšanās • pirkums,LV_DIACRITIC,
data,sl,A2,385,Einkauf,iepirkšanās • pirkums,iepirkšanās • pirkums,MARKER_LEAK,lv_macron_consonant
data,sq,A2,385,Einkauf,iepirkšanās • pirkums,Alışveriş • Satın Alma,MARKER_LEAK,tr_soft
data,bg,A2,385,Einkauf,iepirkšanās • pirkums,Пазаруване • Покупка,FAMILY_COPY_STRICT,bg+hr+mk+sr
data,hr,A2,385,Einkauf,iepirkšanās • pirkums,Пазаруване • Покупка,FAMILY_COPY_STRICT,bg+hr+mk+sr
data,mk,A2,385,Einkauf,iepirkšanās • pirkums,Пазаруване • Покупка,FAMILY_COPY_STRICT,bg+hr+mk+sr
data,sr,A2,385,Einkauf,iepirkšanās • pirkums,Пазаруване • Покупка,FAMILY_COPY_STRICT,bg+hr+mk+sr
data,fi,A2,385,Einkauf,iepirkšanās • pirkums,Ostlemine • Ost,FAMILY_COPY_STRICT,fi+is+nb+nn+sv
data,is,A2,385,Einkauf,iepirkšanās • pirkums,Ostlemine • Ost,FAMILY_COPY_STRICT,fi+is+nb+nn+sv
data,nb,A2,385,Einkauf,iepirkšanās • pirkums,Ostlemine • Ost,FAMILY_COPY_STRICT,fi+is+nb+nn+sv
data,nn,A2,385,Einkauf,iepirkšanās • pirkums,Ostlemine • Ost,FAMILY_COPY_STRICT,fi+is+nb+nn+sv
data,sv,A2,385,Einkauf,iepirkšanās • pirkums,Ostlemine • Ost,FAMILY_COPY_STRICT,fi+is+nb+nn+sv
data,it,A2,385,Einkauf,iepirkšanās • pirkums,Iepirkšanās • Pirkums,FAMILY_COPY_STRICT,it+lb+nl
data,lb,A2,385,Einkauf,iepirkšanās • pirkums,Iepirkšanās • Pirkums,FAMILY_COPY_STRICT,it+lb+nl
data,nl,A2,385,Einkauf,iepirkšanās • pirkums,Iepirkšanās • Pirkums,FAMILY_COPY_STRICT,it+lb+nl
data,sq,A2,385,Einkauf,iepirkšanās • pirkums,Alışveriş • Satın Alma,FAMILY_COPY_STRICT,sq+tr
data,tr,A2,385,Einkauf,iepirkšanās • pirkums,Alışveriş • Satın Alma,FAMILY_COPY_STRICT,sq+tr
data,hr,A2,386,Einkaufszentrum,tirdzniecības centrs,Трговски центар,SCRIPT_MISMATCH,
data,hr,A2,386,Einkaufszentrum,tirdzniecības centrs,Трговски центар,MARKER_LEAK,foreign_script
data,lb,A2,386,Einkaufszentrum,tirdzniecības centrs,Tirdzniecības centrs,SAME_AS_LV_CASEFOLD,casefold_only
data,lb,A2,386,Einkaufszentrum,tirdzniecības centrs,Tirdzniecības centrs,LV_DIACRITIC,
data,lb,A2,386,Einkaufszentrum,tirdzniecības centrs,Tirdzniecības centrs,MARKER_LEAK,lv_macron_consonant
data,nl,A2,386,Einkaufszentrum,tirdzniecības centrs,Tirdzniecības centrs,SAME_AS_LV_CASEFOLD,casefold_only
data,nl,A2,386,Einkaufszentrum,tirdzniecības centrs,Tirdzniecības centrs,LV_DIACRITIC,
data,nl,A2,386,Einkaufszentrum,tirdzniecības centrs,Tirdzniecības centrs,MARKER_LEAK,lv_macron_consonant
data,sl,A2,386,Einkaufszentrum,tirdzniecības centrs,tirdzniecības centrs,SAME_AS_LV_CASEFOLD,exact
data,sl,A2,386,Einkaufszentrum,tirdzniecības centrs,tirdzniecības centrs,LV_DIACRITIC,
data,sl,A2,386,Einkaufszentrum,tirdzniecības centrs,tirdzniecības centrs,MARKER_LEAK,lv_macron_consonant
data,fi,A2,386,Einkaufszentrum,tirdzniecības centrs,Kaubanduskeskus,FAMILY_COPY_STRICT,fi+is+nb+nn+sv
data,is,A2,386,Einkaufszentrum,tirdzniecības centrs,Kaubanduskeskus,FAMILY_COPY_STRICT,fi+is+nb+nn+sv
data,nb,A2,386,Einkaufszentrum,tirdzniecības centrs,Kaubanduskeskus,FAMILY_COPY_STRICT,fi+is+nb+nn+sv
data,nn,A2,386,Einkaufszentrum,tirdzniecības centrs,Kaubanduskeskus,FAMILY_COPY_STRICT,fi+is+nb+nn+sv
data,sv,A2,386,Einkaufszentrum,tirdzniecības centrs,Kaubanduskeskus,FAMILY_COPY_STRICT,fi+is+nb+nn+sv
data,hr,A2,386,Einkaufszentrum,tirdzniecības centrs,Трговски центар,FAMILY_COPY_STRICT,hr+mk+sr
data,mk,A2,386,Einkaufszentrum,tirdzniecības centrs,Трговски центар,FAMILY_COPY_STRICT,hr+mk+sr
data,sr,A2,386,Einkaufszentrum,tirdzniecības centrs,Трговски центар,FAMILY_COPY_STRICT,hr+mk+sr
data,lb,A2,386,Einkaufszentrum,tirdzniecības centrs,Tirdzniecības centrs,FAMILY_COPY_STRICT,lb+nl
data,nl,A2,386,Einkaufszentrum,tirdzniecības centrs,Tirdzniecības centrs,FAMILY_COPY_STRICT,lb+nl
data,pl,A2,386,Einkaufszentrum,tirdzniecības centrs,Centrum handlowe,FAMILY_COPY_STRICT,pl+sq+tr
data,sq,A2,386,Einkaufszentrum,tirdzniecības centrs,Centrum handlowe,FAMILY_COPY_STRICT,pl+sq+tr
data,tr,A2,386,Einkaufszentrum,tirdzniecības centrs,Centrum handlowe,FAMILY_COPY_STRICT,pl+sq+tr
data,it,A2,387,einladen,uzaicināt,Uzaicināt,SAME_AS_LV_CASEFOLD,casefold_only
data,it,A2,387,einladen,uzaicināt,Uzaicināt,LV_DIACRITIC,
data,it,A2,387,einladen,uzaicināt,Uzaicināt,MARKER_LEAK,lv_macron_consonant
data,lb,A2,387,einladen,uzaicināt,Uzaicināt,SAME_AS_LV_CASEFOLD,casefold_only
data,lb,A2,387,einladen,uzaicināt,Uzaicināt,LV_DIACRITIC,
data,lb,A2,387,einladen,uzaicināt,Uzaicināt,MARKER_LEAK,lv_macron_consonant
data,nl,A2,387,einladen,uzaicināt,Uzaicināt,SAME_AS_LV_CASEFOLD,casefold_only
data,nl,A2,387,einladen,uzaicināt,Uzaicināt,LV_DIACRITIC,
data,nl,A2,387,einladen,uzaicināt,Uzaicināt,MARKER_LEAK,lv_macron_consonant
data,sl,A2,387,einladen,uzaicināt,uzaicināt,SAME_AS_LV_CASEFOLD,exact
data,sl,A2,387,einladen,uzaicināt,uzaicināt,LV_DIACRITIC,
data,sl,A2,387,einladen,uzaicināt,uzaicināt,MARKER_LEAK,lv_macron_consonant
data,sr,A2,387,einladen,uzaicināt,Povabi,SCRIPT_MISMATCH,sr_as_cyrillic
data,sr,A2,387,einladen,uzaicināt,Povabi,MARKER_LEAK,latin_in_cyrillic
data,bg,A2,387,einladen,uzaicināt,Покани,FAMILY_COPY_STRICT,bg+mk
data,mk,A2,387,einladen,uzaicināt,Покани,FAMILY_COPY_STRICT,bg+mk
data,fi,A2,387,einladen,uzaicināt,Kutsuma,FAMILY_COPY_STRICT,fi+is+nb+nn+sv
data,is,A2,387,einladen,uzaicināt,Kutsuma,FAMILY_COPY_STRICT,fi+is+nb+nn+sv
data,nb,A2,387,einladen,uzaicināt,Kutsuma,FAMILY_COPY_STRICT,fi+is+nb+nn+sv
data,nn,A2,387,einladen,uzaicināt,Kutsuma,FAMILY_COPY_STRICT,fi+is+nb+nn+sv
data,sv,A2,387,einladen,uzaicināt,Kutsuma,FAMILY_COPY_STRICT,fi+is+nb+nn+sv
data,hr,A2,387,einladen,uzaicināt,Povabi,FAMILY_COPY_STRICT,hr+sr
data,sr,A2,387,einladen,uzaicināt,Povabi,FAMILY_COPY_STRICT,hr+sr
data,it,A2,387,einladen,uzaicināt,Uzaicināt,FAMILY_COPY_STRICT,it+lb+nl
data,lb,A2,387,einladen,uzaicināt,Uzaicināt,FAMILY_COPY_STRICT,it+lb+nl
data,nl,A2,387,einladen,uzaicināt,Uzaicināt,FAMILY_COPY_STRICT,it+lb+nl
data,sq,A2,387,einladen,uzaicināt,Davet etmek,FAMILY_COPY_STRICT,sq+tr
data,tr,A2,387,einladen,uzaicināt,Davet etmek,FAMILY_COPY_STRICT,sq+tr
data,hr,A2,388,Einladung,ielūgums,Покана,SCRIPT_MISMATCH,
data,hr,A2,388,Einladung,ielūgums,Покана,MARKER_LEAK,foreign_script
data,it,A2,388,Einladung,ielūgums,Ielūgums,SAME_AS_LV_CASEFOLD,casefold_only
data,it,A2,388,Einladung,ielūgums,Ielūgums,LV_DIACRITIC,
data,it,A2,388,Einladung,ielūgums,Ielūgums,MARKER_LEAK,lv_u_macron
data,lb,A2,388,Einladung,ielūgums,Ielūgums,SAME_AS_LV_CASEFOLD,casefold_only
data,lb,A2,388,Einladung,ielūgums,Ielūgums,LV_DIACRITIC,
data,lb,A2,388,Einladung,ielūgums,Ielūgums,MARKER_LEAK,lv_u_macron
data,nl,A2,388,Einladung,ielūgums,Ielūgums,SAME_AS_LV_CASEFOLD,casefold_only
data,nl,A2,388,Einladung,ielūgums,Ielūgums,LV_DIACRITIC,
data,nl,A2,388,Einladung,ielūgums,Ielūgums,MARKER_LEAK,lv_u_macron
data,pt,A2,388,Einladung,ielūgums,Ielūgums,SAME_AS_LV_CASEFOLD,casefold_only
data,pt,A2,388,Einladung,ielūgums,Ielūgums,LV_DIACRITIC,
data,pt,A2,388,Einladung,ielūgums,Ielūgums,MARKER_LEAK,lv_u_macron
data,sl,A2,388,Einladung,ielūgums,ielūgums,SAME_AS_LV_CASEFOLD,exact
data,sl,A2,388,Einladung,ielūgums,ielūgums,LV_DIACRITIC,
data,sl,A2,388,Einladung,ielūgums,ielūgums,MARKER_LEAK,lv_u_macron
data,bg,A2,388,Einladung,ielūgums,Покана,FAMILY_COPY_STRICT,bg+hr+mk+sr
data,hr,A2,388,Einladung,ielūgums,Покана,FAMILY_COPY_STRICT,bg+hr+mk+sr
data,mk,A2,388,Einladung,ielūgums,Покана,FAMILY_COPY_STRICT,bg+hr+mk+sr
data,sr,A2,388,Einladung,ielūgums,Покана,FAMILY_COPY_STRICT,bg+hr+mk+sr
data,fi,A2,388,Einladung,ielūgums,Kutse,FAMILY_COPY_STRICT,fi+is+nb+nn+sv
data,is,A2,388,Einladung,ielūgums,Kutse,FAMILY_COPY_STRICT,fi+is+nb+nn+sv
data,nb,A2,388,Einladung,ielūgums,Kutse,FAMILY_COPY_STRICT,fi+is+nb+nn+sv
data,nn,A2,388,Einladung,ielūgums,Kutse,FAMILY_COPY_STRICT,fi+is+nb+nn+sv
data,sv,A2,388,Einladung,ielūgums,Kutse,FAMILY_COPY_STRICT,fi+is+nb+nn+sv
data,it,A2,388,Einladung,ielūgums,Ielūgums,FAMILY_COPY_STRICT,it+lb+nl+pt
data,lb,A2,388,Einladung,ielūgums,Ielūgums,FAMILY_COPY_STRICT,it+lb+nl+pt
data,nl,A2,388,Einladung,ielūgums,Ielūgums,FAMILY_COPY_STRICT,it+lb+nl+pt
data,pt,A2,388,Einladung,ielūgums,Ielūgums,FAMILY_COPY_STRICT,it+lb+nl+pt
data,pl,A2,388,Einladung,ielūgums,Zaproszenie,FAMILY_COPY_STRICT,pl+sq+tr
data,sq,A2,388,Einladung,ielūgums,Zaproszenie,FAMILY_COPY_STRICT,pl+sq+tr
data,tr,A2,388,Einladung,ielūgums,Zaproszenie,FAMILY_COPY_STRICT,pl+sq+tr
data,hr,A2,389,einpacken,iesaiņot,Пакет,SCRIPT_MISMATCH,
data,hr,A2,389,einpacken,iesaiņot,Пакет,MARKER_LEAK,foreign_script
data,lb,A2,389,einpacken,iesaiņot,Iesaiņot,SAME_AS_LV_CASEFOLD,casefold_only
data,lb,A2,389,einpacken,iesaiņot,Iesaiņot,LV_DIACRITIC,
data,lb,A2,389,einpacken,iesaiņot,Iesaiņot,MARKER_LEAK,lv_macron_consonant
data,nl,A2,389,einpacken,iesaiņot,Iesaiņot,SAME_AS_LV_CASEFOLD,casefold_only
data,nl,A2,389,einpacken,iesaiņot,Iesaiņot,LV_DIACRITIC,
data,nl,A2,389,einpacken,iesaiņot,Iesaiņot,MARKER_LEAK,lv_macron_consonant
data,sl,A2,389,einpacken,iesaiņot,iesaiņot,SAME_AS_LV_CASEFOLD,exact
data,sl,A2,389,einpacken,iesaiņot,iesaiņot,LV_DIACRITIC,
data,sl,A2,389,einpacken,iesaiņot,iesaiņot,MARKER_LEAK,lv_macron_consonant
data,bg,A2,389,einpacken,iesaiņot,Пакет,FAMILY_COPY_STRICT,bg+hr+mk+sr
data,hr,A2,389,einpacken,iesaiņot,Пакет,FAMILY_COPY_STRICT,bg+hr+mk+sr
data,mk,A2,389,einpacken,iesaiņot,Пакет,FAMILY_COPY_STRICT,bg+hr+mk+sr
data,sr,A2,389,einpacken,iesaiņot,Пакет,FAMILY_COPY_STRICT,bg+hr+mk+sr
data,fi,A2,389,einpacken,iesaiņot,Pakkima,FAMILY_COPY_STRICT,fi+sv
data,sv,A2,389,einpacken,iesaiņot,Pakkima,FAMILY_COPY_STRICT,fi+sv
data,is,A2,389,einpacken,iesaiņot,Pakking,FAMILY_COPY_STRICT,is+nb+nn
data,nb,A2,389,einpacken,iesaiņot,Pakking,FAMILY_COPY_STRICT,is+nb+nn
data,nn,A2,389,einpacken,iesaiņot,Pakking,FAMILY_COPY_STRICT,is+nb+nn
data,lb,A2,389,einpacken,iesaiņot,Iesaiņot,FAMILY_COPY_STRICT,lb+nl
data,nl,A2,389,einpacken,iesaiņot,Iesaiņot,FAMILY_COPY_STRICT,lb+nl
data,sq,A2,389,einpacken,iesaiņot,Ambalaj,FAMILY_COPY_STRICT,sq+tr
data,tr,A2,389,einpacken,iesaiņot,Ambalaj,FAMILY_COPY_STRICT,sq+tr
data,hr,A2,390,einsam,vientuļš • vientulīgs,Самотен • Самотен,SCRIPT_MISMATCH,
data,hr,A2,390,einsam,vientuļš • vientulīgs,Самотен • Самотен,MARKER_LEAK,foreign_script
data,it,A2,390,einsam,vientuļš • vientulīgs,Vientuš • Vientulīgs,LV_DIACRITIC,
data,it,A2,390,einsam,vientuļš • vientulīgs,Vientuš • Vientulīgs,MARKER_LEAK,lv_macron_consonant
data,lb,A2,390,einsam,vientuļš • vientulīgs,Vientuļš • Vientulīgs,SAME_AS_LV_CASEFOLD,casefold_only
data,lb,A2,390,einsam,vientuļš • vientulīgs,Vientuļš • Vientulīgs,LV_DIACRITIC,
data,lb,A2,390,einsam,vientuļš • vientulīgs,Vientuļš • Vientulīgs,MARKER_LEAK,lv_macron_consonant
data,nl,A2,390,einsam,vientuļš • vientulīgs,Vientuļš • Vientulīgs,SAME_AS_LV_CASEFOLD,casefold_only
data,nl,A2,390,einsam,vientuļš • vientulīgs,Vientuļš • Vientulīgs,LV_DIACRITIC,
data,nl,A2,390,einsam,vientuļš • vientulīgs,Vientuļš • Vientulīgs,MARKER_LEAK,lv_macron_consonant
data,pt,A2,390,einsam,vientuļš • vientulīgs,Vientuš • Vientulīgs,LV_DIACRITIC,
data,pt,A2,390,einsam,vientuļš • vientulīgs,Vientuš • Vientulīgs,MARKER_LEAK,lv_macron_consonant
data,sl,A2,390,einsam,vientuļš • vientulīgs,vientuļš • vientulīgs,SAME_AS_LV_CASEFOLD,exact
data,sl,A2,390,einsam,vientuļš • vientulīgs,vientuļš • vientulīgs,LV_DIACRITIC,
data,sl,A2,390,einsam,vientuļš • vientulīgs,vientuļš • vientulīgs,MARKER_LEAK,lv_macron_consonant
data,sq,A2,390,einsam,vientuļš • vientulīgs,Yalnız • Yalnız,MARKER_LEAK,tr_soft
data,bg,A2,390,einsam,vientuļš • vientulīgs,Самотен • Самотен,FAMILY_COPY_STRICT,bg+hr+mk+sr
data,hr,A2,390,einsam,vientuļš • vientulīgs,Самотен • Самотен,FAMILY_COPY_STRICT,bg+hr+mk+sr
data,mk,A2,390,einsam,vientuļš • vientulīgs,Самотен • Самотен,FAMILY_COPY_STRICT,bg+hr+mk+sr
data,sr,A2,390,einsam,vientuļš • vientulīgs,Самотен • Самотен,FAMILY_COPY_STRICT,bg+hr+mk+sr
data,da,A2,390,einsam,vientuļš • vientulīgs,Lonely • Lonely,FAMILY_COPY_STRICT,da+en
data,en,A2,390,einsam,vientuļš • vientulīgs,Lonely • Lonely,FAMILY_COPY_STRICT,da+en
data,fi,A2,390,einsam,vientuļš • vientulīgs,Üksildane • Üksik,FAMILY_COPY_STRICT,fi+is+nb+nn+sv
data,is,A2,390,einsam,vientuļš • vientulīgs,Üksildane • Üksik,FAMILY_COPY_STRICT,fi+is+nb+nn+sv
data,nb,A2,390,einsam,vientuļš • vientulīgs,Üksildane • Üksik,FAMILY_COPY_STRICT,fi+is+nb+nn+sv
data,nn,A2,390,einsam,vientuļš • vientulīgs,Üksildane • Üksik,FAMILY_COPY_STRICT,fi+is+nb+nn+sv
data,sv,A2,390,einsam,vientuļš • vientulīgs,Üksildane • Üksik,FAMILY_COPY_STRICT,fi+is+nb+nn+sv
data,it,A2,390,einsam,vientuļš • vientulīgs,Vientuš • Vientulīgs,FAMILY_COPY_STRICT,it+pt
data,pt,A2,390,einsam,vientuļš • vientulīgs,Vientuš • Vientulīgs,FAMILY_COPY_STRICT,it+pt
data,lb,A2,390,einsam,vientuļš • vientulīgs,Vientuļš • Vientulīgs,FAMILY_COPY_STRICT,lb+nl
data,nl,A2,390,einsam,vientuļš • vientulīgs,Vientuļš • Vientulīgs,FAMILY_COPY_STRICT,lb+nl
data,sq,A2,390,einsam,vientuļš • vientulīgs,Yalnız • Yalnız,FAMILY_COPY_STRICT,sq+tr
data,tr,A2,390,einsam,vientuļš • vientulīgs,Yalnız • Yalnız,FAMILY_COPY_STRICT,sq+tr
data,hr,A2,391,einschalten,ieslēgt,Включете,SCRIPT_MISMATCH,
data,hr,A2,391,einschalten,ieslēgt,Включете,MARKER_LEAK,foreign_script
data,nl,A2,391,einschalten,ieslēgt,Ieslēgt,SAME_AS_LV_CASEFOLD,casefold_only
data,nl,A2,391,einschalten,ieslēgt,Ieslēgt,LV_DIACRITIC,
data,nl,A2,391,einschalten,ieslēgt,Ieslēgt,MARKER_LEAK,lv_macron_consonant
data,sl,A2,391,einschalten,ieslēgt,ieslēgt,SAME_AS_LV_CASEFOLD,exact
data,sl,A2,391,einschalten,ieslēgt,ieslēgt,LV_DIACRITIC,
data,sl,A2,391,einschalten,ieslēgt,ieslēgt,MARKER_LEAK,lv_macron_consonant
data,sq,A2,391,einschalten,ieslēgt,Bir şeyi açın,MARKER_LEAK,tr_soft
data,bg,A2,391,einschalten,ieslēgt,Включете,FAMILY_COPY_STRICT,bg+hr+mk+sr
data,hr,A2,391,einschalten,ieslēgt,Включете,FAMILY_COPY_STRICT,bg+hr+mk+sr
data,mk,A2,391,einschalten,ieslēgt,Включете,FAMILY_COPY_STRICT,bg+hr+mk+sr
data,sr,A2,391,einschalten,ieslēgt,Включете,FAMILY_COPY_STRICT,bg+hr+mk+sr
data,fi,A2,391,einschalten,ieslēgt,Sisse lülitama,FAMILY_COPY_STRICT,fi+sv
data,sv,A2,391,einschalten,ieslēgt,Sisse lülitama,FAMILY_COPY_STRICT,fi+sv
data,is,A2,391,einschalten,ieslēgt,Sisse bryter,FAMILY_COPY_STRICT,is+nb+nn
data,nb,A2,391,einschalten,ieslēgt,Sisse bryter,FAMILY_COPY_STRICT,is+nb+nn
data,nn,A2,391,einschalten,ieslēgt,Sisse bryter,FAMILY_COPY_STRICT,is+nb+nn
data,it,A2,391,einschalten,ieslēgt,Ieslegt,FAMILY_COPY_STRICT,it+pt
data,pt,A2,391,einschalten,ieslēgt,Ieslegt,FAMILY_COPY_STRICT,it+pt
data,sq,A2,391,einschalten,ieslēgt,Bir şeyi açın,FAMILY_COPY_STRICT,sq+tr
data,tr,A2,391,einschalten,ieslēgt,Bir şeyi açın,FAMILY_COPY_STRICT,sq+tr
data,hr,A2,392,einschenken,ieliet,Налейте,SCRIPT_MISMATCH,
data,hr,A2,392,einschenken,ieliet,Налейте,MARKER_LEAK,foreign_script
data,lb,A2,392,einschenken,ieliet,Ieliet,SAME_AS_LV_CASEFOLD,casefold_only
data,nl,A2,392,einschenken,ieliet,Ieliet,SAME_AS_LV_CASEFOLD,casefold_only
data,sl,A2,392,einschenken,ieliet,ieliet,SAME_AS_LV_CASEFOLD,exact
data,bg,A2,392,einschenken,ieliet,Налейте,FAMILY_COPY_STRICT,bg+hr+mk+sr
data,hr,A2,392,einschenken,ieliet,Налейте,FAMILY_COPY_STRICT,bg+hr+mk+sr
data,mk,A2,392,einschenken,ieliet,Налейте,FAMILY_COPY_STRICT,bg+hr+mk+sr
data,sr,A2,392,einschenken,ieliet,Налейте,FAMILY_COPY_STRICT,bg+hr+mk+sr
data,fi,A2,392,einschenken,ieliet,Valama,FAMILY_COPY_STRICT,fi+sv
data,sv,A2,392,einschenken,ieliet,Valama,FAMILY_COPY_STRICT,fi+sv
data,is,A2,392,einschenken,ieliet,Velge,FAMILY_COPY_STRICT,is+nb+nn
data,nb,A2,392,einschenken,ieliet,Velge,FAMILY_COPY_STRICT,is+nb+nn
data,nn,A2,392,einschenken,ieliet,Velge,FAMILY_COPY_STRICT,is+nb+nn
data,it,A2,392,einschenken,ieliet,Iéliet,FAMILY_COPY_STRICT,it+pt
data,pt,A2,392,einschenken,ieliet,Iéliet,FAMILY_COPY_STRICT,it+pt
data,lb,A2,392,einschenken,ieliet,Ieliet,FAMILY_COPY_STRICT,lb+nl
data,nl,A2,392,einschenken,ieliet,Ieliet,FAMILY_COPY_STRICT,lb+nl
data,lb,A2,393,einschlafen,aizmigt • notirpt,Aizmigt • Notirpt,SAME_AS_LV_CASEFOLD,casefold_only
data,nl,A2,393,einschlafen,aizmigt • notirpt,Aizmigt • Notirpt,SAME_AS_LV_CASEFOLD,casefold_only
data,sl,A2,393,einschlafen,aizmigt • notirpt,aizmigt • notirpt,SAME_AS_LV_CASEFOLD,exact
data,sr,A2,393,einschlafen,aizmigt • notirpt,Zaspite • Izvucite,SCRIPT_MISMATCH,sr_as_cyrillic
data,sr,A2,393,einschlafen,aizmigt • notirpt,Zaspite • Izvucite,MARKER_LEAK,latin_in_cyrillic
data,bg,A2,393,einschlafen,aizmigt • notirpt,Заспиване • Изтръпнете,FAMILY_COPY_STRICT,bg+mk
data,mk,A2,393,einschlafen,aizmigt • notirpt,Заспиване • Изтръпнете,FAMILY_COPY_STRICT,bg+mk
data,fi,A2,393,einschlafen,aizmigt • notirpt,Magama jääma • Tuimaks jääma,FAMILY_COPY_STRICT,fi+is+nb+nn+sv
data,is,A2,393,einschlafen,aizmigt • notirpt,Magama jääma • Tuimaks jääma,FAMILY_COPY_STRICT,fi+is+nb+nn+sv
data,nb,A2,393,einschlafen,aizmigt • notirpt,Magama jääma • Tuimaks jääma,FAMILY_COPY_STRICT,fi+is+nb+nn+sv
data,nn,A2,393,einschlafen,aizmigt • notirpt,Magama jääma • Tuimaks jääma,FAMILY_COPY_STRICT,fi+is+nb+nn+sv
data,sv,A2,393,einschlafen,aizmigt • notirpt,Magama jääma • Tuimaks jääma,FAMILY_COPY_STRICT,fi+is+nb+nn+sv
data,hr,A2,393,einschlafen,aizmigt • notirpt,Zaspite • Izvucite,FAMILY_COPY_STRICT,hr+sr
data,sr,A2,393,einschlafen,aizmigt • notirpt,Zaspite • Izvucite,FAMILY_COPY_STRICT,hr+sr
data,it,A2,393,einschlafen,aizmigt • notirpt,Aizmigt • Avis,FAMILY_COPY_STRICT,it+pt
data,pt,A2,393,einschlafen,aizmigt • notirpt,Aizmigt • Avis,FAMILY_COPY_STRICT,it+pt
data,lb,A2,393,einschlafen,aizmigt • notirpt,Aizmigt • Notirpt,FAMILY_COPY_STRICT,lb+nl
data,nl,A2,393,einschlafen,aizmigt • notirpt,Aizmigt • Notirpt,FAMILY_COPY_STRICT,lb+nl
data,sq,A2,393,einschlafen,aizmigt • notirpt,Uykuya dalmak • Uyuşmak,FAMILY_COPY_STRICT,sq+tr
data,tr,A2,393,einschlafen,aizmigt • notirpt,Uykuya dalmak • Uyuşmak,FAMILY_COPY_STRICT,sq+tr
data,hr,A2,394,einsteigen,iekāpt,Влизай,SCRIPT_MISMATCH,
data,hr,A2,394,einsteigen,iekāpt,Влизай,MARKER_LEAK,foreign_script
data,lb,A2,394,einsteigen,iekāpt,Iekāpt,SAME_AS_LV_CASEFOLD,casefold_only
data,lb,A2,394,einsteigen,iekāpt,Iekāpt,LV_DIACRITIC,
data,lb,A2,394,einsteigen,iekāpt,Iekāpt,MARKER_LEAK,lv_macron_consonant
data,nl,A2,394,einsteigen,iekāpt,Iekāpt,SAME_AS_LV_CASEFOLD,casefold_only
data,nl,A2,394,einsteigen,iekāpt,Iekāpt,LV_DIACRITIC,
data,nl,A2,394,einsteigen,iekāpt,Iekāpt,MARKER_LEAK,lv_macron_consonant
data,sl,A2,394,einsteigen,iekāpt,iekāpt,SAME_AS_LV_CASEFOLD,exact
data,sl,A2,394,einsteigen,iekāpt,iekāpt,LV_DIACRITIC,
data,sl,A2,394,einsteigen,iekāpt,iekāpt,MARKER_LEAK,lv_macron_consonant
data,bg,A2,394,einsteigen,iekāpt,Влизай,FAMILY_COPY_STRICT,bg+hr+mk+sr
data,hr,A2,394,einsteigen,iekāpt,Влизай,FAMILY_COPY_STRICT,bg+hr+mk+sr
data,mk,A2,394,einsteigen,iekāpt,Влизай,FAMILY_COPY_STRICT,bg+hr+mk+sr
data,sr,A2,394,einsteigen,iekāpt,Влизай,FAMILY_COPY_STRICT,bg+hr+mk+sr
data,fi,A2,394,einsteigen,iekāpt,Sisse astuma,FAMILY_COPY_STRICT,fi+sv
data,sv,A2,394,einsteigen,iekāpt,Sisse astuma,FAMILY_COPY_STRICT,fi+sv
data,is,A2,394,einsteigen,iekāpt,Sisse astma,FAMILY_COPY_STRICT,is+nb+nn
data,nb,A2,394,einsteigen,iekāpt,Sisse astma,FAMILY_COPY_STRICT,is+nb+nn
data,nn,A2,394,einsteigen,iekāpt,Sisse astma,FAMILY_COPY_STRICT,is+nb+nn
data,it,A2,394,einsteigen,iekāpt,Iekapt,FAMILY_COPY_STRICT,it+pt
data,pt,A2,394,einsteigen,iekāpt,Iekapt,FAMILY_COPY_STRICT,it+pt
data,lb,A2,394,einsteigen,iekāpt,Iekāpt,FAMILY_COPY_STRICT,lb+nl
data,nl,A2,394,einsteigen,iekāpt,Iekāpt,FAMILY_COPY_STRICT,lb+nl
data,sq,A2,394,einsteigen,iekāpt,Binmek,FAMILY_COPY_STRICT,sq+tr
data,tr,A2,394,einsteigen,iekāpt,Binmek,FAMILY_COPY_STRICT,sq+tr
data,hr,A2,395,Eintritt,ieeja,Вход,SCRIPT_MISMATCH,
data,hr,A2,395,Eintritt,ieeja,Вход,MARKER_LEAK,foreign_script
data,lb,A2,395,Eintritt,ieeja,Ieeja,SAME_AS_LV_CASEFOLD,casefold_only
data,nl,A2,395,Eintritt,ieeja,Ieeja,SAME_AS_LV_CASEFOLD,casefold_only
data,sl,A2,395,Eintritt,ieeja,ieeja,SAME_AS_LV_CASEFOLD,exact
data,bg,A2,395,Eintritt,ieeja,Вход,FAMILY_COPY_STRICT,bg+hr+mk+ru+sr
data,hr,A2,395,Eintritt,ieeja,Вход,FAMILY_COPY_STRICT,bg+hr+mk+ru+sr
data,mk,A2,395,Eintritt,ieeja,Вход,FAMILY_COPY_STRICT,bg+hr+mk+ru+sr
data,ru,A2,395,Eintritt,ieeja,Вход,FAMILY_COPY_STRICT,bg+hr+mk+ru+sr
data,sr,A2,395,Eintritt,ieeja,Вход,FAMILY_COPY_STRICT,bg+hr+mk+ru+sr
data,cs,A2,395,Eintritt,ieeja,Vstup,FAMILY_COPY_STRICT,cs+sk
data,sk,A2,395,Eintritt,ieeja,Vstup,FAMILY_COPY_STRICT,cs+sk
data,fi,A2,395,Eintritt,ieeja,Sissepääs,FAMILY_COPY_STRICT,fi+is+nb+nn+sv
data,is,A2,395,Eintritt,ieeja,Sissepääs,FAMILY_COPY_STRICT,fi+is+nb+nn+sv
data,nb,A2,395,Eintritt,ieeja,Sissepääs,FAMILY_COPY_STRICT,fi+is+nb+nn+sv
data,nn,A2,395,Eintritt,ieeja,Sissepääs,FAMILY_COPY_STRICT,fi+is+nb+nn+sv
data,sv,A2,395,Eintritt,ieeja,Sissepääs,FAMILY_COPY_STRICT,fi+is+nb+nn+sv
data,it,A2,395,Eintritt,ieeja,Eeeja,FAMILY_COPY_STRICT,it+pt
data,pt,A2,395,Eintritt,ieeja,Eeeja,FAMILY_COPY_STRICT,it+pt
data,lb,A2,395,Eintritt,ieeja,Ieeja,FAMILY_COPY_STRICT,lb+nl
data,nl,A2,395,Eintritt,ieeja,Ieeja,FAMILY_COPY_STRICT,lb+nl
data,sq,A2,395,Eintritt,ieeja,Giriş,FAMILY_COPY_STRICT,sq+tr
data,tr,A2,395,Eintritt,ieeja,Giriş,FAMILY_COPY_STRICT,sq+tr
data,hr,A2,396,Eintrittskarte,ieejas biļete,Входен билет,SCRIPT_MISMATCH,
data,hr,A2,396,Eintrittskarte,ieejas biļete,Входен билет,MARKER_LEAK,foreign_script
data,it,A2,396,Eintrittskarte,ieejas biļete,Yeejas biļete,LV_DIACRITIC,
data,it,A2,396,Eintrittskarte,ieejas biļete,Yeejas biļete,MARKER_LEAK,lv_macron_consonant
data,lb,A2,396,Eintrittskarte,ieejas biļete,Ieejas biļete,SAME_AS_LV_CASEFOLD,casefold_only
data,lb,A2,396,Eintrittskarte,ieejas biļete,Ieejas biļete,LV_DIACRITIC,
data,lb,A2,396,Eintrittskarte,ieejas biļete,Ieejas biļete,MARKER_LEAK,lv_macron_consonant
data,nl,A2,396,Eintrittskarte,ieejas biļete,Ieejas biļete,SAME_AS_LV_CASEFOLD,casefold_only
data,nl,A2,396,Eintrittskarte,ieejas biļete,Ieejas biļete,LV_DIACRITIC,
data,nl,A2,396,Eintrittskarte,ieejas biļete,Ieejas biļete,MARKER_LEAK,lv_macron_consonant
data,pt,A2,396,Eintrittskarte,ieejas biļete,Yeejas biļete,LV_DIACRITIC,
data,pt,A2,396,Eintrittskarte,ieejas biļete,Yeejas biļete,MARKER_LEAK,lv_macron_consonant
data,sl,A2,396,Eintrittskarte,ieejas biļete,ieejas biļete,SAME_AS_LV_CASEFOLD,exact
data,sl,A2,396,Eintrittskarte,ieejas biļete,ieejas biļete,LV_DIACRITIC,
data,sl,A2,396,Eintrittskarte,ieejas biļete,ieejas biļete,MARKER_LEAK,lv_macron_consonant
data,bg,A2,396,Eintrittskarte,ieejas biļete,Входен билет,FAMILY_COPY_STRICT,bg+hr+mk+sr
data,hr,A2,396,Eintrittskarte,ieejas biļete,Входен билет,FAMILY_COPY_STRICT,bg+hr+mk+sr
data,mk,A2,396,Eintrittskarte,ieejas biļete,Входен билет,FAMILY_COPY_STRICT,bg+hr+mk+sr
data,sr,A2,396,Eintrittskarte,ieejas biļete,Входен билет,FAMILY_COPY_STRICT,bg+hr+mk+sr
data,cs,A2,396,Eintrittskarte,ieejas biļete,Vstupenka,FAMILY_COPY_STRICT,cs+sk
data,sk,A2,396,Eintrittskarte,ieejas biļete,Vstupenka,FAMILY_COPY_STRICT,cs+sk
data,fi,A2,396,Eintrittskarte,ieejas biļete,Sissepääsupilet,FAMILY_COPY_STRICT,fi+is+nb+nn+sv
data,is,A2,396,Eintrittskarte,ieejas biļete,Sissepääsupilet,FAMILY_COPY_STRICT,fi+is+nb+nn+sv
data,nb,A2,396,Eintrittskarte,ieejas biļete,Sissepääsupilet,FAMILY_COPY_STRICT,fi+is+nb+nn+sv
data,nn,A2,396,Eintrittskarte,ieejas biļete,Sissepääsupilet,FAMILY_COPY_STRICT,fi+is+nb+nn+sv
data,sv,A2,396,Eintrittskarte,ieejas biļete,Sissepääsupilet,FAMILY_COPY_STRICT,fi+is+nb+nn+sv
data,it,A2,396,Eintrittskarte,ieejas biļete,Yeejas biļete,FAMILY_COPY_STRICT,it+pt
data,pt,A2,396,Eintrittskarte,ieejas biļete,Yeejas biļete,FAMILY_COPY_STRICT,it+pt
data,lb,A2,396,Eintrittskarte,ieejas biļete,Ieejas biļete,FAMILY_COPY_STRICT,lb+nl
data,nl,A2,396,Eintrittskarte,ieejas biļete,Ieejas biļete,FAMILY_COPY_STRICT,lb+nl
data,fi,A2,397,einverstanden,ar mieru,Nõus,MARKER_LEAK,et_otilde
data,hr,A2,397,einverstanden,ar mieru,Со мир,SCRIPT_MISMATCH,
data,hr,A2,397,einverstanden,ar mieru,Со мир,MARKER_LEAK,foreign_script
data,nl,A2,397,einverstanden,ar mieru,Ar mieru,SAME_AS_LV_CASEFOLD,casefold_only
data,sl,A2,397,einverstanden,ar mieru,ar mieru,SAME_AS_LV_CASEFOLD,exact
data,sq,A2,397,einverstanden,ar mieru,Gönül rahatlığıyla,MARKER_LEAK,tr_soft
data,sv,A2,397,einverstanden,ar mieru,Nõus,MARKER_LEAK,et_otilde
data,fi,A2,397,einverstanden,ar mieru,Nõus,FAMILY_COPY_STRICT,fi+sv
data,sv,A2,397,einverstanden,ar mieru,Nõus,FAMILY_COPY_STRICT,fi+sv
data,hr,A2,397,einverstanden,ar mieru,Со мир,FAMILY_COPY_STRICT,hr+mk+sr
data,mk,A2,397,einverstanden,ar mieru,Со мир,FAMILY_COPY_STRICT,hr+mk+sr
data,sr,A2,397,einverstanden,ar mieru,Со мир,FAMILY_COPY_STRICT,hr+mk+sr
data,is,A2,397,einverstanden,ar mieru,Avtalt,FAMILY_COPY_STRICT,is+nb+nn
data,nb,A2,397,einverstanden,ar mieru,Avtalt,FAMILY_COPY_STRICT,is+nb+nn
data,nn,A2,397,einverstanden,ar mieru,Avtalt,FAMILY_COPY_STRICT,is+nb+nn
data,sq,A2,397,einverstanden,ar mieru,Gönül rahatlığıyla,FAMILY_COPY_STRICT,sq+tr
data,tr,A2,397,einverstanden,ar mieru,Gönül rahatlığıyla,FAMILY_COPY_STRICT,sq+tr
data,hr,A2,398,Einwohner,iedzīvotājs,Жител,SCRIPT_MISMATCH,
data,hr,A2,398,Einwohner,iedzīvotājs,Жител,MARKER_LEAK,foreign_script
data,it,A2,398,Einwohner,iedzīvotājs,Elkezīvotājs,LV_DIACRITIC,
data,it,A2,398,Einwohner,iedzīvotājs,Elkezīvotājs,MARKER_LEAK,lv_macron_consonant
data,lb,A2,398,Einwohner,iedzīvotājs,Iedzīvotājs,SAME_AS_LV_CASEFOLD,casefold_only
data,lb,A2,398,Einwohner,iedzīvotājs,Iedzīvotājs,LV_DIACRITIC,
data,lb,A2,398,Einwohner,iedzīvotājs,Iedzīvotājs,MARKER_LEAK,lv_macron_consonant
data,nl,A2,398,Einwohner,iedzīvotājs,Iedzīvotājs,SAME_AS_LV_CASEFOLD,casefold_only
data,nl,A2,398,Einwohner,iedzīvotājs,Iedzīvotājs,LV_DIACRITIC,
data,nl,A2,398,Einwohner,iedzīvotājs,Iedzīvotājs,MARKER_LEAK,lv_macron_consonant
data,pt,A2,398,Einwohner,iedzīvotājs,Elkezīvotājs,LV_DIACRITIC,
data,pt,A2,398,Einwohner,iedzīvotājs,Elkezīvotājs,MARKER_LEAK,lv_macron_consonant
data,sl,A2,398,Einwohner,iedzīvotājs,iedzīvotājs,SAME_AS_LV_CASEFOLD,exact
data,sl,A2,398,Einwohner,iedzīvotājs,iedzīvotājs,LV_DIACRITIC,
data,sl,A2,398,Einwohner,iedzīvotājs,iedzīvotājs,MARKER_LEAK,lv_macron_consonant
data,sq,A2,398,Einwohner,iedzīvotājs,İkamet eden kişi,MARKER_LEAK,tr_soft
data,bg,A2,398,Einwohner,iedzīvotājs,Жител,FAMILY_COPY_STRICT,bg+hr+mk+sr
data,hr,A2,398,Einwohner,iedzīvotājs,Жител,FAMILY_COPY_STRICT,bg+hr+mk+sr
data,mk,A2,398,Einwohner,iedzīvotājs,Жител,FAMILY_COPY_STRICT,bg+hr+mk+sr
data,sr,A2,398,Einwohner,iedzīvotājs,Жител,FAMILY_COPY_STRICT,bg+hr+mk+sr
data,fi,A2,398,Einwohner,iedzīvotājs,Elanik,FAMILY_COPY_STRICT,fi+is+nb+nn+sv
data,is,A2,398,Einwohner,iedzīvotājs,Elanik,FAMILY_COPY_STRICT,fi+is+nb+nn+sv
data,nb,A2,398,Einwohner,iedzīvotājs,Elanik,FAMILY_COPY_STRICT,fi+is+nb+nn+sv
data,nn,A2,398,Einwohner,iedzīvotājs,Elanik,FAMILY_COPY_STRICT,fi+is+nb+nn+sv
data,sv,A2,398,Einwohner,iedzīvotājs,Elanik,FAMILY_COPY_STRICT,fi+is+nb+nn+sv
data,it,A2,398,Einwohner,iedzīvotājs,Elkezīvotājs,FAMILY_COPY_STRICT,it+pt
data,pt,A2,398,Einwohner,iedzīvotājs,Elkezīvotājs,FAMILY_COPY_STRICT,it+pt
data,lb,A2,398,Einwohner,iedzīvotājs,Iedzīvotājs,FAMILY_COPY_STRICT,lb+nl
data,nl,A2,398,Einwohner,iedzīvotājs,Iedzīvotājs,FAMILY_COPY_STRICT,lb+nl
data,sq,A2,398,Einwohner,iedzīvotājs,İkamet eden kişi,FAMILY_COPY_STRICT,sq+tr
data,tr,A2,398,Einwohner,iedzīvotājs,İkamet eden kişi,FAMILY_COPY_STRICT,sq+tr
data,hr,A2,399,einzig,vienīgais,Единствената,SCRIPT_MISMATCH,
data,hr,A2,399,einzig,vienīgais,Единствената,MARKER_LEAK,foreign_script
data,lb,A2,399,einzig,vienīgais,Vienīgais,SAME_AS_LV_CASEFOLD,casefold_only
data,lb,A2,399,einzig,vienīgais,Vienīgais,LV_DIACRITIC,
data,lb,A2,399,einzig,vienīgais,Vienīgais,MARKER_LEAK,lv_macron_consonant
data,nl,A2,399,einzig,vienīgais,Vienīgais,SAME_AS_LV_CASEFOLD,casefold_only
data,nl,A2,399,einzig,vienīgais,Vienīgais,LV_DIACRITIC,
data,nl,A2,399,einzig,vienīgais,Vienīgais,MARKER_LEAK,lv_macron_consonant
data,sl,A2,399,einzig,vienīgais,vienīgais,SAME_AS_LV_CASEFOLD,exact
data,sl,A2,399,einzig,vienīgais,vienīgais,LV_DIACRITIC,
data,sl,A2,399,einzig,vienīgais,vienīgais,MARKER_LEAK,lv_macron_consonant
data,bg,A2,399,einzig,vienīgais,Единствената,FAMILY_COPY_STRICT,bg+hr+mk+sr
data,hr,A2,399,einzig,vienīgais,Единствената,FAMILY_COPY_STRICT,bg+hr+mk+sr
data,mk,A2,399,einzig,vienīgais,Единствената,FAMILY_COPY_STRICT,bg+hr+mk+sr
data,sr,A2,399,einzig,vienīgais,Единствената,FAMILY_COPY_STRICT,bg+hr+mk+sr
data,fi,A2,399,einzig,vienīgais,Ainus,FAMILY_COPY_STRICT,fi+is+nb+nn+sv
data,is,A2,399,einzig,vienīgais,Ainus,FAMILY_COPY_STRICT,fi+is+nb+nn+sv
data,nb,A2,399,einzig,vienīgais,Ainus,FAMILY_COPY_STRICT,fi+is+nb+nn+sv
data,nn,A2,399,einzig,vienīgais,Ainus,FAMILY_COPY_STRICT,fi+is+nb+nn+sv
data,sv,A2,399,einzig,vienīgais,Ainus,FAMILY_COPY_STRICT,fi+is+nb+nn+sv
data,lb,A2,399,einzig,vienīgais,Vienīgais,FAMILY_COPY_STRICT,lb+nl
data,nl,A2,399,einzig,vienīgais,Vienīgais,FAMILY_COPY_STRICT,lb+nl
data,hr,A2,400,Eisenbahn,dzelzceļš,ЖП,SCRIPT_MISMATCH,
data,hr,A2,400,Eisenbahn,dzelzceļš,ЖП,MARKER_LEAK,foreign_script
data,it,A2,400,Eisenbahn,dzelzceļš,Dzelzceųš,LV_DIACRITIC,
data,nl,A2,400,Eisenbahn,dzelzceļš,Dzelzceļš,SAME_AS_LV_CASEFOLD,casefold_only
data,nl,A2,400,Eisenbahn,dzelzceļš,Dzelzceļš,LV_DIACRITIC,
data,nl,A2,400,Eisenbahn,dzelzceļš,Dzelzceļš,MARKER_LEAK,lv_macron_consonant
data,pt,A2,400,Eisenbahn,dzelzceļš,Dzelzceųš,LV_DIACRITIC,
data,sl,A2,400,Eisenbahn,dzelzceļš,dzelzceļš,SAME_AS_LV_CASEFOLD,exact
data,sl,A2,400,Eisenbahn,dzelzceļš,dzelzceļš,LV_DIACRITIC,
data,sl,A2,400,Eisenbahn,dzelzceļš,dzelzceļš,MARKER_LEAK,lv_macron_consonant
data,bg,A2,400,Eisenbahn,dzelzceļš,ЖП,FAMILY_COPY_STRICT,bg+hr+mk+sr
data,hr,A2,400,Eisenbahn,dzelzceļš,ЖП,FAMILY_COPY_STRICT,bg+hr+mk+sr
data,mk,A2,400,Eisenbahn,dzelzceļš,ЖП,FAMILY_COPY_STRICT,bg+hr+mk+sr
data,sr,A2,400,Eisenbahn,dzelzceļš,ЖП,FAMILY_COPY_STRICT,bg+hr+mk+sr
data,fi,A2,400,Eisenbahn,dzelzceļš,Raudtee,FAMILY_COPY_STRICT,fi+sv
data,sv,A2,400,Eisenbahn,dzelzceļš,Raudtee,FAMILY_COPY_STRICT,fi+sv
data,is,A2,400,Eisenbahn,dzelzceļš,Rød te,FAMILY_COPY_STRICT,is+nb+nn
data,nb,A2,400,Eisenbahn,dzelzceļš,Rød te,FAMILY_COPY_STRICT,is+nb+nn
data,nn,A2,400,Eisenbahn,dzelzceļš,Rød te,FAMILY_COPY_STRICT,is+nb+nn
data,it,A2,400,Eisenbahn,dzelzceļš,Dzelzceųš,FAMILY_COPY_STRICT,it+pt
data,pt,A2,400,Eisenbahn,dzelzceļš,Dzelzceųš,FAMILY_COPY_STRICT,it+pt
data,sq,A2,400,Eisenbahn,dzelzceļš,Demiryolu,FAMILY_COPY_STRICT,sq+tr
data,tr,A2,400,Eisenbahn,dzelzceļš,Demiryolu,FAMILY_COPY_STRICT,sq+tr
data,it,A2,401,Eishockey,hokejs uz ledus,Hokejs uz ledus,SAME_AS_LV_CASEFOLD,casefold_only
data,lb,A2,401,Eishockey,hokejs uz ledus,Hokejs uz ledus,SAME_AS_LV_CASEFOLD,casefold_only
data,nl,A2,401,Eishockey,hokejs uz ledus,Hokejs uz ledus,SAME_AS_LV_CASEFOLD,casefold_only
data,pt,A2,401,Eishockey,hokejs uz ledus,Hokejs uz ledus,SAME_AS_LV_CASEFOLD,casefold_only
data,sl,A2,401,Eishockey,hokejs uz ledus,hokejs uz ledus,SAME_AS_LV_CASEFOLD,exact
data,sr,A2,401,Eishockey,hokejs uz ledus,Hokej na ledu,SCRIPT_MISMATCH,sr_as_cyrillic
data,sr,A2,401,Eishockey,hokejs uz ledus,Hokej na ledu,MARKER_LEAK,latin_in_cyrillic
data,da,A2,401,Eishockey,hokejs uz ledus,Ishockey,FAMILY_COPY_STRICT,da+is+nb+nn
data,is,A2,401,Eishockey,hokejs uz ledus,Ishockey,FAMILY_COPY_STRICT,da+is+nb+nn
data,nb,A2,401,Eishockey,hokejs uz ledus,Ishockey,FAMILY_COPY_STRICT,da+is+nb+nn
data,nn,A2,401,Eishockey,hokejs uz ledus,Ishockey,FAMILY_COPY_STRICT,da+is+nb+nn
data,fi,A2,401,Eishockey,hokejs uz ledus,Jäähoki,FAMILY_COPY_STRICT,fi+sv
data,sv,A2,401,Eishockey,hokejs uz ledus,Jäähoki,FAMILY_COPY_STRICT,fi+sv
data,hr,A2,401,Eishockey,hokejs uz ledus,Hokej na ledu,FAMILY_COPY_STRICT,hr+sr
data,sr,A2,401,Eishockey,hokejs uz ledus,Hokej na ledu,FAMILY_COPY_STRICT,hr+sr
data,it,A2,401,Eishockey,hokejs uz ledus,Hokejs uz ledus,FAMILY_COPY_STRICT,it+lb+nl+pt
data,lb,A2,401,Eishockey,hokejs uz ledus,Hokejs uz ledus,FAMILY_COPY_STRICT,it+lb+nl+pt
data,nl,A2,401,Eishockey,hokejs uz ledus,Hokejs uz ledus,FAMILY_COPY_STRICT,it+lb+nl+pt
data,pt,A2,401,Eishockey,hokejs uz ledus,Hokejs uz ledus,FAMILY_COPY_STRICT,it+lb+nl+pt
data,sq,A2,401,Eishockey,hokejs uz ledus,Buz hokeyi,FAMILY_COPY_STRICT,sq+tr
data,tr,A2,401,Eishockey,hokejs uz ledus,Buz hokeyi,FAMILY_COPY_STRICT,sq+tr
data,hr,A2,402,Eiskaffee,kafija ar saldējumu,Кафе със сладолед,SCRIPT_MISMATCH,
data,hr,A2,402,Eiskaffee,kafija ar saldējumu,Кафе със сладолед,MARKER_LEAK,foreign_script
data,it,A2,402,Eiskaffee,kafija ar saldējumu,Kafija ar saldējumu,SAME_AS_LV_CASEFOLD,casefold_only
data,it,A2,402,Eiskaffee,kafija ar saldējumu,Kafija ar saldējumu,LV_DIACRITIC,
data,it,A2,402,Eiskaffee,kafija ar saldējumu,Kafija ar saldējumu,MARKER_LEAK,lv_macron_consonant
data,lb,A2,402,Eiskaffee,kafija ar saldējumu,Kafija ar saldējumu,SAME_AS_LV_CASEFOLD,casefold_only
data,lb,A2,402,Eiskaffee,kafija ar saldējumu,Kafija ar saldējumu,LV_DIACRITIC,
data,lb,A2,402,Eiskaffee,kafija ar saldējumu,Kafija ar saldējumu,MARKER_LEAK,lv_macron_consonant
data,nl,A2,402,Eiskaffee,kafija ar saldējumu,Kafija ar saldējumu,SAME_AS_LV_CASEFOLD,casefold_only
data,nl,A2,402,Eiskaffee,kafija ar saldējumu,Kafija ar saldējumu,LV_DIACRITIC,
data,nl,A2,402,Eiskaffee,kafija ar saldējumu,Kafija ar saldējumu,MARKER_LEAK,lv_macron_consonant
data,pt,A2,402,Eiskaffee,kafija ar saldējumu,Kafija ar saldējumu,SAME_AS_LV_CASEFOLD,casefold_only
data,pt,A2,402,Eiskaffee,kafija ar saldējumu,Kafija ar saldējumu,LV_DIACRITIC,
data,pt,A2,402,Eiskaffee,kafija ar saldējumu,Kafija ar saldējumu,MARKER_LEAK,lv_macron_consonant
data,sl,A2,402,Eiskaffee,kafija ar saldējumu,kafija ar saldējumu,SAME_AS_LV_CASEFOLD,exact
data,sl,A2,402,Eiskaffee,kafija ar saldējumu,kafija ar saldējumu,LV_DIACRITIC,
data,sl,A2,402,Eiskaffee,kafija ar saldējumu,kafija ar saldējumu,MARKER_LEAK,lv_macron_consonant
data,sq,A2,402,Eiskaffee,kafija ar saldējumu,Dondurmalı kahve,MARKER_LEAK,tr_soft
data,bg,A2,402,Eiskaffee,kafija ar saldējumu,Кафе със сладолед,FAMILY_COPY_STRICT,bg+hr+mk+sr
data,hr,A2,402,Eiskaffee,kafija ar saldējumu,Кафе със сладолед,FAMILY_COPY_STRICT,bg+hr+mk+sr
data,mk,A2,402,Eiskaffee,kafija ar saldējumu,Кафе със сладолед,FAMILY_COPY_STRICT,bg+hr+mk+sr
data,sr,A2,402,Eiskaffee,kafija ar saldējumu,Кафе със сладолед,FAMILY_COPY_STRICT,bg+hr+mk+sr
data,fi,A2,402,Eiskaffee,kafija ar saldējumu,Jääkohv,FAMILY_COPY_STRICT,fi+is+nb+nn+sv
data,is,A2,402,Eiskaffee,kafija ar saldējumu,Jääkohv,FAMILY_COPY_STRICT,fi+is+nb+nn+sv
data,nb,A2,402,Eiskaffee,kafija ar saldējumu,Jääkohv,FAMILY_COPY_STRICT,fi+is+nb+nn+sv
data,nn,A2,402,Eiskaffee,kafija ar saldējumu,Jääkohv,FAMILY_COPY_STRICT,fi+is+nb+nn+sv
data,sv,A2,402,Eiskaffee,kafija ar saldējumu,Jääkohv,FAMILY_COPY_STRICT,fi+is+nb+nn+sv
data,it,A2,402,Eiskaffee,kafija ar saldējumu,Kafija ar saldējumu,FAMILY_COPY_STRICT,it+lb+nl+pt
data,lb,A2,402,Eiskaffee,kafija ar saldējumu,Kafija ar saldējumu,FAMILY_COPY_STRICT,it+lb+nl+pt
data,nl,A2,402,Eiskaffee,kafija ar saldējumu,Kafija ar saldējumu,FAMILY_COPY_STRICT,it+lb+nl+pt
data,pt,A2,402,Eiskaffee,kafija ar saldējumu,Kafija ar saldējumu,FAMILY_COPY_STRICT,it+lb+nl+pt
data,sq,A2,402,Eiskaffee,kafija ar saldējumu,Dondurmalı kahve,FAMILY_COPY_STRICT,sq+tr
data,tr,A2,402,Eiskaffee,kafija ar saldējumu,Dondurmalı kahve,FAMILY_COPY_STRICT,sq+tr
data,hr,A2,403,Eislauf,slidošana,Кънки,SCRIPT_MISMATCH,
data,hr,A2,403,Eislauf,slidošana,Кънки,MARKER_LEAK,foreign_script
data,it,A2,403,Eislauf,slidošana,Slidošana,SAME_AS_LV_CASEFOLD,casefold_only
data,it,A2,403,Eislauf,slidošana,Slidošana,LV_DIACRITIC,
data,lb,A2,403,Eislauf,slidošana,Slidošana,SAME_AS_LV_CASEFOLD,casefold_only
data,lb,A2,403,Eislauf,slidošana,Slidošana,LV_DIACRITIC,
data,nl,A2,403,Eislauf,slidošana,Slidošana,SAME_AS_LV_CASEFOLD,casefold_only
data,nl,A2,403,Eislauf,slidošana,Slidošana,LV_DIACRITIC,
data,pt,A2,403,Eislauf,slidošana,Slidošana,SAME_AS_LV_CASEFOLD,casefold_only
data,pt,A2,403,Eislauf,slidošana,Slidošana,LV_DIACRITIC,
data,sl,A2,403,Eislauf,slidošana,slidošana,SAME_AS_LV_CASEFOLD,exact
data,bg,A2,403,Eislauf,slidošana,Кънки,FAMILY_COPY_STRICT,bg+hr+mk+sr
data,hr,A2,403,Eislauf,slidošana,Кънки,FAMILY_COPY_STRICT,bg+hr+mk+sr
data,mk,A2,403,Eislauf,slidošana,Кънки,FAMILY_COPY_STRICT,bg+hr+mk+sr
data,sr,A2,403,Eislauf,slidošana,Кънки,FAMILY_COPY_STRICT,bg+hr+mk+sr
data,fi,A2,403,Eislauf,slidošana,Uisutamine,FAMILY_COPY_STRICT,fi+sv
data,sv,A2,403,Eislauf,slidošana,Uisutamine,FAMILY_COPY_STRICT,fi+sv
data,is,A2,403,Eislauf,slidošana,Uisutamin,FAMILY_COPY_STRICT,is+nb+nn
data,nb,A2,403,Eislauf,slidošana,Uisutamin,FAMILY_COPY_STRICT,is+nb+nn
data,nn,A2,403,Eislauf,slidošana,Uisutamin,FAMILY_COPY_STRICT,is+nb+nn
data,it,A2,403,Eislauf,slidošana,Slidošana,FAMILY_COPY_STRICT,it+lb+nl+pt
data,lb,A2,403,Eislauf,slidošana,Slidošana,FAMILY_COPY_STRICT,it+lb+nl+pt
data,nl,A2,403,Eislauf,slidošana,Slidošana,FAMILY_COPY_STRICT,it+lb+nl+pt
data,pt,A2,403,Eislauf,slidošana,Slidošana,FAMILY_COPY_STRICT,it+lb+nl+pt
data,hr,A2,404,elegant,elegants,Елегантен,SCRIPT_MISMATCH,
data,hr,A2,404,elegant,elegants,Елегантен,MARKER_LEAK,foreign_script
data,lb,A2,404,elegant,elegants,Elegants,SAME_AS_LV_CASEFOLD,casefold_only
data,nl,A2,404,elegant,elegants,Elegants,SAME_AS_LV_CASEFOLD,casefold_only
data,sl,A2,404,elegant,elegants,elegants,SAME_AS_LV_CASEFOLD,exact
data,bg,A2,404,elegant,elegants,Елегантен,FAMILY_COPY_STRICT,bg+hr+mk+sr
data,hr,A2,404,elegant,elegants,Елегантен,FAMILY_COPY_STRICT,bg+hr+mk+sr
data,mk,A2,404,elegant,elegants,Елегантен,FAMILY_COPY_STRICT,bg+hr+mk+sr
data,sr,A2,404,elegant,elegants,Елегантен,FAMILY_COPY_STRICT,bg+hr+mk+sr
data,fi,A2,404,elegant,elegants,Elegantne,FAMILY_COPY_STRICT,fi+sv
data,sv,A2,404,elegant,elegants,Elegantne,FAMILY_COPY_STRICT,fi+sv
data,fr,A2,404,elegant,elegants,Élégant,FAMILY_COPY_STRICT,fr+it
data,it,A2,404,elegant,elegants,Élégant,FAMILY_COPY_STRICT,fr+it
data,lb,A2,404,elegant,elegants,Elegants,FAMILY_COPY_STRICT,lb+nl
data,nl,A2,404,elegant,elegants,Elegants,FAMILY_COPY_STRICT,lb+nl
data,hr,A2,405,elektrisch,elektrisks,Електрически,SCRIPT_MISMATCH,
data,hr,A2,405,elektrisch,elektrisks,Електрически,MARKER_LEAK,foreign_script
data,lb,A2,405,elektrisch,elektrisks,Elektrisks,SAME_AS_LV_CASEFOLD,casefold_only
data,nl,A2,405,elektrisch,elektrisks,Elektrisks,SAME_AS_LV_CASEFOLD,casefold_only
data,sl,A2,405,elektrisch,elektrisks,elektrisks,SAME_AS_LV_CASEFOLD,exact
data,bg,A2,405,elektrisch,elektrisks,Електрически,FAMILY_COPY_STRICT,bg+hr+mk+sr
data,hr,A2,405,elektrisch,elektrisks,Електрически,FAMILY_COPY_STRICT,bg+hr+mk+sr
data,mk,A2,405,elektrisch,elektrisks,Електрически,FAMILY_COPY_STRICT,bg+hr+mk+sr
data,sr,A2,405,elektrisch,elektrisks,Електрически,FAMILY_COPY_STRICT,bg+hr+mk+sr
data,cs,A2,405,elektrisch,elektrisks,Elektrický,FAMILY_COPY_STRICT,cs+sk
data,sk,A2,405,elektrisch,elektrisks,Elektrický,FAMILY_COPY_STRICT,cs+sk
data,en,A2,405,elektrisch,elektrisks,Electric,FAMILY_COPY_STRICT,en+ro
data,ro,A2,405,elektrisch,elektrisks,Electric,FAMILY_COPY_STRICT,en+ro
data,fi,A2,405,elektrisch,elektrisks,Elektriline,FAMILY_COPY_STRICT,fi+sv
data,sv,A2,405,elektrisch,elektrisks,Elektriline,FAMILY_COPY_STRICT,fi+sv
data,is,A2,405,elektrisch,elektrisks,Elektrisk linje,FAMILY_COPY_STRICT,is+nb+nn
data,nb,A2,405,elektrisch,elektrisks,Elektrisk linje,FAMILY_COPY_STRICT,is+nb+nn
data,nn,A2,405,elektrisch,elektrisks,Elektrisk linje,FAMILY_COPY_STRICT,is+nb+nn
data,lb,A2,405,elektrisch,elektrisks,Elektrisks,FAMILY_COPY_STRICT,lb+nl
data,nl,A2,405,elektrisch,elektrisks,Elektrisks,FAMILY_COPY_STRICT,lb+nl
data,sq,A2,405,elektrisch,elektrisks,Elektrik,FAMILY_COPY_STRICT,sq+tr
data,tr,A2,405,elektrisch,elektrisks,Elektrik,FAMILY_COPY_STRICT,sq+tr
data,hr,A2,406,Ellbogen,elkonis,Лакът,SCRIPT_MISMATCH,
data,hr,A2,406,Ellbogen,elkonis,Лакът,MARKER_LEAK,foreign_script
data,lb,A2,406,Ellbogen,elkonis,Elkonis,SAME_AS_LV_CASEFOLD,casefold_only
data,nl,A2,406,Ellbogen,elkonis,Elkonis,SAME_AS_LV_CASEFOLD,casefold_only
data,sl,A2,406,Ellbogen,elkonis,elkonis,SAME_AS_LV_CASEFOLD,exact
data,bg,A2,406,Ellbogen,elkonis,Лакът,FAMILY_COPY_STRICT,bg+hr+mk+sr
data,hr,A2,406,Ellbogen,elkonis,Лакът,FAMILY_COPY_STRICT,bg+hr+mk+sr
data,mk,A2,406,Ellbogen,elkonis,Лакът,FAMILY_COPY_STRICT,bg+hr+mk+sr
data,sr,A2,406,Ellbogen,elkonis,Лакът,FAMILY_COPY_STRICT,bg+hr+mk+sr
data,fi,A2,406,Ellbogen,elkonis,Küünarnukk,FAMILY_COPY_STRICT,fi+is+nb+nn+sv
data,is,A2,406,Ellbogen,elkonis,Küünarnukk,FAMILY_COPY_STRICT,fi+is+nb+nn+sv
data,nb,A2,406,Ellbogen,elkonis,Küünarnukk,FAMILY_COPY_STRICT,fi+is+nb+nn+sv
data,nn,A2,406,Ellbogen,elkonis,Küünarnukk,FAMILY_COPY_STRICT,fi+is+nb+nn+sv
data,sv,A2,406,Ellbogen,elkonis,Küünarnukk,FAMILY_COPY_STRICT,fi+is+nb+nn+sv
data,it,A2,406,Ellbogen,elkonis,Elconis,FAMILY_COPY_STRICT,it+pt
data,pt,A2,406,Ellbogen,elkonis,Elconis,FAMILY_COPY_STRICT,it+pt
data,lb,A2,406,Ellbogen,elkonis,Elkonis,FAMILY_COPY_STRICT,lb+nl
data,nl,A2,406,Ellbogen,elkonis,Elkonis,FAMILY_COPY_STRICT,lb+nl
data,sq,A2,406,Ellbogen,elkonis,Dirsek,FAMILY_COPY_STRICT,sq+tr
data,tr,A2,406,Ellbogen,elkonis,Dirsek,FAMILY_COPY_STRICT,sq+tr
data,hr,A2,407,empfehlen,ieteikt,Препорачај,SCRIPT_MISMATCH,
data,hr,A2,407,empfehlen,ieteikt,Препорачај,MARKER_LEAK,foreign_script
data,lb,A2,407,empfehlen,ieteikt,Ieteikt,SAME_AS_LV_CASEFOLD,casefold_only
data,nl,A2,407,empfehlen,ieteikt,Ieteikt,SAME_AS_LV_CASEFOLD,casefold_only
data,sl,A2,407,empfehlen,ieteikt,ieteikt,SAME_AS_LV_CASEFOLD,exact
data,fi,A2,407,empfehlen,ieteikt,Soovitama,FAMILY_COPY_STRICT,fi+sv
data,sv,A2,407,empfehlen,ieteikt,Soovitama,FAMILY_COPY_STRICT,fi+sv
data,hr,A2,407,empfehlen,ieteikt,Препорачај,FAMILY_COPY_STRICT,hr+mk+sr
data,mk,A2,407,empfehlen,ieteikt,Препорачај,FAMILY_COPY_STRICT,hr+mk+sr
data,sr,A2,407,empfehlen,ieteikt,Препорачај,FAMILY_COPY_STRICT,hr+mk+sr
data,is,A2,407,empfehlen,ieteikt,Anbefalt,FAMILY_COPY_STRICT,is+nb+nn
data,nb,A2,407,empfehlen,ieteikt,Anbefalt,FAMILY_COPY_STRICT,is+nb+nn
data,nn,A2,407,empfehlen,ieteikt,Anbefalt,FAMILY_COPY_STRICT,is+nb+nn
data,lb,A2,407,empfehlen,ieteikt,Ieteikt,FAMILY_COPY_STRICT,lb+nl
data,nl,A2,407,empfehlen,ieteikt,Ieteikt,FAMILY_COPY_STRICT,lb+nl
data,sq,A2,407,empfehlen,ieteikt,Tavsiye etmek,FAMILY_COPY_STRICT,sq+tr
data,tr,A2,407,empfehlen,ieteikt,Tavsiye etmek,FAMILY_COPY_STRICT,sq+tr
data,fi,A2,408,enden,beigties,Lõppema,MARKER_LEAK,et_otilde
data,nl,A2,408,enden,beigties,Beigties,SAME_AS_LV_CASEFOLD,casefold_only
data,sl,A2,408,enden,beigties,beigties,SAME_AS_LV_CASEFOLD,exact
data,sr,A2,408,enden,beigties,"Ooo, Stifflerjeva mama!",SCRIPT_MISMATCH,sr_as_cyrillic
data,sr,A2,408,enden,beigties,"Ooo, Stifflerjeva mama!",MARKER_LEAK,latin_in_cyrillic
data,sv,A2,408,enden,beigties,Lõppema,MARKER_LEAK,et_otilde
data,fi,A2,408,enden,beigties,Lõppema,FAMILY_COPY_STRICT,fi+sv
data,sv,A2,408,enden,beigties,Lõppema,FAMILY_COPY_STRICT,fi+sv
data,hr,A2,408,enden,beigties,"Ooo, Stifflerjeva mama!",FAMILY_COPY_STRICT,hr+sr
data,sr,A2,408,enden,beigties,"Ooo, Stifflerjeva mama!",FAMILY_COPY_STRICT,hr+sr
data,is,A2,408,enden,beigties,Kursarbeid,FAMILY_COPY_STRICT,is+nb+nn
data,nb,A2,408,enden,beigties,Kursarbeid,FAMILY_COPY_STRICT,is+nb+nn
data,nn,A2,408,enden,beigties,Kursarbeid,FAMILY_COPY_STRICT,is+nb+nn
data,sq,A2,408,enden,beigties,Tükendi,FAMILY_COPY_STRICT,sq+tr
data,tr,A2,408,enden,beigties,Tükendi,FAMILY_COPY_STRICT,sq+tr
data,fi,A2,409,endlich,beidzot,Lõpuks,MARKER_LEAK,et_otilde
data,hr,A2,409,endlich,beidzot,Накрая,SCRIPT_MISMATCH,
data,hr,A2,409,endlich,beidzot,Накрая,MARKER_LEAK,foreign_script
data,lb,A2,409,endlich,beidzot,Beidzot,SAME_AS_LV_CASEFOLD,casefold_only
data,nl,A2,409,endlich,beidzot,Beidzot,SAME_AS_LV_CASEFOLD,casefold_only
data,pt,A2,409,endlich,beidzot,Beidzot,SAME_AS_LV_CASEFOLD,casefold_only
data,sl,A2,409,endlich,beidzot,beidzot,SAME_AS_LV_CASEFOLD,exact
data,sv,A2,409,endlich,beidzot,Lõpuks,MARKER_LEAK,et_otilde
data,bg,A2,409,endlich,beidzot,Накрая,FAMILY_COPY_STRICT,bg+hr+mk+sr
data,hr,A2,409,endlich,beidzot,Накрая,FAMILY_COPY_STRICT,bg+hr+mk+sr
data,mk,A2,409,endlich,beidzot,Накрая,FAMILY_COPY_STRICT,bg+hr+mk+sr
data,sr,A2,409,endlich,beidzot,Накрая,FAMILY_COPY_STRICT,bg+hr+mk+sr
data,da,A2,409,endlich,beidzot,Endelig,FAMILY_COPY_STRICT,da+is+nb+nn
data,is,A2,409,endlich,beidzot,Endelig,FAMILY_COPY_STRICT,da+is+nb+nn
data,nb,A2,409,endlich,beidzot,Endelig,FAMILY_COPY_STRICT,da+is+nb+nn
data,nn,A2,409,endlich,beidzot,Endelig,FAMILY_COPY_STRICT,da+is+nb+nn
data,fi,A2,409,endlich,beidzot,Lõpuks,FAMILY_COPY_STRICT,fi+sv
data,sv,A2,409,endlich,beidzot,Lõpuks,FAMILY_COPY_STRICT,fi+sv
data,lb,A2,409,endlich,beidzot,Beidzot,FAMILY_COPY_STRICT,lb+nl+pt
data,nl,A2,409,endlich,beidzot,Beidzot,FAMILY_COPY_STRICT,lb+nl+pt
data,pt,A2,409,endlich,beidzot,Beidzot,FAMILY_COPY_STRICT,lb+nl+pt
data,pl,A2,409,endlich,beidzot,Wreszcie,FAMILY_COPY_STRICT,pl+sq+tr
data,sq,A2,409,endlich,beidzot,Wreszcie,FAMILY_COPY_STRICT,pl+sq+tr
data,tr,A2,409,endlich,beidzot,Wreszcie,FAMILY_COPY_STRICT,pl+sq+tr
data,hr,A2,410,eng,šaurs • ciešs,Тесен • Стегнат,SCRIPT_MISMATCH,
data,hr,A2,410,eng,šaurs • ciešs,Тесен • Стегнат,MARKER_LEAK,foreign_script
data,it,A2,410,eng,šaurs • ciešs,Šaurs • Ciess,LV_DIACRITIC,
data,lb,A2,410,eng,šaurs • ciešs,Šaurs • Ciešs,SAME_AS_LV_CASEFOLD,casefold_only
data,lb,A2,410,eng,šaurs • ciešs,Šaurs • Ciešs,LV_DIACRITIC,
data,nl,A2,410,eng,šaurs • ciešs,Šaurs • Ciešs,SAME_AS_LV_CASEFOLD,casefold_only
data,nl,A2,410,eng,šaurs • ciešs,Šaurs • Ciešs,LV_DIACRITIC,
data,pt,A2,410,eng,šaurs • ciešs,Šaurs • Ciess,LV_DIACRITIC,
data,sl,A2,410,eng,šaurs • ciešs,šaurs • ciešs,SAME_AS_LV_CASEFOLD,exact
data,sq,A2,410,eng,šaurs • ciešs,Dar • Sıkı,MARKER_LEAK,tr_soft
data,bg,A2,410,eng,šaurs • ciešs,Тесен • Стегнат,FAMILY_COPY_STRICT,bg+hr+mk+sr
data,hr,A2,410,eng,šaurs • ciešs,Тесен • Стегнат,FAMILY_COPY_STRICT,bg+hr+mk+sr
data,mk,A2,410,eng,šaurs • ciešs,Тесен • Стегнат,FAMILY_COPY_STRICT,bg+hr+mk+sr
data,sr,A2,410,eng,šaurs • ciešs,Тесен • Стегнат,FAMILY_COPY_STRICT,bg+hr+mk+sr
data,fi,A2,410,eng,šaurs • ciešs,Kitsas • Liibuv,FAMILY_COPY_STRICT,fi+is+nb+nn+sv
data,is,A2,410,eng,šaurs • ciešs,Kitsas • Liibuv,FAMILY_COPY_STRICT,fi+is+nb+nn+sv
data,nb,A2,410,eng,šaurs • ciešs,Kitsas • Liibuv,FAMILY_COPY_STRICT,fi+is+nb+nn+sv
data,nn,A2,410,eng,šaurs • ciešs,Kitsas • Liibuv,FAMILY_COPY_STRICT,fi+is+nb+nn+sv
data,sv,A2,410,eng,šaurs • ciešs,Kitsas • Liibuv,FAMILY_COPY_STRICT,fi+is+nb+nn+sv
data,it,A2,410,eng,šaurs • ciešs,Šaurs • Ciess,FAMILY_COPY_STRICT,it+pt
data,pt,A2,410,eng,šaurs • ciešs,Šaurs • Ciess,FAMILY_COPY_STRICT,it+pt
data,lb,A2,410,eng,šaurs • ciešs,Šaurs • Ciešs,FAMILY_COPY_STRICT,lb+nl
data,nl,A2,410,eng,šaurs • ciešs,Šaurs • Ciešs,FAMILY_COPY_STRICT,lb+nl
data,sq,A2,410,eng,šaurs • ciešs,Dar • Sıkı,FAMILY_COPY_STRICT,sq+tr
data,tr,A2,410,eng,šaurs • ciešs,Dar • Sıkı,FAMILY_COPY_STRICT,sq+tr
data,hr,A2,411,Enkel,mazdēls,Внук,SCRIPT_MISMATCH,
data,hr,A2,411,Enkel,mazdēls,Внук,MARKER_LEAK,foreign_script
data,lb,A2,411,Enkel,mazdēls,Mazdēls,SAME_AS_LV_CASEFOLD,casefold_only
data,lb,A2,411,Enkel,mazdēls,Mazdēls,LV_DIACRITIC,
data,lb,A2,411,Enkel,mazdēls,Mazdēls,MARKER_LEAK,lv_macron_consonant
data,nl,A2,411,Enkel,mazdēls,Mazdēls,SAME_AS_LV_CASEFOLD,casefold_only
data,nl,A2,411,Enkel,mazdēls,Mazdēls,LV_DIACRITIC,
data,nl,A2,411,Enkel,mazdēls,Mazdēls,MARKER_LEAK,lv_macron_consonant
data,sl,A2,411,Enkel,mazdēls,mazdēls,SAME_AS_LV_CASEFOLD,exact
data,sl,A2,411,Enkel,mazdēls,mazdēls,LV_DIACRITIC,
data,sl,A2,411,Enkel,mazdēls,mazdēls,MARKER_LEAK,lv_macron_consonant
data,bg,A2,411,Enkel,mazdēls,Внук,FAMILY_COPY_STRICT,bg+hr+mk+ru+sr
data,hr,A2,411,Enkel,mazdēls,Внук,FAMILY_COPY_STRICT,bg+hr+mk+ru+sr
data,mk,A2,411,Enkel,mazdēls,Внук,FAMILY_COPY_STRICT,bg+hr+mk+ru+sr
data,ru,A2,411,Enkel,mazdēls,Внук,FAMILY_COPY_STRICT,bg+hr+mk+ru+sr
data,sr,A2,411,Enkel,mazdēls,Внук,FAMILY_COPY_STRICT,bg+hr+mk+ru+sr
data,fi,A2,411,Enkel,mazdēls,Lapselaps,FAMILY_COPY_STRICT,fi+sv
data,sv,A2,411,Enkel,mazdēls,Lapselaps,FAMILY_COPY_STRICT,fi+sv
data,is,A2,411,Enkel,mazdēls,Rundeglidning,FAMILY_COPY_STRICT,is+nb+nn
data,nb,A2,411,Enkel,mazdēls,Rundeglidning,FAMILY_COPY_STRICT,is+nb+nn
data,nn,A2,411,Enkel,mazdēls,Rundeglidning,FAMILY_COPY_STRICT,is+nb+nn
data,it,A2,411,Enkel,mazdēls,Mazdels,FAMILY_COPY_STRICT,it+pt
data,pt,A2,411,Enkel,mazdēls,Mazdels,FAMILY_COPY_STRICT,it+pt
data,lb,A2,411,Enkel,mazdēls,Mazdēls,FAMILY_COPY_STRICT,lb+nl
data,nl,A2,411,Enkel,mazdēls,Mazdēls,FAMILY_COPY_STRICT,lb+nl
data,pl,A2,411,Enkel,mazdēls,Wnuk,FAMILY_COPY_STRICT,pl+sq+tr
data,sq,A2,411,Enkel,mazdēls,Wnuk,FAMILY_COPY_STRICT,pl+sq+tr
data,tr,A2,411,Enkel,mazdēls,Wnuk,FAMILY_COPY_STRICT,pl+sq+tr
data,hr,A2,412,entdecken,atklāt,Разширяване,SCRIPT_MISMATCH,
data,hr,A2,412,entdecken,atklāt,Разширяване,MARKER_LEAK,foreign_script
data,lb,A2,412,entdecken,atklāt,Atklāt,SAME_AS_LV_CASEFOLD,casefold_only
data,lb,A2,412,entdecken,atklāt,Atklāt,LV_DIACRITIC,
data,lb,A2,412,entdecken,atklāt,Atklāt,MARKER_LEAK,lv_macron_consonant
data,nl,A2,412,entdecken,atklāt,Atklāt,SAME_AS_LV_CASEFOLD,casefold_only
data,nl,A2,412,entdecken,atklāt,Atklāt,LV_DIACRITIC,
data,nl,A2,412,entdecken,atklāt,Atklāt,MARKER_LEAK,lv_macron_consonant
data,sl,A2,412,entdecken,atklāt,atklāt,SAME_AS_LV_CASEFOLD,exact
data,sl,A2,412,entdecken,atklāt,atklāt,LV_DIACRITIC,
data,sl,A2,412,entdecken,atklāt,atklāt,MARKER_LEAK,lv_macron_consonant
data,sq,A2,412,entdecken,atklāt,Açıkla,MARKER_LEAK,tr_soft
data,bg,A2,412,entdecken,atklāt,Разширяване,FAMILY_COPY_STRICT,bg+hr+mk+sr
data,hr,A2,412,entdecken,atklāt,Разширяване,FAMILY_COPY_STRICT,bg+hr+mk+sr
data,mk,A2,412,entdecken,atklāt,Разширяване,FAMILY_COPY_STRICT,bg+hr+mk+sr
data,sr,A2,412,entdecken,atklāt,Разширяване,FAMILY_COPY_STRICT,bg+hr+mk+sr
data,fi,A2,412,entdecken,atklāt,Avastama,FAMILY_COPY_STRICT,fi+is+nb+nn+sv
data,is,A2,412,entdecken,atklāt,Avastama,FAMILY_COPY_STRICT,fi+is+nb+nn+sv
data,nb,A2,412,entdecken,atklāt,Avastama,FAMILY_COPY_STRICT,fi+is+nb+nn+sv
data,nn,A2,412,entdecken,atklāt,Avastama,FAMILY_COPY_STRICT,fi+is+nb+nn+sv
data,sv,A2,412,entdecken,atklāt,Avastama,FAMILY_COPY_STRICT,fi+is+nb+nn+sv
data,it,A2,412,entdecken,atklāt,Atklat,FAMILY_COPY_STRICT,it+pt
data,pt,A2,412,entdecken,atklāt,Atklat,FAMILY_COPY_STRICT,it+pt
data,lb,A2,412,entdecken,atklāt,Atklāt,FAMILY_COPY_STRICT,lb+nl
data,nl,A2,412,entdecken,atklāt,Atklāt,FAMILY_COPY_STRICT,lb+nl
data,sq,A2,412,entdecken,atklāt,Açıkla,FAMILY_COPY_STRICT,sq+tr
data,tr,A2,412,entdecken,atklāt,Açıkla,FAMILY_COPY_STRICT,sq+tr
data,hr,A2,413,Ente,pīle,Патица,SCRIPT_MISMATCH,
data,hr,A2,413,Ente,pīle,Патица,MARKER_LEAK,foreign_script
data,nl,A2,413,Ente,pīle,Pīle,SAME_AS_LV_CASEFOLD,casefold_only
data,nl,A2,413,Ente,pīle,Pīle,LV_DIACRITIC,
data,nl,A2,413,Ente,pīle,Pīle,MARKER_LEAK,lv_macron_consonant
data,sl,A2,413,Ente,pīle,pīle,SAME_AS_LV_CASEFOLD,exact
data,sl,A2,413,Ente,pīle,pīle,LV_DIACRITIC,
data,sl,A2,413,Ente,pīle,pīle,MARKER_LEAK,lv_macron_consonant
data,bg,A2,413,Ente,pīle,Патица,FAMILY_COPY_STRICT,bg+hr+mk+sr
data,hr,A2,413,Ente,pīle,Патица,FAMILY_COPY_STRICT,bg+hr+mk+sr
data,mk,A2,413,Ente,pīle,Патица,FAMILY_COPY_STRICT,bg+hr+mk+sr
data,sr,A2,413,Ente,pīle,Патица,FAMILY_COPY_STRICT,bg+hr+mk+sr
data,fi,A2,413,Ente,pīle,Part,FAMILY_COPY_STRICT,fi+sv
data,sv,A2,413,Ente,pīle,Part,FAMILY_COPY_STRICT,fi+sv
data,is,A2,413,Ente,pīle,Parti,FAMILY_COPY_STRICT,is+nb+nn
data,nb,A2,413,Ente,pīle,Parti,FAMILY_COPY_STRICT,is+nb+nn
data,nn,A2,413,Ente,pīle,Parti,FAMILY_COPY_STRICT,is+nb+nn
data,pl,A2,413,Ente,pīle,Kaczka,FAMILY_COPY_STRICT,pl+sq+tr
data,sq,A2,413,Ente,pīle,Kaczka,FAMILY_COPY_STRICT,pl+sq+tr
data,tr,A2,413,Ente,pīle,Kaczka,FAMILY_COPY_STRICT,pl+sq+tr
data,hr,A2,414,entlang,gar,Дълги,SCRIPT_MISMATCH,
data,hr,A2,414,entlang,gar,Дълги,MARKER_LEAK,foreign_script
data,it,A2,414,entlang,gar,Gar,SAME_AS_LV_CASEFOLD,casefold_only
data,lb,A2,414,entlang,gar,Gar,SAME_AS_LV_CASEFOLD,casefold_only
data,nl,A2,414,entlang,gar,Gar,SAME_AS_LV_CASEFOLD,casefold_only
data,pt,A2,414,entlang,gar,Gar,SAME_AS_LV_CASEFOLD,casefold_only
data,sl,A2,414,entlang,gar,gar,SAME_AS_LV_CASEFOLD,exact
data,uk,A2,414,entlang,gar,gar,SAME_AS_LV_CASEFOLD,exact
data,uk,A2,414,entlang,gar,gar,SCRIPT_MISMATCH,
data,uk,A2,414,entlang,gar,gar,MARKER_LEAK,latin_in_cyrillic
data,bg,A2,414,entlang,gar,Дълги,FAMILY_COPY_STRICT,bg+hr+mk+sr
data,hr,A2,414,entlang,gar,Дълги,FAMILY_COPY_STRICT,bg+hr+mk+sr
data,mk,A2,414,entlang,gar,Дълги,FAMILY_COPY_STRICT,bg+hr+mk+sr
data,sr,A2,414,entlang,gar,Дълги,FAMILY_COPY_STRICT,bg+hr+mk+sr
data,en,A2,414,entlang,gar,Long,FAMILY_COPY_STRICT,en+fr
data,fr,A2,414,entlang,gar,Long,FAMILY_COPY_STRICT,en+fr
data,fi,A2,414,entlang,gar,Mööda,FAMILY_COPY_STRICT,fi+sv
data,sv,A2,414,entlang,gar,Mööda,FAMILY_COPY_STRICT,fi+sv
data,is,A2,414,entlang,gar,Anstrengelse,FAMILY_COPY_STRICT,is+nb+nn
data,nb,A2,414,entlang,gar,Anstrengelse,FAMILY_COPY_STRICT,is+nb+nn
data,nn,A2,414,entlang,gar,Anstrengelse,FAMILY_COPY_STRICT,is+nb+nn
data,it,A2,414,entlang,gar,Gar,FAMILY_COPY_STRICT,it+lb+nl+pt
data,lb,A2,414,entlang,gar,Gar,FAMILY_COPY_STRICT,it+lb+nl+pt
data,nl,A2,414,entlang,gar,Gar,FAMILY_COPY_STRICT,it+lb+nl+pt
data,pt,A2,414,entlang,gar,Gar,FAMILY_COPY_STRICT,it+lb+nl+pt
data,sq,A2,414,entlang,gar,Uzun,FAMILY_COPY_STRICT,sq+tr
data,tr,A2,414,entlang,gar,Uzun,FAMILY_COPY_STRICT,sq+tr
data,hr,A2,415,entschuldigen,atvainot • piedot,Съжалявам • Съжалявам,SCRIPT_MISMATCH,
data,hr,A2,415,entschuldigen,atvainot • piedot,Съжалявам • Съжалявам,MARKER_LEAK,foreign_script
data,lb,A2,415,entschuldigen,atvainot • piedot,Atvainot • Piedot,SAME_AS_LV_CASEFOLD,casefold_only
data,nl,A2,415,entschuldigen,atvainot • piedot,Atvainot • Piedot,SAME_AS_LV_CASEFOLD,casefold_only
data,sl,A2,415,entschuldigen,atvainot • piedot,atvainot • piedot,SAME_AS_LV_CASEFOLD,exact
data,sq,A2,415,entschuldigen,atvainot • piedot,Haklı göster • Bağışla,MARKER_LEAK,tr_soft
data,bg,A2,415,entschuldigen,atvainot • piedot,Съжалявам • Съжалявам,FAMILY_COPY_STRICT,bg+hr+mk+sr
data,hr,A2,415,entschuldigen,atvainot • piedot,Съжалявам • Съжалявам,FAMILY_COPY_STRICT,bg+hr+mk+sr
data,mk,A2,415,entschuldigen,atvainot • piedot,Съжалявам • Съжалявам,FAMILY_COPY_STRICT,bg+hr+mk+sr
data,sr,A2,415,entschuldigen,atvainot • piedot,Съжалявам • Съжалявам,FAMILY_COPY_STRICT,bg+hr+mk+sr
data,fi,A2,415,entschuldigen,atvainot • piedot,Vabandama • Andestama,FAMILY_COPY_STRICT,fi+sv
data,sv,A2,415,entschuldigen,atvainot • piedot,Vabandama • Andestama,FAMILY_COPY_STRICT,fi+sv
data,is,A2,415,entschuldigen,atvainot • piedot,Vabandama • Åndestamme,FAMILY_COPY_STRICT,is+nb+nn
data,nb,A2,415,entschuldigen,atvainot • piedot,Vabandama • Åndestamme,FAMILY_COPY_STRICT,is+nb+nn
data,nn,A2,415,entschuldigen,atvainot • piedot,Vabandama • Åndestamme,FAMILY_COPY_STRICT,is+nb+nn
data,it,A2,415,entschuldigen,atvainot • piedot,Atvainot • Piédot,FAMILY_COPY_STRICT,it+pt
data,pt,A2,415,entschuldigen,atvainot • piedot,Atvainot • Piédot,FAMILY_COPY_STRICT,it+pt
data,lb,A2,415,entschuldigen,atvainot • piedot,Atvainot • Piedot,FAMILY_COPY_STRICT,lb+nl
data,nl,A2,415,entschuldigen,atvainot • piedot,Atvainot • Piedot,FAMILY_COPY_STRICT,lb+nl
data,sq,A2,415,entschuldigen,atvainot • piedot,Haklı göster • Bağışla,FAMILY_COPY_STRICT,sq+tr
data,tr,A2,415,entschuldigen,atvainot • piedot,Haklı göster • Bağışla,FAMILY_COPY_STRICT,sq+tr
data,hr,A2,416,entweder,vai nu,Или,SCRIPT_MISMATCH,
data,hr,A2,416,entweder,vai nu,Или,MARKER_LEAK,foreign_script
data,lb,A2,416,entweder,vai nu,Vai nu,SAME_AS_LV_CASEFOLD,casefold_only
data,nl,A2,416,entweder,vai nu,Vai nu,SAME_AS_LV_CASEFOLD,casefold_only
data,sl,A2,416,entweder,vai nu,vai nu,SAME_AS_LV_CASEFOLD,exact
data,bg,A2,416,entweder,vai nu,Или,FAMILY_COPY_STRICT,bg+hr+mk+ru+sr
data,hr,A2,416,entweder,vai nu,Или,FAMILY_COPY_STRICT,bg+hr+mk+ru+sr
data,mk,A2,416,entweder,vai nu,Или,FAMILY_COPY_STRICT,bg+hr+mk+ru+sr
data,ru,A2,416,entweder,vai nu,Или,FAMILY_COPY_STRICT,bg+hr+mk+ru+sr
data,sr,A2,416,entweder,vai nu,Или,FAMILY_COPY_STRICT,bg+hr+mk+ru+sr
data,fi,A2,416,entweder,vai nu,Kas,FAMILY_COPY_STRICT,fi+sv
data,sv,A2,416,entweder,vai nu,Kas,FAMILY_COPY_STRICT,fi+sv
data,is,A2,416,entweder,vai nu,Cas,FAMILY_COPY_STRICT,is+nb+nn
data,nb,A2,416,entweder,vai nu,Cas,FAMILY_COPY_STRICT,is+nb+nn
data,nn,A2,416,entweder,vai nu,Cas,FAMILY_COPY_STRICT,is+nb+nn
data,lb,A2,416,entweder,vai nu,Vai nu,FAMILY_COPY_STRICT,lb+nl
data,nl,A2,416,entweder,vai nu,Vai nu,FAMILY_COPY_STRICT,lb+nl
data,hr,A2,417,Erdgeschoss,pirmais stāvs,Първи етаж,SCRIPT_MISMATCH,
data,hr,A2,417,Erdgeschoss,pirmais stāvs,Първи етаж,MARKER_LEAK,foreign_script
data,lb,A2,417,Erdgeschoss,pirmais stāvs,Pirmais stāvs,SAME_AS_LV_CASEFOLD,casefold_only
data,lb,A2,417,Erdgeschoss,pirmais stāvs,Pirmais stāvs,LV_DIACRITIC,
data,lb,A2,417,Erdgeschoss,pirmais stāvs,Pirmais stāvs,MARKER_LEAK,lv_macron_consonant
data,nl,A2,417,Erdgeschoss,pirmais stāvs,Pirmais stāvs,SAME_AS_LV_CASEFOLD,casefold_only
data,nl,A2,417,Erdgeschoss,pirmais stāvs,Pirmais stāvs,LV_DIACRITIC,
data,nl,A2,417,Erdgeschoss,pirmais stāvs,Pirmais stāvs,MARKER_LEAK,lv_macron_consonant
data,sl,A2,417,Erdgeschoss,pirmais stāvs,pirmais stāvs,SAME_AS_LV_CASEFOLD,exact
data,sl,A2,417,Erdgeschoss,pirmais stāvs,pirmais stāvs,LV_DIACRITIC,
data,sl,A2,417,Erdgeschoss,pirmais stāvs,pirmais stāvs,MARKER_LEAK,lv_macron_consonant
data,bg,A2,417,Erdgeschoss,pirmais stāvs,Първи етаж,FAMILY_COPY_STRICT,bg+hr+mk+sr
data,hr,A2,417,Erdgeschoss,pirmais stāvs,Първи етаж,FAMILY_COPY_STRICT,bg+hr+mk+sr
data,mk,A2,417,Erdgeschoss,pirmais stāvs,Първи етаж,FAMILY_COPY_STRICT,bg+hr+mk+sr
data,sr,A2,417,Erdgeschoss,pirmais stāvs,Първи етаж,FAMILY_COPY_STRICT,bg+hr+mk+sr
data,fi,A2,417,Erdgeschoss,pirmais stāvs,Esimene korrus,FAMILY_COPY_STRICT,fi+sv
data,sv,A2,417,Erdgeschoss,pirmais stāvs,Esimene korrus,FAMILY_COPY_STRICT,fi+sv
data,is,A2,417,Erdgeschoss,pirmais stāvs,Første korrus,FAMILY_COPY_STRICT,is+nb+nn
data,nb,A2,417,Erdgeschoss,pirmais stāvs,Første korrus,FAMILY_COPY_STRICT,is+nb+nn
data,nn,A2,417,Erdgeschoss,pirmais stāvs,Første korrus,FAMILY_COPY_STRICT,is+nb+nn
data,lb,A2,417,Erdgeschoss,pirmais stāvs,Pirmais stāvs,FAMILY_COPY_STRICT,lb+nl
data,nl,A2,417,Erdgeschoss,pirmais stāvs,Pirmais stāvs,FAMILY_COPY_STRICT,lb+nl
data,sq,A2,417,Erdgeschoss,pirmais stāvs,Birinci kat,FAMILY_COPY_STRICT,sq+tr
data,tr,A2,417,Erdgeschoss,pirmais stāvs,Birinci kat,FAMILY_COPY_STRICT,sq+tr
data,hr,A2,418,erfahren,uzzināt • pieredzēt,Научете • Опит,SCRIPT_MISMATCH,
data,hr,A2,418,erfahren,uzzināt • pieredzēt,Научете • Опит,MARKER_LEAK,foreign_script
data,it,A2,418,erfahren,uzzināt • pieredzēt,Uzzināt • Pieredzēt,SAME_AS_LV_CASEFOLD,casefold_only
data,it,A2,418,erfahren,uzzināt • pieredzēt,Uzzināt • Pieredzēt,LV_DIACRITIC,
data,it,A2,418,erfahren,uzzināt • pieredzēt,Uzzināt • Pieredzēt,MARKER_LEAK,lv_macron_consonant
data,lb,A2,418,erfahren,uzzināt • pieredzēt,Uzzināt • Pieredzēt,SAME_AS_LV_CASEFOLD,casefold_only
data,lb,A2,418,erfahren,uzzināt • pieredzēt,Uzzināt • Pieredzēt,LV_DIACRITIC,
data,lb,A2,418,erfahren,uzzināt • pieredzēt,Uzzināt • Pieredzēt,MARKER_LEAK,lv_macron_consonant
data,nl,A2,418,erfahren,uzzināt • pieredzēt,Uzzināt • Pieredzēt,SAME_AS_LV_CASEFOLD,casefold_only
data,nl,A2,418,erfahren,uzzināt • pieredzēt,Uzzināt • Pieredzēt,LV_DIACRITIC,
data,nl,A2,418,erfahren,uzzināt • pieredzēt,Uzzināt • Pieredzēt,MARKER_LEAK,lv_macron_consonant
data,pt,A2,418,erfahren,uzzināt • pieredzēt,Uzzināt • Pieredzēt,SAME_AS_LV_CASEFOLD,casefold_only
data,pt,A2,418,erfahren,uzzināt • pieredzēt,Uzzināt • Pieredzēt,LV_DIACRITIC,
data,pt,A2,418,erfahren,uzzināt • pieredzēt,Uzzināt • Pieredzēt,MARKER_LEAK,lv_macron_consonant
data,sl,A2,418,erfahren,uzzināt • pieredzēt,uzzināt • pieredzēt,SAME_AS_LV_CASEFOLD,exact
data,sl,A2,418,erfahren,uzzināt • pieredzēt,uzzināt • pieredzēt,LV_DIACRITIC,
data,sl,A2,418,erfahren,uzzināt • pieredzēt,uzzināt • pieredzēt,MARKER_LEAK,lv_macron_consonant
data,sq,A2,418,erfahren,uzzināt • pieredzēt,Öğrenin • Deneyimleyin,MARKER_LEAK,tr_soft
data,bg,A2,418,erfahren,uzzināt • pieredzēt,Научете • Опит,FAMILY_COPY_STRICT,bg+hr+mk+sr
data,hr,A2,418,erfahren,uzzināt • pieredzēt,Научете • Опит,FAMILY_COPY_STRICT,bg+hr+mk+sr
data,mk,A2,418,erfahren,uzzināt • pieredzēt,Научете • Опит,FAMILY_COPY_STRICT,bg+hr+mk+sr
data,sr,A2,418,erfahren,uzzināt • pieredzēt,Научете • Опит,FAMILY_COPY_STRICT,bg+hr+mk+sr
data,fi,A2,418,erfahren,uzzināt • pieredzēt,Teada saama • Kogema,FAMILY_COPY_STRICT,fi+is+nb+nn+sv
data,is,A2,418,erfahren,uzzināt • pieredzēt,Teada saama • Kogema,FAMILY_COPY_STRICT,fi+is+nb+nn+sv
data,nb,A2,418,erfahren,uzzināt • pieredzēt,Teada saama • Kogema,FAMILY_COPY_STRICT,fi+is+nb+nn+sv
data,nn,A2,418,erfahren,uzzināt • pieredzēt,Teada saama • Kogema,FAMILY_COPY_STRICT,fi+is+nb+nn+sv
data,sv,A2,418,erfahren,uzzināt • pieredzēt,Teada saama • Kogema,FAMILY_COPY_STRICT,fi+is+nb+nn+sv
data,it,A2,418,erfahren,uzzināt • pieredzēt,Uzzināt • Pieredzēt,FAMILY_COPY_STRICT,it+lb+nl+pt
data,lb,A2,418,erfahren,uzzināt • pieredzēt,Uzzināt • Pieredzēt,FAMILY_COPY_STRICT,it+lb+nl+pt
data,nl,A2,418,erfahren,uzzināt • pieredzēt,Uzzināt • Pieredzēt,FAMILY_COPY_STRICT,it+lb+nl+pt
data,pt,A2,418,erfahren,uzzināt • pieredzēt,Uzzināt • Pieredzēt,FAMILY_COPY_STRICT,it+lb+nl+pt
data,sq,A2,418,erfahren,uzzināt • pieredzēt,Öğrenin • Deneyimleyin,FAMILY_COPY_STRICT,sq+tr
data,tr,A2,418,erfahren,uzzināt • pieredzēt,Öğrenin • Deneyimleyin,FAMILY_COPY_STRICT,sq+tr
data,lb,A2,419,Erfolg,panākumi,Panākumi,SAME_AS_LV_CASEFOLD,casefold_only
data,lb,A2,419,Erfolg,panākumi,Panākumi,LV_DIACRITIC,
data,lb,A2,419,Erfolg,panākumi,Panākumi,MARKER_LEAK,lv_macron_consonant
data,nl,A2,419,Erfolg,panākumi,Panākumi,SAME_AS_LV_CASEFOLD,casefold_only
data,nl,A2,419,Erfolg,panākumi,Panākumi,LV_DIACRITIC,
data,nl,A2,419,Erfolg,panākumi,Panākumi,MARKER_LEAK,lv_macron_consonant
data,sl,A2,419,Erfolg,panākumi,panākumi,SAME_AS_LV_CASEFOLD,exact
data,sl,A2,419,Erfolg,panākumi,panākumi,LV_DIACRITIC,
data,sl,A2,419,Erfolg,panākumi,panākumi,MARKER_LEAK,lv_macron_consonant
data,sr,A2,419,Erfolg,panākumi,Ja sam sretan,SCRIPT_MISMATCH,sr_as_cyrillic
data,sr,A2,419,Erfolg,panākumi,Ja sam sretan,MARKER_LEAK,latin_in_cyrillic
data,bg,A2,419,Erfolg,panākumi,Успех,FAMILY_COPY_STRICT,bg+ru
data,ru,A2,419,Erfolg,panākumi,Успех,FAMILY_COPY_STRICT,bg+ru
data,da,A2,419,Erfolg,panākumi,Succes,FAMILY_COPY_STRICT,da+ro
data,ro,A2,419,Erfolg,panākumi,Succes,FAMILY_COPY_STRICT,da+ro
data,fi,A2,419,Erfolg,panākumi,Edu,FAMILY_COPY_STRICT,fi+sv
data,sv,A2,419,Erfolg,panākumi,Edu,FAMILY_COPY_STRICT,fi+sv
data,hr,A2,419,Erfolg,panākumi,Ja sam sretan,FAMILY_COPY_STRICT,hr+sr
data,sr,A2,419,Erfolg,panākumi,Ja sam sretan,FAMILY_COPY_STRICT,hr+sr
data,is,A2,419,Erfolg,panākumi,Ed,FAMILY_COPY_STRICT,is+nb+nn
data,nb,A2,419,Erfolg,panākumi,Ed,FAMILY_COPY_STRICT,is+nb+nn
data,nn,A2,419,Erfolg,panākumi,Ed,FAMILY_COPY_STRICT,is+nb+nn
data,it,A2,419,Erfolg,panākumi,Panakumi,FAMILY_COPY_STRICT,it+pt
data,pt,A2,419,Erfolg,panākumi,Panakumi,FAMILY_COPY_STRICT,it+pt
data,lb,A2,419,Erfolg,panākumi,Panākumi,FAMILY_COPY_STRICT,lb+nl
data,nl,A2,419,Erfolg,panākumi,Panākumi,FAMILY_COPY_STRICT,lb+nl
data,pl,A2,419,Erfolg,panākumi,Sukces,FAMILY_COPY_STRICT,pl+sq+tr
data,sq,A2,419,Erfolg,panākumi,Sukces,FAMILY_COPY_STRICT,pl+sq+tr
data,tr,A2,419,Erfolg,panākumi,Sukces,FAMILY_COPY_STRICT,pl+sq+tr
data,nl,A2,420,erinnern,atgādināt,Atgādināt,SAME_AS_LV_CASEFOLD,casefold_only
data,nl,A2,420,erinnern,atgādināt,Atgādināt,LV_DIACRITIC,
data,nl,A2,420,erinnern,atgādināt,Atgādināt,MARKER_LEAK,lv_macron_consonant
data,sl,A2,420,erinnern,atgādināt,atgādināt,SAME_AS_LV_CASEFOLD,exact
data,sl,A2,420,erinnern,atgādināt,atgādināt,LV_DIACRITIC,
data,sl,A2,420,erinnern,atgādināt,atgādināt,MARKER_LEAK,lv_macron_consonant
data,sr,A2,420,erinnern,atgādināt,Opomni,SCRIPT_MISMATCH,sr_as_cyrillic
data,sr,A2,420,erinnern,atgādināt,Opomni,MARKER_LEAK,latin_in_cyrillic
data,bg,A2,420,erinnern,atgādināt,Напомни,FAMILY_COPY_STRICT,bg+mk
data,mk,A2,420,erinnern,atgādināt,Напомни,FAMILY_COPY_STRICT,bg+mk
data,fi,A2,420,erinnern,atgādināt,Meelde tuletama,FAMILY_COPY_STRICT,fi+is+nb+nn+sv
data,is,A2,420,erinnern,atgādināt,Meelde tuletama,FAMILY_COPY_STRICT,fi+is+nb+nn+sv
data,nb,A2,420,erinnern,atgādināt,Meelde tuletama,FAMILY_COPY_STRICT,fi+is+nb+nn+sv
data,nn,A2,420,erinnern,atgādināt,Meelde tuletama,FAMILY_COPY_STRICT,fi+is+nb+nn+sv
data,sv,A2,420,erinnern,atgādināt,Meelde tuletama,FAMILY_COPY_STRICT,fi+is+nb+nn+sv
data,hr,A2,420,erinnern,atgādināt,Opomni,FAMILY_COPY_STRICT,hr+sr
data,sr,A2,420,erinnern,atgādināt,Opomni,FAMILY_COPY_STRICT,hr+sr
data,it,A2,420,erinnern,atgādināt,Atgadinat,FAMILY_COPY_STRICT,it+pt
data,pt,A2,420,erinnern,atgādināt,Atgadinat,FAMILY_COPY_STRICT,it+pt
data,hr,A2,421,Erinnerung,atmiņa • piemiņa,Памет • Спомен,SCRIPT_MISMATCH,
data,hr,A2,421,Erinnerung,atmiņa • piemiņa,Памет • Спомен,MARKER_LEAK,foreign_script
data,sl,A2,421,Erinnerung,atmiņa • piemiņa,atmiņa • piemiņa,SAME_AS_LV_CASEFOLD,exact
data,sl,A2,421,Erinnerung,atmiņa • piemiņa,atmiņa • piemiņa,LV_DIACRITIC,
data,sl,A2,421,Erinnerung,atmiņa • piemiņa,atmiņa • piemiņa,MARKER_LEAK,lv_macron_consonant
data,bg,A2,421,Erinnerung,atmiņa • piemiņa,Памет • Спомен,FAMILY_COPY_STRICT,bg+hr+mk+sr
data,hr,A2,421,Erinnerung,atmiņa • piemiņa,Памет • Спомен,FAMILY_COPY_STRICT,bg+hr+mk+sr
data,mk,A2,421,Erinnerung,atmiņa • piemiņa,Памет • Спомен,FAMILY_COPY_STRICT,bg+hr+mk+sr
data,sr,A2,421,Erinnerung,atmiņa • piemiņa,Памет • Спомен,FAMILY_COPY_STRICT,bg+hr+mk+sr
data,fi,A2,421,Erinnerung,atmiņa • piemiņa,Mälestus • Meenutus,FAMILY_COPY_STRICT,fi+is+nb+nn+sv
data,is,A2,421,Erinnerung,atmiņa • piemiņa,Mälestus • Meenutus,FAMILY_COPY_STRICT,fi+is+nb+nn+sv
data,nb,A2,421,Erinnerung,atmiņa • piemiņa,Mälestus • Meenutus,FAMILY_COPY_STRICT,fi+is+nb+nn+sv
data,nn,A2,421,Erinnerung,atmiņa • piemiņa,Mälestus • Meenutus,FAMILY_COPY_STRICT,fi+is+nb+nn+sv
data,sv,A2,421,Erinnerung,atmiņa • piemiņa,Mälestus • Meenutus,FAMILY_COPY_STRICT,fi+is+nb+nn+sv
data,lb,A2,421,Erinnerung,atmiņa • piemiņa,Geheugen • Herinnering,FAMILY_COPY_STRICT,lb+nl
data,nl,A2,421,Erinnerung,atmiņa • piemiņa,Geheugen • Herinnering,FAMILY_COPY_STRICT,lb+nl
data,sq,A2,421,Erinnerung,atmiņa • piemiņa,Bellek • Bellek,FAMILY_COPY_STRICT,sq+tr
data,tr,A2,421,Erinnerung,atmiņa • piemiņa,Bellek • Bellek,FAMILY_COPY_STRICT,sq+tr
data,it,A2,422,Erkältung,saaukstēšanās,Saaukstéšanās,LV_DIACRITIC,
data,it,A2,422,Erkältung,saaukstēšanās,Saaukstéšanās,MARKER_LEAK,lv_macron_consonant
data,lb,A2,422,Erkältung,saaukstēšanās,Saaukstēšanās,SAME_AS_LV_CASEFOLD,casefold_only
data,lb,A2,422,Erkältung,saaukstēšanās,Saaukstēšanās,LV_DIACRITIC,
data,lb,A2,422,Erkältung,saaukstēšanās,Saaukstēšanās,MARKER_LEAK,lv_macron_consonant
data,nl,A2,422,Erkältung,saaukstēšanās,Saaukstēšanās,SAME_AS_LV_CASEFOLD,casefold_only
data,nl,A2,422,Erkältung,saaukstēšanās,Saaukstēšanās,LV_DIACRITIC,
data,nl,A2,422,Erkältung,saaukstēšanās,Saaukstēšanās,MARKER_LEAK,lv_macron_consonant
data,pt,A2,422,Erkältung,saaukstēšanās,Saaukstéšanas,LV_DIACRITIC,
data,sl,A2,422,Erkältung,saaukstēšanās,saaukstēšanās,SAME_AS_LV_CASEFOLD,exact
data,sl,A2,422,Erkältung,saaukstēšanās,saaukstēšanās,LV_DIACRITIC,
data,sl,A2,422,Erkältung,saaukstēšanās,saaukstēšanās,MARKER_LEAK,lv_macron_consonant
data,sr,A2,422,Erkältung,saaukstēšanās,Hladno.,SCRIPT_MISMATCH,sr_as_cyrillic
data,sr,A2,422,Erkältung,saaukstēšanās,Hladno.,MARKER_LEAK,latin_in_cyrillic
data,fi,A2,422,Erkältung,saaukstēšanās,Külmetus,FAMILY_COPY_STRICT,fi+is+nb+nn+sv
data,is,A2,422,Erkältung,saaukstēšanās,Külmetus,FAMILY_COPY_STRICT,fi+is+nb+nn+sv
data,nb,A2,422,Erkältung,saaukstēšanās,Külmetus,FAMILY_COPY_STRICT,fi+is+nb+nn+sv
data,nn,A2,422,Erkältung,saaukstēšanās,Külmetus,FAMILY_COPY_STRICT,fi+is+nb+nn+sv
data,sv,A2,422,Erkältung,saaukstēšanās,Külmetus,FAMILY_COPY_STRICT,fi+is+nb+nn+sv
data,hr,A2,422,Erkältung,saaukstēšanās,Hladno.,FAMILY_COPY_STRICT,hr+sr
data,sr,A2,422,Erkältung,saaukstēšanās,Hladno.,FAMILY_COPY_STRICT,hr+sr
data,lb,A2,422,Erkältung,saaukstēšanās,Saaukstēšanās,FAMILY_COPY_STRICT,lb+nl
data,nl,A2,422,Erkältung,saaukstēšanās,Saaukstēšanās,FAMILY_COPY_STRICT,lb+nl
data,hr,A2,423,erkennen,atpazīt • saprast,Разпознаване • Разбиране,SCRIPT_MISMATCH,
data,hr,A2,423,erkennen,atpazīt • saprast,Разпознаване • Разбиране,MARKER_LEAK,foreign_script
data,lb,A2,423,erkennen,atpazīt • saprast,Atpazīt • Saprast,SAME_AS_LV_CASEFOLD,casefold_only
data,lb,A2,423,erkennen,atpazīt • saprast,Atpazīt • Saprast,LV_DIACRITIC,
data,lb,A2,423,erkennen,atpazīt • saprast,Atpazīt • Saprast,MARKER_LEAK,lv_macron_consonant
data,nl,A2,423,erkennen,atpazīt • saprast,Atpazīt • Saprast,SAME_AS_LV_CASEFOLD,casefold_only
data,nl,A2,423,erkennen,atpazīt • saprast,Atpazīt • Saprast,LV_DIACRITIC,
data,nl,A2,423,erkennen,atpazīt • saprast,Atpazīt • Saprast,MARKER_LEAK,lv_macron_consonant
data,sl,A2,423,erkennen,atpazīt • saprast,atpazīt • saprast,SAME_AS_LV_CASEFOLD,exact
data,sl,A2,423,erkennen,atpazīt • saprast,atpazīt • saprast,LV_DIACRITIC,
data,sl,A2,423,erkennen,atpazīt • saprast,atpazīt • saprast,MARKER_LEAK,lv_macron_consonant
data,bg,A2,423,erkennen,atpazīt • saprast,Разпознаване • Разбиране,FAMILY_COPY_STRICT,bg+hr+mk+sr
data,hr,A2,423,erkennen,atpazīt • saprast,Разпознаване • Разбиране,FAMILY_COPY_STRICT,bg+hr+mk+sr
data,mk,A2,423,erkennen,atpazīt • saprast,Разпознаване • Разбиране,FAMILY_COPY_STRICT,bg+hr+mk+sr
data,sr,A2,423,erkennen,atpazīt • saprast,Разпознаване • Разбиране,FAMILY_COPY_STRICT,bg+hr+mk+sr
data,fi,A2,423,erkennen,atpazīt • saprast,Ära tundma • Aru saama,FAMILY_COPY_STRICT,fi+sv
data,sv,A2,423,erkennen,atpazīt • saprast,Ära tundma • Aru saama,FAMILY_COPY_STRICT,fi+sv
data,is,A2,423,erkennen,atpazīt • saprast,Ære å vite • Aru saama,FAMILY_COPY_STRICT,is+nb+nn
data,nb,A2,423,erkennen,atpazīt • saprast,Ære å vite • Aru saama,FAMILY_COPY_STRICT,is+nb+nn
data,nn,A2,423,erkennen,atpazīt • saprast,Ære å vite • Aru saama,FAMILY_COPY_STRICT,is+nb+nn
data,it,A2,423,erkennen,atpazīt • saprast,Atpazit • Saprast,FAMILY_COPY_STRICT,it+pt
data,pt,A2,423,erkennen,atpazīt • saprast,Atpazit • Saprast,FAMILY_COPY_STRICT,it+pt
data,lb,A2,423,erkennen,atpazīt • saprast,Atpazīt • Saprast,FAMILY_COPY_STRICT,lb+nl
data,nl,A2,423,erkennen,atpazīt • saprast,Atpazīt • Saprast,FAMILY_COPY_STRICT,lb+nl
data,hr,A2,424,erklären,paskaidrot • izskaidrot,Обяснете • Обяснете,SCRIPT_MISMATCH,
data,hr,A2,424,erklären,paskaidrot • izskaidrot,Обяснете • Обяснете,MARKER_LEAK,foreign_script
data,it,A2,424,erklären,paskaidrot • izskaidrot,Paskaidrot • Izskaidrot,SAME_AS_LV_CASEFOLD,casefold_only
data,lb,A2,424,erklären,paskaidrot • izskaidrot,Paskaidrot • Izskaidrot,SAME_AS_LV_CASEFOLD,casefold_only
data,nl,A2,424,erklären,paskaidrot • izskaidrot,Paskaidrot • Izskaidrot,SAME_AS_LV_CASEFOLD,casefold_only
data,pt,A2,424,erklären,paskaidrot • izskaidrot,Paskaidrot • Izskaidrot,SAME_AS_LV_CASEFOLD,casefold_only
data,sl,A2,424,erklären,paskaidrot • izskaidrot,paskaidrot • izskaidrot,SAME_AS_LV_CASEFOLD,exact
data,sq,A2,424,erklären,paskaidrot • izskaidrot,Açıklama • Explain,MARKER_LEAK,tr_soft
data,bg,A2,424,erklären,paskaidrot • izskaidrot,Обяснете • Обяснете,FAMILY_COPY_STRICT,bg+hr+mk+sr
data,hr,A2,424,erklären,paskaidrot • izskaidrot,Обяснете • Обяснете,FAMILY_COPY_STRICT,bg+hr+mk+sr
data,mk,A2,424,erklären,paskaidrot • izskaidrot,Обяснете • Обяснете,FAMILY_COPY_STRICT,bg+hr+mk+sr
data,sr,A2,424,erklären,paskaidrot • izskaidrot,Обяснете • Обяснете,FAMILY_COPY_STRICT,bg+hr+mk+sr
data,fi,A2,424,erklären,paskaidrot • izskaidrot,Selgitama • Seletama,FAMILY_COPY_STRICT,fi+is+nb+nn+sv
data,is,A2,424,erklären,paskaidrot • izskaidrot,Selgitama • Seletama,FAMILY_COPY_STRICT,fi+is+nb+nn+sv
data,nb,A2,424,erklären,paskaidrot • izskaidrot,Selgitama • Seletama,FAMILY_COPY_STRICT,fi+is+nb+nn+sv
data,nn,A2,424,erklären,paskaidrot • izskaidrot,Selgitama • Seletama,FAMILY_COPY_STRICT,fi+is+nb+nn+sv
data,sv,A2,424,erklären,paskaidrot • izskaidrot,Selgitama • Seletama,FAMILY_COPY_STRICT,fi+is+nb+nn+sv
data,it,A2,424,erklären,paskaidrot • izskaidrot,Paskaidrot • Izskaidrot,FAMILY_COPY_STRICT,it+lb+nl+pt
data,lb,A2,424,erklären,paskaidrot • izskaidrot,Paskaidrot • Izskaidrot,FAMILY_COPY_STRICT,it+lb+nl+pt
data,nl,A2,424,erklären,paskaidrot • izskaidrot,Paskaidrot • Izskaidrot,FAMILY_COPY_STRICT,it+lb+nl+pt
data,pt,A2,424,erklären,paskaidrot • izskaidrot,Paskaidrot • Izskaidrot,FAMILY_COPY_STRICT,it+lb+nl+pt
data,sq,A2,424,erklären,paskaidrot • izskaidrot,Açıklama • Explain,FAMILY_COPY_STRICT,sq+tr
data,tr,A2,424,erklären,paskaidrot • izskaidrot,Açıklama • Explain,FAMILY_COPY_STRICT,sq+tr
data,hr,A2,425,erlauben,atļaut • ļaut,Разреши • Разреши,SCRIPT_MISMATCH,
data,hr,A2,425,erlauben,atļaut • ļaut,Разреши • Разреши,MARKER_LEAK,foreign_script
data,lb,A2,425,erlauben,atļaut • ļaut,Atļaut • Ļaut,SAME_AS_LV_CASEFOLD,casefold_only
data,lb,A2,425,erlauben,atļaut • ļaut,Atļaut • Ļaut,LV_DIACRITIC,
data,lb,A2,425,erlauben,atļaut • ļaut,Atļaut • Ļaut,MARKER_LEAK,lv_macron_consonant
data,nl,A2,425,erlauben,atļaut • ļaut,Atļaut • Ļaut,SAME_AS_LV_CASEFOLD,casefold_only
data,nl,A2,425,erlauben,atļaut • ļaut,Atļaut • Ļaut,LV_DIACRITIC,
data,nl,A2,425,erlauben,atļaut • ļaut,Atļaut • Ļaut,MARKER_LEAK,lv_macron_consonant
data,sl,A2,425,erlauben,atļaut • ļaut,atļaut • ļaut,SAME_AS_LV_CASEFOLD,exact
data,sl,A2,425,erlauben,atļaut • ļaut,atļaut • ļaut,LV_DIACRITIC,
data,sl,A2,425,erlauben,atļaut • ļaut,atļaut • ļaut,MARKER_LEAK,lv_macron_consonant
data,sq,A2,425,erlauben,atļaut • ļaut,İzin ver • İzin ver,MARKER_LEAK,tr_soft
data,bg,A2,425,erlauben,atļaut • ļaut,Разреши • Разреши,FAMILY_COPY_STRICT,bg+hr+mk+sr
data,hr,A2,425,erlauben,atļaut • ļaut,Разреши • Разреши,FAMILY_COPY_STRICT,bg+hr+mk+sr
data,mk,A2,425,erlauben,atļaut • ļaut,Разреши • Разреши,FAMILY_COPY_STRICT,bg+hr+mk+sr
data,sr,A2,425,erlauben,atļaut • ļaut,Разреши • Разреши,FAMILY_COPY_STRICT,bg+hr+mk+sr
data,fi,A2,425,erlauben,atļaut • ļaut,Lubama • Laskma,FAMILY_COPY_STRICT,fi+is+nb+nn+sv
data,is,A2,425,erlauben,atļaut • ļaut,Lubama • Laskma,FAMILY_COPY_STRICT,fi+is+nb+nn+sv
data,nb,A2,425,erlauben,atļaut • ļaut,Lubama • Laskma,FAMILY_COPY_STRICT,fi+is+nb+nn+sv
data,nn,A2,425,erlauben,atļaut • ļaut,Lubama • Laskma,FAMILY_COPY_STRICT,fi+is+nb+nn+sv
data,sv,A2,425,erlauben,atļaut • ļaut,Lubama • Laskma,FAMILY_COPY_STRICT,fi+is+nb+nn+sv
data,lb,A2,425,erlauben,atļaut • ļaut,Atļaut • Ļaut,FAMILY_COPY_STRICT,lb+nl
data,nl,A2,425,erlauben,atļaut • ļaut,Atļaut • Ļaut,FAMILY_COPY_STRICT,lb+nl
data,sq,A2,425,erlauben,atļaut • ļaut,İzin ver • İzin ver,FAMILY_COPY_STRICT,sq+tr
data,tr,A2,425,erlauben,atļaut • ļaut,İzin ver • İzin ver,FAMILY_COPY_STRICT,sq+tr
data,hr,A2,426,Erlaubnis,atļauja,Разрешение,SCRIPT_MISMATCH,
data,hr,A2,426,Erlaubnis,atļauja,Разрешение,MARKER_LEAK,foreign_script
data,lb,A2,426,Erlaubnis,atļauja,Atļauja,SAME_AS_LV_CASEFOLD,casefold_only
data,lb,A2,426,Erlaubnis,atļauja,Atļauja,LV_DIACRITIC,
data,lb,A2,426,Erlaubnis,atļauja,Atļauja,MARKER_LEAK,lv_macron_consonant
data,nl,A2,426,Erlaubnis,atļauja,Atļauja,SAME_AS_LV_CASEFOLD,casefold_only
data,nl,A2,426,Erlaubnis,atļauja,Atļauja,LV_DIACRITIC,
data,nl,A2,426,Erlaubnis,atļauja,Atļauja,MARKER_LEAK,lv_macron_consonant
data,sl,A2,426,Erlaubnis,atļauja,atļauja,SAME_AS_LV_CASEFOLD,exact
data,sl,A2,426,Erlaubnis,atļauja,atļauja,LV_DIACRITIC,
data,sl,A2,426,Erlaubnis,atļauja,atļauja,MARKER_LEAK,lv_macron_consonant
data,bg,A2,426,Erlaubnis,atļauja,Разрешение,FAMILY_COPY_STRICT,bg+hr+mk+ru+sr
data,hr,A2,426,Erlaubnis,atļauja,Разрешение,FAMILY_COPY_STRICT,bg+hr+mk+ru+sr
data,mk,A2,426,Erlaubnis,atļauja,Разрешение,FAMILY_COPY_STRICT,bg+hr+mk+ru+sr
data,ru,A2,426,Erlaubnis,atļauja,Разрешение,FAMILY_COPY_STRICT,bg+hr+mk+ru+sr
data,sr,A2,426,Erlaubnis,atļauja,Разрешение,FAMILY_COPY_STRICT,bg+hr+mk+ru+sr
data,fi,A2,426,Erlaubnis,atļauja,Luba,FAMILY_COPY_STRICT,fi+is+nb+nn+sv
data,is,A2,426,Erlaubnis,atļauja,Luba,FAMILY_COPY_STRICT,fi+is+nb+nn+sv
data,nb,A2,426,Erlaubnis,atļauja,Luba,FAMILY_COPY_STRICT,fi+is+nb+nn+sv
data,nn,A2,426,Erlaubnis,atļauja,Luba,FAMILY_COPY_STRICT,fi+is+nb+nn+sv
data,sv,A2,426,Erlaubnis,atļauja,Luba,FAMILY_COPY_STRICT,fi+is+nb+nn+sv
data,it,A2,426,Erlaubnis,atļauja,Atųauja,FAMILY_COPY_STRICT,it+pt
data,pt,A2,426,Erlaubnis,atļauja,Atųauja,FAMILY_COPY_STRICT,it+pt
data,lb,A2,426,Erlaubnis,atļauja,Atļauja,FAMILY_COPY_STRICT,lb+nl
data,nl,A2,426,Erlaubnis,atļauja,Atļauja,FAMILY_COPY_STRICT,lb+nl
data,pl,A2,426,Erlaubnis,atļauja,Pozwolenie,FAMILY_COPY_STRICT,pl+sq+tr
data,sq,A2,426,Erlaubnis,atļauja,Pozwolenie,FAMILY_COPY_STRICT,pl+sq+tr
data,tr,A2,426,Erlaubnis,atļauja,Pozwolenie,FAMILY_COPY_STRICT,pl+sq+tr
data,fi,A2,427,ernst,nopietns,Tõsine,MARKER_LEAK,et_otilde
data,hr,A2,427,ernst,nopietns,Сериозно,SCRIPT_MISMATCH,
data,hr,A2,427,ernst,nopietns,Сериозно,MARKER_LEAK,foreign_script
data,is,A2,427,ernst,nopietns,Tõsine,MARKER_LEAK,et_otilde
data,lb,A2,427,ernst,nopietns,Nopietns,SAME_AS_LV_CASEFOLD,casefold_only
data,nb,A2,427,ernst,nopietns,Tõsine,MARKER_LEAK,et_otilde
data,nl,A2,427,ernst,nopietns,Nopietns,SAME_AS_LV_CASEFOLD,casefold_only
data,nn,A2,427,ernst,nopietns,Tõsine,MARKER_LEAK,et_otilde
data,sl,A2,427,ernst,nopietns,nopietns,SAME_AS_LV_CASEFOLD,exact
data,sv,A2,427,ernst,nopietns,Tõsine,MARKER_LEAK,et_otilde
data,bg,A2,427,ernst,nopietns,Сериозно,FAMILY_COPY_STRICT,bg+hr+mk+sr
data,hr,A2,427,ernst,nopietns,Сериозно,FAMILY_COPY_STRICT,bg+hr+mk+sr
data,mk,A2,427,ernst,nopietns,Сериозно,FAMILY_COPY_STRICT,bg+hr+mk+sr
data,sr,A2,427,ernst,nopietns,Сериозно,FAMILY_COPY_STRICT,bg+hr+mk+sr
data,fi,A2,427,ernst,nopietns,Tõsine,FAMILY_COPY_STRICT,fi+is+nb+nn+sv
data,is,A2,427,ernst,nopietns,Tõsine,FAMILY_COPY_STRICT,fi+is+nb+nn+sv
data,nb,A2,427,ernst,nopietns,Tõsine,FAMILY_COPY_STRICT,fi+is+nb+nn+sv
data,nn,A2,427,ernst,nopietns,Tõsine,FAMILY_COPY_STRICT,fi+is+nb+nn+sv
data,sv,A2,427,ernst,nopietns,Tõsine,FAMILY_COPY_STRICT,fi+is+nb+nn+sv
data,it,A2,427,ernst,nopietns,Pas de petns,FAMILY_COPY_STRICT,it+pt
data,pt,A2,427,ernst,nopietns,Pas de petns,FAMILY_COPY_STRICT,it+pt
data,lb,A2,427,ernst,nopietns,Nopietns,FAMILY_COPY_STRICT,lb+nl
data,nl,A2,427,ernst,nopietns,Nopietns,FAMILY_COPY_STRICT,lb+nl
data,sq,A2,427,ernst,nopietns,Cidden,FAMILY_COPY_STRICT,sq+tr
data,tr,A2,427,ernst,nopietns,Cidden,FAMILY_COPY_STRICT,sq+tr
data,fi,A2,428,erreichen,sasniegt • paspēt,Saavutama • Õigeks ajaks jõudma,MARKER_LEAK,et_otilde
data,hr,A2,428,erreichen,sasniegt • paspēt,Обхват • Наваксване,SCRIPT_MISMATCH,
data,hr,A2,428,erreichen,sasniegt • paspēt,Обхват • Наваксване,MARKER_LEAK,foreign_script
data,is,A2,428,erreichen,sasniegt • paspēt,Saavutama • Õigeks ayaks ogudma,MARKER_LEAK,et_otilde
data,lb,A2,428,erreichen,sasniegt • paspēt,Sasniegt • Paspēt,SAME_AS_LV_CASEFOLD,casefold_only
data,lb,A2,428,erreichen,sasniegt • paspēt,Sasniegt • Paspēt,LV_DIACRITIC,
data,lb,A2,428,erreichen,sasniegt • paspēt,Sasniegt • Paspēt,MARKER_LEAK,lv_macron_consonant
data,nb,A2,428,erreichen,sasniegt • paspēt,Saavutama • Õigeks ayaks ogudma,MARKER_LEAK,et_otilde
data,nl,A2,428,erreichen,sasniegt • paspēt,Sasniegt • Paspēt,SAME_AS_LV_CASEFOLD,casefold_only
data,nl,A2,428,erreichen,sasniegt • paspēt,Sasniegt • Paspēt,LV_DIACRITIC,
data,nl,A2,428,erreichen,sasniegt • paspēt,Sasniegt • Paspēt,MARKER_LEAK,lv_macron_consonant
data,nn,A2,428,erreichen,sasniegt • paspēt,Saavutama • Õigeks ayaks ogudma,MARKER_LEAK,et_otilde
data,sl,A2,428,erreichen,sasniegt • paspēt,sasniegt • paspēt,SAME_AS_LV_CASEFOLD,exact
data,sl,A2,428,erreichen,sasniegt • paspēt,sasniegt • paspēt,LV_DIACRITIC,
data,sl,A2,428,erreichen,sasniegt • paspēt,sasniegt • paspēt,MARKER_LEAK,lv_macron_consonant
data,sq,A2,428,erreichen,sasniegt • paspēt,Ulaşın • Yakalayın,MARKER_LEAK,tr_soft
data,sv,A2,428,erreichen,sasniegt • paspēt,Saavutama • Õigeks ajaks jõudma,MARKER_LEAK,et_otilde
data,bg,A2,428,erreichen,sasniegt • paspēt,Обхват • Наваксване,FAMILY_COPY_STRICT,bg+hr+mk+sr
data,hr,A2,428,erreichen,sasniegt • paspēt,Обхват • Наваксване,FAMILY_COPY_STRICT,bg+hr+mk+sr
data,mk,A2,428,erreichen,sasniegt • paspēt,Обхват • Наваксване,FAMILY_COPY_STRICT,bg+hr+mk+sr
data,sr,A2,428,erreichen,sasniegt • paspēt,Обхват • Наваксване,FAMILY_COPY_STRICT,bg+hr+mk+sr
data,fi,A2,428,erreichen,sasniegt • paspēt,Saavutama • Õigeks ajaks jõudma,FAMILY_COPY_STRICT,fi+sv
data,sv,A2,428,erreichen,sasniegt • paspēt,Saavutama • Õigeks ajaks jõudma,FAMILY_COPY_STRICT,fi+sv
data,is,A2,428,erreichen,sasniegt • paspēt,Saavutama • Õigeks ayaks ogudma,FAMILY_COPY_STRICT,is+nb+nn
data,nb,A2,428,erreichen,sasniegt • paspēt,Saavutama • Õigeks ayaks ogudma,FAMILY_COPY_STRICT,is+nb+nn
data,nn,A2,428,erreichen,sasniegt • paspēt,Saavutama • Õigeks ayaks ogudma,FAMILY_COPY_STRICT,is+nb+nn
data,it,A2,428,erreichen,sasniegt • paspēt,Sasniegt • Paspet,FAMILY_COPY_STRICT,it+pt
data,pt,A2,428,erreichen,sasniegt • paspēt,Sasniegt • Paspet,FAMILY_COPY_STRICT,it+pt
data,lb,A2,428,erreichen,sasniegt • paspēt,Sasniegt • Paspēt,FAMILY_COPY_STRICT,lb+nl
data,nl,A2,428,erreichen,sasniegt • paspēt,Sasniegt • Paspēt,FAMILY_COPY_STRICT,lb+nl
data,sq,A2,428,erreichen,sasniegt • paspēt,Ulaşın • Yakalayın,FAMILY_COPY_STRICT,sq+tr
data,tr,A2,428,erreichen,sasniegt • paspēt,Ulaşın • Yakalayın,FAMILY_COPY_STRICT,sq+tr
data,nl,A2,429,erstens,pirmkārt,Pirmkārt,SAME_AS_LV_CASEFOLD,casefold_only
data,nl,A2,429,erstens,pirmkārt,Pirmkārt,LV_DIACRITIC,
data,nl,A2,429,erstens,pirmkārt,Pirmkārt,MARKER_LEAK,lv_macron_consonant
data,sl,A2,429,erstens,pirmkārt,pirmkārt,SAME_AS_LV_CASEFOLD,exact
data,sl,A2,429,erstens,pirmkārt,pirmkārt,LV_DIACRITIC,
data,sl,A2,429,erstens,pirmkārt,pirmkārt,MARKER_LEAK,lv_macron_consonant
data,sr,A2,429,erstens,pirmkārt,Najprej,SCRIPT_MISMATCH,sr_as_cyrillic
data,sr,A2,429,erstens,pirmkārt,Najprej,MARKER_LEAK,latin_in_cyrillic
data,bg,A2,429,erstens,pirmkārt,На първо място,FAMILY_COPY_STRICT,bg+mk
data,mk,A2,429,erstens,pirmkārt,На първо място,FAMILY_COPY_STRICT,bg+mk
data,fi,A2,429,erstens,pirmkārt,Esiteks,FAMILY_COPY_STRICT,fi+sv
data,sv,A2,429,erstens,pirmkārt,Esiteks,FAMILY_COPY_STRICT,fi+sv
data,hr,A2,429,erstens,pirmkārt,Najprej,FAMILY_COPY_STRICT,hr+sr
data,sr,A2,429,erstens,pirmkārt,Najprej,FAMILY_COPY_STRICT,hr+sr
data,is,A2,429,erstens,pirmkārt,Først av alt,FAMILY_COPY_STRICT,is+nb+nn
data,nb,A2,429,erstens,pirmkārt,Først av alt,FAMILY_COPY_STRICT,is+nb+nn
data,nn,A2,429,erstens,pirmkārt,Først av alt,FAMILY_COPY_STRICT,is+nb+nn
data,it,A2,429,erstens,pirmkārt,Pirmkart,FAMILY_COPY_STRICT,it+pt
data,pt,A2,429,erstens,pirmkārt,Pirmkart,FAMILY_COPY_STRICT,it+pt
data,sq,A2,429,erstens,pirmkārt,Her şeyden önce,FAMILY_COPY_STRICT,sq+tr
data,tr,A2,429,erstens,pirmkārt,Her şeyden önce,FAMILY_COPY_STRICT,sq+tr
data,hr,A2,430,erwachsen,pieaudzis,Возрасен,SCRIPT_MISMATCH,
data,hr,A2,430,erwachsen,pieaudzis,Возрасен,MARKER_LEAK,foreign_script
data,lb,A2,430,erwachsen,pieaudzis,Pieaudzis,SAME_AS_LV_CASEFOLD,casefold_only
data,nl,A2,430,erwachsen,pieaudzis,Pieaudzis,SAME_AS_LV_CASEFOLD,casefold_only
data,sl,A2,430,erwachsen,pieaudzis,pieaudzis,SAME_AS_LV_CASEFOLD,exact
data,fi,A2,430,erwachsen,pieaudzis,Täiskasvanud,FAMILY_COPY_STRICT,fi+is+nb+nn+sv
data,is,A2,430,erwachsen,pieaudzis,Täiskasvanud,FAMILY_COPY_STRICT,fi+is+nb+nn+sv
data,nb,A2,430,erwachsen,pieaudzis,Täiskasvanud,FAMILY_COPY_STRICT,fi+is+nb+nn+sv
data,nn,A2,430,erwachsen,pieaudzis,Täiskasvanud,FAMILY_COPY_STRICT,fi+is+nb+nn+sv
data,sv,A2,430,erwachsen,pieaudzis,Täiskasvanud,FAMILY_COPY_STRICT,fi+is+nb+nn+sv
data,hr,A2,430,erwachsen,pieaudzis,Возрасен,FAMILY_COPY_STRICT,hr+mk+sr
data,mk,A2,430,erwachsen,pieaudzis,Возрасен,FAMILY_COPY_STRICT,hr+mk+sr
data,sr,A2,430,erwachsen,pieaudzis,Возрасен,FAMILY_COPY_STRICT,hr+mk+sr
data,it,A2,430,erwachsen,pieaudzis,Piéaudzis,FAMILY_COPY_STRICT,it+pt
data,pt,A2,430,erwachsen,pieaudzis,Piéaudzis,FAMILY_COPY_STRICT,it+pt
data,lb,A2,430,erwachsen,pieaudzis,Pieaudzis,FAMILY_COPY_STRICT,lb+nl
data,nl,A2,430,erwachsen,pieaudzis,Pieaudzis,FAMILY_COPY_STRICT,lb+nl
data,sq,A2,430,erwachsen,pieaudzis,Yetişkin,FAMILY_COPY_STRICT,sq+tr
data,tr,A2,430,erwachsen,pieaudzis,Yetişkin,FAMILY_COPY_STRICT,sq+tr
data,hr,A2,431,erwärmen,sasildīt • uzsildīt,Загряване • Загряване,SCRIPT_MISMATCH,
data,hr,A2,431,erwärmen,sasildīt • uzsildīt,Загряване • Загряване,MARKER_LEAK,foreign_script
data,lb,A2,431,erwärmen,sasildīt • uzsildīt,Sasildīt • Uzsildīt,SAME_AS_LV_CASEFOLD,casefold_only
data,lb,A2,431,erwärmen,sasildīt • uzsildīt,Sasildīt • Uzsildīt,LV_DIACRITIC,
data,lb,A2,431,erwärmen,sasildīt • uzsildīt,Sasildīt • Uzsildīt,MARKER_LEAK,lv_macron_consonant
data,nl,A2,431,erwärmen,sasildīt • uzsildīt,Sasildīt • Uzsildīt,SAME_AS_LV_CASEFOLD,casefold_only
data,nl,A2,431,erwärmen,sasildīt • uzsildīt,Sasildīt • Uzsildīt,LV_DIACRITIC,
data,nl,A2,431,erwärmen,sasildīt • uzsildīt,Sasildīt • Uzsildīt,MARKER_LEAK,lv_macron_consonant
data,sl,A2,431,erwärmen,sasildīt • uzsildīt,sasildīt • uzsildīt,SAME_AS_LV_CASEFOLD,exact
data,sl,A2,431,erwärmen,sasildīt • uzsildīt,sasildīt • uzsildīt,LV_DIACRITIC,
data,sl,A2,431,erwärmen,sasildīt • uzsildīt,sasildīt • uzsildīt,MARKER_LEAK,lv_macron_consonant
data,sq,A2,431,erwärmen,sasildīt • uzsildīt,Isınma • Isınma,MARKER_LEAK,tr_soft
data,bg,A2,431,erwärmen,sasildīt • uzsildīt,Загряване • Загряване,FAMILY_COPY_STRICT,bg+hr+mk+sr
data,hr,A2,431,erwärmen,sasildīt • uzsildīt,Загряване • Загряване,FAMILY_COPY_STRICT,bg+hr+mk+sr
data,mk,A2,431,erwärmen,sasildīt • uzsildīt,Загряване • Загряване,FAMILY_COPY_STRICT,bg+hr+mk+sr
data,sr,A2,431,erwärmen,sasildīt • uzsildīt,Загряване • Загряване,FAMILY_COPY_STRICT,bg+hr+mk+sr
data,fi,A2,431,erwärmen,sasildīt • uzsildīt,Soojendama • Üles soojendama,FAMILY_COPY_STRICT,fi+sv
data,sv,A2,431,erwärmen,sasildīt • uzsildīt,Soojendama • Üles soojendama,FAMILY_COPY_STRICT,fi+sv
data,is,A2,431,erwärmen,sasildīt • uzsildīt,Soojendama • Üles wolverama,FAMILY_COPY_STRICT,is+nb+nn
data,nb,A2,431,erwärmen,sasildīt • uzsildīt,Soojendama • Üles wolverama,FAMILY_COPY_STRICT,is+nb+nn
data,nn,A2,431,erwärmen,sasildīt • uzsildīt,Soojendama • Üles wolverama,FAMILY_COPY_STRICT,is+nb+nn
data,it,A2,431,erwärmen,sasildīt • uzsildīt,Sasildit • Uzsildit,FAMILY_COPY_STRICT,it+pt
data,pt,A2,431,erwärmen,sasildīt • uzsildīt,Sasildit • Uzsildit,FAMILY_COPY_STRICT,it+pt
data,lb,A2,431,erwärmen,sasildīt • uzsildīt,Sasildīt • Uzsildīt,FAMILY_COPY_STRICT,lb+nl
data,nl,A2,431,erwärmen,sasildīt • uzsildīt,Sasildīt • Uzsildīt,FAMILY_COPY_STRICT,lb+nl
data,sq,A2,431,erwärmen,sasildīt • uzsildīt,Isınma • Isınma,FAMILY_COPY_STRICT,sq+tr
data,tr,A2,431,erwärmen,sasildīt • uzsildīt,Isınma • Isınma,FAMILY_COPY_STRICT,sq+tr
data,hr,A2,432,erwarten,gaidīt • sagaidīt,Чакай • Чакай,SCRIPT_MISMATCH,
data,hr,A2,432,erwarten,gaidīt • sagaidīt,Чакай • Чакай,MARKER_LEAK,foreign_script
data,lb,A2,432,erwarten,gaidīt • sagaidīt,Gaidīt • Sagaidīt,SAME_AS_LV_CASEFOLD,casefold_only
data,lb,A2,432,erwarten,gaidīt • sagaidīt,Gaidīt • Sagaidīt,LV_DIACRITIC,
data,lb,A2,432,erwarten,gaidīt • sagaidīt,Gaidīt • Sagaidīt,MARKER_LEAK,lv_macron_consonant
data,nl,A2,432,erwarten,gaidīt • sagaidīt,Gaidīt • Sagaidīt,SAME_AS_LV_CASEFOLD,casefold_only
data,nl,A2,432,erwarten,gaidīt • sagaidīt,Gaidīt • Sagaidīt,LV_DIACRITIC,
data,nl,A2,432,erwarten,gaidīt • sagaidīt,Gaidīt • Sagaidīt,MARKER_LEAK,lv_macron_consonant
data,sl,A2,432,erwarten,gaidīt • sagaidīt,gaidīt • sagaidīt,SAME_AS_LV_CASEFOLD,exact
data,sl,A2,432,erwarten,gaidīt • sagaidīt,gaidīt • sagaidīt,LV_DIACRITIC,
data,sl,A2,432,erwarten,gaidīt • sagaidīt,gaidīt • sagaidīt,MARKER_LEAK,lv_macron_consonant
data,bg,A2,432,erwarten,gaidīt • sagaidīt,Чакай • Чакай,FAMILY_COPY_STRICT,bg+hr+mk+sr
data,hr,A2,432,erwarten,gaidīt • sagaidīt,Чакай • Чакай,FAMILY_COPY_STRICT,bg+hr+mk+sr
data,mk,A2,432,erwarten,gaidīt • sagaidīt,Чакай • Чакай,FAMILY_COPY_STRICT,bg+hr+mk+sr
data,sr,A2,432,erwarten,gaidīt • sagaidīt,Чакай • Чакай,FAMILY_COPY_STRICT,bg+hr+mk+sr
data,fi,A2,432,erwarten,gaidīt • sagaidīt,Ootama • Ära ootama,FAMILY_COPY_STRICT,fi+sv
data,sv,A2,432,erwarten,gaidīt • sagaidīt,Ootama • Ära ootama,FAMILY_COPY_STRICT,fi+sv
data,is,A2,432,erwarten,gaidīt • sagaidīt,Ootama • Hedre ootama,FAMILY_COPY_STRICT,is+nb+nn
data,nb,A2,432,erwarten,gaidīt • sagaidīt,Ootama • Hedre ootama,FAMILY_COPY_STRICT,is+nb+nn
data,nn,A2,432,erwarten,gaidīt • sagaidīt,Ootama • Hedre ootama,FAMILY_COPY_STRICT,is+nb+nn
data,it,A2,432,erwarten,gaidīt • sagaidīt,Gaidit • Sagaidit,FAMILY_COPY_STRICT,it+pt
data,pt,A2,432,erwarten,gaidīt • sagaidīt,Gaidit • Sagaidit,FAMILY_COPY_STRICT,it+pt
data,lb,A2,432,erwarten,gaidīt • sagaidīt,Gaidīt • Sagaidīt,FAMILY_COPY_STRICT,lb+nl
data,nl,A2,432,erwarten,gaidīt • sagaidīt,Gaidīt • Sagaidīt,FAMILY_COPY_STRICT,lb+nl
data,sq,A2,432,erwarten,gaidīt • sagaidīt,Bekle • Bekle,FAMILY_COPY_STRICT,sq+tr
data,tr,A2,432,erwarten,gaidīt • sagaidīt,Bekle • Bekle,FAMILY_COPY_STRICT,sq+tr
data,hr,A2,433,erzählen,stāstīt • pastāstīt,Разкажи • Разкажи,SCRIPT_MISMATCH,
data,hr,A2,433,erzählen,stāstīt • pastāstīt,Разкажи • Разкажи,MARKER_LEAK,foreign_script
data,lb,A2,433,erzählen,stāstīt • pastāstīt,Stāstīt • Pastāstīt,SAME_AS_LV_CASEFOLD,casefold_only
data,lb,A2,433,erzählen,stāstīt • pastāstīt,Stāstīt • Pastāstīt,LV_DIACRITIC,
data,lb,A2,433,erzählen,stāstīt • pastāstīt,Stāstīt • Pastāstīt,MARKER_LEAK,lv_macron_consonant
data,nl,A2,433,erzählen,stāstīt • pastāstīt,Stāstīt • Pastāstīt,SAME_AS_LV_CASEFOLD,casefold_only
data,nl,A2,433,erzählen,stāstīt • pastāstīt,Stāstīt • Pastāstīt,LV_DIACRITIC,
data,nl,A2,433,erzählen,stāstīt • pastāstīt,Stāstīt • Pastāstīt,MARKER_LEAK,lv_macron_consonant
data,sl,A2,433,erzählen,stāstīt • pastāstīt,stāstīt • pastāstīt,SAME_AS_LV_CASEFOLD,exact
data,sl,A2,433,erzählen,stāstīt • pastāstīt,stāstīt • pastāstīt,LV_DIACRITIC,
data,sl,A2,433,erzählen,stāstīt • pastāstīt,stāstīt • pastāstīt,MARKER_LEAK,lv_macron_consonant
data,bg,A2,433,erzählen,stāstīt • pastāstīt,Разкажи • Разкажи,FAMILY_COPY_STRICT,bg+hr+mk+sr
data,hr,A2,433,erzählen,stāstīt • pastāstīt,Разкажи • Разкажи,FAMILY_COPY_STRICT,bg+hr+mk+sr
data,mk,A2,433,erzählen,stāstīt • pastāstīt,Разкажи • Разкажи,FAMILY_COPY_STRICT,bg+hr+mk+sr
data,sr,A2,433,erzählen,stāstīt • pastāstīt,Разкажи • Разкажи,FAMILY_COPY_STRICT,bg+hr+mk+sr
data,fi,A2,433,erzählen,stāstīt • pastāstīt,Jutustama • Rääkima,FAMILY_COPY_STRICT,fi+sv
data,sv,A2,433,erzählen,stāstīt • pastāstīt,Jutustama • Rääkima,FAMILY_COPY_STRICT,fi+sv
data,is,A2,433,erzählen,stāstīt • pastāstīt,Jutustama • Käläma,FAMILY_COPY_STRICT,is+nb+nn
data,nb,A2,433,erzählen,stāstīt • pastāstīt,Jutustama • Käläma,FAMILY_COPY_STRICT,is+nb+nn
data,nn,A2,433,erzählen,stāstīt • pastāstīt,Jutustama • Käläma,FAMILY_COPY_STRICT,is+nb+nn
data,lb,A2,433,erzählen,stāstīt • pastāstīt,Stāstīt • Pastāstīt,FAMILY_COPY_STRICT,lb+nl
data,nl,A2,433,erzählen,stāstīt • pastāstīt,Stāstīt • Pastāstīt,FAMILY_COPY_STRICT,lb+nl
data,hr,A2,434,Esel,ēzelis,Магаре,SCRIPT_MISMATCH,
data,hr,A2,434,Esel,ēzelis,Магаре,MARKER_LEAK,foreign_script
data,lb,A2,434,Esel,ēzelis,Ēzelis,SAME_AS_LV_CASEFOLD,casefold_only
data,lb,A2,434,Esel,ēzelis,Ēzelis,LV_DIACRITIC,
data,lb,A2,434,Esel,ēzelis,Ēzelis,MARKER_LEAK,lv_macron_consonant
data,nl,A2,434,Esel,ēzelis,Ēzelis,SAME_AS_LV_CASEFOLD,casefold_only
data,nl,A2,434,Esel,ēzelis,Ēzelis,LV_DIACRITIC,
data,nl,A2,434,Esel,ēzelis,Ēzelis,MARKER_LEAK,lv_macron_consonant
data,sl,A2,434,Esel,ēzelis,ēzelis,SAME_AS_LV_CASEFOLD,exact
data,sl,A2,434,Esel,ēzelis,ēzelis,LV_DIACRITIC,
data,sl,A2,434,Esel,ēzelis,ēzelis,MARKER_LEAK,lv_macron_consonant
data,bg,A2,434,Esel,ēzelis,Магаре,FAMILY_COPY_STRICT,bg+hr+mk+sr
data,hr,A2,434,Esel,ēzelis,Магаре,FAMILY_COPY_STRICT,bg+hr+mk+sr
data,mk,A2,434,Esel,ēzelis,Магаре,FAMILY_COPY_STRICT,bg+hr+mk+sr
data,sr,A2,434,Esel,ēzelis,Магаре,FAMILY_COPY_STRICT,bg+hr+mk+sr
data,fi,A2,434,Esel,ēzelis,Eesel,FAMILY_COPY_STRICT,fi+sv
data,sv,A2,434,Esel,ēzelis,Eesel,FAMILY_COPY_STRICT,fi+sv
data,lb,A2,434,Esel,ēzelis,Ēzelis,FAMILY_COPY_STRICT,lb+nl
data,nl,A2,434,Esel,ēzelis,Ēzelis,FAMILY_COPY_STRICT,lb+nl
data,sq,A2,434,Esel,ēzelis,Eşek,FAMILY_COPY_STRICT,sq+tr
data,tr,A2,434,Esel,ēzelis,Eşek,FAMILY_COPY_STRICT,sq+tr
data,hr,A2,435,Essbesteck,galda piederumi,Прибори за хранене,SCRIPT_MISMATCH,
data,hr,A2,435,Essbesteck,galda piederumi,Прибори за хранене,MARKER_LEAK,foreign_script
data,it,A2,435,Essbesteck,galda piederumi,Galda piederumi,SAME_AS_LV_CASEFOLD,casefold_only
data,lb,A2,435,Essbesteck,galda piederumi,Galda Piederumi,SAME_AS_LV_CASEFOLD,casefold_only
data,nl,A2,435,Essbesteck,galda piederumi,Galda piederumi,SAME_AS_LV_CASEFOLD,casefold_only
data,sl,A2,435,Essbesteck,galda piederumi,galda piederumi,SAME_AS_LV_CASEFOLD,exact
data,sq,A2,435,Essbesteck,galda piederumi,Çatal bıçak takımı,MARKER_LEAK,tr_soft
data,bg,A2,435,Essbesteck,galda piederumi,Прибори за хранене,FAMILY_COPY_STRICT,bg+hr+mk+sr
data,hr,A2,435,Essbesteck,galda piederumi,Прибори за хранене,FAMILY_COPY_STRICT,bg+hr+mk+sr
data,mk,A2,435,Essbesteck,galda piederumi,Прибори за хранене,FAMILY_COPY_STRICT,bg+hr+mk+sr
data,sr,A2,435,Essbesteck,galda piederumi,Прибори за хранене,FAMILY_COPY_STRICT,bg+hr+mk+sr
data,fi,A2,435,Essbesteck,galda piederumi,Söögiriistad,FAMILY_COPY_STRICT,fi+is+nb+nn+sv
data,is,A2,435,Essbesteck,galda piederumi,Söögiriistad,FAMILY_COPY_STRICT,fi+is+nb+nn+sv
data,nb,A2,435,Essbesteck,galda piederumi,Söögiriistad,FAMILY_COPY_STRICT,fi+is+nb+nn+sv
data,nn,A2,435,Essbesteck,galda piederumi,Söögiriistad,FAMILY_COPY_STRICT,fi+is+nb+nn+sv
data,sv,A2,435,Essbesteck,galda piederumi,Söögiriistad,FAMILY_COPY_STRICT,fi+is+nb+nn+sv
data,it,A2,435,Essbesteck,galda piederumi,Galda piederumi,FAMILY_COPY_STRICT,it+nl
data,nl,A2,435,Essbesteck,galda piederumi,Galda piederumi,FAMILY_COPY_STRICT,it+nl
data,sq,A2,435,Essbesteck,galda piederumi,Çatal bıçak takımı,FAMILY_COPY_STRICT,sq+tr
data,tr,A2,435,Essbesteck,galda piederumi,Çatal bıçak takımı,FAMILY_COPY_STRICT,sq+tr
data,hr,A2,436,Essig,etiķis,Оцет,SCRIPT_MISMATCH,
data,hr,A2,436,Essig,etiķis,Оцет,MARKER_LEAK,foreign_script
data,lb,A2,436,Essig,etiķis,Etiķis,SAME_AS_LV_CASEFOLD,casefold_only
data,lb,A2,436,Essig,etiķis,Etiķis,LV_DIACRITIC,
data,lb,A2,436,Essig,etiķis,Etiķis,MARKER_LEAK,lv_macron_consonant
data,nl,A2,436,Essig,etiķis,Etiķis,SAME_AS_LV_CASEFOLD,casefold_only
data,nl,A2,436,Essig,etiķis,Etiķis,LV_DIACRITIC,
data,nl,A2,436,Essig,etiķis,Etiķis,MARKER_LEAK,lv_macron_consonant
data,sl,A2,436,Essig,etiķis,etiķis,SAME_AS_LV_CASEFOLD,exact
data,sl,A2,436,Essig,etiķis,etiķis,LV_DIACRITIC,
data,sl,A2,436,Essig,etiķis,etiķis,MARKER_LEAK,lv_macron_consonant
data,bg,A2,436,Essig,etiķis,Оцет,FAMILY_COPY_STRICT,bg+hr+mk+sr
data,hr,A2,436,Essig,etiķis,Оцет,FAMILY_COPY_STRICT,bg+hr+mk+sr
data,mk,A2,436,Essig,etiķis,Оцет,FAMILY_COPY_STRICT,bg+hr+mk+sr
data,sr,A2,436,Essig,etiķis,Оцет,FAMILY_COPY_STRICT,bg+hr+mk+sr
data,cs,A2,436,Essig,etiķis,Ocet,FAMILY_COPY_STRICT,cs+pl+sq+tr
data,pl,A2,436,Essig,etiķis,Ocet,FAMILY_COPY_STRICT,cs+pl+sq+tr
data,sq,A2,436,Essig,etiķis,Ocet,FAMILY_COPY_STRICT,cs+pl+sq+tr
data,tr,A2,436,Essig,etiķis,Ocet,FAMILY_COPY_STRICT,cs+pl+sq+tr
data,fi,A2,436,Essig,etiķis,Äädikas,FAMILY_COPY_STRICT,fi+is+nb+nn+sv
data,is,A2,436,Essig,etiķis,Äädikas,FAMILY_COPY_STRICT,fi+is+nb+nn+sv
data,nb,A2,436,Essig,etiķis,Äädikas,FAMILY_COPY_STRICT,fi+is+nb+nn+sv
data,nn,A2,436,Essig,etiķis,Äädikas,FAMILY_COPY_STRICT,fi+is+nb+nn+sv
data,sv,A2,436,Essig,etiķis,Äädikas,FAMILY_COPY_STRICT,fi+is+nb+nn+sv
data,it,A2,436,Essig,etiķis,Etiųis,FAMILY_COPY_STRICT,it+pt
data,pt,A2,436,Essig,etiķis,Etiųis,FAMILY_COPY_STRICT,it+pt
data,lb,A2,436,Essig,etiķis,Etiķis,FAMILY_COPY_STRICT,lb+nl
data,nl,A2,436,Essig,etiķis,Etiķis,FAMILY_COPY_STRICT,lb+nl
data,hr,A2,437,Etage,stāvs,Кат,SCRIPT_MISMATCH,
data,hr,A2,437,Etage,stāvs,Кат,MARKER_LEAK,foreign_script
data,lb,A2,437,Etage,stāvs,Stāvs,SAME_AS_LV_CASEFOLD,casefold_only
data,lb,A2,437,Etage,stāvs,Stāvs,LV_DIACRITIC,
data,lb,A2,437,Etage,stāvs,Stāvs,MARKER_LEAK,lv_macron_consonant
data,nl,A2,437,Etage,stāvs,Stāvs,SAME_AS_LV_CASEFOLD,casefold_only
data,nl,A2,437,Etage,stāvs,Stāvs,LV_DIACRITIC,
data,nl,A2,437,Etage,stāvs,Stāvs,MARKER_LEAK,lv_macron_consonant
data,sl,A2,437,Etage,stāvs,stāvs,SAME_AS_LV_CASEFOLD,exact
data,sl,A2,437,Etage,stāvs,stāvs,LV_DIACRITIC,
data,sl,A2,437,Etage,stāvs,stāvs,MARKER_LEAK,lv_macron_consonant
data,fi,A2,437,Etage,stāvs,Korrus,FAMILY_COPY_STRICT,fi+sv
data,sv,A2,437,Etage,stāvs,Korrus,FAMILY_COPY_STRICT,fi+sv
data,hr,A2,437,Etage,stāvs,Кат,FAMILY_COPY_STRICT,hr+mk+sr
data,mk,A2,437,Etage,stāvs,Кат,FAMILY_COPY_STRICT,hr+mk+sr
data,sr,A2,437,Etage,stāvs,Кат,FAMILY_COPY_STRICT,hr+mk+sr
data,is,A2,437,Etage,stāvs,Korrosjon,FAMILY_COPY_STRICT,is+nb+nn
data,nb,A2,437,Etage,stāvs,Korrosjon,FAMILY_COPY_STRICT,is+nb+nn
data,nn,A2,437,Etage,stāvs,Korrosjon,FAMILY_COPY_STRICT,is+nb+nn
data,lb,A2,437,Etage,stāvs,Stāvs,FAMILY_COPY_STRICT,lb+nl
data,nl,A2,437,Etage,stāvs,Stāvs,FAMILY_COPY_STRICT,lb+nl
data,hr,A2,438,Etikett,preces etiķete,Етикет на продукта,SCRIPT_MISMATCH,
data,hr,A2,438,Etikett,preces etiķete,Етикет на продукта,MARKER_LEAK,foreign_script
data,lb,A2,438,Etikett,preces etiķete,Preces etiķete,SAME_AS_LV_CASEFOLD,casefold_only
data,lb,A2,438,Etikett,preces etiķete,Preces etiķete,LV_DIACRITIC,
data,lb,A2,438,Etikett,preces etiķete,Preces etiķete,MARKER_LEAK,lv_macron_consonant
data,nl,A2,438,Etikett,preces etiķete,Preces etiķete,SAME_AS_LV_CASEFOLD,casefold_only
data,nl,A2,438,Etikett,preces etiķete,Preces etiķete,LV_DIACRITIC,
data,nl,A2,438,Etikett,preces etiķete,Preces etiķete,MARKER_LEAK,lv_macron_consonant
data,sl,A2,438,Etikett,preces etiķete,preces etiķete,SAME_AS_LV_CASEFOLD,exact
data,sl,A2,438,Etikett,preces etiķete,preces etiķete,LV_DIACRITIC,
data,sl,A2,438,Etikett,preces etiķete,preces etiķete,MARKER_LEAK,lv_macron_consonant
data,bg,A2,438,Etikett,preces etiķete,Етикет на продукта,FAMILY_COPY_STRICT,bg+hr+mk+sr
data,hr,A2,438,Etikett,preces etiķete,Етикет на продукта,FAMILY_COPY_STRICT,bg+hr+mk+sr
data,mk,A2,438,Etikett,preces etiķete,Етикет на продукта,FAMILY_COPY_STRICT,bg+hr+mk+sr
data,sr,A2,438,Etikett,preces etiķete,Етикет на продукта,FAMILY_COPY_STRICT,bg+hr+mk+sr
data,fi,A2,438,Etikett,preces etiķete,Kauba etikett,FAMILY_COPY_STRICT,fi+sv
data,sv,A2,438,Etikett,preces etiķete,Kauba etikett,FAMILY_COPY_STRICT,fi+sv
data,is,A2,438,Etikett,preces etiķete,Kjøp etikett,FAMILY_COPY_STRICT,is+nb+nn
data,nb,A2,438,Etikett,preces etiķete,Kjøp etikett,FAMILY_COPY_STRICT,is+nb+nn
data,nn,A2,438,Etikett,preces etiķete,Kjøp etikett,FAMILY_COPY_STRICT,is+nb+nn
data,lb,A2,438,Etikett,preces etiķete,Preces etiķete,FAMILY_COPY_STRICT,lb+nl
data,nl,A2,438,Etikett,preces etiķete,Preces etiķete,FAMILY_COPY_STRICT,lb+nl
data,sq,A2,438,Etikett,preces etiķete,Ürün etiketi,FAMILY_COPY_STRICT,sq+tr
data,tr,A2,438,Etikett,preces etiķete,Ürün etiketi,FAMILY_COPY_STRICT,sq+tr
data,hr,A2,439,etwa,apmēram,Приблизително,SCRIPT_MISMATCH,
data,hr,A2,439,etwa,apmēram,Приблизително,MARKER_LEAK,foreign_script
data,it,A2,439,etwa,apmēram,Apmēram,SAME_AS_LV_CASEFOLD,casefold_only
data,it,A2,439,etwa,apmēram,Apmēram,LV_DIACRITIC,
data,it,A2,439,etwa,apmēram,Apmēram,MARKER_LEAK,lv_macron_consonant
data,lb,A2,439,etwa,apmēram,Apmēram,SAME_AS_LV_CASEFOLD,casefold_only
data,lb,A2,439,etwa,apmēram,Apmēram,LV_DIACRITIC,
data,lb,A2,439,etwa,apmēram,Apmēram,MARKER_LEAK,lv_macron_consonant
data,nl,A2,439,etwa,apmēram,Apmēram,SAME_AS_LV_CASEFOLD,casefold_only
data,nl,A2,439,etwa,apmēram,Apmēram,LV_DIACRITIC,
data,nl,A2,439,etwa,apmēram,Apmēram,MARKER_LEAK,lv_macron_consonant
data,pt,A2,439,etwa,apmēram,Apmēram,SAME_AS_LV_CASEFOLD,casefold_only
data,pt,A2,439,etwa,apmēram,Apmēram,LV_DIACRITIC,
data,pt,A2,439,etwa,apmēram,Apmēram,MARKER_LEAK,lv_macron_consonant
data,sl,A2,439,etwa,apmēram,apmēram,SAME_AS_LV_CASEFOLD,exact
data,sl,A2,439,etwa,apmēram,apmēram,LV_DIACRITIC,
data,sl,A2,439,etwa,apmēram,apmēram,MARKER_LEAK,lv_macron_consonant
data,sq,A2,439,etwa,apmēram,Hakkında,MARKER_LEAK,tr_soft
data,bg,A2,439,etwa,apmēram,Приблизително,FAMILY_COPY_STRICT,bg+hr+mk+sr
data,hr,A2,439,etwa,apmēram,Приблизително,FAMILY_COPY_STRICT,bg+hr+mk+sr
data,mk,A2,439,etwa,apmēram,Приблизително,FAMILY_COPY_STRICT,bg+hr+mk+sr
data,sr,A2,439,etwa,apmēram,Приблизително,FAMILY_COPY_STRICT,bg+hr+mk+sr
data,fi,A2,439,etwa,apmēram,Umbes,FAMILY_COPY_STRICT,fi+is+nb+nn+sv
data,is,A2,439,etwa,apmēram,Umbes,FAMILY_COPY_STRICT,fi+is+nb+nn+sv
data,nb,A2,439,etwa,apmēram,Umbes,FAMILY_COPY_STRICT,fi+is+nb+nn+sv
data,nn,A2,439,etwa,apmēram,Umbes,FAMILY_COPY_STRICT,fi+is+nb+nn+sv
data,sv,A2,439,etwa,apmēram,Umbes,FAMILY_COPY_STRICT,fi+is+nb+nn+sv
data,it,A2,439,etwa,apmēram,Apmēram,FAMILY_COPY_STRICT,it+lb+nl+pt
data,lb,A2,439,etwa,apmēram,Apmēram,FAMILY_COPY_STRICT,it+lb+nl+pt
data,nl,A2,439,etwa,apmēram,Apmēram,FAMILY_COPY_STRICT,it+lb+nl+pt
data,pt,A2,439,etwa,apmēram,Apmēram,FAMILY_COPY_STRICT,it+lb+nl+pt
data,sq,A2,439,etwa,apmēram,Hakkında,FAMILY_COPY_STRICT,sq+tr
data,tr,A2,439,etwa,apmēram,Hakkında,FAMILY_COPY_STRICT,sq+tr
data,hr,A2,440,Eule,pūce,Бухал,SCRIPT_MISMATCH,
data,hr,A2,440,Eule,pūce,Бухал,MARKER_LEAK,foreign_script
data,nl,A2,440,Eule,pūce,Pūce,SAME_AS_LV_CASEFOLD,casefold_only
data,nl,A2,440,Eule,pūce,Pūce,LV_DIACRITIC,
data,nl,A2,440,Eule,pūce,Pūce,MARKER_LEAK,lv_u_macron
data,sl,A2,440,Eule,pūce,pūce,SAME_AS_LV_CASEFOLD,exact
data,sl,A2,440,Eule,pūce,pūce,LV_DIACRITIC,
data,sl,A2,440,Eule,pūce,pūce,MARKER_LEAK,lv_u_macron
data,bg,A2,440,Eule,pūce,Бухал,FAMILY_COPY_STRICT,bg+hr+mk+sr
data,hr,A2,440,Eule,pūce,Бухал,FAMILY_COPY_STRICT,bg+hr+mk+sr
data,mk,A2,440,Eule,pūce,Бухал,FAMILY_COPY_STRICT,bg+hr+mk+sr
data,sr,A2,440,Eule,pūce,Бухал,FAMILY_COPY_STRICT,bg+hr+mk+sr
data,cs,A2,440,Eule,pūce,Sova,FAMILY_COPY_STRICT,cs+sk
data,sk,A2,440,Eule,pūce,Sova,FAMILY_COPY_STRICT,cs+sk
data,fi,A2,440,Eule,pūce,Öökull,FAMILY_COPY_STRICT,fi+is+nb+nn+sv
data,is,A2,440,Eule,pūce,Öökull,FAMILY_COPY_STRICT,fi+is+nb+nn+sv
data,nb,A2,440,Eule,pūce,Öökull,FAMILY_COPY_STRICT,fi+is+nb+nn+sv
data,nn,A2,440,Eule,pūce,Öökull,FAMILY_COPY_STRICT,fi+is+nb+nn+sv
data,sv,A2,440,Eule,pūce,Öökull,FAMILY_COPY_STRICT,fi+is+nb+nn+sv
data,sq,A2,440,Eule,pūce,Baykuş,FAMILY_COPY_STRICT,sq+tr
data,tr,A2,440,Eule,pūce,Baykuş,FAMILY_COPY_STRICT,sq+tr
data,hr,A2,441,Europäer,eiropietis,Европски,SCRIPT_MISMATCH,
data,hr,A2,441,Europäer,eiropietis,Европски,MARKER_LEAK,foreign_script
data,it,A2,441,Europäer,eiropietis,Eiropietis,SAME_AS_LV_CASEFOLD,casefold_only
data,lb,A2,441,Europäer,eiropietis,Eiropietis,SAME_AS_LV_CASEFOLD,casefold_only
data,nl,A2,441,Europäer,eiropietis,Eiropietis,SAME_AS_LV_CASEFOLD,casefold_only
data,sl,A2,441,Europäer,eiropietis,eiropietis,SAME_AS_LV_CASEFOLD,exact
data,en,A2,441,Europäer,eiropietis,European,FAMILY_COPY_STRICT,en+ro
data,ro,A2,441,Europäer,eiropietis,European,FAMILY_COPY_STRICT,en+ro
data,fi,A2,441,Europäer,eiropietis,Eurooplane,FAMILY_COPY_STRICT,fi+sv
data,sv,A2,441,Europäer,eiropietis,Eurooplane,FAMILY_COPY_STRICT,fi+sv
data,hr,A2,441,Europäer,eiropietis,Европски,FAMILY_COPY_STRICT,hr+mk+sr
data,mk,A2,441,Europäer,eiropietis,Европски,FAMILY_COPY_STRICT,hr+mk+sr
data,sr,A2,441,Europäer,eiropietis,Европски,FAMILY_COPY_STRICT,hr+mk+sr
data,is,A2,441,Europäer,eiropietis,Europlane,FAMILY_COPY_STRICT,is+nb+nn
data,nb,A2,441,Europäer,eiropietis,Europlane,FAMILY_COPY_STRICT,is+nb+nn
data,nn,A2,441,Europäer,eiropietis,Europlane,FAMILY_COPY_STRICT,is+nb+nn
data,it,A2,441,Europäer,eiropietis,Eiropietis,FAMILY_COPY_STRICT,it+lb+nl
data,lb,A2,441,Europäer,eiropietis,Eiropietis,FAMILY_COPY_STRICT,it+lb+nl
data,nl,A2,441,Europäer,eiropietis,Eiropietis,FAMILY_COPY_STRICT,it+lb+nl
data,sq,A2,441,Europäer,eiropietis,Avrupa,FAMILY_COPY_STRICT,sq+tr
data,tr,A2,441,Europäer,eiropietis,Avrupa,FAMILY_COPY_STRICT,sq+tr
data,hr,A2,442,europäisch,eiropeisks,Европски,SCRIPT_MISMATCH,
data,hr,A2,442,europäisch,eiropeisks,Европски,MARKER_LEAK,foreign_script
data,lb,A2,442,europäisch,eiropeisks,Eiropeisks,SAME_AS_LV_CASEFOLD,casefold_only
data,nl,A2,442,europäisch,eiropeisks,Eiropeisks,SAME_AS_LV_CASEFOLD,casefold_only
data,sl,A2,442,europäisch,eiropeisks,eiropeisks,SAME_AS_LV_CASEFOLD,exact
data,en,A2,442,europäisch,eiropeisks,European,FAMILY_COPY_STRICT,en+ro
data,ro,A2,442,europäisch,eiropeisks,European,FAMILY_COPY_STRICT,en+ro
data,fi,A2,442,europäisch,eiropeisks,Euroopalik,FAMILY_COPY_STRICT,fi+sv
data,sv,A2,442,europäisch,eiropeisks,Euroopalik,FAMILY_COPY_STRICT,fi+sv
data,hr,A2,442,europäisch,eiropeisks,Европски,FAMILY_COPY_STRICT,hr+mk+sr
data,mk,A2,442,europäisch,eiropeisks,Европски,FAMILY_COPY_STRICT,hr+mk+sr
data,sr,A2,442,europäisch,eiropeisks,Европски,FAMILY_COPY_STRICT,hr+mk+sr
data,is,A2,442,europäisch,eiropeisks,Europeisk-aktig,FAMILY_COPY_STRICT,is+nb+nn
data,nb,A2,442,europäisch,eiropeisks,Europeisk-aktig,FAMILY_COPY_STRICT,is+nb+nn
data,nn,A2,442,europäisch,eiropeisks,Europeisk-aktig,FAMILY_COPY_STRICT,is+nb+nn
data,lb,A2,442,europäisch,eiropeisks,Eiropeisks,FAMILY_COPY_STRICT,lb+nl
data,nl,A2,442,europäisch,eiropeisks,Eiropeisks,FAMILY_COPY_STRICT,lb+nl
data,sq,A2,442,europäisch,eiropeisks,Avrupa,FAMILY_COPY_STRICT,sq+tr
data,tr,A2,442,europäisch,eiropeisks,Avrupa,FAMILY_COPY_STRICT,sq+tr
data,hr,A2,443,Fabrik,rūpnīca • fabrika,Фабрика • Фабрика,SCRIPT_MISMATCH,
data,hr,A2,443,Fabrik,rūpnīca • fabrika,Фабрика • Фабрика,MARKER_LEAK,foreign_script
data,lb,A2,443,Fabrik,rūpnīca • fabrika,Rūpnīca • Fabrika,SAME_AS_LV_CASEFOLD,casefold_only
data,lb,A2,443,Fabrik,rūpnīca • fabrika,Rūpnīca • Fabrika,LV_DIACRITIC,
data,lb,A2,443,Fabrik,rūpnīca • fabrika,Rūpnīca • Fabrika,MARKER_LEAK,lv_macron_consonant+lv_u_macron
data,nl,A2,443,Fabrik,rūpnīca • fabrika,Rūpnīca • Fabrika,SAME_AS_LV_CASEFOLD,casefold_only
data,nl,A2,443,Fabrik,rūpnīca • fabrika,Rūpnīca • Fabrika,LV_DIACRITIC,
data,nl,A2,443,Fabrik,rūpnīca • fabrika,Rūpnīca • Fabrika,MARKER_LEAK,lv_macron_consonant+lv_u_macron
data,sl,A2,443,Fabrik,rūpnīca • fabrika,rūpnīca • fabrika,SAME_AS_LV_CASEFOLD,exact
data,sl,A2,443,Fabrik,rūpnīca • fabrika,rūpnīca • fabrika,LV_DIACRITIC,
data,sl,A2,443,Fabrik,rūpnīca • fabrika,rūpnīca • fabrika,MARKER_LEAK,lv_macron_consonant+lv_u_macron
data,bg,A2,443,Fabrik,rūpnīca • fabrika,Фабрика • Фабрика,FAMILY_COPY_STRICT,bg+hr+mk+ru+sr
data,hr,A2,443,Fabrik,rūpnīca • fabrika,Фабрика • Фабрика,FAMILY_COPY_STRICT,bg+hr+mk+ru+sr
data,mk,A2,443,Fabrik,rūpnīca • fabrika,Фабрика • Фабрика,FAMILY_COPY_STRICT,bg+hr+mk+ru+sr
data,ru,A2,443,Fabrik,rūpnīca • fabrika,Фабрика • Фабрика,FAMILY_COPY_STRICT,bg+hr+mk+ru+sr
data,sr,A2,443,Fabrik,rūpnīca • fabrika,Фабрика • Фабрика,FAMILY_COPY_STRICT,bg+hr+mk+ru+sr
data,fi,A2,443,Fabrik,rūpnīca • fabrika,Tehas • Vabrik,FAMILY_COPY_STRICT,fi+sv
data,sv,A2,443,Fabrik,rūpnīca • fabrika,Tehas • Vabrik,FAMILY_COPY_STRICT,fi+sv
data,is,A2,443,Fabrik,rūpnīca • fabrika,Tehas • Fabrikk,FAMILY_COPY_STRICT,is+nb+nn
data,nb,A2,443,Fabrik,rūpnīca • fabrika,Tehas • Fabrikk,FAMILY_COPY_STRICT,is+nb+nn
data,nn,A2,443,Fabrik,rūpnīca • fabrika,Tehas • Fabrikk,FAMILY_COPY_STRICT,is+nb+nn
data,lb,A2,443,Fabrik,rūpnīca • fabrika,Rūpnīca • Fabrika,FAMILY_COPY_STRICT,lb+nl
data,nl,A2,443,Fabrik,rūpnīca • fabrika,Rūpnīca • Fabrika,FAMILY_COPY_STRICT,lb+nl
data,sq,A2,443,Fabrik,rūpnīca • fabrika,Fabrika • Fabrika,FAMILY_COPY_STRICT,sq+tr
data,tr,A2,443,Fabrik,rūpnīca • fabrika,Fabrika • Fabrika,FAMILY_COPY_STRICT,sq+tr
data,hr,A2,444,Fach,nodalījums,Купе,SCRIPT_MISMATCH,
data,hr,A2,444,Fach,nodalījums,Купе,MARKER_LEAK,foreign_script
data,it,A2,444,Fach,nodalījums,Nodalījums,SAME_AS_LV_CASEFOLD,casefold_only
data,it,A2,444,Fach,nodalījums,Nodalījums,LV_DIACRITIC,
data,it,A2,444,Fach,nodalījums,Nodalījums,MARKER_LEAK,lv_macron_consonant
data,lb,A2,444,Fach,nodalījums,Nodalījums,SAME_AS_LV_CASEFOLD,casefold_only
data,lb,A2,444,Fach,nodalījums,Nodalījums,LV_DIACRITIC,
data,lb,A2,444,Fach,nodalījums,Nodalījums,MARKER_LEAK,lv_macron_consonant
data,nl,A2,444,Fach,nodalījums,Nodalījums,SAME_AS_LV_CASEFOLD,casefold_only
data,nl,A2,444,Fach,nodalījums,Nodalījums,LV_DIACRITIC,
data,nl,A2,444,Fach,nodalījums,Nodalījums,MARKER_LEAK,lv_macron_consonant
data,sl,A2,444,Fach,nodalījums,nodalījums,SAME_AS_LV_CASEFOLD,exact
data,sl,A2,444,Fach,nodalījums,nodalījums,LV_DIACRITIC,
data,sl,A2,444,Fach,nodalījums,nodalījums,MARKER_LEAK,lv_macron_consonant
data,bg,A2,444,Fach,nodalījums,Купе,FAMILY_COPY_STRICT,bg+hr+mk+sr
data,hr,A2,444,Fach,nodalījums,Купе,FAMILY_COPY_STRICT,bg+hr+mk+sr
data,mk,A2,444,Fach,nodalījums,Купе,FAMILY_COPY_STRICT,bg+hr+mk+sr
data,sr,A2,444,Fach,nodalījums,Купе,FAMILY_COPY_STRICT,bg+hr+mk+sr
data,fi,A2,444,Fach,nodalījums,Lahter,FAMILY_COPY_STRICT,fi+sv
data,sv,A2,444,Fach,nodalījums,Lahter,FAMILY_COPY_STRICT,fi+sv
data,fr,A2,444,Fach,nodalījums,Compartiment,FAMILY_COPY_STRICT,fr+ro
data,ro,A2,444,Fach,nodalījums,Compartiment,FAMILY_COPY_STRICT,fr+ro
data,is,A2,444,Fach,nodalījums,Ler,FAMILY_COPY_STRICT,is+nb+nn
data,nb,A2,444,Fach,nodalījums,Ler,FAMILY_COPY_STRICT,is+nb+nn
data,nn,A2,444,Fach,nodalījums,Ler,FAMILY_COPY_STRICT,is+nb+nn
data,it,A2,444,Fach,nodalījums,Nodalījums,FAMILY_COPY_STRICT,it+lb+nl
data,lb,A2,444,Fach,nodalījums,Nodalījums,FAMILY_COPY_STRICT,it+lb+nl
data,nl,A2,444,Fach,nodalījums,Nodalījums,FAMILY_COPY_STRICT,it+lb+nl
data,sq,A2,444,Fach,nodalījums,Bölme,FAMILY_COPY_STRICT,sq+tr
data,tr,A2,444,Fach,nodalījums,Bölme,FAMILY_COPY_STRICT,sq+tr
data,hr,A2,445,Fächer,vēdeklis,Вентилатор,SCRIPT_MISMATCH,
data,hr,A2,445,Fächer,vēdeklis,Вентилатор,MARKER_LEAK,foreign_script
data,lb,A2,445,Fächer,vēdeklis,Vēdeklis,SAME_AS_LV_CASEFOLD,casefold_only
data,lb,A2,445,Fächer,vēdeklis,Vēdeklis,LV_DIACRITIC,
data,lb,A2,445,Fächer,vēdeklis,Vēdeklis,MARKER_LEAK,lv_macron_consonant
data,nl,A2,445,Fächer,vēdeklis,Vēdeklis,SAME_AS_LV_CASEFOLD,casefold_only
data,nl,A2,445,Fächer,vēdeklis,Vēdeklis,LV_DIACRITIC,
data,nl,A2,445,Fächer,vēdeklis,Vēdeklis,MARKER_LEAK,lv_macron_consonant
data,sl,A2,445,Fächer,vēdeklis,vēdeklis,SAME_AS_LV_CASEFOLD,exact
data,sl,A2,445,Fächer,vēdeklis,vēdeklis,LV_DIACRITIC,
data,sl,A2,445,Fächer,vēdeklis,vēdeklis,MARKER_LEAK,lv_macron_consonant
data,bg,A2,445,Fächer,vēdeklis,Вентилатор,FAMILY_COPY_STRICT,bg+hr+mk+sr
data,hr,A2,445,Fächer,vēdeklis,Вентилатор,FAMILY_COPY_STRICT,bg+hr+mk+sr
data,mk,A2,445,Fächer,vēdeklis,Вентилатор,FAMILY_COPY_STRICT,bg+hr+mk+sr
data,sr,A2,445,Fächer,vēdeklis,Вентилатор,FAMILY_COPY_STRICT,bg+hr+mk+sr
data,da,A2,445,Fächer,vēdeklis,Ventilator,FAMILY_COPY_STRICT,da+ro
data,ro,A2,445,Fächer,vēdeklis,Ventilator,FAMILY_COPY_STRICT,da+ro
data,fi,A2,445,Fächer,vēdeklis,Lehvik,FAMILY_COPY_STRICT,fi+is+nb+nn+sv
data,is,A2,445,Fächer,vēdeklis,Lehvik,FAMILY_COPY_STRICT,fi+is+nb+nn+sv
data,nb,A2,445,Fächer,vēdeklis,Lehvik,FAMILY_COPY_STRICT,fi+is+nb+nn+sv
data,nn,A2,445,Fächer,vēdeklis,Lehvik,FAMILY_COPY_STRICT,fi+is+nb+nn+sv
data,sv,A2,445,Fächer,vēdeklis,Lehvik,FAMILY_COPY_STRICT,fi+is+nb+nn+sv
data,hu,A2,445,Fächer,vēdeklis,Ventilátor,FAMILY_COPY_STRICT,hu+sk
data,sk,A2,445,Fächer,vēdeklis,Ventilátor,FAMILY_COPY_STRICT,hu+sk
data,it,A2,445,Fächer,vēdeklis,Vedeklis,FAMILY_COPY_STRICT,it+pt
data,pt,A2,445,Fächer,vēdeklis,Vedeklis,FAMILY_COPY_STRICT,it+pt
data,lb,A2,445,Fächer,vēdeklis,Vēdeklis,FAMILY_COPY_STRICT,lb+nl
data,nl,A2,445,Fächer,vēdeklis,Vēdeklis,FAMILY_COPY_STRICT,lb+nl
data,pl,A2,445,Fächer,vēdeklis,Wentylator,FAMILY_COPY_STRICT,pl+sq+tr
data,sq,A2,445,Fächer,vēdeklis,Wentylator,FAMILY_COPY_STRICT,pl+sq+tr
data,tr,A2,445,Fächer,vēdeklis,Wentylator,FAMILY_COPY_STRICT,pl+sq+tr
data,hr,A2,446,Faden,pavediens,Нишка,SCRIPT_MISMATCH,
data,hr,A2,446,Faden,pavediens,Нишка,MARKER_LEAK,foreign_script
data,lb,A2,446,Faden,pavediens,Pavediens,SAME_AS_LV_CASEFOLD,casefold_only
data,nl,A2,446,Faden,pavediens,Pavediens,SAME_AS_LV_CASEFOLD,casefold_only
data,sl,A2,446,Faden,pavediens,pavediens,SAME_AS_LV_CASEFOLD,exact
data,bg,A2,446,Faden,pavediens,Нишка,FAMILY_COPY_STRICT,bg+hr+mk+sr
data,hr,A2,446,Faden,pavediens,Нишка,FAMILY_COPY_STRICT,bg+hr+mk+sr
data,mk,A2,446,Faden,pavediens,Нишка,FAMILY_COPY_STRICT,bg+hr+mk+sr
data,sr,A2,446,Faden,pavediens,Нишка,FAMILY_COPY_STRICT,bg+hr+mk+sr
data,fi,A2,446,Faden,pavediens,Niit,FAMILY_COPY_STRICT,fi+sv
data,sv,A2,446,Faden,pavediens,Niit,FAMILY_COPY_STRICT,fi+sv
data,is,A2,446,Faden,pavediens,Nit,FAMILY_COPY_STRICT,is+nb+nn
data,nb,A2,446,Faden,pavediens,Nit,FAMILY_COPY_STRICT,is+nb+nn
data,nn,A2,446,Faden,pavediens,Nit,FAMILY_COPY_STRICT,is+nb+nn
data,it,A2,446,Faden,pavediens,Pavédiens,FAMILY_COPY_STRICT,it+pt
data,pt,A2,446,Faden,pavediens,Pavédiens,FAMILY_COPY_STRICT,it+pt
data,lb,A2,446,Faden,pavediens,Pavediens,FAMILY_COPY_STRICT,lb+nl
data,nl,A2,446,Faden,pavediens,Pavediens,FAMILY_COPY_STRICT,lb+nl
data,hr,A2,447,Fahne,karogs,Флаг,SCRIPT_MISMATCH,
data,hr,A2,447,Fahne,karogs,Флаг,MARKER_LEAK,foreign_script
data,it,A2,447,Fahne,karogs,Karogs,SAME_AS_LV_CASEFOLD,casefold_only
data,nl,A2,447,Fahne,karogs,Karogs,SAME_AS_LV_CASEFOLD,casefold_only
data,pt,A2,447,Fahne,karogs,Karogs,SAME_AS_LV_CASEFOLD,casefold_only
data,sl,A2,447,Fahne,karogs,karogs,SAME_AS_LV_CASEFOLD,exact
data,bg,A2,447,Fahne,karogs,Флаг,FAMILY_COPY_STRICT,bg+hr+mk+ru+sr
data,hr,A2,447,Fahne,karogs,Флаг,FAMILY_COPY_STRICT,bg+hr+mk+ru+sr
data,mk,A2,447,Fahne,karogs,Флаг,FAMILY_COPY_STRICT,bg+hr+mk+ru+sr
data,ru,A2,447,Fahne,karogs,Флаг,FAMILY_COPY_STRICT,bg+hr+mk+ru+sr
data,sr,A2,447,Fahne,karogs,Флаг,FAMILY_COPY_STRICT,bg+hr+mk+ru+sr
data,fi,A2,447,Fahne,karogs,Lipp,FAMILY_COPY_STRICT,fi+sv
data,sv,A2,447,Fahne,karogs,Lipp,FAMILY_COPY_STRICT,fi+sv
data,is,A2,447,Fahne,karogs,Leppe,FAMILY_COPY_STRICT,is+nb+nn
data,nb,A2,447,Fahne,karogs,Leppe,FAMILY_COPY_STRICT,is+nb+nn
data,nn,A2,447,Fahne,karogs,Leppe,FAMILY_COPY_STRICT,is+nb+nn
data,it,A2,447,Fahne,karogs,Karogs,FAMILY_COPY_STRICT,it+nl+pt
data,nl,A2,447,Fahne,karogs,Karogs,FAMILY_COPY_STRICT,it+nl+pt
data,pt,A2,447,Fahne,karogs,Karogs,FAMILY_COPY_STRICT,it+nl+pt
data,pl,A2,447,Fahne,karogs,Flaga,FAMILY_COPY_STRICT,pl+sq+tr
data,sq,A2,447,Fahne,karogs,Flaga,FAMILY_COPY_STRICT,pl+sq+tr
data,tr,A2,447,Fahne,karogs,Flaga,FAMILY_COPY_STRICT,pl+sq+tr
data,hr,A2,448,Fähre,prāmis,Транспорт,SCRIPT_MISMATCH,
data,hr,A2,448,Fähre,prāmis,Транспорт,MARKER_LEAK,foreign_script
data,lb,A2,448,Fähre,prāmis,Prāmis,SAME_AS_LV_CASEFOLD,casefold_only
data,lb,A2,448,Fähre,prāmis,Prāmis,LV_DIACRITIC,
data,lb,A2,448,Fähre,prāmis,Prāmis,MARKER_LEAK,lv_macron_consonant
data,nl,A2,448,Fähre,prāmis,Prāmis,SAME_AS_LV_CASEFOLD,casefold_only
data,nl,A2,448,Fähre,prāmis,Prāmis,LV_DIACRITIC,
data,nl,A2,448,Fähre,prāmis,Prāmis,MARKER_LEAK,lv_macron_consonant
data,sl,A2,448,Fähre,prāmis,prāmis,SAME_AS_LV_CASEFOLD,exact
data,sl,A2,448,Fähre,prāmis,prāmis,LV_DIACRITIC,
data,sl,A2,448,Fähre,prāmis,prāmis,MARKER_LEAK,lv_macron_consonant
data,bg,A2,448,Fähre,prāmis,Транспорт,FAMILY_COPY_STRICT,bg+hr+mk+sr
data,hr,A2,448,Fähre,prāmis,Транспорт,FAMILY_COPY_STRICT,bg+hr+mk+sr
data,mk,A2,448,Fähre,prāmis,Транспорт,FAMILY_COPY_STRICT,bg+hr+mk+sr
data,sr,A2,448,Fähre,prāmis,Транспорт,FAMILY_COPY_STRICT,bg+hr+mk+sr
data,fi,A2,448,Fähre,prāmis,Praam,FAMILY_COPY_STRICT,fi+is+nb+nn+sv
data,is,A2,448,Fähre,prāmis,Praam,FAMILY_COPY_STRICT,fi+is+nb+nn+sv
data,nb,A2,448,Fähre,prāmis,Praam,FAMILY_COPY_STRICT,fi+is+nb+nn+sv
data,nn,A2,448,Fähre,prāmis,Praam,FAMILY_COPY_STRICT,fi+is+nb+nn+sv
data,sv,A2,448,Fähre,prāmis,Praam,FAMILY_COPY_STRICT,fi+is+nb+nn+sv
data,it,A2,448,Fähre,prāmis,Pramis,FAMILY_COPY_STRICT,it+pt
data,pt,A2,448,Fähre,prāmis,Pramis,FAMILY_COPY_STRICT,it+pt
data,lb,A2,448,Fähre,prāmis,Prāmis,FAMILY_COPY_STRICT,lb+nl
data,nl,A2,448,Fähre,prāmis,Prāmis,FAMILY_COPY_STRICT,lb+nl
data,pl,A2,448,Fähre,prāmis,Prom,FAMILY_COPY_STRICT,pl+sq+tr
data,sq,A2,448,Fähre,prāmis,Prom,FAMILY_COPY_STRICT,pl+sq+tr
data,tr,A2,448,Fähre,prāmis,Prom,FAMILY_COPY_STRICT,pl+sq+tr
data,hr,A2,449,Fahrer,vadītājs • šoferis,Мениджър • Шофьор,SCRIPT_MISMATCH,
data,hr,A2,449,Fahrer,vadītājs • šoferis,Мениджър • Шофьор,MARKER_LEAK,foreign_script
data,it,A2,449,Fahrer,vadītājs • šoferis,Vadītājs • Šoferis,SAME_AS_LV_CASEFOLD,casefold_only
data,it,A2,449,Fahrer,vadītājs • šoferis,Vadītājs • Šoferis,LV_DIACRITIC,
data,it,A2,449,Fahrer,vadītājs • šoferis,Vadītājs • Šoferis,MARKER_LEAK,lv_macron_consonant
data,lb,A2,449,Fahrer,vadītājs • šoferis,Vadītājs • Šoferis,SAME_AS_LV_CASEFOLD,casefold_only
data,lb,A2,449,Fahrer,vadītājs • šoferis,Vadītājs • Šoferis,LV_DIACRITIC,
data,lb,A2,449,Fahrer,vadītājs • šoferis,Vadītājs • Šoferis,MARKER_LEAK,lv_macron_consonant
data,nl,A2,449,Fahrer,vadītājs • šoferis,Vadītājs • Šoferis,SAME_AS_LV_CASEFOLD,casefold_only
data,nl,A2,449,Fahrer,vadītājs • šoferis,Vadītājs • Šoferis,LV_DIACRITIC,
data,nl,A2,449,Fahrer,vadītājs • šoferis,Vadītājs • Šoferis,MARKER_LEAK,lv_macron_consonant
data,pt,A2,449,Fahrer,vadītājs • šoferis,Vadītājs • Šoferis,SAME_AS_LV_CASEFOLD,casefold_only
data,pt,A2,449,Fahrer,vadītājs • šoferis,Vadītājs • Šoferis,LV_DIACRITIC,
data,pt,A2,449,Fahrer,vadītājs • šoferis,Vadītājs • Šoferis,MARKER_LEAK,lv_macron_consonant
data,sl,A2,449,Fahrer,vadītājs • šoferis,vadītājs • šoferis,SAME_AS_LV_CASEFOLD,exact
data,sl,A2,449,Fahrer,vadītājs • šoferis,vadītājs • šoferis,LV_DIACRITIC,
data,sl,A2,449,Fahrer,vadītājs • šoferis,vadītājs • šoferis,MARKER_LEAK,lv_macron_consonant
data,bg,A2,449,Fahrer,vadītājs • šoferis,Мениджър • Шофьор,FAMILY_COPY_STRICT,bg+hr+mk+sr
data,hr,A2,449,Fahrer,vadītājs • šoferis,Мениджър • Шофьор,FAMILY_COPY_STRICT,bg+hr+mk+sr
data,mk,A2,449,Fahrer,vadītājs • šoferis,Мениджър • Шофьор,FAMILY_COPY_STRICT,bg+hr+mk+sr
data,sr,A2,449,Fahrer,vadītājs • šoferis,Мениджър • Шофьор,FAMILY_COPY_STRICT,bg+hr+mk+sr
data,fi,A2,449,Fahrer,vadītājs • šoferis,Juht • Autojuht,FAMILY_COPY_STRICT,fi+is+nb+nn+sv
data,is,A2,449,Fahrer,vadītājs • šoferis,Juht • Autojuht,FAMILY_COPY_STRICT,fi+is+nb+nn+sv
data,nb,A2,449,Fahrer,vadītājs • šoferis,Juht • Autojuht,FAMILY_COPY_STRICT,fi+is+nb+nn+sv
data,nn,A2,449,Fahrer,vadītājs • šoferis,Juht • Autojuht,FAMILY_COPY_STRICT,fi+is+nb+nn+sv
data,sv,A2,449,Fahrer,vadītājs • šoferis,Juht • Autojuht,FAMILY_COPY_STRICT,fi+is+nb+nn+sv
data,it,A2,449,Fahrer,vadītājs • šoferis,Vadītājs • Šoferis,FAMILY_COPY_STRICT,it+lb+nl+pt
data,lb,A2,449,Fahrer,vadītājs • šoferis,Vadītājs • Šoferis,FAMILY_COPY_STRICT,it+lb+nl+pt
data,nl,A2,449,Fahrer,vadītājs • šoferis,Vadītājs • Šoferis,FAMILY_COPY_STRICT,it+lb+nl+pt
data,pt,A2,449,Fahrer,vadītājs • šoferis,Vadītājs • Šoferis,FAMILY_COPY_STRICT,it+lb+nl+pt
data,sq,A2,449,Fahrer,vadītājs • šoferis,Yönetici • Sürücü,FAMILY_COPY_STRICT,sq+tr
data,tr,A2,449,Fahrer,vadītājs • šoferis,Yönetici • Sürücü,FAMILY_COPY_STRICT,sq+tr
data,hr,A2,450,Fahrgast,pasažieris,Пътнически,SCRIPT_MISMATCH,
data,hr,A2,450,Fahrgast,pasažieris,Пътнически,MARKER_LEAK,foreign_script
data,nl,A2,450,Fahrgast,pasažieris,Pasažieris,SAME_AS_LV_CASEFOLD,casefold_only
data,nl,A2,450,Fahrgast,pasažieris,Pasažieris,LV_DIACRITIC,
data,sl,A2,450,Fahrgast,pasažieris,pasažieris,SAME_AS_LV_CASEFOLD,exact
data,bg,A2,450,Fahrgast,pasažieris,Пътнически,FAMILY_COPY_STRICT,bg+hr+mk+sr
data,hr,A2,450,Fahrgast,pasažieris,Пътнически,FAMILY_COPY_STRICT,bg+hr+mk+sr
data,mk,A2,450,Fahrgast,pasažieris,Пътнически,FAMILY_COPY_STRICT,bg+hr+mk+sr
data,sr,A2,450,Fahrgast,pasažieris,Пътнически,FAMILY_COPY_STRICT,bg+hr+mk+sr
data,da,A2,450,Fahrgast,pasažieris,Passager,FAMILY_COPY_STRICT,da+fr
data,fr,A2,450,Fahrgast,pasažieris,Passager,FAMILY_COPY_STRICT,da+fr
data,fi,A2,450,Fahrgast,pasažieris,Reisija,FAMILY_COPY_STRICT,fi+is+nb+nn+sv
data,is,A2,450,Fahrgast,pasažieris,Reisija,FAMILY_COPY_STRICT,fi+is+nb+nn+sv
data,nb,A2,450,Fahrgast,pasažieris,Reisija,FAMILY_COPY_STRICT,fi+is+nb+nn+sv
data,nn,A2,450,Fahrgast,pasažieris,Reisija,FAMILY_COPY_STRICT,fi+is+nb+nn+sv
data,sv,A2,450,Fahrgast,pasažieris,Reisija,FAMILY_COPY_STRICT,fi+is+nb+nn+sv
data,it,A2,450,Fahrgast,pasažieris,Pasazieris,FAMILY_COPY_STRICT,it+pt
data,pt,A2,450,Fahrgast,pasažieris,Pasazieris,FAMILY_COPY_STRICT,it+pt
data,sq,A2,450,Fahrgast,pasažieris,Yolcu,FAMILY_COPY_STRICT,sq+tr
data,tr,A2,450,Fahrgast,pasažieris,Yolcu,FAMILY_COPY_STRICT,sq+tr
data,hr,A2,451,Fahrkartenautomat,biļešu automāts,Машина за билети,SCRIPT_MISMATCH,
data,hr,A2,451,Fahrkartenautomat,biļešu automāts,Машина за билети,MARKER_LEAK,foreign_script
data,it,A2,451,Fahrkartenautomat,biļešu automāts,Automates Biļešu,LV_DIACRITIC,
data,it,A2,451,Fahrkartenautomat,biļešu automāts,Automates Biļešu,MARKER_LEAK,lv_macron_consonant
data,lb,A2,451,Fahrkartenautomat,biļešu automāts,Biļešu automāts,SAME_AS_LV_CASEFOLD,casefold_only
data,lb,A2,451,Fahrkartenautomat,biļešu automāts,Biļešu automāts,LV_DIACRITIC,
data,lb,A2,451,Fahrkartenautomat,biļešu automāts,Biļešu automāts,MARKER_LEAK,lv_macron_consonant
data,nl,A2,451,Fahrkartenautomat,biļešu automāts,Biļešu automāts,SAME_AS_LV_CASEFOLD,casefold_only
data,nl,A2,451,Fahrkartenautomat,biļešu automāts,Biļešu automāts,LV_DIACRITIC,
data,nl,A2,451,Fahrkartenautomat,biļešu automāts,Biļešu automāts,MARKER_LEAK,lv_macron_consonant
data,pt,A2,451,Fahrkartenautomat,biļešu automāts,Automatizar Biļešu,LV_DIACRITIC,
data,pt,A2,451,Fahrkartenautomat,biļešu automāts,Automatizar Biļešu,MARKER_LEAK,lv_macron_consonant
data,sl,A2,451,Fahrkartenautomat,biļešu automāts,biļešu automāts,SAME_AS_LV_CASEFOLD,exact
data,sl,A2,451,Fahrkartenautomat,biļešu automāts,biļešu automāts,LV_DIACRITIC,
data,sl,A2,451,Fahrkartenautomat,biļešu automāts,biļešu automāts,MARKER_LEAK,lv_macron_consonant
data,bg,A2,451,Fahrkartenautomat,biļešu automāts,Машина за билети,FAMILY_COPY_STRICT,bg+hr+mk+sr
data,hr,A2,451,Fahrkartenautomat,biļešu automāts,Машина за билети,FAMILY_COPY_STRICT,bg+hr+mk+sr
data,mk,A2,451,Fahrkartenautomat,biļešu automāts,Машина за билети,FAMILY_COPY_STRICT,bg+hr+mk+sr
data,sr,A2,451,Fahrkartenautomat,biļešu automāts,Машина за билети,FAMILY_COPY_STRICT,bg+hr+mk+sr
data,fi,A2,451,Fahrkartenautomat,biļešu automāts,Piletiautomaat,FAMILY_COPY_STRICT,fi+sv
data,sv,A2,451,Fahrkartenautomat,biļešu automāts,Piletiautomaat,FAMILY_COPY_STRICT,fi+sv
data,is,A2,451,Fahrkartenautomat,biļešu automāts,Pileti automata,FAMILY_COPY_STRICT,is+nb+nn
data,nb,A2,451,Fahrkartenautomat,biļešu automāts,Pileti automata,FAMILY_COPY_STRICT,is+nb+nn
data,nn,A2,451,Fahrkartenautomat,biļešu automāts,Pileti automata,FAMILY_COPY_STRICT,is+nb+nn
data,lb,A2,451,Fahrkartenautomat,biļešu automāts,Biļešu automāts,FAMILY_COPY_STRICT,lb+nl
data,nl,A2,451,Fahrkartenautomat,biļešu automāts,Biļešu automāts,FAMILY_COPY_STRICT,lb+nl
data,sq,A2,451,Fahrkartenautomat,biļešu automāts,Bilet makinesi,FAMILY_COPY_STRICT,sq+tr
data,tr,A2,451,Fahrkartenautomat,biļešu automāts,Bilet makinesi,FAMILY_COPY_STRICT,sq+tr
data,fi,A2,452,Fahrt,brauciens • reiss,Sõit • Reis,MARKER_LEAK,et_otilde
data,hr,A2,452,Fahrt,brauciens • reiss,Пътуване • Полет,SCRIPT_MISMATCH,
data,hr,A2,452,Fahrt,brauciens • reiss,Пътуване • Полет,MARKER_LEAK,foreign_script
data,is,A2,452,Fahrt,brauciens • reiss,Sõit • Reis,MARKER_LEAK,et_otilde
data,nb,A2,452,Fahrt,brauciens • reiss,Sõit • Reis,MARKER_LEAK,et_otilde
data,nn,A2,452,Fahrt,brauciens • reiss,Sõit • Reis,MARKER_LEAK,et_otilde
data,sl,A2,452,Fahrt,brauciens • reiss,brauciens • reiss,SAME_AS_LV_CASEFOLD,exact
data,sv,A2,452,Fahrt,brauciens • reiss,Sõit • Reis,MARKER_LEAK,et_otilde
data,bg,A2,452,Fahrt,brauciens • reiss,Пътуване • Полет,FAMILY_COPY_STRICT,bg+hr+mk+sr
data,hr,A2,452,Fahrt,brauciens • reiss,Пътуване • Полет,FAMILY_COPY_STRICT,bg+hr+mk+sr
data,mk,A2,452,Fahrt,brauciens • reiss,Пътуване • Полет,FAMILY_COPY_STRICT,bg+hr+mk+sr
data,sr,A2,452,Fahrt,brauciens • reiss,Пътуване • Полет,FAMILY_COPY_STRICT,bg+hr+mk+sr
data,fi,A2,452,Fahrt,brauciens • reiss,Sõit • Reis,FAMILY_COPY_STRICT,fi+is+nb+nn+sv
data,is,A2,452,Fahrt,brauciens • reiss,Sõit • Reis,FAMILY_COPY_STRICT,fi+is+nb+nn+sv
data,nb,A2,452,Fahrt,brauciens • reiss,Sõit • Reis,FAMILY_COPY_STRICT,fi+is+nb+nn+sv
data,nn,A2,452,Fahrt,brauciens • reiss,Sõit • Reis,FAMILY_COPY_STRICT,fi+is+nb+nn+sv
data,sv,A2,452,Fahrt,brauciens • reiss,Sõit • Reis,FAMILY_COPY_STRICT,fi+is+nb+nn+sv
data,fr,A2,452,Fahrt,brauciens • reiss,Voyage • Vol,FAMILY_COPY_STRICT,fr+it
data,it,A2,452,Fahrt,brauciens • reiss,Voyage • Vol,FAMILY_COPY_STRICT,fr+it
data,lb,A2,452,Fahrt,brauciens • reiss,Reis • Vlucht,FAMILY_COPY_STRICT,lb+nl
data,nl,A2,452,Fahrt,brauciens • reiss,Reis • Vlucht,FAMILY_COPY_STRICT,lb+nl
data,sq,A2,452,Fahrt,brauciens • reiss,Seyahat • Uçuş,FAMILY_COPY_STRICT,sq+tr
data,tr,A2,452,Fahrt,brauciens • reiss,Seyahat • Uçuş,FAMILY_COPY_STRICT,sq+tr
data,hr,A2,453,Fahrtreppe,eskalators,Ескалатор,SCRIPT_MISMATCH,
data,hr,A2,453,Fahrtreppe,eskalators,Ескалатор,MARKER_LEAK,foreign_script
data,lb,A2,453,Fahrtreppe,eskalators,Eskalators,SAME_AS_LV_CASEFOLD,casefold_only
data,nl,A2,453,Fahrtreppe,eskalators,Eskalators,SAME_AS_LV_CASEFOLD,casefold_only
data,sl,A2,453,Fahrtreppe,eskalators,eskalators,SAME_AS_LV_CASEFOLD,exact
data,bg,A2,453,Fahrtreppe,eskalators,Ескалатор,FAMILY_COPY_STRICT,bg+hr+mk+sr
data,hr,A2,453,Fahrtreppe,eskalators,Ескалатор,FAMILY_COPY_STRICT,bg+hr+mk+sr
data,mk,A2,453,Fahrtreppe,eskalators,Ескалатор,FAMILY_COPY_STRICT,bg+hr+mk+sr
data,sr,A2,453,Fahrtreppe,eskalators,Ескалатор,FAMILY_COPY_STRICT,bg+hr+mk+sr
data,en,A2,453,Fahrtreppe,eskalators,Escalator,FAMILY_COPY_STRICT,en+fr
data,fr,A2,453,Fahrtreppe,eskalators,Escalator,FAMILY_COPY_STRICT,en+fr
data,fi,A2,453,Fahrtreppe,eskalators,Eskalaator,FAMILY_COPY_STRICT,fi+sv
data,sv,A2,453,Fahrtreppe,eskalators,Eskalaator,FAMILY_COPY_STRICT,fi+sv
data,is,A2,453,Fahrtreppe,eskalators,Rulletrapp,FAMILY_COPY_STRICT,is+nb+nn
data,nb,A2,453,Fahrtreppe,eskalators,Rulletrapp,FAMILY_COPY_STRICT,is+nb+nn
data,nn,A2,453,Fahrtreppe,eskalators,Rulletrapp,FAMILY_COPY_STRICT,is+nb+nn
data,lb,A2,453,Fahrtreppe,eskalators,Eskalators,FAMILY_COPY_STRICT,lb+nl
data,nl,A2,453,Fahrtreppe,eskalators,Eskalators,FAMILY_COPY_STRICT,lb+nl
data,sq,A2,453,Fahrtreppe,eskalators,Yürüyen Merdiven,FAMILY_COPY_STRICT,sq+tr
data,tr,A2,453,Fahrtreppe,eskalators,Yürüyen Merdiven,FAMILY_COPY_STRICT,sq+tr
data,fi,A2,454,Fahrzeug,transporta līdzeklis,Sõiduk,MARKER_LEAK,et_otilde
data,hr,A2,454,Fahrzeug,transporta līdzeklis,Превозно средство,SCRIPT_MISMATCH,
data,hr,A2,454,Fahrzeug,transporta līdzeklis,Превозно средство,MARKER_LEAK,foreign_script
data,is,A2,454,Fahrzeug,transporta līdzeklis,Sõiduk,MARKER_LEAK,et_otilde
data,lb,A2,454,Fahrzeug,transporta līdzeklis,Transporta līdzeklis,SAME_AS_LV_CASEFOLD,casefold_only
data,lb,A2,454,Fahrzeug,transporta līdzeklis,Transporta līdzeklis,LV_DIACRITIC,
data,lb,A2,454,Fahrzeug,transporta līdzeklis,Transporta līdzeklis,MARKER_LEAK,lv_macron_consonant
data,nb,A2,454,Fahrzeug,transporta līdzeklis,Sõiduk,MARKER_LEAK,et_otilde
data,nl,A2,454,Fahrzeug,transporta līdzeklis,Transporta līdzeklis,SAME_AS_LV_CASEFOLD,casefold_only
data,nl,A2,454,Fahrzeug,transporta līdzeklis,Transporta līdzeklis,LV_DIACRITIC,
data,nl,A2,454,Fahrzeug,transporta līdzeklis,Transporta līdzeklis,MARKER_LEAK,lv_macron_consonant
data,nn,A2,454,Fahrzeug,transporta līdzeklis,Sõiduk,MARKER_LEAK,et_otilde
data,sl,A2,454,Fahrzeug,transporta līdzeklis,transporta līdzeklis,SAME_AS_LV_CASEFOLD,exact
data,sl,A2,454,Fahrzeug,transporta līdzeklis,transporta līdzeklis,LV_DIACRITIC,
data,sl,A2,454,Fahrzeug,transporta līdzeklis,transporta līdzeklis,MARKER_LEAK,lv_macron_consonant
data,sv,A2,454,Fahrzeug,transporta līdzeklis,Sõiduk,MARKER_LEAK,et_otilde
data,bg,A2,454,Fahrzeug,transporta līdzeklis,Превозно средство,FAMILY_COPY_STRICT,bg+hr+mk+sr
data,hr,A2,454,Fahrzeug,transporta līdzeklis,Превозно средство,FAMILY_COPY_STRICT,bg+hr+mk+sr
data,mk,A2,454,Fahrzeug,transporta līdzeklis,Превозно средство,FAMILY_COPY_STRICT,bg+hr+mk+sr
data,sr,A2,454,Fahrzeug,transporta līdzeklis,Превозно средство,FAMILY_COPY_STRICT,bg+hr+mk+sr
data,cs,A2,454,Fahrzeug,transporta līdzeklis,Vozidlo,FAMILY_COPY_STRICT,cs+sk
data,sk,A2,454,Fahrzeug,transporta līdzeklis,Vozidlo,FAMILY_COPY_STRICT,cs+sk
data,fi,A2,454,Fahrzeug,transporta līdzeklis,Sõiduk,FAMILY_COPY_STRICT,fi+is+nb+nn+sv
data,is,A2,454,Fahrzeug,transporta līdzeklis,Sõiduk,FAMILY_COPY_STRICT,fi+is+nb+nn+sv
data,nb,A2,454,Fahrzeug,transporta līdzeklis,Sõiduk,FAMILY_COPY_STRICT,fi+is+nb+nn+sv
data,nn,A2,454,Fahrzeug,transporta līdzeklis,Sõiduk,FAMILY_COPY_STRICT,fi+is+nb+nn+sv
data,sv,A2,454,Fahrzeug,transporta līdzeklis,Sõiduk,FAMILY_COPY_STRICT,fi+is+nb+nn+sv
data,lb,A2,454,Fahrzeug,transporta līdzeklis,Transporta līdzeklis,FAMILY_COPY_STRICT,lb+nl
data,nl,A2,454,Fahrzeug,transporta līdzeklis,Transporta līdzeklis,FAMILY_COPY_STRICT,lb+nl
data,pl,A2,454,Fahrzeug,transporta līdzeklis,Pojazd,FAMILY_COPY_STRICT,pl+sq+tr
data,sq,A2,454,Fahrzeug,transporta līdzeklis,Pojazd,FAMILY_COPY_STRICT,pl+sq+tr
data,tr,A2,454,Fahrzeug,transporta līdzeklis,Pojazd,FAMILY_COPY_STRICT,pl+sq+tr
data,hr,A2,455,Fall,gadījums,Тоа се случува,SCRIPT_MISMATCH,
data,hr,A2,455,Fall,gadījums,Тоа се случува,MARKER_LEAK,foreign_script
data,lb,A2,455,Fall,gadījums,Gadījums,SAME_AS_LV_CASEFOLD,casefold_only
data,lb,A2,455,Fall,gadījums,Gadījums,LV_DIACRITIC,
data,lb,A2,455,Fall,gadījums,Gadījums,MARKER_LEAK,lv_macron_consonant
data,nl,A2,455,Fall,gadījums,Gadījums,SAME_AS_LV_CASEFOLD,casefold_only
data,nl,A2,455,Fall,gadījums,Gadījums,LV_DIACRITIC,
data,nl,A2,455,Fall,gadījums,Gadījums,MARKER_LEAK,lv_macron_consonant
data,sl,A2,455,Fall,gadījums,gadījums,SAME_AS_LV_CASEFOLD,exact
data,sl,A2,455,Fall,gadījums,gadījums,LV_DIACRITIC,
data,sl,A2,455,Fall,gadījums,gadījums,MARKER_LEAK,lv_macron_consonant
data,fi,A2,455,Fall,gadījums,Juhtum,FAMILY_COPY_STRICT,fi+is+nb+nn+sv
data,is,A2,455,Fall,gadījums,Juhtum,FAMILY_COPY_STRICT,fi+is+nb+nn+sv
data,nb,A2,455,Fall,gadījums,Juhtum,FAMILY_COPY_STRICT,fi+is+nb+nn+sv
data,nn,A2,455,Fall,gadījums,Juhtum,FAMILY_COPY_STRICT,fi+is+nb+nn+sv
data,sv,A2,455,Fall,gadījums,Juhtum,FAMILY_COPY_STRICT,fi+is+nb+nn+sv
data,hr,A2,455,Fall,gadījums,Тоа се случува,FAMILY_COPY_STRICT,hr+mk+sr
data,mk,A2,455,Fall,gadījums,Тоа се случува,FAMILY_COPY_STRICT,hr+mk+sr
data,sr,A2,455,Fall,gadījums,Тоа се случува,FAMILY_COPY_STRICT,hr+mk+sr
data,it,A2,455,Fall,gadījums,Gadijums,FAMILY_COPY_STRICT,it+pt
data,pt,A2,455,Fall,gadījums,Gadijums,FAMILY_COPY_STRICT,it+pt
data,lb,A2,455,Fall,gadījums,Gadījums,FAMILY_COPY_STRICT,lb+nl
data,nl,A2,455,Fall,gadījums,Gadījums,FAMILY_COPY_STRICT,lb+nl
data,hr,A2,456,fallen,krist • nokrist,Есен • Есен,SCRIPT_MISMATCH,
data,hr,A2,456,fallen,krist • nokrist,Есен • Есен,MARKER_LEAK,foreign_script
data,lb,A2,456,fallen,krist • nokrist,Krist • Nokrist,SAME_AS_LV_CASEFOLD,casefold_only
data,nl,A2,456,fallen,krist • nokrist,Krist • Nokrist,SAME_AS_LV_CASEFOLD,casefold_only
data,sk,A2,456,fallen,krist • nokrist,Upaść • Upaść,MARKER_LEAK,pl_l_s_z
data,sl,A2,456,fallen,krist • nokrist,krist • nokrist,SAME_AS_LV_CASEFOLD,exact
data,bg,A2,456,fallen,krist • nokrist,Есен • Есен,FAMILY_COPY_STRICT,bg+hr+mk+sr
data,hr,A2,456,fallen,krist • nokrist,Есен • Есен,FAMILY_COPY_STRICT,bg+hr+mk+sr
data,mk,A2,456,fallen,krist • nokrist,Есен • Есен,FAMILY_COPY_STRICT,bg+hr+mk+sr
data,sr,A2,456,fallen,krist • nokrist,Есен • Есен,FAMILY_COPY_STRICT,bg+hr+mk+sr
data,fi,A2,456,fallen,krist • nokrist,Kukkuma • Maha kukkuma,FAMILY_COPY_STRICT,fi+is+nb+nn+sv
data,is,A2,456,fallen,krist • nokrist,Kukkuma • Maha kukkuma,FAMILY_COPY_STRICT,fi+is+nb+nn+sv
data,nb,A2,456,fallen,krist • nokrist,Kukkuma • Maha kukkuma,FAMILY_COPY_STRICT,fi+is+nb+nn+sv
data,nn,A2,456,fallen,krist • nokrist,Kukkuma • Maha kukkuma,FAMILY_COPY_STRICT,fi+is+nb+nn+sv
data,sv,A2,456,fallen,krist • nokrist,Kukkuma • Maha kukkuma,FAMILY_COPY_STRICT,fi+is+nb+nn+sv
data,it,A2,456,fallen,krist • nokrist,Krist • Nokris,FAMILY_COPY_STRICT,it+pt
data,pt,A2,456,fallen,krist • nokrist,Krist • Nokris,FAMILY_COPY_STRICT,it+pt
data,lb,A2,456,fallen,krist • nokrist,Krist • Nokrist,FAMILY_COPY_STRICT,lb+nl
data,nl,A2,456,fallen,krist • nokrist,Krist • Nokrist,FAMILY_COPY_STRICT,lb+nl
data,pl,A2,456,fallen,krist • nokrist,Upaść • Upaść,FAMILY_COPY_STRICT,pl+sk
data,sk,A2,456,fallen,krist • nokrist,Upaść • Upaść,FAMILY_COPY_STRICT,pl+sk
data,sq,A2,456,fallen,krist • nokrist,Güz • Güz,FAMILY_COPY_STRICT,sq+tr
data,tr,A2,456,fallen,krist • nokrist,Güz • Güz,FAMILY_COPY_STRICT,sq+tr
data,hr,A2,457,falten,locīt • salocīt,Виткање • Преклопување,SCRIPT_MISMATCH,
data,hr,A2,457,falten,locīt • salocīt,Виткање • Преклопување,MARKER_LEAK,foreign_script
data,lb,A2,457,falten,locīt • salocīt,Locīt • Salocīt,SAME_AS_LV_CASEFOLD,casefold_only
data,lb,A2,457,falten,locīt • salocīt,Locīt • Salocīt,LV_DIACRITIC,
data,lb,A2,457,falten,locīt • salocīt,Locīt • Salocīt,MARKER_LEAK,lv_macron_consonant
data,nl,A2,457,falten,locīt • salocīt,Locīt • Salocīt,SAME_AS_LV_CASEFOLD,casefold_only
data,nl,A2,457,falten,locīt • salocīt,Locīt • Salocīt,LV_DIACRITIC,
data,nl,A2,457,falten,locīt • salocīt,Locīt • Salocīt,MARKER_LEAK,lv_macron_consonant
data,sk,A2,457,falten,locīt • salocīt,Zginać • Składać,MARKER_LEAK,pl_l_s_z
data,sl,A2,457,falten,locīt • salocīt,locīt • salocīt,SAME_AS_LV_CASEFOLD,exact
data,sl,A2,457,falten,locīt • salocīt,locīt • salocīt,LV_DIACRITIC,
data,sl,A2,457,falten,locīt • salocīt,locīt • salocīt,MARKER_LEAK,lv_macron_consonant
data,fi,A2,457,falten,locīt • salocīt,Voltima • Kokku voltima,FAMILY_COPY_STRICT,fi+is+nb+nn+sv
data,is,A2,457,falten,locīt • salocīt,Voltima • Kokku voltima,FAMILY_COPY_STRICT,fi+is+nb+nn+sv
data,nb,A2,457,falten,locīt • salocīt,Voltima • Kokku voltima,FAMILY_COPY_STRICT,fi+is+nb+nn+sv
data,nn,A2,457,falten,locīt • salocīt,Voltima • Kokku voltima,FAMILY_COPY_STRICT,fi+is+nb+nn+sv
data,sv,A2,457,falten,locīt • salocīt,Voltima • Kokku voltima,FAMILY_COPY_STRICT,fi+is+nb+nn+sv
data,hr,A2,457,falten,locīt • salocīt,Виткање • Преклопување,FAMILY_COPY_STRICT,hr+mk+sr
data,mk,A2,457,falten,locīt • salocīt,Виткање • Преклопување,FAMILY_COPY_STRICT,hr+mk+sr
data,sr,A2,457,falten,locīt • salocīt,Виткање • Преклопување,FAMILY_COPY_STRICT,hr+mk+sr
data,it,A2,457,falten,locīt • salocīt,Locît • Salocît,FAMILY_COPY_STRICT,it+pt
data,pt,A2,457,falten,locīt • salocīt,Locît • Salocît,FAMILY_COPY_STRICT,it+pt
data,lb,A2,457,falten,locīt • salocīt,Locīt • Salocīt,FAMILY_COPY_STRICT,lb+nl
data,nl,A2,457,falten,locīt • salocīt,Locīt • Salocīt,FAMILY_COPY_STRICT,lb+nl
data,pl,A2,457,falten,locīt • salocīt,Zginać • Składać,FAMILY_COPY_STRICT,pl+sk
data,sk,A2,457,falten,locīt • salocīt,Zginać • Składać,FAMILY_COPY_STRICT,pl+sk
data,sq,A2,457,falten,locīt • salocīt,Bükme • Katlama,FAMILY_COPY_STRICT,sq+tr
data,tr,A2,457,falten,locīt • salocīt,Bükme • Katlama,FAMILY_COPY_STRICT,sq+tr
data,hr,A2,458,Familienstand,ģimenes stāvoklis,Семейно положение,SCRIPT_MISMATCH,
data,hr,A2,458,Familienstand,ģimenes stāvoklis,Семейно положение,MARKER_LEAK,foreign_script
data,it,A2,458,Familienstand,ģimenes stāvoklis,Imenimenes stāvoklis,LV_DIACRITIC,
data,it,A2,458,Familienstand,ģimenes stāvoklis,Imenimenes stāvoklis,MARKER_LEAK,lv_macron_consonant
data,lb,A2,458,Familienstand,ģimenes stāvoklis,Stāvoklis,LV_DIACRITIC,
data,lb,A2,458,Familienstand,ģimenes stāvoklis,Stāvoklis,MARKER_LEAK,lv_macron_consonant
data,nl,A2,458,Familienstand,ģimenes stāvoklis,Ģimenes stāvoklis,SAME_AS_LV_CASEFOLD,casefold_only
data,nl,A2,458,Familienstand,ģimenes stāvoklis,Ģimenes stāvoklis,LV_DIACRITIC,
data,nl,A2,458,Familienstand,ģimenes stāvoklis,Ģimenes stāvoklis,MARKER_LEAK,lv_macron_consonant
data,sl,A2,458,Familienstand,ģimenes stāvoklis,ģimenes stāvoklis,SAME_AS_LV_CASEFOLD,exact
data,sl,A2,458,Familienstand,ģimenes stāvoklis,ģimenes stāvoklis,LV_DIACRITIC,
data,sl,A2,458,Familienstand,ģimenes stāvoklis,ģimenes stāvoklis,MARKER_LEAK,lv_macron_consonant
data,bg,A2,458,Familienstand,ģimenes stāvoklis,Семейно положение,FAMILY_COPY_STRICT,bg+hr+mk+sr
data,hr,A2,458,Familienstand,ģimenes stāvoklis,Семейно положение,FAMILY_COPY_STRICT,bg+hr+mk+sr
data,mk,A2,458,Familienstand,ģimenes stāvoklis,Семейно положение,FAMILY_COPY_STRICT,bg+hr+mk+sr
data,sr,A2,458,Familienstand,ģimenes stāvoklis,Семейно положение,FAMILY_COPY_STRICT,bg+hr+mk+sr
data,cs,A2,458,Familienstand,ģimenes stāvoklis,Rodinný stav,FAMILY_COPY_STRICT,cs+sk
data,sk,A2,458,Familienstand,ģimenes stāvoklis,Rodinný stav,FAMILY_COPY_STRICT,cs+sk
data,fi,A2,458,Familienstand,ģimenes stāvoklis,Perekonnaseis,FAMILY_COPY_STRICT,fi+sv
data,sv,A2,458,Familienstand,ģimenes stāvoklis,Perekonnaseis,FAMILY_COPY_STRICT,fi+sv
data,is,A2,458,Familienstand,ģimenes stāvoklis,Perekonnaiseis,FAMILY_COPY_STRICT,is+nb+nn
data,nb,A2,458,Familienstand,ģimenes stāvoklis,Perekonnaiseis,FAMILY_COPY_STRICT,is+nb+nn
data,nn,A2,458,Familienstand,ģimenes stāvoklis,Perekonnaiseis,FAMILY_COPY_STRICT,is+nb+nn
data,sq,A2,458,Familienstand,ģimenes stāvoklis,Medeni durum,FAMILY_COPY_STRICT,sq+tr
data,tr,A2,458,Familienstand,ģimenes stāvoklis,Medeni durum,FAMILY_COPY_STRICT,sq+tr
data,hr,A2,459,Fan,fans,Вентилатор,SCRIPT_MISMATCH,
data,hr,A2,459,Fan,fans,Вентилатор,MARKER_LEAK,foreign_script
data,lb,A2,459,Fan,fans,Fans,SAME_AS_LV_CASEFOLD,casefold_only
data,nl,A2,459,Fan,fans,Fans,SAME_AS_LV_CASEFOLD,casefold_only
data,sl,A2,459,Fan,fans,fans,SAME_AS_LV_CASEFOLD,exact
data,uk,A2,459,Fan,fans,fans,SAME_AS_LV_CASEFOLD,exact
data,uk,A2,459,Fan,fans,fans,SCRIPT_MISMATCH,
data,uk,A2,459,Fan,fans,fans,MARKER_LEAK,latin_in_cyrillic
data,bg,A2,459,Fan,fans,Вентилатор,FAMILY_COPY_STRICT,bg+hr+mk+sr
data,hr,A2,459,Fan,fans,Вентилатор,FAMILY_COPY_STRICT,bg+hr+mk+sr
data,mk,A2,459,Fan,fans,Вентилатор,FAMILY_COPY_STRICT,bg+hr+mk+sr
data,sr,A2,459,Fan,fans,Вентилатор,FAMILY_COPY_STRICT,bg+hr+mk+sr
data,fi,A2,459,Fan,fans,Fänn,FAMILY_COPY_STRICT,fi+sv
data,sv,A2,459,Fan,fans,Fänn,FAMILY_COPY_STRICT,fi+sv
data,lb,A2,459,Fan,fans,Fans,FAMILY_COPY_STRICT,lb+nl
data,nl,A2,459,Fan,fans,Fans,FAMILY_COPY_STRICT,lb+nl
data,sq,A2,459,Fan,fans,Bir hayran,FAMILY_COPY_STRICT,sq+tr
data,tr,A2,459,Fan,fans,Bir hayran,FAMILY_COPY_STRICT,sq+tr
data,hr,A2,460,fangen,ķert • noķert,Хващане • Хващане,SCRIPT_MISMATCH,
data,hr,A2,460,fangen,ķert • noķert,Хващане • Хващане,MARKER_LEAK,foreign_script
data,lb,A2,460,fangen,ķert • noķert,Ķert • Noķert,SAME_AS_LV_CASEFOLD,casefold_only
data,lb,A2,460,fangen,ķert • noķert,Ķert • Noķert,LV_DIACRITIC,
data,lb,A2,460,fangen,ķert • noķert,Ķert • Noķert,MARKER_LEAK,lv_macron_consonant
data,nl,A2,460,fangen,ķert • noķert,Ķert • Noķert,SAME_AS_LV_CASEFOLD,casefold_only
data,nl,A2,460,fangen,ķert • noķert,Ķert • Noķert,LV_DIACRITIC,
data,nl,A2,460,fangen,ķert • noķert,Ķert • Noķert,MARKER_LEAK,lv_macron_consonant
data,sk,A2,460,fangen,ķert • noķert,Złapać • Złapać,MARKER_LEAK,pl_l_s_z
data,sl,A2,460,fangen,ķert • noķert,ķert • noķert,SAME_AS_LV_CASEFOLD,exact
data,sl,A2,460,fangen,ķert • noķert,ķert • noķert,LV_DIACRITIC,
data,sl,A2,460,fangen,ķert • noķert,ķert • noķert,MARKER_LEAK,lv_macron_consonant
data,bg,A2,460,fangen,ķert • noķert,Хващане • Хващане,FAMILY_COPY_STRICT,bg+hr+mk+sr
data,hr,A2,460,fangen,ķert • noķert,Хващане • Хващане,FAMILY_COPY_STRICT,bg+hr+mk+sr
data,mk,A2,460,fangen,ķert • noķert,Хващане • Хващане,FAMILY_COPY_STRICT,bg+hr+mk+sr
data,sr,A2,460,fangen,ķert • noķert,Хващане • Хващане,FAMILY_COPY_STRICT,bg+hr+mk+sr
data,fi,A2,460,fangen,ķert • noķert,Püüdma • Kinni püüdma,FAMILY_COPY_STRICT,fi+is+nb+nn+sv
data,is,A2,460,fangen,ķert • noķert,Püüdma • Kinni püüdma,FAMILY_COPY_STRICT,fi+is+nb+nn+sv
data,nb,A2,460,fangen,ķert • noķert,Püüdma • Kinni püüdma,FAMILY_COPY_STRICT,fi+is+nb+nn+sv
data,nn,A2,460,fangen,ķert • noķert,Püüdma • Kinni püüdma,FAMILY_COPY_STRICT,fi+is+nb+nn+sv
data,sv,A2,460,fangen,ķert • noķert,Püüdma • Kinni püüdma,FAMILY_COPY_STRICT,fi+is+nb+nn+sv
data,lb,A2,460,fangen,ķert • noķert,Ķert • Noķert,FAMILY_COPY_STRICT,lb+nl
data,nl,A2,460,fangen,ķert • noķert,Ķert • Noķert,FAMILY_COPY_STRICT,lb+nl
data,pl,A2,460,fangen,ķert • noķert,Złapać • Złapać,FAMILY_COPY_STRICT,pl+sk
data,sk,A2,460,fangen,ķert • noķert,Złapać • Złapać,FAMILY_COPY_STRICT,pl+sk
data,sq,A2,460,fangen,ķert • noķert,Yakala • Yakala,FAMILY_COPY_STRICT,sq+tr
data,tr,A2,460,fangen,ķert • noķert,Yakala • Yakala,FAMILY_COPY_STRICT,sq+tr
data,bg,A2,461,färben,krāsot • nokrāsot,Draw • Draw,SCRIPT_MISMATCH,
data,bg,A2,461,färben,krāsot • nokrāsot,Draw • Draw,MARKER_LEAK,latin_in_cyrillic
data,lb,A2,461,färben,krāsot • nokrāsot,Krāsot • Nokrāsot,SAME_AS_LV_CASEFOLD,casefold_only
data,lb,A2,461,färben,krāsot • nokrāsot,Krāsot • Nokrāsot,LV_DIACRITIC,
data,lb,A2,461,färben,krāsot • nokrāsot,Krāsot • Nokrāsot,MARKER_LEAK,lv_macron_consonant
data,mk,A2,461,färben,krāsot • nokrāsot,Draw • Draw,SCRIPT_MISMATCH,
data,mk,A2,461,färben,krāsot • nokrāsot,Draw • Draw,MARKER_LEAK,latin_in_cyrillic
data,nl,A2,461,färben,krāsot • nokrāsot,Krāsot • Nokrāsot,SAME_AS_LV_CASEFOLD,casefold_only
data,nl,A2,461,färben,krāsot • nokrāsot,Krāsot • Nokrāsot,LV_DIACRITIC,
data,nl,A2,461,färben,krāsot • nokrāsot,Krāsot • Nokrāsot,MARKER_LEAK,lv_macron_consonant
data,sl,A2,461,färben,krāsot • nokrāsot,krāsot • nokrāsot,SAME_AS_LV_CASEFOLD,exact
data,sl,A2,461,färben,krāsot • nokrāsot,krāsot • nokrāsot,LV_DIACRITIC,
data,sl,A2,461,färben,krāsot • nokrāsot,krāsot • nokrāsot,MARKER_LEAK,lv_macron_consonant
data,sr,A2,461,färben,krāsot • nokrāsot,Nariši • Nariši,LV_DIACRITIC,
data,sr,A2,461,färben,krāsot • nokrāsot,Nariši • Nariši,SCRIPT_MISMATCH,sr_as_cyrillic
data,sr,A2,461,färben,krāsot • nokrāsot,Nariši • Nariši,MARKER_LEAK,latin_in_cyrillic
data,bg,A2,461,färben,krāsot • nokrāsot,Draw • Draw,FAMILY_COPY_STRICT,bg+mk
data,mk,A2,461,färben,krāsot • nokrāsot,Draw • Draw,FAMILY_COPY_STRICT,bg+mk
data,fi,A2,461,färben,krāsot • nokrāsot,Värvima • Ära värvima,FAMILY_COPY_STRICT,fi+sv
data,sv,A2,461,färben,krāsot • nokrāsot,Värvima • Ära värvima,FAMILY_COPY_STRICT,fi+sv
data,hr,A2,461,färben,krāsot • nokrāsot,Nariši • Nariši,FAMILY_COPY_STRICT,hr+sr
data,sr,A2,461,färben,krāsot • nokrāsot,Nariši • Nariši,FAMILY_COPY_STRICT,hr+sr
data,is,A2,461,färben,krāsot • nokrāsot,Värvima • Hedre värvima,FAMILY_COPY_STRICT,is+nb+nn
data,nb,A2,461,färben,krāsot • nokrāsot,Värvima • Hedre värvima,FAMILY_COPY_STRICT,is+nb+nn
data,nn,A2,461,färben,krāsot • nokrāsot,Värvima • Hedre värvima,FAMILY_COPY_STRICT,is+nb+nn
data,it,A2,461,färben,krāsot • nokrāsot,Krasot • Nokrasot,FAMILY_COPY_STRICT,it+pt
data,pt,A2,461,färben,krāsot • nokrāsot,Krasot • Nokrasot,FAMILY_COPY_STRICT,it+pt
data,lb,A2,461,färben,krāsot • nokrāsot,Krāsot • Nokrāsot,FAMILY_COPY_STRICT,lb+nl
data,nl,A2,461,färben,krāsot • nokrāsot,Krāsot • Nokrāsot,FAMILY_COPY_STRICT,lb+nl
data,hr,A2,462,Farbstift,krāsu zīmulis,Цветен молив,SCRIPT_MISMATCH,
data,hr,A2,462,Farbstift,krāsu zīmulis,Цветен молив,MARKER_LEAK,foreign_script
data,it,A2,462,Farbstift,krāsu zīmulis,Krāsu zīmulis,SAME_AS_LV_CASEFOLD,casefold_only
data,it,A2,462,Farbstift,krāsu zīmulis,Krāsu zīmulis,LV_DIACRITIC,
data,it,A2,462,Farbstift,krāsu zīmulis,Krāsu zīmulis,MARKER_LEAK,lv_macron_consonant
data,lb,A2,462,Farbstift,krāsu zīmulis,Krāsu zīmulis,SAME_AS_LV_CASEFOLD,casefold_only
data,lb,A2,462,Farbstift,krāsu zīmulis,Krāsu zīmulis,LV_DIACRITIC,
data,lb,A2,462,Farbstift,krāsu zīmulis,Krāsu zīmulis,MARKER_LEAK,lv_macron_consonant
data,nl,A2,462,Farbstift,krāsu zīmulis,Krāsu zīmulis,SAME_AS_LV_CASEFOLD,casefold_only
data,nl,A2,462,Farbstift,krāsu zīmulis,Krāsu zīmulis,LV_DIACRITIC,
data,nl,A2,462,Farbstift,krāsu zīmulis,Krāsu zīmulis,MARKER_LEAK,lv_macron_consonant
data,sl,A2,462,Farbstift,krāsu zīmulis,krāsu zīmulis,SAME_AS_LV_CASEFOLD,exact
data,sl,A2,462,Farbstift,krāsu zīmulis,krāsu zīmulis,LV_DIACRITIC,
data,sl,A2,462,Farbstift,krāsu zīmulis,krāsu zīmulis,MARKER_LEAK,lv_macron_consonant
data,bg,A2,462,Farbstift,krāsu zīmulis,Цветен молив,FAMILY_COPY_STRICT,bg+hr+mk+sr
data,hr,A2,462,Farbstift,krāsu zīmulis,Цветен молив,FAMILY_COPY_STRICT,bg+hr+mk+sr
data,mk,A2,462,Farbstift,krāsu zīmulis,Цветен молив,FAMILY_COPY_STRICT,bg+hr+mk+sr
data,sr,A2,462,Farbstift,krāsu zīmulis,Цветен молив,FAMILY_COPY_STRICT,bg+hr+mk+sr
data,fi,A2,462,Farbstift,krāsu zīmulis,Värvipliiats,FAMILY_COPY_STRICT,fi+sv
data,sv,A2,462,Farbstift,krāsu zīmulis,Värvipliiats,FAMILY_COPY_STRICT,fi+sv
data,is,A2,462,Farbstift,krāsu zīmulis,Varvipliiats,FAMILY_COPY_STRICT,is+nb+nn
data,nb,A2,462,Farbstift,krāsu zīmulis,Varvipliiats,FAMILY_COPY_STRICT,is+nb+nn
data,nn,A2,462,Farbstift,krāsu zīmulis,Varvipliiats,FAMILY_COPY_STRICT,is+nb+nn
data,it,A2,462,Farbstift,krāsu zīmulis,Krāsu zīmulis,FAMILY_COPY_STRICT,it+lb+nl
data,lb,A2,462,Farbstift,krāsu zīmulis,Krāsu zīmulis,FAMILY_COPY_STRICT,it+lb+nl
data,nl,A2,462,Farbstift,krāsu zīmulis,Krāsu zīmulis,FAMILY_COPY_STRICT,it+lb+nl
data,sq,A2,462,Farbstift,krāsu zīmulis,Renkli kalem,FAMILY_COPY_STRICT,sq+tr
data,tr,A2,462,Farbstift,krāsu zīmulis,Renkli kalem,FAMILY_COPY_STRICT,sq+tr
data,hr,A2,463,Farm,ferma,Фарма,SCRIPT_MISMATCH,
data,hr,A2,463,Farm,ferma,Фарма,MARKER_LEAK,foreign_script
data,lb,A2,463,Farm,ferma,Ferma,SAME_AS_LV_CASEFOLD,casefold_only
data,lt,A2,463,Farm,ferma,ferma,SAME_AS_LV_CASEFOLD,exact
data,nl,A2,463,Farm,ferma,Ferma,SAME_AS_LV_CASEFOLD,casefold_only
data,sl,A2,463,Farm,ferma,ferma,SAME_AS_LV_CASEFOLD,exact
data,bg,A2,463,Farm,ferma,Ферма,FAMILY_COPY_STRICT,bg+ru
data,ru,A2,463,Farm,ferma,Ферма,FAMILY_COPY_STRICT,bg+ru
data,da,A2,463,Farm,ferma,Gård,FAMILY_COPY_STRICT,da+is+nb+nn
data,is,A2,463,Farm,ferma,Gård,FAMILY_COPY_STRICT,da+is+nb+nn
data,nb,A2,463,Farm,ferma,Gård,FAMILY_COPY_STRICT,da+is+nb+nn
data,nn,A2,463,Farm,ferma,Gård,FAMILY_COPY_STRICT,da+is+nb+nn
data,hr,A2,463,Farm,ferma,Фарма,FAMILY_COPY_STRICT,hr+mk+sr
data,mk,A2,463,Farm,ferma,Фарма,FAMILY_COPY_STRICT,hr+mk+sr
data,sr,A2,463,Farm,ferma,Фарма,FAMILY_COPY_STRICT,hr+mk+sr
data,lb,A2,463,Farm,ferma,Ferma,FAMILY_COPY_STRICT,lb+nl
data,nl,A2,463,Farm,ferma,Ferma,FAMILY_COPY_STRICT,lb+nl
data,pl,A2,463,Farm,ferma,Gospodarstwo,FAMILY_COPY_STRICT,pl+sq+tr
data,sq,A2,463,Farm,ferma,Gospodarstwo,FAMILY_COPY_STRICT,pl+sq+tr
data,tr,A2,463,Farm,ferma,Gospodarstwo,FAMILY_COPY_STRICT,pl+sq+tr
data,hr,A2,464,Faust,dūre,Юмрук,SCRIPT_MISMATCH,
data,hr,A2,464,Faust,dūre,Юмрук,MARKER_LEAK,foreign_script
data,lb,A2,464,Faust,dūre,Dūre,SAME_AS_LV_CASEFOLD,casefold_only
data,lb,A2,464,Faust,dūre,Dūre,LV_DIACRITIC,
data,lb,A2,464,Faust,dūre,Dūre,MARKER_LEAK,lv_u_macron
data,nl,A2,464,Faust,dūre,Dūre,SAME_AS_LV_CASEFOLD,casefold_only
data,nl,A2,464,Faust,dūre,Dūre,LV_DIACRITIC,
data,nl,A2,464,Faust,dūre,Dūre,MARKER_LEAK,lv_u_macron
data,sk,A2,464,Faust,dūre,Pięść,MARKER_LEAK,pl_l_s_z+pl_lt_nasal
data,sl,A2,464,Faust,dūre,dūre,SAME_AS_LV_CASEFOLD,exact
data,sl,A2,464,Faust,dūre,dūre,LV_DIACRITIC,
data,sl,A2,464,Faust,dūre,dūre,MARKER_LEAK,lv_u_macron
data,bg,A2,464,Faust,dūre,Юмрук,FAMILY_COPY_STRICT,bg+hr+mk+sr
data,hr,A2,464,Faust,dūre,Юмрук,FAMILY_COPY_STRICT,bg+hr+mk+sr
data,mk,A2,464,Faust,dūre,Юмрук,FAMILY_COPY_STRICT,bg+hr+mk+sr
data,sr,A2,464,Faust,dūre,Юмрук,FAMILY_COPY_STRICT,bg+hr+mk+sr
data,fi,A2,464,Faust,dūre,Rusikas,FAMILY_COPY_STRICT,fi+sv
data,sv,A2,464,Faust,dūre,Rusikas,FAMILY_COPY_STRICT,fi+sv
data,is,A2,464,Faust,dūre,Russlands,FAMILY_COPY_STRICT,is+nb+nn
data,nb,A2,464,Faust,dūre,Russlands,FAMILY_COPY_STRICT,is+nb+nn
data,nn,A2,464,Faust,dūre,Russlands,FAMILY_COPY_STRICT,is+nb+nn
data,lb,A2,464,Faust,dūre,Dūre,FAMILY_COPY_STRICT,lb+nl
data,nl,A2,464,Faust,dūre,Dūre,FAMILY_COPY_STRICT,lb+nl
data,pl,A2,464,Faust,dūre,Pięść,FAMILY_COPY_STRICT,pl+sk
data,sk,A2,464,Faust,dūre,Pięść,FAMILY_COPY_STRICT,pl+sk
data,sq,A2,464,Faust,dūre,Yumruk,FAMILY_COPY_STRICT,sq+tr
data,tr,A2,464,Faust,dūre,Yumruk,FAMILY_COPY_STRICT,sq+tr
data,hr,A2,465,Federball,badmintons,Бадминтон,SCRIPT_MISMATCH,
data,hr,A2,465,Federball,badmintons,Бадминтон,MARKER_LEAK,foreign_script
data,lb,A2,465,Federball,badmintons,Badmintons,SAME_AS_LV_CASEFOLD,casefold_only
data,nl,A2,465,Federball,badmintons,Badmintons,SAME_AS_LV_CASEFOLD,casefold_only
data,sl,A2,465,Federball,badmintons,badmintons,SAME_AS_LV_CASEFOLD,exact
data,bg,A2,465,Federball,badmintons,Бадминтон,FAMILY_COPY_STRICT,bg+hr+mk+ru+sr
data,hr,A2,465,Federball,badmintons,Бадминтон,FAMILY_COPY_STRICT,bg+hr+mk+ru+sr
data,mk,A2,465,Federball,badmintons,Бадминтон,FAMILY_COPY_STRICT,bg+hr+mk+ru+sr
data,ru,A2,465,Federball,badmintons,Бадминтон,FAMILY_COPY_STRICT,bg+hr+mk+ru+sr
data,sr,A2,465,Federball,badmintons,Бадминтон,FAMILY_COPY_STRICT,bg+hr+mk+ru+sr
data,fi,A2,465,Federball,badmintons,Sulgpall,FAMILY_COPY_STRICT,fi+sv
data,sv,A2,465,Federball,badmintons,Sulgpall,FAMILY_COPY_STRICT,fi+sv
data,is,A2,465,Federball,badmintons,Sulg avføring,FAMILY_COPY_STRICT,is+nb+nn
data,nb,A2,465,Federball,badmintons,Sulg avføring,FAMILY_COPY_STRICT,is+nb+nn
data,nn,A2,465,Federball,badmintons,Sulg avføring,FAMILY_COPY_STRICT,is+nb+nn
data,lb,A2,465,Federball,badmintons,Badmintons,FAMILY_COPY_STRICT,lb+nl
data,nl,A2,465,Federball,badmintons,Badmintons,FAMILY_COPY_STRICT,lb+nl
data,hr,A2,466,fegen,slaucīt,Перење,SCRIPT_MISMATCH,
data,hr,A2,466,fegen,slaucīt,Перење,MARKER_LEAK,foreign_script
data,lb,A2,466,fegen,slaucīt,Slaucīt,SAME_AS_LV_CASEFOLD,casefold_only
data,lb,A2,466,fegen,slaucīt,Slaucīt,LV_DIACRITIC,
data,lb,A2,466,fegen,slaucīt,Slaucīt,MARKER_LEAK,lv_macron_consonant
data,nl,A2,466,fegen,slaucīt,Slaucīt,SAME_AS_LV_CASEFOLD,casefold_only
data,nl,A2,466,fegen,slaucīt,Slaucīt,LV_DIACRITIC,
data,nl,A2,466,fegen,slaucīt,Slaucīt,MARKER_LEAK,lv_macron_consonant
data,sl,A2,466,fegen,slaucīt,slaucīt,SAME_AS_LV_CASEFOLD,exact
data,sl,A2,466,fegen,slaucīt,slaucīt,LV_DIACRITIC,
data,sl,A2,466,fegen,slaucīt,slaucīt,MARKER_LEAK,lv_macron_consonant
data,fi,A2,466,fegen,slaucīt,Pühkima,FAMILY_COPY_STRICT,fi+is+nb+nn+sv
data,is,A2,466,fegen,slaucīt,Pühkima,FAMILY_COPY_STRICT,fi+is+nb+nn+sv
data,nb,A2,466,fegen,slaucīt,Pühkima,FAMILY_COPY_STRICT,fi+is+nb+nn+sv
data,nn,A2,466,fegen,slaucīt,Pühkima,FAMILY_COPY_STRICT,fi+is+nb+nn+sv
data,sv,A2,466,fegen,slaucīt,Pühkima,FAMILY_COPY_STRICT,fi+is+nb+nn+sv
data,hr,A2,466,fegen,slaucīt,Перење,FAMILY_COPY_STRICT,hr+mk+sr
data,mk,A2,466,fegen,slaucīt,Перење,FAMILY_COPY_STRICT,hr+mk+sr
data,sr,A2,466,fegen,slaucīt,Перење,FAMILY_COPY_STRICT,hr+mk+sr
data,lb,A2,466,fegen,slaucīt,Slaucīt,FAMILY_COPY_STRICT,lb+nl
data,nl,A2,466,fegen,slaucīt,Slaucīt,FAMILY_COPY_STRICT,lb+nl
data,hr,A2,467,fehlen,trūkt,Недостасува,SCRIPT_MISMATCH,
data,hr,A2,467,fehlen,trūkt,Недостасува,MARKER_LEAK,foreign_script
data,nl,A2,467,fehlen,trūkt,Trūkt,SAME_AS_LV_CASEFOLD,casefold_only
data,nl,A2,467,fehlen,trūkt,Trūkt,LV_DIACRITIC,
data,nl,A2,467,fehlen,trūkt,Trūkt,MARKER_LEAK,lv_u_macron
data,sl,A2,467,fehlen,trūkt,trūkt,SAME_AS_LV_CASEFOLD,exact
data,sl,A2,467,fehlen,trūkt,trūkt,LV_DIACRITIC,
data,sl,A2,467,fehlen,trūkt,trūkt,MARKER_LEAK,lv_u_macron
data,sq,A2,467,fehlen,trūkt,Kayıp,MARKER_LEAK,tr_soft
data,fi,A2,467,fehlen,trūkt,Puuduma,FAMILY_COPY_STRICT,fi+sv
data,sv,A2,467,fehlen,trūkt,Puuduma,FAMILY_COPY_STRICT,fi+sv
data,hr,A2,467,fehlen,trūkt,Недостасува,FAMILY_COPY_STRICT,hr+mk+sr
data,mk,A2,467,fehlen,trūkt,Недостасува,FAMILY_COPY_STRICT,hr+mk+sr
data,sr,A2,467,fehlen,trūkt,Недостасува,FAMILY_COPY_STRICT,hr+mk+sr
data,is,A2,467,fehlen,trūkt,Doukuma,FAMILY_COPY_STRICT,is+nb+nn
data,nb,A2,467,fehlen,trūkt,Doukuma,FAMILY_COPY_STRICT,is+nb+nn
data,nn,A2,467,fehlen,trūkt,Doukuma,FAMILY_COPY_STRICT,is+nb+nn
data,pl,A2,467,fehlen,trūkt,Zaginiony,FAMILY_COPY_STRICT,pl+sk
data,sk,A2,467,fehlen,trūkt,Zaginiony,FAMILY_COPY_STRICT,pl+sk
data,sq,A2,467,fehlen,trūkt,Kayıp,FAMILY_COPY_STRICT,sq+tr
data,tr,A2,467,fehlen,trūkt,Kayıp,FAMILY_COPY_STRICT,sq+tr
data,hr,A2,468,Feier,svinības • svētki,Празник • Празник,SCRIPT_MISMATCH,
data,hr,A2,468,Feier,svinības • svētki,Празник • Празник,MARKER_LEAK,foreign_script
data,it,A2,468,Feier,svinības • svētki,Svinības • Svētki,SAME_AS_LV_CASEFOLD,casefold_only
data,it,A2,468,Feier,svinības • svētki,Svinības • Svētki,LV_DIACRITIC,
data,it,A2,468,Feier,svinības • svētki,Svinības • Svētki,MARKER_LEAK,lv_macron_consonant
data,lb,A2,468,Feier,svinības • svētki,Svinības • Svētki,SAME_AS_LV_CASEFOLD,casefold_only
data,lb,A2,468,Feier,svinības • svētki,Svinības • Svētki,LV_DIACRITIC,
data,lb,A2,468,Feier,svinības • svētki,Svinības • Svētki,MARKER_LEAK,lv_macron_consonant
data,nl,A2,468,Feier,svinības • svētki,Svinības • Svētki,SAME_AS_LV_CASEFOLD,casefold_only
data,nl,A2,468,Feier,svinības • svētki,Svinības • Svētki,LV_DIACRITIC,
data,nl,A2,468,Feier,svinības • svētki,Svinības • Svētki,MARKER_LEAK,lv_macron_consonant
data,pt,A2,468,Feier,svinības • svētki,Svinības • Svētki,SAME_AS_LV_CASEFOLD,casefold_only
data,pt,A2,468,Feier,svinības • svētki,Svinības • Svētki,LV_DIACRITIC,
data,pt,A2,468,Feier,svinības • svētki,Svinības • Svētki,MARKER_LEAK,lv_macron_consonant
data,sk,A2,468,Feier,svinības • svētki,Świętowanie • Świętowanie,MARKER_LEAK,pl_l_s_z+pl_lt_nasal
data,sl,A2,468,Feier,svinības • svētki,svinības • svētki,SAME_AS_LV_CASEFOLD,exact
data,sl,A2,468,Feier,svinības • svētki,svinības • svētki,LV_DIACRITIC,
data,sl,A2,468,Feier,svinības • svētki,svinības • svētki,MARKER_LEAK,lv_macron_consonant
data,bg,A2,468,Feier,svinības • svētki,Празник • Празник,FAMILY_COPY_STRICT,bg+hr+mk+sr
data,hr,A2,468,Feier,svinības • svētki,Празник • Празник,FAMILY_COPY_STRICT,bg+hr+mk+sr
data,mk,A2,468,Feier,svinības • svētki,Празник • Празник,FAMILY_COPY_STRICT,bg+hr+mk+sr
data,sr,A2,468,Feier,svinības • svētki,Празник • Празник,FAMILY_COPY_STRICT,bg+hr+mk+sr
data,da,A2,468,Feier,svinības • svētki,Celebration • Celebration,FAMILY_COPY_STRICT,da+en
data,en,A2,468,Feier,svinības • svētki,Celebration • Celebration,FAMILY_COPY_STRICT,da+en
data,fi,A2,468,Feier,svinības • svētki,Pidu • Pidustused,FAMILY_COPY_STRICT,fi+is+nb+nn+sv
data,is,A2,468,Feier,svinības • svētki,Pidu • Pidustused,FAMILY_COPY_STRICT,fi+is+nb+nn+sv
data,nb,A2,468,Feier,svinības • svētki,Pidu • Pidustused,FAMILY_COPY_STRICT,fi+is+nb+nn+sv
data,nn,A2,468,Feier,svinības • svētki,Pidu • Pidustused,FAMILY_COPY_STRICT,fi+is+nb+nn+sv
data,sv,A2,468,Feier,svinības • svētki,Pidu • Pidustused,FAMILY_COPY_STRICT,fi+is+nb+nn+sv
data,it,A2,468,Feier,svinības • svētki,Svinības • Svētki,FAMILY_COPY_STRICT,it+lb+nl+pt
data,lb,A2,468,Feier,svinības • svētki,Svinības • Svētki,FAMILY_COPY_STRICT,it+lb+nl+pt
data,nl,A2,468,Feier,svinības • svētki,Svinības • Svētki,FAMILY_COPY_STRICT,it+lb+nl+pt
data,pt,A2,468,Feier,svinības • svētki,Svinības • Svētki,FAMILY_COPY_STRICT,it+lb+nl+pt
data,pl,A2,468,Feier,svinības • svētki,Świętowanie • Świętowanie,FAMILY_COPY_STRICT,pl+sk
data,sk,A2,468,Feier,svinības • svētki,Świętowanie • Świętowanie,FAMILY_COPY_STRICT,pl+sk
data,sq,A2,468,Feier,svinības • svētki,Kutlama • Kutlama,FAMILY_COPY_STRICT,sq+tr
data,tr,A2,468,Feier,svinības • svētki,Kutlama • Kutlama,FAMILY_COPY_STRICT,sq+tr
data,fi,A2,469,Feierabend,darba laika beigas,Tööpäeva lõpp,MARKER_LEAK,et_otilde
data,hr,A2,469,Feierabend,darba laika beigas,Край на работното време,SCRIPT_MISMATCH,
data,hr,A2,469,Feierabend,darba laika beigas,Край на работното време,MARKER_LEAK,foreign_script
data,lb,A2,469,Feierabend,darba laika beigas,Darba laika beigas,SAME_AS_LV_CASEFOLD,casefold_only
data,nl,A2,469,Feierabend,darba laika beigas,Darba laika beigas,SAME_AS_LV_CASEFOLD,casefold_only
data,pt,A2,469,Feierabend,darba laika beigas,Darba laika beigas,SAME_AS_LV_CASEFOLD,casefold_only
data,sl,A2,469,Feierabend,darba laika beigas,darba laika beigas,SAME_AS_LV_CASEFOLD,exact
data,sv,A2,469,Feierabend,darba laika beigas,Tööpäeva lõpp,MARKER_LEAK,et_otilde
data,bg,A2,469,Feierabend,darba laika beigas,Край на работното време,FAMILY_COPY_STRICT,bg+hr+mk+sr
data,hr,A2,469,Feierabend,darba laika beigas,Край на работното време,FAMILY_COPY_STRICT,bg+hr+mk+sr
data,mk,A2,469,Feierabend,darba laika beigas,Край на работното време,FAMILY_COPY_STRICT,bg+hr+mk+sr
data,sr,A2,469,Feierabend,darba laika beigas,Край на работното време,FAMILY_COPY_STRICT,bg+hr+mk+sr
data,fi,A2,469,Feierabend,darba laika beigas,Tööpäeva lõpp,FAMILY_COPY_STRICT,fi+sv
data,sv,A2,469,Feierabend,darba laika beigas,Tööpäeva lõpp,FAMILY_COPY_STRICT,fi+sv
data,is,A2,469,Feierabend,darba laika beigas,Slutt på arbeidet,FAMILY_COPY_STRICT,is+nb+nn
data,nb,A2,469,Feierabend,darba laika beigas,Slutt på arbeidet,FAMILY_COPY_STRICT,is+nb+nn
data,nn,A2,469,Feierabend,darba laika beigas,Slutt på arbeidet,FAMILY_COPY_STRICT,is+nb+nn
data,lb,A2,469,Feierabend,darba laika beigas,Darba laika beigas,FAMILY_COPY_STRICT,lb+nl+pt
data,nl,A2,469,Feierabend,darba laika beigas,Darba laika beigas,FAMILY_COPY_STRICT,lb+nl+pt
data,pt,A2,469,Feierabend,darba laika beigas,Darba laika beigas,FAMILY_COPY_STRICT,lb+nl+pt
data,pl,A2,469,Feierabend,darba laika beigas,Koniec godzin pracy,FAMILY_COPY_STRICT,pl+sk+sq+tr
data,sk,A2,469,Feierabend,darba laika beigas,Koniec godzin pracy,FAMILY_COPY_STRICT,pl+sk+sq+tr
data,sq,A2,469,Feierabend,darba laika beigas,Koniec godzin pracy,FAMILY_COPY_STRICT,pl+sk+sq+tr
data,tr,A2,469,Feierabend,darba laika beigas,Koniec godzin pracy,FAMILY_COPY_STRICT,pl+sk+sq+tr
data,hr,A2,470,feiern,svinēt,Празнувайте,SCRIPT_MISMATCH,
data,hr,A2,470,feiern,svinēt,Празнувайте,MARKER_LEAK,foreign_script
data,sl,A2,470,feiern,svinēt,svinēt,SAME_AS_LV_CASEFOLD,exact
data,sl,A2,470,feiern,svinēt,svinēt,LV_DIACRITIC,
data,sl,A2,470,feiern,svinēt,svinēt,MARKER_LEAK,lv_macron_consonant
data,bg,A2,470,feiern,svinēt,Празнувайте,FAMILY_COPY_STRICT,bg+hr+mk+sr
data,hr,A2,470,feiern,svinēt,Празнувайте,FAMILY_COPY_STRICT,bg+hr+mk+sr
data,mk,A2,470,feiern,svinēt,Празнувайте,FAMILY_COPY_STRICT,bg+hr+mk+sr
data,sr,A2,470,feiern,svinēt,Празнувайте,FAMILY_COPY_STRICT,bg+hr+mk+sr
data,fi,A2,470,feiern,svinēt,Tähistama,FAMILY_COPY_STRICT,fi+sv
data,sv,A2,470,feiern,svinēt,Tähistama,FAMILY_COPY_STRICT,fi+sv
data,is,A2,470,feiern,svinēt,Tähistam,FAMILY_COPY_STRICT,is+nb+nn
data,nb,A2,470,feiern,svinēt,Tähistam,FAMILY_COPY_STRICT,is+nb+nn
data,nn,A2,470,feiern,svinēt,Tähistam,FAMILY_COPY_STRICT,is+nb+nn
data,lb,A2,470,feiern,svinēt,Vieren,FAMILY_COPY_STRICT,lb+nl
data,nl,A2,470,feiern,svinēt,Vieren,FAMILY_COPY_STRICT,lb+nl
data,sq,A2,470,feiern,svinēt,Kutlamak,FAMILY_COPY_STRICT,sq+tr
data,tr,A2,470,feiern,svinēt,Kutlamak,FAMILY_COPY_STRICT,sq+tr
data,hr,A2,471,Feiertag,svētku diena,Празник,SCRIPT_MISMATCH,
data,hr,A2,471,Feiertag,svētku diena,Празник,MARKER_LEAK,foreign_script
data,lb,A2,471,Feiertag,svētku diena,Svētku diena,SAME_AS_LV_CASEFOLD,casefold_only
data,lb,A2,471,Feiertag,svētku diena,Svētku diena,LV_DIACRITIC,
data,lb,A2,471,Feiertag,svētku diena,Svētku diena,MARKER_LEAK,lv_macron_consonant
data,nl,A2,471,Feiertag,svētku diena,Svētku diena,SAME_AS_LV_CASEFOLD,casefold_only
data,nl,A2,471,Feiertag,svētku diena,Svētku diena,LV_DIACRITIC,
data,nl,A2,471,Feiertag,svētku diena,Svētku diena,MARKER_LEAK,lv_macron_consonant
data,sl,A2,471,Feiertag,svētku diena,svētku diena,SAME_AS_LV_CASEFOLD,exact
data,sl,A2,471,Feiertag,svētku diena,svētku diena,LV_DIACRITIC,
data,sl,A2,471,Feiertag,svētku diena,svētku diena,MARKER_LEAK,lv_macron_consonant
data,bg,A2,471,Feiertag,svētku diena,Празник,FAMILY_COPY_STRICT,bg+hr+mk+sr
data,hr,A2,471,Feiertag,svētku diena,Празник,FAMILY_COPY_STRICT,bg+hr+mk+sr
data,mk,A2,471,Feiertag,svētku diena,Празник,FAMILY_COPY_STRICT,bg+hr+mk+sr
data,sr,A2,471,Feiertag,svētku diena,Празник,FAMILY_COPY_STRICT,bg+hr+mk+sr
data,fi,A2,471,Feiertag,svētku diena,Püha,FAMILY_COPY_STRICT,fi+sv
data,sv,A2,471,Feiertag,svētku diena,Püha,FAMILY_COPY_STRICT,fi+sv
data,is,A2,471,Feiertag,svētku diena,St,FAMILY_COPY_STRICT,is+nb+nn
data,nb,A2,471,Feiertag,svētku diena,St,FAMILY_COPY_STRICT,is+nb+nn
data,nn,A2,471,Feiertag,svētku diena,St,FAMILY_COPY_STRICT,is+nb+nn
data,it,A2,471,Feiertag,svētku diena,Svetku diena,FAMILY_COPY_STRICT,it+pt
data,pt,A2,471,Feiertag,svētku diena,Svetku diena,FAMILY_COPY_STRICT,it+pt
data,lb,A2,471,Feiertag,svētku diena,Svētku diena,FAMILY_COPY_STRICT,lb+nl
data,nl,A2,471,Feiertag,svētku diena,Svētku diena,FAMILY_COPY_STRICT,lb+nl
data,hr,A2,472,fein,smalks • izsmalcināts,Тенок • Рафинирано,SCRIPT_MISMATCH,
data,hr,A2,472,fein,smalks • izsmalcināts,Тенок • Рафинирано,MARKER_LEAK,foreign_script
data,it,A2,472,fein,smalks • izsmalcināts,Smalks • Izsmalcināts,SAME_AS_LV_CASEFOLD,casefold_only
data,it,A2,472,fein,smalks • izsmalcināts,Smalks • Izsmalcināts,LV_DIACRITIC,
data,it,A2,472,fein,smalks • izsmalcināts,Smalks • Izsmalcināts,MARKER_LEAK,lv_macron_consonant
data,lb,A2,472,fein,smalks • izsmalcināts,Smalks • Izsmalcināts,SAME_AS_LV_CASEFOLD,casefold_only
data,lb,A2,472,fein,smalks • izsmalcināts,Smalks • Izsmalcināts,LV_DIACRITIC,
data,lb,A2,472,fein,smalks • izsmalcināts,Smalks • Izsmalcināts,MARKER_LEAK,lv_macron_consonant
data,nl,A2,472,fein,smalks • izsmalcināts,Smalks • Izsmalcināts,SAME_AS_LV_CASEFOLD,casefold_only
data,nl,A2,472,fein,smalks • izsmalcināts,Smalks • Izsmalcināts,LV_DIACRITIC,
data,nl,A2,472,fein,smalks • izsmalcināts,Smalks • Izsmalcināts,MARKER_LEAK,lv_macron_consonant
data,pt,A2,472,fein,smalks • izsmalcināts,Smalks • Izsmalcināts,SAME_AS_LV_CASEFOLD,casefold_only
data,pt,A2,472,fein,smalks • izsmalcināts,Smalks • Izsmalcināts,LV_DIACRITIC,
data,pt,A2,472,fein,smalks • izsmalcināts,Smalks • Izsmalcināts,MARKER_LEAK,lv_macron_consonant
data,sl,A2,472,fein,smalks • izsmalcināts,smalks • izsmalcināts,SAME_AS_LV_CASEFOLD,exact
data,sl,A2,472,fein,smalks • izsmalcināts,smalks • izsmalcināts,LV_DIACRITIC,
data,sl,A2,472,fein,smalks • izsmalcināts,smalks • izsmalcināts,MARKER_LEAK,lv_macron_consonant
data,fi,A2,472,fein,smalks • izsmalcināts,Peen • Rafineeritud,FAMILY_COPY_STRICT,fi+sv
data,sv,A2,472,fein,smalks • izsmalcināts,Peen • Rafineeritud,FAMILY_COPY_STRICT,fi+sv
data,hr,A2,472,fein,smalks • izsmalcināts,Тенок • Рафинирано,FAMILY_COPY_STRICT,hr+mk+sr
data,mk,A2,472,fein,smalks • izsmalcināts,Тенок • Рафинирано,FAMILY_COPY_STRICT,hr+mk+sr
data,sr,A2,472,fein,smalks • izsmalcināts,Тенок • Рафинирано,FAMILY_COPY_STRICT,hr+mk+sr
data,is,A2,472,fein,smalks • izsmalcināts,Peen • Raffinert,FAMILY_COPY_STRICT,is+nb+nn
data,nb,A2,472,fein,smalks • izsmalcināts,Peen • Raffinert,FAMILY_COPY_STRICT,is+nb+nn
data,nn,A2,472,fein,smalks • izsmalcināts,Peen • Raffinert,FAMILY_COPY_STRICT,is+nb+nn
data,it,A2,472,fein,smalks • izsmalcināts,Smalks • Izsmalcināts,FAMILY_COPY_STRICT,it+lb+nl+pt
data,lb,A2,472,fein,smalks • izsmalcināts,Smalks • Izsmalcināts,FAMILY_COPY_STRICT,it+lb+nl+pt
data,nl,A2,472,fein,smalks • izsmalcināts,Smalks • Izsmalcināts,FAMILY_COPY_STRICT,it+lb+nl+pt
data,pt,A2,472,fein,smalks • izsmalcināts,Smalks • Izsmalcināts,FAMILY_COPY_STRICT,it+lb+nl+pt
data,pl,A2,472,fein,smalks • izsmalcināts,Delikatny • Wyrafinowany,FAMILY_COPY_STRICT,pl+sk
data,sk,A2,472,fein,smalks • izsmalcināts,Delikatny • Wyrafinowany,FAMILY_COPY_STRICT,pl+sk
data,sq,A2,472,fein,smalks • izsmalcināts,Narin • Sofistike,FAMILY_COPY_STRICT,sq+tr
data,tr,A2,472,fein,smalks • izsmalcināts,Narin • Sofistike,FAMILY_COPY_STRICT,sq+tr
data,hr,A2,473,Feind,ienaidnieks,Враг,SCRIPT_MISMATCH,
data,hr,A2,473,Feind,ienaidnieks,Враг,MARKER_LEAK,foreign_script
data,it,A2,473,Feind,ienaidnieks,Ienaidnieks,SAME_AS_LV_CASEFOLD,casefold_only
data,lb,A2,473,Feind,ienaidnieks,Ienaidnieks,SAME_AS_LV_CASEFOLD,casefold_only
data,nl,A2,473,Feind,ienaidnieks,Ienaidnieks,SAME_AS_LV_CASEFOLD,casefold_only
data,pt,A2,473,Feind,ienaidnieks,Ienaidnieks,SAME_AS_LV_CASEFOLD,casefold_only
data,sl,A2,473,Feind,ienaidnieks,ienaidnieks,SAME_AS_LV_CASEFOLD,exact
data,bg,A2,473,Feind,ienaidnieks,Враг,FAMILY_COPY_STRICT,bg+hr+mk+ru+sr
data,hr,A2,473,Feind,ienaidnieks,Враг,FAMILY_COPY_STRICT,bg+hr+mk+ru+sr
data,mk,A2,473,Feind,ienaidnieks,Враг,FAMILY_COPY_STRICT,bg+hr+mk+ru+sr
data,ru,A2,473,Feind,ienaidnieks,Враг,FAMILY_COPY_STRICT,bg+hr+mk+ru+sr
data,sr,A2,473,Feind,ienaidnieks,Враг,FAMILY_COPY_STRICT,bg+hr+mk+ru+sr
data,fi,A2,473,Feind,ienaidnieks,Vaenlane,FAMILY_COPY_STRICT,fi+is+nb+nn+sv
data,is,A2,473,Feind,ienaidnieks,Vaenlane,FAMILY_COPY_STRICT,fi+is+nb+nn+sv
data,nb,A2,473,Feind,ienaidnieks,Vaenlane,FAMILY_COPY_STRICT,fi+is+nb+nn+sv
data,nn,A2,473,Feind,ienaidnieks,Vaenlane,FAMILY_COPY_STRICT,fi+is+nb+nn+sv
data,sv,A2,473,Feind,ienaidnieks,Vaenlane,FAMILY_COPY_STRICT,fi+is+nb+nn+sv
data,it,A2,473,Feind,ienaidnieks,Ienaidnieks,FAMILY_COPY_STRICT,it+lb+nl+pt
data,lb,A2,473,Feind,ienaidnieks,Ienaidnieks,FAMILY_COPY_STRICT,it+lb+nl+pt
data,nl,A2,473,Feind,ienaidnieks,Ienaidnieks,FAMILY_COPY_STRICT,it+lb+nl+pt
data,pt,A2,473,Feind,ienaidnieks,Ienaidnieks,FAMILY_COPY_STRICT,it+lb+nl+pt
data,sq,A2,473,Feind,ienaidnieks,Düşman,FAMILY_COPY_STRICT,sq+tr
data,tr,A2,473,Feind,ienaidnieks,Düşman,FAMILY_COPY_STRICT,sq+tr
data,fi,A2,474,Feld,lauks,Põld,MARKER_LEAK,et_otilde
data,hr,A2,474,Feld,lauks,Поле,SCRIPT_MISMATCH,
data,hr,A2,474,Feld,lauks,Поле,MARKER_LEAK,foreign_script
data,is,A2,474,Feld,lauks,Põld,MARKER_LEAK,et_otilde
data,it,A2,474,Feld,lauks,Lauks,SAME_AS_LV_CASEFOLD,casefold_only
data,lb,A2,474,Feld,lauks,Lauks,SAME_AS_LV_CASEFOLD,casefold_only
data,nb,A2,474,Feld,lauks,Põld,MARKER_LEAK,et_otilde
data,nl,A2,474,Feld,lauks,Lauks,SAME_AS_LV_CASEFOLD,casefold_only
data,nn,A2,474,Feld,lauks,Põld,MARKER_LEAK,et_otilde
data,pt,A2,474,Feld,lauks,Lauks,SAME_AS_LV_CASEFOLD,casefold_only
data,sl,A2,474,Feld,lauks,lauks,SAME_AS_LV_CASEFOLD,exact
data,sv,A2,474,Feld,lauks,Põld,MARKER_LEAK,et_otilde
data,bg,A2,474,Feld,lauks,Поле,FAMILY_COPY_STRICT,bg+hr+mk+ru+sr
data,hr,A2,474,Feld,lauks,Поле,FAMILY_COPY_STRICT,bg+hr+mk+ru+sr
data,mk,A2,474,Feld,lauks,Поле,FAMILY_COPY_STRICT,bg+hr+mk+ru+sr
data,ru,A2,474,Feld,lauks,Поле,FAMILY_COPY_STRICT,bg+hr+mk+ru+sr
data,sr,A2,474,Feld,lauks,Поле,FAMILY_COPY_STRICT,bg+hr+mk+ru+sr
data,cs,A2,474,Feld,lauks,Pole,FAMILY_COPY_STRICT,cs+pl
data,pl,A2,474,Feld,lauks,Pole,FAMILY_COPY_STRICT,cs+pl
data,fi,A2,474,Feld,lauks,Põld,FAMILY_COPY_STRICT,fi+is+nb+nn+sv
data,is,A2,474,Feld,lauks,Põld,FAMILY_COPY_STRICT,fi+is+nb+nn+sv
data,nb,A2,474,Feld,lauks,Põld,FAMILY_COPY_STRICT,fi+is+nb+nn+sv
data,nn,A2,474,Feld,lauks,Põld,FAMILY_COPY_STRICT,fi+is+nb+nn+sv
data,sv,A2,474,Feld,lauks,Põld,FAMILY_COPY_STRICT,fi+is+nb+nn+sv
data,it,A2,474,Feld,lauks,Lauks,FAMILY_COPY_STRICT,it+lb+nl+pt
data,lb,A2,474,Feld,lauks,Lauks,FAMILY_COPY_STRICT,it+lb+nl+pt
data,nl,A2,474,Feld,lauks,Lauks,FAMILY_COPY_STRICT,it+lb+nl+pt
data,pt,A2,474,Feld,lauks,Lauks,FAMILY_COPY_STRICT,it+lb+nl+pt
data,sq,A2,474,Feld,lauks,Alan,FAMILY_COPY_STRICT,sq+tr
data,tr,A2,474,Feld,lauks,Alan,FAMILY_COPY_STRICT,sq+tr
data,hr,A2,475,Fell,kažoks • kažokāda,Палто • Кожа,SCRIPT_MISMATCH,
data,hr,A2,475,Fell,kažoks • kažokāda,Палто • Кожа,MARKER_LEAK,foreign_script
data,it,A2,475,Fell,kažoks • kažokāda,Kažoks • Kažokāda,SAME_AS_LV_CASEFOLD,casefold_only
data,it,A2,475,Fell,kažoks • kažokāda,Kažoks • Kažokāda,LV_DIACRITIC,
data,it,A2,475,Fell,kažoks • kažokāda,Kažoks • Kažokāda,MARKER_LEAK,lv_macron_consonant
data,lb,A2,475,Fell,kažoks • kažokāda,Kažoks • Kažokāda,SAME_AS_LV_CASEFOLD,casefold_only
data,lb,A2,475,Fell,kažoks • kažokāda,Kažoks • Kažokāda,LV_DIACRITIC,
data,lb,A2,475,Fell,kažoks • kažokāda,Kažoks • Kažokāda,MARKER_LEAK,lv_macron_consonant
data,nl,A2,475,Fell,kažoks • kažokāda,Kažoks • Kažokāda,SAME_AS_LV_CASEFOLD,casefold_only
data,nl,A2,475,Fell,kažoks • kažokāda,Kažoks • Kažokāda,LV_DIACRITIC,
data,nl,A2,475,Fell,kažoks • kažokāda,Kažoks • Kažokāda,MARKER_LEAK,lv_macron_consonant
data,sl,A2,475,Fell,kažoks • kažokāda,kažoks • kažokāda,SAME_AS_LV_CASEFOLD,exact
data,sl,A2,475,Fell,kažoks • kažokāda,kažoks • kažokāda,LV_DIACRITIC,
data,sl,A2,475,Fell,kažoks • kažokāda,kažoks • kažokāda,MARKER_LEAK,lv_macron_consonant
data,bg,A2,475,Fell,kažoks • kažokāda,Палто • Кожа,FAMILY_COPY_STRICT,bg+hr+mk+sr
data,hr,A2,475,Fell,kažoks • kažokāda,Палто • Кожа,FAMILY_COPY_STRICT,bg+hr+mk+sr
data,mk,A2,475,Fell,kažoks • kažokāda,Палто • Кожа,FAMILY_COPY_STRICT,bg+hr+mk+sr
data,sr,A2,475,Fell,kažoks • kažokāda,Палто • Кожа,FAMILY_COPY_STRICT,bg+hr+mk+sr
data,fi,A2,475,Fell,kažoks • kažokāda,Karvkate • Karusnahk,FAMILY_COPY_STRICT,fi+is+nb+nn+sv
data,is,A2,475,Fell,kažoks • kažokāda,Karvkate • Karusnahk,FAMILY_COPY_STRICT,fi+is+nb+nn+sv
data,nb,A2,475,Fell,kažoks • kažokāda,Karvkate • Karusnahk,FAMILY_COPY_STRICT,fi+is+nb+nn+sv
data,nn,A2,475,Fell,kažoks • kažokāda,Karvkate • Karusnahk,FAMILY_COPY_STRICT,fi+is+nb+nn+sv
data,sv,A2,475,Fell,kažoks • kažokāda,Karvkate • Karusnahk,FAMILY_COPY_STRICT,fi+is+nb+nn+sv
data,it,A2,475,Fell,kažoks • kažokāda,Kažoks • Kažokāda,FAMILY_COPY_STRICT,it+lb+nl
data,lb,A2,475,Fell,kažoks • kažokāda,Kažoks • Kažokāda,FAMILY_COPY_STRICT,it+lb+nl
data,nl,A2,475,Fell,kažoks • kažokāda,Kažoks • Kažokāda,FAMILY_COPY_STRICT,it+lb+nl
data,sq,A2,475,Fell,kažoks • kažokāda,Ceket • Kürk,FAMILY_COPY_STRICT,sq+tr
data,tr,A2,475,Fell,kažoks • kažokāda,Ceket • Kürk,FAMILY_COPY_STRICT,sq+tr
data,hr,A2,476,Fensterbrett,palodze,Прозорец,SCRIPT_MISMATCH,
data,hr,A2,476,Fensterbrett,palodze,Прозорец,MARKER_LEAK,foreign_script
data,lb,A2,476,Fensterbrett,palodze,Palodze,SAME_AS_LV_CASEFOLD,casefold_only
data,nl,A2,476,Fensterbrett,palodze,Palodze,SAME_AS_LV_CASEFOLD,casefold_only
data,pt,A2,476,Fensterbrett,palodze,Palodze,SAME_AS_LV_CASEFOLD,casefold_only
data,sl,A2,476,Fensterbrett,palodze,palodze,SAME_AS_LV_CASEFOLD,exact
data,sq,A2,476,Fensterbrett,palodze,Pencere pervazına,MARKER_LEAK,tr_soft
data,cs,A2,476,Fensterbrett,palodze,Parapet,FAMILY_COPY_STRICT,cs+pl+sk
data,pl,A2,476,Fensterbrett,palodze,Parapet,FAMILY_COPY_STRICT,cs+pl+sk
data,sk,A2,476,Fensterbrett,palodze,Parapet,FAMILY_COPY_STRICT,cs+pl+sk
data,fi,A2,476,Fensterbrett,palodze,Aknalaud,FAMILY_COPY_STRICT,fi+is+nb+nn+sv
data,is,A2,476,Fensterbrett,palodze,Aknalaud,FAMILY_COPY_STRICT,fi+is+nb+nn+sv
data,nb,A2,476,Fensterbrett,palodze,Aknalaud,FAMILY_COPY_STRICT,fi+is+nb+nn+sv
data,nn,A2,476,Fensterbrett,palodze,Aknalaud,FAMILY_COPY_STRICT,fi+is+nb+nn+sv
data,sv,A2,476,Fensterbrett,palodze,Aknalaud,FAMILY_COPY_STRICT,fi+is+nb+nn+sv
data,hr,A2,476,Fensterbrett,palodze,Прозорец,FAMILY_COPY_STRICT,hr+mk+sr
data,mk,A2,476,Fensterbrett,palodze,Прозорец,FAMILY_COPY_STRICT,hr+mk+sr
data,sr,A2,476,Fensterbrett,palodze,Прозорец,FAMILY_COPY_STRICT,hr+mk+sr
data,lb,A2,476,Fensterbrett,palodze,Palodze,FAMILY_COPY_STRICT,lb+nl+pt
data,nl,A2,476,Fensterbrett,palodze,Palodze,FAMILY_COPY_STRICT,lb+nl+pt
data,pt,A2,476,Fensterbrett,palodze,Palodze,FAMILY_COPY_STRICT,lb+nl+pt
data,sq,A2,476,Fensterbrett,palodze,Pencere pervazına,FAMILY_COPY_STRICT,sq+tr
data,tr,A2,476,Fensterbrett,palodze,Pencere pervazına,FAMILY_COPY_STRICT,sq+tr
data,hr,A2,477,Ferienhaus,brīvdienu māja,Куќа за одмор,SCRIPT_MISMATCH,
data,hr,A2,477,Ferienhaus,brīvdienu māja,Куќа за одмор,MARKER_LEAK,foreign_script
data,it,A2,477,Ferienhaus,brīvdienu māja,Brīvdienu maja,LV_DIACRITIC,
data,it,A2,477,Ferienhaus,brīvdienu māja,Brīvdienu maja,MARKER_LEAK,lv_macron_consonant
data,lb,A2,477,Ferienhaus,brīvdienu māja,Brīvdienu māja,SAME_AS_LV_CASEFOLD,casefold_only
data,lb,A2,477,Ferienhaus,brīvdienu māja,Brīvdienu māja,LV_DIACRITIC,
data,lb,A2,477,Ferienhaus,brīvdienu māja,Brīvdienu māja,MARKER_LEAK,lv_macron_consonant
data,nl,A2,477,Ferienhaus,brīvdienu māja,Brīvdienu māja,SAME_AS_LV_CASEFOLD,casefold_only
data,nl,A2,477,Ferienhaus,brīvdienu māja,Brīvdienu māja,LV_DIACRITIC,
data,nl,A2,477,Ferienhaus,brīvdienu māja,Brīvdienu māja,MARKER_LEAK,lv_macron_consonant
data,sl,A2,477,Ferienhaus,brīvdienu māja,brīvdienu māja,SAME_AS_LV_CASEFOLD,exact
data,sl,A2,477,Ferienhaus,brīvdienu māja,brīvdienu māja,LV_DIACRITIC,
data,sl,A2,477,Ferienhaus,brīvdienu māja,brīvdienu māja,MARKER_LEAK,lv_macron_consonant
data,fi,A2,477,Ferienhaus,brīvdienu māja,Puhkemaja,FAMILY_COPY_STRICT,fi+is+nb+nn+sv
data,is,A2,477,Ferienhaus,brīvdienu māja,Puhkemaja,FAMILY_COPY_STRICT,fi+is+nb+nn+sv
data,nb,A2,477,Ferienhaus,brīvdienu māja,Puhkemaja,FAMILY_COPY_STRICT,fi+is+nb+nn+sv
data,nn,A2,477,Ferienhaus,brīvdienu māja,Puhkemaja,FAMILY_COPY_STRICT,fi+is+nb+nn+sv
data,sv,A2,477,Ferienhaus,brīvdienu māja,Puhkemaja,FAMILY_COPY_STRICT,fi+is+nb+nn+sv
data,hr,A2,477,Ferienhaus,brīvdienu māja,Куќа за одмор,FAMILY_COPY_STRICT,hr+mk+sr
data,mk,A2,477,Ferienhaus,brīvdienu māja,Куќа за одмор,FAMILY_COPY_STRICT,hr+mk+sr
data,sr,A2,477,Ferienhaus,brīvdienu māja,Куќа за одмор,FAMILY_COPY_STRICT,hr+mk+sr
data,lb,A2,477,Ferienhaus,brīvdienu māja,Brīvdienu māja,FAMILY_COPY_STRICT,lb+nl
data,nl,A2,477,Ferienhaus,brīvdienu māja,Brīvdienu māja,FAMILY_COPY_STRICT,lb+nl
data,sq,A2,477,Ferienhaus,brīvdienu māja,Tatil evi,FAMILY_COPY_STRICT,sq+tr
data,tr,A2,477,Ferienhaus,brīvdienu māja,Tatil evi,FAMILY_COPY_STRICT,sq+tr
data,hr,A2,478,fern,tāls,Далеч,SCRIPT_MISMATCH,
data,hr,A2,478,fern,tāls,Далеч,MARKER_LEAK,foreign_script
data,nl,A2,478,fern,tāls,Tāls,SAME_AS_LV_CASEFOLD,casefold_only
data,nl,A2,478,fern,tāls,Tāls,LV_DIACRITIC,
data,nl,A2,478,fern,tāls,Tāls,MARKER_LEAK,lv_macron_consonant
data,sk,A2,478,fern,tāls,Odległy,MARKER_LEAK,pl_l_s_z
data,sl,A2,478,fern,tāls,tāls,SAME_AS_LV_CASEFOLD,exact
data,sl,A2,478,fern,tāls,tāls,LV_DIACRITIC,
data,sl,A2,478,fern,tāls,tāls,MARKER_LEAK,lv_macron_consonant
data,bg,A2,478,fern,tāls,Далеч,FAMILY_COPY_STRICT,bg+hr+mk+sr
data,hr,A2,478,fern,tāls,Далеч,FAMILY_COPY_STRICT,bg+hr+mk+sr
data,mk,A2,478,fern,tāls,Далеч,FAMILY_COPY_STRICT,bg+hr+mk+sr
data,sr,A2,478,fern,tāls,Далеч,FAMILY_COPY_STRICT,bg+hr+mk+sr
data,fi,A2,478,fern,tāls,Kauge,FAMILY_COPY_STRICT,fi+is+nb+nn+sv
data,is,A2,478,fern,tāls,Kauge,FAMILY_COPY_STRICT,fi+is+nb+nn+sv
data,nb,A2,478,fern,tāls,Kauge,FAMILY_COPY_STRICT,fi+is+nb+nn+sv
data,nn,A2,478,fern,tāls,Kauge,FAMILY_COPY_STRICT,fi+is+nb+nn+sv
data,sv,A2,478,fern,tāls,Kauge,FAMILY_COPY_STRICT,fi+is+nb+nn+sv
data,pl,A2,478,fern,tāls,Odległy,FAMILY_COPY_STRICT,pl+sk
data,sk,A2,478,fern,tāls,Odległy,FAMILY_COPY_STRICT,pl+sk
data,sq,A2,478,fern,tāls,Mesafe,FAMILY_COPY_STRICT,sq+tr
data,tr,A2,478,fern,tāls,Mesafe,FAMILY_COPY_STRICT,sq+tr
data,it,A2,479,fertig / bereit,gatavs,Gatavs,SAME_AS_LV_CASEFOLD,casefold_only
data,nl,A2,479,fertig / bereit,gatavs,Gatavs,SAME_AS_LV_CASEFOLD,casefold_only
data,pt,A2,479,fertig / bereit,gatavs,Gatavs,SAME_AS_LV_CASEFOLD,casefold_only
data,sl,A2,479,fertig / bereit,gatavs,gatavs,SAME_AS_LV_CASEFOLD,exact
data,sr,A2,479,fertig / bereit,gatavs,-Pripravljen.,SCRIPT_MISMATCH,sr_as_cyrillic
data,sr,A2,479,fertig / bereit,gatavs,-Pripravljen.,MARKER_LEAK,latin_in_cyrillic
data,fi,A2,479,fertig / bereit,gatavs,Valmis,FAMILY_COPY_STRICT,fi+sv
data,sv,A2,479,fertig / bereit,gatavs,Valmis,FAMILY_COPY_STRICT,fi+sv
data,hr,A2,479,fertig / bereit,gatavs,-Pripravljen.,FAMILY_COPY_STRICT,hr+sr
data,sr,A2,479,fertig / bereit,gatavs,-Pripravljen.,FAMILY_COPY_STRICT,hr+sr
data,is,A2,479,fertig / bereit,gatavs,Ferdig,FAMILY_COPY_STRICT,is+nb+nn
data,nb,A2,479,fertig / bereit,gatavs,Ferdig,FAMILY_COPY_STRICT,is+nb+nn
data,nn,A2,479,fertig / bereit,gatavs,Ferdig,FAMILY_COPY_STRICT,is+nb+nn
data,it,A2,479,fertig / bereit,gatavs,Gatavs,FAMILY_COPY_STRICT,it+nl+pt
data,nl,A2,479,fertig / bereit,gatavs,Gatavs,FAMILY_COPY_STRICT,it+nl+pt
data,pt,A2,479,fertig / bereit,gatavs,Gatavs,FAMILY_COPY_STRICT,it+nl+pt
data,hr,A2,480,Fertiggericht,gatavs ēdiens,Готова храна,SCRIPT_MISMATCH,
data,hr,A2,480,Fertiggericht,gatavs ēdiens,Готова храна,MARKER_LEAK,foreign_script
data,it,A2,480,Fertiggericht,gatavs ēdiens,Gatavs ēdiens,SAME_AS_LV_CASEFOLD,casefold_only
data,it,A2,480,Fertiggericht,gatavs ēdiens,Gatavs ēdiens,LV_DIACRITIC,
data,it,A2,480,Fertiggericht,gatavs ēdiens,Gatavs ēdiens,MARKER_LEAK,lv_macron_consonant
data,lb,A2,480,Fertiggericht,gatavs ēdiens,Gatavs ēdiens,SAME_AS_LV_CASEFOLD,casefold_only
data,lb,A2,480,Fertiggericht,gatavs ēdiens,Gatavs ēdiens,LV_DIACRITIC,
data,lb,A2,480,Fertiggericht,gatavs ēdiens,Gatavs ēdiens,MARKER_LEAK,lv_macron_consonant
data,nl,A2,480,Fertiggericht,gatavs ēdiens,Gatavs ēdiens,SAME_AS_LV_CASEFOLD,casefold_only
data,nl,A2,480,Fertiggericht,gatavs ēdiens,Gatavs ēdiens,LV_DIACRITIC,
data,nl,A2,480,Fertiggericht,gatavs ēdiens,Gatavs ēdiens,MARKER_LEAK,lv_macron_consonant
data,pt,A2,480,Fertiggericht,gatavs ēdiens,Gatavs ēdiens,SAME_AS_LV_CASEFOLD,casefold_only
data,pt,A2,480,Fertiggericht,gatavs ēdiens,Gatavs ēdiens,LV_DIACRITIC,
data,pt,A2,480,Fertiggericht,gatavs ēdiens,Gatavs ēdiens,MARKER_LEAK,lv_macron_consonant
data,sl,A2,480,Fertiggericht,gatavs ēdiens,gatavs ēdiens,SAME_AS_LV_CASEFOLD,exact
data,sl,A2,480,Fertiggericht,gatavs ēdiens,gatavs ēdiens,LV_DIACRITIC,
data,sl,A2,480,Fertiggericht,gatavs ēdiens,gatavs ēdiens,MARKER_LEAK,lv_macron_consonant
data,sq,A2,480,Fertiggericht,gatavs ēdiens,Hazır yemek,MARKER_LEAK,tr_soft
data,bg,A2,480,Fertiggericht,gatavs ēdiens,Готова храна,FAMILY_COPY_STRICT,bg+hr+mk+sr
data,hr,A2,480,Fertiggericht,gatavs ēdiens,Готова храна,FAMILY_COPY_STRICT,bg+hr+mk+sr
data,mk,A2,480,Fertiggericht,gatavs ēdiens,Готова храна,FAMILY_COPY_STRICT,bg+hr+mk+sr
data,sr,A2,480,Fertiggericht,gatavs ēdiens,Готова храна,FAMILY_COPY_STRICT,bg+hr+mk+sr
data,fi,A2,480,Fertiggericht,gatavs ēdiens,Valmistoit,FAMILY_COPY_STRICT,fi+sv
data,sv,A2,480,Fertiggericht,gatavs ēdiens,Valmistoit,FAMILY_COPY_STRICT,fi+sv
data,is,A2,480,Fertiggericht,gatavs ēdiens,Willistoit,FAMILY_COPY_STRICT,is+nb+nn
data,nb,A2,480,Fertiggericht,gatavs ēdiens,Willistoit,FAMILY_COPY_STRICT,is+nb+nn
data,nn,A2,480,Fertiggericht,gatavs ēdiens,Willistoit,FAMILY_COPY_STRICT,is+nb+nn
data,it,A2,480,Fertiggericht,gatavs ēdiens,Gatavs ēdiens,FAMILY_COPY_STRICT,it+lb+nl+pt
data,lb,A2,480,Fertiggericht,gatavs ēdiens,Gatavs ēdiens,FAMILY_COPY_STRICT,it+lb+nl+pt
data,nl,A2,480,Fertiggericht,gatavs ēdiens,Gatavs ēdiens,FAMILY_COPY_STRICT,it+lb+nl+pt
data,pt,A2,480,Fertiggericht,gatavs ēdiens,Gatavs ēdiens,FAMILY_COPY_STRICT,it+lb+nl+pt
data,pl,A2,480,Fertiggericht,gatavs ēdiens,Przygotowane jedzenie,FAMILY_COPY_STRICT,pl+sk
data,sk,A2,480,Fertiggericht,gatavs ēdiens,Przygotowane jedzenie,FAMILY_COPY_STRICT,pl+sk
data,sq,A2,480,Fertiggericht,gatavs ēdiens,Hazır yemek,FAMILY_COPY_STRICT,sq+tr
data,tr,A2,480,Fertiggericht,gatavs ēdiens,Hazır yemek,FAMILY_COPY_STRICT,sq+tr
data,fi,A2,481,fest,ciets,Kõva,MARKER_LEAK,et_otilde
data,hr,A2,481,fest,ciets,Трудно,SCRIPT_MISMATCH,
data,hr,A2,481,fest,ciets,Трудно,MARKER_LEAK,foreign_script
data,it,A2,481,fest,ciets,Ciets,SAME_AS_LV_CASEFOLD,casefold_only
data,lb,A2,481,fest,ciets,Ciets,SAME_AS_LV_CASEFOLD,casefold_only
data,nl,A2,481,fest,ciets,Ciets,SAME_AS_LV_CASEFOLD,casefold_only
data,sl,A2,481,fest,ciets,ciets,SAME_AS_LV_CASEFOLD,exact
data,sv,A2,481,fest,ciets,Kõva,MARKER_LEAK,et_otilde
data,bg,A2,481,fest,ciets,Трудно,FAMILY_COPY_STRICT,bg+hr+mk+sr
data,hr,A2,481,fest,ciets,Трудно,FAMILY_COPY_STRICT,bg+hr+mk+sr
data,mk,A2,481,fest,ciets,Трудно,FAMILY_COPY_STRICT,bg+hr+mk+sr
data,sr,A2,481,fest,ciets,Трудно,FAMILY_COPY_STRICT,bg+hr+mk+sr
data,fi,A2,481,fest,ciets,Kõva,FAMILY_COPY_STRICT,fi+sv
data,sv,A2,481,fest,ciets,Kõva,FAMILY_COPY_STRICT,fi+sv
data,is,A2,481,fest,ciets,Kova,FAMILY_COPY_STRICT,is+nb+nn
data,nb,A2,481,fest,ciets,Kova,FAMILY_COPY_STRICT,is+nb+nn
data,nn,A2,481,fest,ciets,Kova,FAMILY_COPY_STRICT,is+nb+nn
data,it,A2,481,fest,ciets,Ciets,FAMILY_COPY_STRICT,it+lb+nl
data,lb,A2,481,fest,ciets,Ciets,FAMILY_COPY_STRICT,it+lb+nl
data,nl,A2,481,fest,ciets,Ciets,FAMILY_COPY_STRICT,it+lb+nl
data,sq,A2,481,fest,ciets,Zor,FAMILY_COPY_STRICT,sq+tr
data,tr,A2,481,fest,ciets,Zor,FAMILY_COPY_STRICT,sq+tr
data,fi,A2,482,Festplatte,cietais disks,Kõvaketas,MARKER_LEAK,et_otilde
data,hr,A2,482,Festplatte,cietais disks,Твърд диск,SCRIPT_MISMATCH,
data,hr,A2,482,Festplatte,cietais disks,Твърд диск,MARKER_LEAK,foreign_script
data,is,A2,482,Festplatte,cietais disks,Kõwaketas,MARKER_LEAK,et_otilde
data,lb,A2,482,Festplatte,cietais disks,Cietais disks,SAME_AS_LV_CASEFOLD,casefold_only
data,nb,A2,482,Festplatte,cietais disks,Kõwaketas,MARKER_LEAK,et_otilde
data,nl,A2,482,Festplatte,cietais disks,Cietais disks,SAME_AS_LV_CASEFOLD,casefold_only
data,nn,A2,482,Festplatte,cietais disks,Kõwaketas,MARKER_LEAK,et_otilde
data,sl,A2,482,Festplatte,cietais disks,cietais disks,SAME_AS_LV_CASEFOLD,exact
data,sv,A2,482,Festplatte,cietais disks,Kõvaketas,MARKER_LEAK,et_otilde
data,bg,A2,482,Festplatte,cietais disks,Твърд диск,FAMILY_COPY_STRICT,bg+hr+mk+sr
data,hr,A2,482,Festplatte,cietais disks,Твърд диск,FAMILY_COPY_STRICT,bg+hr+mk+sr
data,mk,A2,482,Festplatte,cietais disks,Твърд диск,FAMILY_COPY_STRICT,bg+hr+mk+sr
data,sr,A2,482,Festplatte,cietais disks,Твърд диск,FAMILY_COPY_STRICT,bg+hr+mk+sr
data,en,A2,482,Festplatte,cietais disks,Hard disk,FAMILY_COPY_STRICT,en+ro
data,ro,A2,482,Festplatte,cietais disks,Hard disk,FAMILY_COPY_STRICT,en+ro
data,fi,A2,482,Festplatte,cietais disks,Kõvaketas,FAMILY_COPY_STRICT,fi+sv
data,sv,A2,482,Festplatte,cietais disks,Kõvaketas,FAMILY_COPY_STRICT,fi+sv
data,is,A2,482,Festplatte,cietais disks,Kõwaketas,FAMILY_COPY_STRICT,is+nb+nn
data,nb,A2,482,Festplatte,cietais disks,Kõwaketas,FAMILY_COPY_STRICT,is+nb+nn
data,nn,A2,482,Festplatte,cietais disks,Kõwaketas,FAMILY_COPY_STRICT,is+nb+nn
data,lb,A2,482,Festplatte,cietais disks,Cietais disks,FAMILY_COPY_STRICT,lb+nl
data,nl,A2,482,Festplatte,cietais disks,Cietais disks,FAMILY_COPY_STRICT,lb+nl
data,pl,A2,482,Festplatte,cietais disks,Dysk twardy,FAMILY_COPY_STRICT,pl+sk
data,sk,A2,482,Festplatte,cietais disks,Dysk twardy,FAMILY_COPY_STRICT,pl+sk
data,it,A2,483,Fett,tauki,Tauki,SAME_AS_LV_CASEFOLD,casefold_only
data,lb,A2,483,Fett,tauki,Tauki,SAME_AS_LV_CASEFOLD,casefold_only
data,nl,A2,483,Fett,tauki,Tauki,SAME_AS_LV_CASEFOLD,casefold_only
data,pt,A2,483,Fett,tauki,Tauki,SAME_AS_LV_CASEFOLD,casefold_only
data,sl,A2,483,Fett,tauki,tauki,SAME_AS_LV_CASEFOLD,exact
data,sr,A2,483,Fett,tauki,Gusta,SCRIPT_MISMATCH,sr_as_cyrillic
data,sr,A2,483,Fett,tauki,Gusta,MARKER_LEAK,latin_in_cyrillic
data,cs,A2,483,Fett,tauki,Tuk,FAMILY_COPY_STRICT,cs+sk
data,sk,A2,483,Fett,tauki,Tuk,FAMILY_COPY_STRICT,cs+sk
data,fi,A2,483,Fett,tauki,Rasv,FAMILY_COPY_STRICT,fi+is+nb+nn+sv
data,is,A2,483,Fett,tauki,Rasv,FAMILY_COPY_STRICT,fi+is+nb+nn+sv
data,nb,A2,483,Fett,tauki,Rasv,FAMILY_COPY_STRICT,fi+is+nb+nn+sv
data,nn,A2,483,Fett,tauki,Rasv,FAMILY_COPY_STRICT,fi+is+nb+nn+sv
data,sv,A2,483,Fett,tauki,Rasv,FAMILY_COPY_STRICT,fi+is+nb+nn+sv
data,hr,A2,483,Fett,tauki,Gusta,FAMILY_COPY_STRICT,hr+sr
data,sr,A2,483,Fett,tauki,Gusta,FAMILY_COPY_STRICT,hr+sr
data,it,A2,483,Fett,tauki,Tauki,FAMILY_COPY_STRICT,it+lb+nl+pt
data,lb,A2,483,Fett,tauki,Tauki,FAMILY_COPY_STRICT,it+lb+nl+pt
data,nl,A2,483,Fett,tauki,Tauki,FAMILY_COPY_STRICT,it+lb+nl+pt
data,pt,A2,483,Fett,tauki,Tauki,FAMILY_COPY_STRICT,it+lb+nl+pt
data,hr,A2,484,Feuer,uguns • ugunsgrēks,Огън • Огън,SCRIPT_MISMATCH,
data,hr,A2,484,Feuer,uguns • ugunsgrēks,Огън • Огън,MARKER_LEAK,foreign_script
data,lb,A2,484,Feuer,uguns • ugunsgrēks,Uguns • Ugunsgrēks,SAME_AS_LV_CASEFOLD,casefold_only
data,lb,A2,484,Feuer,uguns • ugunsgrēks,Uguns • Ugunsgrēks,LV_DIACRITIC,
data,lb,A2,484,Feuer,uguns • ugunsgrēks,Uguns • Ugunsgrēks,MARKER_LEAK,lv_macron_consonant
data,nl,A2,484,Feuer,uguns • ugunsgrēks,Uguns • Ugunsgrēks,SAME_AS_LV_CASEFOLD,casefold_only
data,nl,A2,484,Feuer,uguns • ugunsgrēks,Uguns • Ugunsgrēks,LV_DIACRITIC,
data,nl,A2,484,Feuer,uguns • ugunsgrēks,Uguns • Ugunsgrēks,MARKER_LEAK,lv_macron_consonant
data,sl,A2,484,Feuer,uguns • ugunsgrēks,uguns • ugunsgrēks,SAME_AS_LV_CASEFOLD,exact
data,sl,A2,484,Feuer,uguns • ugunsgrēks,uguns • ugunsgrēks,LV_DIACRITIC,
data,sl,A2,484,Feuer,uguns • ugunsgrēks,uguns • ugunsgrēks,MARKER_LEAK,lv_macron_consonant
data,bg,A2,484,Feuer,uguns • ugunsgrēks,Огън • Огън,FAMILY_COPY_STRICT,bg+hr+mk+sr
data,hr,A2,484,Feuer,uguns • ugunsgrēks,Огън • Огън,FAMILY_COPY_STRICT,bg+hr+mk+sr
data,mk,A2,484,Feuer,uguns • ugunsgrēks,Огън • Огън,FAMILY_COPY_STRICT,bg+hr+mk+sr
data,sr,A2,484,Feuer,uguns • ugunsgrēks,Огън • Огън,FAMILY_COPY_STRICT,bg+hr+mk+sr
data,fi,A2,484,Feuer,uguns • ugunsgrēks,Tuli • Tulekahju,FAMILY_COPY_STRICT,fi+is+nb+nn+sv
data,is,A2,484,Feuer,uguns • ugunsgrēks,Tuli • Tulekahju,FAMILY_COPY_STRICT,fi+is+nb+nn+sv
data,nb,A2,484,Feuer,uguns • ugunsgrēks,Tuli • Tulekahju,FAMILY_COPY_STRICT,fi+is+nb+nn+sv
data,nn,A2,484,Feuer,uguns • ugunsgrēks,Tuli • Tulekahju,FAMILY_COPY_STRICT,fi+is+nb+nn+sv
data,sv,A2,484,Feuer,uguns • ugunsgrēks,Tuli • Tulekahju,FAMILY_COPY_STRICT,fi+is+nb+nn+sv
data,lb,A2,484,Feuer,uguns • ugunsgrēks,Uguns • Ugunsgrēks,FAMILY_COPY_STRICT,lb+nl
data,nl,A2,484,Feuer,uguns • ugunsgrēks,Uguns • Ugunsgrēks,FAMILY_COPY_STRICT,lb+nl
data,sq,A2,484,Feuer,uguns • ugunsgrēks,Ateş • Ateş,FAMILY_COPY_STRICT,sq+tr
data,tr,A2,484,Feuer,uguns • ugunsgrēks,Ateş • Ateş,FAMILY_COPY_STRICT,sq+tr
data,hr,A2,485,Feuerlöscher,ugunsdzēšamais aparāts,Пожарогасител,SCRIPT_MISMATCH,
data,hr,A2,485,Feuerlöscher,ugunsdzēšamais aparāts,Пожарогасител,MARKER_LEAK,foreign_script
data,it,A2,485,Feuerlöscher,ugunsdzēšamais aparāts,Appartements à Ugunsdzēšamais,LV_DIACRITIC,
data,it,A2,485,Feuerlöscher,ugunsdzēšamais aparāts,Appartements à Ugunsdzēšamais,MARKER_LEAK,lv_macron_consonant
data,lb,A2,485,Feuerlöscher,ugunsdzēšamais aparāts,Ugunsdzēšamais aparāts,SAME_AS_LV_CASEFOLD,casefold_only
data,lb,A2,485,Feuerlöscher,ugunsdzēšamais aparāts,Ugunsdzēšamais aparāts,LV_DIACRITIC,
data,lb,A2,485,Feuerlöscher,ugunsdzēšamais aparāts,Ugunsdzēšamais aparāts,MARKER_LEAK,lv_macron_consonant
data,nl,A2,485,Feuerlöscher,ugunsdzēšamais aparāts,Ugunsdzēšamais aparāts,SAME_AS_LV_CASEFOLD,casefold_only
data,nl,A2,485,Feuerlöscher,ugunsdzēšamais aparāts,Ugunsdzēšamais aparāts,LV_DIACRITIC,
data,nl,A2,485,Feuerlöscher,ugunsdzēšamais aparāts,Ugunsdzēšamais aparāts,MARKER_LEAK,lv_macron_consonant
data,pt,A2,485,Feuerlöscher,ugunsdzēšamais aparāts,Apartamentos em Ugunsdzešamais,LV_DIACRITIC,
data,sl,A2,485,Feuerlöscher,ugunsdzēšamais aparāts,ugunsdzēšamais aparāts,SAME_AS_LV_CASEFOLD,exact
data,sl,A2,485,Feuerlöscher,ugunsdzēšamais aparāts,ugunsdzēšamais aparāts,LV_DIACRITIC,
data,sl,A2,485,Feuerlöscher,ugunsdzēšamais aparāts,ugunsdzēšamais aparāts,MARKER_LEAK,lv_macron_consonant
data,sq,A2,485,Feuerlöscher,ugunsdzēšamais aparāts,Gaśnica,MARKER_LEAK,pl_l_s_z
data,tr,A2,485,Feuerlöscher,ugunsdzēšamais aparāts,Gaśnica,MARKER_LEAK,pl_l_s_z
data,bg,A2,485,Feuerlöscher,ugunsdzēšamais aparāts,Пожарогасител,FAMILY_COPY_STRICT,bg+hr+mk+sr
data,hr,A2,485,Feuerlöscher,ugunsdzēšamais aparāts,Пожарогасител,FAMILY_COPY_STRICT,bg+hr+mk+sr
data,mk,A2,485,Feuerlöscher,ugunsdzēšamais aparāts,Пожарогасител,FAMILY_COPY_STRICT,bg+hr+mk+sr
data,sr,A2,485,Feuerlöscher,ugunsdzēšamais aparāts,Пожарогасител,FAMILY_COPY_STRICT,bg+hr+mk+sr
data,fi,A2,485,Feuerlöscher,ugunsdzēšamais aparāts,Tulekustuti,FAMILY_COPY_STRICT,fi+is+nb+nn+sv
data,is,A2,485,Feuerlöscher,ugunsdzēšamais aparāts,Tulekustuti,FAMILY_COPY_STRICT,fi+is+nb+nn+sv
data,nb,A2,485,Feuerlöscher,ugunsdzēšamais aparāts,Tulekustuti,FAMILY_COPY_STRICT,fi+is+nb+nn+sv
data,nn,A2,485,Feuerlöscher,ugunsdzēšamais aparāts,Tulekustuti,FAMILY_COPY_STRICT,fi+is+nb+nn+sv
data,sv,A2,485,Feuerlöscher,ugunsdzēšamais aparāts,Tulekustuti,FAMILY_COPY_STRICT,fi+is+nb+nn+sv
data,lb,A2,485,Feuerlöscher,ugunsdzēšamais aparāts,Ugunsdzēšamais aparāts,FAMILY_COPY_STRICT,lb+nl
data,nl,A2,485,Feuerlöscher,ugunsdzēšamais aparāts,Ugunsdzēšamais aparāts,FAMILY_COPY_STRICT,lb+nl
data,pl,A2,485,Feuerlöscher,ugunsdzēšamais aparāts,Gaśnica,FAMILY_COPY_STRICT,pl+sq+tr
data,sq,A2,485,Feuerlöscher,ugunsdzēšamais aparāts,Gaśnica,FAMILY_COPY_STRICT,pl+sq+tr
data,tr,A2,485,Feuerlöscher,ugunsdzēšamais aparāts,Gaśnica,FAMILY_COPY_STRICT,pl+sq+tr
data,hr,A2,486,Feuerzeug,šķiltavas,Полесно,SCRIPT_MISMATCH,
data,hr,A2,486,Feuerzeug,šķiltavas,Полесно,MARKER_LEAK,foreign_script
data,nl,A2,486,Feuerzeug,šķiltavas,Šķiltavas,SAME_AS_LV_CASEFOLD,casefold_only
data,nl,A2,486,Feuerzeug,šķiltavas,Šķiltavas,LV_DIACRITIC,
data,nl,A2,486,Feuerzeug,šķiltavas,Šķiltavas,MARKER_LEAK,lv_macron_consonant
data,sl,A2,486,Feuerzeug,šķiltavas,šķiltavas,SAME_AS_LV_CASEFOLD,exact
data,sl,A2,486,Feuerzeug,šķiltavas,šķiltavas,LV_DIACRITIC,
data,sl,A2,486,Feuerzeug,šķiltavas,šķiltavas,MARKER_LEAK,lv_macron_consonant
data,fi,A2,486,Feuerzeug,šķiltavas,Tulemasin,FAMILY_COPY_STRICT,fi+is+nb+nn+sv
data,is,A2,486,Feuerzeug,šķiltavas,Tulemasin,FAMILY_COPY_STRICT,fi+is+nb+nn+sv
data,nb,A2,486,Feuerzeug,šķiltavas,Tulemasin,FAMILY_COPY_STRICT,fi+is+nb+nn+sv
data,nn,A2,486,Feuerzeug,šķiltavas,Tulemasin,FAMILY_COPY_STRICT,fi+is+nb+nn+sv
data,sv,A2,486,Feuerzeug,šķiltavas,Tulemasin,FAMILY_COPY_STRICT,fi+is+nb+nn+sv
data,hr,A2,486,Feuerzeug,šķiltavas,Полесно,FAMILY_COPY_STRICT,hr+mk+sr
data,mk,A2,486,Feuerzeug,šķiltavas,Полесно,FAMILY_COPY_STRICT,hr+mk+sr
data,sr,A2,486,Feuerzeug,šķiltavas,Полесно,FAMILY_COPY_STRICT,hr+mk+sr
data,it,A2,486,Feuerzeug,šķiltavas,Shiltavas,FAMILY_COPY_STRICT,it+pt
data,pt,A2,486,Feuerzeug,šķiltavas,Shiltavas,FAMILY_COPY_STRICT,it+pt
data,sq,A2,486,Feuerzeug,šķiltavas,Çakmak,FAMILY_COPY_STRICT,sq+tr
data,tr,A2,486,Feuerzeug,šķiltavas,Çakmak,FAMILY_COPY_STRICT,sq+tr
data,hr,A2,487,Fichte,egle,Смрека,SCRIPT_MISMATCH,
data,hr,A2,487,Fichte,egle,Смрека,MARKER_LEAK,foreign_script
data,sl,A2,487,Fichte,egle,egle,SAME_AS_LV_CASEFOLD,exact
data,fi,A2,487,Fichte,egle,Kuusk,FAMILY_COPY_STRICT,fi+is+nb+nn+sv
data,is,A2,487,Fichte,egle,Kuusk,FAMILY_COPY_STRICT,fi+is+nb+nn+sv
data,nb,A2,487,Fichte,egle,Kuusk,FAMILY_COPY_STRICT,fi+is+nb+nn+sv
data,nn,A2,487,Fichte,egle,Kuusk,FAMILY_COPY_STRICT,fi+is+nb+nn+sv
data,sv,A2,487,Fichte,egle,Kuusk,FAMILY_COPY_STRICT,fi+is+nb+nn+sv
data,hr,A2,487,Fichte,egle,Смрека,FAMILY_COPY_STRICT,hr+mk+sr
data,mk,A2,487,Fichte,egle,Смрека,FAMILY_COPY_STRICT,hr+mk+sr
data,sr,A2,487,Fichte,egle,Смрека,FAMILY_COPY_STRICT,hr+mk+sr
data,lb,A2,487,Fichte,egle,Dennenboom,FAMILY_COPY_STRICT,lb+nl
data,nl,A2,487,Fichte,egle,Dennenboom,FAMILY_COPY_STRICT,lb+nl
data,sq,A2,487,Fichte,egle,Köknar,FAMILY_COPY_STRICT,sq+tr
data,tr,A2,487,Fichte,egle,Köknar,FAMILY_COPY_STRICT,sq+tr
data,hr,A2,488,Fieber,drudzis,Висока температура,SCRIPT_MISMATCH,
data,hr,A2,488,Fieber,drudzis,Висока температура,MARKER_LEAK,foreign_script
data,it,A2,488,Fieber,drudzis,Drudzis,SAME_AS_LV_CASEFOLD,casefold_only
data,lb,A2,488,Fieber,drudzis,Drudzis,SAME_AS_LV_CASEFOLD,casefold_only
data,nl,A2,488,Fieber,drudzis,Drudzis,SAME_AS_LV_CASEFOLD,casefold_only
data,pt,A2,488,Fieber,drudzis,Drudzis,SAME_AS_LV_CASEFOLD,casefold_only
data,sl,A2,488,Fieber,drudzis,drudzis,SAME_AS_LV_CASEFOLD,exact
data,bg,A2,488,Fieber,drudzis,Висока температура,FAMILY_COPY_STRICT,bg+hr+mk+sr
data,hr,A2,488,Fieber,drudzis,Висока температура,FAMILY_COPY_STRICT,bg+hr+mk+sr
data,mk,A2,488,Fieber,drudzis,Висока температура,FAMILY_COPY_STRICT,bg+hr+mk+sr
data,sr,A2,488,Fieber,drudzis,Висока температура,FAMILY_COPY_STRICT,bg+hr+mk+sr
data,fi,A2,488,Fieber,drudzis,Palavik,FAMILY_COPY_STRICT,fi+is+nb+nn+sv
data,is,A2,488,Fieber,drudzis,Palavik,FAMILY_COPY_STRICT,fi+is+nb+nn+sv
data,nb,A2,488,Fieber,drudzis,Palavik,FAMILY_COPY_STRICT,fi+is+nb+nn+sv
data,nn,A2,488,Fieber,drudzis,Palavik,FAMILY_COPY_STRICT,fi+is+nb+nn+sv
data,sv,A2,488,Fieber,drudzis,Palavik,FAMILY_COPY_STRICT,fi+is+nb+nn+sv
data,it,A2,488,Fieber,drudzis,Drudzis,FAMILY_COPY_STRICT,it+lb+nl+pt
data,lb,A2,488,Fieber,drudzis,Drudzis,FAMILY_COPY_STRICT,it+lb+nl+pt
data,nl,A2,488,Fieber,drudzis,Drudzis,FAMILY_COPY_STRICT,it+lb+nl+pt
data,pt,A2,488,Fieber,drudzis,Drudzis,FAMILY_COPY_STRICT,it+lb+nl+pt
data,sq,A2,488,Fieber,drudzis,Ateş,FAMILY_COPY_STRICT,sq+tr
data,tr,A2,488,Fieber,drudzis,Ateş,FAMILY_COPY_STRICT,sq+tr
data,hr,A2,489,Figur,figūra • augums,Фигура • Височина,SCRIPT_MISMATCH,
data,hr,A2,489,Figur,figūra • augums,Фигура • Височина,MARKER_LEAK,foreign_script
data,it,A2,489,Figur,figūra • augums,Figūra • Augums,SAME_AS_LV_CASEFOLD,casefold_only
data,it,A2,489,Figur,figūra • augums,Figūra • Augums,LV_DIACRITIC,
data,it,A2,489,Figur,figūra • augums,Figūra • Augums,MARKER_LEAK,lv_u_macron
data,lb,A2,489,Figur,figūra • augums,Figūra • Augums,SAME_AS_LV_CASEFOLD,casefold_only
data,lb,A2,489,Figur,figūra • augums,Figūra • Augums,LV_DIACRITIC,
data,lb,A2,489,Figur,figūra • augums,Figūra • Augums,MARKER_LEAK,lv_u_macron
data,nl,A2,489,Figur,figūra • augums,Figūra • Augums,SAME_AS_LV_CASEFOLD,casefold_only
data,nl,A2,489,Figur,figūra • augums,Figūra • Augums,LV_DIACRITIC,
data,nl,A2,489,Figur,figūra • augums,Figūra • Augums,MARKER_LEAK,lv_u_macron
data,sl,A2,489,Figur,figūra • augums,figūra • augums,SAME_AS_LV_CASEFOLD,exact
data,sl,A2,489,Figur,figūra • augums,figūra • augums,LV_DIACRITIC,
data,sl,A2,489,Figur,figūra • augums,figūra • augums,MARKER_LEAK,lv_u_macron
data,bg,A2,489,Figur,figūra • augums,Фигура • Височина,FAMILY_COPY_STRICT,bg+hr+mk+sr
data,hr,A2,489,Figur,figūra • augums,Фигура • Височина,FAMILY_COPY_STRICT,bg+hr+mk+sr
data,mk,A2,489,Figur,figūra • augums,Фигура • Височина,FAMILY_COPY_STRICT,bg+hr+mk+sr
data,sr,A2,489,Figur,figūra • augums,Фигура • Височина,FAMILY_COPY_STRICT,bg+hr+mk+sr
data,bs,A2,489,Figur,figūra • augums,figura,FAMILY_COPY_STRICT,bs+es
data,es,A2,489,Figur,figūra • augums,figura,FAMILY_COPY_STRICT,bs+es
data,fi,A2,489,Figur,figūra • augums,Figuur • Kehakuju,FAMILY_COPY_STRICT,fi+sv
data,sv,A2,489,Figur,figūra • augums,Figuur • Kehakuju,FAMILY_COPY_STRICT,fi+sv
data,is,A2,489,Figur,figūra • augums,Figur • Kehakuju,FAMILY_COPY_STRICT,is+nb+nn
data,nb,A2,489,Figur,figūra • augums,Figur • Kehakuju,FAMILY_COPY_STRICT,is+nb+nn
data,nn,A2,489,Figur,figūra • augums,Figur • Kehakuju,FAMILY_COPY_STRICT,is+nb+nn
data,it,A2,489,Figur,figūra • augums,Figūra • Augums,FAMILY_COPY_STRICT,it+lb+nl
data,lb,A2,489,Figur,figūra • augums,Figūra • Augums,FAMILY_COPY_STRICT,it+lb+nl
data,nl,A2,489,Figur,figūra • augums,Figūra • Augums,FAMILY_COPY_STRICT,it+lb+nl
data,sq,A2,489,Figur,figūra • augums,Şekil • Yükseklik,FAMILY_COPY_STRICT,sq+tr
data,tr,A2,489,Figur,figūra • augums,Şekil • Yükseklik,FAMILY_COPY_STRICT,sq+tr
data,hr,A2,490,Filet,fileja,Филе,SCRIPT_MISMATCH,
data,hr,A2,490,Filet,fileja,Филе,MARKER_LEAK,foreign_script
data,it,A2,490,Filet,fileja,Fileja,SAME_AS_LV_CASEFOLD,casefold_only
data,lb,A2,490,Filet,fileja,Fileja,SAME_AS_LV_CASEFOLD,casefold_only
data,nl,A2,490,Filet,fileja,Fileja,SAME_AS_LV_CASEFOLD,casefold_only
data,sl,A2,490,Filet,fileja,fileja,SAME_AS_LV_CASEFOLD,exact
data,bg,A2,490,Filet,fileja,Филе,FAMILY_COPY_STRICT,bg+hr+mk+ru+sr
data,hr,A2,490,Filet,fileja,Филе,FAMILY_COPY_STRICT,bg+hr+mk+ru+sr
data,mk,A2,490,Filet,fileja,Филе,FAMILY_COPY_STRICT,bg+hr+mk+ru+sr
data,ru,A2,490,Filet,fileja,Филе,FAMILY_COPY_STRICT,bg+hr+mk+ru+sr
data,sr,A2,490,Filet,fileja,Филе,FAMILY_COPY_STRICT,bg+hr+mk+ru+sr
data,cs,A2,490,Filet,fileja,Filé,FAMILY_COPY_STRICT,cs+hu+sk
data,hu,A2,490,Filet,fileja,Filé,FAMILY_COPY_STRICT,cs+hu+sk
data,sk,A2,490,Filet,fileja,Filé,FAMILY_COPY_STRICT,cs+hu+sk
data,fi,A2,490,Filet,fileja,Filee,FAMILY_COPY_STRICT,fi+sv
data,sv,A2,490,Filet,fileja,Filee,FAMILY_COPY_STRICT,fi+sv
data,it,A2,490,Filet,fileja,Fileja,FAMILY_COPY_STRICT,it+lb+nl
data,lb,A2,490,Filet,fileja,Fileja,FAMILY_COPY_STRICT,it+lb+nl
data,nl,A2,490,Filet,fileja,Fileja,FAMILY_COPY_STRICT,it+lb+nl
data,hr,A2,491,filmen,filmēt,Излитане,SCRIPT_MISMATCH,
data,hr,A2,491,filmen,filmēt,Излитане,MARKER_LEAK,foreign_script
data,lb,A2,491,filmen,filmēt,Filmēt,SAME_AS_LV_CASEFOLD,casefold_only
data,lb,A2,491,filmen,filmēt,Filmēt,LV_DIACRITIC,
data,lb,A2,491,filmen,filmēt,Filmēt,MARKER_LEAK,lv_macron_consonant
data,nl,A2,491,filmen,filmēt,Filmēt,SAME_AS_LV_CASEFOLD,casefold_only
data,nl,A2,491,filmen,filmēt,Filmēt,LV_DIACRITIC,
data,nl,A2,491,filmen,filmēt,Filmēt,MARKER_LEAK,lv_macron_consonant
data,sl,A2,491,filmen,filmēt,filmēt,SAME_AS_LV_CASEFOLD,exact
data,sl,A2,491,filmen,filmēt,filmēt,LV_DIACRITIC,
data,sl,A2,491,filmen,filmēt,filmēt,MARKER_LEAK,lv_macron_consonant
data,bg,A2,491,filmen,filmēt,Излитане,FAMILY_COPY_STRICT,bg+hr+mk+sr
data,hr,A2,491,filmen,filmēt,Излитане,FAMILY_COPY_STRICT,bg+hr+mk+sr
data,mk,A2,491,filmen,filmēt,Излитане,FAMILY_COPY_STRICT,bg+hr+mk+sr
data,sr,A2,491,filmen,filmēt,Излитане,FAMILY_COPY_STRICT,bg+hr+mk+sr
data,fi,A2,491,filmen,filmēt,Filmima,FAMILY_COPY_STRICT,fi+is+nb+nn+sv
data,is,A2,491,filmen,filmēt,Filmima,FAMILY_COPY_STRICT,fi+is+nb+nn+sv
data,nb,A2,491,filmen,filmēt,Filmima,FAMILY_COPY_STRICT,fi+is+nb+nn+sv
data,nn,A2,491,filmen,filmēt,Filmima,FAMILY_COPY_STRICT,fi+is+nb+nn+sv
data,sv,A2,491,filmen,filmēt,Filmima,FAMILY_COPY_STRICT,fi+is+nb+nn+sv
data,lb,A2,491,filmen,filmēt,Filmēt,FAMILY_COPY_STRICT,lb+nl
data,nl,A2,491,filmen,filmēt,Filmēt,FAMILY_COPY_STRICT,lb+nl
data,pl,A2,491,filmen,filmēt,Filmować,FAMILY_COPY_STRICT,pl+sk
data,sk,A2,491,filmen,filmēt,Filmować,FAMILY_COPY_STRICT,pl+sk
data,fi,A2,492,fischen,zvejot • makšķerēt,Kala püüdma • Õngitsema,MARKER_LEAK,et_otilde
data,hr,A2,492,fischen,zvejot • makšķerēt,Риболов • Риболов,SCRIPT_MISMATCH,
data,hr,A2,492,fischen,zvejot • makšķerēt,Риболов • Риболов,MARKER_LEAK,foreign_script
data,is,A2,492,fischen,zvejot • makšķerēt,Kala piðma • Õngitsema,MARKER_LEAK,et_otilde
data,it,A2,492,fischen,zvejot • makšķerēt,Zvejot • Makšēerēt,LV_DIACRITIC,
data,it,A2,492,fischen,zvejot • makšķerēt,Zvejot • Makšēerēt,MARKER_LEAK,lv_macron_consonant
data,lb,A2,492,fischen,zvejot • makšķerēt,Zvejot • Makšķerēt,SAME_AS_LV_CASEFOLD,casefold_only
data,lb,A2,492,fischen,zvejot • makšķerēt,Zvejot • Makšķerēt,LV_DIACRITIC,
data,lb,A2,492,fischen,zvejot • makšķerēt,Zvejot • Makšķerēt,MARKER_LEAK,lv_macron_consonant
data,nb,A2,492,fischen,zvejot • makšķerēt,Kala piðma • Õngitsema,MARKER_LEAK,et_otilde
data,nl,A2,492,fischen,zvejot • makšķerēt,Zvejot • Makšķerēt,SAME_AS_LV_CASEFOLD,casefold_only
data,nl,A2,492,fischen,zvejot • makšķerēt,Zvejot • Makšķerēt,LV_DIACRITIC,
data,nl,A2,492,fischen,zvejot • makšķerēt,Zvejot • Makšķerēt,MARKER_LEAK,lv_macron_consonant
data,nn,A2,492,fischen,zvejot • makšķerēt,Kala piðma • Õngitsema,MARKER_LEAK,et_otilde
data,pt,A2,492,fischen,zvejot • makšķerēt,Zvejot • Makšēerēt,LV_DIACRITIC,
data,pt,A2,492,fischen,zvejot • makšķerēt,Zvejot • Makšēerēt,MARKER_LEAK,lv_macron_consonant
data,sl,A2,492,fischen,zvejot • makšķerēt,zvejot • makšķerēt,SAME_AS_LV_CASEFOLD,exact
data,sl,A2,492,fischen,zvejot • makšķerēt,zvejot • makšķerēt,LV_DIACRITIC,
data,sl,A2,492,fischen,zvejot • makšķerēt,zvejot • makšķerēt,MARKER_LEAK,lv_macron_consonant
data,sq,A2,492,fischen,zvejot • makšķerēt,Balık tutma • Balık tutma,MARKER_LEAK,tr_soft
data,sv,A2,492,fischen,zvejot • makšķerēt,Kala püüdma • Õngitsema,MARKER_LEAK,et_otilde
data,bg,A2,492,fischen,zvejot • makšķerēt,Риболов • Риболов,FAMILY_COPY_STRICT,bg+hr+mk+sr
data,hr,A2,492,fischen,zvejot • makšķerēt,Риболов • Риболов,FAMILY_COPY_STRICT,bg+hr+mk+sr
data,mk,A2,492,fischen,zvejot • makšķerēt,Риболов • Риболов,FAMILY_COPY_STRICT,bg+hr+mk+sr
data,sr,A2,492,fischen,zvejot • makšķerēt,Риболов • Риболов,FAMILY_COPY_STRICT,bg+hr+mk+sr
data,fi,A2,492,fischen,zvejot • makšķerēt,Kala püüdma • Õngitsema,FAMILY_COPY_STRICT,fi+sv
data,sv,A2,492,fischen,zvejot • makšķerēt,Kala püüdma • Õngitsema,FAMILY_COPY_STRICT,fi+sv
data,is,A2,492,fischen,zvejot • makšķerēt,Kala piðma • Õngitsema,FAMILY_COPY_STRICT,is+nb+nn
data,nb,A2,492,fischen,zvejot • makšķerēt,Kala piðma • Õngitsema,FAMILY_COPY_STRICT,is+nb+nn
data,nn,A2,492,fischen,zvejot • makšķerēt,Kala piðma • Õngitsema,FAMILY_COPY_STRICT,is+nb+nn
data,it,A2,492,fischen,zvejot • makšķerēt,Zvejot • Makšēerēt,FAMILY_COPY_STRICT,it+pt
data,pt,A2,492,fischen,zvejot • makšķerēt,Zvejot • Makšēerēt,FAMILY_COPY_STRICT,it+pt
data,lb,A2,492,fischen,zvejot • makšķerēt,Zvejot • Makšķerēt,FAMILY_COPY_STRICT,lb+nl
data,nl,A2,492,fischen,zvejot • makšķerēt,Zvejot • Makšķerēt,FAMILY_COPY_STRICT,lb+nl
data,sq,A2,492,fischen,zvejot • makšķerēt,Balık tutma • Balık tutma,FAMILY_COPY_STRICT,sq+tr
data,tr,A2,492,fischen,zvejot • makšķerēt,Balık tutma • Balık tutma,FAMILY_COPY_STRICT,sq+tr
data,hr,A2,493,Fischer,zvejnieks,Рибар,SCRIPT_MISMATCH,
data,hr,A2,493,Fischer,zvejnieks,Рибар,MARKER_LEAK,foreign_script
data,it,A2,493,Fischer,zvejnieks,Zvejnieks,SAME_AS_LV_CASEFOLD,casefold_only
data,lb,A2,493,Fischer,zvejnieks,Zvejnieks,SAME_AS_LV_CASEFOLD,casefold_only
data,nl,A2,493,Fischer,zvejnieks,Zvejnieks,SAME_AS_LV_CASEFOLD,casefold_only
data,pt,A2,493,Fischer,zvejnieks,Zvejnieks,SAME_AS_LV_CASEFOLD,casefold_only
data,sl,A2,493,Fischer,zvejnieks,zvejnieks,SAME_AS_LV_CASEFOLD,exact
data,sq,A2,493,Fischer,zvejnieks,Balıkçı,MARKER_LEAK,tr_soft
data,bg,A2,493,Fischer,zvejnieks,Рибар,FAMILY_COPY_STRICT,bg+hr+mk+sr
data,hr,A2,493,Fischer,zvejnieks,Рибар,FAMILY_COPY_STRICT,bg+hr+mk+sr
data,mk,A2,493,Fischer,zvejnieks,Рибар,FAMILY_COPY_STRICT,bg+hr+mk+sr
data,sr,A2,493,Fischer,zvejnieks,Рибар,FAMILY_COPY_STRICT,bg+hr+mk+sr
data,fi,A2,493,Fischer,zvejnieks,Kalur,FAMILY_COPY_STRICT,fi+is+nb+nn+sv
data,is,A2,493,Fischer,zvejnieks,Kalur,FAMILY_COPY_STRICT,fi+is+nb+nn+sv
data,nb,A2,493,Fischer,zvejnieks,Kalur,FAMILY_COPY_STRICT,fi+is+nb+nn+sv
data,nn,A2,493,Fischer,zvejnieks,Kalur,FAMILY_COPY_STRICT,fi+is+nb+nn+sv
data,sv,A2,493,Fischer,zvejnieks,Kalur,FAMILY_COPY_STRICT,fi+is+nb+nn+sv
data,it,A2,493,Fischer,zvejnieks,Zvejnieks,FAMILY_COPY_STRICT,it+lb+nl+pt
data,lb,A2,493,Fischer,zvejnieks,Zvejnieks,FAMILY_COPY_STRICT,it+lb+nl+pt
data,nl,A2,493,Fischer,zvejnieks,Zvejnieks,FAMILY_COPY_STRICT,it+lb+nl+pt
data,pt,A2,493,Fischer,zvejnieks,Zvejnieks,FAMILY_COPY_STRICT,it+lb+nl+pt
data,pl,A2,493,Fischer,zvejnieks,Rybak,FAMILY_COPY_STRICT,pl+sk
data,sk,A2,493,Fischer,zvejnieks,Rybak,FAMILY_COPY_STRICT,pl+sk
data,sq,A2,493,Fischer,zvejnieks,Balıkçı,FAMILY_COPY_STRICT,sq+tr
data,tr,A2,493,Fischer,zvejnieks,Balıkçı,FAMILY_COPY_STRICT,sq+tr
data,hr,A2,494,Fischsuppe,zivju zupa,Риба супа,SCRIPT_MISMATCH,
data,hr,A2,494,Fischsuppe,zivju zupa,Риба супа,MARKER_LEAK,foreign_script
data,it,A2,494,Fischsuppe,zivju zupa,Zivju zupa,SAME_AS_LV_CASEFOLD,casefold_only
data,lb,A2,494,Fischsuppe,zivju zupa,Zivju zupa,SAME_AS_LV_CASEFOLD,casefold_only
data,nl,A2,494,Fischsuppe,zivju zupa,Zivju zupa,SAME_AS_LV_CASEFOLD,casefold_only
data,pt,A2,494,Fischsuppe,zivju zupa,Zivju zupa,SAME_AS_LV_CASEFOLD,casefold_only
data,sl,A2,494,Fischsuppe,zivju zupa,zivju zupa,SAME_AS_LV_CASEFOLD,exact
data,fi,A2,494,Fischsuppe,zivju zupa,Kalasupp,FAMILY_COPY_STRICT,fi+sv
data,sv,A2,494,Fischsuppe,zivju zupa,Kalasupp,FAMILY_COPY_STRICT,fi+sv
data,hr,A2,494,Fischsuppe,zivju zupa,Риба супа,FAMILY_COPY_STRICT,hr+mk+sr
data,mk,A2,494,Fischsuppe,zivju zupa,Риба супа,FAMILY_COPY_STRICT,hr+mk+sr
data,sr,A2,494,Fischsuppe,zivju zupa,Риба супа,FAMILY_COPY_STRICT,hr+mk+sr
data,is,A2,494,Fischsuppe,zivju zupa,Festsuppe,FAMILY_COPY_STRICT,is+nb+nn
data,nb,A2,494,Fischsuppe,zivju zupa,Festsuppe,FAMILY_COPY_STRICT,is+nb+nn
data,nn,A2,494,Fischsuppe,zivju zupa,Festsuppe,FAMILY_COPY_STRICT,is+nb+nn
data,it,A2,494,Fischsuppe,zivju zupa,Zivju zupa,FAMILY_COPY_STRICT,it+lb+nl+pt
data,lb,A2,494,Fischsuppe,zivju zupa,Zivju zupa,FAMILY_COPY_STRICT,it+lb+nl+pt
data,nl,A2,494,Fischsuppe,zivju zupa,Zivju zupa,FAMILY_COPY_STRICT,it+lb+nl+pt
data,pt,A2,494,Fischsuppe,zivju zupa,Zivju zupa,FAMILY_COPY_STRICT,it+lb+nl+pt
data,pl,A2,494,Fischsuppe,zivju zupa,Zupa rybna,FAMILY_COPY_STRICT,pl+sk
data,sk,A2,494,Fischsuppe,zivju zupa,Zupa rybna,FAMILY_COPY_STRICT,pl+sk
data,hr,A2,495,flach,plakans • sekls,Плосък • Плитък,SCRIPT_MISMATCH,
data,hr,A2,495,flach,plakans • sekls,Плосък • Плитък,MARKER_LEAK,foreign_script
data,it,A2,495,flach,plakans • sekls,Plakans • Sekls,SAME_AS_LV_CASEFOLD,casefold_only
data,lb,A2,495,flach,plakans • sekls,Plakans • Sekls,SAME_AS_LV_CASEFOLD,casefold_only
data,nl,A2,495,flach,plakans • sekls,Plakans • Sekls,SAME_AS_LV_CASEFOLD,casefold_only
data,pt,A2,495,flach,plakans • sekls,Plakans • Sekls,SAME_AS_LV_CASEFOLD,casefold_only
data,sk,A2,495,flach,plakans • sekls,Płaski • Płytki,MARKER_LEAK,pl_l_s_z
data,sl,A2,495,flach,plakans • sekls,plakans • sekls,SAME_AS_LV_CASEFOLD,exact
data,bg,A2,495,flach,plakans • sekls,Плосък • Плитък,FAMILY_COPY_STRICT,bg+hr+mk+sr
data,hr,A2,495,flach,plakans • sekls,Плосък • Плитък,FAMILY_COPY_STRICT,bg+hr+mk+sr
data,mk,A2,495,flach,plakans • sekls,Плосък • Плитък,FAMILY_COPY_STRICT,bg+hr+mk+sr
data,sr,A2,495,flach,plakans • sekls,Плосък • Плитък,FAMILY_COPY_STRICT,bg+hr+mk+sr
data,fi,A2,495,flach,plakans • sekls,Lame • Madal,FAMILY_COPY_STRICT,fi+sv
data,sv,A2,495,flach,plakans • sekls,Lame • Madal,FAMILY_COPY_STRICT,fi+sv
data,is,A2,495,flach,plakans • sekls,Lamt • Madal,FAMILY_COPY_STRICT,is+nb+nn
data,nb,A2,495,flach,plakans • sekls,Lamt • Madal,FAMILY_COPY_STRICT,is+nb+nn
data,nn,A2,495,flach,plakans • sekls,Lamt • Madal,FAMILY_COPY_STRICT,is+nb+nn
data,it,A2,495,flach,plakans • sekls,Plakans • Sekls,FAMILY_COPY_STRICT,it+lb+nl+pt
data,lb,A2,495,flach,plakans • sekls,Plakans • Sekls,FAMILY_COPY_STRICT,it+lb+nl+pt
data,nl,A2,495,flach,plakans • sekls,Plakans • Sekls,FAMILY_COPY_STRICT,it+lb+nl+pt
data,pt,A2,495,flach,plakans • sekls,Plakans • Sekls,FAMILY_COPY_STRICT,it+lb+nl+pt
data,pl,A2,495,flach,plakans • sekls,Płaski • Płytki,FAMILY_COPY_STRICT,pl+sk
data,sk,A2,495,flach,plakans • sekls,Płaski • Płytki,FAMILY_COPY_STRICT,pl+sk
data,sq,A2,495,flach,plakans • sekls,Düz • Fayans,FAMILY_COPY_STRICT,sq+tr
data,tr,A2,495,flach,plakans • sekls,Düz • Fayans,FAMILY_COPY_STRICT,sq+tr
data,hr,A2,496,Flaschenöffner,pudeļu atvērējs,Отварачка за бутилки,SCRIPT_MISMATCH,
data,hr,A2,496,Flaschenöffner,pudeļu atvērējs,Отварачка за бутилки,MARKER_LEAK,foreign_script
data,it,A2,496,Flaschenöffner,pudeļu atvērējs,Pudeųu atvērējs,LV_DIACRITIC,
data,it,A2,496,Flaschenöffner,pudeļu atvērējs,Pudeųu atvērējs,MARKER_LEAK,lv_macron_consonant
data,lb,A2,496,Flaschenöffner,pudeļu atvērējs,Pudeļu atvērējs,SAME_AS_LV_CASEFOLD,casefold_only
data,lb,A2,496,Flaschenöffner,pudeļu atvērējs,Pudeļu atvērējs,LV_DIACRITIC,
data,lb,A2,496,Flaschenöffner,pudeļu atvērējs,Pudeļu atvērējs,MARKER_LEAK,lv_macron_consonant
data,nl,A2,496,Flaschenöffner,pudeļu atvērējs,Pudeļu atvērējs,SAME_AS_LV_CASEFOLD,casefold_only
data,nl,A2,496,Flaschenöffner,pudeļu atvērējs,Pudeļu atvērējs,LV_DIACRITIC,
data,nl,A2,496,Flaschenöffner,pudeļu atvērējs,Pudeļu atvērējs,MARKER_LEAK,lv_macron_consonant
data,pt,A2,496,Flaschenöffner,pudeļu atvērējs,Pudeųu atvērējs,LV_DIACRITIC,
data,pt,A2,496,Flaschenöffner,pudeļu atvērējs,Pudeųu atvērējs,MARKER_LEAK,lv_macron_consonant
data,sl,A2,496,Flaschenöffner,pudeļu atvērējs,pudeļu atvērējs,SAME_AS_LV_CASEFOLD,exact
data,sl,A2,496,Flaschenöffner,pudeļu atvērējs,pudeļu atvērējs,LV_DIACRITIC,
data,sl,A2,496,Flaschenöffner,pudeļu atvērējs,pudeļu atvērējs,MARKER_LEAK,lv_macron_consonant
data,bg,A2,496,Flaschenöffner,pudeļu atvērējs,Отварачка за бутилки,FAMILY_COPY_STRICT,bg+hr+mk+sr
data,hr,A2,496,Flaschenöffner,pudeļu atvērējs,Отварачка за бутилки,FAMILY_COPY_STRICT,bg+hr+mk+sr
data,mk,A2,496,Flaschenöffner,pudeļu atvērējs,Отварачка за бутилки,FAMILY_COPY_STRICT,bg+hr+mk+sr
data,sr,A2,496,Flaschenöffner,pudeļu atvērējs,Отварачка за бутилки,FAMILY_COPY_STRICT,bg+hr+mk+sr
data,fi,A2,496,Flaschenöffner,pudeļu atvērējs,Pudeliavaja,FAMILY_COPY_STRICT,fi+sv
data,sv,A2,496,Flaschenöffner,pudeļu atvērējs,Pudeliavaja,FAMILY_COPY_STRICT,fi+sv
data,is,A2,496,Flaschenöffner,pudeļu atvērējs,Puddelfrakk,FAMILY_COPY_STRICT,is+nb+nn
data,nb,A2,496,Flaschenöffner,pudeļu atvērējs,Puddelfrakk,FAMILY_COPY_STRICT,is+nb+nn
data,nn,A2,496,Flaschenöffner,pudeļu atvērējs,Puddelfrakk,FAMILY_COPY_STRICT,is+nb+nn
data,it,A2,496,Flaschenöffner,pudeļu atvērējs,Pudeųu atvērējs,FAMILY_COPY_STRICT,it+pt
data,pt,A2,496,Flaschenöffner,pudeļu atvērējs,Pudeųu atvērējs,FAMILY_COPY_STRICT,it+pt
data,lb,A2,496,Flaschenöffner,pudeļu atvērējs,Pudeļu atvērējs,FAMILY_COPY_STRICT,lb+nl
data,nl,A2,496,Flaschenöffner,pudeļu atvērējs,Pudeļu atvērējs,FAMILY_COPY_STRICT,lb+nl
data,pl,A2,496,Flaschenöffner,pudeļu atvērējs,Otwieracz do butelek,FAMILY_COPY_STRICT,pl+sk+sq+tr
data,sk,A2,496,Flaschenöffner,pudeļu atvērējs,Otwieracz do butelek,FAMILY_COPY_STRICT,pl+sk+sq+tr
data,sq,A2,496,Flaschenöffner,pudeļu atvērējs,Otwieracz do butelek,FAMILY_COPY_STRICT,pl+sk+sq+tr
data,tr,A2,496,Flaschenöffner,pudeļu atvērējs,Otwieracz do butelek,FAMILY_COPY_STRICT,pl+sk+sq+tr
data,hr,A2,497,Fleck,traips • plankums,Петно • Петно,SCRIPT_MISMATCH,
data,hr,A2,497,Fleck,traips • plankums,Петно • Петно,MARKER_LEAK,foreign_script
data,lb,A2,497,Fleck,traips • plankums,Traips • Plankums,SAME_AS_LV_CASEFOLD,casefold_only
data,nl,A2,497,Fleck,traips • plankums,Traips • Plankums,SAME_AS_LV_CASEFOLD,casefold_only
data,sl,A2,497,Fleck,traips • plankums,traips • plankums,SAME_AS_LV_CASEFOLD,exact
data,bg,A2,497,Fleck,traips • plankums,Петно • Петно,FAMILY_COPY_STRICT,bg+hr+mk+sr
data,hr,A2,497,Fleck,traips • plankums,Петно • Петно,FAMILY_COPY_STRICT,bg+hr+mk+sr
data,mk,A2,497,Fleck,traips • plankums,Петно • Петно,FAMILY_COPY_STRICT,bg+hr+mk+sr
data,sr,A2,497,Fleck,traips • plankums,Петно • Петно,FAMILY_COPY_STRICT,bg+hr+mk+sr
data,fi,A2,497,Fleck,traips • plankums,Plekk • Laik,FAMILY_COPY_STRICT,fi+is+nb+nn+sv
data,is,A2,497,Fleck,traips • plankums,Plekk • Laik,FAMILY_COPY_STRICT,fi+is+nb+nn+sv
data,nb,A2,497,Fleck,traips • plankums,Plekk • Laik,FAMILY_COPY_STRICT,fi+is+nb+nn+sv
data,nn,A2,497,Fleck,traips • plankums,Plekk • Laik,FAMILY_COPY_STRICT,fi+is+nb+nn+sv
data,sv,A2,497,Fleck,traips • plankums,Plekk • Laik,FAMILY_COPY_STRICT,fi+is+nb+nn+sv
data,lb,A2,497,Fleck,traips • plankums,Traips • Plankums,FAMILY_COPY_STRICT,lb+nl
data,nl,A2,497,Fleck,traips • plankums,Traips • Plankums,FAMILY_COPY_STRICT,lb+nl
data,pl,A2,497,Fleck,traips • plankums,Plama • Plama,FAMILY_COPY_STRICT,pl+sk+sq+tr
data,sk,A2,497,Fleck,traips • plankums,Plama • Plama,FAMILY_COPY_STRICT,pl+sk+sq+tr
data,sq,A2,497,Fleck,traips • plankums,Plama • Plama,FAMILY_COPY_STRICT,pl+sk+sq+tr
data,tr,A2,497,Fleck,traips • plankums,Plama • Plama,FAMILY_COPY_STRICT,pl+sk+sq+tr
data,hr,A2,498,fleißig,čakls • centīgs,Вреден • Вреден,SCRIPT_MISMATCH,
data,hr,A2,498,fleißig,čakls • centīgs,Вреден • Вреден,MARKER_LEAK,foreign_script
data,it,A2,498,fleißig,čakls • centīgs,Čakls • Centigs,LV_DIACRITIC,
data,lb,A2,498,fleißig,čakls • centīgs,Čakls • Centīgs,SAME_AS_LV_CASEFOLD,casefold_only
data,lb,A2,498,fleißig,čakls • centīgs,Čakls • Centīgs,LV_DIACRITIC,
data,lb,A2,498,fleißig,čakls • centīgs,Čakls • Centīgs,MARKER_LEAK,lv_macron_consonant
data,nl,A2,498,fleißig,čakls • centīgs,Čakls • Centīgs,SAME_AS_LV_CASEFOLD,casefold_only
data,nl,A2,498,fleißig,čakls • centīgs,Čakls • Centīgs,LV_DIACRITIC,
data,nl,A2,498,fleißig,čakls • centīgs,Čakls • Centīgs,MARKER_LEAK,lv_macron_consonant
data,pt,A2,498,fleißig,čakls • centīgs,Čakls • Centigs,LV_DIACRITIC,
data,sl,A2,498,fleißig,čakls • centīgs,čakls • centīgs,SAME_AS_LV_CASEFOLD,exact
data,sl,A2,498,fleißig,čakls • centīgs,čakls • centīgs,LV_DIACRITIC,
data,sl,A2,498,fleißig,čakls • centīgs,čakls • centīgs,MARKER_LEAK,lv_macron_consonant
data,sq,A2,498,fleißig,čakls • centīgs,Çalışkan • Çalışkan,MARKER_LEAK,tr_soft
data,en,A2,498,fleißig,čakls • centīgs,Diligent • Diligent,FAMILY_COPY_STRICT,en+fr
data,fr,A2,498,fleißig,čakls • centīgs,Diligent • Diligent,FAMILY_COPY_STRICT,en+fr
data,fi,A2,498,fleißig,čakls • centīgs,Töökas • Püüdlik,FAMILY_COPY_STRICT,fi+is+nb+nn+sv
data,is,A2,498,fleißig,čakls • centīgs,Töökas • Püüdlik,FAMILY_COPY_STRICT,fi+is+nb+nn+sv
data,nb,A2,498,fleißig,čakls • centīgs,Töökas • Püüdlik,FAMILY_COPY_STRICT,fi+is+nb+nn+sv
data,nn,A2,498,fleißig,čakls • centīgs,Töökas • Püüdlik,FAMILY_COPY_STRICT,fi+is+nb+nn+sv
data,sv,A2,498,fleißig,čakls • centīgs,Töökas • Püüdlik,FAMILY_COPY_STRICT,fi+is+nb+nn+sv
data,hr,A2,498,fleißig,čakls • centīgs,Вреден • Вреден,FAMILY_COPY_STRICT,hr+mk+sr
data,mk,A2,498,fleißig,čakls • centīgs,Вреден • Вреден,FAMILY_COPY_STRICT,hr+mk+sr
data,sr,A2,498,fleißig,čakls • centīgs,Вреден • Вреден,FAMILY_COPY_STRICT,hr+mk+sr
data,it,A2,498,fleißig,čakls • centīgs,Čakls • Centigs,FAMILY_COPY_STRICT,it+pt
data,pt,A2,498,fleißig,čakls • centīgs,Čakls • Centigs,FAMILY_COPY_STRICT,it+pt
data,lb,A2,498,fleißig,čakls • centīgs,Čakls • Centīgs,FAMILY_COPY_STRICT,lb+nl
data,nl,A2,498,fleißig,čakls • centīgs,Čakls • Centīgs,FAMILY_COPY_STRICT,lb+nl
data,pl,A2,498,fleißig,čakls • centīgs,Pracowity • Pracowity,FAMILY_COPY_STRICT,pl+sk
data,sk,A2,498,fleißig,čakls • centīgs,Pracowity • Pracowity,FAMILY_COPY_STRICT,pl+sk
data,sq,A2,498,fleißig,čakls • centīgs,Çalışkan • Çalışkan,FAMILY_COPY_STRICT,sq+tr
data,tr,A2,498,fleißig,čakls • centīgs,Çalışkan • Çalışkan,FAMILY_COPY_STRICT,sq+tr
data,hr,A2,499,Fliege,muša • tauriņš,Муха • Пеперуда,SCRIPT_MISMATCH,
data,hr,A2,499,Fliege,muša • tauriņš,Муха • Пеперуда,MARKER_LEAK,foreign_script
data,it,A2,499,Fliege,muša • tauriņš,Musa • Tauriņš,LV_DIACRITIC,
data,it,A2,499,Fliege,muša • tauriņš,Musa • Tauriņš,MARKER_LEAK,lv_macron_consonant
data,lb,A2,499,Fliege,muša • tauriņš,Muša • Tauriņš,SAME_AS_LV_CASEFOLD,casefold_only
data,lb,A2,499,Fliege,muša • tauriņš,Muša • Tauriņš,LV_DIACRITIC,
data,lb,A2,499,Fliege,muša • tauriņš,Muša • Tauriņš,MARKER_LEAK,lv_macron_consonant
data,nl,A2,499,Fliege,muša • tauriņš,Muša • Tauriņš,SAME_AS_LV_CASEFOLD,casefold_only
data,nl,A2,499,Fliege,muša • tauriņš,Muša • Tauriņš,LV_DIACRITIC,
data,nl,A2,499,Fliege,muša • tauriņš,Muša • Tauriņš,MARKER_LEAK,lv_macron_consonant
data,pt,A2,499,Fliege,muša • tauriņš,Musa • Tauriņš,LV_DIACRITIC,
data,pt,A2,499,Fliege,muša • tauriņš,Musa • Tauriņš,MARKER_LEAK,lv_macron_consonant
data,sl,A2,499,Fliege,muša • tauriņš,muša • tauriņš,SAME_AS_LV_CASEFOLD,exact
data,sl,A2,499,Fliege,muša • tauriņš,muša • tauriņš,LV_DIACRITIC,
data,sl,A2,499,Fliege,muša • tauriņš,muša • tauriņš,MARKER_LEAK,lv_macron_consonant
data,bg,A2,499,Fliege,muša • tauriņš,Муха • Пеперуда,FAMILY_COPY_STRICT,bg+hr+mk+sr
data,hr,A2,499,Fliege,muša • tauriņš,Муха • Пеперуда,FAMILY_COPY_STRICT,bg+hr+mk+sr
data,mk,A2,499,Fliege,muša • tauriņš,Муха • Пеперуда,FAMILY_COPY_STRICT,bg+hr+mk+sr
data,sr,A2,499,Fliege,muša • tauriņš,Муха • Пеперуда,FAMILY_COPY_STRICT,bg+hr+mk+sr
data,fi,A2,499,Fliege,muša • tauriņš,Kärbes • Kikilips,FAMILY_COPY_STRICT,fi+is+nb+nn+sv
data,is,A2,499,Fliege,muša • tauriņš,Kärbes • Kikilips,FAMILY_COPY_STRICT,fi+is+nb+nn+sv
data,nb,A2,499,Fliege,muša • tauriņš,Kärbes • Kikilips,FAMILY_COPY_STRICT,fi+is+nb+nn+sv
data,nn,A2,499,Fliege,muša • tauriņš,Kärbes • Kikilips,FAMILY_COPY_STRICT,fi+is+nb+nn+sv
data,sv,A2,499,Fliege,muša • tauriņš,Kärbes • Kikilips,FAMILY_COPY_STRICT,fi+is+nb+nn+sv
data,it,A2,499,Fliege,muša • tauriņš,Musa • Tauriņš,FAMILY_COPY_STRICT,it+pt
data,pt,A2,499,Fliege,muša • tauriņš,Musa • Tauriņš,FAMILY_COPY_STRICT,it+pt
data,lb,A2,499,Fliege,muša • tauriņš,Muša • Tauriņš,FAMILY_COPY_STRICT,lb+nl
data,nl,A2,499,Fliege,muša • tauriņš,Muša • Tauriņš,FAMILY_COPY_STRICT,lb+nl
data,sq,A2,499,Fliege,muša • tauriņš,Uçmak • Kelebek,FAMILY_COPY_STRICT,sq+tr
data,tr,A2,499,Fliege,muša • tauriņš,Uçmak • Kelebek,FAMILY_COPY_STRICT,sq+tr
data,hr,A2,500,Fliese,flīze,Плочка,SCRIPT_MISMATCH,
data,hr,A2,500,Fliese,flīze,Плочка,MARKER_LEAK,foreign_script
data,lb,A2,500,Fliese,flīze,Flīze,SAME_AS_LV_CASEFOLD,casefold_only
data,lb,A2,500,Fliese,flīze,Flīze,LV_DIACRITIC,
data,lb,A2,500,Fliese,flīze,Flīze,MARKER_LEAK,lv_macron_consonant
data,nl,A2,500,Fliese,flīze,Flīze,SAME_AS_LV_CASEFOLD,casefold_only
data,nl,A2,500,Fliese,flīze,Flīze,LV_DIACRITIC,
data,nl,A2,500,Fliese,flīze,Flīze,MARKER_LEAK,lv_macron_consonant
data,sk,A2,500,Fliese,flīze,Płytka,MARKER_LEAK,pl_l_s_z
data,sl,A2,500,Fliese,flīze,flīze,SAME_AS_LV_CASEFOLD,exact
data,sl,A2,500,Fliese,flīze,flīze,LV_DIACRITIC,
data,sl,A2,500,Fliese,flīze,flīze,MARKER_LEAK,lv_macron_consonant
data,bg,A2,500,Fliese,flīze,Плочка,FAMILY_COPY_STRICT,bg+hr+mk+sr
data,hr,A2,500,Fliese,flīze,Плочка,FAMILY_COPY_STRICT,bg+hr+mk+sr
data,mk,A2,500,Fliese,flīze,Плочка,FAMILY_COPY_STRICT,bg+hr+mk+sr
data,sr,A2,500,Fliese,flīze,Плочка,FAMILY_COPY_STRICT,bg+hr+mk+sr
data,fi,A2,500,Fliese,flīze,Plaat,FAMILY_COPY_STRICT,fi+sv
data,sv,A2,500,Fliese,flīze,Plaat,FAMILY_COPY_STRICT,fi+sv
data,is,A2,500,Fliese,flīze,Tallerken,FAMILY_COPY_STRICT,is+nb+nn
data,nb,A2,500,Fliese,flīze,Tallerken,FAMILY_COPY_STRICT,is+nb+nn
data,nn,A2,500,Fliese,flīze,Tallerken,FAMILY_COPY_STRICT,is+nb+nn
data,lb,A2,500,Fliese,flīze,Flīze,FAMILY_COPY_STRICT,lb+nl
data,nl,A2,500,Fliese,flīze,Flīze,FAMILY_COPY_STRICT,lb+nl
data,pl,A2,500,Fliese,flīze,Płytka,FAMILY_COPY_STRICT,pl+sk
data,sk,A2,500,Fliese,flīze,Płytka,FAMILY_COPY_STRICT,pl+sk
data,hr,A2,501,Flohmarkt,krāmu tirgus,Битпазар,SCRIPT_MISMATCH,
data,hr,A2,501,Flohmarkt,krāmu tirgus,Битпазар,MARKER_LEAK,foreign_script
data,lb,A2,501,Flohmarkt,krāmu tirgus,Krāmu tirgus,SAME_AS_LV_CASEFOLD,casefold_only
data,lb,A2,501,Flohmarkt,krāmu tirgus,Krāmu tirgus,LV_DIACRITIC,
data,lb,A2,501,Flohmarkt,krāmu tirgus,Krāmu tirgus,MARKER_LEAK,lv_macron_consonant
data,nl,A2,501,Flohmarkt,krāmu tirgus,Krāmu tirgus,SAME_AS_LV_CASEFOLD,casefold_only
data,nl,A2,501,Flohmarkt,krāmu tirgus,Krāmu tirgus,LV_DIACRITIC,
data,nl,A2,501,Flohmarkt,krāmu tirgus,Krāmu tirgus,MARKER_LEAK,lv_macron_consonant
data,sl,A2,501,Flohmarkt,krāmu tirgus,krāmu tirgus,SAME_AS_LV_CASEFOLD,exact
data,sl,A2,501,Flohmarkt,krāmu tirgus,krāmu tirgus,LV_DIACRITIC,
data,sl,A2,501,Flohmarkt,krāmu tirgus,krāmu tirgus,MARKER_LEAK,lv_macron_consonant
data,sq,A2,501,Flohmarkt,krāmu tirgus,Bit pazarı,MARKER_LEAK,tr_soft
data,bg,A2,501,Flohmarkt,krāmu tirgus,Битпазар,FAMILY_COPY_STRICT,bg+hr+mk+sr
data,hr,A2,501,Flohmarkt,krāmu tirgus,Битпазар,FAMILY_COPY_STRICT,bg+hr+mk+sr
data,mk,A2,501,Flohmarkt,krāmu tirgus,Битпазар,FAMILY_COPY_STRICT,bg+hr+mk+sr
data,sr,A2,501,Flohmarkt,krāmu tirgus,Битпазар,FAMILY_COPY_STRICT,bg+hr+mk+sr
data,fi,A2,501,Flohmarkt,krāmu tirgus,Kirbuturg,FAMILY_COPY_STRICT,fi+is+nb+nn+sv
data,is,A2,501,Flohmarkt,krāmu tirgus,Kirbuturg,FAMILY_COPY_STRICT,fi+is+nb+nn+sv
data,nb,A2,501,Flohmarkt,krāmu tirgus,Kirbuturg,FAMILY_COPY_STRICT,fi+is+nb+nn+sv
data,nn,A2,501,Flohmarkt,krāmu tirgus,Kirbuturg,FAMILY_COPY_STRICT,fi+is+nb+nn+sv
data,sv,A2,501,Flohmarkt,krāmu tirgus,Kirbuturg,FAMILY_COPY_STRICT,fi+is+nb+nn+sv
data,it,A2,501,Flohmarkt,krāmu tirgus,Kramu tirgus,FAMILY_COPY_STRICT,it+pt
data,pt,A2,501,Flohmarkt,krāmu tirgus,Kramu tirgus,FAMILY_COPY_STRICT,it+pt
data,lb,A2,501,Flohmarkt,krāmu tirgus,Krāmu tirgus,FAMILY_COPY_STRICT,lb+nl
data,nl,A2,501,Flohmarkt,krāmu tirgus,Krāmu tirgus,FAMILY_COPY_STRICT,lb+nl
data,pl,A2,501,Flohmarkt,krāmu tirgus,Pchli targ,FAMILY_COPY_STRICT,pl+sk
data,sk,A2,501,Flohmarkt,krāmu tirgus,Pchli targ,FAMILY_COPY_STRICT,pl+sk
data,sq,A2,501,Flohmarkt,krāmu tirgus,Bit pazarı,FAMILY_COPY_STRICT,sq+tr
data,tr,A2,501,Flohmarkt,krāmu tirgus,Bit pazarı,FAMILY_COPY_STRICT,sq+tr
data,hr,A2,502,Flug,lidojums,Лет,SCRIPT_MISMATCH,
data,hr,A2,502,Flug,lidojums,Лет,MARKER_LEAK,foreign_script
data,it,A2,502,Flug,lidojums,Lidojums,SAME_AS_LV_CASEFOLD,casefold_only
data,lb,A2,502,Flug,lidojums,Lidojums,SAME_AS_LV_CASEFOLD,casefold_only
data,nl,A2,502,Flug,lidojums,Lidojums,SAME_AS_LV_CASEFOLD,casefold_only
data,pt,A2,502,Flug,lidojums,Lidojums,SAME_AS_LV_CASEFOLD,casefold_only
data,sl,A2,502,Flug,lidojums,lidojums,SAME_AS_LV_CASEFOLD,exact
data,bg,A2,502,Flug,lidojums,Полет,FAMILY_COPY_STRICT,bg+ru
data,ru,A2,502,Flug,lidojums,Полет,FAMILY_COPY_STRICT,bg+ru
data,fi,A2,502,Flug,lidojums,Lend,FAMILY_COPY_STRICT,fi+is+nb+nn+sv
data,is,A2,502,Flug,lidojums,Lend,FAMILY_COPY_STRICT,fi+is+nb+nn+sv
data,nb,A2,502,Flug,lidojums,Lend,FAMILY_COPY_STRICT,fi+is+nb+nn+sv
data,nn,A2,502,Flug,lidojums,Lend,FAMILY_COPY_STRICT,fi+is+nb+nn+sv
data,sv,A2,502,Flug,lidojums,Lend,FAMILY_COPY_STRICT,fi+is+nb+nn+sv
data,hr,A2,502,Flug,lidojums,Лет,FAMILY_COPY_STRICT,hr+mk+sr
data,mk,A2,502,Flug,lidojums,Лет,FAMILY_COPY_STRICT,hr+mk+sr
data,sr,A2,502,Flug,lidojums,Лет,FAMILY_COPY_STRICT,hr+mk+sr
data,it,A2,502,Flug,lidojums,Lidojums,FAMILY_COPY_STRICT,it+lb+nl+pt
data,lb,A2,502,Flug,lidojums,Lidojums,FAMILY_COPY_STRICT,it+lb+nl+pt
data,nl,A2,502,Flug,lidojums,Lidojums,FAMILY_COPY_STRICT,it+lb+nl+pt
data,pt,A2,502,Flug,lidojums,Lidojums,FAMILY_COPY_STRICT,it+lb+nl+pt
data,pl,A2,502,Flug,lidojums,Lot,FAMILY_COPY_STRICT,pl+sk+sq+tr
data,sk,A2,502,Flug,lidojums,Lot,FAMILY_COPY_STRICT,pl+sk+sq+tr
data,sq,A2,502,Flug,lidojums,Lot,FAMILY_COPY_STRICT,pl+sk+sq+tr
data,tr,A2,502,Flug,lidojums,Lot,FAMILY_COPY_STRICT,pl+sk+sq+tr
data,hr,A2,503,Flughafen,lidosta,Летище,SCRIPT_MISMATCH,
data,hr,A2,503,Flughafen,lidosta,Летище,MARKER_LEAK,foreign_script
data,it,A2,503,Flughafen,lidosta,Lidosta,SAME_AS_LV_CASEFOLD,casefold_only
data,lb,A2,503,Flughafen,lidosta,Lidosta,SAME_AS_LV_CASEFOLD,casefold_only
data,nl,A2,503,Flughafen,lidosta,Lidosta,SAME_AS_LV_CASEFOLD,casefold_only
data,pt,A2,503,Flughafen,lidosta,Lidosta,SAME_AS_LV_CASEFOLD,casefold_only
data,sl,A2,503,Flughafen,lidosta,lidosta,SAME_AS_LV_CASEFOLD,exact
data,bg,A2,503,Flughafen,lidosta,Летище,FAMILY_COPY_STRICT,bg+hr+mk+sr
data,hr,A2,503,Flughafen,lidosta,Летище,FAMILY_COPY_STRICT,bg+hr+mk+sr
data,mk,A2,503,Flughafen,lidosta,Летище,FAMILY_COPY_STRICT,bg+hr+mk+sr
data,sr,A2,503,Flughafen,lidosta,Летище,FAMILY_COPY_STRICT,bg+hr+mk+sr
data,fi,A2,503,Flughafen,lidosta,Lennujaam,FAMILY_COPY_STRICT,fi+is+nb+nn+sv
data,is,A2,503,Flughafen,lidosta,Lennujaam,FAMILY_COPY_STRICT,fi+is+nb+nn+sv
data,nb,A2,503,Flughafen,lidosta,Lennujaam,FAMILY_COPY_STRICT,fi+is+nb+nn+sv
data,nn,A2,503,Flughafen,lidosta,Lennujaam,FAMILY_COPY_STRICT,fi+is+nb+nn+sv
data,sv,A2,503,Flughafen,lidosta,Lennujaam,FAMILY_COPY_STRICT,fi+is+nb+nn+sv
data,it,A2,503,Flughafen,lidosta,Lidosta,FAMILY_COPY_STRICT,it+lb+nl+pt
data,lb,A2,503,Flughafen,lidosta,Lidosta,FAMILY_COPY_STRICT,it+lb+nl+pt
data,nl,A2,503,Flughafen,lidosta,Lidosta,FAMILY_COPY_STRICT,it+lb+nl+pt
data,pt,A2,503,Flughafen,lidosta,Lidosta,FAMILY_COPY_STRICT,it+lb+nl+pt
data,pl,A2,503,Flughafen,lidosta,Lotnisko,FAMILY_COPY_STRICT,pl+sq+tr
data,sq,A2,503,Flughafen,lidosta,Lotnisko,FAMILY_COPY_STRICT,pl+sq+tr
data,tr,A2,503,Flughafen,lidosta,Lotnisko,FAMILY_COPY_STRICT,pl+sq+tr
data,hr,A2,504,Flugplatz,lidlauks,Летище,SCRIPT_MISMATCH,
data,hr,A2,504,Flugplatz,lidlauks,Летище,MARKER_LEAK,foreign_script
data,it,A2,504,Flugplatz,lidlauks,Lidlauks,SAME_AS_LV_CASEFOLD,casefold_only
data,lb,A2,504,Flugplatz,lidlauks,Lidlauks,SAME_AS_LV_CASEFOLD,casefold_only
data,nl,A2,504,Flugplatz,lidlauks,Lidlauks,SAME_AS_LV_CASEFOLD,casefold_only
data,pt,A2,504,Flugplatz,lidlauks,Lidlauks,SAME_AS_LV_CASEFOLD,casefold_only
data,sl,A2,504,Flugplatz,lidlauks,lidlauks,SAME_AS_LV_CASEFOLD,exact
data,bg,A2,504,Flugplatz,lidlauks,Летище,FAMILY_COPY_STRICT,bg+hr+mk+sr
data,hr,A2,504,Flugplatz,lidlauks,Летище,FAMILY_COPY_STRICT,bg+hr+mk+sr
data,mk,A2,504,Flugplatz,lidlauks,Летище,FAMILY_COPY_STRICT,bg+hr+mk+sr
data,sr,A2,504,Flugplatz,lidlauks,Летище,FAMILY_COPY_STRICT,bg+hr+mk+sr
data,fi,A2,504,Flugplatz,lidlauks,Lennuväli,FAMILY_COPY_STRICT,fi+is+nb+nn+sv
data,is,A2,504,Flugplatz,lidlauks,Lennuväli,FAMILY_COPY_STRICT,fi+is+nb+nn+sv
data,nb,A2,504,Flugplatz,lidlauks,Lennuväli,FAMILY_COPY_STRICT,fi+is+nb+nn+sv
data,nn,A2,504,Flugplatz,lidlauks,Lennuväli,FAMILY_COPY_STRICT,fi+is+nb+nn+sv
data,sv,A2,504,Flugplatz,lidlauks,Lennuväli,FAMILY_COPY_STRICT,fi+is+nb+nn+sv
data,it,A2,504,Flugplatz,lidlauks,Lidlauks,FAMILY_COPY_STRICT,it+lb+nl+pt
data,lb,A2,504,Flugplatz,lidlauks,Lidlauks,FAMILY_COPY_STRICT,it+lb+nl+pt
data,nl,A2,504,Flugplatz,lidlauks,Lidlauks,FAMILY_COPY_STRICT,it+lb+nl+pt
data,pt,A2,504,Flugplatz,lidlauks,Lidlauks,FAMILY_COPY_STRICT,it+lb+nl+pt
data,pl,A2,504,Flugplatz,lidlauks,Lotnisko,FAMILY_COPY_STRICT,pl+sq+tr
data,sq,A2,504,Flugplatz,lidlauks,Lotnisko,FAMILY_COPY_STRICT,pl+sq+tr
data,tr,A2,504,Flugplatz,lidlauks,Lotnisko,FAMILY_COPY_STRICT,pl+sq+tr
data,hr,A2,505,Flur,priekšnams • koridors,Хол • Коридор,SCRIPT_MISMATCH,
data,hr,A2,505,Flur,priekšnams • koridors,Хол • Коридор,MARKER_LEAK,foreign_script
data,it,A2,505,Flur,priekšnams • koridors,Priekšnams • Coridors,LV_DIACRITIC,
data,lb,A2,505,Flur,priekšnams • koridors,Priekšnams • Koridors,SAME_AS_LV_CASEFOLD,casefold_only
data,lb,A2,505,Flur,priekšnams • koridors,Priekšnams • Koridors,LV_DIACRITIC,
data,nl,A2,505,Flur,priekšnams • koridors,Priekšnams • Koridors,SAME_AS_LV_CASEFOLD,casefold_only
data,nl,A2,505,Flur,priekšnams • koridors,Priekšnams • Koridors,LV_DIACRITIC,
data,pt,A2,505,Flur,priekšnams • koridors,Priekšnams • Corredores,LV_DIACRITIC,
data,sl,A2,505,Flur,priekšnams • koridors,priekšnams • koridors,SAME_AS_LV_CASEFOLD,exact
data,bg,A2,505,Flur,priekšnams • koridors,Хол • Коридор,FAMILY_COPY_STRICT,bg+hr+mk+sr
data,hr,A2,505,Flur,priekšnams • koridors,Хол • Коридор,FAMILY_COPY_STRICT,bg+hr+mk+sr
data,mk,A2,505,Flur,priekšnams • koridors,Хол • Коридор,FAMILY_COPY_STRICT,bg+hr+mk+sr
data,sr,A2,505,Flur,priekšnams • koridors,Хол • Коридор,FAMILY_COPY_STRICT,bg+hr+mk+sr
data,fi,A2,505,Flur,priekšnams • koridors,Esik • Koridor,FAMILY_COPY_STRICT,fi+sv
data,sv,A2,505,Flur,priekšnams • koridors,Esik • Koridor,FAMILY_COPY_STRICT,fi+sv
data,is,A2,505,Flur,priekšnams • koridors,Esik • Korridorer,FAMILY_COPY_STRICT,is+nb+nn
data,nb,A2,505,Flur,priekšnams • koridors,Esik • Korridorer,FAMILY_COPY_STRICT,is+nb+nn
data,nn,A2,505,Flur,priekšnams • koridors,Esik • Korridorer,FAMILY_COPY_STRICT,is+nb+nn
data,lb,A2,505,Flur,priekšnams • koridors,Priekšnams • Koridors,FAMILY_COPY_STRICT,lb+nl
data,nl,A2,505,Flur,priekšnams • koridors,Priekšnams • Koridors,FAMILY_COPY_STRICT,lb+nl
data,pl,A2,505,Flur,priekšnams • koridors,Hol • Korytarz,FAMILY_COPY_STRICT,pl+sk
data,sk,A2,505,Flur,priekšnams • koridors,Hol • Korytarz,FAMILY_COPY_STRICT,pl+sk
data,sq,A2,505,Flur,priekšnams • koridors,Lobi • Koridor,FAMILY_COPY_STRICT,sq+tr
data,tr,A2,505,Flur,priekšnams • koridors,Lobi • Koridor,FAMILY_COPY_STRICT,sq+tr
data,hr,A2,506,flüstern,čukstēt,Шепнеш,SCRIPT_MISMATCH,
data,hr,A2,506,flüstern,čukstēt,Шепнеш,MARKER_LEAK,foreign_script
data,it,A2,506,flüstern,čukstēt,Cukstēt,LV_DIACRITIC,
data,it,A2,506,flüstern,čukstēt,Cukstēt,MARKER_LEAK,lv_macron_consonant
data,lb,A2,506,flüstern,čukstēt,Čukstēt,SAME_AS_LV_CASEFOLD,casefold_only
data,lb,A2,506,flüstern,čukstēt,Čukstēt,LV_DIACRITIC,
data,lb,A2,506,flüstern,čukstēt,Čukstēt,MARKER_LEAK,lv_macron_consonant
data,nl,A2,506,flüstern,čukstēt,Čukstēt,SAME_AS_LV_CASEFOLD,casefold_only
data,nl,A2,506,flüstern,čukstēt,Čukstēt,LV_DIACRITIC,
data,nl,A2,506,flüstern,čukstēt,Čukstēt,MARKER_LEAK,lv_macron_consonant
data,sl,A2,506,flüstern,čukstēt,čukstēt,SAME_AS_LV_CASEFOLD,exact
data,sl,A2,506,flüstern,čukstēt,čukstēt,LV_DIACRITIC,
data,sl,A2,506,flüstern,čukstēt,čukstēt,MARKER_LEAK,lv_macron_consonant
data,sq,A2,506,flüstern,čukstēt,Fısıltı,MARKER_LEAK,tr_soft
data,bg,A2,506,flüstern,čukstēt,Шепнеш,FAMILY_COPY_STRICT,bg+hr+mk+sr
data,hr,A2,506,flüstern,čukstēt,Шепнеш,FAMILY_COPY_STRICT,bg+hr+mk+sr
data,mk,A2,506,flüstern,čukstēt,Шепнеш,FAMILY_COPY_STRICT,bg+hr+mk+sr
data,sr,A2,506,flüstern,čukstēt,Шепнеш,FAMILY_COPY_STRICT,bg+hr+mk+sr
data,fi,A2,506,flüstern,čukstēt,Sosistama,FAMILY_COPY_STRICT,fi+sv
data,sv,A2,506,flüstern,čukstēt,Sosistama,FAMILY_COPY_STRICT,fi+sv
data,is,A2,506,flüstern,čukstēt,Pølsesystem,FAMILY_COPY_STRICT,is+nb+nn
data,nb,A2,506,flüstern,čukstēt,Pølsesystem,FAMILY_COPY_STRICT,is+nb+nn
data,nn,A2,506,flüstern,čukstēt,Pølsesystem,FAMILY_COPY_STRICT,is+nb+nn
data,lb,A2,506,flüstern,čukstēt,Čukstēt,FAMILY_COPY_STRICT,lb+nl
data,nl,A2,506,flüstern,čukstēt,Čukstēt,FAMILY_COPY_STRICT,lb+nl
data,sq,A2,506,flüstern,čukstēt,Fısıltı,FAMILY_COPY_STRICT,sq+tr
data,tr,A2,506,flüstern,čukstēt,Fısıltı,FAMILY_COPY_STRICT,sq+tr
data,hr,A2,507,föhnen,žāvēt matus ar fēnu,Изсушете косата със сешоар,SCRIPT_MISMATCH,
data,hr,A2,507,föhnen,žāvēt matus ar fēnu,Изсушете косата със сешоар,MARKER_LEAK,foreign_script
data,it,A2,507,föhnen,žāvēt matus ar fēnu,Žāvēt matus ar fēnu,SAME_AS_LV_CASEFOLD,casefold_only
data,it,A2,507,föhnen,žāvēt matus ar fēnu,Žāvēt matus ar fēnu,LV_DIACRITIC,
data,it,A2,507,föhnen,žāvēt matus ar fēnu,Žāvēt matus ar fēnu,MARKER_LEAK,lv_macron_consonant
data,lb,A2,507,föhnen,žāvēt matus ar fēnu,Žāvēt matus ar fēnu,SAME_AS_LV_CASEFOLD,casefold_only
data,lb,A2,507,föhnen,žāvēt matus ar fēnu,Žāvēt matus ar fēnu,LV_DIACRITIC,
data,lb,A2,507,föhnen,žāvēt matus ar fēnu,Žāvēt matus ar fēnu,MARKER_LEAK,lv_macron_consonant
data,nl,A2,507,föhnen,žāvēt matus ar fēnu,Žāvēt matus ar fēnu,SAME_AS_LV_CASEFOLD,casefold_only
data,nl,A2,507,föhnen,žāvēt matus ar fēnu,Žāvēt matus ar fēnu,LV_DIACRITIC,
data,nl,A2,507,föhnen,žāvēt matus ar fēnu,Žāvēt matus ar fēnu,MARKER_LEAK,lv_macron_consonant
data,pt,A2,507,föhnen,žāvēt matus ar fēnu,Žāvēt matus ar fēnu,SAME_AS_LV_CASEFOLD,casefold_only
data,pt,A2,507,föhnen,žāvēt matus ar fēnu,Žāvēt matus ar fēnu,LV_DIACRITIC,
data,pt,A2,507,föhnen,žāvēt matus ar fēnu,Žāvēt matus ar fēnu,MARKER_LEAK,lv_macron_consonant
data,sl,A2,507,föhnen,žāvēt matus ar fēnu,žāvēt matus ar fēnu,SAME_AS_LV_CASEFOLD,exact
data,sl,A2,507,föhnen,žāvēt matus ar fēnu,žāvēt matus ar fēnu,LV_DIACRITIC,
data,sl,A2,507,föhnen,žāvēt matus ar fēnu,žāvēt matus ar fēnu,MARKER_LEAK,lv_macron_consonant
data,sq,A2,507,föhnen,žāvēt matus ar fēnu,Wysuszyć włosy suszarką do włosów,MARKER_LEAK,pl_l_s_z+pl_lt_nasal
data,tr,A2,507,föhnen,žāvēt matus ar fēnu,Wysuszyć włosy suszarką do włosów,MARKER_LEAK,pl_l_s_z+pl_lt_nasal
data,bg,A2,507,föhnen,žāvēt matus ar fēnu,Изсушете косата със сешоар,FAMILY_COPY_STRICT,bg+hr+mk+sr
data,hr,A2,507,föhnen,žāvēt matus ar fēnu,Изсушете косата със сешоар,FAMILY_COPY_STRICT,bg+hr+mk+sr
data,mk,A2,507,föhnen,žāvēt matus ar fēnu,Изсушете косата със сешоар,FAMILY_COPY_STRICT,bg+hr+mk+sr
data,sr,A2,507,föhnen,žāvēt matus ar fēnu,Изсушете косата със сешоар,FAMILY_COPY_STRICT,bg+hr+mk+sr
data,fi,A2,507,föhnen,žāvēt matus ar fēnu,Juukseid fööniga kuivatama,FAMILY_COPY_STRICT,fi+sv
data,sv,A2,507,föhnen,žāvēt matus ar fēnu,Juukseid fööniga kuivatama,FAMILY_COPY_STRICT,fi+sv
data,is,A2,507,föhnen,žāvēt matus ar fēnu,Juukseid hårføner,FAMILY_COPY_STRICT,is+nb+nn
data,nb,A2,507,föhnen,žāvēt matus ar fēnu,Juukseid hårføner,FAMILY_COPY_STRICT,is+nb+nn
data,nn,A2,507,föhnen,žāvēt matus ar fēnu,Juukseid hårføner,FAMILY_COPY_STRICT,is+nb+nn
data,it,A2,507,föhnen,žāvēt matus ar fēnu,Žāvēt matus ar fēnu,FAMILY_COPY_STRICT,it+lb+nl+pt
data,lb,A2,507,föhnen,žāvēt matus ar fēnu,Žāvēt matus ar fēnu,FAMILY_COPY_STRICT,it+lb+nl+pt
data,nl,A2,507,föhnen,žāvēt matus ar fēnu,Žāvēt matus ar fēnu,FAMILY_COPY_STRICT,it+lb+nl+pt
data,pt,A2,507,föhnen,žāvēt matus ar fēnu,Žāvēt matus ar fēnu,FAMILY_COPY_STRICT,it+lb+nl+pt
data,pl,A2,507,föhnen,žāvēt matus ar fēnu,Wysuszyć włosy suszarką do włosów,FAMILY_COPY_STRICT,pl+sq+tr
data,sq,A2,507,föhnen,žāvēt matus ar fēnu,Wysuszyć włosy suszarką do włosów,FAMILY_COPY_STRICT,pl+sq+tr
data,tr,A2,507,föhnen,žāvēt matus ar fēnu,Wysuszyć włosy suszarką do włosów,FAMILY_COPY_STRICT,pl+sq+tr
data,hr,A2,508,folgen,sekot,Следете го,SCRIPT_MISMATCH,
data,hr,A2,508,folgen,sekot,Следете го,MARKER_LEAK,foreign_script
data,lb,A2,508,folgen,sekot,Sekot,SAME_AS_LV_CASEFOLD,casefold_only
data,nl,A2,508,folgen,sekot,Sekot,SAME_AS_LV_CASEFOLD,casefold_only
data,sk,A2,508,folgen,sekot,Podążać,MARKER_LEAK,pl_l_s_z+pl_lt_nasal
data,sl,A2,508,folgen,sekot,sekot,SAME_AS_LV_CASEFOLD,exact
data,fi,A2,508,folgen,sekot,Järgnema,FAMILY_COPY_STRICT,fi+is+nb+nn+sv
data,is,A2,508,folgen,sekot,Järgnema,FAMILY_COPY_STRICT,fi+is+nb+nn+sv
data,nb,A2,508,folgen,sekot,Järgnema,FAMILY_COPY_STRICT,fi+is+nb+nn+sv
data,nn,A2,508,folgen,sekot,Järgnema,FAMILY_COPY_STRICT,fi+is+nb+nn+sv
data,sv,A2,508,folgen,sekot,Järgnema,FAMILY_COPY_STRICT,fi+is+nb+nn+sv
data,hr,A2,508,folgen,sekot,Следете го,FAMILY_COPY_STRICT,hr+mk+sr
data,mk,A2,508,folgen,sekot,Следете го,FAMILY_COPY_STRICT,hr+mk+sr
data,sr,A2,508,folgen,sekot,Следете го,FAMILY_COPY_STRICT,hr+mk+sr
data,it,A2,508,folgen,sekot,Sékot,FAMILY_COPY_STRICT,it+pt
data,pt,A2,508,folgen,sekot,Sékot,FAMILY_COPY_STRICT,it+pt
data,lb,A2,508,folgen,sekot,Sekot,FAMILY_COPY_STRICT,lb+nl
data,nl,A2,508,folgen,sekot,Sekot,FAMILY_COPY_STRICT,lb+nl
data,pl,A2,508,folgen,sekot,Podążać,FAMILY_COPY_STRICT,pl+sk
data,sk,A2,508,folgen,sekot,Podążać,FAMILY_COPY_STRICT,pl+sk
data,sq,A2,508,folgen,sekot,Takip etmek,FAMILY_COPY_STRICT,sq+tr
data,tr,A2,508,folgen,sekot,Takip etmek,FAMILY_COPY_STRICT,sq+tr
data,hr,A2,509,folgend,šāds • nākamais,Следно • Следно,SCRIPT_MISMATCH,
data,hr,A2,509,folgend,šāds • nākamais,Следно • Следно,MARKER_LEAK,foreign_script
data,lb,A2,509,folgend,šāds • nākamais,Šāds • Nākamais,SAME_AS_LV_CASEFOLD,casefold_only
data,lb,A2,509,folgend,šāds • nākamais,Šāds • Nākamais,LV_DIACRITIC,
data,lb,A2,509,folgend,šāds • nākamais,Šāds • Nākamais,MARKER_LEAK,lv_macron_consonant
data,nl,A2,509,folgend,šāds • nākamais,Šāds • Nākamais,SAME_AS_LV_CASEFOLD,casefold_only
data,nl,A2,509,folgend,šāds • nākamais,Šāds • Nākamais,LV_DIACRITIC,
data,nl,A2,509,folgend,šāds • nākamais,Šāds • Nākamais,MARKER_LEAK,lv_macron_consonant
data,sk,A2,509,folgend,šāds • nākamais,Następujące • Następne,MARKER_LEAK,pl_lt_nasal
data,sl,A2,509,folgend,šāds • nākamais,šāds • nākamais,SAME_AS_LV_CASEFOLD,exact
data,sl,A2,509,folgend,šāds • nākamais,šāds • nākamais,LV_DIACRITIC,
data,sl,A2,509,folgend,šāds • nākamais,šāds • nākamais,MARKER_LEAK,lv_macron_consonant
data,fi,A2,509,folgend,šāds • nākamais,Järgnev • Järgmine,FAMILY_COPY_STRICT,fi+sv
data,sv,A2,509,folgend,šāds • nākamais,Järgnev • Järgmine,FAMILY_COPY_STRICT,fi+sv
data,hr,A2,509,folgend,šāds • nākamais,Следно • Следно,FAMILY_COPY_STRICT,hr+mk+sr
data,mk,A2,509,folgend,šāds • nākamais,Следно • Следно,FAMILY_COPY_STRICT,hr+mk+sr
data,sr,A2,509,folgend,šāds • nākamais,Следно • Следно,FAMILY_COPY_STRICT,hr+mk+sr
data,is,A2,509,folgend,šāds • nākamais,Järnev • Neste,FAMILY_COPY_STRICT,is+nb+nn
