tree,lang,level,index,de,lv,value,check,detail
data,pt,B1,681,einheitlich,vienots,Vienots,SAME_AS_LV_CASEFOLD,casefold_only
data,sl,B1,681,einheitlich,vienots,vienots,SAME_AS_LV_CASEFOLD,exact
data,bg,B1,681,einheitlich,vienots,Комбиниран,FAMILY_COPY_STRICT,bg+hr+mk+sr
data,hr,B1,681,einheitlich,vienots,Комбиниран,FAMILY_COPY_STRICT,bg+hr+mk+sr
data,mk,B1,681,einheitlich,vienots,Комбиниран,FAMILY_COPY_STRICT,bg+hr+mk+sr
data,sr,B1,681,einheitlich,vienots,Комбиниран,FAMILY_COPY_STRICT,bg+hr+mk+sr
data,fi,B1,681,einheitlich,vienots,Ühtne,FAMILY_COPY_STRICT,fi+is+nb+nn+sv
data,is,B1,681,einheitlich,vienots,Ühtne,FAMILY_COPY_STRICT,fi+is+nb+nn+sv
data,nb,B1,681,einheitlich,vienots,Ühtne,FAMILY_COPY_STRICT,fi+is+nb+nn+sv
data,nn,B1,681,einheitlich,vienots,Ühtne,FAMILY_COPY_STRICT,fi+is+nb+nn+sv
data,sv,B1,681,einheitlich,vienots,Ühtne,FAMILY_COPY_STRICT,fi+is+nb+nn+sv
data,it,B1,681,einheitlich,vienots,Vienots,FAMILY_COPY_STRICT,it+lb+nl+pt
data,lb,B1,681,einheitlich,vienots,Vienots,FAMILY_COPY_STRICT,it+lb+nl+pt
data,nl,B1,681,einheitlich,vienots,Vienots,FAMILY_COPY_STRICT,it+lb+nl+pt
data,pt,B1,681,einheitlich,vienots,Vienots,FAMILY_COPY_STRICT,it+lb+nl+pt
data,pl,B1,681,einheitlich,vienots,Zjednoczony,FAMILY_COPY_STRICT,pl+sk+sq+tr
data,sk,B1,681,einheitlich,vienots,Zjednoczony,FAMILY_COPY_STRICT,pl+sk+sq+tr
data,sq,B1,681,einheitlich,vienots,Zjednoczony,FAMILY_COPY_STRICT,pl+sk+sq+tr
data,tr,B1,681,einheitlich,vienots,Zjednoczony,FAMILY_COPY_STRICT,pl+sk+sq+tr
data,hr,B1,682,einholen,ievākt,Съберете се,SCRIPT_MISMATCH,
data,hr,B1,682,einholen,ievākt,Съберете се,MARKER_LEAK,foreign_script
data,it,B1,682,einholen,ievākt,Ievākt,SAME_AS_LV_CASEFOLD,casefold_only
data,it,B1,682,einholen,ievākt,Ievākt,LV_DIACRITIC,
data,it,B1,682,einholen,ievākt,Ievākt,MARKER_LEAK,lv_macron_consonant
data,lb,B1,682,einholen,ievākt,Ievākt,SAME_AS_LV_CASEFOLD,casefold_only
data,lb,B1,682,einholen,ievākt,Ievākt,LV_DIACRITIC,
data,lb,B1,682,einholen,ievākt,Ievākt,MARKER_LEAK,lv_macron_consonant
data,nl,B1,682,einholen,ievākt,Ievākt,SAME_AS_LV_CASEFOLD,casefold_only
data,nl,B1,682,einholen,ievākt,Ievākt,LV_DIACRITIC,
data,nl,B1,682,einholen,ievākt,Ievākt,MARKER_LEAK,lv_macron_consonant
data,sl,B1,682,einholen,ievākt,ievākt,SAME_AS_LV_CASEFOLD,exact
data,sl,B1,682,einholen,ievākt,ievākt,LV_DIACRITIC,
data,sl,B1,682,einholen,ievākt,ievākt,MARKER_LEAK,lv_macron_consonant
data,bg,B1,682,einholen,ievākt,Съберете се,FAMILY_COPY_STRICT,bg+hr+mk+sr
data,hr,B1,682,einholen,ievākt,Съберете се,FAMILY_COPY_STRICT,bg+hr+mk+sr
data,mk,B1,682,einholen,ievākt,Съберете се,FAMILY_COPY_STRICT,bg+hr+mk+sr
data,sr,B1,682,einholen,ievākt,Съберете се,FAMILY_COPY_STRICT,bg+hr+mk+sr
data,fi,B1,682,einholen,ievākt,Hankima,FAMILY_COPY_STRICT,fi+is+nb+nn+sv
data,is,B1,682,einholen,ievākt,Hankima,FAMILY_COPY_STRICT,fi+is+nb+nn+sv
data,nb,B1,682,einholen,ievākt,Hankima,FAMILY_COPY_STRICT,fi+is+nb+nn+sv
data,nn,B1,682,einholen,ievākt,Hankima,FAMILY_COPY_STRICT,fi+is+nb+nn+sv
data,sv,B1,682,einholen,ievākt,Hankima,FAMILY_COPY_STRICT,fi+is+nb+nn+sv
data,it,B1,682,einholen,ievākt,Ievākt,FAMILY_COPY_STRICT,it+lb+nl
data,lb,B1,682,einholen,ievākt,Ievākt,FAMILY_COPY_STRICT,it+lb+nl
data,nl,B1,682,einholen,ievākt,Ievākt,FAMILY_COPY_STRICT,it+lb+nl
data,pl,B1,682,einholen,ievākt,Zbierać,FAMILY_COPY_STRICT,pl+sk
data,sk,B1,682,einholen,ievākt,Zbierać,FAMILY_COPY_STRICT,pl+sk
data,sq,B1,682,einholen,ievākt,TOPLAMAK,FAMILY_COPY_STRICT,sq+tr
data,tr,B1,682,einholen,ievākt,TOPLAMAK,FAMILY_COPY_STRICT,sq+tr
data,hr,B1,683,einig,vienisprātis,Съгласен,SCRIPT_MISMATCH,
data,hr,B1,683,einig,vienisprātis,Съгласен,MARKER_LEAK,foreign_script
data,it,B1,683,einig,vienisprātis,Vienisprātis,SAME_AS_LV_CASEFOLD,casefold_only
data,it,B1,683,einig,vienisprātis,Vienisprātis,LV_DIACRITIC,
data,it,B1,683,einig,vienisprātis,Vienisprātis,MARKER_LEAK,lv_macron_consonant
data,lb,B1,683,einig,vienisprātis,Vienisprātis,SAME_AS_LV_CASEFOLD,casefold_only
data,lb,B1,683,einig,vienisprātis,Vienisprātis,LV_DIACRITIC,
data,lb,B1,683,einig,vienisprātis,Vienisprātis,MARKER_LEAK,lv_macron_consonant
data,nl,B1,683,einig,vienisprātis,Vienisprātis,SAME_AS_LV_CASEFOLD,casefold_only
data,nl,B1,683,einig,vienisprātis,Vienisprātis,LV_DIACRITIC,
data,nl,B1,683,einig,vienisprātis,Vienisprātis,MARKER_LEAK,lv_macron_consonant
data,pt,B1,683,einig,vienisprātis,Comesprātis,LV_DIACRITIC,
data,pt,B1,683,einig,vienisprātis,Comesprātis,MARKER_LEAK,lv_macron_consonant
data,sk,B1,683,einig,vienisprātis,Zgadzać się,MARKER_LEAK,pl_lt_nasal
data,sl,B1,683,einig,vienisprātis,vienisprātis,SAME_AS_LV_CASEFOLD,exact
data,sl,B1,683,einig,vienisprātis,vienisprātis,LV_DIACRITIC,
data,sl,B1,683,einig,vienisprātis,vienisprātis,MARKER_LEAK,lv_macron_consonant
data,bg,B1,683,einig,vienisprātis,Съгласен,FAMILY_COPY_STRICT,bg+hr+mk+sr
data,hr,B1,683,einig,vienisprātis,Съгласен,FAMILY_COPY_STRICT,bg+hr+mk+sr
data,mk,B1,683,einig,vienisprātis,Съгласен,FAMILY_COPY_STRICT,bg+hr+mk+sr
data,sr,B1,683,einig,vienisprātis,Съгласен,FAMILY_COPY_STRICT,bg+hr+mk+sr
data,fi,B1,683,einig,vienisprātis,Ühel meelel,FAMILY_COPY_STRICT,fi+sv
data,sv,B1,683,einig,vienisprātis,Ühel meelel,FAMILY_COPY_STRICT,fi+sv
data,is,B1,683,einig,vienisprātis,Ühel meeel,FAMILY_COPY_STRICT,is+nb+nn
data,nb,B1,683,einig,vienisprātis,Ühel meeel,FAMILY_COPY_STRICT,is+nb+nn
data,nn,B1,683,einig,vienisprātis,Ühel meeel,FAMILY_COPY_STRICT,is+nb+nn
data,it,B1,683,einig,vienisprātis,Vienisprātis,FAMILY_COPY_STRICT,it+lb+nl
data,lb,B1,683,einig,vienisprātis,Vienisprātis,FAMILY_COPY_STRICT,it+lb+nl
data,nl,B1,683,einig,vienisprātis,Vienisprātis,FAMILY_COPY_STRICT,it+lb+nl
data,pl,B1,683,einig,vienisprātis,Zgadzać się,FAMILY_COPY_STRICT,pl+sk
data,sk,B1,683,einig,vienisprātis,Zgadzać się,FAMILY_COPY_STRICT,pl+sk
data,sq,B1,683,einig,vienisprātis,Kabul etmek,FAMILY_COPY_STRICT,sq+tr
data,tr,B1,683,einig,vienisprātis,Kabul etmek,FAMILY_COPY_STRICT,sq+tr
data,hr,B1,684,einigen,apvienot,Обединяване,SCRIPT_MISMATCH,
data,hr,B1,684,einigen,apvienot,Обединяване,MARKER_LEAK,foreign_script
data,it,B1,684,einigen,apvienot,Apvienot,SAME_AS_LV_CASEFOLD,casefold_only
data,lb,B1,684,einigen,apvienot,Apvienot,SAME_AS_LV_CASEFOLD,casefold_only
data,nl,B1,684,einigen,apvienot,Apvienot,SAME_AS_LV_CASEFOLD,casefold_only
data,pt,B1,684,einigen,apvienot,Apvienot,SAME_AS_LV_CASEFOLD,casefold_only
data,sl,B1,684,einigen,apvienot,apvienot,SAME_AS_LV_CASEFOLD,exact
data,bg,B1,684,einigen,apvienot,Обединяване,FAMILY_COPY_STRICT,bg+hr+mk+sr
data,hr,B1,684,einigen,apvienot,Обединяване,FAMILY_COPY_STRICT,bg+hr+mk+sr
data,mk,B1,684,einigen,apvienot,Обединяване,FAMILY_COPY_STRICT,bg+hr+mk+sr
data,sr,B1,684,einigen,apvienot,Обединяване,FAMILY_COPY_STRICT,bg+hr+mk+sr
data,fi,B1,684,einigen,apvienot,Ühendama,FAMILY_COPY_STRICT,fi+is+nb+nn+sv
data,is,B1,684,einigen,apvienot,Ühendama,FAMILY_COPY_STRICT,fi+is+nb+nn+sv
data,nb,B1,684,einigen,apvienot,Ühendama,FAMILY_COPY_STRICT,fi+is+nb+nn+sv
data,nn,B1,684,einigen,apvienot,Ühendama,FAMILY_COPY_STRICT,fi+is+nb+nn+sv
data,sv,B1,684,einigen,apvienot,Ühendama,FAMILY_COPY_STRICT,fi+is+nb+nn+sv
data,it,B1,684,einigen,apvienot,Apvienot,FAMILY_COPY_STRICT,it+lb+nl+pt
data,lb,B1,684,einigen,apvienot,Apvienot,FAMILY_COPY_STRICT,it+lb+nl+pt
data,nl,B1,684,einigen,apvienot,Apvienot,FAMILY_COPY_STRICT,it+lb+nl+pt
data,pt,B1,684,einigen,apvienot,Apvienot,FAMILY_COPY_STRICT,it+lb+nl+pt
data,sq,B1,684,einigen,apvienot,Birleştirmek,FAMILY_COPY_STRICT,sq+tr
data,tr,B1,684,einigen,apvienot,Birleştirmek,FAMILY_COPY_STRICT,sq+tr
data,hr,B1,685,sich einigen,vienoties,Съгласен,SCRIPT_MISMATCH,
data,hr,B1,685,sich einigen,vienoties,Съгласен,MARKER_LEAK,foreign_script
data,it,B1,685,sich einigen,vienoties,Vienoties,SAME_AS_LV_CASEFOLD,casefold_only
data,lb,B1,685,sich einigen,vienoties,Vienoties,SAME_AS_LV_CASEFOLD,casefold_only
data,nl,B1,685,sich einigen,vienoties,Vienoties,SAME_AS_LV_CASEFOLD,casefold_only
data,sk,B1,685,sich einigen,vienoties,Zgodzić się,MARKER_LEAK,pl_lt_nasal
data,sl,B1,685,sich einigen,vienoties,vienoties,SAME_AS_LV_CASEFOLD,exact
data,bg,B1,685,sich einigen,vienoties,Съгласен,FAMILY_COPY_STRICT,bg+hr+mk+sr
data,hr,B1,685,sich einigen,vienoties,Съгласен,FAMILY_COPY_STRICT,bg+hr+mk+sr
data,mk,B1,685,sich einigen,vienoties,Съгласен,FAMILY_COPY_STRICT,bg+hr+mk+sr
data,sr,B1,685,sich einigen,vienoties,Съгласен,FAMILY_COPY_STRICT,bg+hr+mk+sr
data,fi,B1,685,sich einigen,vienoties,Kokku leppima,FAMILY_COPY_STRICT,fi+is+nb+nn+sv
data,is,B1,685,sich einigen,vienoties,Kokku leppima,FAMILY_COPY_STRICT,fi+is+nb+nn+sv
data,nb,B1,685,sich einigen,vienoties,Kokku leppima,FAMILY_COPY_STRICT,fi+is+nb+nn+sv
data,nn,B1,685,sich einigen,vienoties,Kokku leppima,FAMILY_COPY_STRICT,fi+is+nb+nn+sv
data,sv,B1,685,sich einigen,vienoties,Kokku leppima,FAMILY_COPY_STRICT,fi+is+nb+nn+sv
data,it,B1,685,sich einigen,vienoties,Vienoties,FAMILY_COPY_STRICT,it+lb+nl
data,lb,B1,685,sich einigen,vienoties,Vienoties,FAMILY_COPY_STRICT,it+lb+nl
data,nl,B1,685,sich einigen,vienoties,Vienoties,FAMILY_COPY_STRICT,it+lb+nl
data,pl,B1,685,sich einigen,vienoties,Zgodzić się,FAMILY_COPY_STRICT,pl+sk
data,sk,B1,685,sich einigen,vienoties,Zgodzić się,FAMILY_COPY_STRICT,pl+sk
data,sq,B1,685,sich einigen,vienoties,Kabul etmek,FAMILY_COPY_STRICT,sq+tr
data,tr,B1,685,sich einigen,vienoties,Kabul etmek,FAMILY_COPY_STRICT,sq+tr
data,hr,B1,686,einigermaßen,puslīdz,Наполовина,SCRIPT_MISMATCH,
data,hr,B1,686,einigermaßen,puslīdz,Наполовина,MARKER_LEAK,foreign_script
data,it,B1,686,einigermaßen,puslīdz,Puslīdz,SAME_AS_LV_CASEFOLD,casefold_only
data,it,B1,686,einigermaßen,puslīdz,Puslīdz,LV_DIACRITIC,
data,it,B1,686,einigermaßen,puslīdz,Puslīdz,MARKER_LEAK,lv_macron_consonant
data,lb,B1,686,einigermaßen,puslīdz,Puslīdz,SAME_AS_LV_CASEFOLD,casefold_only
data,lb,B1,686,einigermaßen,puslīdz,Puslīdz,LV_DIACRITIC,
data,lb,B1,686,einigermaßen,puslīdz,Puslīdz,MARKER_LEAK,lv_macron_consonant
data,nl,B1,686,einigermaßen,puslīdz,Puslīdz,SAME_AS_LV_CASEFOLD,casefold_only
data,nl,B1,686,einigermaßen,puslīdz,Puslīdz,LV_DIACRITIC,
data,nl,B1,686,einigermaßen,puslīdz,Puslīdz,MARKER_LEAK,lv_macron_consonant
data,sk,B1,686,einigermaßen,puslīdz,W połowie drogi,MARKER_LEAK,pl_l_s_z
data,sl,B1,686,einigermaßen,puslīdz,puslīdz,SAME_AS_LV_CASEFOLD,exact
data,sl,B1,686,einigermaßen,puslīdz,puslīdz,LV_DIACRITIC,
data,sl,B1,686,einigermaßen,puslīdz,puslīdz,MARKER_LEAK,lv_macron_consonant
data,sq,B1,686,einigermaßen,puslīdz,Yarı yolda,MARKER_LEAK,tr_soft
data,bg,B1,686,einigermaßen,puslīdz,Наполовина,FAMILY_COPY_STRICT,bg+hr+mk+sr
data,hr,B1,686,einigermaßen,puslīdz,Наполовина,FAMILY_COPY_STRICT,bg+hr+mk+sr
data,mk,B1,686,einigermaßen,puslīdz,Наполовина,FAMILY_COPY_STRICT,bg+hr+mk+sr
data,sr,B1,686,einigermaßen,puslīdz,Наполовина,FAMILY_COPY_STRICT,bg+hr+mk+sr
data,fi,B1,686,einigermaßen,puslīdz,Üpris,FAMILY_COPY_STRICT,fi+is+nb+nn+sv
data,is,B1,686,einigermaßen,puslīdz,Üpris,FAMILY_COPY_STRICT,fi+is+nb+nn+sv
data,nb,B1,686,einigermaßen,puslīdz,Üpris,FAMILY_COPY_STRICT,fi+is+nb+nn+sv
data,nn,B1,686,einigermaßen,puslīdz,Üpris,FAMILY_COPY_STRICT,fi+is+nb+nn+sv
data,sv,B1,686,einigermaßen,puslīdz,Üpris,FAMILY_COPY_STRICT,fi+is+nb+nn+sv
data,it,B1,686,einigermaßen,puslīdz,Puslīdz,FAMILY_COPY_STRICT,it+lb+nl
data,lb,B1,686,einigermaßen,puslīdz,Puslīdz,FAMILY_COPY_STRICT,it+lb+nl
data,nl,B1,686,einigermaßen,puslīdz,Puslīdz,FAMILY_COPY_STRICT,it+lb+nl
data,pl,B1,686,einigermaßen,puslīdz,W połowie drogi,FAMILY_COPY_STRICT,pl+sk
data,sk,B1,686,einigermaßen,puslīdz,W połowie drogi,FAMILY_COPY_STRICT,pl+sk
data,sq,B1,686,einigermaßen,puslīdz,Yarı yolda,FAMILY_COPY_STRICT,sq+tr
data,tr,B1,686,einigermaßen,puslīdz,Yarı yolda,FAMILY_COPY_STRICT,sq+tr
data,hr,B1,687,Einigung,vienošanās,Споразумение,SCRIPT_MISMATCH,
data,hr,B1,687,Einigung,vienošanās,Споразумение,MARKER_LEAK,foreign_script
data,it,B1,687,Einigung,vienošanās,Vienošanās,SAME_AS_LV_CASEFOLD,casefold_only
data,it,B1,687,Einigung,vienošanās,Vienošanās,LV_DIACRITIC,
data,it,B1,687,Einigung,vienošanās,Vienošanās,MARKER_LEAK,lv_macron_consonant
data,lb,B1,687,Einigung,vienošanās,Vienošanās,SAME_AS_LV_CASEFOLD,casefold_only
data,lb,B1,687,Einigung,vienošanās,Vienošanās,LV_DIACRITIC,
data,lb,B1,687,Einigung,vienošanās,Vienošanās,MARKER_LEAK,lv_macron_consonant
data,nl,B1,687,Einigung,vienošanās,Vienošanās,SAME_AS_LV_CASEFOLD,casefold_only
data,nl,B1,687,Einigung,vienošanās,Vienošanās,LV_DIACRITIC,
data,nl,B1,687,Einigung,vienošanās,Vienošanās,MARKER_LEAK,lv_macron_consonant
data,pt,B1,687,Einigung,vienošanās,Vienašanas,LV_DIACRITIC,
data,sl,B1,687,Einigung,vienošanās,vienošanās,SAME_AS_LV_CASEFOLD,exact
data,sl,B1,687,Einigung,vienošanās,vienošanās,LV_DIACRITIC,
data,sl,B1,687,Einigung,vienošanās,vienošanās,MARKER_LEAK,lv_macron_consonant
data,bg,B1,687,Einigung,vienošanās,Споразумение,FAMILY_COPY_STRICT,bg+hr+mk+sr
data,hr,B1,687,Einigung,vienošanās,Споразумение,FAMILY_COPY_STRICT,bg+hr+mk+sr
data,mk,B1,687,Einigung,vienošanās,Споразумение,FAMILY_COPY_STRICT,bg+hr+mk+sr
data,sr,B1,687,Einigung,vienošanās,Споразумение,FAMILY_COPY_STRICT,bg+hr+mk+sr
data,fi,B1,687,Einigung,vienošanās,Kokkulepe,FAMILY_COPY_STRICT,fi+is+nb+nn+sv
data,is,B1,687,Einigung,vienošanās,Kokkulepe,FAMILY_COPY_STRICT,fi+is+nb+nn+sv
data,nb,B1,687,Einigung,vienošanās,Kokkulepe,FAMILY_COPY_STRICT,fi+is+nb+nn+sv
data,nn,B1,687,Einigung,vienošanās,Kokkulepe,FAMILY_COPY_STRICT,fi+is+nb+nn+sv
data,sv,B1,687,Einigung,vienošanās,Kokkulepe,FAMILY_COPY_STRICT,fi+is+nb+nn+sv
data,it,B1,687,Einigung,vienošanās,Vienošanās,FAMILY_COPY_STRICT,it+lb+nl
data,lb,B1,687,Einigung,vienošanās,Vienošanās,FAMILY_COPY_STRICT,it+lb+nl
data,nl,B1,687,Einigung,vienošanās,Vienošanās,FAMILY_COPY_STRICT,it+lb+nl
data,pl,B1,687,Einigung,vienošanās,Porozumienie,FAMILY_COPY_STRICT,pl+sk
data,sk,B1,687,Einigung,vienošanās,Porozumienie,FAMILY_COPY_STRICT,pl+sk
data,sq,B1,687,Einigung,vienošanās,Anlaşma,FAMILY_COPY_STRICT,sq+tr
data,tr,B1,687,Einigung,vienošanās,Anlaşma,FAMILY_COPY_STRICT,sq+tr
data,hr,B1,688,einjährig,viengadīgs,Годишен,SCRIPT_MISMATCH,
data,hr,B1,688,einjährig,viengadīgs,Годишен,MARKER_LEAK,foreign_script
data,it,B1,688,einjährig,viengadīgs,Viengadīgs,SAME_AS_LV_CASEFOLD,casefold_only
data,it,B1,688,einjährig,viengadīgs,Viengadīgs,LV_DIACRITIC,
data,it,B1,688,einjährig,viengadīgs,Viengadīgs,MARKER_LEAK,lv_macron_consonant
data,lb,B1,688,einjährig,viengadīgs,Viengadīgs,SAME_AS_LV_CASEFOLD,casefold_only
data,lb,B1,688,einjährig,viengadīgs,Viengadīgs,LV_DIACRITIC,
data,lb,B1,688,einjährig,viengadīgs,Viengadīgs,MARKER_LEAK,lv_macron_consonant
data,nl,B1,688,einjährig,viengadīgs,Viengadīgs,SAME_AS_LV_CASEFOLD,casefold_only
data,nl,B1,688,einjährig,viengadīgs,Viengadīgs,LV_DIACRITIC,
data,nl,B1,688,einjährig,viengadīgs,Viengadīgs,MARKER_LEAK,lv_macron_consonant
data,sl,B1,688,einjährig,viengadīgs,viengadīgs,SAME_AS_LV_CASEFOLD,exact
data,sl,B1,688,einjährig,viengadīgs,viengadīgs,LV_DIACRITIC,
data,sl,B1,688,einjährig,viengadīgs,viengadīgs,MARKER_LEAK,lv_macron_consonant
data,bg,B1,688,einjährig,viengadīgs,Годишен,FAMILY_COPY_STRICT,bg+hr+mk+sr
data,hr,B1,688,einjährig,viengadīgs,Годишен,FAMILY_COPY_STRICT,bg+hr+mk+sr
data,mk,B1,688,einjährig,viengadīgs,Годишен,FAMILY_COPY_STRICT,bg+hr+mk+sr
data,sr,B1,688,einjährig,viengadīgs,Годишен,FAMILY_COPY_STRICT,bg+hr+mk+sr
data,fi,B1,688,einjährig,viengadīgs,Üheaastane,FAMILY_COPY_STRICT,fi+is+nb+nn+sv
data,is,B1,688,einjährig,viengadīgs,Üheaastane,FAMILY_COPY_STRICT,fi+is+nb+nn+sv
data,nb,B1,688,einjährig,viengadīgs,Üheaastane,FAMILY_COPY_STRICT,fi+is+nb+nn+sv
data,nn,B1,688,einjährig,viengadīgs,Üheaastane,FAMILY_COPY_STRICT,fi+is+nb+nn+sv
data,sv,B1,688,einjährig,viengadīgs,Üheaastane,FAMILY_COPY_STRICT,fi+is+nb+nn+sv
data,it,B1,688,einjährig,viengadīgs,Viengadīgs,FAMILY_COPY_STRICT,it+lb+nl
data,lb,B1,688,einjährig,viengadīgs,Viengadīgs,FAMILY_COPY_STRICT,it+lb+nl
data,nl,B1,688,einjährig,viengadīgs,Viengadīgs,FAMILY_COPY_STRICT,it+lb+nl
data,pl,B1,688,einjährig,viengadīgs,Coroczny,FAMILY_COPY_STRICT,pl+sk+sq+tr
data,sk,B1,688,einjährig,viengadīgs,Coroczny,FAMILY_COPY_STRICT,pl+sk+sq+tr
data,sq,B1,688,einjährig,viengadīgs,Coroczny,FAMILY_COPY_STRICT,pl+sk+sq+tr
data,tr,B1,688,einjährig,viengadīgs,Coroczny,FAMILY_COPY_STRICT,pl+sk+sq+tr
data,hr,B1,689,Einkommen,ienākums,Доходи,SCRIPT_MISMATCH,
data,hr,B1,689,Einkommen,ienākums,Доходи,MARKER_LEAK,foreign_script
data,it,B1,689,Einkommen,ienākums,Ienākums,SAME_AS_LV_CASEFOLD,casefold_only
data,it,B1,689,Einkommen,ienākums,Ienākums,LV_DIACRITIC,
data,it,B1,689,Einkommen,ienākums,Ienākums,MARKER_LEAK,lv_macron_consonant
data,lb,B1,689,Einkommen,ienākums,Ienākums,SAME_AS_LV_CASEFOLD,casefold_only
data,lb,B1,689,Einkommen,ienākums,Ienākums,LV_DIACRITIC,
data,lb,B1,689,Einkommen,ienākums,Ienākums,MARKER_LEAK,lv_macron_consonant
data,nl,B1,689,Einkommen,ienākums,Ienākums,SAME_AS_LV_CASEFOLD,casefold_only
data,nl,B1,689,Einkommen,ienākums,Ienākums,LV_DIACRITIC,
data,nl,B1,689,Einkommen,ienākums,Ienākums,MARKER_LEAK,lv_macron_consonant
data,sl,B1,689,Einkommen,ienākums,ienākums,SAME_AS_LV_CASEFOLD,exact
data,sl,B1,689,Einkommen,ienākums,ienākums,LV_DIACRITIC,
data,sl,B1,689,Einkommen,ienākums,ienākums,MARKER_LEAK,lv_macron_consonant
data,bg,B1,689,Einkommen,ienākums,Доходи,FAMILY_COPY_STRICT,bg+hr+mk+sr
data,hr,B1,689,Einkommen,ienākums,Доходи,FAMILY_COPY_STRICT,bg+hr+mk+sr
data,mk,B1,689,Einkommen,ienākums,Доходи,FAMILY_COPY_STRICT,bg+hr+mk+sr
data,sr,B1,689,Einkommen,ienākums,Доходи,FAMILY_COPY_STRICT,bg+hr+mk+sr
data,fi,B1,689,Einkommen,ienākums,Sissetulek,FAMILY_COPY_STRICT,fi+is+nb+nn+sv
data,is,B1,689,Einkommen,ienākums,Sissetulek,FAMILY_COPY_STRICT,fi+is+nb+nn+sv
data,nb,B1,689,Einkommen,ienākums,Sissetulek,FAMILY_COPY_STRICT,fi+is+nb+nn+sv
data,nn,B1,689,Einkommen,ienākums,Sissetulek,FAMILY_COPY_STRICT,fi+is+nb+nn+sv
data,sv,B1,689,Einkommen,ienākums,Sissetulek,FAMILY_COPY_STRICT,fi+is+nb+nn+sv
data,it,B1,689,Einkommen,ienākums,Ienākums,FAMILY_COPY_STRICT,it+lb+nl
data,lb,B1,689,Einkommen,ienākums,Ienākums,FAMILY_COPY_STRICT,it+lb+nl
data,nl,B1,689,Einkommen,ienākums,Ienākums,FAMILY_COPY_STRICT,it+lb+nl
data,pl,B1,689,Einkommen,ienākums,Dochód,FAMILY_COPY_STRICT,pl+sk
data,sk,B1,689,Einkommen,ienākums,Dochód,FAMILY_COPY_STRICT,pl+sk
data,sq,B1,689,Einkommen,ienākums,Gelir,FAMILY_COPY_STRICT,sq+tr
data,tr,B1,689,Einkommen,ienākums,Gelir,FAMILY_COPY_STRICT,sq+tr
data,hr,B1,690,einlassen,ielaist,Нека влезе,SCRIPT_MISMATCH,
data,hr,B1,690,einlassen,ielaist,Нека влезе,MARKER_LEAK,foreign_script
data,it,B1,690,einlassen,ielaist,Ielaist,SAME_AS_LV_CASEFOLD,casefold_only
data,lb,B1,690,einlassen,ielaist,Ielaist,SAME_AS_LV_CASEFOLD,casefold_only
data,nl,B1,690,einlassen,ielaist,Ielaist,SAME_AS_LV_CASEFOLD,casefold_only
data,sl,B1,690,einlassen,ielaist,ielaist,SAME_AS_LV_CASEFOLD,exact
data,sq,B1,690,einlassen,ielaist,İçeri al,MARKER_LEAK,tr_soft
data,bg,B1,690,einlassen,ielaist,Нека влезе,FAMILY_COPY_STRICT,bg+hr+mk+sr
data,hr,B1,690,einlassen,ielaist,Нека влезе,FAMILY_COPY_STRICT,bg+hr+mk+sr
data,mk,B1,690,einlassen,ielaist,Нека влезе,FAMILY_COPY_STRICT,bg+hr+mk+sr
data,sr,B1,690,einlassen,ielaist,Нека влезе,FAMILY_COPY_STRICT,bg+hr+mk+sr
data,fi,B1,690,einlassen,ielaist,Sisse laskma,FAMILY_COPY_STRICT,fi+is+nb+nn+sv
data,is,B1,690,einlassen,ielaist,Sisse laskma,FAMILY_COPY_STRICT,fi+is+nb+nn+sv
data,nb,B1,690,einlassen,ielaist,Sisse laskma,FAMILY_COPY_STRICT,fi+is+nb+nn+sv
data,nn,B1,690,einlassen,ielaist,Sisse laskma,FAMILY_COPY_STRICT,fi+is+nb+nn+sv
data,sv,B1,690,einlassen,ielaist,Sisse laskma,FAMILY_COPY_STRICT,fi+is+nb+nn+sv
data,it,B1,690,einlassen,ielaist,Ielaist,FAMILY_COPY_STRICT,it+lb+nl
data,lb,B1,690,einlassen,ielaist,Ielaist,FAMILY_COPY_STRICT,it+lb+nl
data,nl,B1,690,einlassen,ielaist,Ielaist,FAMILY_COPY_STRICT,it+lb+nl
data,pl,B1,690,einlassen,ielaist,Wpuszczać,FAMILY_COPY_STRICT,pl+sk
data,sk,B1,690,einlassen,ielaist,Wpuszczać,FAMILY_COPY_STRICT,pl+sk
data,sq,B1,690,einlassen,ielaist,İçeri al,FAMILY_COPY_STRICT,sq+tr
data,tr,B1,690,einlassen,ielaist,İçeri al,FAMILY_COPY_STRICT,sq+tr
data,hr,B1,691,einlegen,ielikt,Поставете,SCRIPT_MISMATCH,
data,hr,B1,691,einlegen,ielikt,Поставете,MARKER_LEAK,foreign_script
data,it,B1,691,einlegen,ielikt,Ielikt,SAME_AS_LV_CASEFOLD,casefold_only
data,lb,B1,691,einlegen,ielikt,Ielikt,SAME_AS_LV_CASEFOLD,casefold_only
data,nl,B1,691,einlegen,ielikt,Ielikt,SAME_AS_LV_CASEFOLD,casefold_only
data,pt,B1,691,einlegen,ielikt,Ielikt,SAME_AS_LV_CASEFOLD,casefold_only
data,sk,B1,691,einlegen,ielikt,Umieścić,MARKER_LEAK,pl_l_s_z
data,sl,B1,691,einlegen,ielikt,ielikt,SAME_AS_LV_CASEFOLD,exact
data,bg,B1,691,einlegen,ielikt,Поставете,FAMILY_COPY_STRICT,bg+hr+mk+sr
data,hr,B1,691,einlegen,ielikt,Поставете,FAMILY_COPY_STRICT,bg+hr+mk+sr
data,mk,B1,691,einlegen,ielikt,Поставете,FAMILY_COPY_STRICT,bg+hr+mk+sr
data,sr,B1,691,einlegen,ielikt,Поставете,FAMILY_COPY_STRICT,bg+hr+mk+sr
data,fi,B1,691,einlegen,ielikt,Sisse panema,FAMILY_COPY_STRICT,fi+is+nb+nn+sv
data,is,B1,691,einlegen,ielikt,Sisse panema,FAMILY_COPY_STRICT,fi+is+nb+nn+sv
data,nb,B1,691,einlegen,ielikt,Sisse panema,FAMILY_COPY_STRICT,fi+is+nb+nn+sv
data,nn,B1,691,einlegen,ielikt,Sisse panema,FAMILY_COPY_STRICT,fi+is+nb+nn+sv
data,sv,B1,691,einlegen,ielikt,Sisse panema,FAMILY_COPY_STRICT,fi+is+nb+nn+sv
data,it,B1,691,einlegen,ielikt,Ielikt,FAMILY_COPY_STRICT,it+lb+nl+pt
data,lb,B1,691,einlegen,ielikt,Ielikt,FAMILY_COPY_STRICT,it+lb+nl+pt
data,nl,B1,691,einlegen,ielikt,Ielikt,FAMILY_COPY_STRICT,it+lb+nl+pt
data,pt,B1,691,einlegen,ielikt,Ielikt,FAMILY_COPY_STRICT,it+lb+nl+pt
data,pl,B1,691,einlegen,ielikt,Umieścić,FAMILY_COPY_STRICT,pl+sk
data,sk,B1,691,einlegen,ielikt,Umieścić,FAMILY_COPY_STRICT,pl+sk
data,hr,B1,692,Einleitung,ievads,Въведение,SCRIPT_MISMATCH,
data,hr,B1,692,Einleitung,ievads,Въведение,MARKER_LEAK,foreign_script
data,it,B1,692,Einleitung,ievads,Ievads,SAME_AS_LV_CASEFOLD,casefold_only
data,lb,B1,692,Einleitung,ievads,Ievads,SAME_AS_LV_CASEFOLD,casefold_only
data,nl,B1,692,Einleitung,ievads,Ievads,SAME_AS_LV_CASEFOLD,casefold_only
data,pt,B1,692,Einleitung,ievads,Ievads,SAME_AS_LV_CASEFOLD,casefold_only
data,sk,B1,692,Einleitung,ievads,Wstęp,MARKER_LEAK,pl_lt_nasal
data,sl,B1,692,Einleitung,ievads,ievads,SAME_AS_LV_CASEFOLD,exact
data,bg,B1,692,Einleitung,ievads,Въведение,FAMILY_COPY_STRICT,bg+hr+mk+sr
data,hr,B1,692,Einleitung,ievads,Въведение,FAMILY_COPY_STRICT,bg+hr+mk+sr
data,mk,B1,692,Einleitung,ievads,Въведение,FAMILY_COPY_STRICT,bg+hr+mk+sr
data,sr,B1,692,Einleitung,ievads,Въведение,FAMILY_COPY_STRICT,bg+hr+mk+sr
data,en,B1,692,Einleitung,ievads,Introduction,FAMILY_COPY_STRICT,en+fr
data,fr,B1,692,Einleitung,ievads,Introduction,FAMILY_COPY_STRICT,en+fr
data,fi,B1,692,Einleitung,ievads,Sissejuhatus,FAMILY_COPY_STRICT,fi+is+nb+nn+sv
data,is,B1,692,Einleitung,ievads,Sissejuhatus,FAMILY_COPY_STRICT,fi+is+nb+nn+sv
data,nb,B1,692,Einleitung,ievads,Sissejuhatus,FAMILY_COPY_STRICT,fi+is+nb+nn+sv
data,nn,B1,692,Einleitung,ievads,Sissejuhatus,FAMILY_COPY_STRICT,fi+is+nb+nn+sv
data,sv,B1,692,Einleitung,ievads,Sissejuhatus,FAMILY_COPY_STRICT,fi+is+nb+nn+sv
data,it,B1,692,Einleitung,ievads,Ievads,FAMILY_COPY_STRICT,it+lb+nl+pt
data,lb,B1,692,Einleitung,ievads,Ievads,FAMILY_COPY_STRICT,it+lb+nl+pt
data,nl,B1,692,Einleitung,ievads,Ievads,FAMILY_COPY_STRICT,it+lb+nl+pt
data,pt,B1,692,Einleitung,ievads,Ievads,FAMILY_COPY_STRICT,it+lb+nl+pt
data,pl,B1,692,Einleitung,ievads,Wstęp,FAMILY_COPY_STRICT,pl+sk
data,sk,B1,692,Einleitung,ievads,Wstęp,FAMILY_COPY_STRICT,pl+sk
data,sq,B1,692,Einleitung,ievads,Giriş,FAMILY_COPY_STRICT,sq+tr
data,tr,B1,692,Einleitung,ievads,Giriş,FAMILY_COPY_STRICT,sq+tr
data,hr,B1,693,sich einmischen,iejaukties,Ставете на патот,SCRIPT_MISMATCH,
data,hr,B1,693,sich einmischen,iejaukties,Ставете на патот,MARKER_LEAK,foreign_script
data,it,B1,693,sich einmischen,iejaukties,Iejaukties,SAME_AS_LV_CASEFOLD,casefold_only
data,lb,B1,693,sich einmischen,iejaukties,Iejaukties,SAME_AS_LV_CASEFOLD,casefold_only
data,nl,B1,693,sich einmischen,iejaukties,Iejaukties,SAME_AS_LV_CASEFOLD,casefold_only
data,pt,B1,693,sich einmischen,iejaukties,Iejaukties,SAME_AS_LV_CASEFOLD,casefold_only
data,sl,B1,693,sich einmischen,iejaukties,iejaukties,SAME_AS_LV_CASEFOLD,exact
data,fi,B1,693,sich einmischen,iejaukties,Sekkuma,FAMILY_COPY_STRICT,fi+is+nb+nn+sv
data,is,B1,693,sich einmischen,iejaukties,Sekkuma,FAMILY_COPY_STRICT,fi+is+nb+nn+sv
data,nb,B1,693,sich einmischen,iejaukties,Sekkuma,FAMILY_COPY_STRICT,fi+is+nb+nn+sv
data,nn,B1,693,sich einmischen,iejaukties,Sekkuma,FAMILY_COPY_STRICT,fi+is+nb+nn+sv
data,sv,B1,693,sich einmischen,iejaukties,Sekkuma,FAMILY_COPY_STRICT,fi+is+nb+nn+sv
data,hr,B1,693,sich einmischen,iejaukties,Ставете на патот,FAMILY_COPY_STRICT,hr+mk+sr
data,mk,B1,693,sich einmischen,iejaukties,Ставете на патот,FAMILY_COPY_STRICT,hr+mk+sr
data,sr,B1,693,sich einmischen,iejaukties,Ставете на патот,FAMILY_COPY_STRICT,hr+mk+sr
data,it,B1,693,sich einmischen,iejaukties,Iejaukties,FAMILY_COPY_STRICT,it+lb+nl+pt
data,lb,B1,693,sich einmischen,iejaukties,Iejaukties,FAMILY_COPY_STRICT,it+lb+nl+pt
data,nl,B1,693,sich einmischen,iejaukties,Iejaukties,FAMILY_COPY_STRICT,it+lb+nl+pt
data,pt,B1,693,sich einmischen,iejaukties,Iejaukties,FAMILY_COPY_STRICT,it+lb+nl+pt
data,sq,B1,693,sich einmischen,iejaukties,Müdahale,FAMILY_COPY_STRICT,sq+tr
data,tr,B1,693,sich einmischen,iejaukties,Müdahale,FAMILY_COPY_STRICT,sq+tr
data,hr,B1,694,Einnahme,ieņēmumi,Доходи,SCRIPT_MISMATCH,
data,hr,B1,694,Einnahme,ieņēmumi,Доходи,MARKER_LEAK,foreign_script
data,it,B1,694,Einnahme,ieņēmumi,Ieņēmumi,SAME_AS_LV_CASEFOLD,casefold_only
data,it,B1,694,Einnahme,ieņēmumi,Ieņēmumi,LV_DIACRITIC,
data,it,B1,694,Einnahme,ieņēmumi,Ieņēmumi,MARKER_LEAK,lv_macron_consonant
data,lb,B1,694,Einnahme,ieņēmumi,Ieņēmumi,SAME_AS_LV_CASEFOLD,casefold_only
data,lb,B1,694,Einnahme,ieņēmumi,Ieņēmumi,LV_DIACRITIC,
data,lb,B1,694,Einnahme,ieņēmumi,Ieņēmumi,MARKER_LEAK,lv_macron_consonant
data,nl,B1,694,Einnahme,ieņēmumi,Ieņēmumi,SAME_AS_LV_CASEFOLD,casefold_only
data,nl,B1,694,Einnahme,ieņēmumi,Ieņēmumi,LV_DIACRITIC,
data,nl,B1,694,Einnahme,ieņēmumi,Ieņēmumi,MARKER_LEAK,lv_macron_consonant
data,pt,B1,694,Einnahme,ieņēmumi,Ieņēmumi,SAME_AS_LV_CASEFOLD,casefold_only
data,pt,B1,694,Einnahme,ieņēmumi,Ieņēmumi,LV_DIACRITIC,
data,pt,B1,694,Einnahme,ieņēmumi,Ieņēmumi,MARKER_LEAK,lv_macron_consonant
data,sl,B1,694,Einnahme,ieņēmumi,ieņēmumi,SAME_AS_LV_CASEFOLD,exact
data,sl,B1,694,Einnahme,ieņēmumi,ieņēmumi,LV_DIACRITIC,
data,sl,B1,694,Einnahme,ieņēmumi,ieņēmumi,MARKER_LEAK,lv_macron_consonant
data,bg,B1,694,Einnahme,ieņēmumi,Доходи,FAMILY_COPY_STRICT,bg+hr+mk+sr
data,hr,B1,694,Einnahme,ieņēmumi,Доходи,FAMILY_COPY_STRICT,bg+hr+mk+sr
data,mk,B1,694,Einnahme,ieņēmumi,Доходи,FAMILY_COPY_STRICT,bg+hr+mk+sr
data,sr,B1,694,Einnahme,ieņēmumi,Доходи,FAMILY_COPY_STRICT,bg+hr+mk+sr
data,fi,B1,694,Einnahme,ieņēmumi,Tulud,FAMILY_COPY_STRICT,fi+is+nb+nn+sv
data,is,B1,694,Einnahme,ieņēmumi,Tulud,FAMILY_COPY_STRICT,fi+is+nb+nn+sv
data,nb,B1,694,Einnahme,ieņēmumi,Tulud,FAMILY_COPY_STRICT,fi+is+nb+nn+sv
data,nn,B1,694,Einnahme,ieņēmumi,Tulud,FAMILY_COPY_STRICT,fi+is+nb+nn+sv
data,sv,B1,694,Einnahme,ieņēmumi,Tulud,FAMILY_COPY_STRICT,fi+is+nb+nn+sv
data,it,B1,694,Einnahme,ieņēmumi,Ieņēmumi,FAMILY_COPY_STRICT,it+lb+nl+pt
data,lb,B1,694,Einnahme,ieņēmumi,Ieņēmumi,FAMILY_COPY_STRICT,it+lb+nl+pt
data,nl,B1,694,Einnahme,ieņēmumi,Ieņēmumi,FAMILY_COPY_STRICT,it+lb+nl+pt
data,pt,B1,694,Einnahme,ieņēmumi,Ieņēmumi,FAMILY_COPY_STRICT,it+lb+nl+pt
data,pl,B1,694,Einnahme,ieņēmumi,Przychody,FAMILY_COPY_STRICT,pl+sk
data,sk,B1,694,Einnahme,ieņēmumi,Przychody,FAMILY_COPY_STRICT,pl+sk
data,sq,B1,694,Einnahme,ieņēmumi,Gelirler,FAMILY_COPY_STRICT,sq+tr
data,tr,B1,694,Einnahme,ieņēmumi,Gelirler,FAMILY_COPY_STRICT,sq+tr
data,fi,B1,695,einnehmen,ieņemt,Sisse võtma,MARKER_LEAK,et_otilde
data,hr,B1,695,einnehmen,ieņemt,Зачеване,SCRIPT_MISMATCH,
data,hr,B1,695,einnehmen,ieņemt,Зачеване,MARKER_LEAK,foreign_script
data,is,B1,695,einnehmen,ieņemt,Sisse võtma,MARKER_LEAK,et_otilde
data,it,B1,695,einnehmen,ieņemt,Ieņemt,SAME_AS_LV_CASEFOLD,casefold_only
data,it,B1,695,einnehmen,ieņemt,Ieņemt,LV_DIACRITIC,
data,it,B1,695,einnehmen,ieņemt,Ieņemt,MARKER_LEAK,lv_macron_consonant
data,lb,B1,695,einnehmen,ieņemt,Ieņemt,SAME_AS_LV_CASEFOLD,casefold_only
data,lb,B1,695,einnehmen,ieņemt,Ieņemt,LV_DIACRITIC,
data,lb,B1,695,einnehmen,ieņemt,Ieņemt,MARKER_LEAK,lv_macron_consonant
data,nb,B1,695,einnehmen,ieņemt,Sisse võtma,MARKER_LEAK,et_otilde
data,nl,B1,695,einnehmen,ieņemt,Ieņemt,SAME_AS_LV_CASEFOLD,casefold_only
data,nl,B1,695,einnehmen,ieņemt,Ieņemt,LV_DIACRITIC,
data,nl,B1,695,einnehmen,ieņemt,Ieņemt,MARKER_LEAK,lv_macron_consonant
data,nn,B1,695,einnehmen,ieņemt,Sisse võtma,MARKER_LEAK,et_otilde
data,pt,B1,695,einnehmen,ieņemt,Ieņemt,SAME_AS_LV_CASEFOLD,casefold_only
data,pt,B1,695,einnehmen,ieņemt,Ieņemt,LV_DIACRITIC,
data,pt,B1,695,einnehmen,ieņemt,Ieņemt,MARKER_LEAK,lv_macron_consonant
data,sk,B1,695,einnehmen,ieņemt,Począć,MARKER_LEAK,pl_lt_nasal
data,sl,B1,695,einnehmen,ieņemt,ieņemt,SAME_AS_LV_CASEFOLD,exact
data,sl,B1,695,einnehmen,ieņemt,ieņemt,LV_DIACRITIC,
data,sl,B1,695,einnehmen,ieņemt,ieņemt,MARKER_LEAK,lv_macron_consonant
data,sv,B1,695,einnehmen,ieņemt,Sisse võtma,MARKER_LEAK,et_otilde
data,bg,B1,695,einnehmen,ieņemt,Зачеване,FAMILY_COPY_STRICT,bg+hr+mk+sr
data,hr,B1,695,einnehmen,ieņemt,Зачеване,FAMILY_COPY_STRICT,bg+hr+mk+sr
data,mk,B1,695,einnehmen,ieņemt,Зачеване,FAMILY_COPY_STRICT,bg+hr+mk+sr
data,sr,B1,695,einnehmen,ieņemt,Зачеване,FAMILY_COPY_STRICT,bg+hr+mk+sr
data,fi,B1,695,einnehmen,ieņemt,Sisse võtma,FAMILY_COPY_STRICT,fi+is+nb+nn+sv
data,is,B1,695,einnehmen,ieņemt,Sisse võtma,FAMILY_COPY_STRICT,fi+is+nb+nn+sv
data,nb,B1,695,einnehmen,ieņemt,Sisse võtma,FAMILY_COPY_STRICT,fi+is+nb+nn+sv
data,nn,B1,695,einnehmen,ieņemt,Sisse võtma,FAMILY_COPY_STRICT,fi+is+nb+nn+sv
data,sv,B1,695,einnehmen,ieņemt,Sisse võtma,FAMILY_COPY_STRICT,fi+is+nb+nn+sv
data,it,B1,695,einnehmen,ieņemt,Ieņemt,FAMILY_COPY_STRICT,it+lb+nl+pt
data,lb,B1,695,einnehmen,ieņemt,Ieņemt,FAMILY_COPY_STRICT,it+lb+nl+pt
data,nl,B1,695,einnehmen,ieņemt,Ieņemt,FAMILY_COPY_STRICT,it+lb+nl+pt
data,pt,B1,695,einnehmen,ieņemt,Ieņemt,FAMILY_COPY_STRICT,it+lb+nl+pt
data,pl,B1,695,einnehmen,ieņemt,Począć,FAMILY_COPY_STRICT,pl+sk
data,sk,B1,695,einnehmen,ieņemt,Począć,FAMILY_COPY_STRICT,pl+sk
data,hr,B1,696,einordnen,iekļaut,Включете,SCRIPT_MISMATCH,
data,hr,B1,696,einordnen,iekļaut,Включете,MARKER_LEAK,foreign_script
data,it,B1,696,einordnen,iekļaut,Iekļaut,SAME_AS_LV_CASEFOLD,casefold_only
data,it,B1,696,einordnen,iekļaut,Iekļaut,LV_DIACRITIC,
data,it,B1,696,einordnen,iekļaut,Iekļaut,MARKER_LEAK,lv_macron_consonant
data,lb,B1,696,einordnen,iekļaut,Iekļaut,SAME_AS_LV_CASEFOLD,casefold_only
data,lb,B1,696,einordnen,iekļaut,Iekļaut,LV_DIACRITIC,
data,lb,B1,696,einordnen,iekļaut,Iekļaut,MARKER_LEAK,lv_macron_consonant
data,nl,B1,696,einordnen,iekļaut,Iekļaut,SAME_AS_LV_CASEFOLD,casefold_only
data,nl,B1,696,einordnen,iekļaut,Iekļaut,LV_DIACRITIC,
data,nl,B1,696,einordnen,iekļaut,Iekļaut,MARKER_LEAK,lv_macron_consonant
data,pt,B1,696,einordnen,iekļaut,Iekļaut,SAME_AS_LV_CASEFOLD,casefold_only
data,pt,B1,696,einordnen,iekļaut,Iekļaut,LV_DIACRITIC,
data,pt,B1,696,einordnen,iekļaut,Iekļaut,MARKER_LEAK,lv_macron_consonant
data,sk,B1,696,einordnen,iekļaut,Uwzględnić,MARKER_LEAK,pl_lt_nasal
data,sl,B1,696,einordnen,iekļaut,iekļaut,SAME_AS_LV_CASEFOLD,exact
data,sl,B1,696,einordnen,iekļaut,iekļaut,LV_DIACRITIC,
data,sl,B1,696,einordnen,iekļaut,iekļaut,MARKER_LEAK,lv_macron_consonant
data,bg,B1,696,einordnen,iekļaut,Включете,FAMILY_COPY_STRICT,bg+hr+mk+sr
data,hr,B1,696,einordnen,iekļaut,Включете,FAMILY_COPY_STRICT,bg+hr+mk+sr
data,mk,B1,696,einordnen,iekļaut,Включете,FAMILY_COPY_STRICT,bg+hr+mk+sr
data,sr,B1,696,einordnen,iekļaut,Включете,FAMILY_COPY_STRICT,bg+hr+mk+sr
data,fi,B1,696,einordnen,iekļaut,Integreerima,FAMILY_COPY_STRICT,fi+is+nb+nn+sv
data,is,B1,696,einordnen,iekļaut,Integreerima,FAMILY_COPY_STRICT,fi+is+nb+nn+sv
data,nb,B1,696,einordnen,iekļaut,Integreerima,FAMILY_COPY_STRICT,fi+is+nb+nn+sv
data,nn,B1,696,einordnen,iekļaut,Integreerima,FAMILY_COPY_STRICT,fi+is+nb+nn+sv
data,sv,B1,696,einordnen,iekļaut,Integreerima,FAMILY_COPY_STRICT,fi+is+nb+nn+sv
data,it,B1,696,einordnen,iekļaut,Iekļaut,FAMILY_COPY_STRICT,it+lb+nl+pt
data,lb,B1,696,einordnen,iekļaut,Iekļaut,FAMILY_COPY_STRICT,it+lb+nl+pt
data,nl,B1,696,einordnen,iekļaut,Iekļaut,FAMILY_COPY_STRICT,it+lb+nl+pt
data,pt,B1,696,einordnen,iekļaut,Iekļaut,FAMILY_COPY_STRICT,it+lb+nl+pt
data,pl,B1,696,einordnen,iekļaut,Uwzględnić,FAMILY_COPY_STRICT,pl+sk
data,sk,B1,696,einordnen,iekļaut,Uwzględnić,FAMILY_COPY_STRICT,pl+sk
data,sk,B1,697,einreichen,iesniegt,Składać,MARKER_LEAK,pl_l_s_z
data,sl,B1,697,einreichen,iesniegt,iesniegt,SAME_AS_LV_CASEFOLD,exact
data,sq,B1,697,einreichen,iesniegt,Składać,MARKER_LEAK,pl_l_s_z
data,sr,B1,697,einreichen,iesniegt,Pošlji v pregled,LV_DIACRITIC,
data,sr,B1,697,einreichen,iesniegt,Pošlji v pregled,SCRIPT_MISMATCH,sr_as_cyrillic
data,sr,B1,697,einreichen,iesniegt,Pošlji v pregled,MARKER_LEAK,latin_in_cyrillic
data,tr,B1,697,einreichen,iesniegt,Składać,MARKER_LEAK,pl_l_s_z
data,fi,B1,697,einreichen,iesniegt,Esitama,FAMILY_COPY_STRICT,fi+is+nb+nn+sv
data,is,B1,697,einreichen,iesniegt,Esitama,FAMILY_COPY_STRICT,fi+is+nb+nn+sv
data,nb,B1,697,einreichen,iesniegt,Esitama,FAMILY_COPY_STRICT,fi+is+nb+nn+sv
data,nn,B1,697,einreichen,iesniegt,Esitama,FAMILY_COPY_STRICT,fi+is+nb+nn+sv
data,sv,B1,697,einreichen,iesniegt,Esitama,FAMILY_COPY_STRICT,fi+is+nb+nn+sv
data,hr,B1,697,einreichen,iesniegt,Pošlji v pregled,FAMILY_COPY_STRICT,hr+sr
data,sr,B1,697,einreichen,iesniegt,Pošlji v pregled,FAMILY_COPY_STRICT,hr+sr
data,it,B1,697,einreichen,iesniegt,Indienen,FAMILY_COPY_STRICT,it+lb+nl
data,lb,B1,697,einreichen,iesniegt,Indienen,FAMILY_COPY_STRICT,it+lb+nl
data,nl,B1,697,einreichen,iesniegt,Indienen,FAMILY_COPY_STRICT,it+lb+nl
data,pl,B1,697,einreichen,iesniegt,Składać,FAMILY_COPY_STRICT,pl+sk+sq+tr
data,sk,B1,697,einreichen,iesniegt,Składać,FAMILY_COPY_STRICT,pl+sk+sq+tr
data,sq,B1,697,einreichen,iesniegt,Składać,FAMILY_COPY_STRICT,pl+sk+sq+tr
data,tr,B1,697,einreichen,iesniegt,Składać,FAMILY_COPY_STRICT,pl+sk+sq+tr
data,hr,B1,698,Einreise,ieceļošana,Вход,SCRIPT_MISMATCH,
data,hr,B1,698,Einreise,ieceļošana,Вход,MARKER_LEAK,foreign_script
data,it,B1,698,Einreise,ieceļošana,Ieceļošana,SAME_AS_LV_CASEFOLD,casefold_only
data,it,B1,698,Einreise,ieceļošana,Ieceļošana,LV_DIACRITIC,
data,it,B1,698,Einreise,ieceļošana,Ieceļošana,MARKER_LEAK,lv_macron_consonant
data,lb,B1,698,Einreise,ieceļošana,Ieceļošana,SAME_AS_LV_CASEFOLD,casefold_only
data,lb,B1,698,Einreise,ieceļošana,Ieceļošana,LV_DIACRITIC,
data,lb,B1,698,Einreise,ieceļošana,Ieceļošana,MARKER_LEAK,lv_macron_consonant
data,nl,B1,698,Einreise,ieceļošana,Ieceļošana,SAME_AS_LV_CASEFOLD,casefold_only
data,nl,B1,698,Einreise,ieceļošana,Ieceļošana,LV_DIACRITIC,
data,nl,B1,698,Einreise,ieceļošana,Ieceļošana,MARKER_LEAK,lv_macron_consonant
data,pt,B1,698,Einreise,ieceļošana,Ieceļošana,SAME_AS_LV_CASEFOLD,casefold_only
data,pt,B1,698,Einreise,ieceļošana,Ieceļošana,LV_DIACRITIC,
data,pt,B1,698,Einreise,ieceļošana,Ieceļošana,MARKER_LEAK,lv_macron_consonant
data,sl,B1,698,Einreise,ieceļošana,ieceļošana,SAME_AS_LV_CASEFOLD,exact
data,sl,B1,698,Einreise,ieceļošana,ieceļošana,LV_DIACRITIC,
data,sl,B1,698,Einreise,ieceļošana,ieceļošana,MARKER_LEAK,lv_macron_consonant
data,bg,B1,698,Einreise,ieceļošana,Вход,FAMILY_COPY_STRICT,bg+hr+mk+ru+sr
data,hr,B1,698,Einreise,ieceļošana,Вход,FAMILY_COPY_STRICT,bg+hr+mk+ru+sr
data,mk,B1,698,Einreise,ieceļošana,Вход,FAMILY_COPY_STRICT,bg+hr+mk+ru+sr
data,ru,B1,698,Einreise,ieceļošana,Вход,FAMILY_COPY_STRICT,bg+hr+mk+ru+sr
data,sr,B1,698,Einreise,ieceļošana,Вход,FAMILY_COPY_STRICT,bg+hr+mk+ru+sr
data,cs,B1,698,Einreise,ieceļošana,Vstup,FAMILY_COPY_STRICT,cs+sk
data,sk,B1,698,Einreise,ieceļošana,Vstup,FAMILY_COPY_STRICT,cs+sk
data,fi,B1,698,Einreise,ieceļošana,Sisserändamine,FAMILY_COPY_STRICT,fi+is+nb+nn+sv
data,is,B1,698,Einreise,ieceļošana,Sisserändamine,FAMILY_COPY_STRICT,fi+is+nb+nn+sv
data,nb,B1,698,Einreise,ieceļošana,Sisserändamine,FAMILY_COPY_STRICT,fi+is+nb+nn+sv
data,nn,B1,698,Einreise,ieceļošana,Sisserändamine,FAMILY_COPY_STRICT,fi+is+nb+nn+sv
data,sv,B1,698,Einreise,ieceļošana,Sisserändamine,FAMILY_COPY_STRICT,fi+is+nb+nn+sv
data,it,B1,698,Einreise,ieceļošana,Ieceļošana,FAMILY_COPY_STRICT,it+lb+nl+pt
data,lb,B1,698,Einreise,ieceļošana,Ieceļošana,FAMILY_COPY_STRICT,it+lb+nl+pt
data,nl,B1,698,Einreise,ieceļošana,Ieceļošana,FAMILY_COPY_STRICT,it+lb+nl+pt
data,pt,B1,698,Einreise,ieceļošana,Ieceļošana,FAMILY_COPY_STRICT,it+lb+nl+pt
data,sq,B1,698,Einreise,ieceļošana,Giriş,FAMILY_COPY_STRICT,sq+tr
data,tr,B1,698,Einreise,ieceļošana,Giriş,FAMILY_COPY_STRICT,sq+tr
data,hr,B1,699,einrichten,iekārtot,Подредете,SCRIPT_MISMATCH,
data,hr,B1,699,einrichten,iekārtot,Подредете,MARKER_LEAK,foreign_script
data,it,B1,699,einrichten,iekārtot,Iekārtot,SAME_AS_LV_CASEFOLD,casefold_only
data,it,B1,699,einrichten,iekārtot,Iekārtot,LV_DIACRITIC,
data,it,B1,699,einrichten,iekārtot,Iekārtot,MARKER_LEAK,lv_macron_consonant
data,lb,B1,699,einrichten,iekārtot,Iekārtot,SAME_AS_LV_CASEFOLD,casefold_only
data,lb,B1,699,einrichten,iekārtot,Iekārtot,LV_DIACRITIC,
data,lb,B1,699,einrichten,iekārtot,Iekārtot,MARKER_LEAK,lv_macron_consonant
data,nl,B1,699,einrichten,iekārtot,Iekārtot,SAME_AS_LV_CASEFOLD,casefold_only
data,nl,B1,699,einrichten,iekārtot,Iekārtot,LV_DIACRITIC,
data,nl,B1,699,einrichten,iekārtot,Iekārtot,MARKER_LEAK,lv_macron_consonant
data,sl,B1,699,einrichten,iekārtot,iekārtot,SAME_AS_LV_CASEFOLD,exact
data,sl,B1,699,einrichten,iekārtot,iekārtot,LV_DIACRITIC,
data,sl,B1,699,einrichten,iekārtot,iekārtot,MARKER_LEAK,lv_macron_consonant
data,bg,B1,699,einrichten,iekārtot,Подредете,FAMILY_COPY_STRICT,bg+hr+mk+sr
data,hr,B1,699,einrichten,iekārtot,Подредете,FAMILY_COPY_STRICT,bg+hr+mk+sr
data,mk,B1,699,einrichten,iekārtot,Подредете,FAMILY_COPY_STRICT,bg+hr+mk+sr
data,sr,B1,699,einrichten,iekārtot,Подредете,FAMILY_COPY_STRICT,bg+hr+mk+sr
data,fi,B1,699,einrichten,iekārtot,Sisustama,FAMILY_COPY_STRICT,fi+is+nb+nn+sv
data,is,B1,699,einrichten,iekārtot,Sisustama,FAMILY_COPY_STRICT,fi+is+nb+nn+sv
data,nb,B1,699,einrichten,iekārtot,Sisustama,FAMILY_COPY_STRICT,fi+is+nb+nn+sv
data,nn,B1,699,einrichten,iekārtot,Sisustama,FAMILY_COPY_STRICT,fi+is+nb+nn+sv
data,sv,B1,699,einrichten,iekārtot,Sisustama,FAMILY_COPY_STRICT,fi+is+nb+nn+sv
data,it,B1,699,einrichten,iekārtot,Iekārtot,FAMILY_COPY_STRICT,it+lb+nl
data,lb,B1,699,einrichten,iekārtot,Iekārtot,FAMILY_COPY_STRICT,it+lb+nl
data,nl,B1,699,einrichten,iekārtot,Iekārtot,FAMILY_COPY_STRICT,it+lb+nl
data,sq,B1,699,einrichten,iekārtot,Organize et,FAMILY_COPY_STRICT,sq+tr
data,tr,B1,699,einrichten,iekārtot,Organize et,FAMILY_COPY_STRICT,sq+tr
data,hr,B1,700,Einrichtung,iekārta,Средства,SCRIPT_MISMATCH,
data,hr,B1,700,Einrichtung,iekārta,Средства,MARKER_LEAK,foreign_script
data,it,B1,700,Einrichtung,iekārta,Iekārta,SAME_AS_LV_CASEFOLD,casefold_only
data,it,B1,700,Einrichtung,iekārta,Iekārta,LV_DIACRITIC,
data,it,B1,700,Einrichtung,iekārta,Iekārta,MARKER_LEAK,lv_macron_consonant
data,lb,B1,700,Einrichtung,iekārta,Iekārta,SAME_AS_LV_CASEFOLD,casefold_only
data,lb,B1,700,Einrichtung,iekārta,Iekārta,LV_DIACRITIC,
data,lb,B1,700,Einrichtung,iekārta,Iekārta,MARKER_LEAK,lv_macron_consonant
data,nl,B1,700,Einrichtung,iekārta,Iekārta,SAME_AS_LV_CASEFOLD,casefold_only
data,nl,B1,700,Einrichtung,iekārta,Iekārta,LV_DIACRITIC,
data,nl,B1,700,Einrichtung,iekārta,Iekārta,MARKER_LEAK,lv_macron_consonant
data,sl,B1,700,Einrichtung,iekārta,iekārta,SAME_AS_LV_CASEFOLD,exact
data,sl,B1,700,Einrichtung,iekārta,iekārta,LV_DIACRITIC,
data,sl,B1,700,Einrichtung,iekārta,iekārta,MARKER_LEAK,lv_macron_consonant
data,bg,B1,700,Einrichtung,iekārta,Средства,FAMILY_COPY_STRICT,bg+hr+mk+sr
data,hr,B1,700,Einrichtung,iekārta,Средства,FAMILY_COPY_STRICT,bg+hr+mk+sr
data,mk,B1,700,Einrichtung,iekārta,Средства,FAMILY_COPY_STRICT,bg+hr+mk+sr
data,sr,B1,700,Einrichtung,iekārta,Средства,FAMILY_COPY_STRICT,bg+hr+mk+sr
data,fi,B1,700,Einrichtung,iekārta,Seade,FAMILY_COPY_STRICT,fi+sv
data,sv,B1,700,Einrichtung,iekārta,Seade,FAMILY_COPY_STRICT,fi+sv
data,is,B1,700,Einrichtung,iekārta,Frø,FAMILY_COPY_STRICT,is+nb+nn
data,nb,B1,700,Einrichtung,iekārta,Frø,FAMILY_COPY_STRICT,is+nb+nn
data,nn,B1,700,Einrichtung,iekārta,Frø,FAMILY_COPY_STRICT,is+nb+nn
data,it,B1,700,Einrichtung,iekārta,Iekārta,FAMILY_COPY_STRICT,it+lb+nl
data,lb,B1,700,Einrichtung,iekārta,Iekārta,FAMILY_COPY_STRICT,it+lb+nl
data,nl,B1,700,Einrichtung,iekārta,Iekārta,FAMILY_COPY_STRICT,it+lb+nl
data,pl,B1,700,Einrichtung,iekārta,Obiekt,FAMILY_COPY_STRICT,pl+sk
data,sk,B1,700,Einrichtung,iekārta,Obiekt,FAMILY_COPY_STRICT,pl+sk
data,sq,B1,700,Einrichtung,iekārta,Nesne,FAMILY_COPY_STRICT,sq+tr
data,tr,B1,700,Einrichtung,iekārta,Nesne,FAMILY_COPY_STRICT,sq+tr
data,it,B1,701,Einsatz,izmantošana,Izmantošana,SAME_AS_LV_CASEFOLD,casefold_only
data,it,B1,701,Einsatz,izmantošana,Izmantošana,LV_DIACRITIC,
data,lb,B1,701,Einsatz,izmantošana,Izmantošana,SAME_AS_LV_CASEFOLD,casefold_only
data,lb,B1,701,Einsatz,izmantošana,Izmantošana,LV_DIACRITIC,
data,nl,B1,701,Einsatz,izmantošana,Izmantošana,SAME_AS_LV_CASEFOLD,casefold_only
data,nl,B1,701,Einsatz,izmantošana,Izmantošana,LV_DIACRITIC,
data,pt,B1,701,Einsatz,izmantošana,Izmantošana,SAME_AS_LV_CASEFOLD,casefold_only
data,pt,B1,701,Einsatz,izmantošana,Izmantošana,LV_DIACRITIC,
data,sl,B1,701,Einsatz,izmantošana,izmantošana,SAME_AS_LV_CASEFOLD,exact
data,sr,B1,701,Einsatz,izmantošana,Uporaba,SCRIPT_MISMATCH,sr_as_cyrillic
data,sr,B1,701,Einsatz,izmantošana,Uporaba,MARKER_LEAK,latin_in_cyrillic
data,fi,B1,701,Einsatz,izmantošana,Kasutamine,FAMILY_COPY_STRICT,fi+is+nb+nn+sv
data,is,B1,701,Einsatz,izmantošana,Kasutamine,FAMILY_COPY_STRICT,fi+is+nb+nn+sv
data,nb,B1,701,Einsatz,izmantošana,Kasutamine,FAMILY_COPY_STRICT,fi+is+nb+nn+sv
data,nn,B1,701,Einsatz,izmantošana,Kasutamine,FAMILY_COPY_STRICT,fi+is+nb+nn+sv
data,sv,B1,701,Einsatz,izmantošana,Kasutamine,FAMILY_COPY_STRICT,fi+is+nb+nn+sv
data,hr,B1,701,Einsatz,izmantošana,Uporaba,FAMILY_COPY_STRICT,hr+sr
data,sr,B1,701,Einsatz,izmantošana,Uporaba,FAMILY_COPY_STRICT,hr+sr
data,it,B1,701,Einsatz,izmantošana,Izmantošana,FAMILY_COPY_STRICT,it+lb+nl+pt
data,lb,B1,701,Einsatz,izmantošana,Izmantošana,FAMILY_COPY_STRICT,it+lb+nl+pt
data,nl,B1,701,Einsatz,izmantošana,Izmantošana,FAMILY_COPY_STRICT,it+lb+nl+pt
data,pt,B1,701,Einsatz,izmantošana,Izmantošana,FAMILY_COPY_STRICT,it+lb+nl+pt
data,hr,B1,702,einschlagen,iesist,Хит,SCRIPT_MISMATCH,
data,hr,B1,702,einschlagen,iesist,Хит,MARKER_LEAK,foreign_script
data,it,B1,702,einschlagen,iesist,Iesist,SAME_AS_LV_CASEFOLD,casefold_only
data,lb,B1,702,einschlagen,iesist,Iesist,SAME_AS_LV_CASEFOLD,casefold_only
data,nl,B1,702,einschlagen,iesist,Iesist,SAME_AS_LV_CASEFOLD,casefold_only
data,sl,B1,702,einschlagen,iesist,iesist,SAME_AS_LV_CASEFOLD,exact
data,bg,B1,702,einschlagen,iesist,Хит,FAMILY_COPY_STRICT,bg+hr+mk+sr
data,hr,B1,702,einschlagen,iesist,Хит,FAMILY_COPY_STRICT,bg+hr+mk+sr
data,mk,B1,702,einschlagen,iesist,Хит,FAMILY_COPY_STRICT,bg+hr+mk+sr
data,sr,B1,702,einschlagen,iesist,Хит,FAMILY_COPY_STRICT,bg+hr+mk+sr
data,da,B1,702,einschlagen,iesist,Hit,FAMILY_COPY_STRICT,da+en
data,en,B1,702,einschlagen,iesist,Hit,FAMILY_COPY_STRICT,da+en
data,fi,B1,702,einschlagen,iesist,Lööma,FAMILY_COPY_STRICT,fi+is+nb+nn+sv
data,is,B1,702,einschlagen,iesist,Lööma,FAMILY_COPY_STRICT,fi+is+nb+nn+sv
data,nb,B1,702,einschlagen,iesist,Lööma,FAMILY_COPY_STRICT,fi+is+nb+nn+sv
data,nn,B1,702,einschlagen,iesist,Lööma,FAMILY_COPY_STRICT,fi+is+nb+nn+sv
data,sv,B1,702,einschlagen,iesist,Lööma,FAMILY_COPY_STRICT,fi+is+nb+nn+sv
data,it,B1,702,einschlagen,iesist,Iesist,FAMILY_COPY_STRICT,it+lb+nl
data,lb,B1,702,einschlagen,iesist,Iesist,FAMILY_COPY_STRICT,it+lb+nl
data,nl,B1,702,einschlagen,iesist,Iesist,FAMILY_COPY_STRICT,it+lb+nl
data,pl,B1,702,einschlagen,iesist,Uderzyć,FAMILY_COPY_STRICT,pl+sk
data,sk,B1,702,einschlagen,iesist,Uderzyć,FAMILY_COPY_STRICT,pl+sk
data,sq,B1,702,einschlagen,iesist,Grev,FAMILY_COPY_STRICT,sq+tr
data,tr,B1,702,einschlagen,iesist,Grev,FAMILY_COPY_STRICT,sq+tr
data,hr,B1,703,einschließen,ieskaitīt,Брой,SCRIPT_MISMATCH,
data,hr,B1,703,einschließen,ieskaitīt,Брой,MARKER_LEAK,foreign_script
data,it,B1,703,einschließen,ieskaitīt,Ieskaitīt,SAME_AS_LV_CASEFOLD,casefold_only
data,it,B1,703,einschließen,ieskaitīt,Ieskaitīt,LV_DIACRITIC,
data,it,B1,703,einschließen,ieskaitīt,Ieskaitīt,MARKER_LEAK,lv_macron_consonant
data,lb,B1,703,einschließen,ieskaitīt,Ieskaitīt,SAME_AS_LV_CASEFOLD,casefold_only
data,lb,B1,703,einschließen,ieskaitīt,Ieskaitīt,LV_DIACRITIC,
data,lb,B1,703,einschließen,ieskaitīt,Ieskaitīt,MARKER_LEAK,lv_macron_consonant
data,nl,B1,703,einschließen,ieskaitīt,Ieskaitīt,SAME_AS_LV_CASEFOLD,casefold_only
data,nl,B1,703,einschließen,ieskaitīt,Ieskaitīt,LV_DIACRITIC,
data,nl,B1,703,einschließen,ieskaitīt,Ieskaitīt,MARKER_LEAK,lv_macron_consonant
data,pt,B1,703,einschließen,ieskaitīt,Ieskaitīt,SAME_AS_LV_CASEFOLD,casefold_only
data,pt,B1,703,einschließen,ieskaitīt,Ieskaitīt,LV_DIACRITIC,
data,pt,B1,703,einschließen,ieskaitīt,Ieskaitīt,MARKER_LEAK,lv_macron_consonant
data,sl,B1,703,einschließen,ieskaitīt,ieskaitīt,SAME_AS_LV_CASEFOLD,exact
data,sl,B1,703,einschließen,ieskaitīt,ieskaitīt,LV_DIACRITIC,
data,sl,B1,703,einschließen,ieskaitīt,ieskaitīt,MARKER_LEAK,lv_macron_consonant
data,bg,B1,703,einschließen,ieskaitīt,Брой,FAMILY_COPY_STRICT,bg+hr+mk+sr
data,hr,B1,703,einschließen,ieskaitīt,Брой,FAMILY_COPY_STRICT,bg+hr+mk+sr
data,mk,B1,703,einschließen,ieskaitīt,Брой,FAMILY_COPY_STRICT,bg+hr+mk+sr
data,sr,B1,703,einschließen,ieskaitīt,Брой,FAMILY_COPY_STRICT,bg+hr+mk+sr
data,fi,B1,703,einschließen,ieskaitīt,Kaasa arvestama,FAMILY_COPY_STRICT,fi+is+nb+nn+sv
data,is,B1,703,einschließen,ieskaitīt,Kaasa arvestama,FAMILY_COPY_STRICT,fi+is+nb+nn+sv
data,nb,B1,703,einschließen,ieskaitīt,Kaasa arvestama,FAMILY_COPY_STRICT,fi+is+nb+nn+sv
data,nn,B1,703,einschließen,ieskaitīt,Kaasa arvestama,FAMILY_COPY_STRICT,fi+is+nb+nn+sv
data,sv,B1,703,einschließen,ieskaitīt,Kaasa arvestama,FAMILY_COPY_STRICT,fi+is+nb+nn+sv
data,it,B1,703,einschließen,ieskaitīt,Ieskaitīt,FAMILY_COPY_STRICT,it+lb+nl+pt
data,lb,B1,703,einschließen,ieskaitīt,Ieskaitīt,FAMILY_COPY_STRICT,it+lb+nl+pt
data,nl,B1,703,einschließen,ieskaitīt,Ieskaitīt,FAMILY_COPY_STRICT,it+lb+nl+pt
data,pt,B1,703,einschließen,ieskaitīt,Ieskaitīt,FAMILY_COPY_STRICT,it+lb+nl+pt
data,sq,B1,703,einschließen,ieskaitīt,Saymak,FAMILY_COPY_STRICT,sq+tr
data,tr,B1,703,einschließen,ieskaitīt,Saymak,FAMILY_COPY_STRICT,sq+tr
data,hr,B1,704,einschränken,ierobežot,Лимит,SCRIPT_MISMATCH,
data,hr,B1,704,einschränken,ierobežot,Лимит,MARKER_LEAK,foreign_script
data,it,B1,704,einschränken,ierobežot,Ierobežot,SAME_AS_LV_CASEFOLD,casefold_only
data,it,B1,704,einschränken,ierobežot,Ierobežot,LV_DIACRITIC,
data,lb,B1,704,einschränken,ierobežot,Ierobežot,SAME_AS_LV_CASEFOLD,casefold_only
data,lb,B1,704,einschränken,ierobežot,Ierobežot,LV_DIACRITIC,
data,nl,B1,704,einschränken,ierobežot,Ierobežot,SAME_AS_LV_CASEFOLD,casefold_only
data,nl,B1,704,einschränken,ierobežot,Ierobežot,LV_DIACRITIC,
data,sl,B1,704,einschränken,ierobežot,ierobežot,SAME_AS_LV_CASEFOLD,exact
data,sq,B1,704,einschränken,ierobežot,Sınır,MARKER_LEAK,tr_soft
data,bg,B1,704,einschränken,ierobežot,Лимит,FAMILY_COPY_STRICT,bg+hr+mk+sr
data,hr,B1,704,einschränken,ierobežot,Лимит,FAMILY_COPY_STRICT,bg+hr+mk+sr
data,mk,B1,704,einschränken,ierobežot,Лимит,FAMILY_COPY_STRICT,bg+hr+mk+sr
data,sr,B1,704,einschränken,ierobežot,Лимит,FAMILY_COPY_STRICT,bg+hr+mk+sr
data,en,B1,704,einschränken,ierobežot,Limit,FAMILY_COPY_STRICT,en+pl+sk
data,pl,B1,704,einschränken,ierobežot,Limit,FAMILY_COPY_STRICT,en+pl+sk
data,sk,B1,704,einschränken,ierobežot,Limit,FAMILY_COPY_STRICT,en+pl+sk
data,fi,B1,704,einschränken,ierobežot,Piirama,FAMILY_COPY_STRICT,fi+is+nb+nn+sv
data,is,B1,704,einschränken,ierobežot,Piirama,FAMILY_COPY_STRICT,fi+is+nb+nn+sv
data,nb,B1,704,einschränken,ierobežot,Piirama,FAMILY_COPY_STRICT,fi+is+nb+nn+sv
data,nn,B1,704,einschränken,ierobežot,Piirama,FAMILY_COPY_STRICT,fi+is+nb+nn+sv
data,sv,B1,704,einschränken,ierobežot,Piirama,FAMILY_COPY_STRICT,fi+is+nb+nn+sv
data,it,B1,704,einschränken,ierobežot,Ierobežot,FAMILY_COPY_STRICT,it+lb+nl
data,lb,B1,704,einschränken,ierobežot,Ierobežot,FAMILY_COPY_STRICT,it+lb+nl
data,nl,B1,704,einschränken,ierobežot,Ierobežot,FAMILY_COPY_STRICT,it+lb+nl
data,sq,B1,704,einschränken,ierobežot,Sınır,FAMILY_COPY_STRICT,sq+tr
data,tr,B1,704,einschränken,ierobežot,Sınır,FAMILY_COPY_STRICT,sq+tr
data,hr,B1,705,Einschreiben,ierakstīta vēstule,Препоръчано писмо,SCRIPT_MISMATCH,
data,hr,B1,705,Einschreiben,ierakstīta vēstule,Препоръчано писмо,MARKER_LEAK,foreign_script
data,it,B1,705,Einschreiben,ierakstīta vēstule,Ierakstīta vēstule,SAME_AS_LV_CASEFOLD,casefold_only
data,it,B1,705,Einschreiben,ierakstīta vēstule,Ierakstīta vēstule,LV_DIACRITIC,
data,it,B1,705,Einschreiben,ierakstīta vēstule,Ierakstīta vēstule,MARKER_LEAK,lv_macron_consonant
data,lb,B1,705,Einschreiben,ierakstīta vēstule,Ierakstīta vēstule,SAME_AS_LV_CASEFOLD,casefold_only
data,lb,B1,705,Einschreiben,ierakstīta vēstule,Ierakstīta vēstule,LV_DIACRITIC,
data,lb,B1,705,Einschreiben,ierakstīta vēstule,Ierakstīta vēstule,MARKER_LEAK,lv_macron_consonant
data,nl,B1,705,Einschreiben,ierakstīta vēstule,Ierakstīta vēstule,SAME_AS_LV_CASEFOLD,casefold_only
data,nl,B1,705,Einschreiben,ierakstīta vēstule,Ierakstīta vēstule,LV_DIACRITIC,
data,nl,B1,705,Einschreiben,ierakstīta vēstule,Ierakstīta vēstule,MARKER_LEAK,lv_macron_consonant
data,pt,B1,705,Einschreiben,ierakstīta vēstule,Vestule Ierakstīta,LV_DIACRITIC,
data,pt,B1,705,Einschreiben,ierakstīta vēstule,Vestule Ierakstīta,MARKER_LEAK,lv_macron_consonant
data,sl,B1,705,Einschreiben,ierakstīta vēstule,ierakstīta vēstule,SAME_AS_LV_CASEFOLD,exact
data,sl,B1,705,Einschreiben,ierakstīta vēstule,ierakstīta vēstule,LV_DIACRITIC,
data,sl,B1,705,Einschreiben,ierakstīta vēstule,ierakstīta vēstule,MARKER_LEAK,lv_macron_consonant
data,bg,B1,705,Einschreiben,ierakstīta vēstule,Препоръчано писмо,FAMILY_COPY_STRICT,bg+hr+mk+sr
data,hr,B1,705,Einschreiben,ierakstīta vēstule,Препоръчано писмо,FAMILY_COPY_STRICT,bg+hr+mk+sr
data,mk,B1,705,Einschreiben,ierakstīta vēstule,Препоръчано писмо,FAMILY_COPY_STRICT,bg+hr+mk+sr
data,sr,B1,705,Einschreiben,ierakstīta vēstule,Препоръчано писмо,FAMILY_COPY_STRICT,bg+hr+mk+sr
data,fi,B1,705,Einschreiben,ierakstīta vēstule,Tähtkiri,FAMILY_COPY_STRICT,fi+is+nb+nn+sv
data,is,B1,705,Einschreiben,ierakstīta vēstule,Tähtkiri,FAMILY_COPY_STRICT,fi+is+nb+nn+sv
data,nb,B1,705,Einschreiben,ierakstīta vēstule,Tähtkiri,FAMILY_COPY_STRICT,fi+is+nb+nn+sv
data,nn,B1,705,Einschreiben,ierakstīta vēstule,Tähtkiri,FAMILY_COPY_STRICT,fi+is+nb+nn+sv
data,sv,B1,705,Einschreiben,ierakstīta vēstule,Tähtkiri,FAMILY_COPY_STRICT,fi+is+nb+nn+sv
data,it,B1,705,Einschreiben,ierakstīta vēstule,Ierakstīta vēstule,FAMILY_COPY_STRICT,it+lb+nl
data,lb,B1,705,Einschreiben,ierakstīta vēstule,Ierakstīta vēstule,FAMILY_COPY_STRICT,it+lb+nl
data,nl,B1,705,Einschreiben,ierakstīta vēstule,Ierakstīta vēstule,FAMILY_COPY_STRICT,it+lb+nl
data,pl,B1,705,Einschreiben,ierakstīta vēstule,List polecony,FAMILY_COPY_STRICT,pl+sk+sq+tr
data,sk,B1,705,Einschreiben,ierakstīta vēstule,List polecony,FAMILY_COPY_STRICT,pl+sk+sq+tr
data,sq,B1,705,Einschreiben,ierakstīta vēstule,List polecony,FAMILY_COPY_STRICT,pl+sk+sq+tr
data,tr,B1,705,Einschreiben,ierakstīta vēstule,List polecony,FAMILY_COPY_STRICT,pl+sk+sq+tr
data,hr,B1,706,einsehen,atzīt,Разпознайте,SCRIPT_MISMATCH,
data,hr,B1,706,einsehen,atzīt,Разпознайте,MARKER_LEAK,foreign_script
data,it,B1,706,einsehen,atzīt,Atzīt,SAME_AS_LV_CASEFOLD,casefold_only
data,it,B1,706,einsehen,atzīt,Atzīt,LV_DIACRITIC,
data,it,B1,706,einsehen,atzīt,Atzīt,MARKER_LEAK,lv_macron_consonant
data,lb,B1,706,einsehen,atzīt,Atzīt,SAME_AS_LV_CASEFOLD,casefold_only
data,lb,B1,706,einsehen,atzīt,Atzīt,LV_DIACRITIC,
data,lb,B1,706,einsehen,atzīt,Atzīt,MARKER_LEAK,lv_macron_consonant
data,nl,B1,706,einsehen,atzīt,Atzīt,SAME_AS_LV_CASEFOLD,casefold_only
data,nl,B1,706,einsehen,atzīt,Atzīt,LV_DIACRITIC,
data,nl,B1,706,einsehen,atzīt,Atzīt,MARKER_LEAK,lv_macron_consonant
data,sl,B1,706,einsehen,atzīt,atzīt,SAME_AS_LV_CASEFOLD,exact
data,sl,B1,706,einsehen,atzīt,atzīt,LV_DIACRITIC,
data,sl,B1,706,einsehen,atzīt,atzīt,MARKER_LEAK,lv_macron_consonant
data,sq,B1,706,einsehen,atzīt,İtiraf etmek,MARKER_LEAK,tr_soft
data,bg,B1,706,einsehen,atzīt,Разпознайте,FAMILY_COPY_STRICT,bg+hr+mk+sr
data,hr,B1,706,einsehen,atzīt,Разпознайте,FAMILY_COPY_STRICT,bg+hr+mk+sr
data,mk,B1,706,einsehen,atzīt,Разпознайте,FAMILY_COPY_STRICT,bg+hr+mk+sr
data,sr,B1,706,einsehen,atzīt,Разпознайте,FAMILY_COPY_STRICT,bg+hr+mk+sr
data,fi,B1,706,einsehen,atzīt,Tunnistama,FAMILY_COPY_STRICT,fi+is+nb+nn+sv
data,is,B1,706,einsehen,atzīt,Tunnistama,FAMILY_COPY_STRICT,fi+is+nb+nn+sv
data,nb,B1,706,einsehen,atzīt,Tunnistama,FAMILY_COPY_STRICT,fi+is+nb+nn+sv
data,nn,B1,706,einsehen,atzīt,Tunnistama,FAMILY_COPY_STRICT,fi+is+nb+nn+sv
data,sv,B1,706,einsehen,atzīt,Tunnistama,FAMILY_COPY_STRICT,fi+is+nb+nn+sv
data,it,B1,706,einsehen,atzīt,Atzīt,FAMILY_COPY_STRICT,it+lb+nl
data,lb,B1,706,einsehen,atzīt,Atzīt,FAMILY_COPY_STRICT,it+lb+nl
data,nl,B1,706,einsehen,atzīt,Atzīt,FAMILY_COPY_STRICT,it+lb+nl
data,sq,B1,706,einsehen,atzīt,İtiraf etmek,FAMILY_COPY_STRICT,sq+tr
data,tr,B1,706,einsehen,atzīt,İtiraf etmek,FAMILY_COPY_STRICT,sq+tr
data,hr,B1,707,einseitig,vienpusīgs,Едностранно,SCRIPT_MISMATCH,
data,hr,B1,707,einseitig,vienpusīgs,Едностранно,MARKER_LEAK,foreign_script
data,it,B1,707,einseitig,vienpusīgs,Vienpusīgs,SAME_AS_LV_CASEFOLD,casefold_only
data,it,B1,707,einseitig,vienpusīgs,Vienpusīgs,LV_DIACRITIC,
data,it,B1,707,einseitig,vienpusīgs,Vienpusīgs,MARKER_LEAK,lv_macron_consonant
data,lb,B1,707,einseitig,vienpusīgs,Vienpusīgs,SAME_AS_LV_CASEFOLD,casefold_only
data,lb,B1,707,einseitig,vienpusīgs,Vienpusīgs,LV_DIACRITIC,
data,lb,B1,707,einseitig,vienpusīgs,Vienpusīgs,MARKER_LEAK,lv_macron_consonant
data,nl,B1,707,einseitig,vienpusīgs,Vienpusīgs,SAME_AS_LV_CASEFOLD,casefold_only
data,nl,B1,707,einseitig,vienpusīgs,Vienpusīgs,LV_DIACRITIC,
data,nl,B1,707,einseitig,vienpusīgs,Vienpusīgs,MARKER_LEAK,lv_macron_consonant
data,sl,B1,707,einseitig,vienpusīgs,vienpusīgs,SAME_AS_LV_CASEFOLD,exact
data,sl,B1,707,einseitig,vienpusīgs,vienpusīgs,LV_DIACRITIC,
data,sl,B1,707,einseitig,vienpusīgs,vienpusīgs,MARKER_LEAK,lv_macron_consonant
data,bg,B1,707,einseitig,vienpusīgs,Едностранно,FAMILY_COPY_STRICT,bg+hr+mk+sr
data,hr,B1,707,einseitig,vienpusīgs,Едностранно,FAMILY_COPY_STRICT,bg+hr+mk+sr
data,mk,B1,707,einseitig,vienpusīgs,Едностранно,FAMILY_COPY_STRICT,bg+hr+mk+sr
data,sr,B1,707,einseitig,vienpusīgs,Едностранно,FAMILY_COPY_STRICT,bg+hr+mk+sr
data,fi,B1,707,einseitig,vienpusīgs,Ühekülgne,FAMILY_COPY_STRICT,fi+is+nb+nn+sv
data,is,B1,707,einseitig,vienpusīgs,Ühekülgne,FAMILY_COPY_STRICT,fi+is+nb+nn+sv
data,nb,B1,707,einseitig,vienpusīgs,Ühekülgne,FAMILY_COPY_STRICT,fi+is+nb+nn+sv
data,nn,B1,707,einseitig,vienpusīgs,Ühekülgne,FAMILY_COPY_STRICT,fi+is+nb+nn+sv
data,sv,B1,707,einseitig,vienpusīgs,Ühekülgne,FAMILY_COPY_STRICT,fi+is+nb+nn+sv
data,it,B1,707,einseitig,vienpusīgs,Vienpusīgs,FAMILY_COPY_STRICT,it+lb+nl
data,lb,B1,707,einseitig,vienpusīgs,Vienpusīgs,FAMILY_COPY_STRICT,it+lb+nl
data,nl,B1,707,einseitig,vienpusīgs,Vienpusīgs,FAMILY_COPY_STRICT,it+lb+nl
data,pl,B1,707,einseitig,vienpusīgs,Jednostronny,FAMILY_COPY_STRICT,pl+sk+sq+tr
data,sk,B1,707,einseitig,vienpusīgs,Jednostronny,FAMILY_COPY_STRICT,pl+sk+sq+tr
data,sq,B1,707,einseitig,vienpusīgs,Jednostronny,FAMILY_COPY_STRICT,pl+sk+sq+tr
data,tr,B1,707,einseitig,vienpusīgs,Jednostronny,FAMILY_COPY_STRICT,pl+sk+sq+tr
data,it,B1,708,einsetzen,izmantot,Izmantot,SAME_AS_LV_CASEFOLD,casefold_only
data,lb,B1,708,einsetzen,izmantot,Izmantot,SAME_AS_LV_CASEFOLD,casefold_only
data,nl,B1,708,einsetzen,izmantot,Izmantot,SAME_AS_LV_CASEFOLD,casefold_only
data,pt,B1,708,einsetzen,izmantot,Izmantot,SAME_AS_LV_CASEFOLD,casefold_only
data,sl,B1,708,einsetzen,izmantot,izmantot,SAME_AS_LV_CASEFOLD,exact
data,sr,B1,708,einsetzen,izmantot,Uporaba,SCRIPT_MISMATCH,sr_as_cyrillic
data,sr,B1,708,einsetzen,izmantot,Uporaba,MARKER_LEAK,latin_in_cyrillic
data,fi,B1,708,einsetzen,izmantot,Kasutama,FAMILY_COPY_STRICT,fi+is+nb+nn+sv
data,is,B1,708,einsetzen,izmantot,Kasutama,FAMILY_COPY_STRICT,fi+is+nb+nn+sv
data,nb,B1,708,einsetzen,izmantot,Kasutama,FAMILY_COPY_STRICT,fi+is+nb+nn+sv
data,nn,B1,708,einsetzen,izmantot,Kasutama,FAMILY_COPY_STRICT,fi+is+nb+nn+sv
data,sv,B1,708,einsetzen,izmantot,Kasutama,FAMILY_COPY_STRICT,fi+is+nb+nn+sv
data,hr,B1,708,einsetzen,izmantot,Uporaba,FAMILY_COPY_STRICT,hr+sr
data,sr,B1,708,einsetzen,izmantot,Uporaba,FAMILY_COPY_STRICT,hr+sr
data,it,B1,708,einsetzen,izmantot,Izmantot,FAMILY_COPY_STRICT,it+lb+nl+pt
data,lb,B1,708,einsetzen,izmantot,Izmantot,FAMILY_COPY_STRICT,it+lb+nl+pt
data,nl,B1,708,einsetzen,izmantot,Izmantot,FAMILY_COPY_STRICT,it+lb+nl+pt
data,pt,B1,708,einsetzen,izmantot,Izmantot,FAMILY_COPY_STRICT,it+lb+nl+pt
data,hr,B1,709,einsperren,ieslodzīt,Затвор,SCRIPT_MISMATCH,
data,hr,B1,709,einsperren,ieslodzīt,Затвор,MARKER_LEAK,foreign_script
data,it,B1,709,einsperren,ieslodzīt,Ieslodzīt,SAME_AS_LV_CASEFOLD,casefold_only
data,it,B1,709,einsperren,ieslodzīt,Ieslodzīt,LV_DIACRITIC,
data,it,B1,709,einsperren,ieslodzīt,Ieslodzīt,MARKER_LEAK,lv_macron_consonant
data,lb,B1,709,einsperren,ieslodzīt,Ieslodzīt,SAME_AS_LV_CASEFOLD,casefold_only
data,lb,B1,709,einsperren,ieslodzīt,Ieslodzīt,LV_DIACRITIC,
data,lb,B1,709,einsperren,ieslodzīt,Ieslodzīt,MARKER_LEAK,lv_macron_consonant
data,nl,B1,709,einsperren,ieslodzīt,Ieslodzīt,SAME_AS_LV_CASEFOLD,casefold_only
data,nl,B1,709,einsperren,ieslodzīt,Ieslodzīt,LV_DIACRITIC,
data,nl,B1,709,einsperren,ieslodzīt,Ieslodzīt,MARKER_LEAK,lv_macron_consonant
data,pt,B1,709,einsperren,ieslodzīt,Ieslodzīt,SAME_AS_LV_CASEFOLD,casefold_only
data,pt,B1,709,einsperren,ieslodzīt,Ieslodzīt,LV_DIACRITIC,
data,pt,B1,709,einsperren,ieslodzīt,Ieslodzīt,MARKER_LEAK,lv_macron_consonant
data,sk,B1,709,einsperren,ieslodzīt,Uwięzić,MARKER_LEAK,pl_lt_nasal
data,sl,B1,709,einsperren,ieslodzīt,ieslodzīt,SAME_AS_LV_CASEFOLD,exact
data,sl,B1,709,einsperren,ieslodzīt,ieslodzīt,LV_DIACRITIC,
data,sl,B1,709,einsperren,ieslodzīt,ieslodzīt,MARKER_LEAK,lv_macron_consonant
data,bg,B1,709,einsperren,ieslodzīt,Затвор,FAMILY_COPY_STRICT,bg+hr+mk+sr
data,hr,B1,709,einsperren,ieslodzīt,Затвор,FAMILY_COPY_STRICT,bg+hr+mk+sr
data,mk,B1,709,einsperren,ieslodzīt,Затвор,FAMILY_COPY_STRICT,bg+hr+mk+sr
data,sr,B1,709,einsperren,ieslodzīt,Затвор,FAMILY_COPY_STRICT,bg+hr+mk+sr
data,fi,B1,709,einsperren,ieslodzīt,Vangistama,FAMILY_COPY_STRICT,fi+is+nb+nn+sv
data,is,B1,709,einsperren,ieslodzīt,Vangistama,FAMILY_COPY_STRICT,fi+is+nb+nn+sv
data,nb,B1,709,einsperren,ieslodzīt,Vangistama,FAMILY_COPY_STRICT,fi+is+nb+nn+sv
data,nn,B1,709,einsperren,ieslodzīt,Vangistama,FAMILY_COPY_STRICT,fi+is+nb+nn+sv
data,sv,B1,709,einsperren,ieslodzīt,Vangistama,FAMILY_COPY_STRICT,fi+is+nb+nn+sv
data,it,B1,709,einsperren,ieslodzīt,Ieslodzīt,FAMILY_COPY_STRICT,it+lb+nl+pt
data,lb,B1,709,einsperren,ieslodzīt,Ieslodzīt,FAMILY_COPY_STRICT,it+lb+nl+pt
data,nl,B1,709,einsperren,ieslodzīt,Ieslodzīt,FAMILY_COPY_STRICT,it+lb+nl+pt
data,pt,B1,709,einsperren,ieslodzīt,Ieslodzīt,FAMILY_COPY_STRICT,it+lb+nl+pt
data,pl,B1,709,einsperren,ieslodzīt,Uwięzić,FAMILY_COPY_STRICT,pl+sk
data,sk,B1,709,einsperren,ieslodzīt,Uwięzić,FAMILY_COPY_STRICT,pl+sk
data,hr,B1,710,einst,kādreiz,Някой ден,SCRIPT_MISMATCH,
data,hr,B1,710,einst,kādreiz,Някой ден,MARKER_LEAK,foreign_script
data,it,B1,710,einst,kādreiz,Kādreiz,SAME_AS_LV_CASEFOLD,casefold_only
data,it,B1,710,einst,kādreiz,Kādreiz,LV_DIACRITIC,
data,it,B1,710,einst,kādreiz,Kādreiz,MARKER_LEAK,lv_macron_consonant
data,lb,B1,710,einst,kādreiz,Kādreiz,SAME_AS_LV_CASEFOLD,casefold_only
data,lb,B1,710,einst,kādreiz,Kādreiz,LV_DIACRITIC,
data,lb,B1,710,einst,kādreiz,Kādreiz,MARKER_LEAK,lv_macron_consonant
data,nl,B1,710,einst,kādreiz,Kādreiz,SAME_AS_LV_CASEFOLD,casefold_only
data,nl,B1,710,einst,kādreiz,Kādreiz,LV_DIACRITIC,
data,nl,B1,710,einst,kādreiz,Kādreiz,MARKER_LEAK,lv_macron_consonant
data,sk,B1,710,einst,kādreiz,Kiedyś,MARKER_LEAK,pl_l_s_z
data,sl,B1,710,einst,kādreiz,kādreiz,SAME_AS_LV_CASEFOLD,exact
data,sl,B1,710,einst,kādreiz,kādreiz,LV_DIACRITIC,
data,sl,B1,710,einst,kādreiz,kādreiz,MARKER_LEAK,lv_macron_consonant
data,bg,B1,710,einst,kādreiz,Някой ден,FAMILY_COPY_STRICT,bg+hr+mk+sr
data,hr,B1,710,einst,kādreiz,Някой ден,FAMILY_COPY_STRICT,bg+hr+mk+sr
data,mk,B1,710,einst,kādreiz,Някой ден,FAMILY_COPY_STRICT,bg+hr+mk+sr
data,sr,B1,710,einst,kādreiz,Някой ден,FAMILY_COPY_STRICT,bg+hr+mk+sr
data,fi,B1,710,einst,kādreiz,Kunagi,FAMILY_COPY_STRICT,fi+is+nb+nn+sv
data,is,B1,710,einst,kādreiz,Kunagi,FAMILY_COPY_STRICT,fi+is+nb+nn+sv
data,nb,B1,710,einst,kādreiz,Kunagi,FAMILY_COPY_STRICT,fi+is+nb+nn+sv
data,nn,B1,710,einst,kādreiz,Kunagi,FAMILY_COPY_STRICT,fi+is+nb+nn+sv
data,sv,B1,710,einst,kādreiz,Kunagi,FAMILY_COPY_STRICT,fi+is+nb+nn+sv
data,it,B1,710,einst,kādreiz,Kādreiz,FAMILY_COPY_STRICT,it+lb+nl
data,lb,B1,710,einst,kādreiz,Kādreiz,FAMILY_COPY_STRICT,it+lb+nl
data,nl,B1,710,einst,kādreiz,Kādreiz,FAMILY_COPY_STRICT,it+lb+nl
data,pl,B1,710,einst,kādreiz,Kiedyś,FAMILY_COPY_STRICT,pl+sk
data,sk,B1,710,einst,kādreiz,Kiedyś,FAMILY_COPY_STRICT,pl+sk
data,sq,B1,710,einst,kādreiz,Bir kere,FAMILY_COPY_STRICT,sq+tr
data,tr,B1,710,einst,kādreiz,Bir kere,FAMILY_COPY_STRICT,sq+tr
data,hr,B1,711,einstecken,iebāzt,Придържайте се към,SCRIPT_MISMATCH,
data,hr,B1,711,einstecken,iebāzt,Придържайте се към,MARKER_LEAK,foreign_script
data,it,B1,711,einstecken,iebāzt,Iebāzt,SAME_AS_LV_CASEFOLD,casefold_only
data,it,B1,711,einstecken,iebāzt,Iebāzt,LV_DIACRITIC,
data,it,B1,711,einstecken,iebāzt,Iebāzt,MARKER_LEAK,lv_macron_consonant
data,lb,B1,711,einstecken,iebāzt,Iebāzt,SAME_AS_LV_CASEFOLD,casefold_only
data,lb,B1,711,einstecken,iebāzt,Iebāzt,LV_DIACRITIC,
data,lb,B1,711,einstecken,iebāzt,Iebāzt,MARKER_LEAK,lv_macron_consonant
data,nl,B1,711,einstecken,iebāzt,Iebāzt,SAME_AS_LV_CASEFOLD,casefold_only
data,nl,B1,711,einstecken,iebāzt,Iebāzt,LV_DIACRITIC,
data,nl,B1,711,einstecken,iebāzt,Iebāzt,MARKER_LEAK,lv_macron_consonant
data,sl,B1,711,einstecken,iebāzt,iebāzt,SAME_AS_LV_CASEFOLD,exact
data,sl,B1,711,einstecken,iebāzt,iebāzt,LV_DIACRITIC,
data,sl,B1,711,einstecken,iebāzt,iebāzt,MARKER_LEAK,lv_macron_consonant
data,bg,B1,711,einstecken,iebāzt,Придържайте се към,FAMILY_COPY_STRICT,bg+hr+mk+sr
data,hr,B1,711,einstecken,iebāzt,Придържайте се към,FAMILY_COPY_STRICT,bg+hr+mk+sr
data,mk,B1,711,einstecken,iebāzt,Придържайте се към,FAMILY_COPY_STRICT,bg+hr+mk+sr
data,sr,B1,711,einstecken,iebāzt,Придържайте се към,FAMILY_COPY_STRICT,bg+hr+mk+sr
data,fi,B1,711,einstecken,iebāzt,Sisse pistma,FAMILY_COPY_STRICT,fi+is+nb+nn+sv
data,is,B1,711,einstecken,iebāzt,Sisse pistma,FAMILY_COPY_STRICT,fi+is+nb+nn+sv
data,nb,B1,711,einstecken,iebāzt,Sisse pistma,FAMILY_COPY_STRICT,fi+is+nb+nn+sv
data,nn,B1,711,einstecken,iebāzt,Sisse pistma,FAMILY_COPY_STRICT,fi+is+nb+nn+sv
data,sv,B1,711,einstecken,iebāzt,Sisse pistma,FAMILY_COPY_STRICT,fi+is+nb+nn+sv
data,it,B1,711,einstecken,iebāzt,Iebāzt,FAMILY_COPY_STRICT,it+lb+nl
data,lb,B1,711,einstecken,iebāzt,Iebāzt,FAMILY_COPY_STRICT,it+lb+nl
data,nl,B1,711,einstecken,iebāzt,Iebāzt,FAMILY_COPY_STRICT,it+lb+nl
data,sq,B1,711,einstecken,iebāzt,Tutmak,FAMILY_COPY_STRICT,sq+tr
data,tr,B1,711,einstecken,iebāzt,Tutmak,FAMILY_COPY_STRICT,sq+tr
data,hr,B1,712,einstellen,noregulēt,Регулирайте,SCRIPT_MISMATCH,
data,hr,B1,712,einstellen,noregulēt,Регулирайте,MARKER_LEAK,foreign_script
data,it,B1,712,einstellen,noregulēt,Noregulēt,SAME_AS_LV_CASEFOLD,casefold_only
data,it,B1,712,einstellen,noregulēt,Noregulēt,LV_DIACRITIC,
data,it,B1,712,einstellen,noregulēt,Noregulēt,MARKER_LEAK,lv_macron_consonant
data,nl,B1,712,einstellen,noregulēt,Noregulēt,SAME_AS_LV_CASEFOLD,casefold_only
data,nl,B1,712,einstellen,noregulēt,Noregulēt,LV_DIACRITIC,
data,nl,B1,712,einstellen,noregulēt,Noregulēt,MARKER_LEAK,lv_macron_consonant
data,sl,B1,712,einstellen,noregulēt,noregulēt,SAME_AS_LV_CASEFOLD,exact
data,sl,B1,712,einstellen,noregulēt,noregulēt,LV_DIACRITIC,
data,sl,B1,712,einstellen,noregulēt,noregulēt,MARKER_LEAK,lv_macron_consonant
data,bg,B1,712,einstellen,noregulēt,Регулирайте,FAMILY_COPY_STRICT,bg+hr+mk+sr
data,hr,B1,712,einstellen,noregulēt,Регулирайте,FAMILY_COPY_STRICT,bg+hr+mk+sr
data,mk,B1,712,einstellen,noregulēt,Регулирайте,FAMILY_COPY_STRICT,bg+hr+mk+sr
data,sr,B1,712,einstellen,noregulēt,Регулирайте,FAMILY_COPY_STRICT,bg+hr+mk+sr
data,fi,B1,712,einstellen,noregulēt,Reguleerima,FAMILY_COPY_STRICT,fi+is+nb+nn+sv
data,is,B1,712,einstellen,noregulēt,Reguleerima,FAMILY_COPY_STRICT,fi+is+nb+nn+sv
data,nb,B1,712,einstellen,noregulēt,Reguleerima,FAMILY_COPY_STRICT,fi+is+nb+nn+sv
data,nn,B1,712,einstellen,noregulēt,Reguleerima,FAMILY_COPY_STRICT,fi+is+nb+nn+sv
data,sv,B1,712,einstellen,noregulēt,Reguleerima,FAMILY_COPY_STRICT,fi+is+nb+nn+sv
data,it,B1,712,einstellen,noregulēt,Noregulēt,FAMILY_COPY_STRICT,it+nl
data,nl,B1,712,einstellen,noregulēt,Noregulēt,FAMILY_COPY_STRICT,it+nl
data,hr,B1,713,einstöckig,vienstāva-,Едноетажна,SCRIPT_MISMATCH,
data,hr,B1,713,einstöckig,vienstāva-,Едноетажна,MARKER_LEAK,foreign_script
data,it,B1,713,einstöckig,vienstāva-,Vienstāva-,SAME_AS_LV_CASEFOLD,casefold_only
data,it,B1,713,einstöckig,vienstāva-,Vienstāva-,LV_DIACRITIC,
data,it,B1,713,einstöckig,vienstāva-,Vienstāva-,MARKER_LEAK,lv_macron_consonant
data,lb,B1,713,einstöckig,vienstāva-,Vienstāva-,SAME_AS_LV_CASEFOLD,casefold_only
data,lb,B1,713,einstöckig,vienstāva-,Vienstāva-,LV_DIACRITIC,
data,lb,B1,713,einstöckig,vienstāva-,Vienstāva-,MARKER_LEAK,lv_macron_consonant
data,nl,B1,713,einstöckig,vienstāva-,Vienstāva-,SAME_AS_LV_CASEFOLD,casefold_only
data,nl,B1,713,einstöckig,vienstāva-,Vienstāva-,LV_DIACRITIC,
data,nl,B1,713,einstöckig,vienstāva-,Vienstāva-,MARKER_LEAK,lv_macron_consonant
data,pt,B1,713,einstöckig,vienstāva-,Vienstāva,LV_DIACRITIC,
data,pt,B1,713,einstöckig,vienstāva-,Vienstāva,MARKER_LEAK,lv_macron_consonant
data,sk,B1,713,einstöckig,vienstāva-,Jednopiętrowy,MARKER_LEAK,pl_lt_nasal
data,sl,B1,713,einstöckig,vienstāva-,vienstāva-,SAME_AS_LV_CASEFOLD,exact
data,sl,B1,713,einstöckig,vienstāva-,vienstāva-,LV_DIACRITIC,
data,sl,B1,713,einstöckig,vienstāva-,vienstāva-,MARKER_LEAK,lv_macron_consonant
data,sq,B1,713,einstöckig,vienstāva-,Tek katlı,MARKER_LEAK,tr_soft
data,bg,B1,713,einstöckig,vienstāva-,Едноетажна,FAMILY_COPY_STRICT,bg+hr+mk+sr
data,hr,B1,713,einstöckig,vienstāva-,Едноетажна,FAMILY_COPY_STRICT,bg+hr+mk+sr
data,mk,B1,713,einstöckig,vienstāva-,Едноетажна,FAMILY_COPY_STRICT,bg+hr+mk+sr
data,sr,B1,713,einstöckig,vienstāva-,Едноетажна,FAMILY_COPY_STRICT,bg+hr+mk+sr
data,fi,B1,713,einstöckig,vienstāva-,Ühekordne,FAMILY_COPY_STRICT,fi+is+nb+nn+sv
data,is,B1,713,einstöckig,vienstāva-,Ühekordne,FAMILY_COPY_STRICT,fi+is+nb+nn+sv
data,nb,B1,713,einstöckig,vienstāva-,Ühekordne,FAMILY_COPY_STRICT,fi+is+nb+nn+sv
data,nn,B1,713,einstöckig,vienstāva-,Ühekordne,FAMILY_COPY_STRICT,fi+is+nb+nn+sv
data,sv,B1,713,einstöckig,vienstāva-,Ühekordne,FAMILY_COPY_STRICT,fi+is+nb+nn+sv
data,it,B1,713,einstöckig,vienstāva-,Vienstāva-,FAMILY_COPY_STRICT,it+lb+nl
data,lb,B1,713,einstöckig,vienstāva-,Vienstāva-,FAMILY_COPY_STRICT,it+lb+nl
data,nl,B1,713,einstöckig,vienstāva-,Vienstāva-,FAMILY_COPY_STRICT,it+lb+nl
data,pl,B1,713,einstöckig,vienstāva-,Jednopiętrowy,FAMILY_COPY_STRICT,pl+sk
data,sk,B1,713,einstöckig,vienstāva-,Jednopiętrowy,FAMILY_COPY_STRICT,pl+sk
data,sq,B1,713,einstöckig,vienstāva-,Tek katlı,FAMILY_COPY_STRICT,sq+tr
data,tr,B1,713,einstöckig,vienstāva-,Tek katlı,FAMILY_COPY_STRICT,sq+tr
data,hr,B1,714,einstürzen,sabrukt,Свиване,SCRIPT_MISMATCH,
data,hr,B1,714,einstürzen,sabrukt,Свиване,MARKER_LEAK,foreign_script
data,it,B1,714,einstürzen,sabrukt,Sabrukt,SAME_AS_LV_CASEFOLD,casefold_only
data,lb,B1,714,einstürzen,sabrukt,Sabrukt,SAME_AS_LV_CASEFOLD,casefold_only
data,nl,B1,714,einstürzen,sabrukt,Sabrukt,SAME_AS_LV_CASEFOLD,casefold_only
data,pt,B1,714,einstürzen,sabrukt,Sabrukt,SAME_AS_LV_CASEFOLD,casefold_only
data,sk,B1,714,einstürzen,sabrukt,Zawalić się,MARKER_LEAK,pl_lt_nasal
data,sl,B1,714,einstürzen,sabrukt,sabrukt,SAME_AS_LV_CASEFOLD,exact
data,sq,B1,714,einstürzen,sabrukt,Yıkılmak,MARKER_LEAK,tr_soft
data,bg,B1,714,einstürzen,sabrukt,Свиване,FAMILY_COPY_STRICT,bg+hr+mk+sr
data,hr,B1,714,einstürzen,sabrukt,Свиване,FAMILY_COPY_STRICT,bg+hr+mk+sr
data,mk,B1,714,einstürzen,sabrukt,Свиване,FAMILY_COPY_STRICT,bg+hr+mk+sr
data,sr,B1,714,einstürzen,sabrukt,Свиване,FAMILY_COPY_STRICT,bg+hr+mk+sr
data,fi,B1,714,einstürzen,sabrukt,Kokku varisema,FAMILY_COPY_STRICT,fi+is+nb+nn+sv
data,is,B1,714,einstürzen,sabrukt,Kokku varisema,FAMILY_COPY_STRICT,fi+is+nb+nn+sv
data,nb,B1,714,einstürzen,sabrukt,Kokku varisema,FAMILY_COPY_STRICT,fi+is+nb+nn+sv
data,nn,B1,714,einstürzen,sabrukt,Kokku varisema,FAMILY_COPY_STRICT,fi+is+nb+nn+sv
data,sv,B1,714,einstürzen,sabrukt,Kokku varisema,FAMILY_COPY_STRICT,fi+is+nb+nn+sv
data,it,B1,714,einstürzen,sabrukt,Sabrukt,FAMILY_COPY_STRICT,it+lb+nl+pt
data,lb,B1,714,einstürzen,sabrukt,Sabrukt,FAMILY_COPY_STRICT,it+lb+nl+pt
data,nl,B1,714,einstürzen,sabrukt,Sabrukt,FAMILY_COPY_STRICT,it+lb+nl+pt
data,pt,B1,714,einstürzen,sabrukt,Sabrukt,FAMILY_COPY_STRICT,it+lb+nl+pt
data,pl,B1,714,einstürzen,sabrukt,Zawalić się,FAMILY_COPY_STRICT,pl+sk
data,sk,B1,714,einstürzen,sabrukt,Zawalić się,FAMILY_COPY_STRICT,pl+sk
data,sq,B1,714,einstürzen,sabrukt,Yıkılmak,FAMILY_COPY_STRICT,sq+tr
data,tr,B1,714,einstürzen,sabrukt,Yıkılmak,FAMILY_COPY_STRICT,sq+tr
data,hr,B1,715,einteilen,iedalīt,Присвояване,SCRIPT_MISMATCH,
data,hr,B1,715,einteilen,iedalīt,Присвояване,MARKER_LEAK,foreign_script
data,it,B1,715,einteilen,iedalīt,Elkealīt,LV_DIACRITIC,
data,it,B1,715,einteilen,iedalīt,Elkealīt,MARKER_LEAK,lv_macron_consonant
data,nl,B1,715,einteilen,iedalīt,Iedalīt,SAME_AS_LV_CASEFOLD,casefold_only
data,nl,B1,715,einteilen,iedalīt,Iedalīt,LV_DIACRITIC,
data,nl,B1,715,einteilen,iedalīt,Iedalīt,MARKER_LEAK,lv_macron_consonant
data,sl,B1,715,einteilen,iedalīt,iedalīt,SAME_AS_LV_CASEFOLD,exact
data,sl,B1,715,einteilen,iedalīt,iedalīt,LV_DIACRITIC,
data,sl,B1,715,einteilen,iedalīt,iedalīt,MARKER_LEAK,lv_macron_consonant
data,bg,B1,715,einteilen,iedalīt,Присвояване,FAMILY_COPY_STRICT,bg+hr+mk+sr
data,hr,B1,715,einteilen,iedalīt,Присвояване,FAMILY_COPY_STRICT,bg+hr+mk+sr
data,mk,B1,715,einteilen,iedalīt,Присвояване,FAMILY_COPY_STRICT,bg+hr+mk+sr
data,sr,B1,715,einteilen,iedalīt,Присвояване,FAMILY_COPY_STRICT,bg+hr+mk+sr
data,fi,B1,715,einteilen,iedalīt,Jaotama,FAMILY_COPY_STRICT,fi+is+nb+nn+sv
data,is,B1,715,einteilen,iedalīt,Jaotama,FAMILY_COPY_STRICT,fi+is+nb+nn+sv
data,nb,B1,715,einteilen,iedalīt,Jaotama,FAMILY_COPY_STRICT,fi+is+nb+nn+sv
data,nn,B1,715,einteilen,iedalīt,Jaotama,FAMILY_COPY_STRICT,fi+is+nb+nn+sv
data,sv,B1,715,einteilen,iedalīt,Jaotama,FAMILY_COPY_STRICT,fi+is+nb+nn+sv
data,pl,B1,715,einteilen,iedalīt,Przypisać,FAMILY_COPY_STRICT,pl+sk
data,sk,B1,715,einteilen,iedalīt,Przypisać,FAMILY_COPY_STRICT,pl+sk
data,sq,B1,715,einteilen,iedalīt,Atamak,FAMILY_COPY_STRICT,sq+tr
data,tr,B1,715,einteilen,iedalīt,Atamak,FAMILY_COPY_STRICT,sq+tr
data,hr,B1,716,eintragen,ierakstīt,Записвайте,SCRIPT_MISMATCH,
data,hr,B1,716,eintragen,ierakstīt,Записвайте,MARKER_LEAK,foreign_script
data,lb,B1,716,eintragen,ierakstīt,Ierakstīt,SAME_AS_LV_CASEFOLD,casefold_only
data,lb,B1,716,eintragen,ierakstīt,Ierakstīt,LV_DIACRITIC,
data,lb,B1,716,eintragen,ierakstīt,Ierakstīt,MARKER_LEAK,lv_macron_consonant
data,nl,B1,716,eintragen,ierakstīt,Ierakstīt,SAME_AS_LV_CASEFOLD,casefold_only
data,nl,B1,716,eintragen,ierakstīt,Ierakstīt,LV_DIACRITIC,
data,nl,B1,716,eintragen,ierakstīt,Ierakstīt,MARKER_LEAK,lv_macron_consonant
data,sl,B1,716,eintragen,ierakstīt,ierakstīt,SAME_AS_LV_CASEFOLD,exact
data,sl,B1,716,eintragen,ierakstīt,ierakstīt,LV_DIACRITIC,
data,sl,B1,716,eintragen,ierakstīt,ierakstīt,MARKER_LEAK,lv_macron_consonant
data,bg,B1,716,eintragen,ierakstīt,Записвайте,FAMILY_COPY_STRICT,bg+hr+mk+sr
data,hr,B1,716,eintragen,ierakstīt,Записвайте,FAMILY_COPY_STRICT,bg+hr+mk+sr
data,mk,B1,716,eintragen,ierakstīt,Записвайте,FAMILY_COPY_STRICT,bg+hr+mk+sr
data,sr,B1,716,eintragen,ierakstīt,Записвайте,FAMILY_COPY_STRICT,bg+hr+mk+sr
data,fi,B1,716,eintragen,ierakstīt,Üles kirjutama,FAMILY_COPY_STRICT,fi+sv
data,sv,B1,716,eintragen,ierakstīt,Üles kirjutama,FAMILY_COPY_STRICT,fi+sv
data,is,B1,716,eintragen,ierakstīt,Üles forfattere,FAMILY_COPY_STRICT,is+nb+nn
data,nb,B1,716,eintragen,ierakstīt,Üles forfattere,FAMILY_COPY_STRICT,is+nb+nn
data,nn,B1,716,eintragen,ierakstīt,Üles forfattere,FAMILY_COPY_STRICT,is+nb+nn
data,lb,B1,716,eintragen,ierakstīt,Ierakstīt,FAMILY_COPY_STRICT,lb+nl
data,nl,B1,716,eintragen,ierakstīt,Ierakstīt,FAMILY_COPY_STRICT,lb+nl
data,nl,B1,717,eintreffen,ierasties,Ierasties,SAME_AS_LV_CASEFOLD,casefold_only
data,sl,B1,717,eintreffen,ierasties,ierasties,SAME_AS_LV_CASEFOLD,exact
data,sr,B1,717,eintreffen,ierasties,Dolazak,SCRIPT_MISMATCH,sr_as_cyrillic
data,sr,B1,717,eintreffen,ierasties,Dolazak,MARKER_LEAK,latin_in_cyrillic
data,fi,B1,717,eintreffen,ierasties,Saabuma,FAMILY_COPY_STRICT,fi+is+nb+nn+sv
data,is,B1,717,eintreffen,ierasties,Saabuma,FAMILY_COPY_STRICT,fi+is+nb+nn+sv
data,nb,B1,717,eintreffen,ierasties,Saabuma,FAMILY_COPY_STRICT,fi+is+nb+nn+sv
data,nn,B1,717,eintreffen,ierasties,Saabuma,FAMILY_COPY_STRICT,fi+is+nb+nn+sv
data,sv,B1,717,eintreffen,ierasties,Saabuma,FAMILY_COPY_STRICT,fi+is+nb+nn+sv
data,hr,B1,717,eintreffen,ierasties,Dolazak,FAMILY_COPY_STRICT,hr+sr
data,sr,B1,717,eintreffen,ierasties,Dolazak,FAMILY_COPY_STRICT,hr+sr
data,hr,B1,718,eintreten,ieiet,Въведете,SCRIPT_MISMATCH,
data,hr,B1,718,eintreten,ieiet,Въведете,MARKER_LEAK,foreign_script
data,it,B1,718,eintreten,ieiet,Ieiet,SAME_AS_LV_CASEFOLD,casefold_only
data,lb,B1,718,eintreten,ieiet,Ieiet,SAME_AS_LV_CASEFOLD,casefold_only
data,nl,B1,718,eintreten,ieiet,Ieiet,SAME_AS_LV_CASEFOLD,casefold_only
data,sl,B1,718,eintreten,ieiet,ieiet,SAME_AS_LV_CASEFOLD,exact
data,bg,B1,718,eintreten,ieiet,Въведете,FAMILY_COPY_STRICT,bg+hr+mk+sr
data,hr,B1,718,eintreten,ieiet,Въведете,FAMILY_COPY_STRICT,bg+hr+mk+sr
data,mk,B1,718,eintreten,ieiet,Въведете,FAMILY_COPY_STRICT,bg+hr+mk+sr
data,sr,B1,718,eintreten,ieiet,Въведете,FAMILY_COPY_STRICT,bg+hr+mk+sr
data,bs,B1,718,eintreten,ieiet,Enter,FAMILY_COPY_STRICT,bs+en
data,en,B1,718,eintreten,ieiet,Enter,FAMILY_COPY_STRICT,bs+en
data,fi,B1,718,eintreten,ieiet,Sisenema,FAMILY_COPY_STRICT,fi+is+nb+nn+sv
data,is,B1,718,eintreten,ieiet,Sisenema,FAMILY_COPY_STRICT,fi+is+nb+nn+sv
data,nb,B1,718,eintreten,ieiet,Sisenema,FAMILY_COPY_STRICT,fi+is+nb+nn+sv
data,nn,B1,718,eintreten,ieiet,Sisenema,FAMILY_COPY_STRICT,fi+is+nb+nn+sv
data,sv,B1,718,eintreten,ieiet,Sisenema,FAMILY_COPY_STRICT,fi+is+nb+nn+sv
data,it,B1,718,eintreten,ieiet,Ieiet,FAMILY_COPY_STRICT,it+lb+nl
data,lb,B1,718,eintreten,ieiet,Ieiet,FAMILY_COPY_STRICT,it+lb+nl
data,nl,B1,718,eintreten,ieiet,Ieiet,FAMILY_COPY_STRICT,it+lb+nl
data,pl,B1,718,eintreten,ieiet,Wchodzić,FAMILY_COPY_STRICT,pl+sk
data,sk,B1,718,eintreten,ieiet,Wchodzić,FAMILY_COPY_STRICT,pl+sk
data,sq,B1,718,eintreten,ieiet,Girmek,FAMILY_COPY_STRICT,sq+tr
data,tr,B1,718,eintreten,ieiet,Girmek,FAMILY_COPY_STRICT,sq+tr
data,hr,B1,719,einwandern,imigrēt,Имигрирајте,SCRIPT_MISMATCH,
data,hr,B1,719,einwandern,imigrēt,Имигрирајте,MARKER_LEAK,foreign_script
data,it,B1,719,einwandern,imigrēt,Imigrēt,SAME_AS_LV_CASEFOLD,casefold_only
data,it,B1,719,einwandern,imigrēt,Imigrēt,LV_DIACRITIC,
data,it,B1,719,einwandern,imigrēt,Imigrēt,MARKER_LEAK,lv_macron_consonant
data,lb,B1,719,einwandern,imigrēt,Imigrēt,SAME_AS_LV_CASEFOLD,casefold_only
data,lb,B1,719,einwandern,imigrēt,Imigrēt,LV_DIACRITIC,
data,lb,B1,719,einwandern,imigrēt,Imigrēt,MARKER_LEAK,lv_macron_consonant
data,nl,B1,719,einwandern,imigrēt,Imigrēt,SAME_AS_LV_CASEFOLD,casefold_only
data,nl,B1,719,einwandern,imigrēt,Imigrēt,LV_DIACRITIC,
data,nl,B1,719,einwandern,imigrēt,Imigrēt,MARKER_LEAK,lv_macron_consonant
data,sl,B1,719,einwandern,imigrēt,imigrēt,SAME_AS_LV_CASEFOLD,exact
data,sl,B1,719,einwandern,imigrēt,imigrēt,LV_DIACRITIC,
data,sl,B1,719,einwandern,imigrēt,imigrēt,MARKER_LEAK,lv_macron_consonant
data,fi,B1,719,einwandern,imigrēt,Immigreeruma,FAMILY_COPY_STRICT,fi+is+nb+nn+sv
data,is,B1,719,einwandern,imigrēt,Immigreeruma,FAMILY_COPY_STRICT,fi+is+nb+nn+sv
data,nb,B1,719,einwandern,imigrēt,Immigreeruma,FAMILY_COPY_STRICT,fi+is+nb+nn+sv
data,nn,B1,719,einwandern,imigrēt,Immigreeruma,FAMILY_COPY_STRICT,fi+is+nb+nn+sv
data,sv,B1,719,einwandern,imigrēt,Immigreeruma,FAMILY_COPY_STRICT,fi+is+nb+nn+sv
data,hr,B1,719,einwandern,imigrēt,Имигрирајте,FAMILY_COPY_STRICT,hr+mk+sr
data,mk,B1,719,einwandern,imigrēt,Имигрирајте,FAMILY_COPY_STRICT,hr+mk+sr
data,sr,B1,719,einwandern,imigrēt,Имигрирајте,FAMILY_COPY_STRICT,hr+mk+sr
data,it,B1,719,einwandern,imigrēt,Imigrēt,FAMILY_COPY_STRICT,it+lb+nl
data,lb,B1,719,einwandern,imigrēt,Imigrēt,FAMILY_COPY_STRICT,it+lb+nl
data,nl,B1,719,einwandern,imigrēt,Imigrēt,FAMILY_COPY_STRICT,it+lb+nl
data,pl,B1,719,einwandern,imigrēt,Wyemigrować,FAMILY_COPY_STRICT,pl+sk
data,sk,B1,719,einwandern,imigrēt,Wyemigrować,FAMILY_COPY_STRICT,pl+sk
data,sq,B1,719,einwandern,imigrēt,Göç et,FAMILY_COPY_STRICT,sq+tr
data,tr,B1,719,einwandern,imigrēt,Göç et,FAMILY_COPY_STRICT,sq+tr
data,hr,B1,720,einwickeln,ietīt,Увийте,SCRIPT_MISMATCH,
data,hr,B1,720,einwickeln,ietīt,Увийте,MARKER_LEAK,foreign_script
data,it,B1,720,einwickeln,ietīt,Ietīt,SAME_AS_LV_CASEFOLD,casefold_only
data,it,B1,720,einwickeln,ietīt,Ietīt,LV_DIACRITIC,
data,it,B1,720,einwickeln,ietīt,Ietīt,MARKER_LEAK,lv_macron_consonant
data,lb,B1,720,einwickeln,ietīt,Ietīt,SAME_AS_LV_CASEFOLD,casefold_only
data,lb,B1,720,einwickeln,ietīt,Ietīt,LV_DIACRITIC,
data,lb,B1,720,einwickeln,ietīt,Ietīt,MARKER_LEAK,lv_macron_consonant
data,nl,B1,720,einwickeln,ietīt,Ietīt,SAME_AS_LV_CASEFOLD,casefold_only
data,nl,B1,720,einwickeln,ietīt,Ietīt,LV_DIACRITIC,
data,nl,B1,720,einwickeln,ietīt,Ietīt,MARKER_LEAK,lv_macron_consonant
data,pt,B1,720,einwickeln,ietīt,Ietīt,SAME_AS_LV_CASEFOLD,casefold_only
data,pt,B1,720,einwickeln,ietīt,Ietīt,LV_DIACRITIC,
data,pt,B1,720,einwickeln,ietīt,Ietīt,MARKER_LEAK,lv_macron_consonant
data,sk,B1,720,einwickeln,ietīt,Owinąć,MARKER_LEAK,pl_lt_nasal
data,sl,B1,720,einwickeln,ietīt,ietīt,SAME_AS_LV_CASEFOLD,exact
data,sl,B1,720,einwickeln,ietīt,ietīt,LV_DIACRITIC,
data,sl,B1,720,einwickeln,ietīt,ietīt,MARKER_LEAK,lv_macron_consonant
data,bg,B1,720,einwickeln,ietīt,Увийте,FAMILY_COPY_STRICT,bg+hr+mk+sr
data,hr,B1,720,einwickeln,ietīt,Увийте,FAMILY_COPY_STRICT,bg+hr+mk+sr
data,mk,B1,720,einwickeln,ietīt,Увийте,FAMILY_COPY_STRICT,bg+hr+mk+sr
data,sr,B1,720,einwickeln,ietīt,Увийте,FAMILY_COPY_STRICT,bg+hr+mk+sr
data,fi,B1,720,einwickeln,ietīt,Mähkima,FAMILY_COPY_STRICT,fi+is+nb+nn+sv
data,is,B1,720,einwickeln,ietīt,Mähkima,FAMILY_COPY_STRICT,fi+is+nb+nn+sv
data,nb,B1,720,einwickeln,ietīt,Mähkima,FAMILY_COPY_STRICT,fi+is+nb+nn+sv
data,nn,B1,720,einwickeln,ietīt,Mähkima,FAMILY_COPY_STRICT,fi+is+nb+nn+sv
data,sv,B1,720,einwickeln,ietīt,Mähkima,FAMILY_COPY_STRICT,fi+is+nb+nn+sv
data,it,B1,720,einwickeln,ietīt,Ietīt,FAMILY_COPY_STRICT,it+lb+nl+pt
data,lb,B1,720,einwickeln,ietīt,Ietīt,FAMILY_COPY_STRICT,it+lb+nl+pt
data,nl,B1,720,einwickeln,ietīt,Ietīt,FAMILY_COPY_STRICT,it+lb+nl+pt
data,pt,B1,720,einwickeln,ietīt,Ietīt,FAMILY_COPY_STRICT,it+lb+nl+pt
data,pl,B1,720,einwickeln,ietīt,Owinąć,FAMILY_COPY_STRICT,pl+sk
data,sk,B1,720,einwickeln,ietīt,Owinąć,FAMILY_COPY_STRICT,pl+sk
data,sq,B1,720,einwickeln,ietīt,Dürüm,FAMILY_COPY_STRICT,sq+tr
data,tr,B1,720,einwickeln,ietīt,Dürüm,FAMILY_COPY_STRICT,sq+tr
data,hr,B1,721,Einzelheit,detaļa,Детайл,SCRIPT_MISMATCH,
data,hr,B1,721,Einzelheit,detaļa,Детайл,MARKER_LEAK,foreign_script
data,it,B1,721,Einzelheit,detaļa,Detaļa,SAME_AS_LV_CASEFOLD,casefold_only
data,it,B1,721,Einzelheit,detaļa,Detaļa,LV_DIACRITIC,
data,it,B1,721,Einzelheit,detaļa,Detaļa,MARKER_LEAK,lv_macron_consonant
data,lb,B1,721,Einzelheit,detaļa,Detaļa,SAME_AS_LV_CASEFOLD,casefold_only
data,lb,B1,721,Einzelheit,detaļa,Detaļa,LV_DIACRITIC,
data,lb,B1,721,Einzelheit,detaļa,Detaļa,MARKER_LEAK,lv_macron_consonant
data,nl,B1,721,Einzelheit,detaļa,Detaļa,SAME_AS_LV_CASEFOLD,casefold_only
data,nl,B1,721,Einzelheit,detaļa,Detaļa,LV_DIACRITIC,
data,nl,B1,721,Einzelheit,detaļa,Detaļa,MARKER_LEAK,lv_macron_consonant
data,sk,B1,721,Einzelheit,detaļa,Szczegół,MARKER_LEAK,pl_l_s_z
data,sl,B1,721,Einzelheit,detaļa,detaļa,SAME_AS_LV_CASEFOLD,exact
data,sl,B1,721,Einzelheit,detaļa,detaļa,LV_DIACRITIC,
data,sl,B1,721,Einzelheit,detaļa,detaļa,MARKER_LEAK,lv_macron_consonant
data,bg,B1,721,Einzelheit,detaļa,Детайл,FAMILY_COPY_STRICT,bg+hr+mk+sr
data,hr,B1,721,Einzelheit,detaļa,Детайл,FAMILY_COPY_STRICT,bg+hr+mk+sr
data,mk,B1,721,Einzelheit,detaļa,Детайл,FAMILY_COPY_STRICT,bg+hr+mk+sr
data,sr,B1,721,Einzelheit,detaļa,Детайл,FAMILY_COPY_STRICT,bg+hr+mk+sr
data,it,B1,721,Einzelheit,detaļa,Detaļa,FAMILY_COPY_STRICT,it+lb+nl
data,lb,B1,721,Einzelheit,detaļa,Detaļa,FAMILY_COPY_STRICT,it+lb+nl
data,nl,B1,721,Einzelheit,detaļa,Detaļa,FAMILY_COPY_STRICT,it+lb+nl
data,pl,B1,721,Einzelheit,detaļa,Szczegół,FAMILY_COPY_STRICT,pl+sk
data,sk,B1,721,Einzelheit,detaļa,Szczegół,FAMILY_COPY_STRICT,pl+sk
data,sq,B1,721,Einzelheit,detaļa,Detay,FAMILY_COPY_STRICT,sq+tr
data,tr,B1,721,Einzelheit,detaļa,Detay,FAMILY_COPY_STRICT,sq+tr
data,hr,B1,722,Einzelkind,vienīgais bērns ģimenē,Единствено дете в семейството,SCRIPT_MISMATCH,
data,hr,B1,722,Einzelkind,vienīgais bērns ģimenē,Единствено дете в семейството,MARKER_LEAK,foreign_script
data,it,B1,722,Einzelkind,vienīgais bērns ģimenē,Vienīgais bērns ģimenē,SAME_AS_LV_CASEFOLD,casefold_only
data,it,B1,722,Einzelkind,vienīgais bērns ģimenē,Vienīgais bērns ģimenē,LV_DIACRITIC,
data,it,B1,722,Einzelkind,vienīgais bērns ģimenē,Vienīgais bērns ģimenē,MARKER_LEAK,lv_macron_consonant
data,lb,B1,722,Einzelkind,vienīgais bērns ģimenē,Vienīgais bērns ģimenē,SAME_AS_LV_CASEFOLD,casefold_only
data,lb,B1,722,Einzelkind,vienīgais bērns ģimenē,Vienīgais bērns ģimenē,LV_DIACRITIC,
data,lb,B1,722,Einzelkind,vienīgais bērns ģimenē,Vienīgais bērns ģimenē,MARKER_LEAK,lv_macron_consonant
data,nl,B1,722,Einzelkind,vienīgais bērns ģimenē,Vienīgais bērns ģimenē,SAME_AS_LV_CASEFOLD,casefold_only
data,nl,B1,722,Einzelkind,vienīgais bērns ģimenē,Vienīgais bērns ģimenē,LV_DIACRITIC,
data,nl,B1,722,Einzelkind,vienīgais bērns ģimenē,Vienīgais bērns ģimenē,MARKER_LEAK,lv_macron_consonant
data,pt,B1,722,Einzelkind,vienīgais bērns ģimenē,Vienīgais berns ģimenē,LV_DIACRITIC,
data,pt,B1,722,Einzelkind,vienīgais bērns ģimenē,Vienīgais berns ģimenē,MARKER_LEAK,lv_macron_consonant
data,sl,B1,722,Einzelkind,vienīgais bērns ģimenē,vienīgais bērns ģimenē,SAME_AS_LV_CASEFOLD,exact
data,sl,B1,722,Einzelkind,vienīgais bērns ģimenē,vienīgais bērns ģimenē,LV_DIACRITIC,
data,sl,B1,722,Einzelkind,vienīgais bērns ģimenē,vienīgais bērns ģimenē,MARKER_LEAK,lv_macron_consonant
data,bg,B1,722,Einzelkind,vienīgais bērns ģimenē,Единствено дете в семейството,FAMILY_COPY_STRICT,bg+hr+mk+sr
data,hr,B1,722,Einzelkind,vienīgais bērns ģimenē,Единствено дете в семейството,FAMILY_COPY_STRICT,bg+hr+mk+sr
data,mk,B1,722,Einzelkind,vienīgais bērns ģimenē,Единствено дете в семейството,FAMILY_COPY_STRICT,bg+hr+mk+sr
data,sr,B1,722,Einzelkind,vienīgais bērns ģimenē,Единствено дете в семейството,FAMILY_COPY_STRICT,bg+hr+mk+sr
data,fi,B1,722,Einzelkind,vienīgais bērns ģimenē,Ainuke laps peres,FAMILY_COPY_STRICT,fi+is+nb+nn+sv
data,is,B1,722,Einzelkind,vienīgais bērns ģimenē,Ainuke laps peres,FAMILY_COPY_STRICT,fi+is+nb+nn+sv
data,nb,B1,722,Einzelkind,vienīgais bērns ģimenē,Ainuke laps peres,FAMILY_COPY_STRICT,fi+is+nb+nn+sv
data,nn,B1,722,Einzelkind,vienīgais bērns ģimenē,Ainuke laps peres,FAMILY_COPY_STRICT,fi+is+nb+nn+sv
data,sv,B1,722,Einzelkind,vienīgais bērns ģimenē,Ainuke laps peres,FAMILY_COPY_STRICT,fi+is+nb+nn+sv
data,it,B1,722,Einzelkind,vienīgais bērns ģimenē,Vienīgais bērns ģimenē,FAMILY_COPY_STRICT,it+lb+nl
data,lb,B1,722,Einzelkind,vienīgais bērns ģimenē,Vienīgais bērns ģimenē,FAMILY_COPY_STRICT,it+lb+nl
data,nl,B1,722,Einzelkind,vienīgais bērns ģimenē,Vienīgais bērns ģimenē,FAMILY_COPY_STRICT,it+lb+nl
data,pl,B1,722,Einzelkind,vienīgais bērns ģimenē,Jedyne dziecko w rodzinie,FAMILY_COPY_STRICT,pl+sk+sq+tr
data,sk,B1,722,Einzelkind,vienīgais bērns ģimenē,Jedyne dziecko w rodzinie,FAMILY_COPY_STRICT,pl+sk+sq+tr
data,sq,B1,722,Einzelkind,vienīgais bērns ģimenē,Jedyne dziecko w rodzinie,FAMILY_COPY_STRICT,pl+sk+sq+tr
data,tr,B1,722,Einzelkind,vienīgais bērns ģimenē,Jedyne dziecko w rodzinie,FAMILY_COPY_STRICT,pl+sk+sq+tr
data,hr,B1,723,einzeln,atsevišķs,Отделно,SCRIPT_MISMATCH,
data,hr,B1,723,einzeln,atsevišķs,Отделно,MARKER_LEAK,foreign_script
data,it,B1,723,einzeln,atsevišķs,Atsevišķs,SAME_AS_LV_CASEFOLD,casefold_only
data,it,B1,723,einzeln,atsevišķs,Atsevišķs,LV_DIACRITIC,
data,it,B1,723,einzeln,atsevišķs,Atsevišķs,MARKER_LEAK,lv_macron_consonant
data,lb,B1,723,einzeln,atsevišķs,Atsevišķs,SAME_AS_LV_CASEFOLD,casefold_only
data,lb,B1,723,einzeln,atsevišķs,Atsevišķs,LV_DIACRITIC,
data,lb,B1,723,einzeln,atsevišķs,Atsevišķs,MARKER_LEAK,lv_macron_consonant
data,nl,B1,723,einzeln,atsevišķs,Atsevišķs,SAME_AS_LV_CASEFOLD,casefold_only
data,nl,B1,723,einzeln,atsevišķs,Atsevišķs,LV_DIACRITIC,
data,nl,B1,723,einzeln,atsevišķs,Atsevišķs,MARKER_LEAK,lv_macron_consonant
data,pt,B1,723,einzeln,atsevišķs,Atsevisķs,LV_DIACRITIC,
data,pt,B1,723,einzeln,atsevišķs,Atsevisķs,MARKER_LEAK,lv_macron_consonant
data,sl,B1,723,einzeln,atsevišķs,atsevišķs,SAME_AS_LV_CASEFOLD,exact
data,sl,B1,723,einzeln,atsevišķs,atsevišķs,LV_DIACRITIC,
data,sl,B1,723,einzeln,atsevišķs,atsevišķs,MARKER_LEAK,lv_macron_consonant
data,bg,B1,723,einzeln,atsevišķs,Отделно,FAMILY_COPY_STRICT,bg+hr+mk+sr
data,hr,B1,723,einzeln,atsevišķs,Отделно,FAMILY_COPY_STRICT,bg+hr+mk+sr
data,mk,B1,723,einzeln,atsevišķs,Отделно,FAMILY_COPY_STRICT,bg+hr+mk+sr
data,sr,B1,723,einzeln,atsevišķs,Отделно,FAMILY_COPY_STRICT,bg+hr+mk+sr
data,fi,B1,723,einzeln,atsevišķs,Üksik,FAMILY_COPY_STRICT,fi+is+nb+nn+sv
data,is,B1,723,einzeln,atsevišķs,Üksik,FAMILY_COPY_STRICT,fi+is+nb+nn+sv
data,nb,B1,723,einzeln,atsevišķs,Üksik,FAMILY_COPY_STRICT,fi+is+nb+nn+sv
data,nn,B1,723,einzeln,atsevišķs,Üksik,FAMILY_COPY_STRICT,fi+is+nb+nn+sv
data,sv,B1,723,einzeln,atsevišķs,Üksik,FAMILY_COPY_STRICT,fi+is+nb+nn+sv
data,it,B1,723,einzeln,atsevišķs,Atsevišķs,FAMILY_COPY_STRICT,it+lb+nl
data,lb,B1,723,einzeln,atsevišķs,Atsevišķs,FAMILY_COPY_STRICT,it+lb+nl
data,nl,B1,723,einzeln,atsevišķs,Atsevišķs,FAMILY_COPY_STRICT,it+lb+nl
data,pl,B1,723,einzeln,atsevišķs,Oddzielny,FAMILY_COPY_STRICT,pl+sk+sq+tr
data,sk,B1,723,einzeln,atsevišķs,Oddzielny,FAMILY_COPY_STRICT,pl+sk+sq+tr
data,sq,B1,723,einzeln,atsevišķs,Oddzielny,FAMILY_COPY_STRICT,pl+sk+sq+tr
data,tr,B1,723,einzeln,atsevišķs,Oddzielny,FAMILY_COPY_STRICT,pl+sk+sq+tr
data,hr,B1,724,einziehen,ievākties,Прегазете,SCRIPT_MISMATCH,
data,hr,B1,724,einziehen,ievākties,Прегазете,MARKER_LEAK,foreign_script
data,it,B1,724,einziehen,ievākties,Ievākties,SAME_AS_LV_CASEFOLD,casefold_only
data,it,B1,724,einziehen,ievākties,Ievākties,LV_DIACRITIC,
data,it,B1,724,einziehen,ievākties,Ievākties,MARKER_LEAK,lv_macron_consonant
data,lb,B1,724,einziehen,ievākties,Ievākties,SAME_AS_LV_CASEFOLD,casefold_only
data,lb,B1,724,einziehen,ievākties,Ievākties,LV_DIACRITIC,
data,lb,B1,724,einziehen,ievākties,Ievākties,MARKER_LEAK,lv_macron_consonant
data,nl,B1,724,einziehen,ievākties,Ievākties,SAME_AS_LV_CASEFOLD,casefold_only
data,nl,B1,724,einziehen,ievākties,Ievākties,LV_DIACRITIC,
data,nl,B1,724,einziehen,ievākties,Ievākties,MARKER_LEAK,lv_macron_consonant
data,sl,B1,724,einziehen,ievākties,ievākties,SAME_AS_LV_CASEFOLD,exact
data,sl,B1,724,einziehen,ievākties,ievākties,LV_DIACRITIC,
data,sl,B1,724,einziehen,ievākties,ievākties,MARKER_LEAK,lv_macron_consonant
data,bg,B1,724,einziehen,ievākties,Прегазете,FAMILY_COPY_STRICT,bg+hr+mk+sr
data,hr,B1,724,einziehen,ievākties,Прегазете,FAMILY_COPY_STRICT,bg+hr+mk+sr
data,mk,B1,724,einziehen,ievākties,Прегазете,FAMILY_COPY_STRICT,bg+hr+mk+sr
data,sr,B1,724,einziehen,ievākties,Прегазете,FAMILY_COPY_STRICT,bg+hr+mk+sr
data,fi,B1,724,einziehen,ievākties,Sisse kolima,FAMILY_COPY_STRICT,fi+is+nb+nn+sv
data,is,B1,724,einziehen,ievākties,Sisse kolima,FAMILY_COPY_STRICT,fi+is+nb+nn+sv
data,nb,B1,724,einziehen,ievākties,Sisse kolima,FAMILY_COPY_STRICT,fi+is+nb+nn+sv
data,nn,B1,724,einziehen,ievākties,Sisse kolima,FAMILY_COPY_STRICT,fi+is+nb+nn+sv
data,sv,B1,724,einziehen,ievākties,Sisse kolima,FAMILY_COPY_STRICT,fi+is+nb+nn+sv
data,it,B1,724,einziehen,ievākties,Ievākties,FAMILY_COPY_STRICT,it+lb+nl
data,lb,B1,724,einziehen,ievākties,Ievākties,FAMILY_COPY_STRICT,it+lb+nl
data,nl,B1,724,einziehen,ievākties,Ievākties,FAMILY_COPY_STRICT,it+lb+nl
data,pl,B1,724,einziehen,ievākties,Wchodzić,FAMILY_COPY_STRICT,pl+sk
data,sk,B1,724,einziehen,ievākties,Wchodzić,FAMILY_COPY_STRICT,pl+sk
data,sq,B1,724,einziehen,ievākties,Girmek,FAMILY_COPY_STRICT,sq+tr
data,tr,B1,724,einziehen,ievākties,Girmek,FAMILY_COPY_STRICT,sq+tr
data,it,B1,725,Eisbahn,slidotava,Slidotava,SAME_AS_LV_CASEFOLD,casefold_only
data,lb,B1,725,Eisbahn,slidotava,Slidotava,SAME_AS_LV_CASEFOLD,casefold_only
data,nl,B1,725,Eisbahn,slidotava,Slidotava,SAME_AS_LV_CASEFOLD,casefold_only
data,pt,B1,725,Eisbahn,slidotava,Slidotava,SAME_AS_LV_CASEFOLD,casefold_only
data,sl,B1,725,Eisbahn,slidotava,slidotava,SAME_AS_LV_CASEFOLD,exact
data,sr,B1,725,Eisbahn,slidotava,Drsališče,LV_DIACRITIC,
data,sr,B1,725,Eisbahn,slidotava,Drsališče,SCRIPT_MISMATCH,sr_as_cyrillic
data,sr,B1,725,Eisbahn,slidotava,Drsališče,MARKER_LEAK,latin_in_cyrillic
data,bg,B1,725,Eisbahn,slidotava,Ледена пързалка,FAMILY_COPY_STRICT,bg+mk
data,mk,B1,725,Eisbahn,slidotava,Ледена пързалка,FAMILY_COPY_STRICT,bg+mk
data,fi,B1,725,Eisbahn,slidotava,Uisuväli,FAMILY_COPY_STRICT,fi+is+nb+nn+sv
data,is,B1,725,Eisbahn,slidotava,Uisuväli,FAMILY_COPY_STRICT,fi+is+nb+nn+sv
data,nb,B1,725,Eisbahn,slidotava,Uisuväli,FAMILY_COPY_STRICT,fi+is+nb+nn+sv
data,nn,B1,725,Eisbahn,slidotava,Uisuväli,FAMILY_COPY_STRICT,fi+is+nb+nn+sv
data,sv,B1,725,Eisbahn,slidotava,Uisuväli,FAMILY_COPY_STRICT,fi+is+nb+nn+sv
data,hr,B1,725,Eisbahn,slidotava,Drsališče,FAMILY_COPY_STRICT,hr+sr
data,sr,B1,725,Eisbahn,slidotava,Drsališče,FAMILY_COPY_STRICT,hr+sr
data,it,B1,725,Eisbahn,slidotava,Slidotava,FAMILY_COPY_STRICT,it+lb+nl+pt
data,lb,B1,725,Eisbahn,slidotava,Slidotava,FAMILY_COPY_STRICT,it+lb+nl+pt
data,nl,B1,725,Eisbahn,slidotava,Slidotava,FAMILY_COPY_STRICT,it+lb+nl+pt
data,pt,B1,725,Eisbahn,slidotava,Slidotava,FAMILY_COPY_STRICT,it+lb+nl+pt
data,pl,B1,725,Eisbahn,slidotava,Lodowisko,FAMILY_COPY_STRICT,pl+sk+sq+tr
data,sk,B1,725,Eisbahn,slidotava,Lodowisko,FAMILY_COPY_STRICT,pl+sk+sq+tr
data,sq,B1,725,Eisbahn,slidotava,Lodowisko,FAMILY_COPY_STRICT,pl+sk+sq+tr
data,tr,B1,725,Eisbahn,slidotava,Lodowisko,FAMILY_COPY_STRICT,pl+sk+sq+tr
data,hr,B1,726,Eisberg,aisbergs,Айсберг,SCRIPT_MISMATCH,
data,hr,B1,726,Eisberg,aisbergs,Айсберг,MARKER_LEAK,foreign_script
data,it,B1,726,Eisberg,aisbergs,Aisbergs,SAME_AS_LV_CASEFOLD,casefold_only
data,lb,B1,726,Eisberg,aisbergs,Aisbergs,SAME_AS_LV_CASEFOLD,casefold_only
data,nl,B1,726,Eisberg,aisbergs,Aisbergs,SAME_AS_LV_CASEFOLD,casefold_only
data,sl,B1,726,Eisberg,aisbergs,aisbergs,SAME_AS_LV_CASEFOLD,exact
data,sq,B1,726,Eisberg,aisbergs,Buzdağı,MARKER_LEAK,tr_soft
data,bg,B1,726,Eisberg,aisbergs,Айсберг,FAMILY_COPY_STRICT,bg+hr+mk+ru+sr
data,hr,B1,726,Eisberg,aisbergs,Айсберг,FAMILY_COPY_STRICT,bg+hr+mk+ru+sr
data,mk,B1,726,Eisberg,aisbergs,Айсберг,FAMILY_COPY_STRICT,bg+hr+mk+ru+sr
data,ru,B1,726,Eisberg,aisbergs,Айсберг,FAMILY_COPY_STRICT,bg+hr+mk+ru+sr
data,sr,B1,726,Eisberg,aisbergs,Айсберг,FAMILY_COPY_STRICT,bg+hr+mk+ru+sr
data,en,B1,726,Eisberg,aisbergs,Iceberg,FAMILY_COPY_STRICT,en+fr
data,fr,B1,726,Eisberg,aisbergs,Iceberg,FAMILY_COPY_STRICT,en+fr
data,it,B1,726,Eisberg,aisbergs,Aisbergs,FAMILY_COPY_STRICT,it+lb+nl
data,lb,B1,726,Eisberg,aisbergs,Aisbergs,FAMILY_COPY_STRICT,it+lb+nl
data,nl,B1,726,Eisberg,aisbergs,Aisbergs,FAMILY_COPY_STRICT,it+lb+nl
data,pl,B1,726,Eisberg,aisbergs,Góra lodowa,FAMILY_COPY_STRICT,pl+sk
data,sk,B1,726,Eisberg,aisbergs,Góra lodowa,FAMILY_COPY_STRICT,pl+sk
data,sq,B1,726,Eisberg,aisbergs,Buzdağı,FAMILY_COPY_STRICT,sq+tr
data,tr,B1,726,Eisberg,aisbergs,Buzdağı,FAMILY_COPY_STRICT,sq+tr
data,hr,B1,727,Eisdiele,saldējuma kafejnīca,Салон за сладолед,SCRIPT_MISMATCH,
data,hr,B1,727,Eisdiele,saldējuma kafejnīca,Салон за сладолед,MARKER_LEAK,foreign_script
data,it,B1,727,Eisdiele,saldējuma kafejnīca,Saldējuma kafejnīca,SAME_AS_LV_CASEFOLD,casefold_only
data,it,B1,727,Eisdiele,saldējuma kafejnīca,Saldējuma kafejnīca,LV_DIACRITIC,
data,it,B1,727,Eisdiele,saldējuma kafejnīca,Saldējuma kafejnīca,MARKER_LEAK,lv_macron_consonant
data,lb,B1,727,Eisdiele,saldējuma kafejnīca,Saldējuma kafejnīca,SAME_AS_LV_CASEFOLD,casefold_only
data,lb,B1,727,Eisdiele,saldējuma kafejnīca,Saldējuma kafejnīca,LV_DIACRITIC,
data,lb,B1,727,Eisdiele,saldējuma kafejnīca,Saldējuma kafejnīca,MARKER_LEAK,lv_macron_consonant
data,nl,B1,727,Eisdiele,saldējuma kafejnīca,Saldējuma kafejnīca,SAME_AS_LV_CASEFOLD,casefold_only
data,nl,B1,727,Eisdiele,saldējuma kafejnīca,Saldējuma kafejnīca,LV_DIACRITIC,
data,nl,B1,727,Eisdiele,saldējuma kafejnīca,Saldējuma kafejnīca,MARKER_LEAK,lv_macron_consonant
data,pt,B1,727,Eisdiele,saldējuma kafejnīca,Saldējuma kafejnīca,SAME_AS_LV_CASEFOLD,casefold_only
data,pt,B1,727,Eisdiele,saldējuma kafejnīca,Saldējuma kafejnīca,LV_DIACRITIC,
data,pt,B1,727,Eisdiele,saldējuma kafejnīca,Saldējuma kafejnīca,MARKER_LEAK,lv_macron_consonant
data,sk,B1,727,Eisdiele,saldējuma kafejnīca,Lodziarnię,MARKER_LEAK,pl_lt_nasal
data,sl,B1,727,Eisdiele,saldējuma kafejnīca,saldējuma kafejnīca,SAME_AS_LV_CASEFOLD,exact
data,sl,B1,727,Eisdiele,saldējuma kafejnīca,saldējuma kafejnīca,LV_DIACRITIC,
data,sl,B1,727,Eisdiele,saldējuma kafejnīca,saldējuma kafejnīca,MARKER_LEAK,lv_macron_consonant
data,sq,B1,727,Eisdiele,saldējuma kafejnīca,Dondurma dükkanı,MARKER_LEAK,tr_soft
data,bg,B1,727,Eisdiele,saldējuma kafejnīca,Салон за сладолед,FAMILY_COPY_STRICT,bg+hr+mk+sr
data,hr,B1,727,Eisdiele,saldējuma kafejnīca,Салон за сладолед,FAMILY_COPY_STRICT,bg+hr+mk+sr
data,mk,B1,727,Eisdiele,saldējuma kafejnīca,Салон за сладолед,FAMILY_COPY_STRICT,bg+hr+mk+sr
data,sr,B1,727,Eisdiele,saldējuma kafejnīca,Салон за сладолед,FAMILY_COPY_STRICT,bg+hr+mk+sr
data,fi,B1,727,Eisdiele,saldējuma kafejnīca,Jäätisekohvik,FAMILY_COPY_STRICT,fi+is+nb+nn+sv
data,is,B1,727,Eisdiele,saldējuma kafejnīca,Jäätisekohvik,FAMILY_COPY_STRICT,fi+is+nb+nn+sv
data,nb,B1,727,Eisdiele,saldējuma kafejnīca,Jäätisekohvik,FAMILY_COPY_STRICT,fi+is+nb+nn+sv
data,nn,B1,727,Eisdiele,saldējuma kafejnīca,Jäätisekohvik,FAMILY_COPY_STRICT,fi+is+nb+nn+sv
data,sv,B1,727,Eisdiele,saldējuma kafejnīca,Jäätisekohvik,FAMILY_COPY_STRICT,fi+is+nb+nn+sv
data,it,B1,727,Eisdiele,saldējuma kafejnīca,Saldējuma kafejnīca,FAMILY_COPY_STRICT,it+lb+nl+pt
data,lb,B1,727,Eisdiele,saldējuma kafejnīca,Saldējuma kafejnīca,FAMILY_COPY_STRICT,it+lb+nl+pt
data,nl,B1,727,Eisdiele,saldējuma kafejnīca,Saldējuma kafejnīca,FAMILY_COPY_STRICT,it+lb+nl+pt
data,pt,B1,727,Eisdiele,saldējuma kafejnīca,Saldējuma kafejnīca,FAMILY_COPY_STRICT,it+lb+nl+pt
data,pl,B1,727,Eisdiele,saldējuma kafejnīca,Lodziarnię,FAMILY_COPY_STRICT,pl+sk
data,sk,B1,727,Eisdiele,saldējuma kafejnīca,Lodziarnię,FAMILY_COPY_STRICT,pl+sk
data,sq,B1,727,Eisdiele,saldējuma kafejnīca,Dondurma dükkanı,FAMILY_COPY_STRICT,sq+tr
data,tr,B1,727,Eisdiele,saldējuma kafejnīca,Dondurma dükkanı,FAMILY_COPY_STRICT,sq+tr
data,hr,B1,728,Eisen,dzelzs,Желязо,SCRIPT_MISMATCH,
data,hr,B1,728,Eisen,dzelzs,Желязо,MARKER_LEAK,foreign_script
data,it,B1,728,Eisen,dzelzs,Dzelzs,SAME_AS_LV_CASEFOLD,casefold_only
data,lb,B1,728,Eisen,dzelzs,Dzelzs,SAME_AS_LV_CASEFOLD,casefold_only
data,nl,B1,728,Eisen,dzelzs,Dzelzs,SAME_AS_LV_CASEFOLD,casefold_only
data,pt,B1,728,Eisen,dzelzs,Dzelzs,SAME_AS_LV_CASEFOLD,casefold_only
data,sl,B1,728,Eisen,dzelzs,dzelzs,SAME_AS_LV_CASEFOLD,exact
data,sq,B1,728,Eisen,dzelzs,Żelazo,MARKER_LEAK,pl_l_s_z
data,tr,B1,728,Eisen,dzelzs,Żelazo,MARKER_LEAK,pl_l_s_z
data,bg,B1,728,Eisen,dzelzs,Желязо,FAMILY_COPY_STRICT,bg+hr+mk+sr
data,hr,B1,728,Eisen,dzelzs,Желязо,FAMILY_COPY_STRICT,bg+hr+mk+sr
data,mk,B1,728,Eisen,dzelzs,Желязо,FAMILY_COPY_STRICT,bg+hr+mk+sr
data,sr,B1,728,Eisen,dzelzs,Желязо,FAMILY_COPY_STRICT,bg+hr+mk+sr
data,cs,B1,728,Eisen,dzelzs,Železo,FAMILY_COPY_STRICT,cs+sk
data,sk,B1,728,Eisen,dzelzs,Železo,FAMILY_COPY_STRICT,cs+sk
data,fi,B1,728,Eisen,dzelzs,Raud,FAMILY_COPY_STRICT,fi+is+nb+nn+sv
data,is,B1,728,Eisen,dzelzs,Raud,FAMILY_COPY_STRICT,fi+is+nb+nn+sv
data,nb,B1,728,Eisen,dzelzs,Raud,FAMILY_COPY_STRICT,fi+is+nb+nn+sv
data,nn,B1,728,Eisen,dzelzs,Raud,FAMILY_COPY_STRICT,fi+is+nb+nn+sv
data,sv,B1,728,Eisen,dzelzs,Raud,FAMILY_COPY_STRICT,fi+is+nb+nn+sv
data,it,B1,728,Eisen,dzelzs,Dzelzs,FAMILY_COPY_STRICT,it+lb+nl+pt
data,lb,B1,728,Eisen,dzelzs,Dzelzs,FAMILY_COPY_STRICT,it+lb+nl+pt
data,nl,B1,728,Eisen,dzelzs,Dzelzs,FAMILY_COPY_STRICT,it+lb+nl+pt
data,pt,B1,728,Eisen,dzelzs,Dzelzs,FAMILY_COPY_STRICT,it+lb+nl+pt
data,pl,B1,728,Eisen,dzelzs,Żelazo,FAMILY_COPY_STRICT,pl+sq+tr
data,sq,B1,728,Eisen,dzelzs,Żelazo,FAMILY_COPY_STRICT,pl+sq+tr
data,tr,B1,728,Eisen,dzelzs,Żelazo,FAMILY_COPY_STRICT,pl+sq+tr
data,hr,B1,729,eisern,dzelzs-,Желязо-,SCRIPT_MISMATCH,
data,hr,B1,729,eisern,dzelzs-,Желязо-,MARKER_LEAK,foreign_script
data,it,B1,729,eisern,dzelzs-,Dzelzs-,SAME_AS_LV_CASEFOLD,casefold_only
data,lb,B1,729,eisern,dzelzs-,Dzelzs-,SAME_AS_LV_CASEFOLD,casefold_only
data,nl,B1,729,eisern,dzelzs-,Dzelzs-,SAME_AS_LV_CASEFOLD,casefold_only
data,pt,B1,729,eisern,dzelzs-,Dzelzs-,SAME_AS_LV_CASEFOLD,casefold_only
data,sl,B1,729,eisern,dzelzs-,dzelzs-,SAME_AS_LV_CASEFOLD,exact
data,sq,B1,729,eisern,dzelzs-,Żelazo-,MARKER_LEAK,pl_l_s_z
data,tr,B1,729,eisern,dzelzs-,Żelazo-,MARKER_LEAK,pl_l_s_z
data,bg,B1,729,eisern,dzelzs-,Желязо-,FAMILY_COPY_STRICT,bg+hr+mk+sr
data,hr,B1,729,eisern,dzelzs-,Желязо-,FAMILY_COPY_STRICT,bg+hr+mk+sr
data,mk,B1,729,eisern,dzelzs-,Желязо-,FAMILY_COPY_STRICT,bg+hr+mk+sr
data,sr,B1,729,eisern,dzelzs-,Желязо-,FAMILY_COPY_STRICT,bg+hr+mk+sr
data,fi,B1,729,eisern,dzelzs-,Raud-,FAMILY_COPY_STRICT,fi+is+nb+nn+sv
data,is,B1,729,eisern,dzelzs-,Raud-,FAMILY_COPY_STRICT,fi+is+nb+nn+sv
data,nb,B1,729,eisern,dzelzs-,Raud-,FAMILY_COPY_STRICT,fi+is+nb+nn+sv
data,nn,B1,729,eisern,dzelzs-,Raud-,FAMILY_COPY_STRICT,fi+is+nb+nn+sv
data,sv,B1,729,eisern,dzelzs-,Raud-,FAMILY_COPY_STRICT,fi+is+nb+nn+sv
data,it,B1,729,eisern,dzelzs-,Dzelzs-,FAMILY_COPY_STRICT,it+lb+nl+pt
data,lb,B1,729,eisern,dzelzs-,Dzelzs-,FAMILY_COPY_STRICT,it+lb+nl+pt
data,nl,B1,729,eisern,dzelzs-,Dzelzs-,FAMILY_COPY_STRICT,it+lb+nl+pt
data,pt,B1,729,eisern,dzelzs-,Dzelzs-,FAMILY_COPY_STRICT,it+lb+nl+pt
data,pl,B1,729,eisern,dzelzs-,Żelazo-,FAMILY_COPY_STRICT,pl+sq+tr
data,sq,B1,729,eisern,dzelzs-,Żelazo-,FAMILY_COPY_STRICT,pl+sq+tr
data,tr,B1,729,eisern,dzelzs-,Żelazo-,FAMILY_COPY_STRICT,pl+sq+tr
data,hr,B1,730,eisig,ledains,Лед,SCRIPT_MISMATCH,
data,hr,B1,730,eisig,ledains,Лед,MARKER_LEAK,foreign_script
data,sl,B1,730,eisig,ledains,ledains,SAME_AS_LV_CASEFOLD,exact
data,bg,B1,730,eisig,ledains,Лед,FAMILY_COPY_STRICT,bg+hr+mk+sr
data,hr,B1,730,eisig,ledains,Лед,FAMILY_COPY_STRICT,bg+hr+mk+sr
data,mk,B1,730,eisig,ledains,Лед,FAMILY_COPY_STRICT,bg+hr+mk+sr
data,sr,B1,730,eisig,ledains,Лед,FAMILY_COPY_STRICT,bg+hr+mk+sr
data,fi,B1,730,eisig,ledains,Jäine,FAMILY_COPY_STRICT,fi+is+nb+nn+sv
data,is,B1,730,eisig,ledains,Jäine,FAMILY_COPY_STRICT,fi+is+nb+nn+sv
data,nb,B1,730,eisig,ledains,Jäine,FAMILY_COPY_STRICT,fi+is+nb+nn+sv
data,nn,B1,730,eisig,ledains,Jäine,FAMILY_COPY_STRICT,fi+is+nb+nn+sv
data,sv,B1,730,eisig,ledains,Jäine,FAMILY_COPY_STRICT,fi+is+nb+nn+sv
data,lb,B1,730,eisig,ledains,Ijzig,FAMILY_COPY_STRICT,lb+nl
data,nl,B1,730,eisig,ledains,Ijzig,FAMILY_COPY_STRICT,lb+nl
data,sq,B1,730,eisig,ledains,Donmuş,FAMILY_COPY_STRICT,sq+tr
data,tr,B1,730,eisig,ledains,Donmuş,FAMILY_COPY_STRICT,sq+tr
data,hr,B1,731,Eiskunstlauf,daiļslidošana,Фигурно пързаляне,SCRIPT_MISMATCH,
data,hr,B1,731,Eiskunstlauf,daiļslidošana,Фигурно пързаляне,MARKER_LEAK,foreign_script
data,it,B1,731,Eiskunstlauf,daiļslidošana,Daiļslidošana,SAME_AS_LV_CASEFOLD,casefold_only
data,it,B1,731,Eiskunstlauf,daiļslidošana,Daiļslidošana,LV_DIACRITIC,
data,it,B1,731,Eiskunstlauf,daiļslidošana,Daiļslidošana,MARKER_LEAK,lv_macron_consonant
data,lb,B1,731,Eiskunstlauf,daiļslidošana,Daiļslidošana,SAME_AS_LV_CASEFOLD,casefold_only
data,lb,B1,731,Eiskunstlauf,daiļslidošana,Daiļslidošana,LV_DIACRITIC,
data,lb,B1,731,Eiskunstlauf,daiļslidošana,Daiļslidošana,MARKER_LEAK,lv_macron_consonant
data,nl,B1,731,Eiskunstlauf,daiļslidošana,Daiļslidošana,SAME_AS_LV_CASEFOLD,casefold_only
data,nl,B1,731,Eiskunstlauf,daiļslidošana,Daiļslidošana,LV_DIACRITIC,
data,nl,B1,731,Eiskunstlauf,daiļslidošana,Daiļslidošana,MARKER_LEAK,lv_macron_consonant
data,pt,B1,731,Eiskunstlauf,daiļslidošana,Daiļslidošana,SAME_AS_LV_CASEFOLD,casefold_only
data,pt,B1,731,Eiskunstlauf,daiļslidošana,Daiļslidošana,LV_DIACRITIC,
data,pt,B1,731,Eiskunstlauf,daiļslidošana,Daiļslidošana,MARKER_LEAK,lv_macron_consonant
data,sl,B1,731,Eiskunstlauf,daiļslidošana,daiļslidošana,SAME_AS_LV_CASEFOLD,exact
data,sl,B1,731,Eiskunstlauf,daiļslidošana,daiļslidošana,LV_DIACRITIC,
data,sl,B1,731,Eiskunstlauf,daiļslidošana,daiļslidošana,MARKER_LEAK,lv_macron_consonant
data,sq,B1,731,Eiskunstlauf,daiļslidošana,Łyżwiarstwo figurowe,MARKER_LEAK,pl_l_s_z
data,tr,B1,731,Eiskunstlauf,daiļslidošana,Łyżwiarstwo figurowe,MARKER_LEAK,pl_l_s_z
data,bg,B1,731,Eiskunstlauf,daiļslidošana,Фигурно пързаляне,FAMILY_COPY_STRICT,bg+hr+mk+sr
data,hr,B1,731,Eiskunstlauf,daiļslidošana,Фигурно пързаляне,FAMILY_COPY_STRICT,bg+hr+mk+sr
data,mk,B1,731,Eiskunstlauf,daiļslidošana,Фигурно пързаляне,FAMILY_COPY_STRICT,bg+hr+mk+sr
data,sr,B1,731,Eiskunstlauf,daiļslidošana,Фигурно пързаляне,FAMILY_COPY_STRICT,bg+hr+mk+sr
data,fi,B1,731,Eiskunstlauf,daiļslidošana,Iluuisutamine,FAMILY_COPY_STRICT,fi+is+nb+nn+sv
data,is,B1,731,Eiskunstlauf,daiļslidošana,Iluuisutamine,FAMILY_COPY_STRICT,fi+is+nb+nn+sv
data,nb,B1,731,Eiskunstlauf,daiļslidošana,Iluuisutamine,FAMILY_COPY_STRICT,fi+is+nb+nn+sv
data,nn,B1,731,Eiskunstlauf,daiļslidošana,Iluuisutamine,FAMILY_COPY_STRICT,fi+is+nb+nn+sv
data,sv,B1,731,Eiskunstlauf,daiļslidošana,Iluuisutamine,FAMILY_COPY_STRICT,fi+is+nb+nn+sv
data,it,B1,731,Eiskunstlauf,daiļslidošana,Daiļslidošana,FAMILY_COPY_STRICT,it+lb+nl+pt
data,lb,B1,731,Eiskunstlauf,daiļslidošana,Daiļslidošana,FAMILY_COPY_STRICT,it+lb+nl+pt
data,nl,B1,731,Eiskunstlauf,daiļslidošana,Daiļslidošana,FAMILY_COPY_STRICT,it+lb+nl+pt
data,pt,B1,731,Eiskunstlauf,daiļslidošana,Daiļslidošana,FAMILY_COPY_STRICT,it+lb+nl+pt
data,pl,B1,731,Eiskunstlauf,daiļslidošana,Łyżwiarstwo figurowe,FAMILY_COPY_STRICT,pl+sq+tr
data,sq,B1,731,Eiskunstlauf,daiļslidošana,Łyżwiarstwo figurowe,FAMILY_COPY_STRICT,pl+sq+tr
data,tr,B1,731,Eiskunstlauf,daiļslidošana,Łyżwiarstwo figurowe,FAMILY_COPY_STRICT,pl+sq+tr
data,hr,B1,732,Eiszapfen,lāsteka,Ледена висулка,SCRIPT_MISMATCH,
data,hr,B1,732,Eiszapfen,lāsteka,Ледена висулка,MARKER_LEAK,foreign_script
data,lb,B1,732,Eiszapfen,lāsteka,Lāsteka,SAME_AS_LV_CASEFOLD,casefold_only
data,lb,B1,732,Eiszapfen,lāsteka,Lāsteka,LV_DIACRITIC,
data,lb,B1,732,Eiszapfen,lāsteka,Lāsteka,MARKER_LEAK,lv_macron_consonant
data,nl,B1,732,Eiszapfen,lāsteka,Lāsteka,SAME_AS_LV_CASEFOLD,casefold_only
data,nl,B1,732,Eiszapfen,lāsteka,Lāsteka,LV_DIACRITIC,
data,nl,B1,732,Eiszapfen,lāsteka,Lāsteka,MARKER_LEAK,lv_macron_consonant
data,sl,B1,732,Eiszapfen,lāsteka,lāsteka,SAME_AS_LV_CASEFOLD,exact
data,sl,B1,732,Eiszapfen,lāsteka,lāsteka,LV_DIACRITIC,
data,sl,B1,732,Eiszapfen,lāsteka,lāsteka,MARKER_LEAK,lv_macron_consonant
data,bg,B1,732,Eiszapfen,lāsteka,Ледена висулка,FAMILY_COPY_STRICT,bg+hr+mk+sr
data,hr,B1,732,Eiszapfen,lāsteka,Ледена висулка,FAMILY_COPY_STRICT,bg+hr+mk+sr
data,mk,B1,732,Eiszapfen,lāsteka,Ледена висулка,FAMILY_COPY_STRICT,bg+hr+mk+sr
data,sr,B1,732,Eiszapfen,lāsteka,Ледена висулка,FAMILY_COPY_STRICT,bg+hr+mk+sr
data,fi,B1,732,Eiszapfen,lāsteka,Jääpurikas,FAMILY_COPY_STRICT,fi+is+nb+nn+sv
data,is,B1,732,Eiszapfen,lāsteka,Jääpurikas,FAMILY_COPY_STRICT,fi+is+nb+nn+sv
data,nb,B1,732,Eiszapfen,lāsteka,Jääpurikas,FAMILY_COPY_STRICT,fi+is+nb+nn+sv
data,nn,B1,732,Eiszapfen,lāsteka,Jääpurikas,FAMILY_COPY_STRICT,fi+is+nb+nn+sv
data,sv,B1,732,Eiszapfen,lāsteka,Jääpurikas,FAMILY_COPY_STRICT,fi+is+nb+nn+sv
data,it,B1,732,Eiszapfen,lāsteka,Lasteka,FAMILY_COPY_STRICT,it+pt
data,pt,B1,732,Eiszapfen,lāsteka,Lasteka,FAMILY_COPY_STRICT,it+pt
data,lb,B1,732,Eiszapfen,lāsteka,Lāsteka,FAMILY_COPY_STRICT,lb+nl
data,nl,B1,732,Eiszapfen,lāsteka,Lāsteka,FAMILY_COPY_STRICT,lb+nl
data,pl,B1,732,Eiszapfen,lāsteka,Sopel lodu,FAMILY_COPY_STRICT,pl+sk+sq+tr
data,sk,B1,732,Eiszapfen,lāsteka,Sopel lodu,FAMILY_COPY_STRICT,pl+sk+sq+tr
data,sq,B1,732,Eiszapfen,lāsteka,Sopel lodu,FAMILY_COPY_STRICT,pl+sk+sq+tr
data,tr,B1,732,Eiszapfen,lāsteka,Sopel lodu,FAMILY_COPY_STRICT,pl+sk+sq+tr
data,hr,B1,733,Eiweiß,olbaltums,Протеин,SCRIPT_MISMATCH,
data,hr,B1,733,Eiweiß,olbaltums,Протеин,MARKER_LEAK,foreign_script
data,it,B1,733,Eiweiß,olbaltums,Olbaltums,SAME_AS_LV_CASEFOLD,casefold_only
data,lb,B1,733,Eiweiß,olbaltums,Olbaltums,SAME_AS_LV_CASEFOLD,casefold_only
data,nl,B1,733,Eiweiß,olbaltums,Olbaltums,SAME_AS_LV_CASEFOLD,casefold_only
data,pt,B1,733,Eiweiß,olbaltums,Olbaltums,SAME_AS_LV_CASEFOLD,casefold_only
data,sk,B1,733,Eiweiß,olbaltums,Białko,MARKER_LEAK,pl_l_s_z
data,sl,B1,733,Eiweiß,olbaltums,olbaltums,SAME_AS_LV_CASEFOLD,exact
data,bg,B1,733,Eiweiß,olbaltums,Протеин,FAMILY_COPY_STRICT,bg+hr+mk+sr
data,hr,B1,733,Eiweiß,olbaltums,Протеин,FAMILY_COPY_STRICT,bg+hr+mk+sr
data,mk,B1,733,Eiweiß,olbaltums,Протеин,FAMILY_COPY_STRICT,bg+hr+mk+sr
data,sr,B1,733,Eiweiß,olbaltums,Протеин,FAMILY_COPY_STRICT,bg+hr+mk+sr
data,cs,B1,733,Eiweiß,olbaltums,Protein,FAMILY_COPY_STRICT,cs+da+en+sq+tr
data,da,B1,733,Eiweiß,olbaltums,Protein,FAMILY_COPY_STRICT,cs+da+en+sq+tr
data,en,B1,733,Eiweiß,olbaltums,Protein,FAMILY_COPY_STRICT,cs+da+en+sq+tr
data,sq,B1,733,Eiweiß,olbaltums,Protein,FAMILY_COPY_STRICT,cs+da+en+sq+tr
data,tr,B1,733,Eiweiß,olbaltums,Protein,FAMILY_COPY_STRICT,cs+da+en+sq+tr
data,fi,B1,733,Eiweiß,olbaltums,Munavalge,FAMILY_COPY_STRICT,fi+is+nb+nn+sv
data,is,B1,733,Eiweiß,olbaltums,Munavalge,FAMILY_COPY_STRICT,fi+is+nb+nn+sv
data,nb,B1,733,Eiweiß,olbaltums,Munavalge,FAMILY_COPY_STRICT,fi+is+nb+nn+sv
data,nn,B1,733,Eiweiß,olbaltums,Munavalge,FAMILY_COPY_STRICT,fi+is+nb+nn+sv
data,sv,B1,733,Eiweiß,olbaltums,Munavalge,FAMILY_COPY_STRICT,fi+is+nb+nn+sv
data,it,B1,733,Eiweiß,olbaltums,Olbaltums,FAMILY_COPY_STRICT,it+lb+nl+pt
data,lb,B1,733,Eiweiß,olbaltums,Olbaltums,FAMILY_COPY_STRICT,it+lb+nl+pt
data,nl,B1,733,Eiweiß,olbaltums,Olbaltums,FAMILY_COPY_STRICT,it+lb+nl+pt
data,pt,B1,733,Eiweiß,olbaltums,Olbaltums,FAMILY_COPY_STRICT,it+lb+nl+pt
data,pl,B1,733,Eiweiß,olbaltums,Białko,FAMILY_COPY_STRICT,pl+sk
data,sk,B1,733,Eiweiß,olbaltums,Białko,FAMILY_COPY_STRICT,pl+sk
data,fi,B1,734,Elch,alnis,Põder,MARKER_LEAK,et_otilde
data,hr,B1,734,Elch,alnis,Елк,SCRIPT_MISMATCH,
data,hr,B1,734,Elch,alnis,Елк,MARKER_LEAK,foreign_script
data,is,B1,734,Elch,alnis,Põder,MARKER_LEAK,et_otilde
data,it,B1,734,Elch,alnis,Alnis,SAME_AS_LV_CASEFOLD,casefold_only
data,lb,B1,734,Elch,alnis,Alnis,SAME_AS_LV_CASEFOLD,casefold_only
data,nb,B1,734,Elch,alnis,Põder,MARKER_LEAK,et_otilde
data,nl,B1,734,Elch,alnis,Alnis,SAME_AS_LV_CASEFOLD,casefold_only
data,nn,B1,734,Elch,alnis,Põder,MARKER_LEAK,et_otilde
data,pt,B1,734,Elch,alnis,Alnis,SAME_AS_LV_CASEFOLD,casefold_only
data,sl,B1,734,Elch,alnis,alnis,SAME_AS_LV_CASEFOLD,exact
data,sq,B1,734,Elch,alnis,Kanada geyiği,MARKER_LEAK,tr_soft
data,sv,B1,734,Elch,alnis,Põder,MARKER_LEAK,et_otilde
data,bg,B1,734,Elch,alnis,Елк,FAMILY_COPY_STRICT,bg+hr+mk+sr
data,hr,B1,734,Elch,alnis,Елк,FAMILY_COPY_STRICT,bg+hr+mk+sr
data,mk,B1,734,Elch,alnis,Елк,FAMILY_COPY_STRICT,bg+hr+mk+sr
data,sr,B1,734,Elch,alnis,Елк,FAMILY_COPY_STRICT,bg+hr+mk+sr
data,bs,B1,734,Elch,alnis,Los,FAMILY_COPY_STRICT,bs+cs
data,cs,B1,734,Elch,alnis,Los,FAMILY_COPY_STRICT,bs+cs
data,fi,B1,734,Elch,alnis,Põder,FAMILY_COPY_STRICT,fi+is+nb+nn+sv
data,is,B1,734,Elch,alnis,Põder,FAMILY_COPY_STRICT,fi+is+nb+nn+sv
data,nb,B1,734,Elch,alnis,Põder,FAMILY_COPY_STRICT,fi+is+nb+nn+sv
data,nn,B1,734,Elch,alnis,Põder,FAMILY_COPY_STRICT,fi+is+nb+nn+sv
data,sv,B1,734,Elch,alnis,Põder,FAMILY_COPY_STRICT,fi+is+nb+nn+sv
data,it,B1,734,Elch,alnis,Alnis,FAMILY_COPY_STRICT,it+lb+nl+pt
data,lb,B1,734,Elch,alnis,Alnis,FAMILY_COPY_STRICT,it+lb+nl+pt
data,nl,B1,734,Elch,alnis,Alnis,FAMILY_COPY_STRICT,it+lb+nl+pt
data,pt,B1,734,Elch,alnis,Alnis,FAMILY_COPY_STRICT,it+lb+nl+pt
data,pl,B1,734,Elch,alnis,Jeleń kanadyjski,FAMILY_COPY_STRICT,pl+sk
data,sk,B1,734,Elch,alnis,Jeleń kanadyjski,FAMILY_COPY_STRICT,pl+sk
data,sq,B1,734,Elch,alnis,Kanada geyiği,FAMILY_COPY_STRICT,sq+tr
data,tr,B1,734,Elch,alnis,Kanada geyiği,FAMILY_COPY_STRICT,sq+tr
data,hr,B1,735,Elektrizität,elektrība,Електричество,SCRIPT_MISMATCH,
data,hr,B1,735,Elektrizität,elektrība,Електричество,MARKER_LEAK,foreign_script
data,sk,B1,735,Elektrizität,elektrība,Elektryczność,MARKER_LEAK,pl_l_s_z
data,sl,B1,735,Elektrizität,elektrība,elektrība,SAME_AS_LV_CASEFOLD,exact
data,sl,B1,735,Elektrizität,elektrība,elektrība,LV_DIACRITIC,
data,sl,B1,735,Elektrizität,elektrība,elektrība,MARKER_LEAK,lv_macron_consonant
data,bg,B1,735,Elektrizität,elektrība,Електричество,FAMILY_COPY_STRICT,bg+hr+mk+sr
data,hr,B1,735,Elektrizität,elektrība,Електричество,FAMILY_COPY_STRICT,bg+hr+mk+sr
data,mk,B1,735,Elektrizität,elektrība,Електричество,FAMILY_COPY_STRICT,bg+hr+mk+sr
data,sr,B1,735,Elektrizität,elektrība,Електричество,FAMILY_COPY_STRICT,bg+hr+mk+sr
data,fi,B1,735,Elektrizität,elektrība,Elekter,FAMILY_COPY_STRICT,fi+is+nb+nn+sv
data,is,B1,735,Elektrizität,elektrība,Elekter,FAMILY_COPY_STRICT,fi+is+nb+nn+sv
data,nb,B1,735,Elektrizität,elektrība,Elekter,FAMILY_COPY_STRICT,fi+is+nb+nn+sv
data,nn,B1,735,Elektrizität,elektrība,Elekter,FAMILY_COPY_STRICT,fi+is+nb+nn+sv
data,sv,B1,735,Elektrizität,elektrība,Elekter,FAMILY_COPY_STRICT,fi+is+nb+nn+sv
data,it,B1,735,Elektrizität,elektrība,Elektriciteit,FAMILY_COPY_STRICT,it+lb+nl
data,lb,B1,735,Elektrizität,elektrība,Elektriciteit,FAMILY_COPY_STRICT,it+lb+nl
data,nl,B1,735,Elektrizität,elektrība,Elektriciteit,FAMILY_COPY_STRICT,it+lb+nl
data,pl,B1,735,Elektrizität,elektrība,Elektryczność,FAMILY_COPY_STRICT,pl+sk
data,sk,B1,735,Elektrizität,elektrība,Elektryczność,FAMILY_COPY_STRICT,pl+sk
data,sq,B1,735,Elektrizität,elektrība,Elektrik,FAMILY_COPY_STRICT,sq+tr
data,tr,B1,735,Elektrizität,elektrība,Elektrik,FAMILY_COPY_STRICT,sq+tr
data,hr,B1,736,Element,elements,Елемент,SCRIPT_MISMATCH,
data,hr,B1,736,Element,elements,Елемент,MARKER_LEAK,foreign_script
data,it,B1,736,Element,elements,Elements,SAME_AS_LV_CASEFOLD,casefold_only
data,lb,B1,736,Element,elements,Elements,SAME_AS_LV_CASEFOLD,casefold_only
data,nl,B1,736,Element,elements,Elements,SAME_AS_LV_CASEFOLD,casefold_only
data,sl,B1,736,Element,elements,elements,SAME_AS_LV_CASEFOLD,exact
data,bg,B1,736,Element,elements,Елемент,FAMILY_COPY_STRICT,bg+hr+mk+sr
data,hr,B1,736,Element,elements,Елемент,FAMILY_COPY_STRICT,bg+hr+mk+sr
data,mk,B1,736,Element,elements,Елемент,FAMILY_COPY_STRICT,bg+hr+mk+sr
data,sr,B1,736,Element,elements,Елемент,FAMILY_COPY_STRICT,bg+hr+mk+sr
data,it,B1,736,Element,elements,Elements,FAMILY_COPY_STRICT,it+lb+nl
data,lb,B1,736,Element,elements,Elements,FAMILY_COPY_STRICT,it+lb+nl
data,nl,B1,736,Element,elements,Elements,FAMILY_COPY_STRICT,it+lb+nl
data,hr,B1,737,elementar,elementārs,Основно,SCRIPT_MISMATCH,
data,hr,B1,737,elementar,elementārs,Основно,MARKER_LEAK,foreign_script
data,it,B1,737,elementar,elementārs,Elementārs,SAME_AS_LV_CASEFOLD,casefold_only
data,it,B1,737,elementar,elementārs,Elementārs,LV_DIACRITIC,
data,it,B1,737,elementar,elementārs,Elementārs,MARKER_LEAK,lv_macron_consonant
data,lb,B1,737,elementar,elementārs,Elementārs,SAME_AS_LV_CASEFOLD,casefold_only
data,lb,B1,737,elementar,elementārs,Elementārs,LV_DIACRITIC,
data,lb,B1,737,elementar,elementārs,Elementārs,MARKER_LEAK,lv_macron_consonant
data,nl,B1,737,elementar,elementārs,Elementārs,SAME_AS_LV_CASEFOLD,casefold_only
data,nl,B1,737,elementar,elementārs,Elementārs,LV_DIACRITIC,
data,nl,B1,737,elementar,elementārs,Elementārs,MARKER_LEAK,lv_macron_consonant
data,sl,B1,737,elementar,elementārs,elementārs,SAME_AS_LV_CASEFOLD,exact
data,sl,B1,737,elementar,elementārs,elementārs,LV_DIACRITIC,
data,sl,B1,737,elementar,elementārs,elementārs,MARKER_LEAK,lv_macron_consonant
data,fi,B1,737,elementar,elementārs,Elementaarne,FAMILY_COPY_STRICT,fi+is+nb+nn+sv
data,is,B1,737,elementar,elementārs,Elementaarne,FAMILY_COPY_STRICT,fi+is+nb+nn+sv
data,nb,B1,737,elementar,elementārs,Elementaarne,FAMILY_COPY_STRICT,fi+is+nb+nn+sv
data,nn,B1,737,elementar,elementārs,Elementaarne,FAMILY_COPY_STRICT,fi+is+nb+nn+sv
data,sv,B1,737,elementar,elementārs,Elementaarne,FAMILY_COPY_STRICT,fi+is+nb+nn+sv
data,hr,B1,737,elementar,elementārs,Основно,FAMILY_COPY_STRICT,hr+mk+sr
data,mk,B1,737,elementar,elementārs,Основно,FAMILY_COPY_STRICT,hr+mk+sr
data,sr,B1,737,elementar,elementārs,Основно,FAMILY_COPY_STRICT,hr+mk+sr
data,it,B1,737,elementar,elementārs,Elementārs,FAMILY_COPY_STRICT,it+lb+nl
data,lb,B1,737,elementar,elementārs,Elementārs,FAMILY_COPY_STRICT,it+lb+nl
data,nl,B1,737,elementar,elementārs,Elementārs,FAMILY_COPY_STRICT,it+lb+nl
data,pl,B1,737,elementar,elementārs,Podstawowy,FAMILY_COPY_STRICT,pl+sk+sq+tr
data,sk,B1,737,elementar,elementārs,Podstawowy,FAMILY_COPY_STRICT,pl+sk+sq+tr
data,sq,B1,737,elementar,elementārs,Podstawowy,FAMILY_COPY_STRICT,pl+sk+sq+tr
data,tr,B1,737,elementar,elementārs,Podstawowy,FAMILY_COPY_STRICT,pl+sk+sq+tr
data,hr,B1,738,Elend,posts • nožēlojams stāvoklis,Нещастие • Неволя,SCRIPT_MISMATCH,
data,hr,B1,738,Elend,posts • nožēlojams stāvoklis,Нещастие • Неволя,MARKER_LEAK,foreign_script
data,it,B1,738,Elend,posts • nožēlojams stāvoklis,Posts • Nožēlojams stāvoklis,SAME_AS_LV_CASEFOLD,casefold_only
data,it,B1,738,Elend,posts • nožēlojams stāvoklis,Posts • Nožēlojams stāvoklis,LV_DIACRITIC,
data,it,B1,738,Elend,posts • nožēlojams stāvoklis,Posts • Nožēlojams stāvoklis,MARKER_LEAK,lv_macron_consonant
data,lb,B1,738,Elend,posts • nožēlojams stāvoklis,Posts • Nožēlojams stāvoklis,SAME_AS_LV_CASEFOLD,casefold_only
data,lb,B1,738,Elend,posts • nožēlojams stāvoklis,Posts • Nožēlojams stāvoklis,LV_DIACRITIC,
data,lb,B1,738,Elend,posts • nožēlojams stāvoklis,Posts • Nožēlojams stāvoklis,MARKER_LEAK,lv_macron_consonant
data,nl,B1,738,Elend,posts • nožēlojams stāvoklis,Posts • Nožēlojams stāvoklis,SAME_AS_LV_CASEFOLD,casefold_only
data,nl,B1,738,Elend,posts • nožēlojams stāvoklis,Posts • Nožēlojams stāvoklis,LV_DIACRITIC,
data,nl,B1,738,Elend,posts • nožēlojams stāvoklis,Posts • Nožēlojams stāvoklis,MARKER_LEAK,lv_macron_consonant
data,pt,B1,738,Elend,posts • nožēlojams stāvoklis,Ingressos • Nožēlojams stāvoklis,LV_DIACRITIC,
data,pt,B1,738,Elend,posts • nožēlojams stāvoklis,Ingressos • Nožēlojams stāvoklis,MARKER_LEAK,lv_macron_consonant
data,sk,B1,738,Elend,posts • nožēlojams stāvoklis,Nędza • Trudna sytuacja,MARKER_LEAK,pl_lt_nasal
data,sl,B1,738,Elend,posts • nožēlojams stāvoklis,posts • nožēlojams stāvoklis,SAME_AS_LV_CASEFOLD,exact
data,sl,B1,738,Elend,posts • nožēlojams stāvoklis,posts • nožēlojams stāvoklis,LV_DIACRITIC,
data,sl,B1,738,Elend,posts • nožēlojams stāvoklis,posts • nožēlojams stāvoklis,MARKER_LEAK,lv_macron_consonant
data,bg,B1,738,Elend,posts • nožēlojams stāvoklis,Нещастие • Неволя,FAMILY_COPY_STRICT,bg+hr+mk+sr
data,hr,B1,738,Elend,posts • nožēlojams stāvoklis,Нещастие • Неволя,FAMILY_COPY_STRICT,bg+hr+mk+sr
data,mk,B1,738,Elend,posts • nožēlojams stāvoklis,Нещастие • Неволя,FAMILY_COPY_STRICT,bg+hr+mk+sr
data,sr,B1,738,Elend,posts • nožēlojams stāvoklis,Нещастие • Неволя,FAMILY_COPY_STRICT,bg+hr+mk+sr
data,fi,B1,738,Elend,posts • nožēlojams stāvoklis,Häda • Armetu olukord,FAMILY_COPY_STRICT,fi+is+nb+nn+sv
data,is,B1,738,Elend,posts • nožēlojams stāvoklis,Häda • Armetu olukord,FAMILY_COPY_STRICT,fi+is+nb+nn+sv
data,nb,B1,738,Elend,posts • nožēlojams stāvoklis,Häda • Armetu olukord,FAMILY_COPY_STRICT,fi+is+nb+nn+sv
data,nn,B1,738,Elend,posts • nožēlojams stāvoklis,Häda • Armetu olukord,FAMILY_COPY_STRICT,fi+is+nb+nn+sv
data,sv,B1,738,Elend,posts • nožēlojams stāvoklis,Häda • Armetu olukord,FAMILY_COPY_STRICT,fi+is+nb+nn+sv
data,it,B1,738,Elend,posts • nožēlojams stāvoklis,Posts • Nožēlojams stāvoklis,FAMILY_COPY_STRICT,it+lb+nl
data,lb,B1,738,Elend,posts • nožēlojams stāvoklis,Posts • Nožēlojams stāvoklis,FAMILY_COPY_STRICT,it+lb+nl
data,nl,B1,738,Elend,posts • nožēlojams stāvoklis,Posts • Nožēlojams stāvoklis,FAMILY_COPY_STRICT,it+lb+nl
data,pl,B1,738,Elend,posts • nožēlojams stāvoklis,Nędza • Trudna sytuacja,FAMILY_COPY_STRICT,pl+sk
data,sk,B1,738,Elend,posts • nožēlojams stāvoklis,Nędza • Trudna sytuacja,FAMILY_COPY_STRICT,pl+sk
data,sq,B1,738,Elend,posts • nožēlojams stāvoklis,Yoksulluk • Zor durum,FAMILY_COPY_STRICT,sq+tr
data,tr,B1,738,Elend,posts • nožēlojams stāvoklis,Yoksulluk • Zor durum,FAMILY_COPY_STRICT,sq+tr
data,fi,B1,739,Empfang,saņemšana,Vastuvõtt,MARKER_LEAK,et_otilde
data,hr,B1,739,Empfang,saņemšana,Разписка,SCRIPT_MISMATCH,
data,hr,B1,739,Empfang,saņemšana,Разписка,MARKER_LEAK,foreign_script
data,is,B1,739,Empfang,saņemšana,Vastuvõtt,MARKER_LEAK,et_otilde
data,it,B1,739,Empfang,saņemšana,Saņemšana,SAME_AS_LV_CASEFOLD,casefold_only
data,it,B1,739,Empfang,saņemšana,Saņemšana,LV_DIACRITIC,
data,it,B1,739,Empfang,saņemšana,Saņemšana,MARKER_LEAK,lv_macron_consonant
data,lb,B1,739,Empfang,saņemšana,Saņemšana,SAME_AS_LV_CASEFOLD,casefold_only
data,lb,B1,739,Empfang,saņemšana,Saņemšana,LV_DIACRITIC,
data,lb,B1,739,Empfang,saņemšana,Saņemšana,MARKER_LEAK,lv_macron_consonant
data,nb,B1,739,Empfang,saņemšana,Vastuvõtt,MARKER_LEAK,et_otilde
data,nl,B1,739,Empfang,saņemšana,Saņemšana,SAME_AS_LV_CASEFOLD,casefold_only
data,nl,B1,739,Empfang,saņemšana,Saņemšana,LV_DIACRITIC,
data,nl,B1,739,Empfang,saņemšana,Saņemšana,MARKER_LEAK,lv_macron_consonant
data,nn,B1,739,Empfang,saņemšana,Vastuvõtt,MARKER_LEAK,et_otilde
data,pt,B1,739,Empfang,saņemšana,Sanemšana,LV_DIACRITIC,
data,sk,B1,739,Empfang,saņemšana,Otrzymujący,MARKER_LEAK,pl_lt_nasal
data,sl,B1,739,Empfang,saņemšana,saņemšana,SAME_AS_LV_CASEFOLD,exact
data,sl,B1,739,Empfang,saņemšana,saņemšana,LV_DIACRITIC,
data,sl,B1,739,Empfang,saņemšana,saņemšana,MARKER_LEAK,lv_macron_consonant
data,sv,B1,739,Empfang,saņemšana,Vastuvõtt,MARKER_LEAK,et_otilde
data,bg,B1,739,Empfang,saņemšana,Разписка,FAMILY_COPY_STRICT,bg+hr+mk+sr
data,hr,B1,739,Empfang,saņemšana,Разписка,FAMILY_COPY_STRICT,bg+hr+mk+sr
data,mk,B1,739,Empfang,saņemšana,Разписка,FAMILY_COPY_STRICT,bg+hr+mk+sr
data,sr,B1,739,Empfang,saņemšana,Разписка,FAMILY_COPY_STRICT,bg+hr+mk+sr
data,fi,B1,739,Empfang,saņemšana,Vastuvõtt,FAMILY_COPY_STRICT,fi+is+nb+nn+sv
data,is,B1,739,Empfang,saņemšana,Vastuvõtt,FAMILY_COPY_STRICT,fi+is+nb+nn+sv
data,nb,B1,739,Empfang,saņemšana,Vastuvõtt,FAMILY_COPY_STRICT,fi+is+nb+nn+sv
data,nn,B1,739,Empfang,saņemšana,Vastuvõtt,FAMILY_COPY_STRICT,fi+is+nb+nn+sv
data,sv,B1,739,Empfang,saņemšana,Vastuvõtt,FAMILY_COPY_STRICT,fi+is+nb+nn+sv
data,it,B1,739,Empfang,saņemšana,Saņemšana,FAMILY_COPY_STRICT,it+lb+nl
data,lb,B1,739,Empfang,saņemšana,Saņemšana,FAMILY_COPY_STRICT,it+lb+nl
data,nl,B1,739,Empfang,saņemšana,Saņemšana,FAMILY_COPY_STRICT,it+lb+nl
data,pl,B1,739,Empfang,saņemšana,Otrzymujący,FAMILY_COPY_STRICT,pl+sk
data,sk,B1,739,Empfang,saņemšana,Otrzymujący,FAMILY_COPY_STRICT,pl+sk
data,sq,B1,739,Empfang,saņemšana,Alma,FAMILY_COPY_STRICT,sq+tr
data,tr,B1,739,Empfang,saņemšana,Alma,FAMILY_COPY_STRICT,sq+tr
data,fi,B1,740,empfangen,saņemt,Vastu võtma,MARKER_LEAK,et_otilde
data,hr,B1,740,empfangen,saņemt,Добијте го,SCRIPT_MISMATCH,
data,hr,B1,740,empfangen,saņemt,Добијте го,MARKER_LEAK,foreign_script
data,it,B1,740,empfangen,saņemt,Saņemt,SAME_AS_LV_CASEFOLD,casefold_only
data,it,B1,740,empfangen,saņemt,Saņemt,LV_DIACRITIC,
data,it,B1,740,empfangen,saņemt,Saņemt,MARKER_LEAK,lv_macron_consonant
data,nl,B1,740,empfangen,saņemt,Saņemt,SAME_AS_LV_CASEFOLD,casefold_only
data,nl,B1,740,empfangen,saņemt,Saņemt,LV_DIACRITIC,
data,nl,B1,740,empfangen,saņemt,Saņemt,MARKER_LEAK,lv_macron_consonant
data,sl,B1,740,empfangen,saņemt,saņemt,SAME_AS_LV_CASEFOLD,exact
data,sl,B1,740,empfangen,saņemt,saņemt,LV_DIACRITIC,
data,sl,B1,740,empfangen,saņemt,saņemt,MARKER_LEAK,lv_macron_consonant
data,sv,B1,740,empfangen,saņemt,Vastu võtma,MARKER_LEAK,et_otilde
data,fi,B1,740,empfangen,saņemt,Vastu võtma,FAMILY_COPY_STRICT,fi+sv
data,sv,B1,740,empfangen,saņemt,Vastu võtma,FAMILY_COPY_STRICT,fi+sv
data,hr,B1,740,empfangen,saņemt,Добијте го,FAMILY_COPY_STRICT,hr+mk+sr
data,mk,B1,740,empfangen,saņemt,Добијте го,FAMILY_COPY_STRICT,hr+mk+sr
data,sr,B1,740,empfangen,saņemt,Добијте го,FAMILY_COPY_STRICT,hr+mk+sr
data,is,B1,740,empfangen,saņemt,Vastu ta,FAMILY_COPY_STRICT,is+nb+nn
data,nb,B1,740,empfangen,saņemt,Vastu ta,FAMILY_COPY_STRICT,is+nb+nn
data,nn,B1,740,empfangen,saņemt,Vastu ta,FAMILY_COPY_STRICT,is+nb+nn
data,it,B1,740,empfangen,saņemt,Saņemt,FAMILY_COPY_STRICT,it+nl
data,nl,B1,740,empfangen,saņemt,Saņemt,FAMILY_COPY_STRICT,it+nl
data,fi,B1,741,Empfänger,saņēmējs,Vastuvõtja,MARKER_LEAK,et_otilde
data,hr,B1,741,Empfänger,saņēmējs,Примач,SCRIPT_MISMATCH,
data,hr,B1,741,Empfänger,saņēmējs,Примач,MARKER_LEAK,foreign_script
data,is,B1,741,Empfänger,saņēmējs,Vastuvõtja,MARKER_LEAK,et_otilde
data,it,B1,741,Empfänger,saņēmējs,Saņēmējs,SAME_AS_LV_CASEFOLD,casefold_only
data,it,B1,741,Empfänger,saņēmējs,Saņēmējs,LV_DIACRITIC,
data,it,B1,741,Empfänger,saņēmējs,Saņēmējs,MARKER_LEAK,lv_macron_consonant
data,lb,B1,741,Empfänger,saņēmējs,Saņēmējs,SAME_AS_LV_CASEFOLD,casefold_only
data,lb,B1,741,Empfänger,saņēmējs,Saņēmējs,LV_DIACRITIC,
data,lb,B1,741,Empfänger,saņēmējs,Saņēmējs,MARKER_LEAK,lv_macron_consonant
data,nb,B1,741,Empfänger,saņēmējs,Vastuvõtja,MARKER_LEAK,et_otilde
data,nl,B1,741,Empfänger,saņēmējs,Saņēmējs,SAME_AS_LV_CASEFOLD,casefold_only
data,nl,B1,741,Empfänger,saņēmējs,Saņēmējs,LV_DIACRITIC,
data,nl,B1,741,Empfänger,saņēmējs,Saņēmējs,MARKER_LEAK,lv_macron_consonant
data,nn,B1,741,Empfänger,saņēmējs,Vastuvõtja,MARKER_LEAK,et_otilde
data,pt,B1,741,Empfänger,saņēmējs,Saņēmējs,SAME_AS_LV_CASEFOLD,casefold_only
data,pt,B1,741,Empfänger,saņēmējs,Saņēmējs,LV_DIACRITIC,
data,pt,B1,741,Empfänger,saņēmējs,Saņēmējs,MARKER_LEAK,lv_macron_consonant
data,sl,B1,741,Empfänger,saņēmējs,saņēmējs,SAME_AS_LV_CASEFOLD,exact
data,sl,B1,741,Empfänger,saņēmējs,saņēmējs,LV_DIACRITIC,
data,sl,B1,741,Empfänger,saņēmējs,saņēmējs,MARKER_LEAK,lv_macron_consonant
data,sv,B1,741,Empfänger,saņēmējs,Vastuvõtja,MARKER_LEAK,et_otilde
data,fi,B1,741,Empfänger,saņēmējs,Vastuvõtja,FAMILY_COPY_STRICT,fi+is+nb+nn+sv
data,is,B1,741,Empfänger,saņēmējs,Vastuvõtja,FAMILY_COPY_STRICT,fi+is+nb+nn+sv
data,nb,B1,741,Empfänger,saņēmējs,Vastuvõtja,FAMILY_COPY_STRICT,fi+is+nb+nn+sv
data,nn,B1,741,Empfänger,saņēmējs,Vastuvõtja,FAMILY_COPY_STRICT,fi+is+nb+nn+sv
data,sv,B1,741,Empfänger,saņēmējs,Vastuvõtja,FAMILY_COPY_STRICT,fi+is+nb+nn+sv
data,hr,B1,741,Empfänger,saņēmējs,Примач,FAMILY_COPY_STRICT,hr+mk+sr
data,mk,B1,741,Empfänger,saņēmējs,Примач,FAMILY_COPY_STRICT,hr+mk+sr
data,sr,B1,741,Empfänger,saņēmējs,Примач,FAMILY_COPY_STRICT,hr+mk+sr
data,it,B1,741,Empfänger,saņēmējs,Saņēmējs,FAMILY_COPY_STRICT,it+lb+nl+pt
data,lb,B1,741,Empfänger,saņēmējs,Saņēmējs,FAMILY_COPY_STRICT,it+lb+nl+pt
data,nl,B1,741,Empfänger,saņēmējs,Saņēmējs,FAMILY_COPY_STRICT,it+lb+nl+pt
data,pt,B1,741,Empfänger,saņēmējs,Saņēmējs,FAMILY_COPY_STRICT,it+lb+nl+pt
data,pl,B1,741,Empfänger,saņēmējs,Odbiorca,FAMILY_COPY_STRICT,pl+sq+tr
data,sq,B1,741,Empfänger,saņēmējs,Odbiorca,FAMILY_COPY_STRICT,pl+sq+tr
data,tr,B1,741,Empfänger,saņēmējs,Odbiorca,FAMILY_COPY_STRICT,pl+sq+tr
data,hr,B1,742,Empfehlung,ieteikums,Препоръка,SCRIPT_MISMATCH,
data,hr,B1,742,Empfehlung,ieteikums,Препоръка,MARKER_LEAK,foreign_script
data,it,B1,742,Empfehlung,ieteikums,Ieteikums,SAME_AS_LV_CASEFOLD,casefold_only
data,lb,B1,742,Empfehlung,ieteikums,Ieteikums,SAME_AS_LV_CASEFOLD,casefold_only
data,nl,B1,742,Empfehlung,ieteikums,Ieteikums,SAME_AS_LV_CASEFOLD,casefold_only
data,pt,B1,742,Empfehlung,ieteikums,Ieteikums,SAME_AS_LV_CASEFOLD,casefold_only
data,sl,B1,742,Empfehlung,ieteikums,ieteikums,SAME_AS_LV_CASEFOLD,exact
data,bg,B1,742,Empfehlung,ieteikums,Препоръка,FAMILY_COPY_STRICT,bg+hr+mk+sr
data,hr,B1,742,Empfehlung,ieteikums,Препоръка,FAMILY_COPY_STRICT,bg+hr+mk+sr
data,mk,B1,742,Empfehlung,ieteikums,Препоръка,FAMILY_COPY_STRICT,bg+hr+mk+sr
data,sr,B1,742,Empfehlung,ieteikums,Препоръка,FAMILY_COPY_STRICT,bg+hr+mk+sr
data,fi,B1,742,Empfehlung,ieteikums,Soovitus,FAMILY_COPY_STRICT,fi+is+nb+nn+sv
data,is,B1,742,Empfehlung,ieteikums,Soovitus,FAMILY_COPY_STRICT,fi+is+nb+nn+sv
data,nb,B1,742,Empfehlung,ieteikums,Soovitus,FAMILY_COPY_STRICT,fi+is+nb+nn+sv
data,nn,B1,742,Empfehlung,ieteikums,Soovitus,FAMILY_COPY_STRICT,fi+is+nb+nn+sv
data,sv,B1,742,Empfehlung,ieteikums,Soovitus,FAMILY_COPY_STRICT,fi+is+nb+nn+sv
data,it,B1,742,Empfehlung,ieteikums,Ieteikums,FAMILY_COPY_STRICT,it+lb+nl+pt
data,lb,B1,742,Empfehlung,ieteikums,Ieteikums,FAMILY_COPY_STRICT,it+lb+nl+pt
data,nl,B1,742,Empfehlung,ieteikums,Ieteikums,FAMILY_COPY_STRICT,it+lb+nl+pt
data,pt,B1,742,Empfehlung,ieteikums,Ieteikums,FAMILY_COPY_STRICT,it+lb+nl+pt
data,pl,B1,742,Empfehlung,ieteikums,Zalecenie,FAMILY_COPY_STRICT,pl+sk+sq+tr
data,sk,B1,742,Empfehlung,ieteikums,Zalecenie,FAMILY_COPY_STRICT,pl+sk+sq+tr
data,sq,B1,742,Empfehlung,ieteikums,Zalecenie,FAMILY_COPY_STRICT,pl+sk+sq+tr
data,tr,B1,742,Empfehlung,ieteikums,Zalecenie,FAMILY_COPY_STRICT,pl+sk+sq+tr
data,hr,B1,743,empfinden,sajust,Почувствайте,SCRIPT_MISMATCH,
data,hr,B1,743,empfinden,sajust,Почувствайте,MARKER_LEAK,foreign_script
data,it,B1,743,empfinden,sajust,Sajust,SAME_AS_LV_CASEFOLD,casefold_only
data,lb,B1,743,empfinden,sajust,Sajust,SAME_AS_LV_CASEFOLD,casefold_only
data,nl,B1,743,empfinden,sajust,Sajust,SAME_AS_LV_CASEFOLD,casefold_only
data,pt,B1,743,empfinden,sajust,Sajust,SAME_AS_LV_CASEFOLD,casefold_only
data,sl,B1,743,empfinden,sajust,sajust,SAME_AS_LV_CASEFOLD,exact
data,bg,B1,743,empfinden,sajust,Почувствайте,FAMILY_COPY_STRICT,bg+hr+mk+sr
data,hr,B1,743,empfinden,sajust,Почувствайте,FAMILY_COPY_STRICT,bg+hr+mk+sr
data,mk,B1,743,empfinden,sajust,Почувствайте,FAMILY_COPY_STRICT,bg+hr+mk+sr
data,sr,B1,743,empfinden,sajust,Почувствайте,FAMILY_COPY_STRICT,bg+hr+mk+sr
data,fi,B1,743,empfinden,sajust,Tundma,FAMILY_COPY_STRICT,fi+sv
data,sv,B1,743,empfinden,sajust,Tundma,FAMILY_COPY_STRICT,fi+sv
data,is,B1,743,empfinden,sajust,Tynning,FAMILY_COPY_STRICT,is+nb+nn
data,nb,B1,743,empfinden,sajust,Tynning,FAMILY_COPY_STRICT,is+nb+nn
data,nn,B1,743,empfinden,sajust,Tynning,FAMILY_COPY_STRICT,is+nb+nn
data,it,B1,743,empfinden,sajust,Sajust,FAMILY_COPY_STRICT,it+lb+nl+pt
data,lb,B1,743,empfinden,sajust,Sajust,FAMILY_COPY_STRICT,it+lb+nl+pt
data,nl,B1,743,empfinden,sajust,Sajust,FAMILY_COPY_STRICT,it+lb+nl+pt
data,pt,B1,743,empfinden,sajust,Sajust,FAMILY_COPY_STRICT,it+lb+nl+pt
data,pl,B1,743,empfinden,sajust,Czuć,FAMILY_COPY_STRICT,pl+sk+sq+tr
data,sk,B1,743,empfinden,sajust,Czuć,FAMILY_COPY_STRICT,pl+sk+sq+tr
data,sq,B1,743,empfinden,sajust,Czuć,FAMILY_COPY_STRICT,pl+sk+sq+tr
data,tr,B1,743,empfinden,sajust,Czuć,FAMILY_COPY_STRICT,pl+sk+sq+tr
data,hr,B1,744,empfindlich,jutīgs,Чувствителен,SCRIPT_MISMATCH,
data,hr,B1,744,empfindlich,jutīgs,Чувствителен,MARKER_LEAK,foreign_script
data,it,B1,744,empfindlich,jutīgs,Jutīgs,SAME_AS_LV_CASEFOLD,casefold_only
data,it,B1,744,empfindlich,jutīgs,Jutīgs,LV_DIACRITIC,
data,it,B1,744,empfindlich,jutīgs,Jutīgs,MARKER_LEAK,lv_macron_consonant
data,lb,B1,744,empfindlich,jutīgs,Jutīgs,SAME_AS_LV_CASEFOLD,casefold_only
data,lb,B1,744,empfindlich,jutīgs,Jutīgs,LV_DIACRITIC,
data,lb,B1,744,empfindlich,jutīgs,Jutīgs,MARKER_LEAK,lv_macron_consonant
data,nl,B1,744,empfindlich,jutīgs,Jutīgs,SAME_AS_LV_CASEFOLD,casefold_only
data,nl,B1,744,empfindlich,jutīgs,Jutīgs,LV_DIACRITIC,
data,nl,B1,744,empfindlich,jutīgs,Jutīgs,MARKER_LEAK,lv_macron_consonant
data,sl,B1,744,empfindlich,jutīgs,jutīgs,SAME_AS_LV_CASEFOLD,exact
data,sl,B1,744,empfindlich,jutīgs,jutīgs,LV_DIACRITIC,
data,sl,B1,744,empfindlich,jutīgs,jutīgs,MARKER_LEAK,lv_macron_consonant
data,bg,B1,744,empfindlich,jutīgs,Чувствителен,FAMILY_COPY_STRICT,bg+hr+mk+sr
data,hr,B1,744,empfindlich,jutīgs,Чувствителен,FAMILY_COPY_STRICT,bg+hr+mk+sr
data,mk,B1,744,empfindlich,jutīgs,Чувствителен,FAMILY_COPY_STRICT,bg+hr+mk+sr
data,sr,B1,744,empfindlich,jutīgs,Чувствителен,FAMILY_COPY_STRICT,bg+hr+mk+sr
data,fi,B1,744,empfindlich,jutīgs,Tundlik,FAMILY_COPY_STRICT,fi+is+nb+nn+sv
data,is,B1,744,empfindlich,jutīgs,Tundlik,FAMILY_COPY_STRICT,fi+is+nb+nn+sv
data,nb,B1,744,empfindlich,jutīgs,Tundlik,FAMILY_COPY_STRICT,fi+is+nb+nn+sv
data,nn,B1,744,empfindlich,jutīgs,Tundlik,FAMILY_COPY_STRICT,fi+is+nb+nn+sv
data,sv,B1,744,empfindlich,jutīgs,Tundlik,FAMILY_COPY_STRICT,fi+is+nb+nn+sv
data,it,B1,744,empfindlich,jutīgs,Jutīgs,FAMILY_COPY_STRICT,it+lb+nl
data,lb,B1,744,empfindlich,jutīgs,Jutīgs,FAMILY_COPY_STRICT,it+lb+nl
data,nl,B1,744,empfindlich,jutīgs,Jutīgs,FAMILY_COPY_STRICT,it+lb+nl
data,sq,B1,744,empfindlich,jutīgs,Hassas,FAMILY_COPY_STRICT,sq+tr
data,tr,B1,744,empfindlich,jutīgs,Hassas,FAMILY_COPY_STRICT,sq+tr
data,fi,B1,745,endgültig,galīgs,Lõplik,MARKER_LEAK,et_otilde
data,hr,B1,745,endgültig,galīgs,Окончателно,SCRIPT_MISMATCH,
data,hr,B1,745,endgültig,galīgs,Окончателно,MARKER_LEAK,foreign_script
data,is,B1,745,endgültig,galīgs,Lõplik,MARKER_LEAK,et_otilde
data,it,B1,745,endgültig,galīgs,Galīgs,SAME_AS_LV_CASEFOLD,casefold_only
data,it,B1,745,endgültig,galīgs,Galīgs,LV_DIACRITIC,
data,it,B1,745,endgültig,galīgs,Galīgs,MARKER_LEAK,lv_macron_consonant
data,lb,B1,745,endgültig,galīgs,Galīgs,SAME_AS_LV_CASEFOLD,casefold_only
data,lb,B1,745,endgültig,galīgs,Galīgs,LV_DIACRITIC,
data,lb,B1,745,endgültig,galīgs,Galīgs,MARKER_LEAK,lv_macron_consonant
data,nb,B1,745,endgültig,galīgs,Lõplik,MARKER_LEAK,et_otilde
data,nl,B1,745,endgültig,galīgs,Galīgs,SAME_AS_LV_CASEFOLD,casefold_only
data,nl,B1,745,endgültig,galīgs,Galīgs,LV_DIACRITIC,
data,nl,B1,745,endgültig,galīgs,Galīgs,MARKER_LEAK,lv_macron_consonant
data,nn,B1,745,endgültig,galīgs,Lõplik,MARKER_LEAK,et_otilde
data,sk,B1,745,endgültig,galīgs,Finał,MARKER_LEAK,pl_l_s_z
data,sl,B1,745,endgültig,galīgs,galīgs,SAME_AS_LV_CASEFOLD,exact
data,sl,B1,745,endgültig,galīgs,galīgs,LV_DIACRITIC,
data,sl,B1,745,endgültig,galīgs,galīgs,MARKER_LEAK,lv_macron_consonant
data,sv,B1,745,endgültig,galīgs,Lõplik,MARKER_LEAK,et_otilde
data,bg,B1,745,endgültig,galīgs,Окончателно,FAMILY_COPY_STRICT,bg+hr+mk+sr
data,hr,B1,745,endgültig,galīgs,Окончателно,FAMILY_COPY_STRICT,bg+hr+mk+sr
data,mk,B1,745,endgültig,galīgs,Окончателно,FAMILY_COPY_STRICT,bg+hr+mk+sr
data,sr,B1,745,endgültig,galīgs,Окончателно,FAMILY_COPY_STRICT,bg+hr+mk+sr
data,en,B1,745,endgültig,galīgs,Final,FAMILY_COPY_STRICT,en+ro+sq+tr
data,ro,B1,745,endgültig,galīgs,Final,FAMILY_COPY_STRICT,en+ro+sq+tr
data,sq,B1,745,endgültig,galīgs,Final,FAMILY_COPY_STRICT,en+ro+sq+tr
data,tr,B1,745,endgültig,galīgs,Final,FAMILY_COPY_STRICT,en+ro+sq+tr
data,fi,B1,745,endgültig,galīgs,Lõplik,FAMILY_COPY_STRICT,fi+is+nb+nn+sv
data,is,B1,745,endgültig,galīgs,Lõplik,FAMILY_COPY_STRICT,fi+is+nb+nn+sv
data,nb,B1,745,endgültig,galīgs,Lõplik,FAMILY_COPY_STRICT,fi+is+nb+nn+sv
data,nn,B1,745,endgültig,galīgs,Lõplik,FAMILY_COPY_STRICT,fi+is+nb+nn+sv
data,sv,B1,745,endgültig,galīgs,Lõplik,FAMILY_COPY_STRICT,fi+is+nb+nn+sv
data,it,B1,745,endgültig,galīgs,Galīgs,FAMILY_COPY_STRICT,it+lb+nl
data,lb,B1,745,endgültig,galīgs,Galīgs,FAMILY_COPY_STRICT,it+lb+nl
data,nl,B1,745,endgültig,galīgs,Galīgs,FAMILY_COPY_STRICT,it+lb+nl
data,pl,B1,745,endgültig,galīgs,Finał,FAMILY_COPY_STRICT,pl+sk
data,sk,B1,745,endgültig,galīgs,Finał,FAMILY_COPY_STRICT,pl+sk
data,fi,B1,746,endlos,bezgalīgs,Lõputu,MARKER_LEAK,et_otilde
data,hr,B1,746,endlos,bezgalīgs,Безкраен,SCRIPT_MISMATCH,
data,hr,B1,746,endlos,bezgalīgs,Безкраен,MARKER_LEAK,foreign_script
data,is,B1,746,endlos,bezgalīgs,Lõputu,MARKER_LEAK,et_otilde
data,it,B1,746,endlos,bezgalīgs,Bezgalīgs,SAME_AS_LV_CASEFOLD,casefold_only
data,it,B1,746,endlos,bezgalīgs,Bezgalīgs,LV_DIACRITIC,
data,it,B1,746,endlos,bezgalīgs,Bezgalīgs,MARKER_LEAK,lv_macron_consonant
data,nb,B1,746,endlos,bezgalīgs,Lõputu,MARKER_LEAK,et_otilde
data,nl,B1,746,endlos,bezgalīgs,Bezgalīgs,SAME_AS_LV_CASEFOLD,casefold_only
data,nl,B1,746,endlos,bezgalīgs,Bezgalīgs,LV_DIACRITIC,
data,nl,B1,746,endlos,bezgalīgs,Bezgalīgs,MARKER_LEAK,lv_macron_consonant
data,nn,B1,746,endlos,bezgalīgs,Lõputu,MARKER_LEAK,et_otilde
data,sl,B1,746,endlos,bezgalīgs,bezgalīgs,SAME_AS_LV_CASEFOLD,exact
data,sl,B1,746,endlos,bezgalīgs,bezgalīgs,LV_DIACRITIC,
data,sl,B1,746,endlos,bezgalīgs,bezgalīgs,MARKER_LEAK,lv_macron_consonant
data,sv,B1,746,endlos,bezgalīgs,Lõputu,MARKER_LEAK,et_otilde
data,bg,B1,746,endlos,bezgalīgs,Безкраен,FAMILY_COPY_STRICT,bg+hr+mk+sr
data,hr,B1,746,endlos,bezgalīgs,Безкраен,FAMILY_COPY_STRICT,bg+hr+mk+sr
data,mk,B1,746,endlos,bezgalīgs,Безкраен,FAMILY_COPY_STRICT,bg+hr+mk+sr
data,sr,B1,746,endlos,bezgalīgs,Безкраен,FAMILY_COPY_STRICT,bg+hr+mk+sr
data,fi,B1,746,endlos,bezgalīgs,Lõputu,FAMILY_COPY_STRICT,fi+is+nb+nn+sv
data,is,B1,746,endlos,bezgalīgs,Lõputu,FAMILY_COPY_STRICT,fi+is+nb+nn+sv
data,nb,B1,746,endlos,bezgalīgs,Lõputu,FAMILY_COPY_STRICT,fi+is+nb+nn+sv
data,nn,B1,746,endlos,bezgalīgs,Lõputu,FAMILY_COPY_STRICT,fi+is+nb+nn+sv
data,sv,B1,746,endlos,bezgalīgs,Lõputu,FAMILY_COPY_STRICT,fi+is+nb+nn+sv
data,it,B1,746,endlos,bezgalīgs,Bezgalīgs,FAMILY_COPY_STRICT,it+nl
data,nl,B1,746,endlos,bezgalīgs,Bezgalīgs,FAMILY_COPY_STRICT,it+nl
data,pl,B1,746,endlos,bezgalīgs,Nieskończony,FAMILY_COPY_STRICT,pl+sk
data,sk,B1,746,endlos,bezgalīgs,Nieskończony,FAMILY_COPY_STRICT,pl+sk
data,sq,B1,746,endlos,bezgalīgs,Sonsuz,FAMILY_COPY_STRICT,sq+tr
data,tr,B1,746,endlos,bezgalīgs,Sonsuz,FAMILY_COPY_STRICT,sq+tr
data,fi,B1,747,Endstation,galastacija,Lõppjaam,MARKER_LEAK,et_otilde
data,hr,B1,747,Endstation,galastacija,Крайна спирка,SCRIPT_MISMATCH,
data,hr,B1,747,Endstation,galastacija,Крайна спирка,MARKER_LEAK,foreign_script
data,is,B1,747,Endstation,galastacija,Lõppjaam,MARKER_LEAK,et_otilde
data,it,B1,747,Endstation,galastacija,Galastacija,SAME_AS_LV_CASEFOLD,casefold_only
data,lb,B1,747,Endstation,galastacija,Galastacija,SAME_AS_LV_CASEFOLD,casefold_only
data,nb,B1,747,Endstation,galastacija,Lõppjaam,MARKER_LEAK,et_otilde
data,nl,B1,747,Endstation,galastacija,Galastacija,SAME_AS_LV_CASEFOLD,casefold_only
data,nn,B1,747,Endstation,galastacija,Lõppjaam,MARKER_LEAK,et_otilde
data,sl,B1,747,Endstation,galastacija,galastacija,SAME_AS_LV_CASEFOLD,exact
data,sv,B1,747,Endstation,galastacija,Lõppjaam,MARKER_LEAK,et_otilde
data,bg,B1,747,Endstation,galastacija,Крайна спирка,FAMILY_COPY_STRICT,bg+hr+mk+sr
data,hr,B1,747,Endstation,galastacija,Крайна спирка,FAMILY_COPY_STRICT,bg+hr+mk+sr
data,mk,B1,747,Endstation,galastacija,Крайна спирка,FAMILY_COPY_STRICT,bg+hr+mk+sr
data,sr,B1,747,Endstation,galastacija,Крайна спирка,FAMILY_COPY_STRICT,bg+hr+mk+sr
data,bs,B1,747,Endstation,galastacija,Terminus,FAMILY_COPY_STRICT,bs+da+en+fr+ro
data,da,B1,747,Endstation,galastacija,Terminus,FAMILY_COPY_STRICT,bs+da+en+fr+ro
data,en,B1,747,Endstation,galastacija,Terminus,FAMILY_COPY_STRICT,bs+da+en+fr+ro
data,fr,B1,747,Endstation,galastacija,Terminus,FAMILY_COPY_STRICT,bs+da+en+fr+ro
data,ro,B1,747,Endstation,galastacija,Terminus,FAMILY_COPY_STRICT,bs+da+en+fr+ro
data,fi,B1,747,Endstation,galastacija,Lõppjaam,FAMILY_COPY_STRICT,fi+is+nb+nn+sv
data,is,B1,747,Endstation,galastacija,Lõppjaam,FAMILY_COPY_STRICT,fi+is+nb+nn+sv
data,nb,B1,747,Endstation,galastacija,Lõppjaam,FAMILY_COPY_STRICT,fi+is+nb+nn+sv
data,nn,B1,747,Endstation,galastacija,Lõppjaam,FAMILY_COPY_STRICT,fi+is+nb+nn+sv
data,sv,B1,747,Endstation,galastacija,Lõppjaam,FAMILY_COPY_STRICT,fi+is+nb+nn+sv
data,it,B1,747,Endstation,galastacija,Galastacija,FAMILY_COPY_STRICT,it+lb+nl
data,lb,B1,747,Endstation,galastacija,Galastacija,FAMILY_COPY_STRICT,it+lb+nl
data,nl,B1,747,Endstation,galastacija,Galastacija,FAMILY_COPY_STRICT,it+lb+nl
data,pl,B1,747,Endstation,galastacija,Stacja końcowa,FAMILY_COPY_STRICT,pl+sk
data,sk,B1,747,Endstation,galastacija,Stacja końcowa,FAMILY_COPY_STRICT,pl+sk
data,sq,B1,747,Endstation,galastacija,Terminal,FAMILY_COPY_STRICT,sq+tr
data,tr,B1,747,Endstation,galastacija,Terminal,FAMILY_COPY_STRICT,sq+tr
data,hr,B1,748,Energiequelle,enerģijas avots,Източник на енергия,SCRIPT_MISMATCH,
data,hr,B1,748,Energiequelle,enerģijas avots,Източник на енергия,MARKER_LEAK,foreign_script
data,it,B1,748,Energiequelle,enerģijas avots,Enerģijas avots,SAME_AS_LV_CASEFOLD,casefold_only
data,it,B1,748,Energiequelle,enerģijas avots,Enerģijas avots,LV_DIACRITIC,
data,it,B1,748,Energiequelle,enerģijas avots,Enerģijas avots,MARKER_LEAK,lv_macron_consonant
data,lb,B1,748,Energiequelle,enerģijas avots,Enerģijas avots,SAME_AS_LV_CASEFOLD,casefold_only
data,lb,B1,748,Energiequelle,enerģijas avots,Enerģijas avots,LV_DIACRITIC,
data,lb,B1,748,Energiequelle,enerģijas avots,Enerģijas avots,MARKER_LEAK,lv_macron_consonant
data,nl,B1,748,Energiequelle,enerģijas avots,Enerģijas avots,SAME_AS_LV_CASEFOLD,casefold_only
data,nl,B1,748,Energiequelle,enerģijas avots,Enerģijas avots,LV_DIACRITIC,
data,nl,B1,748,Energiequelle,enerģijas avots,Enerģijas avots,MARKER_LEAK,lv_macron_consonant
data,sk,B1,748,Energiequelle,enerģijas avots,Źródło energii,MARKER_LEAK,pl_l_s_z
data,sl,B1,748,Energiequelle,enerģijas avots,enerģijas avots,SAME_AS_LV_CASEFOLD,exact
data,sl,B1,748,Energiequelle,enerģijas avots,enerģijas avots,LV_DIACRITIC,
data,sl,B1,748,Energiequelle,enerģijas avots,enerģijas avots,MARKER_LEAK,lv_macron_consonant
data,sq,B1,748,Energiequelle,enerģijas avots,Enerji kaynağı,MARKER_LEAK,tr_soft
data,bg,B1,748,Energiequelle,enerģijas avots,Източник на енергия,FAMILY_COPY_STRICT,bg+hr+mk+sr
data,hr,B1,748,Energiequelle,enerģijas avots,Източник на енергия,FAMILY_COPY_STRICT,bg+hr+mk+sr
data,mk,B1,748,Energiequelle,enerģijas avots,Източник на енергия,FAMILY_COPY_STRICT,bg+hr+mk+sr
data,sr,B1,748,Energiequelle,enerģijas avots,Източник на енергия,FAMILY_COPY_STRICT,bg+hr+mk+sr
data,fi,B1,748,Energiequelle,enerģijas avots,Energiaallikas,FAMILY_COPY_STRICT,fi+is+nb+nn+sv
data,is,B1,748,Energiequelle,enerģijas avots,Energiaallikas,FAMILY_COPY_STRICT,fi+is+nb+nn+sv
data,nb,B1,748,Energiequelle,enerģijas avots,Energiaallikas,FAMILY_COPY_STRICT,fi+is+nb+nn+sv
data,nn,B1,748,Energiequelle,enerģijas avots,Energiaallikas,FAMILY_COPY_STRICT,fi+is+nb+nn+sv
data,sv,B1,748,Energiequelle,enerģijas avots,Energiaallikas,FAMILY_COPY_STRICT,fi+is+nb+nn+sv
data,it,B1,748,Energiequelle,enerģijas avots,Enerģijas avots,FAMILY_COPY_STRICT,it+lb+nl
data,lb,B1,748,Energiequelle,enerģijas avots,Enerģijas avots,FAMILY_COPY_STRICT,it+lb+nl
data,nl,B1,748,Energiequelle,enerģijas avots,Enerģijas avots,FAMILY_COPY_STRICT,it+lb+nl
data,pl,B1,748,Energiequelle,enerģijas avots,Źródło energii,FAMILY_COPY_STRICT,pl+sk
data,sk,B1,748,Energiequelle,enerģijas avots,Źródło energii,FAMILY_COPY_STRICT,pl+sk
data,sq,B1,748,Energiequelle,enerģijas avots,Enerji kaynağı,FAMILY_COPY_STRICT,sq+tr
data,tr,B1,748,Energiequelle,enerģijas avots,Enerji kaynağı,FAMILY_COPY_STRICT,sq+tr
data,hr,B1,749,Ensemble,ansamblis,Ансамбъл,SCRIPT_MISMATCH,
data,hr,B1,749,Ensemble,ansamblis,Ансамбъл,MARKER_LEAK,foreign_script
data,it,B1,749,Ensemble,ansamblis,Ansamblis,SAME_AS_LV_CASEFOLD,casefold_only
data,lb,B1,749,Ensemble,ansamblis,Ansamblis,SAME_AS_LV_CASEFOLD,casefold_only
data,lt,B1,749,Ensemble,ansamblis,ansamblis,SAME_AS_LV_CASEFOLD,exact
data,nl,B1,749,Ensemble,ansamblis,Ansamblis,SAME_AS_LV_CASEFOLD,casefold_only
data,pt,B1,749,Ensemble,ansamblis,Ansamblis,SAME_AS_LV_CASEFOLD,casefold_only
data,sl,B1,749,Ensemble,ansamblis,ansamblis,SAME_AS_LV_CASEFOLD,exact
data,bg,B1,749,Ensemble,ansamblis,Ансамбъл,FAMILY_COPY_STRICT,bg+hr+mk+sr
data,hr,B1,749,Ensemble,ansamblis,Ансамбъл,FAMILY_COPY_STRICT,bg+hr+mk+sr
data,mk,B1,749,Ensemble,ansamblis,Ансамбъл,FAMILY_COPY_STRICT,bg+hr+mk+sr
data,sr,B1,749,Ensemble,ansamblis,Ансамбъл,FAMILY_COPY_STRICT,bg+hr+mk+sr
data,fi,B1,749,Ensemble,ansamblis,Ansambel,FAMILY_COPY_STRICT,fi+is+nb+nn+sv
data,is,B1,749,Ensemble,ansamblis,Ansambel,FAMILY_COPY_STRICT,fi+is+nb+nn+sv
data,nb,B1,749,Ensemble,ansamblis,Ansambel,FAMILY_COPY_STRICT,fi+is+nb+nn+sv
data,nn,B1,749,Ensemble,ansamblis,Ansambel,FAMILY_COPY_STRICT,fi+is+nb+nn+sv
data,sv,B1,749,Ensemble,ansamblis,Ansambel,FAMILY_COPY_STRICT,fi+is+nb+nn+sv
data,it,B1,749,Ensemble,ansamblis,Ansamblis,FAMILY_COPY_STRICT,it+lb+nl+pt
data,lb,B1,749,Ensemble,ansamblis,Ansamblis,FAMILY_COPY_STRICT,it+lb+nl+pt
data,nl,B1,749,Ensemble,ansamblis,Ansamblis,FAMILY_COPY_STRICT,it+lb+nl+pt
data,pt,B1,749,Ensemble,ansamblis,Ansamblis,FAMILY_COPY_STRICT,it+lb+nl+pt
data,hr,B1,750,entfernen,noņemt,Изтриване,SCRIPT_MISMATCH,
data,hr,B1,750,entfernen,noņemt,Изтриване,MARKER_LEAK,foreign_script
data,it,B1,750,entfernen,noņemt,Noņemt,SAME_AS_LV_CASEFOLD,casefold_only
data,it,B1,750,entfernen,noņemt,Noņemt,LV_DIACRITIC,
data,it,B1,750,entfernen,noņemt,Noņemt,MARKER_LEAK,lv_macron_consonant
data,lb,B1,750,entfernen,noņemt,Noņemt,SAME_AS_LV_CASEFOLD,casefold_only
data,lb,B1,750,entfernen,noņemt,Noņemt,LV_DIACRITIC,
data,lb,B1,750,entfernen,noņemt,Noņemt,MARKER_LEAK,lv_macron_consonant
data,nl,B1,750,entfernen,noņemt,Noņemt,SAME_AS_LV_CASEFOLD,casefold_only
data,nl,B1,750,entfernen,noņemt,Noņemt,LV_DIACRITIC,
data,nl,B1,750,entfernen,noņemt,Noņemt,MARKER_LEAK,lv_macron_consonant
data,pt,B1,750,entfernen,noņemt,Noņemt,SAME_AS_LV_CASEFOLD,casefold_only
data,pt,B1,750,entfernen,noņemt,Noņemt,LV_DIACRITIC,
data,pt,B1,750,entfernen,noņemt,Noņemt,MARKER_LEAK,lv_macron_consonant
data,sk,B1,750,entfernen,noņemt,Usunąć,MARKER_LEAK,pl_lt_nasal
data,sl,B1,750,entfernen,noņemt,noņemt,SAME_AS_LV_CASEFOLD,exact
data,sl,B1,750,entfernen,noņemt,noņemt,LV_DIACRITIC,
data,sl,B1,750,entfernen,noņemt,noņemt,MARKER_LEAK,lv_macron_consonant
data,sq,B1,750,entfernen,noņemt,Kaldırmak için,MARKER_LEAK,tr_soft
data,bg,B1,750,entfernen,noņemt,Изтриване,FAMILY_COPY_STRICT,bg+hr+mk+sr
data,hr,B1,750,entfernen,noņemt,Изтриване,FAMILY_COPY_STRICT,bg+hr+mk+sr
data,mk,B1,750,entfernen,noņemt,Изтриване,FAMILY_COPY_STRICT,bg+hr+mk+sr
data,sr,B1,750,entfernen,noņemt,Изтриване,FAMILY_COPY_STRICT,bg+hr+mk+sr
data,fi,B1,750,entfernen,noņemt,Eemaldama,FAMILY_COPY_STRICT,fi+is+nb+nn+sv
data,is,B1,750,entfernen,noņemt,Eemaldama,FAMILY_COPY_STRICT,fi+is+nb+nn+sv
data,nb,B1,750,entfernen,noņemt,Eemaldama,FAMILY_COPY_STRICT,fi+is+nb+nn+sv
data,nn,B1,750,entfernen,noņemt,Eemaldama,FAMILY_COPY_STRICT,fi+is+nb+nn+sv
data,sv,B1,750,entfernen,noņemt,Eemaldama,FAMILY_COPY_STRICT,fi+is+nb+nn+sv
data,it,B1,750,entfernen,noņemt,Noņemt,FAMILY_COPY_STRICT,it+lb+nl+pt
data,lb,B1,750,entfernen,noņemt,Noņemt,FAMILY_COPY_STRICT,it+lb+nl+pt
data,nl,B1,750,entfernen,noņemt,Noņemt,FAMILY_COPY_STRICT,it+lb+nl+pt
data,pt,B1,750,entfernen,noņemt,Noņemt,FAMILY_COPY_STRICT,it+lb+nl+pt
data,pl,B1,750,entfernen,noņemt,Usunąć,FAMILY_COPY_STRICT,pl+sk
data,sk,B1,750,entfernen,noņemt,Usunąć,FAMILY_COPY_STRICT,pl+sk
data,sq,B1,750,entfernen,noņemt,Kaldırmak için,FAMILY_COPY_STRICT,sq+tr
data,tr,B1,750,entfernen,noņemt,Kaldırmak için,FAMILY_COPY_STRICT,sq+tr
data,it,B1,751,sich entfernen,attālināties,Attālināties,SAME_AS_LV_CASEFOLD,casefold_only
data,it,B1,751,sich entfernen,attālināties,Attālināties,LV_DIACRITIC,
data,it,B1,751,sich entfernen,attālināties,Attālināties,MARKER_LEAK,lv_macron_consonant
data,lb,B1,751,sich entfernen,attālināties,Attālināties,SAME_AS_LV_CASEFOLD,casefold_only
data,lb,B1,751,sich entfernen,attālināties,Attālināties,LV_DIACRITIC,
data,lb,B1,751,sich entfernen,attālināties,Attālināties,MARKER_LEAK,lv_macron_consonant
data,nl,B1,751,sich entfernen,attālināties,Attālināties,SAME_AS_LV_CASEFOLD,casefold_only
data,nl,B1,751,sich entfernen,attālināties,Attālināties,LV_DIACRITIC,
data,nl,B1,751,sich entfernen,attālināties,Attālināties,MARKER_LEAK,lv_macron_consonant
data,pt,B1,751,sich entfernen,attālināties,Attālināties,SAME_AS_LV_CASEFOLD,casefold_only
data,pt,B1,751,sich entfernen,attālināties,Attālināties,LV_DIACRITIC,
data,pt,B1,751,sich entfernen,attālināties,Attālināties,MARKER_LEAK,lv_macron_consonant
data,sk,B1,751,sich entfernen,attālināties,Oddalić się,MARKER_LEAK,pl_lt_nasal
data,sl,B1,751,sich entfernen,attālināties,attālināties,SAME_AS_LV_CASEFOLD,exact
data,sl,B1,751,sich entfernen,attālināties,attālināties,LV_DIACRITIC,
data,sl,B1,751,sich entfernen,attālināties,attālināties,MARKER_LEAK,lv_macron_consonant
data,sr,B1,751,sich entfernen,attālināties,Trʺgvaj,SCRIPT_MISMATCH,sr_as_cyrillic
data,sr,B1,751,sich entfernen,attālināties,Trʺgvaj,MARKER_LEAK,latin_in_cyrillic
data,bg,B1,751,sich entfernen,attālināties,Тръгвай,FAMILY_COPY_STRICT,bg+mk
data,mk,B1,751,sich entfernen,attālināties,Тръгвай,FAMILY_COPY_STRICT,bg+mk
data,fi,B1,751,sich entfernen,attālināties,Eemalduma,FAMILY_COPY_STRICT,fi+is+nb+nn+sv
data,is,B1,751,sich entfernen,attālināties,Eemalduma,FAMILY_COPY_STRICT,fi+is+nb+nn+sv
data,nb,B1,751,sich entfernen,attālināties,Eemalduma,FAMILY_COPY_STRICT,fi+is+nb+nn+sv
data,nn,B1,751,sich entfernen,attālināties,Eemalduma,FAMILY_COPY_STRICT,fi+is+nb+nn+sv
data,sv,B1,751,sich entfernen,attālināties,Eemalduma,FAMILY_COPY_STRICT,fi+is+nb+nn+sv
data,hr,B1,751,sich entfernen,attālināties,Trʺgvaj,FAMILY_COPY_STRICT,hr+sr
data,sr,B1,751,sich entfernen,attālināties,Trʺgvaj,FAMILY_COPY_STRICT,hr+sr
data,it,B1,751,sich entfernen,attālināties,Attālināties,FAMILY_COPY_STRICT,it+lb+nl+pt
data,lb,B1,751,sich entfernen,attālināties,Attālināties,FAMILY_COPY_STRICT,it+lb+nl+pt
data,nl,B1,751,sich entfernen,attālināties,Attālināties,FAMILY_COPY_STRICT,it+lb+nl+pt
data,pt,B1,751,sich entfernen,attālināties,Attālināties,FAMILY_COPY_STRICT,it+lb+nl+pt
data,pl,B1,751,sich entfernen,attālināties,Oddalić się,FAMILY_COPY_STRICT,pl+sk
data,sk,B1,751,sich entfernen,attālināties,Oddalić się,FAMILY_COPY_STRICT,pl+sk
data,sq,B1,751,sich entfernen,attālināties,Uzaklaş,FAMILY_COPY_STRICT,sq+tr
data,tr,B1,751,sich entfernen,attālināties,Uzaklaş,FAMILY_COPY_STRICT,sq+tr
data,hr,B1,752,Entfernung,attālums,Разстояние,SCRIPT_MISMATCH,
data,hr,B1,752,Entfernung,attālums,Разстояние,MARKER_LEAK,foreign_script
data,it,B1,752,Entfernung,attālums,Attālums,SAME_AS_LV_CASEFOLD,casefold_only
data,it,B1,752,Entfernung,attālums,Attālums,LV_DIACRITIC,
data,it,B1,752,Entfernung,attālums,Attālums,MARKER_LEAK,lv_macron_consonant
data,lb,B1,752,Entfernung,attālums,Attālums,SAME_AS_LV_CASEFOLD,casefold_only
data,lb,B1,752,Entfernung,attālums,Attālums,LV_DIACRITIC,
data,lb,B1,752,Entfernung,attālums,Attālums,MARKER_LEAK,lv_macron_consonant
data,nl,B1,752,Entfernung,attālums,Attālums,SAME_AS_LV_CASEFOLD,casefold_only
data,nl,B1,752,Entfernung,attālums,Attālums,LV_DIACRITIC,
data,nl,B1,752,Entfernung,attālums,Attālums,MARKER_LEAK,lv_macron_consonant
data,sl,B1,752,Entfernung,attālums,attālums,SAME_AS_LV_CASEFOLD,exact
data,sl,B1,752,Entfernung,attālums,attālums,LV_DIACRITIC,
data,sl,B1,752,Entfernung,attālums,attālums,MARKER_LEAK,lv_macron_consonant
data,bg,B1,752,Entfernung,attālums,Разстояние,FAMILY_COPY_STRICT,bg+hr+mk+sr
data,hr,B1,752,Entfernung,attālums,Разстояние,FAMILY_COPY_STRICT,bg+hr+mk+sr
data,mk,B1,752,Entfernung,attālums,Разстояние,FAMILY_COPY_STRICT,bg+hr+mk+sr
data,sr,B1,752,Entfernung,attālums,Разстояние,FAMILY_COPY_STRICT,bg+hr+mk+sr
data,en,B1,752,Entfernung,attālums,Distance,FAMILY_COPY_STRICT,en+fr
data,fr,B1,752,Entfernung,attālums,Distance,FAMILY_COPY_STRICT,en+fr
data,fi,B1,752,Entfernung,attālums,Vahemaa,FAMILY_COPY_STRICT,fi+is+nb+nn+sv
data,is,B1,752,Entfernung,attālums,Vahemaa,FAMILY_COPY_STRICT,fi+is+nb+nn+sv
data,nb,B1,752,Entfernung,attālums,Vahemaa,FAMILY_COPY_STRICT,fi+is+nb+nn+sv
data,nn,B1,752,Entfernung,attālums,Vahemaa,FAMILY_COPY_STRICT,fi+is+nb+nn+sv
data,sv,B1,752,Entfernung,attālums,Vahemaa,FAMILY_COPY_STRICT,fi+is+nb+nn+sv
data,it,B1,752,Entfernung,attālums,Attālums,FAMILY_COPY_STRICT,it+lb+nl
data,lb,B1,752,Entfernung,attālums,Attālums,FAMILY_COPY_STRICT,it+lb+nl
data,nl,B1,752,Entfernung,attālums,Attālums,FAMILY_COPY_STRICT,it+lb+nl
data,pl,B1,752,Entfernung,attālums,Dystans,FAMILY_COPY_STRICT,pl+sk+sq+tr
data,sk,B1,752,Entfernung,attālums,Dystans,FAMILY_COPY_STRICT,pl+sk+sq+tr
data,sq,B1,752,Entfernung,attālums,Dystans,FAMILY_COPY_STRICT,pl+sk+sq+tr
data,tr,B1,752,Entfernung,attālums,Dystans,FAMILY_COPY_STRICT,pl+sk+sq+tr
data,hr,B1,753,entgegen,pretī,Отсреща,SCRIPT_MISMATCH,
data,hr,B1,753,entgegen,pretī,Отсреща,MARKER_LEAK,foreign_script
data,it,B1,753,entgegen,pretī,Pretī,SAME_AS_LV_CASEFOLD,casefold_only
data,it,B1,753,entgegen,pretī,Pretī,LV_DIACRITIC,
data,it,B1,753,entgegen,pretī,Pretī,MARKER_LEAK,lv_macron_consonant
data,lb,B1,753,entgegen,pretī,Pretī,SAME_AS_LV_CASEFOLD,casefold_only
data,lb,B1,753,entgegen,pretī,Pretī,LV_DIACRITIC,
data,lb,B1,753,entgegen,pretī,Pretī,MARKER_LEAK,lv_macron_consonant
data,nl,B1,753,entgegen,pretī,Pretī,SAME_AS_LV_CASEFOLD,casefold_only
data,nl,B1,753,entgegen,pretī,Pretī,LV_DIACRITIC,
data,nl,B1,753,entgegen,pretī,Pretī,MARKER_LEAK,lv_macron_consonant
data,sl,B1,753,entgegen,pretī,pretī,SAME_AS_LV_CASEFOLD,exact
data,sl,B1,753,entgegen,pretī,pretī,LV_DIACRITIC,
data,sl,B1,753,entgegen,pretī,pretī,MARKER_LEAK,lv_macron_consonant
data,bg,B1,753,entgegen,pretī,Отсреща,FAMILY_COPY_STRICT,bg+hr+mk+sr
data,hr,B1,753,entgegen,pretī,Отсреща,FAMILY_COPY_STRICT,bg+hr+mk+sr
data,mk,B1,753,entgegen,pretī,Отсреща,FAMILY_COPY_STRICT,bg+hr+mk+sr
data,sr,B1,753,entgegen,pretī,Отсреща,FAMILY_COPY_STRICT,bg+hr+mk+sr
data,fi,B1,753,entgegen,pretī,Vastu,FAMILY_COPY_STRICT,fi+is+nb+nn+sv
data,is,B1,753,entgegen,pretī,Vastu,FAMILY_COPY_STRICT,fi+is+nb+nn+sv
data,nb,B1,753,entgegen,pretī,Vastu,FAMILY_COPY_STRICT,fi+is+nb+nn+sv
data,nn,B1,753,entgegen,pretī,Vastu,FAMILY_COPY_STRICT,fi+is+nb+nn+sv
data,sv,B1,753,entgegen,pretī,Vastu,FAMILY_COPY_STRICT,fi+is+nb+nn+sv
data,it,B1,753,entgegen,pretī,Pretī,FAMILY_COPY_STRICT,it+lb+nl
data,lb,B1,753,entgegen,pretī,Pretī,FAMILY_COPY_STRICT,it+lb+nl
data,nl,B1,753,entgegen,pretī,Pretī,FAMILY_COPY_STRICT,it+lb+nl
data,pl,B1,753,entgegen,pretī,Naprzeciwko,FAMILY_COPY_STRICT,pl+sq+tr
data,sq,B1,753,entgegen,pretī,Naprzeciwko,FAMILY_COPY_STRICT,pl+sq+tr
data,tr,B1,753,entgegen,pretī,Naprzeciwko,FAMILY_COPY_STRICT,pl+sq+tr
data,hr,B1,754,enthalten,saturēt,Съдържат,SCRIPT_MISMATCH,
data,hr,B1,754,enthalten,saturēt,Съдържат,MARKER_LEAK,foreign_script
data,it,B1,754,enthalten,saturēt,Saturēt,SAME_AS_LV_CASEFOLD,casefold_only
data,it,B1,754,enthalten,saturēt,Saturēt,LV_DIACRITIC,
data,it,B1,754,enthalten,saturēt,Saturēt,MARKER_LEAK,lv_macron_consonant
data,nl,B1,754,enthalten,saturēt,Saturēt,SAME_AS_LV_CASEFOLD,casefold_only
data,nl,B1,754,enthalten,saturēt,Saturēt,LV_DIACRITIC,
data,nl,B1,754,enthalten,saturēt,Saturēt,MARKER_LEAK,lv_macron_consonant
data,sl,B1,754,enthalten,saturēt,saturēt,SAME_AS_LV_CASEFOLD,exact
data,sl,B1,754,enthalten,saturēt,saturēt,LV_DIACRITIC,
data,sl,B1,754,enthalten,saturēt,saturēt,MARKER_LEAK,lv_macron_consonant
data,sq,B1,754,enthalten,saturēt,İçermek,MARKER_LEAK,tr_soft
data,bg,B1,754,enthalten,saturēt,Съдържат,FAMILY_COPY_STRICT,bg+hr+mk+sr
data,hr,B1,754,enthalten,saturēt,Съдържат,FAMILY_COPY_STRICT,bg+hr+mk+sr
data,mk,B1,754,enthalten,saturēt,Съдържат,FAMILY_COPY_STRICT,bg+hr+mk+sr
data,sr,B1,754,enthalten,saturēt,Съдържат,FAMILY_COPY_STRICT,bg+hr+mk+sr
data,fi,B1,754,enthalten,saturēt,Sisaldama,FAMILY_COPY_STRICT,fi+is+nb+nn+sv
data,is,B1,754,enthalten,saturēt,Sisaldama,FAMILY_COPY_STRICT,fi+is+nb+nn+sv
data,nb,B1,754,enthalten,saturēt,Sisaldama,FAMILY_COPY_STRICT,fi+is+nb+nn+sv
data,nn,B1,754,enthalten,saturēt,Sisaldama,FAMILY_COPY_STRICT,fi+is+nb+nn+sv
data,sv,B1,754,enthalten,saturēt,Sisaldama,FAMILY_COPY_STRICT,fi+is+nb+nn+sv
data,it,B1,754,enthalten,saturēt,Saturēt,FAMILY_COPY_STRICT,it+nl
data,nl,B1,754,enthalten,saturēt,Saturēt,FAMILY_COPY_STRICT,it+nl
data,pl,B1,754,enthalten,saturēt,Zawierać,FAMILY_COPY_STRICT,pl+sk
data,sk,B1,754,enthalten,saturēt,Zawierać,FAMILY_COPY_STRICT,pl+sk
data,sq,B1,754,enthalten,saturēt,İçermek,FAMILY_COPY_STRICT,sq+tr
data,tr,B1,754,enthalten,saturēt,İçermek,FAMILY_COPY_STRICT,sq+tr
data,hr,B1,755,entkommen,izbēgt,Бягайте,SCRIPT_MISMATCH,
data,hr,B1,755,entkommen,izbēgt,Бягайте,MARKER_LEAK,foreign_script
data,it,B1,755,entkommen,izbēgt,Izbēgt,SAME_AS_LV_CASEFOLD,casefold_only
data,it,B1,755,entkommen,izbēgt,Izbēgt,LV_DIACRITIC,
data,it,B1,755,entkommen,izbēgt,Izbēgt,MARKER_LEAK,lv_macron_consonant
data,lb,B1,755,entkommen,izbēgt,Izbēgt,SAME_AS_LV_CASEFOLD,casefold_only
data,lb,B1,755,entkommen,izbēgt,Izbēgt,LV_DIACRITIC,
data,lb,B1,755,entkommen,izbēgt,Izbēgt,MARKER_LEAK,lv_macron_consonant
data,nl,B1,755,entkommen,izbēgt,Izbēgt,SAME_AS_LV_CASEFOLD,casefold_only
data,nl,B1,755,entkommen,izbēgt,Izbēgt,LV_DIACRITIC,
data,nl,B1,755,entkommen,izbēgt,Izbēgt,MARKER_LEAK,lv_macron_consonant
data,pt,B1,755,entkommen,izbēgt,Izbēgt,SAME_AS_LV_CASEFOLD,casefold_only
data,pt,B1,755,entkommen,izbēgt,Izbēgt,LV_DIACRITIC,
data,pt,B1,755,entkommen,izbēgt,Izbēgt,MARKER_LEAK,lv_macron_consonant
data,sl,B1,755,entkommen,izbēgt,izbēgt,SAME_AS_LV_CASEFOLD,exact
data,sl,B1,755,entkommen,izbēgt,izbēgt,LV_DIACRITIC,
data,sl,B1,755,entkommen,izbēgt,izbēgt,MARKER_LEAK,lv_macron_consonant
data,sq,B1,755,entkommen,izbēgt,Kaçış,MARKER_LEAK,tr_soft
data,bg,B1,755,entkommen,izbēgt,Бягайте,FAMILY_COPY_STRICT,bg+hr+mk+sr
data,hr,B1,755,entkommen,izbēgt,Бягайте,FAMILY_COPY_STRICT,bg+hr+mk+sr
data,mk,B1,755,entkommen,izbēgt,Бягайте,FAMILY_COPY_STRICT,bg+hr+mk+sr
data,sr,B1,755,entkommen,izbēgt,Бягайте,FAMILY_COPY_STRICT,bg+hr+mk+sr
data,fi,B1,755,entkommen,izbēgt,Pääsema,FAMILY_COPY_STRICT,fi+is+nb+nn+sv
data,is,B1,755,entkommen,izbēgt,Pääsema,FAMILY_COPY_STRICT,fi+is+nb+nn+sv
data,nb,B1,755,entkommen,izbēgt,Pääsema,FAMILY_COPY_STRICT,fi+is+nb+nn+sv
data,nn,B1,755,entkommen,izbēgt,Pääsema,FAMILY_COPY_STRICT,fi+is+nb+nn+sv
data,sv,B1,755,entkommen,izbēgt,Pääsema,FAMILY_COPY_STRICT,fi+is+nb+nn+sv
data,it,B1,755,entkommen,izbēgt,Izbēgt,FAMILY_COPY_STRICT,it+lb+nl+pt
data,lb,B1,755,entkommen,izbēgt,Izbēgt,FAMILY_COPY_STRICT,it+lb+nl+pt
data,nl,B1,755,entkommen,izbēgt,Izbēgt,FAMILY_COPY_STRICT,it+lb+nl+pt
data,pt,B1,755,entkommen,izbēgt,Izbēgt,FAMILY_COPY_STRICT,it+lb+nl+pt
data,sq,B1,755,entkommen,izbēgt,Kaçış,FAMILY_COPY_STRICT,sq+tr
data,tr,B1,755,entkommen,izbēgt,Kaçış,FAMILY_COPY_STRICT,sq+tr
data,hr,B1,756,entlassen,atlaist,Пушти,SCRIPT_MISMATCH,
data,hr,B1,756,entlassen,atlaist,Пушти,MARKER_LEAK,foreign_script
data,it,B1,756,entlassen,atlaist,Atlaist,SAME_AS_LV_CASEFOLD,casefold_only
data,lb,B1,756,entlassen,atlaist,Atlaist,SAME_AS_LV_CASEFOLD,casefold_only
data,nl,B1,756,entlassen,atlaist,Atlaist,SAME_AS_LV_CASEFOLD,casefold_only
data,sk,B1,756,entlassen,atlaist,Puścić,MARKER_LEAK,pl_l_s_z
data,sl,B1,756,entlassen,atlaist,atlaist,SAME_AS_LV_CASEFOLD,exact
data,sq,B1,756,entlassen,atlaist,Yayınla,MARKER_LEAK,tr_soft
data,fi,B1,756,entlassen,atlaist,Vallandama,FAMILY_COPY_STRICT,fi+is+nb+nn+sv
data,is,B1,756,entlassen,atlaist,Vallandama,FAMILY_COPY_STRICT,fi+is+nb+nn+sv
data,nb,B1,756,entlassen,atlaist,Vallandama,FAMILY_COPY_STRICT,fi+is+nb+nn+sv
data,nn,B1,756,entlassen,atlaist,Vallandama,FAMILY_COPY_STRICT,fi+is+nb+nn+sv
data,sv,B1,756,entlassen,atlaist,Vallandama,FAMILY_COPY_STRICT,fi+is+nb+nn+sv
data,hr,B1,756,entlassen,atlaist,Пушти,FAMILY_COPY_STRICT,hr+mk+sr
data,mk,B1,756,entlassen,atlaist,Пушти,FAMILY_COPY_STRICT,hr+mk+sr
data,sr,B1,756,entlassen,atlaist,Пушти,FAMILY_COPY_STRICT,hr+mk+sr
data,it,B1,756,entlassen,atlaist,Atlaist,FAMILY_COPY_STRICT,it+lb+nl
data,lb,B1,756,entlassen,atlaist,Atlaist,FAMILY_COPY_STRICT,it+lb+nl
data,nl,B1,756,entlassen,atlaist,Atlaist,FAMILY_COPY_STRICT,it+lb+nl
data,pl,B1,756,entlassen,atlaist,Puścić,FAMILY_COPY_STRICT,pl+sk
data,sk,B1,756,entlassen,atlaist,Puścić,FAMILY_COPY_STRICT,pl+sk
data,sq,B1,756,entlassen,atlaist,Yayınla,FAMILY_COPY_STRICT,sq+tr
data,tr,B1,756,entlassen,atlaist,Yayınla,FAMILY_COPY_STRICT,sq+tr
data,hr,B1,757,sich entscheiden,izšķirties,Решете,SCRIPT_MISMATCH,
data,hr,B1,757,sich entscheiden,izšķirties,Решете,MARKER_LEAK,foreign_script
data,it,B1,757,sich entscheiden,izšķirties,Izš .irties,LV_DIACRITIC,
data,lb,B1,757,sich entscheiden,izšķirties,Izšķirties,SAME_AS_LV_CASEFOLD,casefold_only
data,lb,B1,757,sich entscheiden,izšķirties,Izšķirties,LV_DIACRITIC,
data,lb,B1,757,sich entscheiden,izšķirties,Izšķirties,MARKER_LEAK,lv_macron_consonant
data,nl,B1,757,sich entscheiden,izšķirties,Izšķirties,SAME_AS_LV_CASEFOLD,casefold_only
data,nl,B1,757,sich entscheiden,izšķirties,Izšķirties,LV_DIACRITIC,
data,nl,B1,757,sich entscheiden,izšķirties,Izšķirties,MARKER_LEAK,lv_macron_consonant
data,pt,B1,757,sich entscheiden,izšķirties,Izš .irties,LV_DIACRITIC,
data,sl,B1,757,sich entscheiden,izšķirties,izšķirties,SAME_AS_LV_CASEFOLD,exact
data,sl,B1,757,sich entscheiden,izšķirties,izšķirties,LV_DIACRITIC,
data,sl,B1,757,sich entscheiden,izšķirties,izšķirties,MARKER_LEAK,lv_macron_consonant
data,bg,B1,757,sich entscheiden,izšķirties,Решете,FAMILY_COPY_STRICT,bg+hr+mk+sr
data,hr,B1,757,sich entscheiden,izšķirties,Решете,FAMILY_COPY_STRICT,bg+hr+mk+sr
data,mk,B1,757,sich entscheiden,izšķirties,Решете,FAMILY_COPY_STRICT,bg+hr+mk+sr
data,sr,B1,757,sich entscheiden,izšķirties,Решете,FAMILY_COPY_STRICT,bg+hr+mk+sr
data,fi,B1,757,sich entscheiden,izšķirties,Otsustama,FAMILY_COPY_STRICT,fi+is+nb+nn+sv
data,is,B1,757,sich entscheiden,izšķirties,Otsustama,FAMILY_COPY_STRICT,fi+is+nb+nn+sv
data,nb,B1,757,sich entscheiden,izšķirties,Otsustama,FAMILY_COPY_STRICT,fi+is+nb+nn+sv
data,nn,B1,757,sich entscheiden,izšķirties,Otsustama,FAMILY_COPY_STRICT,fi+is+nb+nn+sv
data,sv,B1,757,sich entscheiden,izšķirties,Otsustama,FAMILY_COPY_STRICT,fi+is+nb+nn+sv
data,it,B1,757,sich entscheiden,izšķirties,Izš .irties,FAMILY_COPY_STRICT,it+pt
data,pt,B1,757,sich entscheiden,izšķirties,Izš .irties,FAMILY_COPY_STRICT,it+pt
data,lb,B1,757,sich entscheiden,izšķirties,Izšķirties,FAMILY_COPY_STRICT,lb+nl
data,nl,B1,757,sich entscheiden,izšķirties,Izšķirties,FAMILY_COPY_STRICT,lb+nl
data,sq,B1,757,sich entscheiden,izšķirties,Karar vermek,FAMILY_COPY_STRICT,sq+tr
data,tr,B1,757,sich entscheiden,izšķirties,Karar vermek,FAMILY_COPY_STRICT,sq+tr
data,hr,B1,758,entscheidend,izšķirošs,Решаващ,SCRIPT_MISMATCH,
data,hr,B1,758,entscheidend,izšķirošs,Решаващ,MARKER_LEAK,foreign_script
data,it,B1,758,entscheidend,izšķirošs,Izšųirošs,LV_DIACRITIC,
data,lb,B1,758,entscheidend,izšķirošs,Izšķirošs,SAME_AS_LV_CASEFOLD,casefold_only
data,lb,B1,758,entscheidend,izšķirošs,Izšķirošs,LV_DIACRITIC,
data,lb,B1,758,entscheidend,izšķirošs,Izšķirošs,MARKER_LEAK,lv_macron_consonant
data,nl,B1,758,entscheidend,izšķirošs,Izšķirošs,SAME_AS_LV_CASEFOLD,casefold_only
data,nl,B1,758,entscheidend,izšķirošs,Izšķirošs,LV_DIACRITIC,
data,nl,B1,758,entscheidend,izšķirošs,Izšķirošs,MARKER_LEAK,lv_macron_consonant
data,pt,B1,758,entscheidend,izšķirošs,Izšųirošs,LV_DIACRITIC,
data,sk,B1,758,entscheidend,izšķirošs,Decydujący,MARKER_LEAK,pl_lt_nasal
data,sl,B1,758,entscheidend,izšķirošs,izšķirošs,SAME_AS_LV_CASEFOLD,exact
data,sl,B1,758,entscheidend,izšķirošs,izšķirošs,LV_DIACRITIC,
data,sl,B1,758,entscheidend,izšķirošs,izšķirošs,MARKER_LEAK,lv_macron_consonant
data,bg,B1,758,entscheidend,izšķirošs,Решаващ,FAMILY_COPY_STRICT,bg+hr+mk+sr
data,hr,B1,758,entscheidend,izšķirošs,Решаващ,FAMILY_COPY_STRICT,bg+hr+mk+sr
data,mk,B1,758,entscheidend,izšķirošs,Решаващ,FAMILY_COPY_STRICT,bg+hr+mk+sr
data,sr,B1,758,entscheidend,izšķirošs,Решаващ,FAMILY_COPY_STRICT,bg+hr+mk+sr
data,fi,B1,758,entscheidend,izšķirošs,Otsustav,FAMILY_COPY_STRICT,fi+is+nb+nn+sv
data,is,B1,758,entscheidend,izšķirošs,Otsustav,FAMILY_COPY_STRICT,fi+is+nb+nn+sv
data,nb,B1,758,entscheidend,izšķirošs,Otsustav,FAMILY_COPY_STRICT,fi+is+nb+nn+sv
data,nn,B1,758,entscheidend,izšķirošs,Otsustav,FAMILY_COPY_STRICT,fi+is+nb+nn+sv
data,sv,B1,758,entscheidend,izšķirošs,Otsustav,FAMILY_COPY_STRICT,fi+is+nb+nn+sv
data,it,B1,758,entscheidend,izšķirošs,Izšųirošs,FAMILY_COPY_STRICT,it+pt
data,pt,B1,758,entscheidend,izšķirošs,Izšųirošs,FAMILY_COPY_STRICT,it+pt
data,lb,B1,758,entscheidend,izšķirošs,Izšķirošs,FAMILY_COPY_STRICT,lb+nl
data,nl,B1,758,entscheidend,izšķirošs,Izšķirošs,FAMILY_COPY_STRICT,lb+nl
data,pl,B1,758,entscheidend,izšķirošs,Decydujący,FAMILY_COPY_STRICT,pl+sk
data,sk,B1,758,entscheidend,izšķirošs,Decydujący,FAMILY_COPY_STRICT,pl+sk
data,sq,B1,758,entscheidend,izšķirošs,Belirleyici,FAMILY_COPY_STRICT,sq+tr
data,tr,B1,758,entscheidend,izšķirošs,Belirleyici,FAMILY_COPY_STRICT,sq+tr
data,hr,B1,759,Entschluss,lēmums,Решение,SCRIPT_MISMATCH,
data,hr,B1,759,Entschluss,lēmums,Решение,MARKER_LEAK,foreign_script
data,it,B1,759,Entschluss,lēmums,Lēmums,SAME_AS_LV_CASEFOLD,casefold_only
data,it,B1,759,Entschluss,lēmums,Lēmums,LV_DIACRITIC,
data,it,B1,759,Entschluss,lēmums,Lēmums,MARKER_LEAK,lv_macron_consonant
data,lb,B1,759,Entschluss,lēmums,Lēmums,SAME_AS_LV_CASEFOLD,casefold_only
data,lb,B1,759,Entschluss,lēmums,Lēmums,LV_DIACRITIC,
data,lb,B1,759,Entschluss,lēmums,Lēmums,MARKER_LEAK,lv_macron_consonant
data,nl,B1,759,Entschluss,lēmums,Lēmums,SAME_AS_LV_CASEFOLD,casefold_only
data,nl,B1,759,Entschluss,lēmums,Lēmums,LV_DIACRITIC,
data,nl,B1,759,Entschluss,lēmums,Lēmums,MARKER_LEAK,lv_macron_consonant
data,sl,B1,759,Entschluss,lēmums,lēmums,SAME_AS_LV_CASEFOLD,exact
data,sl,B1,759,Entschluss,lēmums,lēmums,LV_DIACRITIC,
data,sl,B1,759,Entschluss,lēmums,lēmums,MARKER_LEAK,lv_macron_consonant
data,bg,B1,759,Entschluss,lēmums,Решение,FAMILY_COPY_STRICT,bg+hr+mk+ru+sr
data,hr,B1,759,Entschluss,lēmums,Решение,FAMILY_COPY_STRICT,bg+hr+mk+ru+sr
data,mk,B1,759,Entschluss,lēmums,Решение,FAMILY_COPY_STRICT,bg+hr+mk+ru+sr
data,ru,B1,759,Entschluss,lēmums,Решение,FAMILY_COPY_STRICT,bg+hr+mk+ru+sr
data,sr,B1,759,Entschluss,lēmums,Решение,FAMILY_COPY_STRICT,bg+hr+mk+ru+sr
data,fi,B1,759,Entschluss,lēmums,Otsus,FAMILY_COPY_STRICT,fi+is+nb+nn+sv
data,is,B1,759,Entschluss,lēmums,Otsus,FAMILY_COPY_STRICT,fi+is+nb+nn+sv
data,nb,B1,759,Entschluss,lēmums,Otsus,FAMILY_COPY_STRICT,fi+is+nb+nn+sv
data,nn,B1,759,Entschluss,lēmums,Otsus,FAMILY_COPY_STRICT,fi+is+nb+nn+sv
data,sv,B1,759,Entschluss,lēmums,Otsus,FAMILY_COPY_STRICT,fi+is+nb+nn+sv
data,it,B1,759,Entschluss,lēmums,Lēmums,FAMILY_COPY_STRICT,it+lb+nl
data,lb,B1,759,Entschluss,lēmums,Lēmums,FAMILY_COPY_STRICT,it+lb+nl
data,nl,B1,759,Entschluss,lēmums,Lēmums,FAMILY_COPY_STRICT,it+lb+nl
data,pl,B1,759,Entschluss,lēmums,Decyzja,FAMILY_COPY_STRICT,pl+sk
data,sk,B1,759,Entschluss,lēmums,Decyzja,FAMILY_COPY_STRICT,pl+sk
data,sq,B1,759,Entschluss,lēmums,Karar,FAMILY_COPY_STRICT,sq+tr
data,tr,B1,759,Entschluss,lēmums,Karar,FAMILY_COPY_STRICT,sq+tr
data,fi,B1,760,entsetzlich,šausmīgs,Õudne,MARKER_LEAK,et_otilde
data,hr,B1,760,entsetzlich,šausmīgs,Ужасно,SCRIPT_MISMATCH,
data,hr,B1,760,entsetzlich,šausmīgs,Ужасно,MARKER_LEAK,foreign_script
data,is,B1,760,entsetzlich,šausmīgs,Õudne,MARKER_LEAK,et_otilde
data,it,B1,760,entsetzlich,šausmīgs,Šausmīgs,SAME_AS_LV_CASEFOLD,casefold_only
data,it,B1,760,entsetzlich,šausmīgs,Šausmīgs,LV_DIACRITIC,
data,it,B1,760,entsetzlich,šausmīgs,Šausmīgs,MARKER_LEAK,lv_macron_consonant
data,lb,B1,760,entsetzlich,šausmīgs,Šausmīgs,SAME_AS_LV_CASEFOLD,casefold_only
data,lb,B1,760,entsetzlich,šausmīgs,Šausmīgs,LV_DIACRITIC,
data,lb,B1,760,entsetzlich,šausmīgs,Šausmīgs,MARKER_LEAK,lv_macron_consonant
data,nb,B1,760,entsetzlich,šausmīgs,Õudne,MARKER_LEAK,et_otilde
data,nl,B1,760,entsetzlich,šausmīgs,Šausmīgs,SAME_AS_LV_CASEFOLD,casefold_only
data,nl,B1,760,entsetzlich,šausmīgs,Šausmīgs,LV_DIACRITIC,
data,nl,B1,760,entsetzlich,šausmīgs,Šausmīgs,MARKER_LEAK,lv_macron_consonant
data,nn,B1,760,entsetzlich,šausmīgs,Õudne,MARKER_LEAK,et_otilde
data,pt,B1,760,entsetzlich,šausmīgs,Šausmīgs,SAME_AS_LV_CASEFOLD,casefold_only
data,pt,B1,760,entsetzlich,šausmīgs,Šausmīgs,LV_DIACRITIC,
data,pt,B1,760,entsetzlich,šausmīgs,Šausmīgs,MARKER_LEAK,lv_macron_consonant
data,sl,B1,760,entsetzlich,šausmīgs,šausmīgs,SAME_AS_LV_CASEFOLD,exact
data,sl,B1,760,entsetzlich,šausmīgs,šausmīgs,LV_DIACRITIC,
data,sl,B1,760,entsetzlich,šausmīgs,šausmīgs,MARKER_LEAK,lv_macron_consonant
data,sv,B1,760,entsetzlich,šausmīgs,Õudne,MARKER_LEAK,et_otilde
data,bg,B1,760,entsetzlich,šausmīgs,Ужасно,FAMILY_COPY_STRICT,bg+hr+mk+sr
data,hr,B1,760,entsetzlich,šausmīgs,Ужасно,FAMILY_COPY_STRICT,bg+hr+mk+sr
data,mk,B1,760,entsetzlich,šausmīgs,Ужасно,FAMILY_COPY_STRICT,bg+hr+mk+sr
data,sr,B1,760,entsetzlich,šausmīgs,Ужасно,FAMILY_COPY_STRICT,bg+hr+mk+sr
data,fi,B1,760,entsetzlich,šausmīgs,Õudne,FAMILY_COPY_STRICT,fi+is+nb+nn+sv
data,is,B1,760,entsetzlich,šausmīgs,Õudne,FAMILY_COPY_STRICT,fi+is+nb+nn+sv
data,nb,B1,760,entsetzlich,šausmīgs,Õudne,FAMILY_COPY_STRICT,fi+is+nb+nn+sv
data,nn,B1,760,entsetzlich,šausmīgs,Õudne,FAMILY_COPY_STRICT,fi+is+nb+nn+sv
data,sv,B1,760,entsetzlich,šausmīgs,Õudne,FAMILY_COPY_STRICT,fi+is+nb+nn+sv
data,it,B1,760,entsetzlich,šausmīgs,Šausmīgs,FAMILY_COPY_STRICT,it+lb+nl+pt
data,lb,B1,760,entsetzlich,šausmīgs,Šausmīgs,FAMILY_COPY_STRICT,it+lb+nl+pt
data,nl,B1,760,entsetzlich,šausmīgs,Šausmīgs,FAMILY_COPY_STRICT,it+lb+nl+pt
data,pt,B1,760,entsetzlich,šausmīgs,Šausmīgs,FAMILY_COPY_STRICT,it+lb+nl+pt
data,pl,B1,760,entsetzlich,šausmīgs,Straszny,FAMILY_COPY_STRICT,pl+sk+sq+tr
data,sk,B1,760,entsetzlich,šausmīgs,Straszny,FAMILY_COPY_STRICT,pl+sk+sq+tr
data,sq,B1,760,entsetzlich,šausmīgs,Straszny,FAMILY_COPY_STRICT,pl+sk+sq+tr
data,tr,B1,760,entsetzlich,šausmīgs,Straszny,FAMILY_COPY_STRICT,pl+sk+sq+tr
data,hr,B1,761,entsprechen,atbilst,Съвместим,SCRIPT_MISMATCH,
data,hr,B1,761,entsprechen,atbilst,Съвместим,MARKER_LEAK,foreign_script
data,it,B1,761,entsprechen,atbilst,Atbilst,SAME_AS_LV_CASEFOLD,casefold_only
data,lb,B1,761,entsprechen,atbilst,Atbilst,SAME_AS_LV_CASEFOLD,casefold_only
data,nl,B1,761,entsprechen,atbilst,Atbilst,SAME_AS_LV_CASEFOLD,casefold_only
data,pt,B1,761,entsprechen,atbilst,Atbilst,SAME_AS_LV_CASEFOLD,casefold_only
data,sl,B1,761,entsprechen,atbilst,atbilst,SAME_AS_LV_CASEFOLD,exact
data,bg,B1,761,entsprechen,atbilst,Съвместим,FAMILY_COPY_STRICT,bg+hr+mk+sr
data,hr,B1,761,entsprechen,atbilst,Съвместим,FAMILY_COPY_STRICT,bg+hr+mk+sr
data,mk,B1,761,entsprechen,atbilst,Съвместим,FAMILY_COPY_STRICT,bg+hr+mk+sr
data,sr,B1,761,entsprechen,atbilst,Съвместим,FAMILY_COPY_STRICT,bg+hr+mk+sr
data,fi,B1,761,entsprechen,atbilst,Vastama,FAMILY_COPY_STRICT,fi+is+nb+nn+sv
data,is,B1,761,entsprechen,atbilst,Vastama,FAMILY_COPY_STRICT,fi+is+nb+nn+sv
data,nb,B1,761,entsprechen,atbilst,Vastama,FAMILY_COPY_STRICT,fi+is+nb+nn+sv
data,nn,B1,761,entsprechen,atbilst,Vastama,FAMILY_COPY_STRICT,fi+is+nb+nn+sv
data,sv,B1,761,entsprechen,atbilst,Vastama,FAMILY_COPY_STRICT,fi+is+nb+nn+sv
data,it,B1,761,entsprechen,atbilst,Atbilst,FAMILY_COPY_STRICT,it+lb+nl+pt
data,lb,B1,761,entsprechen,atbilst,Atbilst,FAMILY_COPY_STRICT,it+lb+nl+pt
data,nl,B1,761,entsprechen,atbilst,Atbilst,FAMILY_COPY_STRICT,it+lb+nl+pt
data,pt,B1,761,entsprechen,atbilst,Atbilst,FAMILY_COPY_STRICT,it+lb+nl+pt
data,pl,B1,761,entsprechen,atbilst,Odpowiada,FAMILY_COPY_STRICT,pl+sk+sq+tr
data,sk,B1,761,entsprechen,atbilst,Odpowiada,FAMILY_COPY_STRICT,pl+sk+sq+tr
data,sq,B1,761,entsprechen,atbilst,Odpowiada,FAMILY_COPY_STRICT,pl+sk+sq+tr
data,tr,B1,761,entsprechen,atbilst,Odpowiada,FAMILY_COPY_STRICT,pl+sk+sq+tr
data,hr,B1,762,entstehen,rasties,Случи се,SCRIPT_MISMATCH,
data,hr,B1,762,entstehen,rasties,Случи се,MARKER_LEAK,foreign_script
data,it,B1,762,entstehen,rasties,Rasties,SAME_AS_LV_CASEFOLD,casefold_only
data,lb,B1,762,entstehen,rasties,Rasties,SAME_AS_LV_CASEFOLD,casefold_only
data,nl,B1,762,entstehen,rasties,Rasties,SAME_AS_LV_CASEFOLD,casefold_only
data,sl,B1,762,entstehen,rasties,rasties,SAME_AS_LV_CASEFOLD,exact
data,bg,B1,762,entstehen,rasties,Случи се,FAMILY_COPY_STRICT,bg+hr+mk+sr
data,hr,B1,762,entstehen,rasties,Случи се,FAMILY_COPY_STRICT,bg+hr+mk+sr
data,mk,B1,762,entstehen,rasties,Случи се,FAMILY_COPY_STRICT,bg+hr+mk+sr
data,sr,B1,762,entstehen,rasties,Случи се,FAMILY_COPY_STRICT,bg+hr+mk+sr
data,fi,B1,762,entstehen,rasties,Tekkima,FAMILY_COPY_STRICT,fi+is+nb+nn+sv
data,is,B1,762,entstehen,rasties,Tekkima,FAMILY_COPY_STRICT,fi+is+nb+nn+sv
data,nb,B1,762,entstehen,rasties,Tekkima,FAMILY_COPY_STRICT,fi+is+nb+nn+sv
data,nn,B1,762,entstehen,rasties,Tekkima,FAMILY_COPY_STRICT,fi+is+nb+nn+sv
data,sv,B1,762,entstehen,rasties,Tekkima,FAMILY_COPY_STRICT,fi+is+nb+nn+sv
data,it,B1,762,entstehen,rasties,Rasties,FAMILY_COPY_STRICT,it+lb+nl
data,lb,B1,762,entstehen,rasties,Rasties,FAMILY_COPY_STRICT,it+lb+nl
data,nl,B1,762,entstehen,rasties,Rasties,FAMILY_COPY_STRICT,it+lb+nl
data,sq,B1,762,entstehen,rasties,Meydana gelmek,FAMILY_COPY_STRICT,sq+tr
data,tr,B1,762,entstehen,rasties,Meydana gelmek,FAMILY_COPY_STRICT,sq+tr
data,hr,B1,763,enttäuschen,pievilt,Разочаровани,SCRIPT_MISMATCH,
data,hr,B1,763,enttäuschen,pievilt,Разочаровани,MARKER_LEAK,foreign_script
data,it,B1,763,enttäuschen,pievilt,Pievilt,SAME_AS_LV_CASEFOLD,casefold_only
data,lb,B1,763,enttäuschen,pievilt,Pievilt,SAME_AS_LV_CASEFOLD,casefold_only
data,nl,B1,763,enttäuschen,pievilt,Pievilt,SAME_AS_LV_CASEFOLD,casefold_only
data,pt,B1,763,enttäuschen,pievilt,Pievilt,SAME_AS_LV_CASEFOLD,casefold_only
data,sk,B1,763,enttäuschen,pievilt,Zawieść,MARKER_LEAK,pl_l_s_z
data,sl,B1,763,enttäuschen,pievilt,pievilt,SAME_AS_LV_CASEFOLD,exact
data,bg,B1,763,enttäuschen,pievilt,Разочаровани,FAMILY_COPY_STRICT,bg+hr+mk+sr
data,hr,B1,763,enttäuschen,pievilt,Разочаровани,FAMILY_COPY_STRICT,bg+hr+mk+sr
data,mk,B1,763,enttäuschen,pievilt,Разочаровани,FAMILY_COPY_STRICT,bg+hr+mk+sr
data,sr,B1,763,enttäuschen,pievilt,Разочаровани,FAMILY_COPY_STRICT,bg+hr+mk+sr
data,fi,B1,763,enttäuschen,pievilt,Petta jätma,FAMILY_COPY_STRICT,fi+is+nb+nn+sv
data,is,B1,763,enttäuschen,pievilt,Petta jätma,FAMILY_COPY_STRICT,fi+is+nb+nn+sv
data,nb,B1,763,enttäuschen,pievilt,Petta jätma,FAMILY_COPY_STRICT,fi+is+nb+nn+sv
data,nn,B1,763,enttäuschen,pievilt,Petta jätma,FAMILY_COPY_STRICT,fi+is+nb+nn+sv
data,sv,B1,763,enttäuschen,pievilt,Petta jätma,FAMILY_COPY_STRICT,fi+is+nb+nn+sv
data,it,B1,763,enttäuschen,pievilt,Pievilt,FAMILY_COPY_STRICT,it+lb+nl+pt
data,lb,B1,763,enttäuschen,pievilt,Pievilt,FAMILY_COPY_STRICT,it+lb+nl+pt
data,nl,B1,763,enttäuschen,pievilt,Pievilt,FAMILY_COPY_STRICT,it+lb+nl+pt
data,pt,B1,763,enttäuschen,pievilt,Pievilt,FAMILY_COPY_STRICT,it+lb+nl+pt
data,pl,B1,763,enttäuschen,pievilt,Zawieść,FAMILY_COPY_STRICT,pl+sk
data,sk,B1,763,enttäuschen,pievilt,Zawieść,FAMILY_COPY_STRICT,pl+sk
data,sq,B1,763,enttäuschen,pievilt,Çökme,FAMILY_COPY_STRICT,sq+tr
data,tr,B1,763,enttäuschen,pievilt,Çökme,FAMILY_COPY_STRICT,sq+tr
data,hr,B1,764,entwickeln,attīstīt,Развивайте се,SCRIPT_MISMATCH,
data,hr,B1,764,entwickeln,attīstīt,Развивайте се,MARKER_LEAK,foreign_script
data,it,B1,764,entwickeln,attīstīt,Attīstīt,SAME_AS_LV_CASEFOLD,casefold_only
data,it,B1,764,entwickeln,attīstīt,Attīstīt,LV_DIACRITIC,
data,it,B1,764,entwickeln,attīstīt,Attīstīt,MARKER_LEAK,lv_macron_consonant
data,lb,B1,764,entwickeln,attīstīt,Attīstīt,SAME_AS_LV_CASEFOLD,casefold_only
data,lb,B1,764,entwickeln,attīstīt,Attīstīt,LV_DIACRITIC,
data,lb,B1,764,entwickeln,attīstīt,Attīstīt,MARKER_LEAK,lv_macron_consonant
data,nl,B1,764,entwickeln,attīstīt,Attīstīt,SAME_AS_LV_CASEFOLD,casefold_only
data,nl,B1,764,entwickeln,attīstīt,Attīstīt,LV_DIACRITIC,
data,nl,B1,764,entwickeln,attīstīt,Attīstīt,MARKER_LEAK,lv_macron_consonant
data,pt,B1,764,entwickeln,attīstīt,Attīstīt,SAME_AS_LV_CASEFOLD,casefold_only
data,pt,B1,764,entwickeln,attīstīt,Attīstīt,LV_DIACRITIC,
data,pt,B1,764,entwickeln,attīstīt,Attīstīt,MARKER_LEAK,lv_macron_consonant
data,sl,B1,764,entwickeln,attīstīt,attīstīt,SAME_AS_LV_CASEFOLD,exact
data,sl,B1,764,entwickeln,attīstīt,attīstīt,LV_DIACRITIC,
data,sl,B1,764,entwickeln,attīstīt,attīstīt,MARKER_LEAK,lv_macron_consonant
data,bg,B1,764,entwickeln,attīstīt,Развивайте се,FAMILY_COPY_STRICT,bg+hr+mk+sr
data,hr,B1,764,entwickeln,attīstīt,Развивайте се,FAMILY_COPY_STRICT,bg+hr+mk+sr
data,mk,B1,764,entwickeln,attīstīt,Развивайте се,FAMILY_COPY_STRICT,bg+hr+mk+sr
data,sr,B1,764,entwickeln,attīstīt,Развивайте се,FAMILY_COPY_STRICT,bg+hr+mk+sr
data,fi,B1,764,entwickeln,attīstīt,Arendama,FAMILY_COPY_STRICT,fi+is+nb+nn+sv
data,is,B1,764,entwickeln,attīstīt,Arendama,FAMILY_COPY_STRICT,fi+is+nb+nn+sv
data,nb,B1,764,entwickeln,attīstīt,Arendama,FAMILY_COPY_STRICT,fi+is+nb+nn+sv
data,nn,B1,764,entwickeln,attīstīt,Arendama,FAMILY_COPY_STRICT,fi+is+nb+nn+sv
data,sv,B1,764,entwickeln,attīstīt,Arendama,FAMILY_COPY_STRICT,fi+is+nb+nn+sv
data,it,B1,764,entwickeln,attīstīt,Attīstīt,FAMILY_COPY_STRICT,it+lb+nl+pt
data,lb,B1,764,entwickeln,attīstīt,Attīstīt,FAMILY_COPY_STRICT,it+lb+nl+pt
data,nl,B1,764,entwickeln,attīstīt,Attīstīt,FAMILY_COPY_STRICT,it+lb+nl+pt
data,pt,B1,764,entwickeln,attīstīt,Attīstīt,FAMILY_COPY_STRICT,it+lb+nl+pt
data,hr,B1,765,sich entwickeln,attīstīties,Развивайте се,SCRIPT_MISMATCH,
data,hr,B1,765,sich entwickeln,attīstīties,Развивайте се,MARKER_LEAK,foreign_script
data,it,B1,765,sich entwickeln,attīstīties,Attīstīties,SAME_AS_LV_CASEFOLD,casefold_only
data,it,B1,765,sich entwickeln,attīstīties,Attīstīties,LV_DIACRITIC,
data,it,B1,765,sich entwickeln,attīstīties,Attīstīties,MARKER_LEAK,lv_macron_consonant
data,lb,B1,765,sich entwickeln,attīstīties,Attīstīties,SAME_AS_LV_CASEFOLD,casefold_only
data,lb,B1,765,sich entwickeln,attīstīties,Attīstīties,LV_DIACRITIC,
data,lb,B1,765,sich entwickeln,attīstīties,Attīstīties,MARKER_LEAK,lv_macron_consonant
data,nl,B1,765,sich entwickeln,attīstīties,Attīstīties,SAME_AS_LV_CASEFOLD,casefold_only
data,nl,B1,765,sich entwickeln,attīstīties,Attīstīties,LV_DIACRITIC,
data,nl,B1,765,sich entwickeln,attīstīties,Attīstīties,MARKER_LEAK,lv_macron_consonant
data,sl,B1,765,sich entwickeln,attīstīties,attīstīties,SAME_AS_LV_CASEFOLD,exact
data,sl,B1,765,sich entwickeln,attīstīties,attīstīties,LV_DIACRITIC,
data,sl,B1,765,sich entwickeln,attīstīties,attīstīties,MARKER_LEAK,lv_macron_consonant
data,bg,B1,765,sich entwickeln,attīstīties,Развивайте се,FAMILY_COPY_STRICT,bg+hr+mk+sr
data,hr,B1,765,sich entwickeln,attīstīties,Развивайте се,FAMILY_COPY_STRICT,bg+hr+mk+sr
data,mk,B1,765,sich entwickeln,attīstīties,Развивайте се,FAMILY_COPY_STRICT,bg+hr+mk+sr
data,sr,B1,765,sich entwickeln,attīstīties,Развивайте се,FAMILY_COPY_STRICT,bg+hr+mk+sr
data,fi,B1,765,sich entwickeln,attīstīties,Arenema,FAMILY_COPY_STRICT,fi+is+nb+nn+sv
data,is,B1,765,sich entwickeln,attīstīties,Arenema,FAMILY_COPY_STRICT,fi+is+nb+nn+sv
data,nb,B1,765,sich entwickeln,attīstīties,Arenema,FAMILY_COPY_STRICT,fi+is+nb+nn+sv
data,nn,B1,765,sich entwickeln,attīstīties,Arenema,FAMILY_COPY_STRICT,fi+is+nb+nn+sv
data,sv,B1,765,sich entwickeln,attīstīties,Arenema,FAMILY_COPY_STRICT,fi+is+nb+nn+sv
data,it,B1,765,sich entwickeln,attīstīties,Attīstīties,FAMILY_COPY_STRICT,it+lb+nl
data,lb,B1,765,sich entwickeln,attīstīties,Attīstīties,FAMILY_COPY_STRICT,it+lb+nl
data,nl,B1,765,sich entwickeln,attīstīties,Attīstīties,FAMILY_COPY_STRICT,it+lb+nl
data,hr,B1,766,erben,mantot,Наследяване,SCRIPT_MISMATCH,
data,hr,B1,766,erben,mantot,Наследяване,MARKER_LEAK,foreign_script
data,it,B1,766,erben,mantot,Mantot,SAME_AS_LV_CASEFOLD,casefold_only
data,lb,B1,766,erben,mantot,Mantot,SAME_AS_LV_CASEFOLD,casefold_only
data,nl,B1,766,erben,mantot,Mantot,SAME_AS_LV_CASEFOLD,casefold_only
data,pt,B1,766,erben,mantot,Mantot,SAME_AS_LV_CASEFOLD,casefold_only
data,sl,B1,766,erben,mantot,mantot,SAME_AS_LV_CASEFOLD,exact
data,bg,B1,766,erben,mantot,Наследяване,FAMILY_COPY_STRICT,bg+hr+mk+sr
data,hr,B1,766,erben,mantot,Наследяване,FAMILY_COPY_STRICT,bg+hr+mk+sr
data,mk,B1,766,erben,mantot,Наследяване,FAMILY_COPY_STRICT,bg+hr+mk+sr
data,sr,B1,766,erben,mantot,Наследяване,FAMILY_COPY_STRICT,bg+hr+mk+sr
data,fi,B1,766,erben,mantot,Pärima,FAMILY_COPY_STRICT,fi+is+nb+nn+sv
data,is,B1,766,erben,mantot,Pärima,FAMILY_COPY_STRICT,fi+is+nb+nn+sv
data,nb,B1,766,erben,mantot,Pärima,FAMILY_COPY_STRICT,fi+is+nb+nn+sv
data,nn,B1,766,erben,mantot,Pärima,FAMILY_COPY_STRICT,fi+is+nb+nn+sv
data,sv,B1,766,erben,mantot,Pärima,FAMILY_COPY_STRICT,fi+is+nb+nn+sv
data,it,B1,766,erben,mantot,Mantot,FAMILY_COPY_STRICT,it+lb+nl+pt
data,lb,B1,766,erben,mantot,Mantot,FAMILY_COPY_STRICT,it+lb+nl+pt
data,nl,B1,766,erben,mantot,Mantot,FAMILY_COPY_STRICT,it+lb+nl+pt
data,pt,B1,766,erben,mantot,Mantot,FAMILY_COPY_STRICT,it+lb+nl+pt
data,pl,B1,766,erben,mantot,Odziedziczyć,FAMILY_COPY_STRICT,pl+sk+sq+tr
data,sk,B1,766,erben,mantot,Odziedziczyć,FAMILY_COPY_STRICT,pl+sk+sq+tr
data,sq,B1,766,erben,mantot,Odziedziczyć,FAMILY_COPY_STRICT,pl+sk+sq+tr
data,tr,B1,766,erben,mantot,Odziedziczyć,FAMILY_COPY_STRICT,pl+sk+sq+tr
data,it,B1,767,erblicken,ieraudzīt,Ieraudzīt,SAME_AS_LV_CASEFOLD,casefold_only
data,it,B1,767,erblicken,ieraudzīt,Ieraudzīt,LV_DIACRITIC,
data,it,B1,767,erblicken,ieraudzīt,Ieraudzīt,MARKER_LEAK,lv_macron_consonant
data,lb,B1,767,erblicken,ieraudzīt,Ieraudzīt,SAME_AS_LV_CASEFOLD,casefold_only
data,lb,B1,767,erblicken,ieraudzīt,Ieraudzīt,LV_DIACRITIC,
data,lb,B1,767,erblicken,ieraudzīt,Ieraudzīt,MARKER_LEAK,lv_macron_consonant
data,nl,B1,767,erblicken,ieraudzīt,Ieraudzīt,SAME_AS_LV_CASEFOLD,casefold_only
data,nl,B1,767,erblicken,ieraudzīt,Ieraudzīt,LV_DIACRITIC,
data,nl,B1,767,erblicken,ieraudzīt,Ieraudzīt,MARKER_LEAK,lv_macron_consonant
data,pt,B1,767,erblicken,ieraudzīt,Ieraudzīt,SAME_AS_LV_CASEFOLD,casefold_only
data,pt,B1,767,erblicken,ieraudzīt,Ieraudzīt,LV_DIACRITIC,
data,pt,B1,767,erblicken,ieraudzīt,Ieraudzīt,MARKER_LEAK,lv_macron_consonant
data,sl,B1,767,erblicken,ieraudzīt,ieraudzīt,SAME_AS_LV_CASEFOLD,exact
data,sl,B1,767,erblicken,ieraudzīt,ieraudzīt,LV_DIACRITIC,
data,sl,B1,767,erblicken,ieraudzīt,ieraudzīt,MARKER_LEAK,lv_macron_consonant
data,sr,B1,767,erblicken,ieraudzīt,Poglejmo,SCRIPT_MISMATCH,sr_as_cyrillic
data,sr,B1,767,erblicken,ieraudzīt,Poglejmo,MARKER_LEAK,latin_in_cyrillic
data,bg,B1,767,erblicken,ieraudzīt,Да видя,FAMILY_COPY_STRICT,bg+mk
data,mk,B1,767,erblicken,ieraudzīt,Да видя,FAMILY_COPY_STRICT,bg+mk
data,fi,B1,767,erblicken,ieraudzīt,Märkama,FAMILY_COPY_STRICT,fi+sv
data,sv,B1,767,erblicken,ieraudzīt,Märkama,FAMILY_COPY_STRICT,fi+sv
data,hr,B1,767,erblicken,ieraudzīt,Poglejmo,FAMILY_COPY_STRICT,hr+sr
data,sr,B1,767,erblicken,ieraudzīt,Poglejmo,FAMILY_COPY_STRICT,hr+sr
data,is,B1,767,erblicken,ieraudzīt,Legg merke til dem,FAMILY_COPY_STRICT,is+nb+nn
data,nb,B1,767,erblicken,ieraudzīt,Legg merke til dem,FAMILY_COPY_STRICT,is+nb+nn
data,nn,B1,767,erblicken,ieraudzīt,Legg merke til dem,FAMILY_COPY_STRICT,is+nb+nn
data,it,B1,767,erblicken,ieraudzīt,Ieraudzīt,FAMILY_COPY_STRICT,it+lb+nl+pt
data,lb,B1,767,erblicken,ieraudzīt,Ieraudzīt,FAMILY_COPY_STRICT,it+lb+nl+pt
data,nl,B1,767,erblicken,ieraudzīt,Ieraudzīt,FAMILY_COPY_STRICT,it+lb+nl+pt
data,pt,B1,767,erblicken,ieraudzīt,Ieraudzīt,FAMILY_COPY_STRICT,it+lb+nl+pt
data,sq,B1,767,erblicken,ieraudzīt,Görmek,FAMILY_COPY_STRICT,sq+tr
data,tr,B1,767,erblicken,ieraudzīt,Görmek,FAMILY_COPY_STRICT,sq+tr
data,hr,B1,768,sich erbrechen,vemt,Грабване,SCRIPT_MISMATCH,
data,hr,B1,768,sich erbrechen,vemt,Грабване,MARKER_LEAK,foreign_script
data,it,B1,768,sich erbrechen,vemt,Vemt,SAME_AS_LV_CASEFOLD,casefold_only
data,lb,B1,768,sich erbrechen,vemt,Vemt,SAME_AS_LV_CASEFOLD,casefold_only
data,nl,B1,768,sich erbrechen,vemt,Vemt,SAME_AS_LV_CASEFOLD,casefold_only
data,sl,B1,768,sich erbrechen,vemt,vemt,SAME_AS_LV_CASEFOLD,exact
data,bg,B1,768,sich erbrechen,vemt,Грабване,FAMILY_COPY_STRICT,bg+hr+mk+sr
data,hr,B1,768,sich erbrechen,vemt,Грабване,FAMILY_COPY_STRICT,bg+hr+mk+sr
data,mk,B1,768,sich erbrechen,vemt,Грабване,FAMILY_COPY_STRICT,bg+hr+mk+sr
data,sr,B1,768,sich erbrechen,vemt,Грабване,FAMILY_COPY_STRICT,bg+hr+mk+sr
data,fi,B1,768,sich erbrechen,vemt,Oksendama,FAMILY_COPY_STRICT,fi+is+nb+nn+sv
data,is,B1,768,sich erbrechen,vemt,Oksendama,FAMILY_COPY_STRICT,fi+is+nb+nn+sv
data,nb,B1,768,sich erbrechen,vemt,Oksendama,FAMILY_COPY_STRICT,fi+is+nb+nn+sv
data,nn,B1,768,sich erbrechen,vemt,Oksendama,FAMILY_COPY_STRICT,fi+is+nb+nn+sv
data,sv,B1,768,sich erbrechen,vemt,Oksendama,FAMILY_COPY_STRICT,fi+is+nb+nn+sv
data,it,B1,768,sich erbrechen,vemt,Vemt,FAMILY_COPY_STRICT,it+lb+nl
data,lb,B1,768,sich erbrechen,vemt,Vemt,FAMILY_COPY_STRICT,it+lb+nl
data,nl,B1,768,sich erbrechen,vemt,Vemt,FAMILY_COPY_STRICT,it+lb+nl
data,pl,B1,768,sich erbrechen,vemt,Zwymiotować,FAMILY_COPY_STRICT,pl+sk+sq+tr
data,sk,B1,768,sich erbrechen,vemt,Zwymiotować,FAMILY_COPY_STRICT,pl+sk+sq+tr
data,sq,B1,768,sich erbrechen,vemt,Zwymiotować,FAMILY_COPY_STRICT,pl+sk+sq+tr
data,tr,B1,768,sich erbrechen,vemt,Zwymiotować,FAMILY_COPY_STRICT,pl+sk+sq+tr
data,hr,B1,769,Erdbeben,zemestrīce,Земетресение,SCRIPT_MISMATCH,
data,hr,B1,769,Erdbeben,zemestrīce,Земетресение,MARKER_LEAK,foreign_script
data,it,B1,769,Erdbeben,zemestrīce,Zemestrīce,SAME_AS_LV_CASEFOLD,casefold_only
data,it,B1,769,Erdbeben,zemestrīce,Zemestrīce,LV_DIACRITIC,
data,it,B1,769,Erdbeben,zemestrīce,Zemestrīce,MARKER_LEAK,lv_macron_consonant
data,lb,B1,769,Erdbeben,zemestrīce,Zemestrīce,SAME_AS_LV_CASEFOLD,casefold_only
data,lb,B1,769,Erdbeben,zemestrīce,Zemestrīce,LV_DIACRITIC,
data,lb,B1,769,Erdbeben,zemestrīce,Zemestrīce,MARKER_LEAK,lv_macron_consonant
data,nl,B1,769,Erdbeben,zemestrīce,Zemestrīce,SAME_AS_LV_CASEFOLD,casefold_only
data,nl,B1,769,Erdbeben,zemestrīce,Zemestrīce,LV_DIACRITIC,
data,nl,B1,769,Erdbeben,zemestrīce,Zemestrīce,MARKER_LEAK,lv_macron_consonant
data,sl,B1,769,Erdbeben,zemestrīce,zemestrīce,SAME_AS_LV_CASEFOLD,exact
data,sl,B1,769,Erdbeben,zemestrīce,zemestrīce,LV_DIACRITIC,
data,sl,B1,769,Erdbeben,zemestrīce,zemestrīce,MARKER_LEAK,lv_macron_consonant
data,bg,B1,769,Erdbeben,zemestrīce,Земетресение,FAMILY_COPY_STRICT,bg+hr+mk+sr
data,hr,B1,769,Erdbeben,zemestrīce,Земетресение,FAMILY_COPY_STRICT,bg+hr+mk+sr
data,mk,B1,769,Erdbeben,zemestrīce,Земетресение,FAMILY_COPY_STRICT,bg+hr+mk+sr
data,sr,B1,769,Erdbeben,zemestrīce,Земетресение,FAMILY_COPY_STRICT,bg+hr+mk+sr
data,fi,B1,769,Erdbeben,zemestrīce,Maavärin,FAMILY_COPY_STRICT,fi+is+nb+nn+sv
data,is,B1,769,Erdbeben,zemestrīce,Maavärin,FAMILY_COPY_STRICT,fi+is+nb+nn+sv
data,nb,B1,769,Erdbeben,zemestrīce,Maavärin,FAMILY_COPY_STRICT,fi+is+nb+nn+sv
data,nn,B1,769,Erdbeben,zemestrīce,Maavärin,FAMILY_COPY_STRICT,fi+is+nb+nn+sv
data,sv,B1,769,Erdbeben,zemestrīce,Maavärin,FAMILY_COPY_STRICT,fi+is+nb+nn+sv
data,it,B1,769,Erdbeben,zemestrīce,Zemestrīce,FAMILY_COPY_STRICT,it+lb+nl
data,lb,B1,769,Erdbeben,zemestrīce,Zemestrīce,FAMILY_COPY_STRICT,it+lb+nl
data,nl,B1,769,Erdbeben,zemestrīce,Zemestrīce,FAMILY_COPY_STRICT,it+lb+nl
data,sq,B1,769,Erdbeben,zemestrīce,Deprem,FAMILY_COPY_STRICT,sq+tr
data,tr,B1,769,Erdbeben,zemestrīce,Deprem,FAMILY_COPY_STRICT,sq+tr
data,hr,B1,770,Walderdbeere,meža zemene,Горска ягода,SCRIPT_MISMATCH,
data,hr,B1,770,Walderdbeere,meža zemene,Горска ягода,MARKER_LEAK,foreign_script
data,it,B1,770,Walderdbeere,meža zemene,Meža zemene,SAME_AS_LV_CASEFOLD,casefold_only
data,it,B1,770,Walderdbeere,meža zemene,Meža zemene,LV_DIACRITIC,
data,lb,B1,770,Walderdbeere,meža zemene,Meža zemene,SAME_AS_LV_CASEFOLD,casefold_only
data,lb,B1,770,Walderdbeere,meža zemene,Meža zemene,LV_DIACRITIC,
data,nl,B1,770,Walderdbeere,meža zemene,Meža zemene,SAME_AS_LV_CASEFOLD,casefold_only
data,nl,B1,770,Walderdbeere,meža zemene,Meža zemene,LV_DIACRITIC,
data,sk,B1,770,Walderdbeere,meža zemene,Leśna truskawka,MARKER_LEAK,pl_l_s_z
data,sl,B1,770,Walderdbeere,meža zemene,meža zemene,SAME_AS_LV_CASEFOLD,exact
data,sq,B1,770,Walderdbeere,meža zemene,Orman çileği,MARKER_LEAK,tr_soft
data,bg,B1,770,Walderdbeere,meža zemene,Горска ягода,FAMILY_COPY_STRICT,bg+hr+mk+sr
data,hr,B1,770,Walderdbeere,meža zemene,Горска ягода,FAMILY_COPY_STRICT,bg+hr+mk+sr
data,mk,B1,770,Walderdbeere,meža zemene,Горска ягода,FAMILY_COPY_STRICT,bg+hr+mk+sr
data,sr,B1,770,Walderdbeere,meža zemene,Горска ягода,FAMILY_COPY_STRICT,bg+hr+mk+sr
data,fi,B1,770,Walderdbeere,meža zemene,Metsmaasikas,FAMILY_COPY_STRICT,fi+is+nb+nn+sv
data,is,B1,770,Walderdbeere,meža zemene,Metsmaasikas,FAMILY_COPY_STRICT,fi+is+nb+nn+sv
data,nb,B1,770,Walderdbeere,meža zemene,Metsmaasikas,FAMILY_COPY_STRICT,fi+is+nb+nn+sv
data,nn,B1,770,Walderdbeere,meža zemene,Metsmaasikas,FAMILY_COPY_STRICT,fi+is+nb+nn+sv
data,sv,B1,770,Walderdbeere,meža zemene,Metsmaasikas,FAMILY_COPY_STRICT,fi+is+nb+nn+sv
data,it,B1,770,Walderdbeere,meža zemene,Meža zemene,FAMILY_COPY_STRICT,it+lb+nl
data,lb,B1,770,Walderdbeere,meža zemene,Meža zemene,FAMILY_COPY_STRICT,it+lb+nl
data,nl,B1,770,Walderdbeere,meža zemene,Meža zemene,FAMILY_COPY_STRICT,it+lb+nl
data,pl,B1,770,Walderdbeere,meža zemene,Leśna truskawka,FAMILY_COPY_STRICT,pl+sk
data,sk,B1,770,Walderdbeere,meža zemene,Leśna truskawka,FAMILY_COPY_STRICT,pl+sk
data,sq,B1,770,Walderdbeere,meža zemene,Orman çileği,FAMILY_COPY_STRICT,sq+tr
data,tr,B1,770,Walderdbeere,meža zemene,Orman çileği,FAMILY_COPY_STRICT,sq+tr
data,hr,B1,771,Erdnuss,zemesrieksts,Фъстък,SCRIPT_MISMATCH,
data,hr,B1,771,Erdnuss,zemesrieksts,Фъстък,MARKER_LEAK,foreign_script
data,it,B1,771,Erdnuss,zemesrieksts,Zemesrieksts,SAME_AS_LV_CASEFOLD,casefold_only
data,lb,B1,771,Erdnuss,zemesrieksts,Zemesrieksts,SAME_AS_LV_CASEFOLD,casefold_only
data,nl,B1,771,Erdnuss,zemesrieksts,Zemesrieksts,SAME_AS_LV_CASEFOLD,casefold_only
data,sl,B1,771,Erdnuss,zemesrieksts,zemesrieksts,SAME_AS_LV_CASEFOLD,exact
data,bg,B1,771,Erdnuss,zemesrieksts,Фъстък,FAMILY_COPY_STRICT,bg+hr+mk+sr
data,hr,B1,771,Erdnuss,zemesrieksts,Фъстък,FAMILY_COPY_STRICT,bg+hr+mk+sr
data,mk,B1,771,Erdnuss,zemesrieksts,Фъстък,FAMILY_COPY_STRICT,bg+hr+mk+sr
data,sr,B1,771,Erdnuss,zemesrieksts,Фъстък,FAMILY_COPY_STRICT,bg+hr+mk+sr
data,fi,B1,771,Erdnuss,zemesrieksts,Maapähkel,FAMILY_COPY_STRICT,fi+is+nb+nn+sv
data,is,B1,771,Erdnuss,zemesrieksts,Maapähkel,FAMILY_COPY_STRICT,fi+is+nb+nn+sv
data,nb,B1,771,Erdnuss,zemesrieksts,Maapähkel,FAMILY_COPY_STRICT,fi+is+nb+nn+sv
data,nn,B1,771,Erdnuss,zemesrieksts,Maapähkel,FAMILY_COPY_STRICT,fi+is+nb+nn+sv
data,sv,B1,771,Erdnuss,zemesrieksts,Maapähkel,FAMILY_COPY_STRICT,fi+is+nb+nn+sv
data,it,B1,771,Erdnuss,zemesrieksts,Zemesrieksts,FAMILY_COPY_STRICT,it+lb+nl
data,lb,B1,771,Erdnuss,zemesrieksts,Zemesrieksts,FAMILY_COPY_STRICT,it+lb+nl
data,nl,B1,771,Erdnuss,zemesrieksts,Zemesrieksts,FAMILY_COPY_STRICT,it+lb+nl
data,pl,B1,771,Erdnuss,zemesrieksts,Arachid,FAMILY_COPY_STRICT,pl+sk+sq+tr
data,sk,B1,771,Erdnuss,zemesrieksts,Arachid,FAMILY_COPY_STRICT,pl+sk+sq+tr
data,sq,B1,771,Erdnuss,zemesrieksts,Arachid,FAMILY_COPY_STRICT,pl+sk+sq+tr
data,tr,B1,771,Erdnuss,zemesrieksts,Arachid,FAMILY_COPY_STRICT,pl+sk+sq+tr
data,bs,B1,772,Erdöl,nafta,Nafta,SAME_AS_LV_CASEFOLD,casefold_only
data,et,B1,772,Erdöl,nafta,nafta,SAME_AS_LV_CASEFOLD,exact
data,fi,B1,772,Erdöl,nafta,Nafta,SAME_AS_LV_CASEFOLD,casefold_only
data,is,B1,772,Erdöl,nafta,Nafta,SAME_AS_LV_CASEFOLD,casefold_only
data,it,B1,772,Erdöl,nafta,Nafta,SAME_AS_LV_CASEFOLD,casefold_only
data,lb,B1,772,Erdöl,nafta,Nafta,SAME_AS_LV_CASEFOLD,casefold_only
data,lt,B1,772,Erdöl,nafta,nafta,SAME_AS_LV_CASEFOLD,exact
data,nb,B1,772,Erdöl,nafta,Nafta,SAME_AS_LV_CASEFOLD,casefold_only
data,nl,B1,772,Erdöl,nafta,Nafta,SAME_AS_LV_CASEFOLD,casefold_only
data,nn,B1,772,Erdöl,nafta,Nafta,SAME_AS_LV_CASEFOLD,casefold_only
data,pt,B1,772,Erdöl,nafta,Nafta,SAME_AS_LV_CASEFOLD,casefold_only
data,sl,B1,772,Erdöl,nafta,nafta,SAME_AS_LV_CASEFOLD,exact
data,sr,B1,772,Erdöl,nafta,Olje je.,SCRIPT_MISMATCH,sr_as_cyrillic
data,sr,B1,772,Erdöl,nafta,Olje je.,MARKER_LEAK,latin_in_cyrillic
data,sv,B1,772,Erdöl,nafta,Nafta,SAME_AS_LV_CASEFOLD,casefold_only
data,bg,B1,772,Erdöl,nafta,Масло,FAMILY_COPY_STRICT,bg+mk+ru
data,mk,B1,772,Erdöl,nafta,Масло,FAMILY_COPY_STRICT,bg+mk+ru
data,ru,B1,772,Erdöl,nafta,Масло,FAMILY_COPY_STRICT,bg+mk+ru
data,hr,B1,772,Erdöl,nafta,Olje je.,FAMILY_COPY_STRICT,hr+sr
data,sr,B1,772,Erdöl,nafta,Olje je.,FAMILY_COPY_STRICT,hr+sr
data,pl,B1,772,Erdöl,nafta,Olej,FAMILY_COPY_STRICT,pl+sk+sq+tr
data,sk,B1,772,Erdöl,nafta,Olej,FAMILY_COPY_STRICT,pl+sk+sq+tr
data,sq,B1,772,Erdöl,nafta,Olej,FAMILY_COPY_STRICT,pl+sk+sq+tr
data,tr,B1,772,Erdöl,nafta,Olej,FAMILY_COPY_STRICT,pl+sk+sq+tr
data,hr,B1,773,Erdteil,pasaules daļa,Част от света,SCRIPT_MISMATCH,
data,hr,B1,773,Erdteil,pasaules daļa,Част от света,MARKER_LEAK,foreign_script
data,it,B1,773,Erdteil,pasaules daļa,Pasaules daļa,SAME_AS_LV_CASEFOLD,casefold_only
data,it,B1,773,Erdteil,pasaules daļa,Pasaules daļa,LV_DIACRITIC,
data,it,B1,773,Erdteil,pasaules daļa,Pasaules daļa,MARKER_LEAK,lv_macron_consonant
data,lb,B1,773,Erdteil,pasaules daļa,Pasaules daļa,SAME_AS_LV_CASEFOLD,casefold_only
data,lb,B1,773,Erdteil,pasaules daļa,Pasaules daļa,LV_DIACRITIC,
data,lb,B1,773,Erdteil,pasaules daļa,Pasaules daļa,MARKER_LEAK,lv_macron_consonant
data,nl,B1,773,Erdteil,pasaules daļa,Pasaules daļa,SAME_AS_LV_CASEFOLD,casefold_only
data,nl,B1,773,Erdteil,pasaules daļa,Pasaules daļa,LV_DIACRITIC,
data,nl,B1,773,Erdteil,pasaules daļa,Pasaules daļa,MARKER_LEAK,lv_macron_consonant
data,sk,B1,773,Erdteil,pasaules daļa,Część świata,MARKER_LEAK,pl_l_s_z+pl_lt_nasal
data,sl,B1,773,Erdteil,pasaules daļa,pasaules daļa,SAME_AS_LV_CASEFOLD,exact
data,sl,B1,773,Erdteil,pasaules daļa,pasaules daļa,LV_DIACRITIC,
data,sl,B1,773,Erdteil,pasaules daļa,pasaules daļa,MARKER_LEAK,lv_macron_consonant
data,sq,B1,773,Erdteil,pasaules daļa,Część świata,MARKER_LEAK,pl_l_s_z+pl_lt_nasal
data,tr,B1,773,Erdteil,pasaules daļa,Część świata,MARKER_LEAK,pl_l_s_z+pl_lt_nasal
data,bg,B1,773,Erdteil,pasaules daļa,Част от света,FAMILY_COPY_STRICT,bg+hr+mk+sr
data,hr,B1,773,Erdteil,pasaules daļa,Част от света,FAMILY_COPY_STRICT,bg+hr+mk+sr
data,mk,B1,773,Erdteil,pasaules daļa,Част от света,FAMILY_COPY_STRICT,bg+hr+mk+sr
data,sr,B1,773,Erdteil,pasaules daļa,Част от света,FAMILY_COPY_STRICT,bg+hr+mk+sr
data,fi,B1,773,Erdteil,pasaules daļa,Maailmajagu,FAMILY_COPY_STRICT,fi+is+nb+nn+sv
data,is,B1,773,Erdteil,pasaules daļa,Maailmajagu,FAMILY_COPY_STRICT,fi+is+nb+nn+sv
data,nb,B1,773,Erdteil,pasaules daļa,Maailmajagu,FAMILY_COPY_STRICT,fi+is+nb+nn+sv
data,nn,B1,773,Erdteil,pasaules daļa,Maailmajagu,FAMILY_COPY_STRICT,fi+is+nb+nn+sv
data,sv,B1,773,Erdteil,pasaules daļa,Maailmajagu,FAMILY_COPY_STRICT,fi+is+nb+nn+sv
data,it,B1,773,Erdteil,pasaules daļa,Pasaules daļa,FAMILY_COPY_STRICT,it+lb+nl
data,lb,B1,773,Erdteil,pasaules daļa,Pasaules daļa,FAMILY_COPY_STRICT,it+lb+nl
data,nl,B1,773,Erdteil,pasaules daļa,Pasaules daļa,FAMILY_COPY_STRICT,it+lb+nl
data,pl,B1,773,Erdteil,pasaules daļa,Część świata,FAMILY_COPY_STRICT,pl+sk+sq+tr
data,sk,B1,773,Erdteil,pasaules daļa,Część świata,FAMILY_COPY_STRICT,pl+sk+sq+tr
data,sq,B1,773,Erdteil,pasaules daļa,Część świata,FAMILY_COPY_STRICT,pl+sk+sq+tr
data,tr,B1,773,Erdteil,pasaules daļa,Część świata,FAMILY_COPY_STRICT,pl+sk+sq+tr
data,hr,B1,774,Ereignis,notikums,Настан,SCRIPT_MISMATCH,
data,hr,B1,774,Ereignis,notikums,Настан,MARKER_LEAK,foreign_script
data,nl,B1,774,Ereignis,notikums,Notikums,SAME_AS_LV_CASEFOLD,casefold_only
data,sl,B1,774,Ereignis,notikums,notikums,SAME_AS_LV_CASEFOLD,exact
data,fi,B1,774,Ereignis,notikums,Sündmus,FAMILY_COPY_STRICT,fi+is+nb+nn+sv
data,is,B1,774,Ereignis,notikums,Sündmus,FAMILY_COPY_STRICT,fi+is+nb+nn+sv
data,nb,B1,774,Ereignis,notikums,Sündmus,FAMILY_COPY_STRICT,fi+is+nb+nn+sv
data,nn,B1,774,Ereignis,notikums,Sündmus,FAMILY_COPY_STRICT,fi+is+nb+nn+sv
data,sv,B1,774,Ereignis,notikums,Sündmus,FAMILY_COPY_STRICT,fi+is+nb+nn+sv
data,hr,B1,774,Ereignis,notikums,Настан,FAMILY_COPY_STRICT,hr+mk+sr
data,mk,B1,774,Ereignis,notikums,Настан,FAMILY_COPY_STRICT,hr+mk+sr
data,sr,B1,774,Ereignis,notikums,Настан,FAMILY_COPY_STRICT,hr+mk+sr
data,pl,B1,774,Ereignis,notikums,Wydarzenie,FAMILY_COPY_STRICT,pl+sk+sq+tr
data,sk,B1,774,Ereignis,notikums,Wydarzenie,FAMILY_COPY_STRICT,pl+sk+sq+tr
data,sq,B1,774,Ereignis,notikums,Wydarzenie,FAMILY_COPY_STRICT,pl+sk+sq+tr
data,tr,B1,774,Ereignis,notikums,Wydarzenie,FAMILY_COPY_STRICT,pl+sk+sq+tr
data,hr,B1,775,erfinden,izgudrot,Измислете,SCRIPT_MISMATCH,
data,hr,B1,775,erfinden,izgudrot,Измислете,MARKER_LEAK,foreign_script
data,it,B1,775,erfinden,izgudrot,Izgudrot,SAME_AS_LV_CASEFOLD,casefold_only
data,lb,B1,775,erfinden,izgudrot,Izgudrot,SAME_AS_LV_CASEFOLD,casefold_only
data,nl,B1,775,erfinden,izgudrot,Izgudrot,SAME_AS_LV_CASEFOLD,casefold_only
data,pt,B1,775,erfinden,izgudrot,Izgudrot,SAME_AS_LV_CASEFOLD,casefold_only
data,sk,B1,775,erfinden,izgudrot,Wynaleźć,MARKER_LEAK,pl_l_s_z
data,sl,B1,775,erfinden,izgudrot,izgudrot,SAME_AS_LV_CASEFOLD,exact
data,sq,B1,775,erfinden,izgudrot,İcat etmek,MARKER_LEAK,tr_soft
data,bg,B1,775,erfinden,izgudrot,Измислете,FAMILY_COPY_STRICT,bg+hr+mk+sr
data,hr,B1,775,erfinden,izgudrot,Измислете,FAMILY_COPY_STRICT,bg+hr+mk+sr
data,mk,B1,775,erfinden,izgudrot,Измислете,FAMILY_COPY_STRICT,bg+hr+mk+sr
data,sr,B1,775,erfinden,izgudrot,Измислете,FAMILY_COPY_STRICT,bg+hr+mk+sr
data,fi,B1,775,erfinden,izgudrot,Leiutama,FAMILY_COPY_STRICT,fi+is+nb+nn+sv
data,is,B1,775,erfinden,izgudrot,Leiutama,FAMILY_COPY_STRICT,fi+is+nb+nn+sv
data,nb,B1,775,erfinden,izgudrot,Leiutama,FAMILY_COPY_STRICT,fi+is+nb+nn+sv
data,nn,B1,775,erfinden,izgudrot,Leiutama,FAMILY_COPY_STRICT,fi+is+nb+nn+sv
data,sv,B1,775,erfinden,izgudrot,Leiutama,FAMILY_COPY_STRICT,fi+is+nb+nn+sv
data,it,B1,775,erfinden,izgudrot,Izgudrot,FAMILY_COPY_STRICT,it+lb+nl+pt
data,lb,B1,775,erfinden,izgudrot,Izgudrot,FAMILY_COPY_STRICT,it+lb+nl+pt
data,nl,B1,775,erfinden,izgudrot,Izgudrot,FAMILY_COPY_STRICT,it+lb+nl+pt
data,pt,B1,775,erfinden,izgudrot,Izgudrot,FAMILY_COPY_STRICT,it+lb+nl+pt
data,pl,B1,775,erfinden,izgudrot,Wynaleźć,FAMILY_COPY_STRICT,pl+sk
data,sk,B1,775,erfinden,izgudrot,Wynaleźć,FAMILY_COPY_STRICT,pl+sk
data,sq,B1,775,erfinden,izgudrot,İcat etmek,FAMILY_COPY_STRICT,sq+tr
data,tr,B1,775,erfinden,izgudrot,İcat etmek,FAMILY_COPY_STRICT,sq+tr
data,hr,B1,776,Erfindung,izgudrojums,Изум,SCRIPT_MISMATCH,
data,hr,B1,776,Erfindung,izgudrojums,Изум,MARKER_LEAK,foreign_script
data,it,B1,776,Erfindung,izgudrojums,Izgudrojums,SAME_AS_LV_CASEFOLD,casefold_only
data,lb,B1,776,Erfindung,izgudrojums,Izgudrojums,SAME_AS_LV_CASEFOLD,casefold_only
data,nl,B1,776,Erfindung,izgudrojums,Izgudrojums,SAME_AS_LV_CASEFOLD,casefold_only
data,sl,B1,776,Erfindung,izgudrojums,izgudrojums,SAME_AS_LV_CASEFOLD,exact
data,bg,B1,776,Erfindung,izgudrojums,Изобретение,FAMILY_COPY_STRICT,bg+ru
data,ru,B1,776,Erfindung,izgudrojums,Изобретение,FAMILY_COPY_STRICT,bg+ru
data,en,B1,776,Erfindung,izgudrojums,Invention,FAMILY_COPY_STRICT,en+fr
data,fr,B1,776,Erfindung,izgudrojums,Invention,FAMILY_COPY_STRICT,en+fr
data,fi,B1,776,Erfindung,izgudrojums,Leiutis,FAMILY_COPY_STRICT,fi+is+nb+nn+sv
data,is,B1,776,Erfindung,izgudrojums,Leiutis,FAMILY_COPY_STRICT,fi+is+nb+nn+sv
data,nb,B1,776,Erfindung,izgudrojums,Leiutis,FAMILY_COPY_STRICT,fi+is+nb+nn+sv
data,nn,B1,776,Erfindung,izgudrojums,Leiutis,FAMILY_COPY_STRICT,fi+is+nb+nn+sv
data,sv,B1,776,Erfindung,izgudrojums,Leiutis,FAMILY_COPY_STRICT,fi+is+nb+nn+sv
data,hr,B1,776,Erfindung,izgudrojums,Изум,FAMILY_COPY_STRICT,hr+mk+sr
data,mk,B1,776,Erfindung,izgudrojums,Изум,FAMILY_COPY_STRICT,hr+mk+sr
data,sr,B1,776,Erfindung,izgudrojums,Изум,FAMILY_COPY_STRICT,hr+mk+sr
data,it,B1,776,Erfindung,izgudrojums,Izgudrojums,FAMILY_COPY_STRICT,it+lb+nl
data,lb,B1,776,Erfindung,izgudrojums,Izgudrojums,FAMILY_COPY_STRICT,it+lb+nl
data,nl,B1,776,Erfindung,izgudrojums,Izgudrojums,FAMILY_COPY_STRICT,it+lb+nl
data,pl,B1,776,Erfindung,izgudrojums,Wynalazek,FAMILY_COPY_STRICT,pl+sk+sq+tr
data,sk,B1,776,Erfindung,izgudrojums,Wynalazek,FAMILY_COPY_STRICT,pl+sk+sq+tr
data,sq,B1,776,Erfindung,izgudrojums,Wynalazek,FAMILY_COPY_STRICT,pl+sk+sq+tr
data,tr,B1,776,Erfindung,izgudrojums,Wynalazek,FAMILY_COPY_STRICT,pl+sk+sq+tr
data,hr,B1,777,erfolglos,neveiksmīgs,Неуспешно,SCRIPT_MISMATCH,
data,hr,B1,777,erfolglos,neveiksmīgs,Неуспешно,MARKER_LEAK,foreign_script
data,sl,B1,777,erfolglos,neveiksmīgs,neveiksmīgs,SAME_AS_LV_CASEFOLD,exact
data,sl,B1,777,erfolglos,neveiksmīgs,neveiksmīgs,LV_DIACRITIC,
data,sl,B1,777,erfolglos,neveiksmīgs,neveiksmīgs,MARKER_LEAK,lv_macron_consonant
data,bg,B1,777,erfolglos,neveiksmīgs,Неуспешно,FAMILY_COPY_STRICT,bg+hr+mk+sr
data,hr,B1,777,erfolglos,neveiksmīgs,Неуспешно,FAMILY_COPY_STRICT,bg+hr+mk+sr
data,mk,B1,777,erfolglos,neveiksmīgs,Неуспешно,FAMILY_COPY_STRICT,bg+hr+mk+sr
data,sr,B1,777,erfolglos,neveiksmīgs,Неуспешно,FAMILY_COPY_STRICT,bg+hr+mk+sr
data,fi,B1,777,erfolglos,neveiksmīgs,Ebaedukas,FAMILY_COPY_STRICT,fi+is+nb+nn+sv
data,is,B1,777,erfolglos,neveiksmīgs,Ebaedukas,FAMILY_COPY_STRICT,fi+is+nb+nn+sv
data,nb,B1,777,erfolglos,neveiksmīgs,Ebaedukas,FAMILY_COPY_STRICT,fi+is+nb+nn+sv
data,nn,B1,777,erfolglos,neveiksmīgs,Ebaedukas,FAMILY_COPY_STRICT,fi+is+nb+nn+sv
data,sv,B1,777,erfolglos,neveiksmīgs,Ebaedukas,FAMILY_COPY_STRICT,fi+is+nb+nn+sv
data,it,B1,777,erfolglos,neveiksmīgs,Mislukt,FAMILY_COPY_STRICT,it+lb+nl
data,lb,B1,777,erfolglos,neveiksmīgs,Mislukt,FAMILY_COPY_STRICT,it+lb+nl
data,nl,B1,777,erfolglos,neveiksmīgs,Mislukt,FAMILY_COPY_STRICT,it+lb+nl
data,pl,B1,777,erfolglos,neveiksmīgs,Nieudany,FAMILY_COPY_STRICT,pl+sk+sq+tr
data,sk,B1,777,erfolglos,neveiksmīgs,Nieudany,FAMILY_COPY_STRICT,pl+sk+sq+tr
data,sq,B1,777,erfolglos,neveiksmīgs,Nieudany,FAMILY_COPY_STRICT,pl+sk+sq+tr
data,tr,B1,777,erfolglos,neveiksmīgs,Nieudany,FAMILY_COPY_STRICT,pl+sk+sq+tr
data,hr,B1,778,erfolgreich,veiksmīgs,Успешно,SCRIPT_MISMATCH,
data,hr,B1,778,erfolgreich,veiksmīgs,Успешно,MARKER_LEAK,foreign_script
data,it,B1,778,erfolgreich,veiksmīgs,Veiksmīgs,SAME_AS_LV_CASEFOLD,casefold_only
data,it,B1,778,erfolgreich,veiksmīgs,Veiksmīgs,LV_DIACRITIC,
data,it,B1,778,erfolgreich,veiksmīgs,Veiksmīgs,MARKER_LEAK,lv_macron_consonant
data,nl,B1,778,erfolgreich,veiksmīgs,Veiksmīgs,SAME_AS_LV_CASEFOLD,casefold_only
data,nl,B1,778,erfolgreich,veiksmīgs,Veiksmīgs,LV_DIACRITIC,
data,nl,B1,778,erfolgreich,veiksmīgs,Veiksmīgs,MARKER_LEAK,lv_macron_consonant
data,sl,B1,778,erfolgreich,veiksmīgs,veiksmīgs,SAME_AS_LV_CASEFOLD,exact
data,sl,B1,778,erfolgreich,veiksmīgs,veiksmīgs,LV_DIACRITIC,
data,sl,B1,778,erfolgreich,veiksmīgs,veiksmīgs,MARKER_LEAK,lv_macron_consonant
data,sq,B1,778,erfolgreich,veiksmīgs,Başarılı,MARKER_LEAK,tr_soft
data,bg,B1,778,erfolgreich,veiksmīgs,Успешно,FAMILY_COPY_STRICT,bg+hr+mk+sr
data,hr,B1,778,erfolgreich,veiksmīgs,Успешно,FAMILY_COPY_STRICT,bg+hr+mk+sr
data,mk,B1,778,erfolgreich,veiksmīgs,Успешно,FAMILY_COPY_STRICT,bg+hr+mk+sr
data,sr,B1,778,erfolgreich,veiksmīgs,Успешно,FAMILY_COPY_STRICT,bg+hr+mk+sr
data,fi,B1,778,erfolgreich,veiksmīgs,Edukas,FAMILY_COPY_STRICT,fi+is+nb+nn+sv
data,is,B1,778,erfolgreich,veiksmīgs,Edukas,FAMILY_COPY_STRICT,fi+is+nb+nn+sv
data,nb,B1,778,erfolgreich,veiksmīgs,Edukas,FAMILY_COPY_STRICT,fi+is+nb+nn+sv
data,nn,B1,778,erfolgreich,veiksmīgs,Edukas,FAMILY_COPY_STRICT,fi+is+nb+nn+sv
data,sv,B1,778,erfolgreich,veiksmīgs,Edukas,FAMILY_COPY_STRICT,fi+is+nb+nn+sv
data,it,B1,778,erfolgreich,veiksmīgs,Veiksmīgs,FAMILY_COPY_STRICT,it+nl
data,nl,B1,778,erfolgreich,veiksmīgs,Veiksmīgs,FAMILY_COPY_STRICT,it+nl
data,pl,B1,778,erfolgreich,veiksmīgs,Udany,FAMILY_COPY_STRICT,pl+sk
data,sk,B1,778,erfolgreich,veiksmīgs,Udany,FAMILY_COPY_STRICT,pl+sk
data,sq,B1,778,erfolgreich,veiksmīgs,Başarılı,FAMILY_COPY_STRICT,sq+tr
data,tr,B1,778,erfolgreich,veiksmīgs,Başarılı,FAMILY_COPY_STRICT,sq+tr
data,fi,B1,779,erfordern,prasīt,Nõudma,MARKER_LEAK,et_otilde
data,is,B1,779,erfordern,prasīt,Nõudma,MARKER_LEAK,et_otilde
data,it,B1,779,erfordern,prasīt,Prasīt,SAME_AS_LV_CASEFOLD,casefold_only
data,it,B1,779,erfordern,prasīt,Prasīt,LV_DIACRITIC,
data,it,B1,779,erfordern,prasīt,Prasīt,MARKER_LEAK,lv_macron_consonant
data,lb,B1,779,erfordern,prasīt,Prasīt,SAME_AS_LV_CASEFOLD,casefold_only
data,lb,B1,779,erfordern,prasīt,Prasīt,LV_DIACRITIC,
data,lb,B1,779,erfordern,prasīt,Prasīt,MARKER_LEAK,lv_macron_consonant
data,nb,B1,779,erfordern,prasīt,Nõudma,MARKER_LEAK,et_otilde
data,nl,B1,779,erfordern,prasīt,Prasīt,SAME_AS_LV_CASEFOLD,casefold_only
data,nl,B1,779,erfordern,prasīt,Prasīt,LV_DIACRITIC,
data,nl,B1,779,erfordern,prasīt,Prasīt,MARKER_LEAK,lv_macron_consonant
data,nn,B1,779,erfordern,prasīt,Nõudma,MARKER_LEAK,et_otilde
data,sl,B1,779,erfordern,prasīt,prasīt,SAME_AS_LV_CASEFOLD,exact
data,sl,B1,779,erfordern,prasīt,prasīt,LV_DIACRITIC,
data,sl,B1,779,erfordern,prasīt,prasīt,MARKER_LEAK,lv_macron_consonant
data,sq,B1,779,erfordern,prasīt,İste,MARKER_LEAK,tr_soft
data,sr,B1,779,erfordern,prasīt,Zovi,SCRIPT_MISMATCH,sr_as_cyrillic
data,sr,B1,779,erfordern,prasīt,Zovi,MARKER_LEAK,latin_in_cyrillic
data,sv,B1,779,erfordern,prasīt,Nõudma,MARKER_LEAK,et_otilde
data,fi,B1,779,erfordern,prasīt,Nõudma,FAMILY_COPY_STRICT,fi+is+nb+nn+sv
data,is,B1,779,erfordern,prasīt,Nõudma,FAMILY_COPY_STRICT,fi+is+nb+nn+sv
data,nb,B1,779,erfordern,prasīt,Nõudma,FAMILY_COPY_STRICT,fi+is+nb+nn+sv
data,nn,B1,779,erfordern,prasīt,Nõudma,FAMILY_COPY_STRICT,fi+is+nb+nn+sv
data,sv,B1,779,erfordern,prasīt,Nõudma,FAMILY_COPY_STRICT,fi+is+nb+nn+sv
data,hr,B1,779,erfordern,prasīt,Zovi,FAMILY_COPY_STRICT,hr+sr
data,sr,B1,779,erfordern,prasīt,Zovi,FAMILY_COPY_STRICT,hr+sr
data,it,B1,779,erfordern,prasīt,Prasīt,FAMILY_COPY_STRICT,it+lb+nl
data,lb,B1,779,erfordern,prasīt,Prasīt,FAMILY_COPY_STRICT,it+lb+nl
data,nl,B1,779,erfordern,prasīt,Prasīt,FAMILY_COPY_STRICT,it+lb+nl
data,pl,B1,779,erfordern,prasīt,Poprosić o,FAMILY_COPY_STRICT,pl+sk
data,sk,B1,779,erfordern,prasīt,Poprosić o,FAMILY_COPY_STRICT,pl+sk
data,sq,B1,779,erfordern,prasīt,İste,FAMILY_COPY_STRICT,sq+tr
data,tr,B1,779,erfordern,prasīt,İste,FAMILY_COPY_STRICT,sq+tr
data,fi,B1,780,erfreulich,iepriecinošs,Rõõmustav,MARKER_LEAK,et_otilde
data,hr,B1,780,erfreulich,iepriecinošs,Убаво,SCRIPT_MISMATCH,
data,hr,B1,780,erfreulich,iepriecinošs,Убаво,MARKER_LEAK,foreign_script
data,is,B1,780,erfreulich,iepriecinošs,Rõõmustav,MARKER_LEAK,et_otilde
data,it,B1,780,erfreulich,iepriecinošs,Iepriecinošs,SAME_AS_LV_CASEFOLD,casefold_only
data,it,B1,780,erfreulich,iepriecinošs,Iepriecinošs,LV_DIACRITIC,
data,lb,B1,780,erfreulich,iepriecinošs,Iepriecinošs,SAME_AS_LV_CASEFOLD,casefold_only
data,lb,B1,780,erfreulich,iepriecinošs,Iepriecinošs,LV_DIACRITIC,
data,nb,B1,780,erfreulich,iepriecinošs,Rõõmustav,MARKER_LEAK,et_otilde
data,nl,B1,780,erfreulich,iepriecinošs,Iepriecinošs,SAME_AS_LV_CASEFOLD,casefold_only
data,nl,B1,780,erfreulich,iepriecinošs,Iepriecinošs,LV_DIACRITIC,
data,nn,B1,780,erfreulich,iepriecinošs,Rõõmustav,MARKER_LEAK,et_otilde
data,pt,B1,780,erfreulich,iepriecinošs,Iepriecinošs,SAME_AS_LV_CASEFOLD,casefold_only
data,pt,B1,780,erfreulich,iepriecinošs,Iepriecinošs,LV_DIACRITIC,
data,sl,B1,780,erfreulich,iepriecinošs,iepriecinošs,SAME_AS_LV_CASEFOLD,exact
data,sv,B1,780,erfreulich,iepriecinošs,Rõõmustav,MARKER_LEAK,et_otilde
data,fi,B1,780,erfreulich,iepriecinošs,Rõõmustav,FAMILY_COPY_STRICT,fi+is+nb+nn+sv
data,is,B1,780,erfreulich,iepriecinošs,Rõõmustav,FAMILY_COPY_STRICT,fi+is+nb+nn+sv
data,nb,B1,780,erfreulich,iepriecinošs,Rõõmustav,FAMILY_COPY_STRICT,fi+is+nb+nn+sv
data,nn,B1,780,erfreulich,iepriecinošs,Rõõmustav,FAMILY_COPY_STRICT,fi+is+nb+nn+sv
data,sv,B1,780,erfreulich,iepriecinošs,Rõõmustav,FAMILY_COPY_STRICT,fi+is+nb+nn+sv
data,hr,B1,780,erfreulich,iepriecinošs,Убаво,FAMILY_COPY_STRICT,hr+mk+sr
data,mk,B1,780,erfreulich,iepriecinošs,Убаво,FAMILY_COPY_STRICT,hr+mk+sr
data,sr,B1,780,erfreulich,iepriecinošs,Убаво,FAMILY_COPY_STRICT,hr+mk+sr
data,it,B1,780,erfreulich,iepriecinošs,Iepriecinošs,FAMILY_COPY_STRICT,it+lb+nl+pt
data,lb,B1,780,erfreulich,iepriecinošs,Iepriecinošs,FAMILY_COPY_STRICT,it+lb+nl+pt
data,nl,B1,780,erfreulich,iepriecinošs,Iepriecinošs,FAMILY_COPY_STRICT,it+lb+nl+pt
data,pt,B1,780,erfreulich,iepriecinošs,Iepriecinošs,FAMILY_COPY_STRICT,it+lb+nl+pt
data,hr,B1,781,erfrieren,nosalt,Замразяване,SCRIPT_MISMATCH,
data,hr,B1,781,erfrieren,nosalt,Замразяване,MARKER_LEAK,foreign_script
data,it,B1,781,erfrieren,nosalt,Nosalt,SAME_AS_LV_CASEFOLD,casefold_only
data,lb,B1,781,erfrieren,nosalt,Nosalt,SAME_AS_LV_CASEFOLD,casefold_only
data,nl,B1,781,erfrieren,nosalt,Nosalt,SAME_AS_LV_CASEFOLD,casefold_only
data,sk,B1,781,erfrieren,nosalt,Zamarznąć,MARKER_LEAK,pl_lt_nasal
data,sl,B1,781,erfrieren,nosalt,nosalt,SAME_AS_LV_CASEFOLD,exact
data,bg,B1,781,erfrieren,nosalt,Замразяване,FAMILY_COPY_STRICT,bg+hr+mk+sr
data,hr,B1,781,erfrieren,nosalt,Замразяване,FAMILY_COPY_STRICT,bg+hr+mk+sr
data,mk,B1,781,erfrieren,nosalt,Замразяване,FAMILY_COPY_STRICT,bg+hr+mk+sr
data,sr,B1,781,erfrieren,nosalt,Замразяване,FAMILY_COPY_STRICT,bg+hr+mk+sr
data,fi,B1,781,erfrieren,nosalt,Külmuma,FAMILY_COPY_STRICT,fi+is+nb+nn+sv
data,is,B1,781,erfrieren,nosalt,Külmuma,FAMILY_COPY_STRICT,fi+is+nb+nn+sv
data,nb,B1,781,erfrieren,nosalt,Külmuma,FAMILY_COPY_STRICT,fi+is+nb+nn+sv
data,nn,B1,781,erfrieren,nosalt,Külmuma,FAMILY_COPY_STRICT,fi+is+nb+nn+sv
data,sv,B1,781,erfrieren,nosalt,Külmuma,FAMILY_COPY_STRICT,fi+is+nb+nn+sv
data,it,B1,781,erfrieren,nosalt,Nosalt,FAMILY_COPY_STRICT,it+lb+nl
data,lb,B1,781,erfrieren,nosalt,Nosalt,FAMILY_COPY_STRICT,it+lb+nl
data,nl,B1,781,erfrieren,nosalt,Nosalt,FAMILY_COPY_STRICT,it+lb+nl
data,pl,B1,781,erfrieren,nosalt,Zamarznąć,FAMILY_COPY_STRICT,pl+sk
data,sk,B1,781,erfrieren,nosalt,Zamarznąć,FAMILY_COPY_STRICT,pl+sk
data,sq,B1,781,erfrieren,nosalt,Dondur,FAMILY_COPY_STRICT,sq+tr
data,tr,B1,781,erfrieren,nosalt,Dondur,FAMILY_COPY_STRICT,sq+tr
data,hr,B1,782,erfrischen,atsvaidzināt,Ажурирање,SCRIPT_MISMATCH,
data,hr,B1,782,erfrischen,atsvaidzināt,Ажурирање,MARKER_LEAK,foreign_script
data,it,B1,782,erfrischen,atsvaidzināt,Atsvaidzināt,SAME_AS_LV_CASEFOLD,casefold_only
data,it,B1,782,erfrischen,atsvaidzināt,Atsvaidzināt,LV_DIACRITIC,
data,it,B1,782,erfrischen,atsvaidzināt,Atsvaidzināt,MARKER_LEAK,lv_macron_consonant
data,lb,B1,782,erfrischen,atsvaidzināt,Atsvaidzināt,SAME_AS_LV_CASEFOLD,casefold_only
data,lb,B1,782,erfrischen,atsvaidzināt,Atsvaidzināt,LV_DIACRITIC,
data,lb,B1,782,erfrischen,atsvaidzināt,Atsvaidzināt,MARKER_LEAK,lv_macron_consonant
data,nl,B1,782,erfrischen,atsvaidzināt,Atsvaidzināt,SAME_AS_LV_CASEFOLD,casefold_only
data,nl,B1,782,erfrischen,atsvaidzināt,Atsvaidzināt,LV_DIACRITIC,
data,nl,B1,782,erfrischen,atsvaidzināt,Atsvaidzināt,MARKER_LEAK,lv_macron_consonant
data,sk,B1,782,erfrischen,atsvaidzināt,Odświeżać,MARKER_LEAK,pl_l_s_z
data,sl,B1,782,erfrischen,atsvaidzināt,atsvaidzināt,SAME_AS_LV_CASEFOLD,exact
data,sl,B1,782,erfrischen,atsvaidzināt,atsvaidzināt,LV_DIACRITIC,
data,sl,B1,782,erfrischen,atsvaidzināt,atsvaidzināt,MARKER_LEAK,lv_macron_consonant
data,fi,B1,782,erfrischen,atsvaidzināt,Värskendama,FAMILY_COPY_STRICT,fi+is+nb+nn+sv
data,is,B1,782,erfrischen,atsvaidzināt,Värskendama,FAMILY_COPY_STRICT,fi+is+nb+nn+sv
data,nb,B1,782,erfrischen,atsvaidzināt,Värskendama,FAMILY_COPY_STRICT,fi+is+nb+nn+sv
data,nn,B1,782,erfrischen,atsvaidzināt,Värskendama,FAMILY_COPY_STRICT,fi+is+nb+nn+sv
data,sv,B1,782,erfrischen,atsvaidzināt,Värskendama,FAMILY_COPY_STRICT,fi+is+nb+nn+sv
data,hr,B1,782,erfrischen,atsvaidzināt,Ажурирање,FAMILY_COPY_STRICT,hr+mk+sr
data,mk,B1,782,erfrischen,atsvaidzināt,Ажурирање,FAMILY_COPY_STRICT,hr+mk+sr
data,sr,B1,782,erfrischen,atsvaidzināt,Ажурирање,FAMILY_COPY_STRICT,hr+mk+sr
data,it,B1,782,erfrischen,atsvaidzināt,Atsvaidzināt,FAMILY_COPY_STRICT,it+lb+nl
data,lb,B1,782,erfrischen,atsvaidzināt,Atsvaidzināt,FAMILY_COPY_STRICT,it+lb+nl
data,nl,B1,782,erfrischen,atsvaidzināt,Atsvaidzināt,FAMILY_COPY_STRICT,it+lb+nl
data,pl,B1,782,erfrischen,atsvaidzināt,Odświeżać,FAMILY_COPY_STRICT,pl+sk
data,sk,B1,782,erfrischen,atsvaidzināt,Odświeżać,FAMILY_COPY_STRICT,pl+sk
data,sq,B1,782,erfrischen,atsvaidzināt,Yenile,FAMILY_COPY_STRICT,sq+tr
data,tr,B1,782,erfrischen,atsvaidzināt,Yenile,FAMILY_COPY_STRICT,sq+tr
data,hr,B1,783,sich erfrischen,atspirdzināties,Освежете се,SCRIPT_MISMATCH,
data,hr,B1,783,sich erfrischen,atspirdzināties,Освежете се,MARKER_LEAK,foreign_script
data,it,B1,783,sich erfrischen,atspirdzināties,Atspirdzināties,SAME_AS_LV_CASEFOLD,casefold_only
data,it,B1,783,sich erfrischen,atspirdzināties,Atspirdzināties,LV_DIACRITIC,
data,it,B1,783,sich erfrischen,atspirdzināties,Atspirdzināties,MARKER_LEAK,lv_macron_consonant
data,lb,B1,783,sich erfrischen,atspirdzināties,Atspirdzināties,SAME_AS_LV_CASEFOLD,casefold_only
data,lb,B1,783,sich erfrischen,atspirdzināties,Atspirdzināties,LV_DIACRITIC,
data,lb,B1,783,sich erfrischen,atspirdzināties,Atspirdzināties,MARKER_LEAK,lv_macron_consonant
data,nl,B1,783,sich erfrischen,atspirdzināties,Atspirdzināties,SAME_AS_LV_CASEFOLD,casefold_only
data,nl,B1,783,sich erfrischen,atspirdzināties,Atspirdzināties,LV_DIACRITIC,
data,nl,B1,783,sich erfrischen,atspirdzināties,Atspirdzināties,MARKER_LEAK,lv_macron_consonant
data,pt,B1,783,sich erfrischen,atspirdzināties,Atspirdzināties,SAME_AS_LV_CASEFOLD,casefold_only
data,pt,B1,783,sich erfrischen,atspirdzināties,Atspirdzināties,LV_DIACRITIC,
data,pt,B1,783,sich erfrischen,atspirdzināties,Atspirdzināties,MARKER_LEAK,lv_macron_consonant
data,sl,B1,783,sich erfrischen,atspirdzināties,atspirdzināties,SAME_AS_LV_CASEFOLD,exact
data,sl,B1,783,sich erfrischen,atspirdzināties,atspirdzināties,LV_DIACRITIC,
data,sl,B1,783,sich erfrischen,atspirdzināties,atspirdzināties,MARKER_LEAK,lv_macron_consonant
data,bg,B1,783,sich erfrischen,atspirdzināties,Освежете се,FAMILY_COPY_STRICT,bg+hr+mk+sr
data,hr,B1,783,sich erfrischen,atspirdzināties,Освежете се,FAMILY_COPY_STRICT,bg+hr+mk+sr
data,mk,B1,783,sich erfrischen,atspirdzināties,Освежете се,FAMILY_COPY_STRICT,bg+hr+mk+sr
data,sr,B1,783,sich erfrischen,atspirdzināties,Освежете се,FAMILY_COPY_STRICT,bg+hr+mk+sr
data,fi,B1,783,sich erfrischen,atspirdzināties,End värskendama,FAMILY_COPY_STRICT,fi+is+nb+nn+sv
data,is,B1,783,sich erfrischen,atspirdzināties,End värskendama,FAMILY_COPY_STRICT,fi+is+nb+nn+sv
data,nb,B1,783,sich erfrischen,atspirdzināties,End värskendama,FAMILY_COPY_STRICT,fi+is+nb+nn+sv
data,nn,B1,783,sich erfrischen,atspirdzināties,End värskendama,FAMILY_COPY_STRICT,fi+is+nb+nn+sv
data,sv,B1,783,sich erfrischen,atspirdzināties,End värskendama,FAMILY_COPY_STRICT,fi+is+nb+nn+sv
data,it,B1,783,sich erfrischen,atspirdzināties,Atspirdzināties,FAMILY_COPY_STRICT,it+lb+nl+pt
data,lb,B1,783,sich erfrischen,atspirdzināties,Atspirdzināties,FAMILY_COPY_STRICT,it+lb+nl+pt
data,nl,B1,783,sich erfrischen,atspirdzināties,Atspirdzināties,FAMILY_COPY_STRICT,it+lb+nl+pt
data,pt,B1,783,sich erfrischen,atspirdzināties,Atspirdzināties,FAMILY_COPY_STRICT,it+lb+nl+pt
data,sq,B1,783,sich erfrischen,atspirdzināties,Tazelen,FAMILY_COPY_STRICT,sq+tr
data,tr,B1,783,sich erfrischen,atspirdzināties,Tazelen,FAMILY_COPY_STRICT,sq+tr
data,hr,B1,784,erfüllen,izpildīt,Изпълнение,SCRIPT_MISMATCH,
data,hr,B1,784,erfüllen,izpildīt,Изпълнение,MARKER_LEAK,foreign_script
data,it,B1,784,erfüllen,izpildīt,Izpildīt,SAME_AS_LV_CASEFOLD,casefold_only
data,it,B1,784,erfüllen,izpildīt,Izpildīt,LV_DIACRITIC,
data,it,B1,784,erfüllen,izpildīt,Izpildīt,MARKER_LEAK,lv_macron_consonant
data,lb,B1,784,erfüllen,izpildīt,Izpildīt,SAME_AS_LV_CASEFOLD,casefold_only
data,lb,B1,784,erfüllen,izpildīt,Izpildīt,LV_DIACRITIC,
data,lb,B1,784,erfüllen,izpildīt,Izpildīt,MARKER_LEAK,lv_macron_consonant
data,nl,B1,784,erfüllen,izpildīt,Izpildīt,SAME_AS_LV_CASEFOLD,casefold_only
data,nl,B1,784,erfüllen,izpildīt,Izpildīt,LV_DIACRITIC,
data,nl,B1,784,erfüllen,izpildīt,Izpildīt,MARKER_LEAK,lv_macron_consonant
data,sl,B1,784,erfüllen,izpildīt,izpildīt,SAME_AS_LV_CASEFOLD,exact
data,sl,B1,784,erfüllen,izpildīt,izpildīt,LV_DIACRITIC,
data,sl,B1,784,erfüllen,izpildīt,izpildīt,MARKER_LEAK,lv_macron_consonant
data,bg,B1,784,erfüllen,izpildīt,Изпълнение,FAMILY_COPY_STRICT,bg+hr+mk+sr
data,hr,B1,784,erfüllen,izpildīt,Изпълнение,FAMILY_COPY_STRICT,bg+hr+mk+sr
data,mk,B1,784,erfüllen,izpildīt,Изпълнение,FAMILY_COPY_STRICT,bg+hr+mk+sr
data,sr,B1,784,erfüllen,izpildīt,Изпълнение,FAMILY_COPY_STRICT,bg+hr+mk+sr
data,fi,B1,784,erfüllen,izpildīt,Täitma,FAMILY_COPY_STRICT,fi+is+nb+nn+sv
data,is,B1,784,erfüllen,izpildīt,Täitma,FAMILY_COPY_STRICT,fi+is+nb+nn+sv
data,nb,B1,784,erfüllen,izpildīt,Täitma,FAMILY_COPY_STRICT,fi+is+nb+nn+sv
data,nn,B1,784,erfüllen,izpildīt,Täitma,FAMILY_COPY_STRICT,fi+is+nb+nn+sv
data,sv,B1,784,erfüllen,izpildīt,Täitma,FAMILY_COPY_STRICT,fi+is+nb+nn+sv
data,it,B1,784,erfüllen,izpildīt,Izpildīt,FAMILY_COPY_STRICT,it+lb+nl
data,lb,B1,784,erfüllen,izpildīt,Izpildīt,FAMILY_COPY_STRICT,it+lb+nl
data,nl,B1,784,erfüllen,izpildīt,Izpildīt,FAMILY_COPY_STRICT,it+lb+nl
data,pl,B1,784,erfüllen,izpildīt,Wykonać,FAMILY_COPY_STRICT,pl+sk
data,sk,B1,784,erfüllen,izpildīt,Wykonać,FAMILY_COPY_STRICT,pl+sk
data,sq,B1,784,erfüllen,izpildīt,Rol yapmak,FAMILY_COPY_STRICT,sq+tr
data,tr,B1,784,erfüllen,izpildīt,Rol yapmak,FAMILY_COPY_STRICT,sq+tr
data,hr,B1,785,sich erfüllen,piepildīties,Изпълнение,SCRIPT_MISMATCH,
data,hr,B1,785,sich erfüllen,piepildīties,Изпълнение,MARKER_LEAK,foreign_script
data,it,B1,785,sich erfüllen,piepildīties,Piepildīties,SAME_AS_LV_CASEFOLD,casefold_only
data,it,B1,785,sich erfüllen,piepildīties,Piepildīties,LV_DIACRITIC,
data,it,B1,785,sich erfüllen,piepildīties,Piepildīties,MARKER_LEAK,lv_macron_consonant
data,lb,B1,785,sich erfüllen,piepildīties,Piepildīties,SAME_AS_LV_CASEFOLD,casefold_only
data,lb,B1,785,sich erfüllen,piepildīties,Piepildīties,LV_DIACRITIC,
data,lb,B1,785,sich erfüllen,piepildīties,Piepildīties,MARKER_LEAK,lv_macron_consonant
data,nl,B1,785,sich erfüllen,piepildīties,Piepildīties,SAME_AS_LV_CASEFOLD,casefold_only
data,nl,B1,785,sich erfüllen,piepildīties,Piepildīties,LV_DIACRITIC,
data,nl,B1,785,sich erfüllen,piepildīties,Piepildīties,MARKER_LEAK,lv_macron_consonant
data,sk,B1,785,sich erfüllen,piepildīties,Spełnić,MARKER_LEAK,pl_l_s_z
data,sl,B1,785,sich erfüllen,piepildīties,piepildīties,SAME_AS_LV_CASEFOLD,exact
data,sl,B1,785,sich erfüllen,piepildīties,piepildīties,LV_DIACRITIC,
data,sl,B1,785,sich erfüllen,piepildīties,piepildīties,MARKER_LEAK,lv_macron_consonant
data,bg,B1,785,sich erfüllen,piepildīties,Изпълнение,FAMILY_COPY_STRICT,bg+hr+mk+sr
data,hr,B1,785,sich erfüllen,piepildīties,Изпълнение,FAMILY_COPY_STRICT,bg+hr+mk+sr
data,mk,B1,785,sich erfüllen,piepildīties,Изпълнение,FAMILY_COPY_STRICT,bg+hr+mk+sr
data,sr,B1,785,sich erfüllen,piepildīties,Изпълнение,FAMILY_COPY_STRICT,bg+hr+mk+sr
data,fi,B1,785,sich erfüllen,piepildīties,Täituma,FAMILY_COPY_STRICT,fi+is+nb+nn+sv
data,is,B1,785,sich erfüllen,piepildīties,Täituma,FAMILY_COPY_STRICT,fi+is+nb+nn+sv
data,nb,B1,785,sich erfüllen,piepildīties,Täituma,FAMILY_COPY_STRICT,fi+is+nb+nn+sv
data,nn,B1,785,sich erfüllen,piepildīties,Täituma,FAMILY_COPY_STRICT,fi+is+nb+nn+sv
data,sv,B1,785,sich erfüllen,piepildīties,Täituma,FAMILY_COPY_STRICT,fi+is+nb+nn+sv
data,it,B1,785,sich erfüllen,piepildīties,Piepildīties,FAMILY_COPY_STRICT,it+lb+nl
data,lb,B1,785,sich erfüllen,piepildīties,Piepildīties,FAMILY_COPY_STRICT,it+lb+nl
data,nl,B1,785,sich erfüllen,piepildīties,Piepildīties,FAMILY_COPY_STRICT,it+lb+nl
data,pl,B1,785,sich erfüllen,piepildīties,Spełnić,FAMILY_COPY_STRICT,pl+sk
data,sk,B1,785,sich erfüllen,piepildīties,Spełnić,FAMILY_COPY_STRICT,pl+sk
data,sq,B1,785,sich erfüllen,piepildīties,Yerine getirmek,FAMILY_COPY_STRICT,sq+tr
data,tr,B1,785,sich erfüllen,piepildīties,Yerine getirmek,FAMILY_COPY_STRICT,sq+tr
data,hr,B1,786,ergänzen,papildināt,Добавка,SCRIPT_MISMATCH,
data,hr,B1,786,ergänzen,papildināt,Добавка,MARKER_LEAK,foreign_script
data,it,B1,786,ergänzen,papildināt,Papildināt,SAME_AS_LV_CASEFOLD,casefold_only
data,it,B1,786,ergänzen,papildināt,Papildināt,LV_DIACRITIC,
data,it,B1,786,ergänzen,papildināt,Papildināt,MARKER_LEAK,lv_macron_consonant
data,lb,B1,786,ergänzen,papildināt,Papildināt,SAME_AS_LV_CASEFOLD,casefold_only
data,lb,B1,786,ergänzen,papildināt,Papildināt,LV_DIACRITIC,
data,lb,B1,786,ergänzen,papildināt,Papildināt,MARKER_LEAK,lv_macron_consonant
data,nl,B1,786,ergänzen,papildināt,Papildināt,SAME_AS_LV_CASEFOLD,casefold_only
data,nl,B1,786,ergänzen,papildināt,Papildināt,LV_DIACRITIC,
data,nl,B1,786,ergänzen,papildināt,Papildināt,MARKER_LEAK,lv_macron_consonant
data,sk,B1,786,ergänzen,papildināt,Uzupełnić,MARKER_LEAK,pl_l_s_z
data,sl,B1,786,ergänzen,papildināt,papildināt,SAME_AS_LV_CASEFOLD,exact
data,sl,B1,786,ergänzen,papildināt,papildināt,LV_DIACRITIC,
data,sl,B1,786,ergänzen,papildināt,papildināt,MARKER_LEAK,lv_macron_consonant
data,sq,B1,786,ergänzen,papildināt,İkmal et,MARKER_LEAK,tr_soft
data,bg,B1,786,ergänzen,papildināt,Добавка,FAMILY_COPY_STRICT,bg+hr+mk+sr
data,hr,B1,786,ergänzen,papildināt,Добавка,FAMILY_COPY_STRICT,bg+hr+mk+sr
data,mk,B1,786,ergänzen,papildināt,Добавка,FAMILY_COPY_STRICT,bg+hr+mk+sr
data,sr,B1,786,ergänzen,papildināt,Добавка,FAMILY_COPY_STRICT,bg+hr+mk+sr
data,fi,B1,786,ergänzen,papildināt,Täiendama,FAMILY_COPY_STRICT,fi+is+nb+nn+sv
data,is,B1,786,ergänzen,papildināt,Täiendama,FAMILY_COPY_STRICT,fi+is+nb+nn+sv
data,nb,B1,786,ergänzen,papildināt,Täiendama,FAMILY_COPY_STRICT,fi+is+nb+nn+sv
data,nn,B1,786,ergänzen,papildināt,Täiendama,FAMILY_COPY_STRICT,fi+is+nb+nn+sv
data,sv,B1,786,ergänzen,papildināt,Täiendama,FAMILY_COPY_STRICT,fi+is+nb+nn+sv
data,it,B1,786,ergänzen,papildināt,Papildināt,FAMILY_COPY_STRICT,it+lb+nl
data,lb,B1,786,ergänzen,papildināt,Papildināt,FAMILY_COPY_STRICT,it+lb+nl
data,nl,B1,786,ergänzen,papildināt,Papildināt,FAMILY_COPY_STRICT,it+lb+nl
data,pl,B1,786,ergänzen,papildināt,Uzupełnić,FAMILY_COPY_STRICT,pl+sk
data,sk,B1,786,ergänzen,papildināt,Uzupełnić,FAMILY_COPY_STRICT,pl+sk
data,sq,B1,786,ergänzen,papildināt,İkmal et,FAMILY_COPY_STRICT,sq+tr
data,tr,B1,786,ergänzen,papildināt,İkmal et,FAMILY_COPY_STRICT,sq+tr
data,hr,B1,787,Ergebnis,rezultāts,Резултат,SCRIPT_MISMATCH,
data,hr,B1,787,Ergebnis,rezultāts,Резултат,MARKER_LEAK,foreign_script
data,it,B1,787,Ergebnis,rezultāts,Rezultāts,SAME_AS_LV_CASEFOLD,casefold_only
data,it,B1,787,Ergebnis,rezultāts,Rezultāts,LV_DIACRITIC,
data,it,B1,787,Ergebnis,rezultāts,Rezultāts,MARKER_LEAK,lv_macron_consonant
data,lb,B1,787,Ergebnis,rezultāts,Rezultāts,SAME_AS_LV_CASEFOLD,casefold_only
data,lb,B1,787,Ergebnis,rezultāts,Rezultāts,LV_DIACRITIC,
data,lb,B1,787,Ergebnis,rezultāts,Rezultāts,MARKER_LEAK,lv_macron_consonant
data,nl,B1,787,Ergebnis,rezultāts,Rezultāts,SAME_AS_LV_CASEFOLD,casefold_only
data,nl,B1,787,Ergebnis,rezultāts,Rezultāts,LV_DIACRITIC,
data,nl,B1,787,Ergebnis,rezultāts,Rezultāts,MARKER_LEAK,lv_macron_consonant
data,sl,B1,787,Ergebnis,rezultāts,rezultāts,SAME_AS_LV_CASEFOLD,exact
data,sl,B1,787,Ergebnis,rezultāts,rezultāts,LV_DIACRITIC,
data,sl,B1,787,Ergebnis,rezultāts,rezultāts,MARKER_LEAK,lv_macron_consonant
data,bg,B1,787,Ergebnis,rezultāts,Резултат,FAMILY_COPY_STRICT,bg+hr+mk+sr
data,hr,B1,787,Ergebnis,rezultāts,Резултат,FAMILY_COPY_STRICT,bg+hr+mk+sr
data,mk,B1,787,Ergebnis,rezultāts,Резултат,FAMILY_COPY_STRICT,bg+hr+mk+sr
data,sr,B1,787,Ergebnis,rezultāts,Резултат,FAMILY_COPY_STRICT,bg+hr+mk+sr
data,bs,B1,787,Ergebnis,rezultāts,Rezultat,FAMILY_COPY_STRICT,bs+ro
data,ro,B1,787,Ergebnis,rezultāts,Rezultat,FAMILY_COPY_STRICT,bs+ro
data,fi,B1,787,Ergebnis,rezultāts,Tulemus,FAMILY_COPY_STRICT,fi+is+nb+nn+sv
data,is,B1,787,Ergebnis,rezultāts,Tulemus,FAMILY_COPY_STRICT,fi+is+nb+nn+sv
data,nb,B1,787,Ergebnis,rezultāts,Tulemus,FAMILY_COPY_STRICT,fi+is+nb+nn+sv
data,nn,B1,787,Ergebnis,rezultāts,Tulemus,FAMILY_COPY_STRICT,fi+is+nb+nn+sv
data,sv,B1,787,Ergebnis,rezultāts,Tulemus,FAMILY_COPY_STRICT,fi+is+nb+nn+sv
data,it,B1,787,Ergebnis,rezultāts,Rezultāts,FAMILY_COPY_STRICT,it+lb+nl
data,lb,B1,787,Ergebnis,rezultāts,Rezultāts,FAMILY_COPY_STRICT,it+lb+nl
data,nl,B1,787,Ergebnis,rezultāts,Rezultāts,FAMILY_COPY_STRICT,it+lb+nl
data,pl,B1,787,Ergebnis,rezultāts,Wynik,FAMILY_COPY_STRICT,pl+sk+sq+tr
data,sk,B1,787,Ergebnis,rezultāts,Wynik,FAMILY_COPY_STRICT,pl+sk+sq+tr
data,sq,B1,787,Ergebnis,rezultāts,Wynik,FAMILY_COPY_STRICT,pl+sk+sq+tr
data,tr,B1,787,Ergebnis,rezultāts,Wynik,FAMILY_COPY_STRICT,pl+sk+sq+tr
data,hr,B1,788,ergreifen,satvert,Грабнете,SCRIPT_MISMATCH,
data,hr,B1,788,ergreifen,satvert,Грабнете,MARKER_LEAK,foreign_script
data,it,B1,788,ergreifen,satvert,Satvert,SAME_AS_LV_CASEFOLD,casefold_only
data,nl,B1,788,ergreifen,satvert,Satvert,SAME_AS_LV_CASEFOLD,casefold_only
data,sl,B1,788,ergreifen,satvert,satvert,SAME_AS_LV_CASEFOLD,exact
data,bg,B1,788,ergreifen,satvert,Грабнете,FAMILY_COPY_STRICT,bg+hr+mk+sr
data,hr,B1,788,ergreifen,satvert,Грабнете,FAMILY_COPY_STRICT,bg+hr+mk+sr
data,mk,B1,788,ergreifen,satvert,Грабнете,FAMILY_COPY_STRICT,bg+hr+mk+sr
data,sr,B1,788,ergreifen,satvert,Грабнете,FAMILY_COPY_STRICT,bg+hr+mk+sr
data,fi,B1,788,ergreifen,satvert,Haarama,FAMILY_COPY_STRICT,fi+is+nb+nn+sv
data,is,B1,788,ergreifen,satvert,Haarama,FAMILY_COPY_STRICT,fi+is+nb+nn+sv
data,nb,B1,788,ergreifen,satvert,Haarama,FAMILY_COPY_STRICT,fi+is+nb+nn+sv
data,nn,B1,788,ergreifen,satvert,Haarama,FAMILY_COPY_STRICT,fi+is+nb+nn+sv
data,sv,B1,788,ergreifen,satvert,Haarama,FAMILY_COPY_STRICT,fi+is+nb+nn+sv
data,it,B1,788,ergreifen,satvert,Satvert,FAMILY_COPY_STRICT,it+nl
data,nl,B1,788,ergreifen,satvert,Satvert,FAMILY_COPY_STRICT,it+nl
data,pl,B1,788,ergreifen,satvert,Uchwycić,FAMILY_COPY_STRICT,pl+sk
data,sk,B1,788,ergreifen,satvert,Uchwycić,FAMILY_COPY_STRICT,pl+sk
data,sq,B1,788,ergreifen,satvert,Esir almak,FAMILY_COPY_STRICT,sq+tr
data,tr,B1,788,ergreifen,satvert,Esir almak,FAMILY_COPY_STRICT,sq+tr
data,hr,B1,789,erhalten,saņemt,Добијте го,SCRIPT_MISMATCH,
data,hr,B1,789,erhalten,saņemt,Добијте го,MARKER_LEAK,foreign_script
data,it,B1,789,erhalten,saņemt,Saņemt,SAME_AS_LV_CASEFOLD,casefold_only
data,it,B1,789,erhalten,saņemt,Saņemt,LV_DIACRITIC,
data,it,B1,789,erhalten,saņemt,Saņemt,MARKER_LEAK,lv_macron_consonant
data,nl,B1,789,erhalten,saņemt,Saņemt,SAME_AS_LV_CASEFOLD,casefold_only
data,nl,B1,789,erhalten,saņemt,Saņemt,LV_DIACRITIC,
data,nl,B1,789,erhalten,saņemt,Saņemt,MARKER_LEAK,lv_macron_consonant
data,sl,B1,789,erhalten,saņemt,saņemt,SAME_AS_LV_CASEFOLD,exact
data,sl,B1,789,erhalten,saņemt,saņemt,LV_DIACRITIC,
data,sl,B1,789,erhalten,saņemt,saņemt,MARKER_LEAK,lv_macron_consonant
data,fi,B1,789,erhalten,saņemt,Saama,FAMILY_COPY_STRICT,fi+is+nb+nn+sv
data,is,B1,789,erhalten,saņemt,Saama,FAMILY_COPY_STRICT,fi+is+nb+nn+sv
data,nb,B1,789,erhalten,saņemt,Saama,FAMILY_COPY_STRICT,fi+is+nb+nn+sv
data,nn,B1,789,erhalten,saņemt,Saama,FAMILY_COPY_STRICT,fi+is+nb+nn+sv
data,sv,B1,789,erhalten,saņemt,Saama,FAMILY_COPY_STRICT,fi+is+nb+nn+sv
data,hr,B1,789,erhalten,saņemt,Добијте го,FAMILY_COPY_STRICT,hr+mk+sr
data,mk,B1,789,erhalten,saņemt,Добијте го,FAMILY_COPY_STRICT,hr+mk+sr
data,sr,B1,789,erhalten,saņemt,Добијте го,FAMILY_COPY_STRICT,hr+mk+sr
data,it,B1,789,erhalten,saņemt,Saņemt,FAMILY_COPY_STRICT,it+nl
data,nl,B1,789,erhalten,saņemt,Saņemt,FAMILY_COPY_STRICT,it+nl
data,hr,B1,790,sich erhalten,saglabāties,Запазване,SCRIPT_MISMATCH,
data,hr,B1,790,sich erhalten,saglabāties,Запазване,MARKER_LEAK,foreign_script
data,it,B1,790,sich erhalten,saglabāties,Saglabāties,SAME_AS_LV_CASEFOLD,casefold_only
data,it,B1,790,sich erhalten,saglabāties,Saglabāties,LV_DIACRITIC,
data,it,B1,790,sich erhalten,saglabāties,Saglabāties,MARKER_LEAK,lv_macron_consonant
data,lb,B1,790,sich erhalten,saglabāties,Saglabāties,SAME_AS_LV_CASEFOLD,casefold_only
data,lb,B1,790,sich erhalten,saglabāties,Saglabāties,LV_DIACRITIC,
data,lb,B1,790,sich erhalten,saglabāties,Saglabāties,MARKER_LEAK,lv_macron_consonant
data,nl,B1,790,sich erhalten,saglabāties,Saglabāties,SAME_AS_LV_CASEFOLD,casefold_only
data,nl,B1,790,sich erhalten,saglabāties,Saglabāties,LV_DIACRITIC,
data,nl,B1,790,sich erhalten,saglabāties,Saglabāties,MARKER_LEAK,lv_macron_consonant
data,sl,B1,790,sich erhalten,saglabāties,saglabāties,SAME_AS_LV_CASEFOLD,exact
data,sl,B1,790,sich erhalten,saglabāties,saglabāties,LV_DIACRITIC,
data,sl,B1,790,sich erhalten,saglabāties,saglabāties,MARKER_LEAK,lv_macron_consonant
data,bg,B1,790,sich erhalten,saglabāties,Запазване,FAMILY_COPY_STRICT,bg+hr+mk+sr
data,hr,B1,790,sich erhalten,saglabāties,Запазване,FAMILY_COPY_STRICT,bg+hr+mk+sr
data,mk,B1,790,sich erhalten,saglabāties,Запазване,FAMILY_COPY_STRICT,bg+hr+mk+sr
data,sr,B1,790,sich erhalten,saglabāties,Запазване,FAMILY_COPY_STRICT,bg+hr+mk+sr
data,fi,B1,790,sich erhalten,saglabāties,Säilima,FAMILY_COPY_STRICT,fi+is+nb+nn+sv
data,is,B1,790,sich erhalten,saglabāties,Säilima,FAMILY_COPY_STRICT,fi+is+nb+nn+sv
data,nb,B1,790,sich erhalten,saglabāties,Säilima,FAMILY_COPY_STRICT,fi+is+nb+nn+sv
data,nn,B1,790,sich erhalten,saglabāties,Säilima,FAMILY_COPY_STRICT,fi+is+nb+nn+sv
data,sv,B1,790,sich erhalten,saglabāties,Säilima,FAMILY_COPY_STRICT,fi+is+nb+nn+sv
data,it,B1,790,sich erhalten,saglabāties,Saglabāties,FAMILY_COPY_STRICT,it+lb+nl
data,lb,B1,790,sich erhalten,saglabāties,Saglabāties,FAMILY_COPY_STRICT,it+lb+nl
data,nl,B1,790,sich erhalten,saglabāties,Saglabāties,FAMILY_COPY_STRICT,it+lb+nl
data,sq,B1,790,sich erhalten,saglabāties,Kale,FAMILY_COPY_STRICT,sq+tr
data,tr,B1,790,sich erhalten,saglabāties,Kale,FAMILY_COPY_STRICT,sq+tr
data,hr,B1,791,erhitzen,sakarsēt,Топлина,SCRIPT_MISMATCH,
data,hr,B1,791,erhitzen,sakarsēt,Топлина,MARKER_LEAK,foreign_script
data,it,B1,791,erhitzen,sakarsēt,Sakarsēt,SAME_AS_LV_CASEFOLD,casefold_only
data,it,B1,791,erhitzen,sakarsēt,Sakarsēt,LV_DIACRITIC,
data,it,B1,791,erhitzen,sakarsēt,Sakarsēt,MARKER_LEAK,lv_macron_consonant
data,lb,B1,791,erhitzen,sakarsēt,Sakarsēt,SAME_AS_LV_CASEFOLD,casefold_only
data,lb,B1,791,erhitzen,sakarsēt,Sakarsēt,LV_DIACRITIC,
data,lb,B1,791,erhitzen,sakarsēt,Sakarsēt,MARKER_LEAK,lv_macron_consonant
data,nl,B1,791,erhitzen,sakarsēt,Sakarsēt,SAME_AS_LV_CASEFOLD,casefold_only
data,nl,B1,791,erhitzen,sakarsēt,Sakarsēt,LV_DIACRITIC,
data,nl,B1,791,erhitzen,sakarsēt,Sakarsēt,MARKER_LEAK,lv_macron_consonant
data,sl,B1,791,erhitzen,sakarsēt,sakarsēt,SAME_AS_LV_CASEFOLD,exact
data,sl,B1,791,erhitzen,sakarsēt,sakarsēt,LV_DIACRITIC,
data,sl,B1,791,erhitzen,sakarsēt,sakarsēt,MARKER_LEAK,lv_macron_consonant
data,sq,B1,791,erhitzen,sakarsēt,Isınma,MARKER_LEAK,tr_soft
data,bg,B1,791,erhitzen,sakarsēt,Топлина,FAMILY_COPY_STRICT,bg+hr+mk+sr
data,hr,B1,791,erhitzen,sakarsēt,Топлина,FAMILY_COPY_STRICT,bg+hr+mk+sr
data,mk,B1,791,erhitzen,sakarsēt,Топлина,FAMILY_COPY_STRICT,bg+hr+mk+sr
data,sr,B1,791,erhitzen,sakarsēt,Топлина,FAMILY_COPY_STRICT,bg+hr+mk+sr
data,fi,B1,791,erhitzen,sakarsēt,Kuumaks tegema,FAMILY_COPY_STRICT,fi+is+nb+nn+sv
data,is,B1,791,erhitzen,sakarsēt,Kuumaks tegema,FAMILY_COPY_STRICT,fi+is+nb+nn+sv
data,nb,B1,791,erhitzen,sakarsēt,Kuumaks tegema,FAMILY_COPY_STRICT,fi+is+nb+nn+sv
data,nn,B1,791,erhitzen,sakarsēt,Kuumaks tegema,FAMILY_COPY_STRICT,fi+is+nb+nn+sv
data,sv,B1,791,erhitzen,sakarsēt,Kuumaks tegema,FAMILY_COPY_STRICT,fi+is+nb+nn+sv
data,it,B1,791,erhitzen,sakarsēt,Sakarsēt,FAMILY_COPY_STRICT,it+lb+nl
data,lb,B1,791,erhitzen,sakarsēt,Sakarsēt,FAMILY_COPY_STRICT,it+lb+nl
data,nl,B1,791,erhitzen,sakarsēt,Sakarsēt,FAMILY_COPY_STRICT,it+lb+nl
data,sq,B1,791,erhitzen,sakarsēt,Isınma,FAMILY_COPY_STRICT,sq+tr
data,tr,B1,791,erhitzen,sakarsēt,Isınma,FAMILY_COPY_STRICT,sq+tr
data,hr,B1,792,sich erhitzen,sakarst,Топлина,SCRIPT_MISMATCH,
data,hr,B1,792,sich erhitzen,sakarst,Топлина,MARKER_LEAK,foreign_script
data,it,B1,792,sich erhitzen,sakarst,Sakarst,SAME_AS_LV_CASEFOLD,casefold_only
data,nl,B1,792,sich erhitzen,sakarst,Sakarst,SAME_AS_LV_CASEFOLD,casefold_only
data,pt,B1,792,sich erhitzen,sakarst,Sakarst,SAME_AS_LV_CASEFOLD,casefold_only
data,sl,B1,792,sich erhitzen,sakarst,sakarst,SAME_AS_LV_CASEFOLD,exact
data,sq,B1,792,sich erhitzen,sakarst,Isınma,MARKER_LEAK,tr_soft
data,bg,B1,792,sich erhitzen,sakarst,Топлина,FAMILY_COPY_STRICT,bg+hr+mk+sr
data,hr,B1,792,sich erhitzen,sakarst,Топлина,FAMILY_COPY_STRICT,bg+hr+mk+sr
data,mk,B1,792,sich erhitzen,sakarst,Топлина,FAMILY_COPY_STRICT,bg+hr+mk+sr
data,sr,B1,792,sich erhitzen,sakarst,Топлина,FAMILY_COPY_STRICT,bg+hr+mk+sr
data,fi,B1,792,sich erhitzen,sakarst,Kuumenema,FAMILY_COPY_STRICT,fi+is+nb+nn+sv
data,is,B1,792,sich erhitzen,sakarst,Kuumenema,FAMILY_COPY_STRICT,fi+is+nb+nn+sv
data,nb,B1,792,sich erhitzen,sakarst,Kuumenema,FAMILY_COPY_STRICT,fi+is+nb+nn+sv
data,nn,B1,792,sich erhitzen,sakarst,Kuumenema,FAMILY_COPY_STRICT,fi+is+nb+nn+sv
data,sv,B1,792,sich erhitzen,sakarst,Kuumenema,FAMILY_COPY_STRICT,fi+is+nb+nn+sv
data,it,B1,792,sich erhitzen,sakarst,Sakarst,FAMILY_COPY_STRICT,it+nl+pt
data,nl,B1,792,sich erhitzen,sakarst,Sakarst,FAMILY_COPY_STRICT,it+nl+pt
data,pt,B1,792,sich erhitzen,sakarst,Sakarst,FAMILY_COPY_STRICT,it+nl+pt
data,pl,B1,792,sich erhitzen,sakarst,Podgrzać,FAMILY_COPY_STRICT,pl+sk
data,sk,B1,792,sich erhitzen,sakarst,Podgrzać,FAMILY_COPY_STRICT,pl+sk
data,sq,B1,792,sich erhitzen,sakarst,Isınma,FAMILY_COPY_STRICT,sq+tr
data,tr,B1,792,sich erhitzen,sakarst,Isınma,FAMILY_COPY_STRICT,sq+tr
data,fi,B1,793,erhöhen,paaugstināt,Tõstma,MARKER_LEAK,et_otilde
data,hr,B1,793,erhöhen,paaugstināt,Асансьор,SCRIPT_MISMATCH,
data,hr,B1,793,erhöhen,paaugstināt,Асансьор,MARKER_LEAK,foreign_script
data,it,B1,793,erhöhen,paaugstināt,Paaugstināt,SAME_AS_LV_CASEFOLD,casefold_only
data,it,B1,793,erhöhen,paaugstināt,Paaugstināt,LV_DIACRITIC,
data,it,B1,793,erhöhen,paaugstināt,Paaugstināt,MARKER_LEAK,lv_macron_consonant
data,lb,B1,793,erhöhen,paaugstināt,Paaugstināt,SAME_AS_LV_CASEFOLD,casefold_only
data,lb,B1,793,erhöhen,paaugstināt,Paaugstināt,LV_DIACRITIC,
data,lb,B1,793,erhöhen,paaugstināt,Paaugstināt,MARKER_LEAK,lv_macron_consonant
data,nl,B1,793,erhöhen,paaugstināt,Paaugstināt,SAME_AS_LV_CASEFOLD,casefold_only
data,nl,B1,793,erhöhen,paaugstināt,Paaugstināt,LV_DIACRITIC,
data,nl,B1,793,erhöhen,paaugstināt,Paaugstināt,MARKER_LEAK,lv_macron_consonant
data,sl,B1,793,erhöhen,paaugstināt,paaugstināt,SAME_AS_LV_CASEFOLD,exact
data,sl,B1,793,erhöhen,paaugstināt,paaugstināt,LV_DIACRITIC,
data,sl,B1,793,erhöhen,paaugstināt,paaugstināt,MARKER_LEAK,lv_macron_consonant
data,sv,B1,793,erhöhen,paaugstināt,Tõstma,MARKER_LEAK,et_otilde
data,bg,B1,793,erhöhen,paaugstināt,Асансьор,FAMILY_COPY_STRICT,bg+hr+mk+sr
data,hr,B1,793,erhöhen,paaugstināt,Асансьор,FAMILY_COPY_STRICT,bg+hr+mk+sr
data,mk,B1,793,erhöhen,paaugstināt,Асансьор,FAMILY_COPY_STRICT,bg+hr+mk+sr
data,sr,B1,793,erhöhen,paaugstināt,Асансьор,FAMILY_COPY_STRICT,bg+hr+mk+sr
data,fi,B1,793,erhöhen,paaugstināt,Tõstma,FAMILY_COPY_STRICT,fi+sv
data,sv,B1,793,erhöhen,paaugstināt,Tõstma,FAMILY_COPY_STRICT,fi+sv
data,is,B1,793,erhöhen,paaugstināt,Hoste,FAMILY_COPY_STRICT,is+nb+nn
data,nb,B1,793,erhöhen,paaugstināt,Hoste,FAMILY_COPY_STRICT,is+nb+nn
data,nn,B1,793,erhöhen,paaugstināt,Hoste,FAMILY_COPY_STRICT,is+nb+nn
data,it,B1,793,erhöhen,paaugstināt,Paaugstināt,FAMILY_COPY_STRICT,it+lb+nl
data,lb,B1,793,erhöhen,paaugstināt,Paaugstināt,FAMILY_COPY_STRICT,it+lb+nl
data,nl,B1,793,erhöhen,paaugstināt,Paaugstināt,FAMILY_COPY_STRICT,it+lb+nl
data,pl,B1,793,erhöhen,paaugstināt,Wznosić,FAMILY_COPY_STRICT,pl+sk
data,sk,B1,793,erhöhen,paaugstināt,Wznosić,FAMILY_COPY_STRICT,pl+sk
data,sq,B1,793,erhöhen,paaugstināt,Yükselmek,FAMILY_COPY_STRICT,sq+tr
data,tr,B1,793,erhöhen,paaugstināt,Yükselmek,FAMILY_COPY_STRICT,sq+tr
data,hr,B1,794,erkalten,atdzist,Охладете,SCRIPT_MISMATCH,
data,hr,B1,794,erkalten,atdzist,Охладете,MARKER_LEAK,foreign_script
data,it,B1,794,erkalten,atdzist,Atdzist,SAME_AS_LV_CASEFOLD,casefold_only
data,lb,B1,794,erkalten,atdzist,Atdzist,SAME_AS_LV_CASEFOLD,casefold_only
data,nl,B1,794,erkalten,atdzist,Atdzist,SAME_AS_LV_CASEFOLD,casefold_only
data,sl,B1,794,erkalten,atdzist,atdzist,SAME_AS_LV_CASEFOLD,exact
data,sq,B1,794,erkalten,atdzist,Soğuma,MARKER_LEAK,tr_soft
data,bg,B1,794,erkalten,atdzist,Охладете,FAMILY_COPY_STRICT,bg+hr+mk+sr
data,hr,B1,794,erkalten,atdzist,Охладете,FAMILY_COPY_STRICT,bg+hr+mk+sr
data,mk,B1,794,erkalten,atdzist,Охладете,FAMILY_COPY_STRICT,bg+hr+mk+sr
data,sr,B1,794,erkalten,atdzist,Охладете,FAMILY_COPY_STRICT,bg+hr+mk+sr
data,fi,B1,794,erkalten,atdzist,Jahtuma,FAMILY_COPY_STRICT,fi+is+nb+nn+sv
data,is,B1,794,erkalten,atdzist,Jahtuma,FAMILY_COPY_STRICT,fi+is+nb+nn+sv
data,nb,B1,794,erkalten,atdzist,Jahtuma,FAMILY_COPY_STRICT,fi+is+nb+nn+sv
data,nn,B1,794,erkalten,atdzist,Jahtuma,FAMILY_COPY_STRICT,fi+is+nb+nn+sv
data,sv,B1,794,erkalten,atdzist,Jahtuma,FAMILY_COPY_STRICT,fi+is+nb+nn+sv
data,it,B1,794,erkalten,atdzist,Atdzist,FAMILY_COPY_STRICT,it+lb+nl
data,lb,B1,794,erkalten,atdzist,Atdzist,FAMILY_COPY_STRICT,it+lb+nl
data,nl,B1,794,erkalten,atdzist,Atdzist,FAMILY_COPY_STRICT,it+lb+nl
data,sq,B1,794,erkalten,atdzist,Soğuma,FAMILY_COPY_STRICT,sq+tr
data,tr,B1,794,erkalten,atdzist,Soğuma,FAMILY_COPY_STRICT,sq+tr
data,hr,B1,795,Erklärung,paziņojums,Уведомяване,SCRIPT_MISMATCH,
data,hr,B1,795,Erklärung,paziņojums,Уведомяване,MARKER_LEAK,foreign_script
data,it,B1,795,Erklärung,paziņojums,Paziņojums,SAME_AS_LV_CASEFOLD,casefold_only
data,it,B1,795,Erklärung,paziņojums,Paziņojums,LV_DIACRITIC,
data,it,B1,795,Erklärung,paziņojums,Paziņojums,MARKER_LEAK,lv_macron_consonant
data,lb,B1,795,Erklärung,paziņojums,Paziņojums,SAME_AS_LV_CASEFOLD,casefold_only
data,lb,B1,795,Erklärung,paziņojums,Paziņojums,LV_DIACRITIC,
data,lb,B1,795,Erklärung,paziņojums,Paziņojums,MARKER_LEAK,lv_macron_consonant
data,nl,B1,795,Erklärung,paziņojums,Paziņojums,SAME_AS_LV_CASEFOLD,casefold_only
data,nl,B1,795,Erklärung,paziņojums,Paziņojums,LV_DIACRITIC,
data,nl,B1,795,Erklärung,paziņojums,Paziņojums,MARKER_LEAK,lv_macron_consonant
data,sl,B1,795,Erklärung,paziņojums,paziņojums,SAME_AS_LV_CASEFOLD,exact
data,sl,B1,795,Erklärung,paziņojums,paziņojums,LV_DIACRITIC,
data,sl,B1,795,Erklärung,paziņojums,paziņojums,MARKER_LEAK,lv_macron_consonant
data,bg,B1,795,Erklärung,paziņojums,Уведомяване,FAMILY_COPY_STRICT,bg+hr+mk+sr
data,hr,B1,795,Erklärung,paziņojums,Уведомяване,FAMILY_COPY_STRICT,bg+hr+mk+sr
data,mk,B1,795,Erklärung,paziņojums,Уведомяване,FAMILY_COPY_STRICT,bg+hr+mk+sr
data,sr,B1,795,Erklärung,paziņojums,Уведомяване,FAMILY_COPY_STRICT,bg+hr+mk+sr
data,fi,B1,795,Erklärung,paziņojums,Teadaanne,FAMILY_COPY_STRICT,fi+is+nb+nn+sv
data,is,B1,795,Erklärung,paziņojums,Teadaanne,FAMILY_COPY_STRICT,fi+is+nb+nn+sv
data,nb,B1,795,Erklärung,paziņojums,Teadaanne,FAMILY_COPY_STRICT,fi+is+nb+nn+sv
data,nn,B1,795,Erklärung,paziņojums,Teadaanne,FAMILY_COPY_STRICT,fi+is+nb+nn+sv
data,sv,B1,795,Erklärung,paziņojums,Teadaanne,FAMILY_COPY_STRICT,fi+is+nb+nn+sv
data,it,B1,795,Erklärung,paziņojums,Paziņojums,FAMILY_COPY_STRICT,it+lb+nl
data,lb,B1,795,Erklärung,paziņojums,Paziņojums,FAMILY_COPY_STRICT,it+lb+nl
data,nl,B1,795,Erklärung,paziņojums,Paziņojums,FAMILY_COPY_STRICT,it+lb+nl
data,pl,B1,795,Erklärung,paziņojums,Powiadomienie,FAMILY_COPY_STRICT,pl+sk
data,sk,B1,795,Erklärung,paziņojums,Powiadomienie,FAMILY_COPY_STRICT,pl+sk
data,sq,B1,795,Erklärung,paziņojums,Bildirim,FAMILY_COPY_STRICT,sq+tr
data,tr,B1,795,Erklärung,paziņojums,Bildirim,FAMILY_COPY_STRICT,sq+tr
data,it,B1,796,erkranken,saslimt,Saslimt,SAME_AS_LV_CASEFOLD,casefold_only
data,lb,B1,796,erkranken,saslimt,Saslimt,SAME_AS_LV_CASEFOLD,casefold_only
data,nl,B1,796,erkranken,saslimt,Saslimt,SAME_AS_LV_CASEFOLD,casefold_only
data,pt,B1,796,erkranken,saslimt,Saslimt,SAME_AS_LV_CASEFOLD,casefold_only
data,sl,B1,796,erkranken,saslimt,saslimt,SAME_AS_LV_CASEFOLD,exact
data,sr,B1,796,erkranken,saslimt,Slabo ​​mi je,SCRIPT_MISMATCH,sr_as_cyrillic
data,sr,B1,796,erkranken,saslimt,Slabo ​​mi je,MARKER_LEAK,latin_in_cyrillic
data,fi,B1,796,erkranken,saslimt,Haigestuma,FAMILY_COPY_STRICT,fi+is+nb+nn+sv
data,is,B1,796,erkranken,saslimt,Haigestuma,FAMILY_COPY_STRICT,fi+is+nb+nn+sv
data,nb,B1,796,erkranken,saslimt,Haigestuma,FAMILY_COPY_STRICT,fi+is+nb+nn+sv
data,nn,B1,796,erkranken,saslimt,Haigestuma,FAMILY_COPY_STRICT,fi+is+nb+nn+sv
data,sv,B1,796,erkranken,saslimt,Haigestuma,FAMILY_COPY_STRICT,fi+is+nb+nn+sv
data,hr,B1,796,erkranken,saslimt,Slabo ​​mi je,FAMILY_COPY_STRICT,hr+sr
data,sr,B1,796,erkranken,saslimt,Slabo ​​mi je,FAMILY_COPY_STRICT,hr+sr
data,it,B1,796,erkranken,saslimt,Saslimt,FAMILY_COPY_STRICT,it+lb+nl+pt
data,lb,B1,796,erkranken,saslimt,Saslimt,FAMILY_COPY_STRICT,it+lb+nl+pt
data,nl,B1,796,erkranken,saslimt,Saslimt,FAMILY_COPY_STRICT,it+lb+nl+pt
data,pt,B1,796,erkranken,saslimt,Saslimt,FAMILY_COPY_STRICT,it+lb+nl+pt
data,pl,B1,796,erkranken,saslimt,Zachorować,FAMILY_COPY_STRICT,pl+sk
data,sk,B1,796,erkranken,saslimt,Zachorować,FAMILY_COPY_STRICT,pl+sk
data,sq,B1,796,erkranken,saslimt,Hastalanmak,FAMILY_COPY_STRICT,sq+tr
data,tr,B1,796,erkranken,saslimt,Hastalanmak,FAMILY_COPY_STRICT,sq+tr
data,it,B1,797,sich erkundigen,apvaicāties,Apvaicāties,SAME_AS_LV_CASEFOLD,casefold_only
data,it,B1,797,sich erkundigen,apvaicāties,Apvaicāties,LV_DIACRITIC,
data,it,B1,797,sich erkundigen,apvaicāties,Apvaicāties,MARKER_LEAK,lv_macron_consonant
data,lb,B1,797,sich erkundigen,apvaicāties,Apvaicāties,SAME_AS_LV_CASEFOLD,casefold_only
data,lb,B1,797,sich erkundigen,apvaicāties,Apvaicāties,LV_DIACRITIC,
data,lb,B1,797,sich erkundigen,apvaicāties,Apvaicāties,MARKER_LEAK,lv_macron_consonant
data,nl,B1,797,sich erkundigen,apvaicāties,Apvaicāties,SAME_AS_LV_CASEFOLD,casefold_only
data,nl,B1,797,sich erkundigen,apvaicāties,Apvaicāties,LV_DIACRITIC,
data,nl,B1,797,sich erkundigen,apvaicāties,Apvaicāties,MARKER_LEAK,lv_macron_consonant
data,pt,B1,797,sich erkundigen,apvaicāties,Apvaicāties,SAME_AS_LV_CASEFOLD,casefold_only
data,pt,B1,797,sich erkundigen,apvaicāties,Apvaicāties,LV_DIACRITIC,
data,pt,B1,797,sich erkundigen,apvaicāties,Apvaicāties,MARKER_LEAK,lv_macron_consonant
data,sk,B1,797,sich erkundigen,apvaicāties,Pytać się,MARKER_LEAK,pl_lt_nasal
data,sl,B1,797,sich erkundigen,apvaicāties,apvaicāties,SAME_AS_LV_CASEFOLD,exact
data,sl,B1,797,sich erkundigen,apvaicāties,apvaicāties,LV_DIACRITIC,
data,sl,B1,797,sich erkundigen,apvaicāties,apvaicāties,MARKER_LEAK,lv_macron_consonant
data,sr,B1,797,sich erkundigen,apvaicāties,Zovi,SCRIPT_MISMATCH,sr_as_cyrillic
data,sr,B1,797,sich erkundigen,apvaicāties,Zovi,MARKER_LEAK,latin_in_cyrillic
data,fi,B1,797,sich erkundigen,apvaicāties,Järele pärima,FAMILY_COPY_STRICT,fi+is+nb+nn+sv
data,is,B1,797,sich erkundigen,apvaicāties,Järele pärima,FAMILY_COPY_STRICT,fi+is+nb+nn+sv
data,nb,B1,797,sich erkundigen,apvaicāties,Järele pärima,FAMILY_COPY_STRICT,fi+is+nb+nn+sv
data,nn,B1,797,sich erkundigen,apvaicāties,Järele pärima,FAMILY_COPY_STRICT,fi+is+nb+nn+sv
data,sv,B1,797,sich erkundigen,apvaicāties,Järele pärima,FAMILY_COPY_STRICT,fi+is+nb+nn+sv
data,hr,B1,797,sich erkundigen,apvaicāties,Zovi,FAMILY_COPY_STRICT,hr+sr
data,sr,B1,797,sich erkundigen,apvaicāties,Zovi,FAMILY_COPY_STRICT,hr+sr
data,it,B1,797,sich erkundigen,apvaicāties,Apvaicāties,FAMILY_COPY_STRICT,it+lb+nl+pt
data,lb,B1,797,sich erkundigen,apvaicāties,Apvaicāties,FAMILY_COPY_STRICT,it+lb+nl+pt
data,nl,B1,797,sich erkundigen,apvaicāties,Apvaicāties,FAMILY_COPY_STRICT,it+lb+nl+pt
data,pt,B1,797,sich erkundigen,apvaicāties,Apvaicāties,FAMILY_COPY_STRICT,it+lb+nl+pt
data,pl,B1,797,sich erkundigen,apvaicāties,Pytać się,FAMILY_COPY_STRICT,pl+sk
data,sk,B1,797,sich erkundigen,apvaicāties,Pytać się,FAMILY_COPY_STRICT,pl+sk
data,sq,B1,797,sich erkundigen,apvaicāties,Sormak,FAMILY_COPY_STRICT,sq+tr
data,tr,B1,797,sich erkundigen,apvaicāties,Sormak,FAMILY_COPY_STRICT,sq+tr
data,hr,B1,798,erleben,piedzīvot,Опит,SCRIPT_MISMATCH,
data,hr,B1,798,erleben,piedzīvot,Опит,MARKER_LEAK,foreign_script
data,it,B1,798,erleben,piedzīvot,Piedzīvot,SAME_AS_LV_CASEFOLD,casefold_only
data,it,B1,798,erleben,piedzīvot,Piedzīvot,LV_DIACRITIC,
data,it,B1,798,erleben,piedzīvot,Piedzīvot,MARKER_LEAK,lv_macron_consonant
data,lb,B1,798,erleben,piedzīvot,Piedzīvot,SAME_AS_LV_CASEFOLD,casefold_only
data,lb,B1,798,erleben,piedzīvot,Piedzīvot,LV_DIACRITIC,
data,lb,B1,798,erleben,piedzīvot,Piedzīvot,MARKER_LEAK,lv_macron_consonant
data,nl,B1,798,erleben,piedzīvot,Piedzīvot,SAME_AS_LV_CASEFOLD,casefold_only
data,nl,B1,798,erleben,piedzīvot,Piedzīvot,LV_DIACRITIC,
data,nl,B1,798,erleben,piedzīvot,Piedzīvot,MARKER_LEAK,lv_macron_consonant
data,sk,B1,798,erleben,piedzīvot,Doświadczyć,MARKER_LEAK,pl_l_s_z
data,sl,B1,798,erleben,piedzīvot,piedzīvot,SAME_AS_LV_CASEFOLD,exact
data,sl,B1,798,erleben,piedzīvot,piedzīvot,LV_DIACRITIC,
data,sl,B1,798,erleben,piedzīvot,piedzīvot,MARKER_LEAK,lv_macron_consonant
data,bg,B1,798,erleben,piedzīvot,Опит,FAMILY_COPY_STRICT,bg+hr+mk+sr
data,hr,B1,798,erleben,piedzīvot,Опит,FAMILY_COPY_STRICT,bg+hr+mk+sr
data,mk,B1,798,erleben,piedzīvot,Опит,FAMILY_COPY_STRICT,bg+hr+mk+sr
data,sr,B1,798,erleben,piedzīvot,Опит,FAMILY_COPY_STRICT,bg+hr+mk+sr
data,fi,B1,798,erleben,piedzīvot,Kogema,FAMILY_COPY_STRICT,fi+is+nb+nn+sv
data,is,B1,798,erleben,piedzīvot,Kogema,FAMILY_COPY_STRICT,fi+is+nb+nn+sv
data,nb,B1,798,erleben,piedzīvot,Kogema,FAMILY_COPY_STRICT,fi+is+nb+nn+sv
data,nn,B1,798,erleben,piedzīvot,Kogema,FAMILY_COPY_STRICT,fi+is+nb+nn+sv
data,sv,B1,798,erleben,piedzīvot,Kogema,FAMILY_COPY_STRICT,fi+is+nb+nn+sv
data,it,B1,798,erleben,piedzīvot,Piedzīvot,FAMILY_COPY_STRICT,it+lb+nl
data,lb,B1,798,erleben,piedzīvot,Piedzīvot,FAMILY_COPY_STRICT,it+lb+nl
data,nl,B1,798,erleben,piedzīvot,Piedzīvot,FAMILY_COPY_STRICT,it+lb+nl
data,pl,B1,798,erleben,piedzīvot,Doświadczyć,FAMILY_COPY_STRICT,pl+sk
data,sk,B1,798,erleben,piedzīvot,Doświadczyć,FAMILY_COPY_STRICT,pl+sk
data,sq,B1,798,erleben,piedzīvot,Deneyim,FAMILY_COPY_STRICT,sq+tr
data,tr,B1,798,erleben,piedzīvot,Deneyim,FAMILY_COPY_STRICT,sq+tr
data,hr,B1,799,erledigen,nokārtot,Решете,SCRIPT_MISMATCH,
data,hr,B1,799,erledigen,nokārtot,Решете,MARKER_LEAK,foreign_script
data,it,B1,799,erledigen,nokārtot,Nokārtot,SAME_AS_LV_CASEFOLD,casefold_only
data,it,B1,799,erledigen,nokārtot,Nokārtot,LV_DIACRITIC,
data,it,B1,799,erledigen,nokārtot,Nokārtot,MARKER_LEAK,lv_macron_consonant
data,lb,B1,799,erledigen,nokārtot,Nokārtot,SAME_AS_LV_CASEFOLD,casefold_only
data,lb,B1,799,erledigen,nokārtot,Nokārtot,LV_DIACRITIC,
data,lb,B1,799,erledigen,nokārtot,Nokārtot,MARKER_LEAK,lv_macron_consonant
data,nl,B1,799,erledigen,nokārtot,Nokārtot,SAME_AS_LV_CASEFOLD,casefold_only
data,nl,B1,799,erledigen,nokārtot,Nokārtot,LV_DIACRITIC,
data,nl,B1,799,erledigen,nokārtot,Nokārtot,MARKER_LEAK,lv_macron_consonant
data,sl,B1,799,erledigen,nokārtot,nokārtot,SAME_AS_LV_CASEFOLD,exact
data,sl,B1,799,erledigen,nokārtot,nokārtot,LV_DIACRITIC,
data,sl,B1,799,erledigen,nokārtot,nokārtot,MARKER_LEAK,lv_macron_consonant
data,bg,B1,799,erledigen,nokārtot,Решете,FAMILY_COPY_STRICT,bg+hr+mk+sr
data,hr,B1,799,erledigen,nokārtot,Решете,FAMILY_COPY_STRICT,bg+hr+mk+sr
data,mk,B1,799,erledigen,nokārtot,Решете,FAMILY_COPY_STRICT,bg+hr+mk+sr
data,sr,B1,799,erledigen,nokārtot,Решете,FAMILY_COPY_STRICT,bg+hr+mk+sr
data,fi,B1,799,erledigen,nokārtot,Korda ajama,FAMILY_COPY_STRICT,fi+is+nb+nn+sv
data,is,B1,799,erledigen,nokārtot,Korda ajama,FAMILY_COPY_STRICT,fi+is+nb+nn+sv
data,nb,B1,799,erledigen,nokārtot,Korda ajama,FAMILY_COPY_STRICT,fi+is+nb+nn+sv
data,nn,B1,799,erledigen,nokārtot,Korda ajama,FAMILY_COPY_STRICT,fi+is+nb+nn+sv
data,sv,B1,799,erledigen,nokārtot,Korda ajama,FAMILY_COPY_STRICT,fi+is+nb+nn+sv
data,it,B1,799,erledigen,nokārtot,Nokārtot,FAMILY_COPY_STRICT,it+lb+nl
data,lb,B1,799,erledigen,nokārtot,Nokārtot,FAMILY_COPY_STRICT,it+lb+nl
data,nl,B1,799,erledigen,nokārtot,Nokārtot,FAMILY_COPY_STRICT,it+lb+nl
data,sq,B1,799,erledigen,nokārtot,Çöz,FAMILY_COPY_STRICT,sq+tr
data,tr,B1,799,erledigen,nokārtot,Çöz,FAMILY_COPY_STRICT,sq+tr
data,hr,B1,800,erleichtern,atvieglot,Облекчаване,SCRIPT_MISMATCH,
data,hr,B1,800,erleichtern,atvieglot,Облекчаване,MARKER_LEAK,foreign_script
data,it,B1,800,erleichtern,atvieglot,Atvieglot,SAME_AS_LV_CASEFOLD,casefold_only
data,lb,B1,800,erleichtern,atvieglot,Atvieglot,SAME_AS_LV_CASEFOLD,casefold_only
data,nl,B1,800,erleichtern,atvieglot,Atvieglot,SAME_AS_LV_CASEFOLD,casefold_only
data,pt,B1,800,erleichtern,atvieglot,Atvieglot,SAME_AS_LV_CASEFOLD,casefold_only
data,sk,B1,800,erleichtern,atvieglot,Ułatwić,MARKER_LEAK,pl_l_s_z
data,sl,B1,800,erleichtern,atvieglot,atvieglot,SAME_AS_LV_CASEFOLD,exact
data,sq,B1,800,erleichtern,atvieglot,Kolaylaştırmak için,MARKER_LEAK,tr_soft
data,bg,B1,800,erleichtern,atvieglot,Облекчаване,FAMILY_COPY_STRICT,bg+hr+mk+sr
data,hr,B1,800,erleichtern,atvieglot,Облекчаване,FAMILY_COPY_STRICT,bg+hr+mk+sr
data,mk,B1,800,erleichtern,atvieglot,Облекчаване,FAMILY_COPY_STRICT,bg+hr+mk+sr
data,sr,B1,800,erleichtern,atvieglot,Облекчаване,FAMILY_COPY_STRICT,bg+hr+mk+sr
data,fi,B1,800,erleichtern,atvieglot,Kergendama,FAMILY_COPY_STRICT,fi+is+nb+nn+sv
data,is,B1,800,erleichtern,atvieglot,Kergendama,FAMILY_COPY_STRICT,fi+is+nb+nn+sv
data,nb,B1,800,erleichtern,atvieglot,Kergendama,FAMILY_COPY_STRICT,fi+is+nb+nn+sv
data,nn,B1,800,erleichtern,atvieglot,Kergendama,FAMILY_COPY_STRICT,fi+is+nb+nn+sv
data,sv,B1,800,erleichtern,atvieglot,Kergendama,FAMILY_COPY_STRICT,fi+is+nb+nn+sv
data,it,B1,800,erleichtern,atvieglot,Atvieglot,FAMILY_COPY_STRICT,it+lb+nl+pt
data,lb,B1,800,erleichtern,atvieglot,Atvieglot,FAMILY_COPY_STRICT,it+lb+nl+pt
data,nl,B1,800,erleichtern,atvieglot,Atvieglot,FAMILY_COPY_STRICT,it+lb+nl+pt
data,pt,B1,800,erleichtern,atvieglot,Atvieglot,FAMILY_COPY_STRICT,it+lb+nl+pt
data,pl,B1,800,erleichtern,atvieglot,Ułatwić,FAMILY_COPY_STRICT,pl+sk
data,sk,B1,800,erleichtern,atvieglot,Ułatwić,FAMILY_COPY_STRICT,pl+sk
data,sq,B1,800,erleichtern,atvieglot,Kolaylaştırmak için,FAMILY_COPY_STRICT,sq+tr
data,tr,B1,800,erleichtern,atvieglot,Kolaylaştırmak için,FAMILY_COPY_STRICT,sq+tr
data,fi,B1,801,erlernen,iemācīties,Selgeks õppima,MARKER_LEAK,et_otilde
data,is,B1,801,erlernen,iemācīties,Selgeks õppima,MARKER_LEAK,et_otilde
data,it,B1,801,erlernen,iemācīties,Iemācīties,SAME_AS_LV_CASEFOLD,casefold_only
data,it,B1,801,erlernen,iemācīties,Iemācīties,LV_DIACRITIC,
data,it,B1,801,erlernen,iemācīties,Iemācīties,MARKER_LEAK,lv_macron_consonant
data,lb,B1,801,erlernen,iemācīties,Iemācīties,SAME_AS_LV_CASEFOLD,casefold_only
data,lb,B1,801,erlernen,iemācīties,Iemācīties,LV_DIACRITIC,
data,lb,B1,801,erlernen,iemācīties,Iemācīties,MARKER_LEAK,lv_macron_consonant
data,nb,B1,801,erlernen,iemācīties,Selgeks õppima,MARKER_LEAK,et_otilde
data,nl,B1,801,erlernen,iemācīties,Iemācīties,SAME_AS_LV_CASEFOLD,casefold_only
data,nl,B1,801,erlernen,iemācīties,Iemācīties,LV_DIACRITIC,
data,nl,B1,801,erlernen,iemācīties,Iemācīties,MARKER_LEAK,lv_macron_consonant
data,nn,B1,801,erlernen,iemācīties,Selgeks õppima,MARKER_LEAK,et_otilde
data,pt,B1,801,erlernen,iemācīties,Iemācidades,LV_DIACRITIC,
data,pt,B1,801,erlernen,iemācīties,Iemācidades,MARKER_LEAK,lv_macron_consonant
data,sl,B1,801,erlernen,iemācīties,iemācīties,SAME_AS_LV_CASEFOLD,exact
data,sl,B1,801,erlernen,iemācīties,iemācīties,LV_DIACRITIC,
data,sl,B1,801,erlernen,iemācīties,iemācīties,MARKER_LEAK,lv_macron_consonant
data,sr,B1,801,erlernen,iemācīties,Raziskave,SCRIPT_MISMATCH,sr_as_cyrillic
data,sr,B1,801,erlernen,iemācīties,Raziskave,MARKER_LEAK,latin_in_cyrillic
data,sv,B1,801,erlernen,iemācīties,Selgeks õppima,MARKER_LEAK,et_otilde
data,bg,B1,801,erlernen,iemācīties,Проучване,FAMILY_COPY_STRICT,bg+mk
data,mk,B1,801,erlernen,iemācīties,Проучване,FAMILY_COPY_STRICT,bg+mk
data,fi,B1,801,erlernen,iemācīties,Selgeks õppima,FAMILY_COPY_STRICT,fi+is+nb+nn+sv
data,is,B1,801,erlernen,iemācīties,Selgeks õppima,FAMILY_COPY_STRICT,fi+is+nb+nn+sv
data,nb,B1,801,erlernen,iemācīties,Selgeks õppima,FAMILY_COPY_STRICT,fi+is+nb+nn+sv
data,nn,B1,801,erlernen,iemācīties,Selgeks õppima,FAMILY_COPY_STRICT,fi+is+nb+nn+sv
data,sv,B1,801,erlernen,iemācīties,Selgeks õppima,FAMILY_COPY_STRICT,fi+is+nb+nn+sv
data,hr,B1,801,erlernen,iemācīties,Raziskave,FAMILY_COPY_STRICT,hr+sr
data,sr,B1,801,erlernen,iemācīties,Raziskave,FAMILY_COPY_STRICT,hr+sr
data,it,B1,801,erlernen,iemācīties,Iemācīties,FAMILY_COPY_STRICT,it+lb+nl
data,lb,B1,801,erlernen,iemācīties,Iemācīties,FAMILY_COPY_STRICT,it+lb+nl
data,nl,B1,801,erlernen,iemācīties,Iemācīties,FAMILY_COPY_STRICT,it+lb+nl
data,fi,B1,802,ermöglichen,dot iespēju,Võimaldama,MARKER_LEAK,et_otilde
data,hr,B1,802,ermöglichen,dot iespēju,Дай му шанс,SCRIPT_MISMATCH,
data,hr,B1,802,ermöglichen,dot iespēju,Дай му шанс,MARKER_LEAK,foreign_script
data,is,B1,802,ermöglichen,dot iespēju,Võimaldama,MARKER_LEAK,et_otilde
data,it,B1,802,ermöglichen,dot iespēju,Dot iespēju,SAME_AS_LV_CASEFOLD,casefold_only
data,it,B1,802,ermöglichen,dot iespēju,Dot iespēju,LV_DIACRITIC,
data,it,B1,802,ermöglichen,dot iespēju,Dot iespēju,MARKER_LEAK,lv_macron_consonant
data,lb,B1,802,ermöglichen,dot iespēju,Dot iespēju,SAME_AS_LV_CASEFOLD,casefold_only
data,lb,B1,802,ermöglichen,dot iespēju,Dot iespēju,LV_DIACRITIC,
data,lb,B1,802,ermöglichen,dot iespēju,Dot iespēju,MARKER_LEAK,lv_macron_consonant
data,nb,B1,802,ermöglichen,dot iespēju,Võimaldama,MARKER_LEAK,et_otilde
data,nl,B1,802,ermöglichen,dot iespēju,Dot iespēju,SAME_AS_LV_CASEFOLD,casefold_only
data,nl,B1,802,ermöglichen,dot iespēju,Dot iespēju,LV_DIACRITIC,
data,nl,B1,802,ermöglichen,dot iespēju,Dot iespēju,MARKER_LEAK,lv_macron_consonant
data,nn,B1,802,ermöglichen,dot iespēju,Võimaldama,MARKER_LEAK,et_otilde
data,pt,B1,802,ermöglichen,dot iespēju,Ponto ispēju,LV_DIACRITIC,
data,pt,B1,802,ermöglichen,dot iespēju,Ponto ispēju,MARKER_LEAK,lv_macron_consonant
data,sk,B1,802,ermöglichen,dot iespēju,Dać szansę,MARKER_LEAK,pl_lt_nasal
data,sl,B1,802,ermöglichen,dot iespēju,dot iespēju,SAME_AS_LV_CASEFOLD,exact
data,sl,B1,802,ermöglichen,dot iespēju,dot iespēju,LV_DIACRITIC,
data,sl,B1,802,ermöglichen,dot iespēju,dot iespēju,MARKER_LEAK,lv_macron_consonant
data,sv,B1,802,ermöglichen,dot iespēju,Võimaldama,MARKER_LEAK,et_otilde
data,bg,B1,802,ermöglichen,dot iespēju,Дай му шанс,FAMILY_COPY_STRICT,bg+hr+mk+sr
data,hr,B1,802,ermöglichen,dot iespēju,Дай му шанс,FAMILY_COPY_STRICT,bg+hr+mk+sr
data,mk,B1,802,ermöglichen,dot iespēju,Дай му шанс,FAMILY_COPY_STRICT,bg+hr+mk+sr
data,sr,B1,802,ermöglichen,dot iespēju,Дай му шанс,FAMILY_COPY_STRICT,bg+hr+mk+sr
data,fi,B1,802,ermöglichen,dot iespēju,Võimaldama,FAMILY_COPY_STRICT,fi+is+nb+nn+sv
data,is,B1,802,ermöglichen,dot iespēju,Võimaldama,FAMILY_COPY_STRICT,fi+is+nb+nn+sv
data,nb,B1,802,ermöglichen,dot iespēju,Võimaldama,FAMILY_COPY_STRICT,fi+is+nb+nn+sv
data,nn,B1,802,ermöglichen,dot iespēju,Võimaldama,FAMILY_COPY_STRICT,fi+is+nb+nn+sv
data,sv,B1,802,ermöglichen,dot iespēju,Võimaldama,FAMILY_COPY_STRICT,fi+is+nb+nn+sv
data,it,B1,802,ermöglichen,dot iespēju,Dot iespēju,FAMILY_COPY_STRICT,it+lb+nl
data,lb,B1,802,ermöglichen,dot iespēju,Dot iespēju,FAMILY_COPY_STRICT,it+lb+nl
data,nl,B1,802,ermöglichen,dot iespēju,Dot iespēju,FAMILY_COPY_STRICT,it+lb+nl
data,pl,B1,802,ermöglichen,dot iespēju,Dać szansę,FAMILY_COPY_STRICT,pl+sk
data,sk,B1,802,ermöglichen,dot iespēju,Dać szansę,FAMILY_COPY_STRICT,pl+sk
data,sq,B1,802,ermöglichen,dot iespēju,Ona bir şans ver,FAMILY_COPY_STRICT,sq+tr
data,tr,B1,802,ermöglichen,dot iespēju,Ona bir şans ver,FAMILY_COPY_STRICT,sq+tr
data,hr,B1,803,ermüden,nogurdināt,Гума,SCRIPT_MISMATCH,
data,hr,B1,803,ermüden,nogurdināt,Гума,MARKER_LEAK,foreign_script
data,it,B1,803,ermüden,nogurdināt,Nogurdināt,SAME_AS_LV_CASEFOLD,casefold_only
data,it,B1,803,ermüden,nogurdināt,Nogurdināt,LV_DIACRITIC,
data,it,B1,803,ermüden,nogurdināt,Nogurdināt,MARKER_LEAK,lv_macron_consonant
data,lb,B1,803,ermüden,nogurdināt,Nogurdināt,SAME_AS_LV_CASEFOLD,casefold_only
data,lb,B1,803,ermüden,nogurdināt,Nogurdināt,LV_DIACRITIC,
data,lb,B1,803,ermüden,nogurdināt,Nogurdināt,MARKER_LEAK,lv_macron_consonant
data,nl,B1,803,ermüden,nogurdināt,Nogurdināt,SAME_AS_LV_CASEFOLD,casefold_only
data,nl,B1,803,ermüden,nogurdināt,Nogurdināt,LV_DIACRITIC,
data,nl,B1,803,ermüden,nogurdināt,Nogurdināt,MARKER_LEAK,lv_macron_consonant
data,sk,B1,803,ermüden,nogurdināt,Męczyć się,MARKER_LEAK,pl_lt_nasal
data,sl,B1,803,ermüden,nogurdināt,nogurdināt,SAME_AS_LV_CASEFOLD,exact
data,sl,B1,803,ermüden,nogurdināt,nogurdināt,LV_DIACRITIC,
data,sl,B1,803,ermüden,nogurdināt,nogurdināt,MARKER_LEAK,lv_macron_consonant
data,bg,B1,803,ermüden,nogurdināt,Гума,FAMILY_COPY_STRICT,bg+hr+mk+sr
data,hr,B1,803,ermüden,nogurdināt,Гума,FAMILY_COPY_STRICT,bg+hr+mk+sr
data,mk,B1,803,ermüden,nogurdināt,Гума,FAMILY_COPY_STRICT,bg+hr+mk+sr
data,sr,B1,803,ermüden,nogurdināt,Гума,FAMILY_COPY_STRICT,bg+hr+mk+sr
data,fi,B1,803,ermüden,nogurdināt,Väsitama,FAMILY_COPY_STRICT,fi+is+nb+nn+sv
data,is,B1,803,ermüden,nogurdināt,Väsitama,FAMILY_COPY_STRICT,fi+is+nb+nn+sv
data,nb,B1,803,ermüden,nogurdināt,Väsitama,FAMILY_COPY_STRICT,fi+is+nb+nn+sv
data,nn,B1,803,ermüden,nogurdināt,Väsitama,FAMILY_COPY_STRICT,fi+is+nb+nn+sv
data,sv,B1,803,ermüden,nogurdināt,Väsitama,FAMILY_COPY_STRICT,fi+is+nb+nn+sv
data,it,B1,803,ermüden,nogurdināt,Nogurdināt,FAMILY_COPY_STRICT,it+lb+nl
data,lb,B1,803,ermüden,nogurdināt,Nogurdināt,FAMILY_COPY_STRICT,it+lb+nl
data,nl,B1,803,ermüden,nogurdināt,Nogurdināt,FAMILY_COPY_STRICT,it+lb+nl
data,pl,B1,803,ermüden,nogurdināt,Męczyć się,FAMILY_COPY_STRICT,pl+sk
data,sk,B1,803,ermüden,nogurdināt,Męczyć się,FAMILY_COPY_STRICT,pl+sk
data,sq,B1,803,ermüden,nogurdināt,Mücadele etme,FAMILY_COPY_STRICT,sq+tr
data,tr,B1,803,ermüden,nogurdināt,Mücadele etme,FAMILY_COPY_STRICT,sq+tr
data,nl,B1,804,ermuntern,uzmundrināt,Uzmundrināt,SAME_AS_LV_CASEFOLD,casefold_only
data,nl,B1,804,ermuntern,uzmundrināt,Uzmundrināt,LV_DIACRITIC,
data,nl,B1,804,ermuntern,uzmundrināt,Uzmundrināt,MARKER_LEAK,lv_macron_consonant
data,sl,B1,804,ermuntern,uzmundrināt,uzmundrināt,SAME_AS_LV_CASEFOLD,exact
data,sl,B1,804,ermuntern,uzmundrināt,uzmundrināt,LV_DIACRITIC,
data,sl,B1,804,ermuntern,uzmundrināt,uzmundrināt,MARKER_LEAK,lv_macron_consonant
data,sr,B1,804,ermuntern,uzmundrināt,Naj vas to ne odvrne,SCRIPT_MISMATCH,sr_as_cyrillic
data,sr,B1,804,ermuntern,uzmundrināt,Naj vas to ne odvrne,MARKER_LEAK,latin_in_cyrillic
data,bg,B1,804,ermuntern,uzmundrināt,Не се обезсърчавайте,FAMILY_COPY_STRICT,bg+mk
data,mk,B1,804,ermuntern,uzmundrināt,Не се обезсърчавайте,FAMILY_COPY_STRICT,bg+mk
data,fi,B1,804,ermuntern,uzmundrināt,Julgustama,FAMILY_COPY_STRICT,fi+is+nb+nn+sv
data,is,B1,804,ermuntern,uzmundrināt,Julgustama,FAMILY_COPY_STRICT,fi+is+nb+nn+sv
data,nb,B1,804,ermuntern,uzmundrināt,Julgustama,FAMILY_COPY_STRICT,fi+is+nb+nn+sv
data,nn,B1,804,ermuntern,uzmundrināt,Julgustama,FAMILY_COPY_STRICT,fi+is+nb+nn+sv
data,sv,B1,804,ermuntern,uzmundrināt,Julgustama,FAMILY_COPY_STRICT,fi+is+nb+nn+sv
data,hr,B1,804,ermuntern,uzmundrināt,Naj vas to ne odvrne,FAMILY_COPY_STRICT,hr+sr
data,sr,B1,804,ermuntern,uzmundrināt,Naj vas to ne odvrne,FAMILY_COPY_STRICT,hr+sr
data,it,B1,804,ermuntern,uzmundrināt,Uzmundrinat,FAMILY_COPY_STRICT,it+pt
data,pt,B1,804,ermuntern,uzmundrināt,Uzmundrinat,FAMILY_COPY_STRICT,it+pt
data,hr,B1,805,ermutigen,iedrošināt,Насърчавайте,SCRIPT_MISMATCH,
data,hr,B1,805,ermutigen,iedrošināt,Насърчавайте,MARKER_LEAK,foreign_script
data,it,B1,805,ermutigen,iedrošināt,Iedrošināt,SAME_AS_LV_CASEFOLD,casefold_only
data,it,B1,805,ermutigen,iedrošināt,Iedrošināt,LV_DIACRITIC,
data,it,B1,805,ermutigen,iedrošināt,Iedrošināt,MARKER_LEAK,lv_macron_consonant
data,lb,B1,805,ermutigen,iedrošināt,Iedrošināt,SAME_AS_LV_CASEFOLD,casefold_only
data,lb,B1,805,ermutigen,iedrošināt,Iedrošināt,LV_DIACRITIC,
data,lb,B1,805,ermutigen,iedrošināt,Iedrošināt,MARKER_LEAK,lv_macron_consonant
data,nl,B1,805,ermutigen,iedrošināt,Iedrošināt,SAME_AS_LV_CASEFOLD,casefold_only
data,nl,B1,805,ermutigen,iedrošināt,Iedrošināt,LV_DIACRITIC,
data,nl,B1,805,ermutigen,iedrošināt,Iedrošināt,MARKER_LEAK,lv_macron_consonant
data,sl,B1,805,ermutigen,iedrošināt,iedrošināt,SAME_AS_LV_CASEFOLD,exact
data,sl,B1,805,ermutigen,iedrošināt,iedrošināt,LV_DIACRITIC,
data,sl,B1,805,ermutigen,iedrošināt,iedrošināt,MARKER_LEAK,lv_macron_consonant
data,bg,B1,805,ermutigen,iedrošināt,Насърчавайте,FAMILY_COPY_STRICT,bg+hr+mk+sr
data,hr,B1,805,ermutigen,iedrošināt,Насърчавайте,FAMILY_COPY_STRICT,bg+hr+mk+sr
data,mk,B1,805,ermutigen,iedrošināt,Насърчавайте,FAMILY_COPY_STRICT,bg+hr+mk+sr
data,sr,B1,805,ermutigen,iedrošināt,Насърчавайте,FAMILY_COPY_STRICT,bg+hr+mk+sr
data,fi,B1,805,ermutigen,iedrošināt,Julgustama,FAMILY_COPY_STRICT,fi+is+nb+nn+sv
data,is,B1,805,ermutigen,iedrošināt,Julgustama,FAMILY_COPY_STRICT,fi+is+nb+nn+sv
data,nb,B1,805,ermutigen,iedrošināt,Julgustama,FAMILY_COPY_STRICT,fi+is+nb+nn+sv
data,nn,B1,805,ermutigen,iedrošināt,Julgustama,FAMILY_COPY_STRICT,fi+is+nb+nn+sv
data,sv,B1,805,ermutigen,iedrošināt,Julgustama,FAMILY_COPY_STRICT,fi+is+nb+nn+sv
data,it,B1,805,ermutigen,iedrošināt,Iedrošināt,FAMILY_COPY_STRICT,it+lb+nl
data,lb,B1,805,ermutigen,iedrošināt,Iedrošināt,FAMILY_COPY_STRICT,it+lb+nl
data,nl,B1,805,ermutigen,iedrošināt,Iedrošināt,FAMILY_COPY_STRICT,it+lb+nl
data,sq,B1,805,ermutigen,iedrošināt,Cesaretlendirmek,FAMILY_COPY_STRICT,sq+tr
data,tr,B1,805,ermutigen,iedrošināt,Cesaretlendirmek,FAMILY_COPY_STRICT,sq+tr
data,lb,B1,806,ernähren,barot,Barot,SAME_AS_LV_CASEFOLD,casefold_only
data,nl,B1,806,ernähren,barot,Barot,SAME_AS_LV_CASEFOLD,casefold_only
data,sl,B1,806,ernähren,barot,barot,SAME_AS_LV_CASEFOLD,exact
data,sr,B1,806,ernähren,barot,Hrana,SCRIPT_MISMATCH,sr_as_cyrillic
data,sr,B1,806,ernähren,barot,Hrana,MARKER_LEAK,latin_in_cyrillic
data,bg,B1,806,ernähren,barot,Храна,FAMILY_COPY_STRICT,bg+mk
data,mk,B1,806,ernähren,barot,Храна,FAMILY_COPY_STRICT,bg+mk
data,fi,B1,806,ernähren,barot,Toitma,FAMILY_COPY_STRICT,fi+is+nb+nn+sv
data,is,B1,806,ernähren,barot,Toitma,FAMILY_COPY_STRICT,fi+is+nb+nn+sv
data,nb,B1,806,ernähren,barot,Toitma,FAMILY_COPY_STRICT,fi+is+nb+nn+sv
data,nn,B1,806,ernähren,barot,Toitma,FAMILY_COPY_STRICT,fi+is+nb+nn+sv
data,sv,B1,806,ernähren,barot,Toitma,FAMILY_COPY_STRICT,fi+is+nb+nn+sv
data,hr,B1,806,ernähren,barot,Hrana,FAMILY_COPY_STRICT,hr+sr
data,sr,B1,806,ernähren,barot,Hrana,FAMILY_COPY_STRICT,hr+sr
data,lb,B1,806,ernähren,barot,Barot,FAMILY_COPY_STRICT,lb+nl
data,nl,B1,806,ernähren,barot,Barot,FAMILY_COPY_STRICT,lb+nl
data,hr,B1,807,sich ernähren,pārtikt,Изкарвайте прехраната си,SCRIPT_MISMATCH,
data,hr,B1,807,sich ernähren,pārtikt,Изкарвайте прехраната си,MARKER_LEAK,foreign_script
data,it,B1,807,sich ernähren,pārtikt,Pārtikt,SAME_AS_LV_CASEFOLD,casefold_only
data,it,B1,807,sich ernähren,pārtikt,Pārtikt,LV_DIACRITIC,
data,it,B1,807,sich ernähren,pārtikt,Pārtikt,MARKER_LEAK,lv_macron_consonant
data,lb,B1,807,sich ernähren,pārtikt,Pārtikt,SAME_AS_LV_CASEFOLD,casefold_only
data,lb,B1,807,sich ernähren,pārtikt,Pārtikt,LV_DIACRITIC,
data,lb,B1,807,sich ernähren,pārtikt,Pārtikt,MARKER_LEAK,lv_macron_consonant
data,nl,B1,807,sich ernähren,pārtikt,Pārtikt,SAME_AS_LV_CASEFOLD,casefold_only
data,nl,B1,807,sich ernähren,pārtikt,Pārtikt,LV_DIACRITIC,
data,nl,B1,807,sich ernähren,pārtikt,Pārtikt,MARKER_LEAK,lv_macron_consonant
data,sk,B1,807,sich ernähren,pārtikt,Zarabiać na życie,MARKER_LEAK,pl_l_s_z
data,sl,B1,807,sich ernähren,pārtikt,pārtikt,SAME_AS_LV_CASEFOLD,exact
data,sl,B1,807,sich ernähren,pārtikt,pārtikt,LV_DIACRITIC,
data,sl,B1,807,sich ernähren,pārtikt,pārtikt,MARKER_LEAK,lv_macron_consonant
data,sq,B1,807,sich ernähren,pārtikt,Zarabiać na życie,MARKER_LEAK,pl_l_s_z
data,tr,B1,807,sich ernähren,pārtikt,Zarabiać na życie,MARKER_LEAK,pl_l_s_z
data,bg,B1,807,sich ernähren,pārtikt,Изкарвайте прехраната си,FAMILY_COPY_STRICT,bg+hr+mk+sr
data,hr,B1,807,sich ernähren,pārtikt,Изкарвайте прехраната си,FAMILY_COPY_STRICT,bg+hr+mk+sr
data,mk,B1,807,sich ernähren,pārtikt,Изкарвайте прехраната си,FAMILY_COPY_STRICT,bg+hr+mk+sr
data,sr,B1,807,sich ernähren,pārtikt,Изкарвайте прехраната си,FAMILY_COPY_STRICT,bg+hr+mk+sr
data,fi,B1,807,sich ernähren,pārtikt,Toituma,FAMILY_COPY_STRICT,fi+is+nb+nn+sv
data,is,B1,807,sich ernähren,pārtikt,Toituma,FAMILY_COPY_STRICT,fi+is+nb+nn+sv
data,nb,B1,807,sich ernähren,pārtikt,Toituma,FAMILY_COPY_STRICT,fi+is+nb+nn+sv
data,nn,B1,807,sich ernähren,pārtikt,Toituma,FAMILY_COPY_STRICT,fi+is+nb+nn+sv
data,sv,B1,807,sich ernähren,pārtikt,Toituma,FAMILY_COPY_STRICT,fi+is+nb+nn+sv
data,it,B1,807,sich ernähren,pārtikt,Pārtikt,FAMILY_COPY_STRICT,it+lb+nl
data,lb,B1,807,sich ernähren,pārtikt,Pārtikt,FAMILY_COPY_STRICT,it+lb+nl
data,nl,B1,807,sich ernähren,pārtikt,Pārtikt,FAMILY_COPY_STRICT,it+lb+nl
data,pl,B1,807,sich ernähren,pārtikt,Zarabiać na życie,FAMILY_COPY_STRICT,pl+sk+sq+tr
data,sk,B1,807,sich ernähren,pārtikt,Zarabiać na życie,FAMILY_COPY_STRICT,pl+sk+sq+tr
data,sq,B1,807,sich ernähren,pārtikt,Zarabiać na życie,FAMILY_COPY_STRICT,pl+sk+sq+tr
data,tr,B1,807,sich ernähren,pārtikt,Zarabiać na życie,FAMILY_COPY_STRICT,pl+sk+sq+tr
data,hr,B1,808,Ernährung,uzturs,Јадење,SCRIPT_MISMATCH,
data,hr,B1,808,Ernährung,uzturs,Јадење,MARKER_LEAK,foreign_script
data,it,B1,808,Ernährung,uzturs,Uzturs,SAME_AS_LV_CASEFOLD,casefold_only
data,lb,B1,808,Ernährung,uzturs,Uzturs,SAME_AS_LV_CASEFOLD,casefold_only
data,nl,B1,808,Ernährung,uzturs,Uzturs,SAME_AS_LV_CASEFOLD,casefold_only
data,pt,B1,808,Ernährung,uzturs,Uzturs,SAME_AS_LV_CASEFOLD,casefold_only
data,sk,B1,808,Ernährung,uzturs,Odżywianie,MARKER_LEAK,pl_l_s_z
data,sl,B1,808,Ernährung,uzturs,uzturs,SAME_AS_LV_CASEFOLD,exact
data,fi,B1,808,Ernährung,uzturs,Toit,FAMILY_COPY_STRICT,fi+sv
data,sv,B1,808,Ernährung,uzturs,Toit,FAMILY_COPY_STRICT,fi+sv
data,hr,B1,808,Ernährung,uzturs,Јадење,FAMILY_COPY_STRICT,hr+mk+sr
data,mk,B1,808,Ernährung,uzturs,Јадење,FAMILY_COPY_STRICT,hr+mk+sr
data,sr,B1,808,Ernährung,uzturs,Јадење,FAMILY_COPY_STRICT,hr+mk+sr
data,is,B1,808,Ernährung,uzturs,Toalett,FAMILY_COPY_STRICT,is+nb+nn
data,nb,B1,808,Ernährung,uzturs,Toalett,FAMILY_COPY_STRICT,is+nb+nn
data,nn,B1,808,Ernährung,uzturs,Toalett,FAMILY_COPY_STRICT,is+nb+nn
data,it,B1,808,Ernährung,uzturs,Uzturs,FAMILY_COPY_STRICT,it+lb+nl+pt
data,lb,B1,808,Ernährung,uzturs,Uzturs,FAMILY_COPY_STRICT,it+lb+nl+pt
data,nl,B1,808,Ernährung,uzturs,Uzturs,FAMILY_COPY_STRICT,it+lb+nl+pt
data,pt,B1,808,Ernährung,uzturs,Uzturs,FAMILY_COPY_STRICT,it+lb+nl+pt
data,pl,B1,808,Ernährung,uzturs,Odżywianie,FAMILY_COPY_STRICT,pl+sk
data,sk,B1,808,Ernährung,uzturs,Odżywianie,FAMILY_COPY_STRICT,pl+sk
data,sq,B1,808,Ernährung,uzturs,Beslenme,FAMILY_COPY_STRICT,sq+tr
data,tr,B1,808,Ernährung,uzturs,Beslenme,FAMILY_COPY_STRICT,sq+tr
data,hr,B1,809,erneuern,atjaunot,Възстановяване,SCRIPT_MISMATCH,
data,hr,B1,809,erneuern,atjaunot,Възстановяване,MARKER_LEAK,foreign_script
data,it,B1,809,erneuern,atjaunot,Atjaunot,SAME_AS_LV_CASEFOLD,casefold_only
data,lb,B1,809,erneuern,atjaunot,Atjaunot,SAME_AS_LV_CASEFOLD,casefold_only
data,nl,B1,809,erneuern,atjaunot,Atjaunot,SAME_AS_LV_CASEFOLD,casefold_only
data,pt,B1,809,erneuern,atjaunot,Atjaunot,SAME_AS_LV_CASEFOLD,casefold_only
data,sl,B1,809,erneuern,atjaunot,atjaunot,SAME_AS_LV_CASEFOLD,exact
data,bg,B1,809,erneuern,atjaunot,Възстановяване,FAMILY_COPY_STRICT,bg+hr+mk+sr
data,hr,B1,809,erneuern,atjaunot,Възстановяване,FAMILY_COPY_STRICT,bg+hr+mk+sr
data,mk,B1,809,erneuern,atjaunot,Възстановяване,FAMILY_COPY_STRICT,bg+hr+mk+sr
data,sr,B1,809,erneuern,atjaunot,Възстановяване,FAMILY_COPY_STRICT,bg+hr+mk+sr
data,fi,B1,809,erneuern,atjaunot,Uuendama,FAMILY_COPY_STRICT,fi+is+nb+nn+sv
data,is,B1,809,erneuern,atjaunot,Uuendama,FAMILY_COPY_STRICT,fi+is+nb+nn+sv
data,nb,B1,809,erneuern,atjaunot,Uuendama,FAMILY_COPY_STRICT,fi+is+nb+nn+sv
data,nn,B1,809,erneuern,atjaunot,Uuendama,FAMILY_COPY_STRICT,fi+is+nb+nn+sv
data,sv,B1,809,erneuern,atjaunot,Uuendama,FAMILY_COPY_STRICT,fi+is+nb+nn+sv
data,it,B1,809,erneuern,atjaunot,Atjaunot,FAMILY_COPY_STRICT,it+lb+nl+pt
data,lb,B1,809,erneuern,atjaunot,Atjaunot,FAMILY_COPY_STRICT,it+lb+nl+pt
data,nl,B1,809,erneuern,atjaunot,Atjaunot,FAMILY_COPY_STRICT,it+lb+nl+pt
data,pt,B1,809,erneuern,atjaunot,Atjaunot,FAMILY_COPY_STRICT,it+lb+nl+pt
data,pl,B1,809,erneuern,atjaunot,Przywrócić,FAMILY_COPY_STRICT,pl+sk
data,sk,B1,809,erneuern,atjaunot,Przywrócić,FAMILY_COPY_STRICT,pl+sk
data,sq,B1,809,erneuern,atjaunot,Eski haline getirmek,FAMILY_COPY_STRICT,sq+tr
data,tr,B1,809,erneuern,atjaunot,Eski haline getirmek,FAMILY_COPY_STRICT,sq+tr
data,hr,B1,810,Ernte,raža,Фризура,SCRIPT_MISMATCH,
data,hr,B1,810,Ernte,raža,Фризура,MARKER_LEAK,foreign_script
data,it,B1,810,Ernte,raža,Raža,SAME_AS_LV_CASEFOLD,casefold_only
data,it,B1,810,Ernte,raža,Raža,LV_DIACRITIC,
data,lb,B1,810,Ernte,raža,Raža,SAME_AS_LV_CASEFOLD,casefold_only
data,lb,B1,810,Ernte,raža,Raža,LV_DIACRITIC,
data,nl,B1,810,Ernte,raža,Raža,SAME_AS_LV_CASEFOLD,casefold_only
data,nl,B1,810,Ernte,raža,Raža,LV_DIACRITIC,
data,sk,B1,810,Ernte,raža,Przyciąć,MARKER_LEAK,pl_lt_nasal
data,sl,B1,810,Ernte,raža,raža,SAME_AS_LV_CASEFOLD,exact
data,fi,B1,810,Ernte,raža,Saak,FAMILY_COPY_STRICT,fi+is+nb+nn+sv
data,is,B1,810,Ernte,raža,Saak,FAMILY_COPY_STRICT,fi+is+nb+nn+sv
data,nb,B1,810,Ernte,raža,Saak,FAMILY_COPY_STRICT,fi+is+nb+nn+sv
data,nn,B1,810,Ernte,raža,Saak,FAMILY_COPY_STRICT,fi+is+nb+nn+sv
data,sv,B1,810,Ernte,raža,Saak,FAMILY_COPY_STRICT,fi+is+nb+nn+sv
data,hr,B1,810,Ernte,raža,Фризура,FAMILY_COPY_STRICT,hr+mk+sr
data,mk,B1,810,Ernte,raža,Фризура,FAMILY_COPY_STRICT,hr+mk+sr
data,sr,B1,810,Ernte,raža,Фризура,FAMILY_COPY_STRICT,hr+mk+sr
data,it,B1,810,Ernte,raža,Raža,FAMILY_COPY_STRICT,it+lb+nl
data,lb,B1,810,Ernte,raža,Raža,FAMILY_COPY_STRICT,it+lb+nl
data,nl,B1,810,Ernte,raža,Raža,FAMILY_COPY_STRICT,it+lb+nl
data,pl,B1,810,Ernte,raža,Przyciąć,FAMILY_COPY_STRICT,pl+sk
data,sk,B1,810,Ernte,raža,Przyciąć,FAMILY_COPY_STRICT,pl+sk
data,sq,B1,810,Ernte,raža,Mahsul,FAMILY_COPY_STRICT,sq+tr
data,tr,B1,810,Ernte,raža,Mahsul,FAMILY_COPY_STRICT,sq+tr
data,hr,B1,811,ernten,novākt,Реколта,SCRIPT_MISMATCH,
data,hr,B1,811,ernten,novākt,Реколта,MARKER_LEAK,foreign_script
data,it,B1,811,ernten,novākt,Novākt,SAME_AS_LV_CASEFOLD,casefold_only
data,it,B1,811,ernten,novākt,Novākt,LV_DIACRITIC,
data,it,B1,811,ernten,novākt,Novākt,MARKER_LEAK,lv_macron_consonant
data,lb,B1,811,ernten,novākt,Novākt,SAME_AS_LV_CASEFOLD,casefold_only
data,lb,B1,811,ernten,novākt,Novākt,LV_DIACRITIC,
data,lb,B1,811,ernten,novākt,Novākt,MARKER_LEAK,lv_macron_consonant
data,nl,B1,811,ernten,novākt,Novākt,SAME_AS_LV_CASEFOLD,casefold_only
data,nl,B1,811,ernten,novākt,Novākt,LV_DIACRITIC,
data,nl,B1,811,ernten,novākt,Novākt,MARKER_LEAK,lv_macron_consonant
data,sl,B1,811,ernten,novākt,novākt,SAME_AS_LV_CASEFOLD,exact
data,sl,B1,811,ernten,novākt,novākt,LV_DIACRITIC,
data,sl,B1,811,ernten,novākt,novākt,MARKER_LEAK,lv_macron_consonant
data,bg,B1,811,ernten,novākt,Реколта,FAMILY_COPY_STRICT,bg+hr+mk+sr
data,hr,B1,811,ernten,novākt,Реколта,FAMILY_COPY_STRICT,bg+hr+mk+sr
data,mk,B1,811,ernten,novākt,Реколта,FAMILY_COPY_STRICT,bg+hr+mk+sr
data,sr,B1,811,ernten,novākt,Реколта,FAMILY_COPY_STRICT,bg+hr+mk+sr
data,fi,B1,811,ernten,novākt,Koristama,FAMILY_COPY_STRICT,fi+is+nb+nn+sv
data,is,B1,811,ernten,novākt,Koristama,FAMILY_COPY_STRICT,fi+is+nb+nn+sv
data,nb,B1,811,ernten,novākt,Koristama,FAMILY_COPY_STRICT,fi+is+nb+nn+sv
data,nn,B1,811,ernten,novākt,Koristama,FAMILY_COPY_STRICT,fi+is+nb+nn+sv
data,sv,B1,811,ernten,novākt,Koristama,FAMILY_COPY_STRICT,fi+is+nb+nn+sv
data,it,B1,811,ernten,novākt,Novākt,FAMILY_COPY_STRICT,it+lb+nl
data,lb,B1,811,ernten,novākt,Novākt,FAMILY_COPY_STRICT,it+lb+nl
data,nl,B1,811,ernten,novākt,Novākt,FAMILY_COPY_STRICT,it+lb+nl
data,pl,B1,811,ernten,novākt,Zbierać plony,FAMILY_COPY_STRICT,pl+sk
data,sk,B1,811,ernten,novākt,Zbierać plony,FAMILY_COPY_STRICT,pl+sk
data,sq,B1,811,ernten,novākt,Mahsulleri hasat et,FAMILY_COPY_STRICT,sq+tr
data,tr,B1,811,ernten,novākt,Mahsulleri hasat et,FAMILY_COPY_STRICT,sq+tr
data,hr,B1,812,erobern,iekarot,Победи,SCRIPT_MISMATCH,
data,hr,B1,812,erobern,iekarot,Победи,MARKER_LEAK,foreign_script
data,it,B1,812,erobern,iekarot,Iekarot,SAME_AS_LV_CASEFOLD,casefold_only
data,lb,B1,812,erobern,iekarot,Iekarot,SAME_AS_LV_CASEFOLD,casefold_only
data,nl,B1,812,erobern,iekarot,Iekarot,SAME_AS_LV_CASEFOLD,casefold_only
data,sl,B1,812,erobern,iekarot,iekarot,SAME_AS_LV_CASEFOLD,exact
data,fi,B1,812,erobern,iekarot,Vallutama,FAMILY_COPY_STRICT,fi+is+nb+nn+sv
data,is,B1,812,erobern,iekarot,Vallutama,FAMILY_COPY_STRICT,fi+is+nb+nn+sv
data,nb,B1,812,erobern,iekarot,Vallutama,FAMILY_COPY_STRICT,fi+is+nb+nn+sv
data,nn,B1,812,erobern,iekarot,Vallutama,FAMILY_COPY_STRICT,fi+is+nb+nn+sv
data,sv,B1,812,erobern,iekarot,Vallutama,FAMILY_COPY_STRICT,fi+is+nb+nn+sv
data,hr,B1,812,erobern,iekarot,Победи,FAMILY_COPY_STRICT,hr+mk+sr
data,mk,B1,812,erobern,iekarot,Победи,FAMILY_COPY_STRICT,hr+mk+sr
data,sr,B1,812,erobern,iekarot,Победи,FAMILY_COPY_STRICT,hr+mk+sr
data,it,B1,812,erobern,iekarot,Iekarot,FAMILY_COPY_STRICT,it+lb+nl
data,lb,B1,812,erobern,iekarot,Iekarot,FAMILY_COPY_STRICT,it+lb+nl
data,nl,B1,812,erobern,iekarot,Iekarot,FAMILY_COPY_STRICT,it+lb+nl
data,sq,B1,812,erobern,iekarot,Fethetmek,FAMILY_COPY_STRICT,sq+tr
data,tr,B1,812,erobern,iekarot,Fethetmek,FAMILY_COPY_STRICT,sq+tr
data,nl,B1,813,eröffnen,atvērt,Atvērt,SAME_AS_LV_CASEFOLD,casefold_only
data,nl,B1,813,eröffnen,atvērt,Atvērt,LV_DIACRITIC,
data,nl,B1,813,eröffnen,atvērt,Atvērt,MARKER_LEAK,lv_macron_consonant
data,sl,B1,813,eröffnen,atvērt,atvērt,SAME_AS_LV_CASEFOLD,exact
data,sl,B1,813,eröffnen,atvērt,atvērt,LV_DIACRITIC,
data,sl,B1,813,eröffnen,atvērt,atvērt,MARKER_LEAK,lv_macron_consonant
data,sr,B1,813,eröffnen,atvērt,Otvori,SCRIPT_MISMATCH,sr_as_cyrillic
data,sr,B1,813,eröffnen,atvērt,Otvori,MARKER_LEAK,latin_in_cyrillic
data,bg,B1,813,eröffnen,atvērt,Отворете,FAMILY_COPY_STRICT,bg+mk
data,mk,B1,813,eröffnen,atvērt,Отворете,FAMILY_COPY_STRICT,bg+mk
data,fi,B1,813,eröffnen,atvērt,Avama,FAMILY_COPY_STRICT,fi+is+nb+nn+sv
data,is,B1,813,eröffnen,atvērt,Avama,FAMILY_COPY_STRICT,fi+is+nb+nn+sv
data,nb,B1,813,eröffnen,atvērt,Avama,FAMILY_COPY_STRICT,fi+is+nb+nn+sv
data,nn,B1,813,eröffnen,atvērt,Avama,FAMILY_COPY_STRICT,fi+is+nb+nn+sv
data,sv,B1,813,eröffnen,atvērt,Avama,FAMILY_COPY_STRICT,fi+is+nb+nn+sv
data,hr,B1,813,eröffnen,atvērt,Otvori,FAMILY_COPY_STRICT,hr+sr
data,sr,B1,813,eröffnen,atvērt,Otvori,FAMILY_COPY_STRICT,hr+sr
data,hr,B1,814,erraten,uzminēt,Познайте,SCRIPT_MISMATCH,
data,hr,B1,814,erraten,uzminēt,Познайте,MARKER_LEAK,foreign_script
data,it,B1,814,erraten,uzminēt,Uzminēt,SAME_AS_LV_CASEFOLD,casefold_only
data,it,B1,814,erraten,uzminēt,Uzminēt,LV_DIACRITIC,
data,it,B1,814,erraten,uzminēt,Uzminēt,MARKER_LEAK,lv_macron_consonant
data,lb,B1,814,erraten,uzminēt,Uzminēt,SAME_AS_LV_CASEFOLD,casefold_only
data,lb,B1,814,erraten,uzminēt,Uzminēt,LV_DIACRITIC,
data,lb,B1,814,erraten,uzminēt,Uzminēt,MARKER_LEAK,lv_macron_consonant
data,nl,B1,814,erraten,uzminēt,Uzminēt,SAME_AS_LV_CASEFOLD,casefold_only
data,nl,B1,814,erraten,uzminēt,Uzminēt,LV_DIACRITIC,
data,nl,B1,814,erraten,uzminēt,Uzminēt,MARKER_LEAK,lv_macron_consonant
data,pt,B1,814,erraten,uzminēt,Uzminēt,SAME_AS_LV_CASEFOLD,casefold_only
data,pt,B1,814,erraten,uzminēt,Uzminēt,LV_DIACRITIC,
data,pt,B1,814,erraten,uzminēt,Uzminēt,MARKER_LEAK,lv_macron_consonant
data,sk,B1,814,erraten,uzminēt,Zgadnąć,MARKER_LEAK,pl_lt_nasal
data,sl,B1,814,erraten,uzminēt,uzminēt,SAME_AS_LV_CASEFOLD,exact
data,sl,B1,814,erraten,uzminēt,uzminēt,LV_DIACRITIC,
data,sl,B1,814,erraten,uzminēt,uzminēt,MARKER_LEAK,lv_macron_consonant
data,bg,B1,814,erraten,uzminēt,Познайте,FAMILY_COPY_STRICT,bg+hr+mk+sr
data,hr,B1,814,erraten,uzminēt,Познайте,FAMILY_COPY_STRICT,bg+hr+mk+sr
data,mk,B1,814,erraten,uzminēt,Познайте,FAMILY_COPY_STRICT,bg+hr+mk+sr
data,sr,B1,814,erraten,uzminēt,Познайте,FAMILY_COPY_STRICT,bg+hr+mk+sr
data,fi,B1,814,erraten,uzminēt,Ära arvama,FAMILY_COPY_STRICT,fi+is+nb+nn+sv
data,is,B1,814,erraten,uzminēt,Ära arvama,FAMILY_COPY_STRICT,fi+is+nb+nn+sv
data,nb,B1,814,erraten,uzminēt,Ära arvama,FAMILY_COPY_STRICT,fi+is+nb+nn+sv
data,nn,B1,814,erraten,uzminēt,Ära arvama,FAMILY_COPY_STRICT,fi+is+nb+nn+sv
data,sv,B1,814,erraten,uzminēt,Ära arvama,FAMILY_COPY_STRICT,fi+is+nb+nn+sv
data,it,B1,814,erraten,uzminēt,Uzminēt,FAMILY_COPY_STRICT,it+lb+nl+pt
data,lb,B1,814,erraten,uzminēt,Uzminēt,FAMILY_COPY_STRICT,it+lb+nl+pt
data,nl,B1,814,erraten,uzminēt,Uzminēt,FAMILY_COPY_STRICT,it+lb+nl+pt
data,pt,B1,814,erraten,uzminēt,Uzminēt,FAMILY_COPY_STRICT,it+lb+nl+pt
data,pl,B1,814,erraten,uzminēt,Zgadnąć,FAMILY_COPY_STRICT,pl+sk
data,sk,B1,814,erraten,uzminēt,Zgadnąć,FAMILY_COPY_STRICT,pl+sk
data,sq,B1,814,erraten,uzminēt,Tahmin etmek,FAMILY_COPY_STRICT,sq+tr
data,tr,B1,814,erraten,uzminēt,Tahmin etmek,FAMILY_COPY_STRICT,sq+tr
data,hr,B1,815,errichten,uzcelt,Градежништво,SCRIPT_MISMATCH,
data,hr,B1,815,errichten,uzcelt,Градежништво,MARKER_LEAK,foreign_script
data,it,B1,815,errichten,uzcelt,Uzcelt,SAME_AS_LV_CASEFOLD,casefold_only
data,nl,B1,815,errichten,uzcelt,Uzcelt,SAME_AS_LV_CASEFOLD,casefold_only
data,pt,B1,815,errichten,uzcelt,Uzcelt,SAME_AS_LV_CASEFOLD,casefold_only
data,sl,B1,815,errichten,uzcelt,uzcelt,SAME_AS_LV_CASEFOLD,exact
data,fi,B1,815,errichten,uzcelt,Ehitama,FAMILY_COPY_STRICT,fi+is+nb+nn+sv
data,is,B1,815,errichten,uzcelt,Ehitama,FAMILY_COPY_STRICT,fi+is+nb+nn+sv
data,nb,B1,815,errichten,uzcelt,Ehitama,FAMILY_COPY_STRICT,fi+is+nb+nn+sv
data,nn,B1,815,errichten,uzcelt,Ehitama,FAMILY_COPY_STRICT,fi+is+nb+nn+sv
data,sv,B1,815,errichten,uzcelt,Ehitama,FAMILY_COPY_STRICT,fi+is+nb+nn+sv
data,hr,B1,815,errichten,uzcelt,Градежништво,FAMILY_COPY_STRICT,hr+mk+sr
data,mk,B1,815,errichten,uzcelt,Градежништво,FAMILY_COPY_STRICT,hr+mk+sr
data,sr,B1,815,errichten,uzcelt,Градежништво,FAMILY_COPY_STRICT,hr+mk+sr
data,it,B1,815,errichten,uzcelt,Uzcelt,FAMILY_COPY_STRICT,it+nl+pt
data,nl,B1,815,errichten,uzcelt,Uzcelt,FAMILY_COPY_STRICT,it+nl+pt
data,pt,B1,815,errichten,uzcelt,Uzcelt,FAMILY_COPY_STRICT,it+nl+pt
data,pl,B1,815,errichten,uzcelt,Budować,FAMILY_COPY_STRICT,pl+sk
data,sk,B1,815,errichten,uzcelt,Budować,FAMILY_COPY_STRICT,pl+sk
data,hr,B1,816,Ersatz,aizstājējs,Промена,SCRIPT_MISMATCH,
data,hr,B1,816,Ersatz,aizstājējs,Промена,MARKER_LEAK,foreign_script
data,it,B1,816,Ersatz,aizstājējs,Aizstājējs,SAME_AS_LV_CASEFOLD,casefold_only
data,it,B1,816,Ersatz,aizstājējs,Aizstājējs,LV_DIACRITIC,
data,it,B1,816,Ersatz,aizstājējs,Aizstājējs,MARKER_LEAK,lv_macron_consonant
data,lb,B1,816,Ersatz,aizstājējs,Aizstājējs,SAME_AS_LV_CASEFOLD,casefold_only
data,lb,B1,816,Ersatz,aizstājējs,Aizstājējs,LV_DIACRITIC,
data,lb,B1,816,Ersatz,aizstājējs,Aizstājējs,MARKER_LEAK,lv_macron_consonant
data,nl,B1,816,Ersatz,aizstājējs,Aizstājējs,SAME_AS_LV_CASEFOLD,casefold_only
data,nl,B1,816,Ersatz,aizstājējs,Aizstājējs,LV_DIACRITIC,
data,nl,B1,816,Ersatz,aizstājējs,Aizstājējs,MARKER_LEAK,lv_macron_consonant
data,pt,B1,816,Ersatz,aizstājējs,Aizstājējs,SAME_AS_LV_CASEFOLD,casefold_only
data,pt,B1,816,Ersatz,aizstājējs,Aizstājējs,LV_DIACRITIC,
data,pt,B1,816,Ersatz,aizstājējs,Aizstājējs,MARKER_LEAK,lv_macron_consonant
data,sk,B1,816,Ersatz,aizstājējs,Zastąpić,MARKER_LEAK,pl_lt_nasal
data,sl,B1,816,Ersatz,aizstājējs,aizstājējs,SAME_AS_LV_CASEFOLD,exact
data,sl,B1,816,Ersatz,aizstājējs,aizstājējs,LV_DIACRITIC,
data,sl,B1,816,Ersatz,aizstājējs,aizstājējs,MARKER_LEAK,lv_macron_consonant
data,sq,B1,816,Ersatz,aizstājējs,Değiştirmek için,MARKER_LEAK,tr_soft
data,fi,B1,816,Ersatz,aizstājējs,Asendaja,FAMILY_COPY_STRICT,fi+is+nb+nn+sv
data,is,B1,816,Ersatz,aizstājējs,Asendaja,FAMILY_COPY_STRICT,fi+is+nb+nn+sv
data,nb,B1,816,Ersatz,aizstājējs,Asendaja,FAMILY_COPY_STRICT,fi+is+nb+nn+sv
data,nn,B1,816,Ersatz,aizstājējs,Asendaja,FAMILY_COPY_STRICT,fi+is+nb+nn+sv
data,sv,B1,816,Ersatz,aizstājējs,Asendaja,FAMILY_COPY_STRICT,fi+is+nb+nn+sv
data,hr,B1,816,Ersatz,aizstājējs,Промена,FAMILY_COPY_STRICT,hr+mk+sr
data,mk,B1,816,Ersatz,aizstājējs,Промена,FAMILY_COPY_STRICT,hr+mk+sr
data,sr,B1,816,Ersatz,aizstājējs,Промена,FAMILY_COPY_STRICT,hr+mk+sr
data,it,B1,816,Ersatz,aizstājējs,Aizstājējs,FAMILY_COPY_STRICT,it+lb+nl+pt
data,lb,B1,816,Ersatz,aizstājējs,Aizstājējs,FAMILY_COPY_STRICT,it+lb+nl+pt
data,nl,B1,816,Ersatz,aizstājējs,Aizstājējs,FAMILY_COPY_STRICT,it+lb+nl+pt
data,pt,B1,816,Ersatz,aizstājējs,Aizstājējs,FAMILY_COPY_STRICT,it+lb+nl+pt
data,pl,B1,816,Ersatz,aizstājējs,Zastąpić,FAMILY_COPY_STRICT,pl+sk
data,sk,B1,816,Ersatz,aizstājējs,Zastąpić,FAMILY_COPY_STRICT,pl+sk
data,sq,B1,816,Ersatz,aizstājējs,Değiştirmek için,FAMILY_COPY_STRICT,sq+tr
data,tr,B1,816,Ersatz,aizstājējs,Değiştirmek için,FAMILY_COPY_STRICT,sq+tr
data,hr,B1,817,Ersatzteil,rezerves daļa,Резервна част,SCRIPT_MISMATCH,
data,hr,B1,817,Ersatzteil,rezerves daļa,Резервна част,MARKER_LEAK,foreign_script
data,it,B1,817,Ersatzteil,rezerves daļa,Rezerves daļa,SAME_AS_LV_CASEFOLD,casefold_only
data,it,B1,817,Ersatzteil,rezerves daļa,Rezerves daļa,LV_DIACRITIC,
data,it,B1,817,Ersatzteil,rezerves daļa,Rezerves daļa,MARKER_LEAK,lv_macron_consonant
data,lb,B1,817,Ersatzteil,rezerves daļa,Rezerves daļa,SAME_AS_LV_CASEFOLD,casefold_only
data,lb,B1,817,Ersatzteil,rezerves daļa,Rezerves daļa,LV_DIACRITIC,
data,lb,B1,817,Ersatzteil,rezerves daļa,Rezerves daļa,MARKER_LEAK,lv_macron_consonant
data,nl,B1,817,Ersatzteil,rezerves daļa,Rezerves daļa,SAME_AS_LV_CASEFOLD,casefold_only
data,nl,B1,817,Ersatzteil,rezerves daļa,Rezerves daļa,LV_DIACRITIC,
data,nl,B1,817,Ersatzteil,rezerves daļa,Rezerves daļa,MARKER_LEAK,lv_macron_consonant
data,sk,B1,817,Ersatzteil,rezerves daļa,Część zamienna,MARKER_LEAK,pl_l_s_z+pl_lt_nasal
data,sl,B1,817,Ersatzteil,rezerves daļa,rezerves daļa,SAME_AS_LV_CASEFOLD,exact
data,sl,B1,817,Ersatzteil,rezerves daļa,rezerves daļa,LV_DIACRITIC,
data,sl,B1,817,Ersatzteil,rezerves daļa,rezerves daļa,MARKER_LEAK,lv_macron_consonant
data,bg,B1,817,Ersatzteil,rezerves daļa,Резервна част,FAMILY_COPY_STRICT,bg+hr+mk+sr
data,hr,B1,817,Ersatzteil,rezerves daļa,Резервна част,FAMILY_COPY_STRICT,bg+hr+mk+sr
data,mk,B1,817,Ersatzteil,rezerves daļa,Резервна част,FAMILY_COPY_STRICT,bg+hr+mk+sr
data,sr,B1,817,Ersatzteil,rezerves daļa,Резервна част,FAMILY_COPY_STRICT,bg+hr+mk+sr
data,fi,B1,817,Ersatzteil,rezerves daļa,Varuosa,FAMILY_COPY_STRICT,fi+is+nb+nn+sv
data,is,B1,817,Ersatzteil,rezerves daļa,Varuosa,FAMILY_COPY_STRICT,fi+is+nb+nn+sv
data,nb,B1,817,Ersatzteil,rezerves daļa,Varuosa,FAMILY_COPY_STRICT,fi+is+nb+nn+sv
data,nn,B1,817,Ersatzteil,rezerves daļa,Varuosa,FAMILY_COPY_STRICT,fi+is+nb+nn+sv
data,sv,B1,817,Ersatzteil,rezerves daļa,Varuosa,FAMILY_COPY_STRICT,fi+is+nb+nn+sv
data,it,B1,817,Ersatzteil,rezerves daļa,Rezerves daļa,FAMILY_COPY_STRICT,it+lb+nl
data,lb,B1,817,Ersatzteil,rezerves daļa,Rezerves daļa,FAMILY_COPY_STRICT,it+lb+nl
data,nl,B1,817,Ersatzteil,rezerves daļa,Rezerves daļa,FAMILY_COPY_STRICT,it+lb+nl
data,pl,B1,817,Ersatzteil,rezerves daļa,Część zamienna,FAMILY_COPY_STRICT,pl+sk
data,sk,B1,817,Ersatzteil,rezerves daļa,Część zamienna,FAMILY_COPY_STRICT,pl+sk
data,hr,B1,818,erscheinen,parādīties,Появи се,SCRIPT_MISMATCH,
data,hr,B1,818,erscheinen,parādīties,Появи се,MARKER_LEAK,foreign_script
data,nl,B1,818,erscheinen,parādīties,Parādīties,SAME_AS_LV_CASEFOLD,casefold_only
data,nl,B1,818,erscheinen,parādīties,Parādīties,LV_DIACRITIC,
data,nl,B1,818,erscheinen,parādīties,Parādīties,MARKER_LEAK,lv_macron_consonant
data,sl,B1,818,erscheinen,parādīties,parādīties,SAME_AS_LV_CASEFOLD,exact
data,sl,B1,818,erscheinen,parādīties,parādīties,LV_DIACRITIC,
data,sl,B1,818,erscheinen,parādīties,parādīties,MARKER_LEAK,lv_macron_consonant
data,bg,B1,818,erscheinen,parādīties,Появи се,FAMILY_COPY_STRICT,bg+hr+mk+sr
data,hr,B1,818,erscheinen,parādīties,Появи се,FAMILY_COPY_STRICT,bg+hr+mk+sr
data,mk,B1,818,erscheinen,parādīties,Появи се,FAMILY_COPY_STRICT,bg+hr+mk+sr
data,sr,B1,818,erscheinen,parādīties,Появи се,FAMILY_COPY_STRICT,bg+hr+mk+sr
data,fi,B1,818,erscheinen,parādīties,Ilmuma,FAMILY_COPY_STRICT,fi+is+nb+nn+sv
data,is,B1,818,erscheinen,parādīties,Ilmuma,FAMILY_COPY_STRICT,fi+is+nb+nn+sv
data,nb,B1,818,erscheinen,parādīties,Ilmuma,FAMILY_COPY_STRICT,fi+is+nb+nn+sv
data,nn,B1,818,erscheinen,parādīties,Ilmuma,FAMILY_COPY_STRICT,fi+is+nb+nn+sv
data,sv,B1,818,erscheinen,parādīties,Ilmuma,FAMILY_COPY_STRICT,fi+is+nb+nn+sv
data,sq,B1,818,erscheinen,parādīties,Görün,FAMILY_COPY_STRICT,sq+tr
data,tr,B1,818,erscheinen,parādīties,Görün,FAMILY_COPY_STRICT,sq+tr
data,hr,B1,819,erschöpft,pārguris,Изтощен,SCRIPT_MISMATCH,
data,hr,B1,819,erschöpft,pārguris,Изтощен,MARKER_LEAK,foreign_script
data,it,B1,819,erschöpft,pārguris,Pārguris,SAME_AS_LV_CASEFOLD,casefold_only
data,it,B1,819,erschöpft,pārguris,Pārguris,LV_DIACRITIC,
data,it,B1,819,erschöpft,pārguris,Pārguris,MARKER_LEAK,lv_macron_consonant
data,lb,B1,819,erschöpft,pārguris,Pārguris,SAME_AS_LV_CASEFOLD,casefold_only
data,lb,B1,819,erschöpft,pārguris,Pārguris,LV_DIACRITIC,
data,lb,B1,819,erschöpft,pārguris,Pārguris,MARKER_LEAK,lv_macron_consonant
data,nl,B1,819,erschöpft,pārguris,Pārguris,SAME_AS_LV_CASEFOLD,casefold_only
data,nl,B1,819,erschöpft,pārguris,Pārguris,LV_DIACRITIC,
data,nl,B1,819,erschöpft,pārguris,Pārguris,MARKER_LEAK,lv_macron_consonant
data,sl,B1,819,erschöpft,pārguris,pārguris,SAME_AS_LV_CASEFOLD,exact
data,sl,B1,819,erschöpft,pārguris,pārguris,LV_DIACRITIC,
data,sl,B1,819,erschöpft,pārguris,pārguris,MARKER_LEAK,lv_macron_consonant
data,bg,B1,819,erschöpft,pārguris,Изтощен,FAMILY_COPY_STRICT,bg+hr+mk+sr
data,hr,B1,819,erschöpft,pārguris,Изтощен,FAMILY_COPY_STRICT,bg+hr+mk+sr
data,mk,B1,819,erschöpft,pārguris,Изтощен,FAMILY_COPY_STRICT,bg+hr+mk+sr
data,sr,B1,819,erschöpft,pārguris,Изтощен,FAMILY_COPY_STRICT,bg+hr+mk+sr
data,fi,B1,819,erschöpft,pārguris,Kurnatud,FAMILY_COPY_STRICT,fi+is+nb+nn+sv
data,is,B1,819,erschöpft,pārguris,Kurnatud,FAMILY_COPY_STRICT,fi+is+nb+nn+sv
data,nb,B1,819,erschöpft,pārguris,Kurnatud,FAMILY_COPY_STRICT,fi+is+nb+nn+sv
data,nn,B1,819,erschöpft,pārguris,Kurnatud,FAMILY_COPY_STRICT,fi+is+nb+nn+sv
data,sv,B1,819,erschöpft,pārguris,Kurnatud,FAMILY_COPY_STRICT,fi+is+nb+nn+sv
data,it,B1,819,erschöpft,pārguris,Pārguris,FAMILY_COPY_STRICT,it+lb+nl
data,lb,B1,819,erschöpft,pārguris,Pārguris,FAMILY_COPY_STRICT,it+lb+nl
data,nl,B1,819,erschöpft,pārguris,Pārguris,FAMILY_COPY_STRICT,it+lb+nl
data,pl,B1,819,erschöpft,pārguris,Wyczerpany,FAMILY_COPY_STRICT,pl+sk+sq+tr
data,sk,B1,819,erschöpft,pārguris,Wyczerpany,FAMILY_COPY_STRICT,pl+sk+sq+tr
data,sq,B1,819,erschöpft,pārguris,Wyczerpany,FAMILY_COPY_STRICT,pl+sk+sq+tr
data,tr,B1,819,erschöpft,pārguris,Wyczerpany,FAMILY_COPY_STRICT,pl+sk+sq+tr
data,hr,B1,820,erschrecken,sabīties,Объркайте се,SCRIPT_MISMATCH,
data,hr,B1,820,erschrecken,sabīties,Объркайте се,MARKER_LEAK,foreign_script
data,it,B1,820,erschrecken,sabīties,Sabīties,SAME_AS_LV_CASEFOLD,casefold_only
data,it,B1,820,erschrecken,sabīties,Sabīties,LV_DIACRITIC,
data,it,B1,820,erschrecken,sabīties,Sabīties,MARKER_LEAK,lv_macron_consonant
data,lb,B1,820,erschrecken,sabīties,Sabīties,SAME_AS_LV_CASEFOLD,casefold_only
data,lb,B1,820,erschrecken,sabīties,Sabīties,LV_DIACRITIC,
data,lb,B1,820,erschrecken,sabīties,Sabīties,MARKER_LEAK,lv_macron_consonant
data,nl,B1,820,erschrecken,sabīties,Sabīties,SAME_AS_LV_CASEFOLD,casefold_only
data,nl,B1,820,erschrecken,sabīties,Sabīties,LV_DIACRITIC,
data,nl,B1,820,erschrecken,sabīties,Sabīties,MARKER_LEAK,lv_macron_consonant
data,sk,B1,820,erschrecken,sabīties,Peszyć się,MARKER_LEAK,pl_lt_nasal
data,sl,B1,820,erschrecken,sabīties,sabīties,SAME_AS_LV_CASEFOLD,exact
data,sl,B1,820,erschrecken,sabīties,sabīties,LV_DIACRITIC,
data,sl,B1,820,erschrecken,sabīties,sabīties,MARKER_LEAK,lv_macron_consonant
data,sq,B1,820,erschrecken,sabīties,Kafan karışsın,MARKER_LEAK,tr_soft
data,bg,B1,820,erschrecken,sabīties,Объркайте се,FAMILY_COPY_STRICT,bg+hr+mk+sr
data,hr,B1,820,erschrecken,sabīties,Объркайте се,FAMILY_COPY_STRICT,bg+hr+mk+sr
data,mk,B1,820,erschrecken,sabīties,Объркайте се,FAMILY_COPY_STRICT,bg+hr+mk+sr
data,sr,B1,820,erschrecken,sabīties,Объркайте се,FAMILY_COPY_STRICT,bg+hr+mk+sr
data,fi,B1,820,erschrecken,sabīties,Ehmuma,FAMILY_COPY_STRICT,fi+is+nb+nn+sv
data,is,B1,820,erschrecken,sabīties,Ehmuma,FAMILY_COPY_STRICT,fi+is+nb+nn+sv
data,nb,B1,820,erschrecken,sabīties,Ehmuma,FAMILY_COPY_STRICT,fi+is+nb+nn+sv
data,nn,B1,820,erschrecken,sabīties,Ehmuma,FAMILY_COPY_STRICT,fi+is+nb+nn+sv
data,sv,B1,820,erschrecken,sabīties,Ehmuma,FAMILY_COPY_STRICT,fi+is+nb+nn+sv
data,it,B1,820,erschrecken,sabīties,Sabīties,FAMILY_COPY_STRICT,it+lb+nl
data,lb,B1,820,erschrecken,sabīties,Sabīties,FAMILY_COPY_STRICT,it+lb+nl
data,nl,B1,820,erschrecken,sabīties,Sabīties,FAMILY_COPY_STRICT,it+lb+nl
data,pl,B1,820,erschrecken,sabīties,Peszyć się,FAMILY_COPY_STRICT,pl+sk
data,sk,B1,820,erschrecken,sabīties,Peszyć się,FAMILY_COPY_STRICT,pl+sk
data,sq,B1,820,erschrecken,sabīties,Kafan karışsın,FAMILY_COPY_STRICT,sq+tr
data,tr,B1,820,erschrecken,sabīties,Kafan karışsın,FAMILY_COPY_STRICT,sq+tr
data,hr,B1,821,ersetzen,aizstāt,Промена,SCRIPT_MISMATCH,
data,hr,B1,821,ersetzen,aizstāt,Промена,MARKER_LEAK,foreign_script
data,it,B1,821,ersetzen,aizstāt,Aizstāt,SAME_AS_LV_CASEFOLD,casefold_only
data,it,B1,821,ersetzen,aizstāt,Aizstāt,LV_DIACRITIC,
data,it,B1,821,ersetzen,aizstāt,Aizstāt,MARKER_LEAK,lv_macron_consonant
data,lb,B1,821,ersetzen,aizstāt,Aizstāt,SAME_AS_LV_CASEFOLD,casefold_only
data,lb,B1,821,ersetzen,aizstāt,Aizstāt,LV_DIACRITIC,
data,lb,B1,821,ersetzen,aizstāt,Aizstāt,MARKER_LEAK,lv_macron_consonant
data,nl,B1,821,ersetzen,aizstāt,Aizstāt,SAME_AS_LV_CASEFOLD,casefold_only
data,nl,B1,821,ersetzen,aizstāt,Aizstāt,LV_DIACRITIC,
data,nl,B1,821,ersetzen,aizstāt,Aizstāt,MARKER_LEAK,lv_macron_consonant
data,sl,B1,821,ersetzen,aizstāt,aizstāt,SAME_AS_LV_CASEFOLD,exact
data,sl,B1,821,ersetzen,aizstāt,aizstāt,LV_DIACRITIC,
data,sl,B1,821,ersetzen,aizstāt,aizstāt,MARKER_LEAK,lv_macron_consonant
data,fi,B1,821,ersetzen,aizstāt,Asendama,FAMILY_COPY_STRICT,fi+is+nb+nn+sv
data,is,B1,821,ersetzen,aizstāt,Asendama,FAMILY_COPY_STRICT,fi+is+nb+nn+sv
data,nb,B1,821,ersetzen,aizstāt,Asendama,FAMILY_COPY_STRICT,fi+is+nb+nn+sv
data,nn,B1,821,ersetzen,aizstāt,Asendama,FAMILY_COPY_STRICT,fi+is+nb+nn+sv
data,sv,B1,821,ersetzen,aizstāt,Asendama,FAMILY_COPY_STRICT,fi+is+nb+nn+sv
data,hr,B1,821,ersetzen,aizstāt,Промена,FAMILY_COPY_STRICT,hr+mk+sr
data,mk,B1,821,ersetzen,aizstāt,Промена,FAMILY_COPY_STRICT,hr+mk+sr
data,sr,B1,821,ersetzen,aizstāt,Промена,FAMILY_COPY_STRICT,hr+mk+sr
data,it,B1,821,ersetzen,aizstāt,Aizstāt,FAMILY_COPY_STRICT,it+lb+nl
data,lb,B1,821,ersetzen,aizstāt,Aizstāt,FAMILY_COPY_STRICT,it+lb+nl
data,nl,B1,821,ersetzen,aizstāt,Aizstāt,FAMILY_COPY_STRICT,it+lb+nl
data,sq,B1,821,ersetzen,aizstāt,Takas etmek,FAMILY_COPY_STRICT,sq+tr
data,tr,B1,821,ersetzen,aizstāt,Takas etmek,FAMILY_COPY_STRICT,sq+tr
data,hr,B1,822,Erstaunen,izbrīns,Изненадување,SCRIPT_MISMATCH,
data,hr,B1,822,Erstaunen,izbrīns,Изненадување,MARKER_LEAK,foreign_script
data,it,B1,822,Erstaunen,izbrīns,Izbrīns,SAME_AS_LV_CASEFOLD,casefold_only
data,it,B1,822,Erstaunen,izbrīns,Izbrīns,LV_DIACRITIC,
data,it,B1,822,Erstaunen,izbrīns,Izbrīns,MARKER_LEAK,lv_macron_consonant
data,lb,B1,822,Erstaunen,izbrīns,Izbrīns,SAME_AS_LV_CASEFOLD,casefold_only
data,lb,B1,822,Erstaunen,izbrīns,Izbrīns,LV_DIACRITIC,
data,lb,B1,822,Erstaunen,izbrīns,Izbrīns,MARKER_LEAK,lv_macron_consonant
data,nl,B1,822,Erstaunen,izbrīns,Izbrīns,SAME_AS_LV_CASEFOLD,casefold_only
data,nl,B1,822,Erstaunen,izbrīns,Izbrīns,LV_DIACRITIC,
data,nl,B1,822,Erstaunen,izbrīns,Izbrīns,MARKER_LEAK,lv_macron_consonant
data,sl,B1,822,Erstaunen,izbrīns,izbrīns,SAME_AS_LV_CASEFOLD,exact
data,sl,B1,822,Erstaunen,izbrīns,izbrīns,LV_DIACRITIC,
data,sl,B1,822,Erstaunen,izbrīns,izbrīns,MARKER_LEAK,lv_macron_consonant
data,fi,B1,822,Erstaunen,izbrīns,Hämmastus,FAMILY_COPY_STRICT,fi+is+nb+nn+sv
data,is,B1,822,Erstaunen,izbrīns,Hämmastus,FAMILY_COPY_STRICT,fi+is+nb+nn+sv
data,nb,B1,822,Erstaunen,izbrīns,Hämmastus,FAMILY_COPY_STRICT,fi+is+nb+nn+sv
data,nn,B1,822,Erstaunen,izbrīns,Hämmastus,FAMILY_COPY_STRICT,fi+is+nb+nn+sv
data,sv,B1,822,Erstaunen,izbrīns,Hämmastus,FAMILY_COPY_STRICT,fi+is+nb+nn+sv
data,hr,B1,822,Erstaunen,izbrīns,Изненадување,FAMILY_COPY_STRICT,hr+mk+sr
data,mk,B1,822,Erstaunen,izbrīns,Изненадување,FAMILY_COPY_STRICT,hr+mk+sr
data,sr,B1,822,Erstaunen,izbrīns,Изненадување,FAMILY_COPY_STRICT,hr+mk+sr
data,it,B1,822,Erstaunen,izbrīns,Izbrīns,FAMILY_COPY_STRICT,it+lb+nl
data,lb,B1,822,Erstaunen,izbrīns,Izbrīns,FAMILY_COPY_STRICT,it+lb+nl
data,nl,B1,822,Erstaunen,izbrīns,Izbrīns,FAMILY_COPY_STRICT,it+lb+nl
data,pl,B1,822,Erstaunen,izbrīns,Zdziwienie,FAMILY_COPY_STRICT,pl+sk+sq+tr
data,sk,B1,822,Erstaunen,izbrīns,Zdziwienie,FAMILY_COPY_STRICT,pl+sk+sq+tr
data,sq,B1,822,Erstaunen,izbrīns,Zdziwienie,FAMILY_COPY_STRICT,pl+sk+sq+tr
data,tr,B1,822,Erstaunen,izbrīns,Zdziwienie,FAMILY_COPY_STRICT,pl+sk+sq+tr
data,hr,B1,823,erteilen,sniegt,Осигурете,SCRIPT_MISMATCH,
data,hr,B1,823,erteilen,sniegt,Осигурете,MARKER_LEAK,foreign_script
data,it,B1,823,erteilen,sniegt,Sniegt,SAME_AS_LV_CASEFOLD,casefold_only
data,lb,B1,823,erteilen,sniegt,Sniegt,SAME_AS_LV_CASEFOLD,casefold_only
data,nl,B1,823,erteilen,sniegt,Sniegt,SAME_AS_LV_CASEFOLD,casefold_only
data,pt,B1,823,erteilen,sniegt,Sniegt,SAME_AS_LV_CASEFOLD,casefold_only
data,sl,B1,823,erteilen,sniegt,sniegt,SAME_AS_LV_CASEFOLD,exact
data,sq,B1,823,erteilen,sniegt,Sağlamak için,MARKER_LEAK,tr_soft
data,bg,B1,823,erteilen,sniegt,Осигурете,FAMILY_COPY_STRICT,bg+hr+mk+sr
data,hr,B1,823,erteilen,sniegt,Осигурете,FAMILY_COPY_STRICT,bg+hr+mk+sr
data,mk,B1,823,erteilen,sniegt,Осигурете,FAMILY_COPY_STRICT,bg+hr+mk+sr
data,sr,B1,823,erteilen,sniegt,Осигурете,FAMILY_COPY_STRICT,bg+hr+mk+sr
data,fi,B1,823,erteilen,sniegt,Andma,FAMILY_COPY_STRICT,fi+sv
data,sv,B1,823,erteilen,sniegt,Andma,FAMILY_COPY_STRICT,fi+sv
data,is,B1,823,erteilen,sniegt,Puste,FAMILY_COPY_STRICT,is+nb+nn
data,nb,B1,823,erteilen,sniegt,Puste,FAMILY_COPY_STRICT,is+nb+nn
data,nn,B1,823,erteilen,sniegt,Puste,FAMILY_COPY_STRICT,is+nb+nn
data,it,B1,823,erteilen,sniegt,Sniegt,FAMILY_COPY_STRICT,it+lb+nl+pt
data,lb,B1,823,erteilen,sniegt,Sniegt,FAMILY_COPY_STRICT,it+lb+nl+pt
data,nl,B1,823,erteilen,sniegt,Sniegt,FAMILY_COPY_STRICT,it+lb+nl+pt
data,pt,B1,823,erteilen,sniegt,Sniegt,FAMILY_COPY_STRICT,it+lb+nl+pt
data,pl,B1,823,erteilen,sniegt,Zapewnić,FAMILY_COPY_STRICT,pl+sk
data,sk,B1,823,erteilen,sniegt,Zapewnić,FAMILY_COPY_STRICT,pl+sk
data,sq,B1,823,erteilen,sniegt,Sağlamak için,FAMILY_COPY_STRICT,sq+tr
data,tr,B1,823,erteilen,sniegt,Sağlamak için,FAMILY_COPY_STRICT,sq+tr
data,hr,B1,824,Ertrag,peļņa,Полза,SCRIPT_MISMATCH,
data,hr,B1,824,Ertrag,peļņa,Полза,MARKER_LEAK,foreign_script
data,it,B1,824,Ertrag,peļņa,Peņņa,LV_DIACRITIC,
data,it,B1,824,Ertrag,peļņa,Peņņa,MARKER_LEAK,lv_macron_consonant
data,lb,B1,824,Ertrag,peļņa,Peļņa,SAME_AS_LV_CASEFOLD,casefold_only
data,lb,B1,824,Ertrag,peļņa,Peļņa,LV_DIACRITIC,
data,lb,B1,824,Ertrag,peļņa,Peļņa,MARKER_LEAK,lv_macron_consonant
data,nl,B1,824,Ertrag,peļņa,Peļņa,SAME_AS_LV_CASEFOLD,casefold_only
data,nl,B1,824,Ertrag,peļņa,Peļņa,LV_DIACRITIC,
data,nl,B1,824,Ertrag,peļņa,Peļņa,MARKER_LEAK,lv_macron_consonant
data,sl,B1,824,Ertrag,peļņa,peļņa,SAME_AS_LV_CASEFOLD,exact
data,sl,B1,824,Ertrag,peļņa,peļņa,LV_DIACRITIC,
data,sl,B1,824,Ertrag,peļņa,peļņa,MARKER_LEAK,lv_macron_consonant
data,bg,B1,824,Ertrag,peļņa,Полза,FAMILY_COPY_STRICT,bg+hr+mk+sr
data,hr,B1,824,Ertrag,peļņa,Полза,FAMILY_COPY_STRICT,bg+hr+mk+sr
data,mk,B1,824,Ertrag,peļņa,Полза,FAMILY_COPY_STRICT,bg+hr+mk+sr
data,sr,B1,824,Ertrag,peļņa,Полза,FAMILY_COPY_STRICT,bg+hr+mk+sr
data,bs,B1,824,Ertrag,peļņa,Profit,FAMILY_COPY_STRICT,bs+da+en+ro
data,da,B1,824,Ertrag,peļņa,Profit,FAMILY_COPY_STRICT,bs+da+en+ro
data,en,B1,824,Ertrag,peļņa,Profit,FAMILY_COPY_STRICT,bs+da+en+ro
data,ro,B1,824,Ertrag,peļņa,Profit,FAMILY_COPY_STRICT,bs+da+en+ro
data,fi,B1,824,Ertrag,peļņa,Teenistus,FAMILY_COPY_STRICT,fi+is+nb+nn+sv
data,is,B1,824,Ertrag,peļņa,Teenistus,FAMILY_COPY_STRICT,fi+is+nb+nn+sv
data,nb,B1,824,Ertrag,peļņa,Teenistus,FAMILY_COPY_STRICT,fi+is+nb+nn+sv
data,nn,B1,824,Ertrag,peļņa,Teenistus,FAMILY_COPY_STRICT,fi+is+nb+nn+sv
data,sv,B1,824,Ertrag,peļņa,Teenistus,FAMILY_COPY_STRICT,fi+is+nb+nn+sv
data,lb,B1,824,Ertrag,peļņa,Peļņa,FAMILY_COPY_STRICT,lb+nl
data,nl,B1,824,Ertrag,peļņa,Peļņa,FAMILY_COPY_STRICT,lb+nl
data,pl,B1,824,Ertrag,peļņa,Zysk,FAMILY_COPY_STRICT,pl+sk+sq+tr
data,sk,B1,824,Ertrag,peļņa,Zysk,FAMILY_COPY_STRICT,pl+sk+sq+tr
data,sq,B1,824,Ertrag,peļņa,Zysk,FAMILY_COPY_STRICT,pl+sk+sq+tr
data,tr,B1,824,Ertrag,peļņa,Zysk,FAMILY_COPY_STRICT,pl+sk+sq+tr
data,hr,B1,825,ertrinken,noslīkt,Удави се,SCRIPT_MISMATCH,
data,hr,B1,825,ertrinken,noslīkt,Удави се,MARKER_LEAK,foreign_script
data,it,B1,825,ertrinken,noslīkt,Noslīkt,SAME_AS_LV_CASEFOLD,casefold_only
data,it,B1,825,ertrinken,noslīkt,Noslīkt,LV_DIACRITIC,
data,it,B1,825,ertrinken,noslīkt,Noslīkt,MARKER_LEAK,lv_macron_consonant
data,lb,B1,825,ertrinken,noslīkt,Noslīkt,SAME_AS_LV_CASEFOLD,casefold_only
data,lb,B1,825,ertrinken,noslīkt,Noslīkt,LV_DIACRITIC,
data,lb,B1,825,ertrinken,noslīkt,Noslīkt,MARKER_LEAK,lv_macron_consonant
data,nl,B1,825,ertrinken,noslīkt,Noslīkt,SAME_AS_LV_CASEFOLD,casefold_only
data,nl,B1,825,ertrinken,noslīkt,Noslīkt,LV_DIACRITIC,
data,nl,B1,825,ertrinken,noslīkt,Noslīkt,MARKER_LEAK,lv_macron_consonant
data,sk,B1,825,ertrinken,noslīkt,Utonąć,MARKER_LEAK,pl_lt_nasal
data,sl,B1,825,ertrinken,noslīkt,noslīkt,SAME_AS_LV_CASEFOLD,exact
data,sl,B1,825,ertrinken,noslīkt,noslīkt,LV_DIACRITIC,
data,sl,B1,825,ertrinken,noslīkt,noslīkt,MARKER_LEAK,lv_macron_consonant
data,bg,B1,825,ertrinken,noslīkt,Удави се,FAMILY_COPY_STRICT,bg+hr+mk+sr
data,hr,B1,825,ertrinken,noslīkt,Удави се,FAMILY_COPY_STRICT,bg+hr+mk+sr
data,mk,B1,825,ertrinken,noslīkt,Удави се,FAMILY_COPY_STRICT,bg+hr+mk+sr
data,sr,B1,825,ertrinken,noslīkt,Удави се,FAMILY_COPY_STRICT,bg+hr+mk+sr
data,fi,B1,825,ertrinken,noslīkt,Ära uppuma,FAMILY_COPY_STRICT,fi+is+nb+nn+sv
data,is,B1,825,ertrinken,noslīkt,Ära uppuma,FAMILY_COPY_STRICT,fi+is+nb+nn+sv
data,nb,B1,825,ertrinken,noslīkt,Ära uppuma,FAMILY_COPY_STRICT,fi+is+nb+nn+sv
data,nn,B1,825,ertrinken,noslīkt,Ära uppuma,FAMILY_COPY_STRICT,fi+is+nb+nn+sv
data,sv,B1,825,ertrinken,noslīkt,Ära uppuma,FAMILY_COPY_STRICT,fi+is+nb+nn+sv
data,it,B1,825,ertrinken,noslīkt,Noslīkt,FAMILY_COPY_STRICT,it+lb+nl
data,lb,B1,825,ertrinken,noslīkt,Noslīkt,FAMILY_COPY_STRICT,it+lb+nl
data,nl,B1,825,ertrinken,noslīkt,Noslīkt,FAMILY_COPY_STRICT,it+lb+nl
data,pl,B1,825,ertrinken,noslīkt,Utonąć,FAMILY_COPY_STRICT,pl+sk
data,sk,B1,825,ertrinken,noslīkt,Utonąć,FAMILY_COPY_STRICT,pl+sk
data,sq,B1,825,ertrinken,noslīkt,Atmak,FAMILY_COPY_STRICT,sq+tr
data,tr,B1,825,ertrinken,noslīkt,Atmak,FAMILY_COPY_STRICT,sq+tr
data,hr,B1,826,erwachen,pamosties,Събуди се,SCRIPT_MISMATCH,
data,hr,B1,826,erwachen,pamosties,Събуди се,MARKER_LEAK,foreign_script
data,it,B1,826,erwachen,pamosties,Pamosties,SAME_AS_LV_CASEFOLD,casefold_only
data,lb,B1,826,erwachen,pamosties,Pamosties,SAME_AS_LV_CASEFOLD,casefold_only
data,nl,B1,826,erwachen,pamosties,Pamosties,SAME_AS_LV_CASEFOLD,casefold_only
data,pt,B1,826,erwachen,pamosties,Pamosties,SAME_AS_LV_CASEFOLD,casefold_only
data,sl,B1,826,erwachen,pamosties,pamosties,SAME_AS_LV_CASEFOLD,exact
data,bg,B1,826,erwachen,pamosties,Събуди се,FAMILY_COPY_STRICT,bg+hr+mk+sr
data,hr,B1,826,erwachen,pamosties,Събуди се,FAMILY_COPY_STRICT,bg+hr+mk+sr
data,mk,B1,826,erwachen,pamosties,Събуди се,FAMILY_COPY_STRICT,bg+hr+mk+sr
data,sr,B1,826,erwachen,pamosties,Събуди се,FAMILY_COPY_STRICT,bg+hr+mk+sr
data,fi,B1,826,erwachen,pamosties,Ärkama,FAMILY_COPY_STRICT,fi+sv
data,sv,B1,826,erwachen,pamosties,Ärkama,FAMILY_COPY_STRICT,fi+sv
data,is,B1,826,erwachen,pamosties,Arkama,FAMILY_COPY_STRICT,is+nb+nn
data,nb,B1,826,erwachen,pamosties,Arkama,FAMILY_COPY_STRICT,is+nb+nn
data,nn,B1,826,erwachen,pamosties,Arkama,FAMILY_COPY_STRICT,is+nb+nn
data,it,B1,826,erwachen,pamosties,Pamosties,FAMILY_COPY_STRICT,it+lb+nl+pt
data,lb,B1,826,erwachen,pamosties,Pamosties,FAMILY_COPY_STRICT,it+lb+nl+pt
data,nl,B1,826,erwachen,pamosties,Pamosties,FAMILY_COPY_STRICT,it+lb+nl+pt
data,pt,B1,826,erwachen,pamosties,Pamosties,FAMILY_COPY_STRICT,it+lb+nl+pt
data,hr,B1,827,erwähnen,pieminēt,Споменаване,SCRIPT_MISMATCH,
data,hr,B1,827,erwähnen,pieminēt,Споменаване,MARKER_LEAK,foreign_script
data,it,B1,827,erwähnen,pieminēt,Pieminēt,SAME_AS_LV_CASEFOLD,casefold_only
data,it,B1,827,erwähnen,pieminēt,Pieminēt,LV_DIACRITIC,
data,it,B1,827,erwähnen,pieminēt,Pieminēt,MARKER_LEAK,lv_macron_consonant
data,lb,B1,827,erwähnen,pieminēt,Pieminēt,SAME_AS_LV_CASEFOLD,casefold_only
data,lb,B1,827,erwähnen,pieminēt,Pieminēt,LV_DIACRITIC,
data,lb,B1,827,erwähnen,pieminēt,Pieminēt,MARKER_LEAK,lv_macron_consonant
data,nl,B1,827,erwähnen,pieminēt,Pieminēt,SAME_AS_LV_CASEFOLD,casefold_only
data,nl,B1,827,erwähnen,pieminēt,Pieminēt,LV_DIACRITIC,
data,nl,B1,827,erwähnen,pieminēt,Pieminēt,MARKER_LEAK,lv_macron_consonant
data,sl,B1,827,erwähnen,pieminēt,pieminēt,SAME_AS_LV_CASEFOLD,exact
data,sl,B1,827,erwähnen,pieminēt,pieminēt,LV_DIACRITIC,
data,sl,B1,827,erwähnen,pieminēt,pieminēt,MARKER_LEAK,lv_macron_consonant
data,sq,B1,827,erwähnen,pieminēt,Değinmek,MARKER_LEAK,tr_soft
data,bg,B1,827,erwähnen,pieminēt,Споменаване,FAMILY_COPY_STRICT,bg+hr+mk+sr
data,hr,B1,827,erwähnen,pieminēt,Споменаване,FAMILY_COPY_STRICT,bg+hr+mk+sr
data,mk,B1,827,erwähnen,pieminēt,Споменаване,FAMILY_COPY_STRICT,bg+hr+mk+sr
data,sr,B1,827,erwähnen,pieminēt,Споменаване,FAMILY_COPY_STRICT,bg+hr+mk+sr
data,fi,B1,827,erwähnen,pieminēt,Mainima,FAMILY_COPY_STRICT,fi+is+nb+nn+sv
data,is,B1,827,erwähnen,pieminēt,Mainima,FAMILY_COPY_STRICT,fi+is+nb+nn+sv
data,nb,B1,827,erwähnen,pieminēt,Mainima,FAMILY_COPY_STRICT,fi+is+nb+nn+sv
data,nn,B1,827,erwähnen,pieminēt,Mainima,FAMILY_COPY_STRICT,fi+is+nb+nn+sv
data,sv,B1,827,erwähnen,pieminēt,Mainima,FAMILY_COPY_STRICT,fi+is+nb+nn+sv
data,it,B1,827,erwähnen,pieminēt,Pieminēt,FAMILY_COPY_STRICT,it+lb+nl
data,lb,B1,827,erwähnen,pieminēt,Pieminēt,FAMILY_COPY_STRICT,it+lb+nl
data,nl,B1,827,erwähnen,pieminēt,Pieminēt,FAMILY_COPY_STRICT,it+lb+nl
data,pl,B1,827,erwähnen,pieminēt,Wspomnieć,FAMILY_COPY_STRICT,pl+sk
data,sk,B1,827,erwähnen,pieminēt,Wspomnieć,FAMILY_COPY_STRICT,pl+sk
data,sq,B1,827,erwähnen,pieminēt,Değinmek,FAMILY_COPY_STRICT,sq+tr
data,tr,B1,827,erwähnen,pieminēt,Değinmek,FAMILY_COPY_STRICT,sq+tr
data,hr,B1,828,sich erwärmen,sasilt,Загрейте,SCRIPT_MISMATCH,
data,hr,B1,828,sich erwärmen,sasilt,Загрейте,MARKER_LEAK,foreign_script
data,it,B1,828,sich erwärmen,sasilt,Sasilt,SAME_AS_LV_CASEFOLD,casefold_only
data,nl,B1,828,sich erwärmen,sasilt,Sasilt,SAME_AS_LV_CASEFOLD,casefold_only
data,sk,B1,828,sich erwärmen,sasilt,Rozgrzać się,MARKER_LEAK,pl_lt_nasal
data,sl,B1,828,sich erwärmen,sasilt,sasilt,SAME_AS_LV_CASEFOLD,exact
data,sq,B1,828,sich erwärmen,sasilt,Isınma,MARKER_LEAK,tr_soft
data,bg,B1,828,sich erwärmen,sasilt,Загрейте,FAMILY_COPY_STRICT,bg+hr+mk+sr
data,hr,B1,828,sich erwärmen,sasilt,Загрейте,FAMILY_COPY_STRICT,bg+hr+mk+sr
data,mk,B1,828,sich erwärmen,sasilt,Загрейте,FAMILY_COPY_STRICT,bg+hr+mk+sr
data,sr,B1,828,sich erwärmen,sasilt,Загрейте,FAMILY_COPY_STRICT,bg+hr+mk+sr
data,fi,B1,828,sich erwärmen,sasilt,Soojenema,FAMILY_COPY_STRICT,fi+is+nb+nn+sv
data,is,B1,828,sich erwärmen,sasilt,Soojenema,FAMILY_COPY_STRICT,fi+is+nb+nn+sv
data,nb,B1,828,sich erwärmen,sasilt,Soojenema,FAMILY_COPY_STRICT,fi+is+nb+nn+sv
data,nn,B1,828,sich erwärmen,sasilt,Soojenema,FAMILY_COPY_STRICT,fi+is+nb+nn+sv
data,sv,B1,828,sich erwärmen,sasilt,Soojenema,FAMILY_COPY_STRICT,fi+is+nb+nn+sv
data,it,B1,828,sich erwärmen,sasilt,Sasilt,FAMILY_COPY_STRICT,it+nl
data,nl,B1,828,sich erwärmen,sasilt,Sasilt,FAMILY_COPY_STRICT,it+nl
data,pl,B1,828,sich erwärmen,sasilt,Rozgrzać się,FAMILY_COPY_STRICT,pl+sk
data,sk,B1,828,sich erwärmen,sasilt,Rozgrzać się,FAMILY_COPY_STRICT,pl+sk
data,sq,B1,828,sich erwärmen,sasilt,Isınma,FAMILY_COPY_STRICT,sq+tr
data,tr,B1,828,sich erwärmen,sasilt,Isınma,FAMILY_COPY_STRICT,sq+tr
data,hr,B1,829,Erwartung,gaidas,Чекање,SCRIPT_MISMATCH,
data,hr,B1,829,Erwartung,gaidas,Чекање,MARKER_LEAK,foreign_script
data,it,B1,829,Erwartung,gaidas,Gaidas,SAME_AS_LV_CASEFOLD,casefold_only
data,lb,B1,829,Erwartung,gaidas,Gaidas,SAME_AS_LV_CASEFOLD,casefold_only
data,nl,B1,829,Erwartung,gaidas,Gaidas,SAME_AS_LV_CASEFOLD,casefold_only
data,pt,B1,829,Erwartung,gaidas,Gaidas,SAME_AS_LV_CASEFOLD,casefold_only
data,sl,B1,829,Erwartung,gaidas,gaidas,SAME_AS_LV_CASEFOLD,exact
data,fi,B1,829,Erwartung,gaidas,Ootus,FAMILY_COPY_STRICT,fi+is+nb+nn+sv
data,is,B1,829,Erwartung,gaidas,Ootus,FAMILY_COPY_STRICT,fi+is+nb+nn+sv
data,nb,B1,829,Erwartung,gaidas,Ootus,FAMILY_COPY_STRICT,fi+is+nb+nn+sv
data,nn,B1,829,Erwartung,gaidas,Ootus,FAMILY_COPY_STRICT,fi+is+nb+nn+sv
data,sv,B1,829,Erwartung,gaidas,Ootus,FAMILY_COPY_STRICT,fi+is+nb+nn+sv
data,hr,B1,829,Erwartung,gaidas,Чекање,FAMILY_COPY_STRICT,hr+mk+sr
data,mk,B1,829,Erwartung,gaidas,Чекање,FAMILY_COPY_STRICT,hr+mk+sr
data,sr,B1,829,Erwartung,gaidas,Чекање,FAMILY_COPY_STRICT,hr+mk+sr
data,it,B1,829,Erwartung,gaidas,Gaidas,FAMILY_COPY_STRICT,it+lb+nl+pt
data,lb,B1,829,Erwartung,gaidas,Gaidas,FAMILY_COPY_STRICT,it+lb+nl+pt
data,nl,B1,829,Erwartung,gaidas,Gaidas,FAMILY_COPY_STRICT,it+lb+nl+pt
data,pt,B1,829,Erwartung,gaidas,Gaidas,FAMILY_COPY_STRICT,it+lb+nl+pt
data,pl,B1,829,Erwartung,gaidas,Czekanie,FAMILY_COPY_STRICT,pl+sk
data,sk,B1,829,Erwartung,gaidas,Czekanie,FAMILY_COPY_STRICT,pl+sk
data,sq,B1,829,Erwartung,gaidas,Bekleniyor,FAMILY_COPY_STRICT,sq+tr
data,tr,B1,829,Erwartung,gaidas,Bekleniyor,FAMILY_COPY_STRICT,sq+tr
data,hr,B1,830,erwecken,pamodināt,Събуди се,SCRIPT_MISMATCH,
data,hr,B1,830,erwecken,pamodināt,Събуди се,MARKER_LEAK,foreign_script
data,it,B1,830,erwecken,pamodināt,Pamodināt,SAME_AS_LV_CASEFOLD,casefold_only
data,it,B1,830,erwecken,pamodināt,Pamodināt,LV_DIACRITIC,
data,it,B1,830,erwecken,pamodināt,Pamodināt,MARKER_LEAK,lv_macron_consonant
data,lb,B1,830,erwecken,pamodināt,Pamodināt,SAME_AS_LV_CASEFOLD,casefold_only
data,lb,B1,830,erwecken,pamodināt,Pamodināt,LV_DIACRITIC,
data,lb,B1,830,erwecken,pamodināt,Pamodināt,MARKER_LEAK,lv_macron_consonant
data,nl,B1,830,erwecken,pamodināt,Pamodināt,SAME_AS_LV_CASEFOLD,casefold_only
data,nl,B1,830,erwecken,pamodināt,Pamodināt,LV_DIACRITIC,
data,nl,B1,830,erwecken,pamodināt,Pamodināt,MARKER_LEAK,lv_macron_consonant
data,sl,B1,830,erwecken,pamodināt,pamodināt,SAME_AS_LV_CASEFOLD,exact
data,sl,B1,830,erwecken,pamodināt,pamodināt,LV_DIACRITIC,
data,sl,B1,830,erwecken,pamodināt,pamodināt,MARKER_LEAK,lv_macron_consonant
data,bg,B1,830,erwecken,pamodināt,Събуди се,FAMILY_COPY_STRICT,bg+hr+mk+sr
data,hr,B1,830,erwecken,pamodināt,Събуди се,FAMILY_COPY_STRICT,bg+hr+mk+sr
data,mk,B1,830,erwecken,pamodināt,Събуди се,FAMILY_COPY_STRICT,bg+hr+mk+sr
data,sr,B1,830,erwecken,pamodināt,Събуди се,FAMILY_COPY_STRICT,bg+hr+mk+sr
data,fi,B1,830,erwecken,pamodināt,Äratama,FAMILY_COPY_STRICT,fi+is+nb+nn+sv
data,is,B1,830,erwecken,pamodināt,Äratama,FAMILY_COPY_STRICT,fi+is+nb+nn+sv
data,nb,B1,830,erwecken,pamodināt,Äratama,FAMILY_COPY_STRICT,fi+is+nb+nn+sv
data,nn,B1,830,erwecken,pamodināt,Äratama,FAMILY_COPY_STRICT,fi+is+nb+nn+sv
data,sv,B1,830,erwecken,pamodināt,Äratama,FAMILY_COPY_STRICT,fi+is+nb+nn+sv
data,it,B1,830,erwecken,pamodināt,Pamodināt,FAMILY_COPY_STRICT,it+lb+nl
data,lb,B1,830,erwecken,pamodināt,Pamodināt,FAMILY_COPY_STRICT,it+lb+nl
data,nl,B1,830,erwecken,pamodināt,Pamodināt,FAMILY_COPY_STRICT,it+lb+nl
data,hr,B1,831,erweitern,paplašināt,Разширяване,SCRIPT_MISMATCH,
data,hr,B1,831,erweitern,paplašināt,Разширяване,MARKER_LEAK,foreign_script
data,it,B1,831,erweitern,paplašināt,Paplašināt,SAME_AS_LV_CASEFOLD,casefold_only
data,it,B1,831,erweitern,paplašināt,Paplašināt,LV_DIACRITIC,
data,it,B1,831,erweitern,paplašināt,Paplašināt,MARKER_LEAK,lv_macron_consonant
data,lb,B1,831,erweitern,paplašināt,Paplašināt,SAME_AS_LV_CASEFOLD,casefold_only
data,lb,B1,831,erweitern,paplašināt,Paplašināt,LV_DIACRITIC,
data,lb,B1,831,erweitern,paplašināt,Paplašināt,MARKER_LEAK,lv_macron_consonant
data,nl,B1,831,erweitern,paplašināt,Paplašināt,SAME_AS_LV_CASEFOLD,casefold_only
data,nl,B1,831,erweitern,paplašināt,Paplašināt,LV_DIACRITIC,
data,nl,B1,831,erweitern,paplašināt,Paplašināt,MARKER_LEAK,lv_macron_consonant
data,pt,B1,831,erweitern,paplašināt,Papalašinat,LV_DIACRITIC,
data,sk,B1,831,erweitern,paplašināt,Zwiększać,MARKER_LEAK,pl_lt_nasal
data,sl,B1,831,erweitern,paplašināt,paplašināt,SAME_AS_LV_CASEFOLD,exact
data,sl,B1,831,erweitern,paplašināt,paplašināt,LV_DIACRITIC,
data,sl,B1,831,erweitern,paplašināt,paplašināt,MARKER_LEAK,lv_macron_consonant
data,sq,B1,831,erweitern,paplašināt,Arttırmak,MARKER_LEAK,tr_soft
data,bg,B1,831,erweitern,paplašināt,Разширяване,FAMILY_COPY_STRICT,bg+hr+mk+sr
data,hr,B1,831,erweitern,paplašināt,Разширяване,FAMILY_COPY_STRICT,bg+hr+mk+sr
data,mk,B1,831,erweitern,paplašināt,Разширяване,FAMILY_COPY_STRICT,bg+hr+mk+sr
data,sr,B1,831,erweitern,paplašināt,Разширяване,FAMILY_COPY_STRICT,bg+hr+mk+sr
data,fi,B1,831,erweitern,paplašināt,Laiendama,FAMILY_COPY_STRICT,fi+is+nb+nn+sv
data,is,B1,831,erweitern,paplašināt,Laiendama,FAMILY_COPY_STRICT,fi+is+nb+nn+sv
data,nb,B1,831,erweitern,paplašināt,Laiendama,FAMILY_COPY_STRICT,fi+is+nb+nn+sv
data,nn,B1,831,erweitern,paplašināt,Laiendama,FAMILY_COPY_STRICT,fi+is+nb+nn+sv
data,sv,B1,831,erweitern,paplašināt,Laiendama,FAMILY_COPY_STRICT,fi+is+nb+nn+sv
data,it,B1,831,erweitern,paplašināt,Paplašināt,FAMILY_COPY_STRICT,it+lb+nl
data,lb,B1,831,erweitern,paplašināt,Paplašināt,FAMILY_COPY_STRICT,it+lb+nl
data,nl,B1,831,erweitern,paplašināt,Paplašināt,FAMILY_COPY_STRICT,it+lb+nl
data,pl,B1,831,erweitern,paplašināt,Zwiększać,FAMILY_COPY_STRICT,pl+sk
data,sk,B1,831,erweitern,paplašināt,Zwiększać,FAMILY_COPY_STRICT,pl+sk
data,sq,B1,831,erweitern,paplašināt,Arttırmak,FAMILY_COPY_STRICT,sq+tr
data,tr,B1,831,erweitern,paplašināt,Arttırmak,FAMILY_COPY_STRICT,sq+tr
data,nl,B1,832,erwidern,atbildēt,Atbildēt,SAME_AS_LV_CASEFOLD,casefold_only
data,nl,B1,832,erwidern,atbildēt,Atbildēt,LV_DIACRITIC,
data,nl,B1,832,erwidern,atbildēt,Atbildēt,MARKER_LEAK,lv_macron_consonant
data,sl,B1,832,erwidern,atbildēt,atbildēt,SAME_AS_LV_CASEFOLD,exact
data,sl,B1,832,erwidern,atbildēt,atbildēt,LV_DIACRITIC,
data,sl,B1,832,erwidern,atbildēt,atbildēt,MARKER_LEAK,lv_macron_consonant
data,sr,B1,832,erwidern,atbildēt,Bog.,SCRIPT_MISMATCH,sr_as_cyrillic
data,sr,B1,832,erwidern,atbildēt,Bog.,MARKER_LEAK,latin_in_cyrillic
data,fi,B1,832,erwidern,atbildēt,Vastama,FAMILY_COPY_STRICT,fi+is+nb+nn+sv
data,is,B1,832,erwidern,atbildēt,Vastama,FAMILY_COPY_STRICT,fi+is+nb+nn+sv
data,nb,B1,832,erwidern,atbildēt,Vastama,FAMILY_COPY_STRICT,fi+is+nb+nn+sv
data,nn,B1,832,erwidern,atbildēt,Vastama,FAMILY_COPY_STRICT,fi+is+nb+nn+sv
data,sv,B1,832,erwidern,atbildēt,Vastama,FAMILY_COPY_STRICT,fi+is+nb+nn+sv
data,hr,B1,832,erwidern,atbildēt,Bog.,FAMILY_COPY_STRICT,hr+sr
data,sr,B1,832,erwidern,atbildēt,Bog.,FAMILY_COPY_STRICT,hr+sr
data,it,B1,832,erwidern,atbildēt,Atbildet,FAMILY_COPY_STRICT,it+pt
data,pt,B1,832,erwidern,atbildēt,Atbildet,FAMILY_COPY_STRICT,it+pt
data,hr,B1,833,erwischen,noķert,Улов,SCRIPT_MISMATCH,
data,hr,B1,833,erwischen,noķert,Улов,MARKER_LEAK,foreign_script
data,it,B1,833,erwischen,noķert,Noķert,SAME_AS_LV_CASEFOLD,casefold_only
data,it,B1,833,erwischen,noķert,Noķert,LV_DIACRITIC,
data,it,B1,833,erwischen,noķert,Noķert,MARKER_LEAK,lv_macron_consonant
data,lb,B1,833,erwischen,noķert,Noķert,SAME_AS_LV_CASEFOLD,casefold_only
data,lb,B1,833,erwischen,noķert,Noķert,LV_DIACRITIC,
data,lb,B1,833,erwischen,noķert,Noķert,MARKER_LEAK,lv_macron_consonant
data,nl,B1,833,erwischen,noķert,Noķert,SAME_AS_LV_CASEFOLD,casefold_only
data,nl,B1,833,erwischen,noķert,Noķert,LV_DIACRITIC,
data,nl,B1,833,erwischen,noķert,Noķert,MARKER_LEAK,lv_macron_consonant
data,pt,B1,833,erwischen,noķert,Noķert,SAME_AS_LV_CASEFOLD,casefold_only
data,pt,B1,833,erwischen,noķert,Noķert,LV_DIACRITIC,
data,pt,B1,833,erwischen,noķert,Noķert,MARKER_LEAK,lv_macron_consonant
data,sk,B1,833,erwischen,noķert,Złapać,MARKER_LEAK,pl_l_s_z
data,sl,B1,833,erwischen,noķert,noķert,SAME_AS_LV_CASEFOLD,exact
data,sl,B1,833,erwischen,noķert,noķert,LV_DIACRITIC,
data,sl,B1,833,erwischen,noķert,noķert,MARKER_LEAK,lv_macron_consonant
data,bg,B1,833,erwischen,noķert,Улов,FAMILY_COPY_STRICT,bg+hr+mk+sr
data,hr,B1,833,erwischen,noķert,Улов,FAMILY_COPY_STRICT,bg+hr+mk+sr
data,mk,B1,833,erwischen,noķert,Улов,FAMILY_COPY_STRICT,bg+hr+mk+sr
data,sr,B1,833,erwischen,noķert,Улов,FAMILY_COPY_STRICT,bg+hr+mk+sr
data,fi,B1,833,erwischen,noķert,Kinni püüdma,FAMILY_COPY_STRICT,fi+is+nb+nn+sv
data,is,B1,833,erwischen,noķert,Kinni püüdma,FAMILY_COPY_STRICT,fi+is+nb+nn+sv
data,nb,B1,833,erwischen,noķert,Kinni püüdma,FAMILY_COPY_STRICT,fi+is+nb+nn+sv
data,nn,B1,833,erwischen,noķert,Kinni püüdma,FAMILY_COPY_STRICT,fi+is+nb+nn+sv
data,sv,B1,833,erwischen,noķert,Kinni püüdma,FAMILY_COPY_STRICT,fi+is+nb+nn+sv
data,it,B1,833,erwischen,noķert,Noķert,FAMILY_COPY_STRICT,it+lb+nl+pt
data,lb,B1,833,erwischen,noķert,Noķert,FAMILY_COPY_STRICT,it+lb+nl+pt
data,nl,B1,833,erwischen,noķert,Noķert,FAMILY_COPY_STRICT,it+lb+nl+pt
data,pt,B1,833,erwischen,noķert,Noķert,FAMILY_COPY_STRICT,it+lb+nl+pt
data,pl,B1,833,erwischen,noķert,Złapać,FAMILY_COPY_STRICT,pl+sk
data,sk,B1,833,erwischen,noķert,Złapać,FAMILY_COPY_STRICT,pl+sk
data,sq,B1,833,erwischen,noķert,Yakalamak için,FAMILY_COPY_STRICT,sq+tr
data,tr,B1,833,erwischen,noķert,Yakalamak için,FAMILY_COPY_STRICT,sq+tr
data,hr,B1,834,Erzählung,stāsts,История,SCRIPT_MISMATCH,
data,hr,B1,834,Erzählung,stāsts,История,MARKER_LEAK,foreign_script
data,it,B1,834,Erzählung,stāsts,Stāsts,SAME_AS_LV_CASEFOLD,casefold_only
data,it,B1,834,Erzählung,stāsts,Stāsts,LV_DIACRITIC,
data,it,B1,834,Erzählung,stāsts,Stāsts,MARKER_LEAK,lv_macron_consonant
data,lb,B1,834,Erzählung,stāsts,Stāsts,SAME_AS_LV_CASEFOLD,casefold_only
data,lb,B1,834,Erzählung,stāsts,Stāsts,LV_DIACRITIC,
data,lb,B1,834,Erzählung,stāsts,Stāsts,MARKER_LEAK,lv_macron_consonant
data,nl,B1,834,Erzählung,stāsts,Stāsts,SAME_AS_LV_CASEFOLD,casefold_only
data,nl,B1,834,Erzählung,stāsts,Stāsts,LV_DIACRITIC,
data,nl,B1,834,Erzählung,stāsts,Stāsts,MARKER_LEAK,lv_macron_consonant
data,sl,B1,834,Erzählung,stāsts,stāsts,SAME_AS_LV_CASEFOLD,exact
data,sl,B1,834,Erzählung,stāsts,stāsts,LV_DIACRITIC,
data,sl,B1,834,Erzählung,stāsts,stāsts,MARKER_LEAK,lv_macron_consonant
data,bg,B1,834,Erzählung,stāsts,История,FAMILY_COPY_STRICT,bg+hr+mk+ru+sr
data,hr,B1,834,Erzählung,stāsts,История,FAMILY_COPY_STRICT,bg+hr+mk+ru+sr
data,mk,B1,834,Erzählung,stāsts,История,FAMILY_COPY_STRICT,bg+hr+mk+ru+sr
data,ru,B1,834,Erzählung,stāsts,История,FAMILY_COPY_STRICT,bg+hr+mk+ru+sr
data,sr,B1,834,Erzählung,stāsts,История,FAMILY_COPY_STRICT,bg+hr+mk+ru+sr
data,fi,B1,834,Erzählung,stāsts,Jutustus,FAMILY_COPY_STRICT,fi+is+nb+nn+sv
data,is,B1,834,Erzählung,stāsts,Jutustus,FAMILY_COPY_STRICT,fi+is+nb+nn+sv
data,nb,B1,834,Erzählung,stāsts,Jutustus,FAMILY_COPY_STRICT,fi+is+nb+nn+sv
data,nn,B1,834,Erzählung,stāsts,Jutustus,FAMILY_COPY_STRICT,fi+is+nb+nn+sv
data,sv,B1,834,Erzählung,stāsts,Jutustus,FAMILY_COPY_STRICT,fi+is+nb+nn+sv
data,it,B1,834,Erzählung,stāsts,Stāsts,FAMILY_COPY_STRICT,it+lb+nl
data,lb,B1,834,Erzählung,stāsts,Stāsts,FAMILY_COPY_STRICT,it+lb+nl
data,nl,B1,834,Erzählung,stāsts,Stāsts,FAMILY_COPY_STRICT,it+lb+nl
data,pl,B1,834,Erzählung,stāsts,Historia,FAMILY_COPY_STRICT,pl+sk+sq+tr
data,sk,B1,834,Erzählung,stāsts,Historia,FAMILY_COPY_STRICT,pl+sk+sq+tr
data,sq,B1,834,Erzählung,stāsts,Historia,FAMILY_COPY_STRICT,pl+sk+sq+tr
data,tr,B1,834,Erzählung,stāsts,Historia,FAMILY_COPY_STRICT,pl+sk+sq+tr
data,hr,B1,835,erzeugen,ražot,Продукция,SCRIPT_MISMATCH,
data,hr,B1,835,erzeugen,ražot,Продукция,MARKER_LEAK,foreign_script
data,it,B1,835,erzeugen,ražot,Ražot,SAME_AS_LV_CASEFOLD,casefold_only
data,it,B1,835,erzeugen,ražot,Ražot,LV_DIACRITIC,
data,lb,B1,835,erzeugen,ražot,Ražot,SAME_AS_LV_CASEFOLD,casefold_only
data,lb,B1,835,erzeugen,ražot,Ražot,LV_DIACRITIC,
data,nl,B1,835,erzeugen,ražot,Ražot,SAME_AS_LV_CASEFOLD,casefold_only
data,nl,B1,835,erzeugen,ražot,Ražot,LV_DIACRITIC,
data,sl,B1,835,erzeugen,ražot,ražot,SAME_AS_LV_CASEFOLD,exact
data,bg,B1,835,erzeugen,ražot,Продукция,FAMILY_COPY_STRICT,bg+hr+mk+sr
data,hr,B1,835,erzeugen,ražot,Продукция,FAMILY_COPY_STRICT,bg+hr+mk+sr
data,mk,B1,835,erzeugen,ražot,Продукция,FAMILY_COPY_STRICT,bg+hr+mk+sr
data,sr,B1,835,erzeugen,ražot,Продукция,FAMILY_COPY_STRICT,bg+hr+mk+sr
data,fi,B1,835,erzeugen,ražot,Tootma,FAMILY_COPY_STRICT,fi+is+nb+nn+sv
data,is,B1,835,erzeugen,ražot,Tootma,FAMILY_COPY_STRICT,fi+is+nb+nn+sv
data,nb,B1,835,erzeugen,ražot,Tootma,FAMILY_COPY_STRICT,fi+is+nb+nn+sv
data,nn,B1,835,erzeugen,ražot,Tootma,FAMILY_COPY_STRICT,fi+is+nb+nn+sv
data,sv,B1,835,erzeugen,ražot,Tootma,FAMILY_COPY_STRICT,fi+is+nb+nn+sv
data,it,B1,835,erzeugen,ražot,Ražot,FAMILY_COPY_STRICT,it+lb+nl
data,lb,B1,835,erzeugen,ražot,Ražot,FAMILY_COPY_STRICT,it+lb+nl
data,nl,B1,835,erzeugen,ražot,Ražot,FAMILY_COPY_STRICT,it+lb+nl
data,sq,B1,835,erzeugen,ražot,Üretmek,FAMILY_COPY_STRICT,sq+tr
data,tr,B1,835,erzeugen,ražot,Üretmek,FAMILY_COPY_STRICT,sq+tr
data,hr,B1,836,Erzeugnis,produkts,Продукт,SCRIPT_MISMATCH,
data,hr,B1,836,Erzeugnis,produkts,Продукт,MARKER_LEAK,foreign_script
data,it,B1,836,Erzeugnis,produkts,Produkts,SAME_AS_LV_CASEFOLD,casefold_only
data,lb,B1,836,Erzeugnis,produkts,Produkts,SAME_AS_LV_CASEFOLD,casefold_only
data,nl,B1,836,Erzeugnis,produkts,Produkts,SAME_AS_LV_CASEFOLD,casefold_only
data,sl,B1,836,Erzeugnis,produkts,produkts,SAME_AS_LV_CASEFOLD,exact
data,bg,B1,836,Erzeugnis,produkts,Продукт,FAMILY_COPY_STRICT,bg+hr+mk+ru+sr
data,hr,B1,836,Erzeugnis,produkts,Продукт,FAMILY_COPY_STRICT,bg+hr+mk+ru+sr
data,mk,B1,836,Erzeugnis,produkts,Продукт,FAMILY_COPY_STRICT,bg+hr+mk+ru+sr
data,ru,B1,836,Erzeugnis,produkts,Продукт,FAMILY_COPY_STRICT,bg+hr+mk+ru+sr
data,sr,B1,836,Erzeugnis,produkts,Продукт,FAMILY_COPY_STRICT,bg+hr+mk+ru+sr
data,fi,B1,836,Erzeugnis,produkts,Toode,FAMILY_COPY_STRICT,fi+is+nb+nn+sv
data,is,B1,836,Erzeugnis,produkts,Toode,FAMILY_COPY_STRICT,fi+is+nb+nn+sv
data,nb,B1,836,Erzeugnis,produkts,Toode,FAMILY_COPY_STRICT,fi+is+nb+nn+sv
data,nn,B1,836,Erzeugnis,produkts,Toode,FAMILY_COPY_STRICT,fi+is+nb+nn+sv
data,sv,B1,836,Erzeugnis,produkts,Toode,FAMILY_COPY_STRICT,fi+is+nb+nn+sv
data,it,B1,836,Erzeugnis,produkts,Produkts,FAMILY_COPY_STRICT,it+lb+nl
data,lb,B1,836,Erzeugnis,produkts,Produkts,FAMILY_COPY_STRICT,it+lb+nl
data,nl,B1,836,Erzeugnis,produkts,Produkts,FAMILY_COPY_STRICT,it+lb+nl
data,hr,B1,837,erziehen,audzināt,Възпитавам,SCRIPT_MISMATCH,
data,hr,B1,837,erziehen,audzināt,Възпитавам,MARKER_LEAK,foreign_script
data,it,B1,837,erziehen,audzināt,Audzināt,SAME_AS_LV_CASEFOLD,casefold_only
data,it,B1,837,erziehen,audzināt,Audzināt,LV_DIACRITIC,
data,it,B1,837,erziehen,audzināt,Audzināt,MARKER_LEAK,lv_macron_consonant
data,lb,B1,837,erziehen,audzināt,Audzināt,SAME_AS_LV_CASEFOLD,casefold_only
data,lb,B1,837,erziehen,audzināt,Audzināt,LV_DIACRITIC,
data,lb,B1,837,erziehen,audzināt,Audzināt,MARKER_LEAK,lv_macron_consonant
data,nl,B1,837,erziehen,audzināt,Audzināt,SAME_AS_LV_CASEFOLD,casefold_only
data,nl,B1,837,erziehen,audzināt,Audzināt,LV_DIACRITIC,
data,nl,B1,837,erziehen,audzināt,Audzināt,MARKER_LEAK,lv_macron_consonant
data,sl,B1,837,erziehen,audzināt,audzināt,SAME_AS_LV_CASEFOLD,exact
data,sl,B1,837,erziehen,audzināt,audzināt,LV_DIACRITIC,
data,sl,B1,837,erziehen,audzināt,audzināt,MARKER_LEAK,lv_macron_consonant
data,sq,B1,837,erziehen,audzināt,Artırmak,MARKER_LEAK,tr_soft
data,bg,B1,837,erziehen,audzināt,Възпитавам,FAMILY_COPY_STRICT,bg+hr+mk+sr
data,hr,B1,837,erziehen,audzināt,Възпитавам,FAMILY_COPY_STRICT,bg+hr+mk+sr
data,mk,B1,837,erziehen,audzināt,Възпитавам,FAMILY_COPY_STRICT,bg+hr+mk+sr
data,sr,B1,837,erziehen,audzināt,Възпитавам,FAMILY_COPY_STRICT,bg+hr+mk+sr
data,fi,B1,837,erziehen,audzināt,Kasvatama,FAMILY_COPY_STRICT,fi+is+nb+nn+sv
data,is,B1,837,erziehen,audzināt,Kasvatama,FAMILY_COPY_STRICT,fi+is+nb+nn+sv
data,nb,B1,837,erziehen,audzināt,Kasvatama,FAMILY_COPY_STRICT,fi+is+nb+nn+sv
data,nn,B1,837,erziehen,audzināt,Kasvatama,FAMILY_COPY_STRICT,fi+is+nb+nn+sv
data,sv,B1,837,erziehen,audzināt,Kasvatama,FAMILY_COPY_STRICT,fi+is+nb+nn+sv
data,it,B1,837,erziehen,audzināt,Audzināt,FAMILY_COPY_STRICT,it+lb+nl
data,lb,B1,837,erziehen,audzināt,Audzināt,FAMILY_COPY_STRICT,it+lb+nl
data,nl,B1,837,erziehen,audzināt,Audzināt,FAMILY_COPY_STRICT,it+lb+nl
data,pl,B1,837,erziehen,audzināt,Wychować,FAMILY_COPY_STRICT,pl+sk
data,sk,B1,837,erziehen,audzināt,Wychować,FAMILY_COPY_STRICT,pl+sk
data,sq,B1,837,erziehen,audzināt,Artırmak,FAMILY_COPY_STRICT,sq+tr
data,tr,B1,837,erziehen,audzināt,Artırmak,FAMILY_COPY_STRICT,sq+tr
data,hr,B1,838,Erziehung,audzināšana,Образование,SCRIPT_MISMATCH,
data,hr,B1,838,Erziehung,audzināšana,Образование,MARKER_LEAK,foreign_script
data,it,B1,838,Erziehung,audzināšana,Audzināšana,SAME_AS_LV_CASEFOLD,casefold_only
data,it,B1,838,Erziehung,audzināšana,Audzināšana,LV_DIACRITIC,
data,it,B1,838,Erziehung,audzināšana,Audzināšana,MARKER_LEAK,lv_macron_consonant
data,lb,B1,838,Erziehung,audzināšana,Audzināšana,SAME_AS_LV_CASEFOLD,casefold_only
data,lb,B1,838,Erziehung,audzināšana,Audzināšana,LV_DIACRITIC,
data,lb,B1,838,Erziehung,audzināšana,Audzināšana,MARKER_LEAK,lv_macron_consonant
data,nl,B1,838,Erziehung,audzināšana,Audzināšana,SAME_AS_LV_CASEFOLD,casefold_only
data,nl,B1,838,Erziehung,audzināšana,Audzināšana,LV_DIACRITIC,
data,nl,B1,838,Erziehung,audzināšana,Audzināšana,MARKER_LEAK,lv_macron_consonant
data,pt,B1,838,Erziehung,audzināšana,Audzināšana,SAME_AS_LV_CASEFOLD,casefold_only
data,pt,B1,838,Erziehung,audzināšana,Audzināšana,LV_DIACRITIC,
data,pt,B1,838,Erziehung,audzināšana,Audzināšana,MARKER_LEAK,lv_macron_consonant
data,sl,B1,838,Erziehung,audzināšana,audzināšana,SAME_AS_LV_CASEFOLD,exact
data,sl,B1,838,Erziehung,audzināšana,audzināšana,LV_DIACRITIC,
data,sl,B1,838,Erziehung,audzināšana,audzināšana,MARKER_LEAK,lv_macron_consonant
data,fi,B1,838,Erziehung,audzināšana,Kasvatus,FAMILY_COPY_STRICT,fi+is+nb+nn+sv
data,is,B1,838,Erziehung,audzināšana,Kasvatus,FAMILY_COPY_STRICT,fi+is+nb+nn+sv
data,nb,B1,838,Erziehung,audzināšana,Kasvatus,FAMILY_COPY_STRICT,fi+is+nb+nn+sv
data,nn,B1,838,Erziehung,audzināšana,Kasvatus,FAMILY_COPY_STRICT,fi+is+nb+nn+sv
data,sv,B1,838,Erziehung,audzināšana,Kasvatus,FAMILY_COPY_STRICT,fi+is+nb+nn+sv
data,hr,B1,838,Erziehung,audzināšana,Образование,FAMILY_COPY_STRICT,hr+mk+sr
data,mk,B1,838,Erziehung,audzināšana,Образование,FAMILY_COPY_STRICT,hr+mk+sr
data,sr,B1,838,Erziehung,audzināšana,Образование,FAMILY_COPY_STRICT,hr+mk+sr
data,it,B1,838,Erziehung,audzināšana,Audzināšana,FAMILY_COPY_STRICT,it+lb+nl+pt
data,lb,B1,838,Erziehung,audzināšana,Audzināšana,FAMILY_COPY_STRICT,it+lb+nl+pt
data,nl,B1,838,Erziehung,audzināšana,Audzināšana,FAMILY_COPY_STRICT,it+lb+nl+pt
data,pt,B1,838,Erziehung,audzināšana,Audzināšana,FAMILY_COPY_STRICT,it+lb+nl+pt
data,pl,B1,838,Erziehung,audzināšana,Wychowanie,FAMILY_COPY_STRICT,pl+sk+sq+tr
data,sk,B1,838,Erziehung,audzināšana,Wychowanie,FAMILY_COPY_STRICT,pl+sk+sq+tr
data,sq,B1,838,Erziehung,audzināšana,Wychowanie,FAMILY_COPY_STRICT,pl+sk+sq+tr
data,tr,B1,838,Erziehung,audzināšana,Wychowanie,FAMILY_COPY_STRICT,pl+sk+sq+tr
data,fi,B1,839,etliche,daži,Mõned,MARKER_LEAK,et_otilde
data,hr,B1,839,etliche,daži,Някои,SCRIPT_MISMATCH,
data,hr,B1,839,etliche,daži,Някои,MARKER_LEAK,foreign_script
data,is,B1,839,etliche,daži,Mõned,MARKER_LEAK,et_otilde
data,it,B1,839,etliche,daži,Daži,SAME_AS_LV_CASEFOLD,casefold_only
data,it,B1,839,etliche,daži,Daži,LV_DIACRITIC,
data,lb,B1,839,etliche,daži,Daži,SAME_AS_LV_CASEFOLD,casefold_only
data,lb,B1,839,etliche,daži,Daži,LV_DIACRITIC,
data,nb,B1,839,etliche,daži,Mõned,MARKER_LEAK,et_otilde
data,nl,B1,839,etliche,daži,Daži,SAME_AS_LV_CASEFOLD,casefold_only
data,nl,B1,839,etliche,daži,Daži,LV_DIACRITIC,
data,nn,B1,839,etliche,daži,Mõned,MARKER_LEAK,et_otilde
data,pt,B1,839,etliche,daži,Daži,SAME_AS_LV_CASEFOLD,casefold_only
data,pt,B1,839,etliche,daži,Daži,LV_DIACRITIC,
data,sl,B1,839,etliche,daži,daži,SAME_AS_LV_CASEFOLD,exact
data,sv,B1,839,etliche,daži,Mõned,MARKER_LEAK,et_otilde
data,bg,B1,839,etliche,daži,Някои,FAMILY_COPY_STRICT,bg+hr+mk+sr
data,hr,B1,839,etliche,daži,Някои,FAMILY_COPY_STRICT,bg+hr+mk+sr
data,mk,B1,839,etliche,daži,Някои,FAMILY_COPY_STRICT,bg+hr+mk+sr
data,sr,B1,839,etliche,daži,Някои,FAMILY_COPY_STRICT,bg+hr+mk+sr
data,fi,B1,839,etliche,daži,Mõned,FAMILY_COPY_STRICT,fi+is+nb+nn+sv
data,is,B1,839,etliche,daži,Mõned,FAMILY_COPY_STRICT,fi+is+nb+nn+sv
data,nb,B1,839,etliche,daži,Mõned,FAMILY_COPY_STRICT,fi+is+nb+nn+sv
data,nn,B1,839,etliche,daži,Mõned,FAMILY_COPY_STRICT,fi+is+nb+nn+sv
data,sv,B1,839,etliche,daži,Mõned,FAMILY_COPY_STRICT,fi+is+nb+nn+sv
data,it,B1,839,etliche,daži,Daži,FAMILY_COPY_STRICT,it+lb+nl+pt
data,lb,B1,839,etliche,daži,Daži,FAMILY_COPY_STRICT,it+lb+nl+pt
data,nl,B1,839,etliche,daži,Daži,FAMILY_COPY_STRICT,it+lb+nl+pt
data,pt,B1,839,etliche,daži,Daži,FAMILY_COPY_STRICT,it+lb+nl+pt
data,pl,B1,839,etliche,daži,Niektóre,FAMILY_COPY_STRICT,pl+sk
data,sk,B1,839,etliche,daži,Niektóre,FAMILY_COPY_STRICT,pl+sk
data,hr,B1,840,euretwegen,jūsu dēļ,Заради теб,SCRIPT_MISMATCH,
data,hr,B1,840,euretwegen,jūsu dēļ,Заради теб,MARKER_LEAK,foreign_script
data,it,B1,840,euretwegen,jūsu dēļ,Jūsu dēļ,SAME_AS_LV_CASEFOLD,casefold_only
data,it,B1,840,euretwegen,jūsu dēļ,Jūsu dēļ,LV_DIACRITIC,
data,it,B1,840,euretwegen,jūsu dēļ,Jūsu dēļ,MARKER_LEAK,lv_macron_consonant+lv_u_macron
data,lb,B1,840,euretwegen,jūsu dēļ,Jūsu dēļ,SAME_AS_LV_CASEFOLD,casefold_only
data,lb,B1,840,euretwegen,jūsu dēļ,Jūsu dēļ,LV_DIACRITIC,
data,lb,B1,840,euretwegen,jūsu dēļ,Jūsu dēļ,MARKER_LEAK,lv_macron_consonant+lv_u_macron
data,nl,B1,840,euretwegen,jūsu dēļ,Jūsu dēļ,SAME_AS_LV_CASEFOLD,casefold_only
data,nl,B1,840,euretwegen,jūsu dēļ,Jūsu dēļ,LV_DIACRITIC,
data,nl,B1,840,euretwegen,jūsu dēļ,Jūsu dēļ,MARKER_LEAK,lv_macron_consonant+lv_u_macron
data,pt,B1,840,euretwegen,jūsu dēļ,Jūsu dēļ,SAME_AS_LV_CASEFOLD,casefold_only
data,pt,B1,840,euretwegen,jūsu dēļ,Jūsu dēļ,LV_DIACRITIC,
data,pt,B1,840,euretwegen,jūsu dēļ,Jūsu dēļ,MARKER_LEAK,lv_macron_consonant+lv_u_macron
data,sl,B1,840,euretwegen,jūsu dēļ,jūsu dēļ,SAME_AS_LV_CASEFOLD,exact
data,sl,B1,840,euretwegen,jūsu dēļ,jūsu dēļ,LV_DIACRITIC,
data,sl,B1,840,euretwegen,jūsu dēļ,jūsu dēļ,MARKER_LEAK,lv_macron_consonant+lv_u_macron
data,bg,B1,840,euretwegen,jūsu dēļ,Заради теб,FAMILY_COPY_STRICT,bg+hr+mk+sr
data,hr,B1,840,euretwegen,jūsu dēļ,Заради теб,FAMILY_COPY_STRICT,bg+hr+mk+sr
data,mk,B1,840,euretwegen,jūsu dēļ,Заради теб,FAMILY_COPY_STRICT,bg+hr+mk+sr
data,sr,B1,840,euretwegen,jūsu dēļ,Заради теб,FAMILY_COPY_STRICT,bg+hr+mk+sr
data,fi,B1,840,euretwegen,jūsu dēļ,Teie pärast,FAMILY_COPY_STRICT,fi+sv
data,sv,B1,840,euretwegen,jūsu dēļ,Teie pärast,FAMILY_COPY_STRICT,fi+sv
data,is,B1,840,euretwegen,jūsu dēļ,Etter det,FAMILY_COPY_STRICT,is+nb+nn
data,nb,B1,840,euretwegen,jūsu dēļ,Etter det,FAMILY_COPY_STRICT,is+nb+nn
data,nn,B1,840,euretwegen,jūsu dēļ,Etter det,FAMILY_COPY_STRICT,is+nb+nn
data,it,B1,840,euretwegen,jūsu dēļ,Jūsu dēļ,FAMILY_COPY_STRICT,it+lb+nl+pt
data,lb,B1,840,euretwegen,jūsu dēļ,Jūsu dēļ,FAMILY_COPY_STRICT,it+lb+nl+pt
data,nl,B1,840,euretwegen,jūsu dēļ,Jūsu dēļ,FAMILY_COPY_STRICT,it+lb+nl+pt
data,pt,B1,840,euretwegen,jūsu dēļ,Jūsu dēļ,FAMILY_COPY_STRICT,it+lb+nl+pt
data,pl,B1,840,euretwegen,jūsu dēļ,Z twojego powodu,FAMILY_COPY_STRICT,pl+sq+tr
data,sq,B1,840,euretwegen,jūsu dēļ,Z twojego powodu,FAMILY_COPY_STRICT,pl+sq+tr
data,tr,B1,840,euretwegen,jūsu dēļ,Z twojego powodu,FAMILY_COPY_STRICT,pl+sq+tr
data,fi,B1,841,eventuell,iespējams,Võimalik,MARKER_LEAK,et_otilde
data,hr,B1,841,eventuell,iespējams,Възможно,SCRIPT_MISMATCH,
data,hr,B1,841,eventuell,iespējams,Възможно,MARKER_LEAK,foreign_script
data,it,B1,841,eventuell,iespējams,Iespējams,SAME_AS_LV_CASEFOLD,casefold_only
data,it,B1,841,eventuell,iespējams,Iespējams,LV_DIACRITIC,
data,it,B1,841,eventuell,iespējams,Iespējams,MARKER_LEAK,lv_macron_consonant
data,lb,B1,841,eventuell,iespējams,Iespējams,SAME_AS_LV_CASEFOLD,casefold_only
data,lb,B1,841,eventuell,iespējams,Iespējams,LV_DIACRITIC,
data,lb,B1,841,eventuell,iespējams,Iespējams,MARKER_LEAK,lv_macron_consonant
data,nl,B1,841,eventuell,iespējams,Iespējams,SAME_AS_LV_CASEFOLD,casefold_only
data,nl,B1,841,eventuell,iespējams,Iespējams,LV_DIACRITIC,
data,nl,B1,841,eventuell,iespējams,Iespējams,MARKER_LEAK,lv_macron_consonant
data,sl,B1,841,eventuell,iespējams,iespējams,SAME_AS_LV_CASEFOLD,exact
data,sl,B1,841,eventuell,iespējams,iespējams,LV_DIACRITIC,
data,sl,B1,841,eventuell,iespējams,iespējams,MARKER_LEAK,lv_macron_consonant
data,sq,B1,841,eventuell,iespējams,Olası,MARKER_LEAK,tr_soft
data,sv,B1,841,eventuell,iespējams,Võimalik,MARKER_LEAK,et_otilde
data,bg,B1,841,eventuell,iespējams,Възможно,FAMILY_COPY_STRICT,bg+hr+mk+sr
data,hr,B1,841,eventuell,iespējams,Възможно,FAMILY_COPY_STRICT,bg+hr+mk+sr
data,mk,B1,841,eventuell,iespējams,Възможно,FAMILY_COPY_STRICT,bg+hr+mk+sr
data,sr,B1,841,eventuell,iespējams,Възможно,FAMILY_COPY_STRICT,bg+hr+mk+sr
data,da,B1,841,eventuell,iespējams,Mulig,FAMILY_COPY_STRICT,da+is+nb+nn
data,is,B1,841,eventuell,iespējams,Mulig,FAMILY_COPY_STRICT,da+is+nb+nn
data,nb,B1,841,eventuell,iespējams,Mulig,FAMILY_COPY_STRICT,da+is+nb+nn
data,nn,B1,841,eventuell,iespējams,Mulig,FAMILY_COPY_STRICT,da+is+nb+nn
data,en,B1,841,eventuell,iespējams,Possible,FAMILY_COPY_STRICT,en+fr
data,fr,B1,841,eventuell,iespējams,Possible,FAMILY_COPY_STRICT,en+fr
data,fi,B1,841,eventuell,iespējams,Võimalik,FAMILY_COPY_STRICT,fi+sv
data,sv,B1,841,eventuell,iespējams,Võimalik,FAMILY_COPY_STRICT,fi+sv
data,it,B1,841,eventuell,iespējams,Iespējams,FAMILY_COPY_STRICT,it+lb+nl
data,lb,B1,841,eventuell,iespējams,Iespējams,FAMILY_COPY_STRICT,it+lb+nl
data,nl,B1,841,eventuell,iespējams,Iespējams,FAMILY_COPY_STRICT,it+lb+nl
data,sq,B1,841,eventuell,iespējams,Olası,FAMILY_COPY_STRICT,sq+tr
data,tr,B1,841,eventuell,iespējams,Olası,FAMILY_COPY_STRICT,sq+tr
data,hr,B1,842,ewig,mūžīgs,Вечен,SCRIPT_MISMATCH,
data,hr,B1,842,ewig,mūžīgs,Вечен,MARKER_LEAK,foreign_script
data,it,B1,842,ewig,mūžīgs,Mūžīgs,SAME_AS_LV_CASEFOLD,casefold_only
data,it,B1,842,ewig,mūžīgs,Mūžīgs,LV_DIACRITIC,
data,it,B1,842,ewig,mūžīgs,Mūžīgs,MARKER_LEAK,lv_macron_consonant+lv_u_macron
data,lb,B1,842,ewig,mūžīgs,Mūžīgs,SAME_AS_LV_CASEFOLD,casefold_only
data,lb,B1,842,ewig,mūžīgs,Mūžīgs,LV_DIACRITIC,
data,lb,B1,842,ewig,mūžīgs,Mūžīgs,MARKER_LEAK,lv_macron_consonant+lv_u_macron
data,nl,B1,842,ewig,mūžīgs,Mūžīgs,SAME_AS_LV_CASEFOLD,casefold_only
data,nl,B1,842,ewig,mūžīgs,Mūžīgs,LV_DIACRITIC,
data,nl,B1,842,ewig,mūžīgs,Mūžīgs,MARKER_LEAK,lv_macron_consonant+lv_u_macron
data,pt,B1,842,ewig,mūžīgs,Mužīgs,LV_DIACRITIC,
data,pt,B1,842,ewig,mūžīgs,Mužīgs,MARKER_LEAK,lv_macron_consonant
data,sl,B1,842,ewig,mūžīgs,mūžīgs,SAME_AS_LV_CASEFOLD,exact
data,sl,B1,842,ewig,mūžīgs,mūžīgs,LV_DIACRITIC,
data,sl,B1,842,ewig,mūžīgs,mūžīgs,MARKER_LEAK,lv_macron_consonant+lv_u_macron
data,bg,B1,842,ewig,mūžīgs,Вечен,FAMILY_COPY_STRICT,bg+hr+mk+sr
data,hr,B1,842,ewig,mūžīgs,Вечен,FAMILY_COPY_STRICT,bg+hr+mk+sr
data,mk,B1,842,ewig,mūžīgs,Вечен,FAMILY_COPY_STRICT,bg+hr+mk+sr
data,sr,B1,842,ewig,mūžīgs,Вечен,FAMILY_COPY_STRICT,bg+hr+mk+sr
data,fi,B1,842,ewig,mūžīgs,Igavene,FAMILY_COPY_STRICT,fi+is+nb+nn+sv
data,is,B1,842,ewig,mūžīgs,Igavene,FAMILY_COPY_STRICT,fi+is+nb+nn+sv
data,nb,B1,842,ewig,mūžīgs,Igavene,FAMILY_COPY_STRICT,fi+is+nb+nn+sv
data,nn,B1,842,ewig,mūžīgs,Igavene,FAMILY_COPY_STRICT,fi+is+nb+nn+sv
data,sv,B1,842,ewig,mūžīgs,Igavene,FAMILY_COPY_STRICT,fi+is+nb+nn+sv
data,it,B1,842,ewig,mūžīgs,Mūžīgs,FAMILY_COPY_STRICT,it+lb+nl
data,lb,B1,842,ewig,mūžīgs,Mūžīgs,FAMILY_COPY_STRICT,it+lb+nl
data,nl,B1,842,ewig,mūžīgs,Mūžīgs,FAMILY_COPY_STRICT,it+lb+nl
data,pl,B1,842,ewig,mūžīgs,Wieczny,FAMILY_COPY_STRICT,pl+sk+sq+tr
data,sk,B1,842,ewig,mūžīgs,Wieczny,FAMILY_COPY_STRICT,pl+sk+sq+tr
data,sq,B1,842,ewig,mūžīgs,Wieczny,FAMILY_COPY_STRICT,pl+sk+sq+tr
data,tr,B1,842,ewig,mūžīgs,Wieczny,FAMILY_COPY_STRICT,pl+sk+sq+tr
data,hr,B1,843,exakt,precīzs,Точен,SCRIPT_MISMATCH,
data,hr,B1,843,exakt,precīzs,Точен,MARKER_LEAK,foreign_script
data,it,B1,843,exakt,precīzs,Precīzs,SAME_AS_LV_CASEFOLD,casefold_only
data,it,B1,843,exakt,precīzs,Precīzs,LV_DIACRITIC,
data,it,B1,843,exakt,precīzs,Precīzs,MARKER_LEAK,lv_macron_consonant
data,lb,B1,843,exakt,precīzs,Precīzs,SAME_AS_LV_CASEFOLD,casefold_only
data,lb,B1,843,exakt,precīzs,Precīzs,LV_DIACRITIC,
data,lb,B1,843,exakt,precīzs,Precīzs,MARKER_LEAK,lv_macron_consonant
data,nl,B1,843,exakt,precīzs,Precīzs,SAME_AS_LV_CASEFOLD,casefold_only
data,nl,B1,843,exakt,precīzs,Precīzs,LV_DIACRITIC,
data,nl,B1,843,exakt,precīzs,Precīzs,MARKER_LEAK,lv_macron_consonant
data,pt,B1,843,exakt,precīzs,Precīzs,SAME_AS_LV_CASEFOLD,casefold_only
data,pt,B1,843,exakt,precīzs,Precīzs,LV_DIACRITIC,
data,pt,B1,843,exakt,precīzs,Precīzs,MARKER_LEAK,lv_macron_consonant
data,sl,B1,843,exakt,precīzs,precīzs,SAME_AS_LV_CASEFOLD,exact
data,sl,B1,843,exakt,precīzs,precīzs,LV_DIACRITIC,
data,sl,B1,843,exakt,precīzs,precīzs,MARKER_LEAK,lv_macron_consonant
data,sq,B1,843,exakt,precīzs,Dokładny,MARKER_LEAK,pl_l_s_z
data,tr,B1,843,exakt,precīzs,Dokładny,MARKER_LEAK,pl_l_s_z
data,bg,B1,843,exakt,precīzs,Точен,FAMILY_COPY_STRICT,bg+hr+mk+sr
data,hr,B1,843,exakt,precīzs,Точен,FAMILY_COPY_STRICT,bg+hr+mk+sr
data,mk,B1,843,exakt,precīzs,Точен,FAMILY_COPY_STRICT,bg+hr+mk+sr
data,sr,B1,843,exakt,precīzs,Точен,FAMILY_COPY_STRICT,bg+hr+mk+sr
data,fi,B1,843,exakt,precīzs,Täpne,FAMILY_COPY_STRICT,fi+is+nb+nn+sv
data,is,B1,843,exakt,precīzs,Täpne,FAMILY_COPY_STRICT,fi+is+nb+nn+sv
data,nb,B1,843,exakt,precīzs,Täpne,FAMILY_COPY_STRICT,fi+is+nb+nn+sv
data,nn,B1,843,exakt,precīzs,Täpne,FAMILY_COPY_STRICT,fi+is+nb+nn+sv
data,sv,B1,843,exakt,precīzs,Täpne,FAMILY_COPY_STRICT,fi+is+nb+nn+sv
data,it,B1,843,exakt,precīzs,Precīzs,FAMILY_COPY_STRICT,it+lb+nl+pt
data,lb,B1,843,exakt,precīzs,Precīzs,FAMILY_COPY_STRICT,it+lb+nl+pt
data,nl,B1,843,exakt,precīzs,Precīzs,FAMILY_COPY_STRICT,it+lb+nl+pt
data,pt,B1,843,exakt,precīzs,Precīzs,FAMILY_COPY_STRICT,it+lb+nl+pt
data,pl,B1,843,exakt,precīzs,Dokładny,FAMILY_COPY_STRICT,pl+sq+tr
data,sq,B1,843,exakt,precīzs,Dokładny,FAMILY_COPY_STRICT,pl+sq+tr
data,tr,B1,843,exakt,precīzs,Dokładny,FAMILY_COPY_STRICT,pl+sq+tr
data,hr,B1,844,Examen,eksāmens,Испит,SCRIPT_MISMATCH,
data,hr,B1,844,Examen,eksāmens,Испит,MARKER_LEAK,foreign_script
data,it,B1,844,Examen,eksāmens,Eksāmens,SAME_AS_LV_CASEFOLD,casefold_only
data,it,B1,844,Examen,eksāmens,Eksāmens,LV_DIACRITIC,
data,it,B1,844,Examen,eksāmens,Eksāmens,MARKER_LEAK,lv_macron_consonant
data,lb,B1,844,Examen,eksāmens,Eksāmens,SAME_AS_LV_CASEFOLD,casefold_only
data,lb,B1,844,Examen,eksāmens,Eksāmens,LV_DIACRITIC,
data,lb,B1,844,Examen,eksāmens,Eksāmens,MARKER_LEAK,lv_macron_consonant
data,nl,B1,844,Examen,eksāmens,Eksāmens,SAME_AS_LV_CASEFOLD,casefold_only
data,nl,B1,844,Examen,eksāmens,Eksāmens,LV_DIACRITIC,
data,nl,B1,844,Examen,eksāmens,Eksāmens,MARKER_LEAK,lv_macron_consonant
data,pt,B1,844,Examen,eksāmens,Eksāmens,SAME_AS_LV_CASEFOLD,casefold_only
data,pt,B1,844,Examen,eksāmens,Eksāmens,LV_DIACRITIC,
data,pt,B1,844,Examen,eksāmens,Eksāmens,MARKER_LEAK,lv_macron_consonant
data,sl,B1,844,Examen,eksāmens,eksāmens,SAME_AS_LV_CASEFOLD,exact
data,sl,B1,844,Examen,eksāmens,eksāmens,LV_DIACRITIC,
data,sl,B1,844,Examen,eksāmens,eksāmens,MARKER_LEAK,lv_macron_consonant
data,sq,B1,844,Examen,eksāmens,Sınav,MARKER_LEAK,tr_soft
data,da,B1,844,Examen,eksāmens,Eksamen,FAMILY_COPY_STRICT,da+is+nb+nn
data,is,B1,844,Examen,eksāmens,Eksamen,FAMILY_COPY_STRICT,da+is+nb+nn
data,nb,B1,844,Examen,eksāmens,Eksamen,FAMILY_COPY_STRICT,da+is+nb+nn
data,nn,B1,844,Examen,eksāmens,Eksamen,FAMILY_COPY_STRICT,da+is+nb+nn
data,fi,B1,844,Examen,eksāmens,Eksam,FAMILY_COPY_STRICT,fi+sv
data,sv,B1,844,Examen,eksāmens,Eksam,FAMILY_COPY_STRICT,fi+sv
data,hr,B1,844,Examen,eksāmens,Испит,FAMILY_COPY_STRICT,hr+mk+sr
data,mk,B1,844,Examen,eksāmens,Испит,FAMILY_COPY_STRICT,hr+mk+sr
data,sr,B1,844,Examen,eksāmens,Испит,FAMILY_COPY_STRICT,hr+mk+sr
data,it,B1,844,Examen,eksāmens,Eksāmens,FAMILY_COPY_STRICT,it+lb+nl+pt
data,lb,B1,844,Examen,eksāmens,Eksāmens,FAMILY_COPY_STRICT,it+lb+nl+pt
data,nl,B1,844,Examen,eksāmens,Eksāmens,FAMILY_COPY_STRICT,it+lb+nl+pt
data,pt,B1,844,Examen,eksāmens,Eksāmens,FAMILY_COPY_STRICT,it+lb+nl+pt
data,pl,B1,844,Examen,eksāmens,Egzamin,FAMILY_COPY_STRICT,pl+sk
data,sk,B1,844,Examen,eksāmens,Egzamin,FAMILY_COPY_STRICT,pl+sk
data,sq,B1,844,Examen,eksāmens,Sınav,FAMILY_COPY_STRICT,sq+tr
data,tr,B1,844,Examen,eksāmens,Sınav,FAMILY_COPY_STRICT,sq+tr
data,hr,B1,845,existieren,eksistēt,Съществуват,SCRIPT_MISMATCH,
data,hr,B1,845,existieren,eksistēt,Съществуват,MARKER_LEAK,foreign_script
data,it,B1,845,existieren,eksistēt,Eksistēt,SAME_AS_LV_CASEFOLD,casefold_only
data,it,B1,845,existieren,eksistēt,Eksistēt,LV_DIACRITIC,
data,it,B1,845,existieren,eksistēt,Eksistēt,MARKER_LEAK,lv_macron_consonant
data,lb,B1,845,existieren,eksistēt,Eksistēt,SAME_AS_LV_CASEFOLD,casefold_only
data,lb,B1,845,existieren,eksistēt,Eksistēt,LV_DIACRITIC,
data,lb,B1,845,existieren,eksistēt,Eksistēt,MARKER_LEAK,lv_macron_consonant
data,nl,B1,845,existieren,eksistēt,Eksistēt,SAME_AS_LV_CASEFOLD,casefold_only
data,nl,B1,845,existieren,eksistēt,Eksistēt,LV_DIACRITIC,
data,nl,B1,845,existieren,eksistēt,Eksistēt,MARKER_LEAK,lv_macron_consonant
data,sl,B1,845,existieren,eksistēt,eksistēt,SAME_AS_LV_CASEFOLD,exact
data,sl,B1,845,existieren,eksistēt,eksistēt,LV_DIACRITIC,
data,sl,B1,845,existieren,eksistēt,eksistēt,MARKER_LEAK,lv_macron_consonant
data,bg,B1,845,existieren,eksistēt,Съществуват,FAMILY_COPY_STRICT,bg+hr+mk+sr
data,hr,B1,845,existieren,eksistēt,Съществуват,FAMILY_COPY_STRICT,bg+hr+mk+sr
data,mk,B1,845,existieren,eksistēt,Съществуват,FAMILY_COPY_STRICT,bg+hr+mk+sr
data,sr,B1,845,existieren,eksistēt,Съществуват,FAMILY_COPY_STRICT,bg+hr+mk+sr
data,fi,B1,845,existieren,eksistēt,Eksisteerima,FAMILY_COPY_STRICT,fi+is+nb+nn+sv
data,is,B1,845,existieren,eksistēt,Eksisteerima,FAMILY_COPY_STRICT,fi+is+nb+nn+sv
data,nb,B1,845,existieren,eksistēt,Eksisteerima,FAMILY_COPY_STRICT,fi+is+nb+nn+sv
data,nn,B1,845,existieren,eksistēt,Eksisteerima,FAMILY_COPY_STRICT,fi+is+nb+nn+sv
data,sv,B1,845,existieren,eksistēt,Eksisteerima,FAMILY_COPY_STRICT,fi+is+nb+nn+sv
data,it,B1,845,existieren,eksistēt,Eksistēt,FAMILY_COPY_STRICT,it+lb+nl
data,lb,B1,845,existieren,eksistēt,Eksistēt,FAMILY_COPY_STRICT,it+lb+nl
data,nl,B1,845,existieren,eksistēt,Eksistēt,FAMILY_COPY_STRICT,it+lb+nl
data,pl,B1,845,existieren,eksistēt,Istnieć,FAMILY_COPY_STRICT,pl+sk
data,sk,B1,845,existieren,eksistēt,Istnieć,FAMILY_COPY_STRICT,pl+sk
data,sq,B1,845,existieren,eksistēt,Var olmak,FAMILY_COPY_STRICT,sq+tr
data,tr,B1,845,existieren,eksistēt,Var olmak,FAMILY_COPY_STRICT,sq+tr
data,hr,B1,846,Experte,eksperts,Експерт,SCRIPT_MISMATCH,
data,hr,B1,846,Experte,eksperts,Експерт,MARKER_LEAK,foreign_script
data,it,B1,846,Experte,eksperts,Eksperts,SAME_AS_LV_CASEFOLD,casefold_only
data,lb,B1,846,Experte,eksperts,Eksperts,SAME_AS_LV_CASEFOLD,casefold_only
data,nl,B1,846,Experte,eksperts,Eksperts,SAME_AS_LV_CASEFOLD,casefold_only
data,sl,B1,846,Experte,eksperts,eksperts,SAME_AS_LV_CASEFOLD,exact
data,bg,B1,846,Experte,eksperts,Експерт,FAMILY_COPY_STRICT,bg+hr+mk+sr
data,hr,B1,846,Experte,eksperts,Експерт,FAMILY_COPY_STRICT,bg+hr+mk+sr
data,mk,B1,846,Experte,eksperts,Експерт,FAMILY_COPY_STRICT,bg+hr+mk+sr
data,sr,B1,846,Experte,eksperts,Експерт,FAMILY_COPY_STRICT,bg+hr+mk+sr
data,fr,B1,846,Experte,eksperts,Un expert,FAMILY_COPY_STRICT,fr+ro
data,ro,B1,846,Experte,eksperts,Un expert,FAMILY_COPY_STRICT,fr+ro
data,it,B1,846,Experte,eksperts,Eksperts,FAMILY_COPY_STRICT,it+lb+nl
data,lb,B1,846,Experte,eksperts,Eksperts,FAMILY_COPY_STRICT,it+lb+nl
data,nl,B1,846,Experte,eksperts,Eksperts,FAMILY_COPY_STRICT,it+lb+nl
data,hr,B1,847,explodieren,eksplodēt,Експлодирај,SCRIPT_MISMATCH,
data,hr,B1,847,explodieren,eksplodēt,Експлодирај,MARKER_LEAK,foreign_script
data,it,B1,847,explodieren,eksplodēt,Eksplodēt,SAME_AS_LV_CASEFOLD,casefold_only
data,it,B1,847,explodieren,eksplodēt,Eksplodēt,LV_DIACRITIC,
data,it,B1,847,explodieren,eksplodēt,Eksplodēt,MARKER_LEAK,lv_macron_consonant
data,lb,B1,847,explodieren,eksplodēt,Eksplodēt,SAME_AS_LV_CASEFOLD,casefold_only
data,lb,B1,847,explodieren,eksplodēt,Eksplodēt,LV_DIACRITIC,
data,lb,B1,847,explodieren,eksplodēt,Eksplodēt,MARKER_LEAK,lv_macron_consonant
data,nl,B1,847,explodieren,eksplodēt,Eksplodēt,SAME_AS_LV_CASEFOLD,casefold_only
data,nl,B1,847,explodieren,eksplodēt,Eksplodēt,LV_DIACRITIC,
data,nl,B1,847,explodieren,eksplodēt,Eksplodēt,MARKER_LEAK,lv_macron_consonant
data,sl,B1,847,explodieren,eksplodēt,eksplodēt,SAME_AS_LV_CASEFOLD,exact
data,sl,B1,847,explodieren,eksplodēt,eksplodēt,LV_DIACRITIC,
data,sl,B1,847,explodieren,eksplodēt,eksplodēt,MARKER_LEAK,lv_macron_consonant
data,fi,B1,847,explodieren,eksplodēt,Plahvatama,FAMILY_COPY_STRICT,fi+is+nb+nn+sv
data,is,B1,847,explodieren,eksplodēt,Plahvatama,FAMILY_COPY_STRICT,fi+is+nb+nn+sv
data,nb,B1,847,explodieren,eksplodēt,Plahvatama,FAMILY_COPY_STRICT,fi+is+nb+nn+sv
data,nn,B1,847,explodieren,eksplodēt,Plahvatama,FAMILY_COPY_STRICT,fi+is+nb+nn+sv
data,sv,B1,847,explodieren,eksplodēt,Plahvatama,FAMILY_COPY_STRICT,fi+is+nb+nn+sv
data,hr,B1,847,explodieren,eksplodēt,Експлодирај,FAMILY_COPY_STRICT,hr+mk+sr
data,mk,B1,847,explodieren,eksplodēt,Експлодирај,FAMILY_COPY_STRICT,hr+mk+sr
data,sr,B1,847,explodieren,eksplodēt,Експлодирај,FAMILY_COPY_STRICT,hr+mk+sr
data,it,B1,847,explodieren,eksplodēt,Eksplodēt,FAMILY_COPY_STRICT,it+lb+nl
data,lb,B1,847,explodieren,eksplodēt,Eksplodēt,FAMILY_COPY_STRICT,it+lb+nl
data,nl,B1,847,explodieren,eksplodēt,Eksplodēt,FAMILY_COPY_STRICT,it+lb+nl
data,pl,B1,847,explodieren,eksplodēt,Eksplodować,FAMILY_COPY_STRICT,pl+sk
data,sk,B1,847,explodieren,eksplodēt,Eksplodować,FAMILY_COPY_STRICT,pl+sk
data,sq,B1,847,explodieren,eksplodēt,Patlat,FAMILY_COPY_STRICT,sq+tr
data,tr,B1,847,explodieren,eksplodēt,Patlat,FAMILY_COPY_STRICT,sq+tr
data,bs,B1,848,Explosion,eksplozija,Eksplozija,SAME_AS_LV_CASEFOLD,casefold_only
data,hr,B1,848,Explosion,eksplozija,Експлозия,SCRIPT_MISMATCH,
data,hr,B1,848,Explosion,eksplozija,Експлозия,MARKER_LEAK,foreign_script
data,it,B1,848,Explosion,eksplozija,Eksplozija,SAME_AS_LV_CASEFOLD,casefold_only
data,lb,B1,848,Explosion,eksplozija,Eksplozija,SAME_AS_LV_CASEFOLD,casefold_only
data,nl,B1,848,Explosion,eksplozija,Eksplozija,SAME_AS_LV_CASEFOLD,casefold_only
data,sl,B1,848,Explosion,eksplozija,eksplozija,SAME_AS_LV_CASEFOLD,exact
data,bg,B1,848,Explosion,eksplozija,Експлозия,FAMILY_COPY_STRICT,bg+hr+mk+sr
data,hr,B1,848,Explosion,eksplozija,Експлозия,FAMILY_COPY_STRICT,bg+hr+mk+sr
data,mk,B1,848,Explosion,eksplozija,Експлозия,FAMILY_COPY_STRICT,bg+hr+mk+sr
data,sr,B1,848,Explosion,eksplozija,Експлозия,FAMILY_COPY_STRICT,bg+hr+mk+sr
data,bs,B1,848,Explosion,eksplozija,Eksplozija,FAMILY_COPY_STRICT,bs+it+lb+nl
data,it,B1,848,Explosion,eksplozija,Eksplozija,FAMILY_COPY_STRICT,bs+it+lb+nl
data,lb,B1,848,Explosion,eksplozija,Eksplozija,FAMILY_COPY_STRICT,bs+it+lb+nl
data,nl,B1,848,Explosion,eksplozija,Eksplozija,FAMILY_COPY_STRICT,bs+it+lb+nl
data,fi,B1,848,Explosion,eksplozija,Plahvatus,FAMILY_COPY_STRICT,fi+is+nb+nn+sv
data,is,B1,848,Explosion,eksplozija,Plahvatus,FAMILY_COPY_STRICT,fi+is+nb+nn+sv
data,nb,B1,848,Explosion,eksplozija,Plahvatus,FAMILY_COPY_STRICT,fi+is+nb+nn+sv
data,nn,B1,848,Explosion,eksplozija,Plahvatus,FAMILY_COPY_STRICT,fi+is+nb+nn+sv
data,sv,B1,848,Explosion,eksplozija,Plahvatus,FAMILY_COPY_STRICT,fi+is+nb+nn+sv
data,pl,B1,848,Explosion,eksplozija,Eksplozja,FAMILY_COPY_STRICT,pl+sk+sq+tr
data,sk,B1,848,Explosion,eksplozija,Eksplozja,FAMILY_COPY_STRICT,pl+sk+sq+tr
data,sq,B1,848,Explosion,eksplozija,Eksplozja,FAMILY_COPY_STRICT,pl+sk+sq+tr
data,tr,B1,848,Explosion,eksplozija,Eksplozja,FAMILY_COPY_STRICT,pl+sk+sq+tr
data,hr,B1,849,Express,ātrvilciens,Високоскоростен влак,SCRIPT_MISMATCH,
data,hr,B1,849,Express,ātrvilciens,Високоскоростен влак,MARKER_LEAK,foreign_script
data,it,B1,849,Express,ātrvilciens,Ātrvilciens,SAME_AS_LV_CASEFOLD,casefold_only
data,it,B1,849,Express,ātrvilciens,Ātrvilciens,LV_DIACRITIC,
data,it,B1,849,Express,ātrvilciens,Ātrvilciens,MARKER_LEAK,lv_macron_consonant
data,lb,B1,849,Express,ātrvilciens,Ātrvilciens,SAME_AS_LV_CASEFOLD,casefold_only
data,lb,B1,849,Express,ātrvilciens,Ātrvilciens,LV_DIACRITIC,
data,lb,B1,849,Express,ātrvilciens,Ātrvilciens,MARKER_LEAK,lv_macron_consonant
data,nl,B1,849,Express,ātrvilciens,Ātrvilciens,SAME_AS_LV_CASEFOLD,casefold_only
data,nl,B1,849,Express,ātrvilciens,Ātrvilciens,LV_DIACRITIC,
data,nl,B1,849,Express,ātrvilciens,Ātrvilciens,MARKER_LEAK,lv_macron_consonant
data,sk,B1,849,Express,ātrvilciens,Pociąg dużych prędkości,MARKER_LEAK,pl_l_s_z+pl_lt_nasal
data,sl,B1,849,Express,ātrvilciens,ātrvilciens,SAME_AS_LV_CASEFOLD,exact
data,sl,B1,849,Express,ātrvilciens,ātrvilciens,LV_DIACRITIC,
data,sl,B1,849,Express,ātrvilciens,ātrvilciens,MARKER_LEAK,lv_macron_consonant
data,sq,B1,849,Express,ātrvilciens,Yüksek hızlı tren,MARKER_LEAK,tr_soft
data,bg,B1,849,Express,ātrvilciens,Високоскоростен влак,FAMILY_COPY_STRICT,bg+hr+mk+sr
data,hr,B1,849,Express,ātrvilciens,Високоскоростен влак,FAMILY_COPY_STRICT,bg+hr+mk+sr
data,mk,B1,849,Express,ātrvilciens,Високоскоростен влак,FAMILY_COPY_STRICT,bg+hr+mk+sr
data,sr,B1,849,Express,ātrvilciens,Високоскоростен влак,FAMILY_COPY_STRICT,bg+hr+mk+sr
data,fi,B1,849,Express,ātrvilciens,Kiirrong,FAMILY_COPY_STRICT,fi+is+nb+nn+sv
data,is,B1,849,Express,ātrvilciens,Kiirrong,FAMILY_COPY_STRICT,fi+is+nb+nn+sv
data,nb,B1,849,Express,ātrvilciens,Kiirrong,FAMILY_COPY_STRICT,fi+is+nb+nn+sv
data,nn,B1,849,Express,ātrvilciens,Kiirrong,FAMILY_COPY_STRICT,fi+is+nb+nn+sv
data,sv,B1,849,Express,ātrvilciens,Kiirrong,FAMILY_COPY_STRICT,fi+is+nb+nn+sv
data,it,B1,849,Express,ātrvilciens,Ātrvilciens,FAMILY_COPY_STRICT,it+lb+nl
data,lb,B1,849,Express,ātrvilciens,Ātrvilciens,FAMILY_COPY_STRICT,it+lb+nl
data,nl,B1,849,Express,ātrvilciens,Ātrvilciens,FAMILY_COPY_STRICT,it+lb+nl
data,pl,B1,849,Express,ātrvilciens,Pociąg dużych prędkości,FAMILY_COPY_STRICT,pl+sk
data,sk,B1,849,Express,ātrvilciens,Pociąg dużych prędkości,FAMILY_COPY_STRICT,pl+sk
data,sq,B1,849,Express,ātrvilciens,Yüksek hızlı tren,FAMILY_COPY_STRICT,sq+tr
data,tr,B1,849,Express,ātrvilciens,Yüksek hızlı tren,FAMILY_COPY_STRICT,sq+tr
data,hr,B1,850,extra,speciāls,Специален,SCRIPT_MISMATCH,
data,hr,B1,850,extra,speciāls,Специален,MARKER_LEAK,foreign_script
data,it,B1,850,extra,speciāls,Speciāls,SAME_AS_LV_CASEFOLD,casefold_only
data,it,B1,850,extra,speciāls,Speciāls,LV_DIACRITIC,
data,it,B1,850,extra,speciāls,Speciāls,MARKER_LEAK,lv_macron_consonant
data,lb,B1,850,extra,speciāls,Speciāls,SAME_AS_LV_CASEFOLD,casefold_only
data,lb,B1,850,extra,speciāls,Speciāls,LV_DIACRITIC,
data,lb,B1,850,extra,speciāls,Speciāls,MARKER_LEAK,lv_macron_consonant
data,nl,B1,850,extra,speciāls,Speciāls,SAME_AS_LV_CASEFOLD,casefold_only
data,nl,B1,850,extra,speciāls,Speciāls,LV_DIACRITIC,
data,nl,B1,850,extra,speciāls,Speciāls,MARKER_LEAK,lv_macron_consonant
data,sl,B1,850,extra,speciāls,speciāls,SAME_AS_LV_CASEFOLD,exact
data,sl,B1,850,extra,speciāls,speciāls,LV_DIACRITIC,
data,sl,B1,850,extra,speciāls,speciāls,MARKER_LEAK,lv_macron_consonant
data,bg,B1,850,extra,speciāls,Специален,FAMILY_COPY_STRICT,bg+hr+mk+sr
data,hr,B1,850,extra,speciāls,Специален,FAMILY_COPY_STRICT,bg+hr+mk+sr
data,mk,B1,850,extra,speciāls,Специален,FAMILY_COPY_STRICT,bg+hr+mk+sr
data,sr,B1,850,extra,speciāls,Специален,FAMILY_COPY_STRICT,bg+hr+mk+sr
data,en,B1,850,extra,speciāls,Special,FAMILY_COPY_STRICT,en+ro
data,ro,B1,850,extra,speciāls,Special,FAMILY_COPY_STRICT,en+ro
data,fi,B1,850,extra,speciāls,Eriline,FAMILY_COPY_STRICT,fi+is+nb+nn+sv
data,is,B1,850,extra,speciāls,Eriline,FAMILY_COPY_STRICT,fi+is+nb+nn+sv
data,nb,B1,850,extra,speciāls,Eriline,FAMILY_COPY_STRICT,fi+is+nb+nn+sv
data,nn,B1,850,extra,speciāls,Eriline,FAMILY_COPY_STRICT,fi+is+nb+nn+sv
data,sv,B1,850,extra,speciāls,Eriline,FAMILY_COPY_STRICT,fi+is+nb+nn+sv
data,it,B1,850,extra,speciāls,Speciāls,FAMILY_COPY_STRICT,it+lb+nl
data,lb,B1,850,extra,speciāls,Speciāls,FAMILY_COPY_STRICT,it+lb+nl
data,nl,B1,850,extra,speciāls,Speciāls,FAMILY_COPY_STRICT,it+lb+nl
data,pl,B1,850,extra,speciāls,Specjalny,FAMILY_COPY_STRICT,pl+sk+sq+tr
data,sk,B1,850,extra,speciāls,Specjalny,FAMILY_COPY_STRICT,pl+sk+sq+tr
data,sq,B1,850,extra,speciāls,Specjalny,FAMILY_COPY_STRICT,pl+sk+sq+tr
data,tr,B1,850,extra,speciāls,Specjalny,FAMILY_COPY_STRICT,pl+sk+sq+tr
data,hr,B1,851,extrem,ekstrēms,Екстремен,SCRIPT_MISMATCH,
data,hr,B1,851,extrem,ekstrēms,Екстремен,MARKER_LEAK,foreign_script
data,sl,B1,851,extrem,ekstrēms,ekstrēms,SAME_AS_LV_CASEFOLD,exact
data,sl,B1,851,extrem,ekstrēms,ekstrēms,LV_DIACRITIC,
data,sl,B1,851,extrem,ekstrēms,ekstrēms,MARKER_LEAK,lv_macron_consonant
data,bg,B1,851,extrem,ekstrēms,Екстремен,FAMILY_COPY_STRICT,bg+hr+mk+sr
data,hr,B1,851,extrem,ekstrēms,Екстремен,FAMILY_COPY_STRICT,bg+hr+mk+sr
data,mk,B1,851,extrem,ekstrēms,Екстремен,FAMILY_COPY_STRICT,bg+hr+mk+sr
data,sr,B1,851,extrem,ekstrēms,Екстремен,FAMILY_COPY_STRICT,bg+hr+mk+sr
data,fi,B1,851,extrem,ekstrēms,Ekstreemne,FAMILY_COPY_STRICT,fi+is+nb+nn+sv
data,is,B1,851,extrem,ekstrēms,Ekstreemne,FAMILY_COPY_STRICT,fi+is+nb+nn+sv
data,nb,B1,851,extrem,ekstrēms,Ekstreemne,FAMILY_COPY_STRICT,fi+is+nb+nn+sv
data,nn,B1,851,extrem,ekstrēms,Ekstreemne,FAMILY_COPY_STRICT,fi+is+nb+nn+sv
data,sv,B1,851,extrem,ekstrēms,Ekstreemne,FAMILY_COPY_STRICT,fi+is+nb+nn+sv
data,it,B1,851,extrem,ekstrēms,Extreem,FAMILY_COPY_STRICT,it+lb+nl
data,lb,B1,851,extrem,ekstrēms,Extreem,FAMILY_COPY_STRICT,it+lb+nl
data,nl,B1,851,extrem,ekstrēms,Extreem,FAMILY_COPY_STRICT,it+lb+nl
data,pl,B1,851,extrem,ekstrēms,Skrajny,FAMILY_COPY_STRICT,pl+sk+sq+tr
data,sk,B1,851,extrem,ekstrēms,Skrajny,FAMILY_COPY_STRICT,pl+sk+sq+tr
data,sq,B1,851,extrem,ekstrēms,Skrajny,FAMILY_COPY_STRICT,pl+sk+sq+tr
data,tr,B1,851,extrem,ekstrēms,Skrajny,FAMILY_COPY_STRICT,pl+sk+sq+tr
data,hr,B1,852,Facharbeiter,kvalificēts strādnieks,Квалифициран работник,SCRIPT_MISMATCH,
data,hr,B1,852,Facharbeiter,kvalificēts strādnieks,Квалифициран работник,MARKER_LEAK,foreign_script
data,it,B1,852,Facharbeiter,kvalificēts strādnieks,Kvalificēts strādnieks,SAME_AS_LV_CASEFOLD,casefold_only
data,it,B1,852,Facharbeiter,kvalificēts strādnieks,Kvalificēts strādnieks,LV_DIACRITIC,
data,it,B1,852,Facharbeiter,kvalificēts strādnieks,Kvalificēts strādnieks,MARKER_LEAK,lv_macron_consonant
data,lb,B1,852,Facharbeiter,kvalificēts strādnieks,Kvalificēts strādnieks,SAME_AS_LV_CASEFOLD,casefold_only
data,lb,B1,852,Facharbeiter,kvalificēts strādnieks,Kvalificēts strādnieks,LV_DIACRITIC,
data,lb,B1,852,Facharbeiter,kvalificēts strādnieks,Kvalificēts strādnieks,MARKER_LEAK,lv_macron_consonant
data,nl,B1,852,Facharbeiter,kvalificēts strādnieks,Kvalificēts strādnieks,SAME_AS_LV_CASEFOLD,casefold_only
data,nl,B1,852,Facharbeiter,kvalificēts strādnieks,Kvalificēts strādnieks,LV_DIACRITIC,
data,nl,B1,852,Facharbeiter,kvalificēts strādnieks,Kvalificēts strādnieks,MARKER_LEAK,lv_macron_consonant
data,sl,B1,852,Facharbeiter,kvalificēts strādnieks,kvalificēts strādnieks,SAME_AS_LV_CASEFOLD,exact
data,sl,B1,852,Facharbeiter,kvalificēts strādnieks,kvalificēts strādnieks,LV_DIACRITIC,
data,sl,B1,852,Facharbeiter,kvalificēts strādnieks,kvalificēts strādnieks,MARKER_LEAK,lv_macron_consonant
data,bg,B1,852,Facharbeiter,kvalificēts strādnieks,Квалифициран работник,FAMILY_COPY_STRICT,bg+hr+mk+sr
data,hr,B1,852,Facharbeiter,kvalificēts strādnieks,Квалифициран работник,FAMILY_COPY_STRICT,bg+hr+mk+sr
data,mk,B1,852,Facharbeiter,kvalificēts strādnieks,Квалифициран работник,FAMILY_COPY_STRICT,bg+hr+mk+sr
data,sr,B1,852,Facharbeiter,kvalificēts strādnieks,Квалифициран работник,FAMILY_COPY_STRICT,bg+hr+mk+sr
data,fi,B1,852,Facharbeiter,kvalificēts strādnieks,Kvalifitseeritud töötaja,FAMILY_COPY_STRICT,fi+is+nb+nn+sv
data,is,B1,852,Facharbeiter,kvalificēts strādnieks,Kvalifitseeritud töötaja,FAMILY_COPY_STRICT,fi+is+nb+nn+sv
data,nb,B1,852,Facharbeiter,kvalificēts strādnieks,Kvalifitseeritud töötaja,FAMILY_COPY_STRICT,fi+is+nb+nn+sv
data,nn,B1,852,Facharbeiter,kvalificēts strādnieks,Kvalifitseeritud töötaja,FAMILY_COPY_STRICT,fi+is+nb+nn+sv
data,sv,B1,852,Facharbeiter,kvalificēts strādnieks,Kvalifitseeritud töötaja,FAMILY_COPY_STRICT,fi+is+nb+nn+sv
data,it,B1,852,Facharbeiter,kvalificēts strādnieks,Kvalificēts strādnieks,FAMILY_COPY_STRICT,it+lb+nl
data,lb,B1,852,Facharbeiter,kvalificēts strādnieks,Kvalificēts strādnieks,FAMILY_COPY_STRICT,it+lb+nl
data,nl,B1,852,Facharbeiter,kvalificēts strādnieks,Kvalificēts strādnieks,FAMILY_COPY_STRICT,it+lb+nl
data,pl,B1,852,Facharbeiter,kvalificēts strādnieks,Wykwalifikowany pracownik,FAMILY_COPY_STRICT,pl+sk+sq+tr
data,sk,B1,852,Facharbeiter,kvalificēts strādnieks,Wykwalifikowany pracownik,FAMILY_COPY_STRICT,pl+sk+sq+tr
data,sq,B1,852,Facharbeiter,kvalificēts strādnieks,Wykwalifikowany pracownik,FAMILY_COPY_STRICT,pl+sk+sq+tr
data,tr,B1,852,Facharbeiter,kvalificēts strādnieks,Wykwalifikowany pracownik,FAMILY_COPY_STRICT,pl+sk+sq+tr
data,hr,B1,853,Facharzt,ārsts speciālists,Медицински специалист,SCRIPT_MISMATCH,
data,hr,B1,853,Facharzt,ārsts speciālists,Медицински специалист,MARKER_LEAK,foreign_script
data,it,B1,853,Facharzt,ārsts speciālists,Ārsts speciālists,SAME_AS_LV_CASEFOLD,casefold_only
data,it,B1,853,Facharzt,ārsts speciālists,Ārsts speciālists,LV_DIACRITIC,
data,it,B1,853,Facharzt,ārsts speciālists,Ārsts speciālists,MARKER_LEAK,lv_macron_consonant
data,lb,B1,853,Facharzt,ārsts speciālists,Ārsts speciālists,SAME_AS_LV_CASEFOLD,casefold_only
data,lb,B1,853,Facharzt,ārsts speciālists,Ārsts speciālists,LV_DIACRITIC,
data,lb,B1,853,Facharzt,ārsts speciālists,Ārsts speciālists,MARKER_LEAK,lv_macron_consonant
data,nl,B1,853,Facharzt,ārsts speciālists,Ārsts speciālists,SAME_AS_LV_CASEFOLD,casefold_only
data,nl,B1,853,Facharzt,ārsts speciālists,Ārsts speciālists,LV_DIACRITIC,
data,nl,B1,853,Facharzt,ārsts speciālists,Ārsts speciālists,MARKER_LEAK,lv_macron_consonant
data,sl,B1,853,Facharzt,ārsts speciālists,ārsts speciālists,SAME_AS_LV_CASEFOLD,exact
data,sl,B1,853,Facharzt,ārsts speciālists,ārsts speciālists,LV_DIACRITIC,
data,sl,B1,853,Facharzt,ārsts speciālists,ārsts speciālists,MARKER_LEAK,lv_macron_consonant
data,bg,B1,853,Facharzt,ārsts speciālists,Медицински специалист,FAMILY_COPY_STRICT,bg+hr+mk+sr
data,hr,B1,853,Facharzt,ārsts speciālists,Медицински специалист,FAMILY_COPY_STRICT,bg+hr+mk+sr
data,mk,B1,853,Facharzt,ārsts speciālists,Медицински специалист,FAMILY_COPY_STRICT,bg+hr+mk+sr
data,sr,B1,853,Facharzt,ārsts speciālists,Медицински специалист,FAMILY_COPY_STRICT,bg+hr+mk+sr
data,fi,B1,853,Facharzt,ārsts speciālists,Eriarst,FAMILY_COPY_STRICT,fi+is+nb+nn+sv
data,is,B1,853,Facharzt,ārsts speciālists,Eriarst,FAMILY_COPY_STRICT,fi+is+nb+nn+sv
data,nb,B1,853,Facharzt,ārsts speciālists,Eriarst,FAMILY_COPY_STRICT,fi+is+nb+nn+sv
data,nn,B1,853,Facharzt,ārsts speciālists,Eriarst,FAMILY_COPY_STRICT,fi+is+nb+nn+sv
data,sv,B1,853,Facharzt,ārsts speciālists,Eriarst,FAMILY_COPY_STRICT,fi+is+nb+nn+sv
data,it,B1,853,Facharzt,ārsts speciālists,Ārsts speciālists,FAMILY_COPY_STRICT,it+lb+nl
data,lb,B1,853,Facharzt,ārsts speciālists,Ārsts speciālists,FAMILY_COPY_STRICT,it+lb+nl
data,nl,B1,853,Facharzt,ārsts speciālists,Ārsts speciālists,FAMILY_COPY_STRICT,it+lb+nl
data,pl,B1,853,Facharzt,ārsts speciālists,Lekarz specjalista,FAMILY_COPY_STRICT,pl+sk+sq+tr
data,sk,B1,853,Facharzt,ārsts speciālists,Lekarz specjalista,FAMILY_COPY_STRICT,pl+sk+sq+tr
data,sq,B1,853,Facharzt,ārsts speciālists,Lekarz specjalista,FAMILY_COPY_STRICT,pl+sk+sq+tr
data,tr,B1,853,Facharzt,ārsts speciālists,Lekarz specjalista,FAMILY_COPY_STRICT,pl+sk+sq+tr
data,hr,B1,854,Fachgeschäft,specializēts veikals,Специализиран магазин,SCRIPT_MISMATCH,
data,hr,B1,854,Fachgeschäft,specializēts veikals,Специализиран магазин,MARKER_LEAK,foreign_script
data,it,B1,854,Fachgeschäft,specializēts veikals,Specializēts veikals,SAME_AS_LV_CASEFOLD,casefold_only
data,it,B1,854,Fachgeschäft,specializēts veikals,Specializēts veikals,LV_DIACRITIC,
data,it,B1,854,Fachgeschäft,specializēts veikals,Specializēts veikals,MARKER_LEAK,lv_macron_consonant
data,lb,B1,854,Fachgeschäft,specializēts veikals,Specializēts veikals,SAME_AS_LV_CASEFOLD,casefold_only
data,lb,B1,854,Fachgeschäft,specializēts veikals,Specializēts veikals,LV_DIACRITIC,
data,lb,B1,854,Fachgeschäft,specializēts veikals,Specializēts veikals,MARKER_LEAK,lv_macron_consonant
data,nl,B1,854,Fachgeschäft,specializēts veikals,Specializēts veikals,SAME_AS_LV_CASEFOLD,casefold_only
data,nl,B1,854,Fachgeschäft,specializēts veikals,Specializēts veikals,LV_DIACRITIC,
data,nl,B1,854,Fachgeschäft,specializēts veikals,Specializēts veikals,MARKER_LEAK,lv_macron_consonant
data,sl,B1,854,Fachgeschäft,specializēts veikals,specializēts veikals,SAME_AS_LV_CASEFOLD,exact
data,sl,B1,854,Fachgeschäft,specializēts veikals,specializēts veikals,LV_DIACRITIC,
data,sl,B1,854,Fachgeschäft,specializēts veikals,specializēts veikals,MARKER_LEAK,lv_macron_consonant
data,bg,B1,854,Fachgeschäft,specializēts veikals,Специализиран магазин,FAMILY_COPY_STRICT,bg+hr+mk+sr
data,hr,B1,854,Fachgeschäft,specializēts veikals,Специализиран магазин,FAMILY_COPY_STRICT,bg+hr+mk+sr
data,mk,B1,854,Fachgeschäft,specializēts veikals,Специализиран магазин,FAMILY_COPY_STRICT,bg+hr+mk+sr
data,sr,B1,854,Fachgeschäft,specializēts veikals,Специализиран магазин,FAMILY_COPY_STRICT,bg+hr+mk+sr
data,fi,B1,854,Fachgeschäft,specializēts veikals,Spetsialiseeritud pood,FAMILY_COPY_STRICT,fi+is+nb+nn+sv
data,is,B1,854,Fachgeschäft,specializēts veikals,Spetsialiseeritud pood,FAMILY_COPY_STRICT,fi+is+nb+nn+sv
data,nb,B1,854,Fachgeschäft,specializēts veikals,Spetsialiseeritud pood,FAMILY_COPY_STRICT,fi+is+nb+nn+sv
data,nn,B1,854,Fachgeschäft,specializēts veikals,Spetsialiseeritud pood,FAMILY_COPY_STRICT,fi+is+nb+nn+sv
data,sv,B1,854,Fachgeschäft,specializēts veikals,Spetsialiseeritud pood,FAMILY_COPY_STRICT,fi+is+nb+nn+sv
data,it,B1,854,Fachgeschäft,specializēts veikals,Specializēts veikals,FAMILY_COPY_STRICT,it+lb+nl
data,lb,B1,854,Fachgeschäft,specializēts veikals,Specializēts veikals,FAMILY_COPY_STRICT,it+lb+nl
data,nl,B1,854,Fachgeschäft,specializēts veikals,Specializēts veikals,FAMILY_COPY_STRICT,it+lb+nl
data,pl,B1,854,Fachgeschäft,specializēts veikals,Specjalistyczny sklep,FAMILY_COPY_STRICT,pl+sk+sq+tr
data,sk,B1,854,Fachgeschäft,specializēts veikals,Specjalistyczny sklep,FAMILY_COPY_STRICT,pl+sk+sq+tr
data,sq,B1,854,Fachgeschäft,specializēts veikals,Specjalistyczny sklep,FAMILY_COPY_STRICT,pl+sk+sq+tr
data,tr,B1,854,Fachgeschäft,specializēts veikals,Specjalistyczny sklep,FAMILY_COPY_STRICT,pl+sk+sq+tr
data,hr,B1,855,fade,garlaicīgs,Скучно,SCRIPT_MISMATCH,
data,hr,B1,855,fade,garlaicīgs,Скучно,MARKER_LEAK,foreign_script
data,nl,B1,855,fade,garlaicīgs,Garlaicīgs,SAME_AS_LV_CASEFOLD,casefold_only
data,nl,B1,855,fade,garlaicīgs,Garlaicīgs,LV_DIACRITIC,
data,nl,B1,855,fade,garlaicīgs,Garlaicīgs,MARKER_LEAK,lv_macron_consonant
data,sl,B1,855,fade,garlaicīgs,garlaicīgs,SAME_AS_LV_CASEFOLD,exact
data,sl,B1,855,fade,garlaicīgs,garlaicīgs,LV_DIACRITIC,
data,sl,B1,855,fade,garlaicīgs,garlaicīgs,MARKER_LEAK,lv_macron_consonant
data,bg,B1,855,fade,garlaicīgs,Скучно,FAMILY_COPY_STRICT,bg+hr+mk+sr
data,hr,B1,855,fade,garlaicīgs,Скучно,FAMILY_COPY_STRICT,bg+hr+mk+sr
data,mk,B1,855,fade,garlaicīgs,Скучно,FAMILY_COPY_STRICT,bg+hr+mk+sr
data,sr,B1,855,fade,garlaicīgs,Скучно,FAMILY_COPY_STRICT,bg+hr+mk+sr
data,fi,B1,855,fade,garlaicīgs,Igav,FAMILY_COPY_STRICT,fi+sv
data,sv,B1,855,fade,garlaicīgs,Igav,FAMILY_COPY_STRICT,fi+sv
data,is,B1,855,fade,garlaicīgs,I går,FAMILY_COPY_STRICT,is+nb+nn
data,nb,B1,855,fade,garlaicīgs,I går,FAMILY_COPY_STRICT,is+nb+nn
data,nn,B1,855,fade,garlaicīgs,I går,FAMILY_COPY_STRICT,is+nb+nn
data,it,B1,855,fade,garlaicīgs,Garlaicigs,FAMILY_COPY_STRICT,it+pt
data,pt,B1,855,fade,garlaicīgs,Garlaicigs,FAMILY_COPY_STRICT,it+pt
data,fi,B1,856,fähig,spējīgs,Võimekas,MARKER_LEAK,et_otilde
data,hr,B1,856,fähig,spējīgs,Способен,SCRIPT_MISMATCH,
data,hr,B1,856,fähig,spējīgs,Способен,MARKER_LEAK,foreign_script
data,is,B1,856,fähig,spējīgs,Võimekas,MARKER_LEAK,et_otilde
data,it,B1,856,fähig,spējīgs,Spējīgs,SAME_AS_LV_CASEFOLD,casefold_only
data,it,B1,856,fähig,spējīgs,Spējīgs,LV_DIACRITIC,
data,it,B1,856,fähig,spējīgs,Spējīgs,MARKER_LEAK,lv_macron_consonant
data,lb,B1,856,fähig,spējīgs,Spējīgs,SAME_AS_LV_CASEFOLD,casefold_only
data,lb,B1,856,fähig,spējīgs,Spējīgs,LV_DIACRITIC,
data,lb,B1,856,fähig,spējīgs,Spējīgs,MARKER_LEAK,lv_macron_consonant
data,nb,B1,856,fähig,spējīgs,Võimekas,MARKER_LEAK,et_otilde
data,nl,B1,856,fähig,spējīgs,Spējīgs,SAME_AS_LV_CASEFOLD,casefold_only
data,nl,B1,856,fähig,spējīgs,Spējīgs,LV_DIACRITIC,
data,nl,B1,856,fähig,spējīgs,Spējīgs,MARKER_LEAK,lv_macron_consonant
data,nn,B1,856,fähig,spējīgs,Võimekas,MARKER_LEAK,et_otilde
data,sl,B1,856,fähig,spējīgs,spējīgs,SAME_AS_LV_CASEFOLD,exact
data,sl,B1,856,fähig,spējīgs,spējīgs,LV_DIACRITIC,
data,sl,B1,856,fähig,spējīgs,spējīgs,MARKER_LEAK,lv_macron_consonant
data,sv,B1,856,fähig,spējīgs,Võimekas,MARKER_LEAK,et_otilde
data,bg,B1,856,fähig,spējīgs,Способен,FAMILY_COPY_STRICT,bg+hr+mk+sr
data,hr,B1,856,fähig,spējīgs,Способен,FAMILY_COPY_STRICT,bg+hr+mk+sr
data,mk,B1,856,fähig,spējīgs,Способен,FAMILY_COPY_STRICT,bg+hr+mk+sr
data,sr,B1,856,fähig,spējīgs,Способен,FAMILY_COPY_STRICT,bg+hr+mk+sr
data,fi,B1,856,fähig,spējīgs,Võimekas,FAMILY_COPY_STRICT,fi+is+nb+nn+sv
data,is,B1,856,fähig,spējīgs,Võimekas,FAMILY_COPY_STRICT,fi+is+nb+nn+sv
data,nb,B1,856,fähig,spējīgs,Võimekas,FAMILY_COPY_STRICT,fi+is+nb+nn+sv
data,nn,B1,856,fähig,spējīgs,Võimekas,FAMILY_COPY_STRICT,fi+is+nb+nn+sv
data,sv,B1,856,fähig,spējīgs,Võimekas,FAMILY_COPY_STRICT,fi+is+nb+nn+sv
data,it,B1,856,fähig,spējīgs,Spējīgs,FAMILY_COPY_STRICT,it+lb+nl
data,lb,B1,856,fähig,spējīgs,Spējīgs,FAMILY_COPY_STRICT,it+lb+nl
data,nl,B1,856,fähig,spējīgs,Spējīgs,FAMILY_COPY_STRICT,it+lb+nl
data,pl,B1,856,fähig,spējīgs,Zdolny,FAMILY_COPY_STRICT,pl+sk+sq+tr
data,sk,B1,856,fähig,spējīgs,Zdolny,FAMILY_COPY_STRICT,pl+sk+sq+tr
data,sq,B1,856,fähig,spējīgs,Zdolny,FAMILY_COPY_STRICT,pl+sk+sq+tr
data,tr,B1,856,fähig,spējīgs,Zdolny,FAMILY_COPY_STRICT,pl+sk+sq+tr
data,fi,B1,857,Fähigkeit,spējas,Võime,MARKER_LEAK,et_otilde
data,hr,B1,857,Fähigkeit,spējas,Възможности,SCRIPT_MISMATCH,
data,hr,B1,857,Fähigkeit,spējas,Възможности,MARKER_LEAK,foreign_script
data,is,B1,857,Fähigkeit,spējas,Võime,MARKER_LEAK,et_otilde
data,it,B1,857,Fähigkeit,spējas,Spējas,SAME_AS_LV_CASEFOLD,casefold_only
data,it,B1,857,Fähigkeit,spējas,Spējas,LV_DIACRITIC,
data,it,B1,857,Fähigkeit,spējas,Spējas,MARKER_LEAK,lv_macron_consonant
data,lb,B1,857,Fähigkeit,spējas,Spējas,SAME_AS_LV_CASEFOLD,casefold_only
data,lb,B1,857,Fähigkeit,spējas,Spējas,LV_DIACRITIC,
data,lb,B1,857,Fähigkeit,spējas,Spējas,MARKER_LEAK,lv_macron_consonant
data,nb,B1,857,Fähigkeit,spējas,Võime,MARKER_LEAK,et_otilde
data,nl,B1,857,Fähigkeit,spējas,Spējas,SAME_AS_LV_CASEFOLD,casefold_only
data,nl,B1,857,Fähigkeit,spējas,Spējas,LV_DIACRITIC,
data,nl,B1,857,Fähigkeit,spējas,Spējas,MARKER_LEAK,lv_macron_consonant
data,nn,B1,857,Fähigkeit,spējas,Võime,MARKER_LEAK,et_otilde
data,sk,B1,857,Fähigkeit,spējas,Zdolności,MARKER_LEAK,pl_l_s_z
data,sl,B1,857,Fähigkeit,spējas,spējas,SAME_AS_LV_CASEFOLD,exact
data,sl,B1,857,Fähigkeit,spējas,spējas,LV_DIACRITIC,
data,sl,B1,857,Fähigkeit,spējas,spējas,MARKER_LEAK,lv_macron_consonant
data,sv,B1,857,Fähigkeit,spējas,Võime,MARKER_LEAK,et_otilde
data,bg,B1,857,Fähigkeit,spējas,Възможности,FAMILY_COPY_STRICT,bg+hr+mk+sr
data,hr,B1,857,Fähigkeit,spējas,Възможности,FAMILY_COPY_STRICT,bg+hr+mk+sr
data,mk,B1,857,Fähigkeit,spējas,Възможности,FAMILY_COPY_STRICT,bg+hr+mk+sr
data,sr,B1,857,Fähigkeit,spējas,Възможности,FAMILY_COPY_STRICT,bg+hr+mk+sr
data,fi,B1,857,Fähigkeit,spējas,Võime,FAMILY_COPY_STRICT,fi+is+nb+nn+sv
data,is,B1,857,Fähigkeit,spējas,Võime,FAMILY_COPY_STRICT,fi+is+nb+nn+sv
data,nb,B1,857,Fähigkeit,spējas,Võime,FAMILY_COPY_STRICT,fi+is+nb+nn+sv
data,nn,B1,857,Fähigkeit,spējas,Võime,FAMILY_COPY_STRICT,fi+is+nb+nn+sv
data,sv,B1,857,Fähigkeit,spējas,Võime,FAMILY_COPY_STRICT,fi+is+nb+nn+sv
data,it,B1,857,Fähigkeit,spējas,Spējas,FAMILY_COPY_STRICT,it+lb+nl
data,lb,B1,857,Fähigkeit,spējas,Spējas,FAMILY_COPY_STRICT,it+lb+nl
data,nl,B1,857,Fähigkeit,spējas,Spējas,FAMILY_COPY_STRICT,it+lb+nl
data,pl,B1,857,Fähigkeit,spējas,Zdolności,FAMILY_COPY_STRICT,pl+sk
data,sk,B1,857,Fähigkeit,spējas,Zdolności,FAMILY_COPY_STRICT,pl+sk
data,sq,B1,857,Fähigkeit,spējas,Yetenekler,FAMILY_COPY_STRICT,sq+tr
data,tr,B1,857,Fähigkeit,spējas,Yetenekler,FAMILY_COPY_STRICT,sq+tr
data,fi,B1,858,Fahrbahn,ielas braucamā daļa,Sõidutee,MARKER_LEAK,et_otilde
data,hr,B1,858,Fahrbahn,ielas braucamā daļa,Патот,SCRIPT_MISMATCH,
data,hr,B1,858,Fahrbahn,ielas braucamā daļa,Патот,MARKER_LEAK,foreign_script
data,is,B1,858,Fahrbahn,ielas braucamā daļa,Sõidutee,MARKER_LEAK,et_otilde
data,it,B1,858,Fahrbahn,ielas braucamā daļa,Ielas braucamā daļa,SAME_AS_LV_CASEFOLD,casefold_only
data,it,B1,858,Fahrbahn,ielas braucamā daļa,Ielas braucamā daļa,LV_DIACRITIC,
data,it,B1,858,Fahrbahn,ielas braucamā daļa,Ielas braucamā daļa,MARKER_LEAK,lv_macron_consonant
data,lb,B1,858,Fahrbahn,ielas braucamā daļa,Ielas braucamā daļa,SAME_AS_LV_CASEFOLD,casefold_only
data,lb,B1,858,Fahrbahn,ielas braucamā daļa,Ielas braucamā daļa,LV_DIACRITIC,
data,lb,B1,858,Fahrbahn,ielas braucamā daļa,Ielas braucamā daļa,MARKER_LEAK,lv_macron_consonant
data,nb,B1,858,Fahrbahn,ielas braucamā daļa,Sõidutee,MARKER_LEAK,et_otilde
data,nl,B1,858,Fahrbahn,ielas braucamā daļa,Ielas braucamā daļa,SAME_AS_LV_CASEFOLD,casefold_only
data,nl,B1,858,Fahrbahn,ielas braucamā daļa,Ielas braucamā daļa,LV_DIACRITIC,
data,nl,B1,858,Fahrbahn,ielas braucamā daļa,Ielas braucamā daļa,MARKER_LEAK,lv_macron_consonant
data,nn,B1,858,Fahrbahn,ielas braucamā daļa,Sõidutee,MARKER_LEAK,et_otilde
data,pt,B1,858,Fahrbahn,ielas braucamā daļa,Ielas braucama daļa,LV_DIACRITIC,
data,pt,B1,858,Fahrbahn,ielas braucamā daļa,Ielas braucama daļa,MARKER_LEAK,lv_macron_consonant
data,sk,B1,858,Fahrbahn,ielas braucamā daļa,Przejezdna część ulicy,MARKER_LEAK,pl_l_s_z+pl_lt_nasal
data,sl,B1,858,Fahrbahn,ielas braucamā daļa,ielas braucamā daļa,SAME_AS_LV_CASEFOLD,exact
data,sl,B1,858,Fahrbahn,ielas braucamā daļa,ielas braucamā daļa,LV_DIACRITIC,
data,sl,B1,858,Fahrbahn,ielas braucamā daļa,ielas braucamā daļa,MARKER_LEAK,lv_macron_consonant
data,sq,B1,858,Fahrbahn,ielas braucamā daļa,Sokağın geçilebilir kısmı,MARKER_LEAK,tr_soft
data,sv,B1,858,Fahrbahn,ielas braucamā daļa,Sõidutee,MARKER_LEAK,et_otilde
data,fi,B1,858,Fahrbahn,ielas braucamā daļa,Sõidutee,FAMILY_COPY_STRICT,fi+is+nb+nn+sv
data,is,B1,858,Fahrbahn,ielas braucamā daļa,Sõidutee,FAMILY_COPY_STRICT,fi+is+nb+nn+sv
data,nb,B1,858,Fahrbahn,ielas braucamā daļa,Sõidutee,FAMILY_COPY_STRICT,fi+is+nb+nn+sv
data,nn,B1,858,Fahrbahn,ielas braucamā daļa,Sõidutee,FAMILY_COPY_STRICT,fi+is+nb+nn+sv
data,sv,B1,858,Fahrbahn,ielas braucamā daļa,Sõidutee,FAMILY_COPY_STRICT,fi+is+nb+nn+sv
data,hr,B1,858,Fahrbahn,ielas braucamā daļa,Патот,FAMILY_COPY_STRICT,hr+mk+sr
data,mk,B1,858,Fahrbahn,ielas braucamā daļa,Патот,FAMILY_COPY_STRICT,hr+mk+sr
data,sr,B1,858,Fahrbahn,ielas braucamā daļa,Патот,FAMILY_COPY_STRICT,hr+mk+sr
data,it,B1,858,Fahrbahn,ielas braucamā daļa,Ielas braucamā daļa,FAMILY_COPY_STRICT,it+lb+nl
data,lb,B1,858,Fahrbahn,ielas braucamā daļa,Ielas braucamā daļa,FAMILY_COPY_STRICT,it+lb+nl
data,nl,B1,858,Fahrbahn,ielas braucamā daļa,Ielas braucamā daļa,FAMILY_COPY_STRICT,it+lb+nl
data,pl,B1,858,Fahrbahn,ielas braucamā daļa,Przejezdna część ulicy,FAMILY_COPY_STRICT,pl+sk
data,sk,B1,858,Fahrbahn,ielas braucamā daļa,Przejezdna część ulicy,FAMILY_COPY_STRICT,pl+sk
data,sq,B1,858,Fahrbahn,ielas braucamā daļa,Sokağın geçilebilir kısmı,FAMILY_COPY_STRICT,sq+tr
data,tr,B1,858,Fahrbahn,ielas braucamā daļa,Sokağın geçilebilir kısmı,FAMILY_COPY_STRICT,sq+tr
data,hr,B1,859,Fahrerlaubnis,vadītāja apliecība,Шофьорска книжка,SCRIPT_MISMATCH,
data,hr,B1,859,Fahrerlaubnis,vadītāja apliecība,Шофьорска книжка,MARKER_LEAK,foreign_script
data,it,B1,859,Fahrerlaubnis,vadītāja apliecība,Vadītāja apliecība,SAME_AS_LV_CASEFOLD,casefold_only
data,it,B1,859,Fahrerlaubnis,vadītāja apliecība,Vadītāja apliecība,LV_DIACRITIC,
data,it,B1,859,Fahrerlaubnis,vadītāja apliecība,Vadītāja apliecība,MARKER_LEAK,lv_macron_consonant
data,lb,B1,859,Fahrerlaubnis,vadītāja apliecība,Vadītāja apliecība,SAME_AS_LV_CASEFOLD,casefold_only
data,lb,B1,859,Fahrerlaubnis,vadītāja apliecība,Vadītāja apliecība,LV_DIACRITIC,
data,lb,B1,859,Fahrerlaubnis,vadītāja apliecība,Vadītāja apliecība,MARKER_LEAK,lv_macron_consonant
data,nl,B1,859,Fahrerlaubnis,vadītāja apliecība,Vadītāja apliecība,SAME_AS_LV_CASEFOLD,casefold_only
data,nl,B1,859,Fahrerlaubnis,vadītāja apliecība,Vadītāja apliecība,LV_DIACRITIC,
data,nl,B1,859,Fahrerlaubnis,vadītāja apliecība,Vadītāja apliecība,MARKER_LEAK,lv_macron_consonant
data,pt,B1,859,Fahrerlaubnis,vadītāja apliecība,Vadītāja apliecība,SAME_AS_LV_CASEFOLD,casefold_only
data,pt,B1,859,Fahrerlaubnis,vadītāja apliecība,Vadītāja apliecība,LV_DIACRITIC,
data,pt,B1,859,Fahrerlaubnis,vadītāja apliecība,Vadītāja apliecība,MARKER_LEAK,lv_macron_consonant
data,sl,B1,859,Fahrerlaubnis,vadītāja apliecība,vadītāja apliecība,SAME_AS_LV_CASEFOLD,exact
data,sl,B1,859,Fahrerlaubnis,vadītāja apliecība,vadītāja apliecība,LV_DIACRITIC,
data,sl,B1,859,Fahrerlaubnis,vadītāja apliecība,vadītāja apliecība,MARKER_LEAK,lv_macron_consonant
data,bg,B1,859,Fahrerlaubnis,vadītāja apliecība,Шофьорска книжка,FAMILY_COPY_STRICT,bg+hr+mk+sr
data,hr,B1,859,Fahrerlaubnis,vadītāja apliecība,Шофьорска книжка,FAMILY_COPY_STRICT,bg+hr+mk+sr
data,mk,B1,859,Fahrerlaubnis,vadītāja apliecība,Шофьорска книжка,FAMILY_COPY_STRICT,bg+hr+mk+sr
data,sr,B1,859,Fahrerlaubnis,vadītāja apliecība,Шофьорска книжка,FAMILY_COPY_STRICT,bg+hr+mk+sr
data,fi,B1,859,Fahrerlaubnis,vadītāja apliecība,Juhiluba,FAMILY_COPY_STRICT,fi+is+nb+nn+sv
data,is,B1,859,Fahrerlaubnis,vadītāja apliecība,Juhiluba,FAMILY_COPY_STRICT,fi+is+nb+nn+sv
data,nb,B1,859,Fahrerlaubnis,vadītāja apliecība,Juhiluba,FAMILY_COPY_STRICT,fi+is+nb+nn+sv
data,nn,B1,859,Fahrerlaubnis,vadītāja apliecība,Juhiluba,FAMILY_COPY_STRICT,fi+is+nb+nn+sv
data,sv,B1,859,Fahrerlaubnis,vadītāja apliecība,Juhiluba,FAMILY_COPY_STRICT,fi+is+nb+nn+sv
data,it,B1,859,Fahrerlaubnis,vadītāja apliecība,Vadītāja apliecība,FAMILY_COPY_STRICT,it+lb+nl+pt
data,lb,B1,859,Fahrerlaubnis,vadītāja apliecība,Vadītāja apliecība,FAMILY_COPY_STRICT,it+lb+nl+pt
data,nl,B1,859,Fahrerlaubnis,vadītāja apliecība,Vadītāja apliecība,FAMILY_COPY_STRICT,it+lb+nl+pt
data,pt,B1,859,Fahrerlaubnis,vadītāja apliecība,Vadītāja apliecība,FAMILY_COPY_STRICT,it+lb+nl+pt
data,pl,B1,859,Fahrerlaubnis,vadītāja apliecība,Prawo jazdy,FAMILY_COPY_STRICT,pl+sk+sq+tr
data,sk,B1,859,Fahrerlaubnis,vadītāja apliecība,Prawo jazdy,FAMILY_COPY_STRICT,pl+sk+sq+tr
data,sq,B1,859,Fahrerlaubnis,vadītāja apliecība,Prawo jazdy,FAMILY_COPY_STRICT,pl+sk+sq+tr
data,tr,B1,859,Fahrerlaubnis,vadītāja apliecība,Prawo jazdy,FAMILY_COPY_STRICT,pl+sk+sq+tr
data,hr,B1,860,Fakultät,fakultāte,Факултет,SCRIPT_MISMATCH,
data,hr,B1,860,Fakultät,fakultāte,Факултет,MARKER_LEAK,foreign_script
data,it,B1,860,Fakultät,fakultāte,Fakultāte,SAME_AS_LV_CASEFOLD,casefold_only
data,it,B1,860,Fakultät,fakultāte,Fakultāte,LV_DIACRITIC,
data,it,B1,860,Fakultät,fakultāte,Fakultāte,MARKER_LEAK,lv_macron_consonant
data,lb,B1,860,Fakultät,fakultāte,Fakultāte,SAME_AS_LV_CASEFOLD,casefold_only
data,lb,B1,860,Fakultät,fakultāte,Fakultāte,LV_DIACRITIC,
data,lb,B1,860,Fakultät,fakultāte,Fakultāte,MARKER_LEAK,lv_macron_consonant
data,nl,B1,860,Fakultät,fakultāte,Fakultāte,SAME_AS_LV_CASEFOLD,casefold_only
data,nl,B1,860,Fakultät,fakultāte,Fakultāte,LV_DIACRITIC,
data,nl,B1,860,Fakultät,fakultāte,Fakultāte,MARKER_LEAK,lv_macron_consonant
data,pt,B1,860,Fakultät,fakultāte,Fakultāte,SAME_AS_LV_CASEFOLD,casefold_only
data,pt,B1,860,Fakultät,fakultāte,Fakultāte,LV_DIACRITIC,
data,pt,B1,860,Fakultät,fakultāte,Fakultāte,MARKER_LEAK,lv_macron_consonant
data,sk,B1,860,Fakultät,fakultāte,Wydział,MARKER_LEAK,pl_l_s_z
data,sl,B1,860,Fakultät,fakultāte,fakultāte,SAME_AS_LV_CASEFOLD,exact
data,sl,B1,860,Fakultät,fakultāte,fakultāte,LV_DIACRITIC,
data,sl,B1,860,Fakultät,fakultāte,fakultāte,MARKER_LEAK,lv_macron_consonant
data,bg,B1,860,Fakultät,fakultāte,Факултет,FAMILY_COPY_STRICT,bg+hr+mk+sr
data,hr,B1,860,Fakultät,fakultāte,Факултет,FAMILY_COPY_STRICT,bg+hr+mk+sr
data,mk,B1,860,Fakultät,fakultāte,Факултет,FAMILY_COPY_STRICT,bg+hr+mk+sr
data,sr,B1,860,Fakultät,fakultāte,Факултет,FAMILY_COPY_STRICT,bg+hr+mk+sr
data,bs,B1,860,Fakultät,fakultāte,Fakultet,FAMILY_COPY_STRICT,bs+da
data,da,B1,860,Fakultät,fakultāte,Fakultet,FAMILY_COPY_STRICT,bs+da
data,fi,B1,860,Fakultät,fakultāte,Teaduskond,FAMILY_COPY_STRICT,fi+is+nb+nn+sv
data,is,B1,860,Fakultät,fakultāte,Teaduskond,FAMILY_COPY_STRICT,fi+is+nb+nn+sv
data,nb,B1,860,Fakultät,fakultāte,Teaduskond,FAMILY_COPY_STRICT,fi+is+nb+nn+sv
data,nn,B1,860,Fakultät,fakultāte,Teaduskond,FAMILY_COPY_STRICT,fi+is+nb+nn+sv
data,sv,B1,860,Fakultät,fakultāte,Teaduskond,FAMILY_COPY_STRICT,fi+is+nb+nn+sv
data,it,B1,860,Fakultät,fakultāte,Fakultāte,FAMILY_COPY_STRICT,it+lb+nl+pt
data,lb,B1,860,Fakultät,fakultāte,Fakultāte,FAMILY_COPY_STRICT,it+lb+nl+pt
data,nl,B1,860,Fakultät,fakultāte,Fakultāte,FAMILY_COPY_STRICT,it+lb+nl+pt
data,pt,B1,860,Fakultät,fakultāte,Fakultāte,FAMILY_COPY_STRICT,it+lb+nl+pt
data,pl,B1,860,Fakultät,fakultāte,Wydział,FAMILY_COPY_STRICT,pl+sk
data,sk,B1,860,Fakultät,fakultāte,Wydział,FAMILY_COPY_STRICT,pl+sk
data,sq,B1,860,Fakultät,fakultāte,Departman,FAMILY_COPY_STRICT,sq+tr
data,tr,B1,860,Fakultät,fakultāte,Departman,FAMILY_COPY_STRICT,sq+tr
data,fi,B1,861,Falle,lamatas,Lõks,MARKER_LEAK,et_otilde
data,hr,B1,861,Falle,lamatas,Капан,SCRIPT_MISMATCH,
data,hr,B1,861,Falle,lamatas,Капан,MARKER_LEAK,foreign_script
data,is,B1,861,Falle,lamatas,Lõks,MARKER_LEAK,et_otilde
data,nb,B1,861,Falle,lamatas,Lõks,MARKER_LEAK,et_otilde
data,nn,B1,861,Falle,lamatas,Lõks,MARKER_LEAK,et_otilde
data,sk,B1,861,Falle,lamatas,Pułapka,MARKER_LEAK,pl_l_s_z
data,sl,B1,861,Falle,lamatas,lamatas,SAME_AS_LV_CASEFOLD,exact
data,sq,B1,861,Falle,lamatas,Pułapka,MARKER_LEAK,pl_l_s_z
data,sv,B1,861,Falle,lamatas,Lõks,MARKER_LEAK,et_otilde
data,tr,B1,861,Falle,lamatas,Pułapka,MARKER_LEAK,pl_l_s_z
data,bg,B1,861,Falle,lamatas,Капан,FAMILY_COPY_STRICT,bg+hr+mk+sr
data,hr,B1,861,Falle,lamatas,Капан,FAMILY_COPY_STRICT,bg+hr+mk+sr
data,mk,B1,861,Falle,lamatas,Капан,FAMILY_COPY_STRICT,bg+hr+mk+sr
data,sr,B1,861,Falle,lamatas,Капан,FAMILY_COPY_STRICT,bg+hr+mk+sr
data,fi,B1,861,Falle,lamatas,Lõks,FAMILY_COPY_STRICT,fi+is+nb+nn+sv
data,is,B1,861,Falle,lamatas,Lõks,FAMILY_COPY_STRICT,fi+is+nb+nn+sv
data,nb,B1,861,Falle,lamatas,Lõks,FAMILY_COPY_STRICT,fi+is+nb+nn+sv
data,nn,B1,861,Falle,lamatas,Lõks,FAMILY_COPY_STRICT,fi+is+nb+nn+sv
data,sv,B1,861,Falle,lamatas,Lõks,FAMILY_COPY_STRICT,fi+is+nb+nn+sv
data,it,B1,861,Falle,lamatas,Val,FAMILY_COPY_STRICT,it+lb+nl
data,lb,B1,861,Falle,lamatas,Val,FAMILY_COPY_STRICT,it+lb+nl
data,nl,B1,861,Falle,lamatas,Val,FAMILY_COPY_STRICT,it+lb+nl
data,pl,B1,861,Falle,lamatas,Pułapka,FAMILY_COPY_STRICT,pl+sk+sq+tr
data,sk,B1,861,Falle,lamatas,Pułapka,FAMILY_COPY_STRICT,pl+sk+sq+tr
data,sq,B1,861,Falle,lamatas,Pułapka,FAMILY_COPY_STRICT,pl+sk+sq+tr
data,tr,B1,861,Falle,lamatas,Pułapka,FAMILY_COPY_STRICT,pl+sk+sq+tr
data,hr,B1,862,falls,ja,Ако,SCRIPT_MISMATCH,
data,hr,B1,862,falls,ja,Ако,MARKER_LEAK,foreign_script
data,it,B1,862,falls,ja,Ja,SAME_AS_LV_CASEFOLD,casefold_only
data,lb,B1,862,falls,ja,Ja,SAME_AS_LV_CASEFOLD,casefold_only
data,nl,B1,862,falls,ja,Ja,SAME_AS_LV_CASEFOLD,casefold_only
data,sk,B1,862,falls,ja,Jeśli,MARKER_LEAK,pl_l_s_z
data,sl,B1,862,falls,ja,ja,SAME_AS_LV_CASEFOLD,exact
data,sq,B1,862,falls,ja,Eğer,MARKER_LEAK,tr_soft
data,bg,B1,862,falls,ja,Ако,FAMILY_COPY_STRICT,bg+hr+mk+sr
data,hr,B1,862,falls,ja,Ако,FAMILY_COPY_STRICT,bg+hr+mk+sr
data,mk,B1,862,falls,ja,Ако,FAMILY_COPY_STRICT,bg+hr+mk+sr
data,sr,B1,862,falls,ja,Ако,FAMILY_COPY_STRICT,bg+hr+mk+sr
data,fi,B1,862,falls,ja,Kui,FAMILY_COPY_STRICT,fi+is+nb+nn+sv
data,is,B1,862,falls,ja,Kui,FAMILY_COPY_STRICT,fi+is+nb+nn+sv
data,nb,B1,862,falls,ja,Kui,FAMILY_COPY_STRICT,fi+is+nb+nn+sv
data,nn,B1,862,falls,ja,Kui,FAMILY_COPY_STRICT,fi+is+nb+nn+sv
data,sv,B1,862,falls,ja,Kui,FAMILY_COPY_STRICT,fi+is+nb+nn+sv
data,hu,B1,862,falls,ja,Ha,FAMILY_COPY_STRICT,hu+pt
data,pt,B1,862,falls,ja,Ha,FAMILY_COPY_STRICT,hu+pt
data,it,B1,862,falls,ja,Ja,FAMILY_COPY_STRICT,it+lb+nl
data,lb,B1,862,falls,ja,Ja,FAMILY_COPY_STRICT,it+lb+nl
data,nl,B1,862,falls,ja,Ja,FAMILY_COPY_STRICT,it+lb+nl
data,pl,B1,862,falls,ja,Jeśli,FAMILY_COPY_STRICT,pl+sk
data,sk,B1,862,falls,ja,Jeśli,FAMILY_COPY_STRICT,pl+sk
data,sq,B1,862,falls,ja,Eğer,FAMILY_COPY_STRICT,sq+tr
data,tr,B1,862,falls,ja,Eğer,FAMILY_COPY_STRICT,sq+tr
data,hr,B1,863,Fallschirm,izpletnis,Парашут,SCRIPT_MISMATCH,
data,hr,B1,863,Fallschirm,izpletnis,Парашут,MARKER_LEAK,foreign_script
data,it,B1,863,Fallschirm,izpletnis,Izpletnis,SAME_AS_LV_CASEFOLD,casefold_only
data,lb,B1,863,Fallschirm,izpletnis,Izpletnis,SAME_AS_LV_CASEFOLD,casefold_only
data,nl,B1,863,Fallschirm,izpletnis,Izpletnis,SAME_AS_LV_CASEFOLD,casefold_only
data,pt,B1,863,Fallschirm,izpletnis,Izpletnis,SAME_AS_LV_CASEFOLD,casefold_only
data,sl,B1,863,Fallschirm,izpletnis,izpletnis,SAME_AS_LV_CASEFOLD,exact
data,bg,B1,863,Fallschirm,izpletnis,Парашут,FAMILY_COPY_STRICT,bg+hr+mk+sr
data,hr,B1,863,Fallschirm,izpletnis,Парашут,FAMILY_COPY_STRICT,bg+hr+mk+sr
data,mk,B1,863,Fallschirm,izpletnis,Парашут,FAMILY_COPY_STRICT,bg+hr+mk+sr
data,sr,B1,863,Fallschirm,izpletnis,Парашут,FAMILY_COPY_STRICT,bg+hr+mk+sr
data,fi,B1,863,Fallschirm,izpletnis,Langevari,FAMILY_COPY_STRICT,fi+is+nb+nn+sv
data,is,B1,863,Fallschirm,izpletnis,Langevari,FAMILY_COPY_STRICT,fi+is+nb+nn+sv
data,nb,B1,863,Fallschirm,izpletnis,Langevari,FAMILY_COPY_STRICT,fi+is+nb+nn+sv
data,nn,B1,863,Fallschirm,izpletnis,Langevari,FAMILY_COPY_STRICT,fi+is+nb+nn+sv
data,sv,B1,863,Fallschirm,izpletnis,Langevari,FAMILY_COPY_STRICT,fi+is+nb+nn+sv
data,it,B1,863,Fallschirm,izpletnis,Izpletnis,FAMILY_COPY_STRICT,it+lb+nl+pt
data,lb,B1,863,Fallschirm,izpletnis,Izpletnis,FAMILY_COPY_STRICT,it+lb+nl+pt
data,nl,B1,863,Fallschirm,izpletnis,Izpletnis,FAMILY_COPY_STRICT,it+lb+nl+pt
data,pt,B1,863,Fallschirm,izpletnis,Izpletnis,FAMILY_COPY_STRICT,it+lb+nl+pt
data,pl,B1,863,Fallschirm,izpletnis,Spadochron,FAMILY_COPY_STRICT,pl+sk
data,sk,B1,863,Fallschirm,izpletnis,Spadochron,FAMILY_COPY_STRICT,pl+sk
data,sq,B1,863,Fallschirm,izpletnis,Paraşüt,FAMILY_COPY_STRICT,sq+tr
data,tr,B1,863,Fallschirm,izpletnis,Paraşüt,FAMILY_COPY_STRICT,sq+tr
data,hr,B1,864,Falte,grumba,Бръчка,SCRIPT_MISMATCH,
data,hr,B1,864,Falte,grumba,Бръчка,MARKER_LEAK,foreign_script
data,it,B1,864,Falte,grumba,Grumba,SAME_AS_LV_CASEFOLD,casefold_only
data,lb,B1,864,Falte,grumba,Grumba,SAME_AS_LV_CASEFOLD,casefold_only
data,nl,B1,864,Falte,grumba,Grumba,SAME_AS_LV_CASEFOLD,casefold_only
data,pt,B1,864,Falte,grumba,Grumba,SAME_AS_LV_CASEFOLD,casefold_only
data,sl,B1,864,Falte,grumba,grumba,SAME_AS_LV_CASEFOLD,exact
data,bg,B1,864,Falte,grumba,Бръчка,FAMILY_COPY_STRICT,bg+hr+mk+sr
data,hr,B1,864,Falte,grumba,Бръчка,FAMILY_COPY_STRICT,bg+hr+mk+sr
data,mk,B1,864,Falte,grumba,Бръчка,FAMILY_COPY_STRICT,bg+hr+mk+sr
data,sr,B1,864,Falte,grumba,Бръчка,FAMILY_COPY_STRICT,bg+hr+mk+sr
data,fi,B1,864,Falte,grumba,Kortsuke,FAMILY_COPY_STRICT,fi+is+nb+nn+sv
data,is,B1,864,Falte,grumba,Kortsuke,FAMILY_COPY_STRICT,fi+is+nb+nn+sv
data,nb,B1,864,Falte,grumba,Kortsuke,FAMILY_COPY_STRICT,fi+is+nb+nn+sv
data,nn,B1,864,Falte,grumba,Kortsuke,FAMILY_COPY_STRICT,fi+is+nb+nn+sv
data,sv,B1,864,Falte,grumba,Kortsuke,FAMILY_COPY_STRICT,fi+is+nb+nn+sv
data,it,B1,864,Falte,grumba,Grumba,FAMILY_COPY_STRICT,it+lb+nl+pt
data,lb,B1,864,Falte,grumba,Grumba,FAMILY_COPY_STRICT,it+lb+nl+pt
data,nl,B1,864,Falte,grumba,Grumba,FAMILY_COPY_STRICT,it+lb+nl+pt
data,pt,B1,864,Falte,grumba,Grumba,FAMILY_COPY_STRICT,it+lb+nl+pt
data,pl,B1,864,Falte,grumba,Zmarszczka,FAMILY_COPY_STRICT,pl+sk+sq+tr
data,sk,B1,864,Falte,grumba,Zmarszczka,FAMILY_COPY_STRICT,pl+sk+sq+tr
data,sq,B1,864,Falte,grumba,Zmarszczka,FAMILY_COPY_STRICT,pl+sk+sq+tr
data,tr,B1,864,Falte,grumba,Zmarszczka,FAMILY_COPY_STRICT,pl+sk+sq+tr
data,hr,B1,865,farbenfroh,košs,Светла,SCRIPT_MISMATCH,
data,hr,B1,865,farbenfroh,košs,Светла,MARKER_LEAK,foreign_script
data,it,B1,865,farbenfroh,košs,Košs,SAME_AS_LV_CASEFOLD,casefold_only
data,it,B1,865,farbenfroh,košs,Košs,LV_DIACRITIC,
data,nl,B1,865,farbenfroh,košs,Košs,SAME_AS_LV_CASEFOLD,casefold_only
data,nl,B1,865,farbenfroh,košs,Košs,LV_DIACRITIC,
data,sl,B1,865,farbenfroh,košs,košs,SAME_AS_LV_CASEFOLD,exact
data,fi,B1,865,farbenfroh,košs,Värvikirev,FAMILY_COPY_STRICT,fi+is+nb+nn+sv
data,is,B1,865,farbenfroh,košs,Värvikirev,FAMILY_COPY_STRICT,fi+is+nb+nn+sv
data,nb,B1,865,farbenfroh,košs,Värvikirev,FAMILY_COPY_STRICT,fi+is+nb+nn+sv
data,nn,B1,865,farbenfroh,košs,Värvikirev,FAMILY_COPY_STRICT,fi+is+nb+nn+sv
data,sv,B1,865,farbenfroh,košs,Värvikirev,FAMILY_COPY_STRICT,fi+is+nb+nn+sv
data,hr,B1,865,farbenfroh,košs,Светла,FAMILY_COPY_STRICT,hr+mk+sr
data,mk,B1,865,farbenfroh,košs,Светла,FAMILY_COPY_STRICT,hr+mk+sr
data,sr,B1,865,farbenfroh,košs,Светла,FAMILY_COPY_STRICT,hr+mk+sr
data,it,B1,865,farbenfroh,košs,Košs,FAMILY_COPY_STRICT,it+nl
data,nl,B1,865,farbenfroh,košs,Košs,FAMILY_COPY_STRICT,it+nl
data,pl,B1,865,farbenfroh,košs,Jasny,FAMILY_COPY_STRICT,pl+sk+sq+tr
data,sk,B1,865,farbenfroh,košs,Jasny,FAMILY_COPY_STRICT,pl+sk+sq+tr
data,sq,B1,865,farbenfroh,košs,Jasny,FAMILY_COPY_STRICT,pl+sk+sq+tr
data,tr,B1,865,farbenfroh,košs,Jasny,FAMILY_COPY_STRICT,pl+sk+sq+tr
data,hr,B1,866,Farbfilm,krāsu filma,Цветен филм,SCRIPT_MISMATCH,
data,hr,B1,866,Farbfilm,krāsu filma,Цветен филм,MARKER_LEAK,foreign_script
data,it,B1,866,Farbfilm,krāsu filma,Krāsu filma,SAME_AS_LV_CASEFOLD,casefold_only
data,it,B1,866,Farbfilm,krāsu filma,Krāsu filma,LV_DIACRITIC,
data,it,B1,866,Farbfilm,krāsu filma,Krāsu filma,MARKER_LEAK,lv_macron_consonant
data,lb,B1,866,Farbfilm,krāsu filma,Krāsu filma,SAME_AS_LV_CASEFOLD,casefold_only
data,lb,B1,866,Farbfilm,krāsu filma,Krāsu filma,LV_DIACRITIC,
data,lb,B1,866,Farbfilm,krāsu filma,Krāsu filma,MARKER_LEAK,lv_macron_consonant
data,nl,B1,866,Farbfilm,krāsu filma,Krāsu filma,SAME_AS_LV_CASEFOLD,casefold_only
data,nl,B1,866,Farbfilm,krāsu filma,Krāsu filma,LV_DIACRITIC,
data,nl,B1,866,Farbfilm,krāsu filma,Krāsu filma,MARKER_LEAK,lv_macron_consonant
data,sl,B1,866,Farbfilm,krāsu filma,krāsu filma,SAME_AS_LV_CASEFOLD,exact
data,sl,B1,866,Farbfilm,krāsu filma,krāsu filma,LV_DIACRITIC,
data,sl,B1,866,Farbfilm,krāsu filma,krāsu filma,MARKER_LEAK,lv_macron_consonant
data,bg,B1,866,Farbfilm,krāsu filma,Цветен филм,FAMILY_COPY_STRICT,bg+hr+mk+sr
data,hr,B1,866,Farbfilm,krāsu filma,Цветен филм,FAMILY_COPY_STRICT,bg+hr+mk+sr
data,mk,B1,866,Farbfilm,krāsu filma,Цветен филм,FAMILY_COPY_STRICT,bg+hr+mk+sr
data,sr,B1,866,Farbfilm,krāsu filma,Цветен филм,FAMILY_COPY_STRICT,bg+hr+mk+sr
data,fi,B1,866,Farbfilm,krāsu filma,Värvifilm,FAMILY_COPY_STRICT,fi+sv
data,sv,B1,866,Farbfilm,krāsu filma,Värvifilm,FAMILY_COPY_STRICT,fi+sv
data,is,B1,866,Farbfilm,krāsu filma,Fargefilm,FAMILY_COPY_STRICT,is+nb+nn
data,nb,B1,866,Farbfilm,krāsu filma,Fargefilm,FAMILY_COPY_STRICT,is+nb+nn
data,nn,B1,866,Farbfilm,krāsu filma,Fargefilm,FAMILY_COPY_STRICT,is+nb+nn
data,it,B1,866,Farbfilm,krāsu filma,Krāsu filma,FAMILY_COPY_STRICT,it+lb+nl
data,lb,B1,866,Farbfilm,krāsu filma,Krāsu filma,FAMILY_COPY_STRICT,it+lb+nl
data,nl,B1,866,Farbfilm,krāsu filma,Krāsu filma,FAMILY_COPY_STRICT,it+lb+nl
data,pl,B1,866,Farbfilm,krāsu filma,Kolorowego filmu,FAMILY_COPY_STRICT,pl+sk+sq+tr
data,sk,B1,866,Farbfilm,krāsu filma,Kolorowego filmu,FAMILY_COPY_STRICT,pl+sk+sq+tr
data,sq,B1,866,Farbfilm,krāsu filma,Kolorowego filmu,FAMILY_COPY_STRICT,pl+sk+sq+tr
data,tr,B1,866,Farbfilm,krāsu filma,Kolorowego filmu,FAMILY_COPY_STRICT,pl+sk+sq+tr
data,hr,B1,867,Fasching,karnevāls,Карнавал,SCRIPT_MISMATCH,
data,hr,B1,867,Fasching,karnevāls,Карнавал,MARKER_LEAK,foreign_script
data,it,B1,867,Fasching,karnevāls,Karnevāls,SAME_AS_LV_CASEFOLD,casefold_only
data,it,B1,867,Fasching,karnevāls,Karnevāls,LV_DIACRITIC,
data,it,B1,867,Fasching,karnevāls,Karnevāls,MARKER_LEAK,lv_macron_consonant
data,lb,B1,867,Fasching,karnevāls,Karnevāls,SAME_AS_LV_CASEFOLD,casefold_only
data,lb,B1,867,Fasching,karnevāls,Karnevāls,LV_DIACRITIC,
data,lb,B1,867,Fasching,karnevāls,Karnevāls,MARKER_LEAK,lv_macron_consonant
data,nl,B1,867,Fasching,karnevāls,Karnevāls,SAME_AS_LV_CASEFOLD,casefold_only
data,nl,B1,867,Fasching,karnevāls,Karnevāls,LV_DIACRITIC,
data,nl,B1,867,Fasching,karnevāls,Karnevāls,MARKER_LEAK,lv_macron_consonant
data,sk,B1,867,Fasching,karnevāls,Karnawał,MARKER_LEAK,pl_l_s_z
data,sl,B1,867,Fasching,karnevāls,karnevāls,SAME_AS_LV_CASEFOLD,exact
data,sl,B1,867,Fasching,karnevāls,karnevāls,LV_DIACRITIC,
data,sl,B1,867,Fasching,karnevāls,karnevāls,MARKER_LEAK,lv_macron_consonant
data,bg,B1,867,Fasching,karnevāls,Карнавал,FAMILY_COPY_STRICT,bg+hr+mk+ru+sr
data,hr,B1,867,Fasching,karnevāls,Карнавал,FAMILY_COPY_STRICT,bg+hr+mk+ru+sr
data,mk,B1,867,Fasching,karnevāls,Карнавал,FAMILY_COPY_STRICT,bg+hr+mk+ru+sr
data,ru,B1,867,Fasching,karnevāls,Карнавал,FAMILY_COPY_STRICT,bg+hr+mk+ru+sr
data,sr,B1,867,Fasching,karnevāls,Карнавал,FAMILY_COPY_STRICT,bg+hr+mk+ru+sr
data,fr,B1,867,Fasching,karnevāls,Carnaval,FAMILY_COPY_STRICT,fr+ro
data,ro,B1,867,Fasching,karnevāls,Carnaval,FAMILY_COPY_STRICT,fr+ro
data,it,B1,867,Fasching,karnevāls,Karnevāls,FAMILY_COPY_STRICT,it+lb+nl
data,lb,B1,867,Fasching,karnevāls,Karnevāls,FAMILY_COPY_STRICT,it+lb+nl
data,nl,B1,867,Fasching,karnevāls,Karnevāls,FAMILY_COPY_STRICT,it+lb+nl
data,pl,B1,867,Fasching,karnevāls,Karnawał,FAMILY_COPY_STRICT,pl+sk
data,sk,B1,867,Fasching,karnevāls,Karnawał,FAMILY_COPY_STRICT,pl+sk
data,sq,B1,867,Fasching,karnevāls,Karnaval,FAMILY_COPY_STRICT,sq+tr
data,tr,B1,867,Fasching,karnevāls,Karnaval,FAMILY_COPY_STRICT,sq+tr
data,hr,B1,868,Fass,muca,Варел,SCRIPT_MISMATCH,
data,hr,B1,868,Fass,muca,Варел,MARKER_LEAK,foreign_script
data,it,B1,868,Fass,muca,Muca,SAME_AS_LV_CASEFOLD,casefold_only
data,lb,B1,868,Fass,muca,Muca,SAME_AS_LV_CASEFOLD,casefold_only
data,nl,B1,868,Fass,muca,Muca,SAME_AS_LV_CASEFOLD,casefold_only
data,sl,B1,868,Fass,muca,muca,SAME_AS_LV_CASEFOLD,exact
data,bg,B1,868,Fass,muca,Варел,FAMILY_COPY_STRICT,bg+hr+mk+sr
data,hr,B1,868,Fass,muca,Варел,FAMILY_COPY_STRICT,bg+hr+mk+sr
data,mk,B1,868,Fass,muca,Варел,FAMILY_COPY_STRICT,bg+hr+mk+sr
data,sr,B1,868,Fass,muca,Варел,FAMILY_COPY_STRICT,bg+hr+mk+sr
data,fi,B1,868,Fass,muca,Tünn,FAMILY_COPY_STRICT,fi+is+nb+nn+sv
data,is,B1,868,Fass,muca,Tünn,FAMILY_COPY_STRICT,fi+is+nb+nn+sv
data,nb,B1,868,Fass,muca,Tünn,FAMILY_COPY_STRICT,fi+is+nb+nn+sv
data,nn,B1,868,Fass,muca,Tünn,FAMILY_COPY_STRICT,fi+is+nb+nn+sv
data,sv,B1,868,Fass,muca,Tünn,FAMILY_COPY_STRICT,fi+is+nb+nn+sv
data,fr,B1,868,Fass,muca,Baril,FAMILY_COPY_STRICT,fr+ro
data,ro,B1,868,Fass,muca,Baril,FAMILY_COPY_STRICT,fr+ro
data,it,B1,868,Fass,muca,Muca,FAMILY_COPY_STRICT,it+lb+nl
data,lb,B1,868,Fass,muca,Muca,FAMILY_COPY_STRICT,it+lb+nl
data,nl,B1,868,Fass,muca,Muca,FAMILY_COPY_STRICT,it+lb+nl
data,pl,B1,868,Fass,muca,Beczka,FAMILY_COPY_STRICT,pl+sq+tr
data,sq,B1,868,Fass,muca,Beczka,FAMILY_COPY_STRICT,pl+sq+tr
data,tr,B1,868,Fass,muca,Beczka,FAMILY_COPY_STRICT,pl+sq+tr
data,hr,B1,869,fassen,satvert,Грабнете,SCRIPT_MISMATCH,
data,hr,B1,869,fassen,satvert,Грабнете,MARKER_LEAK,foreign_script
data,it,B1,869,fassen,satvert,Satvert,SAME_AS_LV_CASEFOLD,casefold_only
data,nl,B1,869,fassen,satvert,Satvert,SAME_AS_LV_CASEFOLD,casefold_only
data,sl,B1,869,fassen,satvert,satvert,SAME_AS_LV_CASEFOLD,exact
data,bg,B1,869,fassen,satvert,Грабнете,FAMILY_COPY_STRICT,bg+hr+mk+sr
data,hr,B1,869,fassen,satvert,Грабнете,FAMILY_COPY_STRICT,bg+hr+mk+sr
data,mk,B1,869,fassen,satvert,Грабнете,FAMILY_COPY_STRICT,bg+hr+mk+sr
data,sr,B1,869,fassen,satvert,Грабнете,FAMILY_COPY_STRICT,bg+hr+mk+sr
data,fi,B1,869,fassen,satvert,Haarama,FAMILY_COPY_STRICT,fi+is+nb+nn+sv
data,is,B1,869,fassen,satvert,Haarama,FAMILY_COPY_STRICT,fi+is+nb+nn+sv
data,nb,B1,869,fassen,satvert,Haarama,FAMILY_COPY_STRICT,fi+is+nb+nn+sv
data,nn,B1,869,fassen,satvert,Haarama,FAMILY_COPY_STRICT,fi+is+nb+nn+sv
data,sv,B1,869,fassen,satvert,Haarama,FAMILY_COPY_STRICT,fi+is+nb+nn+sv
data,it,B1,869,fassen,satvert,Satvert,FAMILY_COPY_STRICT,it+nl
data,nl,B1,869,fassen,satvert,Satvert,FAMILY_COPY_STRICT,it+nl
data,pl,B1,869,fassen,satvert,Uchwycić,FAMILY_COPY_STRICT,pl+sk
data,sk,B1,869,fassen,satvert,Uchwycić,FAMILY_COPY_STRICT,pl+sk
data,sq,B1,869,fassen,satvert,Esir almak,FAMILY_COPY_STRICT,sq+tr
data,tr,B1,869,fassen,satvert,Esir almak,FAMILY_COPY_STRICT,sq+tr
data,hr,B1,870,fasten,gavēt,Бързо,SCRIPT_MISMATCH,
data,hr,B1,870,fasten,gavēt,Бързо,MARKER_LEAK,foreign_script
data,it,B1,870,fasten,gavēt,Gavēt,SAME_AS_LV_CASEFOLD,casefold_only
data,it,B1,870,fasten,gavēt,Gavēt,LV_DIACRITIC,
data,it,B1,870,fasten,gavēt,Gavēt,MARKER_LEAK,lv_macron_consonant
data,lb,B1,870,fasten,gavēt,Gavēt,SAME_AS_LV_CASEFOLD,casefold_only
data,lb,B1,870,fasten,gavēt,Gavēt,LV_DIACRITIC,
data,lb,B1,870,fasten,gavēt,Gavēt,MARKER_LEAK,lv_macron_consonant
data,nl,B1,870,fasten,gavēt,Gavēt,SAME_AS_LV_CASEFOLD,casefold_only
data,nl,B1,870,fasten,gavēt,Gavēt,LV_DIACRITIC,
data,nl,B1,870,fasten,gavēt,Gavēt,MARKER_LEAK,lv_macron_consonant
data,sl,B1,870,fasten,gavēt,gavēt,SAME_AS_LV_CASEFOLD,exact
data,sl,B1,870,fasten,gavēt,gavēt,LV_DIACRITIC,
data,sl,B1,870,fasten,gavēt,gavēt,MARKER_LEAK,lv_macron_consonant
data,bg,B1,870,fasten,gavēt,Бързо,FAMILY_COPY_STRICT,bg+hr+mk+sr
data,hr,B1,870,fasten,gavēt,Бързо,FAMILY_COPY_STRICT,bg+hr+mk+sr
data,mk,B1,870,fasten,gavēt,Бързо,FAMILY_COPY_STRICT,bg+hr+mk+sr
data,sr,B1,870,fasten,gavēt,Бързо,FAMILY_COPY_STRICT,bg+hr+mk+sr
data,fi,B1,870,fasten,gavēt,Paastuma,FAMILY_COPY_STRICT,fi+is+nb+nn+sv
data,is,B1,870,fasten,gavēt,Paastuma,FAMILY_COPY_STRICT,fi+is+nb+nn+sv
data,nb,B1,870,fasten,gavēt,Paastuma,FAMILY_COPY_STRICT,fi+is+nb+nn+sv
data,nn,B1,870,fasten,gavēt,Paastuma,FAMILY_COPY_STRICT,fi+is+nb+nn+sv
data,sv,B1,870,fasten,gavēt,Paastuma,FAMILY_COPY_STRICT,fi+is+nb+nn+sv
data,it,B1,870,fasten,gavēt,Gavēt,FAMILY_COPY_STRICT,it+lb+nl
data,lb,B1,870,fasten,gavēt,Gavēt,FAMILY_COPY_STRICT,it+lb+nl
data,nl,B1,870,fasten,gavēt,Gavēt,FAMILY_COPY_STRICT,it+lb+nl
data,hr,B1,871,faszinieren,aizraut,Увлечете се,SCRIPT_MISMATCH,
data,hr,B1,871,faszinieren,aizraut,Увлечете се,MARKER_LEAK,foreign_script
data,it,B1,871,faszinieren,aizraut,Aizraut,SAME_AS_LV_CASEFOLD,casefold_only
data,lb,B1,871,faszinieren,aizraut,Aizraut,SAME_AS_LV_CASEFOLD,casefold_only
data,nl,B1,871,faszinieren,aizraut,Aizraut,SAME_AS_LV_CASEFOLD,casefold_only
data,pt,B1,871,faszinieren,aizraut,Aizraut,SAME_AS_LV_CASEFOLD,casefold_only
data,sk,B1,871,faszinieren,aizraut,Dać się ponieść nerwom,MARKER_LEAK,pl_l_s_z+pl_lt_nasal
data,sl,B1,871,faszinieren,aizraut,aizraut,SAME_AS_LV_CASEFOLD,exact
data,sq,B1,871,faszinieren,aizraut,Kendinizi kaptırın,MARKER_LEAK,tr_soft
data,bg,B1,871,faszinieren,aizraut,Увлечете се,FAMILY_COPY_STRICT,bg+hr+mk+sr
data,hr,B1,871,faszinieren,aizraut,Увлечете се,FAMILY_COPY_STRICT,bg+hr+mk+sr
data,mk,B1,871,faszinieren,aizraut,Увлечете се,FAMILY_COPY_STRICT,bg+hr+mk+sr
data,sr,B1,871,faszinieren,aizraut,Увлечете се,FAMILY_COPY_STRICT,bg+hr+mk+sr
data,fi,B1,871,faszinieren,aizraut,Köitma,FAMILY_COPY_STRICT,fi+is+nb+nn+sv
data,is,B1,871,faszinieren,aizraut,Köitma,FAMILY_COPY_STRICT,fi+is+nb+nn+sv
data,nb,B1,871,faszinieren,aizraut,Köitma,FAMILY_COPY_STRICT,fi+is+nb+nn+sv
data,nn,B1,871,faszinieren,aizraut,Köitma,FAMILY_COPY_STRICT,fi+is+nb+nn+sv
data,sv,B1,871,faszinieren,aizraut,Köitma,FAMILY_COPY_STRICT,fi+is+nb+nn+sv
data,it,B1,871,faszinieren,aizraut,Aizraut,FAMILY_COPY_STRICT,it+lb+nl+pt
data,lb,B1,871,faszinieren,aizraut,Aizraut,FAMILY_COPY_STRICT,it+lb+nl+pt
data,nl,B1,871,faszinieren,aizraut,Aizraut,FAMILY_COPY_STRICT,it+lb+nl+pt
data,pt,B1,871,faszinieren,aizraut,Aizraut,FAMILY_COPY_STRICT,it+lb+nl+pt
data,pl,B1,871,faszinieren,aizraut,Dać się ponieść nerwom,FAMILY_COPY_STRICT,pl+sk
data,sk,B1,871,faszinieren,aizraut,Dać się ponieść nerwom,FAMILY_COPY_STRICT,pl+sk
data,sq,B1,871,faszinieren,aizraut,Kendinizi kaptırın,FAMILY_COPY_STRICT,sq+tr
data,tr,B1,871,faszinieren,aizraut,Kendinizi kaptırın,FAMILY_COPY_STRICT,sq+tr
data,hr,B1,872,faul,slinks,Мързелив,SCRIPT_MISMATCH,
data,hr,B1,872,faul,slinks,Мързелив,MARKER_LEAK,foreign_script
data,it,B1,872,faul,slinks,Slinks,SAME_AS_LV_CASEFOLD,casefold_only
data,nl,B1,872,faul,slinks,Slinks,SAME_AS_LV_CASEFOLD,casefold_only
data,sl,B1,872,faul,slinks,slinks,SAME_AS_LV_CASEFOLD,exact
data,bg,B1,872,faul,slinks,Мързелив,FAMILY_COPY_STRICT,bg+hr+mk+sr
data,hr,B1,872,faul,slinks,Мързелив,FAMILY_COPY_STRICT,bg+hr+mk+sr
data,mk,B1,872,faul,slinks,Мързелив,FAMILY_COPY_STRICT,bg+hr+mk+sr
data,sr,B1,872,faul,slinks,Мързелив,FAMILY_COPY_STRICT,bg+hr+mk+sr
data,fi,B1,872,faul,slinks,Laisk,FAMILY_COPY_STRICT,fi+is+nb+nn+sv
data,is,B1,872,faul,slinks,Laisk,FAMILY_COPY_STRICT,fi+is+nb+nn+sv
data,nb,B1,872,faul,slinks,Laisk,FAMILY_COPY_STRICT,fi+is+nb+nn+sv
data,nn,B1,872,faul,slinks,Laisk,FAMILY_COPY_STRICT,fi+is+nb+nn+sv
data,sv,B1,872,faul,slinks,Laisk,FAMILY_COPY_STRICT,fi+is+nb+nn+sv
data,it,B1,872,faul,slinks,Slinks,FAMILY_COPY_STRICT,it+nl
data,nl,B1,872,faul,slinks,Slinks,FAMILY_COPY_STRICT,it+nl
data,pl,B1,872,faul,slinks,Leniwy,FAMILY_COPY_STRICT,pl+sk+sq+tr
data,sk,B1,872,faul,slinks,Leniwy,FAMILY_COPY_STRICT,pl+sk+sq+tr
data,sq,B1,872,faul,slinks,Leniwy,FAMILY_COPY_STRICT,pl+sk+sq+tr
data,tr,B1,872,faul,slinks,Leniwy,FAMILY_COPY_STRICT,pl+sk+sq+tr
data,hr,B1,873,faulenzen,slinkot,Облегнете се,SCRIPT_MISMATCH,
data,hr,B1,873,faulenzen,slinkot,Облегнете се,MARKER_LEAK,foreign_script
data,it,B1,873,faulenzen,slinkot,Slinkot,SAME_AS_LV_CASEFOLD,casefold_only
data,lb,B1,873,faulenzen,slinkot,Slinkot,SAME_AS_LV_CASEFOLD,casefold_only
data,nl,B1,873,faulenzen,slinkot,Slinkot,SAME_AS_LV_CASEFOLD,casefold_only
data,pt,B1,873,faulenzen,slinkot,Slinkot,SAME_AS_LV_CASEFOLD,casefold_only
data,sl,B1,873,faulenzen,slinkot,slinkot,SAME_AS_LV_CASEFOLD,exact
data,bg,B1,873,faulenzen,slinkot,Облегнете се,FAMILY_COPY_STRICT,bg+hr+mk+sr
data,hr,B1,873,faulenzen,slinkot,Облегнете се,FAMILY_COPY_STRICT,bg+hr+mk+sr
data,mk,B1,873,faulenzen,slinkot,Облегнете се,FAMILY_COPY_STRICT,bg+hr+mk+sr
data,sr,B1,873,faulenzen,slinkot,Облегнете се,FAMILY_COPY_STRICT,bg+hr+mk+sr
data,fi,B1,873,faulenzen,slinkot,Logelema,FAMILY_COPY_STRICT,fi+is+nb+nn+sv
data,is,B1,873,faulenzen,slinkot,Logelema,FAMILY_COPY_STRICT,fi+is+nb+nn+sv
data,nb,B1,873,faulenzen,slinkot,Logelema,FAMILY_COPY_STRICT,fi+is+nb+nn+sv
data,nn,B1,873,faulenzen,slinkot,Logelema,FAMILY_COPY_STRICT,fi+is+nb+nn+sv
data,sv,B1,873,faulenzen,slinkot,Logelema,FAMILY_COPY_STRICT,fi+is+nb+nn+sv
data,it,B1,873,faulenzen,slinkot,Slinkot,FAMILY_COPY_STRICT,it+lb+nl+pt
data,lb,B1,873,faulenzen,slinkot,Slinkot,FAMILY_COPY_STRICT,it+lb+nl+pt
data,nl,B1,873,faulenzen,slinkot,Slinkot,FAMILY_COPY_STRICT,it+lb+nl+pt
data,pt,B1,873,faulenzen,slinkot,Slinkot,FAMILY_COPY_STRICT,it+lb+nl+pt
data,pl,B1,873,faulenzen,slinkot,Leniuchowanie,FAMILY_COPY_STRICT,pl+sq+tr
data,sq,B1,873,faulenzen,slinkot,Leniuchowanie,FAMILY_COPY_STRICT,pl+sq+tr
data,tr,B1,873,faulenzen,slinkot,Leniuchowanie,FAMILY_COPY_STRICT,pl+sq+tr
data,hr,B1,874,Faulheit,slinkums,Мрзеливост,SCRIPT_MISMATCH,
data,hr,B1,874,Faulheit,slinkums,Мрзеливост,MARKER_LEAK,foreign_script
data,it,B1,874,Faulheit,slinkums,Slinkums,SAME_AS_LV_CASEFOLD,casefold_only
data,lb,B1,874,Faulheit,slinkums,Slinkums,SAME_AS_LV_CASEFOLD,casefold_only
data,nl,B1,874,Faulheit,slinkums,Slinkums,SAME_AS_LV_CASEFOLD,casefold_only
data,pt,B1,874,Faulheit,slinkums,Slinkums,SAME_AS_LV_CASEFOLD,casefold_only
data,sl,B1,874,Faulheit,slinkums,slinkums,SAME_AS_LV_CASEFOLD,exact
data,fi,B1,874,Faulheit,slinkums,Laiskus,FAMILY_COPY_STRICT,fi+is+nb+nn+sv
data,is,B1,874,Faulheit,slinkums,Laiskus,FAMILY_COPY_STRICT,fi+is+nb+nn+sv
data,nb,B1,874,Faulheit,slinkums,Laiskus,FAMILY_COPY_STRICT,fi+is+nb+nn+sv
data,nn,B1,874,Faulheit,slinkums,Laiskus,FAMILY_COPY_STRICT,fi+is+nb+nn+sv
data,sv,B1,874,Faulheit,slinkums,Laiskus,FAMILY_COPY_STRICT,fi+is+nb+nn+sv
data,hr,B1,874,Faulheit,slinkums,Мрзеливост,FAMILY_COPY_STRICT,hr+mk+sr
data,mk,B1,874,Faulheit,slinkums,Мрзеливост,FAMILY_COPY_STRICT,hr+mk+sr
data,sr,B1,874,Faulheit,slinkums,Мрзеливост,FAMILY_COPY_STRICT,hr+mk+sr
data,it,B1,874,Faulheit,slinkums,Slinkums,FAMILY_COPY_STRICT,it+lb+nl+pt
data,lb,B1,874,Faulheit,slinkums,Slinkums,FAMILY_COPY_STRICT,it+lb+nl+pt
data,nl,B1,874,Faulheit,slinkums,Slinkums,FAMILY_COPY_STRICT,it+lb+nl+pt
data,pt,B1,874,Faulheit,slinkums,Slinkums,FAMILY_COPY_STRICT,it+lb+nl+pt
data,pl,B1,874,Faulheit,slinkums,Lenistwo,FAMILY_COPY_STRICT,pl+sk+sq+tr
data,sk,B1,874,Faulheit,slinkums,Lenistwo,FAMILY_COPY_STRICT,pl+sk+sq+tr
data,sq,B1,874,Faulheit,slinkums,Lenistwo,FAMILY_COPY_STRICT,pl+sk+sq+tr
data,tr,B1,874,Faulheit,slinkums,Lenistwo,FAMILY_COPY_STRICT,pl+sk+sq+tr
data,hr,B1,875,Fax,fakss,Факс,SCRIPT_MISMATCH,
data,hr,B1,875,Fax,fakss,Факс,MARKER_LEAK,foreign_script
data,it,B1,875,Fax,fakss,Fakss,SAME_AS_LV_CASEFOLD,casefold_only
data,lb,B1,875,Fax,fakss,Fakss,SAME_AS_LV_CASEFOLD,casefold_only
data,nl,B1,875,Fax,fakss,Fakss,SAME_AS_LV_CASEFOLD,casefold_only
data,sl,B1,875,Fax,fakss,fakss,SAME_AS_LV_CASEFOLD,exact
data,bg,B1,875,Fax,fakss,Факс,FAMILY_COPY_STRICT,bg+hr+mk+ru+sr
data,hr,B1,875,Fax,fakss,Факс,FAMILY_COPY_STRICT,bg+hr+mk+ru+sr
data,mk,B1,875,Fax,fakss,Факс,FAMILY_COPY_STRICT,bg+hr+mk+ru+sr
data,ru,B1,875,Fax,fakss,Факс,FAMILY_COPY_STRICT,bg+hr+mk+ru+sr
data,sr,B1,875,Fax,fakss,Факс,FAMILY_COPY_STRICT,bg+hr+mk+ru+sr
data,it,B1,875,Fax,fakss,Fakss,FAMILY_COPY_STRICT,it+lb+nl
data,lb,B1,875,Fax,fakss,Fakss,FAMILY_COPY_STRICT,it+lb+nl
data,nl,B1,875,Fax,fakss,Fakss,FAMILY_COPY_STRICT,it+lb+nl
data,hr,B1,876,faxen,nosūtīt pa faksu,Изпращам по факс,SCRIPT_MISMATCH,
data,hr,B1,876,faxen,nosūtīt pa faksu,Изпращам по факс,MARKER_LEAK,foreign_script
data,it,B1,876,faxen,nosūtīt pa faksu,Nosūtīt pa faksu,SAME_AS_LV_CASEFOLD,casefold_only
data,it,B1,876,faxen,nosūtīt pa faksu,Nosūtīt pa faksu,LV_DIACRITIC,
data,it,B1,876,faxen,nosūtīt pa faksu,Nosūtīt pa faksu,MARKER_LEAK,lv_macron_consonant+lv_u_macron
data,lb,B1,876,faxen,nosūtīt pa faksu,Nosūtīt pa faksu,SAME_AS_LV_CASEFOLD,casefold_only
data,lb,B1,876,faxen,nosūtīt pa faksu,Nosūtīt pa faksu,LV_DIACRITIC,
data,lb,B1,876,faxen,nosūtīt pa faksu,Nosūtīt pa faksu,MARKER_LEAK,lv_macron_consonant+lv_u_macron
data,nl,B1,876,faxen,nosūtīt pa faksu,Nosūtīt pa faksu,SAME_AS_LV_CASEFOLD,casefold_only
data,nl,B1,876,faxen,nosūtīt pa faksu,Nosūtīt pa faksu,LV_DIACRITIC,
data,nl,B1,876,faxen,nosūtīt pa faksu,Nosūtīt pa faksu,MARKER_LEAK,lv_macron_consonant+lv_u_macron
data,pt,B1,876,faxen,nosūtīt pa faksu,Nosūtīt pa faksu,SAME_AS_LV_CASEFOLD,casefold_only
data,pt,B1,876,faxen,nosūtīt pa faksu,Nosūtīt pa faksu,LV_DIACRITIC,
data,pt,B1,876,faxen,nosūtīt pa faksu,Nosūtīt pa faksu,MARKER_LEAK,lv_macron_consonant+lv_u_macron
data,sk,B1,876,faxen,nosūtīt pa faksu,Wysłać faksem,MARKER_LEAK,pl_l_s_z
data,sl,B1,876,faxen,nosūtīt pa faksu,nosūtīt pa faksu,SAME_AS_LV_CASEFOLD,exact
data,sl,B1,876,faxen,nosūtīt pa faksu,nosūtīt pa faksu,LV_DIACRITIC,
data,sl,B1,876,faxen,nosūtīt pa faksu,nosūtīt pa faksu,MARKER_LEAK,lv_macron_consonant+lv_u_macron
data,bg,B1,876,faxen,nosūtīt pa faksu,Изпращам по факс,FAMILY_COPY_STRICT,bg+hr+mk+sr
data,hr,B1,876,faxen,nosūtīt pa faksu,Изпращам по факс,FAMILY_COPY_STRICT,bg+hr+mk+sr
data,mk,B1,876,faxen,nosūtīt pa faksu,Изпращам по факс,FAMILY_COPY_STRICT,bg+hr+mk+sr
data,sr,B1,876,faxen,nosūtīt pa faksu,Изпращам по факс,FAMILY_COPY_STRICT,bg+hr+mk+sr
data,fi,B1,876,faxen,nosūtīt pa faksu,Faksima,FAMILY_COPY_STRICT,fi+is+nb+nn+sv
data,is,B1,876,faxen,nosūtīt pa faksu,Faksima,FAMILY_COPY_STRICT,fi+is+nb+nn+sv
data,nb,B1,876,faxen,nosūtīt pa faksu,Faksima,FAMILY_COPY_STRICT,fi+is+nb+nn+sv
data,nn,B1,876,faxen,nosūtīt pa faksu,Faksima,FAMILY_COPY_STRICT,fi+is+nb+nn+sv
data,sv,B1,876,faxen,nosūtīt pa faksu,Faksima,FAMILY_COPY_STRICT,fi+is+nb+nn+sv
data,it,B1,876,faxen,nosūtīt pa faksu,Nosūtīt pa faksu,FAMILY_COPY_STRICT,it+lb+nl+pt
data,lb,B1,876,faxen,nosūtīt pa faksu,Nosūtīt pa faksu,FAMILY_COPY_STRICT,it+lb+nl+pt
data,nl,B1,876,faxen,nosūtīt pa faksu,Nosūtīt pa faksu,FAMILY_COPY_STRICT,it+lb+nl+pt
data,pt,B1,876,faxen,nosūtīt pa faksu,Nosūtīt pa faksu,FAMILY_COPY_STRICT,it+lb+nl+pt
data,pl,B1,876,faxen,nosūtīt pa faksu,Wysłać faksem,FAMILY_COPY_STRICT,pl+sk
data,sk,B1,876,faxen,nosūtīt pa faksu,Wysłać faksem,FAMILY_COPY_STRICT,pl+sk
data,sq,B1,876,faxen,nosūtīt pa faksu,Faksla gönder,FAMILY_COPY_STRICT,sq+tr
data,tr,B1,876,faxen,nosūtīt pa faksu,Faksla gönder,FAMILY_COPY_STRICT,sq+tr
data,it,B1,877,Feder,spalva,Spalva,SAME_AS_LV_CASEFOLD,casefold_only
data,lb,B1,877,Feder,spalva,Spalva,SAME_AS_LV_CASEFOLD,casefold_only
data,nl,B1,877,Feder,spalva,Spalva,SAME_AS_LV_CASEFOLD,casefold_only
data,sl,B1,877,Feder,spalva,spalva,SAME_AS_LV_CASEFOLD,exact
data,sr,B1,877,Feder,spalva,Tomaž,LV_DIACRITIC,
data,sr,B1,877,Feder,spalva,Tomaž,SCRIPT_MISMATCH,sr_as_cyrillic
data,sr,B1,877,Feder,spalva,Tomaž,MARKER_LEAK,latin_in_cyrillic
data,bg,B1,877,Feder,spalva,Перо,FAMILY_COPY_STRICT,bg+mk+ru
data,mk,B1,877,Feder,spalva,Перо,FAMILY_COPY_STRICT,bg+mk+ru
data,ru,B1,877,Feder,spalva,Перо,FAMILY_COPY_STRICT,bg+mk+ru
data,bs,B1,877,Feder,spalva,Pero,FAMILY_COPY_STRICT,bs+sk
data,sk,B1,877,Feder,spalva,Pero,FAMILY_COPY_STRICT,bs+sk
data,fi,B1,877,Feder,spalva,Sulg,FAMILY_COPY_STRICT,fi+is+nb+nn+sv
data,is,B1,877,Feder,spalva,Sulg,FAMILY_COPY_STRICT,fi+is+nb+nn+sv
data,nb,B1,877,Feder,spalva,Sulg,FAMILY_COPY_STRICT,fi+is+nb+nn+sv
data,nn,B1,877,Feder,spalva,Sulg,FAMILY_COPY_STRICT,fi+is+nb+nn+sv
data,sv,B1,877,Feder,spalva,Sulg,FAMILY_COPY_STRICT,fi+is+nb+nn+sv
data,hr,B1,877,Feder,spalva,Tomaž,FAMILY_COPY_STRICT,hr+sr
data,sr,B1,877,Feder,spalva,Tomaž,FAMILY_COPY_STRICT,hr+sr
data,it,B1,877,Feder,spalva,Spalva,FAMILY_COPY_STRICT,it+lb+nl
data,lb,B1,877,Feder,spalva,Spalva,FAMILY_COPY_STRICT,it+lb+nl
data,nl,B1,877,Feder,spalva,Spalva,FAMILY_COPY_STRICT,it+lb+nl
data,sq,B1,877,Feder,spalva,Dolma kalem,FAMILY_COPY_STRICT,sq+tr
data,tr,B1,877,Feder,spalva,Dolma kalem,FAMILY_COPY_STRICT,sq+tr
data,hr,B1,878,feierlich,svinīgs,Тържествено,SCRIPT_MISMATCH,
data,hr,B1,878,feierlich,svinīgs,Тържествено,MARKER_LEAK,foreign_script
data,it,B1,878,feierlich,svinīgs,Svinīgs,SAME_AS_LV_CASEFOLD,casefold_only
data,it,B1,878,feierlich,svinīgs,Svinīgs,LV_DIACRITIC,
data,it,B1,878,feierlich,svinīgs,Svinīgs,MARKER_LEAK,lv_macron_consonant
data,lb,B1,878,feierlich,svinīgs,Svinīgs,SAME_AS_LV_CASEFOLD,casefold_only
data,lb,B1,878,feierlich,svinīgs,Svinīgs,LV_DIACRITIC,
data,lb,B1,878,feierlich,svinīgs,Svinīgs,MARKER_LEAK,lv_macron_consonant
data,nl,B1,878,feierlich,svinīgs,Svinīgs,SAME_AS_LV_CASEFOLD,casefold_only
data,nl,B1,878,feierlich,svinīgs,Svinīgs,LV_DIACRITIC,
data,nl,B1,878,feierlich,svinīgs,Svinīgs,MARKER_LEAK,lv_macron_consonant
data,sl,B1,878,feierlich,svinīgs,svinīgs,SAME_AS_LV_CASEFOLD,exact
data,sl,B1,878,feierlich,svinīgs,svinīgs,LV_DIACRITIC,
data,sl,B1,878,feierlich,svinīgs,svinīgs,MARKER_LEAK,lv_macron_consonant
data,bg,B1,878,feierlich,svinīgs,Тържествено,FAMILY_COPY_STRICT,bg+hr+mk+sr
data,hr,B1,878,feierlich,svinīgs,Тържествено,FAMILY_COPY_STRICT,bg+hr+mk+sr
data,mk,B1,878,feierlich,svinīgs,Тържествено,FAMILY_COPY_STRICT,bg+hr+mk+sr
data,sr,B1,878,feierlich,svinīgs,Тържествено,FAMILY_COPY_STRICT,bg+hr+mk+sr
data,en,B1,878,feierlich,svinīgs,Solemn,FAMILY_COPY_STRICT,en+ro
data,ro,B1,878,feierlich,svinīgs,Solemn,FAMILY_COPY_STRICT,en+ro
data,fi,B1,878,feierlich,svinīgs,Pidulik,FAMILY_COPY_STRICT,fi+is+nb+nn+sv
data,is,B1,878,feierlich,svinīgs,Pidulik,FAMILY_COPY_STRICT,fi+is+nb+nn+sv
data,nb,B1,878,feierlich,svinīgs,Pidulik,FAMILY_COPY_STRICT,fi+is+nb+nn+sv
data,nn,B1,878,feierlich,svinīgs,Pidulik,FAMILY_COPY_STRICT,fi+is+nb+nn+sv
data,sv,B1,878,feierlich,svinīgs,Pidulik,FAMILY_COPY_STRICT,fi+is+nb+nn+sv
data,it,B1,878,feierlich,svinīgs,Svinīgs,FAMILY_COPY_STRICT,it+lb+nl
data,lb,B1,878,feierlich,svinīgs,Svinīgs,FAMILY_COPY_STRICT,it+lb+nl
data,nl,B1,878,feierlich,svinīgs,Svinīgs,FAMILY_COPY_STRICT,it+lb+nl
data,pl,B1,878,feierlich,svinīgs,Uroczysty,FAMILY_COPY_STRICT,pl+sk+sq+tr
data,sk,B1,878,feierlich,svinīgs,Uroczysty,FAMILY_COPY_STRICT,pl+sk+sq+tr
data,sq,B1,878,feierlich,svinīgs,Uroczysty,FAMILY_COPY_STRICT,pl+sk+sq+tr
data,tr,B1,878,feierlich,svinīgs,Uroczysty,FAMILY_COPY_STRICT,pl+sk+sq+tr
data,hr,B1,879,Feige,vīģe,Фиг,SCRIPT_MISMATCH,
data,hr,B1,879,Feige,vīģe,Фиг,MARKER_LEAK,foreign_script
data,it,B1,879,Feige,vīģe,Vīģe,SAME_AS_LV_CASEFOLD,casefold_only
data,it,B1,879,Feige,vīģe,Vīģe,LV_DIACRITIC,
data,it,B1,879,Feige,vīģe,Vīģe,MARKER_LEAK,lv_macron_consonant
data,lb,B1,879,Feige,vīģe,Vīģe,SAME_AS_LV_CASEFOLD,casefold_only
data,lb,B1,879,Feige,vīģe,Vīģe,LV_DIACRITIC,
data,lb,B1,879,Feige,vīģe,Vīģe,MARKER_LEAK,lv_macron_consonant
data,nl,B1,879,Feige,vīģe,Vīģe,SAME_AS_LV_CASEFOLD,casefold_only
data,nl,B1,879,Feige,vīģe,Vīģe,LV_DIACRITIC,
data,nl,B1,879,Feige,vīģe,Vīģe,MARKER_LEAK,lv_macron_consonant
data,sl,B1,879,Feige,vīģe,vīģe,SAME_AS_LV_CASEFOLD,exact
data,sl,B1,879,Feige,vīģe,vīģe,LV_DIACRITIC,
data,sl,B1,879,Feige,vīģe,vīģe,MARKER_LEAK,lv_macron_consonant
data,bg,B1,879,Feige,vīģe,Фиг,FAMILY_COPY_STRICT,bg+hr+mk+sr
data,hr,B1,879,Feige,vīģe,Фиг,FAMILY_COPY_STRICT,bg+hr+mk+sr
data,mk,B1,879,Feige,vīģe,Фиг,FAMILY_COPY_STRICT,bg+hr+mk+sr
data,sr,B1,879,Feige,vīģe,Фиг,FAMILY_COPY_STRICT,bg+hr+mk+sr
data,da,B1,879,Feige,vīģe,Fig,FAMILY_COPY_STRICT,da+en
data,en,B1,879,Feige,vīģe,Fig,FAMILY_COPY_STRICT,da+en
data,fi,B1,879,Feige,vīģe,Viigimari,FAMILY_COPY_STRICT,fi+is+nb+nn+sv
data,is,B1,879,Feige,vīģe,Viigimari,FAMILY_COPY_STRICT,fi+is+nb+nn+sv
data,nb,B1,879,Feige,vīģe,Viigimari,FAMILY_COPY_STRICT,fi+is+nb+nn+sv
data,nn,B1,879,Feige,vīģe,Viigimari,FAMILY_COPY_STRICT,fi+is+nb+nn+sv
data,sv,B1,879,Feige,vīģe,Viigimari,FAMILY_COPY_STRICT,fi+is+nb+nn+sv
data,it,B1,879,Feige,vīģe,Vīģe,FAMILY_COPY_STRICT,it+lb+nl
data,lb,B1,879,Feige,vīģe,Vīģe,FAMILY_COPY_STRICT,it+lb+nl
data,nl,B1,879,Feige,vīģe,Vīģe,FAMILY_COPY_STRICT,it+lb+nl
data,pl,B1,879,Feige,vīģe,Figa,FAMILY_COPY_STRICT,pl+sk+sq+tr
data,sk,B1,879,Feige,vīģe,Figa,FAMILY_COPY_STRICT,pl+sk+sq+tr
data,sq,B1,879,Feige,vīģe,Figa,FAMILY_COPY_STRICT,pl+sk+sq+tr
data,tr,B1,879,Feige,vīģe,Figa,FAMILY_COPY_STRICT,pl+sk+sq+tr
data,hr,B1,880,feige,gļēvs,Страхливец,SCRIPT_MISMATCH,
data,hr,B1,880,feige,gļēvs,Страхливец,MARKER_LEAK,foreign_script
data,it,B1,880,feige,gļēvs,Gļēvs,SAME_AS_LV_CASEFOLD,casefold_only
data,it,B1,880,feige,gļēvs,Gļēvs,LV_DIACRITIC,
data,it,B1,880,feige,gļēvs,Gļēvs,MARKER_LEAK,lv_macron_consonant
data,lb,B1,880,feige,gļēvs,Gļēvs,SAME_AS_LV_CASEFOLD,casefold_only
data,lb,B1,880,feige,gļēvs,Gļēvs,LV_DIACRITIC,
data,lb,B1,880,feige,gļēvs,Gļēvs,MARKER_LEAK,lv_macron_consonant
data,nl,B1,880,feige,gļēvs,Gļēvs,SAME_AS_LV_CASEFOLD,casefold_only
data,nl,B1,880,feige,gļēvs,Gļēvs,LV_DIACRITIC,
data,nl,B1,880,feige,gļēvs,Gļēvs,MARKER_LEAK,lv_macron_consonant
data,pt,B1,880,feige,gļēvs,Gļēvs,SAME_AS_LV_CASEFOLD,casefold_only
data,pt,B1,880,feige,gļēvs,Gļēvs,LV_DIACRITIC,
data,pt,B1,880,feige,gļēvs,Gļēvs,MARKER_LEAK,lv_macron_consonant
data,sl,B1,880,feige,gļēvs,gļēvs,SAME_AS_LV_CASEFOLD,exact
data,sl,B1,880,feige,gļēvs,gļēvs,LV_DIACRITIC,
data,sl,B1,880,feige,gļēvs,gļēvs,MARKER_LEAK,lv_macron_consonant
data,bg,B1,880,feige,gļēvs,Страхливец,FAMILY_COPY_STRICT,bg+hr+mk+sr
data,hr,B1,880,feige,gļēvs,Страхливец,FAMILY_COPY_STRICT,bg+hr+mk+sr
data,mk,B1,880,feige,gļēvs,Страхливец,FAMILY_COPY_STRICT,bg+hr+mk+sr
data,sr,B1,880,feige,gļēvs,Страхливец,FAMILY_COPY_STRICT,bg+hr+mk+sr
data,fi,B1,880,feige,gļēvs,Argpüks,FAMILY_COPY_STRICT,fi+is+nb+nn+sv
data,is,B1,880,feige,gļēvs,Argpüks,FAMILY_COPY_STRICT,fi+is+nb+nn+sv
data,nb,B1,880,feige,gļēvs,Argpüks,FAMILY_COPY_STRICT,fi+is+nb+nn+sv
data,nn,B1,880,feige,gļēvs,Argpüks,FAMILY_COPY_STRICT,fi+is+nb+nn+sv
data,sv,B1,880,feige,gļēvs,Argpüks,FAMILY_COPY_STRICT,fi+is+nb+nn+sv
data,it,B1,880,feige,gļēvs,Gļēvs,FAMILY_COPY_STRICT,it+lb+nl+pt
data,lb,B1,880,feige,gļēvs,Gļēvs,FAMILY_COPY_STRICT,it+lb+nl+pt
data,nl,B1,880,feige,gļēvs,Gļēvs,FAMILY_COPY_STRICT,it+lb+nl+pt
data,pt,B1,880,feige,gļēvs,Gļēvs,FAMILY_COPY_STRICT,it+lb+nl+pt
data,pl,B1,880,feige,gļēvs,Tchórz,FAMILY_COPY_STRICT,pl+sk
data,sk,B1,880,feige,gļēvs,Tchórz,FAMILY_COPY_STRICT,pl+sk
data,sq,B1,880,feige,gļēvs,Korkak,FAMILY_COPY_STRICT,sq+tr
data,tr,B1,880,feige,gļēvs,Korkak,FAMILY_COPY_STRICT,sq+tr
data,hr,B1,881,feindlich,naidīgs,Враждебен,SCRIPT_MISMATCH,
data,hr,B1,881,feindlich,naidīgs,Враждебен,MARKER_LEAK,foreign_script
data,it,B1,881,feindlich,naidīgs,Naidīgs,SAME_AS_LV_CASEFOLD,casefold_only
data,it,B1,881,feindlich,naidīgs,Naidīgs,LV_DIACRITIC,
data,it,B1,881,feindlich,naidīgs,Naidīgs,MARKER_LEAK,lv_macron_consonant
data,lb,B1,881,feindlich,naidīgs,Naidīgs,SAME_AS_LV_CASEFOLD,casefold_only
data,lb,B1,881,feindlich,naidīgs,Naidīgs,LV_DIACRITIC,
data,lb,B1,881,feindlich,naidīgs,Naidīgs,MARKER_LEAK,lv_macron_consonant
data,nl,B1,881,feindlich,naidīgs,Naidīgs,SAME_AS_LV_CASEFOLD,casefold_only
data,nl,B1,881,feindlich,naidīgs,Naidīgs,LV_DIACRITIC,
data,nl,B1,881,feindlich,naidīgs,Naidīgs,MARKER_LEAK,lv_macron_consonant
data,pt,B1,881,feindlich,naidīgs,Naidīgs,SAME_AS_LV_CASEFOLD,casefold_only
data,pt,B1,881,feindlich,naidīgs,Naidīgs,LV_DIACRITIC,
data,pt,B1,881,feindlich,naidīgs,Naidīgs,MARKER_LEAK,lv_macron_consonant
data,sl,B1,881,feindlich,naidīgs,naidīgs,SAME_AS_LV_CASEFOLD,exact
data,sl,B1,881,feindlich,naidīgs,naidīgs,LV_DIACRITIC,
data,sl,B1,881,feindlich,naidīgs,naidīgs,MARKER_LEAK,lv_macron_consonant
data,bg,B1,881,feindlich,naidīgs,Враждебен,FAMILY_COPY_STRICT,bg+hr+mk+sr
data,hr,B1,881,feindlich,naidīgs,Враждебен,FAMILY_COPY_STRICT,bg+hr+mk+sr
data,mk,B1,881,feindlich,naidīgs,Враждебен,FAMILY_COPY_STRICT,bg+hr+mk+sr
data,sr,B1,881,feindlich,naidīgs,Враждебен,FAMILY_COPY_STRICT,bg+hr+mk+sr
data,fi,B1,881,feindlich,naidīgs,Vaenulik,FAMILY_COPY_STRICT,fi+is+nb+nn+sv
data,is,B1,881,feindlich,naidīgs,Vaenulik,FAMILY_COPY_STRICT,fi+is+nb+nn+sv
data,nb,B1,881,feindlich,naidīgs,Vaenulik,FAMILY_COPY_STRICT,fi+is+nb+nn+sv
data,nn,B1,881,feindlich,naidīgs,Vaenulik,FAMILY_COPY_STRICT,fi+is+nb+nn+sv
data,sv,B1,881,feindlich,naidīgs,Vaenulik,FAMILY_COPY_STRICT,fi+is+nb+nn+sv
data,it,B1,881,feindlich,naidīgs,Naidīgs,FAMILY_COPY_STRICT,it+lb+nl+pt
data,lb,B1,881,feindlich,naidīgs,Naidīgs,FAMILY_COPY_STRICT,it+lb+nl+pt
data,nl,B1,881,feindlich,naidīgs,Naidīgs,FAMILY_COPY_STRICT,it+lb+nl+pt
data,pt,B1,881,feindlich,naidīgs,Naidīgs,FAMILY_COPY_STRICT,it+lb+nl+pt
data,pl,B1,881,feindlich,naidīgs,Wrogi,FAMILY_COPY_STRICT,pl+sk+sq+tr
data,sk,B1,881,feindlich,naidīgs,Wrogi,FAMILY_COPY_STRICT,pl+sk+sq+tr
data,sq,B1,881,feindlich,naidīgs,Wrogi,FAMILY_COPY_STRICT,pl+sk+sq+tr
data,tr,B1,881,feindlich,naidīgs,Wrogi,FAMILY_COPY_STRICT,pl+sk+sq+tr
data,fi,B1,882,Feinwäsche,smalkveļa,Õrn pesu,MARKER_LEAK,et_otilde
data,hr,B1,882,Feinwäsche,smalkveļa,Деликатно бельо,SCRIPT_MISMATCH,
data,hr,B1,882,Feinwäsche,smalkveļa,Деликатно бельо,MARKER_LEAK,foreign_script
data,is,B1,882,Feinwäsche,smalkveļa,Õrn pesu,MARKER_LEAK,et_otilde
data,nb,B1,882,Feinwäsche,smalkveļa,Õrn pesu,MARKER_LEAK,et_otilde
data,nn,B1,882,Feinwäsche,smalkveļa,Õrn pesu,MARKER_LEAK,et_otilde
data,sl,B1,882,Feinwäsche,smalkveļa,smalkveļa,SAME_AS_LV_CASEFOLD,exact
data,sl,B1,882,Feinwäsche,smalkveļa,smalkveļa,LV_DIACRITIC,
data,sl,B1,882,Feinwäsche,smalkveļa,smalkveļa,MARKER_LEAK,lv_macron_consonant
data,sq,B1,882,Feinwäsche,smalkveļa,Narin yatak takımı,MARKER_LEAK,tr_soft
data,sv,B1,882,Feinwäsche,smalkveļa,Õrn pesu,MARKER_LEAK,et_otilde
data,bg,B1,882,Feinwäsche,smalkveļa,Деликатно бельо,FAMILY_COPY_STRICT,bg+hr+mk+sr
data,hr,B1,882,Feinwäsche,smalkveļa,Деликатно бельо,FAMILY_COPY_STRICT,bg+hr+mk+sr
data,mk,B1,882,Feinwäsche,smalkveļa,Деликатно бельо,FAMILY_COPY_STRICT,bg+hr+mk+sr
data,sr,B1,882,Feinwäsche,smalkveļa,Деликатно бельо,FAMILY_COPY_STRICT,bg+hr+mk+sr
data,fi,B1,882,Feinwäsche,smalkveļa,Õrn pesu,FAMILY_COPY_STRICT,fi+is+nb+nn+sv
data,is,B1,882,Feinwäsche,smalkveļa,Õrn pesu,FAMILY_COPY_STRICT,fi+is+nb+nn+sv
data,nb,B1,882,Feinwäsche,smalkveļa,Õrn pesu,FAMILY_COPY_STRICT,fi+is+nb+nn+sv
data,nn,B1,882,Feinwäsche,smalkveļa,Õrn pesu,FAMILY_COPY_STRICT,fi+is+nb+nn+sv
data,sv,B1,882,Feinwäsche,smalkveļa,Õrn pesu,FAMILY_COPY_STRICT,fi+is+nb+nn+sv
data,fr,B1,882,Feinwäsche,smalkveļa,Lin fin,FAMILY_COPY_STRICT,fr+it
data,it,B1,882,Feinwäsche,smalkveļa,Lin fin,FAMILY_COPY_STRICT,fr+it
data,lb,B1,882,Feinwäsche,smalkveļa,Fijn linnen,FAMILY_COPY_STRICT,lb+nl
data,nl,B1,882,Feinwäsche,smalkveļa,Fijn linnen,FAMILY_COPY_STRICT,lb+nl
data,sq,B1,882,Feinwäsche,smalkveļa,Narin yatak takımı,FAMILY_COPY_STRICT,sq+tr
data,tr,B1,882,Feinwäsche,smalkveļa,Narin yatak takımı,FAMILY_COPY_STRICT,sq+tr
data,hr,B1,883,Felsen,klints,Камък,SCRIPT_MISMATCH,
data,hr,B1,883,Felsen,klints,Камък,MARKER_LEAK,foreign_script
data,it,B1,883,Felsen,klints,Klints,SAME_AS_LV_CASEFOLD,casefold_only
data,lb,B1,883,Felsen,klints,Klints,SAME_AS_LV_CASEFOLD,casefold_only
data,nl,B1,883,Felsen,klints,Klints,SAME_AS_LV_CASEFOLD,casefold_only
data,pt,B1,883,Felsen,klints,Klints,SAME_AS_LV_CASEFOLD,casefold_only
data,sk,B1,883,Felsen,klints,Głaz,MARKER_LEAK,pl_l_s_z
data,sl,B1,883,Felsen,klints,klints,SAME_AS_LV_CASEFOLD,exact
data,bg,B1,883,Felsen,klints,Камък,FAMILY_COPY_STRICT,bg+hr+mk+sr
data,hr,B1,883,Felsen,klints,Камък,FAMILY_COPY_STRICT,bg+hr+mk+sr
data,mk,B1,883,Felsen,klints,Камък,FAMILY_COPY_STRICT,bg+hr+mk+sr
data,sr,B1,883,Felsen,klints,Камък,FAMILY_COPY_STRICT,bg+hr+mk+sr
data,fi,B1,883,Felsen,klints,Kalju,FAMILY_COPY_STRICT,fi+is+nb+nn+sv
data,is,B1,883,Felsen,klints,Kalju,FAMILY_COPY_STRICT,fi+is+nb+nn+sv
data,nb,B1,883,Felsen,klints,Kalju,FAMILY_COPY_STRICT,fi+is+nb+nn+sv
data,nn,B1,883,Felsen,klints,Kalju,FAMILY_COPY_STRICT,fi+is+nb+nn+sv
data,sv,B1,883,Felsen,klints,Kalju,FAMILY_COPY_STRICT,fi+is+nb+nn+sv
data,it,B1,883,Felsen,klints,Klints,FAMILY_COPY_STRICT,it+lb+nl+pt
data,lb,B1,883,Felsen,klints,Klints,FAMILY_COPY_STRICT,it+lb+nl+pt
data,nl,B1,883,Felsen,klints,Klints,FAMILY_COPY_STRICT,it+lb+nl+pt
data,pt,B1,883,Felsen,klints,Klints,FAMILY_COPY_STRICT,it+lb+nl+pt
data,pl,B1,883,Felsen,klints,Głaz,FAMILY_COPY_STRICT,pl+sk
data,sk,B1,883,Felsen,klints,Głaz,FAMILY_COPY_STRICT,pl+sk
data,sq,B1,883,Felsen,klints,Taş,FAMILY_COPY_STRICT,sq+tr
data,tr,B1,883,Felsen,klints,Taş,FAMILY_COPY_STRICT,sq+tr
data,hr,B1,884,Ferienkurs,mācību kurss brīvlaikā,Обучение през ваканциите,SCRIPT_MISMATCH,
data,hr,B1,884,Ferienkurs,mācību kurss brīvlaikā,Обучение през ваканциите,MARKER_LEAK,foreign_script
data,it,B1,884,Ferienkurs,mācību kurss brīvlaikā,Mācību kurss brīvlaikā,SAME_AS_LV_CASEFOLD,casefold_only
data,it,B1,884,Ferienkurs,mācību kurss brīvlaikā,Mācību kurss brīvlaikā,LV_DIACRITIC,
data,it,B1,884,Ferienkurs,mācību kurss brīvlaikā,Mācību kurss brīvlaikā,MARKER_LEAK,lv_macron_consonant
data,lb,B1,884,Ferienkurs,mācību kurss brīvlaikā,Mācību kurss brīvlaikā,SAME_AS_LV_CASEFOLD,casefold_only
data,lb,B1,884,Ferienkurs,mācību kurss brīvlaikā,Mācību kurss brīvlaikā,LV_DIACRITIC,
data,lb,B1,884,Ferienkurs,mācību kurss brīvlaikā,Mācību kurss brīvlaikā,MARKER_LEAK,lv_macron_consonant
data,nl,B1,884,Ferienkurs,mācību kurss brīvlaikā,Mācību kurss brīvlaikā,SAME_AS_LV_CASEFOLD,casefold_only
data,nl,B1,884,Ferienkurs,mācību kurss brīvlaikā,Mācību kurss brīvlaikā,LV_DIACRITIC,
data,nl,B1,884,Ferienkurs,mācību kurss brīvlaikā,Mācību kurss brīvlaikā,MARKER_LEAK,lv_macron_consonant
data,pt,B1,884,Ferienkurs,mācību kurss brīvlaikā,Macību kurss brīvlaika,LV_DIACRITIC,
data,pt,B1,884,Ferienkurs,mācību kurss brīvlaikā,Macību kurss brīvlaika,MARKER_LEAK,lv_macron_consonant
data,sl,B1,884,Ferienkurs,mācību kurss brīvlaikā,mācību kurss brīvlaikā,SAME_AS_LV_CASEFOLD,exact
data,sl,B1,884,Ferienkurs,mācību kurss brīvlaikā,mācību kurss brīvlaikā,LV_DIACRITIC,
data,sl,B1,884,Ferienkurs,mācību kurss brīvlaikā,mācību kurss brīvlaikā,MARKER_LEAK,lv_macron_consonant
data,bg,B1,884,Ferienkurs,mācību kurss brīvlaikā,Обучение през ваканциите,FAMILY_COPY_STRICT,bg+hr+mk+sr
data,hr,B1,884,Ferienkurs,mācību kurss brīvlaikā,Обучение през ваканциите,FAMILY_COPY_STRICT,bg+hr+mk+sr
data,mk,B1,884,Ferienkurs,mācību kurss brīvlaikā,Обучение през ваканциите,FAMILY_COPY_STRICT,bg+hr+mk+sr
data,sr,B1,884,Ferienkurs,mācību kurss brīvlaikā,Обучение през ваканциите,FAMILY_COPY_STRICT,bg+hr+mk+sr
data,fi,B1,884,Ferienkurs,mācību kurss brīvlaikā,Vaheajakursus,FAMILY_COPY_STRICT,fi+is+nb+nn+sv
data,is,B1,884,Ferienkurs,mācību kurss brīvlaikā,Vaheajakursus,FAMILY_COPY_STRICT,fi+is+nb+nn+sv
data,nb,B1,884,Ferienkurs,mācību kurss brīvlaikā,Vaheajakursus,FAMILY_COPY_STRICT,fi+is+nb+nn+sv
data,nn,B1,884,Ferienkurs,mācību kurss brīvlaikā,Vaheajakursus,FAMILY_COPY_STRICT,fi+is+nb+nn+sv
data,sv,B1,884,Ferienkurs,mācību kurss brīvlaikā,Vaheajakursus,FAMILY_COPY_STRICT,fi+is+nb+nn+sv
data,it,B1,884,Ferienkurs,mācību kurss brīvlaikā,Mācību kurss brīvlaikā,FAMILY_COPY_STRICT,it+lb+nl
data,lb,B1,884,Ferienkurs,mācību kurss brīvlaikā,Mācību kurss brīvlaikā,FAMILY_COPY_STRICT,it+lb+nl
data,nl,B1,884,Ferienkurs,mācību kurss brīvlaikā,Mācību kurss brīvlaikā,FAMILY_COPY_STRICT,it+lb+nl
data,pl,B1,884,Ferienkurs,mācību kurss brīvlaikā,Kurs naukowy w czasie wakacji,FAMILY_COPY_STRICT,pl+sk+sq+tr
data,sk,B1,884,Ferienkurs,mācību kurss brīvlaikā,Kurs naukowy w czasie wakacji,FAMILY_COPY_STRICT,pl+sk+sq+tr
data,sq,B1,884,Ferienkurs,mācību kurss brīvlaikā,Kurs naukowy w czasie wakacji,FAMILY_COPY_STRICT,pl+sk+sq+tr
data,tr,B1,884,Ferienkurs,mācību kurss brīvlaikā,Kurs naukowy w czasie wakacji,FAMILY_COPY_STRICT,pl+sk+sq+tr
data,hr,B1,885,fernbleiben,neierasties,Не доаѓај,SCRIPT_MISMATCH,
data,hr,B1,885,fernbleiben,neierasties,Не доаѓај,MARKER_LEAK,foreign_script
data,it,B1,885,fernbleiben,neierasties,Neierasties,SAME_AS_LV_CASEFOLD,casefold_only
data,nl,B1,885,fernbleiben,neierasties,Neierasties,SAME_AS_LV_CASEFOLD,casefold_only
data,pt,B1,885,fernbleiben,neierasties,Neierasties,SAME_AS_LV_CASEFOLD,casefold_only
data,sk,B1,885,fernbleiben,neierasties,Nie przychodź,MARKER_LEAK,pl_l_s_z
data,sl,B1,885,fernbleiben,neierasties,neierasties,SAME_AS_LV_CASEFOLD,exact
data,fi,B1,885,fernbleiben,neierasties,Puuduma,FAMILY_COPY_STRICT,fi+sv
data,sv,B1,885,fernbleiben,neierasties,Puuduma,FAMILY_COPY_STRICT,fi+sv
data,hr,B1,885,fernbleiben,neierasties,Не доаѓај,FAMILY_COPY_STRICT,hr+mk+sr
data,mk,B1,885,fernbleiben,neierasties,Не доаѓај,FAMILY_COPY_STRICT,hr+mk+sr
data,sr,B1,885,fernbleiben,neierasties,Не доаѓај,FAMILY_COPY_STRICT,hr+mk+sr
data,is,B1,885,fernbleiben,neierasties,Doukuma,FAMILY_COPY_STRICT,is+nb+nn
data,nb,B1,885,fernbleiben,neierasties,Doukuma,FAMILY_COPY_STRICT,is+nb+nn
data,nn,B1,885,fernbleiben,neierasties,Doukuma,FAMILY_COPY_STRICT,is+nb+nn
data,it,B1,885,fernbleiben,neierasties,Neierasties,FAMILY_COPY_STRICT,it+nl+pt
data,nl,B1,885,fernbleiben,neierasties,Neierasties,FAMILY_COPY_STRICT,it+nl+pt
data,pt,B1,885,fernbleiben,neierasties,Neierasties,FAMILY_COPY_STRICT,it+nl+pt
data,pl,B1,885,fernbleiben,neierasties,Nie przychodź,FAMILY_COPY_STRICT,pl+sk
data,sk,B1,885,fernbleiben,neierasties,Nie przychodź,FAMILY_COPY_STRICT,pl+sk
data,hr,B1,886,Ferne,tālums,Разстояние,SCRIPT_MISMATCH,
data,hr,B1,886,Ferne,tālums,Разстояние,MARKER_LEAK,foreign_script
data,it,B1,886,Ferne,tālums,Tālums,SAME_AS_LV_CASEFOLD,casefold_only
data,it,B1,886,Ferne,tālums,Tālums,LV_DIACRITIC,
data,it,B1,886,Ferne,tālums,Tālums,MARKER_LEAK,lv_macron_consonant
data,lb,B1,886,Ferne,tālums,Tālums,SAME_AS_LV_CASEFOLD,casefold_only
data,lb,B1,886,Ferne,tālums,Tālums,LV_DIACRITIC,
data,lb,B1,886,Ferne,tālums,Tālums,MARKER_LEAK,lv_macron_consonant
data,nl,B1,886,Ferne,tālums,Tālums,SAME_AS_LV_CASEFOLD,casefold_only
data,nl,B1,886,Ferne,tālums,Tālums,LV_DIACRITIC,
data,nl,B1,886,Ferne,tālums,Tālums,MARKER_LEAK,lv_macron_consonant
data,sl,B1,886,Ferne,tālums,tālums,SAME_AS_LV_CASEFOLD,exact
data,sl,B1,886,Ferne,tālums,tālums,LV_DIACRITIC,
data,sl,B1,886,Ferne,tālums,tālums,MARKER_LEAK,lv_macron_consonant
data,bg,B1,886,Ferne,tālums,Разстояние,FAMILY_COPY_STRICT,bg+hr+mk+sr
data,hr,B1,886,Ferne,tālums,Разстояние,FAMILY_COPY_STRICT,bg+hr+mk+sr
data,mk,B1,886,Ferne,tālums,Разстояние,FAMILY_COPY_STRICT,bg+hr+mk+sr
data,sr,B1,886,Ferne,tālums,Разстояние,FAMILY_COPY_STRICT,bg+hr+mk+sr
data,en,B1,886,Ferne,tālums,Distance,FAMILY_COPY_STRICT,en+fr
data,fr,B1,886,Ferne,tālums,Distance,FAMILY_COPY_STRICT,en+fr
data,fi,B1,886,Ferne,tālums,Kaugus,FAMILY_COPY_STRICT,fi+is+nb+nn+sv
data,is,B1,886,Ferne,tālums,Kaugus,FAMILY_COPY_STRICT,fi+is+nb+nn+sv
data,nb,B1,886,Ferne,tālums,Kaugus,FAMILY_COPY_STRICT,fi+is+nb+nn+sv
data,nn,B1,886,Ferne,tālums,Kaugus,FAMILY_COPY_STRICT,fi+is+nb+nn+sv
data,sv,B1,886,Ferne,tālums,Kaugus,FAMILY_COPY_STRICT,fi+is+nb+nn+sv
data,it,B1,886,Ferne,tālums,Tālums,FAMILY_COPY_STRICT,it+lb+nl
data,lb,B1,886,Ferne,tālums,Tālums,FAMILY_COPY_STRICT,it+lb+nl
data,nl,B1,886,Ferne,tālums,Tālums,FAMILY_COPY_STRICT,it+lb+nl
data,pl,B1,886,Ferne,tālums,Dystans,FAMILY_COPY_STRICT,pl+sk+sq+tr
data,sk,B1,886,Ferne,tālums,Dystans,FAMILY_COPY_STRICT,pl+sk+sq+tr
data,sq,B1,886,Ferne,tālums,Dystans,FAMILY_COPY_STRICT,pl+sk+sq+tr
data,tr,B1,886,Ferne,tālums,Dystans,FAMILY_COPY_STRICT,pl+sk+sq+tr
data,hr,B1,887,Ferse,papēdis,Ток,SCRIPT_MISMATCH,
data,hr,B1,887,Ferse,papēdis,Ток,MARKER_LEAK,foreign_script
data,it,B1,887,Ferse,papēdis,Papēdis,SAME_AS_LV_CASEFOLD,casefold_only
data,it,B1,887,Ferse,papēdis,Papēdis,LV_DIACRITIC,
data,it,B1,887,Ferse,papēdis,Papēdis,MARKER_LEAK,lv_macron_consonant
data,lb,B1,887,Ferse,papēdis,Papēdis,SAME_AS_LV_CASEFOLD,casefold_only
data,lb,B1,887,Ferse,papēdis,Papēdis,LV_DIACRITIC,
data,lb,B1,887,Ferse,papēdis,Papēdis,MARKER_LEAK,lv_macron_consonant
data,nl,B1,887,Ferse,papēdis,Papēdis,SAME_AS_LV_CASEFOLD,casefold_only
data,nl,B1,887,Ferse,papēdis,Papēdis,LV_DIACRITIC,
data,nl,B1,887,Ferse,papēdis,Papēdis,MARKER_LEAK,lv_macron_consonant
data,sl,B1,887,Ferse,papēdis,papēdis,SAME_AS_LV_CASEFOLD,exact
data,sl,B1,887,Ferse,papēdis,papēdis,LV_DIACRITIC,
data,sl,B1,887,Ferse,papēdis,papēdis,MARKER_LEAK,lv_macron_consonant
data,bg,B1,887,Ferse,papēdis,Ток,FAMILY_COPY_STRICT,bg+hr+mk+sr
data,hr,B1,887,Ferse,papēdis,Ток,FAMILY_COPY_STRICT,bg+hr+mk+sr
data,mk,B1,887,Ferse,papēdis,Ток,FAMILY_COPY_STRICT,bg+hr+mk+sr
data,sr,B1,887,Ferse,papēdis,Ток,FAMILY_COPY_STRICT,bg+hr+mk+sr
data,fi,B1,887,Ferse,papēdis,Kand,FAMILY_COPY_STRICT,fi+is+nb+nn+sv
data,is,B1,887,Ferse,papēdis,Kand,FAMILY_COPY_STRICT,fi+is+nb+nn+sv
data,nb,B1,887,Ferse,papēdis,Kand,FAMILY_COPY_STRICT,fi+is+nb+nn+sv
data,nn,B1,887,Ferse,papēdis,Kand,FAMILY_COPY_STRICT,fi+is+nb+nn+sv
data,sv,B1,887,Ferse,papēdis,Kand,FAMILY_COPY_STRICT,fi+is+nb+nn+sv
data,it,B1,887,Ferse,papēdis,Papēdis,FAMILY_COPY_STRICT,it+lb+nl
data,lb,B1,887,Ferse,papēdis,Papēdis,FAMILY_COPY_STRICT,it+lb+nl
data,nl,B1,887,Ferse,papēdis,Papēdis,FAMILY_COPY_STRICT,it+lb+nl
data,pl,B1,887,Ferse,papēdis,Obcas,FAMILY_COPY_STRICT,pl+sq+tr
data,sq,B1,887,Ferse,papēdis,Obcas,FAMILY_COPY_STRICT,pl+sq+tr
data,tr,B1,887,Ferse,papēdis,Obcas,FAMILY_COPY_STRICT,pl+sq+tr
data,hr,B1,888,Fertigkeit,prasme,Умение,SCRIPT_MISMATCH,
data,hr,B1,888,Fertigkeit,prasme,Умение,MARKER_LEAK,foreign_script
data,it,B1,888,Fertigkeit,prasme,Prasme,SAME_AS_LV_CASEFOLD,casefold_only
data,lb,B1,888,Fertigkeit,prasme,Prasme,SAME_AS_LV_CASEFOLD,casefold_only
data,nl,B1,888,Fertigkeit,prasme,Prasme,SAME_AS_LV_CASEFOLD,casefold_only
data,sk,B1,888,Fertigkeit,prasme,Umiejętność,MARKER_LEAK,pl_l_s_z+pl_lt_nasal
data,sl,B1,888,Fertigkeit,prasme,prasme,SAME_AS_LV_CASEFOLD,exact
data,bg,B1,888,Fertigkeit,prasme,Умение,FAMILY_COPY_STRICT,bg+hr+mk+sr
data,hr,B1,888,Fertigkeit,prasme,Умение,FAMILY_COPY_STRICT,bg+hr+mk+sr
data,mk,B1,888,Fertigkeit,prasme,Умение,FAMILY_COPY_STRICT,bg+hr+mk+sr
data,sr,B1,888,Fertigkeit,prasme,Умение,FAMILY_COPY_STRICT,bg+hr+mk+sr
data,fi,B1,888,Fertigkeit,prasme,Oskus,FAMILY_COPY_STRICT,fi+is+nb+nn+sv
data,is,B1,888,Fertigkeit,prasme,Oskus,FAMILY_COPY_STRICT,fi+is+nb+nn+sv
data,nb,B1,888,Fertigkeit,prasme,Oskus,FAMILY_COPY_STRICT,fi+is+nb+nn+sv
data,nn,B1,888,Fertigkeit,prasme,Oskus,FAMILY_COPY_STRICT,fi+is+nb+nn+sv
data,sv,B1,888,Fertigkeit,prasme,Oskus,FAMILY_COPY_STRICT,fi+is+nb+nn+sv
data,it,B1,888,Fertigkeit,prasme,Prasme,FAMILY_COPY_STRICT,it+lb+nl
data,lb,B1,888,Fertigkeit,prasme,Prasme,FAMILY_COPY_STRICT,it+lb+nl
data,nl,B1,888,Fertigkeit,prasme,Prasme,FAMILY_COPY_STRICT,it+lb+nl
data,pl,B1,888,Fertigkeit,prasme,Umiejętność,FAMILY_COPY_STRICT,pl+sk
data,sk,B1,888,Fertigkeit,prasme,Umiejętność,FAMILY_COPY_STRICT,pl+sk
data,sq,B1,888,Fertigkeit,prasme,Yetenek,FAMILY_COPY_STRICT,sq+tr
data,tr,B1,888,Fertigkeit,prasme,Yetenek,FAMILY_COPY_STRICT,sq+tr
data,fi,B1,889,festhalten,turēt cieši,Kõvasti kinni hoidma,MARKER_LEAK,et_otilde
data,hr,B1,889,festhalten,turēt cieši,Дръж се здраво,SCRIPT_MISMATCH,
data,hr,B1,889,festhalten,turēt cieši,Дръж се здраво,MARKER_LEAK,foreign_script
data,is,B1,889,festhalten,turēt cieši,Kõvasti kinni hoidma,MARKER_LEAK,et_otilde
data,it,B1,889,festhalten,turēt cieši,Turēt cieši,SAME_AS_LV_CASEFOLD,casefold_only
data,it,B1,889,festhalten,turēt cieši,Turēt cieši,LV_DIACRITIC,
data,it,B1,889,festhalten,turēt cieši,Turēt cieši,MARKER_LEAK,lv_macron_consonant
data,lb,B1,889,festhalten,turēt cieši,Turēt cieši,SAME_AS_LV_CASEFOLD,casefold_only
data,lb,B1,889,festhalten,turēt cieši,Turēt cieši,LV_DIACRITIC,
data,lb,B1,889,festhalten,turēt cieši,Turēt cieši,MARKER_LEAK,lv_macron_consonant
data,nb,B1,889,festhalten,turēt cieši,Kõvasti kinni hoidma,MARKER_LEAK,et_otilde
data,nl,B1,889,festhalten,turēt cieši,Turēt cieši,SAME_AS_LV_CASEFOLD,casefold_only
data,nl,B1,889,festhalten,turēt cieši,Turēt cieši,LV_DIACRITIC,
data,nl,B1,889,festhalten,turēt cieši,Turēt cieši,MARKER_LEAK,lv_macron_consonant
data,nn,B1,889,festhalten,turēt cieši,Kõvasti kinni hoidma,MARKER_LEAK,et_otilde
data,pt,B1,889,festhalten,turēt cieši,Turēt cieši,SAME_AS_LV_CASEFOLD,casefold_only
data,pt,B1,889,festhalten,turēt cieši,Turēt cieši,LV_DIACRITIC,
data,pt,B1,889,festhalten,turēt cieši,Turēt cieši,MARKER_LEAK,lv_macron_consonant
data,sk,B1,889,festhalten,turēt cieši,Trzymaj się mocno,MARKER_LEAK,pl_lt_nasal
data,sl,B1,889,festhalten,turēt cieši,turēt cieši,SAME_AS_LV_CASEFOLD,exact
data,sl,B1,889,festhalten,turēt cieši,turēt cieši,LV_DIACRITIC,
data,sl,B1,889,festhalten,turēt cieši,turēt cieši,MARKER_LEAK,lv_macron_consonant
data,sq,B1,889,festhalten,turēt cieši,Sıkı tutun,MARKER_LEAK,tr_soft
data,sv,B1,889,festhalten,turēt cieši,Kõvasti kinni hoidma,MARKER_LEAK,et_otilde
data,bg,B1,889,festhalten,turēt cieši,Дръж се здраво,FAMILY_COPY_STRICT,bg+hr+mk+sr
data,hr,B1,889,festhalten,turēt cieši,Дръж се здраво,FAMILY_COPY_STRICT,bg+hr+mk+sr
data,mk,B1,889,festhalten,turēt cieši,Дръж се здраво,FAMILY_COPY_STRICT,bg+hr+mk+sr
data,sr,B1,889,festhalten,turēt cieši,Дръж се здраво,FAMILY_COPY_STRICT,bg+hr+mk+sr
data,fi,B1,889,festhalten,turēt cieši,Kõvasti kinni hoidma,FAMILY_COPY_STRICT,fi+is+nb+nn+sv
data,is,B1,889,festhalten,turēt cieši,Kõvasti kinni hoidma,FAMILY_COPY_STRICT,fi+is+nb+nn+sv
data,nb,B1,889,festhalten,turēt cieši,Kõvasti kinni hoidma,FAMILY_COPY_STRICT,fi+is+nb+nn+sv
data,nn,B1,889,festhalten,turēt cieši,Kõvasti kinni hoidma,FAMILY_COPY_STRICT,fi+is+nb+nn+sv
data,sv,B1,889,festhalten,turēt cieši,Kõvasti kinni hoidma,FAMILY_COPY_STRICT,fi+is+nb+nn+sv
data,it,B1,889,festhalten,turēt cieši,Turēt cieši,FAMILY_COPY_STRICT,it+lb+nl+pt
data,lb,B1,889,festhalten,turēt cieši,Turēt cieši,FAMILY_COPY_STRICT,it+lb+nl+pt
data,nl,B1,889,festhalten,turēt cieši,Turēt cieši,FAMILY_COPY_STRICT,it+lb+nl+pt
data,pt,B1,889,festhalten,turēt cieši,Turēt cieši,FAMILY_COPY_STRICT,it+lb+nl+pt
data,pl,B1,889,festhalten,turēt cieši,Trzymaj się mocno,FAMILY_COPY_STRICT,pl+sk
data,sk,B1,889,festhalten,turēt cieši,Trzymaj się mocno,FAMILY_COPY_STRICT,pl+sk
data,hr,B1,890,festlegen,noteikt,Дефинирайте,SCRIPT_MISMATCH,
data,hr,B1,890,festlegen,noteikt,Дефинирайте,MARKER_LEAK,foreign_script
data,it,B1,890,festlegen,noteikt,Noteikt,SAME_AS_LV_CASEFOLD,casefold_only
data,lb,B1,890,festlegen,noteikt,Noteikt,SAME_AS_LV_CASEFOLD,casefold_only
data,nl,B1,890,festlegen,noteikt,Noteikt,SAME_AS_LV_CASEFOLD,casefold_only
data,sk,B1,890,festlegen,noteikt,Określić,MARKER_LEAK,pl_l_s_z
data,sl,B1,890,festlegen,noteikt,noteikt,SAME_AS_LV_CASEFOLD,exact
data,sq,B1,890,festlegen,noteikt,Tanımlamak,MARKER_LEAK,tr_soft
data,bg,B1,890,festlegen,noteikt,Дефинирайте,FAMILY_COPY_STRICT,bg+hr+mk+sr
data,hr,B1,890,festlegen,noteikt,Дефинирайте,FAMILY_COPY_STRICT,bg+hr+mk+sr
data,mk,B1,890,festlegen,noteikt,Дефинирайте,FAMILY_COPY_STRICT,bg+hr+mk+sr
data,sr,B1,890,festlegen,noteikt,Дефинирайте,FAMILY_COPY_STRICT,bg+hr+mk+sr
data,fi,B1,890,festlegen,noteikt,Kindlaks määrama,FAMILY_COPY_STRICT,fi+is+nb+nn+sv
data,is,B1,890,festlegen,noteikt,Kindlaks määrama,FAMILY_COPY_STRICT,fi+is+nb+nn+sv
data,nb,B1,890,festlegen,noteikt,Kindlaks määrama,FAMILY_COPY_STRICT,fi+is+nb+nn+sv
data,nn,B1,890,festlegen,noteikt,Kindlaks määrama,FAMILY_COPY_STRICT,fi+is+nb+nn+sv
data,sv,B1,890,festlegen,noteikt,Kindlaks määrama,FAMILY_COPY_STRICT,fi+is+nb+nn+sv
data,it,B1,890,festlegen,noteikt,Noteikt,FAMILY_COPY_STRICT,it+lb+nl
data,lb,B1,890,festlegen,noteikt,Noteikt,FAMILY_COPY_STRICT,it+lb+nl
data,nl,B1,890,festlegen,noteikt,Noteikt,FAMILY_COPY_STRICT,it+lb+nl
data,pl,B1,890,festlegen,noteikt,Określić,FAMILY_COPY_STRICT,pl+sk
data,sk,B1,890,festlegen,noteikt,Określić,FAMILY_COPY_STRICT,pl+sk
data,sq,B1,890,festlegen,noteikt,Tanımlamak,FAMILY_COPY_STRICT,sq+tr
data,tr,B1,890,festlegen,noteikt,Tanımlamak,FAMILY_COPY_STRICT,sq+tr
data,hr,B1,891,festlich,svinīgs,Тържествено,SCRIPT_MISMATCH,
data,hr,B1,891,festlich,svinīgs,Тържествено,MARKER_LEAK,foreign_script
data,it,B1,891,festlich,svinīgs,Svinīgs,SAME_AS_LV_CASEFOLD,casefold_only
data,it,B1,891,festlich,svinīgs,Svinīgs,LV_DIACRITIC,
data,it,B1,891,festlich,svinīgs,Svinīgs,MARKER_LEAK,lv_macron_consonant
data,lb,B1,891,festlich,svinīgs,Svinīgs,SAME_AS_LV_CASEFOLD,casefold_only
data,lb,B1,891,festlich,svinīgs,Svinīgs,LV_DIACRITIC,
data,lb,B1,891,festlich,svinīgs,Svinīgs,MARKER_LEAK,lv_macron_consonant
data,nl,B1,891,festlich,svinīgs,Svinīgs,SAME_AS_LV_CASEFOLD,casefold_only
data,nl,B1,891,festlich,svinīgs,Svinīgs,LV_DIACRITIC,
data,nl,B1,891,festlich,svinīgs,Svinīgs,MARKER_LEAK,lv_macron_consonant
data,sl,B1,891,festlich,svinīgs,svinīgs,SAME_AS_LV_CASEFOLD,exact
data,sl,B1,891,festlich,svinīgs,svinīgs,LV_DIACRITIC,
data,sl,B1,891,festlich,svinīgs,svinīgs,MARKER_LEAK,lv_macron_consonant
data,bg,B1,891,festlich,svinīgs,Тържествено,FAMILY_COPY_STRICT,bg+hr+mk+sr
data,hr,B1,891,festlich,svinīgs,Тържествено,FAMILY_COPY_STRICT,bg+hr+mk+sr
data,mk,B1,891,festlich,svinīgs,Тържествено,FAMILY_COPY_STRICT,bg+hr+mk+sr
data,sr,B1,891,festlich,svinīgs,Тържествено,FAMILY_COPY_STRICT,bg+hr+mk+sr
data,en,B1,891,festlich,svinīgs,Solemn,FAMILY_COPY_STRICT,en+ro
data,ro,B1,891,festlich,svinīgs,Solemn,FAMILY_COPY_STRICT,en+ro
data,fi,B1,891,festlich,svinīgs,Pidulik,FAMILY_COPY_STRICT,fi+is+nb+nn+sv
data,is,B1,891,festlich,svinīgs,Pidulik,FAMILY_COPY_STRICT,fi+is+nb+nn+sv
data,nb,B1,891,festlich,svinīgs,Pidulik,FAMILY_COPY_STRICT,fi+is+nb+nn+sv
data,nn,B1,891,festlich,svinīgs,Pidulik,FAMILY_COPY_STRICT,fi+is+nb+nn+sv
data,sv,B1,891,festlich,svinīgs,Pidulik,FAMILY_COPY_STRICT,fi+is+nb+nn+sv
data,it,B1,891,festlich,svinīgs,Svinīgs,FAMILY_COPY_STRICT,it+lb+nl
data,lb,B1,891,festlich,svinīgs,Svinīgs,FAMILY_COPY_STRICT,it+lb+nl
data,nl,B1,891,festlich,svinīgs,Svinīgs,FAMILY_COPY_STRICT,it+lb+nl
data,pl,B1,891,festlich,svinīgs,Uroczysty,FAMILY_COPY_STRICT,pl+sk+sq+tr
data,sk,B1,891,festlich,svinīgs,Uroczysty,FAMILY_COPY_STRICT,pl+sk+sq+tr
data,sq,B1,891,festlich,svinīgs,Uroczysty,FAMILY_COPY_STRICT,pl+sk+sq+tr
data,tr,B1,891,festlich,svinīgs,Uroczysty,FAMILY_COPY_STRICT,pl+sk+sq+tr
data,hr,B1,892,festsetzen,noteikt,Дефинирайте,SCRIPT_MISMATCH,
data,hr,B1,892,festsetzen,noteikt,Дефинирайте,MARKER_LEAK,foreign_script
data,it,B1,892,festsetzen,noteikt,Noteikt,SAME_AS_LV_CASEFOLD,casefold_only
data,lb,B1,892,festsetzen,noteikt,Noteikt,SAME_AS_LV_CASEFOLD,casefold_only
data,nl,B1,892,festsetzen,noteikt,Noteikt,SAME_AS_LV_CASEFOLD,casefold_only
data,sk,B1,892,festsetzen,noteikt,Określić,MARKER_LEAK,pl_l_s_z
data,sl,B1,892,festsetzen,noteikt,noteikt,SAME_AS_LV_CASEFOLD,exact
data,sq,B1,892,festsetzen,noteikt,Tanımlamak,MARKER_LEAK,tr_soft
data,bg,B1,892,festsetzen,noteikt,Дефинирайте,FAMILY_COPY_STRICT,bg+hr+mk+sr
data,hr,B1,892,festsetzen,noteikt,Дефинирайте,FAMILY_COPY_STRICT,bg+hr+mk+sr
data,mk,B1,892,festsetzen,noteikt,Дефинирайте,FAMILY_COPY_STRICT,bg+hr+mk+sr
data,sr,B1,892,festsetzen,noteikt,Дефинирайте,FAMILY_COPY_STRICT,bg+hr+mk+sr
data,fi,B1,892,festsetzen,noteikt,Kindlaks määrama,FAMILY_COPY_STRICT,fi+is+nb+nn+sv
data,is,B1,892,festsetzen,noteikt,Kindlaks määrama,FAMILY_COPY_STRICT,fi+is+nb+nn+sv
data,nb,B1,892,festsetzen,noteikt,Kindlaks määrama,FAMILY_COPY_STRICT,fi+is+nb+nn+sv
data,nn,B1,892,festsetzen,noteikt,Kindlaks määrama,FAMILY_COPY_STRICT,fi+is+nb+nn+sv
data,sv,B1,892,festsetzen,noteikt,Kindlaks määrama,FAMILY_COPY_STRICT,fi+is+nb+nn+sv
data,it,B1,892,festsetzen,noteikt,Noteikt,FAMILY_COPY_STRICT,it+lb+nl
data,lb,B1,892,festsetzen,noteikt,Noteikt,FAMILY_COPY_STRICT,it+lb+nl
data,nl,B1,892,festsetzen,noteikt,Noteikt,FAMILY_COPY_STRICT,it+lb+nl
data,pl,B1,892,festsetzen,noteikt,Określić,FAMILY_COPY_STRICT,pl+sk
data,sk,B1,892,festsetzen,noteikt,Określić,FAMILY_COPY_STRICT,pl+sk
data,sq,B1,892,festsetzen,noteikt,Tanımlamak,FAMILY_COPY_STRICT,sq+tr
data,tr,B1,892,festsetzen,noteikt,Tanımlamak,FAMILY_COPY_STRICT,sq+tr
data,hr,B1,893,feststellen,konstatēt,Инсталирайте,SCRIPT_MISMATCH,
data,hr,B1,893,feststellen,konstatēt,Инсталирайте,MARKER_LEAK,foreign_script
data,it,B1,893,feststellen,konstatēt,Konstatēt,SAME_AS_LV_CASEFOLD,casefold_only
data,it,B1,893,feststellen,konstatēt,Konstatēt,LV_DIACRITIC,
data,it,B1,893,feststellen,konstatēt,Konstatēt,MARKER_LEAK,lv_macron_consonant
