language,level,card,array,accent,content,lv
bg,a1,a1-sprechen-study,tip,1,2,1
bg,a1,a1-sprechen-study,important,1,2,1
bg,a1,a1-klein-study,tip,1,2,1
bg,a1,a1-klein-study,important,1,2,1
bg,a1,a1-auch-study,tip,1,2,1
bg,a1,a1-auch-study,important,1,3,1
bg,a1,a1-bis,important,1,3,1
bg,a1,a1-bringen,comparison,4,5,4
bg,a1,a1-bringen,important,2,3,2
bg,a1,a1-ein,examples,3,4,3
bg,a1,a1-ein,important,2,4,2
bg,a1,a1-erst,important,2,3,2
bg,a1,a1-es,important,2,3,2
bg,a1,a1-etwas,important,2,3,2
bg,a1,a1-haben,important,2,3,2
bg,a1,a1-hoeren-study,important,1,2,1
bg,a1,a1-kennen-study,tip,1,2,1
bg,a1,a1-kennen-study,important,1,3,1
bg,a1,a1-wissen-study,tip,1,2,1
bg,a1,a1-wissen-study,important,1,3,1
bg,a1,a1-laut,tip,1,2,1
bg,a1,a1-laut,important,1,4,1
bg,a1,a1-laut-study,tip,1,2,1
bg,a1,a1-laut-study,important,1,4,1
bg,a1,a1-leise-study,tip,1,2,1
bg,a1,a1-leise-study,important,1,3,1
bg,a1,a1-morgen,tip,1,2,1
bg,a1,a1-morgen,important,1,4,1
bg,a1,a1-morgen-study,tip,1,2,1
bg,a1,a1-morgen-study,important,1,4,1
bg,a1,a1-noch-study,tip,1,2,1
bg,a1,a1-noch-study,important,1,2,1
bg,a1,a1-nur-study,important,1,2,1
bg,a1,a1-reis,examples,2,4,2
bg,a1,a1-sagen-study,tip,1,2,1
bg,a1,a1-sagen-study,important,1,2,1
bg,a1,a1-schauen-study,tip,1,2,1
bg,a1,a1-schauen-study,important,1,2,1
bg,a1,a1-schon-study,tip,1,2,1
bg,a1,a1-schon-study,important,1,2,1
bg,a1,a1-sie-study,tip,1,2,1
bg,a1,a1-sie-study,important,1,4,1
bg,a1,a1-sie-study-2,tip,1,2,1
bg,a1,a1-sie-study-2,important,1,4,1
bg,a1,a1-fernsehen-study,tip,1,2,1
bg,a1,a1-fernsehen-study,important,1,4,1
bg,a1,a1-appetit,tip,1,2,1
bg,a1,a1-appetit,important,1,4,1
bg,a1,a1-essen,tip,1,2,1
bg,a1,a1-essen,important,1,4,1
bg,a1,a1-essen-study,important,1,4,1
bg,a1,a1-gemuese,tip,1,2,1
bg,a1,a1-gemuese,important,1,3,1
bg,a1,a1-obst,tip,1,2,1
bg,a1,a1-obst,important,1,2,1
bg,a1,a1-ferien,tip,1,2,1
bg,a1,a1-ferien,important,1,4,1
bg,a1,a1-urlaub,tip,1,2,1
bg,a1,a1-urlaub,important,1,4,1
bg,a1,a1-uhr,tip,1,2,1
bg,a1,a1-uhr,important,1,2,1
bg,a1,a1-zeit,tip,1,2,1
bg,a1,a1-zeit,important,1,2,1
bg,a1,a1-einmal,important,1,2,1
bg,a1,a1-noch-mal,tip,1,2,1
bg,a1,a1-noch-mal,important,1,2,1
bs,a1,a1-sprechen-study,tip,1,2,1
bs,a1,a1-sprechen-study,important,1,2,1
bs,a1,a1-klein-study,tip,1,2,1
bs,a1,a1-klein-study,important,1,2,1
bs,a1,a1-auch-study,tip,1,2,1
bs,a1,a1-auch-study,important,1,3,1
bs,a1,a1-bis,important,1,3,1
bs,a1,a1-bitte,important,2,3,2
bs,a1,a1-bitte-study,important,2,3,2
bs,a1,a1-bringen,comparison,4,5,4
bs,a1,a1-bringen,important,2,3,2
bs,a1,a1-ein,examples,3,4,3
bs,a1,a1-ein,important,2,4,2
bs,a1,a1-es,important,2,3,2
bs,a1,a1-gross-study,tip,1,2,1
bs,a1,a1-gross-study,important,1,2,1
bs,a1,a1-haben,important,2,3,2
bs,a1,a1-hoch-study,important,2,3,2
bs,a1,a1-hoeren-study,important,1,2,1
bs,a1,a1-kennen-study,tip,1,2,1
bs,a1,a1-kennen-study,important,1,3,1
bs,a1,a1-wissen-study,tip,1,2,1
bs,a1,a1-wissen-study,important,1,3,1
bs,a1,a1-laut,tip,1,2,1
bs,a1,a1-laut,important,1,4,1
bs,a1,a1-laut-study,tip,1,2,1
bs,a1,a1-laut-study,important,1,4,1
bs,a1,a1-leise-study,tip,1,2,1
bs,a1,a1-leise-study,important,1,3,1
bs,a1,a1-morgen,tip,1,2,1
bs,a1,a1-morgen,important,1,4,1
bs,a1,a1-noch-study,tip,1,2,1
bs,a1,a1-noch-study,important,1,2,1
bs,a1,a1-nur-study,important,1,2,1
bs,a1,a1-reis,examples,2,4,2
bs,a1,a1-sagen-study,tip,1,2,1
bs,a1,a1-sagen-study,important,1,2,1
bs,a1,a1-schauen-study,tip,1,2,1
bs,a1,a1-schauen-study,important,1,2,1
bs,a1,a1-schon-study,tip,1,2,1
bs,a1,a1-schon-study,important,1,2,1
bs,a1,a1-sie-study,tip,1,2,1
bs,a1,a1-sie-study,important,1,4,1
bs,a1,a1-sie-study-2,tip,1,2,1
bs,a1,a1-sie-study-2,important,1,4,1
bs,a1,a1-fernsehen-study,tip,1,2,1
bs,a1,a1-fernsehen-study,important,1,4,1
bs,a1,a1-appetit,tip,1,2,1
bs,a1,a1-appetit,important,1,4,1
bs,a1,a1-essen,tip,1,2,1
bs,a1,a1-essen,important,1,4,1
bs,a1,a1-essen-study,important,1,4,1
bs,a1,a1-gemuese,tip,1,2,1
bs,a1,a1-gemuese,important,1,3,1
bs,a1,a1-obst,tip,1,2,1
bs,a1,a1-obst,important,1,2,1
bs,a1,a1-ferien,tip,1,2,1
bs,a1,a1-ferien,important,1,4,1
bs,a1,a1-urlaub,tip,1,2,1
bs,a1,a1-urlaub,important,1,4,1
bs,a1,a1-uhr,tip,1,2,1
bs,a1,a1-uhr,important,1,2,1
bs,a1,a1-zeit,tip,1,2,1
bs,a1,a1-zeit,important,1,2,1
bs,a1,a1-einmal,important,1,2,1
bs,a1,a1-noch-mal,tip,1,2,1
bs,a1,a1-noch-mal,important,1,2,1
cs,a1,a1-sprechen-study,tip,1,2,1
cs,a1,a1-sprechen-study,important,1,2,1
cs,a1,a1-klein-study,tip,1,2,1
cs,a1,a1-klein-study,important,1,2,1
cs,a1,a1-auch-study,tip,1,2,1
cs,a1,a1-auch-study,important,1,3,1
cs,a1,a1-bis,important,1,3,1
cs,a1,a1-bitte,important,2,3,2
cs,a1,a1-bitte-study,important,2,3,2
cs,a1,a1-bringen,comparison,4,5,4
cs,a1,a1-bringen,important,2,3,2
cs,a1,a1-ein,examples,3,4,3
cs,a1,a1-ein,important,2,4,2
cs,a1,a1-erst,important,2,3,2
cs,a1,a1-es,important,2,3,2
cs,a1,a1-etwas,important,2,3,2
cs,a1,a1-gross-study,tip,1,2,1
cs,a1,a1-gross-study,important,1,2,1
cs,a1,a1-haben,important,2,3,2
cs,a1,a1-hoeren-study,important,1,2,1
cs,a1,a1-kennen-study,tip,1,2,1
cs,a1,a1-kennen-study,important,1,3,1
cs,a1,a1-wissen-study,tip,1,2,1
cs,a1,a1-wissen-study,important,1,3,1
cs,a1,a1-laut,tip,1,2,1
cs,a1,a1-laut,important,1,4,1
cs,a1,a1-laut-study,tip,1,2,1
cs,a1,a1-laut-study,important,1,4,1
cs,a1,a1-leise-study,tip,1,2,1
cs,a1,a1-leise-study,important,1,3,1
cs,a1,a1-noch-study,tip,1,2,1
cs,a1,a1-noch-study,important,1,2,1
cs,a1,a1-nur-study,important,1,2,1
cs,a1,a1-reis,examples,2,4,2
cs,a1,a1-sagen-study,tip,1,2,1
cs,a1,a1-sagen-study,important,1,2,1
cs,a1,a1-schauen-study,tip,1,2,1
cs,a1,a1-schauen-study,important,1,2,1
cs,a1,a1-schon-study,tip,1,2,1
cs,a1,a1-schon-study,important,1,2,1
cs,a1,a1-sie-study,tip,1,2,1
cs,a1,a1-sie-study,important,1,4,1
cs,a1,a1-sie-study-2,tip,1,2,1
cs,a1,a1-sie-study-2,important,1,4,1
cs,a1,a1-fernsehen-study,tip,1,2,1
cs,a1,a1-fernsehen-study,important,1,4,1
cs,a1,a1-appetit,tip,1,2,1
cs,a1,a1-appetit,important,1,4,1
cs,a1,a1-essen,tip,1,2,1
cs,a1,a1-essen,important,1,4,1
cs,a1,a1-essen-study,important,1,4,1
cs,a1,a1-gemuese,tip,1,2,1
cs,a1,a1-gemuese,important,1,3,1
cs,a1,a1-obst,tip,1,2,1
cs,a1,a1-obst,important,1,2,1
cs,a1,a1-ferien,tip,1,2,1
cs,a1,a1-ferien,important,1,4,1
cs,a1,a1-urlaub,tip,1,2,1
cs,a1,a1-urlaub,important,1,4,1
cs,a1,a1-uhr,tip,1,2,1
cs,a1,a1-uhr,important,1,2,1
cs,a1,a1-zeit,tip,1,2,1
cs,a1,a1-zeit,important,1,2,1
cs,a1,a1-einmal,important,1,2,1
cs,a1,a1-noch-mal,tip,1,2,1
cs,a1,a1-noch-mal,important,1,2,1
da,a1,a1-sprechen-study,tip,1,2,1
da,a1,a1-sprechen-study,important,1,2,1
da,a1,a1-klein-study,tip,1,2,1
da,a1,a1-klein-study,important,1,2,1
da,a1,a1-auch-study,tip,1,2,1
da,a1,a1-auch-study,important,1,3,1
da,a1,a1-bis,important,1,3,1
da,a1,a1-bringen,comparison,4,5,4
da,a1,a1-ein,examples,3,4,3
da,a1,a1-ein,important,2,4,2
da,a1,a1-gross-study,tip,1,2,1
da,a1,a1-gross-study,important,1,2,1
da,a1,a1-hoeren-study,important,1,2,1
da,a1,a1-kennen-study,tip,1,2,1
da,a1,a1-kennen-study,important,1,3,1
da,a1,a1-wissen-study,tip,1,2,1
da,a1,a1-wissen-study,important,1,3,1
da,a1,a1-laut,tip,1,2,1
da,a1,a1-laut,important,1,4,1
da,a1,a1-laut-study,tip,1,2,1
da,a1,a1-laut-study,important,1,4,1
da,a1,a1-leise-study,tip,1,2,1
da,a1,a1-leise-study,important,1,3,1
da,a1,a1-morgen,tip,1,2,1
da,a1,a1-morgen,important,1,4,1
da,a1,a1-morgen-study,tip,1,2,1
da,a1,a1-morgen-study,important,1,4,1
da,a1,a1-noch-study,tip,1,2,1
da,a1,a1-noch-study,important,1,2,1
da,a1,a1-nur-study,important,1,2,1
da,a1,a1-reis,examples,2,4,2
da,a1,a1-sagen-study,tip,1,2,1
da,a1,a1-sagen-study,important,1,2,1
da,a1,a1-schauen-study,tip,1,2,1
da,a1,a1-schauen-study,important,1,2,1
da,a1,a1-schon-study,tip,1,2,1
da,a1,a1-schon-study,important,1,2,1
da,a1,a1-sie-study,tip,1,2,1
da,a1,a1-sie-study,important,1,4,1
da,a1,a1-sie-study-2,tip,1,2,1
da,a1,a1-sie-study-2,important,1,4,1
da,a1,a1-fernsehen-study,tip,1,2,1
da,a1,a1-fernsehen-study,important,1,4,1
da,a1,a1-appetit,tip,1,2,1
da,a1,a1-appetit,important,1,4,1
da,a1,a1-essen,tip,1,2,1
da,a1,a1-essen,important,1,4,1
da,a1,a1-essen-study,important,1,4,1
da,a1,a1-gemuese,tip,1,2,1
da,a1,a1-gemuese,important,1,3,1
da,a1,a1-obst,tip,1,2,1
da,a1,a1-obst,important,1,2,1
da,a1,a1-ferien,tip,1,2,1
da,a1,a1-ferien,important,1,4,1
da,a1,a1-urlaub,tip,1,2,1
da,a1,a1-urlaub,important,1,4,1
da,a1,a1-uhr,tip,1,2,1
da,a1,a1-uhr,important,1,2,1
da,a1,a1-zeit,tip,1,2,1
da,a1,a1-zeit,important,1,2,1
da,a1,a1-einmal,important,1,2,1
da,a1,a1-noch-mal,tip,1,2,1
da,a1,a1-noch-mal,important,1,2,1
en,a1,a1-auch-study,tip,1,2,1
en,a1,a1-auch-study,important,1,3,1
en,a1,a1-bis,important,1,3,1
en,a1,a1-bringen,comparison,4,5,4
en,a1,a1-gross-study,tip,1,2,1
en,a1,a1-gross-study,important,1,2,1
en,a1,a1-hoeren-study,important,1,2,1
en,a1,a1-kennen-study,tip,1,2,1
en,a1,a1-kennen-study,important,1,3,1
en,a1,a1-wissen-study,tip,1,2,1
en,a1,a1-wissen-study,important,1,3,1
en,a1,a1-laut,tip,1,2,1
en,a1,a1-laut,important,1,4,1
en,a1,a1-laut-study,tip,1,2,1
en,a1,a1-laut-study,important,1,4,1
en,a1,a1-leise-study,tip,1,2,1
en,a1,a1-leise-study,important,1,3,1
en,a1,a1-morgen,tip,1,2,1
en,a1,a1-morgen,important,1,4,1
en,a1,a1-morgen-study,tip,1,2,1
en,a1,a1-morgen-study,important,1,4,1
en,a1,a1-noch-study,tip,1,2,1
en,a1,a1-noch-study,important,1,2,1
en,a1,a1-nur-study,important,1,2,1
en,a1,a1-reis,examples,2,4,2
en,a1,a1-sagen-study,tip,1,2,1
en,a1,a1-sagen-study,important,1,2,1
en,a1,a1-schauen-study,tip,1,2,1
en,a1,a1-schauen-study,important,1,2,1
en,a1,a1-schon-study,tip,1,2,1
en,a1,a1-schon-study,important,1,2,1
en,a1,a1-sie-study,tip,1,2,1
en,a1,a1-sie-study,important,1,4,1
en,a1,a1-sie-study-2,tip,1,2,1
en,a1,a1-sie-study-2,important,1,4,1
en,a1,a1-fernsehen-study,tip,1,2,1
en,a1,a1-fernsehen-study,important,1,4,1
en,a1,a1-appetit,tip,1,2,1
en,a1,a1-appetit,important,1,4,1
en,a1,a1-essen-study,important,1,4,1
en,a1,a1-gemuese,tip,1,2,1
en,a1,a1-gemuese,important,1,3,1
en,a1,a1-obst,tip,1,2,1
en,a1,a1-obst,important,1,2,1
en,a1,a1-ferien,tip,1,2,1
en,a1,a1-ferien,important,1,4,1
en,a1,a1-urlaub,tip,1,2,1
en,a1,a1-urlaub,important,1,4,1
en,a1,a1-uhr,tip,1,2,1
en,a1,a1-uhr,important,1,2,1
en,a1,a1-zeit,tip,1,2,1
en,a1,a1-zeit,important,1,2,1
en,a1,a1-einmal,important,1,2,1
en,a1,a1-noch-mal,tip,1,2,1
en,a1,a1-noch-mal,important,1,2,1
es,a1,a1-sprechen-study,tip,1,2,1
es,a1,a1-sprechen-study,important,1,2,1
es,a1,a1-klein-study,tip,1,2,1
es,a1,a1-klein-study,important,1,2,1
es,a1,a1-auch-study,tip,1,2,1
es,a1,a1-auch-study,important,1,3,1
es,a1,a1-bis,important,1,3,1
es,a1,a1-bringen,comparison,4,5,4
es,a1,a1-ein,examples,3,4,3
es,a1,a1-ein,important,2,4,2
es,a1,a1-gross-study,tip,1,2,1
es,a1,a1-gross-study,important,1,2,1
es,a1,a1-hoeren-study,important,1,2,1
es,a1,a1-kennen-study,tip,1,2,1
es,a1,a1-kennen-study,important,1,3,1
es,a1,a1-wissen-study,tip,1,2,1
es,a1,a1-wissen-study,important,1,3,1
es,a1,a1-laut,tip,1,2,1
es,a1,a1-laut,important,1,4,1
es,a1,a1-laut-study,tip,1,2,1
es,a1,a1-laut-study,important,1,4,1
es,a1,a1-leise-study,tip,1,2,1
es,a1,a1-leise-study,important,1,3,1
es,a1,a1-morgen,tip,1,2,1
es,a1,a1-morgen,important,1,4,1
es,a1,a1-morgen-study,tip,1,2,1
es,a1,a1-morgen-study,important,1,4,1
es,a1,a1-noch-study,tip,1,2,1
es,a1,a1-noch-study,important,1,2,1
es,a1,a1-nur-study,important,1,2,1
es,a1,a1-reis,examples,2,4,2
es,a1,a1-sagen-study,tip,1,2,1
es,a1,a1-sagen-study,important,1,2,1
es,a1,a1-schauen-study,tip,1,2,1
es,a1,a1-schauen-study,important,1,2,1
es,a1,a1-schon-study,tip,1,2,1
es,a1,a1-schon-study,important,1,2,1
es,a1,a1-sie-study,tip,1,2,1
es,a1,a1-sie-study,important,1,4,1
es,a1,a1-sie-study-2,tip,1,2,1
es,a1,a1-sie-study-2,important,1,4,1
es,a1,a1-fernsehen-study,tip,1,2,1
es,a1,a1-fernsehen-study,important,1,4,1
es,a1,a1-appetit,tip,1,2,1
es,a1,a1-appetit,important,1,4,1
es,a1,a1-essen,tip,1,2,1
es,a1,a1-essen,important,1,4,1
es,a1,a1-essen-study,important,1,4,1
es,a1,a1-gemuese,tip,1,2,1
es,a1,a1-gemuese,important,1,3,1
es,a1,a1-obst,tip,1,2,1
es,a1,a1-obst,important,1,2,1
es,a1,a1-ferien,tip,1,2,1
es,a1,a1-ferien,important,1,4,1
es,a1,a1-urlaub,tip,1,2,1
es,a1,a1-urlaub,important,1,4,1
es,a1,a1-uhr,tip,1,2,1
es,a1,a1-uhr,important,1,2,1
es,a1,a1-zeit,tip,1,2,1
es,a1,a1-zeit,important,1,2,1
es,a1,a1-einmal,important,1,2,1
es,a1,a1-noch-mal,tip,1,2,1
es,a1,a1-noch-mal,important,1,2,1
et,a1,a1-sprechen-study,tip,1,2,1
et,a1,a1-sprechen-study,important,1,2,1
et,a1,a1-klein-study,tip,1,2,1
et,a1,a1-klein-study,important,1,2,1
et,a1,a1-auch-study,tip,1,2,1
et,a1,a1-auch-study,important,1,3,1
et,a1,a1-bis,important,1,3,1
et,a1,a1-ein,examples,3,4,3
et,a1,a1-ein,important,2,4,2
et,a1,a1-erst,important,2,3,2
et,a1,a1-es,important,2,3,2
et,a1,a1-etwas,important,2,3,2
et,a1,a1-gross-study,tip,1,2,1
et,a1,a1-gross-study,important,1,2,1
et,a1,a1-haben,important,2,3,2
et,a1,a1-hoeren-study,important,1,2,1
et,a1,a1-kennen-study,tip,1,2,1
et,a1,a1-kennen-study,important,1,3,1
et,a1,a1-wissen-study,tip,1,2,1
et,a1,a1-wissen-study,important,1,3,1
et,a1,a1-laut,tip,1,2,1
et,a1,a1-laut,important,1,4,1
et,a1,a1-laut-study,tip,1,2,1
et,a1,a1-laut-study,important,1,4,1
et,a1,a1-leise-study,tip,1,2,1
et,a1,a1-leise-study,important,1,3,1
et,a1,a1-morgen,tip,1,2,1
et,a1,a1-morgen,important,1,4,1
et,a1,a1-morgen-study,tip,1,2,1
et,a1,a1-morgen-study,important,1,4,1
et,a1,a1-noch-study,tip,1,2,1
et,a1,a1-noch-study,important,1,2,1
et,a1,a1-nur-study,important,1,2,1
et,a1,a1-reis,examples,2,4,2
et,a1,a1-sagen-study,tip,1,2,1
et,a1,a1-sagen-study,important,1,2,1
et,a1,a1-schauen-study,tip,1,2,1
et,a1,a1-schauen-study,important,1,2,1
et,a1,a1-schon-study,tip,1,2,1
et,a1,a1-schon-study,important,1,2,1
et,a1,a1-sie-study,tip,1,2,1
et,a1,a1-sie-study,important,1,4,1
et,a1,a1-sie-study-2,tip,1,2,1
et,a1,a1-sie-study-2,important,1,4,1
et,a1,a1-fernsehen-study,tip,1,2,1
et,a1,a1-fernsehen-study,important,1,4,1
et,a1,a1-appetit,tip,1,2,1
et,a1,a1-appetit,important,1,4,1
et,a1,a1-essen,tip,1,2,1
et,a1,a1-essen,important,1,4,1
et,a1,a1-essen-study,important,1,4,1
et,a1,a1-gemuese,tip,1,2,1
et,a1,a1-gemuese,important,1,3,1
et,a1,a1-obst,tip,1,2,1
et,a1,a1-obst,important,1,2,1
et,a1,a1-ferien,tip,1,2,1
et,a1,a1-ferien,important,1,4,1
et,a1,a1-urlaub,tip,1,2,1
et,a1,a1-urlaub,important,1,4,1
et,a1,a1-uhr,tip,1,2,1
et,a1,a1-uhr,important,1,2,1
et,a1,a1-zeit,tip,1,2,1
et,a1,a1-zeit,important,1,2,1
et,a1,a1-einmal,important,1,2,1
et,a1,a1-noch-mal,tip,1,2,1
et,a1,a1-noch-mal,important,1,2,1
fi,a1,a1-sprechen-study,tip,1,2,1
fi,a1,a1-sprechen-study,important,1,2,1
fi,a1,a1-klein-study,tip,1,2,1
fi,a1,a1-klein-study,important,1,2,1
fi,a1,a1-auch-study,tip,1,2,1
fi,a1,a1-auch-study,important,1,3,1
fi,a1,a1-bis,important,1,3,1
fi,a1,a1-bringen,comparison,4,5,4
fi,a1,a1-bringen,important,2,3,2
fi,a1,a1-ein,examples,3,4,3
fi,a1,a1-ein,important,2,4,2
fi,a1,a1-erst,important,2,3,2
fi,a1,a1-es,important,2,3,2
fi,a1,a1-etwas,important,2,3,2
fi,a1,a1-gross-study,tip,1,2,1
fi,a1,a1-gross-study,important,1,2,1
fi,a1,a1-haben,important,2,3,2
fi,a1,a1-hoeren-study,important,1,2,1
fi,a1,a1-kennen-study,tip,1,2,1
fi,a1,a1-kennen-study,important,1,3,1
fi,a1,a1-wissen-study,tip,1,2,1
fi,a1,a1-wissen-study,important,1,3,1
fi,a1,a1-laut,tip,1,2,1
fi,a1,a1-laut,important,1,4,1
fi,a1,a1-laut-study,tip,1,2,1
fi,a1,a1-laut-study,important,1,4,1
fi,a1,a1-leise-study,tip,1,2,1
fi,a1,a1-leise-study,important,1,3,1
fi,a1,a1-morgen,tip,1,2,1
fi,a1,a1-morgen,important,1,4,1
fi,a1,a1-morgen-study,tip,1,2,1
fi,a1,a1-morgen-study,important,1,4,1
fi,a1,a1-noch-study,tip,1,2,1
fi,a1,a1-noch-study,important,1,2,1
fi,a1,a1-nur-study,important,1,2,1
fi,a1,a1-reis,examples,2,4,2
fi,a1,a1-sagen-study,tip,1,2,1
fi,a1,a1-sagen-study,important,1,2,1
fi,a1,a1-schauen-study,tip,1,2,1
fi,a1,a1-schauen-study,important,1,2,1
fi,a1,a1-schon-study,tip,1,2,1
fi,a1,a1-schon-study,important,1,2,1
fi,a1,a1-sie-study,tip,1,2,1
fi,a1,a1-sie-study,important,1,4,1
fi,a1,a1-sie-study-2,tip,1,2,1
fi,a1,a1-sie-study-2,important,1,4,1
fi,a1,a1-fernsehen-study,tip,1,2,1
fi,a1,a1-fernsehen-study,important,1,4,1
fi,a1,a1-appetit,tip,1,2,1
fi,a1,a1-appetit,important,1,4,1
fi,a1,a1-essen,tip,1,2,1
fi,a1,a1-essen,important,1,4,1
fi,a1,a1-essen-study,important,1,4,1
fi,a1,a1-gemuese,tip,1,2,1
fi,a1,a1-gemuese,important,1,3,1
fi,a1,a1-obst,tip,1,2,1
fi,a1,a1-obst,important,1,2,1
fi,a1,a1-ferien,tip,1,2,1
fi,a1,a1-ferien,important,1,4,1
fi,a1,a1-urlaub,tip,1,2,1
fi,a1,a1-urlaub,important,1,4,1
fi,a1,a1-uhr,tip,1,2,1
fi,a1,a1-uhr,important,1,2,1
fi,a1,a1-zeit,tip,1,2,1
fi,a1,a1-zeit,important,1,2,1
fi,a1,a1-einmal,important,1,2,1
fi,a1,a1-noch-mal,tip,1,2,1
fi,a1,a1-noch-mal,important,1,2,1
fr,a1,a1-sprechen-study,tip,1,2,1
fr,a1,a1-sprechen-study,important,1,2,1
fr,a1,a1-klein-study,tip,1,2,1
fr,a1,a1-klein-study,important,1,2,1
fr,a1,a1-auch-study,tip,1,2,1
fr,a1,a1-auch-study,important,1,3,1
fr,a1,a1-bis,important,1,3,1
fr,a1,a1-bringen,comparison,4,5,4
fr,a1,a1-ein,examples,3,4,3
fr,a1,a1-ein,important,2,4,2
fr,a1,a1-gross-study,tip,1,2,1
fr,a1,a1-gross-study,important,1,2,1
fr,a1,a1-hoeren-study,important,1,2,1
fr,a1,a1-kennen-study,tip,1,2,1
fr,a1,a1-kennen-study,important,1,3,1
fr,a1,a1-wissen-study,tip,1,2,1
fr,a1,a1-wissen-study,important,1,3,1
fr,a1,a1-laut,tip,1,2,1
fr,a1,a1-laut,important,1,4,1
fr,a1,a1-laut-study,tip,1,2,1
fr,a1,a1-laut-study,important,1,4,1
fr,a1,a1-leise-study,tip,1,2,1
fr,a1,a1-leise-study,important,1,3,1
fr,a1,a1-noch-study,tip,1,2,1
fr,a1,a1-noch-study,important,1,2,1
fr,a1,a1-nur-study,important,1,2,1
fr,a1,a1-reis,examples,2,4,2
fr,a1,a1-sagen-study,tip,1,2,1
fr,a1,a1-sagen-study,important,1,2,1
fr,a1,a1-schauen-study,tip,1,2,1
fr,a1,a1-schauen-study,important,1,2,1
fr,a1,a1-schon-study,tip,1,2,1
fr,a1,a1-schon-study,important,1,2,1
fr,a1,a1-sie-study,tip,1,2,1
fr,a1,a1-sie-study,important,1,4,1
fr,a1,a1-sie-study-2,tip,1,2,1
fr,a1,a1-sie-study-2,important,1,4,1
fr,a1,a1-fernsehen-study,tip,1,2,1
fr,a1,a1-fernsehen-study,important,1,4,1
fr,a1,a1-appetit,tip,1,2,1
fr,a1,a1-appetit,important,1,4,1
fr,a1,a1-essen,tip,1,2,1
fr,a1,a1-essen,important,1,4,1
fr,a1,a1-uhr,tip,1,2,1
fr,a1,a1-uhr,important,1,2,1
fr,a1,a1-zeit,tip,1,2,1
fr,a1,a1-zeit,important,1,2,1
fr,a1,a1-noch-mal,tip,1,2,1
fr,a1,a1-noch-mal,important,1,2,1
gr,a1,a1-sprechen-study,tip,1,2,1
gr,a1,a1-sprechen-study,important,1,2,1
gr,a1,a1-klein-study,tip,1,2,1
gr,a1,a1-klein-study,important,1,2,1
gr,a1,a1-auch-study,tip,1,2,1
gr,a1,a1-auch-study,important,1,3,1
gr,a1,a1-bis,important,1,3,1
gr,a1,a1-bringen,comparison,4,5,4
gr,a1,a1-bringen,important,2,3,2
gr,a1,a1-ein,examples,3,4,3
gr,a1,a1-ein,important,2,4,2
gr,a1,a1-erst,important,2,3,2
gr,a1,a1-es,important,2,3,2
gr,a1,a1-etwas,important,2,3,2
gr,a1,a1-gross-study,tip,1,2,1
gr,a1,a1-gross-study,important,1,2,1
gr,a1,a1-haben,important,2,3,2
gr,a1,a1-hoeren-study,important,1,2,1
gr,a1,a1-kennen-study,tip,1,2,1
gr,a1,a1-kennen-study,important,1,3,1
gr,a1,a1-wissen-study,tip,1,2,1
gr,a1,a1-wissen-study,important,1,3,1
gr,a1,a1-laut,tip,1,2,1
gr,a1,a1-laut,important,1,4,1
gr,a1,a1-laut-study,tip,1,2,1
gr,a1,a1-laut-study,important,1,4,1
gr,a1,a1-leise-study,tip,1,2,1
gr,a1,a1-leise-study,important,1,3,1
gr,a1,a1-morgen,tip,1,2,1
gr,a1,a1-morgen,important,1,4,1
gr,a1,a1-morgen-study,tip,1,2,1
gr,a1,a1-morgen-study,important,1,4,1
gr,a1,a1-reis,examples,2,4,2
gr,a1,a1-sagen-study,tip,1,2,1
gr,a1,a1-sagen-study,important,1,2,1
gr,a1,a1-schauen-study,tip,1,2,1
gr,a1,a1-schauen-study,important,1,2,1
gr,a1,a1-schon-study,tip,1,2,1
gr,a1,a1-schon-study,important,1,2,1
gr,a1,a1-sie-study,tip,1,2,1
gr,a1,a1-sie-study,important,1,4,1
gr,a1,a1-sie-study-2,tip,1,2,1
gr,a1,a1-sie-study-2,important,1,4,1
gr,a1,a1-fernsehen-study,tip,1,2,1
gr,a1,a1-fernsehen-study,important,1,4,1
gr,a1,a1-appetit,tip,1,2,1
gr,a1,a1-appetit,important,1,4,1
gr,a1,a1-essen,tip,1,2,1
gr,a1,a1-essen,important,1,4,1
gr,a1,a1-essen-study,important,1,4,1
gr,a1,a1-gemuese,tip,1,2,1
gr,a1,a1-gemuese,important,1,3,1
gr,a1,a1-obst,tip,1,2,1
gr,a1,a1-obst,important,1,2,1
gr,a1,a1-ferien,tip,1,2,1
gr,a1,a1-ferien,important,1,4,1
gr,a1,a1-urlaub,tip,1,2,1
gr,a1,a1-urlaub,important,1,4,1
gr,a1,a1-uhr,tip,1,2,1
gr,a1,a1-uhr,important,1,2,1
gr,a1,a1-zeit,tip,1,2,1
gr,a1,a1-zeit,important,1,2,1
gr,a1,a1-einmal,important,1,2,1
gr,a1,a1-noch-mal,tip,1,2,1
gr,a1,a1-noch-mal,important,1,2,1
hr,a1,a1-sprechen-study,tip,1,2,1
hr,a1,a1-sprechen-study,important,1,2,1
hr,a1,a1-klein-study,tip,1,2,1
hr,a1,a1-klein-study,important,1,2,1
hr,a1,a1-auch-study,tip,1,2,1
hr,a1,a1-auch-study,important,1,3,1
hr,a1,a1-bis,important,1,3,1
hr,a1,a1-bringen,comparison,4,5,4
hr,a1,a1-bringen,important,2,3,2
hr,a1,a1-ein,examples,3,4,3
hr,a1,a1-ein,important,2,4,2
hr,a1,a1-erst,important,2,3,2
hr,a1,a1-es,important,2,3,2
hr,a1,a1-etwas,important,2,3,2
hr,a1,a1-gross-study,tip,1,2,1
hr,a1,a1-gross-study,important,1,2,1
hr,a1,a1-haben,important,2,3,2
hr,a1,a1-hoeren-study,important,1,2,1
hr,a1,a1-kennen-study,tip,1,2,1
hr,a1,a1-kennen-study,important,1,3,1
hr,a1,a1-wissen-study,tip,1,2,1
hr,a1,a1-wissen-study,important,1,3,1
hr,a1,a1-laut,tip,1,2,1
hr,a1,a1-laut,important,1,4,1
hr,a1,a1-laut-study,tip,1,2,1
hr,a1,a1-laut-study,important,1,4,1
hr,a1,a1-leise-study,tip,1,2,1
hr,a1,a1-leise-study,important,1,3,1
hr,a1,a1-morgen,tip,1,2,1
hr,a1,a1-morgen,important,1,4,1
hr,a1,a1-morgen-study,tip,1,2,1
hr,a1,a1-morgen-study,important,1,4,1
hr,a1,a1-noch-study,tip,1,2,1
hr,a1,a1-noch-study,important,1,2,1
hr,a1,a1-nur-study,important,1,2,1
hr,a1,a1-reis,examples,2,4,2
hr,a1,a1-sagen-study,tip,1,2,1
hr,a1,a1-sagen-study,important,1,2,1
hr,a1,a1-schauen-study,tip,1,2,1
hr,a1,a1-schauen-study,important,1,2,1
hr,a1,a1-schon-study,tip,1,2,1
hr,a1,a1-schon-study,important,1,2,1
hr,a1,a1-sie-study,tip,1,2,1
hr,a1,a1-sie-study,important,1,4,1
hr,a1,a1-sie-study-2,tip,1,2,1
hr,a1,a1-sie-study-2,important,1,4,1
hr,a1,a1-fernsehen-study,tip,1,2,1
hr,a1,a1-fernsehen-study,important,1,4,1
hr,a1,a1-appetit,tip,1,2,1
hr,a1,a1-appetit,important,1,4,1
hr,a1,a1-essen,tip,1,2,1
hr,a1,a1-essen,important,1,4,1
hr,a1,a1-essen-study,important,1,4,1
hr,a1,a1-gemuese,tip,1,2,1
hr,a1,a1-gemuese,important,1,3,1
hr,a1,a1-obst,tip,1,2,1
hr,a1,a1-obst,important,1,2,1
hr,a1,a1-ferien,tip,1,2,1
hr,a1,a1-ferien,important,1,4,1
hr,a1,a1-urlaub,tip,1,2,1
hr,a1,a1-urlaub,important,1,4,1
hr,a1,a1-uhr,tip,1,2,1
hr,a1,a1-uhr,important,1,2,1
hr,a1,a1-zeit,tip,1,2,1
hr,a1,a1-zeit,important,1,2,1
hr,a1,a1-einmal,important,1,2,1
hr,a1,a1-noch-mal,tip,1,2,1
hr,a1,a1-noch-mal,important,1,2,1
hu,a1,a1-sprechen-study,tip,1,2,1
hu,a1,a1-sprechen-study,important,1,2,1
hu,a1,a1-auch-study,tip,1,2,1
hu,a1,a1-auch-study,important,1,3,1
hu,a1,a1-bis,important,1,3,1
hu,a1,a1-bringen,comparison,4,5,4
hu,a1,a1-bringen,important,2,3,2
hu,a1,a1-ein,examples,3,4,3
hu,a1,a1-ein,important,2,4,2
hu,a1,a1-erst,important,2,3,2
hu,a1,a1-es,important,2,3,2
hu,a1,a1-etwas,important,2,3,2
hu,a1,a1-gross-study,tip,1,2,1
hu,a1,a1-gross-study,important,1,2,1
hu,a1,a1-haben,important,2,3,2
hu,a1,a1-hoeren-study,important,1,2,1
hu,a1,a1-kennen-study,tip,1,2,1
hu,a1,a1-kennen-study,important,1,3,1
hu,a1,a1-wissen-study,tip,1,2,1
hu,a1,a1-wissen-study,important,1,3,1
hu,a1,a1-laut,tip,1,2,1
hu,a1,a1-laut,important,1,4,1
hu,a1,a1-laut-study,tip,1,2,1
hu,a1,a1-laut-study,important,1,4,1
hu,a1,a1-leise-study,tip,1,2,1
hu,a1,a1-leise-study,important,1,3,1
hu,a1,a1-morgen,tip,1,2,1
hu,a1,a1-morgen,important,1,4,1
hu,a1,a1-morgen-study,tip,1,2,1
hu,a1,a1-morgen-study,important,1,4,1
hu,a1,a1-noch-study,tip,1,2,1
hu,a1,a1-noch-study,important,1,2,1
hu,a1,a1-nur-study,important,1,2,1
hu,a1,a1-reis,examples,2,4,2
hu,a1,a1-sagen-study,tip,1,2,1
hu,a1,a1-sagen-study,important,1,2,1
hu,a1,a1-schauen-study,tip,1,2,1
hu,a1,a1-schauen-study,important,1,2,1
hu,a1,a1-schon-study,tip,1,2,1
hu,a1,a1-schon-study,important,1,2,1
hu,a1,a1-sie-study,tip,1,2,1
hu,a1,a1-sie-study,important,1,4,1
hu,a1,a1-sie-study-2,tip,1,2,1
hu,a1,a1-sie-study-2,important,1,4,1
hu,a1,a1-fernsehen-study,tip,1,2,1
hu,a1,a1-fernsehen-study,important,1,4,1
hu,a1,a1-appetit,tip,1,2,1
hu,a1,a1-appetit,important,1,4,1
hu,a1,a1-essen,tip,1,2,1
hu,a1,a1-essen,important,1,4,1
hu,a1,a1-gemuese,tip,1,2,1
hu,a1,a1-gemuese,important,1,3,1
hu,a1,a1-obst,tip,1,2,1
hu,a1,a1-obst,important,1,2,1
hu,a1,a1-ferien,tip,1,2,1
hu,a1,a1-ferien,important,1,4,1
hu,a1,a1-urlaub,tip,1,2,1
hu,a1,a1-urlaub,important,1,4,1
hu,a1,a1-uhr,tip,1,2,1
hu,a1,a1-uhr,important,1,2,1
hu,a1,a1-zeit,tip,1,2,1
hu,a1,a1-zeit,important,1,2,1
hu,a1,a1-einmal,important,1,2,1
hu,a1,a1-noch-mal,tip,1,2,1
hu,a1,a1-noch-mal,important,1,2,1
is,a1,a1-sprechen-study,tip,1,2,1
is,a1,a1-sprechen-study,important,1,2,1
is,a1,a1-klein-study,tip,1,2,1
is,a1,a1-klein-study,important,1,2,1
is,a1,a1-auch-study,tip,1,2,1
is,a1,a1-auch-study,important,1,3,1
is,a1,a1-bis,important,1,3,1
is,a1,a1-bringen,comparison,4,5,4
is,a1,a1-bringen,important,2,3,2
is,a1,a1-ein,examples,3,4,3
is,a1,a1-ein,important,2,4,2
is,a1,a1-erst,important,2,3,2
is,a1,a1-es,important,2,3,2
is,a1,a1-etwas,important,2,3,2
is,a1,a1-gross-study,tip,1,2,1
is,a1,a1-gross-study,important,1,2,1
is,a1,a1-haben,important,2,3,2
is,a1,a1-hoeren-study,important,1,2,1
is,a1,a1-kennen-study,tip,1,2,1
is,a1,a1-kennen-study,important,1,3,1
is,a1,a1-wissen-study,tip,1,2,1
is,a1,a1-wissen-study,important,1,3,1
is,a1,a1-laut,tip,1,2,1
is,a1,a1-laut,important,1,4,1
is,a1,a1-laut-study,tip,1,2,1
is,a1,a1-laut-study,important,1,4,1
is,a1,a1-leise-study,tip,1,2,1
is,a1,a1-leise-study,important,1,3,1
is,a1,a1-morgen,tip,1,2,1
is,a1,a1-morgen,important,1,4,1
is,a1,a1-morgen-study,tip,1,2,1
is,a1,a1-morgen-study,important,1,4,1
is,a1,a1-noch-study,tip,1,2,1
is,a1,a1-noch-study,important,1,2,1
is,a1,a1-nur-study,important,1,2,1
is,a1,a1-reis,examples,2,4,2
is,a1,a1-sagen-study,tip,1,2,1
is,a1,a1-sagen-study,important,1,2,1
is,a1,a1-schauen-study,tip,1,2,1
is,a1,a1-schauen-study,important,1,2,1
is,a1,a1-schon-study,tip,1,2,1
is,a1,a1-schon-study,important,1,2,1
is,a1,a1-sie-study,tip,1,2,1
is,a1,a1-sie-study,important,1,4,1
is,a1,a1-sie-study-2,tip,1,2,1
is,a1,a1-sie-study-2,important,1,4,1
is,a1,a1-fernsehen-study,tip,1,2,1
is,a1,a1-fernsehen-study,important,1,4,1
is,a1,a1-appetit,tip,1,2,1
is,a1,a1-appetit,important,1,4,1
is,a1,a1-essen,tip,1,2,1
is,a1,a1-essen,important,1,4,1
is,a1,a1-uhr,tip,1,2,1
is,a1,a1-uhr,important,1,2,1
is,a1,a1-zeit,tip,1,2,1
is,a1,a1-zeit,important,1,2,1
is,a1,a1-einmal,important,1,2,1
is,a1,a1-noch-mal,tip,1,2,1
is,a1,a1-noch-mal,important,1,2,1
it,a1,a1-sprechen-study,tip,1,2,1
it,a1,a1-sprechen-study,important,1,2,1
it,a1,a1-klein-study,tip,1,2,1
it,a1,a1-klein-study,important,1,2,1
it,a1,a1-auch-study,tip,1,2,1
it,a1,a1-auch-study,important,1,3,1
it,a1,a1-bis,important,1,3,1
it,a1,a1-bringen,comparison,4,5,4
it,a1,a1-bringen,important,2,3,2
it,a1,a1-ein,examples,3,4,3
it,a1,a1-ein,important,2,4,2
it,a1,a1-erst,important,2,3,2
it,a1,a1-es,important,2,3,2
it,a1,a1-etwas,important,2,3,2
it,a1,a1-gross-study,tip,1,2,1
it,a1,a1-gross-study,important,1,2,1
it,a1,a1-haben,important,2,3,2
it,a1,a1-hoeren-study,important,1,2,1
it,a1,a1-kennen-study,tip,1,2,1
it,a1,a1-kennen-study,important,1,3,1
it,a1,a1-wissen-study,tip,1,2,1
it,a1,a1-wissen-study,important,1,3,1
it,a1,a1-laut,tip,1,2,1
it,a1,a1-laut,important,1,4,1
it,a1,a1-laut-study,tip,1,2,1
it,a1,a1-laut-study,important,1,4,1
it,a1,a1-leise-study,tip,1,2,1
it,a1,a1-leise-study,important,1,3,1
it,a1,a1-morgen,tip,1,2,1
it,a1,a1-morgen,important,1,4,1
it,a1,a1-morgen-study,tip,1,2,1
it,a1,a1-morgen-study,important,1,4,1
it,a1,a1-noch-study,tip,1,2,1
it,a1,a1-noch-study,important,1,2,1
it,a1,a1-nur-study,important,1,2,1
it,a1,a1-reis,examples,2,4,2
it,a1,a1-sagen-study,tip,1,2,1
it,a1,a1-sagen-study,important,1,2,1
it,a1,a1-schauen-study,tip,1,2,1
it,a1,a1-schauen-study,important,1,2,1
it,a1,a1-schon-study,tip,1,2,1
it,a1,a1-schon-study,important,1,2,1
it,a1,a1-sie-study,tip,1,2,1
it,a1,a1-sie-study,important,1,4,1
it,a1,a1-sie-study-2,tip,1,2,1
it,a1,a1-sie-study-2,important,1,4,1
it,a1,a1-fernsehen-study,tip,1,2,1
it,a1,a1-fernsehen-study,important,1,4,1
it,a1,a1-appetit,tip,1,2,1
it,a1,a1-appetit,important,1,4,1
it,a1,a1-essen,tip,1,2,1
it,a1,a1-essen,important,1,4,1
it,a1,a1-essen-study,important,1,4,1
it,a1,a1-gemuese,tip,1,2,1
it,a1,a1-gemuese,important,1,3,1
it,a1,a1-obst,tip,1,2,1
it,a1,a1-obst,important,1,2,1
it,a1,a1-ferien,tip,1,2,1
it,a1,a1-ferien,important,1,4,1
it,a1,a1-urlaub,tip,1,2,1
it,a1,a1-urlaub,important,1,4,1
it,a1,a1-uhr,tip,1,2,1
it,a1,a1-uhr,important,1,2,1
it,a1,a1-zeit,tip,1,2,1
it,a1,a1-zeit,important,1,2,1
it,a1,a1-einmal,important,1,2,1
it,a1,a1-noch-mal,tip,1,2,1
it,a1,a1-noch-mal,important,1,2,1
lb,a1,a1-sprechen-study,tip,1,2,1
lb,a1,a1-sprechen-study,important,1,2,1
lb,a1,a1-klein-study,tip,1,2,1
lb,a1,a1-klein-study,important,1,2,1
lb,a1,a1-auch-study,tip,1,2,1
lb,a1,a1-auch-study,important,1,3,1
lb,a1,a1-bis,important,1,3,1
lb,a1,a1-bringen,comparison,4,5,4
lb,a1,a1-bringen,important,2,3,2
lb,a1,a1-ein,examples,3,4,3
lb,a1,a1-ein,important,2,4,2
lb,a1,a1-erst,important,2,3,2
lb,a1,a1-es,important,2,3,2
lb,a1,a1-gross-study,tip,1,2,1
lb,a1,a1-gross-study,important,1,2,1
lb,a1,a1-haben,important,2,3,2
lb,a1,a1-hoeren-study,important,1,2,1
lb,a1,a1-kennen-study,tip,1,2,1
lb,a1,a1-kennen-study,important,1,3,1
lb,a1,a1-wissen-study,tip,1,2,1
lb,a1,a1-wissen-study,important,1,3,1
lb,a1,a1-laut,tip,1,2,1
lb,a1,a1-laut,important,1,4,1
lb,a1,a1-laut-study,tip,1,2,1
lb,a1,a1-laut-study,important,1,4,1
lb,a1,a1-leise-study,tip,1,2,1
lb,a1,a1-leise-study,important,1,3,1
lb,a1,a1-noch-study,tip,1,2,1
lb,a1,a1-noch-study,important,1,2,1
lb,a1,a1-nur-study,important,1,2,1
lb,a1,a1-reis,examples,2,4,2
lb,a1,a1-sagen-study,tip,1,2,1
lb,a1,a1-sagen-study,important,1,2,1
lb,a1,a1-schauen-study,tip,1,2,1
lb,a1,a1-schauen-study,important,1,2,1
lb,a1,a1-schon-study,tip,1,2,1
lb,a1,a1-schon-study,important,1,2,1
lb,a1,a1-sie-study,tip,1,2,1
lb,a1,a1-sie-study,important,1,4,1
lb,a1,a1-sie-study-2,tip,1,2,1
lb,a1,a1-sie-study-2,important,1,4,1
lb,a1,a1-appetit,tip,1,2,1
lb,a1,a1-appetit,important,1,4,1
lb,a1,a1-essen,tip,1,2,1
lb,a1,a1-essen,important,1,4,1
lb,a1,a1-essen-study,important,1,4,1
lb,a1,a1-gemuese,tip,1,2,1
lb,a1,a1-gemuese,important,1,3,1
lb,a1,a1-obst,tip,1,2,1
lb,a1,a1-obst,important,1,2,1
lb,a1,a1-ferien,tip,1,2,1
lb,a1,a1-ferien,important,1,4,1
lb,a1,a1-urlaub,tip,1,2,1
lb,a1,a1-urlaub,important,1,4,1
lb,a1,a1-uhr,tip,1,2,1
lb,a1,a1-uhr,important,1,2,1
lb,a1,a1-zeit,tip,1,2,1
lb,a1,a1-zeit,important,1,2,1
lb,a1,a1-einmal,important,1,2,1
lb,a1,a1-noch-mal,tip,1,2,1
lb,a1,a1-noch-mal,important,1,2,1
lt,a1,a1-sprechen-study,tip,1,2,1
lt,a1,a1-sprechen-study,important,1,2,1
lt,a1,a1-klein-study,tip,1,2,1
lt,a1,a1-klein-study,important,1,2,1
lt,a1,a1-auch-study,tip,1,2,1
lt,a1,a1-auch-study,important,1,3,1
lt,a1,a1-bis,important,1,3,1
lt,a1,a1-bringen,comparison,4,5,4
lt,a1,a1-bringen,important,2,3,2
lt,a1,a1-ein,examples,3,4,3
lt,a1,a1-ein,important,2,4,2
lt,a1,a1-erst,important,2,3,2
lt,a1,a1-es,important,2,3,2
lt,a1,a1-etwas,important,2,3,2
lt,a1,a1-gross-study,tip,1,2,1
lt,a1,a1-gross-study,important,1,2,1
lt,a1,a1-haben,important,2,3,2
lt,a1,a1-hoeren-study,important,1,2,1
lt,a1,a1-kennen-study,tip,1,2,1
lt,a1,a1-kennen-study,important,1,3,1
lt,a1,a1-wissen-study,tip,1,2,1
lt,a1,a1-wissen-study,important,1,3,1
lt,a1,a1-laut,tip,1,2,1
lt,a1,a1-laut,important,1,4,1
lt,a1,a1-laut-study,tip,1,2,1
lt,a1,a1-laut-study,important,1,4,1
lt,a1,a1-leise-study,tip,1,2,1
lt,a1,a1-leise-study,important,1,3,1
lt,a1,a1-morgen,tip,1,2,1
lt,a1,a1-morgen,important,1,4,1
lt,a1,a1-morgen-study,tip,1,2,1
lt,a1,a1-morgen-study,important,1,4,1
lt,a1,a1-noch-study,tip,1,2,1
lt,a1,a1-noch-study,important,1,2,1
lt,a1,a1-nur-study,important,1,2,1
lt,a1,a1-reis,examples,2,4,2
lt,a1,a1-sagen-study,tip,1,2,1
lt,a1,a1-sagen-study,important,1,2,1
lt,a1,a1-schauen-study,tip,1,2,1
lt,a1,a1-schauen-study,important,1,2,1
lt,a1,a1-schon-study,tip,1,2,1
lt,a1,a1-schon-study,important,1,2,1
lt,a1,a1-sie-study,tip,1,2,1
lt,a1,a1-sie-study,important,1,4,1
lt,a1,a1-sie-study-2,tip,1,2,1
lt,a1,a1-sie-study-2,important,1,4,1
lt,a1,a1-fernsehen-study,tip,1,2,1
lt,a1,a1-fernsehen-study,important,1,4,1
lt,a1,a1-appetit,tip,1,2,1
lt,a1,a1-appetit,important,1,4,1
lt,a1,a1-essen,tip,1,2,1
lt,a1,a1-essen,important,1,4,1
lt,a1,a1-essen-study,important,1,4,1
lt,a1,a1-gemuese,tip,1,2,1
lt,a1,a1-gemuese,important,1,3,1
lt,a1,a1-obst,tip,1,2,1
lt,a1,a1-obst,important,1,2,1
lt,a1,a1-ferien,tip,1,2,1
lt,a1,a1-ferien,important,1,4,1
lt,a1,a1-urlaub,tip,1,2,1
lt,a1,a1-urlaub,important,1,4,1
lt,a1,a1-uhr,tip,1,2,1
lt,a1,a1-uhr,important,1,2,1
lt,a1,a1-zeit,tip,1,2,1
lt,a1,a1-zeit,important,1,2,1
lt,a1,a1-einmal,important,1,2,1
lt,a1,a1-noch-mal,tip,1,2,1
lt,a1,a1-noch-mal,important,1,2,1
mk,a1,a1-sprechen-study,tip,1,2,1
mk,a1,a1-sprechen-study,important,1,2,1
mk,a1,a1-klein-study,tip,1,2,1
mk,a1,a1-klein-study,important,1,2,1
mk,a1,a1-auch-study,tip,1,2,1
mk,a1,a1-auch-study,important,1,3,1
mk,a1,a1-bis,important,1,3,1
mk,a1,a1-bringen,comparison,4,5,4
mk,a1,a1-bringen,important,2,3,2
mk,a1,a1-ein,examples,3,4,3
mk,a1,a1-ein,important,2,4,2
mk,a1,a1-erst,important,2,3,2
mk,a1,a1-es,important,2,3,2
mk,a1,a1-etwas,important,2,3,2
mk,a1,a1-gross-study,tip,1,2,1
mk,a1,a1-gross-study,important,1,2,1
mk,a1,a1-haben,important,2,3,2
mk,a1,a1-hoeren-study,important,1,2,1
mk,a1,a1-kennen-study,tip,1,2,1
mk,a1,a1-kennen-study,important,1,3,1
mk,a1,a1-wissen-study,tip,1,2,1
mk,a1,a1-wissen-study,important,1,3,1
mk,a1,a1-laut,tip,1,2,1
mk,a1,a1-laut,important,1,4,1
mk,a1,a1-laut-study,tip,1,2,1
mk,a1,a1-laut-study,important,1,4,1
mk,a1,a1-leise-study,tip,1,2,1
mk,a1,a1-leise-study,important,1,3,1
mk,a1,a1-morgen,tip,1,2,1
mk,a1,a1-morgen,important,1,4,1
mk,a1,a1-morgen-study,tip,1,2,1
mk,a1,a1-morgen-study,important,1,4,1
mk,a1,a1-noch-study,tip,1,2,1
mk,a1,a1-noch-study,important,1,2,1
mk,a1,a1-nur-study,important,1,2,1
mk,a1,a1-reis,examples,2,4,2
mk,a1,a1-sagen-study,tip,1,2,1
mk,a1,a1-sagen-study,important,1,2,1
mk,a1,a1-schauen-study,tip,1,2,1
mk,a1,a1-schauen-study,important,1,2,1
mk,a1,a1-schon-study,tip,1,2,1
mk,a1,a1-schon-study,important,1,2,1
mk,a1,a1-sie-study,tip,1,2,1
mk,a1,a1-sie-study,important,1,4,1
mk,a1,a1-sie-study-2,tip,1,2,1
mk,a1,a1-sie-study-2,important,1,4,1
mk,a1,a1-fernsehen-study,tip,1,2,1
mk,a1,a1-fernsehen-study,important,1,4,1
mk,a1,a1-appetit,tip,1,2,1
mk,a1,a1-appetit,important,1,4,1
mk,a1,a1-essen,tip,1,2,1
mk,a1,a1-essen,important,1,4,1
mk,a1,a1-essen-study,important,1,4,1
mk,a1,a1-gemuese,tip,1,2,1
mk,a1,a1-gemuese,important,1,3,1
mk,a1,a1-obst,tip,1,2,1
mk,a1,a1-obst,important,1,2,1
mk,a1,a1-ferien,tip,1,2,1
mk,a1,a1-ferien,important,1,4,1
mk,a1,a1-urlaub,tip,1,2,1
mk,a1,a1-urlaub,important,1,4,1
mk,a1,a1-uhr,tip,1,2,1
mk,a1,a1-uhr,important,1,2,1
mk,a1,a1-zeit,tip,1,2,1
mk,a1,a1-zeit,important,1,2,1
mk,a1,a1-einmal,important,1,2,1
mk,a1,a1-noch-mal,tip,1,2,1
mk,a1,a1-noch-mal,important,1,2,1
nb,a1,a1-sprechen-study,tip,1,2,1
nb,a1,a1-sprechen-study,important,1,2,1
nb,a1,a1-klein-study,tip,1,2,1
nb,a1,a1-klein-study,important,1,2,1
nb,a1,a1-auch-study,tip,1,2,1
nb,a1,a1-auch-study,important,1,3,1
nb,a1,a1-bis,important,1,3,1
nb,a1,a1-bringen,comparison,4,5,4
nb,a1,a1-bringen,important,2,3,2
nb,a1,a1-ein,examples,3,4,3
nb,a1,a1-ein,important,2,4,2
nb,a1,a1-erst,important,2,3,2
nb,a1,a1-es,important,2,3,2
nb,a1,a1-etwas,important,2,3,2
nb,a1,a1-gross-study,tip,1,2,1
nb,a1,a1-gross-study,important,1,2,1
nb,a1,a1-haben,important,2,3,2
nb,a1,a1-hoeren-study,important,1,2,1
nb,a1,a1-kennen-study,tip,1,2,1
nb,a1,a1-kennen-study,important,1,3,1
nb,a1,a1-wissen-study,tip,1,2,1
nb,a1,a1-wissen-study,important,1,3,1
nb,a1,a1-laut,tip,1,2,1
nb,a1,a1-laut,important,1,4,1
nb,a1,a1-laut-study,tip,1,2,1
nb,a1,a1-laut-study,important,1,4,1
nb,a1,a1-leise-study,tip,1,2,1
nb,a1,a1-leise-study,important,1,3,1
nb,a1,a1-morgen,tip,1,2,1
nb,a1,a1-morgen,important,1,4,1
nb,a1,a1-morgen-study,tip,1,2,1
nb,a1,a1-morgen-study,important,1,4,1
nb,a1,a1-noch-study,tip,1,2,1
nb,a1,a1-noch-study,important,1,2,1
nb,a1,a1-nur-study,important,1,2,1
nb,a1,a1-reis,examples,2,4,2
nb,a1,a1-sagen-study,tip,1,2,1
nb,a1,a1-sagen-study,important,1,2,1
nb,a1,a1-schauen-study,tip,1,2,1
nb,a1,a1-schauen-study,important,1,2,1
nb,a1,a1-schon-study,tip,1,2,1
nb,a1,a1-schon-study,important,1,2,1
nb,a1,a1-sie-study,tip,1,2,1
nb,a1,a1-sie-study,important,1,4,1
nb,a1,a1-sie-study-2,tip,1,2,1
nb,a1,a1-sie-study-2,important,1,4,1
nb,a1,a1-fernsehen-study,tip,1,2,1
nb,a1,a1-fernsehen-study,important,1,4,1
nb,a1,a1-appetit,tip,1,2,1
nb,a1,a1-appetit,important,1,4,1
nb,a1,a1-essen,tip,1,2,1
nb,a1,a1-essen,important,1,4,1
nb,a1,a1-essen-study,important,1,4,1
nb,a1,a1-gemuese,tip,1,2,1
nb,a1,a1-gemuese,important,1,3,1
nb,a1,a1-obst,tip,1,2,1
nb,a1,a1-obst,important,1,2,1
nb,a1,a1-ferien,tip,1,2,1
nb,a1,a1-ferien,important,1,4,1
nb,a1,a1-urlaub,tip,1,2,1
nb,a1,a1-urlaub,important,1,4,1
nb,a1,a1-uhr,tip,1,2,1
nb,a1,a1-uhr,important,1,2,1
nb,a1,a1-zeit,tip,1,2,1
nb,a1,a1-zeit,important,1,2,1
nb,a1,a1-einmal,important,1,2,1
nb,a1,a1-noch-mal,tip,1,2,1
nb,a1,a1-noch-mal,important,1,2,1
nl,a1,a1-sprechen-study,tip,1,2,1
nl,a1,a1-sprechen-study,important,1,2,1
nl,a1,a1-klein-study,tip,1,2,1
nl,a1,a1-klein-study,important,1,2,1
nl,a1,a1-auch-study,tip,1,2,1
nl,a1,a1-auch-study,important,1,3,1
nl,a1,a1-bis,important,1,3,1
nl,a1,a1-bringen,comparison,4,5,4
nl,a1,a1-bringen,important,2,3,2
nl,a1,a1-ein,examples,3,4,3
nl,a1,a1-ein,important,2,4,2
nl,a1,a1-erst,important,2,3,2
nl,a1,a1-es,important,2,3,2
nl,a1,a1-etwas,important,2,3,2
nl,a1,a1-gross-study,tip,1,2,1
nl,a1,a1-gross-study,important,1,2,1
nl,a1,a1-haben,important,2,3,2
nl,a1,a1-hoeren-study,important,1,2,1
nl,a1,a1-kennen-study,tip,1,2,1
nl,a1,a1-kennen-study,important,1,3,1
nl,a1,a1-wissen-study,tip,1,2,1
nl,a1,a1-wissen-study,important,1,3,1
nl,a1,a1-laut,tip,1,2,1
nl,a1,a1-laut,important,1,4,1
nl,a1,a1-laut-study,tip,1,2,1
nl,a1,a1-laut-study,important,1,4,1
nl,a1,a1-leise-study,tip,1,2,1
nl,a1,a1-leise-study,important,1,3,1
nl,a1,a1-morgen,tip,1,2,1
nl,a1,a1-morgen,important,1,4,1
nl,a1,a1-morgen-study,tip,1,2,1
nl,a1,a1-morgen-study,important,1,4,1
nl,a1,a1-noch-study,tip,1,2,1
nl,a1,a1-noch-study,important,1,2,1
nl,a1,a1-nur-study,important,1,2,1
nl,a1,a1-reis,examples,2,4,2
nl,a1,a1-sagen-study,tip,1,2,1
nl,a1,a1-sagen-study,important,1,2,1
nl,a1,a1-schauen-study,tip,1,2,1
nl,a1,a1-schauen-study,important,1,2,1
nl,a1,a1-schon-study,tip,1,2,1
nl,a1,a1-schon-study,important,1,2,1
nl,a1,a1-sie-study,tip,1,2,1
nl,a1,a1-sie-study,important,1,4,1
nl,a1,a1-sie-study-2,tip,1,2,1
nl,a1,a1-sie-study-2,important,1,4,1
nl,a1,a1-fernsehen-study,tip,1,2,1
nl,a1,a1-fernsehen-study,important,1,4,1
nl,a1,a1-appetit,tip,1,2,1
nl,a1,a1-appetit,important,1,4,1
nl,a1,a1-essen,tip,1,2,1
nl,a1,a1-essen,important,1,4,1
nl,a1,a1-essen-study,important,1,4,1
nl,a1,a1-gemuese,tip,1,2,1
nl,a1,a1-gemuese,important,1,3,1
nl,a1,a1-obst,tip,1,2,1
nl,a1,a1-obst,important,1,2,1
nl,a1,a1-ferien,tip,1,2,1
nl,a1,a1-ferien,important,1,4,1
nl,a1,a1-urlaub,tip,1,2,1
nl,a1,a1-urlaub,important,1,4,1
nl,a1,a1-uhr,tip,1,2,1
nl,a1,a1-uhr,important,1,2,1
nl,a1,a1-zeit,tip,1,2,1
nl,a1,a1-zeit,important,1,2,1
nl,a1,a1-einmal,important,1,2,1
nl,a1,a1-noch-mal,tip,1,2,1
nl,a1,a1-noch-mal,important,1,2,1
nn,a1,a1-sprechen-study,tip,1,2,1
nn,a1,a1-sprechen-study,important,1,2,1
nn,a1,a1-klein-study,tip,1,2,1
nn,a1,a1-klein-study,important,1,2,1
nn,a1,a1-auch-study,tip,1,2,1
nn,a1,a1-auch-study,important,1,3,1
nn,a1,a1-bis,important,1,3,1
nn,a1,a1-bringen,comparison,4,5,4
nn,a1,a1-bringen,important,2,3,2
nn,a1,a1-ein,examples,3,4,3
nn,a1,a1-ein,important,2,4,2
nn,a1,a1-erst,important,2,3,2
nn,a1,a1-es,important,2,3,2
nn,a1,a1-etwas,important,2,3,2
nn,a1,a1-gross-study,tip,1,2,1
nn,a1,a1-gross-study,important,1,2,1
nn,a1,a1-haben,important,2,3,2
nn,a1,a1-hoeren-study,important,1,2,1
nn,a1,a1-kennen-study,tip,1,2,1
nn,a1,a1-kennen-study,important,1,3,1
nn,a1,a1-wissen-study,tip,1,2,1
nn,a1,a1-wissen-study,important,1,3,1
nn,a1,a1-laut,tip,1,2,1
nn,a1,a1-laut,important,1,4,1
nn,a1,a1-laut-study,tip,1,2,1
nn,a1,a1-laut-study,important,1,4,1
nn,a1,a1-leise-study,tip,1,2,1
nn,a1,a1-leise-study,important,1,3,1
nn,a1,a1-morgen,tip,1,2,1
nn,a1,a1-morgen,important,1,4,1
nn,a1,a1-morgen-study,tip,1,2,1
nn,a1,a1-morgen-study,important,1,4,1
nn,a1,a1-noch-study,tip,1,2,1
nn,a1,a1-noch-study,important,1,2,1
nn,a1,a1-nur-study,important,1,2,1
nn,a1,a1-reis,examples,2,4,2
nn,a1,a1-sagen-study,tip,1,2,1
nn,a1,a1-sagen-study,important,1,2,1
nn,a1,a1-schauen-study,tip,1,2,1
nn,a1,a1-schauen-study,important,1,2,1
nn,a1,a1-schon-study,tip,1,2,1
nn,a1,a1-schon-study,important,1,2,1
nn,a1,a1-sie-study,tip,1,2,1
nn,a1,a1-sie-study,important,1,4,1
nn,a1,a1-sie-study-2,tip,1,2,1
nn,a1,a1-sie-study-2,important,1,4,1
nn,a1,a1-fernsehen-study,tip,1,2,1
nn,a1,a1-fernsehen-study,important,1,4,1
nn,a1,a1-appetit,tip,1,2,1
nn,a1,a1-appetit,important,1,4,1
nn,a1,a1-essen,tip,1,2,1
nn,a1,a1-essen,important,1,4,1
nn,a1,a1-essen-study,important,1,4,1
nn,a1,a1-gemuese,tip,1,2,1
nn,a1,a1-gemuese,important,1,3,1
nn,a1,a1-obst,tip,1,2,1
nn,a1,a1-obst,important,1,2,1
nn,a1,a1-ferien,tip,1,2,1
nn,a1,a1-ferien,important,1,4,1
nn,a1,a1-urlaub,tip,1,2,1
nn,a1,a1-urlaub,important,1,4,1
nn,a1,a1-uhr,tip,1,2,1
nn,a1,a1-uhr,important,1,2,1
nn,a1,a1-zeit,tip,1,2,1
nn,a1,a1-zeit,important,1,2,1
nn,a1,a1-einmal,important,1,2,1
nn,a1,a1-noch-mal,tip,1,2,1
nn,a1,a1-noch-mal,important,1,2,1
pl,a1,a1-sprechen-study,tip,1,2,1
pl,a1,a1-sprechen-study,important,1,2,1
pl,a1,a1-klein-study,tip,1,2,1
pl,a1,a1-klein-study,important,1,2,1
pl,a1,a1-auch-study,tip,1,2,1
pl,a1,a1-auch-study,important,1,3,1
pl,a1,a1-bis,important,1,3,1
pl,a1,a1-bringen,comparison,4,5,4
pl,a1,a1-bringen,important,2,3,2
pl,a1,a1-ein,examples,3,4,3
pl,a1,a1-ein,important,2,4,2
pl,a1,a1-erst,important,2,3,2
pl,a1,a1-es,important,2,3,2
pl,a1,a1-etwas,important,2,3,2
pl,a1,a1-gross-study,tip,1,2,1
pl,a1,a1-gross-study,important,1,2,1
pl,a1,a1-haben,important,2,3,2
pl,a1,a1-hoeren-study,important,1,2,1
pl,a1,a1-kennen-study,tip,1,2,1
pl,a1,a1-kennen-study,important,1,3,1
pl,a1,a1-wissen-study,tip,1,2,1
pl,a1,a1-wissen-study,important,1,3,1
pl,a1,a1-laut,tip,1,2,1
pl,a1,a1-laut,important,1,4,1
pl,a1,a1-laut-study,tip,1,2,1
pl,a1,a1-laut-study,important,1,4,1
pl,a1,a1-leise-study,tip,1,2,1
pl,a1,a1-leise-study,important,1,3,1
pl,a1,a1-morgen,tip,1,2,1
pl,a1,a1-morgen,important,1,4,1
pl,a1,a1-morgen-study,tip,1,2,1
pl,a1,a1-morgen-study,important,1,4,1
pl,a1,a1-noch-study,tip,1,2,1
pl,a1,a1-noch-study,important,1,2,1
pl,a1,a1-nur-study,important,1,2,1
pl,a1,a1-reis,examples,2,4,2
pl,a1,a1-sagen-study,tip,1,2,1
pl,a1,a1-sagen-study,important,1,2,1
pl,a1,a1-schauen-study,tip,1,2,1
pl,a1,a1-schauen-study,important,1,2,1
pl,a1,a1-schon-study,tip,1,2,1
pl,a1,a1-schon-study,important,1,2,1
pl,a1,a1-sie-study,tip,1,2,1
pl,a1,a1-sie-study,important,1,4,1
pl,a1,a1-sie-study-2,tip,1,2,1
pl,a1,a1-sie-study-2,important,1,4,1
pl,a1,a1-fernsehen-study,tip,1,2,1
pl,a1,a1-fernsehen-study,important,1,4,1
pl,a1,a1-appetit,tip,1,2,1
pl,a1,a1-appetit,important,1,4,1
pl,a1,a1-essen,tip,1,2,1
pl,a1,a1-essen,important,1,4,1
pl,a1,a1-essen-study,important,1,4,1
pl,a1,a1-gemuese,tip,1,2,1
pl,a1,a1-gemuese,important,1,3,1
pl,a1,a1-obst,tip,1,2,1
pl,a1,a1-obst,important,1,2,1
pl,a1,a1-ferien,tip,1,2,1
pl,a1,a1-ferien,important,1,4,1
pl,a1,a1-urlaub,tip,1,2,1
pl,a1,a1-urlaub,important,1,4,1
pl,a1,a1-uhr,tip,1,2,1
pl,a1,a1-uhr,important,1,2,1
pl,a1,a1-zeit,tip,1,2,1
pl,a1,a1-zeit,important,1,2,1
pl,a1,a1-einmal,important,1,2,1
pl,a1,a1-noch-mal,tip,1,2,1
pl,a1,a1-noch-mal,important,1,2,1
pt,a1,a1-sprechen-study,tip,1,2,1
pt,a1,a1-sprechen-study,important,1,2,1
pt,a1,a1-klein-study,tip,1,2,1
pt,a1,a1-klein-study,important,1,2,1
pt,a1,a1-auch-study,tip,1,2,1
pt,a1,a1-auch-study,important,1,3,1
pt,a1,a1-bis,important,1,3,1
pt,a1,a1-bringen,comparison,4,5,4
pt,a1,a1-bringen,important,2,3,2
pt,a1,a1-ein,examples,3,4,3
pt,a1,a1-ein,important,2,4,2
pt,a1,a1-es,important,2,3,2
pt,a1,a1-kennen-study,tip,1,2,1
pt,a1,a1-kennen-study,important,1,3,1
pt,a1,a1-wissen-study,tip,1,2,1
pt,a1,a1-wissen-study,important,1,3,1
pt,a1,a1-laut,tip,1,2,1
pt,a1,a1-laut,important,1,4,1
pt,a1,a1-laut-study,tip,1,2,1
pt,a1,a1-laut-study,important,1,4,1
pt,a1,a1-leise-study,tip,1,2,1
pt,a1,a1-leise-study,important,1,3,1
pt,a1,a1-morgen,tip,1,2,1
pt,a1,a1-morgen,important,1,4,1
pt,a1,a1-morgen-study,tip,1,2,1
pt,a1,a1-morgen-study,important,1,4,1
pt,a1,a1-noch-study,tip,1,2,1
pt,a1,a1-noch-study,important,1,2,1
pt,a1,a1-nur-study,important,1,2,1
pt,a1,a1-reis,examples,2,4,2
pt,a1,a1-sagen-study,tip,1,2,1
pt,a1,a1-sagen-study,important,1,2,1
pt,a1,a1-schauen-study,tip,1,2,1
pt,a1,a1-schauen-study,important,1,2,1
pt,a1,a1-schon-study,tip,1,2,1
pt,a1,a1-schon-study,important,1,2,1
pt,a1,a1-sie-study,tip,1,2,1
pt,a1,a1-sie-study,important,1,4,1
pt,a1,a1-sie-study-2,tip,1,2,1
pt,a1,a1-sie-study-2,important,1,4,1
pt,a1,a1-fernsehen-study,tip,1,2,1
pt,a1,a1-fernsehen-study,important,1,4,1
pt,a1,a1-appetit,tip,1,2,1
pt,a1,a1-appetit,important,1,4,1
pt,a1,a1-essen,tip,1,2,1
pt,a1,a1-essen,important,1,4,1
pt,a1,a1-essen-study,important,1,4,1
pt,a1,a1-gemuese,tip,1,2,1
pt,a1,a1-gemuese,important,1,3,1
pt,a1,a1-obst,tip,1,2,1
pt,a1,a1-obst,important,1,2,1
pt,a1,a1-ferien,tip,1,2,1
pt,a1,a1-ferien,important,1,4,1
pt,a1,a1-urlaub,tip,1,2,1
pt,a1,a1-urlaub,important,1,4,1
pt,a1,a1-uhr,tip,1,2,1
pt,a1,a1-uhr,important,1,2,1
pt,a1,a1-zeit,tip,1,2,1
pt,a1,a1-zeit,important,1,2,1
pt,a1,a1-einmal,important,1,2,1
pt,a1,a1-noch-mal,tip,1,2,1
pt,a1,a1-noch-mal,important,1,2,1
ro,a1,a1-sprechen-study,tip,1,2,1
ro,a1,a1-sprechen-study,important,1,2,1
ro,a1,a1-klein-study,tip,1,2,1
ro,a1,a1-klein-study,important,1,2,1
ro,a1,a1-auch-study,tip,1,2,1
ro,a1,a1-auch-study,important,1,3,1
ro,a1,a1-bis,important,1,3,1
ro,a1,a1-bringen,comparison,4,5,4
ro,a1,a1-bringen,important,2,3,2
ro,a1,a1-ein,examples,3,4,3
ro,a1,a1-ein,important,2,4,2
ro,a1,a1-erst,important,2,3,2
ro,a1,a1-es,important,2,3,2
ro,a1,a1-etwas,important,2,3,2
ro,a1,a1-gross-study,tip,1,2,1
ro,a1,a1-gross-study,important,1,2,1
ro,a1,a1-haben,important,2,3,2
ro,a1,a1-hoeren-study,important,1,2,1
ro,a1,a1-kennen-study,tip,1,2,1
ro,a1,a1-kennen-study,important,1,3,1
ro,a1,a1-wissen-study,tip,1,2,1
ro,a1,a1-wissen-study,important,1,3,1
ro,a1,a1-laut,tip,1,2,1
ro,a1,a1-laut,important,1,4,1
ro,a1,a1-laut-study,tip,1,2,1
ro,a1,a1-laut-study,important,1,4,1
ro,a1,a1-leise-study,tip,1,2,1
ro,a1,a1-leise-study,important,1,3,1
ro,a1,a1-morgen,tip,1,2,1
ro,a1,a1-morgen,important,1,4,1
ro,a1,a1-morgen-study,tip,1,2,1
ro,a1,a1-morgen-study,important,1,4,1
ro,a1,a1-noch-study,tip,1,2,1
ro,a1,a1-noch-study,important,1,2,1
ro,a1,a1-nur-study,important,1,2,1
ro,a1,a1-reis,examples,2,4,2
ro,a1,a1-sagen-study,tip,1,2,1
ro,a1,a1-sagen-study,important,1,2,1
ro,a1,a1-schauen-study,tip,1,2,1
ro,a1,a1-schauen-study,important,1,2,1
ro,a1,a1-schon-study,tip,1,2,1
ro,a1,a1-schon-study,important,1,2,1
ro,a1,a1-sie-study,tip,1,2,1
ro,a1,a1-sie-study,important,1,4,1
ro,a1,a1-sie-study-2,tip,1,2,1
ro,a1,a1-sie-study-2,important,1,4,1
ro,a1,a1-fernsehen-study,tip,1,2,1
ro,a1,a1-fernsehen-study,important,1,4,1
ro,a1,a1-appetit,tip,1,2,1
ro,a1,a1-appetit,important,1,4,1
ro,a1,a1-essen,tip,1,2,1
ro,a1,a1-essen,important,1,4,1
ro,a1,a1-essen-study,important,1,4,1
ro,a1,a1-gemuese,tip,1,2,1
ro,a1,a1-gemuese,important,1,3,1
ro,a1,a1-obst,tip,1,2,1
ro,a1,a1-obst,important,1,2,1
ro,a1,a1-ferien,tip,1,2,1
ro,a1,a1-ferien,important,1,4,1
ro,a1,a1-urlaub,tip,1,2,1
ro,a1,a1-urlaub,important,1,4,1
ro,a1,a1-uhr,tip,1,2,1
ro,a1,a1-uhr,important,1,2,1
ro,a1,a1-zeit,tip,1,2,1
ro,a1,a1-zeit,important,1,2,1
ro,a1,a1-einmal,important,1,2,1
ro,a1,a1-noch-mal,tip,1,2,1
ro,a1,a1-noch-mal,important,1,2,1
ru,a1,a1-sprechen-study,tip,1,2,1
ru,a1,a1-sprechen-study,important,1,2,1
ru,a1,a1-klein-study,tip,1,2,1
ru,a1,a1-klein-study,important,1,2,1
ru,a1,a1-auch-study,tip,1,2,1
ru,a1,a1-auch-study,important,1,3,1
ru,a1,a1-bis,important,1,3,1
ru,a1,a1-bringen,comparison,4,5,4
ru,a1,a1-bringen,important,2,3,2
ru,a1,a1-ein,examples,3,4,3
ru,a1,a1-ein,important,2,4,2
ru,a1,a1-erst,important,2,3,2
ru,a1,a1-es,important,2,3,2
ru,a1,a1-etwas,important,2,3,2
ru,a1,a1-gross-study,tip,1,2,1
ru,a1,a1-gross-study,important,1,2,1
ru,a1,a1-haben,important,2,3,2
ru,a1,a1-hoeren-study,important,1,2,1
ru,a1,a1-kennen-study,tip,1,2,1
ru,a1,a1-kennen-study,important,1,3,1
ru,a1,a1-wissen-study,tip,1,2,1
ru,a1,a1-wissen-study,important,1,3,1
ru,a1,a1-laut,tip,1,2,1
ru,a1,a1-laut,important,1,4,1
ru,a1,a1-laut-study,tip,1,2,1
ru,a1,a1-laut-study,important,1,4,1
ru,a1,a1-leise-study,tip,1,2,1
ru,a1,a1-leise-study,important,1,3,1
ru,a1,a1-morgen,tip,1,2,1
ru,a1,a1-morgen,important,1,4,1
ru,a1,a1-morgen-study,tip,1,2,1
ru,a1,a1-morgen-study,important,1,4,1
ru,a1,a1-noch-study,tip,1,2,1
ru,a1,a1-noch-study,important,1,2,1
ru,a1,a1-nur-study,important,1,2,1
ru,a1,a1-reis,examples,2,4,2
ru,a1,a1-sagen-study,tip,1,2,1
ru,a1,a1-sagen-study,important,1,2,1
ru,a1,a1-schauen-study,tip,1,2,1
ru,a1,a1-schauen-study,important,1,2,1
ru,a1,a1-schon-study,tip,1,2,1
ru,a1,a1-schon-study,important,1,2,1
ru,a1,a1-sie-study,tip,1,2,1
ru,a1,a1-sie-study,important,1,4,1
ru,a1,a1-sie-study-2,tip,1,2,1
ru,a1,a1-sie-study-2,important,1,4,1
ru,a1,a1-fernsehen-study,tip,1,2,1
ru,a1,a1-fernsehen-study,important,1,4,1
ru,a1,a1-appetit,tip,1,2,1
ru,a1,a1-appetit,important,1,4,1
ru,a1,a1-essen,tip,1,2,1
ru,a1,a1-essen,important,1,4,1
ru,a1,a1-essen-study,important,1,4,1
ru,a1,a1-gemuese,tip,1,2,1
ru,a1,a1-gemuese,important,1,3,1
ru,a1,a1-obst,tip,1,2,1
ru,a1,a1-obst,important,1,2,1
ru,a1,a1-ferien,tip,1,2,1
ru,a1,a1-ferien,important,1,4,1
ru,a1,a1-urlaub,tip,1,2,1
ru,a1,a1-urlaub,important,1,4,1
ru,a1,a1-uhr,tip,1,2,1
ru,a1,a1-uhr,important,1,2,1
ru,a1,a1-zeit,tip,1,2,1
ru,a1,a1-zeit,important,1,2,1
ru,a1,a1-einmal,important,1,2,1
ru,a1,a1-noch-mal,tip,1,2,1
ru,a1,a1-noch-mal,important,1,2,1
sk,a1,a1-sprechen-study,tip,1,2,1
sk,a1,a1-sprechen-study,important,1,2,1
sk,a1,a1-klein-study,tip,1,2,1
sk,a1,a1-klein-study,important,1,2,1
sk,a1,a1-auch-study,tip,1,2,1
sk,a1,a1-auch-study,important,1,3,1
sk,a1,a1-bis,important,1,3,1
sk,a1,a1-bringen,comparison,4,5,4
sk,a1,a1-bringen,important,2,3,2
sk,a1,a1-ein,examples,3,4,3
sk,a1,a1-ein,important,2,4,2
sk,a1,a1-es,important,2,3,2
sk,a1,a1-etwas,important,2,3,2
sk,a1,a1-gross-study,tip,1,2,1
sk,a1,a1-gross-study,important,1,2,1
sk,a1,a1-haben,important,2,3,2
sk,a1,a1-hoeren-study,important,1,2,1
sk,a1,a1-kennen-study,tip,1,2,1
sk,a1,a1-kennen-study,important,1,3,1
sk,a1,a1-wissen-study,tip,1,2,1
sk,a1,a1-wissen-study,important,1,3,1
sk,a1,a1-laut,tip,1,2,1
sk,a1,a1-laut,important,1,4,1
sk,a1,a1-laut-study,tip,1,2,1
sk,a1,a1-laut-study,important,1,4,1
sk,a1,a1-morgen,tip,1,2,1
sk,a1,a1-morgen,important,1,4,1
sk,a1,a1-morgen-study,tip,1,2,1
sk,a1,a1-morgen-study,important,1,4,1
sk,a1,a1-noch-study,tip,1,2,1
sk,a1,a1-noch-study,important,1,2,1
sk,a1,a1-nur-study,important,1,2,1
sk,a1,a1-reis,examples,2,4,2
sk,a1,a1-sagen-study,tip,1,2,1
sk,a1,a1-sagen-study,important,1,2,1
sk,a1,a1-schauen-study,tip,1,2,1
sk,a1,a1-schauen-study,important,1,2,1
sk,a1,a1-schon-study,tip,1,2,1
sk,a1,a1-schon-study,important,1,2,1
sk,a1,a1-sie-study,tip,1,2,1
sk,a1,a1-sie-study,important,1,4,1
sk,a1,a1-sie-study-2,tip,1,2,1
sk,a1,a1-sie-study-2,important,1,4,1
sk,a1,a1-fernsehen-study,tip,1,2,1
sk,a1,a1-fernsehen-study,important,1,4,1
sk,a1,a1-essen,tip,1,2,1
sk,a1,a1-essen,important,1,4,1
sk,a1,a1-essen-study,important,1,4,1
sk,a1,a1-gemuese,tip,1,2,1
sk,a1,a1-gemuese,important,1,3,1
sk,a1,a1-obst,tip,1,2,1
sk,a1,a1-obst,important,1,2,1
sk,a1,a1-ferien,tip,1,2,1
sk,a1,a1-ferien,important,1,4,1
sk,a1,a1-urlaub,tip,1,2,1
sk,a1,a1-urlaub,important,1,4,1
sk,a1,a1-uhr,tip,1,2,1
sk,a1,a1-uhr,important,1,2,1
sk,a1,a1-zeit,tip,1,2,1
sk,a1,a1-zeit,important,1,2,1
sk,a1,a1-einmal,important,1,2,1
sk,a1,a1-noch-mal,tip,1,2,1
sk,a1,a1-noch-mal,important,1,2,1
sl,a1,a1-bis,important,1,3,1
sl,a1,a1-bringen,comparison,4,5,4
sl,a1,a1-bringen,important,2,3,2
sl,a1,a1-es,important,2,3,2
sl,a1,a1-etwas,important,2,3,2
sl,a1,a1-gross-study,tip,1,2,1
sl,a1,a1-gross-study,important,1,2,1
sl,a1,a1-haben,important,2,3,2
sl,a1,a1-hoeren-study,important,1,2,1
sl,a1,a1-kennen-study,tip,1,2,1
sl,a1,a1-kennen-study,important,1,3,1
sl,a1,a1-wissen-study,tip,1,2,1
sl,a1,a1-wissen-study,important,1,3,1
sl,a1,a1-laut,tip,1,2,1
sl,a1,a1-laut,important,1,4,1
sl,a1,a1-laut-study,tip,1,2,1
sl,a1,a1-laut-study,important,1,4,1
sl,a1,a1-leise-study,tip,1,2,1
sl,a1,a1-leise-study,important,1,3,1
sl,a1,a1-morgen,tip,1,2,1
sl,a1,a1-morgen,important,1,4,1
sl,a1,a1-morgen-study,tip,1,2,1
sl,a1,a1-morgen-study,important,1,4,1
sl,a1,a1-noch-study,tip,1,2,1
sl,a1,a1-noch-study,important,1,2,1
sl,a1,a1-nur-study,important,1,2,1
sl,a1,a1-reis,examples,2,4,2
sl,a1,a1-sagen-study,tip,1,2,1
sl,a1,a1-sagen-study,important,1,2,1
sl,a1,a1-schauen-study,tip,1,2,1
sl,a1,a1-schauen-study,important,1,2,1
sl,a1,a1-schon-study,tip,1,2,1
sl,a1,a1-schon-study,important,1,2,1
sl,a1,a1-sie-study,tip,1,2,1
sl,a1,a1-sie-study,important,1,4,1
sl,a1,a1-sie-study-2,tip,1,2,1
sl,a1,a1-sie-study-2,important,1,4,1
sl,a1,a1-fernsehen-study,tip,1,2,1
sl,a1,a1-fernsehen-study,important,1,4,1
sl,a1,a1-appetit,tip,1,2,1
sl,a1,a1-appetit,important,1,4,1
sl,a1,a1-essen,tip,1,2,1
sl,a1,a1-essen,important,1,4,1
sl,a1,a1-essen-study,important,1,4,1
sl,a1,a1-gemuese,tip,1,2,1
sl,a1,a1-gemuese,important,1,3,1
sl,a1,a1-obst,tip,1,2,1
sl,a1,a1-obst,important,1,2,1
sl,a1,a1-urlaub,tip,1,2,1
sl,a1,a1-urlaub,important,1,4,1
sl,a1,a1-uhr,tip,1,2,1
sl,a1,a1-uhr,important,1,2,1
sl,a1,a1-zeit,tip,1,2,1
sl,a1,a1-zeit,important,1,2,1
sl,a1,a1-einmal,important,1,2,1
sl,a1,a1-noch-mal,tip,1,2,1
sl,a1,a1-noch-mal,important,1,2,1
sq,a1,a1-sprechen-study,tip,1,2,1
sq,a1,a1-sprechen-study,important,1,2,1
sq,a1,a1-klein-study,tip,1,2,1
sq,a1,a1-klein-study,important,1,2,1
sq,a1,a1-auch-study,tip,1,2,1
sq,a1,a1-auch-study,important,1,3,1
sq,a1,a1-bis,important,1,3,1
sq,a1,a1-bringen,comparison,4,5,4
sq,a1,a1-bringen,important,2,3,2
sq,a1,a1-ein,examples,3,4,3
sq,a1,a1-ein,important,2,4,2
sq,a1,a1-erst,important,2,3,2
sq,a1,a1-es,important,2,3,2
sq,a1,a1-etwas,important,2,3,2
sq,a1,a1-gross-study,tip,1,2,1
sq,a1,a1-gross-study,important,1,2,1
sq,a1,a1-haben,important,2,3,2
sq,a1,a1-hoeren-study,important,1,2,1
sq,a1,a1-kennen-study,tip,1,2,1
sq,a1,a1-kennen-study,important,1,3,1
sq,a1,a1-wissen-study,tip,1,2,1
sq,a1,a1-wissen-study,important,1,3,1
sq,a1,a1-laut,tip,1,2,1
sq,a1,a1-laut,important,1,4,1
sq,a1,a1-laut-study,tip,1,2,1
sq,a1,a1-laut-study,important,1,4,1
sq,a1,a1-leise-study,tip,1,2,1
sq,a1,a1-leise-study,important,1,3,1
sq,a1,a1-morgen,tip,1,2,1
sq,a1,a1-morgen,important,1,4,1
sq,a1,a1-morgen-study,tip,1,2,1
sq,a1,a1-morgen-study,important,1,4,1
sq,a1,a1-noch-study,tip,1,2,1
sq,a1,a1-noch-study,important,1,2,1
sq,a1,a1-nur-study,important,1,2,1
sq,a1,a1-reis,examples,2,4,2
sq,a1,a1-sagen-study,tip,1,2,1
sq,a1,a1-sagen-study,important,1,2,1
sq,a1,a1-schauen-study,tip,1,2,1
sq,a1,a1-schauen-study,important,1,2,1
sq,a1,a1-schon-study,tip,1,2,1
sq,a1,a1-schon-study,important,1,2,1
sq,a1,a1-sie-study,tip,1,2,1
sq,a1,a1-sie-study,important,1,4,1
sq,a1,a1-sie-study-2,tip,1,2,1
sq,a1,a1-sie-study-2,important,1,4,1
sq,a1,a1-fernsehen-study,tip,1,2,1
sq,a1,a1-fernsehen-study,important,1,4,1
sq,a1,a1-appetit,tip,1,2,1
sq,a1,a1-appetit,important,1,4,1
sq,a1,a1-essen,tip,1,2,1
sq,a1,a1-essen,important,1,4,1
sq,a1,a1-essen-study,important,1,4,1
sq,a1,a1-gemuese,tip,1,2,1
sq,a1,a1-gemuese,important,1,3,1
sq,a1,a1-obst,tip,1,2,1
sq,a1,a1-obst,important,1,2,1
sq,a1,a1-ferien,tip,1,2,1
sq,a1,a1-ferien,important,1,4,1
sq,a1,a1-urlaub,tip,1,2,1
sq,a1,a1-urlaub,important,1,4,1
sq,a1,a1-uhr,tip,1,2,1
sq,a1,a1-uhr,important,1,2,1
sq,a1,a1-zeit,tip,1,2,1
sq,a1,a1-zeit,important,1,2,1
sq,a1,a1-einmal,important,1,2,1
sq,a1,a1-noch-mal,tip,1,2,1
sq,a1,a1-noch-mal,important,1,2,1
sr,a1,a1-sprechen-study,tip,1,2,1
sr,a1,a1-sprechen-study,important,1,2,1
sr,a1,a1-klein-study,tip,1,2,1
sr,a1,a1-klein-study,important,1,2,1
sr,a1,a1-bis,important,1,3,1
sr,a1,a1-bringen,comparison,4,5,4
sr,a1,a1-bringen,important,2,3,2
sr,a1,a1-ein,examples,3,4,3
sr,a1,a1-ein,important,2,4,2
sr,a1,a1-erst,important,2,3,2
sr,a1,a1-es,important,2,3,2
sr,a1,a1-etwas,important,2,3,2
sr,a1,a1-gross-study,tip,1,2,1
sr,a1,a1-gross-study,important,1,2,1
sr,a1,a1-haben,important,2,3,2
sr,a1,a1-hoeren-study,important,1,2,1
sr,a1,a1-kennen-study,tip,1,2,1
sr,a1,a1-kennen-study,important,1,3,1
sr,a1,a1-wissen-study,tip,1,2,1
sr,a1,a1-wissen-study,important,1,3,1
sr,a1,a1-laut,tip,1,2,1
sr,a1,a1-laut,important,1,4,1
sr,a1,a1-laut-study,tip,1,2,1
sr,a1,a1-laut-study,important,1,4,1
sr,a1,a1-leise-study,tip,1,2,1
sr,a1,a1-leise-study,important,1,3,1
sr,a1,a1-noch-study,tip,1,2,1
sr,a1,a1-noch-study,important,1,2,1
sr,a1,a1-nur-study,important,1,2,1
sr,a1,a1-reis,examples,2,4,2
sr,a1,a1-sagen-study,tip,1,2,1
sr,a1,a1-sagen-study,important,1,2,1
sr,a1,a1-schauen-study,tip,1,2,1
sr,a1,a1-schauen-study,important,1,2,1
sr,a1,a1-schon-study,tip,1,2,1
sr,a1,a1-schon-study,important,1,2,1
sr,a1,a1-fernsehen-study,tip,1,2,1
sr,a1,a1-fernsehen-study,important,1,4,1
sr,a1,a1-appetit,tip,1,2,1
sr,a1,a1-appetit,important,1,4,1
sr,a1,a1-essen,tip,1,2,1
sr,a1,a1-essen,important,1,4,1
sr,a1,a1-essen-study,important,1,4,1
sr,a1,a1-gemuese,tip,1,2,1
sr,a1,a1-gemuese,important,1,3,1
sr,a1,a1-obst,tip,1,2,1
sr,a1,a1-obst,important,1,2,1
sr,a1,a1-ferien,tip,1,2,1
sr,a1,a1-ferien,important,1,4,1
sr,a1,a1-urlaub,tip,1,2,1
sr,a1,a1-urlaub,important,1,4,1
sr,a1,a1-uhr,tip,1,2,1
sr,a1,a1-uhr,important,1,2,1
sr,a1,a1-zeit,tip,1,2,1
sr,a1,a1-zeit,important,1,2,1
sr,a1,a1-einmal,important,1,2,1
sr,a1,a1-noch-mal,tip,1,2,1
sr,a1,a1-noch-mal,important,1,2,1
sv,a1,a1-klein-study,tip,1,2,1
sv,a1,a1-klein-study,important,1,2,1
sv,a1,a1-auch-study,tip,1,2,1
sv,a1,a1-auch-study,important,1,3,1
sv,a1,a1-bis,important,1,3,1
sv,a1,a1-bringen,comparison,4,5,4
sv,a1,a1-bringen,important,2,3,2
sv,a1,a1-ein,examples,3,4,3
sv,a1,a1-ein,important,2,4,2
sv,a1,a1-es,important,2,3,2
sv,a1,a1-etwas,important,2,3,2
sv,a1,a1-gross-study,tip,1,2,1
sv,a1,a1-gross-study,important,1,2,1
sv,a1,a1-haben,important,2,3,2
sv,a1,a1-hoeren-study,important,1,2,1
sv,a1,a1-kennen-study,tip,1,2,1
sv,a1,a1-kennen-study,important,1,3,1
sv,a1,a1-wissen-study,tip,1,2,1
sv,a1,a1-wissen-study,important,1,3,1
sv,a1,a1-leise-study,tip,1,2,1
sv,a1,a1-leise-study,important,1,3,1
sv,a1,a1-morgen,tip,1,2,1
sv,a1,a1-morgen,important,1,4,1
sv,a1,a1-morgen-study,tip,1,2,1
sv,a1,a1-morgen-study,important,1,4,1
sv,a1,a1-noch-study,tip,1,2,1
sv,a1,a1-noch-study,important,1,2,1
sv,a1,a1-nur-study,important,1,2,1
sv,a1,a1-reis,examples,2,4,2
sv,a1,a1-sagen-study,tip,1,2,1
sv,a1,a1-sagen-study,important,1,2,1
sv,a1,a1-schauen-study,tip,1,2,1
sv,a1,a1-schauen-study,important,1,2,1
sv,a1,a1-schon-study,tip,1,2,1
sv,a1,a1-schon-study,important,1,2,1
sv,a1,a1-sie-study,tip,1,2,1
sv,a1,a1-sie-study,important,1,4,1
sv,a1,a1-sie-study-2,tip,1,2,1
sv,a1,a1-sie-study-2,important,1,4,1
sv,a1,a1-appetit,tip,1,2,1
sv,a1,a1-appetit,important,1,4,1
sv,a1,a1-essen,tip,1,2,1
sv,a1,a1-essen,important,1,4,1
sv,a1,a1-essen-study,important,1,4,1
sv,a1,a1-gemuese,tip,1,2,1
sv,a1,a1-gemuese,important,1,3,1
sv,a1,a1-obst,tip,1,2,1
sv,a1,a1-obst,important,1,2,1
sv,a1,a1-ferien,tip,1,2,1
sv,a1,a1-ferien,important,1,4,1
sv,a1,a1-urlaub,tip,1,2,1
sv,a1,a1-urlaub,important,1,4,1
sv,a1,a1-uhr,tip,1,2,1
sv,a1,a1-uhr,important,1,2,1
sv,a1,a1-zeit,tip,1,2,1
sv,a1,a1-zeit,important,1,2,1
sv,a1,a1-einmal,important,1,2,1
sv,a1,a1-noch-mal,tip,1,2,1
sv,a1,a1-noch-mal,important,1,2,1
tr,a1,a1-sprechen-study,tip,1,2,1
tr,a1,a1-sprechen-study,important,1,2,1
tr,a1,a1-klein-study,tip,1,2,1
tr,a1,a1-klein-study,important,1,2,1
tr,a1,a1-auch-study,tip,1,2,1
tr,a1,a1-auch-study,important,1,3,1
tr,a1,a1-bis,important,1,3,1
tr,a1,a1-bringen,comparison,4,5,4
tr,a1,a1-bringen,important,2,3,2
tr,a1,a1-etwas,important,2,3,2
tr,a1,a1-gross-study,tip,1,2,1
tr,a1,a1-gross-study,important,1,2,1
tr,a1,a1-haben,important,2,3,2
tr,a1,a1-hoeren-study,important,1,2,1
tr,a1,a1-kennen-study,tip,1,2,1
tr,a1,a1-kennen-study,important,1,3,1
tr,a1,a1-wissen-study,tip,1,2,1
tr,a1,a1-wissen-study,important,1,3,1
tr,a1,a1-laut,tip,1,2,1
tr,a1,a1-laut,important,1,4,1
tr,a1,a1-laut-study,tip,1,2,1
tr,a1,a1-laut-study,important,1,4,1
tr,a1,a1-leise-study,tip,1,2,1
tr,a1,a1-leise-study,important,1,3,1
tr,a1,a1-morgen,tip,1,2,1
tr,a1,a1-morgen,important,1,4,1
tr,a1,a1-morgen-study,tip,1,2,1
tr,a1,a1-morgen-study,important,1,4,1
tr,a1,a1-noch-study,tip,1,2,1
tr,a1,a1-noch-study,important,1,2,1
tr,a1,a1-nur-study,important,1,2,1
tr,a1,a1-reis,examples,2,4,2
tr,a1,a1-sagen-study,tip,1,2,1
tr,a1,a1-sagen-study,important,1,2,1
tr,a1,a1-schauen-study,tip,1,2,1
tr,a1,a1-schauen-study,important,1,2,1
tr,a1,a1-schon-study,tip,1,2,1
tr,a1,a1-schon-study,important,1,2,1
tr,a1,a1-sie-study,tip,1,2,1
tr,a1,a1-sie-study,important,1,4,1
tr,a1,a1-sie-study-2,tip,1,2,1
tr,a1,a1-sie-study-2,important,1,4,1
tr,a1,a1-essen-study,important,1,4,1
tr,a1,a1-gemuese,tip,1,2,1
tr,a1,a1-gemuese,important,1,3,1
tr,a1,a1-obst,tip,1,2,1
tr,a1,a1-obst,important,1,2,1
tr,a1,a1-ferien,tip,1,2,1
tr,a1,a1-ferien,important,1,4,1
tr,a1,a1-urlaub,tip,1,2,1
tr,a1,a1-urlaub,important,1,4,1
tr,a1,a1-uhr,tip,1,2,1
tr,a1,a1-uhr,important,1,2,1
tr,a1,a1-zeit,tip,1,2,1
tr,a1,a1-zeit,important,1,2,1
tr,a1,a1-einmal,important,1,2,1
tr,a1,a1-noch-mal,tip,1,2,1
tr,a1,a1-noch-mal,important,1,2,1
uk,a1,a1-sprechen-study,tip,1,2,1
uk,a1,a1-sprechen-study,important,1,2,1
uk,a1,a1-klein-study,tip,1,2,1
uk,a1,a1-klein-study,important,1,2,1
uk,a1,a1-auch-study,tip,1,2,1
uk,a1,a1-auch-study,important,1,3,1
uk,a1,a1-bis,important,1,3,1
uk,a1,a1-bringen,comparison,4,5,4
uk,a1,a1-bringen,important,2,3,2
uk,a1,a1-ein,examples,3,4,3
uk,a1,a1-ein,important,2,4,2
uk,a1,a1-erst,important,2,3,2
uk,a1,a1-es,important,2,3,2
uk,a1,a1-etwas,important,2,3,2
uk,a1,a1-gross-study,tip,1,2,1
uk,a1,a1-gross-study,important,1,2,1
uk,a1,a1-haben,important,2,3,2
uk,a1,a1-hoeren-study,important,1,2,1
uk,a1,a1-kennen-study,tip,1,2,1
uk,a1,a1-kennen-study,important,1,3,1
uk,a1,a1-wissen-study,tip,1,2,1
uk,a1,a1-wissen-study,important,1,3,1
uk,a1,a1-laut,tip,1,2,1
uk,a1,a1-laut,important,1,4,1
uk,a1,a1-laut-study,tip,1,2,1
uk,a1,a1-laut-study,important,1,4,1
uk,a1,a1-leise-study,tip,1,2,1
uk,a1,a1-leise-study,important,1,3,1
uk,a1,a1-morgen,tip,1,2,1
uk,a1,a1-morgen,important,1,4,1
uk,a1,a1-morgen-study,tip,1,2,1
uk,a1,a1-morgen-study,important,1,4,1
uk,a1,a1-noch-study,tip,1,2,1
uk,a1,a1-noch-study,important,1,2,1
uk,a1,a1-nur-study,important,1,2,1
uk,a1,a1-reis,examples,2,4,2
uk,a1,a1-sagen-study,tip,1,2,1
uk,a1,a1-sagen-study,important,1,2,1
uk,a1,a1-schauen-study,tip,1,2,1
uk,a1,a1-schauen-study,important,1,2,1
uk,a1,a1-schon-study,tip,1,2,1
uk,a1,a1-schon-study,important,1,2,1
uk,a1,a1-sie-study,tip,1,2,1
uk,a1,a1-sie-study,important,1,4,1
uk,a1,a1-sie-study-2,tip,1,2,1
uk,a1,a1-sie-study-2,important,1,4,1
uk,a1,a1-fernsehen-study,tip,1,2,1
uk,a1,a1-fernsehen-study,important,1,4,1
uk,a1,a1-appetit,tip,1,2,1
uk,a1,a1-appetit,important,1,4,1
uk,a1,a1-essen,tip,1,2,1
uk,a1,a1-essen,important,1,4,1
uk,a1,a1-essen-study,important,1,4,1
uk,a1,a1-gemuese,tip,1,2,1
uk,a1,a1-gemuese,important,1,3,1
uk,a1,a1-obst,tip,1,2,1
uk,a1,a1-obst,important,1,2,1
uk,a1,a1-ferien,tip,1,2,1
uk,a1,a1-ferien,important,1,4,1
uk,a1,a1-urlaub,tip,1,2,1
uk,a1,a1-urlaub,important,1,4,1
uk,a1,a1-uhr,tip,1,2,1
uk,a1,a1-uhr,important,1,2,1
uk,a1,a1-zeit,tip,1,2,1
uk,a1,a1-zeit,important,1,2,1
uk,a1,a1-einmal,important,1,2,1
uk,a1,a1-noch-mal,tip,1,2,1
uk,a1,a1-noch-mal,important,1,2,1
bg,a2,a2-abholen,important,1,4,1
bg,a2,a2-holen,important,1,2,1
bg,a2,a2-bringen,important,1,3,1
bg,a2,a2-bank,comparison,5,6,5
bg,a2,a2-bitte-study,tip,1,2,1
bg,a2,a2-bitte-study,important,1,4,1
bg,a2,a2-indem,tip,2,3,2
bg,a2,a2-kaum,important,3,4,3
bg,a2,a2-kennen,tip,1,2,1
bg,a2,a2-kennen,important,1,3,1
bg,a2,a2-wissen,tip,1,2,1
bg,a2,a2-wissen,important,1,3,1
bg,a2,a2-liegen,important,1,3,1
bg,a2,a2-legen,tip,1,2,1
bg,a2,a2-legen,important,1,3,1
bg,a2,a2-sitzen,tip,1,2,1
bg,a2,a2-sitzen,important,1,3,1
bg,a2,a2-setzen,important,1,3,1
bg,a2,a2-stehen,tip,1,2,1
bg,a2,a2-stehen,important,1,3,1
bg,a2,a2-stellen,tip,1,2,1
bg,a2,a2-stellen,important,1,4,1
bg,a2,a2-urlaub-study,tip,1,2,1
bg,a2,a2-urlaub-study,important,1,4,1
bg,a2,a2-sehen,tip,1,2,1
bg,a2,a2-sehen,important,1,2,1
bg,a2,a2-schauen,tip,1,2,1
bg,a2,a2-schauen,important,1,2,1
bg,a2,a2-ansehen,important,1,3,1
bg,a2,a2-hoeren,important,1,2,1
bg,a2,a2-sagen,tip,1,2,1
bg,a2,a2-sagen,important,1,2,1
bg,a2,a2-sprechen,tip,1,2,1
bg,a2,a2-sprechen,important,1,2,1
bg,a2,a2-gross,tip,1,2,1
bg,a2,a2-gross,important,1,3,1
bg,a2,a2-hoch,tip,1,2,1
bg,a2,a2-hoch,important,1,3,1
bg,a2,a2-klein,tip,1,2,1
bg,a2,a2-klein,important,1,3,1
bg,a2,a2-leise,tip,1,2,1
bg,a2,a2-leise,important,1,3,1
bg,a2,a2-schon,tip,1,2,1
bg,a2,a2-schon,important,1,2,1
bg,a2,a2-noch,tip,1,2,1
bg,a2,a2-noch,important,1,2,1
bg,a2,a2-erst,important,1,2,1
bg,a2,a2-nur,important,1,2,1
bg,a2,a2-ueber,important,1,3,1
bg,a2,a2-drin-drinnen,tip,1,2,1
bg,a2,a2-drin-drinnen,important,1,2,1
bg,a2,a2-gleich,important,1,3,1
bg,a2,a2-auch,tip,1,2,1
bg,a2,a2-auch,important,1,2,1
bs,a2,a2-abholen,important,1,4,1
bs,a2,a2-holen,important,1,2,1
bs,a2,a2-bringen,important,1,3,1
bs,a2,a2-bank,comparison,5,6,5
bs,a2,a2-bitte-study,tip,1,2,1
bs,a2,a2-bitte-study,important,1,4,1
bs,a2,a2-indem,tip,2,3,2
bs,a2,a2-kaum,important,3,4,3
bs,a2,a2-kennen,tip,1,2,1
bs,a2,a2-kennen,important,1,3,1
bs,a2,a2-wissen,tip,1,2,1
bs,a2,a2-wissen,important,1,3,1
bs,a2,a2-liegen,important,1,3,1
bs,a2,a2-legen,tip,1,2,1
bs,a2,a2-legen,important,1,3,1
bs,a2,a2-sitzen,tip,1,2,1
bs,a2,a2-sitzen,important,1,3,1
bs,a2,a2-setzen,important,1,3,1
bs,a2,a2-stehen,tip,1,2,1
bs,a2,a2-stehen,important,1,3,1
bs,a2,a2-stellen,tip,1,2,1
bs,a2,a2-stellen,important,1,4,1
bs,a2,a2-urlaub-study,tip,1,2,1
bs,a2,a2-urlaub-study,important,1,4,1
bs,a2,a2-sehen,tip,1,2,1
bs,a2,a2-sehen,important,1,2,1
bs,a2,a2-schauen,tip,1,2,1
bs,a2,a2-schauen,important,1,2,1
bs,a2,a2-ansehen,important,1,3,1
bs,a2,a2-hoeren,important,1,2,1
bs,a2,a2-sagen,tip,1,2,1
bs,a2,a2-sagen,important,1,2,1
bs,a2,a2-sprechen,tip,1,2,1
bs,a2,a2-sprechen,important,1,2,1
bs,a2,a2-gross,tip,1,2,1
bs,a2,a2-gross,important,1,3,1
bs,a2,a2-hoch,tip,1,2,1
bs,a2,a2-hoch,important,1,3,1
bs,a2,a2-klein,tip,1,2,1
bs,a2,a2-klein,important,1,3,1
bs,a2,a2-leise,tip,1,2,1
bs,a2,a2-leise,important,1,3,1
bs,a2,a2-schon,tip,1,2,1
bs,a2,a2-schon,important,1,2,1
bs,a2,a2-noch,tip,1,2,1
bs,a2,a2-noch,important,1,2,1
bs,a2,a2-erst,important,1,2,1
bs,a2,a2-nur,important,1,2,1
bs,a2,a2-ueber,important,1,3,1
bs,a2,a2-drin-drinnen,tip,1,2,1
bs,a2,a2-drin-drinnen,important,1,2,1
bs,a2,a2-gleich,important,1,3,1
bs,a2,a2-auch,tip,1,2,1
bs,a2,a2-auch,important,1,2,1
cs,a2,a2-abholen,important,1,4,1
cs,a2,a2-holen,important,1,2,1
cs,a2,a2-bringen,important,1,3,1
cs,a2,a2-bank,comparison,5,6,5
cs,a2,a2-bitte-study,important,1,4,1
cs,a2,a2-indem,tip,2,3,2
cs,a2,a2-kaum,important,3,4,3
cs,a2,a2-kennen,tip,1,2,1
cs,a2,a2-kennen,important,1,3,1
cs,a2,a2-wissen,tip,1,2,1
cs,a2,a2-wissen,important,1,3,1
cs,a2,a2-liegen,important,1,3,1
cs,a2,a2-legen,tip,1,2,1
cs,a2,a2-legen,important,1,3,1
cs,a2,a2-sitzen,tip,1,2,1
cs,a2,a2-sitzen,important,1,3,1
cs,a2,a2-setzen,important,1,3,1
cs,a2,a2-stehen,tip,1,2,1
cs,a2,a2-stehen,important,1,3,1
cs,a2,a2-stellen,tip,1,2,1
cs,a2,a2-stellen,important,1,4,1
cs,a2,a2-urlaub-study,tip,1,2,1
cs,a2,a2-urlaub-study,important,1,4,1
cs,a2,a2-sehen,tip,1,2,1
cs,a2,a2-sehen,important,1,2,1
cs,a2,a2-schauen,tip,1,2,1
cs,a2,a2-schauen,important,1,2,1
cs,a2,a2-ansehen,important,1,3,1
cs,a2,a2-hoeren,important,1,2,1
cs,a2,a2-sagen,tip,1,2,1
cs,a2,a2-sagen,important,1,2,1
cs,a2,a2-sprechen,tip,1,2,1
cs,a2,a2-sprechen,important,1,2,1
cs,a2,a2-gross,tip,1,2,1
cs,a2,a2-gross,important,1,3,1
cs,a2,a2-hoch,tip,1,2,1
cs,a2,a2-hoch,important,1,3,1
cs,a2,a2-klein,tip,1,2,1
cs,a2,a2-klein,important,1,3,1
cs,a2,a2-leise,tip,1,2,1
cs,a2,a2-leise,important,1,3,1
cs,a2,a2-schon,tip,1,2,1
cs,a2,a2-schon,important,1,2,1
cs,a2,a2-noch,tip,1,2,1
cs,a2,a2-noch,important,1,2,1
cs,a2,a2-erst,important,1,2,1
cs,a2,a2-nur,important,1,2,1
cs,a2,a2-ueber,important,1,3,1
cs,a2,a2-drin-drinnen,tip,1,2,1
cs,a2,a2-drin-drinnen,important,1,2,1
cs,a2,a2-gleich,important,1,3,1
cs,a2,a2-auch,tip,1,2,1
cs,a2,a2-auch,important,1,2,1
da,a2,a2-abholen,important,1,4,1
da,a2,a2-holen,important,1,2,1
da,a2,a2-bringen,important,1,3,1
da,a2,a2-bank,comparison,5,6,5
da,a2,a2-bitte-study,tip,1,2,1
da,a2,a2-bitte-study,important,1,4,1
da,a2,a2-kennen,tip,1,2,1
da,a2,a2-kennen,important,1,3,1
da,a2,a2-wissen,tip,1,2,1
da,a2,a2-wissen,important,1,3,1
da,a2,a2-liegen,important,1,3,1
da,a2,a2-legen,tip,1,2,1
da,a2,a2-legen,important,1,3,1
da,a2,a2-sitzen,tip,1,2,1
da,a2,a2-sitzen,important,1,3,1
da,a2,a2-setzen,important,1,3,1
da,a2,a2-stehen,tip,1,2,1
da,a2,a2-stehen,important,1,3,1
da,a2,a2-stellen,tip,1,2,1
da,a2,a2-stellen,important,1,4,1
da,a2,a2-urlaub-study,tip,1,2,1
da,a2,a2-urlaub-study,important,1,4,1
da,a2,a2-sehen,tip,1,2,1
da,a2,a2-sehen,important,1,2,1
da,a2,a2-schauen,tip,1,2,1
da,a2,a2-schauen,important,1,2,1
da,a2,a2-ansehen,important,1,3,1
da,a2,a2-hoeren,important,1,2,1
da,a2,a2-sagen,tip,1,2,1
da,a2,a2-sagen,important,1,2,1
da,a2,a2-sprechen,tip,1,2,1
da,a2,a2-sprechen,important,1,2,1
da,a2,a2-gross,tip,1,2,1
da,a2,a2-gross,important,1,3,1
da,a2,a2-hoch,tip,1,2,1
da,a2,a2-hoch,important,1,3,1
da,a2,a2-klein,tip,1,2,1
da,a2,a2-klein,important,1,3,1
da,a2,a2-leise,tip,1,2,1
da,a2,a2-leise,important,1,3,1
da,a2,a2-schon,tip,1,2,1
da,a2,a2-schon,important,1,2,1
da,a2,a2-noch,tip,1,2,1
da,a2,a2-noch,important,1,2,1
da,a2,a2-erst,important,1,2,1
da,a2,a2-nur,important,1,2,1
da,a2,a2-ueber,important,1,3,1
da,a2,a2-drin-drinnen,tip,1,2,1
da,a2,a2-drin-drinnen,important,1,2,1
da,a2,a2-gleich,important,1,3,1
da,a2,a2-auch,tip,1,2,1
da,a2,a2-auch,important,1,2,1
en,a2,a2-abholen,important,1,4,1
en,a2,a2-holen,important,1,2,1
en,a2,a2-bringen,important,1,3,1
en,a2,a2-bank,comparison,5,6,5
en,a2,a2-bitte-study,tip,1,2,1
en,a2,a2-bitte-study,important,1,4,1
en,a2,a2-kennen,tip,1,2,1
en,a2,a2-kennen,important,1,3,1
en,a2,a2-wissen,tip,1,2,1
en,a2,a2-wissen,important,1,3,1
en,a2,a2-liegen,important,1,3,1
en,a2,a2-legen,tip,1,2,1
en,a2,a2-legen,important,1,3,1
en,a2,a2-sitzen,tip,1,2,1
en,a2,a2-sitzen,important,1,3,1
en,a2,a2-setzen,important,1,3,1
en,a2,a2-stehen,tip,1,2,1
en,a2,a2-stehen,important,1,3,1
en,a2,a2-stellen,tip,1,2,1
en,a2,a2-stellen,important,1,4,1
en,a2,a2-urlaub-study,tip,1,2,1
en,a2,a2-urlaub-study,important,1,4,1
en,a2,a2-sehen,tip,1,2,1
en,a2,a2-sehen,important,1,2,1
en,a2,a2-schauen,tip,1,2,1
en,a2,a2-schauen,important,1,2,1
en,a2,a2-ansehen,important,1,3,1
en,a2,a2-hoeren,important,1,2,1
en,a2,a2-sagen,tip,1,2,1
en,a2,a2-sagen,important,1,2,1
en,a2,a2-sprechen,tip,1,2,1
en,a2,a2-sprechen,important,1,2,1
en,a2,a2-gross,tip,1,2,1
en,a2,a2-gross,important,1,3,1
en,a2,a2-hoch,tip,1,2,1
en,a2,a2-hoch,important,1,3,1
en,a2,a2-klein,tip,1,2,1
en,a2,a2-klein,important,1,3,1
en,a2,a2-leise,tip,1,2,1
en,a2,a2-leise,important,1,3,1
en,a2,a2-schon,tip,1,2,1
en,a2,a2-schon,important,1,2,1
en,a2,a2-noch,tip,1,2,1
en,a2,a2-noch,important,1,2,1
en,a2,a2-erst,important,1,2,1
en,a2,a2-nur,important,1,2,1
en,a2,a2-ueber,important,1,3,1
en,a2,a2-drin-drinnen,tip,1,2,1
en,a2,a2-drin-drinnen,important,1,2,1
en,a2,a2-gleich,important,1,3,1
en,a2,a2-auch,tip,1,2,1
en,a2,a2-auch,important,1,2,1
es,a2,a2-abholen,important,1,4,1
es,a2,a2-holen,important,1,2,1
es,a2,a2-bringen,important,1,3,1
es,a2,a2-bank,comparison,5,6,5
es,a2,a2-bitte-study,tip,1,2,1
es,a2,a2-bitte-study,important,1,4,1
es,a2,a2-kennen,tip,1,2,1
es,a2,a2-kennen,important,1,3,1
es,a2,a2-wissen,tip,1,2,1
es,a2,a2-wissen,important,1,3,1
es,a2,a2-liegen,important,1,3,1
es,a2,a2-legen,tip,1,2,1
es,a2,a2-legen,important,1,3,1
es,a2,a2-sitzen,tip,1,2,1
es,a2,a2-sitzen,important,1,3,1
es,a2,a2-setzen,important,1,3,1
es,a2,a2-stehen,tip,1,2,1
es,a2,a2-stehen,important,1,3,1
es,a2,a2-stellen,tip,1,2,1
es,a2,a2-stellen,important,1,4,1
es,a2,a2-urlaub-study,tip,1,2,1
es,a2,a2-urlaub-study,important,1,4,1
es,a2,a2-sehen,tip,1,2,1
es,a2,a2-sehen,important,1,2,1
es,a2,a2-schauen,tip,1,2,1
es,a2,a2-schauen,important,1,2,1
es,a2,a2-ansehen,important,1,3,1
es,a2,a2-hoeren,important,1,2,1
es,a2,a2-sagen,tip,1,2,1
es,a2,a2-sagen,important,1,2,1
es,a2,a2-sprechen,tip,1,2,1
es,a2,a2-sprechen,important,1,2,1
es,a2,a2-gross,tip,1,2,1
es,a2,a2-gross,important,1,3,1
es,a2,a2-hoch,tip,1,2,1
es,a2,a2-hoch,important,1,3,1
es,a2,a2-klein,tip,1,2,1
es,a2,a2-klein,important,1,3,1
es,a2,a2-leise,tip,1,2,1
es,a2,a2-leise,important,1,3,1
es,a2,a2-schon,tip,1,2,1
es,a2,a2-schon,important,1,2,1
es,a2,a2-noch,tip,1,2,1
es,a2,a2-noch,important,1,2,1
es,a2,a2-erst,important,1,2,1
es,a2,a2-nur,important,1,2,1
es,a2,a2-ueber,important,1,3,1
es,a2,a2-drin-drinnen,tip,1,2,1
es,a2,a2-drin-drinnen,important,1,2,1
es,a2,a2-gleich,important,1,3,1
es,a2,a2-auch,tip,1,2,1
es,a2,a2-auch,important,1,2,1
et,a2,a2-abholen,important,1,4,1
et,a2,a2-holen,important,1,2,1
et,a2,a2-bringen,important,1,3,1
et,a2,a2-bank,comparison,5,6,5
et,a2,a2-bitte-study,tip,1,2,1
et,a2,a2-bitte-study,important,1,4,1
et,a2,a2-indem,tip,2,3,2
et,a2,a2-kaum,important,3,4,3
et,a2,a2-kennen,tip,1,2,1
et,a2,a2-kennen,important,1,3,1
et,a2,a2-wissen,tip,1,2,1
et,a2,a2-wissen,important,1,3,1
et,a2,a2-liegen,important,1,3,1
et,a2,a2-legen,tip,1,2,1
et,a2,a2-legen,important,1,3,1
et,a2,a2-sitzen,tip,1,2,1
et,a2,a2-sitzen,important,1,3,1
et,a2,a2-setzen,important,1,3,1
et,a2,a2-stehen,tip,1,2,1
et,a2,a2-stehen,important,1,3,1
et,a2,a2-stellen,tip,1,2,1
et,a2,a2-stellen,important,1,4,1
et,a2,a2-urlaub-study,tip,1,2,1
et,a2,a2-urlaub-study,important,1,4,1
et,a2,a2-sehen,tip,1,2,1
et,a2,a2-sehen,important,1,2,1
et,a2,a2-schauen,tip,1,2,1
et,a2,a2-schauen,important,1,2,1
et,a2,a2-ansehen,important,1,3,1
et,a2,a2-hoeren,important,1,2,1
et,a2,a2-sagen,tip,1,2,1
et,a2,a2-sagen,important,1,2,1
et,a2,a2-sprechen,tip,1,2,1
et,a2,a2-sprechen,important,1,2,1
et,a2,a2-gross,tip,1,2,1
et,a2,a2-gross,important,1,3,1
et,a2,a2-hoch,tip,1,2,1
et,a2,a2-hoch,important,1,3,1
et,a2,a2-klein,tip,1,2,1
et,a2,a2-klein,important,1,3,1
et,a2,a2-leise,tip,1,2,1
et,a2,a2-leise,important,1,3,1
et,a2,a2-schon,tip,1,2,1
et,a2,a2-schon,important,1,2,1
et,a2,a2-noch,tip,1,2,1
et,a2,a2-noch,important,1,2,1
et,a2,a2-erst,important,1,2,1
et,a2,a2-nur,important,1,2,1
et,a2,a2-ueber,important,1,3,1
et,a2,a2-drin-drinnen,tip,1,2,1
et,a2,a2-drin-drinnen,important,1,2,1
et,a2,a2-gleich,important,1,3,1
et,a2,a2-auch,tip,1,2,1
et,a2,a2-auch,important,1,2,1
fi,a2,a2-abholen,important,1,4,1
fi,a2,a2-holen,important,1,2,1
fi,a2,a2-bringen,important,1,3,1
fi,a2,a2-bank,comparison,5,6,5
fi,a2,a2-bitte-study,tip,1,2,1
fi,a2,a2-bitte-study,important,1,4,1
fi,a2,a2-indem,tip,2,3,2
fi,a2,a2-kaum,important,3,4,3
fi,a2,a2-kennen,tip,1,2,1
fi,a2,a2-kennen,important,1,3,1
fi,a2,a2-wissen,tip,1,2,1
fi,a2,a2-wissen,important,1,3,1
fi,a2,a2-liegen,important,1,3,1
fi,a2,a2-legen,tip,1,2,1
fi,a2,a2-legen,important,1,3,1
fi,a2,a2-sitzen,tip,1,2,1
fi,a2,a2-sitzen,important,1,3,1
fi,a2,a2-setzen,important,1,3,1
fi,a2,a2-stehen,tip,1,2,1
fi,a2,a2-stehen,important,1,3,1
fi,a2,a2-stellen,tip,1,2,1
fi,a2,a2-stellen,important,1,4,1
fi,a2,a2-urlaub-study,tip,1,2,1
fi,a2,a2-urlaub-study,important,1,4,1
fi,a2,a2-sehen,tip,1,2,1
fi,a2,a2-sehen,important,1,2,1
fi,a2,a2-schauen,tip,1,2,1
fi,a2,a2-schauen,important,1,2,1
fi,a2,a2-ansehen,important,1,3,1
fi,a2,a2-hoeren,important,1,2,1
fi,a2,a2-sagen,tip,1,2,1
fi,a2,a2-sagen,important,1,2,1
fi,a2,a2-sprechen,tip,1,2,1
fi,a2,a2-sprechen,important,1,2,1
fi,a2,a2-gross,tip,1,2,1
fi,a2,a2-gross,important,1,3,1
fi,a2,a2-hoch,tip,1,2,1
fi,a2,a2-hoch,important,1,3,1
fi,a2,a2-klein,tip,1,2,1
fi,a2,a2-klein,important,1,3,1
fi,a2,a2-leise,tip,1,2,1
fi,a2,a2-leise,important,1,3,1
fi,a2,a2-schon,tip,1,2,1
fi,a2,a2-schon,important,1,2,1
fi,a2,a2-noch,tip,1,2,1
fi,a2,a2-noch,important,1,2,1
fi,a2,a2-erst,important,1,2,1
fi,a2,a2-nur,important,1,2,1
fi,a2,a2-ueber,important,1,3,1
fi,a2,a2-drin-drinnen,tip,1,2,1
fi,a2,a2-drin-drinnen,important,1,2,1
fi,a2,a2-gleich,important,1,3,1
fi,a2,a2-auch,tip,1,2,1
fi,a2,a2-auch,important,1,2,1
fr,a2,a2-abholen,important,1,4,1
fr,a2,a2-holen,important,1,2,1
fr,a2,a2-bringen,important,1,3,1
fr,a2,a2-bank,comparison,5,6,5
fr,a2,a2-bitte-study,tip,1,2,1
fr,a2,a2-bitte-study,important,1,4,1
fr,a2,a2-kennen,tip,1,2,1
fr,a2,a2-kennen,important,1,3,1
fr,a2,a2-wissen,tip,1,2,1
fr,a2,a2-wissen,important,1,3,1
fr,a2,a2-liegen,important,1,3,1
fr,a2,a2-legen,tip,1,2,1
fr,a2,a2-legen,important,1,3,1
fr,a2,a2-sitzen,tip,1,2,1
fr,a2,a2-sitzen,important,1,3,1
fr,a2,a2-setzen,important,1,3,1
fr,a2,a2-stehen,tip,1,2,1
fr,a2,a2-stehen,important,1,3,1
fr,a2,a2-stellen,tip,1,2,1
fr,a2,a2-stellen,important,1,4,1
fr,a2,a2-urlaub-study,tip,1,2,1
fr,a2,a2-urlaub-study,important,1,4,1
fr,a2,a2-sehen,tip,1,2,1
fr,a2,a2-sehen,important,1,2,1
fr,a2,a2-schauen,tip,1,2,1
fr,a2,a2-schauen,important,1,2,1
fr,a2,a2-ansehen,important,1,3,1
fr,a2,a2-hoeren,important,1,2,1
fr,a2,a2-sagen,tip,1,2,1
fr,a2,a2-sagen,important,1,2,1
fr,a2,a2-sprechen,tip,1,2,1
fr,a2,a2-sprechen,important,1,2,1
fr,a2,a2-gross,tip,1,2,1
fr,a2,a2-gross,important,1,3,1
fr,a2,a2-hoch,tip,1,2,1
fr,a2,a2-hoch,important,1,3,1
fr,a2,a2-klein,tip,1,2,1
fr,a2,a2-klein,important,1,3,1
fr,a2,a2-leise,tip,1,2,1
fr,a2,a2-leise,important,1,3,1
fr,a2,a2-schon,tip,1,2,1
fr,a2,a2-schon,important,1,2,1
fr,a2,a2-noch,tip,1,2,1
fr,a2,a2-noch,important,1,2,1
fr,a2,a2-erst,important,1,2,1
fr,a2,a2-nur,important,1,2,1
fr,a2,a2-ueber,important,1,3,1
fr,a2,a2-drin-drinnen,tip,1,2,1
fr,a2,a2-drin-drinnen,important,1,2,1
fr,a2,a2-gleich,important,1,3,1
fr,a2,a2-auch,tip,1,2,1
fr,a2,a2-auch,important,1,2,1
gr,a2,a2-abholen,important,1,4,1
gr,a2,a2-holen,important,1,2,1
gr,a2,a2-bringen,important,1,3,1
gr,a2,a2-bank,comparison,5,6,5
gr,a2,a2-bitte-study,tip,1,2,1
gr,a2,a2-bitte-study,important,1,4,1
gr,a2,a2-indem,tip,2,3,2
gr,a2,a2-kaum,important,3,4,3
gr,a2,a2-kennen,tip,1,2,1
gr,a2,a2-kennen,important,1,3,1
gr,a2,a2-wissen,tip,1,2,1
gr,a2,a2-wissen,important,1,3,1
gr,a2,a2-liegen,important,1,3,1
gr,a2,a2-legen,tip,1,2,1
gr,a2,a2-legen,important,1,3,1
gr,a2,a2-sitzen,tip,1,2,1
gr,a2,a2-sitzen,important,1,3,1
gr,a2,a2-setzen,important,1,3,1
gr,a2,a2-stehen,tip,1,2,1
gr,a2,a2-stehen,important,1,3,1
gr,a2,a2-stellen,tip,1,2,1
gr,a2,a2-stellen,important,1,4,1
gr,a2,a2-urlaub-study,tip,1,2,1
gr,a2,a2-urlaub-study,important,1,4,1
gr,a2,a2-sehen,tip,1,2,1
gr,a2,a2-sehen,important,1,2,1
gr,a2,a2-schauen,tip,1,2,1
gr,a2,a2-schauen,important,1,2,1
gr,a2,a2-ansehen,important,1,3,1
gr,a2,a2-hoeren,important,1,2,1
gr,a2,a2-sagen,tip,1,2,1
gr,a2,a2-sagen,important,1,2,1
gr,a2,a2-sprechen,tip,1,2,1
gr,a2,a2-sprechen,important,1,2,1
gr,a2,a2-gross,tip,1,2,1
gr,a2,a2-gross,important,1,3,1
gr,a2,a2-hoch,tip,1,2,1
gr,a2,a2-hoch,important,1,3,1
gr,a2,a2-klein,tip,1,2,1
gr,a2,a2-klein,important,1,3,1
gr,a2,a2-leise,tip,1,2,1
gr,a2,a2-leise,important,1,3,1
gr,a2,a2-schon,tip,1,2,1
gr,a2,a2-schon,important,1,2,1
gr,a2,a2-noch,tip,1,2,1
gr,a2,a2-noch,important,1,2,1
gr,a2,a2-erst,important,1,2,1
gr,a2,a2-nur,important,1,2,1
gr,a2,a2-ueber,important,1,3,1
gr,a2,a2-drin-drinnen,tip,1,2,1
gr,a2,a2-drin-drinnen,important,1,2,1
gr,a2,a2-gleich,important,1,3,1
gr,a2,a2-auch,tip,1,2,1
gr,a2,a2-auch,important,1,2,1
hr,a2,a2-abholen,important,1,4,1
hr,a2,a2-holen,important,1,2,1
hr,a2,a2-bringen,important,1,3,1
hr,a2,a2-bank,comparison,5,6,5
hr,a2,a2-bitte-study,tip,1,2,1
hr,a2,a2-bitte-study,important,1,4,1
hr,a2,a2-indem,tip,2,3,2
hr,a2,a2-kaum,important,3,4,3
hr,a2,a2-kennen,tip,1,2,1
hr,a2,a2-kennen,important,1,3,1
hr,a2,a2-wissen,tip,1,2,1
hr,a2,a2-wissen,important,1,3,1
hr,a2,a2-liegen,important,1,3,1
hr,a2,a2-legen,tip,1,2,1
hr,a2,a2-legen,important,1,3,1
hr,a2,a2-sitzen,tip,1,2,1
hr,a2,a2-sitzen,important,1,3,1
hr,a2,a2-setzen,important,1,3,1
hr,a2,a2-stehen,tip,1,2,1
hr,a2,a2-stehen,important,1,3,1
hr,a2,a2-stellen,tip,1,2,1
hr,a2,a2-stellen,important,1,4,1
hr,a2,a2-urlaub-study,tip,1,2,1
hr,a2,a2-urlaub-study,important,1,4,1
hr,a2,a2-sehen,tip,1,2,1
hr,a2,a2-sehen,important,1,2,1
hr,a2,a2-schauen,tip,1,2,1
hr,a2,a2-schauen,important,1,2,1
hr,a2,a2-ansehen,important,1,3,1
hr,a2,a2-hoeren,important,1,2,1
hr,a2,a2-sagen,tip,1,2,1
hr,a2,a2-sagen,important,1,2,1
hr,a2,a2-sprechen,tip,1,2,1
hr,a2,a2-sprechen,important,1,2,1
hr,a2,a2-gross,tip,1,2,1
hr,a2,a2-gross,important,1,3,1
hr,a2,a2-hoch,tip,1,2,1
hr,a2,a2-hoch,important,1,3,1
hr,a2,a2-klein,tip,1,2,1
hr,a2,a2-klein,important,1,3,1
hr,a2,a2-leise,tip,1,2,1
hr,a2,a2-leise,important,1,3,1
hr,a2,a2-schon,tip,1,2,1
hr,a2,a2-schon,important,1,2,1
hr,a2,a2-noch,tip,1,2,1
hr,a2,a2-noch,important,1,2,1
hr,a2,a2-erst,important,1,2,1
hr,a2,a2-nur,important,1,2,1
hr,a2,a2-ueber,important,1,3,1
hr,a2,a2-drin-drinnen,tip,1,2,1
hr,a2,a2-drin-drinnen,important,1,2,1
hr,a2,a2-gleich,important,1,3,1
hr,a2,a2-auch,tip,1,2,1
hr,a2,a2-auch,important,1,2,1
hu,a2,a2-abholen,important,1,4,1
hu,a2,a2-holen,important,1,2,1
hu,a2,a2-bringen,important,1,3,1
hu,a2,a2-bank,comparison,5,6,5
hu,a2,a2-bitte-study,tip,1,2,1
hu,a2,a2-bitte-study,important,1,4,1
hu,a2,a2-indem,tip,2,3,2
hu,a2,a2-kaum,important,3,4,3
hu,a2,a2-kennen,tip,1,2,1
hu,a2,a2-kennen,important,1,3,1
hu,a2,a2-wissen,tip,1,2,1
hu,a2,a2-wissen,important,1,3,1
hu,a2,a2-liegen,important,1,3,1
hu,a2,a2-legen,tip,1,2,1
hu,a2,a2-legen,important,1,3,1
hu,a2,a2-sitzen,tip,1,2,1
hu,a2,a2-sitzen,important,1,3,1
hu,a2,a2-setzen,important,1,3,1
hu,a2,a2-stehen,tip,1,2,1
hu,a2,a2-stehen,important,1,3,1
hu,a2,a2-stellen,tip,1,2,1
hu,a2,a2-stellen,important,1,4,1
hu,a2,a2-urlaub-study,tip,1,2,1
hu,a2,a2-urlaub-study,important,1,4,1
hu,a2,a2-sehen,tip,1,2,1
hu,a2,a2-sehen,important,1,2,1
hu,a2,a2-schauen,tip,1,2,1
hu,a2,a2-schauen,important,1,2,1
hu,a2,a2-ansehen,important,1,3,1
hu,a2,a2-hoeren,important,1,2,1
hu,a2,a2-sagen,tip,1,2,1
hu,a2,a2-sagen,important,1,2,1
hu,a2,a2-sprechen,tip,1,2,1
hu,a2,a2-sprechen,important,1,2,1
hu,a2,a2-gross,tip,1,2,1
hu,a2,a2-gross,important,1,3,1
hu,a2,a2-hoch,tip,1,2,1
hu,a2,a2-hoch,important,1,3,1
hu,a2,a2-klein,tip,1,2,1
hu,a2,a2-klein,important,1,3,1
hu,a2,a2-leise,tip,1,2,1
hu,a2,a2-leise,important,1,3,1
hu,a2,a2-schon,tip,1,2,1
hu,a2,a2-schon,important,1,2,1
hu,a2,a2-noch,tip,1,2,1
hu,a2,a2-noch,important,1,2,1
hu,a2,a2-erst,important,1,2,1
hu,a2,a2-nur,important,1,2,1
hu,a2,a2-ueber,important,1,3,1
hu,a2,a2-drin-drinnen,tip,1,2,1
hu,a2,a2-drin-drinnen,important,1,2,1
hu,a2,a2-gleich,important,1,3,1
hu,a2,a2-auch,tip,1,2,1
hu,a2,a2-auch,important,1,2,1
is,a2,a2-abholen,important,1,4,1
is,a2,a2-holen,important,1,2,1
is,a2,a2-bringen,important,1,3,1
is,a2,a2-bank,comparison,5,6,5
is,a2,a2-bitte-study,tip,1,2,1
is,a2,a2-bitte-study,important,1,4,1
is,a2,a2-indem,tip,2,3,2
is,a2,a2-kaum,important,3,4,3
is,a2,a2-kennen,tip,1,2,1
is,a2,a2-kennen,important,1,3,1
is,a2,a2-wissen,tip,1,2,1
is,a2,a2-wissen,important,1,3,1
is,a2,a2-liegen,important,1,3,1
is,a2,a2-legen,tip,1,2,1
is,a2,a2-legen,important,1,3,1
is,a2,a2-sitzen,tip,1,2,1
is,a2,a2-sitzen,important,1,3,1
is,a2,a2-setzen,important,1,3,1
is,a2,a2-stehen,tip,1,2,1
is,a2,a2-stehen,important,1,3,1
is,a2,a2-stellen,tip,1,2,1
is,a2,a2-stellen,important,1,4,1
is,a2,a2-urlaub-study,tip,1,2,1
is,a2,a2-urlaub-study,important,1,4,1
is,a2,a2-sehen,tip,1,2,1
is,a2,a2-sehen,important,1,2,1
is,a2,a2-schauen,tip,1,2,1
is,a2,a2-schauen,important,1,2,1
is,a2,a2-ansehen,important,1,3,1
is,a2,a2-hoeren,important,1,2,1
is,a2,a2-sagen,tip,1,2,1
is,a2,a2-sagen,important,1,2,1
is,a2,a2-sprechen,tip,1,2,1
is,a2,a2-sprechen,important,1,2,1
is,a2,a2-gross,tip,1,2,1
is,a2,a2-gross,important,1,3,1
is,a2,a2-hoch,tip,1,2,1
is,a2,a2-hoch,important,1,3,1
is,a2,a2-klein,tip,1,2,1
is,a2,a2-klein,important,1,3,1
is,a2,a2-leise,tip,1,2,1
is,a2,a2-leise,important,1,3,1
is,a2,a2-schon,tip,1,2,1
is,a2,a2-schon,important,1,2,1
is,a2,a2-noch,tip,1,2,1
is,a2,a2-noch,important,1,2,1
is,a2,a2-erst,important,1,2,1
is,a2,a2-nur,important,1,2,1
is,a2,a2-ueber,important,1,3,1
is,a2,a2-drin-drinnen,tip,1,2,1
is,a2,a2-drin-drinnen,important,1,2,1
is,a2,a2-gleich,important,1,3,1
is,a2,a2-auch,tip,1,2,1
is,a2,a2-auch,important,1,2,1
it,a2,a2-abholen,important,1,4,1
it,a2,a2-holen,important,1,2,1
it,a2,a2-bringen,important,1,3,1
it,a2,a2-bank,comparison,5,6,5
it,a2,a2-bitte-study,tip,1,2,1
it,a2,a2-bitte-study,important,1,4,1
it,a2,a2-indem,tip,2,3,2
it,a2,a2-kaum,important,3,4,3
it,a2,a2-kennen,tip,1,2,1
it,a2,a2-kennen,important,1,3,1
it,a2,a2-wissen,tip,1,2,1
it,a2,a2-wissen,important,1,3,1
it,a2,a2-liegen,important,1,3,1
it,a2,a2-legen,tip,1,2,1
it,a2,a2-legen,important,1,3,1
it,a2,a2-sitzen,tip,1,2,1
it,a2,a2-sitzen,important,1,3,1
it,a2,a2-setzen,important,1,3,1
it,a2,a2-stehen,tip,1,2,1
it,a2,a2-stehen,important,1,3,1
it,a2,a2-stellen,tip,1,2,1
it,a2,a2-stellen,important,1,4,1
it,a2,a2-urlaub-study,tip,1,2,1
it,a2,a2-urlaub-study,important,1,4,1
it,a2,a2-sehen,tip,1,2,1
it,a2,a2-sehen,important,1,2,1
it,a2,a2-schauen,tip,1,2,1
it,a2,a2-schauen,important,1,2,1
it,a2,a2-ansehen,important,1,3,1
it,a2,a2-hoeren,important,1,2,1
it,a2,a2-sagen,tip,1,2,1
it,a2,a2-sagen,important,1,2,1
it,a2,a2-sprechen,tip,1,2,1
it,a2,a2-sprechen,important,1,2,1
it,a2,a2-gross,tip,1,2,1
it,a2,a2-gross,important,1,3,1
it,a2,a2-hoch,tip,1,2,1
it,a2,a2-hoch,important,1,3,1
it,a2,a2-klein,tip,1,2,1
it,a2,a2-klein,important,1,3,1
it,a2,a2-leise,tip,1,2,1
it,a2,a2-leise,important,1,3,1
it,a2,a2-schon,tip,1,2,1
it,a2,a2-schon,important,1,2,1
it,a2,a2-noch,tip,1,2,1
it,a2,a2-noch,important,1,2,1
it,a2,a2-erst,important,1,2,1
it,a2,a2-nur,important,1,2,1
it,a2,a2-ueber,important,1,3,1
it,a2,a2-drin-drinnen,tip,1,2,1
it,a2,a2-drin-drinnen,important,1,2,1
it,a2,a2-gleich,important,1,3,1
it,a2,a2-auch,tip,1,2,1
it,a2,a2-auch,important,1,2,1
lb,a2,a2-abholen,important,1,4,1
lb,a2,a2-holen,important,1,2,1
lb,a2,a2-bringen,important,1,3,1
lb,a2,a2-bank,comparison,5,6,5
lb,a2,a2-bitte-study,tip,1,2,1
lb,a2,a2-bitte-study,important,1,4,1
lb,a2,a2-indem,tip,2,3,2
lb,a2,a2-kaum,important,3,4,3
lb,a2,a2-kennen,tip,1,2,1
lb,a2,a2-kennen,important,1,3,1
lb,a2,a2-wissen,tip,1,2,1
lb,a2,a2-wissen,important,1,3,1
lb,a2,a2-liegen,important,1,3,1
lb,a2,a2-legen,tip,1,2,1
lb,a2,a2-legen,important,1,3,1
lb,a2,a2-sitzen,tip,1,2,1
lb,a2,a2-sitzen,important,1,3,1
lb,a2,a2-setzen,important,1,3,1
lb,a2,a2-stehen,tip,1,2,1
lb,a2,a2-stehen,important,1,3,1
lb,a2,a2-stellen,tip,1,2,1
lb,a2,a2-stellen,important,1,4,1
lb,a2,a2-urlaub-study,tip,1,2,1
lb,a2,a2-urlaub-study,important,1,4,1
lb,a2,a2-sehen,tip,1,2,1
lb,a2,a2-sehen,important,1,2,1
lb,a2,a2-schauen,tip,1,2,1
lb,a2,a2-schauen,important,1,2,1
lb,a2,a2-ansehen,important,1,3,1
lb,a2,a2-hoeren,important,1,2,1
lb,a2,a2-sagen,tip,1,2,1
lb,a2,a2-sagen,important,1,2,1
lb,a2,a2-sprechen,tip,1,2,1
lb,a2,a2-sprechen,important,1,2,1
lb,a2,a2-gross,tip,1,2,1
lb,a2,a2-gross,important,1,3,1
lb,a2,a2-hoch,tip,1,2,1
lb,a2,a2-hoch,important,1,3,1
lb,a2,a2-klein,tip,1,2,1
lb,a2,a2-klein,important,1,3,1
lb,a2,a2-leise,tip,1,2,1
lb,a2,a2-leise,important,1,3,1
lb,a2,a2-schon,tip,1,2,1
lb,a2,a2-schon,important,1,2,1
lb,a2,a2-noch,tip,1,2,1
lb,a2,a2-noch,important,1,2,1
lb,a2,a2-erst,important,1,2,1
lb,a2,a2-nur,important,1,2,1
lb,a2,a2-ueber,important,1,3,1
lb,a2,a2-drin-drinnen,tip,1,2,1
lb,a2,a2-drin-drinnen,important,1,2,1
lb,a2,a2-gleich,important,1,3,1
lb,a2,a2-auch,tip,1,2,1
lb,a2,a2-auch,important,1,2,1
lt,a2,a2-abholen,important,1,4,1
lt,a2,a2-holen,important,1,2,1
lt,a2,a2-bringen,important,1,3,1
lt,a2,a2-bank,comparison,5,6,5
lt,a2,a2-bitte-study,tip,1,2,1
lt,a2,a2-bitte-study,important,1,4,1
lt,a2,a2-indem,tip,2,3,2
lt,a2,a2-kaum,important,3,4,3
lt,a2,a2-kennen,tip,1,2,1
lt,a2,a2-kennen,important,1,3,1
lt,a2,a2-wissen,tip,1,2,1
lt,a2,a2-wissen,important,1,3,1
lt,a2,a2-liegen,important,1,3,1
lt,a2,a2-legen,tip,1,2,1
lt,a2,a2-legen,important,1,3,1
lt,a2,a2-sitzen,tip,1,2,1
lt,a2,a2-sitzen,important,1,3,1
lt,a2,a2-setzen,important,1,3,1
lt,a2,a2-stehen,tip,1,2,1
lt,a2,a2-stehen,important,1,3,1
lt,a2,a2-stellen,tip,1,2,1
lt,a2,a2-stellen,important,1,4,1
lt,a2,a2-urlaub-study,tip,1,2,1
lt,a2,a2-urlaub-study,important,1,4,1
lt,a2,a2-sehen,tip,1,2,1
lt,a2,a2-sehen,important,1,2,1
lt,a2,a2-schauen,tip,1,2,1
lt,a2,a2-schauen,important,1,2,1
lt,a2,a2-ansehen,important,1,3,1
lt,a2,a2-hoeren,important,1,2,1
lt,a2,a2-sagen,tip,1,2,1
lt,a2,a2-sagen,important,1,2,1
lt,a2,a2-sprechen,tip,1,2,1
lt,a2,a2-sprechen,important,1,2,1
lt,a2,a2-gross,tip,1,2,1
lt,a2,a2-gross,important,1,3,1
lt,a2,a2-hoch,tip,1,2,1
lt,a2,a2-hoch,important,1,3,1
lt,a2,a2-klein,tip,1,2,1
lt,a2,a2-klein,important,1,3,1
lt,a2,a2-leise,tip,1,2,1
lt,a2,a2-leise,important,1,3,1
lt,a2,a2-schon,tip,1,2,1
lt,a2,a2-schon,important,1,2,1
lt,a2,a2-noch,tip,1,2,1
lt,a2,a2-noch,important,1,2,1
lt,a2,a2-erst,important,1,2,1
lt,a2,a2-nur,important,1,2,1
lt,a2,a2-ueber,important,1,3,1
lt,a2,a2-drin-drinnen,tip,1,2,1
lt,a2,a2-drin-drinnen,important,1,2,1
lt,a2,a2-gleich,important,1,3,1
lt,a2,a2-auch,tip,1,2,1
lt,a2,a2-auch,important,1,2,1
mk,a2,a2-abholen,important,1,4,1
mk,a2,a2-holen,important,1,2,1
mk,a2,a2-bringen,important,1,3,1
mk,a2,a2-bank,comparison,5,6,5
mk,a2,a2-bitte-study,tip,1,2,1
mk,a2,a2-bitte-study,important,1,4,1
mk,a2,a2-indem,tip,2,3,2
mk,a2,a2-kaum,important,3,4,3
mk,a2,a2-kennen,tip,1,2,1
mk,a2,a2-kennen,important,1,3,1
mk,a2,a2-wissen,tip,1,2,1
mk,a2,a2-wissen,important,1,3,1
mk,a2,a2-liegen,important,1,3,1
mk,a2,a2-legen,tip,1,2,1
mk,a2,a2-legen,important,1,3,1
mk,a2,a2-sitzen,tip,1,2,1
mk,a2,a2-sitzen,important,1,3,1
mk,a2,a2-setzen,important,1,3,1
mk,a2,a2-stehen,tip,1,2,1
mk,a2,a2-stehen,important,1,3,1
mk,a2,a2-stellen,tip,1,2,1
mk,a2,a2-stellen,important,1,4,1
mk,a2,a2-urlaub-study,tip,1,2,1
mk,a2,a2-urlaub-study,important,1,4,1
mk,a2,a2-sehen,tip,1,2,1
mk,a2,a2-sehen,important,1,2,1
mk,a2,a2-schauen,tip,1,2,1
mk,a2,a2-schauen,important,1,2,1
mk,a2,a2-ansehen,important,1,3,1
mk,a2,a2-hoeren,important,1,2,1
mk,a2,a2-sagen,tip,1,2,1
mk,a2,a2-sagen,important,1,2,1
mk,a2,a2-sprechen,tip,1,2,1
mk,a2,a2-sprechen,important,1,2,1
mk,a2,a2-gross,tip,1,2,1
mk,a2,a2-gross,important,1,3,1
mk,a2,a2-hoch,tip,1,2,1
mk,a2,a2-hoch,important,1,3,1
mk,a2,a2-klein,tip,1,2,1
mk,a2,a2-klein,important,1,3,1
mk,a2,a2-leise,tip,1,2,1
mk,a2,a2-leise,important,1,3,1
mk,a2,a2-schon,tip,1,2,1
mk,a2,a2-schon,important,1,2,1
mk,a2,a2-noch,tip,1,2,1
mk,a2,a2-noch,important,1,2,1
mk,a2,a2-erst,important,1,2,1
mk,a2,a2-nur,important,1,2,1
mk,a2,a2-ueber,important,1,3,1
mk,a2,a2-drin-drinnen,tip,1,2,1
mk,a2,a2-drin-drinnen,important,1,2,1
mk,a2,a2-gleich,important,1,3,1
mk,a2,a2-auch,tip,1,2,1
mk,a2,a2-auch,important,1,2,1
nb,a2,a2-abholen,important,1,4,1
nb,a2,a2-holen,important,1,2,1
nb,a2,a2-bringen,important,1,3,1
nb,a2,a2-bank,comparison,5,6,5
nb,a2,a2-bitte-study,tip,1,2,1
nb,a2,a2-bitte-study,important,1,4,1
nb,a2,a2-indem,tip,2,3,2
nb,a2,a2-kaum,important,3,4,3
nb,a2,a2-kennen,tip,1,2,1
nb,a2,a2-kennen,important,1,3,1
nb,a2,a2-wissen,tip,1,2,1
nb,a2,a2-wissen,important,1,3,1
nb,a2,a2-liegen,important,1,3,1
nb,a2,a2-legen,tip,1,2,1
nb,a2,a2-legen,important,1,3,1
nb,a2,a2-sitzen,tip,1,2,1
nb,a2,a2-sitzen,important,1,3,1
nb,a2,a2-setzen,important,1,3,1
nb,a2,a2-stehen,tip,1,2,1
nb,a2,a2-stehen,important,1,3,1
nb,a2,a2-stellen,tip,1,2,1
nb,a2,a2-stellen,important,1,4,1
nb,a2,a2-urlaub-study,tip,1,2,1
nb,a2,a2-urlaub-study,important,1,4,1
nb,a2,a2-sehen,tip,1,2,1
nb,a2,a2-sehen,important,1,2,1
nb,a2,a2-schauen,tip,1,2,1
nb,a2,a2-schauen,important,1,2,1
nb,a2,a2-ansehen,important,1,3,1
nb,a2,a2-hoeren,important,1,2,1
nb,a2,a2-sagen,tip,1,2,1
nb,a2,a2-sagen,important,1,2,1
nb,a2,a2-sprechen,tip,1,2,1
nb,a2,a2-sprechen,important,1,2,1
nb,a2,a2-gross,tip,1,2,1
nb,a2,a2-gross,important,1,3,1
nb,a2,a2-hoch,tip,1,2,1
nb,a2,a2-hoch,important,1,3,1
nb,a2,a2-klein,tip,1,2,1
nb,a2,a2-klein,important,1,3,1
nb,a2,a2-leise,tip,1,2,1
nb,a2,a2-leise,important,1,3,1
nb,a2,a2-schon,tip,1,2,1
nb,a2,a2-schon,important,1,2,1
nb,a2,a2-noch,tip,1,2,1
nb,a2,a2-noch,important,1,2,1
nb,a2,a2-erst,important,1,2,1
nb,a2,a2-nur,important,1,2,1
nb,a2,a2-ueber,important,1,3,1
nb,a2,a2-drin-drinnen,tip,1,2,1
nb,a2,a2-drin-drinnen,important,1,2,1
nb,a2,a2-gleich,important,1,3,1
nb,a2,a2-auch,tip,1,2,1
nb,a2,a2-auch,important,1,2,1
nl,a2,a2-abholen,important,1,4,1
nl,a2,a2-holen,important,1,2,1
nl,a2,a2-bringen,important,1,3,1
nl,a2,a2-bank,comparison,5,6,5
nl,a2,a2-bitte-study,tip,1,2,1
nl,a2,a2-bitte-study,important,1,4,1
nl,a2,a2-indem,tip,2,3,2
nl,a2,a2-kaum,important,3,4,3
nl,a2,a2-kennen,tip,1,2,1
nl,a2,a2-kennen,important,1,3,1
nl,a2,a2-wissen,tip,1,2,1
nl,a2,a2-wissen,important,1,3,1
nl,a2,a2-liegen,important,1,3,1
nl,a2,a2-legen,tip,1,2,1
nl,a2,a2-legen,important,1,3,1
nl,a2,a2-sitzen,tip,1,2,1
nl,a2,a2-sitzen,important,1,3,1
nl,a2,a2-setzen,important,1,3,1
nl,a2,a2-stehen,tip,1,2,1
nl,a2,a2-stehen,important,1,3,1
nl,a2,a2-stellen,tip,1,2,1
nl,a2,a2-stellen,important,1,4,1
nl,a2,a2-urlaub-study,tip,1,2,1
nl,a2,a2-urlaub-study,important,1,4,1
nl,a2,a2-sehen,tip,1,2,1
nl,a2,a2-sehen,important,1,2,1
nl,a2,a2-schauen,tip,1,2,1
nl,a2,a2-schauen,important,1,2,1
nl,a2,a2-ansehen,important,1,3,1
nl,a2,a2-hoeren,important,1,2,1
nl,a2,a2-sagen,tip,1,2,1
nl,a2,a2-sagen,important,1,2,1
nl,a2,a2-sprechen,tip,1,2,1
nl,a2,a2-sprechen,important,1,2,1
nl,a2,a2-gross,tip,1,2,1
nl,a2,a2-gross,important,1,3,1
nl,a2,a2-hoch,tip,1,2,1
nl,a2,a2-hoch,important,1,3,1
nl,a2,a2-klein,tip,1,2,1
nl,a2,a2-klein,important,1,3,1
nl,a2,a2-leise,tip,1,2,1
nl,a2,a2-leise,important,1,3,1
nl,a2,a2-schon,tip,1,2,1
nl,a2,a2-schon,important,1,2,1
nl,a2,a2-noch,tip,1,2,1
nl,a2,a2-noch,important,1,2,1
nl,a2,a2-erst,important,1,2,1
nl,a2,a2-nur,important,1,2,1
nl,a2,a2-ueber,important,1,3,1
nl,a2,a2-drin-drinnen,tip,1,2,1
nl,a2,a2-drin-drinnen,important,1,2,1
nl,a2,a2-gleich,important,1,3,1
nl,a2,a2-auch,tip,1,2,1
nl,a2,a2-auch,important,1,2,1
nn,a2,a2-abholen,important,1,4,1
nn,a2,a2-holen,important,1,2,1
nn,a2,a2-bringen,important,1,3,1
nn,a2,a2-bank,comparison,5,6,5
nn,a2,a2-bitte-study,tip,1,2,1
nn,a2,a2-bitte-study,important,1,4,1
nn,a2,a2-indem,tip,2,3,2
nn,a2,a2-kaum,important,3,4,3
nn,a2,a2-kennen,tip,1,2,1
nn,a2,a2-kennen,important,1,3,1
nn,a2,a2-wissen,tip,1,2,1
nn,a2,a2-wissen,important,1,3,1
nn,a2,a2-liegen,important,1,3,1
nn,a2,a2-legen,tip,1,2,1
nn,a2,a2-legen,important,1,3,1
nn,a2,a2-sitzen,tip,1,2,1
nn,a2,a2-sitzen,important,1,3,1
nn,a2,a2-setzen,important,1,3,1
nn,a2,a2-stehen,tip,1,2,1
nn,a2,a2-stehen,important,1,3,1
nn,a2,a2-stellen,tip,1,2,1
nn,a2,a2-stellen,important,1,4,1
nn,a2,a2-urlaub-study,tip,1,2,1
nn,a2,a2-urlaub-study,important,1,4,1
nn,a2,a2-sehen,tip,1,2,1
nn,a2,a2-sehen,important,1,2,1
nn,a2,a2-schauen,tip,1,2,1
nn,a2,a2-schauen,important,1,2,1
nn,a2,a2-ansehen,important,1,3,1
nn,a2,a2-hoeren,important,1,2,1
nn,a2,a2-sagen,tip,1,2,1
nn,a2,a2-sagen,important,1,2,1
nn,a2,a2-sprechen,tip,1,2,1
nn,a2,a2-sprechen,important,1,2,1
nn,a2,a2-gross,tip,1,2,1
nn,a2,a2-gross,important,1,3,1
nn,a2,a2-hoch,tip,1,2,1
nn,a2,a2-hoch,important,1,3,1
nn,a2,a2-klein,tip,1,2,1
nn,a2,a2-klein,important,1,3,1
nn,a2,a2-leise,tip,1,2,1
nn,a2,a2-leise,important,1,3,1
nn,a2,a2-schon,tip,1,2,1
nn,a2,a2-schon,important,1,2,1
nn,a2,a2-noch,tip,1,2,1
nn,a2,a2-noch,important,1,2,1
nn,a2,a2-erst,important,1,2,1
nn,a2,a2-nur,important,1,2,1
nn,a2,a2-ueber,important,1,3,1
nn,a2,a2-drin-drinnen,tip,1,2,1
nn,a2,a2-drin-drinnen,important,1,2,1
nn,a2,a2-gleich,important,1,3,1
nn,a2,a2-auch,tip,1,2,1
nn,a2,a2-auch,important,1,2,1
pl,a2,a2-abholen,important,1,4,1
pl,a2,a2-holen,important,1,2,1
pl,a2,a2-bringen,important,1,3,1
pl,a2,a2-bank,comparison,5,6,5
pl,a2,a2-bitte-study,tip,1,2,1
pl,a2,a2-bitte-study,important,1,4,1
pl,a2,a2-indem,tip,2,3,2
pl,a2,a2-kaum,important,3,4,3
pl,a2,a2-kennen,tip,1,2,1
pl,a2,a2-kennen,important,1,3,1
pl,a2,a2-wissen,tip,1,2,1
pl,a2,a2-wissen,important,1,3,1
pl,a2,a2-liegen,important,1,3,1
pl,a2,a2-legen,tip,1,2,1
pl,a2,a2-legen,important,1,3,1
pl,a2,a2-sitzen,tip,1,2,1
pl,a2,a2-sitzen,important,1,3,1
pl,a2,a2-setzen,important,1,3,1
pl,a2,a2-stehen,tip,1,2,1
pl,a2,a2-stehen,important,1,3,1
pl,a2,a2-stellen,tip,1,2,1
pl,a2,a2-stellen,important,1,4,1
pl,a2,a2-urlaub-study,tip,1,2,1
pl,a2,a2-urlaub-study,important,1,4,1
pl,a2,a2-sehen,tip,1,2,1
pl,a2,a2-sehen,important,1,2,1
pl,a2,a2-schauen,tip,1,2,1
pl,a2,a2-schauen,important,1,2,1
pl,a2,a2-ansehen,important,1,3,1
pl,a2,a2-hoeren,important,1,2,1
pl,a2,a2-sagen,tip,1,2,1
pl,a2,a2-sagen,important,1,2,1
pl,a2,a2-sprechen,tip,1,2,1
pl,a2,a2-sprechen,important,1,2,1
pl,a2,a2-gross,tip,1,2,1
pl,a2,a2-gross,important,1,3,1
pl,a2,a2-hoch,tip,1,2,1
pl,a2,a2-hoch,important,1,3,1
pl,a2,a2-klein,tip,1,2,1
pl,a2,a2-klein,important,1,3,1
pl,a2,a2-leise,tip,1,2,1
pl,a2,a2-leise,important,1,3,1
pl,a2,a2-schon,tip,1,2,1
pl,a2,a2-schon,important,1,2,1
pl,a2,a2-noch,tip,1,2,1
pl,a2,a2-noch,important,1,2,1
pl,a2,a2-erst,important,1,2,1
pl,a2,a2-nur,important,1,2,1
pl,a2,a2-ueber,important,1,3,1
pl,a2,a2-drin-drinnen,tip,1,2,1
pl,a2,a2-drin-drinnen,important,1,2,1
pl,a2,a2-gleich,important,1,3,1
pl,a2,a2-auch,tip,1,2,1
pl,a2,a2-auch,important,1,2,1
pt,a2,a2-abholen,important,1,4,1
pt,a2,a2-holen,important,1,2,1
pt,a2,a2-bringen,important,1,3,1
pt,a2,a2-bank,comparison,5,6,5
pt,a2,a2-bitte-study,tip,1,2,1
pt,a2,a2-bitte-study,important,1,4,1
pt,a2,a2-indem,tip,2,3,2
pt,a2,a2-kaum,important,3,4,3
pt,a2,a2-kennen,tip,1,2,1
pt,a2,a2-kennen,important,1,3,1
pt,a2,a2-wissen,tip,1,2,1
pt,a2,a2-wissen,important,1,3,1
pt,a2,a2-liegen,important,1,3,1
pt,a2,a2-legen,tip,1,2,1
pt,a2,a2-legen,important,1,3,1
pt,a2,a2-sitzen,tip,1,2,1
pt,a2,a2-sitzen,important,1,3,1
pt,a2,a2-setzen,important,1,3,1
pt,a2,a2-stehen,tip,1,2,1
pt,a2,a2-stehen,important,1,3,1
pt,a2,a2-stellen,tip,1,2,1
pt,a2,a2-stellen,important,1,4,1
pt,a2,a2-urlaub-study,tip,1,2,1
pt,a2,a2-urlaub-study,important,1,4,1
pt,a2,a2-sehen,tip,1,2,1
pt,a2,a2-sehen,important,1,2,1
pt,a2,a2-schauen,tip,1,2,1
pt,a2,a2-schauen,important,1,2,1
pt,a2,a2-ansehen,important,1,3,1
pt,a2,a2-hoeren,important,1,2,1
pt,a2,a2-sagen,tip,1,2,1
pt,a2,a2-sagen,important,1,2,1
pt,a2,a2-sprechen,tip,1,2,1
pt,a2,a2-sprechen,important,1,2,1
pt,a2,a2-gross,tip,1,2,1
pt,a2,a2-gross,important,1,3,1
pt,a2,a2-hoch,tip,1,2,1
pt,a2,a2-hoch,important,1,3,1
pt,a2,a2-klein,tip,1,2,1
pt,a2,a2-klein,important,1,3,1
pt,a2,a2-leise,tip,1,2,1
pt,a2,a2-leise,important,1,3,1
pt,a2,a2-schon,tip,1,2,1
pt,a2,a2-schon,important,1,2,1
pt,a2,a2-noch,tip,1,2,1
pt,a2,a2-noch,important,1,2,1
pt,a2,a2-erst,important,1,2,1
pt,a2,a2-nur,important,1,2,1
pt,a2,a2-ueber,important,1,3,1
pt,a2,a2-drin-drinnen,tip,1,2,1
pt,a2,a2-drin-drinnen,important,1,2,1
pt,a2,a2-gleich,important,1,3,1
pt,a2,a2-auch,tip,1,2,1
pt,a2,a2-auch,important,1,2,1
ro,a2,a2-abholen,important,1,4,1
ro,a2,a2-holen,important,1,2,1
ro,a2,a2-bringen,important,1,3,1
ro,a2,a2-bank,comparison,5,6,5
ro,a2,a2-bitte-study,tip,1,2,1
ro,a2,a2-bitte-study,important,1,4,1
ro,a2,a2-indem,tip,2,3,2
ro,a2,a2-kaum,important,3,4,3
ro,a2,a2-kennen,tip,1,2,1
ro,a2,a2-kennen,important,1,3,1
ro,a2,a2-wissen,tip,1,2,1
ro,a2,a2-wissen,important,1,3,1
ro,a2,a2-liegen,important,1,3,1
ro,a2,a2-legen,tip,1,2,1
ro,a2,a2-legen,important,1,3,1
ro,a2,a2-sitzen,tip,1,2,1
ro,a2,a2-sitzen,important,1,3,1
ro,a2,a2-setzen,important,1,3,1
ro,a2,a2-stehen,tip,1,2,1
ro,a2,a2-stehen,important,1,3,1
ro,a2,a2-stellen,tip,1,2,1
ro,a2,a2-stellen,important,1,4,1
ro,a2,a2-urlaub-study,tip,1,2,1
ro,a2,a2-urlaub-study,important,1,4,1
ro,a2,a2-sehen,tip,1,2,1
ro,a2,a2-sehen,important,1,2,1
ro,a2,a2-schauen,tip,1,2,1
ro,a2,a2-schauen,important,1,2,1
ro,a2,a2-ansehen,important,1,3,1
ro,a2,a2-hoeren,important,1,2,1
ro,a2,a2-sagen,tip,1,2,1
ro,a2,a2-sagen,important,1,2,1
ro,a2,a2-sprechen,tip,1,2,1
ro,a2,a2-sprechen,important,1,2,1
ro,a2,a2-gross,tip,1,2,1
ro,a2,a2-gross,important,1,3,1
ro,a2,a2-hoch,tip,1,2,1
ro,a2,a2-hoch,important,1,3,1
ro,a2,a2-klein,tip,1,2,1
ro,a2,a2-klein,important,1,3,1
ro,a2,a2-leise,tip,1,2,1
ro,a2,a2-leise,important,1,3,1
ro,a2,a2-schon,tip,1,2,1
ro,a2,a2-schon,important,1,2,1
ro,a2,a2-noch,tip,1,2,1
ro,a2,a2-noch,important,1,2,1
ro,a2,a2-erst,important,1,2,1
ro,a2,a2-nur,important,1,2,1
ro,a2,a2-ueber,important,1,3,1
ro,a2,a2-drin-drinnen,tip,1,2,1
ro,a2,a2-drin-drinnen,important,1,2,1
ro,a2,a2-gleich,important,1,3,1
ro,a2,a2-auch,tip,1,2,1
ro,a2,a2-auch,important,1,2,1
ru,a2,a2-abholen,important,1,4,1
ru,a2,a2-holen,important,1,2,1
ru,a2,a2-bringen,important,1,3,1
ru,a2,a2-bank,comparison,5,6,5
ru,a2,a2-bitte-study,tip,1,2,1
ru,a2,a2-bitte-study,important,1,4,1
ru,a2,a2-indem,tip,2,3,2
ru,a2,a2-kaum,important,3,4,3
ru,a2,a2-kennen,tip,1,2,1
ru,a2,a2-kennen,important,1,3,1
ru,a2,a2-wissen,tip,1,2,1
ru,a2,a2-wissen,important,1,3,1
ru,a2,a2-liegen,important,1,3,1
ru,a2,a2-legen,tip,1,2,1
ru,a2,a2-legen,important,1,3,1
ru,a2,a2-sitzen,tip,1,2,1
ru,a2,a2-sitzen,important,1,3,1
ru,a2,a2-setzen,important,1,3,1
ru,a2,a2-stehen,tip,1,2,1
ru,a2,a2-stehen,important,1,3,1
ru,a2,a2-stellen,tip,1,2,1
ru,a2,a2-stellen,important,1,4,1
ru,a2,a2-urlaub-study,tip,1,2,1
ru,a2,a2-urlaub-study,important,1,4,1
ru,a2,a2-sehen,tip,1,2,1
ru,a2,a2-sehen,important,1,2,1
ru,a2,a2-schauen,tip,1,2,1
ru,a2,a2-schauen,important,1,2,1
ru,a2,a2-ansehen,important,1,3,1
ru,a2,a2-hoeren,important,1,2,1
ru,a2,a2-sagen,tip,1,2,1
ru,a2,a2-sagen,important,1,2,1
ru,a2,a2-sprechen,tip,1,2,1
ru,a2,a2-sprechen,important,1,2,1
ru,a2,a2-gross,tip,1,2,1
ru,a2,a2-gross,important,1,3,1
ru,a2,a2-hoch,tip,1,2,1
ru,a2,a2-hoch,important,1,3,1
ru,a2,a2-klein,tip,1,2,1
ru,a2,a2-klein,important,1,3,1
ru,a2,a2-leise,tip,1,2,1
ru,a2,a2-leise,important,1,3,1
ru,a2,a2-schon,tip,1,2,1
ru,a2,a2-schon,important,1,2,1
ru,a2,a2-noch,tip,1,2,1
ru,a2,a2-noch,important,1,2,1
ru,a2,a2-erst,important,1,2,1
ru,a2,a2-nur,important,1,2,1
ru,a2,a2-ueber,important,1,3,1
ru,a2,a2-drin-drinnen,tip,1,2,1
ru,a2,a2-drin-drinnen,important,1,2,1
ru,a2,a2-gleich,important,1,3,1
ru,a2,a2-auch,tip,1,2,1
ru,a2,a2-auch,important,1,2,1
sk,a2,a2-abholen,important,1,4,1
sk,a2,a2-holen,important,1,2,1
sk,a2,a2-bringen,important,1,3,1
sk,a2,a2-bank,comparison,5,6,5
sk,a2,a2-bitte-study,tip,1,2,1
sk,a2,a2-bitte-study,important,1,4,1
sk,a2,a2-indem,tip,2,3,2
sk,a2,a2-kaum,important,3,4,3
sk,a2,a2-kennen,tip,1,2,1
sk,a2,a2-kennen,important,1,3,1
sk,a2,a2-wissen,tip,1,2,1
sk,a2,a2-wissen,important,1,3,1
sk,a2,a2-liegen,important,1,3,1
sk,a2,a2-legen,tip,1,2,1
sk,a2,a2-legen,important,1,3,1
sk,a2,a2-sitzen,tip,1,2,1
sk,a2,a2-sitzen,important,1,3,1
sk,a2,a2-setzen,important,1,3,1
sk,a2,a2-stehen,tip,1,2,1
sk,a2,a2-stehen,important,1,3,1
sk,a2,a2-stellen,tip,1,2,1
sk,a2,a2-stellen,important,1,4,1
sk,a2,a2-urlaub-study,tip,1,2,1
sk,a2,a2-urlaub-study,important,1,4,1
sk,a2,a2-sehen,tip,1,2,1
sk,a2,a2-sehen,important,1,2,1
sk,a2,a2-schauen,tip,1,2,1
sk,a2,a2-schauen,important,1,2,1
sk,a2,a2-ansehen,important,1,3,1
sk,a2,a2-hoeren,important,1,2,1
sk,a2,a2-sagen,tip,1,2,1
sk,a2,a2-sagen,important,1,2,1
sk,a2,a2-sprechen,tip,1,2,1
sk,a2,a2-sprechen,important,1,2,1
sk,a2,a2-gross,tip,1,2,1
sk,a2,a2-gross,important,1,3,1
sk,a2,a2-hoch,tip,1,2,1
sk,a2,a2-hoch,important,1,3,1
sk,a2,a2-klein,tip,1,2,1
sk,a2,a2-klein,important,1,3,1
sk,a2,a2-leise,tip,1,2,1
sk,a2,a2-leise,important,1,3,1
sk,a2,a2-schon,tip,1,2,1
sk,a2,a2-schon,important,1,2,1
sk,a2,a2-noch,tip,1,2,1
sk,a2,a2-noch,important,1,2,1
sk,a2,a2-erst,important,1,2,1
sk,a2,a2-nur,important,1,2,1
sk,a2,a2-ueber,important,1,3,1
sk,a2,a2-drin-drinnen,tip,1,2,1
sk,a2,a2-drin-drinnen,important,1,2,1
sk,a2,a2-gleich,important,1,3,1
sk,a2,a2-auch,tip,1,2,1
sk,a2,a2-auch,important,1,2,1
sl,a2,a2-abholen,important,1,4,1
sl,a2,a2-holen,important,1,2,1
sl,a2,a2-bringen,important,1,3,1
sl,a2,a2-bank,comparison,5,6,5
sl,a2,a2-bitte-study,tip,1,2,1
sl,a2,a2-bitte-study,important,1,4,1
sl,a2,a2-indem,tip,2,3,2
sl,a2,a2-kaum,important,3,4,3
sl,a2,a2-kennen,tip,1,2,1
sl,a2,a2-kennen,important,1,3,1
sl,a2,a2-wissen,tip,1,2,1
sl,a2,a2-wissen,important,1,3,1
sl,a2,a2-liegen,important,1,3,1
sl,a2,a2-legen,tip,1,2,1
sl,a2,a2-legen,important,1,3,1
sl,a2,a2-sitzen,tip,1,2,1
sl,a2,a2-sitzen,important,1,3,1
sl,a2,a2-setzen,important,1,3,1
sl,a2,a2-stehen,tip,1,2,1
sl,a2,a2-stehen,important,1,3,1
sl,a2,a2-stellen,tip,1,2,1
sl,a2,a2-stellen,important,1,4,1
sl,a2,a2-urlaub-study,tip,1,2,1
sl,a2,a2-urlaub-study,important,1,4,1
sl,a2,a2-sehen,tip,1,2,1
sl,a2,a2-sehen,important,1,2,1
sl,a2,a2-schauen,tip,1,2,1
sl,a2,a2-schauen,important,1,2,1
sl,a2,a2-ansehen,important,1,3,1
sl,a2,a2-hoeren,important,1,2,1
sl,a2,a2-sagen,tip,1,2,1
sl,a2,a2-sagen,important,1,2,1
sl,a2,a2-sprechen,tip,1,2,1
sl,a2,a2-sprechen,important,1,2,1
sl,a2,a2-gross,tip,1,2,1
sl,a2,a2-gross,important,1,3,1
sl,a2,a2-hoch,tip,1,2,1
sl,a2,a2-hoch,important,1,3,1
sl,a2,a2-klein,tip,1,2,1
sl,a2,a2-klein,important,1,3,1
sl,a2,a2-leise,tip,1,2,1
sl,a2,a2-leise,important,1,3,1
sl,a2,a2-schon,tip,1,2,1
sl,a2,a2-schon,important,1,2,1
sl,a2,a2-noch,tip,1,2,1
sl,a2,a2-noch,important,1,2,1
sl,a2,a2-erst,important,1,2,1
sl,a2,a2-nur,important,1,2,1
sl,a2,a2-ueber,important,1,3,1
sl,a2,a2-drin-drinnen,tip,1,2,1
sl,a2,a2-drin-drinnen,important,1,2,1
sl,a2,a2-gleich,important,1,3,1
sl,a2,a2-auch,tip,1,2,1
sl,a2,a2-auch,important,1,2,1
sq,a2,a2-abholen,important,1,4,1
sq,a2,a2-holen,important,1,2,1
sq,a2,a2-bringen,important,1,3,1
sq,a2,a2-bank,comparison,5,6,5
sq,a2,a2-bitte-study,tip,1,2,1
sq,a2,a2-bitte-study,important,1,4,1
sq,a2,a2-indem,tip,2,3,2
sq,a2,a2-kaum,important,3,4,3
sq,a2,a2-kennen,tip,1,2,1
sq,a2,a2-kennen,important,1,3,1
sq,a2,a2-wissen,tip,1,2,1
sq,a2,a2-wissen,important,1,3,1
sq,a2,a2-liegen,important,1,3,1
sq,a2,a2-legen,tip,1,2,1
sq,a2,a2-legen,important,1,3,1
sq,a2,a2-sitzen,tip,1,2,1
sq,a2,a2-sitzen,important,1,3,1
sq,a2,a2-setzen,important,1,3,1
sq,a2,a2-stehen,tip,1,2,1
sq,a2,a2-stehen,important,1,3,1
sq,a2,a2-stellen,tip,1,2,1
sq,a2,a2-stellen,important,1,4,1
sq,a2,a2-urlaub-study,tip,1,2,1
sq,a2,a2-urlaub-study,important,1,4,1
sq,a2,a2-sehen,tip,1,2,1
sq,a2,a2-sehen,important,1,2,1
sq,a2,a2-schauen,tip,1,2,1
sq,a2,a2-schauen,important,1,2,1
sq,a2,a2-ansehen,important,1,3,1
sq,a2,a2-hoeren,important,1,2,1
sq,a2,a2-sagen,tip,1,2,1
sq,a2,a2-sagen,important,1,2,1
sq,a2,a2-sprechen,tip,1,2,1
sq,a2,a2-sprechen,important,1,2,1
sq,a2,a2-gross,tip,1,2,1
sq,a2,a2-gross,important,1,3,1
sq,a2,a2-hoch,tip,1,2,1
sq,a2,a2-hoch,important,1,3,1
sq,a2,a2-klein,tip,1,2,1
sq,a2,a2-klein,important,1,3,1
sq,a2,a2-leise,tip,1,2,1
sq,a2,a2-leise,important,1,3,1
sq,a2,a2-schon,tip,1,2,1
sq,a2,a2-schon,important,1,2,1
sq,a2,a2-noch,tip,1,2,1
sq,a2,a2-noch,important,1,2,1
sq,a2,a2-erst,important,1,2,1
sq,a2,a2-nur,important,1,2,1
sq,a2,a2-ueber,important,1,3,1
sq,a2,a2-drin-drinnen,tip,1,2,1
sq,a2,a2-drin-drinnen,important,1,2,1
sq,a2,a2-gleich,important,1,3,1
sq,a2,a2-auch,tip,1,2,1
sq,a2,a2-auch,important,1,2,1
sr,a2,a2-abholen,important,1,4,1
sr,a2,a2-holen,important,1,2,1
sr,a2,a2-bringen,important,1,3,1
sr,a2,a2-bank,comparison,5,6,5
sr,a2,a2-bitte-study,tip,1,2,1
sr,a2,a2-bitte-study,important,1,4,1
sr,a2,a2-indem,tip,2,3,2
sr,a2,a2-kaum,important,3,4,3
sr,a2,a2-kennen,tip,1,2,1
sr,a2,a2-kennen,important,1,3,1
sr,a2,a2-wissen,tip,1,2,1
sr,a2,a2-wissen,important,1,3,1
sr,a2,a2-liegen,important,1,3,1
sr,a2,a2-legen,tip,1,2,1
sr,a2,a2-legen,important,1,3,1
sr,a2,a2-sitzen,tip,1,2,1
sr,a2,a2-sitzen,important,1,3,1
sr,a2,a2-setzen,important,1,3,1
sr,a2,a2-stehen,tip,1,2,1
sr,a2,a2-stehen,important,1,3,1
sr,a2,a2-stellen,tip,1,2,1
sr,a2,a2-stellen,important,1,4,1
sr,a2,a2-urlaub-study,tip,1,2,1
sr,a2,a2-urlaub-study,important,1,4,1
sr,a2,a2-sehen,tip,1,2,1
sr,a2,a2-sehen,important,1,2,1
sr,a2,a2-schauen,tip,1,2,1
sr,a2,a2-schauen,important,1,2,1
sr,a2,a2-ansehen,important,1,3,1
sr,a2,a2-hoeren,important,1,2,1
sr,a2,a2-sagen,tip,1,2,1
sr,a2,a2-sagen,important,1,2,1
sr,a2,a2-sprechen,tip,1,2,1
sr,a2,a2-sprechen,important,1,2,1
sr,a2,a2-gross,tip,1,2,1
sr,a2,a2-gross,important,1,3,1
sr,a2,a2-hoch,tip,1,2,1
sr,a2,a2-hoch,important,1,3,1
sr,a2,a2-klein,tip,1,2,1
sr,a2,a2-klein,important,1,3,1
sr,a2,a2-leise,tip,1,2,1
sr,a2,a2-leise,important,1,3,1
sr,a2,a2-schon,tip,1,2,1
sr,a2,a2-schon,important,1,2,1
sr,a2,a2-noch,tip,1,2,1
sr,a2,a2-noch,important,1,2,1
sr,a2,a2-erst,important,1,2,1
sr,a2,a2-nur,important,1,2,1
sr,a2,a2-ueber,important,1,3,1
sr,a2,a2-drin-drinnen,tip,1,2,1
sr,a2,a2-drin-drinnen,important,1,2,1
sr,a2,a2-gleich,important,1,3,1
sr,a2,a2-auch,tip,1,2,1
sr,a2,a2-auch,important,1,2,1
sv,a2,a2-abholen,important,1,4,1
sv,a2,a2-holen,important,1,2,1
sv,a2,a2-bringen,important,1,3,1
sv,a2,a2-bank,comparison,5,6,5
sv,a2,a2-bitte-study,tip,1,2,1
sv,a2,a2-bitte-study,important,1,4,1
sv,a2,a2-indem,tip,2,3,2
sv,a2,a2-kaum,important,3,4,3
sv,a2,a2-kennen,tip,1,2,1
sv,a2,a2-kennen,important,1,3,1
sv,a2,a2-wissen,tip,1,2,1
sv,a2,a2-wissen,important,1,3,1
sv,a2,a2-liegen,important,1,3,1
sv,a2,a2-legen,tip,1,2,1
sv,a2,a2-legen,important,1,3,1
sv,a2,a2-sitzen,tip,1,2,1
sv,a2,a2-sitzen,important,1,3,1
sv,a2,a2-setzen,important,1,3,1
sv,a2,a2-stehen,tip,1,2,1
sv,a2,a2-stehen,important,1,3,1
sv,a2,a2-stellen,tip,1,2,1
sv,a2,a2-stellen,important,1,4,1
sv,a2,a2-urlaub-study,tip,1,2,1
sv,a2,a2-urlaub-study,important,1,4,1
sv,a2,a2-sehen,tip,1,2,1
sv,a2,a2-sehen,important,1,2,1
sv,a2,a2-schauen,tip,1,2,1
sv,a2,a2-schauen,important,1,2,1
sv,a2,a2-ansehen,important,1,3,1
sv,a2,a2-hoeren,important,1,2,1
sv,a2,a2-sagen,tip,1,2,1
sv,a2,a2-sagen,important,1,2,1
sv,a2,a2-sprechen,tip,1,2,1
sv,a2,a2-sprechen,important,1,2,1
sv,a2,a2-gross,tip,1,2,1
sv,a2,a2-gross,important,1,3,1
sv,a2,a2-hoch,tip,1,2,1
sv,a2,a2-hoch,important,1,3,1
sv,a2,a2-klein,tip,1,2,1
sv,a2,a2-klein,important,1,3,1
sv,a2,a2-leise,tip,1,2,1
sv,a2,a2-leise,important,1,3,1
sv,a2,a2-schon,tip,1,2,1
sv,a2,a2-schon,important,1,2,1
sv,a2,a2-noch,tip,1,2,1
sv,a2,a2-noch,important,1,2,1
sv,a2,a2-erst,important,1,2,1
sv,a2,a2-nur,important,1,2,1
sv,a2,a2-ueber,important,1,3,1
sv,a2,a2-drin-drinnen,tip,1,2,1
sv,a2,a2-drin-drinnen,important,1,2,1
sv,a2,a2-gleich,important,1,3,1
sv,a2,a2-auch,tip,1,2,1
sv,a2,a2-auch,important,1,2,1
tr,a2,a2-abholen,important,1,4,1
tr,a2,a2-holen,important,1,2,1
tr,a2,a2-bringen,important,1,3,1
tr,a2,a2-bank,comparison,5,6,5
tr,a2,a2-bitte-study,tip,1,2,1
tr,a2,a2-bitte-study,important,1,4,1
tr,a2,a2-indem,tip,2,3,2
tr,a2,a2-kaum,important,3,4,3
tr,a2,a2-kennen,tip,1,2,1
tr,a2,a2-kennen,important,1,3,1
tr,a2,a2-wissen,tip,1,2,1
tr,a2,a2-wissen,important,1,3,1
tr,a2,a2-liegen,important,1,3,1
tr,a2,a2-legen,tip,1,2,1
tr,a2,a2-legen,important,1,3,1
tr,a2,a2-sitzen,tip,1,2,1
tr,a2,a2-sitzen,important,1,3,1
tr,a2,a2-setzen,important,1,3,1
tr,a2,a2-stehen,tip,1,2,1
tr,a2,a2-stehen,important,1,3,1
tr,a2,a2-stellen,tip,1,2,1
tr,a2,a2-stellen,important,1,4,1
tr,a2,a2-urlaub-study,tip,1,2,1
tr,a2,a2-urlaub-study,important,1,4,1
tr,a2,a2-sehen,tip,1,2,1
tr,a2,a2-sehen,important,1,2,1
tr,a2,a2-schauen,tip,1,2,1
tr,a2,a2-schauen,important,1,2,1
tr,a2,a2-ansehen,important,1,3,1
tr,a2,a2-hoeren,important,1,2,1
tr,a2,a2-sagen,tip,1,2,1
tr,a2,a2-sagen,important,1,2,1
tr,a2,a2-sprechen,tip,1,2,1
tr,a2,a2-sprechen,important,1,2,1
tr,a2,a2-gross,tip,1,2,1
tr,a2,a2-gross,important,1,3,1
tr,a2,a2-hoch,tip,1,2,1
tr,a2,a2-hoch,important,1,3,1
tr,a2,a2-klein,tip,1,2,1
tr,a2,a2-klein,important,1,3,1
tr,a2,a2-leise,tip,1,2,1
tr,a2,a2-leise,important,1,3,1
tr,a2,a2-schon,tip,1,2,1
tr,a2,a2-schon,important,1,2,1
tr,a2,a2-noch,tip,1,2,1
tr,a2,a2-noch,important,1,2,1
tr,a2,a2-erst,important,1,2,1
tr,a2,a2-nur,important,1,2,1
tr,a2,a2-ueber,important,1,3,1
tr,a2,a2-drin-drinnen,tip,1,2,1
tr,a2,a2-drin-drinnen,important,1,2,1
tr,a2,a2-gleich,important,1,3,1
tr,a2,a2-auch,tip,1,2,1
tr,a2,a2-auch,important,1,2,1
uk,a2,a2-abholen,important,1,4,1
uk,a2,a2-holen,important,1,2,1
uk,a2,a2-bringen,important,1,3,1
uk,a2,a2-bank,comparison,5,6,5
uk,a2,a2-bitte-study,tip,1,2,1
uk,a2,a2-bitte-study,important,1,4,1
uk,a2,a2-indem,tip,2,3,2
uk,a2,a2-kaum,important,3,4,3
uk,a2,a2-kennen,tip,1,2,1
uk,a2,a2-kennen,important,1,3,1
uk,a2,a2-wissen,tip,1,2,1
uk,a2,a2-wissen,important,1,3,1
uk,a2,a2-liegen,important,1,3,1
uk,a2,a2-legen,tip,1,2,1
uk,a2,a2-legen,important,1,3,1
uk,a2,a2-sitzen,tip,1,2,1
uk,a2,a2-sitzen,important,1,3,1
uk,a2,a2-setzen,important,1,3,1
uk,a2,a2-stehen,tip,1,2,1
uk,a2,a2-stehen,important,1,3,1
uk,a2,a2-stellen,tip,1,2,1
uk,a2,a2-stellen,important,1,4,1
uk,a2,a2-urlaub-study,tip,1,2,1
uk,a2,a2-urlaub-study,important,1,4,1
uk,a2,a2-sehen,tip,1,2,1
uk,a2,a2-sehen,important,1,2,1
uk,a2,a2-schauen,tip,1,2,1
uk,a2,a2-schauen,important,1,2,1
uk,a2,a2-ansehen,important,1,3,1
uk,a2,a2-hoeren,important,1,2,1
uk,a2,a2-sagen,tip,1,2,1
uk,a2,a2-sagen,important,1,2,1
uk,a2,a2-sprechen,tip,1,2,1
uk,a2,a2-sprechen,important,1,2,1
uk,a2,a2-gross,tip,1,2,1
uk,a2,a2-gross,important,1,3,1
uk,a2,a2-hoch,tip,1,2,1
uk,a2,a2-hoch,important,1,3,1
uk,a2,a2-klein,tip,1,2,1
uk,a2,a2-klein,important,1,3,1
uk,a2,a2-leise,tip,1,2,1
uk,a2,a2-leise,important,1,3,1
uk,a2,a2-schon,tip,1,2,1
uk,a2,a2-schon,important,1,2,1
uk,a2,a2-noch,tip,1,2,1
uk,a2,a2-noch,important,1,2,1
uk,a2,a2-erst,important,1,2,1
uk,a2,a2-nur,important,1,2,1
uk,a2,a2-ueber,important,1,3,1
uk,a2,a2-drin-drinnen,tip,1,2,1
uk,a2,a2-drin-drinnen,important,1,2,1
uk,a2,a2-gleich,important,1,3,1
uk,a2,a2-auch,tip,1,2,1
uk,a2,a2-auch,important,1,2,1
bg,b1,b1-laut-study,tip,1,2,1
bg,b1,b1-laut-study,important,1,4,1
bg,b1,b1-weil,important,1,3,1
bg,b1,b1-da,important,1,3,1
bg,b1,b1-obwohl,important,1,4,1
bg,b1,b1-trotzdem,important,1,4,1
bg,b1,b1-anstatt-zu,tip,1,2,1
bg,b1,b1-anstatt-zu,important,1,2,1
bg,b1,b1-ohne-zu,tip,1,2,1
bg,b1,b1-ohne-zu,important,1,3,1
bg,b1,b1-erbe,tip,1,2,1
bg,b1,b1-erbe,important,1,4,1
bg,b1,b1-erbe-study,tip,1,2,1
bg,b1,b1-erbe-study,important,1,4,1
bg,b1,b1-schaden,important,1,4,1
bg,b1,b1-schaden-study,tip,1,2,1
bg,b1,b1-schaden-study,important,1,4,1
bg,b1,b1-vertrauen,tip,1,2,1
bg,b1,b1-vertrauen,important,1,4,1
bg,b1,b1-vertrauen-study,tip,1,2,1
bg,b1,b1-vertrauen-study,important,1,4,1
bg,b1,b1-trotz,important,1,4,1
bg,b1,b1-trotz-study,tip,1,2,1
bg,b1,b1-trotz-study,important,1,4,1
bs,b1,b1-laut-study,tip,1,2,1
bs,b1,b1-laut-study,important,1,4,1
bs,b1,b1-weil,important,1,3,1
bs,b1,b1-da,important,1,3,1
bs,b1,b1-obwohl,important,1,4,1
bs,b1,b1-trotzdem,important,1,4,1
bs,b1,b1-anstatt-zu,tip,1,2,1
bs,b1,b1-anstatt-zu,important,1,2,1
bs,b1,b1-ohne-zu,tip,1,2,1
bs,b1,b1-ohne-zu,important,1,3,1
bs,b1,b1-erbe,tip,1,2,1
bs,b1,b1-erbe,important,1,4,1
bs,b1,b1-erbe-study,tip,1,2,1
bs,b1,b1-erbe-study,important,1,4,1
bs,b1,b1-schaden,important,1,4,1
bs,b1,b1-schaden-study,tip,1,2,1
bs,b1,b1-schaden-study,important,1,4,1
bs,b1,b1-vertrauen,tip,1,2,1
bs,b1,b1-vertrauen,important,1,4,1
bs,b1,b1-vertrauen-study,tip,1,2,1
bs,b1,b1-vertrauen-study,important,1,4,1
bs,b1,b1-trotz,important,1,4,1
bs,b1,b1-trotz-study,tip,1,2,1
bs,b1,b1-trotz-study,important,1,4,1
cs,b1,b1-laut-study,tip,1,2,1
cs,b1,b1-weil,important,1,3,1
cs,b1,b1-da,important,1,3,1
cs,b1,b1-obwohl,important,1,4,1
cs,b1,b1-trotzdem,important,1,4,1
cs,b1,b1-anstatt-zu,tip,1,2,1
cs,b1,b1-anstatt-zu,important,1,2,1
cs,b1,b1-ohne-zu,tip,1,2,1
cs,b1,b1-ohne-zu,important,1,3,1
cs,b1,b1-erbe,tip,1,2,1
cs,b1,b1-erbe,important,1,4,1
cs,b1,b1-erbe-study,tip,1,2,1
cs,b1,b1-erbe-study,important,1,4,1
cs,b1,b1-schaden,important,1,4,1
cs,b1,b1-schaden-study,tip,1,2,1
cs,b1,b1-schaden-study,important,1,4,1
cs,b1,b1-vertrauen,tip,1,2,1
cs,b1,b1-vertrauen,important,1,4,1
cs,b1,b1-vertrauen-study,tip,1,2,1
cs,b1,b1-vertrauen-study,important,1,4,1
cs,b1,b1-trotz,important,1,4,1
cs,b1,b1-trotz-study,tip,1,2,1
cs,b1,b1-trotz-study,important,1,4,1
da,b1,b1-laut-study,tip,1,2,1
da,b1,b1-laut-study,important,1,4,1
da,b1,b1-weil,important,1,3,1
da,b1,b1-da,important,1,3,1
da,b1,b1-obwohl,important,1,4,1
da,b1,b1-trotzdem,important,1,4,1
da,b1,b1-anstatt-zu,tip,1,2,1
da,b1,b1-anstatt-zu,important,1,2,1
da,b1,b1-ohne-zu,tip,1,2,1
da,b1,b1-ohne-zu,important,1,3,1
da,b1,b1-erbe,tip,1,2,1
da,b1,b1-erbe,important,1,4,1
da,b1,b1-erbe-study,tip,1,2,1
da,b1,b1-erbe-study,important,1,4,1
da,b1,b1-schaden,important,1,4,1
da,b1,b1-schaden-study,tip,1,2,1
da,b1,b1-schaden-study,important,1,4,1
da,b1,b1-vertrauen,tip,1,2,1
da,b1,b1-vertrauen,important,1,4,1
da,b1,b1-vertrauen-study,tip,1,2,1
da,b1,b1-vertrauen-study,important,1,4,1
da,b1,b1-trotz,important,1,4,1
da,b1,b1-trotz-study,tip,1,2,1
da,b1,b1-trotz-study,important,1,4,1
en,b1,b1-laut-study,tip,1,2,1
en,b1,b1-laut-study,important,1,4,1
en,b1,b1-weil,important,1,3,1
en,b1,b1-da,important,1,3,1
en,b1,b1-obwohl,important,1,4,1
en,b1,b1-trotzdem,important,1,4,1
en,b1,b1-anstatt-zu,tip,1,2,1
en,b1,b1-anstatt-zu,important,1,2,1
en,b1,b1-ohne-zu,tip,1,2,1
en,b1,b1-ohne-zu,important,1,3,1
en,b1,b1-erbe,tip,1,2,1
en,b1,b1-erbe,important,1,4,1
en,b1,b1-erbe-study,tip,1,2,1
en,b1,b1-erbe-study,important,1,4,1
en,b1,b1-schaden,important,1,4,1
en,b1,b1-schaden-study,tip,1,2,1
en,b1,b1-schaden-study,important,1,4,1
en,b1,b1-vertrauen,tip,1,2,1
en,b1,b1-vertrauen,important,1,4,1
en,b1,b1-vertrauen-study,tip,1,2,1
en,b1,b1-vertrauen-study,important,1,4,1
en,b1,b1-trotz,important,1,4,1
en,b1,b1-trotz-study,tip,1,2,1
en,b1,b1-trotz-study,important,1,4,1
es,b1,b1-laut-study,tip,1,2,1
es,b1,b1-laut-study,important,1,4,1
es,b1,b1-weil,important,1,3,1
es,b1,b1-da,important,1,3,1
es,b1,b1-obwohl,important,1,4,1
es,b1,b1-trotzdem,important,1,4,1
es,b1,b1-anstatt-zu,tip,1,2,1
es,b1,b1-anstatt-zu,important,1,2,1
es,b1,b1-ohne-zu,tip,1,2,1
es,b1,b1-ohne-zu,important,1,3,1
es,b1,b1-erbe,tip,1,2,1
es,b1,b1-erbe,important,1,4,1
es,b1,b1-erbe-study,tip,1,2,1
es,b1,b1-erbe-study,important,1,4,1
es,b1,b1-schaden,important,1,4,1
es,b1,b1-schaden-study,tip,1,2,1
es,b1,b1-schaden-study,important,1,4,1
es,b1,b1-vertrauen,tip,1,2,1
es,b1,b1-vertrauen,important,1,4,1
es,b1,b1-vertrauen-study,tip,1,2,1
es,b1,b1-vertrauen-study,important,1,4,1
es,b1,b1-trotz,important,1,4,1
es,b1,b1-trotz-study,tip,1,2,1
es,b1,b1-trotz-study,important,1,4,1
et,b1,b1-laut-study,tip,1,2,1
et,b1,b1-laut-study,important,1,4,1
et,b1,b1-weil,important,1,3,1
et,b1,b1-da,important,1,3,1
et,b1,b1-obwohl,important,1,4,1
et,b1,b1-trotzdem,important,1,4,1
et,b1,b1-anstatt-zu,tip,1,2,1
et,b1,b1-anstatt-zu,important,1,2,1
et,b1,b1-ohne-zu,tip,1,2,1
et,b1,b1-ohne-zu,important,1,3,1
et,b1,b1-erbe,tip,1,2,1
et,b1,b1-erbe,important,1,4,1
et,b1,b1-erbe-study,tip,1,2,1
et,b1,b1-erbe-study,important,1,4,1
et,b1,b1-schaden,important,1,4,1
et,b1,b1-schaden-study,tip,1,2,1
et,b1,b1-schaden-study,important,1,4,1
et,b1,b1-vertrauen,tip,1,2,1
et,b1,b1-vertrauen,important,1,4,1
et,b1,b1-vertrauen-study,tip,1,2,1
et,b1,b1-vertrauen-study,important,1,4,1
et,b1,b1-trotz,important,1,4,1
et,b1,b1-trotz-study,tip,1,2,1
et,b1,b1-trotz-study,important,1,4,1
fi,b1,b1-laut-study,tip,1,2,1
fi,b1,b1-laut-study,important,1,4,1
fi,b1,b1-weil,important,1,3,1
fi,b1,b1-da,important,1,3,1
fi,b1,b1-obwohl,important,1,4,1
fi,b1,b1-trotzdem,important,1,4,1
fi,b1,b1-anstatt-zu,tip,1,2,1
fi,b1,b1-anstatt-zu,important,1,2,1
fi,b1,b1-ohne-zu,tip,1,2,1
fi,b1,b1-ohne-zu,important,1,3,1
fi,b1,b1-erbe,tip,1,2,1
fi,b1,b1-erbe,important,1,4,1
fi,b1,b1-erbe-study,tip,1,2,1
fi,b1,b1-erbe-study,important,1,4,1
fi,b1,b1-schaden,important,1,4,1
fi,b1,b1-schaden-study,tip,1,2,1
fi,b1,b1-schaden-study,important,1,4,1
fi,b1,b1-vertrauen,tip,1,2,1
fi,b1,b1-vertrauen,important,1,4,1
fi,b1,b1-vertrauen-study,tip,1,2,1
fi,b1,b1-vertrauen-study,important,1,4,1
fi,b1,b1-trotz,important,1,4,1
fi,b1,b1-trotz-study,tip,1,2,1
fi,b1,b1-trotz-study,important,1,4,1
fr,b1,b1-laut-study,tip,1,2,1
fr,b1,b1-laut-study,important,1,4,1
fr,b1,b1-weil,important,1,3,1
fr,b1,b1-da,important,1,3,1
fr,b1,b1-obwohl,important,1,4,1
fr,b1,b1-trotzdem,important,1,4,1
fr,b1,b1-anstatt-zu,tip,1,2,1
fr,b1,b1-anstatt-zu,important,1,2,1
fr,b1,b1-ohne-zu,tip,1,2,1
fr,b1,b1-ohne-zu,important,1,3,1
fr,b1,b1-erbe,tip,1,2,1
fr,b1,b1-erbe,important,1,4,1
fr,b1,b1-erbe-study,tip,1,2,1
fr,b1,b1-erbe-study,important,1,4,1
fr,b1,b1-schaden,important,1,4,1
fr,b1,b1-schaden-study,tip,1,2,1
fr,b1,b1-schaden-study,important,1,4,1
fr,b1,b1-vertrauen,tip,1,2,1
fr,b1,b1-vertrauen,important,1,4,1
fr,b1,b1-vertrauen-study,tip,1,2,1
fr,b1,b1-vertrauen-study,important,1,4,1
fr,b1,b1-trotz,important,1,4,1
fr,b1,b1-trotz-study,tip,1,2,1
fr,b1,b1-trotz-study,important,1,4,1
gr,b1,b1-laut-study,tip,1,2,1
gr,b1,b1-laut-study,important,1,4,1
gr,b1,b1-weil,important,1,3,1
gr,b1,b1-da,important,1,3,1
gr,b1,b1-obwohl,important,1,4,1
gr,b1,b1-trotzdem,important,1,4,1
gr,b1,b1-anstatt-zu,tip,1,2,1
gr,b1,b1-anstatt-zu,important,1,2,1
gr,b1,b1-ohne-zu,tip,1,2,1
gr,b1,b1-ohne-zu,important,1,3,1
gr,b1,b1-erbe,tip,1,2,1
gr,b1,b1-erbe,important,1,4,1
gr,b1,b1-erbe-study,tip,1,2,1
gr,b1,b1-erbe-study,important,1,4,1
gr,b1,b1-schaden,important,1,4,1
gr,b1,b1-schaden-study,tip,1,2,1
gr,b1,b1-schaden-study,important,1,4,1
gr,b1,b1-vertrauen,tip,1,2,1
gr,b1,b1-vertrauen,important,1,4,1
gr,b1,b1-vertrauen-study,tip,1,2,1
gr,b1,b1-vertrauen-study,important,1,4,1
gr,b1,b1-trotz,important,1,4,1
gr,b1,b1-trotz-study,tip,1,2,1
gr,b1,b1-trotz-study,important,1,4,1
hr,b1,b1-laut-study,tip,1,2,1
hr,b1,b1-laut-study,important,1,4,1
hr,b1,b1-weil,important,1,3,1
hr,b1,b1-da,important,1,3,1
hr,b1,b1-obwohl,important,1,4,1
hr,b1,b1-trotzdem,important,1,4,1
hr,b1,b1-anstatt-zu,tip,1,2,1
hr,b1,b1-anstatt-zu,important,1,2,1
hr,b1,b1-ohne-zu,tip,1,2,1
hr,b1,b1-ohne-zu,important,1,3,1
hr,b1,b1-erbe,tip,1,2,1
hr,b1,b1-erbe,important,1,4,1
hr,b1,b1-erbe-study,tip,1,2,1
hr,b1,b1-erbe-study,important,1,4,1
hr,b1,b1-schaden,important,1,4,1
hr,b1,b1-schaden-study,tip,1,2,1
hr,b1,b1-schaden-study,important,1,4,1
hr,b1,b1-vertrauen,tip,1,2,1
hr,b1,b1-vertrauen,important,1,4,1
hr,b1,b1-vertrauen-study,tip,1,2,1
hr,b1,b1-vertrauen-study,important,1,4,1
hr,b1,b1-trotz,important,1,4,1
hr,b1,b1-trotz-study,tip,1,2,1
hr,b1,b1-trotz-study,important,1,4,1
hu,b1,b1-laut-study,tip,1,2,1
hu,b1,b1-laut-study,important,1,4,1
hu,b1,b1-weil,important,1,3,1
hu,b1,b1-da,important,1,3,1
hu,b1,b1-obwohl,important,1,4,1
hu,b1,b1-trotzdem,important,1,4,1
hu,b1,b1-anstatt-zu,tip,1,2,1
hu,b1,b1-anstatt-zu,important,1,2,1
hu,b1,b1-ohne-zu,tip,1,2,1
hu,b1,b1-ohne-zu,important,1,3,1
hu,b1,b1-erbe,tip,1,2,1
hu,b1,b1-erbe,important,1,4,1
hu,b1,b1-erbe-study,tip,1,2,1
hu,b1,b1-erbe-study,important,1,4,1
hu,b1,b1-schaden,important,1,4,1
hu,b1,b1-schaden-study,tip,1,2,1
hu,b1,b1-schaden-study,important,1,4,1
hu,b1,b1-vertrauen,tip,1,2,1
hu,b1,b1-vertrauen,important,1,4,1
hu,b1,b1-vertrauen-study,tip,1,2,1
hu,b1,b1-vertrauen-study,important,1,4,1
hu,b1,b1-trotz,important,1,4,1
hu,b1,b1-trotz-study,tip,1,2,1
hu,b1,b1-trotz-study,important,1,4,1
is,b1,b1-laut-study,tip,1,2,1
is,b1,b1-laut-study,important,1,4,1
is,b1,b1-weil,important,1,3,1
is,b1,b1-da,important,1,3,1
is,b1,b1-obwohl,important,1,4,1
is,b1,b1-trotzdem,important,1,4,1
is,b1,b1-anstatt-zu,tip,1,2,1
is,b1,b1-anstatt-zu,important,1,2,1
is,b1,b1-ohne-zu,tip,1,2,1
is,b1,b1-ohne-zu,important,1,3,1
is,b1,b1-erbe,tip,1,2,1
is,b1,b1-erbe,important,1,4,1
is,b1,b1-erbe-study,tip,1,2,1
is,b1,b1-erbe-study,important,1,4,1
is,b1,b1-schaden,important,1,4,1
is,b1,b1-schaden-study,tip,1,2,1
is,b1,b1-schaden-study,important,1,4,1
is,b1,b1-vertrauen,tip,1,2,1
is,b1,b1-vertrauen,important,1,4,1
is,b1,b1-vertrauen-study,tip,1,2,1
is,b1,b1-vertrauen-study,important,1,4,1
is,b1,b1-trotz,important,1,4,1
is,b1,b1-trotz-study,tip,1,2,1
is,b1,b1-trotz-study,important,1,4,1
it,b1,b1-laut-study,tip,1,2,1
it,b1,b1-laut-study,important,1,4,1
it,b1,b1-weil,important,1,3,1
it,b1,b1-da,important,1,3,1
it,b1,b1-obwohl,important,1,4,1
it,b1,b1-trotzdem,important,1,4,1
it,b1,b1-anstatt-zu,tip,1,2,1
it,b1,b1-anstatt-zu,important,1,2,1
it,b1,b1-ohne-zu,tip,1,2,1
it,b1,b1-ohne-zu,important,1,3,1
it,b1,b1-erbe,tip,1,2,1
it,b1,b1-erbe,important,1,4,1
it,b1,b1-erbe-study,tip,1,2,1
it,b1,b1-erbe-study,important,1,4,1
it,b1,b1-schaden,important,1,4,1
it,b1,b1-schaden-study,tip,1,2,1
it,b1,b1-schaden-study,important,1,4,1
it,b1,b1-vertrauen,tip,1,2,1
it,b1,b1-vertrauen,important,1,4,1
it,b1,b1-vertrauen-study,tip,1,2,1
it,b1,b1-vertrauen-study,important,1,4,1
it,b1,b1-trotz,important,1,4,1
it,b1,b1-trotz-study,tip,1,2,1
it,b1,b1-trotz-study,important,1,4,1
lb,b1,b1-laut-study,tip,1,2,1
lb,b1,b1-laut-study,important,1,4,1
lb,b1,b1-weil,important,1,3,1
lb,b1,b1-da,important,1,3,1
lb,b1,b1-obwohl,important,1,4,1
lb,b1,b1-trotzdem,important,1,4,1
lb,b1,b1-anstatt-zu,tip,1,2,1
lb,b1,b1-anstatt-zu,important,1,2,1
lb,b1,b1-ohne-zu,tip,1,2,1
lb,b1,b1-ohne-zu,important,1,3,1
lb,b1,b1-erbe,tip,1,2,1
lb,b1,b1-erbe,important,1,4,1
lb,b1,b1-erbe-study,tip,1,2,1
lb,b1,b1-erbe-study,important,1,4,1
lb,b1,b1-schaden,important,1,4,1
lb,b1,b1-schaden-study,tip,1,2,1
lb,b1,b1-schaden-study,important,1,4,1
lb,b1,b1-vertrauen,tip,1,2,1
lb,b1,b1-vertrauen,important,1,4,1
lb,b1,b1-vertrauen-study,tip,1,2,1
lb,b1,b1-vertrauen-study,important,1,4,1
lb,b1,b1-trotz,important,1,4,1
lb,b1,b1-trotz-study,tip,1,2,1
lb,b1,b1-trotz-study,important,1,4,1
lt,b1,b1-laut-study,tip,1,2,1
lt,b1,b1-laut-study,important,1,4,1
lt,b1,b1-weil,important,1,3,1
lt,b1,b1-da,important,1,3,1
lt,b1,b1-obwohl,important,1,4,1
lt,b1,b1-trotzdem,important,1,4,1
lt,b1,b1-anstatt-zu,tip,1,2,1
lt,b1,b1-anstatt-zu,important,1,2,1
lt,b1,b1-ohne-zu,tip,1,2,1
lt,b1,b1-ohne-zu,important,1,3,1
lt,b1,b1-erbe,tip,1,2,1
lt,b1,b1-erbe,important,1,4,1
lt,b1,b1-erbe-study,tip,1,2,1
lt,b1,b1-erbe-study,important,1,4,1
lt,b1,b1-schaden,important,1,4,1
lt,b1,b1-schaden-study,tip,1,2,1
lt,b1,b1-schaden-study,important,1,4,1
lt,b1,b1-vertrauen,tip,1,2,1
lt,b1,b1-vertrauen,important,1,4,1
lt,b1,b1-vertrauen-study,tip,1,2,1
lt,b1,b1-vertrauen-study,important,1,4,1
lt,b1,b1-trotz,important,1,4,1
lt,b1,b1-trotz-study,tip,1,2,1
lt,b1,b1-trotz-study,important,1,4,1
mk,b1,b1-laut-study,tip,1,2,1
mk,b1,b1-laut-study,important,1,4,1
mk,b1,b1-weil,important,1,3,1
mk,b1,b1-da,important,1,3,1
mk,b1,b1-obwohl,important,1,4,1
mk,b1,b1-trotzdem,important,1,4,1
mk,b1,b1-anstatt-zu,tip,1,2,1
mk,b1,b1-anstatt-zu,important,1,2,1
mk,b1,b1-ohne-zu,tip,1,2,1
mk,b1,b1-ohne-zu,important,1,3,1
mk,b1,b1-erbe,tip,1,2,1
mk,b1,b1-erbe,important,1,4,1
mk,b1,b1-erbe-study,tip,1,2,1
mk,b1,b1-erbe-study,important,1,4,1
mk,b1,b1-schaden,important,1,4,1
mk,b1,b1-schaden-study,tip,1,2,1
mk,b1,b1-schaden-study,important,1,4,1
mk,b1,b1-vertrauen,tip,1,2,1
mk,b1,b1-vertrauen,important,1,4,1
mk,b1,b1-vertrauen-study,tip,1,2,1
mk,b1,b1-vertrauen-study,important,1,4,1
mk,b1,b1-trotz,important,1,4,1
mk,b1,b1-trotz-study,tip,1,2,1
mk,b1,b1-trotz-study,important,1,4,1
nb,b1,b1-laut-study,tip,1,2,1
nb,b1,b1-laut-study,important,1,4,1
nb,b1,b1-weil,important,1,3,1
nb,b1,b1-da,important,1,3,1
nb,b1,b1-obwohl,important,1,4,1
nb,b1,b1-trotzdem,important,1,4,1
nb,b1,b1-anstatt-zu,tip,1,2,1
nb,b1,b1-anstatt-zu,important,1,2,1
nb,b1,b1-ohne-zu,tip,1,2,1
nb,b1,b1-ohne-zu,important,1,3,1
nb,b1,b1-erbe,tip,1,2,1
nb,b1,b1-erbe,important,1,4,1
nb,b1,b1-erbe-study,tip,1,2,1
nb,b1,b1-erbe-study,important,1,4,1
nb,b1,b1-schaden,important,1,4,1
nb,b1,b1-schaden-study,tip,1,2,1
nb,b1,b1-schaden-study,important,1,4,1
nb,b1,b1-vertrauen,tip,1,2,1
nb,b1,b1-vertrauen,important,1,4,1
nb,b1,b1-vertrauen-study,tip,1,2,1
nb,b1,b1-vertrauen-study,important,1,4,1
nb,b1,b1-trotz,important,1,4,1
nb,b1,b1-trotz-study,tip,1,2,1
nb,b1,b1-trotz-study,important,1,4,1
nl,b1,b1-laut-study,tip,1,2,1
nl,b1,b1-laut-study,important,1,4,1
nl,b1,b1-weil,important,1,3,1
nl,b1,b1-da,important,1,3,1
nl,b1,b1-obwohl,important,1,4,1
nl,b1,b1-trotzdem,important,1,4,1
nl,b1,b1-anstatt-zu,tip,1,2,1
nl,b1,b1-anstatt-zu,important,1,2,1
nl,b1,b1-ohne-zu,tip,1,2,1
nl,b1,b1-ohne-zu,important,1,3,1
nl,b1,b1-erbe,tip,1,2,1
nl,b1,b1-erbe,important,1,4,1
nl,b1,b1-erbe-study,tip,1,2,1
nl,b1,b1-erbe-study,important,1,4,1
nl,b1,b1-schaden,important,1,4,1
nl,b1,b1-schaden-study,tip,1,2,1
nl,b1,b1-schaden-study,important,1,4,1
nl,b1,b1-vertrauen,tip,1,2,1
nl,b1,b1-vertrauen,important,1,4,1
nl,b1,b1-vertrauen-study,tip,1,2,1
nl,b1,b1-vertrauen-study,important,1,4,1
nl,b1,b1-trotz,important,1,4,1
nl,b1,b1-trotz-study,tip,1,2,1
nl,b1,b1-trotz-study,important,1,4,1
nn,b1,b1-laut-study,tip,1,2,1
nn,b1,b1-laut-study,important,1,4,1
nn,b1,b1-weil,important,1,3,1
nn,b1,b1-da,important,1,3,1
nn,b1,b1-obwohl,important,1,4,1
nn,b1,b1-trotzdem,important,1,4,1
nn,b1,b1-anstatt-zu,tip,1,2,1
nn,b1,b1-anstatt-zu,important,1,2,1
nn,b1,b1-ohne-zu,tip,1,2,1
nn,b1,b1-ohne-zu,important,1,3,1
nn,b1,b1-erbe,tip,1,2,1
nn,b1,b1-erbe,important,1,4,1
nn,b1,b1-erbe-study,tip,1,2,1
nn,b1,b1-erbe-study,important,1,4,1
nn,b1,b1-schaden,important,1,4,1
nn,b1,b1-schaden-study,tip,1,2,1
nn,b1,b1-schaden-study,important,1,4,1
nn,b1,b1-vertrauen,tip,1,2,1
nn,b1,b1-vertrauen,important,1,4,1
nn,b1,b1-vertrauen-study,tip,1,2,1
nn,b1,b1-vertrauen-study,important,1,4,1
nn,b1,b1-trotz,important,1,4,1
nn,b1,b1-trotz-study,tip,1,2,1
nn,b1,b1-trotz-study,important,1,4,1
pl,b1,b1-laut-study,tip,1,2,1
pl,b1,b1-laut-study,important,1,4,1
pl,b1,b1-weil,important,1,3,1
pl,b1,b1-da,important,1,3,1
pl,b1,b1-obwohl,important,1,4,1
pl,b1,b1-trotzdem,important,1,4,1
pl,b1,b1-anstatt-zu,tip,1,2,1
pl,b1,b1-anstatt-zu,important,1,2,1
pl,b1,b1-ohne-zu,tip,1,2,1
pl,b1,b1-ohne-zu,important,1,3,1
pl,b1,b1-erbe,tip,1,2,1
pl,b1,b1-erbe,important,1,4,1
pl,b1,b1-erbe-study,tip,1,2,1
pl,b1,b1-erbe-study,important,1,4,1
pl,b1,b1-schaden,important,1,4,1
pl,b1,b1-schaden-study,tip,1,2,1
pl,b1,b1-schaden-study,important,1,4,1
pl,b1,b1-vertrauen,tip,1,2,1
pl,b1,b1-vertrauen,important,1,4,1
pl,b1,b1-vertrauen-study,tip,1,2,1
pl,b1,b1-vertrauen-study,important,1,4,1
pl,b1,b1-trotz,important,1,4,1
pl,b1,b1-trotz-study,tip,1,2,1
pl,b1,b1-trotz-study,important,1,4,1
pt,b1,b1-laut-study,tip,1,2,1
pt,b1,b1-laut-study,important,1,4,1
pt,b1,b1-weil,important,1,3,1
pt,b1,b1-da,important,1,3,1
pt,b1,b1-obwohl,important,1,4,1
pt,b1,b1-trotzdem,important,1,4,1
pt,b1,b1-anstatt-zu,tip,1,2,1
pt,b1,b1-anstatt-zu,important,1,2,1
pt,b1,b1-ohne-zu,tip,1,2,1
pt,b1,b1-ohne-zu,important,1,3,1
pt,b1,b1-erbe,tip,1,2,1
pt,b1,b1-erbe,important,1,4,1
pt,b1,b1-erbe-study,tip,1,2,1
pt,b1,b1-erbe-study,important,1,4,1
pt,b1,b1-schaden,important,1,4,1
pt,b1,b1-schaden-study,tip,1,2,1
pt,b1,b1-schaden-study,important,1,4,1
pt,b1,b1-vertrauen,tip,1,2,1
pt,b1,b1-vertrauen,important,1,4,1
pt,b1,b1-vertrauen-study,tip,1,2,1
pt,b1,b1-vertrauen-study,important,1,4,1
pt,b1,b1-trotz,important,1,4,1
pt,b1,b1-trotz-study,tip,1,2,1
pt,b1,b1-trotz-study,important,1,4,1
ro,b1,b1-laut-study,tip,1,2,1
ro,b1,b1-laut-study,important,1,4,1
ro,b1,b1-weil,important,1,3,1
ro,b1,b1-da,important,1,3,1
ro,b1,b1-obwohl,important,1,4,1
ro,b1,b1-trotzdem,important,1,4,1
ro,b1,b1-anstatt-zu,tip,1,2,1
ro,b1,b1-anstatt-zu,important,1,2,1
ro,b1,b1-ohne-zu,tip,1,2,1
ro,b1,b1-ohne-zu,important,1,3,1
ro,b1,b1-erbe,tip,1,2,1
ro,b1,b1-erbe,important,1,4,1
ro,b1,b1-erbe-study,tip,1,2,1
ro,b1,b1-erbe-study,important,1,4,1
ro,b1,b1-schaden,important,1,4,1
ro,b1,b1-schaden-study,tip,1,2,1
ro,b1,b1-schaden-study,important,1,4,1
ro,b1,b1-vertrauen,tip,1,2,1
ro,b1,b1-vertrauen,important,1,4,1
ro,b1,b1-vertrauen-study,tip,1,2,1
ro,b1,b1-vertrauen-study,important,1,4,1
ro,b1,b1-trotz,important,1,4,1
ro,b1,b1-trotz-study,tip,1,2,1
ro,b1,b1-trotz-study,important,1,4,1
ru,b1,b1-laut-study,tip,1,2,1
ru,b1,b1-laut-study,important,1,4,1
ru,b1,b1-weil,important,1,3,1
ru,b1,b1-da,important,1,3,1
ru,b1,b1-obwohl,important,1,4,1
ru,b1,b1-trotzdem,important,1,4,1
ru,b1,b1-anstatt-zu,tip,1,2,1
ru,b1,b1-anstatt-zu,important,1,2,1
ru,b1,b1-ohne-zu,tip,1,2,1
ru,b1,b1-ohne-zu,important,1,3,1
ru,b1,b1-erbe,tip,1,2,1
ru,b1,b1-erbe,important,1,4,1
ru,b1,b1-erbe-study,tip,1,2,1
ru,b1,b1-erbe-study,important,1,4,1
ru,b1,b1-schaden,important,1,4,1
ru,b1,b1-schaden-study,tip,1,2,1
ru,b1,b1-schaden-study,important,1,4,1
ru,b1,b1-vertrauen,tip,1,2,1
ru,b1,b1-vertrauen,important,1,4,1
ru,b1,b1-vertrauen-study,tip,1,2,1
ru,b1,b1-vertrauen-study,important,1,4,1
ru,b1,b1-trotz,important,1,4,1
ru,b1,b1-trotz-study,tip,1,2,1
ru,b1,b1-trotz-study,important,1,4,1
sk,b1,b1-laut-study,tip,1,2,1
sk,b1,b1-laut-study,important,1,4,1
sk,b1,b1-weil,important,1,3,1
sk,b1,b1-da,important,1,3,1
sk,b1,b1-obwohl,important,1,4,1
sk,b1,b1-trotzdem,important,1,4,1
sk,b1,b1-anstatt-zu,tip,1,2,1
sk,b1,b1-anstatt-zu,important,1,2,1
sk,b1,b1-ohne-zu,tip,1,2,1
sk,b1,b1-ohne-zu,important,1,3,1
sk,b1,b1-erbe,tip,1,2,1
sk,b1,b1-erbe,important,1,4,1
sk,b1,b1-erbe-study,tip,1,2,1
sk,b1,b1-erbe-study,important,1,4,1
sk,b1,b1-schaden,important,1,4,1
sk,b1,b1-schaden-study,tip,1,2,1
sk,b1,b1-schaden-study,important,1,4,1
sk,b1,b1-vertrauen,tip,1,2,1
sk,b1,b1-vertrauen,important,1,4,1
sk,b1,b1-vertrauen-study,tip,1,2,1
sk,b1,b1-vertrauen-study,important,1,4,1
sk,b1,b1-trotz,important,1,4,1
sk,b1,b1-trotz-study,tip,1,2,1
sk,b1,b1-trotz-study,important,1,4,1
sl,b1,b1-laut-study,tip,1,2,1
sl,b1,b1-laut-study,important,1,4,1
sl,b1,b1-weil,important,1,3,1
sl,b1,b1-da,important,1,3,1
sl,b1,b1-obwohl,important,1,4,1
sl,b1,b1-trotzdem,important,1,4,1
sl,b1,b1-anstatt-zu,tip,1,2,1
sl,b1,b1-anstatt-zu,important,1,2,1
sl,b1,b1-ohne-zu,tip,1,2,1
sl,b1,b1-ohne-zu,important,1,3,1
sl,b1,b1-erbe,tip,1,2,1
sl,b1,b1-erbe,important,1,4,1
sl,b1,b1-erbe-study,tip,1,2,1
sl,b1,b1-erbe-study,important,1,4,1
sl,b1,b1-schaden,important,1,4,1
sl,b1,b1-schaden-study,tip,1,2,1
sl,b1,b1-schaden-study,important,1,4,1
sl,b1,b1-vertrauen,tip,1,2,1
sl,b1,b1-vertrauen,important,1,4,1
sl,b1,b1-vertrauen-study,tip,1,2,1
sl,b1,b1-vertrauen-study,important,1,4,1
sl,b1,b1-trotz,important,1,4,1
sl,b1,b1-trotz-study,tip,1,2,1
sl,b1,b1-trotz-study,important,1,4,1
sq,b1,b1-laut-study,tip,1,2,1
sq,b1,b1-laut-study,important,1,4,1
sq,b1,b1-weil,important,1,3,1
sq,b1,b1-da,important,1,3,1
sq,b1,b1-obwohl,important,1,4,1
sq,b1,b1-trotzdem,important,1,4,1
sq,b1,b1-anstatt-zu,tip,1,2,1
sq,b1,b1-anstatt-zu,important,1,2,1
sq,b1,b1-ohne-zu,tip,1,2,1
sq,b1,b1-ohne-zu,important,1,3,1
sq,b1,b1-erbe,tip,1,2,1
sq,b1,b1-erbe,important,1,4,1
sq,b1,b1-erbe-study,tip,1,2,1
sq,b1,b1-erbe-study,important,1,4,1
sq,b1,b1-schaden,important,1,4,1
sq,b1,b1-schaden-study,tip,1,2,1
sq,b1,b1-schaden-study,important,1,4,1
sq,b1,b1-vertrauen,tip,1,2,1
sq,b1,b1-vertrauen,important,1,4,1
sq,b1,b1-vertrauen-study,tip,1,2,1
sq,b1,b1-vertrauen-study,important,1,4,1
sq,b1,b1-trotz,important,1,4,1
sq,b1,b1-trotz-study,tip,1,2,1
sq,b1,b1-trotz-study,important,1,4,1
sr,b1,b1-laut-study,tip,1,2,1
sr,b1,b1-laut-study,important,1,4,1
sr,b1,b1-weil,important,1,3,1
sr,b1,b1-da,important,1,3,1
sr,b1,b1-obwohl,important,1,4,1
sr,b1,b1-trotzdem,important,1,4,1
sr,b1,b1-anstatt-zu,tip,1,2,1
sr,b1,b1-anstatt-zu,important,1,2,1
sr,b1,b1-ohne-zu,tip,1,2,1
sr,b1,b1-ohne-zu,important,1,3,1
sr,b1,b1-erbe,tip,1,2,1
sr,b1,b1-erbe,important,1,4,1
sr,b1,b1-erbe-study,tip,1,2,1
sr,b1,b1-erbe-study,important,1,4,1
sr,b1,b1-schaden,important,1,4,1
sr,b1,b1-schaden-study,tip,1,2,1
sr,b1,b1-schaden-study,important,1,4,1
sr,b1,b1-vertrauen,tip,1,2,1
sr,b1,b1-vertrauen,important,1,4,1
sr,b1,b1-vertrauen-study,tip,1,2,1
sr,b1,b1-vertrauen-study,important,1,4,1
sr,b1,b1-trotz,important,1,4,1
sr,b1,b1-trotz-study,tip,1,2,1
sr,b1,b1-trotz-study,important,1,4,1
sv,b1,b1-laut-study,tip,1,2,1
sv,b1,b1-laut-study,important,1,4,1
sv,b1,b1-weil,important,1,3,1
sv,b1,b1-da,important,1,3,1
sv,b1,b1-obwohl,important,1,4,1
sv,b1,b1-trotzdem,important,1,4,1
sv,b1,b1-anstatt-zu,tip,1,2,1
sv,b1,b1-anstatt-zu,important,1,2,1
sv,b1,b1-ohne-zu,tip,1,2,1
sv,b1,b1-ohne-zu,important,1,3,1
sv,b1,b1-erbe,tip,1,2,1
sv,b1,b1-erbe,important,1,4,1
sv,b1,b1-erbe-study,tip,1,2,1
sv,b1,b1-erbe-study,important,1,4,1
sv,b1,b1-schaden,important,1,4,1
sv,b1,b1-schaden-study,tip,1,2,1
sv,b1,b1-schaden-study,important,1,4,1
sv,b1,b1-vertrauen,tip,1,2,1
sv,b1,b1-vertrauen,important,1,4,1
sv,b1,b1-vertrauen-study,tip,1,2,1
sv,b1,b1-vertrauen-study,important,1,4,1
sv,b1,b1-trotz,important,1,4,1
sv,b1,b1-trotz-study,tip,1,2,1
sv,b1,b1-trotz-study,important,1,4,1
tr,b1,b1-laut-study,tip,1,2,1
tr,b1,b1-laut-study,important,1,4,1
tr,b1,b1-weil,important,1,3,1
tr,b1,b1-da,important,1,3,1
tr,b1,b1-obwohl,important,1,4,1
tr,b1,b1-trotzdem,important,1,4,1
tr,b1,b1-anstatt-zu,tip,1,2,1
tr,b1,b1-anstatt-zu,important,1,2,1
tr,b1,b1-ohne-zu,tip,1,2,1
tr,b1,b1-ohne-zu,important,1,3,1
tr,b1,b1-erbe,tip,1,2,1
tr,b1,b1-erbe,important,1,4,1
tr,b1,b1-erbe-study,tip,1,2,1
tr,b1,b1-erbe-study,important,1,4,1
tr,b1,b1-schaden,important,1,4,1
tr,b1,b1-schaden-study,tip,1,2,1
tr,b1,b1-schaden-study,important,1,4,1
tr,b1,b1-vertrauen,tip,1,2,1
tr,b1,b1-vertrauen,important,1,4,1
tr,b1,b1-vertrauen-study,tip,1,2,1
tr,b1,b1-vertrauen-study,important,1,4,1
tr,b1,b1-trotz,important,1,4,1
tr,b1,b1-trotz-study,tip,1,2,1
tr,b1,b1-trotz-study,important,1,4,1
uk,b1,b1-laut-study,tip,1,2,1
uk,b1,b1-laut-study,important,1,4,1
uk,b1,b1-weil,important,1,3,1
uk,b1,b1-da,important,1,3,1
uk,b1,b1-obwohl,important,1,4,1
uk,b1,b1-trotzdem,important,1,4,1
uk,b1,b1-anstatt-zu,tip,1,2,1
uk,b1,b1-anstatt-zu,important,1,2,1
uk,b1,b1-ohne-zu,tip,1,2,1
uk,b1,b1-ohne-zu,important,1,3,1
uk,b1,b1-erbe,tip,1,2,1
uk,b1,b1-erbe,important,1,4,1
uk,b1,b1-erbe-study,tip,1,2,1
uk,b1,b1-erbe-study,important,1,4,1
uk,b1,b1-schaden,important,1,4,1
uk,b1,b1-schaden-study,tip,1,2,1
uk,b1,b1-schaden-study,important,1,4,1
uk,b1,b1-vertrauen,tip,1,2,1
uk,b1,b1-vertrauen,important,1,4,1
uk,b1,b1-vertrauen-study,tip,1,2,1
uk,b1,b1-vertrauen-study,important,1,4,1
uk,b1,b1-trotz,important,1,4,1
uk,b1,b1-trotz-study,tip,1,2,1
uk,b1,b1-trotz-study,important,1,4,1
bg,b2,b2-aendern,important,1,3,1
bg,b2,b2-wechseln,important,1,3,1
bg,b2,b2-bieten,important,1,2,1
bg,b2,b2-fordern,important,1,3,1
bg,b2,b2-foerdern,important,1,3,1
bs,b2,b2-aendern,important,1,3,1
bs,b2,b2-wechseln,important,1,3,1
bs,b2,b2-bieten,important,1,2,1
bs,b2,b2-fordern,important,1,3,1
bs,b2,b2-foerdern,important,1,3,1
cs,b2,b2-aendern,important,1,3,1
cs,b2,b2-wechseln,important,1,3,1
cs,b2,b2-bieten,important,1,2,1
cs,b2,b2-fordern,important,1,3,1
cs,b2,b2-foerdern,important,1,3,1
da,b2,b2-aendern,important,1,3,1
da,b2,b2-wechseln,important,1,3,1
da,b2,b2-bieten,important,1,2,1
da,b2,b2-fordern,important,1,3,1
da,b2,b2-foerdern,important,1,3,1
en,b2,b2-aendern,important,1,3,1
en,b2,b2-wechseln,important,1,3,1
en,b2,b2-bieten,important,1,2,1
en,b2,b2-fordern,important,1,3,1
en,b2,b2-foerdern,important,1,3,1
es,b2,b2-aendern,important,1,3,1
es,b2,b2-wechseln,important,1,3,1
es,b2,b2-bieten,important,1,2,1
es,b2,b2-fordern,important,1,3,1
es,b2,b2-foerdern,important,1,3,1
et,b2,b2-aendern,important,1,3,1
et,b2,b2-wechseln,important,1,3,1
et,b2,b2-bieten,important,1,2,1
et,b2,b2-fordern,important,1,3,1
et,b2,b2-foerdern,important,1,3,1
fi,b2,b2-aendern,important,1,3,1
fi,b2,b2-wechseln,important,1,3,1
fi,b2,b2-bieten,important,1,2,1
fi,b2,b2-fordern,important,1,3,1
fi,b2,b2-foerdern,important,1,3,1
fr,b2,b2-aendern,important,1,3,1
fr,b2,b2-wechseln,important,1,3,1
fr,b2,b2-bieten,important,1,2,1
fr,b2,b2-fordern,important,1,3,1
fr,b2,b2-foerdern,important,1,3,1
gr,b2,b2-aendern,important,1,3,1
gr,b2,b2-wechseln,important,1,3,1
gr,b2,b2-bieten,important,1,2,1
gr,b2,b2-fordern,important,1,3,1
gr,b2,b2-foerdern,important,1,3,1
hr,b2,b2-aendern,important,1,3,1
hr,b2,b2-wechseln,important,1,3,1
hr,b2,b2-bieten,important,1,2,1
hr,b2,b2-fordern,important,1,3,1
hr,b2,b2-foerdern,important,1,3,1
hu,b2,b2-aendern,important,1,3,1
hu,b2,b2-wechseln,important,1,3,1
hu,b2,b2-bieten,important,1,2,1
hu,b2,b2-fordern,important,1,3,1
hu,b2,b2-foerdern,important,1,3,1
is,b2,b2-aendern,important,1,3,1
is,b2,b2-wechseln,important,1,3,1
is,b2,b2-bieten,important,1,2,1
is,b2,b2-fordern,important,1,3,1
is,b2,b2-foerdern,important,1,3,1
it,b2,b2-aendern,important,1,3,1
it,b2,b2-wechseln,important,1,3,1
it,b2,b2-bieten,important,1,2,1
it,b2,b2-fordern,important,1,3,1
it,b2,b2-foerdern,important,1,3,1
lb,b2,b2-aendern,important,1,3,1
lb,b2,b2-wechseln,important,1,3,1
lb,b2,b2-bieten,important,1,2,1
lb,b2,b2-fordern,important,1,3,1
lb,b2,b2-foerdern,important,1,3,1
lt,b2,b2-aendern,important,1,3,1
lt,b2,b2-wechseln,important,1,3,1
lt,b2,b2-bieten,important,1,2,1
lt,b2,b2-fordern,important,1,3,1
lt,b2,b2-foerdern,important,1,3,1
mk,b2,b2-aendern,important,1,3,1
mk,b2,b2-wechseln,important,1,3,1
mk,b2,b2-bieten,important,1,2,1
mk,b2,b2-fordern,important,1,3,1
mk,b2,b2-foerdern,important,1,3,1
nb,b2,b2-aendern,important,1,3,1
nb,b2,b2-wechseln,important,1,3,1
nb,b2,b2-bieten,important,1,2,1
nb,b2,b2-fordern,important,1,3,1
nb,b2,b2-foerdern,important,1,3,1
nl,b2,b2-aendern,important,1,3,1
nl,b2,b2-wechseln,important,1,3,1
nl,b2,b2-bieten,important,1,2,1
nl,b2,b2-fordern,important,1,3,1
nl,b2,b2-foerdern,important,1,3,1
nn,b2,b2-aendern,important,1,3,1
nn,b2,b2-wechseln,important,1,3,1
nn,b2,b2-bieten,important,1,2,1
nn,b2,b2-fordern,important,1,3,1
nn,b2,b2-foerdern,important,1,3,1
pl,b2,b2-aendern,important,1,3,1
pl,b2,b2-wechseln,important,1,3,1
pl,b2,b2-bieten,important,1,2,1
pl,b2,b2-fordern,important,1,3,1
pl,b2,b2-foerdern,important,1,3,1
pt,b2,b2-aendern,important,1,3,1
pt,b2,b2-wechseln,important,1,3,1
pt,b2,b2-bieten,important,1,2,1
pt,b2,b2-fordern,important,1,3,1
pt,b2,b2-foerdern,important,1,3,1
ro,b2,b2-aendern,important,1,3,1
ro,b2,b2-wechseln,important,1,3,1
ro,b2,b2-bieten,important,1,2,1
ro,b2,b2-fordern,important,1,3,1
ro,b2,b2-foerdern,important,1,3,1
ru,b2,b2-aendern,important,1,3,1
ru,b2,b2-wechseln,important,1,3,1
ru,b2,b2-bieten,important,1,2,1
ru,b2,b2-fordern,important,1,3,1
ru,b2,b2-foerdern,important,1,3,1
sk,b2,b2-aendern,important,1,3,1
sk,b2,b2-wechseln,important,1,3,1
sk,b2,b2-bieten,important,1,2,1
sk,b2,b2-fordern,important,1,3,1
sk,b2,b2-foerdern,important,1,3,1
sl,b2,b2-aendern,important,1,3,1
sl,b2,b2-wechseln,important,1,3,1
sl,b2,b2-bieten,important,1,2,1
sl,b2,b2-fordern,important,1,3,1
sl,b2,b2-foerdern,important,1,3,1
sq,b2,b2-aendern,important,1,3,1
sq,b2,b2-wechseln,important,1,3,1
sq,b2,b2-bieten,important,1,2,1
sq,b2,b2-fordern,important,1,3,1
sq,b2,b2-foerdern,important,1,3,1
sr,b2,b2-aendern,important,1,3,1
sr,b2,b2-wechseln,important,1,3,1
sr,b2,b2-bieten,important,1,2,1
sr,b2,b2-fordern,important,1,3,1
sr,b2,b2-foerdern,important,1,3,1
sv,b2,b2-aendern,important,1,3,1
sv,b2,b2-wechseln,important,1,3,1
sv,b2,b2-bieten,important,1,2,1
sv,b2,b2-fordern,important,1,3,1
sv,b2,b2-foerdern,important,1,3,1
tr,b2,b2-aendern,important,1,3,1
tr,b2,b2-wechseln,important,1,3,1
tr,b2,b2-bieten,important,1,2,1
tr,b2,b2-fordern,important,1,3,1
tr,b2,b2-foerdern,important,1,3,1
uk,b2,b2-aendern,important,1,3,1
uk,b2,b2-wechseln,important,1,3,1
uk,b2,b2-bieten,important,1,2,1
uk,b2,b2-fordern,important,1,3,1
uk,b2,b2-foerdern,important,1,3,1
bg,c1,c1-beziehen-sich-beziehen-auf,important,1,2,1
bg,c1,c1-beabsichtigen,important,1,4,1
bg,c1,c1-unterstellen,important,1,3,1
bg,c1,c1-voraussetzen,tip,1,2,1
bg,c1,c1-voraussetzen,important,1,3,1
bg,c1,c1-bewahren,important,1,3,1
bg,c1,c1-aufrechterhalten,tip,1,2,1
bg,c1,c1-aufrechterhalten,important,1,3,1
bs,c1,c1-beziehen-sich-beziehen-auf,important,1,2,1
bs,c1,c1-beabsichtigen,important,1,4,1
bs,c1,c1-unterstellen,important,1,3,1
bs,c1,c1-voraussetzen,tip,1,2,1
bs,c1,c1-voraussetzen,important,1,3,1
bs,c1,c1-bewahren,important,1,3,1
bs,c1,c1-aufrechterhalten,tip,1,2,1
bs,c1,c1-aufrechterhalten,important,1,3,1
cs,c1,c1-beziehen-sich-beziehen-auf,important,1,2,1
cs,c1,c1-beabsichtigen,important,1,4,1
cs,c1,c1-unterstellen,important,1,3,1
cs,c1,c1-voraussetzen,tip,1,2,1
cs,c1,c1-voraussetzen,important,1,3,1
cs,c1,c1-bewahren,important,1,3,1
cs,c1,c1-aufrechterhalten,tip,1,2,1
cs,c1,c1-aufrechterhalten,important,1,3,1
da,c1,c1-beziehen-sich-beziehen-auf,important,1,2,1
da,c1,c1-beabsichtigen,important,1,4,1
da,c1,c1-unterstellen,important,1,3,1
da,c1,c1-voraussetzen,tip,1,2,1
da,c1,c1-voraussetzen,important,1,3,1
da,c1,c1-bewahren,important,1,3,1
da,c1,c1-aufrechterhalten,tip,1,2,1
da,c1,c1-aufrechterhalten,important,1,3,1
en,c1,c1-beziehen-sich-beziehen-auf,important,1,2,1
en,c1,c1-beabsichtigen,important,1,4,1
en,c1,c1-unterstellen,important,1,3,1
en,c1,c1-voraussetzen,tip,1,2,1
en,c1,c1-voraussetzen,important,1,3,1
en,c1,c1-bewahren,important,1,3,1
en,c1,c1-aufrechterhalten,tip,1,2,1
en,c1,c1-aufrechterhalten,important,1,3,1
es,c1,c1-beziehen-sich-beziehen-auf,important,1,2,1
es,c1,c1-beabsichtigen,important,1,4,1
es,c1,c1-unterstellen,important,1,3,1
es,c1,c1-voraussetzen,tip,1,2,1
es,c1,c1-voraussetzen,important,1,3,1
es,c1,c1-bewahren,important,1,3,1
es,c1,c1-aufrechterhalten,tip,1,2,1
es,c1,c1-aufrechterhalten,important,1,3,1
et,c1,c1-beziehen-sich-beziehen-auf,important,1,2,1
et,c1,c1-beabsichtigen,important,1,4,1
et,c1,c1-unterstellen,important,1,3,1
et,c1,c1-voraussetzen,tip,1,2,1
et,c1,c1-voraussetzen,important,1,3,1
et,c1,c1-bewahren,important,1,3,1
et,c1,c1-aufrechterhalten,tip,1,2,1
et,c1,c1-aufrechterhalten,important,1,3,1
fi,c1,c1-beziehen-sich-beziehen-auf,important,1,2,1
fi,c1,c1-beabsichtigen,important,1,4,1
fi,c1,c1-unterstellen,important,1,3,1
fi,c1,c1-voraussetzen,tip,1,2,1
fi,c1,c1-voraussetzen,important,1,3,1
fi,c1,c1-bewahren,important,1,3,1
fi,c1,c1-aufrechterhalten,tip,1,2,1
fi,c1,c1-aufrechterhalten,important,1,3,1
fr,c1,c1-beziehen-sich-beziehen-auf,important,1,2,1
fr,c1,c1-beabsichtigen,important,1,4,1
fr,c1,c1-unterstellen,important,1,3,1
fr,c1,c1-voraussetzen,tip,1,2,1
fr,c1,c1-voraussetzen,important,1,3,1
fr,c1,c1-bewahren,important,1,3,1
fr,c1,c1-aufrechterhalten,tip,1,2,1
fr,c1,c1-aufrechterhalten,important,1,3,1
gr,c1,c1-beziehen-sich-beziehen-auf,important,1,2,1
gr,c1,c1-beabsichtigen,important,1,4,1
gr,c1,c1-unterstellen,important,1,3,1
gr,c1,c1-voraussetzen,tip,1,2,1
gr,c1,c1-voraussetzen,important,1,3,1
gr,c1,c1-bewahren,important,1,3,1
gr,c1,c1-aufrechterhalten,tip,1,2,1
gr,c1,c1-aufrechterhalten,important,1,3,1
hr,c1,c1-beziehen-sich-beziehen-auf,important,1,2,1
hr,c1,c1-beabsichtigen,important,1,4,1
hr,c1,c1-unterstellen,important,1,3,1
hr,c1,c1-voraussetzen,tip,1,2,1
hr,c1,c1-voraussetzen,important,1,3,1
hr,c1,c1-bewahren,important,1,3,1
hr,c1,c1-aufrechterhalten,tip,1,2,1
hr,c1,c1-aufrechterhalten,important,1,3,1
hu,c1,c1-beziehen-sich-beziehen-auf,important,1,2,1
hu,c1,c1-beabsichtigen,important,1,4,1
hu,c1,c1-unterstellen,important,1,3,1
hu,c1,c1-voraussetzen,tip,1,2,1
hu,c1,c1-voraussetzen,important,1,3,1
hu,c1,c1-bewahren,important,1,3,1
hu,c1,c1-aufrechterhalten,tip,1,2,1
hu,c1,c1-aufrechterhalten,important,1,3,1
is,c1,c1-beziehen-sich-beziehen-auf,important,1,2,1
is,c1,c1-beabsichtigen,important,1,4,1
is,c1,c1-unterstellen,important,1,3,1
is,c1,c1-voraussetzen,tip,1,2,1
is,c1,c1-voraussetzen,important,1,3,1
is,c1,c1-bewahren,important,1,3,1
is,c1,c1-aufrechterhalten,tip,1,2,1
is,c1,c1-aufrechterhalten,important,1,3,1
it,c1,c1-beziehen-sich-beziehen-auf,important,1,2,1
it,c1,c1-beabsichtigen,important,1,4,1
it,c1,c1-unterstellen,important,1,3,1
it,c1,c1-voraussetzen,tip,1,2,1
it,c1,c1-voraussetzen,important,1,3,1
it,c1,c1-bewahren,important,1,3,1
it,c1,c1-aufrechterhalten,tip,1,2,1
it,c1,c1-aufrechterhalten,important,1,3,1
lb,c1,c1-beziehen-sich-beziehen-auf,important,1,2,1
lb,c1,c1-beabsichtigen,important,1,4,1
lb,c1,c1-unterstellen,important,1,3,1
lb,c1,c1-voraussetzen,tip,1,2,1
lb,c1,c1-voraussetzen,important,1,3,1
lb,c1,c1-bewahren,important,1,3,1
lb,c1,c1-aufrechterhalten,tip,1,2,1
lb,c1,c1-aufrechterhalten,important,1,3,1
lt,c1,c1-beziehen-sich-beziehen-auf,important,1,2,1
lt,c1,c1-beabsichtigen,important,1,4,1
lt,c1,c1-unterstellen,important,1,3,1
lt,c1,c1-voraussetzen,tip,1,2,1
lt,c1,c1-voraussetzen,important,1,3,1
lt,c1,c1-bewahren,important,1,3,1
lt,c1,c1-aufrechterhalten,tip,1,2,1
lt,c1,c1-aufrechterhalten,important,1,3,1
mk,c1,c1-beziehen-sich-beziehen-auf,important,1,2,1
mk,c1,c1-beabsichtigen,important,1,4,1
mk,c1,c1-unterstellen,important,1,3,1
mk,c1,c1-voraussetzen,tip,1,2,1
mk,c1,c1-voraussetzen,important,1,3,1
mk,c1,c1-bewahren,important,1,3,1
mk,c1,c1-aufrechterhalten,tip,1,2,1
mk,c1,c1-aufrechterhalten,important,1,3,1
nb,c1,c1-beziehen-sich-beziehen-auf,important,1,2,1
nb,c1,c1-beabsichtigen,important,1,4,1
nb,c1,c1-unterstellen,important,1,3,1
nb,c1,c1-voraussetzen,tip,1,2,1
nb,c1,c1-voraussetzen,important,1,3,1
nb,c1,c1-bewahren,important,1,3,1
nb,c1,c1-aufrechterhalten,tip,1,2,1
nb,c1,c1-aufrechterhalten,important,1,3,1
nl,c1,c1-beziehen-sich-beziehen-auf,important,1,2,1
nl,c1,c1-beabsichtigen,important,1,4,1
nl,c1,c1-unterstellen,important,1,3,1
nl,c1,c1-voraussetzen,tip,1,2,1
nl,c1,c1-voraussetzen,important,1,3,1
nl,c1,c1-bewahren,important,1,3,1
nl,c1,c1-aufrechterhalten,tip,1,2,1
nl,c1,c1-aufrechterhalten,important,1,3,1
nn,c1,c1-beziehen-sich-beziehen-auf,important,1,2,1
nn,c1,c1-beabsichtigen,important,1,4,1
nn,c1,c1-unterstellen,important,1,3,1
nn,c1,c1-voraussetzen,tip,1,2,1
nn,c1,c1-voraussetzen,important,1,3,1
nn,c1,c1-bewahren,important,1,3,1
nn,c1,c1-aufrechterhalten,tip,1,2,1
nn,c1,c1-aufrechterhalten,important,1,3,1
pl,c1,c1-beziehen-sich-beziehen-auf,important,1,2,1
pl,c1,c1-beabsichtigen,important,1,4,1
pl,c1,c1-unterstellen,important,1,3,1
pl,c1,c1-voraussetzen,tip,1,2,1
pl,c1,c1-voraussetzen,important,1,3,1
pl,c1,c1-bewahren,important,1,3,1
pl,c1,c1-aufrechterhalten,tip,1,2,1
pl,c1,c1-aufrechterhalten,important,1,3,1
pt,c1,c1-beziehen-sich-beziehen-auf,important,1,2,1
pt,c1,c1-beabsichtigen,important,1,4,1
pt,c1,c1-unterstellen,important,1,3,1
pt,c1,c1-voraussetzen,tip,1,2,1
pt,c1,c1-voraussetzen,important,1,3,1
pt,c1,c1-bewahren,important,1,3,1
pt,c1,c1-aufrechterhalten,tip,1,2,1
pt,c1,c1-aufrechterhalten,important,1,3,1
ro,c1,c1-beziehen-sich-beziehen-auf,important,1,2,1
ro,c1,c1-beabsichtigen,important,1,4,1
ro,c1,c1-unterstellen,important,1,3,1
ro,c1,c1-voraussetzen,tip,1,2,1
ro,c1,c1-voraussetzen,important,1,3,1
ro,c1,c1-bewahren,important,1,3,1
ro,c1,c1-aufrechterhalten,tip,1,2,1
ro,c1,c1-aufrechterhalten,important,1,3,1
ru,c1,c1-beziehen-sich-beziehen-auf,important,1,2,1
ru,c1,c1-beabsichtigen,important,1,4,1
ru,c1,c1-unterstellen,important,1,3,1
ru,c1,c1-voraussetzen,tip,1,2,1
ru,c1,c1-voraussetzen,important,1,3,1
ru,c1,c1-bewahren,important,1,3,1
ru,c1,c1-aufrechterhalten,tip,1,2,1
ru,c1,c1-aufrechterhalten,important,1,3,1
sk,c1,c1-beziehen-sich-beziehen-auf,important,1,2,1
sk,c1,c1-beabsichtigen,important,1,4,1
sk,c1,c1-unterstellen,important,1,3,1
sk,c1,c1-voraussetzen,tip,1,2,1
sk,c1,c1-voraussetzen,important,1,3,1
sk,c1,c1-bewahren,important,1,3,1
sk,c1,c1-aufrechterhalten,tip,1,2,1
sk,c1,c1-aufrechterhalten,important,1,3,1
sl,c1,c1-beziehen-sich-beziehen-auf,important,1,2,1
sl,c1,c1-beabsichtigen,important,1,4,1
sl,c1,c1-unterstellen,important,1,3,1
sl,c1,c1-voraussetzen,tip,1,2,1
sl,c1,c1-voraussetzen,important,1,3,1
sl,c1,c1-bewahren,important,1,3,1
sl,c1,c1-aufrechterhalten,tip,1,2,1
sl,c1,c1-aufrechterhalten,important,1,3,1
sq,c1,c1-beziehen-sich-beziehen-auf,important,1,2,1
sq,c1,c1-beabsichtigen,important,1,4,1
sq,c1,c1-unterstellen,important,1,3,1
sq,c1,c1-voraussetzen,tip,1,2,1
sq,c1,c1-voraussetzen,important,1,3,1
sq,c1,c1-bewahren,important,1,3,1
sq,c1,c1-aufrechterhalten,tip,1,2,1
sq,c1,c1-aufrechterhalten,important,1,3,1
sr,c1,c1-beziehen-sich-beziehen-auf,important,1,2,1
sr,c1,c1-beabsichtigen,important,1,4,1
sr,c1,c1-unterstellen,important,1,3,1
sr,c1,c1-voraussetzen,tip,1,2,1
sr,c1,c1-voraussetzen,important,1,3,1
sr,c1,c1-bewahren,important,1,3,1
sr,c1,c1-aufrechterhalten,tip,1,2,1
sr,c1,c1-aufrechterhalten,important,1,3,1
sv,c1,c1-beziehen-sich-beziehen-auf,important,1,2,1
sv,c1,c1-beabsichtigen,important,1,4,1
sv,c1,c1-unterstellen,important,1,3,1
sv,c1,c1-voraussetzen,tip,1,2,1
sv,c1,c1-voraussetzen,important,1,3,1
sv,c1,c1-bewahren,important,1,3,1
sv,c1,c1-aufrechterhalten,tip,1,2,1
sv,c1,c1-aufrechterhalten,important,1,3,1
tr,c1,c1-beziehen-sich-beziehen-auf,important,1,2,1
tr,c1,c1-beabsichtigen,important,1,4,1
tr,c1,c1-unterstellen,important,1,3,1
tr,c1,c1-voraussetzen,tip,1,2,1
tr,c1,c1-voraussetzen,important,1,3,1
tr,c1,c1-bewahren,important,1,3,1
tr,c1,c1-aufrechterhalten,tip,1,2,1
tr,c1,c1-aufrechterhalten,important,1,3,1
uk,c1,c1-beziehen-sich-beziehen-auf,important,1,2,1
uk,c1,c1-beabsichtigen,important,1,4,1
uk,c1,c1-unterstellen,important,1,3,1
uk,c1,c1-voraussetzen,tip,1,2,1
uk,c1,c1-voraussetzen,important,1,3,1
uk,c1,c1-bewahren,important,1,3,1
uk,c1,c1-aufrechterhalten,tip,1,2,1
uk,c1,c1-aufrechterhalten,important,1,3,1
