escalation_batch_id,source_batch_id,review_group_id,decision_target_key,finding_member_ids,finding_stable_ids,languages,source_cluster_id,production_file,card_object_id,field_path,lv_source,de_reference,discovery_current,production_current,production_current_mirror,primary_www_parity,proposed,raw_category,canonical_bucket,reason,severity,conflict_status,post_crowdin_state,mapping_resolution,unresolved_category,owner_status,owner_decision,owner_new,owner_note
"ESC-013","BATCH-204","192cb5035a719ca6","192cb5035a719ca6602ffe0be342cdedd4cfd99a5c3741e9eec1d8a7819699a3","G2A1P3-HR-0102","g2/a1/hr|a1-oder|a1.card.a1-oder.native|MULTI_TRANSLATION|deterministic/multi-translation","hr","","crowdin-staging/g2/hr-a1.json","a1-oder","a1.card.a1-oder.native","vai • jeb","oder","Или • Или","Или • Или","Или • Или","PASS","","MULTI_TRANSLATION","MULTI_TRANSLATION_REVIEW_REQUIRED","","MEDIUM","NONE","UNCHANGED_SINCE_DISCOVERY","EXACT_FIELD","MULTI_TRANSLATION_SCALAR_DECISION_REQUIRED","DECIDED","NELABOT","","MULTI_TRANSLATION_VALID: post_crowdin_state=UNCHANGED_SINCE_DISCOVERY; scalar field mapped exactly; production value unchanged since discovery; reviewed target variants are semantically compatible with the DE reference; no COPY-ONLY correction authorized. lang=hr field=a1.card.a1-oder.native mapping=EXACT_FIELD post_crowdin=UNCHANGED_SINCE_DISCOVERY bucket=MULTI_TRANSLATION_REVIEW_REQUIRED production_current=""Или • Или"" de_reference=""oder"""
"ESC-013","BATCH-204","749950631dc40496","749950631dc40496e2f49633a040bff4d803c24ab6167b921a218f16366fab6f","G2A1P3-HR-0103","g2/a1/hr|a1-oder|a1.card.a1-oder.study.translation|MULTI_TRANSLATION|deterministic/multi-translation","hr","","crowdin-staging/g2/hr-a1.json","a1-oder","a1.card.a1-oder.study.translation","vai • jeb","oder","Или • Или","Или • Или","Или • Или","PASS","","MULTI_TRANSLATION","MULTI_TRANSLATION_REVIEW_REQUIRED","","MEDIUM","NONE","UNCHANGED_SINCE_DISCOVERY","EXACT_FIELD","MULTI_TRANSLATION_SCALAR_DECISION_REQUIRED","DECIDED","NELABOT","","MULTI_TRANSLATION_VALID: post_crowdin_state=UNCHANGED_SINCE_DISCOVERY; scalar field mapped exactly; production value unchanged since discovery; reviewed target variants are semantically compatible with the DE reference; no COPY-ONLY correction authorized. lang=hr field=a1.card.a1-oder.study.translation mapping=EXACT_FIELD post_crowdin=UNCHANGED_SINCE_DISCOVERY bucket=MULTI_TRANSLATION_REVIEW_REQUIRED production_current=""Или • Или"" de_reference=""oder"""
"ESC-013","BATCH-204","6be85c10f3ac9a2f","6be85c10f3ac9a2f84029ed02312f6f1bbaf098f641c822b0f73bf6b21b2d552","G2A1P3-HR-0104","g2/a1/hr|a1-passen|a1.card.a1-passen.native|MULTI_TRANSLATION|deterministic/multi-translation","hr","","crowdin-staging/g2/hr-a1.json","a1-passen","a1.card.a1-passen.native","derēt • piestāvēt","passen","Подходящ • Подходящ","Подходящ • Подходящ","Подходящ • Подходящ","PASS","","MULTI_TRANSLATION","MULTI_TRANSLATION_REVIEW_REQUIRED","","MEDIUM","NONE","UNCHANGED_SINCE_DISCOVERY","EXACT_FIELD","MULTI_TRANSLATION_SCALAR_DECISION_REQUIRED","DECIDED","NELABOT","","MULTI_TRANSLATION_VALID: post_crowdin_state=UNCHANGED_SINCE_DISCOVERY; scalar field mapped exactly; production value unchanged since discovery; reviewed target variants are semantically compatible with the DE reference; no COPY-ONLY correction authorized. lang=hr field=a1.card.a1-passen.native mapping=EXACT_FIELD post_crowdin=UNCHANGED_SINCE_DISCOVERY bucket=MULTI_TRANSLATION_REVIEW_REQUIRED production_current=""Подходящ • Подходящ"" de_reference=""passen"""
"ESC-013","BATCH-204","489966e063b07ac6","489966e063b07ac61b71704f2a7dd27ba38d54a30a084ba83cec8fff55d0466c","G2A1P3-HR-0105","g2/a1/hr|a1-passen|a1.card.a1-passen.study.translation|MULTI_TRANSLATION|deterministic/multi-translation","hr","","crowdin-staging/g2/hr-a1.json","a1-passen","a1.card.a1-passen.study.translation","derēt • piestāvēt","passen","Подходящ • Подходящ","Подходящ • Подходящ","Подходящ • Подходящ","PASS","","MULTI_TRANSLATION","MULTI_TRANSLATION_REVIEW_REQUIRED","","MEDIUM","NONE","UNCHANGED_SINCE_DISCOVERY","EXACT_FIELD","MULTI_TRANSLATION_SCALAR_DECISION_REQUIRED","DECIDED","NELABOT","","MULTI_TRANSLATION_VALID: post_crowdin_state=UNCHANGED_SINCE_DISCOVERY; scalar field mapped exactly; production value unchanged since discovery; reviewed target variants are semantically compatible with the DE reference; no COPY-ONLY correction authorized. lang=hr field=a1.card.a1-passen.study.translation mapping=EXACT_FIELD post_crowdin=UNCHANGED_SINCE_DISCOVERY bucket=MULTI_TRANSLATION_REVIEW_REQUIRED production_current=""Подходящ • Подходящ"" de_reference=""passen"""
"ESC-013","BATCH-204","5e8b93b92a47619a","5e8b93b92a47619a25912cb2ecb29a6e1c94e4d965ee4d5a0fe8a621528174d9","G2A1P3-HR-0106","g2/a1/hr|a1-probieren|a1.card.a1-probieren.native|MULTI_TRANSLATION|deterministic/multi-translation","hr","","crowdin-staging/g2/hr-a1.json","a1-probieren","a1.card.a1-probieren.native","izmēģināt • nogaršot","probieren","Опитайте • Опитайте","Опитайте • Опитайте","Опитайте • Опитайте","PASS","","MULTI_TRANSLATION","MULTI_TRANSLATION_REVIEW_REQUIRED","","MEDIUM","NONE","UNCHANGED_SINCE_DISCOVERY","EXACT_FIELD","MULTI_TRANSLATION_SCALAR_DECISION_REQUIRED","DECIDED","NELABOT","","MULTI_TRANSLATION_VALID: post_crowdin_state=UNCHANGED_SINCE_DISCOVERY; scalar field mapped exactly; production value unchanged since discovery; reviewed target variants are semantically compatible with the DE reference; no COPY-ONLY correction authorized. lang=hr field=a1.card.a1-probieren.native mapping=EXACT_FIELD post_crowdin=UNCHANGED_SINCE_DISCOVERY bucket=MULTI_TRANSLATION_REVIEW_REQUIRED production_current=""Опитайте • Опитайте"" de_reference=""probieren"""
"ESC-013","BATCH-205","d80bb8658c76705e","d80bb8658c76705e9324294d92391d3ae38f738d215475e96352056065fda659","G2A1P3-HR-0107","g2/a1/hr|a1-probieren|a1.card.a1-probieren.study.translation|MULTI_TRANSLATION|deterministic/multi-translation","hr","","crowdin-staging/g2/hr-a1.json","a1-probieren","a1.card.a1-probieren.study.translation","izmēģināt • nogaršot","probieren","Опитайте • Опитайте","Опитайте • Опитайте","Опитайте • Опитайте","PASS","","MULTI_TRANSLATION","MULTI_TRANSLATION_REVIEW_REQUIRED","","MEDIUM","NONE","UNCHANGED_SINCE_DISCOVERY","EXACT_FIELD","MULTI_TRANSLATION_SCALAR_DECISION_REQUIRED","DECIDED","NELABOT","","MULTI_TRANSLATION_VALID: post_crowdin_state=UNCHANGED_SINCE_DISCOVERY; scalar field mapped exactly; production value unchanged since discovery; reviewed target variants are semantically compatible with the DE reference; no COPY-ONLY correction authorized. lang=hr field=a1.card.a1-probieren.study.translation mapping=EXACT_FIELD post_crowdin=UNCHANGED_SINCE_DISCOVERY bucket=MULTI_TRANSLATION_REVIEW_REQUIRED production_current=""Опитайте • Опитайте"" de_reference=""probieren"""
"ESC-013","BATCH-205","bf74c3ce5bff983d","bf74c3ce5bff983d8bcadbe6efde7096d3e5639894b304f6b3882ac88a94d4ed","G2A1P3-HR-0108","g2/a1/hr|a1-sehen|a1.card.a1-sehen.study.important[1]|MULTI_TRANSLATION|deterministic/multi-translation","hr","","crowdin-staging/g2/hr-a1.json","a1-sehen","a1.card.a1-sehen.study.important[1]","Ich sehe dich = es tevi redzu; Ich schaue den Film = es skatos filmu.","sehen","Ich sehe dich = Виждам те • Ich schaue den Film = Гледам филм.","Ich sehe dich = Виждам те • Ich schaue den Film = Гледам филм.","Ich sehe dich = Виждам те • Ich schaue den Film = Гледам филм.","PASS","","MULTI_TRANSLATION","MULTI_TRANSLATION_REVIEW_REQUIRED","","MEDIUM","NONE","UNCHANGED_SINCE_DISCOVERY","EXACT_FIELD","MULTI_TRANSLATION_SCALAR_DECISION_REQUIRED","DECIDED","NELABOT","","MULTI_TRANSLATION_VALID: post_crowdin_state=UNCHANGED_SINCE_DISCOVERY; scalar field mapped exactly; production value unchanged since discovery; reviewed target variants are semantically compatible with the DE reference; no COPY-ONLY correction authorized. lang=hr field=a1.card.a1-sehen.study.important[1] mapping=EXACT_FIELD post_crowdin=UNCHANGED_SINCE_DISCOVERY bucket=MULTI_TRANSLATION_REVIEW_REQUIRED production_current=""Ich sehe dich = Виждам те • Ich schaue den Film = Гледам филм."" de_reference=""sehen"""
"ESC-013","BATCH-205","fffc44c4d2e2e553","fffc44c4d2e2e553d76eec41cf5cbd8da7fb3b2aca3eb9e509ea5072c2926b24","G2A1P3-HR-0109","g2/a1/hr|a1-seite|a1.card.a1-seite.native|MULTI_TRANSLATION|deterministic/multi-translation","hr","","crowdin-staging/g2/hr-a1.json","a1-seite","a1.card.a1-seite.native","lappuse • puse","Seite","Страница • Странично","Страница • Странично","Страница • Странично","PASS","","MULTI_TRANSLATION","MULTI_TRANSLATION_REVIEW_REQUIRED","","MEDIUM","NONE","UNCHANGED_SINCE_DISCOVERY","EXACT_FIELD","MULTI_TRANSLATION_SCALAR_DECISION_REQUIRED","DECIDED","NELABOT","","MULTI_TRANSLATION_VALID: post_crowdin_state=UNCHANGED_SINCE_DISCOVERY; scalar field mapped exactly; production value unchanged since discovery; reviewed target variants are semantically compatible with the DE reference; no COPY-ONLY correction authorized. lang=hr field=a1.card.a1-seite.native mapping=EXACT_FIELD post_crowdin=UNCHANGED_SINCE_DISCOVERY bucket=MULTI_TRANSLATION_REVIEW_REQUIRED production_current=""Страница • Странично"" de_reference=""Seite"""
"ESC-013","BATCH-205","eaf8cda69b516b33","eaf8cda69b516b33f1648a342554e7e3a723b81b6b05c45bdd1f53c0293af9fd","G2A1P3-HR-0110","g2/a1/hr|a1-seite|a1.card.a1-seite.study.translation|MULTI_TRANSLATION|deterministic/multi-translation","hr","","crowdin-staging/g2/hr-a1.json","a1-seite","a1.card.a1-seite.study.translation","lappuse • puse","Seite","Страница • Странично","Страница • Странично","Страница • Странично","PASS","","MULTI_TRANSLATION","MULTI_TRANSLATION_REVIEW_REQUIRED","","MEDIUM","NONE","UNCHANGED_SINCE_DISCOVERY","EXACT_FIELD","MULTI_TRANSLATION_SCALAR_DECISION_REQUIRED","DECIDED","NELABOT","","MULTI_TRANSLATION_VALID: post_crowdin_state=UNCHANGED_SINCE_DISCOVERY; scalar field mapped exactly; production value unchanged since discovery; reviewed target variants are semantically compatible with the DE reference; no COPY-ONLY correction authorized. lang=hr field=a1.card.a1-seite.study.translation mapping=EXACT_FIELD post_crowdin=UNCHANGED_SINCE_DISCOVERY bucket=MULTI_TRANSLATION_REVIEW_REQUIRED production_current=""Страница • Странично"" de_reference=""Seite"""
"ESC-013","BATCH-204","659f1bd8a3de988a","659f1bd8a3de988aa47edd8b18df93d2d7fff1b1ca145b7b4e0cbd58cf2e5f6f","G2A1P3-HR-0111","g2/a1/hr|a1-sich|a1.card.a1-sich.native|MULTI_TRANSLATION|deterministic/multi-translation","hr","","crowdin-staging/g2/hr-a1.json","a1-sich","a1.card.a1-sich.native","sevi • sev","sich","Jaz • Jaz","Jaz • Jaz","Jaz • Jaz","PASS","","MULTI_TRANSLATION","MULTI_TRANSLATION_REVIEW_REQUIRED","","MEDIUM","NONE","UNCHANGED_SINCE_DISCOVERY","EXACT_FIELD","MULTI_TRANSLATION_SCALAR_DECISION_REQUIRED","DECIDED","NELABOT","","MULTI_TRANSLATION_VALID: post_crowdin_state=UNCHANGED_SINCE_DISCOVERY; scalar field mapped exactly; production value unchanged since discovery; reviewed target variants are semantically compatible with the DE reference; no COPY-ONLY correction authorized. lang=hr field=a1.card.a1-sich.native mapping=EXACT_FIELD post_crowdin=UNCHANGED_SINCE_DISCOVERY bucket=MULTI_TRANSLATION_REVIEW_REQUIRED production_current=""Jaz • Jaz"" de_reference=""sich"""
"ESC-013","BATCH-204","04ee56a81aa219b7","04ee56a81aa219b79430cfad6c9924b0ddb8882d8543b03bab6b0e5f7b982112","G2A1P3-HR-0112","g2/a1/hr|a1-sich|a1.card.a1-sich.study.translation|MULTI_TRANSLATION|deterministic/multi-translation","hr","","crowdin-staging/g2/hr-a1.json","a1-sich","a1.card.a1-sich.study.translation","sevi • sev","sich","Jaz • Jaz","Jaz • Jaz","Jaz • Jaz","PASS","","MULTI_TRANSLATION","MULTI_TRANSLATION_REVIEW_REQUIRED","","MEDIUM","NONE","UNCHANGED_SINCE_DISCOVERY","EXACT_FIELD","MULTI_TRANSLATION_SCALAR_DECISION_REQUIRED","DECIDED","NELABOT","","MULTI_TRANSLATION_VALID: post_crowdin_state=UNCHANGED_SINCE_DISCOVERY; scalar field mapped exactly; production value unchanged since discovery; reviewed target variants are semantically compatible with the DE reference; no COPY-ONLY correction authorized. lang=hr field=a1.card.a1-sich.study.translation mapping=EXACT_FIELD post_crowdin=UNCHANGED_SINCE_DISCOVERY bucket=MULTI_TRANSLATION_REVIEW_REQUIRED production_current=""Jaz • Jaz"" de_reference=""sich"""
"ESC-013","BATCH-205","abf59f890ee91f79","abf59f890ee91f798eed951cbbf37018f67467b134df1ca23e4e7d26e74dae47","G2A1P3-HR-0113","g2/a1/hr|a1-sicher|a1.card.a1-sicher.native|MULTI_TRANSLATION|deterministic/multi-translation","hr","","crowdin-staging/g2/hr-a1.json","a1-sicher","a1.card.a1-sicher.native","drošs • noteikti","sicher","Безопасно • Разбира се","Безопасно • Разбира се","Безопасно • Разбира се","PASS","","MULTI_TRANSLATION","MULTI_TRANSLATION_REVIEW_REQUIRED","","MEDIUM","NONE","UNCHANGED_SINCE_DISCOVERY","EXACT_FIELD","MULTI_TRANSLATION_SCALAR_DECISION_REQUIRED","DECIDED","NELABOT","","MULTI_TRANSLATION_VALID: post_crowdin_state=UNCHANGED_SINCE_DISCOVERY; scalar field mapped exactly; production value unchanged since discovery; reviewed target variants are semantically compatible with the DE reference; no COPY-ONLY correction authorized. lang=hr field=a1.card.a1-sicher.native mapping=EXACT_FIELD post_crowdin=UNCHANGED_SINCE_DISCOVERY bucket=MULTI_TRANSLATION_REVIEW_REQUIRED production_current=""Безопасно • Разбира се"" de_reference=""sicher"""
"ESC-013","BATCH-205","a067d05a15ad1d2b","a067d05a15ad1d2b745af0e91af82c68a8edfb2dafb161e369f757ee70b0c395","G2A1P3-HR-0114","g2/a1/hr|a1-sicher|a1.card.a1-sicher.study.translation|MULTI_TRANSLATION|deterministic/multi-translation","hr","","crowdin-staging/g2/hr-a1.json","a1-sicher","a1.card.a1-sicher.study.translation","drošs • noteikti","sicher","Безопасно • Разбира се","Безопасно • Разбира се","Безопасно • Разбира се","PASS","","MULTI_TRANSLATION","MULTI_TRANSLATION_REVIEW_REQUIRED","","MEDIUM","NONE","UNCHANGED_SINCE_DISCOVERY","EXACT_FIELD","MULTI_TRANSLATION_SCALAR_DECISION_REQUIRED","DECIDED","NELABOT","","MULTI_TRANSLATION_VALID: post_crowdin_state=UNCHANGED_SINCE_DISCOVERY; scalar field mapped exactly; production value unchanged since discovery; reviewed target variants are semantically compatible with the DE reference; no COPY-ONLY correction authorized. lang=hr field=a1.card.a1-sicher.study.translation mapping=EXACT_FIELD post_crowdin=UNCHANGED_SINCE_DISCOVERY bucket=MULTI_TRANSLATION_REVIEW_REQUIRED production_current=""Безопасно • Разбира се"" de_reference=""sicher"""
"ESC-013","BATCH-205","fc95b8e705b22c44","fc95b8e705b22c44483320bd861e152ef28935223971b1f17a111e6b63bf92aa","G2A1P3-HR-0115","g2/a1/hr|a1-ueber|a1.card.a1-ueber.native|MULTI_TRANSLATION|deterministic/multi-translation","hr","","crowdin-staging/g2/hr-a1.json","a1-ueber","a1.card.a1-ueber.native","virs • par","über","Още • За","Още • За","Още • За","PASS","","MULTI_TRANSLATION","MULTI_TRANSLATION_REVIEW_REQUIRED","","MEDIUM","NONE","UNCHANGED_SINCE_DISCOVERY","EXACT_FIELD","MULTI_TRANSLATION_SCALAR_DECISION_REQUIRED","DECIDED","NELABOT","","MULTI_TRANSLATION_VALID: post_crowdin_state=UNCHANGED_SINCE_DISCOVERY; scalar field mapped exactly; production value unchanged since discovery; reviewed target variants are semantically compatible with the DE reference; no COPY-ONLY correction authorized. lang=hr field=a1.card.a1-ueber.native mapping=EXACT_FIELD post_crowdin=UNCHANGED_SINCE_DISCOVERY bucket=MULTI_TRANSLATION_REVIEW_REQUIRED production_current=""Още • За"" de_reference=""über"""
"ESC-013","BATCH-205","9a98e95a5602b9e2","9a98e95a5602b9e2033cbf4d8ea383f269d90f2df8d2d81180980606489de913","G2A1P3-HR-0116","g2/a1/hr|a1-ueber|a1.card.a1-ueber.study.translation|MULTI_TRANSLATION|deterministic/multi-translation","hr","","crowdin-staging/g2/hr-a1.json","a1-ueber","a1.card.a1-ueber.study.translation","virs • par","über","Още • За","Още • За","Още • За","PASS","","MULTI_TRANSLATION","MULTI_TRANSLATION_REVIEW_REQUIRED","","MEDIUM","NONE","UNCHANGED_SINCE_DISCOVERY","EXACT_FIELD","MULTI_TRANSLATION_SCALAR_DECISION_REQUIRED","DECIDED","NELABOT","","MULTI_TRANSLATION_VALID: post_crowdin_state=UNCHANGED_SINCE_DISCOVERY; scalar field mapped exactly; production value unchanged since discovery; reviewed target variants are semantically compatible with the DE reference; no COPY-ONLY correction authorized. lang=hr field=a1.card.a1-ueber.study.translation mapping=EXACT_FIELD post_crowdin=UNCHANGED_SINCE_DISCOVERY bucket=MULTI_TRANSLATION_REVIEW_REQUIRED production_current=""Още • За"" de_reference=""über"""
"ESC-013","BATCH-205","9f9d00afc5d80148","9f9d00afc5d801485eecae8c2e2b30a5f278d9f7d7c2fdd40f482b90018da11d","G2A1P3-HR-0117","g2/a1/hr|a1-uhr|a1.card.a1-uhr.study.examples[5].native|MULTI_TRANSLATION|deterministic/multi-translation","hr","","crowdin-staging/g2/hr-a1.json","a1-uhr","a1.card.a1-uhr.study.examples[5].native","pulkstenis","Uhr","Устройство/час на часовника • Di Zeit","","","PASS","","MULTI_TRANSLATION","MULTI_TRANSLATION_REVIEW_REQUIRED","","MEDIUM","NONE","CONFIRMED_FIELD_ABSENT","CONFIRMED_FIELD_ABSENT","CONFIRMED_FIELD_ABSENT_NO_PRODUCTION_TARGET","PENDING","","","OWNER_REVIEW_REQUIRED: CONFIRMED_FIELD_ABSENT_NO_PRODUCTION_TARGET. mapping=CONFIRMED_FIELD_ABSENT bucket=MULTI_TRANSLATION_REVIEW_REQUIRED lang=hr field=a1.card.a1-uhr.study.examples[5].native confirmed field absent in current production schema; LABOT apply target does not exist. production_current is empty; exact COPY-ONLY correction cannot be authorized without a resolved scalar target."
"ESC-013","BATCH-204","6ad7842eea954738","6ad7842eea954738106ee2dea117114f787e0a0de27b9497441f8087f114aab1","G2A1P3-HR-0118","g2/a1/hr|a1-um|a1.card.a1-um.native|MULTI_TRANSLATION|deterministic/multi-translation","hr","","crowdin-staging/g2/hr-a1.json","a1-um","a1.card.a1-um.native","ap • pulksten","um","Околу • Часови","Околу • Часови","Околу • Часови","PASS","","MULTI_TRANSLATION","MULTI_TRANSLATION_REVIEW_REQUIRED","","MEDIUM","NONE","UNCHANGED_SINCE_DISCOVERY","EXACT_FIELD","MULTI_TRANSLATION_SCALAR_DECISION_REQUIRED","DECIDED","NELABOT","","MULTI_TRANSLATION_VALID: post_crowdin_state=UNCHANGED_SINCE_DISCOVERY; scalar field mapped exactly; production value unchanged since discovery; reviewed target variants are semantically compatible with the DE reference; no COPY-ONLY correction authorized. lang=hr field=a1.card.a1-um.native mapping=EXACT_FIELD post_crowdin=UNCHANGED_SINCE_DISCOVERY bucket=MULTI_TRANSLATION_REVIEW_REQUIRED production_current=""Околу • Часови"" de_reference=""um"""
"ESC-013","BATCH-205","e7a997b681399ffd","e7a997b681399ffd0ecaaee7adfc488c90ce69f53aa0b6786f85e49656b53047","G2A1P3-HR-0119","g2/a1/hr|a1-um|a1.card.a1-um.study.translation|MULTI_TRANSLATION|deterministic/multi-translation","hr","","crowdin-staging/g2/hr-a1.json","a1-um","a1.card.a1-um.study.translation","ap • pulksten","um","Околу • Часови","Околу • Часови","Околу • Часови","PASS","","MULTI_TRANSLATION","MULTI_TRANSLATION_REVIEW_REQUIRED","","MEDIUM","NONE","UNCHANGED_SINCE_DISCOVERY","EXACT_FIELD","MULTI_TRANSLATION_SCALAR_DECISION_REQUIRED","DECIDED","NELABOT","","MULTI_TRANSLATION_VALID: post_crowdin_state=UNCHANGED_SINCE_DISCOVERY; scalar field mapped exactly; production value unchanged since discovery; reviewed target variants are semantically compatible with the DE reference; no COPY-ONLY correction authorized. lang=hr field=a1.card.a1-um.study.translation mapping=EXACT_FIELD post_crowdin=UNCHANGED_SINCE_DISCOVERY bucket=MULTI_TRANSLATION_REVIEW_REQUIRED production_current=""Околу • Часови"" de_reference=""um"""
"ESC-013","BATCH-204","05911087a88cfe05","05911087a88cfe05cf9719b996812f5a7c5d56194a95f204c9c2c4f45daead24","G2A1P3-HR-0120","g2/a1/hr|a1-verstehen|a1.card.a1-verstehen.study.explanation[2]|MULTI_TRANSLATION|deterministic/multi-translation","hr","","crowdin-staging/g2/hr-a1.json","a1-verstehen","a1.card.a1-verstehen.study.explanation[2]","Latviski šeit parasti nevajag “prast” vai “mācēt”; tie biežāk ir können.","verstehen","Тук обикновено не е необходимо да „знаете“ или „учите“ латвийски език • Те са по-често Können.","Тук обикновено не е необходимо да „знаете“ или „учите“ латвийски език • Те са по-често Können.","Тук обикновено не е необходимо да „знаете“ или „учите“ латвийски език • Те са по-често Können.","PASS","","MULTI_TRANSLATION","MULTI_TRANSLATION_REVIEW_REQUIRED","","MEDIUM","NONE","UNCHANGED_SINCE_DISCOVERY","EXACT_FIELD","MULTI_TRANSLATION_SCALAR_DECISION_REQUIRED","DECIDED","NELABOT","","MULTI_TRANSLATION_VALID: post_crowdin_state=UNCHANGED_SINCE_DISCOVERY; scalar field mapped exactly; production value unchanged since discovery; reviewed target variants are semantically compatible with the DE reference; no COPY-ONLY correction authorized. lang=hr field=a1.card.a1-verstehen.study.explanation[2] mapping=EXACT_FIELD post_crowdin=UNCHANGED_SINCE_DISCOVERY bucket=MULTI_TRANSLATION_REVIEW_REQUIRED production_current=""Тук обикновено не е необходимо да „знаете“ или „учите“ латвийски език • Те са по-често Können."" de_reference=""verstehen"""
"ESC-013","BATCH-204","0259e2d963bf0f07","0259e2d963bf0f07a2a9faed60feb854959293ad202ff1183adb58f27664838c","G2A1P3-HR-0121","g2/a1/hr|a1-vor|a1.card.a1-vor.native|MULTI_TRANSLATION|deterministic/multi-translation","hr","","crowdin-staging/g2/hr-a1.json","a1-vor","a1.card.a1-vor.native","pirms • priekšā","vor","Преди • Преди","Преди • Преди","Преди • Преди","PASS","","MULTI_TRANSLATION","MULTI_TRANSLATION_REVIEW_REQUIRED","","MEDIUM","NONE","UNCHANGED_SINCE_DISCOVERY","EXACT_FIELD","MULTI_TRANSLATION_SCALAR_DECISION_REQUIRED","DECIDED","NELABOT","","MULTI_TRANSLATION_VALID: post_crowdin_state=UNCHANGED_SINCE_DISCOVERY; scalar field mapped exactly; production value unchanged since discovery; reviewed target variants are semantically compatible with the DE reference; no COPY-ONLY correction authorized. lang=hr field=a1.card.a1-vor.native mapping=EXACT_FIELD post_crowdin=UNCHANGED_SINCE_DISCOVERY bucket=MULTI_TRANSLATION_REVIEW_REQUIRED production_current=""Преди • Преди"" de_reference=""vor"""
"ESC-013","BATCH-205","a86d3f36646cc4cc","a86d3f36646cc4cc83a3d47ce838ced672969fd8d91b53ec556321c9db6133f5","G2A1P3-HR-0122","g2/a1/hr|a1-vor|a1.card.a1-vor.study.important[1]|MULTI_TRANSLATION|deterministic/multi-translation","hr","","crowdin-staging/g2/hr-a1.json","a1-vor","a1.card.a1-vor.study.important[1]","vor dem Essen = pirms ēšanas; vor dem Haus = mājas priekšā.","vor","Vor dem Essen = pred obroki • Vor dem Haus = pred hišo.","Vor dem Essen = pred obroki • Vor dem Haus = pred hišo.","Vor dem Essen = pred obroki • Vor dem Haus = pred hišo.","PASS","","MULTI_TRANSLATION","MULTI_TRANSLATION_REVIEW_REQUIRED","","MEDIUM","NONE","UNCHANGED_SINCE_DISCOVERY","EXACT_FIELD","MULTI_TRANSLATION_SCALAR_DECISION_REQUIRED","DECIDED","NELABOT","","MULTI_TRANSLATION_VALID: post_crowdin_state=UNCHANGED_SINCE_DISCOVERY; scalar field mapped exactly; production value unchanged since discovery; reviewed target variants are semantically compatible with the DE reference; no COPY-ONLY correction authorized. lang=hr field=a1.card.a1-vor.study.important[1] mapping=EXACT_FIELD post_crowdin=UNCHANGED_SINCE_DISCOVERY bucket=MULTI_TRANSLATION_REVIEW_REQUIRED production_current=""Vor dem Essen = pred obroki • Vor dem Haus = pred hišo."" de_reference=""vor"""
"ESC-013","BATCH-204","3615c0ff025242c5","3615c0ff025242c547f1cffd40ce0a31575407115612ef32331d455a76f7a5a4","G2A1P3-HR-0123","g2/a1/hr|a1-vor|a1.card.a1-vor.study.translation|MULTI_TRANSLATION|deterministic/multi-translation","hr","","crowdin-staging/g2/hr-a1.json","a1-vor","a1.card.a1-vor.study.translation","pirms • priekšā","vor","Преди • Преди","Преди • Преди","Преди • Преди","PASS","","MULTI_TRANSLATION","MULTI_TRANSLATION_REVIEW_REQUIRED","","MEDIUM","NONE","UNCHANGED_SINCE_DISCOVERY","EXACT_FIELD","MULTI_TRANSLATION_SCALAR_DECISION_REQUIRED","DECIDED","NELABOT","","MULTI_TRANSLATION_VALID: post_crowdin_state=UNCHANGED_SINCE_DISCOVERY; scalar field mapped exactly; production value unchanged since discovery; reviewed target variants are semantically compatible with the DE reference; no COPY-ONLY correction authorized. lang=hr field=a1.card.a1-vor.study.translation mapping=EXACT_FIELD post_crowdin=UNCHANGED_SINCE_DISCOVERY bucket=MULTI_TRANSLATION_REVIEW_REQUIRED production_current=""Преди • Преди"" de_reference=""vor"""
"ESC-013","BATCH-205","99f9a9233528b18a","99f9a9233528b18a523b40277bf91bb0ff0e31766e08a1f1d5052f43d3581801","G2A1P3-HR-0124","g2/a1/hr|a1-was|a1.card.a1-was.native|MULTI_TRANSLATION|deterministic/multi-translation","hr","","crowdin-staging/g2/hr-a1.json","a1-was","a1.card.a1-was.native","kas • ko","was","Кой • Какво","Кой • Какво","Кой • Какво","PASS","","MULTI_TRANSLATION","MULTI_TRANSLATION_REVIEW_REQUIRED","","MEDIUM","NONE","UNCHANGED_SINCE_DISCOVERY","EXACT_FIELD","MULTI_TRANSLATION_SCALAR_DECISION_REQUIRED","DECIDED","NELABOT","","MULTI_TRANSLATION_VALID: post_crowdin_state=UNCHANGED_SINCE_DISCOVERY; scalar field mapped exactly; production value unchanged since discovery; reviewed target variants are semantically compatible with the DE reference; no COPY-ONLY correction authorized. lang=hr field=a1.card.a1-was.native mapping=EXACT_FIELD post_crowdin=UNCHANGED_SINCE_DISCOVERY bucket=MULTI_TRANSLATION_REVIEW_REQUIRED production_current=""Кой • Какво"" de_reference=""was"""
"ESC-013","BATCH-204","2ada62aa10134504","2ada62aa101345044078a7e84cc272c9f7db6da82180718b57dd5b9c5796bed2","G2A1P3-HR-0125","g2/a1/hr|a1-was|a1.card.a1-was.study.tip[1]|MULTI_TRANSLATION|deterministic/multi-translation","hr","","crowdin-staging/g2/hr-a1.json","a1-was","a1.card.a1-was.study.tip[1]","Ātrs triks: ja uz jautājumu var atbildēt ar 'Tas ir ...', lieto kas; ja atbilde nāk pēc darbības vārda kā papildinājums, lieto ko.","was","Брз трик: Ако на прашањето може да се одговори со „Тоа е...“, употребете who • Ако одговорот доаѓа по глаголот како предмет, користете ko.","Брз трик: Ако на прашањето може да се одговори со „Тоа е...“, употребете who • Ако одговорот доаѓа по глаголот како предмет, користете ko.","Брз трик: Ако на прашањето може да се одговори со „Тоа е...“, употребете who • Ако одговорот доаѓа по глаголот како предмет, користете ko.","PASS","","MULTI_TRANSLATION","MULTI_TRANSLATION_REVIEW_REQUIRED","","MEDIUM","NONE","UNCHANGED_SINCE_DISCOVERY","EXACT_FIELD","MULTI_TRANSLATION_SCALAR_DECISION_REQUIRED","DECIDED","NELABOT","","MULTI_TRANSLATION_VALID: post_crowdin_state=UNCHANGED_SINCE_DISCOVERY; scalar field mapped exactly; production value unchanged since discovery; reviewed target variants are semantically compatible with the DE reference; no COPY-ONLY correction authorized. lang=hr field=a1.card.a1-was.study.tip[1] mapping=EXACT_FIELD post_crowdin=UNCHANGED_SINCE_DISCOVERY bucket=MULTI_TRANSLATION_REVIEW_REQUIRED production_current=""Брз трик: Ако на прашањето може да се одговори со „Тоа е...“, употребете who • Ако одговорот доаѓа по глаголот како п..."" de_reference=""was"""
"ESC-013","BATCH-205","bea9f8b8eef0e2a1","bea9f8b8eef0e2a1ff4f377e6fb72f7c0428f451d82d6b5fc22fb860ff5a54ad","G2A1P3-HR-0126","g2/a1/hr|a1-was|a1.card.a1-was.study.translation|MULTI_TRANSLATION|deterministic/multi-translation","hr","","crowdin-staging/g2/hr-a1.json","a1-was","a1.card.a1-was.study.translation","kas • ko","was","Кой • Какво","Кой • Какво","Кой • Какво","PASS","","MULTI_TRANSLATION","MULTI_TRANSLATION_REVIEW_REQUIRED","","MEDIUM","NONE","UNCHANGED_SINCE_DISCOVERY","EXACT_FIELD","MULTI_TRANSLATION_SCALAR_DECISION_REQUIRED","DECIDED","NELABOT","","MULTI_TRANSLATION_VALID: post_crowdin_state=UNCHANGED_SINCE_DISCOVERY; scalar field mapped exactly; production value unchanged since discovery; reviewed target variants are semantically compatible with the DE reference; no COPY-ONLY correction authorized. lang=hr field=a1.card.a1-was.study.translation mapping=EXACT_FIELD post_crowdin=UNCHANGED_SINCE_DISCOVERY bucket=MULTI_TRANSLATION_REVIEW_REQUIRED production_current=""Кой • Какво"" de_reference=""was"""
"ESC-013","BATCH-204","3b62e755f9bde215","3b62e755f9bde215ca4832a52008b9a2fe87b7e91a78a784f6d01f80a74eb81f","G2A1P3-HR-0127","g2/a1/hr|a1-wenn|a1.card.a1-wenn.native|MULTI_TRANSLATION|deterministic/multi-translation","hr","","crowdin-staging/g2/hr-a1.json","a1-wenn","a1.card.a1-wenn.native","ja • kad","wenn","Če • Kdaj","Če • Kdaj","Če • Kdaj","PASS","","MULTI_TRANSLATION","MULTI_TRANSLATION_REVIEW_REQUIRED","","MEDIUM","NONE","UNCHANGED_SINCE_DISCOVERY","EXACT_FIELD","MULTI_TRANSLATION_SCALAR_DECISION_REQUIRED","DECIDED","NELABOT","","MULTI_TRANSLATION_VALID: post_crowdin_state=UNCHANGED_SINCE_DISCOVERY; scalar field mapped exactly; production value unchanged since discovery; reviewed target variants are semantically compatible with the DE reference; no COPY-ONLY correction authorized. lang=hr field=a1.card.a1-wenn.native mapping=EXACT_FIELD post_crowdin=UNCHANGED_SINCE_DISCOVERY bucket=MULTI_TRANSLATION_REVIEW_REQUIRED production_current=""Če • Kdaj"" de_reference=""wenn"""
"ESC-013","BATCH-204","1541debaaf2da227","1541debaaf2da227138ef4540a03d6cbd6376b5e8819012a03289838df12ebc4","G2A1P3-HR-0128","g2/a1/hr|a1-wenn|a1.card.a1-wenn.study.translation|MULTI_TRANSLATION|deterministic/multi-translation","hr","","crowdin-staging/g2/hr-a1.json","a1-wenn","a1.card.a1-wenn.study.translation","ja • kad","wenn","Če • Kdaj","Če • Kdaj","Če • Kdaj","PASS","","MULTI_TRANSLATION","MULTI_TRANSLATION_REVIEW_REQUIRED","","MEDIUM","NONE","UNCHANGED_SINCE_DISCOVERY","EXACT_FIELD","MULTI_TRANSLATION_SCALAR_DECISION_REQUIRED","DECIDED","NELABOT","","MULTI_TRANSLATION_VALID: post_crowdin_state=UNCHANGED_SINCE_DISCOVERY; scalar field mapped exactly; production value unchanged since discovery; reviewed target variants are semantically compatible with the DE reference; no COPY-ONLY correction authorized. lang=hr field=a1.card.a1-wenn.study.translation mapping=EXACT_FIELD post_crowdin=UNCHANGED_SINCE_DISCOVERY bucket=MULTI_TRANSLATION_REVIEW_REQUIRED production_current=""Če • Kdaj"" de_reference=""wenn"""
"ESC-013","BATCH-205","e76a69375a6d7b0d","e76a69375a6d7b0d2cb763d06a502d2b26d73b0947353c93feb28ace6427aaab","G2A1P3-HR-0129","g2/a1/hr|a1-wer|a1.card.a1-wer.native|MULTI_TRANSLATION|deterministic/multi-translation","hr","","crowdin-staging/g2/hr-a1.json","a1-wer","a1.card.a1-wer.native","kas • kurš","wer","Кой • Кой","Кой • Кой","Кой • Кой","PASS","","MULTI_TRANSLATION","MULTI_TRANSLATION_REVIEW_REQUIRED","","MEDIUM","NONE","UNCHANGED_SINCE_DISCOVERY","EXACT_FIELD","MULTI_TRANSLATION_SCALAR_DECISION_REQUIRED","DECIDED","NELABOT","","MULTI_TRANSLATION_VALID: post_crowdin_state=UNCHANGED_SINCE_DISCOVERY; scalar field mapped exactly; production value unchanged since discovery; reviewed target variants are semantically compatible with the DE reference; no COPY-ONLY correction authorized. lang=hr field=a1.card.a1-wer.native mapping=EXACT_FIELD post_crowdin=UNCHANGED_SINCE_DISCOVERY bucket=MULTI_TRANSLATION_REVIEW_REQUIRED production_current=""Кой • Кой"" de_reference=""wer"""
"ESC-013","BATCH-204","535eee7fe92be714","535eee7fe92be7148f18b56d8bdb976c2d12d081703e31f2f412dc976eae4344","G2A1P3-HR-0130","g2/a1/hr|a1-wer|a1.card.a1-wer.study.translation|MULTI_TRANSLATION|deterministic/multi-translation","hr","","crowdin-staging/g2/hr-a1.json","a1-wer","a1.card.a1-wer.study.translation","kas • kurš","wer","Кой • Кой","Кой • Кой","Кой • Кой","PASS","","MULTI_TRANSLATION","MULTI_TRANSLATION_REVIEW_REQUIRED","","MEDIUM","NONE","UNCHANGED_SINCE_DISCOVERY","EXACT_FIELD","MULTI_TRANSLATION_SCALAR_DECISION_REQUIRED","DECIDED","NELABOT","","MULTI_TRANSLATION_VALID: post_crowdin_state=UNCHANGED_SINCE_DISCOVERY; scalar field mapped exactly; production value unchanged since discovery; reviewed target variants are semantically compatible with the DE reference; no COPY-ONLY correction authorized. lang=hr field=a1.card.a1-wer.study.translation mapping=EXACT_FIELD post_crowdin=UNCHANGED_SINCE_DISCOVERY bucket=MULTI_TRANSLATION_REVIEW_REQUIRED production_current=""Кой • Кой"" de_reference=""wer"""
"ESC-013","BATCH-205","c89e4d9fb0ed38f0","c89e4d9fb0ed38f023fe35f1c7e9e4c4d93ac046c998b9da44f4c678b258f7ed","G2A1P3-HR-0131","g2/a1/hr|a1-werden|a1.card.a1-werden.study.important[1]|MULTI_TRANSLATION|deterministic/multi-translation","hr","","crowdin-staging/g2/hr-a1.json","a1-werden","a1.card.a1-werden.study.important[1]","Ich werde müde = es kļūstu noguris; Ich bin müde = es esmu noguris.","werden","Ich werde müde = Umoran sam • Ich bin müde = Umoran sam.","Ich werde müde = Umoran sam • Ich bin müde = Umoran sam.","Ich werde müde = Umoran sam • Ich bin müde = Umoran sam.","PASS","","MULTI_TRANSLATION","MULTI_TRANSLATION_REVIEW_REQUIRED","","MEDIUM","NONE","UNCHANGED_SINCE_DISCOVERY","EXACT_FIELD","MULTI_TRANSLATION_SCALAR_DECISION_REQUIRED","DECIDED","NELABOT","","MULTI_TRANSLATION_VALID: post_crowdin_state=UNCHANGED_SINCE_DISCOVERY; scalar field mapped exactly; production value unchanged since discovery; reviewed target variants are semantically compatible with the DE reference; no COPY-ONLY correction authorized. lang=hr field=a1.card.a1-werden.study.important[1] mapping=EXACT_FIELD post_crowdin=UNCHANGED_SINCE_DISCOVERY bucket=MULTI_TRANSLATION_REVIEW_REQUIRED production_current=""Ich werde müde = Umoran sam • Ich bin müde = Umoran sam."" de_reference=""werden"""
"ESC-013","BATCH-205","c56854ca771b2e55","c56854ca771b2e55588d96709a0ca2aca385f68f5bb1d59dc9a9e1726bcb6982","G2A1P3-HR-0132","g2/a1/hr|a1-wie|a1.card.a1-wie.native|MULTI_TRANSLATION|deterministic/multi-translation","hr","","crowdin-staging/g2/hr-a1.json","a1-wie","a1.card.a1-wie.native","kā • cik","wie","Kako • Kuk","Kako • Kuk","Kako • Kuk","PASS","","MULTI_TRANSLATION","MULTI_TRANSLATION_REVIEW_REQUIRED","","MEDIUM","NONE","UNCHANGED_SINCE_DISCOVERY","EXACT_FIELD","MULTI_TRANSLATION_SCALAR_DECISION_REQUIRED","DECIDED","NELABOT","","MULTI_TRANSLATION_VALID: post_crowdin_state=UNCHANGED_SINCE_DISCOVERY; scalar field mapped exactly; production value unchanged since discovery; reviewed target variants are semantically compatible with the DE reference; no COPY-ONLY correction authorized. lang=hr field=a1.card.a1-wie.native mapping=EXACT_FIELD post_crowdin=UNCHANGED_SINCE_DISCOVERY bucket=MULTI_TRANSLATION_REVIEW_REQUIRED production_current=""Kako • Kuk"" de_reference=""wie"""
"ESC-013","BATCH-204","7a76eee6f572a22a","7a76eee6f572a22abeebdf97e5f1b13584b71f4d0bd086aab773cf9d209b9853","G2A1P3-HR-0133","g2/a1/hr|a1-wie|a1.card.a1-wie.study.explanation[3]|MULTI_TRANSLATION|deterministic/multi-translation","hr","","crowdin-staging/g2/hr-a1.json","a1-wie","a1.card.a1-wie.study.explanation[3]","wie viel(e) nozīmē cik daudz; wie alt nozīmē cik vecs; wie lange nozīmē cik ilgi.","wie","Wie viel(e) означава колко • Wie alt означава колко години • Wie Lange означава „колко дълго“.","Wie viel(e) означава колко • Wie alt означава колко години • Wie Lange означава „колко дълго“.","Wie viel(e) означава колко • Wie alt означава колко години • Wie Lange означава „колко дълго“.","PASS","","MULTI_TRANSLATION","MULTI_TRANSLATION_REVIEW_REQUIRED","","MEDIUM","NONE","UNCHANGED_SINCE_DISCOVERY","EXACT_FIELD","MULTI_TRANSLATION_SCALAR_DECISION_REQUIRED","DECIDED","NELABOT","","MULTI_TRANSLATION_VALID: post_crowdin_state=UNCHANGED_SINCE_DISCOVERY; scalar field mapped exactly; production value unchanged since discovery; reviewed target variants are semantically compatible with the DE reference; no COPY-ONLY correction authorized. lang=hr field=a1.card.a1-wie.study.explanation[3] mapping=EXACT_FIELD post_crowdin=UNCHANGED_SINCE_DISCOVERY bucket=MULTI_TRANSLATION_REVIEW_REQUIRED production_current=""Wie viel(e) означава колко • Wie alt означава колко години • Wie Lange означава „колко дълго“."" de_reference=""wie"""
"ESC-013","BATCH-205","e695628c3aa9780e","e695628c3aa9780e5a31210296e88294a304de7beb388fdefff46461f802a990","G2A1P3-HR-0134","g2/a1/hr|a1-wie|a1.card.a1-wie.study.important[0]|MULTI_TRANSLATION|deterministic/multi-translation","hr","","crowdin-staging/g2/hr-a1.json","a1-wie","a1.card.a1-wie.study.important[0]","wie viel(e) = cik daudz; wie alt = cik vecs; wie lange = cik ilgi.","wie","Wie viel(e) = koliko • Wie alt = koliko let • Wie lange = koliko časa.","Wie viel(e) = koliko • Wie alt = koliko let • Wie lange = koliko časa.","Wie viel(e) = koliko • Wie alt = koliko let • Wie lange = koliko časa.","PASS","","MULTI_TRANSLATION","MULTI_TRANSLATION_REVIEW_REQUIRED","","MEDIUM","NONE","UNCHANGED_SINCE_DISCOVERY","EXACT_FIELD","MULTI_TRANSLATION_SCALAR_DECISION_REQUIRED","DECIDED","NELABOT","","MULTI_TRANSLATION_VALID: post_crowdin_state=UNCHANGED_SINCE_DISCOVERY; scalar field mapped exactly; production value unchanged since discovery; reviewed target variants are semantically compatible with the DE reference; no COPY-ONLY correction authorized. lang=hr field=a1.card.a1-wie.study.important[0] mapping=EXACT_FIELD post_crowdin=UNCHANGED_SINCE_DISCOVERY bucket=MULTI_TRANSLATION_REVIEW_REQUIRED production_current=""Wie viel(e) = koliko • Wie alt = koliko let • Wie lange = koliko časa."" de_reference=""wie"""
"ESC-013","BATCH-204","1fd360a7dbcdcdaf","1fd360a7dbcdcdaf21bf13c1c30701fc71144a3c2980abd4c352f08735290f01","G2A1P3-HR-0135","g2/a1/hr|a1-wie|a1.card.a1-wie.study.tip[0]|MULTI_TRANSLATION|deterministic/multi-translation","hr","","crowdin-staging/g2/hr-a1.json","a1-wie","a1.card.a1-wie.study.tip[0]","wie pati par sevi = kā (veids); wie + īpašības vārds (viel/alt/lange) = cik (apjoms).","wie","Wie само по себе си = как (начин) • Wie + прилагателно (viel/alt/lange) = колко (количество).","Wie само по себе си = как (начин) • Wie + прилагателно (viel/alt/lange) = колко (количество).","Wie само по себе си = как (начин) • Wie + прилагателно (viel/alt/lange) = колко (количество).","PASS","","MULTI_TRANSLATION","MULTI_TRANSLATION_REVIEW_REQUIRED","","MEDIUM","NONE","UNCHANGED_SINCE_DISCOVERY","EXACT_FIELD","MULTI_TRANSLATION_SCALAR_DECISION_REQUIRED","DECIDED","NELABOT","","MULTI_TRANSLATION_VALID: post_crowdin_state=UNCHANGED_SINCE_DISCOVERY; scalar field mapped exactly; production value unchanged since discovery; reviewed target variants are semantically compatible with the DE reference; no COPY-ONLY correction authorized. lang=hr field=a1.card.a1-wie.study.tip[0] mapping=EXACT_FIELD post_crowdin=UNCHANGED_SINCE_DISCOVERY bucket=MULTI_TRANSLATION_REVIEW_REQUIRED production_current=""Wie само по себе си = как (начин) • Wie + прилагателно (viel/alt/lange) = колко (количество)."" de_reference=""wie"""
"ESC-013","BATCH-205","a84e44fbb9bc2e3a","a84e44fbb9bc2e3aee07532fb4456dc23afcc0f820ed97ccff4ab0c88c170de9","G2A1P3-HR-0136","g2/a1/hr|a1-wie|a1.card.a1-wie.study.translation|MULTI_TRANSLATION|deterministic/multi-translation","hr","","crowdin-staging/g2/hr-a1.json","a1-wie","a1.card.a1-wie.study.translation","kā • cik","wie","Kako • Kuk","Kako • Kuk","Kako • Kuk","PASS","","MULTI_TRANSLATION","MULTI_TRANSLATION_REVIEW_REQUIRED","","MEDIUM","NONE","UNCHANGED_SINCE_DISCOVERY","EXACT_FIELD","MULTI_TRANSLATION_SCALAR_DECISION_REQUIRED","DECIDED","NELABOT","","MULTI_TRANSLATION_VALID: post_crowdin_state=UNCHANGED_SINCE_DISCOVERY; scalar field mapped exactly; production value unchanged since discovery; reviewed target variants are semantically compatible with the DE reference; no COPY-ONLY correction authorized. lang=hr field=a1.card.a1-wie.study.translation mapping=EXACT_FIELD post_crowdin=UNCHANGED_SINCE_DISCOVERY bucket=MULTI_TRANSLATION_REVIEW_REQUIRED production_current=""Kako • Kuk"" de_reference=""wie"""
"ESC-013","BATCH-204","7c0e948b1c1359b3","7c0e948b1c1359b39126654c541b023483bece25029976c8be130720782896d0","G2A1P3-HR-0137","g2/a1/hr|a1-zu|a1.card.a1-zu.native|MULTI_TRANSLATION|deterministic/multi-translation","hr","","crowdin-staging/g2/hr-a1.json","a1-zu","a1.card.a1-zu.native","uz • pie","zu","K • V","K • V","K • V","PASS","","MULTI_TRANSLATION","MULTI_TRANSLATION_REVIEW_REQUIRED","","MEDIUM","NONE","UNCHANGED_SINCE_DISCOVERY","EXACT_FIELD","MULTI_TRANSLATION_SCALAR_DECISION_REQUIRED","DECIDED","NELABOT","","MULTI_TRANSLATION_VALID: post_crowdin_state=UNCHANGED_SINCE_DISCOVERY; scalar field mapped exactly; production value unchanged since discovery; reviewed target variants are semantically compatible with the DE reference; no COPY-ONLY correction authorized. lang=hr field=a1.card.a1-zu.native mapping=EXACT_FIELD post_crowdin=UNCHANGED_SINCE_DISCOVERY bucket=MULTI_TRANSLATION_REVIEW_REQUIRED production_current=""K • V"" de_reference=""zu"""
"ESC-013","BATCH-204","321c1eb8bb4595f0","321c1eb8bb4595f094909f2c3a369b09fba8994c0f075aedff5be99b88e3d2d9","G2A1P3-HR-0138","g2/a1/hr|a1-zu|a1.card.a1-zu.study.translation|MULTI_TRANSLATION|deterministic/multi-translation","hr","","crowdin-staging/g2/hr-a1.json","a1-zu","a1.card.a1-zu.study.translation","uz • pie","zu","K • V","K • V","K • V","PASS","","MULTI_TRANSLATION","MULTI_TRANSLATION_REVIEW_REQUIRED","","MEDIUM","NONE","UNCHANGED_SINCE_DISCOVERY","EXACT_FIELD","MULTI_TRANSLATION_SCALAR_DECISION_REQUIRED","DECIDED","NELABOT","","MULTI_TRANSLATION_VALID: post_crowdin_state=UNCHANGED_SINCE_DISCOVERY; scalar field mapped exactly; production value unchanged since discovery; reviewed target variants are semantically compatible with the DE reference; no COPY-ONLY correction authorized. lang=hr field=a1.card.a1-zu.study.translation mapping=EXACT_FIELD post_crowdin=UNCHANGED_SINCE_DISCOVERY bucket=MULTI_TRANSLATION_REVIEW_REQUIRED production_current=""K • V"" de_reference=""zu"""
"ESC-013","BATCH-204","09052f92956ced45","09052f92956ced459626c9ca0002b538995be58c7fda306d0a32310f89787e08","G2A1P3-HR-0139","g2/a1/hr|a1-zum|a1.card.a1-zum.native|MULTI_TRANSLATION|deterministic/multi-translation","hr","","crowdin-staging/g2/hr-a1.json","a1-zum","a1.card.a1-zum.native","uz • pie","zum","K • V","K • V","K • V","PASS","","MULTI_TRANSLATION","MULTI_TRANSLATION_REVIEW_REQUIRED","","MEDIUM","NONE","UNCHANGED_SINCE_DISCOVERY","EXACT_FIELD","MULTI_TRANSLATION_SCALAR_DECISION_REQUIRED","DECIDED","NELABOT","","MULTI_TRANSLATION_VALID: post_crowdin_state=UNCHANGED_SINCE_DISCOVERY; scalar field mapped exactly; production value unchanged since discovery; reviewed target variants are semantically compatible with the DE reference; no COPY-ONLY correction authorized. lang=hr field=a1.card.a1-zum.native mapping=EXACT_FIELD post_crowdin=UNCHANGED_SINCE_DISCOVERY bucket=MULTI_TRANSLATION_REVIEW_REQUIRED production_current=""K • V"" de_reference=""zum"""
"ESC-013","BATCH-204","52cfa034890615db","52cfa034890615db04a7f716cdcc244673d659afb7bee8ba6909fd367b42860a","G2A1P3-HR-0140","g2/a1/hr|a1-zum|a1.card.a1-zum.study.translation|MULTI_TRANSLATION|deterministic/multi-translation","hr","","crowdin-staging/g2/hr-a1.json","a1-zum","a1.card.a1-zum.study.translation","uz • pie","zum","K • V","K • V","K • V","PASS","","MULTI_TRANSLATION","MULTI_TRANSLATION_REVIEW_REQUIRED","","MEDIUM","NONE","UNCHANGED_SINCE_DISCOVERY","EXACT_FIELD","MULTI_TRANSLATION_SCALAR_DECISION_REQUIRED","DECIDED","NELABOT","","MULTI_TRANSLATION_VALID: post_crowdin_state=UNCHANGED_SINCE_DISCOVERY; scalar field mapped exactly; production value unchanged since discovery; reviewed target variants are semantically compatible with the DE reference; no COPY-ONLY correction authorized. lang=hr field=a1.card.a1-zum.study.translation mapping=EXACT_FIELD post_crowdin=UNCHANGED_SINCE_DISCOVERY bucket=MULTI_TRANSLATION_REVIEW_REQUIRED production_current=""K • V"" de_reference=""zum"""
"ESC-013","BATCH-092","d8c04e558da14e07","d8c04e558da14e07d773738c65a5b8c929f16c0f36aaf6709c5eab2990354029","DISC-G2-A1-HR-L0004","g2/a1/hr|ab|idx:17|lv and study.*|WRONG_LANGUAGE|gpt-5.6-luna","hr","","crowdin-staging/g2/hr-a1.json","ab|idx:17","lv and study.*","no","ab","","{""lv"":""Од"",""study.translation"":""Од"",""study.explanation"":""Се користи кога нешто започнува во одредено време, место или точка. Често значи „почеток со“."",""study.examples"":""[{\""de\"":\""ab heute\"",\""lv\"":\""-Od danes.\"",\""level\"":\""A1\""},{\""de\"":\""ab Montag\"",\""lv\"":\""Od ponedeljka\""},{\""de\"":\""ab 8 Uhr\"",\""lv\"":\""Od 8\""},{\""de\"":\""ab Bahnhof\"",\""lv\"":\""Од станицата\""}]"",""study.comparison"":""[{\""word\"":\""ab\"",\""meaning\"":\""Začetek na točki/uri\"",\""example\"":\""ab Montag – Od ponedeljka\""},{\""word\"":\""von\"",\""meaning\"":\""Od nekoga/nečega • Porijeklo\"",\""example\"":\""von mir – Нема мани\""},{\""word\"":\""aus\"",\""meaning\"":\""Однадвор внатре\"",\""example\"":\""aus dem Haus – Од дома/од дома\""}]"",""study.tip"":""{\""text\"":\""Ne pozabite: začetna točka ob času/kraju → ab.\""}"",""study.important"":""[\""Ab показва началната точка във времето или мястото.\"",\""Ако некоја мисла потекнува или се движи нанадвор одвнатре, почесто се користи фон или аус.\""]""}","{""lv"":""Од"",""study.translation"":""Од"",""study.explanation"":""Се користи кога нешто започнува во одредено време, место или точка. Често значи „почеток со“."",""study.examples"":""[{\""de\"":\""ab heute\"",\""lv\"":\""-Od danes.\"",\""level\"":\""A1\""},{\""de\"":\""ab Montag\"",\""lv\"":\""Od ponedeljka\""},{\""de\"":\""ab 8 Uhr\"",\""lv\"":\""Od 8\""},{\""de\"":\""ab Bahnhof\"",\""lv\"":\""Од станицата\""}]"",""study.comparison"":""[{\""word\"":\""ab\"",\""meaning\"":\""Začetek na točki/uri\"",\""example\"":\""ab Montag – Od ponedeljka\""},{\""word\"":\""von\"",\""meaning\"":\""Od nekoga/nečega • Porijeklo\"",\""example\"":\""von mir – Нема мани\""},{\""word\"":\""aus\"",\""meaning\"":\""Однадвор внатре\"",\""example\"":\""aus dem Haus – Од дома/од дома\""}]"",""study.tip"":""{\""text\"":\""Ne pozabite: začetna točka ob času/kraju → ab.\""}"",""study.important"":""[\""Ab показва началната точка във времето или мястото.\"",\""Ако некоја мисла потекнува или се движи нанадвор одвнатре, почесто се користи фон или аус.\""]""}","PASS","","WRONG_LANGUAGE","WRONG_OR_MIXED_TARGET_LANGUAGE","","HIGH","NONE","COMPOSITE_SCOPE_CAPTURED","COMPOSITE_SCOPE_CAPTURED","COMPOSITE_SCOPE_REQUIRES_FIELD_LEVEL_OWNER","PENDING","","","OWNER_REVIEW_REQUIRED: COMPOSITE_SCOPE_REQUIRES_FIELD_LEVEL_OWNER. mapping=COMPOSITE_SCOPE_CAPTURED bucket=WRONG_OR_MIXED_TARGET_LANGUAGE lang=hr field=lv and study.* composite scope does not isolate the reported field; an exact field-level decision is unsafe."
"ESC-013","BATCH-093","fc300b04718450a6","fc300b04718450a68826ac67bc15abc284a482d8ec7b7ab81b6ac0887b05b845","DISC-G2-A1-HR-L0015","g2/a1/hr|Abend|idx:18|lv|WRONG_TARGET_LANGUAGE|gpt-5.6-luna","hr","","crowdin-staging/g2/hr-a1.json","Abend|idx:18","lv","vakars","Abend","","Večernje","Večernje","PASS","","WRONG_TARGET_LANGUAGE","WRONG_OR_MIXED_TARGET_LANGUAGE","","HIGH","NONE","CHANGED_SINCE_DISCOVERY","EXPLICIT_FIELD_ALIAS","TARGET_LANGUAGE_REWRITE_REQUIRED","DECIDED","NELABOT","","TARGET_LANGUAGE_VALID: Post-Crowdin production_current is in the intended target language; the discovery-time wrong-language finding is obsolete or a false positive. lang=hr field=lv mapping=EXPLICIT_FIELD_ALIAS post_crowdin=CHANGED_SINCE_DISCOVERY bucket=WRONG_OR_MIXED_TARGET_LANGUAGE production_current=""Večernje"" de_reference=""Abend"""
"ESC-013","BATCH-090","7cb83bafbb1b25e3","7cb83bafbb1b25e39fafaf113552cad8206ad4aca59fe30d1f012939f3a8df11","DISC-G2-A1-HR-L0016","g2/a1/hr|Abendessen|idx:19|lv|WRONG_TARGET_LANGUAGE|gpt-5.6-luna","hr","","crowdin-staging/g2/hr-a1.json","Abendessen|idx:19","lv","vakariņas","Abendessen","","Вечера","Вечера","PASS","","WRONG_TARGET_LANGUAGE","WRONG_OR_MIXED_TARGET_LANGUAGE","","HIGH","NONE","CHANGED_SINCE_DISCOVERY","EXPLICIT_FIELD_ALIAS","TARGET_LANGUAGE_REWRITE_REQUIRED","DECIDED","NELABOT","","TARGET_LANGUAGE_VALID: Post-Crowdin production_current is in the intended target language; the discovery-time wrong-language finding is obsolete or a false positive. lang=hr field=lv mapping=EXPLICIT_FIELD_ALIAS post_crowdin=CHANGED_SINCE_DISCOVERY bucket=WRONG_OR_MIXED_TARGET_LANGUAGE production_current=""Вечера"" de_reference=""Abendessen"""
"ESC-013","BATCH-090","6edcb0553d9b683b","6edcb0553d9b683b58bd6b6207a58eb8f641306f0c45027f66ea50952d5454e4","DISC-G2-A1-HR-L0017","g2/a1/hr|abends|idx:20|lv|WRONG_TARGET_LANGUAGE|gpt-5.6-luna","hr","","crowdin-staging/g2/hr-a1.json","abends|idx:20","lv","vakarā","abends","","Во вечерните часови","Во вечерните часови","PASS","","WRONG_TARGET_LANGUAGE","WRONG_OR_MIXED_TARGET_LANGUAGE","","HIGH","NONE","CHANGED_SINCE_DISCOVERY","EXPLICIT_FIELD_ALIAS","TARGET_LANGUAGE_REWRITE_REQUIRED","DECIDED","NELABOT","","TARGET_LANGUAGE_VALID: Post-Crowdin production_current is in the intended target language; the discovery-time wrong-language finding is obsolete or a false positive. lang=hr field=lv mapping=EXPLICIT_FIELD_ALIAS post_crowdin=CHANGED_SINCE_DISCOVERY bucket=WRONG_OR_MIXED_TARGET_LANGUAGE production_current=""Во вечерните часови"" de_reference=""abends"""
"ESC-013","BATCH-089","2f8be2012c4d39d7","2f8be2012c4d39d7d28aac80b97b77af100fb433cb393b1356d3018e94921f86","DISC-G2-A1-HR-L0005","g2/a1/hr|aber|idx:21|lv and study.*|WRONG_LANGUAGE|gpt-5.6-luna","hr","","crowdin-staging/g2/hr-a1.json","aber|idx:21","lv and study.*","bet","aber","","{""lv"":""Ampak."",""study.translation"":""Ampak."",""study.explanation"":""Се користи за воведување контраст или изразување приговор. Често значи „но“, „сепак“ или „но“."",""study.examples"":""[{\""de\"":\""Ich möchte mitkommen, aber ich habe keine Zeit.\"",\""lv\"":\""Искам да дойда, но нямам време.\""},{\""de\"":\""Das Essen war lecker, aber zu teuer.\"",\""lv\"":\""Храната беше вкусна, но прескапа.\""},{\""de\"":\""Er hat recht, aber ich sehe das anders.\"",\""lv\"":\""On je u pravu, ali ja mislim drugačije.\""}]"",""study.comparison"":""[{\""word\"":\""aber\"",\""meaning\"":\""Спротивно • Приговор • Меѓутоа\"",\""example\"":\""Ich komme, aber später. – Kasnej bom prišla do tebe.\""},{\""word\"":\""sondern\"",\""meaning\"":\""Ali...\"",\""example\"":\""Ich wollte keinen Tee, sondern Kaffee. – Hteo sam čaj, ne kafu.\""},{\""word\"":\""jedoch\"",\""meaning\"":\""Сепак\"",\""example\"":\""Es ist kalt, jedoch sonnig. – Hladno, a sončno.\""}]"",""study.tip"":""{\""text\"":\""Ne pozabite: nasprotni/opozicijski → abber.\""}"",""study.important"":""[\""Абер означува спротивност или спротивставување.\"",\""Ko je nasprotno \\\""ne..., ampak...\\\"", se Sonderne običajno uporablja v nemščini.\""]""}","{""lv"":""Ampak."",""study.translation"":""Ampak."",""study.explanation"":""Се користи за воведување контраст или изразување приговор. Често значи „но“, „сепак“ или „но“."",""study.examples"":""[{\""de\"":\""Ich möchte mitkommen, aber ich habe keine Zeit.\"",\""lv\"":\""Искам да дойда, но нямам време.\""},{\""de\"":\""Das Essen war lecker, aber zu teuer.\"",\""lv\"":\""Храната беше вкусна, но прескапа.\""},{\""de\"":\""Er hat recht, aber ich sehe das anders.\"",\""lv\"":\""On je u pravu, ali ja mislim drugačije.\""}]"",""study.comparison"":""[{\""word\"":\""aber\"",\""meaning\"":\""Спротивно • Приговор • Меѓутоа\"",\""example\"":\""Ich komme, aber später. – Kasnej bom prišla do tebe.\""},{\""word\"":\""sondern\"",\""meaning\"":\""Ali...\"",\""example\"":\""Ich wollte keinen Tee, sondern Kaffee. – Hteo sam čaj, ne kafu.\""},{\""word\"":\""jedoch\"",\""meaning\"":\""Сепак\"",\""example\"":\""Es ist kalt, jedoch sonnig. – Hladno, a sončno.\""}]"",""study.tip"":""{\""text\"":\""Ne pozabite: nasprotni/opozicijski → abber.\""}"",""study.important"":""[\""Абер означува спротивност или спротивставување.\"",\""Ko je nasprotno \\\""ne..., ampak...\\\"", se Sonderne običajno uporablja v nemščini.\""]""}","PASS","","WRONG_LANGUAGE","WRONG_OR_MIXED_TARGET_LANGUAGE","","HIGH","NONE","COMPOSITE_SCOPE_CAPTURED","COMPOSITE_SCOPE_CAPTURED","COMPOSITE_SCOPE_REQUIRES_FIELD_LEVEL_OWNER","PENDING","","","OWNER_REVIEW_REQUIRED: COMPOSITE_SCOPE_REQUIRES_FIELD_LEVEL_OWNER. mapping=COMPOSITE_SCOPE_CAPTURED bucket=WRONG_OR_MIXED_TARGET_LANGUAGE lang=hr field=lv and study.* composite scope does not isolate the reported field; an exact field-level decision is unsafe."
"ESC-013","BATCH-163","ec6e642da877fcad","ec6e642da877fcad536188f411eec75a615777add766e0001d9158bb164777ec","DISC-G2-A1-HR-L0018","g2/a1/hr|achten|idx:22|lv|MISTRANSLATION|gpt-5.6-luna","hr","","crowdin-staging/g2/hr-a1.json","achten|idx:22","lv","ievērot","achten","","Набљудувај","Набљудувај","PASS","","MISTRANSLATION","SEMANTIC_OR_MEANING_ERROR","","HIGH","NONE","CHANGED_SINCE_DISCOVERY","EXPLICIT_FIELD_ALIAS","SEMANTIC_MEANING_REVIEW_REQUIRED","DECIDED","NELABOT","","TARGET_VALUE_VALID: row-level review confirms an acceptable target-language lemma or form against the DE reference; semantic finding is a false positive. lang=hr field=lv mapping=EXPLICIT_FIELD_ALIAS post_crowdin=CHANGED_SINCE_DISCOVERY bucket=SEMANTIC_OR_MEANING_ERROR production_current=""Набљудувај"" de_reference=""achten"""
"ESC-013","BATCH-090","8f07f3e965b17a96","8f07f3e965b17a96bb6c5d263b33d5dacea13d523d31f760cf339febf87dbf65","DISC-G2-A1-HR-L0020","g2/a1/hr|Affe|idx:24|lv|WRONG_TARGET_LANGUAGE|gpt-5.6-luna","hr","","crowdin-staging/g2/hr-a1.json","Affe|idx:24","lv","pērtiķis","Affe","","Мајмун","Мајмун","PASS","","WRONG_TARGET_LANGUAGE","WRONG_OR_MIXED_TARGET_LANGUAGE","","HIGH","NONE","CHANGED_SINCE_DISCOVERY","EXPLICIT_FIELD_ALIAS","TARGET_LANGUAGE_REWRITE_REQUIRED","DECIDED","NELABOT","","TARGET_LANGUAGE_VALID: Post-Crowdin production_current is in the intended target language; the discovery-time wrong-language finding is obsolete or a false positive. lang=hr field=lv mapping=EXPLICIT_FIELD_ALIAS post_crowdin=CHANGED_SINCE_DISCOVERY bucket=WRONG_OR_MIXED_TARGET_LANGUAGE production_current=""Мајмун"" de_reference=""Affe"""
"ESC-013","BATCH-090","65f741796083e501","65f741796083e501434fca7c0d92dd777466d9b5b4ef1915222d3a982e59a509","DISC-G2-A1-HR-L0021","g2/a1/hr|Album|idx:25|lv|WRONG_TARGET_LANGUAGE|gpt-5.6-luna","hr","","crowdin-staging/g2/hr-a1.json","Album|idx:25","lv","albums","Album","","Албум","Албум","PASS","","WRONG_TARGET_LANGUAGE","WRONG_OR_MIXED_TARGET_LANGUAGE","","HIGH","NONE","CHANGED_SINCE_DISCOVERY","EXPLICIT_FIELD_ALIAS","TARGET_LANGUAGE_REWRITE_REQUIRED","DECIDED","NELABOT","","TARGET_LANGUAGE_VALID: Post-Crowdin production_current is in the intended target language; the discovery-time wrong-language finding is obsolete or a false positive. lang=hr field=lv mapping=EXPLICIT_FIELD_ALIAS post_crowdin=CHANGED_SINCE_DISCOVERY bucket=WRONG_OR_MIXED_TARGET_LANGUAGE production_current=""Албум"" de_reference=""Album"""
"ESC-013","BATCH-092","df83dd3c6366391e","df83dd3c6366391ea7a6e8402970fb813fbe22b092c09c893a113af751f2b189","DISC-G2-A1-HR-L0006","g2/a1/hr|alle|idx:7|lv|WRONG_TARGET_LANGUAGE|gpt-5.6-luna","hr","","crowdin-staging/g2/hr-a1.json","alle|idx:7","lv","visi","alle","","Svi","Svi","PASS","","WRONG_TARGET_LANGUAGE","WRONG_OR_MIXED_TARGET_LANGUAGE","","HIGH","NONE","CHANGED_SINCE_DISCOVERY","EXPLICIT_FIELD_ALIAS","TARGET_LANGUAGE_REWRITE_REQUIRED","DECIDED","NELABOT","","TARGET_LANGUAGE_VALID: Post-Crowdin production_current is in the intended target language; the discovery-time wrong-language finding is obsolete or a false positive. lang=hr field=lv mapping=EXPLICIT_FIELD_ALIAS post_crowdin=CHANGED_SINCE_DISCOVERY bucket=WRONG_OR_MIXED_TARGET_LANGUAGE production_current=""Svi"" de_reference=""alle"""
"ESC-013","BATCH-163","dcfdafa66df2b0c3","dcfdafa66df2b0c3be2bbac27314e5b0b3a9e8479a0d8ac2914fcf77921014bf","DISC-G2-A1-HR-L0007","g2/a1/hr|allein|idx:8|lv|MISTRANSLATION|gpt-5.6-luna","hr","","crowdin-staging/g2/hr-a1.json","allein|idx:8","lv","viens pats","allein","","Jedan","Jedan","PASS","","MISTRANSLATION","SEMANTIC_OR_MEANING_ERROR","","HIGH","NONE","CHANGED_SINCE_DISCOVERY","EXPLICIT_FIELD_ALIAS","SEMANTIC_MEANING_REVIEW_REQUIRED","DECIDED","NELABOT","","TARGET_VALUE_VALID: row-level review confirms an acceptable target-language lemma or form against the DE reference; semantic finding is a false positive. lang=hr field=lv mapping=EXPLICIT_FIELD_ALIAS post_crowdin=CHANGED_SINCE_DISCOVERY bucket=SEMANTIC_OR_MEANING_ERROR production_current=""Jedan"" de_reference=""allein"""
"ESC-013","BATCH-092","d0571624cba24215","d0571624cba2421528c27a6e579adebcf75a6b40cb3b8bafbc31153743e5bfc0","DISC-G2-A1-HR-L0001","g2/a1/hr|also|idx:26|lv, study|WRONG_TARGET_LANGUAGE|gpt-5.6-luna","hr","","crowdin-staging/g2/hr-a1.json","also|idx:26","lv, study","tātad","also","","{""lv"":""Ето защо"",""study.translation"":""Ето защо"",""study.explanation"":""Koristi se za izvođenje zaključaka ili prikazivanje rezultata. Toa znači \""zatoa\"", \""zatoa\""."",""study.examples"":""[{\""de\"":\""Es regnet, also bleibe ich zu Hause.\"",\""lv\"":\""Врне дожд, затоа останувам дома.\""},{\""de\"":\""Du bist krank, also gehst du nicht zur Arbeit.\"",\""lv\"":\""Ti si bolestan, pa ne ideš na posao.\""},{\""de\"":\""Ich habe viel gelernt, also verstehe ich es jetzt.\"",\""lv\"":\""Учев многу и сега разбирам.\""}]"",""study.comparison"":""[{\""word\"":\""also\"",\""meaning\"":\""Torej • Zato\"",\""example\"":\""Es regnet, also bleibe ich zu Hause. – Врне дожд, затоа останувам дома.\""},{\""word\"":\""auch\"",\""meaning\"":\""-Tudi tebe, tudi tebe.\"",\""example\"":\""Ich komme auch. – Ќе дојдам и јас.\""},{\""word\"":\""deshalb\"",\""meaning\"":\""Ето защо\"",\""example\"":\""Es regnet, deshalb bleibe ich zu Hause. – Врне дожд, затоа останувам дома.\""}]"",""study.tip"":""{\""text\"":\""Запомнете: заклучок → исто така.\""}"",""study.important"":""[\""Iz tega izhaja tudi zaključek: iz navedenega izhaja naslednja misel.\"",\""Летонското „така“ често може да биде и дешалб.\""]""}","{""lv"":""Ето защо"",""study.translation"":""Ето защо"",""study.explanation"":""Koristi se za izvođenje zaključaka ili prikazivanje rezultata. Toa znači \""zatoa\"", \""zatoa\""."",""study.examples"":""[{\""de\"":\""Es regnet, also bleibe ich zu Hause.\"",\""lv\"":\""Врне дожд, затоа останувам дома.\""},{\""de\"":\""Du bist krank, also gehst du nicht zur Arbeit.\"",\""lv\"":\""Ti si bolestan, pa ne ideš na posao.\""},{\""de\"":\""Ich habe viel gelernt, also verstehe ich es jetzt.\"",\""lv\"":\""Учев многу и сега разбирам.\""}]"",""study.comparison"":""[{\""word\"":\""also\"",\""meaning\"":\""Torej • Zato\"",\""example\"":\""Es regnet, also bleibe ich zu Hause. – Врне дожд, затоа останувам дома.\""},{\""word\"":\""auch\"",\""meaning\"":\""-Tudi tebe, tudi tebe.\"",\""example\"":\""Ich komme auch. – Ќе дојдам и јас.\""},{\""word\"":\""deshalb\"",\""meaning\"":\""Ето защо\"",\""example\"":\""Es regnet, deshalb bleibe ich zu Hause. – Врне дожд, затоа останувам дома.\""}]"",""study.tip"":""{\""text\"":\""Запомнете: заклучок → исто така.\""}"",""study.important"":""[\""Iz tega izhaja tudi zaključek: iz navedenega izhaja naslednja misel.\"",\""Летонското „така“ често може да биде и дешалб.\""]""}","PASS","","WRONG_TARGET_LANGUAGE","WRONG_OR_MIXED_TARGET_LANGUAGE","","HIGH","NONE","COMPOSITE_SCOPE_CAPTURED","COMPOSITE_SCOPE_CAPTURED","COMPOSITE_SCOPE_REQUIRES_FIELD_LEVEL_OWNER","PENDING","","","OWNER_REVIEW_REQUIRED: COMPOSITE_SCOPE_REQUIRES_FIELD_LEVEL_OWNER. mapping=COMPOSITE_SCOPE_CAPTURED bucket=WRONG_OR_MIXED_TARGET_LANGUAGE lang=hr field=lv, study composite scope does not isolate the reported field; an exact field-level decision is unsafe."
"ESC-013","BATCH-089","4aaf52916b13319d","4aaf52916b13319dd5c5a8a0e8f1d3a1c929edc5b5ddb6cc5d84c7693b018ea9","DISC-G2-A1-HR-L0010","g2/a1/hr|Alter|idx:11|lv|WRONG_TARGET_LANGUAGE|gpt-5.6-luna","hr","","crowdin-staging/g2/hr-a1.json","Alter|idx:11","lv","vecums","Alter","","Godine?","Godine?","PASS","","WRONG_TARGET_LANGUAGE","WRONG_OR_MIXED_TARGET_LANGUAGE","","HIGH","NONE","CHANGED_SINCE_DISCOVERY","EXPLICIT_FIELD_ALIAS","TARGET_LANGUAGE_REWRITE_REQUIRED","DECIDED","NELABOT","","TARGET_LANGUAGE_VALID: Post-Crowdin production_current is in the intended target language; the discovery-time wrong-language finding is obsolete or a false positive. lang=hr field=lv mapping=EXPLICIT_FIELD_ALIAS post_crowdin=CHANGED_SINCE_DISCOVERY bucket=WRONG_OR_MIXED_TARGET_LANGUAGE production_current=""Godine?"" de_reference=""Alter"""
"ESC-013","BATCH-090","8c49fa972a6f806e","8c49fa972a6f806e0fad66b601ab18b7c71bbc6559cdedffcfbb7cec5fcf8e80","DISC-G2-A1-HR-L0022","g2/a1/hr|Ameise|idx:27|lv|WRONG_TARGET_LANGUAGE|gpt-5.6-luna","hr","","crowdin-staging/g2/hr-a1.json","Ameise|idx:27","lv","skudra","Ameise","","Мравка","Мравка","PASS","","WRONG_TARGET_LANGUAGE","WRONG_OR_MIXED_TARGET_LANGUAGE","","HIGH","NONE","CHANGED_SINCE_DISCOVERY","EXPLICIT_FIELD_ALIAS","TARGET_LANGUAGE_REWRITE_REQUIRED","DECIDED","NELABOT","","TARGET_LANGUAGE_VALID: Post-Crowdin production_current is in the intended target language; the discovery-time wrong-language finding is obsolete or a false positive. lang=hr field=lv mapping=EXPLICIT_FIELD_ALIAS post_crowdin=CHANGED_SINCE_DISCOVERY bucket=WRONG_OR_MIXED_TARGET_LANGUAGE production_current=""Мравка"" de_reference=""Ameise"""
"ESC-013","BATCH-090","8500e57eee717dad","8500e57eee717dadba48a1ab75badff09af6dd60a0e146fe101a5155f59726b2","DISC-G2-A1-HR-L0003","g2/a1/hr|an|idx:12|lv and study.*|WRONG_LANGUAGE|gpt-5.6-luna","hr","","crowdin-staging/g2/hr-a1.json","an|idx:12","lv and study.*","pie","an","","{""lv"":""Na • Na površini • Na ivici"",""study.translation"":""On • On the Surface • On the Edge"",""study.explanation"":""Се користи кога нешто е блиску до ѕид, прозорец, врата, река, крајбрежје или друг раб/површина."",""study.examples"":""[{\""de\"":\""an der Wand\"",\""lv\"":\""На ѕидот / на ѕидот\""},{\""de\"":\""am Fenster\"",\""lv\"":\""Do prozora\""},{\""de\"":\""am Meer\"",\""lv\"":\""Uz more\""}]"",""study.comparison"":""[{\""word\"":\""an\"",\""meaning\"":\""Na površini ili rubu\"",\""example\"":\""an der Wand – Pitta sienas\""},{\""word\"":\""auf\"",\""meaning\"":\""На хоризонтална повърхност\"",\""example\"":\""auf dem Tisch – Sa galdom\""},{\""word\"":\""bei\"",\""meaning\"":\""Lice ili mesto\"",\""example\"":\""beim Arzt – Посетете лекар\""}]"",""study.tip"":""{\""text\"":\""Zapamtite: blizu zida/prozora/ivice → an.\""}"",""study.important"":""[\""An nije jednostavno \\\""na\\\"". To često znači blizu površine, zida, prozora ili zida.\"",\""Auf обично се користи на хоризонтална површина.\""]""}","{""lv"":""Na • Na površini • Na ivici"",""study.translation"":""On • On the Surface • On the Edge"",""study.explanation"":""Се користи кога нешто е блиску до ѕид, прозорец, врата, река, крајбрежје или друг раб/површина."",""study.examples"":""[{\""de\"":\""an der Wand\"",\""lv\"":\""На ѕидот / на ѕидот\""},{\""de\"":\""am Fenster\"",\""lv\"":\""Do prozora\""},{\""de\"":\""am Meer\"",\""lv\"":\""Uz more\""}]"",""study.comparison"":""[{\""word\"":\""an\"",\""meaning\"":\""Na površini ili rubu\"",\""example\"":\""an der Wand – Pitta sienas\""},{\""word\"":\""auf\"",\""meaning\"":\""На хоризонтална повърхност\"",\""example\"":\""auf dem Tisch – Sa galdom\""},{\""word\"":\""bei\"",\""meaning\"":\""Lice ili mesto\"",\""example\"":\""beim Arzt – Посетете лекар\""}]"",""study.tip"":""{\""text\"":\""Zapamtite: blizu zida/prozora/ivice → an.\""}"",""study.important"":""[\""An nije jednostavno \\\""na\\\"". To često znači blizu površine, zida, prozora ili zida.\"",\""Auf обично се користи на хоризонтална површина.\""]""}","PASS","","WRONG_LANGUAGE","WRONG_OR_MIXED_TARGET_LANGUAGE","","HIGH","NONE","COMPOSITE_SCOPE_CAPTURED","COMPOSITE_SCOPE_CAPTURED","COMPOSITE_SCOPE_REQUIRES_FIELD_LEVEL_OWNER","PENDING","","","OWNER_REVIEW_REQUIRED: COMPOSITE_SCOPE_REQUIRES_FIELD_LEVEL_OWNER. mapping=COMPOSITE_SCOPE_CAPTURED bucket=WRONG_OR_MIXED_TARGET_LANGUAGE lang=hr field=lv and study.* composite scope does not isolate the reported field; an exact field-level decision is unsafe."
"ESC-013","BATCH-091","94043ea01e116c64","94043ea01e116c64b79e17a895145d0459d296b0289d8108f9c152e02af4dac1","DISC-G2-A1-HR-L0012","g2/a1/hr|anfangen|idx:14|lv|WRONG_TARGET_LANGUAGE|gpt-5.6-luna","hr","","crowdin-staging/g2/hr-a1.json","anfangen|idx:14","lv","sākt","anfangen","","Започнете","Започнете","PASS","","WRONG_TARGET_LANGUAGE","WRONG_OR_MIXED_TARGET_LANGUAGE","","HIGH","NONE","CHANGED_SINCE_DISCOVERY","EXPLICIT_FIELD_ALIAS","TARGET_LANGUAGE_REWRITE_REQUIRED","DECIDED","NELABOT","","TARGET_LANGUAGE_VALID: Post-Crowdin production_current is in the intended target language; the discovery-time wrong-language finding is obsolete or a false positive. lang=hr field=lv mapping=EXPLICIT_FIELD_ALIAS post_crowdin=CHANGED_SINCE_DISCOVERY bucket=WRONG_OR_MIXED_TARGET_LANGUAGE production_current=""Започнете"" de_reference=""anfangen"""
"ESC-013","BATCH-163","ff6eeb7358b54002","ff6eeb7358b540028526ba9b3d1e1b4f06f5212c95472e9303950a069c091c79","DISC-G2-A1-HR-L0025","g2/a1/hr|anziehen|idx:30|lv|MISTRANSLATION|gpt-5.6-luna","hr","","crowdin-staging/g2/hr-a1.json","anziehen|idx:30","lv","uzvilkt","anziehen","","Obuci se","Obuci se","PASS","","MISTRANSLATION","SEMANTIC_OR_MEANING_ERROR","","HIGH","NONE","CHANGED_SINCE_DISCOVERY","EXPLICIT_FIELD_ALIAS","SEMANTIC_MEANING_REVIEW_REQUIRED","DECIDED","NELABOT","","TARGET_VALUE_VALID: row-level review confirms an acceptable target-language lemma or form against the DE reference; semantic finding is a false positive. lang=hr field=lv mapping=EXPLICIT_FIELD_ALIAS post_crowdin=CHANGED_SINCE_DISCOVERY bucket=SEMANTIC_OR_MEANING_ERROR production_current=""Obuci se"" de_reference=""anziehen"""
"ESC-013","BATCH-091","9a3dac2595cfbf35","9a3dac2595cfbf355a51881f2e26251f7b9b39ceae4a8adfa26dff69a9acfa4d","DISC-G2-A1-HR-L0006","g2/a1/hr|Anzug|idx:37|lv|WRONG_LANGUAGE|gpt-5.6-luna","hr","","crowdin-staging/g2/hr-a1.json","Anzug|idx:37","lv","uzvalks","Anzug","","Odijelo","Odijelo","PASS","","WRONG_LANGUAGE","WRONG_OR_MIXED_TARGET_LANGUAGE","","HIGH","NONE","CHANGED_SINCE_DISCOVERY","EXPLICIT_FIELD_ALIAS","TARGET_LANGUAGE_REWRITE_REQUIRED","DECIDED","NELABOT","","TARGET_LANGUAGE_VALID: Post-Crowdin production_current is in the intended target language; the discovery-time wrong-language finding is obsolete or a false positive. lang=hr field=lv mapping=EXPLICIT_FIELD_ALIAS post_crowdin=CHANGED_SINCE_DISCOVERY bucket=WRONG_OR_MIXED_TARGET_LANGUAGE production_current=""Odijelo"" de_reference=""Anzug"""
"ESC-013","BATCH-092","e09422c8a045e998","e09422c8a045e998b3f2e7456241f298765a15909d71b320b756bb894f1a515b","DISC-G2-A1-HR-L0001","g2/a1/hr|Apfel|idx:0|lv|WRONG_TARGET_LANGUAGE|gpt-5.6-luna","hr","","crowdin-staging/g2/hr-a1.json","Apfel|idx:0","lv","ābols","Apfel","","jabuka","jabuka","PASS","","WRONG_TARGET_LANGUAGE","WRONG_OR_MIXED_TARGET_LANGUAGE","","HIGH","NONE","CHANGED_SINCE_DISCOVERY","EXPLICIT_FIELD_ALIAS","TARGET_LANGUAGE_REWRITE_REQUIRED","DECIDED","NELABOT","","TARGET_LANGUAGE_VALID: Post-Crowdin production_current is in the intended target language; the discovery-time wrong-language finding is obsolete or a false positive. lang=hr field=lv mapping=EXPLICIT_FIELD_ALIAS post_crowdin=CHANGED_SINCE_DISCOVERY bucket=WRONG_OR_MIXED_TARGET_LANGUAGE production_current=""jabuka"" de_reference=""Apfel"""
"ESC-013","BATCH-088","18ff5a106fc0146d","18ff5a106fc0146d025f4e26c75ebb0ed501520a2218742aa3a5758ce8f9bcca","DISC-G2-A1-HR-L0009","g2/a1/hr|Aprikose|idx:40|lv|WRONG_LANGUAGE|gpt-5.6-luna","hr","","crowdin-staging/g2/hr-a1.json","Aprikose|idx:40","lv","aprikoze","Aprikose","","Kajsija","Kajsija","PASS","","WRONG_LANGUAGE","WRONG_OR_MIXED_TARGET_LANGUAGE","","HIGH","NONE","CHANGED_SINCE_DISCOVERY","EXPLICIT_FIELD_ALIAS","TARGET_LANGUAGE_REWRITE_REQUIRED","DECIDED","NELABOT","","TARGET_LANGUAGE_VALID: Post-Crowdin production_current is in the intended target language; the discovery-time wrong-language finding is obsolete or a false positive. lang=hr field=lv mapping=EXPLICIT_FIELD_ALIAS post_crowdin=CHANGED_SINCE_DISCOVERY bucket=WRONG_OR_MIXED_TARGET_LANGUAGE production_current=""Kajsija"" de_reference=""Aprikose"""
"ESC-013","BATCH-162","30e06df22fc00544","30e06df22fc00544a57771373b7501f5260bc3cdbeda89d319a04443e8840f7f","DISC-G2-A1-HR-L0010","g2/a1/hr|April|idx:41|lv|MISTRANSLATION|gpt-5.6-luna","hr","","crowdin-staging/g2/hr-a1.json","April|idx:41","lv","aprīlis","April","","April","April","PASS","","MISTRANSLATION","SEMANTIC_OR_MEANING_ERROR","","MEDIUM","NONE","CHANGED_SINCE_DISCOVERY","EXPLICIT_FIELD_ALIAS","SEMANTIC_MEANING_REVIEW_REQUIRED","DECIDED","NELABOT","","TARGET_VALUE_VALID: row-level review confirms an acceptable target-language lemma or form against the DE reference; semantic finding is a false positive. lang=hr field=lv mapping=EXPLICIT_FIELD_ALIAS post_crowdin=CHANGED_SINCE_DISCOVERY bucket=SEMANTIC_OR_MEANING_ERROR production_current=""April"" de_reference=""April"""
"ESC-013","BATCH-090","6f138c9c89d434aa","6f138c9c89d434aaf63ca768f61f30dd9f1a1a29d7e5b5b24b4051e83853b2ae","DISC-G2-A1-HR-L0011","g2/a1/hr|Arbeit|idx:42|lv|WRONG_LANGUAGE|gpt-5.6-luna","hr","","crowdin-staging/g2/hr-a1.json","Arbeit|idx:42","lv","darbs","Arbeit","","Posao","Posao","PASS","","WRONG_LANGUAGE","WRONG_OR_MIXED_TARGET_LANGUAGE","","HIGH","NONE","CHANGED_SINCE_DISCOVERY","EXPLICIT_FIELD_ALIAS","TARGET_LANGUAGE_REWRITE_REQUIRED","DECIDED","NELABOT","","TARGET_LANGUAGE_VALID: Post-Crowdin production_current is in the intended target language; the discovery-time wrong-language finding is obsolete or a false positive. lang=hr field=lv mapping=EXPLICIT_FIELD_ALIAS post_crowdin=CHANGED_SINCE_DISCOVERY bucket=WRONG_OR_MIXED_TARGET_LANGUAGE production_current=""Posao"" de_reference=""Arbeit"""
"ESC-013","BATCH-163","ce8456e669dba69d","ce8456e669dba69de850da5eedfebbce1e71dd6d0803dcde68344ee6638b9987","DISC-G2-A1-HR-L0012","g2/a1/hr|arbeiten|idx:43|lv|MISTRANSLATION|gpt-5.6-luna","hr","","crowdin-staging/g2/hr-a1.json","arbeiten|idx:43","lv","strādāt","arbeiten","","Posao","Posao","PASS","","MISTRANSLATION","SEMANTIC_OR_MEANING_ERROR","","HIGH","NONE","CHANGED_SINCE_DISCOVERY","EXPLICIT_FIELD_ALIAS","SEMANTIC_MEANING_REVIEW_REQUIRED","DECIDED","NELABOT","","TARGET_VALUE_VALID: row-level review confirms an acceptable target-language lemma or form against the DE reference; semantic finding is a false positive. lang=hr field=lv mapping=EXPLICIT_FIELD_ALIAS post_crowdin=CHANGED_SINCE_DISCOVERY bucket=SEMANTIC_OR_MEANING_ERROR production_current=""Posao"" de_reference=""arbeiten"""
"ESC-013","BATCH-092","e5d6c4895efc0deb","e5d6c4895efc0deba029412cbeb994f89ef1d79e4d761c327707d207357f856a","DISC-G2-A1-HR-L0016","g2/a1/hr|atmen|idx:47|lv|WRONG_LANGUAGE|gpt-5.6-luna","hr","","crowdin-staging/g2/hr-a1.json","atmen|idx:47","lv","elpot","atmen","","Дишете","Дишете","PASS","","WRONG_LANGUAGE","WRONG_OR_MIXED_TARGET_LANGUAGE","","HIGH","NONE","CHANGED_SINCE_DISCOVERY","EXPLICIT_FIELD_ALIAS","TARGET_LANGUAGE_REWRITE_REQUIRED","DECIDED","NELABOT","","TARGET_LANGUAGE_VALID: Post-Crowdin production_current is in the intended target language; the discovery-time wrong-language finding is obsolete or a false positive. lang=hr field=lv mapping=EXPLICIT_FIELD_ALIAS post_crowdin=CHANGED_SINCE_DISCOVERY bucket=WRONG_OR_MIXED_TARGET_LANGUAGE production_current=""Дишете"" de_reference=""atmen"""
"ESC-013","BATCH-089","2fe5ddd373c55cfe","2fe5ddd373c55cfe7e9048e051edc9f88fc796ae7edc1f4f1bbd5e6575b099ac","DISC-G2-A1-HR-L0002","g2/a1/hr|auch|idx:48|lv, study|WRONG_TARGET_LANGUAGE|gpt-5.6-luna","hr","","crowdin-staging/g2/hr-a1.json","auch|idx:48","lv, study","arī","auch","","{""lv"":""-Tudi tebe, tudi tebe."",""study.translation"":""-Tudi tebe, tudi tebe."",""study.explanation"":""[\""Glavna ideja: Najčešći i neutralni \\\""također\\\"".\"",\""Ouch v bistvu pomeni: preprosto \\\""preveč\\\"".\"",\""Pogosto je značilno: dodajanje.\"",\""Auch е најчестиот збор што значи „исто така“.\""]"",""study.examples"":""[{\""de\"":\""Ich komme auch.\"",\""lv\"":\""Ќе дојдам и јас.\""},{\""de\"":\""Sie arbeitet auch hier.\"",\""lv\"":\""Ќе дојдам и јас\""},{\""de\"":\""Ich wünsche Ihnen auch einen schönen Tag.\"",\""lv\"":\""Тя също работи тук.\""}]"",""study.tip"":""[\""O = tudi\"",\""Uporabite auch, ko se kontekst ujema s to vrednostjo.\""]"",""study.important"":""[\""Ich auch wünsche Ihnen - neispravan red riječi.\"",\""Ah = također.\"",\""Pogrešno: Ich auch wünsche Ihnen einen schönen Tag.\""]""}","{""lv"":""-Tudi tebe, tudi tebe."",""study.translation"":""-Tudi tebe, tudi tebe."",""study.explanation"":""[\""Glavna ideja: Najčešći i neutralni \\\""također\\\"".\"",\""Ouch v bistvu pomeni: preprosto \\\""preveč\\\"".\"",\""Pogosto je značilno: dodajanje.\"",\""Auch е најчестиот збор што значи „исто така“.\""]"",""study.examples"":""[{\""de\"":\""Ich komme auch.\"",\""lv\"":\""Ќе дојдам и јас.\""},{\""de\"":\""Sie arbeitet auch hier.\"",\""lv\"":\""Ќе дојдам и јас\""},{\""de\"":\""Ich wünsche Ihnen auch einen schönen Tag.\"",\""lv\"":\""Тя също работи тук.\""}]"",""study.tip"":""[\""O = tudi\"",\""Uporabite auch, ko se kontekst ujema s to vrednostjo.\""]"",""study.important"":""[\""Ich auch wünsche Ihnen - neispravan red riječi.\"",\""Ah = također.\"",\""Pogrešno: Ich auch wünsche Ihnen einen schönen Tag.\""]""}","PASS","","WRONG_TARGET_LANGUAGE","WRONG_OR_MIXED_TARGET_LANGUAGE","","HIGH","NONE","COMPOSITE_SCOPE_CAPTURED","COMPOSITE_SCOPE_CAPTURED","COMPOSITE_SCOPE_REQUIRES_FIELD_LEVEL_OWNER","PENDING","","","OWNER_REVIEW_REQUIRED: COMPOSITE_SCOPE_REQUIRES_FIELD_LEVEL_OWNER. mapping=COMPOSITE_SCOPE_CAPTURED bucket=WRONG_OR_MIXED_TARGET_LANGUAGE lang=hr field=lv, study composite scope does not isolate the reported field; an exact field-level decision is unsafe."
"ESC-013","BATCH-091","aa531c796361257b","aa531c796361257b572ebab80dbe594a561c6e9ffe90a8b7edcbac91625e7ef9","DISC-G2-A1-HR-L0001","g2/a1/hr|auf dem Bahnhof|idx:59|lv|WRONG_LANGUAGE|gpt-5.6-luna","hr","","crowdin-staging/g2/hr-a1.json","auf dem Bahnhof|idx:59","lv","stacijā","auf dem Bahnhof","","S postaje?","S postaje?","PASS","","WRONG_LANGUAGE","WRONG_OR_MIXED_TARGET_LANGUAGE","","HIGH","NONE","CHANGED_SINCE_DISCOVERY","EXPLICIT_FIELD_ALIAS","TARGET_LANGUAGE_REWRITE_REQUIRED","DECIDED","NELABOT","","TARGET_LANGUAGE_VALID: Post-Crowdin production_current is in the intended target language; the discovery-time wrong-language finding is obsolete or a false positive. lang=hr field=lv mapping=EXPLICIT_FIELD_ALIAS post_crowdin=CHANGED_SINCE_DISCOVERY bucket=WRONG_OR_MIXED_TARGET_LANGUAGE production_current=""S postaje?"" de_reference=""auf dem Bahnhof"""
"ESC-013","BATCH-163","fa4c9bb5d44410ce","fa4c9bb5d44410ce843a7878dd3c87718110bddd834f1af7731270f8fb3b344f","DISC-G2-A1-HR-L0024","g2/a1/hr|auf dem Boden|idx:58|lv|MISTRANSLATION|gpt-5.6-luna","hr","","crowdin-staging/g2/hr-a1.json","auf dem Boden|idx:58","lv","uz grīdas","auf dem Boden","","Na tla.","Na tla.","PASS","","MISTRANSLATION","SEMANTIC_OR_MEANING_ERROR","","HIGH","NONE","CHANGED_SINCE_DISCOVERY","EXPLICIT_FIELD_ALIAS","SEMANTIC_MEANING_REVIEW_REQUIRED","DECIDED","NELABOT","","TARGET_VALUE_VALID: row-level review confirms an acceptable target-language lemma or form against the DE reference; semantic finding is a false positive. lang=hr field=lv mapping=EXPLICIT_FIELD_ALIAS post_crowdin=CHANGED_SINCE_DISCOVERY bucket=SEMANTIC_OR_MEANING_ERROR production_current=""Na tla."" de_reference=""auf dem Boden"""
"ESC-013","BATCH-090","8ff99ba96c61518d","8ff99ba96c61518d0eb5c1d83c7e5463198893aa1ad82d38c8f9c8fc2da9c502","DISC-G2-A1-HR-L0003","g2/a1/hr|auf|idx:49|lv, study|WRONG_TARGET_LANGUAGE|gpt-5.6-luna","hr","","crowdin-staging/g2/hr-a1.json","auf|idx:49","lv, study","uz","auf","","{""lv"":""ДО"",""study.translation"":""ДО"",""study.explanation"":""Koristi se za označavanje smjera prema lokaciji ili vrhu površine."",""study.examples"":""[{\""de\"":\""Ich stelle das Buch auf den Tisch.\"",\""lv\"":\""Ја ставив книгата на масата.\""},{\""de\"":\""Wir fahren auf den Berg.\"",\""lv\"":\""Одиме на планина.\""},{\""de\"":\""Die Katze springt auf das Sofa.\"",\""lv\"":\""Mačka skoči na kavč.\""}]"",""study.comparison"":""[{\""word\"":\""auf\"",\""meaning\"":\""До (на повърхността или нагоре)\"",\""example\"":\""Ich stelle das Glas auf den Tisch. – Kozarec sem položila na mizo.\""},{\""word\"":\""an\"",\""meaning\"":\""Вклучено (вертикална површина)\"",\""example\"":\""Ich hänge das Bild an die Wand. – Es carinu bildi pita sienas.\""},{\""word\"":\""in\"",\""meaning\"":\""Unutra\"",\""example\"":\""Ich lege das Buch in die Tasche. – Stavio sam knjigu u torbu.\""}]"",""study.tip"":""{\""text\"":\""Zapamtite: na površini/iznad → auf.\""}"",""study.important"":""[\""Auf nije samo \\\""uključen\\\"". To često znači kretanje ili boravak na/iznad površine.\"",\""Ako je nešto blizu vertikalne površine, trebat će vam • Ako je unutra, onda morate ući.\""]""}","{""lv"":""ДО"",""study.translation"":""ДО"",""study.explanation"":""Koristi se za označavanje smjera prema lokaciji ili vrhu površine."",""study.examples"":""[{\""de\"":\""Ich stelle das Buch auf den Tisch.\"",\""lv\"":\""Ја ставив книгата на масата.\""},{\""de\"":\""Wir fahren auf den Berg.\"",\""lv\"":\""Одиме на планина.\""},{\""de\"":\""Die Katze springt auf das Sofa.\"",\""lv\"":\""Mačka skoči na kavč.\""}]"",""study.comparison"":""[{\""word\"":\""auf\"",\""meaning\"":\""До (на повърхността или нагоре)\"",\""example\"":\""Ich stelle das Glas auf den Tisch. – Kozarec sem položila na mizo.\""},{\""word\"":\""an\"",\""meaning\"":\""Вклучено (вертикална површина)\"",\""example\"":\""Ich hänge das Bild an die Wand. – Es carinu bildi pita sienas.\""},{\""word\"":\""in\"",\""meaning\"":\""Unutra\"",\""example\"":\""Ich lege das Buch in die Tasche. – Stavio sam knjigu u torbu.\""}]"",""study.tip"":""{\""text\"":\""Zapamtite: na površini/iznad → auf.\""}"",""study.important"":""[\""Auf nije samo \\\""uključen\\\"". To često znači kretanje ili boravak na/iznad površine.\"",\""Ako je nešto blizu vertikalne površine, trebat će vam • Ako je unutra, onda morate ući.\""]""}","PASS","","WRONG_TARGET_LANGUAGE","WRONG_OR_MIXED_TARGET_LANGUAGE","","HIGH","NONE","COMPOSITE_SCOPE_CAPTURED","COMPOSITE_SCOPE_CAPTURED","COMPOSITE_SCOPE_REQUIRES_FIELD_LEVEL_OWNER","PENDING","","","OWNER_REVIEW_REQUIRED: COMPOSITE_SCOPE_REQUIRES_FIELD_LEVEL_OWNER. mapping=COMPOSITE_SCOPE_CAPTURED bucket=WRONG_OR_MIXED_TARGET_LANGUAGE lang=hr field=lv, study composite scope does not isolate the reported field; an exact field-level decision is unsafe."
"ESC-013","BATCH-092","e5768afcb9cf8fe7","e5768afcb9cf8fe71f7c001dcdf9b0480014dc4035d007ad285edeb5120b44b6","DISC-G2-A1-HR-L0017","g2/a1/hr|aufmachen|idx:50|lv|WRONG_LANGUAGE|gpt-5.6-luna","hr","","crowdin-staging/g2/hr-a1.json","aufmachen|idx:50","lv","atvērt","aufmachen","","Otvori","Otvori","PASS","","WRONG_LANGUAGE","WRONG_OR_MIXED_TARGET_LANGUAGE","","HIGH","NONE","CHANGED_SINCE_DISCOVERY","EXPLICIT_FIELD_ALIAS","TARGET_LANGUAGE_REWRITE_REQUIRED","DECIDED","NELABOT","","TARGET_LANGUAGE_VALID: Post-Crowdin production_current is in the intended target language; the discovery-time wrong-language finding is obsolete or a false positive. lang=hr field=lv mapping=EXPLICIT_FIELD_ALIAS post_crowdin=CHANGED_SINCE_DISCOVERY bucket=WRONG_OR_MIXED_TARGET_LANGUAGE production_current=""Otvori"" de_reference=""aufmachen"""
"ESC-013","BATCH-091","c01a6d44528ebe67","c01a6d44528ebe6709883a2eef2b715a7d820a19922dc4d8c27042628c7999ca","DISC-G2-A1-HR-L0018","g2/a1/hr|aufpassen|idx:51|lv|WRONG_LANGUAGE|gpt-5.6-luna","hr","","crowdin-staging/g2/hr-a1.json","aufpassen|idx:51","lv","uzmanīties","aufpassen","","Budite oprezni","Budite oprezni","PASS","","WRONG_LANGUAGE","WRONG_OR_MIXED_TARGET_LANGUAGE","","HIGH","NONE","CHANGED_SINCE_DISCOVERY","EXPLICIT_FIELD_ALIAS","TARGET_LANGUAGE_REWRITE_REQUIRED","DECIDED","NELABOT","","TARGET_LANGUAGE_VALID: Post-Crowdin production_current is in the intended target language; the discovery-time wrong-language finding is obsolete or a false positive. lang=hr field=lv mapping=EXPLICIT_FIELD_ALIAS post_crowdin=CHANGED_SINCE_DISCOVERY bucket=WRONG_OR_MIXED_TARGET_LANGUAGE production_current=""Budite oprezni"" de_reference=""aufpassen"""
"ESC-013","BATCH-091","b7b269525e8bb5b9","b7b269525e8bb5b9682bfe26f0c326a91c47b4d806f2aa08bbd59d5202790aa9","DISC-G2-A1-HR-L0005","g2/a1/hr|aufs|idx:60|lv, study|WRONG_TARGET_LANGUAGE|gpt-5.6-luna","hr","","crowdin-staging/g2/hr-a1.json","aufs|idx:60","lv, study","uz","aufs","","{""lv"":""До *къде*?"",""study.translation"":""До *къде*?"",""study.explanation"":""[\""Aufs je okrajšava za predlog auf in člen das.\"",\""Polna oblika: auf das (kje?).\"",\""Се користи кога дејството укажува на насоката кон одредена работа или површина - одговара на прашањето каде?\"",\""Pogosto se uporablja na poti: za vzpenjanje, sedenje, spuščanje, vožnjo do nečesa.\"",\""Во разговорниот и секојдневниот говор, aufs речиси секогаш се користи наместо целосниот auf das.\""]"",""study.examples"":""[{\""de\"":\""Ich gehe aufs Dach.\"",\""lv\"":\""Idemo na krov\""},{\""de\"":\""Sie setzt sich aufs Sofa.\"",\""lv\"":\""Таа седи на каучот.\""},{\""de\"":\""Wir fahren aufs Land.\"",\""lv\"":\""Одиме во селото.\""},{\""de\"":\""Stell die Tasche aufs Bett.\"",\""lv\"":\""Vrečko položite na posteljo.\""},{\""de\"":\""Er springt aufs Pferd.\"",\""lv\"":\""Се качува на коњот.\""},{\""de\"":\""Leg das Buch aufs Regal.\"",\""lv\"":\""Ставете ја книгата на полица.\""},{\""de\"":\""Komm schnell aufs Boot!\"",\""lv\"":\""Požurite na brod!\""},{\""de\"":\""Wir gehen aufs Fest.\"",\""lv\"":\""Na zabavo greva.\""}]"",""study.comparison"":""[{\""word\"":\""aufs\"",\""meaning\"":\""За конкретен случај (според)\"",\""example\"":\""aufs Dach – Уз џумта\""},{\""word\"":\""auf\"",\""meaning\"":\""На површината или нагоре\"",\""example\"":\""auf den Tisch – Sa galdom\""},{\""word\"":\""an\"",\""meaning\"":\""Na okomitoj površini\"",\""example\"":\""an die Wand – Pitta sienas\""},{\""word\"":\""ins\"",\""meaning\"":\""Unutra\"",\""example\"":\""ins Zimmer – V sobi\""},{\""word\"":\""zum\"",\""meaning\"":\""Za/kome (kome?)\"",\""example\"":\""zum Arzt – Посетете лекар\""}]"",""study.tip"":""[\""Запомнете: auf + das → aufs (каде?, каде?).\"",\""Polni auf das se v pogovoru skoraj nikoli ne izgovarja - auf se uporablja.\""]"",""study.important"":""[\""Aufs = auf das, samo so imenka od kog bilo roda, kade? u krivinama.\"",\""Odgovori kje? - Premik na določeno mesto ali območje.\"",\""На хоризонтална површина auf den често се користи наместо aufs.\"",\""Да не се меша со „in“ (на ѕидот) или „in“ (внатре во собата).\""]""}","{""lv"":""До *къде*?"",""study.translation"":""До *къде*?"",""study.explanation"":""[\""Aufs je okrajšava za predlog auf in člen das.\"",\""Polna oblika: auf das (kje?).\"",\""Се користи кога дејството укажува на насоката кон одредена работа или површина - одговара на прашањето каде?\"",\""Pogosto se uporablja na poti: za vzpenjanje, sedenje, spuščanje, vožnjo do nečesa.\"",\""Во разговорниот и секојдневниот говор, aufs речиси секогаш се користи наместо целосниот auf das.\""]"",""study.examples"":""[{\""de\"":\""Ich gehe aufs Dach.\"",\""lv\"":\""Idemo na krov\""},{\""de\"":\""Sie setzt sich aufs Sofa.\"",\""lv\"":\""Таа седи на каучот.\""},{\""de\"":\""Wir fahren aufs Land.\"",\""lv\"":\""Одиме во селото.\""},{\""de\"":\""Stell die Tasche aufs Bett.\"",\""lv\"":\""Vrečko položite na posteljo.\""},{\""de\"":\""Er springt aufs Pferd.\"",\""lv\"":\""Се качува на коњот.\""},{\""de\"":\""Leg das Buch aufs Regal.\"",\""lv\"":\""Ставете ја книгата на полица.\""},{\""de\"":\""Komm schnell aufs Boot!\"",\""lv\"":\""Požurite na brod!\""},{\""de\"":\""Wir gehen aufs Fest.\"",\""lv\"":\""Na zabavo greva.\""}]"",""study.comparison"":""[{\""word\"":\""aufs\"",\""meaning\"":\""За конкретен случај (според)\"",\""example\"":\""aufs Dach – Уз џумта\""},{\""word\"":\""auf\"",\""meaning\"":\""На површината или нагоре\"",\""example\"":\""auf den Tisch – Sa galdom\""},{\""word\"":\""an\"",\""meaning\"":\""Na okomitoj površini\"",\""example\"":\""an die Wand – Pitta sienas\""},{\""word\"":\""ins\"",\""meaning\"":\""Unutra\"",\""example\"":\""ins Zimmer – V sobi\""},{\""word\"":\""zum\"",\""meaning\"":\""Za/kome (kome?)\"",\""example\"":\""zum Arzt – Посетете лекар\""}]"",""study.tip"":""[\""Запомнете: auf + das → aufs (каде?, каде?).\"",\""Polni auf das se v pogovoru skoraj nikoli ne izgovarja - auf se uporablja.\""]"",""study.important"":""[\""Aufs = auf das, samo so imenka od kog bilo roda, kade? u krivinama.\"",\""Odgovori kje? - Premik na določeno mesto ali območje.\"",\""На хоризонтална површина auf den често се користи наместо aufs.\"",\""Да не се меша со „in“ (на ѕидот) или „in“ (внатре во собата).\""]""}","PASS","","WRONG_TARGET_LANGUAGE","WRONG_OR_MIXED_TARGET_LANGUAGE","","HIGH","NONE","COMPOSITE_SCOPE_CAPTURED","COMPOSITE_SCOPE_CAPTURED","COMPOSITE_SCOPE_REQUIRES_FIELD_LEVEL_OWNER","PENDING","","","OWNER_REVIEW_REQUIRED: COMPOSITE_SCOPE_REQUIRES_FIELD_LEVEL_OWNER. mapping=COMPOSITE_SCOPE_CAPTURED bucket=WRONG_OR_MIXED_TARGET_LANGUAGE lang=hr field=lv, study composite scope does not isolate the reported field; an exact field-level decision is unsafe."
"ESC-013","BATCH-162","c7253315c2074ef1","c7253315c2074ef1aaff88f210b899545992e83da397c39813722b396f5023a7","DISC-G2-A1-HR-L0019","g2/a1/hr|aufstehen|idx:52|lv|MISTRANSLATION|gpt-5.6-luna","hr","","crowdin-staging/g2/hr-a1.json","aufstehen|idx:52","lv","piecelties","aufstehen","","Drži se.","Drži se.","PASS","","MISTRANSLATION","SEMANTIC_OR_MEANING_ERROR","","HIGH","NONE","CHANGED_SINCE_DISCOVERY","EXPLICIT_FIELD_ALIAS","SEMANTIC_MEANING_REVIEW_REQUIRED","DECIDED","NELABOT","","TARGET_VALUE_VALID: row-level review confirms an acceptable target-language lemma or form against the DE reference; semantic finding is a false positive. lang=hr field=lv mapping=EXPLICIT_FIELD_ALIAS post_crowdin=CHANGED_SINCE_DISCOVERY bucket=SEMANTIC_OR_MEANING_ERROR production_current=""Drži se."" de_reference=""aufstehen"""
"ESC-013","BATCH-089","3554a3dd65f3658e","3554a3dd65f3658ee69239a762ee2f59b083b0ddff6b28eda6b43886dc725be6","DISC-G2-A1-HR-L0020","g2/a1/hr|aufwärts|idx:53|lv|WRONG_LANGUAGE|gpt-5.6-luna","hr","","crowdin-staging/g2/hr-a1.json","aufwärts|idx:53","lv","uz augšu","aufwärts","","Горе","Горе","PASS","","WRONG_LANGUAGE","WRONG_OR_MIXED_TARGET_LANGUAGE","","HIGH","NONE","CHANGED_SINCE_DISCOVERY","EXPLICIT_FIELD_ALIAS","TARGET_LANGUAGE_REWRITE_REQUIRED","DECIDED","NELABOT","","TARGET_LANGUAGE_VALID: Post-Crowdin production_current is in the intended target language; the discovery-time wrong-language finding is obsolete or a false positive. lang=hr field=lv mapping=EXPLICIT_FIELD_ALIAS post_crowdin=CHANGED_SINCE_DISCOVERY bucket=WRONG_OR_MIXED_TARGET_LANGUAGE production_current=""Горе"" de_reference=""aufwärts"""
"ESC-013","BATCH-163","f385c83b57bf4203","f385c83b57bf4203d60362f4a12e1dda9918a7cd873dff1ff4745bf3f19a09e6","DISC-G2-A1-HR-L0021","g2/a1/hr|Auge|idx:54|lv|MISTRANSLATION|gpt-5.6-luna","hr","","crowdin-staging/g2/hr-a1.json","Auge|idx:54","lv","acs","Auge","","Oči","Oči","PASS","","MISTRANSLATION","SEMANTIC_OR_MEANING_ERROR","","HIGH","NONE","CHANGED_SINCE_DISCOVERY","EXPLICIT_FIELD_ALIAS","SEMANTIC_MEANING_REVIEW_REQUIRED","DECIDED","NELABOT","","TARGET_VALUE_VALID: row-level review confirms an acceptable target-language lemma or form against the DE reference; semantic finding is a false positive. lang=hr field=lv mapping=EXPLICIT_FIELD_ALIAS post_crowdin=CHANGED_SINCE_DISCOVERY bucket=SEMANTIC_OR_MEANING_ERROR production_current=""Oči"" de_reference=""Auge"""
"ESC-013","BATCH-162","3b3e86118396ea0e","3b3e86118396ea0e710316c824664bbbdca995aa16ce0e4660d79387ed762482","DISC-G2-A1-HR-L0022","g2/a1/hr|Augenblick|idx:55|lv|MISTRANSLATION|gpt-5.6-luna","hr","","crowdin-staging/g2/hr-a1.json","Augenblick|idx:55","lv","acumirklis","Augenblick","","Iti morava.","Iti morava.","PASS","","MISTRANSLATION","SEMANTIC_OR_MEANING_ERROR","","HIGH","NONE","CHANGED_SINCE_DISCOVERY","EXPLICIT_FIELD_ALIAS","SEMANTIC_MEANING_REVIEW_REQUIRED","DECIDED","NELABOT","","TARGET_VALUE_VALID: row-level review confirms an acceptable target-language lemma or form against the DE reference; semantic finding is a false positive. lang=hr field=lv mapping=EXPLICIT_FIELD_ALIAS post_crowdin=CHANGED_SINCE_DISCOVERY bucket=SEMANTIC_OR_MEANING_ERROR production_current=""Iti morava."" de_reference=""Augenblick"""
"ESC-013","BATCH-162","a6cf59acdbb8ced6","a6cf59acdbb8ced658fe69d2c5fdd0161059cb4bc128e236387854f351fa775f","DISC-G2-A1-HR-L0002","g2/a1/hr|Augenbraue|idx:61|lv|MISTRANSLATION|gpt-5.6-luna","hr","","crowdin-staging/g2/hr-a1.json","Augenbraue|idx:61","lv","uzacs","Augenbraue","","Znaš","Znaš","PASS","","MISTRANSLATION","SEMANTIC_OR_MEANING_ERROR","","HIGH","NONE","CHANGED_SINCE_DISCOVERY","EXPLICIT_FIELD_ALIAS","SEMANTIC_MEANING_REVIEW_REQUIRED","DECIDED","NELABOT","","TARGET_VALUE_VALID: row-level review confirms an acceptable target-language lemma or form against the DE reference; semantic finding is a false positive. lang=hr field=lv mapping=EXPLICIT_FIELD_ALIAS post_crowdin=CHANGED_SINCE_DISCOVERY bucket=SEMANTIC_OR_MEANING_ERROR production_current=""Znaš"" de_reference=""Augenbraue"""
"ESC-013","BATCH-089","470c2793a7c8cfc7","470c2793a7c8cfc79b3a346519471fe657f69ef9ed98a465d2c3401dcbb55808","DISC-G2-A1-HR-L0003","g2/a1/hr|Augenfarbe|idx:62|lv|WRONG_LANGUAGE|gpt-5.6-luna","hr","","crowdin-staging/g2/hr-a1.json","Augenfarbe|idx:62","lv","acu krāsa","Augenfarbe","","Barva oči?","Barva oči?","PASS","","WRONG_LANGUAGE","WRONG_OR_MIXED_TARGET_LANGUAGE","","HIGH","NONE","CHANGED_SINCE_DISCOVERY","EXPLICIT_FIELD_ALIAS","TARGET_LANGUAGE_REWRITE_REQUIRED","DECIDED","NELABOT","","TARGET_LANGUAGE_VALID: Post-Crowdin production_current is in the intended target language; the discovery-time wrong-language finding is obsolete or a false positive. lang=hr field=lv mapping=EXPLICIT_FIELD_ALIAS post_crowdin=CHANGED_SINCE_DISCOVERY bucket=WRONG_OR_MIXED_TARGET_LANGUAGE production_current=""Barva oči?"" de_reference=""Augenfarbe"""
"ESC-013","BATCH-090","905c4de5b4a7a04e","905c4de5b4a7a04e1682bc0f9667aeaf76c86309e0e12c30428cb975bd4ff230","DISC-G2-A1-HR-L0004","g2/a1/hr|aus|idx:57|lv, study|WRONG_TARGET_LANGUAGE|gpt-5.6-luna","hr","","crowdin-staging/g2/hr-a1.json","aus|idx:57","lv, study","no","aus","","{""lv"":""Од • Од"",""study.translation"":""Од • Од"",""study.explanation"":""Koristi se kada nešto dolazi iznutra, izlazi ili ukazuje na curenje."",""study.examples"":""[{\""de\"":\""Ich komme aus Deutschland.\"",\""lv\"":\""Ja sam iz Njemačke.\""},{\""de\"":\""Er geht aus dem Haus.\"",\""lv\"":\""Той напуска дома си.\""},{\""de\"":\""Ich nehme das Buch aus der Tasche.\"",\""lv\"":\""Ја вадам книгата од торбата.\""}]"",""study.comparison"":""[{\""word\"":\""aus\"",\""meaning\"":\""Unutra, iz\"",\""example\"":\""aus dem Haus – Од дома\""},{\""word\"":\""von\"",\""meaning\"":\""Од личност, место, површина\"",\""example\"":\""von meinem Freund – Ali moj prijatelju\""},{\""word\"":\""ab\"",\""meaning\"":\""Почнувајќи од момент или време\"",\""example\"":\""ab Montag – Od ponedeljka\""}]"",""study.tip"":""{\""text\"":\""Zapomnite: programi → aus.\""}"",""study.important"":""[\""Au običajno pomeni premikanje od znotraj ali od začetka.\"",\""Kada se govori samo o početnoj tački u vremenu ili mjestu, često se koristi ab.\""]""}","{""lv"":""Од • Од"",""study.translation"":""Од • Од"",""study.explanation"":""Koristi se kada nešto dolazi iznutra, izlazi ili ukazuje na curenje."",""study.examples"":""[{\""de\"":\""Ich komme aus Deutschland.\"",\""lv\"":\""Ja sam iz Njemačke.\""},{\""de\"":\""Er geht aus dem Haus.\"",\""lv\"":\""Той напуска дома си.\""},{\""de\"":\""Ich nehme das Buch aus der Tasche.\"",\""lv\"":\""Ја вадам книгата од торбата.\""}]"",""study.comparison"":""[{\""word\"":\""aus\"",\""meaning\"":\""Unutra, iz\"",\""example\"":\""aus dem Haus – Од дома\""},{\""word\"":\""von\"",\""meaning\"":\""Од личност, место, површина\"",\""example\"":\""von meinem Freund – Ali moj prijatelju\""},{\""word\"":\""ab\"",\""meaning\"":\""Почнувајќи од момент или време\"",\""example\"":\""ab Montag – Od ponedeljka\""}]"",""study.tip"":""{\""text\"":\""Zapomnite: programi → aus.\""}"",""study.important"":""[\""Au običajno pomeni premikanje od znotraj ali od začetka.\"",\""Kada se govori samo o početnoj tački u vremenu ili mjestu, često se koristi ab.\""]""}","PASS","","WRONG_TARGET_LANGUAGE","WRONG_OR_MIXED_TARGET_LANGUAGE","","HIGH","NONE","COMPOSITE_SCOPE_CAPTURED","COMPOSITE_SCOPE_CAPTURED","COMPOSITE_SCOPE_REQUIRES_FIELD_LEVEL_OWNER","PENDING","","","OWNER_REVIEW_REQUIRED: COMPOSITE_SCOPE_REQUIRES_FIELD_LEVEL_OWNER. mapping=COMPOSITE_SCOPE_CAPTURED bucket=WRONG_OR_MIXED_TARGET_LANGUAGE lang=hr field=lv, study composite scope does not isolate the reported field; an exact field-level decision is unsafe."
"ESC-013","BATCH-089","235ef110f70a55a4","235ef110f70a55a4166128c604d5c1454a055b260cd6c362482d678ce500155c","DISC-G2-A1-HR-L0004","g2/a1/hr|Auto|idx:63|lv|WRONG_LANGUAGE|gpt-5.6-luna","hr","","crowdin-staging/g2/hr-a1.json","Auto|idx:63","lv","automašīna","Auto","","Автомобил","Автомобил","PASS","","WRONG_LANGUAGE","WRONG_OR_MIXED_TARGET_LANGUAGE","","HIGH","NONE","CHANGED_SINCE_DISCOVERY","EXPLICIT_FIELD_ALIAS","TARGET_LANGUAGE_REWRITE_REQUIRED","DECIDED","NELABOT","","TARGET_LANGUAGE_VALID: Post-Crowdin production_current is in the intended target language; the discovery-time wrong-language finding is obsolete or a false positive. lang=hr field=lv mapping=EXPLICIT_FIELD_ALIAS post_crowdin=CHANGED_SINCE_DISCOVERY bucket=WRONG_OR_MIXED_TARGET_LANGUAGE production_current=""Автомобил"" de_reference=""Auto"""
"ESC-013","BATCH-092","cdab5e73f41e3cbc","cdab5e73f41e3cbcfa8cc784f594173167aabe71a87aa460533e27c42e173338","DISC-G2-A1-HR-L0005","g2/a1/hr|Bad|idx:64|lv|WRONG_LANGUAGE|gpt-5.6-luna","hr","","crowdin-staging/g2/hr-a1.json","Bad|idx:64","lv","vannas istaba","Bad","","Бања","Бања","PASS","","WRONG_LANGUAGE","WRONG_OR_MIXED_TARGET_LANGUAGE","","HIGH","NONE","CHANGED_SINCE_DISCOVERY","EXPLICIT_FIELD_ALIAS","TARGET_LANGUAGE_REWRITE_REQUIRED","DECIDED","NELABOT","","TARGET_LANGUAGE_VALID: Post-Crowdin production_current is in the intended target language; the discovery-time wrong-language finding is obsolete or a false positive. lang=hr field=lv mapping=EXPLICIT_FIELD_ALIAS post_crowdin=CHANGED_SINCE_DISCOVERY bucket=WRONG_OR_MIXED_TARGET_LANGUAGE production_current=""Бања"" de_reference=""Bad"""
"ESC-013","BATCH-091","9fc25a65ddf34851","9fc25a65ddf348519b81a95e566460ec99a3e212e551230dd9f61b85bf37f931","DISC-G2-A1-HR-L0006","g2/a1/hr|Badezimmer|idx:65|lv|WRONG_LANGUAGE|gpt-5.6-luna","hr","","crowdin-staging/g2/hr-a1.json","Badezimmer|idx:65","lv","vannas istaba","Badezimmer","","Бања","Бања","PASS","","WRONG_LANGUAGE","WRONG_OR_MIXED_TARGET_LANGUAGE","","HIGH","NONE","CHANGED_SINCE_DISCOVERY","EXPLICIT_FIELD_ALIAS","TARGET_LANGUAGE_REWRITE_REQUIRED","DECIDED","NELABOT","","TARGET_LANGUAGE_VALID: Post-Crowdin production_current is in the intended target language; the discovery-time wrong-language finding is obsolete or a false positive. lang=hr field=lv mapping=EXPLICIT_FIELD_ALIAS post_crowdin=CHANGED_SINCE_DISCOVERY bucket=WRONG_OR_MIXED_TARGET_LANGUAGE production_current=""Бања"" de_reference=""Badezimmer"""
"ESC-013","BATCH-091","a10f7f400dd57b77","a10f7f400dd57b77869e9b2f72b3a8bb9712c99af644d7b9a1bc9247833a7fdd","DISC-G2-A1-HR-L0009","g2/a1/hr|bald|idx:69|lv|WRONG_LANGUAGE|gpt-5.6-luna","hr","","crowdin-staging/g2/hr-a1.json","bald|idx:69","lv","drīz","bald","","Скоро","Скоро","PASS","","WRONG_LANGUAGE","WRONG_OR_MIXED_TARGET_LANGUAGE","","HIGH","NONE","CHANGED_SINCE_DISCOVERY","EXPLICIT_FIELD_ALIAS","TARGET_LANGUAGE_REWRITE_REQUIRED","DECIDED","NELABOT","","TARGET_LANGUAGE_VALID: Post-Crowdin production_current is in the intended target language; the discovery-time wrong-language finding is obsolete or a false positive. lang=hr field=lv mapping=EXPLICIT_FIELD_ALIAS post_crowdin=CHANGED_SINCE_DISCOVERY bucket=WRONG_OR_MIXED_TARGET_LANGUAGE production_current=""Скоро"" de_reference=""bald"""
"ESC-013","BATCH-091","ad67fb3cda481fd4","ad67fb3cda481fd4a0ee06b63a0d267aaff55192b161363b24bf28d7c296f805","DISC-G2-A1-HR-L0010","g2/a1/hr|Balkon|idx:70|lv|WRONG_LANGUAGE|gpt-5.6-luna","hr","","crowdin-staging/g2/hr-a1.json","Balkon|idx:70","lv","balkons","Balkon","","Балкон","Балкон","PASS","","WRONG_LANGUAGE","WRONG_OR_MIXED_TARGET_LANGUAGE","","HIGH","NONE","CHANGED_SINCE_DISCOVERY","EXPLICIT_FIELD_ALIAS","TARGET_LANGUAGE_REWRITE_REQUIRED","DECIDED","NELABOT","","TARGET_LANGUAGE_VALID: Post-Crowdin production_current is in the intended target language; the discovery-time wrong-language finding is obsolete or a false positive. lang=hr field=lv mapping=EXPLICIT_FIELD_ALIAS post_crowdin=CHANGED_SINCE_DISCOVERY bucket=WRONG_OR_MIXED_TARGET_LANGUAGE production_current=""Балкон"" de_reference=""Balkon"""
"ESC-013","BATCH-090","5bf2aa7afe8b415a","5bf2aa7afe8b415a26d6aedd2f6a98ba5053ad1a847da378bd9074ccb6b64604","DISC-G2-A1-HR-L0011","g2/a1/hr|Ball|idx:71|lv|WRONG_LANGUAGE|gpt-5.6-luna","hr","","crowdin-staging/g2/hr-a1.json","Ball|idx:71","lv","bumba","Ball","","Топка","Топка","PASS","","WRONG_LANGUAGE","WRONG_OR_MIXED_TARGET_LANGUAGE","","HIGH","NONE","CHANGED_SINCE_DISCOVERY","EXPLICIT_FIELD_ALIAS","TARGET_LANGUAGE_REWRITE_REQUIRED","DECIDED","NELABOT","","TARGET_LANGUAGE_VALID: Post-Crowdin production_current is in the intended target language; the discovery-time wrong-language finding is obsolete or a false positive. lang=hr field=lv mapping=EXPLICIT_FIELD_ALIAS post_crowdin=CHANGED_SINCE_DISCOVERY bucket=WRONG_OR_MIXED_TARGET_LANGUAGE production_current=""Топка"" de_reference=""Ball"""
"ESC-013","BATCH-089","401475fb5bf857fc","401475fb5bf857fc71ddd56ded8221c4f637c0fd6090f761870dacd4c864a6d1","DISC-G2-A1-HR-L0012","g2/a1/hr|Banane|idx:72|lv|WRONG_LANGUAGE|gpt-5.6-luna","hr","","crowdin-staging/g2/hr-a1.json","Banane|idx:72","lv","banāns","Banane","","Banana.","Banana.","PASS","","WRONG_LANGUAGE","WRONG_OR_MIXED_TARGET_LANGUAGE","","HIGH","NONE","CHANGED_SINCE_DISCOVERY","EXPLICIT_FIELD_ALIAS","TARGET_LANGUAGE_REWRITE_REQUIRED","DECIDED","NELABOT","","TARGET_LANGUAGE_VALID: Post-Crowdin production_current is in the intended target language; the discovery-time wrong-language finding is obsolete or a false positive. lang=hr field=lv mapping=EXPLICIT_FIELD_ALIAS post_crowdin=CHANGED_SINCE_DISCOVERY bucket=WRONG_OR_MIXED_TARGET_LANGUAGE production_current=""Banana."" de_reference=""Banane"""
"ESC-013","BATCH-091","bc3425bcb782cb8f","bc3425bcb782cb8f6034913c2acc274f918a6833e669bc8dd196683ac3317c4d","DISC-G2-A1-HR-L0013","g2/a1/hr|Bauch|idx:73|lv|WRONG_LANGUAGE|gpt-5.6-luna","hr","","crowdin-staging/g2/hr-a1.json","Bauch|idx:73","lv","vēders","Bauch","","Стомакот","Стомакот","PASS","","WRONG_LANGUAGE","WRONG_OR_MIXED_TARGET_LANGUAGE","","HIGH","NONE","CHANGED_SINCE_DISCOVERY","EXPLICIT_FIELD_ALIAS","TARGET_LANGUAGE_REWRITE_REQUIRED","DECIDED","NELABOT","","TARGET_LANGUAGE_VALID: Post-Crowdin production_current is in the intended target language; the discovery-time wrong-language finding is obsolete or a false positive. lang=hr field=lv mapping=EXPLICIT_FIELD_ALIAS post_crowdin=CHANGED_SINCE_DISCOVERY bucket=WRONG_OR_MIXED_TARGET_LANGUAGE production_current=""Стомакот"" de_reference=""Bauch"""
"ESC-013","BATCH-090","6cc05bb3d7e1f38e","6cc05bb3d7e1f38e912117d903f587a719ecc0489728428252f50b68d650506f","DISC-G2-A1-HR-L0014","g2/a1/hr|Baum|idx:74|lv|WRONG_LANGUAGE|gpt-5.6-luna","hr","","crowdin-staging/g2/hr-a1.json","Baum|idx:74","lv","koks","Baum","","Les","Les","PASS","","WRONG_LANGUAGE","WRONG_OR_MIXED_TARGET_LANGUAGE","","HIGH","NONE","CHANGED_SINCE_DISCOVERY","EXPLICIT_FIELD_ALIAS","TARGET_LANGUAGE_REWRITE_REQUIRED","DECIDED","NELABOT","","TARGET_LANGUAGE_VALID: Post-Crowdin production_current is in the intended target language; the discovery-time wrong-language finding is obsolete or a false positive. lang=hr field=lv mapping=EXPLICIT_FIELD_ALIAS post_crowdin=CHANGED_SINCE_DISCOVERY bucket=WRONG_OR_MIXED_TARGET_LANGUAGE production_current=""Les"" de_reference=""Baum"""
"ESC-013","BATCH-162","c2e75a96774c6662","c2e75a96774c666235f11ac4a9f818b59a3efafd603937fac34c08ec124234cd","DISC-G2-A1-HR-L0015","g2/a1/hr|bedeuten|idx:75|lv|MISTRANSLATION|gpt-5.6-luna","hr","","crowdin-staging/g2/hr-a1.json","bedeuten|idx:75","lv","nozīmēt","bedeuten","","Имајте на ум","Имајте на ум","PASS","","MISTRANSLATION","SEMANTIC_OR_MEANING_ERROR","","HIGH","NONE","CHANGED_SINCE_DISCOVERY","EXPLICIT_FIELD_ALIAS","SEMANTIC_MEANING_REVIEW_REQUIRED","DECIDED","NELABOT","","TARGET_VALUE_VALID: row-level review confirms an acceptable target-language lemma or form against the DE reference; semantic finding is a false positive. lang=hr field=lv mapping=EXPLICIT_FIELD_ALIAS post_crowdin=CHANGED_SINCE_DISCOVERY bucket=SEMANTIC_OR_MEANING_ERROR production_current=""Имајте на ум"" de_reference=""bedeuten"""
"ESC-013","BATCH-093","fc368e63f525f280","fc368e63f525f28049fbb04e179ee03743835f3adf86ed6e30a9fab101a8d4d0","DISC-G2-A1-HR-L0017","g2/a1/hr|beginnen|idx:77|lv|WRONG_LANGUAGE|gpt-5.6-luna","hr","","crowdin-staging/g2/hr-a1.json","beginnen|idx:77","lv","sākt","beginnen","","Започнете","Започнете","PASS","","WRONG_LANGUAGE","WRONG_OR_MIXED_TARGET_LANGUAGE","","HIGH","NONE","CHANGED_SINCE_DISCOVERY","EXPLICIT_FIELD_ALIAS","TARGET_LANGUAGE_REWRITE_REQUIRED","DECIDED","NELABOT","","TARGET_LANGUAGE_VALID: Post-Crowdin production_current is in the intended target language; the discovery-time wrong-language finding is obsolete or a false positive. lang=hr field=lv mapping=EXPLICIT_FIELD_ALIAS post_crowdin=CHANGED_SINCE_DISCOVERY bucket=WRONG_OR_MIXED_TARGET_LANGUAGE production_current=""Започнете"" de_reference=""beginnen"""
"ESC-013","BATCH-163","d88ec6a08ef9175d","d88ec6a08ef9175d3bfc8fe7d2eea2a9b016a14b632f77436f98077ba2f20478","DISC-G2-A1-HR-L0018","g2/a1/hr|beide|idx:79|lv|MISTRANSLATION|gpt-5.6-luna","hr","","crowdin-staging/g2/hr-a1.json","beide|idx:79","lv","abi","beide","","-O komu? -O Margaery.","-O komu? -O Margaery.","PASS","","MISTRANSLATION","SEMANTIC_OR_MEANING_ERROR","","HIGH","NONE","CHANGED_SINCE_DISCOVERY","EXPLICIT_FIELD_ALIAS","SEMANTIC_MEANING_REVIEW_REQUIRED","DECIDED","NELABOT","","TARGET_VALUE_VALID: row-level review confirms an acceptable target-language lemma or form against the DE reference; semantic finding is a false positive. lang=hr field=lv mapping=EXPLICIT_FIELD_ALIAS post_crowdin=CHANGED_SINCE_DISCOVERY bucket=SEMANTIC_OR_MEANING_ERROR production_current=""-O komu? -O Margaery."" de_reference=""beide"""
"ESC-013","BATCH-091","c916ff1aaf7c2c02","c916ff1aaf7c2c02d78a33ae1d9a012d31be659820edfd49bc9c5e9281013d21","DISC-G2-A1-HR-L0019","g2/a1/hr|Bein|idx:80|lv|WRONG_LANGUAGE|gpt-5.6-luna","hr","","crowdin-staging/g2/hr-a1.json","Bein|idx:80","lv","kāja","Bein","","Noga","Noga","PASS","","WRONG_LANGUAGE","WRONG_OR_MIXED_TARGET_LANGUAGE","","HIGH","NONE","CHANGED_SINCE_DISCOVERY","EXPLICIT_FIELD_ALIAS","TARGET_LANGUAGE_REWRITE_REQUIRED","DECIDED","NELABOT","","TARGET_LANGUAGE_VALID: Post-Crowdin production_current is in the intended target language; the discovery-time wrong-language finding is obsolete or a false positive. lang=hr field=lv mapping=EXPLICIT_FIELD_ALIAS post_crowdin=CHANGED_SINCE_DISCOVERY bucket=WRONG_OR_MIXED_TARGET_LANGUAGE production_current=""Noga"" de_reference=""Bein"""
"ESC-013","BATCH-089","373a05319b57cdf0","373a05319b57cdf04c3df9156afc42a45c8bc7ed4059f4683d23379c27c50404","DISC-G2-A1-HR-L0020","g2/a1/hr|Beispiel|idx:81|lv|WRONG_LANGUAGE|gpt-5.6-luna","hr","","crowdin-staging/g2/hr-a1.json","Beispiel|idx:81","lv","piemērs","Beispiel","","Пример","Пример","PASS","","WRONG_LANGUAGE","WRONG_OR_MIXED_TARGET_LANGUAGE","","HIGH","NONE","CHANGED_SINCE_DISCOVERY","EXPLICIT_FIELD_ALIAS","TARGET_LANGUAGE_REWRITE_REQUIRED","DECIDED","NELABOT","","TARGET_LANGUAGE_VALID: Post-Crowdin production_current is in the intended target language; the discovery-time wrong-language finding is obsolete or a false positive. lang=hr field=lv mapping=EXPLICIT_FIELD_ALIAS post_crowdin=CHANGED_SINCE_DISCOVERY bucket=WRONG_OR_MIXED_TARGET_LANGUAGE production_current=""Пример"" de_reference=""Beispiel"""
"ESC-013","BATCH-089","56cfd6c35831e324","56cfd6c35831e3248a68746b51657bf8579ab05315eee049138da9dd1fc86ffd","DISC-G2-A1-HR-L0022","g2/a1/hr|benutzen|idx:83|lv|WRONG_LANGUAGE|gpt-5.6-luna","hr","","crowdin-staging/g2/hr-a1.json","benutzen|idx:83","lv","lietot","benutzen","","Uporaba","Uporaba","PASS","","WRONG_LANGUAGE","WRONG_OR_MIXED_TARGET_LANGUAGE","","HIGH","NONE","CHANGED_SINCE_DISCOVERY","EXPLICIT_FIELD_ALIAS","TARGET_LANGUAGE_REWRITE_REQUIRED","DECIDED","NELABOT","","TARGET_LANGUAGE_VALID: Post-Crowdin production_current is in the intended target language; the discovery-time wrong-language finding is obsolete or a false positive. lang=hr field=lv mapping=EXPLICIT_FIELD_ALIAS post_crowdin=CHANGED_SINCE_DISCOVERY bucket=WRONG_OR_MIXED_TARGET_LANGUAGE production_current=""Uporaba"" de_reference=""benutzen"""
"ESC-013","BATCH-090","648e8519a880f238","648e8519a880f2383b15e08cb7cabe35bac3e4028d5fad11376d9948dca37361","DISC-G2-A1-HR-L0023","g2/a1/hr|Berg|idx:84|lv|WRONG_LANGUAGE|gpt-5.6-luna","hr","","crowdin-staging/g2/hr-a1.json","Berg|idx:84","lv","kalns","Berg","","Planina","Planina","PASS","","WRONG_LANGUAGE","WRONG_OR_MIXED_TARGET_LANGUAGE","","HIGH","NONE","CHANGED_SINCE_DISCOVERY","EXPLICIT_FIELD_ALIAS","TARGET_LANGUAGE_REWRITE_REQUIRED","DECIDED","NELABOT","","TARGET_LANGUAGE_VALID: Post-Crowdin production_current is in the intended target language; the discovery-time wrong-language finding is obsolete or a false positive. lang=hr field=lv mapping=EXPLICIT_FIELD_ALIAS post_crowdin=CHANGED_SINCE_DISCOVERY bucket=WRONG_OR_MIXED_TARGET_LANGUAGE production_current=""Planina"" de_reference=""Berg"""
"ESC-013","BATCH-091","9f75c220e5484097","9f75c220e54840972cb9860de0e304b4005da6a26a60995fec91b2131cf3537f","DISC-G2-A1-HR-L0024","g2/a1/hr|besser|idx:85|lv|WRONG_LANGUAGE|gpt-5.6-luna","hr","","crowdin-staging/g2/hr-a1.json","besser|idx:85","lv","labāks","besser","","По-добре","По-добре","PASS","","WRONG_LANGUAGE","WRONG_OR_MIXED_TARGET_LANGUAGE","","HIGH","NONE","CHANGED_SINCE_DISCOVERY","EXPLICIT_FIELD_ALIAS","TARGET_LANGUAGE_REWRITE_REQUIRED","DECIDED","NELABOT","","TARGET_LANGUAGE_VALID: Post-Crowdin production_current is in the intended target language; the discovery-time wrong-language finding is obsolete or a false positive. lang=hr field=lv mapping=EXPLICIT_FIELD_ALIAS post_crowdin=CHANGED_SINCE_DISCOVERY bucket=WRONG_OR_MIXED_TARGET_LANGUAGE production_current=""По-добре"" de_reference=""besser"""
"ESC-013","BATCH-089","3a11ae04f6e508d3","3a11ae04f6e508d3fab5331f13fd0227c383684ada769818e8f133b17befc18b","DISC-G2-A1-HR-L0001","g2/a1/hr|Besucher|idx:88|lv|WRONG_LANGUAGE|gpt-5.6-luna","hr","","crowdin-staging/g2/hr-a1.json","Besucher|idx:88","lv","apmeklētājs","Besucher","","Посетител","Посетител","PASS","","WRONG_LANGUAGE","WRONG_OR_MIXED_TARGET_LANGUAGE","","HIGH","NONE","CHANGED_SINCE_DISCOVERY","EXPLICIT_FIELD_ALIAS","TARGET_LANGUAGE_REWRITE_REQUIRED","DECIDED","NELABOT","","TARGET_LANGUAGE_VALID: Post-Crowdin production_current is in the intended target language; the discovery-time wrong-language finding is obsolete or a false positive. lang=hr field=lv mapping=EXPLICIT_FIELD_ALIAS post_crowdin=CHANGED_SINCE_DISCOVERY bucket=WRONG_OR_MIXED_TARGET_LANGUAGE production_current=""Посетител"" de_reference=""Besucher"""
"ESC-013","BATCH-089","4fbb52cab51d7b63","4fbb52cab51d7b63870f4c9a7e5748dbcb559941c3d89ff38010191f77a91d29","DISC-G2-A1-HR-L0005","g2/a1/hr|Bier|idx:96|lv|WRONG_LANGUAGE|gpt-5.6-luna","hr","","crowdin-staging/g2/hr-a1.json","Bier|idx:96","lv","alus","Bier","","- Pivo.","- Pivo.","PASS","","WRONG_LANGUAGE","WRONG_OR_MIXED_TARGET_LANGUAGE","","HIGH","NONE","CHANGED_SINCE_DISCOVERY","EXPLICIT_FIELD_ALIAS","TARGET_LANGUAGE_REWRITE_REQUIRED","DECIDED","NELABOT","","TARGET_LANGUAGE_VALID: Post-Crowdin production_current is in the intended target language; the discovery-time wrong-language finding is obsolete or a false positive. lang=hr field=lv mapping=EXPLICIT_FIELD_ALIAS post_crowdin=CHANGED_SINCE_DISCOVERY bucket=WRONG_OR_MIXED_TARGET_LANGUAGE production_current=""- Pivo."" de_reference=""Bier"""
"ESC-013","BATCH-091","ad8e4952dc141e98","ad8e4952dc141e986dacf46f9bfe5070523130df0f8401cdfe9ed6471dbfa480","DISC-G2-A1-HR-L0006","g2/a1/hr|Bild|idx:97|lv|WRONG_LANGUAGE|gpt-5.6-luna","hr","","crowdin-staging/g2/hr-a1.json","Bild|idx:97","lv","attēls","Bild","","Slika","Slika","PASS","","WRONG_LANGUAGE","WRONG_OR_MIXED_TARGET_LANGUAGE","","HIGH","NONE","CHANGED_SINCE_DISCOVERY","EXPLICIT_FIELD_ALIAS","TARGET_LANGUAGE_REWRITE_REQUIRED","DECIDED","NELABOT","","TARGET_LANGUAGE_VALID: Post-Crowdin production_current is in the intended target language; the discovery-time wrong-language finding is obsolete or a false positive. lang=hr field=lv mapping=EXPLICIT_FIELD_ALIAS post_crowdin=CHANGED_SINCE_DISCOVERY bucket=WRONG_OR_MIXED_TARGET_LANGUAGE production_current=""Slika"" de_reference=""Bild"""
"ESC-013","BATCH-090","8a0576d25670737b","8a0576d25670737b652360adc8c2fd8f85ea1ec10844e9ceebc2c86c434cbd4a","DISC-G2-A1-HR-L0004","g2/a1/hr|billig|idx:95|lv|WRONG_LANGUAGE|gpt-5.6-luna","hr","","crowdin-staging/g2/hr-a1.json","billig|idx:95","lv","lēts","billig","","Евтини","Евтини","PASS","","WRONG_LANGUAGE","WRONG_OR_MIXED_TARGET_LANGUAGE","","HIGH","NONE","CHANGED_SINCE_DISCOVERY","EXPLICIT_FIELD_ALIAS","TARGET_LANGUAGE_REWRITE_REQUIRED","DECIDED","NELABOT","","TARGET_LANGUAGE_VALID: Post-Crowdin production_current is in the intended target language; the discovery-time wrong-language finding is obsolete or a false positive. lang=hr field=lv mapping=EXPLICIT_FIELD_ALIAS post_crowdin=CHANGED_SINCE_DISCOVERY bucket=WRONG_OR_MIXED_TARGET_LANGUAGE production_current=""Евтини"" de_reference=""billig"""
"ESC-013","BATCH-091","b98fc98edb1f9ade","b98fc98edb1f9ade097ec7fb0cfc50a0c9b3622821a65d78a7ec57086c0514ca","DISC-G2-A1-HR-L0003","g2/a1/hr|bisschen|idx:92|lv|WRONG_LANGUAGE|gpt-5.6-luna","hr","","crowdin-staging/g2/hr-a1.json","bisschen|idx:92","lv","mazliet","bisschen","","Малку","Малку","PASS","","WRONG_LANGUAGE","WRONG_OR_MIXED_TARGET_LANGUAGE","","HIGH","NONE","CHANGED_SINCE_DISCOVERY","EXPLICIT_FIELD_ALIAS","TARGET_LANGUAGE_REWRITE_REQUIRED","DECIDED","NELABOT","","TARGET_LANGUAGE_VALID: Post-Crowdin production_current is in the intended target language; the discovery-time wrong-language finding is obsolete or a false positive. lang=hr field=lv mapping=EXPLICIT_FIELD_ALIAS post_crowdin=CHANGED_SINCE_DISCOVERY bucket=WRONG_OR_MIXED_TARGET_LANGUAGE production_current=""Малку"" de_reference=""bisschen"""
"ESC-013","BATCH-092","cebac72420cce8e2","cebac72420cce8e2e054dc8a8d3e74ca9eaa572d5e670d1f7415b9e8dac42fff","DISC-G2-A1-HR-L0001","g2/a1/hr|bitte|idx:93|lv, study|WRONG_TARGET_LANGUAGE|gpt-5.6-luna","hr","","crowdin-staging/g2/hr-a1.json","bitte|idx:93","lv, study","lūdzu","bitte","","{""lv"":""Ве молам"",""study.translation"":""Ве молам"",""study.explanation"":""[\""Glavna ideja: ljubazna riječ malim slovima. Nekada je bilo pristojno - molim.\"",\""Bitte во основа значи: учтивост.\"",\""Često opisuje: ljubaznu riječ.\""]"",""study.examples"":""[{\""de\"":\""Eine Tasse Kaffee, bitte.\"",\""lv\"":\""-Izvolite.\""},{\""de\"":\""Komm bitte herein.\"",\""lv\"":\""-Izvolite.\""},{\""de\"":\""Bitte schön!\"",\""lv\"":\""Шолја кафе, ве молам.\""},{\""de\"":\""Kann ich bitte fragen?\"",\""lv\"":\""Smem vprašati, prosim\""},{\""de\"":\""Ich habe eine Bitte.\"",\""lv\"":\""Имам барање.\""},{\""de\"":\""Die Bitte ist wichtig.\"",\""lv\"":\""Pitati je važno.\""}]"",""study.comparison"":""[{\""word\"":\""bitte\"",\""meaning\"":\""Ве молам\"",\""example\"":\""Komm bitte herein. – Molim te, uđi unutra.\""},{\""word\"":\""die Bitte\"",\""meaning\"":\""Барање\"",\""example\"":\""Ich habe eine Bitte. – Imam jednu molbu.\""}]"",""study.tip"":""[\""Little bitte = моля (Bitte schön!, Kaffee, bitte). die Bitte с главна буква = молба (eine Bitte, meine Bitte).\"",\""Учтивост со мали букви. Порано беше учтиво - ве молам.\""]"",""study.important"":""[\""Bitte - malo slovo - je ljubazna riječ, a ne ime.\"",\""Die Bitte je napisan z velikimi tiskanimi črkami, člen die pa je samostalnik.\"",\""Множествено число: die Bitten (пита).\""]""}","{""lv"":""Ве молам"",""study.translation"":""Ве молам"",""study.explanation"":""[\""Glavna ideja: ljubazna riječ malim slovima. Nekada je bilo pristojno - molim.\"",\""Bitte во основа значи: учтивост.\"",\""Često opisuje: ljubaznu riječ.\""]"",""study.examples"":""[{\""de\"":\""Eine Tasse Kaffee, bitte.\"",\""lv\"":\""-Izvolite.\""},{\""de\"":\""Komm bitte herein.\"",\""lv\"":\""-Izvolite.\""},{\""de\"":\""Bitte schön!\"",\""lv\"":\""Шолја кафе, ве молам.\""},{\""de\"":\""Kann ich bitte fragen?\"",\""lv\"":\""Smem vprašati, prosim\""},{\""de\"":\""Ich habe eine Bitte.\"",\""lv\"":\""Имам барање.\""},{\""de\"":\""Die Bitte ist wichtig.\"",\""lv\"":\""Pitati je važno.\""}]"",""study.comparison"":""[{\""word\"":\""bitte\"",\""meaning\"":\""Ве молам\"",\""example\"":\""Komm bitte herein. – Molim te, uđi unutra.\""},{\""word\"":\""die Bitte\"",\""meaning\"":\""Барање\"",\""example\"":\""Ich habe eine Bitte. – Imam jednu molbu.\""}]"",""study.tip"":""[\""Little bitte = моля (Bitte schön!, Kaffee, bitte). die Bitte с главна буква = молба (eine Bitte, meine Bitte).\"",\""Учтивост со мали букви. Порано беше учтиво - ве молам.\""]"",""study.important"":""[\""Bitte - malo slovo - je ljubazna riječ, a ne ime.\"",\""Die Bitte je napisan z velikimi tiskanimi črkami, člen die pa je samostalnik.\"",\""Множествено число: die Bitten (пита).\""]""}","PASS","","WRONG_TARGET_LANGUAGE","WRONG_OR_MIXED_TARGET_LANGUAGE","","HIGH","NONE","COMPOSITE_SCOPE_CAPTURED","COMPOSITE_SCOPE_CAPTURED","COMPOSITE_SCOPE_REQUIRES_FIELD_LEVEL_OWNER","PENDING","","","OWNER_REVIEW_REQUIRED: COMPOSITE_SCOPE_REQUIRES_FIELD_LEVEL_OWNER. mapping=COMPOSITE_SCOPE_CAPTURED bucket=WRONG_OR_MIXED_TARGET_LANGUAGE lang=hr field=lv, study composite scope does not isolate the reported field; an exact field-level decision is unsafe."
"ESC-013","BATCH-091","a51cc1f99b9e47a7","a51cc1f99b9e47a78256dd337faf481de54308f3204c857644f8e5a5745e6853","DISC-G2-A1-HR-L0002","g2/a1/hr|Bitte|idx:94|lv, study|WRONG_TARGET_LANGUAGE|gpt-5.6-luna","hr","","crowdin-staging/g2/hr-a1.json","Bitte|idx:94","lv, study","lūgums","Bitte","","{""lv"":""Барање"",""study.translation"":""Барање"",""study.explanation"":""[\""Glavna ideja: samostalnik s členom je umrl in velika črka. Specifična zahteva ali zahteva.\"",\""Die Bitte u osnovi znači: ljubaznost.\"",\""Često opisuje: ljubaznu riječ.\"",\""Die Bitte v bistvu pomeni: aplikacija/aplikacija.\""]"",""study.examples"":""[{\""de\"":\""Ich habe eine Bitte.\"",\""lv\"":\""Имам барање.\""},{\""de\"":\""Er erfüllt meine Bitte.\"",\""lv\"":\""-Izvolite.\""},{\""de\"":\""Sie hat zwei Bitten.\"",\""lv\"":\""Шолја кафе, ве молам.\""},{\""de\"":\""Kann ich bitte fragen?\"",\""lv\"":\""Smem vprašati, prosim\""},{\""de\"":\""Ich habe eine Bitte.\"",\""lv\"":\""Имам барање.\""},{\""de\"":\""Die Bitte ist wichtig.\"",\""lv\"":\""Pitati je važno.\""}]"",""study.comparison"":""[{\""word\"":\""die Bitte\"",\""meaning\"":\""Барање\"",\""example\"":\""Ich habe eine Bitte. – Imam jednu molbu.\""},{\""word\"":\""bitte\"",\""meaning\"":\""Ве молам\"",\""example\"":\""Komm bitte herein. – Molim te, uđi unutra.\""}]"",""study.tip"":""[\""Little bitte = моля (Bitte schön!, Kaffee, bitte). die Bitte с главна буква = молба (eine Bitte, meine Bitte).\"",\""Umrl je samostalnik s članom in velika črka. Specifična zahteva ali zahteva.\""]"",""study.important"":""[\""Bitte - malo slovo - je ljubazna riječ, a ne ime.\"",\""Die Bitte je napisan z velikimi tiskanimi črkami, člen die pa je samostalnik.\"",\""Множествено число: die Bitten (пита).\""]""}","{""lv"":""Барање"",""study.translation"":""Барање"",""study.explanation"":""[\""Glavna ideja: samostalnik s členom je umrl in velika črka. Specifična zahteva ali zahteva.\"",\""Die Bitte u osnovi znači: ljubaznost.\"",\""Često opisuje: ljubaznu riječ.\"",\""Die Bitte v bistvu pomeni: aplikacija/aplikacija.\""]"",""study.examples"":""[{\""de\"":\""Ich habe eine Bitte.\"",\""lv\"":\""Имам барање.\""},{\""de\"":\""Er erfüllt meine Bitte.\"",\""lv\"":\""-Izvolite.\""},{\""de\"":\""Sie hat zwei Bitten.\"",\""lv\"":\""Шолја кафе, ве молам.\""},{\""de\"":\""Kann ich bitte fragen?\"",\""lv\"":\""Smem vprašati, prosim\""},{\""de\"":\""Ich habe eine Bitte.\"",\""lv\"":\""Имам барање.\""},{\""de\"":\""Die Bitte ist wichtig.\"",\""lv\"":\""Pitati je važno.\""}]"",""study.comparison"":""[{\""word\"":\""die Bitte\"",\""meaning\"":\""Барање\"",\""example\"":\""Ich habe eine Bitte. – Imam jednu molbu.\""},{\""word\"":\""bitte\"",\""meaning\"":\""Ве молам\"",\""example\"":\""Komm bitte herein. – Molim te, uđi unutra.\""}]"",""study.tip"":""[\""Little bitte = моля (Bitte schön!, Kaffee, bitte). die Bitte с главна буква = молба (eine Bitte, meine Bitte).\"",\""Umrl je samostalnik s članom in velika črka. Specifična zahteva ali zahteva.\""]"",""study.important"":""[\""Bitte - malo slovo - je ljubazna riječ, a ne ime.\"",\""Die Bitte je napisan z velikimi tiskanimi črkami, člen die pa je samostalnik.\"",\""Множествено число: die Bitten (пита).\""]""}","PASS","","WRONG_TARGET_LANGUAGE","WRONG_OR_MIXED_TARGET_LANGUAGE","","HIGH","NONE","COMPOSITE_SCOPE_CAPTURED","COMPOSITE_SCOPE_CAPTURED","COMPOSITE_SCOPE_REQUIRES_FIELD_LEVEL_OWNER","PENDING","","","OWNER_REVIEW_REQUIRED: COMPOSITE_SCOPE_REQUIRES_FIELD_LEVEL_OWNER. mapping=COMPOSITE_SCOPE_CAPTURED bucket=WRONG_OR_MIXED_TARGET_LANGUAGE lang=hr field=lv, study composite scope does not isolate the reported field; an exact field-level decision is unsafe."
